Scenario_ID,Operational_Day,Flight,Scheduled Ha Block,Ha Block,Delay,From,To,Gate Nr.,Local Total,Unloading_Rate,Duration_S1,Transport_Speed_mps,Duration_S2,Duration_S3
1,2026-04-05,AC832,2026-04-05 11:16:00,2026-04-05 10:39:00,-37.0,2026-04-05 10:54:00,2026-04-05 11:24:00,B5  A,101.0,11.57,8.73,5.84,1.43,30.0
1,2026-04-05,ET750,2026-04-05 11:13:00,2026-04-05 11:34:00,21.0,2026-04-05 12:17:00,2026-04-05 13:03:00,B17 A,464.0,14.23,32.62,3.8,2.21,46.0
1,2026-04-05,FH8116,2026-04-05 12:44:00,2026-04-05 12:48:00,4.0,2026-04-05 13:06:00,2026-04-05 13:13:00,B38 A,140.0,9.86,14.21,5.24,2.23,7.0
1,2026-04-05,LH1004,2026-04-05 08:50:00,2026-04-05 08:53:00,3.0,2026-04-05 09:06:00,2026-04-05 09:12:00,A43 ,29.0,12.87,2.25,5.57,1.5,6.0
1,2026-04-05,SN1122,2026-04-05 08:39:00,2026-04-05 09:08:00,29.0,2026-04-05 09:20:00,2026-04-05 09:21:00,B40 A,13.0,10.94,1.19,5.01,2.48,1.0
1,2026-04-05,SN1124,2026-04-05 07:10:00,2026-04-05 07:19:00,9.0,2026-04-05 07:32:00,2026-04-05 07:48:00,B30 A,138.0,12.59,10.96,4.5,1.98,16.0
1,2026-04-05,SN206,2026-04-05 06:25:00,2026-04-05 06:48:00,23.0,2026-04-05 07:07:00,2026-04-05 07:30:00,B38 A,154.0,14.46,10.65,5.26,2.22,23.0
1,2026-04-05,SN229,2026-04-05 08:06:00,2026-04-05 09:20:00,74.0,2026-04-05 09:41:00,2026-04-05 10:22:00,B14 A,144.0,13.14,10.96,4.84,1.38,41.0
1,2026-04-05,SN278,2026-04-05 10:45:00,2026-04-05 10:42:00,-3.0,2026-04-05 11:04:00,2026-04-05 11:16:00,B28 A,198.0,11.83,16.74,5.35,1.49,12.0
1,2026-04-05,SN2900,2026-04-05 07:39:00,2026-04-05 07:25:00,-14.0,2026-04-05 07:38:00,2026-04-05 07:53:00,B38 A,55.0,12.89,4.27,4.37,2.67,15.0
1,2026-04-05,SN3326,2026-04-05 11:24:00,2026-04-05 11:41:00,17.0,2026-04-05 12:06:00,2026-04-05 12:12:00,B14 A,111.0,13.78,8.06,4.18,1.59,6.0
1,2026-04-05,SN358,2026-04-05 08:21:00,2026-04-05 08:24:00,3.0,2026-04-05 08:42:00,2026-04-05 09:09:00,B14 A,112.0,11.58,9.67,4.43,1.5,27.0
1,2026-04-05,SN379,2026-04-05 08:11:00,2026-04-05 08:40:00,29.0,2026-04-05 08:59:00,2026-04-05 09:27:00,B28 A,76.0,11.47,6.63,5.88,1.36,28.0
1,2026-04-05,SN3800,2026-04-05 06:15:00,2026-04-05 06:16:00,1.0,2026-04-05 06:28:00,2026-04-05 06:30:00,A65 ,27.0,11.49,2.35,4.42,1.88,2.0
1,2026-04-05,TB1552,2026-04-05 07:15:00,2026-04-05 07:08:00,-7.0,2026-04-05 07:38:00,2026-04-05 07:45:00,A61 ,152.0,10.88,13.97,4.11,2.03,7.0
1,2026-04-05,TB2632,2026-04-05 09:29:00,2026-04-05 09:09:00,-20.0,2026-04-05 09:35:00,2026-04-05 09:44:00,B9  A,114.0,9.82,11.61,4.05,2.06,9.0
1,2026-04-05,TB2662,2026-04-05 09:15:00,2026-04-05 09:04:00,-11.0,2026-04-05 09:22:00,2026-04-05 09:30:00,B34 A,90.0,10.36,8.69,4.34,2.38,8.0
1,2026-04-05,TG934,2026-04-05 09:21:00,2026-04-05 09:16:00,-5.0,2026-04-05 09:38:00,2026-04-05 09:58:00,B38 A,249.0,15.02,16.58,4.45,2.62,20.0
1,2026-04-05,UA950,2026-04-05 09:21:00,2026-04-05 08:45:00,-36.0,2026-04-05 09:03:00,2026-04-05 09:29:00,B5  A,163.0,11.07,14.72,5.1,1.63,26.0
1,2026-04-05,UA994,2026-04-05 11:51:00,2026-04-05 11:37:00,-14.0,2026-04-05 11:55:00,2026-04-05 12:25:00,B40 A,157.0,12.05,13.03,4.08,3.04,30.0
1,2026-04-05,XR5402,2026-04-05 07:46:00,2026-04-05 08:56:00,70.0,2026-04-05 09:23:00,2026-04-05 09:26:00,B5  A,88.0,11.14,7.9,5.69,1.46,3.0
2,2026-04-05,AC832,2026-04-05 09:18:00,2026-04-05 08:45:00,-33.0,2026-04-05 09:06:00,2026-04-05 09:59:00,B28 A,110.0,13.6,8.09,5.04,1.59,53.0
2,2026-04-05,ET750,2026-04-05 11:13:00,2026-04-05 11:34:00,21.0,2026-04-05 12:17:00,2026-04-05 13:03:00,B17 A,464.0,14.26,32.54,5.09,1.65,46.0
2,2026-04-05,FH8116,2026-04-05 12:44:00,2026-04-05 12:48:00,4.0,2026-04-05 13:06:00,2026-04-05 13:13:00,B38 A,140.0,10.6,13.2,5.46,2.14,7.0
2,2026-04-05,LH1004,2026-04-05 11:51:00,2026-04-05 11:47:00,-4.0,2026-04-05 12:07:00,2026-04-05 12:12:00,A43 ,23.0,12.45,1.85,4.61,1.81,5.0
2,2026-04-05,SN1122,2026-04-05 08:39:00,2026-04-05 09:08:00,29.0,2026-04-05 09:20:00,2026-04-05 09:21:00,B40 A,13.0,12.49,1.04,5.53,2.24,1.0
2,2026-04-05,SN1124,2026-04-05 07:10:00,2026-04-05 07:19:00,9.0,2026-04-05 07:32:00,2026-04-05 07:48:00,B30 A,138.0,14.27,9.67,5.48,1.63,16.0
2,2026-04-05,SN206,2026-04-05 06:25:00,2026-04-05 06:48:00,23.0,2026-04-05 07:07:00,2026-04-05 07:30:00,B38 A,154.0,14.12,10.9,4.43,2.63,23.0
2,2026-04-05,SN229,2026-04-05 10:04:00,2026-04-05 10:26:00,22.0,2026-04-05 10:41:00,2026-04-05 11:10:00,B31 A,120.0,13.28,9.04,6.31,1.7,29.0
2,2026-04-05,SN278,2026-04-05 12:46:00,2026-04-05 12:41:00,-5.0,2026-04-05 13:04:00,2026-04-05 13:33:00,B31 A,62.0,13.77,4.5,4.36,2.46,29.0
2,2026-04-05,SN2900,2026-04-05 10:44:00,2026-04-05 11:04:00,20.0,2026-04-05 11:13:00,2026-04-05 11:34:00,B32 A,49.0,11.52,4.25,4.49,2.15,21.0
2,2026-04-05,SN3326,2026-04-05 07:45:00,2026-04-05 08:05:00,20.0,2026-04-05 08:16:00,2026-04-05 08:36:00,B28 A,123.0,13.78,8.93,5.31,1.51,20.0
2,2026-04-05,SN358,2026-04-05 12:21:00,2026-04-05 12:23:00,2.0,2026-04-05 12:43:00,2026-04-05 13:14:00,B28 A,176.0,14.73,11.94,4.79,1.67,31.0
2,2026-04-05,SN379,2026-04-05 10:10:00,2026-04-05 11:03:00,53.0,2026-04-05 11:42:00,2026-04-05 12:19:00,B29 A,161.0,12.36,13.02,5.75,1.71,37.0
2,2026-04-05,SN3800,2026-04-05 06:15:00,2026-04-05 06:16:00,1.0,2026-04-05 06:28:00,2026-04-05 06:30:00,A65 ,27.0,12.25,2.2,4.44,1.88,2.0
2,2026-04-05,TB1552,2026-04-05 07:15:00,2026-04-05 07:08:00,-7.0,2026-04-05 07:38:00,2026-04-05 07:45:00,A61 ,152.0,12.7,11.97,4.13,2.02,7.0
2,2026-04-05,TB2632,2026-04-05 09:29:00,2026-04-05 09:09:00,-20.0,2026-04-05 09:35:00,2026-04-05 09:44:00,B9  A,114.0,11.84,9.63,5.34,1.56,9.0
2,2026-04-05,TB2662,2026-04-05 09:15:00,2026-04-05 09:04:00,-11.0,2026-04-05 09:22:00,2026-04-05 09:30:00,B34 A,90.0,13.85,6.5,5.12,2.02,8.0
2,2026-04-05,TG934,2026-04-05 12:22:00,2026-04-05 12:26:00,4.0,2026-04-05 12:46:00,2026-04-05 13:15:00,B34 A,260.0,14.72,17.67,4.9,2.11,29.0
2,2026-04-05,UA950,2026-04-05 10:20:00,2026-04-05 09:58:00,-22.0,2026-04-05 10:24:00,2026-04-05 10:51:00,B40 A,188.0,14.33,13.12,6.71,1.85,27.0
2,2026-04-05,UA994,2026-04-05 10:51:00,2026-04-05 10:01:00,-50.0,2026-04-05 10:18:00,2026-04-05 10:42:00,B38 A,177.0,12.12,14.6,5.13,2.28,24.0
2,2026-04-05,XR5402,2026-04-05 07:46:00,2026-04-05 08:56:00,70.0,2026-04-05 09:23:00,2026-04-05 09:26:00,B5  A,88.0,15.18,5.8,4.79,1.74,3.0
3,2026-04-05,AC832,2026-04-05 11:16:00,2026-04-05 10:39:00,-37.0,2026-04-05 10:54:00,2026-04-05 11:24:00,B5  A,101.0,12.31,8.21,5.87,1.42,30.0
3,2026-04-05,ET750,2026-04-05 11:13:00,2026-04-05 11:34:00,21.0,2026-04-05 12:17:00,2026-04-05 13:03:00,B17 A,464.0,12.29,37.76,6.22,1.35,46.0
3,2026-04-05,FH8116,2026-04-05 06:35:00,2026-04-05 06:00:00,-35.0,2026-04-05 06:07:00,2026-04-05 06:09:00,B15 A,22.0,11.77,1.87,4.61,1.68,2.0
3,2026-04-05,LH1004,2026-04-05 09:50:00,2026-04-05 09:53:00,3.0,2026-04-05 10:20:00,2026-04-05 10:27:00,A43 ,33.0,8.5,3.88,4.88,1.71,7.0
3,2026-04-05,SN1122,2026-04-05 08:39:00,2026-04-05 09:08:00,29.0,2026-04-05 09:20:00,2026-04-05 09:21:00,B40 A,13.0,13.48,0.96,5.01,2.48,1.0
3,2026-04-05,SN1124,2026-04-05 07:10:00,2026-04-05 07:19:00,9.0,2026-04-05 07:32:00,2026-04-05 07:48:00,B30 A,138.0,13.48,10.23,5.29,1.68,16.0
3,2026-04-05,SN206,2026-04-05 06:25:00,2026-04-05 06:48:00,23.0,2026-04-05 07:07:00,2026-04-05 07:30:00,B38 A,154.0,13.81,11.15,5.23,2.23,23.0
3,2026-04-05,SN229,2026-04-05 08:06:00,2026-04-05 09:20:00,74.0,2026-04-05 09:41:00,2026-04-05 10:22:00,B14 A,144.0,9.52,15.12,5.22,1.28,41.0
3,2026-04-05,SN278,2026-04-05 12:46:00,2026-04-05 12:41:00,-5.0,2026-04-05 13:04:00,2026-04-05 13:33:00,B31 A,62.0,12.16,5.1,4.35,2.47,29.0
3,2026-04-05,SN2900,2026-04-05 07:39:00,2026-04-05 07:25:00,-14.0,2026-04-05 07:38:00,2026-04-05 07:53:00,B38 A,55.0,13.78,3.99,4.72,2.47,15.0
3,2026-04-05,SN3326,2026-04-05 07:45:00,2026-04-05 08:05:00,20.0,2026-04-05 08:16:00,2026-04-05 08:36:00,B28 A,123.0,13.4,9.18,4.44,1.8,20.0
3,2026-04-05,SN358,2026-04-05 08:21:00,2026-04-05 08:24:00,3.0,2026-04-05 08:42:00,2026-04-05 09:09:00,B14 A,112.0,16.07,6.97,3.59,1.86,27.0
3,2026-04-05,SN379,2026-04-05 10:10:00,2026-04-05 11:03:00,53.0,2026-04-05 11:42:00,2026-04-05 12:19:00,B29 A,161.0,11.08,14.53,4.18,2.35,37.0
3,2026-04-05,SN3800,2026-04-05 06:15:00,2026-04-05 06:16:00,1.0,2026-04-05 06:28:00,2026-04-05 06:30:00,A65 ,27.0,13.65,1.98,5.0,1.67,2.0
3,2026-04-05,TB1552,2026-04-05 07:47:00,2026-04-05 07:43:00,-4.0,2026-04-05 07:55:00,2026-04-05 07:59:00,A68 ,66.0,12.15,5.43,5.04,1.65,4.0
3,2026-04-05,TB2632,2026-04-05 09:29:00,2026-04-05 09:09:00,-20.0,2026-04-05 09:35:00,2026-04-05 09:44:00,B9  A,114.0,10.94,10.42,4.21,1.98,9.0
3,2026-04-05,TB2662,2026-04-05 09:15:00,2026-04-05 09:04:00,-11.0,2026-04-05 09:22:00,2026-04-05 09:30:00,B34 A,90.0,10.01,8.99,5.87,1.76,8.0
3,2026-04-05,TG934,2026-04-05 09:21:00,2026-04-05 09:16:00,-5.0,2026-04-05 09:38:00,2026-04-05 09:58:00,B38 A,249.0,13.46,18.49,5.49,2.13,20.0
3,2026-04-05,UA950,2026-04-05 10:20:00,2026-04-05 09:58:00,-22.0,2026-04-05 10:24:00,2026-04-05 10:51:00,B40 A,188.0,13.25,14.19,6.35,1.95,27.0
3,2026-04-05,UA994,2026-04-05 11:51:00,2026-04-05 11:37:00,-14.0,2026-04-05 11:55:00,2026-04-05 12:25:00,B40 A,157.0,11.43,13.74,4.93,2.52,30.0
3,2026-04-05,XR5402,2026-04-05 07:46:00,2026-04-05 08:56:00,70.0,2026-04-05 09:23:00,2026-04-05 09:26:00,B5  A,88.0,10.22,8.61,5.38,1.55,3.0
4,2026-04-05,AC832,2026-04-05 09:18:00,2026-04-05 08:45:00,-33.0,2026-04-05 09:06:00,2026-04-05 09:59:00,B28 A,110.0,11.83,9.3,4.28,1.87,53.0
4,2026-04-05,ET750,2026-04-05 11:13:00,2026-04-05 11:34:00,21.0,2026-04-05 12:17:00,2026-04-05 13:03:00,B17 A,464.0,14.41,32.2,4.66,1.81,46.0
4,2026-04-05,FH8116,2026-04-05 12:44:00,2026-04-05 12:48:00,4.0,2026-04-05 13:06:00,2026-04-05 13:13:00,B38 A,140.0,9.81,14.28,5.09,2.29,7.0
4,2026-04-05,LH1004,2026-04-05 08:50:00,2026-04-05 08:53:00,3.0,2026-04-05 09:06:00,2026-04-05 09:12:00,A43 ,29.0,12.9,2.25,5.57,1.5,6.0
4,2026-04-05,SN1122,2026-04-05 08:39:00,2026-04-05 09:08:00,29.0,2026-04-05 09:20:00,2026-04-05 09:21:00,B40 A,13.0,10.68,1.22,5.45,2.28,1.0
4,2026-04-05,SN1124,2026-04-05 07:10:00,2026-04-05 07:19:00,9.0,2026-04-05 07:32:00,2026-04-05 07:48:00,B30 A,138.0,14.29,9.65,4.78,1.87,16.0
4,2026-04-05,SN206,2026-04-05 06:25:00,2026-04-05 06:48:00,23.0,2026-04-05 07:07:00,2026-04-05 07:30:00,B38 A,154.0,13.6,11.32,5.15,2.27,23.0
4,2026-04-05,SN229,2026-04-05 12:06:00,2026-04-05 12:12:00,6.0,2026-04-05 12:39:00,2026-04-05 13:03:00,B28 A,20.0,12.7,1.58,4.78,1.67,24.0
4,2026-04-05,SN278,2026-04-05 12:46:00,2026-04-05 12:41:00,-5.0,2026-04-05 13:04:00,2026-04-05 13:33:00,B31 A,62.0,11.93,5.2,4.09,2.63,29.0
4,2026-04-05,SN2900,2026-04-05 07:39:00,2026-04-05 07:25:00,-14.0,2026-04-05 07:38:00,2026-04-05 07:53:00,B38 A,55.0,11.08,4.96,4.52,2.58,15.0
4,2026-04-05,SN3326,2026-04-05 11:24:00,2026-04-05 11:41:00,17.0,2026-04-05 12:06:00,2026-04-05 12:12:00,B14 A,111.0,12.01,9.24,5.73,1.16,6.0
4,2026-04-05,SN358,2026-04-05 12:21:00,2026-04-05 12:23:00,2.0,2026-04-05 12:43:00,2026-04-05 13:14:00,B28 A,176.0,11.04,15.94,4.73,1.69,31.0
4,2026-04-05,SN379,2026-04-05 10:10:00,2026-04-05 11:03:00,53.0,2026-04-05 11:42:00,2026-04-05 12:19:00,B29 A,161.0,12.41,12.97,5.72,1.72,37.0
4,2026-04-05,SN3800,2026-04-05 06:15:00,2026-04-05 06:16:00,1.0,2026-04-05 06:28:00,2026-04-05 06:30:00,A65 ,27.0,11.96,2.26,3.74,2.23,2.0
4,2026-04-05,TB1552,2026-04-05 07:47:00,2026-04-05 07:43:00,-4.0,2026-04-05 07:55:00,2026-04-05 07:59:00,A68 ,66.0,14.74,4.48,4.68,1.78,4.0
4,2026-04-05,TB2632,2026-04-05 09:29:00,2026-04-05 09:09:00,-20.0,2026-04-05 09:35:00,2026-04-05 09:44:00,B9  A,114.0,13.59,8.39,4.35,1.92,9.0
4,2026-04-05,TB2662,2026-04-05 09:15:00,2026-04-05 09:04:00,-11.0,2026-04-05 09:22:00,2026-04-05 09:30:00,B34 A,90.0,10.93,8.23,5.19,1.99,8.0
4,2026-04-05,TG934,2026-04-05 09:21:00,2026-04-05 09:16:00,-5.0,2026-04-05 09:38:00,2026-04-05 09:58:00,B38 A,249.0,14.25,17.47,4.31,2.7,20.0
4,2026-04-05,UA950,2026-04-05 08:20:00,2026-04-05 08:20:00,0.0,2026-04-05 08:36:00,2026-04-05 09:25:00,B38 A,176.0,14.28,12.32,4.41,2.64,49.0
4,2026-04-05,UA994,2026-04-05 10:51:00,2026-04-05 10:01:00,-50.0,2026-04-05 10:18:00,2026-04-05 10:42:00,B38 A,177.0,14.55,12.17,3.65,3.2,24.0
4,2026-04-05,XR5402,2026-04-05 07:46:00,2026-04-05 08:56:00,70.0,2026-04-05 09:23:00,2026-04-05 09:26:00,B5  A,88.0,12.6,6.99,5.58,1.49,3.0
5,2026-04-05,AC832,2026-04-05 08:17:00,2026-04-05 07:46:00,-31.0,2026-04-05 08:02:00,2026-04-05 08:29:00,B30 A,122.0,12.36,9.87,4.49,1.99,27.0
5,2026-04-05,ET750,2026-04-05 11:13:00,2026-04-05 11:34:00,21.0,2026-04-05 12:17:00,2026-04-05 13:03:00,B17 A,464.0,14.13,32.85,5.56,1.51,46.0
5,2026-04-05,FH8116,2026-04-05 12:44:00,2026-04-05 12:48:00,4.0,2026-04-05 13:06:00,2026-04-05 13:13:00,B38 A,140.0,13.73,10.2,4.95,2.35,7.0
5,2026-04-05,LH1004,2026-04-05 12:50:00,2026-04-05 12:50:00,0.0,2026-04-05 13:03:00,2026-04-05 13:30:00,A43 ,40.0,15.76,2.54,4.69,1.78,27.0
5,2026-04-05,SN1122,2026-04-05 08:39:00,2026-04-05 09:08:00,29.0,2026-04-05 09:20:00,2026-04-05 09:21:00,B40 A,13.0,13.66,0.95,5.4,2.3,1.0
5,2026-04-05,SN1124,2026-04-05 07:10:00,2026-04-05 07:19:00,9.0,2026-04-05 07:32:00,2026-04-05 07:48:00,B30 A,138.0,12.97,10.64,5.23,1.71,16.0
5,2026-04-05,SN206,2026-04-05 06:25:00,2026-04-05 06:48:00,23.0,2026-04-05 07:07:00,2026-04-05 07:30:00,B38 A,154.0,13.15,11.71,4.49,2.6,23.0
5,2026-04-05,SN229,2026-04-05 08:06:00,2026-04-05 09:20:00,74.0,2026-04-05 09:41:00,2026-04-05 10:22:00,B14 A,144.0,14.39,10.0,6.95,0.96,41.0
5,2026-04-05,SN278,2026-04-05 10:45:00,2026-04-05 10:42:00,-3.0,2026-04-05 11:04:00,2026-04-05 11:16:00,B28 A,198.0,10.07,19.66,6.12,1.31,12.0
5,2026-04-05,SN2900,2026-04-05 10:44:00,2026-04-05 11:04:00,20.0,2026-04-05 11:13:00,2026-04-05 11:34:00,B32 A,49.0,11.06,4.43,4.38,2.21,21.0
5,2026-04-05,SN3326,2026-04-05 11:24:00,2026-04-05 11:41:00,17.0,2026-04-05 12:06:00,2026-04-05 12:12:00,B14 A,111.0,12.87,8.63,5.71,1.17,6.0
5,2026-04-05,SN358,2026-04-05 10:21:00,2026-04-05 11:13:00,52.0,2026-04-05 11:43:00,2026-04-05 12:03:00,B38 A,126.0,11.83,10.65,4.32,2.7,20.0
5,2026-04-05,SN379,2026-04-05 10:10:00,2026-04-05 11:03:00,53.0,2026-04-05 11:42:00,2026-04-05 12:19:00,B29 A,161.0,11.18,14.4,6.2,1.58,37.0
5,2026-04-05,SN3800,2026-04-05 06:15:00,2026-04-05 06:16:00,1.0,2026-04-05 06:28:00,2026-04-05 06:30:00,A65 ,27.0,9.99,2.7,5.52,1.51,2.0
5,2026-04-05,TB1552,2026-04-05 07:15:00,2026-04-05 07:08:00,-7.0,2026-04-05 07:38:00,2026-04-05 07:45:00,A61 ,152.0,14.38,10.57,5.49,1.52,7.0
5,2026-04-05,TB2632,2026-04-05 09:29:00,2026-04-05 09:09:00,-20.0,2026-04-05 09:35:00,2026-04-05 09:44:00,B9  A,114.0,10.82,10.54,5.35,1.56,9.0
5,2026-04-05,TB2662,2026-04-05 09:15:00,2026-04-05 09:04:00,-11.0,2026-04-05 09:22:00,2026-04-05 09:30:00,B34 A,90.0,11.87,7.58,4.42,2.34,8.0
5,2026-04-05,TG934,2026-04-05 09:21:00,2026-04-05 09:16:00,-5.0,2026-04-05 09:38:00,2026-04-05 09:58:00,B38 A,249.0,13.13,18.96,5.35,2.18,20.0
5,2026-04-05,UA950,2026-04-05 12:20:00,2026-04-05 11:58:00,-22.0,2026-04-05 12:14:00,2026-04-05 12:42:00,B37 A,127.0,12.7,10.0,5.13,2.37,28.0
5,2026-04-05,UA994,2026-04-05 09:51:00,2026-04-05 11:28:00,97.0,2026-04-05 11:44:00,2026-04-05 12:09:00,B40 A,135.0,13.68,9.87,5.26,2.36,25.0
5,2026-04-05,XR5402,2026-04-05 07:46:00,2026-04-05 08:56:00,70.0,2026-04-05 09:23:00,2026-04-05 09:26:00,B5  A,88.0,16.22,5.42,4.34,1.92,3.0
6,2026-04-05,AC832,2026-04-05 12:18:00,2026-04-05 11:38:00,-40.0,2026-04-05 11:54:00,2026-04-05 12:17:00,B30 A,100.0,14.99,6.67,4.73,1.88,23.0
6,2026-04-05,ET750,2026-04-05 11:13:00,2026-04-05 11:34:00,21.0,2026-04-05 12:17:00,2026-04-05 13:03:00,B17 A,464.0,14.96,31.01,4.46,1.89,46.0
6,2026-04-05,FH8116,2026-04-05 06:35:00,2026-04-05 06:00:00,-35.0,2026-04-05 06:07:00,2026-04-05 06:09:00,B15 A,22.0,8.37,2.63,5.69,1.36,2.0
6,2026-04-05,LH1004,2026-04-05 11:51:00,2026-04-05 11:47:00,-4.0,2026-04-05 12:07:00,2026-04-05 12:12:00,A43 ,23.0,11.67,1.97,4.11,2.03,5.0
6,2026-04-05,SN1122,2026-04-05 08:39:00,2026-04-05 09:08:00,29.0,2026-04-05 09:20:00,2026-04-05 09:21:00,B40 A,13.0,9.55,1.36,4.27,2.91,1.0
6,2026-04-05,SN1124,2026-04-05 07:10:00,2026-04-05 07:19:00,9.0,2026-04-05 07:32:00,2026-04-05 07:48:00,B30 A,138.0,14.86,9.29,4.53,1.97,16.0
6,2026-04-05,SN206,2026-04-05 06:25:00,2026-04-05 06:48:00,23.0,2026-04-05 07:07:00,2026-04-05 07:30:00,B38 A,154.0,11.15,13.81,5.48,2.13,23.0
6,2026-04-05,SN229,2026-04-05 08:06:00,2026-04-05 09:20:00,74.0,2026-04-05 09:41:00,2026-04-05 10:22:00,B14 A,144.0,12.21,11.79,5.27,1.27,41.0
6,2026-04-05,SN278,2026-04-05 08:43:00,2026-04-05 08:27:00,-16.0,2026-04-05 08:40:00,2026-04-05 09:10:00,B37 A,123.0,12.45,9.88,4.28,2.85,30.0
6,2026-04-05,SN2900,2026-04-05 08:46:00,2026-04-05 08:33:00,-13.0,2026-04-05 08:58:00,2026-04-05 09:02:00,B14 A,79.0,12.66,6.24,4.69,1.42,4.0
6,2026-04-05,SN3326,2026-04-05 11:24:00,2026-04-05 11:41:00,17.0,2026-04-05 12:06:00,2026-04-05 12:12:00,B14 A,111.0,10.82,10.26,4.4,1.52,6.0
6,2026-04-05,SN358,2026-04-05 10:21:00,2026-04-05 11:13:00,52.0,2026-04-05 11:43:00,2026-04-05 12:03:00,B38 A,126.0,11.63,10.83,4.89,2.39,20.0
6,2026-04-05,SN379,2026-04-05 08:11:00,2026-04-05 08:40:00,29.0,2026-04-05 08:59:00,2026-04-05 09:27:00,B28 A,76.0,14.23,5.34,5.54,1.44,28.0
6,2026-04-05,SN3800,2026-04-05 06:15:00,2026-04-05 06:16:00,1.0,2026-04-05 06:28:00,2026-04-05 06:30:00,A65 ,27.0,13.06,2.07,5.27,1.58,2.0
6,2026-04-05,TB1552,2026-04-05 08:29:00,2026-04-05 08:25:00,-4.0,2026-04-05 08:46:00,2026-04-05 08:54:00,A61 ,166.0,13.27,12.51,5.61,1.49,8.0
6,2026-04-05,TB2632,2026-04-05 09:29:00,2026-04-05 09:09:00,-20.0,2026-04-05 09:35:00,2026-04-05 09:44:00,B9  A,114.0,11.72,9.73,6.27,1.33,9.0
6,2026-04-05,TB2662,2026-04-05 09:15:00,2026-04-05 09:04:00,-11.0,2026-04-05 09:22:00,2026-04-05 09:30:00,B34 A,90.0,14.44,6.23,4.32,2.39,8.0
6,2026-04-05,TG934,2026-04-05 09:21:00,2026-04-05 09:16:00,-5.0,2026-04-05 09:38:00,2026-04-05 09:58:00,B38 A,249.0,13.63,18.27,5.11,2.28,20.0
6,2026-04-05,UA950,2026-04-05 09:21:00,2026-04-05 08:45:00,-36.0,2026-04-05 09:03:00,2026-04-05 09:29:00,B5  A,163.0,10.17,16.03,4.91,1.7,26.0
6,2026-04-05,UA994,2026-04-05 08:51:00,2026-04-05 08:32:00,-19.0,2026-04-05 08:52:00,2026-04-05 09:25:00,B40 A,171.0,15.03,11.37,4.28,2.9,33.0
6,2026-04-05,XR5402,2026-04-05 07:46:00,2026-04-05 08:56:00,70.0,2026-04-05 09:23:00,2026-04-05 09:26:00,B5  A,88.0,9.76,9.02,4.37,1.91,3.0
7,2026-04-05,AC832,2026-04-05 11:16:00,2026-04-05 10:39:00,-37.0,2026-04-05 10:54:00,2026-04-05 11:24:00,B5  A,101.0,10.4,9.71,5.94,1.4,30.0
7,2026-04-05,ET750,2026-04-05 11:13:00,2026-04-05 11:34:00,21.0,2026-04-05 12:17:00,2026-04-05 13:03:00,B17 A,464.0,12.49,37.14,4.21,2.0,46.0
7,2026-04-05,FH8116,2026-04-05 06:35:00,2026-04-05 06:00:00,-35.0,2026-04-05 06:07:00,2026-04-05 06:09:00,B15 A,22.0,13.69,1.61,4.37,1.77,2.0
7,2026-04-05,LH1004,2026-04-05 12:50:00,2026-04-05 12:50:00,0.0,2026-04-05 13:03:00,2026-04-05 13:30:00,A43 ,40.0,10.28,3.89,4.39,1.9,27.0
7,2026-04-05,SN1122,2026-04-05 08:39:00,2026-04-05 09:08:00,29.0,2026-04-05 09:20:00,2026-04-05 09:21:00,B40 A,13.0,9.29,1.4,5.89,2.11,1.0
7,2026-04-05,SN1124,2026-04-05 07:10:00,2026-04-05 07:19:00,9.0,2026-04-05 07:32:00,2026-04-05 07:48:00,B30 A,138.0,12.54,11.0,5.05,1.76,16.0
7,2026-04-05,SN206,2026-04-05 06:25:00,2026-04-05 06:48:00,23.0,2026-04-05 07:07:00,2026-04-05 07:30:00,B38 A,154.0,14.17,10.87,5.68,2.05,23.0
7,2026-04-05,SN229,2026-04-05 12:06:00,2026-04-05 12:12:00,6.0,2026-04-05 12:39:00,2026-04-05 13:03:00,B28 A,20.0,13.55,1.48,4.87,1.64,24.0
7,2026-04-05,SN278,2026-04-05 10:45:00,2026-04-05 10:42:00,-3.0,2026-04-05 11:04:00,2026-04-05 11:16:00,B28 A,198.0,14.96,13.23,5.05,1.58,12.0
7,2026-04-05,SN2900,2026-04-05 10:44:00,2026-04-05 11:04:00,20.0,2026-04-05 11:13:00,2026-04-05 11:34:00,B32 A,49.0,12.57,3.9,4.69,2.06,21.0
7,2026-04-05,SN3326,2026-04-05 11:24:00,2026-04-05 11:41:00,17.0,2026-04-05 12:06:00,2026-04-05 12:12:00,B14 A,111.0,12.59,8.81,4.2,1.59,6.0
7,2026-04-05,SN358,2026-04-05 10:21:00,2026-04-05 11:13:00,52.0,2026-04-05 11:43:00,2026-04-05 12:03:00,B38 A,126.0,12.06,10.44,4.0,2.92,20.0
7,2026-04-05,SN379,2026-04-05 08:11:00,2026-04-05 08:40:00,29.0,2026-04-05 08:59:00,2026-04-05 09:27:00,B28 A,76.0,12.48,6.09,5.52,1.45,28.0
7,2026-04-05,SN3800,2026-04-05 06:15:00,2026-04-05 06:16:00,1.0,2026-04-05 06:28:00,2026-04-05 06:30:00,A65 ,27.0,12.35,2.19,5.76,1.45,2.0
7,2026-04-05,TB1552,2026-04-05 07:47:00,2026-04-05 07:43:00,-4.0,2026-04-05 07:55:00,2026-04-05 07:59:00,A68 ,66.0,13.36,4.94,4.83,1.72,4.0
7,2026-04-05,TB2632,2026-04-05 09:29:00,2026-04-05 09:09:00,-20.0,2026-04-05 09:35:00,2026-04-05 09:44:00,B9  A,114.0,11.72,9.73,3.75,2.22,9.0
7,2026-04-05,TB2662,2026-04-05 09:15:00,2026-04-05 09:04:00,-11.0,2026-04-05 09:22:00,2026-04-05 09:30:00,B34 A,90.0,12.24,7.35,5.06,2.04,8.0
7,2026-04-05,TG934,2026-04-05 09:21:00,2026-04-05 09:16:00,-5.0,2026-04-05 09:38:00,2026-04-05 09:58:00,B38 A,249.0,14.31,17.4,4.35,2.68,20.0
7,2026-04-05,UA950,2026-04-05 12:20:00,2026-04-05 11:58:00,-22.0,2026-04-05 12:14:00,2026-04-05 12:42:00,B37 A,127.0,12.53,10.13,6.7,1.81,28.0
7,2026-04-05,UA994,2026-04-05 12:51:00,2026-04-05 12:35:00,-16.0,2026-04-05 12:54:00,2026-04-05 13:24:00,B38 A,109.0,16.74,6.51,4.58,2.55,30.0
7,2026-04-05,XR5402,2026-04-05 07:46:00,2026-04-05 08:56:00,70.0,2026-04-05 09:23:00,2026-04-05 09:26:00,B5  A,88.0,9.9,8.89,4.96,1.68,3.0
8,2026-04-05,AC832,2026-04-05 12:18:00,2026-04-05 11:38:00,-40.0,2026-04-05 11:54:00,2026-04-05 12:17:00,B30 A,100.0,12.08,8.28,3.47,2.57,23.0
8,2026-04-05,ET750,2026-04-05 11:13:00,2026-04-05 11:34:00,21.0,2026-04-05 12:17:00,2026-04-05 13:03:00,B17 A,464.0,13.3,34.88,4.2,2.0,46.0
8,2026-04-05,FH8116,2026-04-05 12:44:00,2026-04-05 12:48:00,4.0,2026-04-05 13:06:00,2026-04-05 13:13:00,B38 A,140.0,14.22,9.84,5.55,2.1,7.0
8,2026-04-05,LH1004,2026-04-05 09:50:00,2026-04-05 09:53:00,3.0,2026-04-05 10:20:00,2026-04-05 10:27:00,A43 ,33.0,12.77,2.58,5.35,1.56,7.0
8,2026-04-05,SN1122,2026-04-05 08:39:00,2026-04-05 09:08:00,29.0,2026-04-05 09:20:00,2026-04-05 09:21:00,B40 A,13.0,12.61,1.03,4.68,2.66,1.0
8,2026-04-05,SN1124,2026-04-05 07:10:00,2026-04-05 07:19:00,9.0,2026-04-05 07:32:00,2026-04-05 07:48:00,B30 A,138.0,13.51,10.21,5.47,1.63,16.0
8,2026-04-05,SN206,2026-04-05 06:25:00,2026-04-05 06:48:00,23.0,2026-04-05 07:07:00,2026-04-05 07:30:00,B38 A,154.0,12.67,12.15,5.79,2.02,23.0
8,2026-04-05,SN229,2026-04-05 12:06:00,2026-04-05 12:12:00,6.0,2026-04-05 12:39:00,2026-04-05 13:03:00,B28 A,20.0,11.89,1.68,5.36,1.49,24.0
8,2026-04-05,SN278,2026-04-05 10:45:00,2026-04-05 10:42:00,-3.0,2026-04-05 11:04:00,2026-04-05 11:16:00,B28 A,198.0,10.67,18.55,5.58,1.43,12.0
8,2026-04-05,SN2900,2026-04-05 07:39:00,2026-04-05 07:25:00,-14.0,2026-04-05 07:38:00,2026-04-05 07:53:00,B38 A,55.0,12.69,4.33,4.95,2.36,15.0
8,2026-04-05,SN3326,2026-04-05 11:24:00,2026-04-05 11:41:00,17.0,2026-04-05 12:06:00,2026-04-05 12:12:00,B14 A,111.0,12.05,9.21,4.79,1.39,6.0
8,2026-04-05,SN358,2026-04-05 11:21:00,2026-04-05 11:29:00,8.0,2026-04-05 11:42:00,2026-04-05 12:06:00,B14 A,177.0,16.36,10.82,4.15,1.61,24.0
8,2026-04-05,SN379,2026-04-05 08:11:00,2026-04-05 08:40:00,29.0,2026-04-05 08:59:00,2026-04-05 09:27:00,B28 A,76.0,13.5,5.63,4.12,1.94,28.0
8,2026-04-05,SN3800,2026-04-05 06:15:00,2026-04-05 06:16:00,1.0,2026-04-05 06:28:00,2026-04-05 06:30:00,A65 ,27.0,12.84,2.1,6.56,1.27,2.0
8,2026-04-05,TB1552,2026-04-05 07:47:00,2026-04-05 07:43:00,-4.0,2026-04-05 07:55:00,2026-04-05 07:59:00,A68 ,66.0,13.72,4.81,4.44,1.88,4.0
8,2026-04-05,TB2632,2026-04-05 09:29:00,2026-04-05 09:09:00,-20.0,2026-04-05 09:35:00,2026-04-05 09:44:00,B9  A,114.0,9.23,12.35,4.86,1.72,9.0
8,2026-04-05,TB2662,2026-04-05 09:15:00,2026-04-05 09:04:00,-11.0,2026-04-05 09:22:00,2026-04-05 09:30:00,B34 A,90.0,14.0,6.43,4.97,2.08,8.0
8,2026-04-05,TG934,2026-04-05 12:22:00,2026-04-05 12:26:00,4.0,2026-04-05 12:46:00,2026-04-05 13:15:00,B34 A,260.0,15.38,16.9,4.29,2.41,29.0
8,2026-04-05,UA950,2026-04-05 12:20:00,2026-04-05 11:58:00,-22.0,2026-04-05 12:14:00,2026-04-05 12:42:00,B37 A,127.0,13.64,9.31,4.83,2.52,28.0
8,2026-04-05,UA994,2026-04-05 11:51:00,2026-04-05 11:37:00,-14.0,2026-04-05 11:55:00,2026-04-05 12:25:00,B40 A,157.0,13.3,11.8,5.94,2.09,30.0
8,2026-04-05,XR5402,2026-04-05 07:46:00,2026-04-05 08:56:00,70.0,2026-04-05 09:23:00,2026-04-05 09:26:00,B5  A,88.0,12.11,7.27,4.79,1.74,3.0
9,2026-04-05,AC832,2026-04-05 09:18:00,2026-04-05 08:45:00,-33.0,2026-04-05 09:06:00,2026-04-05 09:59:00,B28 A,110.0,14.51,7.58,6.51,1.23,53.0
9,2026-04-05,ET750,2026-04-05 11:13:00,2026-04-05 11:34:00,21.0,2026-04-05 12:17:00,2026-04-05 13:03:00,B17 A,464.0,12.33,37.64,4.66,1.81,46.0
9,2026-04-05,FH8116,2026-04-05 06:35:00,2026-04-05 06:00:00,-35.0,2026-04-05 06:07:00,2026-04-05 06:09:00,B15 A,22.0,12.49,1.76,5.07,1.53,2.0
9,2026-04-05,LH1004,2026-04-05 11:51:00,2026-04-05 11:47:00,-4.0,2026-04-05 12:07:00,2026-04-05 12:12:00,A43 ,23.0,15.98,1.44,4.94,1.69,5.0
9,2026-04-05,SN1122,2026-04-05 08:39:00,2026-04-05 09:08:00,29.0,2026-04-05 09:20:00,2026-04-05 09:21:00,B40 A,13.0,12.68,1.03,5.05,2.46,1.0
9,2026-04-05,SN1124,2026-04-05 07:10:00,2026-04-05 07:19:00,9.0,2026-04-05 07:32:00,2026-04-05 07:48:00,B30 A,138.0,14.3,9.65,5.44,1.64,16.0
9,2026-04-05,SN206,2026-04-05 06:25:00,2026-04-05 06:48:00,23.0,2026-04-05 07:07:00,2026-04-05 07:30:00,B38 A,154.0,10.95,14.07,5.37,2.17,23.0
9,2026-04-05,SN229,2026-04-05 08:06:00,2026-04-05 09:20:00,74.0,2026-04-05 09:41:00,2026-04-05 10:22:00,B14 A,144.0,13.97,10.3,5.05,1.32,41.0
9,2026-04-05,SN278,2026-04-05 08:43:00,2026-04-05 08:27:00,-16.0,2026-04-05 08:40:00,2026-04-05 09:10:00,B37 A,123.0,15.5,7.94,3.99,3.05,30.0
9,2026-04-05,SN2900,2026-04-05 10:44:00,2026-04-05 11:04:00,20.0,2026-04-05 11:13:00,2026-04-05 11:34:00,B32 A,49.0,12.41,3.95,5.56,1.74,21.0
9,2026-04-05,SN3326,2026-04-05 11:24:00,2026-04-05 11:41:00,17.0,2026-04-05 12:06:00,2026-04-05 12:12:00,B14 A,111.0,12.61,8.8,5.26,1.27,6.0
9,2026-04-05,SN358,2026-04-05 10:21:00,2026-04-05 11:13:00,52.0,2026-04-05 11:43:00,2026-04-05 12:03:00,B38 A,126.0,11.74,10.74,4.41,2.65,20.0
9,2026-04-05,SN379,2026-04-05 08:11:00,2026-04-05 08:40:00,29.0,2026-04-05 08:59:00,2026-04-05 09:27:00,B28 A,76.0,10.6,7.17,5.11,1.56,28.0
9,2026-04-05,SN3800,2026-04-05 06:15:00,2026-04-05 06:16:00,1.0,2026-04-05 06:28:00,2026-04-05 06:30:00,A65 ,27.0,11.19,2.41,5.0,1.67,2.0
9,2026-04-05,TB1552,2026-04-05 08:29:00,2026-04-05 08:25:00,-4.0,2026-04-05 08:46:00,2026-04-05 08:54:00,A61 ,166.0,10.21,16.25,4.58,1.82,8.0
9,2026-04-05,TB2632,2026-04-05 09:29:00,2026-04-05 09:09:00,-20.0,2026-04-05 09:35:00,2026-04-05 09:44:00,B9  A,114.0,13.5,8.45,4.55,1.83,9.0
9,2026-04-05,TB2662,2026-04-05 09:15:00,2026-04-05 09:04:00,-11.0,2026-04-05 09:22:00,2026-04-05 09:30:00,B34 A,90.0,11.44,7.87,5.76,1.79,8.0
9,2026-04-05,TG934,2026-04-05 12:22:00,2026-04-05 12:26:00,4.0,2026-04-05 12:46:00,2026-04-05 13:15:00,B34 A,260.0,14.67,17.73,4.69,2.2,29.0
9,2026-04-05,UA950,2026-04-05 10:20:00,2026-04-05 09:58:00,-22.0,2026-04-05 10:24:00,2026-04-05 10:51:00,B40 A,188.0,11.02,17.06,5.0,2.48,27.0
9,2026-04-05,UA994,2026-04-05 11:51:00,2026-04-05 11:37:00,-14.0,2026-04-05 11:55:00,2026-04-05 12:25:00,B40 A,157.0,11.85,13.25,5.36,2.32,30.0
9,2026-04-05,XR5402,2026-04-05 07:46:00,2026-04-05 08:56:00,70.0,2026-04-05 09:23:00,2026-04-05 09:26:00,B5  A,88.0,11.76,7.48,6.26,1.33,3.0
10,2026-04-05,AC832,2026-04-05 12:18:00,2026-04-05 11:38:00,-40.0,2026-04-05 11:54:00,2026-04-05 12:17:00,B30 A,100.0,11.88,8.42,5.9,1.51,23.0
10,2026-04-05,ET750,2026-04-05 11:13:00,2026-04-05 11:34:00,21.0,2026-04-05 12:17:00,2026-04-05 13:03:00,B17 A,464.0,12.84,36.13,3.82,2.2,46.0
10,2026-04-05,FH8116,2026-04-05 12:44:00,2026-04-05 12:48:00,4.0,2026-04-05 13:06:00,2026-04-05 13:13:00,B38 A,140.0,13.36,10.48,5.64,2.07,7.0
10,2026-04-05,LH1004,2026-04-05 12:50:00,2026-04-05 12:50:00,0.0,2026-04-05 13:03:00,2026-04-05 13:30:00,A43 ,40.0,10.22,3.91,5.26,1.59,27.0
10,2026-04-05,SN1122,2026-04-05 08:39:00,2026-04-05 09:08:00,29.0,2026-04-05 09:20:00,2026-04-05 09:21:00,B40 A,13.0,9.78,1.33,3.54,3.5,1.0
10,2026-04-05,SN1124,2026-04-05 07:10:00,2026-04-05 07:19:00,9.0,2026-04-05 07:32:00,2026-04-05 07:48:00,B30 A,138.0,12.85,10.74,4.2,2.12,16.0
10,2026-04-05,SN206,2026-04-05 06:25:00,2026-04-05 06:48:00,23.0,2026-04-05 07:07:00,2026-04-05 07:30:00,B38 A,154.0,14.86,10.36,5.29,2.21,23.0
10,2026-04-05,SN229,2026-04-05 08:06:00,2026-04-05 09:20:00,74.0,2026-04-05 09:41:00,2026-04-05 10:22:00,B14 A,144.0,14.05,10.25,6.8,0.98,41.0
10,2026-04-05,SN278,2026-04-05 12:46:00,2026-04-05 12:41:00,-5.0,2026-04-05 13:04:00,2026-04-05 13:33:00,B31 A,62.0,13.54,4.58,6.55,1.64,29.0
10,2026-04-05,SN2900,2026-04-05 08:46:00,2026-04-05 08:33:00,-13.0,2026-04-05 08:58:00,2026-04-05 09:02:00,B14 A,79.0,15.42,5.12,5.73,1.16,4.0
10,2026-04-05,SN3326,2026-04-05 07:45:00,2026-04-05 08:05:00,20.0,2026-04-05 08:16:00,2026-04-05 08:36:00,B28 A,123.0,13.94,8.83,4.39,1.82,20.0
10,2026-04-05,SN358,2026-04-05 12:21:00,2026-04-05 12:23:00,2.0,2026-04-05 12:43:00,2026-04-05 13:14:00,B28 A,176.0,16.76,10.5,4.31,1.85,31.0
10,2026-04-05,SN379,2026-04-05 08:11:00,2026-04-05 08:40:00,29.0,2026-04-05 08:59:00,2026-04-05 09:27:00,B28 A,76.0,10.9,6.97,4.45,1.8,28.0
10,2026-04-05,SN3800,2026-04-05 06:15:00,2026-04-05 06:16:00,1.0,2026-04-05 06:28:00,2026-04-05 06:30:00,A65 ,27.0,12.79,2.11,6.78,1.23,2.0
10,2026-04-05,TB1552,2026-04-05 08:29:00,2026-04-05 08:25:00,-4.0,2026-04-05 08:46:00,2026-04-05 08:54:00,A61 ,166.0,10.44,15.89,5.09,1.64,8.0
10,2026-04-05,TB2632,2026-04-05 09:29:00,2026-04-05 09:09:00,-20.0,2026-04-05 09:35:00,2026-04-05 09:44:00,B9  A,114.0,12.91,8.83,5.33,1.56,9.0
10,2026-04-05,TB2662,2026-04-05 09:15:00,2026-04-05 09:04:00,-11.0,2026-04-05 09:22:00,2026-04-05 09:30:00,B34 A,90.0,12.48,7.21,5.69,1.82,8.0
10,2026-04-05,TG934,2026-04-05 12:22:00,2026-04-05 12:26:00,4.0,2026-04-05 12:46:00,2026-04-05 13:15:00,B34 A,260.0,15.03,17.3,5.72,1.81,29.0
10,2026-04-05,UA950,2026-04-05 08:20:00,2026-04-05 08:20:00,0.0,2026-04-05 08:36:00,2026-04-05 09:25:00,B38 A,176.0,16.14,10.9,5.26,2.22,49.0
10,2026-04-05,UA994,2026-04-05 12:51:00,2026-04-05 12:35:00,-16.0,2026-04-05 12:54:00,2026-04-05 13:24:00,B38 A,109.0,11.55,9.44,4.5,2.59,30.0
10,2026-04-05,XR5402,2026-04-05 07:46:00,2026-04-05 08:56:00,70.0,2026-04-05 09:23:00,2026-04-05 09:26:00,B5  A,88.0,14.16,6.22,6.03,1.38,3.0
11,2026-04-05,AC832,2026-04-05 12:18:00,2026-04-05 11:38:00,-40.0,2026-04-05 11:54:00,2026-04-05 12:17:00,B30 A,100.0,10.25,9.76,4.61,1.93,23.0
11,2026-04-05,ET750,2026-04-05 11:13:00,2026-04-05 11:34:00,21.0,2026-04-05 12:17:00,2026-04-05 13:03:00,B17 A,464.0,14.03,33.06,5.64,1.49,46.0
11,2026-04-05,FH8116,2026-04-05 06:35:00,2026-04-05 06:00:00,-35.0,2026-04-05 06:07:00,2026-04-05 06:09:00,B15 A,22.0,12.31,1.79,4.08,1.9,2.0
11,2026-04-05,LH1004,2026-04-05 09:50:00,2026-04-05 09:53:00,3.0,2026-04-05 10:20:00,2026-04-05 10:27:00,A43 ,33.0,11.84,2.79,6.52,1.28,7.0
11,2026-04-05,SN1122,2026-04-05 08:39:00,2026-04-05 09:08:00,29.0,2026-04-05 09:20:00,2026-04-05 09:21:00,B40 A,13.0,13.88,0.94,3.96,3.14,1.0
11,2026-04-05,SN1124,2026-04-05 07:10:00,2026-04-05 07:19:00,9.0,2026-04-05 07:32:00,2026-04-05 07:48:00,B30 A,138.0,12.84,10.75,5.36,1.66,16.0
11,2026-04-05,SN206,2026-04-05 06:25:00,2026-04-05 06:48:00,23.0,2026-04-05 07:07:00,2026-04-05 07:30:00,B38 A,154.0,14.39,10.7,4.04,2.89,23.0
11,2026-04-05,SN229,2026-04-05 10:04:00,2026-04-05 10:26:00,22.0,2026-04-05 10:41:00,2026-04-05 11:10:00,B31 A,120.0,16.23,7.39,4.47,2.4,29.0
11,2026-04-05,SN278,2026-04-05 08:43:00,2026-04-05 08:27:00,-16.0,2026-04-05 08:40:00,2026-04-05 09:10:00,B37 A,123.0,15.27,8.06,4.63,2.63,30.0
11,2026-04-05,SN2900,2026-04-05 10:44:00,2026-04-05 11:04:00,20.0,2026-04-05 11:13:00,2026-04-05 11:34:00,B32 A,49.0,11.94,4.1,3.98,2.43,21.0
11,2026-04-05,SN3326,2026-04-05 11:24:00,2026-04-05 11:41:00,17.0,2026-04-05 12:06:00,2026-04-05 12:12:00,B14 A,111.0,8.01,13.86,4.01,1.66,6.0
11,2026-04-05,SN358,2026-04-05 12:21:00,2026-04-05 12:23:00,2.0,2026-04-05 12:43:00,2026-04-05 13:14:00,B28 A,176.0,12.27,14.35,4.8,1.67,31.0
11,2026-04-05,SN379,2026-04-05 10:10:00,2026-04-05 11:03:00,53.0,2026-04-05 11:42:00,2026-04-05 12:19:00,B29 A,161.0,11.63,13.84,4.81,2.04,37.0
11,2026-04-05,SN3800,2026-04-05 06:15:00,2026-04-05 06:16:00,1.0,2026-04-05 06:28:00,2026-04-05 06:30:00,A65 ,27.0,14.74,1.83,4.26,1.96,2.0
11,2026-04-05,TB1552,2026-04-05 08:29:00,2026-04-05 08:25:00,-4.0,2026-04-05 08:46:00,2026-04-05 08:54:00,A61 ,166.0,10.22,16.24,5.49,1.52,8.0
11,2026-04-05,TB2632,2026-04-05 09:29:00,2026-04-05 09:09:00,-20.0,2026-04-05 09:35:00,2026-04-05 09:44:00,B9  A,114.0,14.82,7.69,4.43,1.88,9.0
11,2026-04-05,TB2662,2026-04-05 09:15:00,2026-04-05 09:04:00,-11.0,2026-04-05 09:22:00,2026-04-05 09:30:00,B34 A,90.0,12.31,7.31,6.09,1.7,8.0
11,2026-04-05,TG934,2026-04-05 09:21:00,2026-04-05 09:16:00,-5.0,2026-04-05 09:38:00,2026-04-05 09:58:00,B38 A,249.0,13.61,18.3,5.45,2.14,20.0
11,2026-04-05,UA950,2026-04-05 09:21:00,2026-04-05 08:45:00,-36.0,2026-04-05 09:03:00,2026-04-05 09:29:00,B5  A,163.0,15.2,10.73,4.76,1.75,26.0
11,2026-04-05,UA994,2026-04-05 09:51:00,2026-04-05 11:28:00,97.0,2026-04-05 11:44:00,2026-04-05 12:09:00,B40 A,135.0,10.67,12.65,4.62,2.69,25.0
11,2026-04-05,XR5402,2026-04-05 07:46:00,2026-04-05 08:56:00,70.0,2026-04-05 09:23:00,2026-04-05 09:26:00,B5  A,88.0,10.74,8.19,4.24,1.96,3.0
12,2026-04-05,AC832,2026-04-05 09:18:00,2026-04-05 08:45:00,-33.0,2026-04-05 09:06:00,2026-04-05 09:59:00,B28 A,110.0,10.56,10.42,5.48,1.46,53.0
12,2026-04-05,ET750,2026-04-05 11:13:00,2026-04-05 11:34:00,21.0,2026-04-05 12:17:00,2026-04-05 13:03:00,B17 A,464.0,15.21,30.51,4.55,1.85,46.0
12,2026-04-05,FH8116,2026-04-05 12:44:00,2026-04-05 12:48:00,4.0,2026-04-05 13:06:00,2026-04-05 13:13:00,B38 A,140.0,9.93,14.1,4.63,2.52,7.0
12,2026-04-05,LH1004,2026-04-05 11:51:00,2026-04-05 11:47:00,-4.0,2026-04-05 12:07:00,2026-04-05 12:12:00,A43 ,23.0,9.37,2.45,5.93,1.41,5.0
12,2026-04-05,SN1122,2026-04-05 08:39:00,2026-04-05 09:08:00,29.0,2026-04-05 09:20:00,2026-04-05 09:21:00,B40 A,13.0,12.33,1.05,4.58,2.71,1.0
12,2026-04-05,SN1124,2026-04-05 07:10:00,2026-04-05 07:19:00,9.0,2026-04-05 07:32:00,2026-04-05 07:48:00,B30 A,138.0,12.54,11.0,6.12,1.46,16.0
12,2026-04-05,SN206,2026-04-05 06:25:00,2026-04-05 06:48:00,23.0,2026-04-05 07:07:00,2026-04-05 07:30:00,B38 A,154.0,14.42,10.68,4.5,2.59,23.0
12,2026-04-05,SN229,2026-04-05 10:04:00,2026-04-05 10:26:00,22.0,2026-04-05 10:41:00,2026-04-05 11:10:00,B31 A,120.0,12.1,9.92,5.28,2.04,29.0
12,2026-04-05,SN278,2026-04-05 10:45:00,2026-04-05 10:42:00,-3.0,2026-04-05 11:04:00,2026-04-05 11:16:00,B28 A,198.0,12.28,16.12,5.4,1.48,12.0
12,2026-04-05,SN2900,2026-04-05 10:44:00,2026-04-05 11:04:00,20.0,2026-04-05 11:13:00,2026-04-05 11:34:00,B32 A,49.0,12.44,3.94,5.1,1.89,21.0
12,2026-04-05,SN3326,2026-04-05 11:24:00,2026-04-05 11:41:00,17.0,2026-04-05 12:06:00,2026-04-05 12:12:00,B14 A,111.0,14.17,7.83,4.7,1.42,6.0
12,2026-04-05,SN358,2026-04-05 12:21:00,2026-04-05 12:23:00,2.0,2026-04-05 12:43:00,2026-04-05 13:14:00,B28 A,176.0,15.43,11.4,6.5,1.23,31.0
12,2026-04-05,SN379,2026-04-05 08:11:00,2026-04-05 08:40:00,29.0,2026-04-05 08:59:00,2026-04-05 09:27:00,B28 A,76.0,10.18,7.47,3.76,2.13,28.0
12,2026-04-05,SN3800,2026-04-05 06:15:00,2026-04-05 06:16:00,1.0,2026-04-05 06:28:00,2026-04-05 06:30:00,A65 ,27.0,12.73,2.12,3.92,2.13,2.0
12,2026-04-05,TB1552,2026-04-05 10:15:00,2026-04-05 10:31:00,16.0,2026-04-05 10:50:00,2026-04-05 10:59:00,A69 ,164.0,10.63,15.43,6.16,1.35,9.0
12,2026-04-05,TB2632,2026-04-05 09:29:00,2026-04-05 09:09:00,-20.0,2026-04-05 09:35:00,2026-04-05 09:44:00,B9  A,114.0,11.4,10.0,4.06,2.05,9.0
12,2026-04-05,TB2662,2026-04-05 09:15:00,2026-04-05 09:04:00,-11.0,2026-04-05 09:22:00,2026-04-05 09:30:00,B34 A,90.0,10.47,8.6,4.38,2.36,8.0
12,2026-04-05,TG934,2026-04-05 09:21:00,2026-04-05 09:16:00,-5.0,2026-04-05 09:38:00,2026-04-05 09:58:00,B38 A,249.0,13.97,17.83,4.59,2.54,20.0
12,2026-04-05,UA950,2026-04-05 09:21:00,2026-04-05 08:45:00,-36.0,2026-04-05 09:03:00,2026-04-05 09:29:00,B5  A,163.0,12.42,13.12,5.33,1.56,26.0
12,2026-04-05,UA994,2026-04-05 10:51:00,2026-04-05 10:01:00,-50.0,2026-04-05 10:18:00,2026-04-05 10:42:00,B38 A,177.0,12.03,14.71,5.65,2.07,24.0
12,2026-04-05,XR5402,2026-04-05 07:46:00,2026-04-05 08:56:00,70.0,2026-04-05 09:23:00,2026-04-05 09:26:00,B5  A,88.0,9.79,8.99,4.53,1.84,3.0
13,2026-04-05,AC832,2026-04-05 09:18:00,2026-04-05 08:45:00,-33.0,2026-04-05 09:06:00,2026-04-05 09:59:00,B28 A,110.0,8.56,12.85,5.55,1.44,53.0
13,2026-04-05,ET750,2026-04-05 11:13:00,2026-04-05 11:34:00,21.0,2026-04-05 12:17:00,2026-04-05 13:03:00,B17 A,464.0,12.79,36.28,5.7,1.48,46.0
13,2026-04-05,FH8116,2026-04-05 12:44:00,2026-04-05 12:48:00,4.0,2026-04-05 13:06:00,2026-04-05 13:13:00,B38 A,140.0,11.59,12.08,5.45,2.14,7.0
13,2026-04-05,LH1004,2026-04-05 12:50:00,2026-04-05 12:50:00,0.0,2026-04-05 13:03:00,2026-04-05 13:30:00,A43 ,40.0,10.71,3.74,4.54,1.83,27.0
13,2026-04-05,SN1122,2026-04-05 08:39:00,2026-04-05 09:08:00,29.0,2026-04-05 09:20:00,2026-04-05 09:21:00,B40 A,13.0,14.72,0.88,4.41,2.81,1.0
13,2026-04-05,SN1124,2026-04-05 07:10:00,2026-04-05 07:19:00,9.0,2026-04-05 07:32:00,2026-04-05 07:48:00,B30 A,138.0,14.56,9.48,4.6,1.94,16.0
13,2026-04-05,SN206,2026-04-05 06:25:00,2026-04-05 06:48:00,23.0,2026-04-05 07:07:00,2026-04-05 07:30:00,B38 A,154.0,12.1,12.72,5.28,2.21,23.0
13,2026-04-05,SN229,2026-04-05 08:06:00,2026-04-05 09:20:00,74.0,2026-04-05 09:41:00,2026-04-05 10:22:00,B14 A,144.0,12.37,11.64,4.83,1.38,41.0
13,2026-04-05,SN278,2026-04-05 10:45:00,2026-04-05 10:42:00,-3.0,2026-04-05 11:04:00,2026-04-05 11:16:00,B28 A,198.0,12.5,15.84,5.33,1.5,12.0
13,2026-04-05,SN2900,2026-04-05 08:46:00,2026-04-05 08:33:00,-13.0,2026-04-05 08:58:00,2026-04-05 09:02:00,B14 A,79.0,12.09,6.54,5.38,1.24,4.0
13,2026-04-05,SN3326,2026-04-05 07:45:00,2026-04-05 08:05:00,20.0,2026-04-05 08:16:00,2026-04-05 08:36:00,B28 A,123.0,14.34,8.58,5.27,1.52,20.0
13,2026-04-05,SN358,2026-04-05 10:21:00,2026-04-05 11:13:00,52.0,2026-04-05 11:43:00,2026-04-05 12:03:00,B38 A,126.0,11.85,10.63,6.0,1.95,20.0
13,2026-04-05,SN379,2026-04-05 10:10:00,2026-04-05 11:03:00,53.0,2026-04-05 11:42:00,2026-04-05 12:19:00,B29 A,161.0,13.33,12.07,4.58,2.15,37.0
13,2026-04-05,SN3800,2026-04-05 06:15:00,2026-04-05 06:16:00,1.0,2026-04-05 06:28:00,2026-04-05 06:30:00,A65 ,27.0,9.26,2.92,4.37,1.91,2.0
13,2026-04-05,TB1552,2026-04-05 07:15:00,2026-04-05 07:08:00,-7.0,2026-04-05 07:38:00,2026-04-05 07:45:00,A61 ,152.0,12.32,12.34,5.52,1.51,7.0
13,2026-04-05,TB2632,2026-04-05 09:29:00,2026-04-05 09:09:00,-20.0,2026-04-05 09:35:00,2026-04-05 09:44:00,B9  A,114.0,11.84,9.63,4.91,1.7,9.0
13,2026-04-05,TB2662,2026-04-05 09:15:00,2026-04-05 09:04:00,-11.0,2026-04-05 09:22:00,2026-04-05 09:30:00,B34 A,90.0,13.45,6.69,4.63,2.23,8.0
13,2026-04-05,TG934,2026-04-05 12:22:00,2026-04-05 12:26:00,4.0,2026-04-05 12:46:00,2026-04-05 13:15:00,B34 A,260.0,15.49,16.79,5.2,1.99,29.0
13,2026-04-05,UA950,2026-04-05 09:21:00,2026-04-05 08:45:00,-36.0,2026-04-05 09:03:00,2026-04-05 09:29:00,B5  A,163.0,12.25,13.31,4.58,1.82,26.0
13,2026-04-05,UA994,2026-04-05 08:51:00,2026-04-05 08:32:00,-19.0,2026-04-05 08:52:00,2026-04-05 09:25:00,B40 A,171.0,14.66,11.66,5.1,2.43,33.0
13,2026-04-05,XR5402,2026-04-05 07:46:00,2026-04-05 08:56:00,70.0,2026-04-05 09:23:00,2026-04-05 09:26:00,B5  A,88.0,10.35,8.51,3.56,2.34,3.0
14,2026-04-05,AC832,2026-04-05 12:18:00,2026-04-05 11:38:00,-40.0,2026-04-05 11:54:00,2026-04-05 12:17:00,B30 A,100.0,13.31,7.51,4.67,1.91,23.0
14,2026-04-05,ET750,2026-04-05 11:13:00,2026-04-05 11:34:00,21.0,2026-04-05 12:17:00,2026-04-05 13:03:00,B17 A,464.0,15.76,29.44,4.61,1.83,46.0
14,2026-04-05,FH8116,2026-04-05 12:44:00,2026-04-05 12:48:00,4.0,2026-04-05 13:06:00,2026-04-05 13:13:00,B38 A,140.0,15.67,8.93,3.81,3.06,7.0
14,2026-04-05,LH1004,2026-04-05 11:51:00,2026-04-05 11:47:00,-4.0,2026-04-05 12:07:00,2026-04-05 12:12:00,A43 ,23.0,11.74,1.96,5.66,1.47,5.0
14,2026-04-05,SN1122,2026-04-05 08:39:00,2026-04-05 09:08:00,29.0,2026-04-05 09:20:00,2026-04-05 09:21:00,B40 A,13.0,9.92,1.31,5.54,2.24,1.0
14,2026-04-05,SN1124,2026-04-05 07:10:00,2026-04-05 07:19:00,9.0,2026-04-05 07:32:00,2026-04-05 07:48:00,B30 A,138.0,13.03,10.59,4.86,1.84,16.0
14,2026-04-05,SN206,2026-04-05 06:25:00,2026-04-05 06:48:00,23.0,2026-04-05 07:07:00,2026-04-05 07:30:00,B38 A,154.0,12.31,12.51,3.88,3.0,23.0
14,2026-04-05,SN229,2026-04-05 08:06:00,2026-04-05 09:20:00,74.0,2026-04-05 09:41:00,2026-04-05 10:22:00,B14 A,144.0,12.81,11.24,5.24,1.27,41.0
14,2026-04-05,SN278,2026-04-05 12:46:00,2026-04-05 12:41:00,-5.0,2026-04-05 13:04:00,2026-04-05 13:33:00,B31 A,62.0,14.8,4.19,5.15,2.09,29.0
14,2026-04-05,SN2900,2026-04-05 07:39:00,2026-04-05 07:25:00,-14.0,2026-04-05 07:38:00,2026-04-05 07:53:00,B38 A,55.0,10.4,5.29,4.91,2.38,15.0
14,2026-04-05,SN3326,2026-04-05 11:24:00,2026-04-05 11:41:00,17.0,2026-04-05 12:06:00,2026-04-05 12:12:00,B14 A,111.0,8.29,13.4,5.33,1.25,6.0
14,2026-04-05,SN358,2026-04-05 10:21:00,2026-04-05 11:13:00,52.0,2026-04-05 11:43:00,2026-04-05 12:03:00,B38 A,126.0,13.72,9.18,5.48,2.13,20.0
14,2026-04-05,SN379,2026-04-05 10:10:00,2026-04-05 11:03:00,53.0,2026-04-05 11:42:00,2026-04-05 12:19:00,B29 A,161.0,10.46,15.39,5.37,1.83,37.0
14,2026-04-05,SN3800,2026-04-05 06:15:00,2026-04-05 06:16:00,1.0,2026-04-05 06:28:00,2026-04-05 06:30:00,A65 ,27.0,15.54,1.74,3.94,2.12,2.0
14,2026-04-05,TB1552,2026-04-05 08:29:00,2026-04-05 08:25:00,-4.0,2026-04-05 08:46:00,2026-04-05 08:54:00,A61 ,166.0,12.39,13.4,5.91,1.41,8.0
14,2026-04-05,TB2632,2026-04-05 09:29:00,2026-04-05 09:09:00,-20.0,2026-04-05 09:35:00,2026-04-05 09:44:00,B9  A,114.0,11.59,9.84,5.24,1.59,9.0
14,2026-04-05,TB2662,2026-04-05 09:15:00,2026-04-05 09:04:00,-11.0,2026-04-05 09:22:00,2026-04-05 09:30:00,B34 A,90.0,15.5,5.81,4.16,2.49,8.0
14,2026-04-05,TG934,2026-04-05 09:21:00,2026-04-05 09:16:00,-5.0,2026-04-05 09:38:00,2026-04-05 09:58:00,B38 A,249.0,13.53,18.41,4.5,2.59,20.0
14,2026-04-05,UA950,2026-04-05 12:20:00,2026-04-05 11:58:00,-22.0,2026-04-05 12:14:00,2026-04-05 12:42:00,B37 A,127.0,11.28,11.26,5.4,2.25,28.0
14,2026-04-05,UA994,2026-04-05 08:51:00,2026-04-05 08:32:00,-19.0,2026-04-05 08:52:00,2026-04-05 09:25:00,B40 A,171.0,10.77,15.88,4.61,2.69,33.0
14,2026-04-05,XR5402,2026-04-05 07:46:00,2026-04-05 08:56:00,70.0,2026-04-05 09:23:00,2026-04-05 09:26:00,B5  A,88.0,12.8,6.88,4.96,1.68,3.0
15,2026-04-05,AC832,2026-04-05 08:17:00,2026-04-05 07:46:00,-31.0,2026-04-05 08:02:00,2026-04-05 08:29:00,B30 A,122.0,12.6,9.68,4.9,1.82,27.0
15,2026-04-05,ET750,2026-04-05 11:13:00,2026-04-05 11:34:00,21.0,2026-04-05 12:17:00,2026-04-05 13:03:00,B17 A,464.0,11.57,40.09,5.58,1.51,46.0
15,2026-04-05,FH8116,2026-04-05 06:35:00,2026-04-05 06:00:00,-35.0,2026-04-05 06:07:00,2026-04-05 06:09:00,B15 A,22.0,10.27,2.14,4.34,1.78,2.0
15,2026-04-05,LH1004,2026-04-05 08:50:00,2026-04-05 08:53:00,3.0,2026-04-05 09:06:00,2026-04-05 09:12:00,A43 ,29.0,12.31,2.36,4.15,2.01,6.0
15,2026-04-05,SN1122,2026-04-05 08:39:00,2026-04-05 09:08:00,29.0,2026-04-05 09:20:00,2026-04-05 09:21:00,B40 A,13.0,12.32,1.05,3.9,3.19,1.0
15,2026-04-05,SN1124,2026-04-05 07:10:00,2026-04-05 07:19:00,9.0,2026-04-05 07:32:00,2026-04-05 07:48:00,B30 A,138.0,13.33,10.35,4.61,1.94,16.0
15,2026-04-05,SN206,2026-04-05 06:25:00,2026-04-05 06:48:00,23.0,2026-04-05 07:07:00,2026-04-05 07:30:00,B38 A,154.0,15.46,9.96,4.63,2.52,23.0
15,2026-04-05,SN229,2026-04-05 08:06:00,2026-04-05 09:20:00,74.0,2026-04-05 09:41:00,2026-04-05 10:22:00,B14 A,144.0,15.21,9.47,4.77,1.4,41.0
15,2026-04-05,SN278,2026-04-05 10:45:00,2026-04-05 10:42:00,-3.0,2026-04-05 11:04:00,2026-04-05 11:16:00,B28 A,198.0,13.02,15.21,4.62,1.73,12.0
15,2026-04-05,SN2900,2026-04-05 07:39:00,2026-04-05 07:25:00,-14.0,2026-04-05 07:38:00,2026-04-05 07:53:00,B38 A,55.0,13.82,3.98,4.63,2.52,15.0
15,2026-04-05,SN3326,2026-04-05 07:45:00,2026-04-05 08:05:00,20.0,2026-04-05 08:16:00,2026-04-05 08:36:00,B28 A,123.0,13.73,8.96,4.79,1.67,20.0
15,2026-04-05,SN358,2026-04-05 11:21:00,2026-04-05 11:29:00,8.0,2026-04-05 11:42:00,2026-04-05 12:06:00,B14 A,177.0,15.95,11.09,5.15,1.3,24.0
15,2026-04-05,SN379,2026-04-05 10:10:00,2026-04-05 11:03:00,53.0,2026-04-05 11:42:00,2026-04-05 12:19:00,B29 A,161.0,11.31,14.23,4.86,2.02,37.0
15,2026-04-05,SN3800,2026-04-05 06:15:00,2026-04-05 06:16:00,1.0,2026-04-05 06:28:00,2026-04-05 06:30:00,A65 ,27.0,9.88,2.73,4.77,1.75,2.0
15,2026-04-05,TB1552,2026-04-05 08:29:00,2026-04-05 08:25:00,-4.0,2026-04-05 08:46:00,2026-04-05 08:54:00,A61 ,166.0,10.54,15.74,4.52,1.84,8.0
15,2026-04-05,TB2632,2026-04-05 09:29:00,2026-04-05 09:09:00,-20.0,2026-04-05 09:35:00,2026-04-05 09:44:00,B9  A,114.0,14.76,7.72,3.98,2.09,9.0
15,2026-04-05,TB2662,2026-04-05 09:15:00,2026-04-05 09:04:00,-11.0,2026-04-05 09:22:00,2026-04-05 09:30:00,B34 A,90.0,13.2,6.82,5.44,1.9,8.0
15,2026-04-05,TG934,2026-04-05 09:21:00,2026-04-05 09:16:00,-5.0,2026-04-05 09:38:00,2026-04-05 09:58:00,B38 A,249.0,12.68,19.64,5.1,2.29,20.0
15,2026-04-05,UA950,2026-04-05 10:20:00,2026-04-05 09:58:00,-22.0,2026-04-05 10:24:00,2026-04-05 10:51:00,B40 A,188.0,15.01,12.53,4.8,2.59,27.0
15,2026-04-05,UA994,2026-04-05 09:51:00,2026-04-05 11:28:00,97.0,2026-04-05 11:44:00,2026-04-05 12:09:00,B40 A,135.0,13.2,10.23,5.0,2.48,25.0
15,2026-04-05,XR5402,2026-04-05 07:46:00,2026-04-05 08:56:00,70.0,2026-04-05 09:23:00,2026-04-05 09:26:00,B5  A,88.0,12.06,7.3,4.93,1.69,3.0
16,2026-04-05,AC832,2026-04-05 08:17:00,2026-04-05 07:46:00,-31.0,2026-04-05 08:02:00,2026-04-05 08:29:00,B30 A,122.0,15.54,7.85,4.21,2.12,27.0
16,2026-04-05,ET750,2026-04-05 11:13:00,2026-04-05 11:34:00,21.0,2026-04-05 12:17:00,2026-04-05 13:03:00,B17 A,464.0,11.63,39.91,5.08,1.66,46.0
16,2026-04-05,FH8116,2026-04-05 06:35:00,2026-04-05 06:00:00,-35.0,2026-04-05 06:07:00,2026-04-05 06:09:00,B15 A,22.0,12.62,1.74,5.96,1.3,2.0
16,2026-04-05,LH1004,2026-04-05 08:50:00,2026-04-05 08:53:00,3.0,2026-04-05 09:06:00,2026-04-05 09:12:00,A43 ,29.0,11.61,2.5,4.5,1.85,6.0
16,2026-04-05,SN1122,2026-04-05 08:39:00,2026-04-05 09:08:00,29.0,2026-04-05 09:20:00,2026-04-05 09:21:00,B40 A,13.0,15.72,0.83,4.31,2.88,1.0
16,2026-04-05,SN1124,2026-04-05 07:10:00,2026-04-05 07:19:00,9.0,2026-04-05 07:32:00,2026-04-05 07:48:00,B30 A,138.0,15.42,8.95,4.88,1.83,16.0
16,2026-04-05,SN206,2026-04-05 06:25:00,2026-04-05 06:48:00,23.0,2026-04-05 07:07:00,2026-04-05 07:30:00,B38 A,154.0,11.65,13.22,4.47,2.61,23.0
16,2026-04-05,SN229,2026-04-05 10:04:00,2026-04-05 10:26:00,22.0,2026-04-05 10:41:00,2026-04-05 11:10:00,B31 A,120.0,14.69,8.17,6.54,1.64,29.0
16,2026-04-05,SN278,2026-04-05 10:45:00,2026-04-05 10:42:00,-3.0,2026-04-05 11:04:00,2026-04-05 11:16:00,B28 A,198.0,11.15,17.76,4.27,1.87,12.0
16,2026-04-05,SN2900,2026-04-05 08:46:00,2026-04-05 08:33:00,-13.0,2026-04-05 08:58:00,2026-04-05 09:02:00,B14 A,79.0,15.26,5.18,5.12,1.3,4.0
16,2026-04-05,SN3326,2026-04-05 11:24:00,2026-04-05 11:41:00,17.0,2026-04-05 12:06:00,2026-04-05 12:12:00,B14 A,111.0,12.87,8.63,5.53,1.21,6.0
16,2026-04-05,SN358,2026-04-05 10:21:00,2026-04-05 11:13:00,52.0,2026-04-05 11:43:00,2026-04-05 12:03:00,B38 A,126.0,11.93,10.56,5.42,2.15,20.0
16,2026-04-05,SN379,2026-04-05 08:11:00,2026-04-05 08:40:00,29.0,2026-04-05 08:59:00,2026-04-05 09:27:00,B28 A,76.0,13.58,5.59,4.61,1.74,28.0
16,2026-04-05,SN3800,2026-04-05 06:15:00,2026-04-05 06:16:00,1.0,2026-04-05 06:28:00,2026-04-05 06:30:00,A65 ,27.0,12.24,2.21,5.19,1.61,2.0
16,2026-04-05,TB1552,2026-04-05 10:15:00,2026-04-05 10:31:00,16.0,2026-04-05 10:50:00,2026-04-05 10:59:00,A69 ,164.0,11.92,13.76,4.4,1.89,9.0
16,2026-04-05,TB2632,2026-04-05 09:29:00,2026-04-05 09:09:00,-20.0,2026-04-05 09:35:00,2026-04-05 09:44:00,B9  A,114.0,11.24,10.14,4.84,1.72,9.0
16,2026-04-05,TB2662,2026-04-05 09:15:00,2026-04-05 09:04:00,-11.0,2026-04-05 09:22:00,2026-04-05 09:30:00,B34 A,90.0,11.98,7.51,4.38,2.36,8.0
16,2026-04-05,TG934,2026-04-05 09:21:00,2026-04-05 09:16:00,-5.0,2026-04-05 09:38:00,2026-04-05 09:58:00,B38 A,249.0,13.25,18.8,4.73,2.47,20.0
16,2026-04-05,UA950,2026-04-05 10:20:00,2026-04-05 09:58:00,-22.0,2026-04-05 10:24:00,2026-04-05 10:51:00,B40 A,188.0,14.13,13.31,5.07,2.45,27.0
16,2026-04-05,UA994,2026-04-05 10:51:00,2026-04-05 10:01:00,-50.0,2026-04-05 10:18:00,2026-04-05 10:42:00,B38 A,177.0,13.99,12.65,4.47,2.61,24.0
16,2026-04-05,XR5402,2026-04-05 07:46:00,2026-04-05 08:56:00,70.0,2026-04-05 09:23:00,2026-04-05 09:26:00,B5  A,88.0,9.7,9.07,5.37,1.55,3.0
17,2026-04-05,AC832,2026-04-05 10:17:00,2026-04-05 10:43:00,26.0,2026-04-05 11:00:00,2026-04-05 11:34:00,B14 A,172.0,12.54,13.71,4.43,1.5,34.0
17,2026-04-05,ET750,2026-04-05 11:13:00,2026-04-05 11:34:00,21.0,2026-04-05 12:17:00,2026-04-05 13:03:00,B17 A,464.0,12.7,36.54,4.56,1.85,46.0
17,2026-04-05,FH8116,2026-04-05 06:35:00,2026-04-05 06:00:00,-35.0,2026-04-05 06:07:00,2026-04-05 06:09:00,B15 A,22.0,14.28,1.54,4.1,1.89,2.0
17,2026-04-05,LH1004,2026-04-05 12:50:00,2026-04-05 12:50:00,0.0,2026-04-05 13:03:00,2026-04-05 13:30:00,A43 ,40.0,13.03,3.07,4.67,1.79,27.0
17,2026-04-05,SN1122,2026-04-05 08:39:00,2026-04-05 09:08:00,29.0,2026-04-05 09:20:00,2026-04-05 09:21:00,B40 A,13.0,13.47,0.96,4.79,2.59,1.0
17,2026-04-05,SN1124,2026-04-05 07:10:00,2026-04-05 07:19:00,9.0,2026-04-05 07:32:00,2026-04-05 07:48:00,B30 A,138.0,13.71,10.06,4.27,2.09,16.0
17,2026-04-05,SN206,2026-04-05 06:25:00,2026-04-05 06:48:00,23.0,2026-04-05 07:07:00,2026-04-05 07:30:00,B38 A,154.0,9.31,16.55,4.77,2.44,23.0
17,2026-04-05,SN229,2026-04-05 08:06:00,2026-04-05 09:20:00,74.0,2026-04-05 09:41:00,2026-04-05 10:22:00,B14 A,144.0,11.41,12.62,6.06,1.1,41.0
17,2026-04-05,SN278,2026-04-05 08:43:00,2026-04-05 08:27:00,-16.0,2026-04-05 08:40:00,2026-04-05 09:10:00,B37 A,123.0,12.78,9.62,4.93,2.47,30.0
17,2026-04-05,SN2900,2026-04-05 10:44:00,2026-04-05 11:04:00,20.0,2026-04-05 11:13:00,2026-04-05 11:34:00,B32 A,49.0,12.41,3.95,4.46,2.17,21.0
17,2026-04-05,SN3326,2026-04-05 11:24:00,2026-04-05 11:41:00,17.0,2026-04-05 12:06:00,2026-04-05 12:12:00,B14 A,111.0,15.62,7.11,5.64,1.18,6.0
17,2026-04-05,SN358,2026-04-05 12:21:00,2026-04-05 12:23:00,2.0,2026-04-05 12:43:00,2026-04-05 13:14:00,B28 A,176.0,11.43,15.4,5.17,1.55,31.0
17,2026-04-05,SN379,2026-04-05 10:10:00,2026-04-05 11:03:00,53.0,2026-04-05 11:42:00,2026-04-05 12:19:00,B29 A,161.0,12.01,13.41,4.58,2.15,37.0
17,2026-04-05,SN3800,2026-04-05 06:15:00,2026-04-05 06:16:00,1.0,2026-04-05 06:28:00,2026-04-05 06:30:00,A65 ,27.0,14.92,1.81,4.65,1.79,2.0
17,2026-04-05,TB1552,2026-04-05 07:15:00,2026-04-05 07:08:00,-7.0,2026-04-05 07:38:00,2026-04-05 07:45:00,A61 ,152.0,13.06,11.64,5.35,1.56,7.0
17,2026-04-05,TB2632,2026-04-05 09:29:00,2026-04-05 09:09:00,-20.0,2026-04-05 09:35:00,2026-04-05 09:44:00,B9  A,114.0,14.37,7.93,5.06,1.65,9.0
17,2026-04-05,TB2662,2026-04-05 09:15:00,2026-04-05 09:04:00,-11.0,2026-04-05 09:22:00,2026-04-05 09:30:00,B34 A,90.0,11.77,7.65,4.43,2.33,8.0
17,2026-04-05,TG934,2026-04-05 09:21:00,2026-04-05 09:16:00,-5.0,2026-04-05 09:38:00,2026-04-05 09:58:00,B38 A,249.0,13.59,18.32,4.51,2.58,20.0
17,2026-04-05,UA950,2026-04-05 09:21:00,2026-04-05 08:45:00,-36.0,2026-04-05 09:03:00,2026-04-05 09:29:00,B5  A,163.0,10.54,15.46,4.09,2.04,26.0
17,2026-04-05,UA994,2026-04-05 11:51:00,2026-04-05 11:37:00,-14.0,2026-04-05 11:55:00,2026-04-05 12:25:00,B40 A,157.0,15.11,10.39,3.37,3.68,30.0
17,2026-04-05,XR5402,2026-04-05 07:46:00,2026-04-05 08:56:00,70.0,2026-04-05 09:23:00,2026-04-05 09:26:00,B5  A,88.0,11.07,7.95,5.74,1.45,3.0
18,2026-04-05,AC832,2026-04-05 10:17:00,2026-04-05 10:43:00,26.0,2026-04-05 11:00:00,2026-04-05 11:34:00,B14 A,172.0,13.13,13.1,6.11,1.09,34.0
18,2026-04-05,ET750,2026-04-05 11:13:00,2026-04-05 11:34:00,21.0,2026-04-05 12:17:00,2026-04-05 13:03:00,B17 A,464.0,11.97,38.75,4.03,2.09,46.0
18,2026-04-05,FH8116,2026-04-05 06:35:00,2026-04-05 06:00:00,-35.0,2026-04-05 06:07:00,2026-04-05 06:09:00,B15 A,22.0,14.38,1.53,4.15,1.86,2.0
18,2026-04-05,LH1004,2026-04-05 09:50:00,2026-04-05 09:53:00,3.0,2026-04-05 10:20:00,2026-04-05 10:27:00,A43 ,33.0,12.07,2.73,4.45,1.87,7.0
18,2026-04-05,SN1122,2026-04-05 08:39:00,2026-04-05 09:08:00,29.0,2026-04-05 09:20:00,2026-04-05 09:21:00,B40 A,13.0,14.46,0.9,4.92,2.52,1.0
18,2026-04-05,SN1124,2026-04-05 07:10:00,2026-04-05 07:19:00,9.0,2026-04-05 07:32:00,2026-04-05 07:48:00,B30 A,138.0,12.94,10.67,4.3,2.08,16.0
18,2026-04-05,SN206,2026-04-05 06:25:00,2026-04-05 06:48:00,23.0,2026-04-05 07:07:00,2026-04-05 07:30:00,B38 A,154.0,12.59,12.23,3.63,3.22,23.0
18,2026-04-05,SN229,2026-04-05 12:06:00,2026-04-05 12:12:00,6.0,2026-04-05 12:39:00,2026-04-05 13:03:00,B28 A,20.0,12.19,1.64,6.28,1.27,24.0
18,2026-04-05,SN278,2026-04-05 08:43:00,2026-04-05 08:27:00,-16.0,2026-04-05 08:40:00,2026-04-05 09:10:00,B37 A,123.0,11.67,10.54,5.09,2.39,30.0
18,2026-04-05,SN2900,2026-04-05 10:44:00,2026-04-05 11:04:00,20.0,2026-04-05 11:13:00,2026-04-05 11:34:00,B32 A,49.0,13.94,3.52,5.06,1.91,21.0
18,2026-04-05,SN3326,2026-04-05 07:45:00,2026-04-05 08:05:00,20.0,2026-04-05 08:16:00,2026-04-05 08:36:00,B28 A,123.0,13.93,8.83,4.07,1.96,20.0
18,2026-04-05,SN358,2026-04-05 08:21:00,2026-04-05 08:24:00,3.0,2026-04-05 08:42:00,2026-04-05 09:09:00,B14 A,112.0,15.23,7.36,5.8,1.15,27.0
18,2026-04-05,SN379,2026-04-05 08:11:00,2026-04-05 08:40:00,29.0,2026-04-05 08:59:00,2026-04-05 09:27:00,B28 A,76.0,8.68,8.76,4.6,1.74,28.0
18,2026-04-05,SN3800,2026-04-05 06:15:00,2026-04-05 06:16:00,1.0,2026-04-05 06:28:00,2026-04-05 06:30:00,A65 ,27.0,11.54,2.34,7.18,1.16,2.0
18,2026-04-05,TB1552,2026-04-05 07:15:00,2026-04-05 07:08:00,-7.0,2026-04-05 07:38:00,2026-04-05 07:45:00,A61 ,152.0,12.24,12.41,4.7,1.77,7.0
18,2026-04-05,TB2632,2026-04-05 09:29:00,2026-04-05 09:09:00,-20.0,2026-04-05 09:35:00,2026-04-05 09:44:00,B9  A,114.0,11.37,10.03,4.85,1.72,9.0
18,2026-04-05,TB2662,2026-04-05 09:15:00,2026-04-05 09:04:00,-11.0,2026-04-05 09:22:00,2026-04-05 09:30:00,B34 A,90.0,15.16,5.94,5.43,1.9,8.0
18,2026-04-05,TG934,2026-04-05 09:21:00,2026-04-05 09:16:00,-5.0,2026-04-05 09:38:00,2026-04-05 09:58:00,B38 A,249.0,13.04,19.09,4.98,2.34,20.0
18,2026-04-05,UA950,2026-04-05 12:20:00,2026-04-05 11:58:00,-22.0,2026-04-05 12:14:00,2026-04-05 12:42:00,B37 A,127.0,13.56,9.37,4.92,2.47,28.0
18,2026-04-05,UA994,2026-04-05 11:51:00,2026-04-05 11:37:00,-14.0,2026-04-05 11:55:00,2026-04-05 12:25:00,B40 A,157.0,11.68,13.45,3.81,3.26,30.0
18,2026-04-05,XR5402,2026-04-05 07:46:00,2026-04-05 08:56:00,70.0,2026-04-05 09:23:00,2026-04-05 09:26:00,B5  A,88.0,12.25,7.19,3.95,2.11,3.0
19,2026-04-05,AC832,2026-04-05 08:17:00,2026-04-05 07:46:00,-31.0,2026-04-05 08:02:00,2026-04-05 08:29:00,B30 A,122.0,11.34,10.76,4.29,2.08,27.0
19,2026-04-05,ET750,2026-04-05 11:13:00,2026-04-05 11:34:00,21.0,2026-04-05 12:17:00,2026-04-05 13:03:00,B17 A,464.0,12.38,37.48,4.76,1.77,46.0
19,2026-04-05,FH8116,2026-04-05 06:35:00,2026-04-05 06:00:00,-35.0,2026-04-05 06:07:00,2026-04-05 06:09:00,B15 A,22.0,14.94,1.47,4.26,1.81,2.0
19,2026-04-05,LH1004,2026-04-05 08:50:00,2026-04-05 08:53:00,3.0,2026-04-05 09:06:00,2026-04-05 09:12:00,A43 ,29.0,10.39,2.79,4.51,1.85,6.0
19,2026-04-05,SN1122,2026-04-05 08:39:00,2026-04-05 09:08:00,29.0,2026-04-05 09:20:00,2026-04-05 09:21:00,B40 A,13.0,10.94,1.19,6.19,2.01,1.0
19,2026-04-05,SN1124,2026-04-05 07:10:00,2026-04-05 07:19:00,9.0,2026-04-05 07:32:00,2026-04-05 07:48:00,B30 A,138.0,13.34,10.34,6.05,1.47,16.0
19,2026-04-05,SN206,2026-04-05 06:25:00,2026-04-05 06:48:00,23.0,2026-04-05 07:07:00,2026-04-05 07:30:00,B38 A,154.0,16.16,9.53,7.29,1.6,23.0
19,2026-04-05,SN229,2026-04-05 08:06:00,2026-04-05 09:20:00,74.0,2026-04-05 09:41:00,2026-04-05 10:22:00,B14 A,144.0,13.48,10.68,6.34,1.05,41.0
19,2026-04-05,SN278,2026-04-05 10:45:00,2026-04-05 10:42:00,-3.0,2026-04-05 11:04:00,2026-04-05 11:16:00,B28 A,198.0,10.28,19.25,5.7,1.4,12.0
19,2026-04-05,SN2900,2026-04-05 10:44:00,2026-04-05 11:04:00,20.0,2026-04-05 11:13:00,2026-04-05 11:34:00,B32 A,49.0,13.31,3.68,4.18,2.31,21.0
19,2026-04-05,SN3326,2026-04-05 11:24:00,2026-04-05 11:41:00,17.0,2026-04-05 12:06:00,2026-04-05 12:12:00,B14 A,111.0,11.53,9.62,5.04,1.32,6.0
19,2026-04-05,SN358,2026-04-05 10:21:00,2026-04-05 11:13:00,52.0,2026-04-05 11:43:00,2026-04-05 12:03:00,B38 A,126.0,16.12,7.82,5.15,2.27,20.0
19,2026-04-05,SN379,2026-04-05 08:11:00,2026-04-05 08:40:00,29.0,2026-04-05 08:59:00,2026-04-05 09:27:00,B28 A,76.0,15.14,5.02,5.38,1.49,28.0
19,2026-04-05,SN3800,2026-04-05 06:15:00,2026-04-05 06:16:00,1.0,2026-04-05 06:28:00,2026-04-05 06:30:00,A65 ,27.0,11.74,2.3,4.73,1.76,2.0
19,2026-04-05,TB1552,2026-04-05 07:15:00,2026-04-05 07:08:00,-7.0,2026-04-05 07:38:00,2026-04-05 07:45:00,A61 ,152.0,14.07,10.8,4.13,2.02,7.0
19,2026-04-05,TB2632,2026-04-05 09:29:00,2026-04-05 09:09:00,-20.0,2026-04-05 09:35:00,2026-04-05 09:44:00,B9  A,114.0,12.93,8.82,5.26,1.59,9.0
19,2026-04-05,TB2662,2026-04-05 09:15:00,2026-04-05 09:04:00,-11.0,2026-04-05 09:22:00,2026-04-05 09:30:00,B34 A,90.0,9.69,9.29,3.73,2.77,8.0
19,2026-04-05,TG934,2026-04-05 09:21:00,2026-04-05 09:16:00,-5.0,2026-04-05 09:38:00,2026-04-05 09:58:00,B38 A,249.0,15.22,16.36,5.06,2.31,20.0
19,2026-04-05,UA950,2026-04-05 10:20:00,2026-04-05 09:58:00,-22.0,2026-04-05 10:24:00,2026-04-05 10:51:00,B40 A,188.0,14.81,12.69,5.32,2.33,27.0
19,2026-04-05,UA994,2026-04-05 11:51:00,2026-04-05 11:37:00,-14.0,2026-04-05 11:55:00,2026-04-05 12:25:00,B40 A,157.0,12.89,12.18,6.69,1.86,30.0
19,2026-04-05,XR5402,2026-04-05 07:46:00,2026-04-05 08:56:00,70.0,2026-04-05 09:23:00,2026-04-05 09:26:00,B5  A,88.0,11.73,7.5,6.7,1.24,3.0
20,2026-04-05,AC832,2026-04-05 12:18:00,2026-04-05 11:38:00,-40.0,2026-04-05 11:54:00,2026-04-05 12:17:00,B30 A,100.0,9.0,11.12,5.26,1.7,23.0
20,2026-04-05,ET750,2026-04-05 11:13:00,2026-04-05 11:34:00,21.0,2026-04-05 12:17:00,2026-04-05 13:03:00,B17 A,464.0,15.25,30.42,4.94,1.7,46.0
20,2026-04-05,FH8116,2026-04-05 06:35:00,2026-04-05 06:00:00,-35.0,2026-04-05 06:07:00,2026-04-05 06:09:00,B15 A,22.0,13.22,1.66,6.84,1.13,2.0
20,2026-04-05,LH1004,2026-04-05 09:50:00,2026-04-05 09:53:00,3.0,2026-04-05 10:20:00,2026-04-05 10:27:00,A43 ,33.0,8.15,4.05,5.79,1.44,7.0
20,2026-04-05,SN1122,2026-04-05 08:39:00,2026-04-05 09:08:00,29.0,2026-04-05 09:20:00,2026-04-05 09:21:00,B40 A,13.0,13.52,0.96,4.17,2.98,1.0
20,2026-04-05,SN1124,2026-04-05 07:10:00,2026-04-05 07:19:00,9.0,2026-04-05 07:32:00,2026-04-05 07:48:00,B30 A,138.0,12.79,10.79,4.83,1.84,16.0
20,2026-04-05,SN206,2026-04-05 06:25:00,2026-04-05 06:48:00,23.0,2026-04-05 07:07:00,2026-04-05 07:30:00,B38 A,154.0,14.14,10.89,5.33,2.19,23.0
20,2026-04-05,SN229,2026-04-05 10:04:00,2026-04-05 10:26:00,22.0,2026-04-05 10:41:00,2026-04-05 11:10:00,B31 A,120.0,10.31,11.64,5.51,1.95,29.0
20,2026-04-05,SN278,2026-04-05 10:45:00,2026-04-05 10:42:00,-3.0,2026-04-05 11:04:00,2026-04-05 11:16:00,B28 A,198.0,15.94,12.42,4.56,1.75,12.0
20,2026-04-05,SN2900,2026-04-05 08:46:00,2026-04-05 08:33:00,-13.0,2026-04-05 08:58:00,2026-04-05 09:02:00,B14 A,79.0,14.22,5.56,3.67,1.82,4.0
20,2026-04-05,SN3326,2026-04-05 07:45:00,2026-04-05 08:05:00,20.0,2026-04-05 08:16:00,2026-04-05 08:36:00,B28 A,123.0,13.68,8.99,4.79,1.67,20.0
20,2026-04-05,SN358,2026-04-05 10:21:00,2026-04-05 11:13:00,52.0,2026-04-05 11:43:00,2026-04-05 12:03:00,B38 A,126.0,13.73,9.18,4.26,2.74,20.0
20,2026-04-05,SN379,2026-04-05 10:10:00,2026-04-05 11:03:00,53.0,2026-04-05 11:42:00,2026-04-05 12:19:00,B29 A,161.0,11.91,13.51,5.19,1.9,37.0
20,2026-04-05,SN3800,2026-04-05 06:15:00,2026-04-05 06:16:00,1.0,2026-04-05 06:28:00,2026-04-05 06:30:00,A65 ,27.0,13.66,1.98,6.22,1.34,2.0
20,2026-04-05,TB1552,2026-04-05 10:15:00,2026-04-05 10:31:00,16.0,2026-04-05 10:50:00,2026-04-05 10:59:00,A69 ,164.0,11.83,13.86,4.96,1.68,9.0
20,2026-04-05,TB2632,2026-04-05 09:29:00,2026-04-05 09:09:00,-20.0,2026-04-05 09:35:00,2026-04-05 09:44:00,B9  A,114.0,16.22,7.03,4.81,1.73,9.0
20,2026-04-05,TB2662,2026-04-05 09:15:00,2026-04-05 09:04:00,-11.0,2026-04-05 09:22:00,2026-04-05 09:30:00,B34 A,90.0,13.83,6.51,6.66,1.55,8.0
20,2026-04-05,TG934,2026-04-05 09:21:00,2026-04-05 09:16:00,-5.0,2026-04-05 09:38:00,2026-04-05 09:58:00,B38 A,249.0,12.98,19.18,4.34,2.69,20.0
20,2026-04-05,UA950,2026-04-05 12:20:00,2026-04-05 11:58:00,-22.0,2026-04-05 12:14:00,2026-04-05 12:42:00,B37 A,127.0,14.61,8.69,4.66,2.61,28.0
20,2026-04-05,UA994,2026-04-05 08:51:00,2026-04-05 08:32:00,-19.0,2026-04-05 08:52:00,2026-04-05 09:25:00,B40 A,171.0,9.99,17.12,4.4,2.82,33.0
20,2026-04-05,XR5402,2026-04-05 07:46:00,2026-04-05 08:56:00,70.0,2026-04-05 09:23:00,2026-04-05 09:26:00,B5  A,88.0,11.39,7.72,6.06,1.38,3.0
21,2026-04-05,AC832,2026-04-05 09:18:00,2026-04-05 08:45:00,-33.0,2026-04-05 09:06:00,2026-04-05 09:59:00,B28 A,110.0,12.77,8.62,5.17,1.55,53.0
21,2026-04-05,ET750,2026-04-05 11:13:00,2026-04-05 11:34:00,21.0,2026-04-05 12:17:00,2026-04-05 13:03:00,B17 A,464.0,13.45,34.5,5.63,1.5,46.0
21,2026-04-05,FH8116,2026-04-05 06:35:00,2026-04-05 06:00:00,-35.0,2026-04-05 06:07:00,2026-04-05 06:09:00,B15 A,22.0,10.83,2.03,6.05,1.28,2.0
21,2026-04-05,LH1004,2026-04-05 09:50:00,2026-04-05 09:53:00,3.0,2026-04-05 10:20:00,2026-04-05 10:27:00,A43 ,33.0,13.29,2.48,4.5,1.85,7.0
21,2026-04-05,SN1122,2026-04-05 08:39:00,2026-04-05 09:08:00,29.0,2026-04-05 09:20:00,2026-04-05 09:21:00,B40 A,13.0,12.64,1.03,5.18,2.4,1.0
21,2026-04-05,SN1124,2026-04-05 07:10:00,2026-04-05 07:19:00,9.0,2026-04-05 07:32:00,2026-04-05 07:48:00,B30 A,138.0,14.42,9.57,6.12,1.46,16.0
21,2026-04-05,SN206,2026-04-05 06:25:00,2026-04-05 06:48:00,23.0,2026-04-05 07:07:00,2026-04-05 07:30:00,B38 A,154.0,11.47,13.43,5.73,2.03,23.0
21,2026-04-05,SN229,2026-04-05 08:06:00,2026-04-05 09:20:00,74.0,2026-04-05 09:41:00,2026-04-05 10:22:00,B14 A,144.0,11.79,12.21,4.66,1.43,41.0
21,2026-04-05,SN278,2026-04-05 10:45:00,2026-04-05 10:42:00,-3.0,2026-04-05 11:04:00,2026-04-05 11:16:00,B28 A,198.0,13.12,15.09,5.5,1.45,12.0
21,2026-04-05,SN2900,2026-04-05 08:46:00,2026-04-05 08:33:00,-13.0,2026-04-05 08:58:00,2026-04-05 09:02:00,B14 A,79.0,11.54,6.85,4.33,1.54,4.0
21,2026-04-05,SN3326,2026-04-05 11:24:00,2026-04-05 11:41:00,17.0,2026-04-05 12:06:00,2026-04-05 12:12:00,B14 A,111.0,12.3,9.02,4.72,1.41,6.0
21,2026-04-05,SN358,2026-04-05 10:21:00,2026-04-05 11:13:00,52.0,2026-04-05 11:43:00,2026-04-05 12:03:00,B38 A,126.0,11.56,10.9,4.66,2.5,20.0
21,2026-04-05,SN379,2026-04-05 08:11:00,2026-04-05 08:40:00,29.0,2026-04-05 08:59:00,2026-04-05 09:27:00,B28 A,76.0,10.42,7.29,5.54,1.44,28.0
21,2026-04-05,SN3800,2026-04-05 06:15:00,2026-04-05 06:16:00,1.0,2026-04-05 06:28:00,2026-04-05 06:30:00,A65 ,27.0,13.75,1.96,3.89,2.14,2.0
21,2026-04-05,TB1552,2026-04-05 07:47:00,2026-04-05 07:43:00,-4.0,2026-04-05 07:55:00,2026-04-05 07:59:00,A68 ,66.0,12.04,5.48,5.34,1.56,4.0
21,2026-04-05,TB2632,2026-04-05 09:29:00,2026-04-05 09:09:00,-20.0,2026-04-05 09:35:00,2026-04-05 09:44:00,B9  A,114.0,12.7,8.98,4.37,1.91,9.0
21,2026-04-05,TB2662,2026-04-05 09:15:00,2026-04-05 09:04:00,-11.0,2026-04-05 09:22:00,2026-04-05 09:30:00,B34 A,90.0,14.02,6.42,5.85,1.76,8.0
21,2026-04-05,TG934,2026-04-05 09:21:00,2026-04-05 09:16:00,-5.0,2026-04-05 09:38:00,2026-04-05 09:58:00,B38 A,249.0,16.74,14.88,6.35,1.84,20.0
21,2026-04-05,UA950,2026-04-05 12:20:00,2026-04-05 11:58:00,-22.0,2026-04-05 12:14:00,2026-04-05 12:42:00,B37 A,127.0,11.53,11.02,5.76,2.11,28.0
21,2026-04-05,UA994,2026-04-05 08:51:00,2026-04-05 08:32:00,-19.0,2026-04-05 08:52:00,2026-04-05 09:25:00,B40 A,171.0,13.46,12.71,5.88,2.11,33.0
21,2026-04-05,XR5402,2026-04-05 07:46:00,2026-04-05 08:56:00,70.0,2026-04-05 09:23:00,2026-04-05 09:26:00,B5  A,88.0,12.05,7.3,4.35,1.91,3.0
22,2026-04-05,AC832,2026-04-05 08:17:00,2026-04-05 07:46:00,-31.0,2026-04-05 08:02:00,2026-04-05 08:29:00,B30 A,122.0,12.33,9.9,6.15,1.45,27.0
22,2026-04-05,ET750,2026-04-05 11:13:00,2026-04-05 11:34:00,21.0,2026-04-05 12:17:00,2026-04-05 13:03:00,B17 A,464.0,14.31,32.43,3.94,2.14,46.0
22,2026-04-05,FH8116,2026-04-05 12:44:00,2026-04-05 12:48:00,4.0,2026-04-05 13:06:00,2026-04-05 13:13:00,B38 A,140.0,13.42,10.43,5.06,2.3,7.0
22,2026-04-05,LH1004,2026-04-05 09:50:00,2026-04-05 09:53:00,3.0,2026-04-05 10:20:00,2026-04-05 10:27:00,A43 ,33.0,10.38,3.18,4.79,1.74,7.0
22,2026-04-05,SN1122,2026-04-05 08:39:00,2026-04-05 09:08:00,29.0,2026-04-05 09:20:00,2026-04-05 09:21:00,B40 A,13.0,11.53,1.13,4.77,2.61,1.0
22,2026-04-05,SN1124,2026-04-05 07:10:00,2026-04-05 07:19:00,9.0,2026-04-05 07:32:00,2026-04-05 07:48:00,B30 A,138.0,12.63,10.92,4.68,1.91,16.0
22,2026-04-05,SN206,2026-04-05 06:25:00,2026-04-05 06:48:00,23.0,2026-04-05 07:07:00,2026-04-05 07:30:00,B38 A,154.0,13.0,11.85,4.29,2.72,23.0
22,2026-04-05,SN229,2026-04-05 12:06:00,2026-04-05 12:12:00,6.0,2026-04-05 12:39:00,2026-04-05 13:03:00,B28 A,20.0,13.75,1.45,5.04,1.59,24.0
22,2026-04-05,SN278,2026-04-05 10:45:00,2026-04-05 10:42:00,-3.0,2026-04-05 11:04:00,2026-04-05 11:16:00,B28 A,198.0,13.44,14.73,4.39,1.82,12.0
22,2026-04-05,SN2900,2026-04-05 10:44:00,2026-04-05 11:04:00,20.0,2026-04-05 11:13:00,2026-04-05 11:34:00,B32 A,49.0,9.91,4.95,5.99,1.61,21.0
22,2026-04-05,SN3326,2026-04-05 11:24:00,2026-04-05 11:41:00,17.0,2026-04-05 12:06:00,2026-04-05 12:12:00,B14 A,111.0,14.55,7.63,4.17,1.6,6.0
22,2026-04-05,SN358,2026-04-05 10:21:00,2026-04-05 11:13:00,52.0,2026-04-05 11:43:00,2026-04-05 12:03:00,B38 A,126.0,14.09,8.94,5.37,2.17,20.0
22,2026-04-05,SN379,2026-04-05 08:11:00,2026-04-05 08:40:00,29.0,2026-04-05 08:59:00,2026-04-05 09:27:00,B28 A,76.0,13.47,5.64,4.36,1.84,28.0
22,2026-04-05,SN3800,2026-04-05 06:15:00,2026-04-05 06:16:00,1.0,2026-04-05 06:28:00,2026-04-05 06:30:00,A65 ,27.0,11.45,2.36,4.78,1.74,2.0
22,2026-04-05,TB1552,2026-04-05 08:29:00,2026-04-05 08:25:00,-4.0,2026-04-05 08:46:00,2026-04-05 08:54:00,A61 ,166.0,14.81,11.21,4.32,1.93,8.0
22,2026-04-05,TB2632,2026-04-05 09:29:00,2026-04-05 09:09:00,-20.0,2026-04-05 09:35:00,2026-04-05 09:44:00,B9  A,114.0,13.95,8.17,5.11,1.63,9.0
22,2026-04-05,TB2662,2026-04-05 09:15:00,2026-04-05 09:04:00,-11.0,2026-04-05 09:22:00,2026-04-05 09:30:00,B34 A,90.0,11.93,7.55,4.74,2.18,8.0
22,2026-04-05,TG934,2026-04-05 12:22:00,2026-04-05 12:26:00,4.0,2026-04-05 12:46:00,2026-04-05 13:15:00,B34 A,260.0,16.03,16.22,4.92,2.1,29.0
22,2026-04-05,UA950,2026-04-05 12:20:00,2026-04-05 11:58:00,-22.0,2026-04-05 12:14:00,2026-04-05 12:42:00,B37 A,127.0,13.78,9.22,5.01,2.43,28.0
22,2026-04-05,UA994,2026-04-05 11:51:00,2026-04-05 11:37:00,-14.0,2026-04-05 11:55:00,2026-04-05 12:25:00,B40 A,157.0,15.93,9.86,4.86,2.55,30.0
22,2026-04-05,XR5402,2026-04-05 07:46:00,2026-04-05 08:56:00,70.0,2026-04-05 09:23:00,2026-04-05 09:26:00,B5  A,88.0,13.06,6.74,4.98,1.67,3.0
23,2026-04-05,AC832,2026-04-05 11:16:00,2026-04-05 10:39:00,-37.0,2026-04-05 10:54:00,2026-04-05 11:24:00,B5  A,101.0,11.39,8.87,5.87,1.42,30.0
23,2026-04-05,ET750,2026-04-05 11:13:00,2026-04-05 11:34:00,21.0,2026-04-05 12:17:00,2026-04-05 13:03:00,B17 A,464.0,11.59,40.02,4.07,2.07,46.0
23,2026-04-05,FH8116,2026-04-05 12:44:00,2026-04-05 12:48:00,4.0,2026-04-05 13:06:00,2026-04-05 13:13:00,B38 A,140.0,10.27,13.63,4.48,2.6,7.0
23,2026-04-05,LH1004,2026-04-05 08:50:00,2026-04-05 08:53:00,3.0,2026-04-05 09:06:00,2026-04-05 09:12:00,A43 ,29.0,11.03,2.63,4.96,1.68,6.0
23,2026-04-05,SN1122,2026-04-05 08:39:00,2026-04-05 09:08:00,29.0,2026-04-05 09:20:00,2026-04-05 09:21:00,B40 A,13.0,14.26,0.91,4.91,2.53,1.0
23,2026-04-05,SN1124,2026-04-05 07:10:00,2026-04-05 07:19:00,9.0,2026-04-05 07:32:00,2026-04-05 07:48:00,B30 A,138.0,14.24,9.69,4.97,1.79,16.0
23,2026-04-05,SN206,2026-04-05 06:25:00,2026-04-05 06:48:00,23.0,2026-04-05 07:07:00,2026-04-05 07:30:00,B38 A,154.0,10.41,14.79,5.05,2.31,23.0
23,2026-04-05,SN229,2026-04-05 12:06:00,2026-04-05 12:12:00,6.0,2026-04-05 12:39:00,2026-04-05 13:03:00,B28 A,20.0,12.45,1.61,4.92,1.63,24.0
23,2026-04-05,SN278,2026-04-05 12:46:00,2026-04-05 12:41:00,-5.0,2026-04-05 13:04:00,2026-04-05 13:33:00,B31 A,62.0,12.42,4.99,6.13,1.75,29.0
23,2026-04-05,SN2900,2026-04-05 08:46:00,2026-04-05 08:33:00,-13.0,2026-04-05 08:58:00,2026-04-05 09:02:00,B14 A,79.0,11.68,6.76,6.35,1.05,4.0
23,2026-04-05,SN3326,2026-04-05 11:24:00,2026-04-05 11:41:00,17.0,2026-04-05 12:06:00,2026-04-05 12:12:00,B14 A,111.0,11.27,9.85,5.73,1.16,6.0
23,2026-04-05,SN358,2026-04-05 10:21:00,2026-04-05 11:13:00,52.0,2026-04-05 11:43:00,2026-04-05 12:03:00,B38 A,126.0,14.37,8.77,4.1,2.84,20.0
23,2026-04-05,SN379,2026-04-05 10:10:00,2026-04-05 11:03:00,53.0,2026-04-05 11:42:00,2026-04-05 12:19:00,B29 A,161.0,16.74,9.62,5.67,1.73,37.0
23,2026-04-05,SN3800,2026-04-05 06:15:00,2026-04-05 06:16:00,1.0,2026-04-05 06:28:00,2026-04-05 06:30:00,A65 ,27.0,10.44,2.59,5.17,1.61,2.0
23,2026-04-05,TB1552,2026-04-05 07:47:00,2026-04-05 07:43:00,-4.0,2026-04-05 07:55:00,2026-04-05 07:59:00,A68 ,66.0,9.26,7.13,6.09,1.37,4.0
23,2026-04-05,TB2632,2026-04-05 09:29:00,2026-04-05 09:09:00,-20.0,2026-04-05 09:35:00,2026-04-05 09:44:00,B9  A,114.0,12.38,9.21,5.27,1.58,9.0
23,2026-04-05,TB2662,2026-04-05 09:15:00,2026-04-05 09:04:00,-11.0,2026-04-05 09:22:00,2026-04-05 09:30:00,B34 A,90.0,15.9,5.66,4.38,2.36,8.0
23,2026-04-05,TG934,2026-04-05 09:21:00,2026-04-05 09:16:00,-5.0,2026-04-05 09:38:00,2026-04-05 09:58:00,B38 A,249.0,12.24,20.34,7.36,1.59,20.0
23,2026-04-05,UA950,2026-04-05 10:20:00,2026-04-05 09:58:00,-22.0,2026-04-05 10:24:00,2026-04-05 10:51:00,B40 A,188.0,13.56,13.87,4.52,2.74,27.0
23,2026-04-05,UA994,2026-04-05 08:51:00,2026-04-05 08:32:00,-19.0,2026-04-05 08:52:00,2026-04-05 09:25:00,B40 A,171.0,13.24,12.91,4.62,2.69,33.0
23,2026-04-05,XR5402,2026-04-05 07:46:00,2026-04-05 08:56:00,70.0,2026-04-05 09:23:00,2026-04-05 09:26:00,B5  A,88.0,11.52,7.64,4.07,2.05,3.0
24,2026-04-05,AC832,2026-04-05 12:18:00,2026-04-05 11:38:00,-40.0,2026-04-05 11:54:00,2026-04-05 12:17:00,B30 A,100.0,14.64,6.83,4.36,2.04,23.0
24,2026-04-05,ET750,2026-04-05 11:13:00,2026-04-05 11:34:00,21.0,2026-04-05 12:17:00,2026-04-05 13:03:00,B17 A,464.0,14.88,31.18,5.13,1.64,46.0
24,2026-04-05,FH8116,2026-04-05 12:44:00,2026-04-05 12:48:00,4.0,2026-04-05 13:06:00,2026-04-05 13:13:00,B38 A,140.0,12.1,11.57,5.69,2.05,7.0
24,2026-04-05,LH1004,2026-04-05 08:50:00,2026-04-05 08:53:00,3.0,2026-04-05 09:06:00,2026-04-05 09:12:00,A43 ,29.0,10.94,2.65,4.65,1.79,6.0
24,2026-04-05,SN1122,2026-04-05 08:39:00,2026-04-05 09:08:00,29.0,2026-04-05 09:20:00,2026-04-05 09:21:00,B40 A,13.0,9.47,1.37,3.78,3.28,1.0
24,2026-04-05,SN1124,2026-04-05 07:10:00,2026-04-05 07:19:00,9.0,2026-04-05 07:32:00,2026-04-05 07:48:00,B30 A,138.0,13.64,10.12,6.1,1.46,16.0
24,2026-04-05,SN206,2026-04-05 06:25:00,2026-04-05 06:48:00,23.0,2026-04-05 07:07:00,2026-04-05 07:30:00,B38 A,154.0,10.99,14.01,4.71,2.48,23.0
24,2026-04-05,SN229,2026-04-05 12:06:00,2026-04-05 12:12:00,6.0,2026-04-05 12:39:00,2026-04-05 13:03:00,B28 A,20.0,13.79,1.45,4.79,1.67,24.0
24,2026-04-05,SN278,2026-04-05 10:45:00,2026-04-05 10:42:00,-3.0,2026-04-05 11:04:00,2026-04-05 11:16:00,B28 A,198.0,12.66,15.63,5.89,1.36,12.0
24,2026-04-05,SN2900,2026-04-05 07:39:00,2026-04-05 07:25:00,-14.0,2026-04-05 07:38:00,2026-04-05 07:53:00,B38 A,55.0,11.4,4.82,4.35,2.68,15.0
24,2026-04-05,SN3326,2026-04-05 07:45:00,2026-04-05 08:05:00,20.0,2026-04-05 08:16:00,2026-04-05 08:36:00,B28 A,123.0,15.97,7.7,4.56,1.75,20.0
24,2026-04-05,SN358,2026-04-05 12:21:00,2026-04-05 12:23:00,2.0,2026-04-05 12:43:00,2026-04-05 13:14:00,B28 A,176.0,11.92,14.76,5.09,1.57,31.0
24,2026-04-05,SN379,2026-04-05 10:10:00,2026-04-05 11:03:00,53.0,2026-04-05 11:42:00,2026-04-05 12:19:00,B29 A,161.0,14.87,10.83,6.52,1.51,37.0
24,2026-04-05,SN3800,2026-04-05 06:15:00,2026-04-05 06:16:00,1.0,2026-04-05 06:28:00,2026-04-05 06:30:00,A65 ,27.0,13.8,1.96,5.35,1.56,2.0
24,2026-04-05,TB1552,2026-04-05 07:15:00,2026-04-05 07:08:00,-7.0,2026-04-05 07:38:00,2026-04-05 07:45:00,A61 ,152.0,9.39,16.19,6.2,1.34,7.0
24,2026-04-05,TB2632,2026-04-05 09:29:00,2026-04-05 09:09:00,-20.0,2026-04-05 09:35:00,2026-04-05 09:44:00,B9  A,114.0,14.36,7.94,3.87,2.16,9.0
24,2026-04-05,TB2662,2026-04-05 09:15:00,2026-04-05 09:04:00,-11.0,2026-04-05 09:22:00,2026-04-05 09:30:00,B34 A,90.0,14.09,6.39,6.26,1.65,8.0
24,2026-04-05,TG934,2026-04-05 12:22:00,2026-04-05 12:26:00,4.0,2026-04-05 12:46:00,2026-04-05 13:15:00,B34 A,260.0,14.61,17.79,5.75,1.8,29.0
24,2026-04-05,UA950,2026-04-05 12:20:00,2026-04-05 11:58:00,-22.0,2026-04-05 12:14:00,2026-04-05 12:42:00,B37 A,127.0,10.43,12.18,4.65,2.62,28.0
24,2026-04-05,UA994,2026-04-05 12:51:00,2026-04-05 12:35:00,-16.0,2026-04-05 12:54:00,2026-04-05 13:24:00,B38 A,109.0,13.7,7.96,4.32,2.7,30.0
24,2026-04-05,XR5402,2026-04-05 07:46:00,2026-04-05 08:56:00,70.0,2026-04-05 09:23:00,2026-04-05 09:26:00,B5  A,88.0,13.34,6.6,3.89,2.14,3.0
25,2026-04-05,AC832,2026-04-05 09:18:00,2026-04-05 08:45:00,-33.0,2026-04-05 09:06:00,2026-04-05 09:59:00,B28 A,110.0,15.66,7.03,4.55,1.76,53.0
25,2026-04-05,ET750,2026-04-05 11:13:00,2026-04-05 11:34:00,21.0,2026-04-05 12:17:00,2026-04-05 13:03:00,B17 A,464.0,13.08,35.47,4.35,1.94,46.0
25,2026-04-05,FH8116,2026-04-05 06:35:00,2026-04-05 06:00:00,-35.0,2026-04-05 06:07:00,2026-04-05 06:09:00,B15 A,22.0,13.24,1.66,4.87,1.59,2.0
25,2026-04-05,LH1004,2026-04-05 08:50:00,2026-04-05 08:53:00,3.0,2026-04-05 09:06:00,2026-04-05 09:12:00,A43 ,29.0,11.86,2.45,7.01,1.19,6.0
25,2026-04-05,SN1122,2026-04-05 08:39:00,2026-04-05 09:08:00,29.0,2026-04-05 09:20:00,2026-04-05 09:21:00,B40 A,13.0,11.74,1.11,4.99,2.49,1.0
25,2026-04-05,SN1124,2026-04-05 07:10:00,2026-04-05 07:19:00,9.0,2026-04-05 07:32:00,2026-04-05 07:48:00,B30 A,138.0,13.36,10.33,5.18,1.72,16.0
25,2026-04-05,SN206,2026-04-05 06:25:00,2026-04-05 06:48:00,23.0,2026-04-05 07:07:00,2026-04-05 07:30:00,B38 A,154.0,15.38,10.01,4.32,2.7,23.0
25,2026-04-05,SN229,2026-04-05 08:06:00,2026-04-05 09:20:00,74.0,2026-04-05 09:41:00,2026-04-05 10:22:00,B14 A,144.0,11.61,12.4,5.62,1.19,41.0
25,2026-04-05,SN278,2026-04-05 08:43:00,2026-04-05 08:27:00,-16.0,2026-04-05 08:40:00,2026-04-05 09:10:00,B37 A,123.0,14.37,8.56,5.31,2.29,30.0
25,2026-04-05,SN2900,2026-04-05 07:39:00,2026-04-05 07:25:00,-14.0,2026-04-05 07:38:00,2026-04-05 07:53:00,B38 A,55.0,12.64,4.35,5.3,2.2,15.0
25,2026-04-05,SN3326,2026-04-05 11:24:00,2026-04-05 11:41:00,17.0,2026-04-05 12:06:00,2026-04-05 12:12:00,B14 A,111.0,11.18,9.92,3.53,1.89,6.0
25,2026-04-05,SN358,2026-04-05 08:21:00,2026-04-05 08:24:00,3.0,2026-04-05 08:42:00,2026-04-05 09:09:00,B14 A,112.0,11.71,9.56,4.3,1.55,27.0
25,2026-04-05,SN379,2026-04-05 08:11:00,2026-04-05 08:40:00,29.0,2026-04-05 08:59:00,2026-04-05 09:27:00,B28 A,76.0,10.69,7.11,5.29,1.51,28.0
25,2026-04-05,SN3800,2026-04-05 06:15:00,2026-04-05 06:16:00,1.0,2026-04-05 06:28:00,2026-04-05 06:30:00,A65 ,27.0,11.76,2.3,4.89,1.7,2.0
25,2026-04-05,TB1552,2026-04-05 07:47:00,2026-04-05 07:43:00,-4.0,2026-04-05 07:55:00,2026-04-05 07:59:00,A68 ,66.0,13.66,4.83,4.46,1.87,4.0
25,2026-04-05,TB2632,2026-04-05 09:29:00,2026-04-05 09:09:00,-20.0,2026-04-05 09:35:00,2026-04-05 09:44:00,B9  A,114.0,11.46,9.95,4.88,1.71,9.0
25,2026-04-05,TB2662,2026-04-05 09:15:00,2026-04-05 09:04:00,-11.0,2026-04-05 09:22:00,2026-04-05 09:30:00,B34 A,90.0,14.7,6.12,6.53,1.58,8.0
25,2026-04-05,TG934,2026-04-05 09:21:00,2026-04-05 09:16:00,-5.0,2026-04-05 09:38:00,2026-04-05 09:58:00,B38 A,249.0,13.4,18.59,5.37,2.17,20.0
25,2026-04-05,UA950,2026-04-05 11:22:00,2026-04-05 11:02:00,-20.0,2026-04-05 11:22:00,2026-04-05 11:45:00,B28 A,170.0,15.41,11.03,5.7,1.4,23.0
25,2026-04-05,UA994,2026-04-05 09:51:00,2026-04-05 11:28:00,97.0,2026-04-05 11:44:00,2026-04-05 12:09:00,B40 A,135.0,10.32,13.08,4.57,2.72,25.0
25,2026-04-05,XR5402,2026-04-05 07:46:00,2026-04-05 08:56:00,70.0,2026-04-05 09:23:00,2026-04-05 09:26:00,B5  A,88.0,12.46,7.06,5.24,1.59,3.0
26,2026-04-05,AC832,2026-04-05 11:16:00,2026-04-05 10:39:00,-37.0,2026-04-05 10:54:00,2026-04-05 11:24:00,B5  A,101.0,12.84,7.87,5.68,1.47,30.0
26,2026-04-05,ET750,2026-04-05 11:13:00,2026-04-05 11:34:00,21.0,2026-04-05 12:17:00,2026-04-05 13:03:00,B17 A,464.0,12.94,35.87,5.15,1.63,46.0
26,2026-04-05,FH8116,2026-04-05 12:44:00,2026-04-05 12:48:00,4.0,2026-04-05 13:06:00,2026-04-05 13:13:00,B38 A,140.0,14.39,9.73,5.28,2.21,7.0
26,2026-04-05,LH1004,2026-04-05 09:50:00,2026-04-05 09:53:00,3.0,2026-04-05 10:20:00,2026-04-05 10:27:00,A43 ,33.0,15.24,2.16,4.36,1.91,7.0
26,2026-04-05,SN1122,2026-04-05 08:39:00,2026-04-05 09:08:00,29.0,2026-04-05 09:20:00,2026-04-05 09:21:00,B40 A,13.0,14.92,0.87,3.52,3.52,1.0
26,2026-04-05,SN1124,2026-04-05 07:10:00,2026-04-05 07:19:00,9.0,2026-04-05 07:32:00,2026-04-05 07:48:00,B30 A,138.0,14.81,9.32,4.63,1.92,16.0
26,2026-04-05,SN206,2026-04-05 06:25:00,2026-04-05 06:48:00,23.0,2026-04-05 07:07:00,2026-04-05 07:30:00,B38 A,154.0,11.04,13.95,5.34,2.18,23.0
26,2026-04-05,SN229,2026-04-05 10:04:00,2026-04-05 10:26:00,22.0,2026-04-05 10:41:00,2026-04-05 11:10:00,B31 A,120.0,13.78,8.71,4.33,2.48,29.0
26,2026-04-05,SN278,2026-04-05 12:46:00,2026-04-05 12:41:00,-5.0,2026-04-05 13:04:00,2026-04-05 13:33:00,B31 A,62.0,13.89,4.46,4.79,2.25,29.0
26,2026-04-05,SN2900,2026-04-05 07:39:00,2026-04-05 07:25:00,-14.0,2026-04-05 07:38:00,2026-04-05 07:53:00,B38 A,55.0,12.33,4.46,5.47,2.13,15.0
26,2026-04-05,SN3326,2026-04-05 07:45:00,2026-04-05 08:05:00,20.0,2026-04-05 08:16:00,2026-04-05 08:36:00,B28 A,123.0,13.51,9.11,5.03,1.59,20.0
26,2026-04-05,SN358,2026-04-05 08:21:00,2026-04-05 08:24:00,3.0,2026-04-05 08:42:00,2026-04-05 09:09:00,B14 A,112.0,11.78,9.51,4.66,1.43,27.0
26,2026-04-05,SN379,2026-04-05 08:11:00,2026-04-05 08:40:00,29.0,2026-04-05 08:59:00,2026-04-05 09:27:00,B28 A,76.0,12.39,6.13,5.23,1.53,28.0
26,2026-04-05,SN3800,2026-04-05 06:15:00,2026-04-05 06:16:00,1.0,2026-04-05 06:28:00,2026-04-05 06:30:00,A65 ,27.0,13.33,2.03,4.27,1.95,2.0
26,2026-04-05,TB1552,2026-04-05 08:29:00,2026-04-05 08:25:00,-4.0,2026-04-05 08:46:00,2026-04-05 08:54:00,A61 ,166.0,10.05,16.52,6.17,1.35,8.0
26,2026-04-05,TB2632,2026-04-05 09:29:00,2026-04-05 09:09:00,-20.0,2026-04-05 09:35:00,2026-04-05 09:44:00,B9  A,114.0,11.28,10.1,5.08,1.64,9.0
26,2026-04-05,TB2662,2026-04-05 09:15:00,2026-04-05 09:04:00,-11.0,2026-04-05 09:22:00,2026-04-05 09:30:00,B34 A,90.0,15.4,5.84,5.78,1.79,8.0
26,2026-04-05,TG934,2026-04-05 09:21:00,2026-04-05 09:16:00,-5.0,2026-04-05 09:38:00,2026-04-05 09:58:00,B38 A,249.0,13.42,18.55,4.82,2.42,20.0
26,2026-04-05,UA950,2026-04-05 11:22:00,2026-04-05 11:02:00,-20.0,2026-04-05 11:22:00,2026-04-05 11:45:00,B28 A,170.0,12.35,13.76,5.37,1.49,23.0
26,2026-04-05,UA994,2026-04-05 11:51:00,2026-04-05 11:37:00,-14.0,2026-04-05 11:55:00,2026-04-05 12:25:00,B40 A,157.0,15.08,10.41,6.05,2.05,30.0
26,2026-04-05,XR5402,2026-04-05 07:46:00,2026-04-05 08:56:00,70.0,2026-04-05 09:23:00,2026-04-05 09:26:00,B5  A,88.0,9.32,9.44,4.5,1.85,3.0
27,2026-04-05,AC832,2026-04-05 10:17:00,2026-04-05 10:43:00,26.0,2026-04-05 11:00:00,2026-04-05 11:34:00,B14 A,172.0,13.25,12.98,4.76,1.4,34.0
27,2026-04-05,ET750,2026-04-05 11:13:00,2026-04-05 11:34:00,21.0,2026-04-05 12:17:00,2026-04-05 13:03:00,B17 A,464.0,12.66,36.64,4.56,1.85,46.0
27,2026-04-05,FH8116,2026-04-05 06:35:00,2026-04-05 06:00:00,-35.0,2026-04-05 06:07:00,2026-04-05 06:09:00,B15 A,22.0,9.31,2.36,3.88,1.99,2.0
27,2026-04-05,LH1004,2026-04-05 11:51:00,2026-04-05 11:47:00,-4.0,2026-04-05 12:07:00,2026-04-05 12:12:00,A43 ,23.0,10.55,2.18,5.89,1.41,5.0
27,2026-04-05,SN1122,2026-04-05 08:39:00,2026-04-05 09:08:00,29.0,2026-04-05 09:20:00,2026-04-05 09:21:00,B40 A,13.0,11.32,1.15,5.58,2.23,1.0
27,2026-04-05,SN1124,2026-04-05 07:10:00,2026-04-05 07:19:00,9.0,2026-04-05 07:32:00,2026-04-05 07:48:00,B30 A,138.0,13.26,10.41,5.69,1.57,16.0
27,2026-04-05,SN206,2026-04-05 06:25:00,2026-04-05 06:48:00,23.0,2026-04-05 07:07:00,2026-04-05 07:30:00,B38 A,154.0,13.84,11.13,3.7,3.15,23.0
27,2026-04-05,SN229,2026-04-05 10:04:00,2026-04-05 10:26:00,22.0,2026-04-05 10:41:00,2026-04-05 11:10:00,B31 A,120.0,10.05,11.94,3.87,2.78,29.0
27,2026-04-05,SN278,2026-04-05 12:46:00,2026-04-05 12:41:00,-5.0,2026-04-05 13:04:00,2026-04-05 13:33:00,B31 A,62.0,11.62,5.34,3.68,2.92,29.0
27,2026-04-05,SN2900,2026-04-05 10:44:00,2026-04-05 11:04:00,20.0,2026-04-05 11:13:00,2026-04-05 11:34:00,B32 A,49.0,14.02,3.49,3.74,2.58,21.0
27,2026-04-05,SN3326,2026-04-05 11:24:00,2026-04-05 11:41:00,17.0,2026-04-05 12:06:00,2026-04-05 12:12:00,B14 A,111.0,14.32,7.75,4.16,1.6,6.0
27,2026-04-05,SN358,2026-04-05 08:21:00,2026-04-05 08:24:00,3.0,2026-04-05 08:42:00,2026-04-05 09:09:00,B14 A,112.0,13.8,8.12,4.09,1.63,27.0
27,2026-04-05,SN379,2026-04-05 08:11:00,2026-04-05 08:40:00,29.0,2026-04-05 08:59:00,2026-04-05 09:27:00,B28 A,76.0,10.85,7.0,4.42,1.81,28.0
27,2026-04-05,SN3800,2026-04-05 06:15:00,2026-04-05 06:16:00,1.0,2026-04-05 06:28:00,2026-04-05 06:30:00,A65 ,27.0,11.88,2.27,4.76,1.75,2.0
27,2026-04-05,TB1552,2026-04-05 07:47:00,2026-04-05 07:43:00,-4.0,2026-04-05 07:55:00,2026-04-05 07:59:00,A68 ,66.0,10.66,6.19,4.17,2.0,4.0
27,2026-04-05,TB2632,2026-04-05 09:29:00,2026-04-05 09:09:00,-20.0,2026-04-05 09:35:00,2026-04-05 09:44:00,B9  A,114.0,12.89,8.85,6.1,1.37,9.0
27,2026-04-05,TB2662,2026-04-05 09:15:00,2026-04-05 09:04:00,-11.0,2026-04-05 09:22:00,2026-04-05 09:30:00,B34 A,90.0,12.06,7.46,5.36,1.93,8.0
27,2026-04-05,TG934,2026-04-05 09:21:00,2026-04-05 09:16:00,-5.0,2026-04-05 09:38:00,2026-04-05 09:58:00,B38 A,249.0,14.71,16.93,5.75,2.03,20.0
27,2026-04-05,UA950,2026-04-05 09:21:00,2026-04-05 08:45:00,-36.0,2026-04-05 09:03:00,2026-04-05 09:29:00,B5  A,163.0,11.29,14.43,4.53,1.84,26.0
27,2026-04-05,UA994,2026-04-05 10:51:00,2026-04-05 10:01:00,-50.0,2026-04-05 10:18:00,2026-04-05 10:42:00,B38 A,177.0,12.02,14.72,5.13,2.27,24.0
27,2026-04-05,XR5402,2026-04-05 07:46:00,2026-04-05 08:56:00,70.0,2026-04-05 09:23:00,2026-04-05 09:26:00,B5  A,88.0,12.11,7.27,5.55,1.5,3.0
28,2026-04-05,AC832,2026-04-05 12:18:00,2026-04-05 11:38:00,-40.0,2026-04-05 11:54:00,2026-04-05 12:17:00,B30 A,100.0,14.69,6.81,4.71,1.89,23.0
28,2026-04-05,ET750,2026-04-05 11:13:00,2026-04-05 11:34:00,21.0,2026-04-05 12:17:00,2026-04-05 13:03:00,B17 A,464.0,14.01,33.13,4.85,1.74,46.0
28,2026-04-05,FH8116,2026-04-05 06:35:00,2026-04-05 06:00:00,-35.0,2026-04-05 06:07:00,2026-04-05 06:09:00,B15 A,22.0,15.24,1.44,5.75,1.35,2.0
28,2026-04-05,LH1004,2026-04-05 11:51:00,2026-04-05 11:47:00,-4.0,2026-04-05 12:07:00,2026-04-05 12:12:00,A43 ,23.0,14.67,1.57,4.52,1.84,5.0
28,2026-04-05,SN1122,2026-04-05 08:39:00,2026-04-05 09:08:00,29.0,2026-04-05 09:20:00,2026-04-05 09:21:00,B40 A,13.0,13.38,0.97,4.15,2.99,1.0
28,2026-04-05,SN1124,2026-04-05 07:10:00,2026-04-05 07:19:00,9.0,2026-04-05 07:32:00,2026-04-05 07:48:00,B30 A,138.0,13.71,10.07,6.75,1.32,16.0
28,2026-04-05,SN206,2026-04-05 06:25:00,2026-04-05 06:48:00,23.0,2026-04-05 07:07:00,2026-04-05 07:30:00,B38 A,154.0,11.75,13.11,4.44,2.62,23.0
28,2026-04-05,SN229,2026-04-05 08:06:00,2026-04-05 09:20:00,74.0,2026-04-05 09:41:00,2026-04-05 10:22:00,B14 A,144.0,10.84,13.28,5.08,1.31,41.0
28,2026-04-05,SN278,2026-04-05 08:43:00,2026-04-05 08:27:00,-16.0,2026-04-05 08:40:00,2026-04-05 09:10:00,B37 A,123.0,12.55,9.8,5.96,2.04,30.0
28,2026-04-05,SN2900,2026-04-05 08:46:00,2026-04-05 08:33:00,-13.0,2026-04-05 08:58:00,2026-04-05 09:02:00,B14 A,79.0,13.57,5.82,6.13,1.09,4.0
28,2026-04-05,SN3326,2026-04-05 07:45:00,2026-04-05 08:05:00,20.0,2026-04-05 08:16:00,2026-04-05 08:36:00,B28 A,123.0,14.15,8.7,4.51,1.78,20.0
28,2026-04-05,SN358,2026-04-05 08:21:00,2026-04-05 08:24:00,3.0,2026-04-05 08:42:00,2026-04-05 09:09:00,B14 A,112.0,14.37,7.79,5.8,1.15,27.0
28,2026-04-05,SN379,2026-04-05 10:10:00,2026-04-05 11:03:00,53.0,2026-04-05 11:42:00,2026-04-05 12:19:00,B29 A,161.0,12.68,12.69,6.15,1.6,37.0
28,2026-04-05,SN3800,2026-04-05 06:15:00,2026-04-05 06:16:00,1.0,2026-04-05 06:28:00,2026-04-05 06:30:00,A65 ,27.0,10.49,2.57,4.41,1.89,2.0
28,2026-04-05,TB1552,2026-04-05 07:15:00,2026-04-05 07:08:00,-7.0,2026-04-05 07:38:00,2026-04-05 07:45:00,A61 ,152.0,9.42,16.13,4.71,1.77,7.0
28,2026-04-05,TB2632,2026-04-05 09:29:00,2026-04-05 09:09:00,-20.0,2026-04-05 09:35:00,2026-04-05 09:44:00,B9  A,114.0,10.57,10.78,4.7,1.77,9.0
28,2026-04-05,TB2662,2026-04-05 09:15:00,2026-04-05 09:04:00,-11.0,2026-04-05 09:22:00,2026-04-05 09:30:00,B34 A,90.0,11.31,7.96,4.65,2.22,8.0
28,2026-04-05,TG934,2026-04-05 09:21:00,2026-04-05 09:16:00,-5.0,2026-04-05 09:38:00,2026-04-05 09:58:00,B38 A,249.0,14.3,17.42,5.3,2.2,20.0
28,2026-04-05,UA950,2026-04-05 09:21:00,2026-04-05 08:45:00,-36.0,2026-04-05 09:03:00,2026-04-05 09:29:00,B5  A,163.0,12.48,13.06,5.15,1.62,26.0
28,2026-04-05,UA994,2026-04-05 09:51:00,2026-04-05 11:28:00,97.0,2026-04-05 11:44:00,2026-04-05 12:09:00,B40 A,135.0,12.04,11.21,3.85,3.22,25.0
28,2026-04-05,XR5402,2026-04-05 07:46:00,2026-04-05 08:56:00,70.0,2026-04-05 09:23:00,2026-04-05 09:26:00,B5  A,88.0,13.62,6.46,4.59,1.82,3.0
29,2026-04-05,AC832,2026-04-05 08:17:00,2026-04-05 07:46:00,-31.0,2026-04-05 08:02:00,2026-04-05 08:29:00,B30 A,122.0,14.15,8.62,5.6,1.59,27.0
29,2026-04-05,ET750,2026-04-05 11:13:00,2026-04-05 11:34:00,21.0,2026-04-05 12:17:00,2026-04-05 13:03:00,B17 A,464.0,15.55,29.84,4.22,1.99,46.0
29,2026-04-05,FH8116,2026-04-05 12:44:00,2026-04-05 12:48:00,4.0,2026-04-05 13:06:00,2026-04-05 13:13:00,B38 A,140.0,11.03,12.7,4.9,2.38,7.0
29,2026-04-05,LH1004,2026-04-05 09:50:00,2026-04-05 09:53:00,3.0,2026-04-05 10:20:00,2026-04-05 10:27:00,A43 ,33.0,15.53,2.12,5.0,1.67,7.0
29,2026-04-05,SN1122,2026-04-05 08:39:00,2026-04-05 09:08:00,29.0,2026-04-05 09:20:00,2026-04-05 09:21:00,B40 A,13.0,11.88,1.09,4.45,2.79,1.0
29,2026-04-05,SN1124,2026-04-05 07:10:00,2026-04-05 07:19:00,9.0,2026-04-05 07:32:00,2026-04-05 07:48:00,B30 A,138.0,13.71,10.06,5.0,1.78,16.0
29,2026-04-05,SN206,2026-04-05 06:25:00,2026-04-05 06:48:00,23.0,2026-04-05 07:07:00,2026-04-05 07:30:00,B38 A,154.0,12.24,12.58,5.45,2.14,23.0
29,2026-04-05,SN229,2026-04-05 12:06:00,2026-04-05 12:12:00,6.0,2026-04-05 12:39:00,2026-04-05 13:03:00,B28 A,20.0,13.44,1.49,5.46,1.47,24.0
29,2026-04-05,SN278,2026-04-05 12:46:00,2026-04-05 12:41:00,-5.0,2026-04-05 13:04:00,2026-04-05 13:33:00,B31 A,62.0,11.28,5.5,4.44,2.42,29.0
29,2026-04-05,SN2900,2026-04-05 07:39:00,2026-04-05 07:25:00,-14.0,2026-04-05 07:38:00,2026-04-05 07:53:00,B38 A,55.0,12.11,4.54,4.16,2.81,15.0
29,2026-04-05,SN3326,2026-04-05 11:24:00,2026-04-05 11:41:00,17.0,2026-04-05 12:06:00,2026-04-05 12:12:00,B14 A,111.0,11.85,9.37,6.66,1.0,6.0
29,2026-04-05,SN358,2026-04-05 08:21:00,2026-04-05 08:24:00,3.0,2026-04-05 08:42:00,2026-04-05 09:09:00,B14 A,112.0,10.66,10.5,5.47,1.22,27.0
29,2026-04-05,SN379,2026-04-05 08:11:00,2026-04-05 08:40:00,29.0,2026-04-05 08:59:00,2026-04-05 09:27:00,B28 A,76.0,12.31,6.17,5.32,1.5,28.0
29,2026-04-05,SN3800,2026-04-05 06:15:00,2026-04-05 06:16:00,1.0,2026-04-05 06:28:00,2026-04-05 06:30:00,A65 ,27.0,9.26,2.92,4.67,1.78,2.0
29,2026-04-05,TB1552,2026-04-05 07:47:00,2026-04-05 07:43:00,-4.0,2026-04-05 07:55:00,2026-04-05 07:59:00,A68 ,66.0,11.45,5.76,6.85,1.22,4.0
29,2026-04-05,TB2632,2026-04-05 09:29:00,2026-04-05 09:09:00,-20.0,2026-04-05 09:35:00,2026-04-05 09:44:00,B9  A,114.0,13.75,8.29,4.96,1.68,9.0
29,2026-04-05,TB2662,2026-04-05 09:15:00,2026-04-05 09:04:00,-11.0,2026-04-05 09:22:00,2026-04-05 09:30:00,B34 A,90.0,15.69,5.74,5.19,1.99,8.0
29,2026-04-05,TG934,2026-04-05 12:22:00,2026-04-05 12:26:00,4.0,2026-04-05 12:46:00,2026-04-05 13:15:00,B34 A,260.0,14.73,17.65,5.66,1.82,29.0
29,2026-04-05,UA950,2026-04-05 11:22:00,2026-04-05 11:02:00,-20.0,2026-04-05 11:22:00,2026-04-05 11:45:00,B28 A,170.0,12.13,14.01,5.85,1.37,23.0
29,2026-04-05,UA994,2026-04-05 08:51:00,2026-04-05 08:32:00,-19.0,2026-04-05 08:52:00,2026-04-05 09:25:00,B40 A,171.0,11.87,14.41,4.15,2.99,33.0
29,2026-04-05,XR5402,2026-04-05 07:46:00,2026-04-05 08:56:00,70.0,2026-04-05 09:23:00,2026-04-05 09:26:00,B5  A,88.0,15.72,5.6,5.06,1.65,3.0
30,2026-04-05,AC832,2026-04-05 10:17:00,2026-04-05 10:43:00,26.0,2026-04-05 11:00:00,2026-04-05 11:34:00,B14 A,172.0,11.64,14.78,7.44,0.9,34.0
30,2026-04-05,ET750,2026-04-05 11:13:00,2026-04-05 11:34:00,21.0,2026-04-05 12:17:00,2026-04-05 13:03:00,B17 A,464.0,11.23,41.31,5.51,1.53,46.0
30,2026-04-05,FH8116,2026-04-05 12:44:00,2026-04-05 12:48:00,4.0,2026-04-05 13:06:00,2026-04-05 13:13:00,B38 A,140.0,11.49,12.18,6.24,1.87,7.0
30,2026-04-05,LH1004,2026-04-05 09:50:00,2026-04-05 09:53:00,3.0,2026-04-05 10:20:00,2026-04-05 10:27:00,A43 ,33.0,11.13,2.97,4.04,2.07,7.0
30,2026-04-05,SN1122,2026-04-05 08:39:00,2026-04-05 09:08:00,29.0,2026-04-05 09:20:00,2026-04-05 09:21:00,B40 A,13.0,14.01,0.93,5.86,2.12,1.0
30,2026-04-05,SN1124,2026-04-05 07:10:00,2026-04-05 07:19:00,9.0,2026-04-05 07:32:00,2026-04-05 07:48:00,B30 A,138.0,13.12,10.51,5.3,1.68,16.0
30,2026-04-05,SN206,2026-04-05 06:25:00,2026-04-05 06:48:00,23.0,2026-04-05 07:07:00,2026-04-05 07:30:00,B38 A,154.0,9.3,16.55,4.92,2.37,23.0
30,2026-04-05,SN229,2026-04-05 12:06:00,2026-04-05 12:12:00,6.0,2026-04-05 12:39:00,2026-04-05 13:03:00,B28 A,20.0,14.59,1.37,3.92,2.04,24.0
30,2026-04-05,SN278,2026-04-05 12:46:00,2026-04-05 12:41:00,-5.0,2026-04-05 13:04:00,2026-04-05 13:33:00,B31 A,62.0,11.57,5.36,4.7,2.29,29.0
30,2026-04-05,SN2900,2026-04-05 10:44:00,2026-04-05 11:04:00,20.0,2026-04-05 11:13:00,2026-04-05 11:34:00,B32 A,49.0,12.94,3.79,3.68,2.62,21.0
30,2026-04-05,SN3326,2026-04-05 11:24:00,2026-04-05 11:41:00,17.0,2026-04-05 12:06:00,2026-04-05 12:12:00,B14 A,111.0,11.9,9.33,4.76,1.4,6.0
30,2026-04-05,SN358,2026-04-05 10:21:00,2026-04-05 11:13:00,52.0,2026-04-05 11:43:00,2026-04-05 12:03:00,B38 A,126.0,11.86,10.62,5.35,2.18,20.0
30,2026-04-05,SN379,2026-04-05 10:10:00,2026-04-05 11:03:00,53.0,2026-04-05 11:42:00,2026-04-05 12:19:00,B29 A,161.0,12.2,13.19,4.78,2.06,37.0
30,2026-04-05,SN3800,2026-04-05 06:15:00,2026-04-05 06:16:00,1.0,2026-04-05 06:28:00,2026-04-05 06:30:00,A65 ,27.0,8.03,3.36,4.29,1.94,2.0
30,2026-04-05,TB1552,2026-04-05 07:47:00,2026-04-05 07:43:00,-4.0,2026-04-05 07:55:00,2026-04-05 07:59:00,A68 ,66.0,12.21,5.41,5.41,1.54,4.0
30,2026-04-05,TB2632,2026-04-05 09:29:00,2026-04-05 09:09:00,-20.0,2026-04-05 09:35:00,2026-04-05 09:44:00,B9  A,114.0,9.67,11.79,6.19,1.35,9.0
30,2026-04-05,TB2662,2026-04-05 09:15:00,2026-04-05 09:04:00,-11.0,2026-04-05 09:22:00,2026-04-05 09:30:00,B34 A,90.0,15.12,5.95,5.03,2.05,8.0
30,2026-04-05,TG934,2026-04-05 09:21:00,2026-04-05 09:16:00,-5.0,2026-04-05 09:38:00,2026-04-05 09:58:00,B38 A,249.0,13.2,18.86,5.29,2.21,20.0
30,2026-04-05,UA950,2026-04-05 09:21:00,2026-04-05 08:45:00,-36.0,2026-04-05 09:03:00,2026-04-05 09:29:00,B5  A,163.0,12.89,12.64,4.65,1.79,26.0
30,2026-04-05,UA994,2026-04-05 09:51:00,2026-04-05 11:28:00,97.0,2026-04-05 11:44:00,2026-04-05 12:09:00,B40 A,135.0,12.61,10.71,5.0,2.48,25.0
30,2026-04-05,XR5402,2026-04-05 07:46:00,2026-04-05 08:56:00,70.0,2026-04-05 09:23:00,2026-04-05 09:26:00,B5  A,88.0,11.59,7.59,4.43,1.88,3.0
31,2026-04-05,AC832,2026-04-05 08:17:00,2026-04-05 07:46:00,-31.0,2026-04-05 08:02:00,2026-04-05 08:29:00,B30 A,122.0,11.87,10.28,5.97,1.49,27.0
31,2026-04-05,ET750,2026-04-05 11:13:00,2026-04-05 11:34:00,21.0,2026-04-05 12:17:00,2026-04-05 13:03:00,B17 A,464.0,12.3,37.72,5.89,1.43,46.0
31,2026-04-05,FH8116,2026-04-05 12:44:00,2026-04-05 12:48:00,4.0,2026-04-05 13:06:00,2026-04-05 13:13:00,B38 A,140.0,9.49,14.76,5.02,2.32,7.0
31,2026-04-05,LH1004,2026-04-05 08:50:00,2026-04-05 08:53:00,3.0,2026-04-05 09:06:00,2026-04-05 09:12:00,A43 ,29.0,12.3,2.36,4.57,1.82,6.0
31,2026-04-05,SN1122,2026-04-05 08:39:00,2026-04-05 09:08:00,29.0,2026-04-05 09:20:00,2026-04-05 09:21:00,B40 A,13.0,11.24,1.16,5.18,2.4,1.0
31,2026-04-05,SN1124,2026-04-05 07:10:00,2026-04-05 07:19:00,9.0,2026-04-05 07:32:00,2026-04-05 07:48:00,B30 A,138.0,14.54,9.49,4.47,1.99,16.0
31,2026-04-05,SN206,2026-04-05 06:25:00,2026-04-05 06:48:00,23.0,2026-04-05 07:07:00,2026-04-05 07:30:00,B38 A,154.0,11.86,12.99,5.87,1.99,23.0
31,2026-04-05,SN229,2026-04-05 10:04:00,2026-04-05 10:26:00,22.0,2026-04-05 10:41:00,2026-04-05 11:10:00,B31 A,120.0,13.06,9.19,5.6,1.92,29.0
31,2026-04-05,SN278,2026-04-05 10:45:00,2026-04-05 10:42:00,-3.0,2026-04-05 11:04:00,2026-04-05 11:16:00,B28 A,198.0,13.6,14.56,5.57,1.44,12.0
31,2026-04-05,SN2900,2026-04-05 07:39:00,2026-04-05 07:25:00,-14.0,2026-04-05 07:38:00,2026-04-05 07:53:00,B38 A,55.0,10.99,5.01,5.09,2.29,15.0
31,2026-04-05,SN3326,2026-04-05 11:24:00,2026-04-05 11:41:00,17.0,2026-04-05 12:06:00,2026-04-05 12:12:00,B14 A,111.0,13.58,8.17,5.6,1.19,6.0
31,2026-04-05,SN358,2026-04-05 10:21:00,2026-04-05 11:13:00,52.0,2026-04-05 11:43:00,2026-04-05 12:03:00,B38 A,126.0,16.04,7.85,6.45,1.81,20.0
31,2026-04-05,SN379,2026-04-05 08:11:00,2026-04-05 08:40:00,29.0,2026-04-05 08:59:00,2026-04-05 09:27:00,B28 A,76.0,12.37,6.14,5.83,1.37,28.0
31,2026-04-05,SN3800,2026-04-05 06:15:00,2026-04-05 06:16:00,1.0,2026-04-05 06:28:00,2026-04-05 06:30:00,A65 ,27.0,13.81,1.95,4.72,1.77,2.0
31,2026-04-05,TB1552,2026-04-05 08:29:00,2026-04-05 08:25:00,-4.0,2026-04-05 08:46:00,2026-04-05 08:54:00,A61 ,166.0,15.0,11.07,4.59,1.81,8.0
31,2026-04-05,TB2632,2026-04-05 09:29:00,2026-04-05 09:09:00,-20.0,2026-04-05 09:35:00,2026-04-05 09:44:00,B9  A,114.0,13.82,8.25,5.11,1.63,9.0
31,2026-04-05,TB2662,2026-04-05 09:15:00,2026-04-05 09:04:00,-11.0,2026-04-05 09:22:00,2026-04-05 09:30:00,B34 A,90.0,9.26,9.72,4.1,2.52,8.0
31,2026-04-05,TG934,2026-04-05 12:22:00,2026-04-05 12:26:00,4.0,2026-04-05 12:46:00,2026-04-05 13:15:00,B34 A,260.0,15.91,16.34,4.67,2.21,29.0
31,2026-04-05,UA950,2026-04-05 09:21:00,2026-04-05 08:45:00,-36.0,2026-04-05 09:03:00,2026-04-05 09:29:00,B5  A,163.0,14.42,11.3,6.05,1.38,26.0
31,2026-04-05,UA994,2026-04-05 11:51:00,2026-04-05 11:37:00,-14.0,2026-04-05 11:55:00,2026-04-05 12:25:00,B40 A,157.0,13.44,11.68,5.65,2.2,30.0
31,2026-04-05,XR5402,2026-04-05 07:46:00,2026-04-05 08:56:00,70.0,2026-04-05 09:23:00,2026-04-05 09:26:00,B5  A,88.0,14.83,5.93,5.83,1.43,3.0
32,2026-04-05,AC832,2026-04-05 12:18:00,2026-04-05 11:38:00,-40.0,2026-04-05 11:54:00,2026-04-05 12:17:00,B30 A,100.0,14.78,6.77,4.91,1.82,23.0
32,2026-04-05,ET750,2026-04-05 11:13:00,2026-04-05 11:34:00,21.0,2026-04-05 12:17:00,2026-04-05 13:03:00,B17 A,464.0,13.3,34.88,4.26,1.97,46.0
32,2026-04-05,FH8116,2026-04-05 12:44:00,2026-04-05 12:48:00,4.0,2026-04-05 13:06:00,2026-04-05 13:13:00,B38 A,140.0,12.31,11.38,3.97,2.94,7.0
32,2026-04-05,LH1004,2026-04-05 11:51:00,2026-04-05 11:47:00,-4.0,2026-04-05 12:07:00,2026-04-05 12:12:00,A43 ,23.0,10.34,2.22,4.39,1.9,5.0
32,2026-04-05,SN1122,2026-04-05 08:39:00,2026-04-05 09:08:00,29.0,2026-04-05 09:20:00,2026-04-05 09:21:00,B40 A,13.0,11.73,1.11,4.41,2.82,1.0
32,2026-04-05,SN1124,2026-04-05 07:10:00,2026-04-05 07:19:00,9.0,2026-04-05 07:32:00,2026-04-05 07:48:00,B30 A,138.0,13.73,10.05,3.8,2.34,16.0
32,2026-04-05,SN206,2026-04-05 06:25:00,2026-04-05 06:48:00,23.0,2026-04-05 07:07:00,2026-04-05 07:30:00,B38 A,154.0,12.61,12.21,4.52,2.58,23.0
32,2026-04-05,SN229,2026-04-05 08:06:00,2026-04-05 09:20:00,74.0,2026-04-05 09:41:00,2026-04-05 10:22:00,B14 A,144.0,11.05,13.03,4.43,1.5,41.0
32,2026-04-05,SN278,2026-04-05 08:43:00,2026-04-05 08:27:00,-16.0,2026-04-05 08:40:00,2026-04-05 09:10:00,B37 A,123.0,14.63,8.4,4.38,2.78,30.0
32,2026-04-05,SN2900,2026-04-05 07:39:00,2026-04-05 07:25:00,-14.0,2026-04-05 07:38:00,2026-04-05 07:53:00,B38 A,55.0,11.99,4.59,5.67,2.06,15.0
32,2026-04-05,SN3326,2026-04-05 11:24:00,2026-04-05 11:41:00,17.0,2026-04-05 12:06:00,2026-04-05 12:12:00,B14 A,111.0,9.06,12.26,5.52,1.21,6.0
32,2026-04-05,SN358,2026-04-05 10:21:00,2026-04-05 11:13:00,52.0,2026-04-05 11:43:00,2026-04-05 12:03:00,B38 A,126.0,13.84,9.1,8.03,1.45,20.0
32,2026-04-05,SN379,2026-04-05 10:10:00,2026-04-05 11:03:00,53.0,2026-04-05 11:42:00,2026-04-05 12:19:00,B29 A,161.0,11.11,14.49,5.6,1.76,37.0
32,2026-04-05,SN3800,2026-04-05 06:15:00,2026-04-05 06:16:00,1.0,2026-04-05 06:28:00,2026-04-05 06:30:00,A65 ,27.0,11.89,2.27,5.33,1.56,2.0
32,2026-04-05,TB1552,2026-04-05 07:15:00,2026-04-05 07:08:00,-7.0,2026-04-05 07:38:00,2026-04-05 07:45:00,A61 ,152.0,12.92,11.76,3.39,2.46,7.0
32,2026-04-05,TB2632,2026-04-05 09:29:00,2026-04-05 09:09:00,-20.0,2026-04-05 09:35:00,2026-04-05 09:44:00,B9  A,114.0,13.79,8.27,5.48,1.52,9.0
32,2026-04-05,TB2662,2026-04-05 09:15:00,2026-04-05 09:04:00,-11.0,2026-04-05 09:22:00,2026-04-05 09:30:00,B34 A,90.0,11.86,7.59,4.11,2.51,8.0
32,2026-04-05,TG934,2026-04-05 09:21:00,2026-04-05 09:16:00,-5.0,2026-04-05 09:38:00,2026-04-05 09:58:00,B38 A,249.0,15.35,16.22,4.54,2.57,20.0
32,2026-04-05,UA950,2026-04-05 08:20:00,2026-04-05 08:20:00,0.0,2026-04-05 08:36:00,2026-04-05 09:25:00,B38 A,176.0,13.14,13.4,5.9,1.98,49.0
32,2026-04-05,UA994,2026-04-05 08:51:00,2026-04-05 08:32:00,-19.0,2026-04-05 08:52:00,2026-04-05 09:25:00,B40 A,171.0,13.55,12.62,5.02,2.47,33.0
32,2026-04-05,XR5402,2026-04-05 07:46:00,2026-04-05 08:56:00,70.0,2026-04-05 09:23:00,2026-04-05 09:26:00,B5  A,88.0,12.97,6.78,5.7,1.46,3.0
33,2026-04-05,AC832,2026-04-05 12:18:00,2026-04-05 11:38:00,-40.0,2026-04-05 11:54:00,2026-04-05 12:17:00,B30 A,100.0,16.09,6.22,5.42,1.65,23.0
33,2026-04-05,ET750,2026-04-05 11:13:00,2026-04-05 11:34:00,21.0,2026-04-05 12:17:00,2026-04-05 13:03:00,B17 A,464.0,12.04,38.53,4.37,1.92,46.0
33,2026-04-05,FH8116,2026-04-05 12:44:00,2026-04-05 12:48:00,4.0,2026-04-05 13:06:00,2026-04-05 13:13:00,B38 A,140.0,12.36,11.33,6.07,1.92,7.0
33,2026-04-05,LH1004,2026-04-05 09:50:00,2026-04-05 09:53:00,3.0,2026-04-05 10:20:00,2026-04-05 10:27:00,A43 ,33.0,14.44,2.29,4.75,1.76,7.0
33,2026-04-05,SN1122,2026-04-05 08:39:00,2026-04-05 09:08:00,29.0,2026-04-05 09:20:00,2026-04-05 09:21:00,B40 A,13.0,11.6,1.12,4.83,2.57,1.0
33,2026-04-05,SN1124,2026-04-05 07:10:00,2026-04-05 07:19:00,9.0,2026-04-05 07:32:00,2026-04-05 07:48:00,B30 A,138.0,12.04,11.46,6.54,1.36,16.0
33,2026-04-05,SN206,2026-04-05 06:25:00,2026-04-05 06:48:00,23.0,2026-04-05 07:07:00,2026-04-05 07:30:00,B38 A,154.0,14.51,10.61,4.04,2.89,23.0
33,2026-04-05,SN229,2026-04-05 08:06:00,2026-04-05 09:20:00,74.0,2026-04-05 09:41:00,2026-04-05 10:22:00,B14 A,144.0,11.15,12.91,4.21,1.58,41.0
33,2026-04-05,SN278,2026-04-05 08:43:00,2026-04-05 08:27:00,-16.0,2026-04-05 08:40:00,2026-04-05 09:10:00,B37 A,123.0,14.85,8.28,4.91,2.48,30.0
33,2026-04-05,SN2900,2026-04-05 10:44:00,2026-04-05 11:04:00,20.0,2026-04-05 11:13:00,2026-04-05 11:34:00,B32 A,49.0,11.92,4.11,5.21,1.86,21.0
33,2026-04-05,SN3326,2026-04-05 11:24:00,2026-04-05 11:41:00,17.0,2026-04-05 12:06:00,2026-04-05 12:12:00,B14 A,111.0,12.55,8.85,5.11,1.3,6.0
33,2026-04-05,SN358,2026-04-05 08:21:00,2026-04-05 08:24:00,3.0,2026-04-05 08:42:00,2026-04-05 09:09:00,B14 A,112.0,13.84,8.09,6.24,1.07,27.0
33,2026-04-05,SN379,2026-04-05 08:11:00,2026-04-05 08:40:00,29.0,2026-04-05 08:59:00,2026-04-05 09:27:00,B28 A,76.0,14.52,5.23,5.32,1.5,28.0
33,2026-04-05,SN3800,2026-04-05 06:15:00,2026-04-05 06:16:00,1.0,2026-04-05 06:28:00,2026-04-05 06:30:00,A65 ,27.0,13.13,2.06,5.74,1.45,2.0
33,2026-04-05,TB1552,2026-04-05 07:15:00,2026-04-05 07:08:00,-7.0,2026-04-05 07:38:00,2026-04-05 07:45:00,A61 ,152.0,13.1,11.6,4.56,1.83,7.0
33,2026-04-05,TB2632,2026-04-05 09:29:00,2026-04-05 09:09:00,-20.0,2026-04-05 09:35:00,2026-04-05 09:44:00,B9  A,114.0,15.02,7.59,5.03,1.66,9.0
33,2026-04-05,TB2662,2026-04-05 09:15:00,2026-04-05 09:04:00,-11.0,2026-04-05 09:22:00,2026-04-05 09:30:00,B34 A,90.0,13.44,6.7,5.18,2.0,8.0
33,2026-04-05,TG934,2026-04-05 09:21:00,2026-04-05 09:16:00,-5.0,2026-04-05 09:38:00,2026-04-05 09:58:00,B38 A,249.0,13.27,18.76,5.4,2.16,20.0
33,2026-04-05,UA950,2026-04-05 11:22:00,2026-04-05 11:02:00,-20.0,2026-04-05 11:22:00,2026-04-05 11:45:00,B28 A,170.0,12.68,13.4,4.73,1.69,23.0
33,2026-04-05,UA994,2026-04-05 08:51:00,2026-04-05 08:32:00,-19.0,2026-04-05 08:52:00,2026-04-05 09:25:00,B40 A,171.0,16.03,10.67,5.4,2.3,33.0
33,2026-04-05,XR5402,2026-04-05 07:46:00,2026-04-05 08:56:00,70.0,2026-04-05 09:23:00,2026-04-05 09:26:00,B5  A,88.0,15.57,5.65,4.12,2.02,3.0
34,2026-04-05,AC832,2026-04-05 08:17:00,2026-04-05 07:46:00,-31.0,2026-04-05 08:02:00,2026-04-05 08:29:00,B30 A,122.0,10.17,12.0,4.87,1.83,27.0
34,2026-04-05,ET750,2026-04-05 11:13:00,2026-04-05 11:34:00,21.0,2026-04-05 12:17:00,2026-04-05 13:03:00,B17 A,464.0,13.45,34.49,4.16,2.02,46.0
34,2026-04-05,FH8116,2026-04-05 06:35:00,2026-04-05 06:00:00,-35.0,2026-04-05 06:07:00,2026-04-05 06:09:00,B15 A,22.0,14.14,1.56,4.93,1.57,2.0
34,2026-04-05,LH1004,2026-04-05 09:50:00,2026-04-05 09:53:00,3.0,2026-04-05 10:20:00,2026-04-05 10:27:00,A43 ,33.0,13.83,2.39,5.71,1.46,7.0
34,2026-04-05,SN1122,2026-04-05 08:39:00,2026-04-05 09:08:00,29.0,2026-04-05 09:20:00,2026-04-05 09:21:00,B40 A,13.0,13.22,0.98,5.72,2.17,1.0
34,2026-04-05,SN1124,2026-04-05 07:10:00,2026-04-05 07:19:00,9.0,2026-04-05 07:32:00,2026-04-05 07:48:00,B30 A,138.0,15.19,9.09,5.63,1.58,16.0
34,2026-04-05,SN206,2026-04-05 06:25:00,2026-04-05 06:48:00,23.0,2026-04-05 07:07:00,2026-04-05 07:30:00,B38 A,154.0,11.25,13.69,5.77,2.02,23.0
34,2026-04-05,SN229,2026-04-05 12:06:00,2026-04-05 12:12:00,6.0,2026-04-05 12:39:00,2026-04-05 13:03:00,B28 A,20.0,13.65,1.47,5.51,1.45,24.0
34,2026-04-05,SN278,2026-04-05 12:46:00,2026-04-05 12:41:00,-5.0,2026-04-05 13:04:00,2026-04-05 13:33:00,B31 A,62.0,14.17,4.38,4.86,2.21,29.0
34,2026-04-05,SN2900,2026-04-05 10:44:00,2026-04-05 11:04:00,20.0,2026-04-05 11:13:00,2026-04-05 11:34:00,B32 A,49.0,11.06,4.43,4.57,2.12,21.0
34,2026-04-05,SN3326,2026-04-05 11:24:00,2026-04-05 11:41:00,17.0,2026-04-05 12:06:00,2026-04-05 12:12:00,B14 A,111.0,12.36,8.98,5.07,1.32,6.0
34,2026-04-05,SN358,2026-04-05 12:21:00,2026-04-05 12:23:00,2.0,2026-04-05 12:43:00,2026-04-05 13:14:00,B28 A,176.0,11.69,15.05,4.58,1.75,31.0
34,2026-04-05,SN379,2026-04-05 10:10:00,2026-04-05 11:03:00,53.0,2026-04-05 11:42:00,2026-04-05 12:19:00,B29 A,161.0,12.02,13.4,3.92,2.51,37.0
34,2026-04-05,SN3800,2026-04-05 06:15:00,2026-04-05 06:16:00,1.0,2026-04-05 06:28:00,2026-04-05 06:30:00,A65 ,27.0,13.49,2.0,4.64,1.8,2.0
34,2026-04-05,TB1552,2026-04-05 08:29:00,2026-04-05 08:25:00,-4.0,2026-04-05 08:46:00,2026-04-05 08:54:00,A61 ,166.0,13.69,12.13,5.51,1.51,8.0
34,2026-04-05,TB2632,2026-04-05 09:29:00,2026-04-05 09:09:00,-20.0,2026-04-05 09:35:00,2026-04-05 09:44:00,B9  A,114.0,16.34,6.98,4.1,2.03,9.0
34,2026-04-05,TB2662,2026-04-05 09:15:00,2026-04-05 09:04:00,-11.0,2026-04-05 09:22:00,2026-04-05 09:30:00,B34 A,90.0,16.0,5.63,5.88,1.76,8.0
34,2026-04-05,TG934,2026-04-05 09:21:00,2026-04-05 09:16:00,-5.0,2026-04-05 09:38:00,2026-04-05 09:58:00,B38 A,249.0,13.2,18.86,5.58,2.09,20.0
34,2026-04-05,UA950,2026-04-05 09:21:00,2026-04-05 08:45:00,-36.0,2026-04-05 09:03:00,2026-04-05 09:29:00,B5  A,163.0,16.47,9.9,4.6,1.81,26.0
34,2026-04-05,UA994,2026-04-05 09:51:00,2026-04-05 11:28:00,97.0,2026-04-05 11:44:00,2026-04-05 12:09:00,B40 A,135.0,13.7,9.85,5.04,2.46,25.0
34,2026-04-05,XR5402,2026-04-05 07:46:00,2026-04-05 08:56:00,70.0,2026-04-05 09:23:00,2026-04-05 09:26:00,B5  A,88.0,11.86,7.42,4.8,1.74,3.0
35,2026-04-05,AC832,2026-04-05 08:17:00,2026-04-05 07:46:00,-31.0,2026-04-05 08:02:00,2026-04-05 08:29:00,B30 A,122.0,9.58,12.74,5.52,1.61,27.0
35,2026-04-05,ET750,2026-04-05 11:13:00,2026-04-05 11:34:00,21.0,2026-04-05 12:17:00,2026-04-05 13:03:00,B17 A,464.0,12.22,37.97,4.44,1.9,46.0
35,2026-04-05,FH8116,2026-04-05 06:35:00,2026-04-05 06:00:00,-35.0,2026-04-05 06:07:00,2026-04-05 06:09:00,B15 A,22.0,13.65,1.61,5.36,1.44,2.0
35,2026-04-05,LH1004,2026-04-05 08:50:00,2026-04-05 08:53:00,3.0,2026-04-05 09:06:00,2026-04-05 09:12:00,A43 ,29.0,14.49,2.0,4.93,1.69,6.0
35,2026-04-05,SN1122,2026-04-05 08:39:00,2026-04-05 09:08:00,29.0,2026-04-05 09:20:00,2026-04-05 09:21:00,B40 A,13.0,13.69,0.95,6.12,2.03,1.0
35,2026-04-05,SN1124,2026-04-05 07:10:00,2026-04-05 07:19:00,9.0,2026-04-05 07:32:00,2026-04-05 07:48:00,B30 A,138.0,14.42,9.57,4.59,1.94,16.0
35,2026-04-05,SN206,2026-04-05 06:25:00,2026-04-05 06:48:00,23.0,2026-04-05 07:07:00,2026-04-05 07:30:00,B38 A,154.0,11.99,12.85,5.29,2.21,23.0
35,2026-04-05,SN229,2026-04-05 12:06:00,2026-04-05 12:12:00,6.0,2026-04-05 12:39:00,2026-04-05 13:03:00,B28 A,20.0,13.11,1.53,5.13,1.56,24.0
35,2026-04-05,SN278,2026-04-05 10:45:00,2026-04-05 10:42:00,-3.0,2026-04-05 11:04:00,2026-04-05 11:16:00,B28 A,198.0,11.99,16.51,4.02,1.99,12.0
35,2026-04-05,SN2900,2026-04-05 10:44:00,2026-04-05 11:04:00,20.0,2026-04-05 11:13:00,2026-04-05 11:34:00,B32 A,49.0,11.46,4.27,4.57,2.11,21.0
35,2026-04-05,SN3326,2026-04-05 11:24:00,2026-04-05 11:41:00,17.0,2026-04-05 12:06:00,2026-04-05 12:12:00,B14 A,111.0,12.99,8.55,5.15,1.3,6.0
35,2026-04-05,SN358,2026-04-05 08:21:00,2026-04-05 08:24:00,3.0,2026-04-05 08:42:00,2026-04-05 09:09:00,B14 A,112.0,12.23,9.16,3.62,1.84,27.0
35,2026-04-05,SN379,2026-04-05 10:10:00,2026-04-05 11:03:00,53.0,2026-04-05 11:42:00,2026-04-05 12:19:00,B29 A,161.0,11.75,13.71,5.21,1.89,37.0
35,2026-04-05,SN3800,2026-04-05 06:15:00,2026-04-05 06:16:00,1.0,2026-04-05 06:28:00,2026-04-05 06:30:00,A65 ,27.0,11.16,2.42,6.15,1.36,2.0
35,2026-04-05,TB1552,2026-04-05 07:15:00,2026-04-05 07:08:00,-7.0,2026-04-05 07:38:00,2026-04-05 07:45:00,A61 ,152.0,12.62,12.05,3.8,2.19,7.0
35,2026-04-05,TB2632,2026-04-05 09:29:00,2026-04-05 09:09:00,-20.0,2026-04-05 09:35:00,2026-04-05 09:44:00,B9  A,114.0,15.52,7.35,4.16,2.01,9.0
35,2026-04-05,TB2662,2026-04-05 09:15:00,2026-04-05 09:04:00,-11.0,2026-04-05 09:22:00,2026-04-05 09:30:00,B34 A,90.0,11.45,7.86,3.94,2.62,8.0
35,2026-04-05,TG934,2026-04-05 09:21:00,2026-04-05 09:16:00,-5.0,2026-04-05 09:38:00,2026-04-05 09:58:00,B38 A,249.0,12.68,19.63,5.6,2.08,20.0
35,2026-04-05,UA950,2026-04-05 12:20:00,2026-04-05 11:58:00,-22.0,2026-04-05 12:14:00,2026-04-05 12:42:00,B37 A,127.0,10.44,12.16,5.55,2.19,28.0
35,2026-04-05,UA994,2026-04-05 10:51:00,2026-04-05 10:01:00,-50.0,2026-04-05 10:18:00,2026-04-05 10:42:00,B38 A,177.0,14.42,12.27,4.36,2.67,24.0
35,2026-04-05,XR5402,2026-04-05 07:46:00,2026-04-05 08:56:00,70.0,2026-04-05 09:23:00,2026-04-05 09:26:00,B5  A,88.0,8.25,10.67,4.09,2.04,3.0
36,2026-04-05,AC832,2026-04-05 08:17:00,2026-04-05 07:46:00,-31.0,2026-04-05 08:02:00,2026-04-05 08:29:00,B30 A,122.0,11.78,10.36,6.51,1.37,27.0
36,2026-04-05,ET750,2026-04-05 11:13:00,2026-04-05 11:34:00,21.0,2026-04-05 12:17:00,2026-04-05 13:03:00,B17 A,464.0,13.49,34.39,4.51,1.87,46.0
36,2026-04-05,FH8116,2026-04-05 06:35:00,2026-04-05 06:00:00,-35.0,2026-04-05 06:07:00,2026-04-05 06:09:00,B15 A,22.0,11.82,1.86,4.85,1.6,2.0
36,2026-04-05,LH1004,2026-04-05 11:51:00,2026-04-05 11:47:00,-4.0,2026-04-05 12:07:00,2026-04-05 12:12:00,A43 ,23.0,13.98,1.64,4.67,1.78,5.0
36,2026-04-05,SN1122,2026-04-05 08:39:00,2026-04-05 09:08:00,29.0,2026-04-05 09:20:00,2026-04-05 09:21:00,B40 A,13.0,14.57,0.89,3.9,3.18,1.0
36,2026-04-05,SN1124,2026-04-05 07:10:00,2026-04-05 07:19:00,9.0,2026-04-05 07:32:00,2026-04-05 07:48:00,B30 A,138.0,15.56,8.87,5.41,1.65,16.0
36,2026-04-05,SN206,2026-04-05 06:25:00,2026-04-05 06:48:00,23.0,2026-04-05 07:07:00,2026-04-05 07:30:00,B38 A,154.0,9.54,16.14,6.8,1.72,23.0
36,2026-04-05,SN229,2026-04-05 08:06:00,2026-04-05 09:20:00,74.0,2026-04-05 09:41:00,2026-04-05 10:22:00,B14 A,144.0,14.7,9.79,4.36,1.53,41.0
36,2026-04-05,SN278,2026-04-05 10:45:00,2026-04-05 10:42:00,-3.0,2026-04-05 11:04:00,2026-04-05 11:16:00,B28 A,198.0,10.91,18.14,5.09,1.57,12.0
36,2026-04-05,SN2900,2026-04-05 07:39:00,2026-04-05 07:25:00,-14.0,2026-04-05 07:38:00,2026-04-05 07:53:00,B38 A,55.0,15.26,3.6,5.49,2.12,15.0
36,2026-04-05,SN3326,2026-04-05 11:24:00,2026-04-05 11:41:00,17.0,2026-04-05 12:06:00,2026-04-05 12:12:00,B14 A,111.0,9.13,12.16,4.38,1.52,6.0
36,2026-04-05,SN358,2026-04-05 08:21:00,2026-04-05 08:24:00,3.0,2026-04-05 08:42:00,2026-04-05 09:09:00,B14 A,112.0,15.96,7.02,5.88,1.13,27.0
36,2026-04-05,SN379,2026-04-05 10:10:00,2026-04-05 11:03:00,53.0,2026-04-05 11:42:00,2026-04-05 12:19:00,B29 A,161.0,9.49,16.96,4.62,2.13,37.0
36,2026-04-05,SN3800,2026-04-05 06:15:00,2026-04-05 06:16:00,1.0,2026-04-05 06:28:00,2026-04-05 06:30:00,A65 ,27.0,13.21,2.04,5.98,1.39,2.0
36,2026-04-05,TB1552,2026-04-05 07:15:00,2026-04-05 07:08:00,-7.0,2026-04-05 07:38:00,2026-04-05 07:45:00,A61 ,152.0,10.54,14.43,5.56,1.5,7.0
36,2026-04-05,TB2632,2026-04-05 09:29:00,2026-04-05 09:09:00,-20.0,2026-04-05 09:35:00,2026-04-05 09:44:00,B9  A,114.0,13.07,8.72,5.12,1.63,9.0
36,2026-04-05,TB2662,2026-04-05 09:15:00,2026-04-05 09:04:00,-11.0,2026-04-05 09:22:00,2026-04-05 09:30:00,B34 A,90.0,11.42,7.88,4.53,2.28,8.0
36,2026-04-05,TG934,2026-04-05 09:21:00,2026-04-05 09:16:00,-5.0,2026-04-05 09:38:00,2026-04-05 09:58:00,B38 A,249.0,13.52,18.42,4.64,2.51,20.0
36,2026-04-05,UA950,2026-04-05 08:20:00,2026-04-05 08:20:00,0.0,2026-04-05 08:36:00,2026-04-05 09:25:00,B38 A,176.0,13.56,12.98,5.24,2.23,49.0
36,2026-04-05,UA994,2026-04-05 09:51:00,2026-04-05 11:28:00,97.0,2026-04-05 11:44:00,2026-04-05 12:09:00,B40 A,135.0,12.35,10.93,4.78,2.6,25.0
36,2026-04-05,XR5402,2026-04-05 07:46:00,2026-04-05 08:56:00,70.0,2026-04-05 09:23:00,2026-04-05 09:26:00,B5  A,88.0,11.14,7.9,4.3,1.94,3.0
37,2026-04-05,AC832,2026-04-05 10:17:00,2026-04-05 10:43:00,26.0,2026-04-05 11:00:00,2026-04-05 11:34:00,B14 A,172.0,14.58,11.8,5.5,1.21,34.0
37,2026-04-05,ET750,2026-04-05 11:13:00,2026-04-05 11:34:00,21.0,2026-04-05 12:17:00,2026-04-05 13:03:00,B17 A,464.0,13.7,33.87,4.56,1.85,46.0
37,2026-04-05,FH8116,2026-04-05 06:35:00,2026-04-05 06:00:00,-35.0,2026-04-05 06:07:00,2026-04-05 06:09:00,B15 A,22.0,12.41,1.77,4.81,1.61,2.0
37,2026-04-05,LH1004,2026-04-05 09:50:00,2026-04-05 09:53:00,3.0,2026-04-05 10:20:00,2026-04-05 10:27:00,A43 ,33.0,12.71,2.6,5.0,1.67,7.0
37,2026-04-05,SN1122,2026-04-05 08:39:00,2026-04-05 09:08:00,29.0,2026-04-05 09:20:00,2026-04-05 09:21:00,B40 A,13.0,13.12,0.99,4.77,2.6,1.0
37,2026-04-05,SN1124,2026-04-05 07:10:00,2026-04-05 07:19:00,9.0,2026-04-05 07:32:00,2026-04-05 07:48:00,B30 A,138.0,14.18,9.73,5.22,1.71,16.0
37,2026-04-05,SN206,2026-04-05 06:25:00,2026-04-05 06:48:00,23.0,2026-04-05 07:07:00,2026-04-05 07:30:00,B38 A,154.0,10.09,15.26,4.48,2.6,23.0
37,2026-04-05,SN229,2026-04-05 10:04:00,2026-04-05 10:26:00,22.0,2026-04-05 10:41:00,2026-04-05 11:10:00,B31 A,120.0,14.18,8.46,5.13,2.09,29.0
37,2026-04-05,SN278,2026-04-05 08:43:00,2026-04-05 08:27:00,-16.0,2026-04-05 08:40:00,2026-04-05 09:10:00,B37 A,123.0,13.57,9.06,5.36,2.27,30.0
37,2026-04-05,SN2900,2026-04-05 10:44:00,2026-04-05 11:04:00,20.0,2026-04-05 11:13:00,2026-04-05 11:34:00,B32 A,49.0,11.3,4.34,5.01,1.93,21.0
37,2026-04-05,SN3326,2026-04-05 11:24:00,2026-04-05 11:41:00,17.0,2026-04-05 12:06:00,2026-04-05 12:12:00,B14 A,111.0,14.23,7.8,5.33,1.25,6.0
37,2026-04-05,SN358,2026-04-05 12:21:00,2026-04-05 12:23:00,2.0,2026-04-05 12:43:00,2026-04-05 13:14:00,B28 A,176.0,13.95,12.62,6.5,1.23,31.0
37,2026-04-05,SN379,2026-04-05 10:10:00,2026-04-05 11:03:00,53.0,2026-04-05 11:42:00,2026-04-05 12:19:00,B29 A,161.0,11.53,13.96,4.47,2.2,37.0
37,2026-04-05,SN3800,2026-04-05 06:15:00,2026-04-05 06:16:00,1.0,2026-04-05 06:28:00,2026-04-05 06:30:00,A65 ,27.0,15.03,1.8,4.79,1.74,2.0
37,2026-04-05,TB1552,2026-04-05 10:15:00,2026-04-05 10:31:00,16.0,2026-04-05 10:50:00,2026-04-05 10:59:00,A69 ,164.0,11.51,14.25,5.17,1.61,9.0
37,2026-04-05,TB2632,2026-04-05 09:29:00,2026-04-05 09:09:00,-20.0,2026-04-05 09:35:00,2026-04-05 09:44:00,B9  A,114.0,11.34,10.05,5.67,1.47,9.0
37,2026-04-05,TB2662,2026-04-05 09:15:00,2026-04-05 09:04:00,-11.0,2026-04-05 09:22:00,2026-04-05 09:30:00,B34 A,90.0,14.23,6.32,6.33,1.63,8.0
37,2026-04-05,TG934,2026-04-05 09:21:00,2026-04-05 09:16:00,-5.0,2026-04-05 09:38:00,2026-04-05 09:58:00,B38 A,249.0,14.85,16.77,5.49,2.13,20.0
37,2026-04-05,UA950,2026-04-05 11:22:00,2026-04-05 11:02:00,-20.0,2026-04-05 11:22:00,2026-04-05 11:45:00,B28 A,170.0,15.26,11.14,5.64,1.42,23.0
37,2026-04-05,UA994,2026-04-05 12:51:00,2026-04-05 12:35:00,-16.0,2026-04-05 12:54:00,2026-04-05 13:24:00,B38 A,109.0,13.58,8.03,4.75,2.46,30.0
37,2026-04-05,XR5402,2026-04-05 07:46:00,2026-04-05 08:56:00,70.0,2026-04-05 09:23:00,2026-04-05 09:26:00,B5  A,88.0,15.77,5.58,7.03,1.19,3.0
38,2026-04-05,AC832,2026-04-05 12:18:00,2026-04-05 11:38:00,-40.0,2026-04-05 11:54:00,2026-04-05 12:17:00,B30 A,100.0,13.66,7.32,5.65,1.58,23.0
38,2026-04-05,ET750,2026-04-05 11:13:00,2026-04-05 11:34:00,21.0,2026-04-05 12:17:00,2026-04-05 13:03:00,B17 A,464.0,13.01,35.67,5.22,1.61,46.0
38,2026-04-05,FH8116,2026-04-05 06:35:00,2026-04-05 06:00:00,-35.0,2026-04-05 06:07:00,2026-04-05 06:09:00,B15 A,22.0,11.05,1.99,4.59,1.68,2.0
38,2026-04-05,LH1004,2026-04-05 09:50:00,2026-04-05 09:53:00,3.0,2026-04-05 10:20:00,2026-04-05 10:27:00,A43 ,33.0,11.95,2.76,3.99,2.09,7.0
38,2026-04-05,SN1122,2026-04-05 08:39:00,2026-04-05 09:08:00,29.0,2026-04-05 09:20:00,2026-04-05 09:21:00,B40 A,13.0,12.56,1.03,4.29,2.89,1.0
38,2026-04-05,SN1124,2026-04-05 07:10:00,2026-04-05 07:19:00,9.0,2026-04-05 07:32:00,2026-04-05 07:48:00,B30 A,138.0,13.21,10.45,6.18,1.44,16.0
38,2026-04-05,SN206,2026-04-05 06:25:00,2026-04-05 06:48:00,23.0,2026-04-05 07:07:00,2026-04-05 07:30:00,B38 A,154.0,12.3,12.52,5.86,1.99,23.0
38,2026-04-05,SN229,2026-04-05 08:06:00,2026-04-05 09:20:00,74.0,2026-04-05 09:41:00,2026-04-05 10:22:00,B14 A,144.0,13.09,11.0,3.65,1.82,41.0
38,2026-04-05,SN278,2026-04-05 10:45:00,2026-04-05 10:42:00,-3.0,2026-04-05 11:04:00,2026-04-05 11:16:00,B28 A,198.0,14.71,13.46,5.15,1.55,12.0
38,2026-04-05,SN2900,2026-04-05 10:44:00,2026-04-05 11:04:00,20.0,2026-04-05 11:13:00,2026-04-05 11:34:00,B32 A,49.0,11.86,4.13,4.66,2.08,21.0
38,2026-04-05,SN3326,2026-04-05 07:45:00,2026-04-05 08:05:00,20.0,2026-04-05 08:16:00,2026-04-05 08:36:00,B28 A,123.0,14.07,8.74,4.15,1.93,20.0
38,2026-04-05,SN358,2026-04-05 12:21:00,2026-04-05 12:23:00,2.0,2026-04-05 12:43:00,2026-04-05 13:14:00,B28 A,176.0,12.43,14.16,5.15,1.55,31.0
38,2026-04-05,SN379,2026-04-05 08:11:00,2026-04-05 08:40:00,29.0,2026-04-05 08:59:00,2026-04-05 09:27:00,B28 A,76.0,14.2,5.35,4.95,1.62,28.0
38,2026-04-05,SN3800,2026-04-05 06:15:00,2026-04-05 06:16:00,1.0,2026-04-05 06:28:00,2026-04-05 06:30:00,A65 ,27.0,10.44,2.59,4.46,1.87,2.0
38,2026-04-05,TB1552,2026-04-05 10:15:00,2026-04-05 10:31:00,16.0,2026-04-05 10:50:00,2026-04-05 10:59:00,A69 ,164.0,11.12,14.75,5.28,1.58,9.0
38,2026-04-05,TB2632,2026-04-05 09:29:00,2026-04-05 09:09:00,-20.0,2026-04-05 09:35:00,2026-04-05 09:44:00,B9  A,114.0,11.58,9.84,5.39,1.55,9.0
38,2026-04-05,TB2662,2026-04-05 09:15:00,2026-04-05 09:04:00,-11.0,2026-04-05 09:22:00,2026-04-05 09:30:00,B34 A,90.0,10.86,8.28,5.34,1.94,8.0
38,2026-04-05,TG934,2026-04-05 12:22:00,2026-04-05 12:26:00,4.0,2026-04-05 12:46:00,2026-04-05 13:15:00,B34 A,260.0,15.29,17.01,3.8,2.72,29.0
38,2026-04-05,UA950,2026-04-05 10:20:00,2026-04-05 09:58:00,-22.0,2026-04-05 10:24:00,2026-04-05 10:51:00,B40 A,188.0,13.14,14.31,4.98,2.49,27.0
38,2026-04-05,UA994,2026-04-05 11:51:00,2026-04-05 11:37:00,-14.0,2026-04-05 11:55:00,2026-04-05 12:25:00,B40 A,157.0,16.03,9.79,5.03,2.47,30.0
38,2026-04-05,XR5402,2026-04-05 07:46:00,2026-04-05 08:56:00,70.0,2026-04-05 09:23:00,2026-04-05 09:26:00,B5  A,88.0,12.46,7.06,4.97,1.68,3.0
39,2026-04-05,AC832,2026-04-05 11:16:00,2026-04-05 10:39:00,-37.0,2026-04-05 10:54:00,2026-04-05 11:24:00,B5  A,101.0,10.69,9.45,5.57,1.5,30.0
39,2026-04-05,ET750,2026-04-05 11:13:00,2026-04-05 11:34:00,21.0,2026-04-05 12:17:00,2026-04-05 13:03:00,B17 A,464.0,14.3,32.44,4.47,1.88,46.0
39,2026-04-05,FH8116,2026-04-05 06:35:00,2026-04-05 06:00:00,-35.0,2026-04-05 06:07:00,2026-04-05 06:09:00,B15 A,22.0,10.38,2.12,6.04,1.28,2.0
39,2026-04-05,LH1004,2026-04-05 09:50:00,2026-04-05 09:53:00,3.0,2026-04-05 10:20:00,2026-04-05 10:27:00,A43 ,33.0,10.26,3.22,5.07,1.64,7.0
39,2026-04-05,SN1122,2026-04-05 08:39:00,2026-04-05 09:08:00,29.0,2026-04-05 09:20:00,2026-04-05 09:21:00,B40 A,13.0,11.03,1.18,5.69,2.18,1.0
39,2026-04-05,SN1124,2026-04-05 07:10:00,2026-04-05 07:19:00,9.0,2026-04-05 07:32:00,2026-04-05 07:48:00,B30 A,138.0,13.32,10.36,7.47,1.19,16.0
39,2026-04-05,SN206,2026-04-05 06:25:00,2026-04-05 06:48:00,23.0,2026-04-05 07:07:00,2026-04-05 07:30:00,B38 A,154.0,14.55,10.58,4.08,2.86,23.0
39,2026-04-05,SN229,2026-04-05 08:06:00,2026-04-05 09:20:00,74.0,2026-04-05 09:41:00,2026-04-05 10:22:00,B14 A,144.0,15.34,9.39,3.77,1.77,41.0
39,2026-04-05,SN278,2026-04-05 12:46:00,2026-04-05 12:41:00,-5.0,2026-04-05 13:04:00,2026-04-05 13:33:00,B31 A,62.0,16.16,3.84,3.46,3.1,29.0
39,2026-04-05,SN2900,2026-04-05 08:46:00,2026-04-05 08:33:00,-13.0,2026-04-05 08:58:00,2026-04-05 09:02:00,B14 A,79.0,12.85,6.15,7.06,0.94,4.0
39,2026-04-05,SN3326,2026-04-05 11:24:00,2026-04-05 11:41:00,17.0,2026-04-05 12:06:00,2026-04-05 12:12:00,B14 A,111.0,11.86,9.36,5.39,1.24,6.0
39,2026-04-05,SN358,2026-04-05 08:21:00,2026-04-05 08:24:00,3.0,2026-04-05 08:42:00,2026-04-05 09:09:00,B14 A,112.0,12.72,8.81,5.44,1.22,27.0
39,2026-04-05,SN379,2026-04-05 10:10:00,2026-04-05 11:03:00,53.0,2026-04-05 11:42:00,2026-04-05 12:19:00,B29 A,161.0,14.07,11.45,4.88,2.01,37.0
39,2026-04-05,SN3800,2026-04-05 06:15:00,2026-04-05 06:16:00,1.0,2026-04-05 06:28:00,2026-04-05 06:30:00,A65 ,27.0,11.3,2.39,5.7,1.46,2.0
39,2026-04-05,TB1552,2026-04-05 10:15:00,2026-04-05 10:31:00,16.0,2026-04-05 10:50:00,2026-04-05 10:59:00,A69 ,164.0,14.76,11.11,4.94,1.69,9.0
39,2026-04-05,TB2632,2026-04-05 09:29:00,2026-04-05 09:09:00,-20.0,2026-04-05 09:35:00,2026-04-05 09:44:00,B9  A,114.0,11.98,9.51,4.33,1.93,9.0
39,2026-04-05,TB2662,2026-04-05 09:15:00,2026-04-05 09:04:00,-11.0,2026-04-05 09:22:00,2026-04-05 09:30:00,B34 A,90.0,14.74,6.11,6.49,1.59,8.0
39,2026-04-05,TG934,2026-04-05 09:21:00,2026-04-05 09:16:00,-5.0,2026-04-05 09:38:00,2026-04-05 09:58:00,B38 A,249.0,14.44,17.24,4.11,2.84,20.0
39,2026-04-05,UA950,2026-04-05 12:20:00,2026-04-05 11:58:00,-22.0,2026-04-05 12:14:00,2026-04-05 12:42:00,B37 A,127.0,9.9,12.83,5.38,2.26,28.0
39,2026-04-05,UA994,2026-04-05 10:51:00,2026-04-05 10:01:00,-50.0,2026-04-05 10:18:00,2026-04-05 10:42:00,B38 A,177.0,13.03,13.59,5.73,2.04,24.0
39,2026-04-05,XR5402,2026-04-05 07:46:00,2026-04-05 08:56:00,70.0,2026-04-05 09:23:00,2026-04-05 09:26:00,B5  A,88.0,15.3,5.75,5.81,1.43,3.0
40,2026-04-05,AC832,2026-04-05 12:18:00,2026-04-05 11:38:00,-40.0,2026-04-05 11:54:00,2026-04-05 12:17:00,B30 A,100.0,14.11,7.09,4.7,1.9,23.0
40,2026-04-05,ET750,2026-04-05 11:13:00,2026-04-05 11:34:00,21.0,2026-04-05 12:17:00,2026-04-05 13:03:00,B17 A,464.0,16.73,27.73,4.81,1.75,46.0
40,2026-04-05,FH8116,2026-04-05 06:35:00,2026-04-05 06:00:00,-35.0,2026-04-05 06:07:00,2026-04-05 06:09:00,B15 A,22.0,12.31,1.79,4.52,1.71,2.0
40,2026-04-05,LH1004,2026-04-05 12:50:00,2026-04-05 12:50:00,0.0,2026-04-05 13:03:00,2026-04-05 13:30:00,A43 ,40.0,10.63,3.76,4.1,2.03,27.0
40,2026-04-05,SN1122,2026-04-05 08:39:00,2026-04-05 09:08:00,29.0,2026-04-05 09:20:00,2026-04-05 09:21:00,B40 A,13.0,14.05,0.93,6.26,1.98,1.0
40,2026-04-05,SN1124,2026-04-05 07:10:00,2026-04-05 07:19:00,9.0,2026-04-05 07:32:00,2026-04-05 07:48:00,B30 A,138.0,12.94,10.67,5.46,1.63,16.0
40,2026-04-05,SN206,2026-04-05 06:25:00,2026-04-05 06:48:00,23.0,2026-04-05 07:07:00,2026-04-05 07:30:00,B38 A,154.0,11.16,13.8,4.13,2.83,23.0
40,2026-04-05,SN229,2026-04-05 10:04:00,2026-04-05 10:26:00,22.0,2026-04-05 10:41:00,2026-04-05 11:10:00,B31 A,120.0,16.66,7.2,6.03,1.78,29.0
40,2026-04-05,SN278,2026-04-05 10:45:00,2026-04-05 10:42:00,-3.0,2026-04-05 11:04:00,2026-04-05 11:16:00,B28 A,198.0,13.8,14.35,5.93,1.35,12.0
40,2026-04-05,SN2900,2026-04-05 07:39:00,2026-04-05 07:25:00,-14.0,2026-04-05 07:38:00,2026-04-05 07:53:00,B38 A,55.0,10.95,5.02,4.69,2.49,15.0
40,2026-04-05,SN3326,2026-04-05 11:24:00,2026-04-05 11:41:00,17.0,2026-04-05 12:06:00,2026-04-05 12:12:00,B14 A,111.0,12.66,8.76,4.43,1.51,6.0
40,2026-04-05,SN358,2026-04-05 08:21:00,2026-04-05 08:24:00,3.0,2026-04-05 08:42:00,2026-04-05 09:09:00,B14 A,112.0,15.37,7.29,4.96,1.34,27.0
40,2026-04-05,SN379,2026-04-05 10:10:00,2026-04-05 11:03:00,53.0,2026-04-05 11:42:00,2026-04-05 12:19:00,B29 A,161.0,13.77,11.69,4.46,2.2,37.0
40,2026-04-05,SN3800,2026-04-05 06:15:00,2026-04-05 06:16:00,1.0,2026-04-05 06:28:00,2026-04-05 06:30:00,A65 ,27.0,10.87,2.48,4.18,1.99,2.0
40,2026-04-05,TB1552,2026-04-05 10:15:00,2026-04-05 10:31:00,16.0,2026-04-05 10:50:00,2026-04-05 10:59:00,A69 ,164.0,10.34,15.86,6.04,1.38,9.0
40,2026-04-05,TB2632,2026-04-05 09:29:00,2026-04-05 09:09:00,-20.0,2026-04-05 09:35:00,2026-04-05 09:44:00,B9  A,114.0,15.11,7.54,6.76,1.23,9.0
40,2026-04-05,TB2662,2026-04-05 09:15:00,2026-04-05 09:04:00,-11.0,2026-04-05 09:22:00,2026-04-05 09:30:00,B34 A,90.0,10.94,8.23,5.69,1.82,8.0
40,2026-04-05,TG934,2026-04-05 12:22:00,2026-04-05 12:26:00,4.0,2026-04-05 12:46:00,2026-04-05 13:15:00,B34 A,260.0,15.87,16.39,4.21,2.45,29.0
40,2026-04-05,UA950,2026-04-05 10:20:00,2026-04-05 09:58:00,-22.0,2026-04-05 10:24:00,2026-04-05 10:51:00,B40 A,188.0,14.34,13.11,5.12,2.43,27.0
40,2026-04-05,UA994,2026-04-05 12:51:00,2026-04-05 12:35:00,-16.0,2026-04-05 12:54:00,2026-04-05 13:24:00,B38 A,109.0,10.05,10.85,4.22,2.76,30.0
40,2026-04-05,XR5402,2026-04-05 07:46:00,2026-04-05 08:56:00,70.0,2026-04-05 09:23:00,2026-04-05 09:26:00,B5  A,88.0,9.88,8.91,5.65,1.47,3.0
41,2026-04-05,AC832,2026-04-05 12:18:00,2026-04-05 11:38:00,-40.0,2026-04-05 11:54:00,2026-04-05 12:17:00,B30 A,100.0,9.53,10.49,4.22,2.11,23.0
41,2026-04-05,ET750,2026-04-05 11:13:00,2026-04-05 11:34:00,21.0,2026-04-05 12:17:00,2026-04-05 13:03:00,B17 A,464.0,14.9,31.13,5.15,1.63,46.0
41,2026-04-05,FH8116,2026-04-05 12:44:00,2026-04-05 12:48:00,4.0,2026-04-05 13:06:00,2026-04-05 13:13:00,B38 A,140.0,10.88,12.86,5.15,2.27,7.0
41,2026-04-05,LH1004,2026-04-05 08:50:00,2026-04-05 08:53:00,3.0,2026-04-05 09:06:00,2026-04-05 09:12:00,A43 ,29.0,15.93,1.82,5.03,1.66,6.0
41,2026-04-05,SN1122,2026-04-05 08:39:00,2026-04-05 09:08:00,29.0,2026-04-05 09:20:00,2026-04-05 09:21:00,B40 A,13.0,10.63,1.22,3.69,3.37,1.0
41,2026-04-05,SN1124,2026-04-05 07:10:00,2026-04-05 07:19:00,9.0,2026-04-05 07:32:00,2026-04-05 07:48:00,B30 A,138.0,13.02,10.6,3.91,2.28,16.0
41,2026-04-05,SN206,2026-04-05 06:25:00,2026-04-05 06:48:00,23.0,2026-04-05 07:07:00,2026-04-05 07:30:00,B38 A,154.0,10.21,15.09,4.77,2.45,23.0
41,2026-04-05,SN229,2026-04-05 12:06:00,2026-04-05 12:12:00,6.0,2026-04-05 12:39:00,2026-04-05 13:03:00,B28 A,20.0,12.1,1.65,4.92,1.62,24.0
41,2026-04-05,SN278,2026-04-05 10:45:00,2026-04-05 10:42:00,-3.0,2026-04-05 11:04:00,2026-04-05 11:16:00,B28 A,198.0,10.12,19.57,5.24,1.53,12.0
41,2026-04-05,SN2900,2026-04-05 08:46:00,2026-04-05 08:33:00,-13.0,2026-04-05 08:58:00,2026-04-05 09:02:00,B14 A,79.0,11.48,6.88,4.9,1.36,4.0
41,2026-04-05,SN3326,2026-04-05 11:24:00,2026-04-05 11:41:00,17.0,2026-04-05 12:06:00,2026-04-05 12:12:00,B14 A,111.0,12.8,8.67,4.31,1.55,6.0
41,2026-04-05,SN358,2026-04-05 12:21:00,2026-04-05 12:23:00,2.0,2026-04-05 12:43:00,2026-04-05 13:14:00,B28 A,176.0,12.8,13.75,4.11,1.95,31.0
41,2026-04-05,SN379,2026-04-05 08:11:00,2026-04-05 08:40:00,29.0,2026-04-05 08:59:00,2026-04-05 09:27:00,B28 A,76.0,11.96,6.36,4.16,1.92,28.0
41,2026-04-05,SN3800,2026-04-05 06:15:00,2026-04-05 06:16:00,1.0,2026-04-05 06:28:00,2026-04-05 06:30:00,A65 ,27.0,11.22,2.41,6.66,1.25,2.0
41,2026-04-05,TB1552,2026-04-05 08:29:00,2026-04-05 08:25:00,-4.0,2026-04-05 08:46:00,2026-04-05 08:54:00,A61 ,166.0,11.26,14.74,4.65,1.79,8.0
41,2026-04-05,TB2632,2026-04-05 09:29:00,2026-04-05 09:09:00,-20.0,2026-04-05 09:35:00,2026-04-05 09:44:00,B9  A,114.0,13.75,8.29,5.19,1.61,9.0
41,2026-04-05,TB2662,2026-04-05 09:15:00,2026-04-05 09:04:00,-11.0,2026-04-05 09:22:00,2026-04-05 09:30:00,B34 A,90.0,12.58,7.15,4.95,2.09,8.0
41,2026-04-05,TG934,2026-04-05 09:21:00,2026-04-05 09:16:00,-5.0,2026-04-05 09:38:00,2026-04-05 09:58:00,B38 A,249.0,13.78,18.08,3.59,3.25,20.0
41,2026-04-05,UA950,2026-04-05 11:22:00,2026-04-05 11:02:00,-20.0,2026-04-05 11:22:00,2026-04-05 11:45:00,B28 A,170.0,14.87,11.43,3.39,2.36,23.0
41,2026-04-05,UA994,2026-04-05 11:51:00,2026-04-05 11:37:00,-14.0,2026-04-05 11:55:00,2026-04-05 12:25:00,B40 A,157.0,15.74,9.97,6.13,2.03,30.0
41,2026-04-05,XR5402,2026-04-05 07:46:00,2026-04-05 08:56:00,70.0,2026-04-05 09:23:00,2026-04-05 09:26:00,B5  A,88.0,14.19,6.2,4.19,1.99,3.0
42,2026-04-05,AC832,2026-04-05 09:18:00,2026-04-05 08:45:00,-33.0,2026-04-05 09:06:00,2026-04-05 09:59:00,B28 A,110.0,11.4,9.65,3.82,2.09,53.0
42,2026-04-05,ET750,2026-04-05 11:13:00,2026-04-05 11:34:00,21.0,2026-04-05 12:17:00,2026-04-05 13:03:00,B17 A,464.0,11.25,41.26,5.28,1.59,46.0
42,2026-04-05,FH8116,2026-04-05 06:35:00,2026-04-05 06:00:00,-35.0,2026-04-05 06:07:00,2026-04-05 06:09:00,B15 A,22.0,11.04,1.99,6.2,1.25,2.0
42,2026-04-05,LH1004,2026-04-05 12:50:00,2026-04-05 12:50:00,0.0,2026-04-05 13:03:00,2026-04-05 13:30:00,A43 ,40.0,8.86,4.51,4.83,1.72,27.0
42,2026-04-05,SN1122,2026-04-05 08:39:00,2026-04-05 09:08:00,29.0,2026-04-05 09:20:00,2026-04-05 09:21:00,B40 A,13.0,9.05,1.44,3.95,3.14,1.0
42,2026-04-05,SN1124,2026-04-05 07:10:00,2026-04-05 07:19:00,9.0,2026-04-05 07:32:00,2026-04-05 07:48:00,B30 A,138.0,14.07,9.81,6.18,1.44,16.0
42,2026-04-05,SN206,2026-04-05 06:25:00,2026-04-05 06:48:00,23.0,2026-04-05 07:07:00,2026-04-05 07:30:00,B38 A,154.0,9.13,16.87,5.58,2.09,23.0
42,2026-04-05,SN229,2026-04-05 08:06:00,2026-04-05 09:20:00,74.0,2026-04-05 09:41:00,2026-04-05 10:22:00,B14 A,144.0,15.14,9.51,5.38,1.24,41.0
42,2026-04-05,SN278,2026-04-05 08:43:00,2026-04-05 08:27:00,-16.0,2026-04-05 08:40:00,2026-04-05 09:10:00,B37 A,123.0,13.89,8.85,4.51,2.7,30.0
42,2026-04-05,SN2900,2026-04-05 07:39:00,2026-04-05 07:25:00,-14.0,2026-04-05 07:38:00,2026-04-05 07:53:00,B38 A,55.0,15.86,3.47,5.18,2.25,15.0
42,2026-04-05,SN3326,2026-04-05 11:24:00,2026-04-05 11:41:00,17.0,2026-04-05 12:06:00,2026-04-05 12:12:00,B14 A,111.0,13.27,8.36,4.71,1.41,6.0
42,2026-04-05,SN358,2026-04-05 12:21:00,2026-04-05 12:23:00,2.0,2026-04-05 12:43:00,2026-04-05 13:14:00,B28 A,176.0,12.32,14.29,4.07,1.97,31.0
42,2026-04-05,SN379,2026-04-05 10:10:00,2026-04-05 11:03:00,53.0,2026-04-05 11:42:00,2026-04-05 12:19:00,B29 A,161.0,13.07,12.32,4.98,1.98,37.0
42,2026-04-05,SN3800,2026-04-05 06:15:00,2026-04-05 06:16:00,1.0,2026-04-05 06:28:00,2026-04-05 06:30:00,A65 ,27.0,11.63,2.32,5.05,1.65,2.0
42,2026-04-05,TB1552,2026-04-05 07:47:00,2026-04-05 07:43:00,-4.0,2026-04-05 07:55:00,2026-04-05 07:59:00,A68 ,66.0,14.15,4.66,4.27,1.95,4.0
42,2026-04-05,TB2632,2026-04-05 09:29:00,2026-04-05 09:09:00,-20.0,2026-04-05 09:35:00,2026-04-05 09:44:00,B9  A,114.0,10.28,11.09,5.44,1.53,9.0
42,2026-04-05,TB2662,2026-04-05 09:15:00,2026-04-05 09:04:00,-11.0,2026-04-05 09:22:00,2026-04-05 09:30:00,B34 A,90.0,9.18,9.81,4.1,2.52,8.0
42,2026-04-05,TG934,2026-04-05 09:21:00,2026-04-05 09:16:00,-5.0,2026-04-05 09:38:00,2026-04-05 09:58:00,B38 A,249.0,13.5,18.44,4.58,2.55,20.0
42,2026-04-05,UA950,2026-04-05 11:22:00,2026-04-05 11:02:00,-20.0,2026-04-05 11:22:00,2026-04-05 11:45:00,B28 A,170.0,12.16,13.98,4.44,1.8,23.0
42,2026-04-05,UA994,2026-04-05 12:51:00,2026-04-05 12:35:00,-16.0,2026-04-05 12:54:00,2026-04-05 13:24:00,B38 A,109.0,14.25,7.65,5.48,2.13,30.0
42,2026-04-05,XR5402,2026-04-05 07:46:00,2026-04-05 08:56:00,70.0,2026-04-05 09:23:00,2026-04-05 09:26:00,B5  A,88.0,13.9,6.33,5.13,1.62,3.0
43,2026-04-05,AC832,2026-04-05 11:16:00,2026-04-05 10:39:00,-37.0,2026-04-05 10:54:00,2026-04-05 11:24:00,B5  A,101.0,13.53,7.47,5.63,1.48,30.0
43,2026-04-05,ET750,2026-04-05 11:13:00,2026-04-05 11:34:00,21.0,2026-04-05 12:17:00,2026-04-05 13:03:00,B17 A,464.0,14.78,31.4,5.05,1.67,46.0
43,2026-04-05,FH8116,2026-04-05 12:44:00,2026-04-05 12:48:00,4.0,2026-04-05 13:06:00,2026-04-05 13:13:00,B38 A,140.0,12.58,11.13,5.55,2.1,7.0
43,2026-04-05,LH1004,2026-04-05 12:50:00,2026-04-05 12:50:00,0.0,2026-04-05 13:03:00,2026-04-05 13:30:00,A43 ,40.0,10.45,3.83,5.65,1.47,27.0
43,2026-04-05,SN1122,2026-04-05 08:39:00,2026-04-05 09:08:00,29.0,2026-04-05 09:20:00,2026-04-05 09:21:00,B40 A,13.0,12.96,1.0,3.86,3.22,1.0
43,2026-04-05,SN1124,2026-04-05 07:10:00,2026-04-05 07:19:00,9.0,2026-04-05 07:32:00,2026-04-05 07:48:00,B30 A,138.0,13.93,9.91,5.06,1.76,16.0
43,2026-04-05,SN206,2026-04-05 06:25:00,2026-04-05 06:48:00,23.0,2026-04-05 07:07:00,2026-04-05 07:30:00,B38 A,154.0,14.04,10.97,6.4,1.82,23.0
43,2026-04-05,SN229,2026-04-05 08:06:00,2026-04-05 09:20:00,74.0,2026-04-05 09:41:00,2026-04-05 10:22:00,B14 A,144.0,11.02,13.07,4.92,1.35,41.0
43,2026-04-05,SN278,2026-04-05 12:46:00,2026-04-05 12:41:00,-5.0,2026-04-05 13:04:00,2026-04-05 13:33:00,B31 A,62.0,10.67,5.81,4.24,2.53,29.0
43,2026-04-05,SN2900,2026-04-05 07:39:00,2026-04-05 07:25:00,-14.0,2026-04-05 07:38:00,2026-04-05 07:53:00,B38 A,55.0,14.67,3.75,5.24,2.23,15.0
43,2026-04-05,SN3326,2026-04-05 11:24:00,2026-04-05 11:41:00,17.0,2026-04-05 12:06:00,2026-04-05 12:12:00,B14 A,111.0,11.03,10.06,5.29,1.26,6.0
43,2026-04-05,SN358,2026-04-05 12:21:00,2026-04-05 12:23:00,2.0,2026-04-05 12:43:00,2026-04-05 13:14:00,B28 A,176.0,11.66,15.09,5.42,1.48,31.0
43,2026-04-05,SN379,2026-04-05 10:10:00,2026-04-05 11:03:00,53.0,2026-04-05 11:42:00,2026-04-05 12:19:00,B29 A,161.0,13.54,11.89,6.07,1.62,37.0
43,2026-04-05,SN3800,2026-04-05 06:15:00,2026-04-05 06:16:00,1.0,2026-04-05 06:28:00,2026-04-05 06:30:00,A65 ,27.0,12.03,2.24,4.52,1.84,2.0
43,2026-04-05,TB1552,2026-04-05 10:15:00,2026-04-05 10:31:00,16.0,2026-04-05 10:50:00,2026-04-05 10:59:00,A69 ,164.0,12.06,13.6,4.8,1.74,9.0
43,2026-04-05,TB2632,2026-04-05 09:29:00,2026-04-05 09:09:00,-20.0,2026-04-05 09:35:00,2026-04-05 09:44:00,B9  A,114.0,14.61,7.8,4.37,1.91,9.0
43,2026-04-05,TB2662,2026-04-05 09:15:00,2026-04-05 09:04:00,-11.0,2026-04-05 09:22:00,2026-04-05 09:30:00,B34 A,90.0,11.36,7.93,5.86,1.76,8.0
43,2026-04-05,TG934,2026-04-05 09:21:00,2026-04-05 09:16:00,-5.0,2026-04-05 09:38:00,2026-04-05 09:58:00,B38 A,249.0,14.11,17.65,4.5,2.59,20.0
43,2026-04-05,UA950,2026-04-05 10:20:00,2026-04-05 09:58:00,-22.0,2026-04-05 10:24:00,2026-04-05 10:51:00,B40 A,188.0,12.37,15.2,5.48,2.27,27.0
43,2026-04-05,UA994,2026-04-05 11:51:00,2026-04-05 11:37:00,-14.0,2026-04-05 11:55:00,2026-04-05 12:25:00,B40 A,157.0,16.26,9.66,4.25,2.92,30.0
43,2026-04-05,XR5402,2026-04-05 07:46:00,2026-04-05 08:56:00,70.0,2026-04-05 09:23:00,2026-04-05 09:26:00,B5  A,88.0,12.09,7.28,4.23,1.97,3.0
44,2026-04-05,AC832,2026-04-05 11:16:00,2026-04-05 10:39:00,-37.0,2026-04-05 10:54:00,2026-04-05 11:24:00,B5  A,101.0,12.62,8.0,4.48,1.86,30.0
44,2026-04-05,ET750,2026-04-05 11:13:00,2026-04-05 11:34:00,21.0,2026-04-05 12:17:00,2026-04-05 13:03:00,B17 A,464.0,14.42,32.17,3.8,2.21,46.0
44,2026-04-05,FH8116,2026-04-05 06:35:00,2026-04-05 06:00:00,-35.0,2026-04-05 06:07:00,2026-04-05 06:09:00,B15 A,22.0,15.1,1.46,4.84,1.6,2.0
44,2026-04-05,LH1004,2026-04-05 08:50:00,2026-04-05 08:53:00,3.0,2026-04-05 09:06:00,2026-04-05 09:12:00,A43 ,29.0,8.96,3.24,4.56,1.83,6.0
44,2026-04-05,SN1122,2026-04-05 08:39:00,2026-04-05 09:08:00,29.0,2026-04-05 09:20:00,2026-04-05 09:21:00,B40 A,13.0,12.94,1.0,4.97,2.5,1.0
44,2026-04-05,SN1124,2026-04-05 07:10:00,2026-04-05 07:19:00,9.0,2026-04-05 07:32:00,2026-04-05 07:48:00,B30 A,138.0,14.51,9.51,4.82,1.85,16.0
44,2026-04-05,SN206,2026-04-05 06:25:00,2026-04-05 06:48:00,23.0,2026-04-05 07:07:00,2026-04-05 07:30:00,B38 A,154.0,12.87,11.97,5.49,2.12,23.0
44,2026-04-05,SN229,2026-04-05 12:06:00,2026-04-05 12:12:00,6.0,2026-04-05 12:39:00,2026-04-05 13:03:00,B28 A,20.0,12.14,1.65,5.21,1.54,24.0
44,2026-04-05,SN278,2026-04-05 12:46:00,2026-04-05 12:41:00,-5.0,2026-04-05 13:04:00,2026-04-05 13:33:00,B31 A,62.0,14.12,4.39,4.79,2.24,29.0
44,2026-04-05,SN2900,2026-04-05 07:39:00,2026-04-05 07:25:00,-14.0,2026-04-05 07:38:00,2026-04-05 07:53:00,B38 A,55.0,10.97,5.01,5.68,2.05,15.0
44,2026-04-05,SN3326,2026-04-05 11:24:00,2026-04-05 11:41:00,17.0,2026-04-05 12:06:00,2026-04-05 12:12:00,B14 A,111.0,13.54,8.2,5.23,1.27,6.0
44,2026-04-05,SN358,2026-04-05 10:21:00,2026-04-05 11:13:00,52.0,2026-04-05 11:43:00,2026-04-05 12:03:00,B38 A,126.0,13.86,9.09,5.56,2.1,20.0
44,2026-04-05,SN379,2026-04-05 08:11:00,2026-04-05 08:40:00,29.0,2026-04-05 08:59:00,2026-04-05 09:27:00,B28 A,76.0,12.42,6.12,6.13,1.31,28.0
44,2026-04-05,SN3800,2026-04-05 06:15:00,2026-04-05 06:16:00,1.0,2026-04-05 06:28:00,2026-04-05 06:30:00,A65 ,27.0,14.05,1.92,4.79,1.74,2.0
44,2026-04-05,TB1552,2026-04-05 07:47:00,2026-04-05 07:43:00,-4.0,2026-04-05 07:55:00,2026-04-05 07:59:00,A68 ,66.0,15.47,4.27,6.13,1.36,4.0
44,2026-04-05,TB2632,2026-04-05 09:29:00,2026-04-05 09:09:00,-20.0,2026-04-05 09:35:00,2026-04-05 09:44:00,B9  A,114.0,13.47,8.46,5.65,1.48,9.0
44,2026-04-05,TB2662,2026-04-05 09:15:00,2026-04-05 09:04:00,-11.0,2026-04-05 09:22:00,2026-04-05 09:30:00,B34 A,90.0,15.27,5.89,4.86,2.12,8.0
44,2026-04-05,TG934,2026-04-05 09:21:00,2026-04-05 09:16:00,-5.0,2026-04-05 09:38:00,2026-04-05 09:58:00,B38 A,249.0,13.11,19.0,6.57,1.78,20.0
44,2026-04-05,UA950,2026-04-05 09:21:00,2026-04-05 08:45:00,-36.0,2026-04-05 09:03:00,2026-04-05 09:29:00,B5  A,163.0,11.76,13.86,5.33,1.56,26.0
44,2026-04-05,UA994,2026-04-05 08:51:00,2026-04-05 08:32:00,-19.0,2026-04-05 08:52:00,2026-04-05 09:25:00,B40 A,171.0,14.77,11.58,4.78,2.6,33.0
44,2026-04-05,XR5402,2026-04-05 07:46:00,2026-04-05 08:56:00,70.0,2026-04-05 09:23:00,2026-04-05 09:26:00,B5  A,88.0,11.26,7.81,6.41,1.3,3.0
45,2026-04-05,AC832,2026-04-05 09:18:00,2026-04-05 08:45:00,-33.0,2026-04-05 09:06:00,2026-04-05 09:59:00,B28 A,110.0,13.44,8.18,4.95,1.62,53.0
45,2026-04-05,ET750,2026-04-05 11:13:00,2026-04-05 11:34:00,21.0,2026-04-05 12:17:00,2026-04-05 13:03:00,B17 A,464.0,13.64,34.03,3.87,2.18,46.0
45,2026-04-05,FH8116,2026-04-05 06:35:00,2026-04-05 06:00:00,-35.0,2026-04-05 06:07:00,2026-04-05 06:09:00,B15 A,22.0,12.17,1.81,5.46,1.42,2.0
45,2026-04-05,LH1004,2026-04-05 12:50:00,2026-04-05 12:50:00,0.0,2026-04-05 13:03:00,2026-04-05 13:30:00,A43 ,40.0,10.0,4.0,4.94,1.69,27.0
45,2026-04-05,SN1122,2026-04-05 08:39:00,2026-04-05 09:08:00,29.0,2026-04-05 09:20:00,2026-04-05 09:21:00,B40 A,13.0,13.41,0.97,5.19,2.39,1.0
45,2026-04-05,SN1124,2026-04-05 07:10:00,2026-04-05 07:19:00,9.0,2026-04-05 07:32:00,2026-04-05 07:48:00,B30 A,138.0,13.51,10.21,4.13,2.16,16.0
45,2026-04-05,SN206,2026-04-05 06:25:00,2026-04-05 06:48:00,23.0,2026-04-05 07:07:00,2026-04-05 07:30:00,B38 A,154.0,9.51,16.2,6.07,1.92,23.0
45,2026-04-05,SN229,2026-04-05 08:06:00,2026-04-05 09:20:00,74.0,2026-04-05 09:41:00,2026-04-05 10:22:00,B14 A,144.0,12.06,11.94,4.2,1.59,41.0
45,2026-04-05,SN278,2026-04-05 10:45:00,2026-04-05 10:42:00,-3.0,2026-04-05 11:04:00,2026-04-05 11:16:00,B28 A,198.0,13.54,14.62,4.69,1.71,12.0
45,2026-04-05,SN2900,2026-04-05 07:39:00,2026-04-05 07:25:00,-14.0,2026-04-05 07:38:00,2026-04-05 07:53:00,B38 A,55.0,14.8,3.72,5.62,2.08,15.0
45,2026-04-05,SN3326,2026-04-05 07:45:00,2026-04-05 08:05:00,20.0,2026-04-05 08:16:00,2026-04-05 08:36:00,B28 A,123.0,14.84,8.29,3.86,2.07,20.0
45,2026-04-05,SN358,2026-04-05 12:21:00,2026-04-05 12:23:00,2.0,2026-04-05 12:43:00,2026-04-05 13:14:00,B28 A,176.0,15.32,11.49,5.26,1.52,31.0
45,2026-04-05,SN379,2026-04-05 08:11:00,2026-04-05 08:40:00,29.0,2026-04-05 08:59:00,2026-04-05 09:27:00,B28 A,76.0,8.87,8.57,4.08,1.96,28.0
45,2026-04-05,SN3800,2026-04-05 06:15:00,2026-04-05 06:16:00,1.0,2026-04-05 06:28:00,2026-04-05 06:30:00,A65 ,27.0,9.01,3.0,4.83,1.73,2.0
45,2026-04-05,TB1552,2026-04-05 07:47:00,2026-04-05 07:43:00,-4.0,2026-04-05 07:55:00,2026-04-05 07:59:00,A68 ,66.0,13.19,5.0,4.18,1.99,4.0
45,2026-04-05,TB2632,2026-04-05 09:29:00,2026-04-05 09:09:00,-20.0,2026-04-05 09:35:00,2026-04-05 09:44:00,B9  A,114.0,13.18,8.65,4.35,1.91,9.0
45,2026-04-05,TB2662,2026-04-05 09:15:00,2026-04-05 09:04:00,-11.0,2026-04-05 09:22:00,2026-04-05 09:30:00,B34 A,90.0,16.05,5.61,4.71,2.19,8.0
45,2026-04-05,TG934,2026-04-05 12:22:00,2026-04-05 12:26:00,4.0,2026-04-05 12:46:00,2026-04-05 13:15:00,B34 A,260.0,15.86,16.4,4.26,2.43,29.0
45,2026-04-05,UA950,2026-04-05 08:20:00,2026-04-05 08:20:00,0.0,2026-04-05 08:36:00,2026-04-05 09:25:00,B38 A,176.0,14.22,12.38,6.64,1.76,49.0
45,2026-04-05,UA994,2026-04-05 08:51:00,2026-04-05 08:32:00,-19.0,2026-04-05 08:52:00,2026-04-05 09:25:00,B40 A,171.0,16.88,10.13,4.36,2.85,33.0
45,2026-04-05,XR5402,2026-04-05 07:46:00,2026-04-05 08:56:00,70.0,2026-04-05 09:23:00,2026-04-05 09:26:00,B5  A,88.0,10.03,8.77,4.45,1.87,3.0
46,2026-04-05,AC832,2026-04-05 09:18:00,2026-04-05 08:45:00,-33.0,2026-04-05 09:06:00,2026-04-05 09:59:00,B28 A,110.0,13.34,8.25,5.42,1.48,53.0
46,2026-04-05,ET750,2026-04-05 11:13:00,2026-04-05 11:34:00,21.0,2026-04-05 12:17:00,2026-04-05 13:03:00,B17 A,464.0,13.54,34.28,4.66,1.81,46.0
46,2026-04-05,FH8116,2026-04-05 06:35:00,2026-04-05 06:00:00,-35.0,2026-04-05 06:07:00,2026-04-05 06:09:00,B15 A,22.0,13.17,1.67,3.95,1.96,2.0
46,2026-04-05,LH1004,2026-04-05 09:50:00,2026-04-05 09:53:00,3.0,2026-04-05 10:20:00,2026-04-05 10:27:00,A43 ,33.0,13.75,2.4,4.05,2.06,7.0
46,2026-04-05,SN1122,2026-04-05 08:39:00,2026-04-05 09:08:00,29.0,2026-04-05 09:20:00,2026-04-05 09:21:00,B40 A,13.0,10.55,1.23,5.04,2.46,1.0
46,2026-04-05,SN1124,2026-04-05 07:10:00,2026-04-05 07:19:00,9.0,2026-04-05 07:32:00,2026-04-05 07:48:00,B30 A,138.0,13.29,10.39,3.76,2.37,16.0
46,2026-04-05,SN206,2026-04-05 06:25:00,2026-04-05 06:48:00,23.0,2026-04-05 07:07:00,2026-04-05 07:30:00,B38 A,154.0,9.53,16.16,5.43,2.15,23.0
46,2026-04-05,SN229,2026-04-05 12:06:00,2026-04-05 12:12:00,6.0,2026-04-05 12:39:00,2026-04-05 13:03:00,B28 A,20.0,13.56,1.47,4.52,1.77,24.0
46,2026-04-05,SN278,2026-04-05 08:43:00,2026-04-05 08:27:00,-16.0,2026-04-05 08:40:00,2026-04-05 09:10:00,B37 A,123.0,15.92,7.73,3.96,3.07,30.0
46,2026-04-05,SN2900,2026-04-05 10:44:00,2026-04-05 11:04:00,20.0,2026-04-05 11:13:00,2026-04-05 11:34:00,B32 A,49.0,15.82,3.1,5.63,1.72,21.0
46,2026-04-05,SN3326,2026-04-05 11:24:00,2026-04-05 11:41:00,17.0,2026-04-05 12:06:00,2026-04-05 12:12:00,B14 A,111.0,12.02,9.24,5.67,1.18,6.0
46,2026-04-05,SN358,2026-04-05 12:21:00,2026-04-05 12:23:00,2.0,2026-04-05 12:43:00,2026-04-05 13:14:00,B28 A,176.0,11.62,15.14,5.87,1.36,31.0
46,2026-04-05,SN379,2026-04-05 10:10:00,2026-04-05 11:03:00,53.0,2026-04-05 11:42:00,2026-04-05 12:19:00,B29 A,161.0,15.27,10.54,5.46,1.8,37.0
46,2026-04-05,SN3800,2026-04-05 06:15:00,2026-04-05 06:16:00,1.0,2026-04-05 06:28:00,2026-04-05 06:30:00,A65 ,27.0,10.31,2.62,5.36,1.55,2.0
46,2026-04-05,TB1552,2026-04-05 07:47:00,2026-04-05 07:43:00,-4.0,2026-04-05 07:55:00,2026-04-05 07:59:00,A68 ,66.0,12.96,5.09,5.84,1.43,4.0
46,2026-04-05,TB2632,2026-04-05 09:29:00,2026-04-05 09:09:00,-20.0,2026-04-05 09:35:00,2026-04-05 09:44:00,B9  A,114.0,11.9,9.58,4.23,1.97,9.0
46,2026-04-05,TB2662,2026-04-05 09:15:00,2026-04-05 09:04:00,-11.0,2026-04-05 09:22:00,2026-04-05 09:30:00,B34 A,90.0,12.95,6.95,5.0,2.07,8.0
46,2026-04-05,TG934,2026-04-05 12:22:00,2026-04-05 12:26:00,4.0,2026-04-05 12:46:00,2026-04-05 13:15:00,B34 A,260.0,15.01,17.32,4.41,2.34,29.0
46,2026-04-05,UA950,2026-04-05 11:22:00,2026-04-05 11:02:00,-20.0,2026-04-05 11:22:00,2026-04-05 11:45:00,B28 A,170.0,16.84,10.1,6.44,1.24,23.0
46,2026-04-05,UA994,2026-04-05 11:51:00,2026-04-05 11:37:00,-14.0,2026-04-05 11:55:00,2026-04-05 12:25:00,B40 A,157.0,12.08,13.0,5.1,2.44,30.0
46,2026-04-05,XR5402,2026-04-05 07:46:00,2026-04-05 08:56:00,70.0,2026-04-05 09:23:00,2026-04-05 09:26:00,B5  A,88.0,10.67,8.25,5.37,1.55,3.0
47,2026-04-05,AC832,2026-04-05 08:17:00,2026-04-05 07:46:00,-31.0,2026-04-05 08:02:00,2026-04-05 08:29:00,B30 A,122.0,10.87,11.22,5.02,1.78,27.0
47,2026-04-05,ET750,2026-04-05 11:13:00,2026-04-05 11:34:00,21.0,2026-04-05 12:17:00,2026-04-05 13:03:00,B17 A,464.0,15.32,30.29,5.67,1.48,46.0
47,2026-04-05,FH8116,2026-04-05 06:35:00,2026-04-05 06:00:00,-35.0,2026-04-05 06:07:00,2026-04-05 06:09:00,B15 A,22.0,10.97,2.01,4.44,1.74,2.0
47,2026-04-05,LH1004,2026-04-05 08:50:00,2026-04-05 08:53:00,3.0,2026-04-05 09:06:00,2026-04-05 09:12:00,A43 ,29.0,16.18,1.79,4.71,1.77,6.0
47,2026-04-05,SN1122,2026-04-05 08:39:00,2026-04-05 09:08:00,29.0,2026-04-05 09:20:00,2026-04-05 09:21:00,B40 A,13.0,13.81,0.94,5.86,2.12,1.0
47,2026-04-05,SN1124,2026-04-05 07:10:00,2026-04-05 07:19:00,9.0,2026-04-05 07:32:00,2026-04-05 07:48:00,B30 A,138.0,12.91,10.69,6.82,1.31,16.0
47,2026-04-05,SN206,2026-04-05 06:25:00,2026-04-05 06:48:00,23.0,2026-04-05 07:07:00,2026-04-05 07:30:00,B38 A,154.0,13.09,11.77,5.5,2.12,23.0
47,2026-04-05,SN229,2026-04-05 12:06:00,2026-04-05 12:12:00,6.0,2026-04-05 12:39:00,2026-04-05 13:03:00,B28 A,20.0,15.46,1.29,5.45,1.47,24.0
47,2026-04-05,SN278,2026-04-05 12:46:00,2026-04-05 12:41:00,-5.0,2026-04-05 13:04:00,2026-04-05 13:33:00,B31 A,62.0,10.71,5.79,6.05,1.78,29.0
47,2026-04-05,SN2900,2026-04-05 10:44:00,2026-04-05 11:04:00,20.0,2026-04-05 11:13:00,2026-04-05 11:34:00,B32 A,49.0,13.36,3.67,4.42,2.19,21.0
47,2026-04-05,SN3326,2026-04-05 11:24:00,2026-04-05 11:41:00,17.0,2026-04-05 12:06:00,2026-04-05 12:12:00,B14 A,111.0,12.92,8.59,5.32,1.25,6.0
47,2026-04-05,SN358,2026-04-05 12:21:00,2026-04-05 12:23:00,2.0,2026-04-05 12:43:00,2026-04-05 13:14:00,B28 A,176.0,11.7,15.05,4.54,1.76,31.0
47,2026-04-05,SN379,2026-04-05 10:10:00,2026-04-05 11:03:00,53.0,2026-04-05 11:42:00,2026-04-05 12:19:00,B29 A,161.0,14.36,11.21,3.86,2.54,37.0
47,2026-04-05,SN3800,2026-04-05 06:15:00,2026-04-05 06:16:00,1.0,2026-04-05 06:28:00,2026-04-05 06:30:00,A65 ,27.0,10.81,2.5,6.01,1.39,2.0
47,2026-04-05,TB1552,2026-04-05 07:15:00,2026-04-05 07:08:00,-7.0,2026-04-05 07:38:00,2026-04-05 07:45:00,A61 ,152.0,16.73,9.08,6.35,1.31,7.0
47,2026-04-05,TB2632,2026-04-05 09:29:00,2026-04-05 09:09:00,-20.0,2026-04-05 09:35:00,2026-04-05 09:44:00,B9  A,114.0,11.68,9.76,4.72,1.76,9.0
47,2026-04-05,TB2662,2026-04-05 09:15:00,2026-04-05 09:04:00,-11.0,2026-04-05 09:22:00,2026-04-05 09:30:00,B34 A,90.0,15.47,5.82,4.09,2.52,8.0
47,2026-04-05,TG934,2026-04-05 09:21:00,2026-04-05 09:16:00,-5.0,2026-04-05 09:38:00,2026-04-05 09:58:00,B38 A,249.0,13.13,18.97,5.97,1.95,20.0
47,2026-04-05,UA950,2026-04-05 09:21:00,2026-04-05 08:45:00,-36.0,2026-04-05 09:03:00,2026-04-05 09:29:00,B5  A,163.0,13.58,12.0,5.67,1.47,26.0
47,2026-04-05,UA994,2026-04-05 08:51:00,2026-04-05 08:32:00,-19.0,2026-04-05 08:52:00,2026-04-05 09:25:00,B40 A,171.0,14.2,12.04,4.61,2.7,33.0
47,2026-04-05,XR5402,2026-04-05 07:46:00,2026-04-05 08:56:00,70.0,2026-04-05 09:23:00,2026-04-05 09:26:00,B5  A,88.0,11.26,7.82,4.38,1.9,3.0
48,2026-04-05,AC832,2026-04-05 11:16:00,2026-04-05 10:39:00,-37.0,2026-04-05 10:54:00,2026-04-05 11:24:00,B5  A,101.0,10.56,9.56,4.82,1.73,30.0
48,2026-04-05,ET750,2026-04-05 11:13:00,2026-04-05 11:34:00,21.0,2026-04-05 12:17:00,2026-04-05 13:03:00,B17 A,464.0,12.55,36.97,3.19,2.63,46.0
48,2026-04-05,FH8116,2026-04-05 12:44:00,2026-04-05 12:48:00,4.0,2026-04-05 13:06:00,2026-04-05 13:13:00,B38 A,140.0,15.49,9.04,3.59,3.25,7.0
48,2026-04-05,LH1004,2026-04-05 12:50:00,2026-04-05 12:50:00,0.0,2026-04-05 13:03:00,2026-04-05 13:30:00,A43 ,40.0,11.32,3.53,5.67,1.47,27.0
48,2026-04-05,SN1122,2026-04-05 08:39:00,2026-04-05 09:08:00,29.0,2026-04-05 09:20:00,2026-04-05 09:21:00,B40 A,13.0,12.01,1.08,5.67,2.19,1.0
48,2026-04-05,SN1124,2026-04-05 07:10:00,2026-04-05 07:19:00,9.0,2026-04-05 07:32:00,2026-04-05 07:48:00,B30 A,138.0,11.86,11.63,7.12,1.25,16.0
48,2026-04-05,SN206,2026-04-05 06:25:00,2026-04-05 06:48:00,23.0,2026-04-05 07:07:00,2026-04-05 07:30:00,B38 A,154.0,9.87,15.6,5.55,2.1,23.0
48,2026-04-05,SN229,2026-04-05 12:06:00,2026-04-05 12:12:00,6.0,2026-04-05 12:39:00,2026-04-05 13:03:00,B28 A,20.0,10.35,1.93,6.16,1.3,24.0
48,2026-04-05,SN278,2026-04-05 10:45:00,2026-04-05 10:42:00,-3.0,2026-04-05 11:04:00,2026-04-05 11:16:00,B28 A,198.0,13.45,14.72,5.04,1.59,12.0
48,2026-04-05,SN2900,2026-04-05 10:44:00,2026-04-05 11:04:00,20.0,2026-04-05 11:13:00,2026-04-05 11:34:00,B32 A,49.0,14.03,3.49,4.36,2.22,21.0
48,2026-04-05,SN3326,2026-04-05 11:24:00,2026-04-05 11:41:00,17.0,2026-04-05 12:06:00,2026-04-05 12:12:00,B14 A,111.0,14.68,7.56,5.08,1.31,6.0
48,2026-04-05,SN358,2026-04-05 08:21:00,2026-04-05 08:24:00,3.0,2026-04-05 08:42:00,2026-04-05 09:09:00,B14 A,112.0,15.7,7.13,5.53,1.2,27.0
48,2026-04-05,SN379,2026-04-05 10:10:00,2026-04-05 11:03:00,53.0,2026-04-05 11:42:00,2026-04-05 12:19:00,B29 A,161.0,11.18,14.41,5.3,1.86,37.0
48,2026-04-05,SN3800,2026-04-05 06:15:00,2026-04-05 06:16:00,1.0,2026-04-05 06:28:00,2026-04-05 06:30:00,A65 ,27.0,10.38,2.6,5.05,1.65,2.0
48,2026-04-05,TB1552,2026-04-05 07:47:00,2026-04-05 07:43:00,-4.0,2026-04-05 07:55:00,2026-04-05 07:59:00,A68 ,66.0,12.61,5.23,4.83,1.73,4.0
48,2026-04-05,TB2632,2026-04-05 09:29:00,2026-04-05 09:09:00,-20.0,2026-04-05 09:35:00,2026-04-05 09:44:00,B9  A,114.0,10.52,10.83,4.29,1.94,9.0
48,2026-04-05,TB2662,2026-04-05 09:15:00,2026-04-05 09:04:00,-11.0,2026-04-05 09:22:00,2026-04-05 09:30:00,B34 A,90.0,8.62,10.44,4.13,2.5,8.0
48,2026-04-05,TG934,2026-04-05 09:21:00,2026-04-05 09:16:00,-5.0,2026-04-05 09:38:00,2026-04-05 09:58:00,B38 A,249.0,13.48,18.47,3.93,2.97,20.0
48,2026-04-05,UA950,2026-04-05 10:20:00,2026-04-05 09:58:00,-22.0,2026-04-05 10:24:00,2026-04-05 10:51:00,B40 A,188.0,15.83,11.88,5.34,2.32,27.0
48,2026-04-05,UA994,2026-04-05 08:51:00,2026-04-05 08:32:00,-19.0,2026-04-05 08:52:00,2026-04-05 09:25:00,B40 A,171.0,10.34,16.54,4.87,2.55,33.0
48,2026-04-05,XR5402,2026-04-05 07:46:00,2026-04-05 08:56:00,70.0,2026-04-05 09:23:00,2026-04-05 09:26:00,B5  A,88.0,13.33,6.6,5.97,1.4,3.0
49,2026-04-05,AC832,2026-04-05 08:17:00,2026-04-05 07:46:00,-31.0,2026-04-05 08:02:00,2026-04-05 08:29:00,B30 A,122.0,8.59,14.21,5.46,1.63,27.0
49,2026-04-05,ET750,2026-04-05 11:13:00,2026-04-05 11:34:00,21.0,2026-04-05 12:17:00,2026-04-05 13:03:00,B17 A,464.0,14.53,31.94,4.75,1.77,46.0
49,2026-04-05,FH8116,2026-04-05 06:35:00,2026-04-05 06:00:00,-35.0,2026-04-05 06:07:00,2026-04-05 06:09:00,B15 A,22.0,9.06,2.43,5.05,1.53,2.0
49,2026-04-05,LH1004,2026-04-05 09:50:00,2026-04-05 09:53:00,3.0,2026-04-05 10:20:00,2026-04-05 10:27:00,A43 ,33.0,12.51,2.64,4.77,1.75,7.0
49,2026-04-05,SN1122,2026-04-05 08:39:00,2026-04-05 09:08:00,29.0,2026-04-05 09:20:00,2026-04-05 09:21:00,B40 A,13.0,15.15,0.86,5.0,2.48,1.0
49,2026-04-05,SN1124,2026-04-05 07:10:00,2026-04-05 07:19:00,9.0,2026-04-05 07:32:00,2026-04-05 07:48:00,B30 A,138.0,12.76,10.81,5.26,1.7,16.0
49,2026-04-05,SN206,2026-04-05 06:25:00,2026-04-05 06:48:00,23.0,2026-04-05 07:07:00,2026-04-05 07:30:00,B38 A,154.0,12.66,12.16,6.1,1.91,23.0
49,2026-04-05,SN229,2026-04-05 08:06:00,2026-04-05 09:20:00,74.0,2026-04-05 09:41:00,2026-04-05 10:22:00,B14 A,144.0,12.49,11.53,4.78,1.39,41.0
49,2026-04-05,SN278,2026-04-05 10:45:00,2026-04-05 10:42:00,-3.0,2026-04-05 11:04:00,2026-04-05 11:16:00,B28 A,198.0,12.09,16.37,3.92,2.04,12.0
49,2026-04-05,SN2900,2026-04-05 10:44:00,2026-04-05 11:04:00,20.0,2026-04-05 11:13:00,2026-04-05 11:34:00,B32 A,49.0,11.18,4.38,5.16,1.87,21.0
49,2026-04-05,SN3326,2026-04-05 11:24:00,2026-04-05 11:41:00,17.0,2026-04-05 12:06:00,2026-04-05 12:12:00,B14 A,111.0,12.0,9.25,3.47,1.92,6.0
49,2026-04-05,SN358,2026-04-05 12:21:00,2026-04-05 12:23:00,2.0,2026-04-05 12:43:00,2026-04-05 13:14:00,B28 A,176.0,11.82,14.9,6.35,1.26,31.0
49,2026-04-05,SN379,2026-04-05 08:11:00,2026-04-05 08:40:00,29.0,2026-04-05 08:59:00,2026-04-05 09:27:00,B28 A,76.0,8.61,8.82,4.51,1.77,28.0
49,2026-04-05,SN3800,2026-04-05 06:15:00,2026-04-05 06:16:00,1.0,2026-04-05 06:28:00,2026-04-05 06:30:00,A65 ,27.0,12.3,2.19,5.12,1.63,2.0
49,2026-04-05,TB1552,2026-04-05 07:47:00,2026-04-05 07:43:00,-4.0,2026-04-05 07:55:00,2026-04-05 07:59:00,A68 ,66.0,10.51,6.28,4.86,1.72,4.0
49,2026-04-05,TB2632,2026-04-05 09:29:00,2026-04-05 09:09:00,-20.0,2026-04-05 09:35:00,2026-04-05 09:44:00,B9  A,114.0,13.9,8.2,4.89,1.71,9.0
49,2026-04-05,TB2662,2026-04-05 09:15:00,2026-04-05 09:04:00,-11.0,2026-04-05 09:22:00,2026-04-05 09:30:00,B34 A,90.0,12.49,7.21,4.51,2.29,8.0
49,2026-04-05,TG934,2026-04-05 09:21:00,2026-04-05 09:16:00,-5.0,2026-04-05 09:38:00,2026-04-05 09:58:00,B38 A,249.0,14.4,17.29,5.43,2.15,20.0
49,2026-04-05,UA950,2026-04-05 09:21:00,2026-04-05 08:45:00,-36.0,2026-04-05 09:03:00,2026-04-05 09:29:00,B5  A,163.0,11.1,14.68,4.86,1.71,26.0
49,2026-04-05,UA994,2026-04-05 11:51:00,2026-04-05 11:37:00,-14.0,2026-04-05 11:55:00,2026-04-05 12:25:00,B40 A,157.0,14.73,10.66,4.99,2.49,30.0
49,2026-04-05,XR5402,2026-04-05 07:46:00,2026-04-05 08:56:00,70.0,2026-04-05 09:23:00,2026-04-05 09:26:00,B5  A,88.0,15.73,5.6,4.66,1.79,3.0
50,2026-04-05,AC832,2026-04-05 12:18:00,2026-04-05 11:38:00,-40.0,2026-04-05 11:54:00,2026-04-05 12:17:00,B30 A,100.0,15.07,6.64,5.67,1.57,23.0
50,2026-04-05,ET750,2026-04-05 11:13:00,2026-04-05 11:34:00,21.0,2026-04-05 12:17:00,2026-04-05 13:03:00,B17 A,464.0,11.39,40.73,5.66,1.49,46.0
50,2026-04-05,FH8116,2026-04-05 12:44:00,2026-04-05 12:48:00,4.0,2026-04-05 13:06:00,2026-04-05 13:13:00,B38 A,140.0,11.9,11.76,5.05,2.31,7.0
50,2026-04-05,LH1004,2026-04-05 11:51:00,2026-04-05 11:47:00,-4.0,2026-04-05 12:07:00,2026-04-05 12:12:00,A43 ,23.0,10.11,2.28,3.78,2.2,5.0
50,2026-04-05,SN1122,2026-04-05 08:39:00,2026-04-05 09:08:00,29.0,2026-04-05 09:20:00,2026-04-05 09:21:00,B40 A,13.0,13.95,0.93,4.89,2.54,1.0
50,2026-04-05,SN1124,2026-04-05 07:10:00,2026-04-05 07:19:00,9.0,2026-04-05 07:32:00,2026-04-05 07:48:00,B30 A,138.0,15.47,8.92,4.78,1.87,16.0
50,2026-04-05,SN206,2026-04-05 06:25:00,2026-04-05 06:48:00,23.0,2026-04-05 07:07:00,2026-04-05 07:30:00,B38 A,154.0,15.55,9.9,4.85,2.41,23.0
50,2026-04-05,SN229,2026-04-05 10:04:00,2026-04-05 10:26:00,22.0,2026-04-05 10:41:00,2026-04-05 11:10:00,B31 A,120.0,9.78,12.27,6.72,1.6,29.0
50,2026-04-05,SN278,2026-04-05 08:43:00,2026-04-05 08:27:00,-16.0,2026-04-05 08:40:00,2026-04-05 09:10:00,B37 A,123.0,11.92,10.32,5.25,2.32,30.0
50,2026-04-05,SN2900,2026-04-05 10:44:00,2026-04-05 11:04:00,20.0,2026-04-05 11:13:00,2026-04-05 11:34:00,B32 A,49.0,14.92,3.29,4.42,2.19,21.0
50,2026-04-05,SN3326,2026-04-05 11:24:00,2026-04-05 11:41:00,17.0,2026-04-05 12:06:00,2026-04-05 12:12:00,B14 A,111.0,10.55,10.52,4.1,1.62,6.0
50,2026-04-05,SN358,2026-04-05 12:21:00,2026-04-05 12:23:00,2.0,2026-04-05 12:43:00,2026-04-05 13:14:00,B28 A,176.0,13.6,12.95,5.86,1.37,31.0
50,2026-04-05,SN379,2026-04-05 10:10:00,2026-04-05 11:03:00,53.0,2026-04-05 11:42:00,2026-04-05 12:19:00,B29 A,161.0,10.6,15.19,5.44,1.81,37.0
50,2026-04-05,SN3800,2026-04-05 06:15:00,2026-04-05 06:16:00,1.0,2026-04-05 06:28:00,2026-04-05 06:30:00,A65 ,27.0,12.24,2.21,5.61,1.49,2.0
50,2026-04-05,TB1552,2026-04-05 07:15:00,2026-04-05 07:08:00,-7.0,2026-04-05 07:38:00,2026-04-05 07:45:00,A61 ,152.0,10.43,14.57,5.12,1.63,7.0
50,2026-04-05,TB2632,2026-04-05 09:29:00,2026-04-05 09:09:00,-20.0,2026-04-05 09:35:00,2026-04-05 09:44:00,B9  A,114.0,11.55,9.87,5.27,1.58,9.0
50,2026-04-05,TB2662,2026-04-05 09:15:00,2026-04-05 09:04:00,-11.0,2026-04-05 09:22:00,2026-04-05 09:30:00,B34 A,90.0,14.32,6.29,3.92,2.63,8.0
50,2026-04-05,TG934,2026-04-05 09:21:00,2026-04-05 09:16:00,-5.0,2026-04-05 09:38:00,2026-04-05 09:58:00,B38 A,249.0,14.79,16.84,3.63,3.22,20.0
50,2026-04-05,UA950,2026-04-05 09:21:00,2026-04-05 08:45:00,-36.0,2026-04-05 09:03:00,2026-04-05 09:29:00,B5  A,163.0,15.08,10.81,5.12,1.63,26.0
50,2026-04-05,UA994,2026-04-05 09:51:00,2026-04-05 11:28:00,97.0,2026-04-05 11:44:00,2026-04-05 12:09:00,B40 A,135.0,10.96,12.32,6.13,2.03,25.0
50,2026-04-05,XR5402,2026-04-05 07:46:00,2026-04-05 08:56:00,70.0,2026-04-05 09:23:00,2026-04-05 09:26:00,B5  A,88.0,12.78,6.89,5.31,1.57,3.0
