Scenario_ID,Operational_Day,Flight,Scheduled Ha Block,Ha Block,Delay,From,To,Gate Nr.,Local Total,Unloading_Rate,Duration_S1,Transport_Speed_mps,Duration_S2,Duration_S3
1,2026-04-05,AC832,2026-04-05 09:18:00,2026-04-05 08:45:00,-33.0,2026-04-05 09:06:00,2026-04-05 09:59:00,B28 A,110.0,16.72,6.58,5.68,1.41,53.0
1,2026-04-05,ET750,2026-04-05 11:13:00,2026-04-05 11:34:00,21.0,2026-04-05 12:17:00,2026-04-05 13:03:00,B17 A,464.0,15.58,29.78,5.71,1.47,46.0
1,2026-04-05,FH8116,2026-04-05 06:35:00,2026-04-05 06:00:00,-35.0,2026-04-05 06:07:00,2026-04-05 06:09:00,B15 A,22.0,11.59,1.9,4.48,1.73,2.0
1,2026-04-05,LH1004,2026-04-05 12:50:00,2026-04-05 12:50:00,0.0,2026-04-05 13:03:00,2026-04-05 13:30:00,A43 ,40.0,11.05,3.62,4.82,1.73,27.0
1,2026-04-05,SN1122,2026-04-05 08:39:00,2026-04-05 09:08:00,29.0,2026-04-05 09:20:00,2026-04-05 09:21:00,B40 A,13.0,13.4,0.97,3.04,4.08,1.0
1,2026-04-05,SN1124,2026-04-05 07:10:00,2026-04-05 07:19:00,9.0,2026-04-05 07:32:00,2026-04-05 07:48:00,B30 A,138.0,13.88,9.94,5.64,1.58,16.0
1,2026-04-05,SN206,2026-04-05 06:25:00,2026-04-05 06:48:00,23.0,2026-04-05 07:07:00,2026-04-05 07:30:00,B38 A,154.0,10.0,15.4,4.62,2.53,23.0
1,2026-04-05,SN229,2026-04-05 10:04:00,2026-04-05 10:26:00,22.0,2026-04-05 10:41:00,2026-04-05 11:10:00,B31 A,120.0,11.88,10.1,5.16,2.09,29.0
1,2026-04-05,SN278,2026-04-05 10:45:00,2026-04-05 10:42:00,-3.0,2026-04-05 11:04:00,2026-04-05 11:16:00,B28 A,198.0,12.87,15.38,5.75,1.39,12.0
1,2026-04-05,SN2900,2026-04-05 08:46:00,2026-04-05 08:33:00,-13.0,2026-04-05 08:58:00,2026-04-05 09:02:00,B14 A,79.0,8.14,9.71,4.51,1.48,4.0
1,2026-04-05,SN3326,2026-04-05 11:24:00,2026-04-05 11:41:00,17.0,2026-04-05 12:06:00,2026-04-05 12:12:00,B14 A,111.0,13.99,7.94,4.34,1.53,6.0
1,2026-04-05,SN358,2026-04-05 10:21:00,2026-04-05 11:13:00,52.0,2026-04-05 11:43:00,2026-04-05 12:03:00,B38 A,126.0,12.57,10.02,4.57,2.55,20.0
1,2026-04-05,SN379,2026-04-05 10:10:00,2026-04-05 11:03:00,53.0,2026-04-05 11:42:00,2026-04-05 12:19:00,B29 A,161.0,16.24,9.91,5.44,1.81,37.0
1,2026-04-05,SN3800,2026-04-05 06:15:00,2026-04-05 06:16:00,1.0,2026-04-05 06:28:00,2026-04-05 06:30:00,A65 ,27.0,11.22,2.41,6.82,1.22,2.0
1,2026-04-05,TB1552,2026-04-05 10:15:00,2026-04-05 10:31:00,16.0,2026-04-05 10:50:00,2026-04-05 10:59:00,A69 ,164.0,11.7,14.02,4.62,1.8,9.0
1,2026-04-05,TB2632,2026-04-05 09:29:00,2026-04-05 09:09:00,-20.0,2026-04-05 09:35:00,2026-04-05 09:44:00,B9  A,114.0,11.85,9.62,3.65,2.28,9.0
1,2026-04-05,TB2662,2026-04-05 09:15:00,2026-04-05 09:04:00,-11.0,2026-04-05 09:22:00,2026-04-05 09:30:00,B34 A,90.0,11.68,7.71,4.56,2.27,8.0
1,2026-04-05,TG934,2026-04-05 09:21:00,2026-04-05 09:16:00,-5.0,2026-04-05 09:38:00,2026-04-05 09:58:00,B38 A,249.0,14.76,16.87,4.07,2.86,20.0
1,2026-04-05,UA950,2026-04-05 11:22:00,2026-04-05 11:02:00,-20.0,2026-04-05 11:22:00,2026-04-05 11:45:00,B28 A,170.0,14.14,12.03,5.2,1.54,23.0
1,2026-04-05,UA994,2026-04-05 08:51:00,2026-04-05 08:32:00,-19.0,2026-04-05 08:52:00,2026-04-05 09:25:00,B40 A,171.0,13.55,12.62,6.49,1.91,33.0
1,2026-04-05,XR5402,2026-04-05 07:46:00,2026-04-05 08:56:00,70.0,2026-04-05 09:23:00,2026-04-05 09:26:00,B5  A,88.0,15.18,5.8,6.41,1.3,3.0
2,2026-04-05,AC832,2026-04-05 12:18:00,2026-04-05 11:38:00,-40.0,2026-04-05 11:54:00,2026-04-05 12:17:00,B30 A,100.0,14.79,6.76,4.85,1.84,23.0
2,2026-04-05,ET750,2026-04-05 11:13:00,2026-04-05 11:34:00,21.0,2026-04-05 12:17:00,2026-04-05 13:03:00,B17 A,464.0,14.49,32.02,5.09,1.65,46.0
2,2026-04-05,FH8116,2026-04-05 12:44:00,2026-04-05 12:48:00,4.0,2026-04-05 13:06:00,2026-04-05 13:13:00,B38 A,140.0,12.22,11.46,5.24,2.22,7.0
2,2026-04-05,LH1004,2026-04-05 09:50:00,2026-04-05 09:53:00,3.0,2026-04-05 10:20:00,2026-04-05 10:27:00,A43 ,33.0,13.28,2.49,4.37,1.91,7.0
2,2026-04-05,SN1122,2026-04-05 08:39:00,2026-04-05 09:08:00,29.0,2026-04-05 09:20:00,2026-04-05 09:21:00,B40 A,13.0,14.16,0.92,4.82,2.57,1.0
2,2026-04-05,SN1124,2026-04-05 07:10:00,2026-04-05 07:19:00,9.0,2026-04-05 07:32:00,2026-04-05 07:48:00,B30 A,138.0,14.12,9.77,5.54,1.61,16.0
2,2026-04-05,SN206,2026-04-05 06:25:00,2026-04-05 06:48:00,23.0,2026-04-05 07:07:00,2026-04-05 07:30:00,B38 A,154.0,15.65,9.84,5.2,2.24,23.0
2,2026-04-05,SN229,2026-04-05 12:06:00,2026-04-05 12:12:00,6.0,2026-04-05 12:39:00,2026-04-05 13:03:00,B28 A,20.0,12.48,1.6,4.76,1.68,24.0
2,2026-04-05,SN278,2026-04-05 12:46:00,2026-04-05 12:41:00,-5.0,2026-04-05 13:04:00,2026-04-05 13:33:00,B31 A,62.0,10.15,6.11,4.76,2.26,29.0
2,2026-04-05,SN2900,2026-04-05 07:39:00,2026-04-05 07:25:00,-14.0,2026-04-05 07:38:00,2026-04-05 07:53:00,B38 A,55.0,13.34,4.12,5.12,2.28,15.0
2,2026-04-05,SN3326,2026-04-05 11:24:00,2026-04-05 11:41:00,17.0,2026-04-05 12:06:00,2026-04-05 12:12:00,B14 A,111.0,12.21,9.09,6.32,1.05,6.0
2,2026-04-05,SN358,2026-04-05 10:21:00,2026-04-05 11:13:00,52.0,2026-04-05 11:43:00,2026-04-05 12:03:00,B38 A,126.0,12.41,10.16,5.31,2.2,20.0
2,2026-04-05,SN379,2026-04-05 08:11:00,2026-04-05 08:40:00,29.0,2026-04-05 08:59:00,2026-04-05 09:27:00,B28 A,76.0,12.42,6.12,4.06,1.97,28.0
2,2026-04-05,SN3800,2026-04-05 06:15:00,2026-04-05 06:16:00,1.0,2026-04-05 06:28:00,2026-04-05 06:30:00,A65 ,27.0,13.42,2.01,6.21,1.34,2.0
2,2026-04-05,TB1552,2026-04-05 10:15:00,2026-04-05 10:31:00,16.0,2026-04-05 10:50:00,2026-04-05 10:59:00,A69 ,164.0,14.41,11.38,6.1,1.37,9.0
2,2026-04-05,TB2632,2026-04-05 09:29:00,2026-04-05 09:09:00,-20.0,2026-04-05 09:35:00,2026-04-05 09:44:00,B9  A,114.0,12.9,8.84,4.03,2.07,9.0
2,2026-04-05,TB2662,2026-04-05 09:15:00,2026-04-05 09:04:00,-11.0,2026-04-05 09:22:00,2026-04-05 09:30:00,B34 A,90.0,15.23,5.91,5.87,1.76,8.0
2,2026-04-05,TG934,2026-04-05 09:21:00,2026-04-05 09:16:00,-5.0,2026-04-05 09:38:00,2026-04-05 09:58:00,B38 A,249.0,16.24,15.33,5.78,2.02,20.0
2,2026-04-05,UA950,2026-04-05 10:20:00,2026-04-05 09:58:00,-22.0,2026-04-05 10:24:00,2026-04-05 10:51:00,B40 A,188.0,10.56,17.81,5.52,2.25,27.0
2,2026-04-05,UA994,2026-04-05 09:51:00,2026-04-05 11:28:00,97.0,2026-04-05 11:44:00,2026-04-05 12:09:00,B40 A,135.0,13.27,10.17,4.06,3.05,25.0
2,2026-04-05,XR5402,2026-04-05 07:46:00,2026-04-05 08:56:00,70.0,2026-04-05 09:23:00,2026-04-05 09:26:00,B5  A,88.0,12.6,6.98,5.92,1.41,3.0
3,2026-04-05,AC832,2026-04-05 11:16:00,2026-04-05 10:39:00,-37.0,2026-04-05 10:54:00,2026-04-05 11:24:00,B5  A,101.0,9.13,11.06,5.09,1.64,30.0
3,2026-04-05,ET750,2026-04-05 11:13:00,2026-04-05 11:34:00,21.0,2026-04-05 12:17:00,2026-04-05 13:03:00,B17 A,464.0,11.86,39.12,5.25,1.6,46.0
3,2026-04-05,FH8116,2026-04-05 12:44:00,2026-04-05 12:48:00,4.0,2026-04-05 13:06:00,2026-04-05 13:13:00,B38 A,140.0,13.92,10.06,4.38,2.66,7.0
3,2026-04-05,LH1004,2026-04-05 12:50:00,2026-04-05 12:50:00,0.0,2026-04-05 13:03:00,2026-04-05 13:30:00,A43 ,40.0,10.76,3.72,6.23,1.34,27.0
3,2026-04-05,SN1122,2026-04-05 08:39:00,2026-04-05 09:08:00,29.0,2026-04-05 09:20:00,2026-04-05 09:21:00,B40 A,13.0,9.36,1.39,4.39,2.83,1.0
3,2026-04-05,SN1124,2026-04-05 07:10:00,2026-04-05 07:19:00,9.0,2026-04-05 07:32:00,2026-04-05 07:48:00,B30 A,138.0,15.16,9.1,6.0,1.49,16.0
3,2026-04-05,SN206,2026-04-05 06:25:00,2026-04-05 06:48:00,23.0,2026-04-05 07:07:00,2026-04-05 07:30:00,B38 A,154.0,11.94,12.89,4.46,2.62,23.0
3,2026-04-05,SN229,2026-04-05 12:06:00,2026-04-05 12:12:00,6.0,2026-04-05 12:39:00,2026-04-05 13:03:00,B28 A,20.0,10.89,1.84,3.64,2.2,24.0
3,2026-04-05,SN278,2026-04-05 08:43:00,2026-04-05 08:27:00,-16.0,2026-04-05 08:40:00,2026-04-05 09:10:00,B37 A,123.0,13.59,9.05,3.63,3.35,30.0
3,2026-04-05,SN2900,2026-04-05 07:39:00,2026-04-05 07:25:00,-14.0,2026-04-05 07:38:00,2026-04-05 07:53:00,B38 A,55.0,11.91,4.62,5.02,2.32,15.0
3,2026-04-05,SN3326,2026-04-05 11:24:00,2026-04-05 11:41:00,17.0,2026-04-05 12:06:00,2026-04-05 12:12:00,B14 A,111.0,14.82,7.49,4.87,1.37,6.0
3,2026-04-05,SN358,2026-04-05 10:21:00,2026-04-05 11:13:00,52.0,2026-04-05 11:43:00,2026-04-05 12:03:00,B38 A,126.0,14.66,8.6,4.58,2.55,20.0
3,2026-04-05,SN379,2026-04-05 10:10:00,2026-04-05 11:03:00,53.0,2026-04-05 11:42:00,2026-04-05 12:19:00,B29 A,161.0,13.73,11.73,5.33,1.84,37.0
3,2026-04-05,SN3800,2026-04-05 06:15:00,2026-04-05 06:16:00,1.0,2026-04-05 06:28:00,2026-04-05 06:30:00,A65 ,27.0,16.97,1.59,4.65,1.79,2.0
3,2026-04-05,TB1552,2026-04-05 10:15:00,2026-04-05 10:31:00,16.0,2026-04-05 10:50:00,2026-04-05 10:59:00,A69 ,164.0,11.43,14.35,4.26,1.96,9.0
3,2026-04-05,TB2632,2026-04-05 09:29:00,2026-04-05 09:09:00,-20.0,2026-04-05 09:35:00,2026-04-05 09:44:00,B9  A,114.0,13.17,8.66,4.71,1.77,9.0
3,2026-04-05,TB2662,2026-04-05 09:15:00,2026-04-05 09:04:00,-11.0,2026-04-05 09:22:00,2026-04-05 09:30:00,B34 A,90.0,11.39,7.9,4.01,2.58,8.0
3,2026-04-05,TG934,2026-04-05 09:21:00,2026-04-05 09:16:00,-5.0,2026-04-05 09:38:00,2026-04-05 09:58:00,B38 A,249.0,14.23,17.5,6.03,1.94,20.0
3,2026-04-05,UA950,2026-04-05 11:22:00,2026-04-05 11:02:00,-20.0,2026-04-05 11:22:00,2026-04-05 11:45:00,B28 A,170.0,12.25,13.88,4.94,1.62,23.0
3,2026-04-05,UA994,2026-04-05 09:51:00,2026-04-05 11:28:00,97.0,2026-04-05 11:44:00,2026-04-05 12:09:00,B40 A,135.0,11.88,11.36,5.97,2.08,25.0
3,2026-04-05,XR5402,2026-04-05 07:46:00,2026-04-05 08:56:00,70.0,2026-04-05 09:23:00,2026-04-05 09:26:00,B5  A,88.0,10.51,8.37,5.23,1.59,3.0
4,2026-04-05,AC832,2026-04-05 12:18:00,2026-04-05 11:38:00,-40.0,2026-04-05 11:54:00,2026-04-05 12:17:00,B30 A,100.0,15.05,6.65,4.46,2.0,23.0
4,2026-04-05,ET750,2026-04-05 11:13:00,2026-04-05 11:34:00,21.0,2026-04-05 12:17:00,2026-04-05 13:03:00,B17 A,464.0,14.46,32.09,4.73,1.78,46.0
4,2026-04-05,FH8116,2026-04-05 06:35:00,2026-04-05 06:00:00,-35.0,2026-04-05 06:07:00,2026-04-05 06:09:00,B15 A,22.0,14.58,1.51,5.08,1.52,2.0
4,2026-04-05,LH1004,2026-04-05 11:51:00,2026-04-05 11:47:00,-4.0,2026-04-05 12:07:00,2026-04-05 12:12:00,A43 ,23.0,12.26,1.88,5.28,1.58,5.0
4,2026-04-05,SN1122,2026-04-05 08:39:00,2026-04-05 09:08:00,29.0,2026-04-05 09:20:00,2026-04-05 09:21:00,B40 A,13.0,14.16,0.92,4.71,2.64,1.0
4,2026-04-05,SN1124,2026-04-05 07:10:00,2026-04-05 07:19:00,9.0,2026-04-05 07:32:00,2026-04-05 07:48:00,B30 A,138.0,12.78,10.8,4.83,1.85,16.0
4,2026-04-05,SN206,2026-04-05 06:25:00,2026-04-05 06:48:00,23.0,2026-04-05 07:07:00,2026-04-05 07:30:00,B38 A,154.0,11.98,12.86,5.59,2.09,23.0
4,2026-04-05,SN229,2026-04-05 08:06:00,2026-04-05 09:20:00,74.0,2026-04-05 09:41:00,2026-04-05 10:22:00,B14 A,144.0,11.28,12.76,5.74,1.16,41.0
4,2026-04-05,SN278,2026-04-05 12:46:00,2026-04-05 12:41:00,-5.0,2026-04-05 13:04:00,2026-04-05 13:33:00,B31 A,62.0,13.73,4.52,4.39,2.45,29.0
4,2026-04-05,SN2900,2026-04-05 08:46:00,2026-04-05 08:33:00,-13.0,2026-04-05 08:58:00,2026-04-05 09:02:00,B14 A,79.0,10.7,7.38,4.97,1.34,4.0
4,2026-04-05,SN3326,2026-04-05 11:24:00,2026-04-05 11:41:00,17.0,2026-04-05 12:06:00,2026-04-05 12:12:00,B14 A,111.0,11.2,9.91,4.71,1.42,6.0
4,2026-04-05,SN358,2026-04-05 10:21:00,2026-04-05 11:13:00,52.0,2026-04-05 11:43:00,2026-04-05 12:03:00,B38 A,126.0,13.25,9.51,4.48,2.6,20.0
4,2026-04-05,SN379,2026-04-05 08:11:00,2026-04-05 08:40:00,29.0,2026-04-05 08:59:00,2026-04-05 09:27:00,B28 A,76.0,13.09,5.81,4.89,1.64,28.0
4,2026-04-05,SN3800,2026-04-05 06:15:00,2026-04-05 06:16:00,1.0,2026-04-05 06:28:00,2026-04-05 06:30:00,A65 ,27.0,13.84,1.95,4.8,1.74,2.0
4,2026-04-05,TB1552,2026-04-05 07:47:00,2026-04-05 07:43:00,-4.0,2026-04-05 07:55:00,2026-04-05 07:59:00,A68 ,66.0,15.45,4.27,4.7,1.77,4.0
4,2026-04-05,TB2632,2026-04-05 09:29:00,2026-04-05 09:09:00,-20.0,2026-04-05 09:35:00,2026-04-05 09:44:00,B9  A,114.0,10.43,10.93,3.48,2.39,9.0
4,2026-04-05,TB2662,2026-04-05 09:15:00,2026-04-05 09:04:00,-11.0,2026-04-05 09:22:00,2026-04-05 09:30:00,B34 A,90.0,12.98,6.93,4.41,2.34,8.0
4,2026-04-05,TG934,2026-04-05 09:21:00,2026-04-05 09:16:00,-5.0,2026-04-05 09:38:00,2026-04-05 09:58:00,B38 A,249.0,13.39,18.59,4.73,2.46,20.0
4,2026-04-05,UA950,2026-04-05 10:20:00,2026-04-05 09:58:00,-22.0,2026-04-05 10:24:00,2026-04-05 10:51:00,B40 A,188.0,10.12,18.58,4.52,2.74,27.0
4,2026-04-05,UA994,2026-04-05 10:51:00,2026-04-05 10:01:00,-50.0,2026-04-05 10:18:00,2026-04-05 10:42:00,B38 A,177.0,14.04,12.61,4.71,2.48,24.0
4,2026-04-05,XR5402,2026-04-05 07:46:00,2026-04-05 08:56:00,70.0,2026-04-05 09:23:00,2026-04-05 09:26:00,B5  A,88.0,11.69,7.53,4.95,1.68,3.0
5,2026-04-05,AC832,2026-04-05 08:17:00,2026-04-05 07:46:00,-31.0,2026-04-05 08:02:00,2026-04-05 08:29:00,B30 A,122.0,12.38,9.86,4.71,1.89,27.0
5,2026-04-05,ET750,2026-04-05 11:13:00,2026-04-05 11:34:00,21.0,2026-04-05 12:17:00,2026-04-05 13:03:00,B17 A,464.0,14.73,31.51,4.62,1.82,46.0
5,2026-04-05,FH8116,2026-04-05 12:44:00,2026-04-05 12:48:00,4.0,2026-04-05 13:06:00,2026-04-05 13:13:00,B38 A,140.0,11.32,12.37,5.3,2.2,7.0
5,2026-04-05,LH1004,2026-04-05 08:50:00,2026-04-05 08:53:00,3.0,2026-04-05 09:06:00,2026-04-05 09:12:00,A43 ,29.0,11.22,2.58,4.82,1.73,6.0
5,2026-04-05,SN1122,2026-04-05 08:39:00,2026-04-05 09:08:00,29.0,2026-04-05 09:20:00,2026-04-05 09:21:00,B40 A,13.0,12.05,1.08,4.49,2.77,1.0
5,2026-04-05,SN1124,2026-04-05 07:10:00,2026-04-05 07:19:00,9.0,2026-04-05 07:32:00,2026-04-05 07:48:00,B30 A,138.0,12.64,10.92,4.44,2.01,16.0
5,2026-04-05,SN206,2026-04-05 06:25:00,2026-04-05 06:48:00,23.0,2026-04-05 07:07:00,2026-04-05 07:30:00,B38 A,154.0,13.38,11.51,4.08,2.86,23.0
5,2026-04-05,SN229,2026-04-05 08:06:00,2026-04-05 09:20:00,74.0,2026-04-05 09:41:00,2026-04-05 10:22:00,B14 A,144.0,16.14,8.92,6.14,1.09,41.0
5,2026-04-05,SN278,2026-04-05 12:46:00,2026-04-05 12:41:00,-5.0,2026-04-05 13:04:00,2026-04-05 13:33:00,B31 A,62.0,13.95,4.44,3.41,3.15,29.0
5,2026-04-05,SN2900,2026-04-05 07:39:00,2026-04-05 07:25:00,-14.0,2026-04-05 07:38:00,2026-04-05 07:53:00,B38 A,55.0,12.15,4.53,5.14,2.27,15.0
5,2026-04-05,SN3326,2026-04-05 11:24:00,2026-04-05 11:41:00,17.0,2026-04-05 12:06:00,2026-04-05 12:12:00,B14 A,111.0,13.25,8.37,4.26,1.56,6.0
5,2026-04-05,SN358,2026-04-05 12:21:00,2026-04-05 12:23:00,2.0,2026-04-05 12:43:00,2026-04-05 13:14:00,B28 A,176.0,13.27,13.26,4.92,1.63,31.0
5,2026-04-05,SN379,2026-04-05 10:10:00,2026-04-05 11:03:00,53.0,2026-04-05 11:42:00,2026-04-05 12:19:00,B29 A,161.0,9.65,16.69,4.42,2.23,37.0
5,2026-04-05,SN3800,2026-04-05 06:15:00,2026-04-05 06:16:00,1.0,2026-04-05 06:28:00,2026-04-05 06:30:00,A65 ,27.0,16.8,1.61,5.29,1.58,2.0
5,2026-04-05,TB1552,2026-04-05 08:29:00,2026-04-05 08:25:00,-4.0,2026-04-05 08:46:00,2026-04-05 08:54:00,A61 ,166.0,11.84,14.02,5.07,1.64,8.0
5,2026-04-05,TB2632,2026-04-05 09:29:00,2026-04-05 09:09:00,-20.0,2026-04-05 09:35:00,2026-04-05 09:44:00,B9  A,114.0,12.38,9.21,6.17,1.35,9.0
5,2026-04-05,TB2662,2026-04-05 09:15:00,2026-04-05 09:04:00,-11.0,2026-04-05 09:22:00,2026-04-05 09:30:00,B34 A,90.0,14.9,6.04,7.49,1.38,8.0
5,2026-04-05,TG934,2026-04-05 09:21:00,2026-04-05 09:16:00,-5.0,2026-04-05 09:38:00,2026-04-05 09:58:00,B38 A,249.0,13.25,18.79,5.26,2.22,20.0
5,2026-04-05,UA950,2026-04-05 08:20:00,2026-04-05 08:20:00,0.0,2026-04-05 08:36:00,2026-04-05 09:25:00,B38 A,176.0,13.15,13.38,4.62,2.53,49.0
5,2026-04-05,UA994,2026-04-05 08:51:00,2026-04-05 08:32:00,-19.0,2026-04-05 08:52:00,2026-04-05 09:25:00,B40 A,171.0,15.41,11.1,6.17,2.01,33.0
5,2026-04-05,XR5402,2026-04-05 07:46:00,2026-04-05 08:56:00,70.0,2026-04-05 09:23:00,2026-04-05 09:26:00,B5  A,88.0,14.65,6.01,4.99,1.67,3.0
6,2026-04-05,AC832,2026-04-05 08:17:00,2026-04-05 07:46:00,-31.0,2026-04-05 08:02:00,2026-04-05 08:29:00,B30 A,122.0,16.75,7.28,4.72,1.89,27.0
6,2026-04-05,ET750,2026-04-05 09:11:00,2026-04-05 09:13:00,2.0,2026-04-05 09:42:00,2026-04-05 10:46:00,B40 A,421.0,15.58,27.03,6.5,1.91,64.0
6,2026-04-05,FH8116,2026-04-05 06:35:00,2026-04-05 06:00:00,-35.0,2026-04-05 06:07:00,2026-04-05 06:09:00,B15 A,22.0,11.24,1.96,5.23,1.48,2.0
6,2026-04-05,LH1004,2026-04-05 12:50:00,2026-04-05 12:50:00,0.0,2026-04-05 13:03:00,2026-04-05 13:30:00,A43 ,40.0,11.29,3.54,5.33,1.56,27.0
6,2026-04-05,SN1122,2026-04-05 08:39:00,2026-04-05 09:08:00,29.0,2026-04-05 09:20:00,2026-04-05 09:21:00,B40 A,13.0,15.77,0.82,5.53,2.25,1.0
6,2026-04-05,SN1124,2026-04-05 07:10:00,2026-04-05 07:19:00,9.0,2026-04-05 07:32:00,2026-04-05 07:48:00,B30 A,138.0,13.31,10.37,5.59,1.59,16.0
6,2026-04-05,SN206,2026-04-05 06:25:00,2026-04-05 06:48:00,23.0,2026-04-05 07:07:00,2026-04-05 07:30:00,B38 A,154.0,12.44,12.38,6.53,1.79,23.0
6,2026-04-05,SN229,2026-04-05 10:04:00,2026-04-05 10:26:00,22.0,2026-04-05 10:41:00,2026-04-05 11:10:00,B31 A,120.0,11.4,10.52,4.9,2.19,29.0
6,2026-04-05,SN278,2026-04-05 10:45:00,2026-04-05 10:42:00,-3.0,2026-04-05 11:04:00,2026-04-05 11:16:00,B28 A,198.0,16.15,12.26,4.68,1.71,12.0
6,2026-04-05,SN2900,2026-04-05 10:44:00,2026-04-05 11:04:00,20.0,2026-04-05 11:13:00,2026-04-05 11:34:00,B32 A,49.0,12.66,3.87,5.48,1.76,21.0
6,2026-04-05,SN3326,2026-04-05 11:24:00,2026-04-05 11:41:00,17.0,2026-04-05 12:06:00,2026-04-05 12:12:00,B14 A,111.0,9.46,11.74,6.21,1.07,6.0
6,2026-04-05,SN358,2026-04-05 10:21:00,2026-04-05 11:13:00,52.0,2026-04-05 11:43:00,2026-04-05 12:03:00,B38 A,126.0,14.72,8.56,6.09,1.91,20.0
6,2026-04-05,SN379,2026-04-05 10:10:00,2026-04-05 11:03:00,53.0,2026-04-05 11:42:00,2026-04-05 12:19:00,B29 A,161.0,16.1,10.0,3.73,2.63,37.0
6,2026-04-05,SN3800,2026-04-05 06:15:00,2026-04-05 06:16:00,1.0,2026-04-05 06:28:00,2026-04-05 06:30:00,A65 ,27.0,9.8,2.76,5.89,1.42,2.0
6,2026-04-05,TB1552,2026-04-05 07:15:00,2026-04-05 07:08:00,-7.0,2026-04-05 07:38:00,2026-04-05 07:45:00,A61 ,152.0,14.77,10.29,6.23,1.34,7.0
6,2026-04-05,TB2632,2026-04-05 09:29:00,2026-04-05 09:09:00,-20.0,2026-04-05 09:35:00,2026-04-05 09:44:00,B9  A,114.0,14.99,7.6,6.74,1.24,9.0
6,2026-04-05,TB2662,2026-04-05 09:15:00,2026-04-05 09:04:00,-11.0,2026-04-05 09:22:00,2026-04-05 09:30:00,B34 A,90.0,16.19,5.56,5.07,2.04,8.0
6,2026-04-05,TG934,2026-04-05 09:21:00,2026-04-05 09:16:00,-5.0,2026-04-05 09:38:00,2026-04-05 09:58:00,B38 A,249.0,12.77,19.5,6.38,1.83,20.0
6,2026-04-05,UA950,2026-04-05 11:22:00,2026-04-05 11:02:00,-20.0,2026-04-05 11:22:00,2026-04-05 11:45:00,B28 A,170.0,11.53,14.75,5.2,1.54,23.0
6,2026-04-05,UA994,2026-04-05 08:51:00,2026-04-05 08:32:00,-19.0,2026-04-05 08:52:00,2026-04-05 09:25:00,B40 A,171.0,10.97,15.59,3.77,3.29,33.0
6,2026-04-05,XR5402,2026-04-05 07:46:00,2026-04-05 08:56:00,70.0,2026-04-05 09:23:00,2026-04-05 09:26:00,B5  A,88.0,13.7,6.42,4.17,2.0,3.0
7,2026-04-05,AC832,2026-04-05 10:17:00,2026-04-05 10:43:00,26.0,2026-04-05 11:00:00,2026-04-05 11:34:00,B14 A,172.0,10.95,15.71,5.57,1.2,34.0
7,2026-04-05,ET750,2026-04-05 11:13:00,2026-04-05 11:34:00,21.0,2026-04-05 12:17:00,2026-04-05 13:03:00,B17 A,464.0,12.11,38.33,4.93,1.71,46.0
7,2026-04-05,FH8116,2026-04-05 06:35:00,2026-04-05 06:00:00,-35.0,2026-04-05 06:07:00,2026-04-05 06:09:00,B15 A,22.0,15.43,1.43,5.22,1.48,2.0
7,2026-04-05,LH1004,2026-04-05 12:50:00,2026-04-05 12:50:00,0.0,2026-04-05 13:03:00,2026-04-05 13:30:00,A43 ,40.0,11.32,3.54,5.0,1.67,27.0
7,2026-04-05,SN1122,2026-04-05 08:39:00,2026-04-05 09:08:00,29.0,2026-04-05 09:20:00,2026-04-05 09:21:00,B40 A,13.0,9.67,1.34,4.19,2.96,1.0
7,2026-04-05,SN1124,2026-04-05 07:10:00,2026-04-05 07:19:00,9.0,2026-04-05 07:32:00,2026-04-05 07:48:00,B30 A,138.0,12.2,11.31,6.87,1.3,16.0
7,2026-04-05,SN206,2026-04-05 06:25:00,2026-04-05 06:48:00,23.0,2026-04-05 07:07:00,2026-04-05 07:30:00,B38 A,154.0,10.7,14.39,4.29,2.72,23.0
7,2026-04-05,SN229,2026-04-05 10:04:00,2026-04-05 10:26:00,22.0,2026-04-05 10:41:00,2026-04-05 11:10:00,B31 A,120.0,12.07,9.94,5.71,1.88,29.0
7,2026-04-05,SN278,2026-04-05 12:46:00,2026-04-05 12:41:00,-5.0,2026-04-05 13:04:00,2026-04-05 13:33:00,B31 A,62.0,11.71,5.29,4.9,2.19,29.0
7,2026-04-05,SN2900,2026-04-05 10:44:00,2026-04-05 11:04:00,20.0,2026-04-05 11:13:00,2026-04-05 11:34:00,B32 A,49.0,9.0,5.44,4.55,2.12,21.0
7,2026-04-05,SN3326,2026-04-05 11:24:00,2026-04-05 11:41:00,17.0,2026-04-05 12:06:00,2026-04-05 12:12:00,B14 A,111.0,12.55,8.84,4.56,1.46,6.0
7,2026-04-05,SN358,2026-04-05 08:21:00,2026-04-05 08:24:00,3.0,2026-04-05 08:42:00,2026-04-05 09:09:00,B14 A,112.0,11.26,9.95,4.76,1.4,27.0
7,2026-04-05,SN379,2026-04-05 08:11:00,2026-04-05 08:40:00,29.0,2026-04-05 08:59:00,2026-04-05 09:27:00,B28 A,76.0,11.3,6.72,4.32,1.85,28.0
7,2026-04-05,SN3800,2026-04-05 06:15:00,2026-04-05 06:16:00,1.0,2026-04-05 06:28:00,2026-04-05 06:30:00,A65 ,27.0,10.95,2.46,4.15,2.01,2.0
7,2026-04-05,TB1552,2026-04-05 10:15:00,2026-04-05 10:31:00,16.0,2026-04-05 10:50:00,2026-04-05 10:59:00,A69 ,164.0,11.29,14.53,3.78,2.2,9.0
7,2026-04-05,TB2632,2026-04-05 09:29:00,2026-04-05 09:09:00,-20.0,2026-04-05 09:35:00,2026-04-05 09:44:00,B9  A,114.0,13.67,8.34,5.31,1.57,9.0
7,2026-04-05,TB2662,2026-04-05 09:15:00,2026-04-05 09:04:00,-11.0,2026-04-05 09:22:00,2026-04-05 09:30:00,B34 A,90.0,9.85,9.13,5.36,1.93,8.0
7,2026-04-05,TG934,2026-04-05 09:21:00,2026-04-05 09:16:00,-5.0,2026-04-05 09:38:00,2026-04-05 09:58:00,B38 A,249.0,15.54,16.02,4.73,2.47,20.0
7,2026-04-05,UA950,2026-04-05 12:20:00,2026-04-05 11:58:00,-22.0,2026-04-05 12:14:00,2026-04-05 12:42:00,B37 A,127.0,12.59,10.08,5.7,2.13,28.0
7,2026-04-05,UA994,2026-04-05 09:51:00,2026-04-05 11:28:00,97.0,2026-04-05 11:44:00,2026-04-05 12:09:00,B40 A,135.0,13.6,9.92,5.38,2.31,25.0
7,2026-04-05,XR5402,2026-04-05 07:46:00,2026-04-05 08:56:00,70.0,2026-04-05 09:23:00,2026-04-05 09:26:00,B5  A,88.0,14.88,5.91,5.08,1.64,3.0
8,2026-04-05,AC832,2026-04-05 12:18:00,2026-04-05 11:38:00,-40.0,2026-04-05 11:54:00,2026-04-05 12:17:00,B30 A,100.0,13.05,7.66,5.62,1.59,23.0
8,2026-04-05,ET750,2026-04-05 11:13:00,2026-04-05 11:34:00,21.0,2026-04-05 12:17:00,2026-04-05 13:03:00,B17 A,464.0,12.68,36.6,4.85,1.73,46.0
8,2026-04-05,FH8116,2026-04-05 12:44:00,2026-04-05 12:48:00,4.0,2026-04-05 13:06:00,2026-04-05 13:13:00,B38 A,140.0,15.2,9.21,3.23,3.61,7.0
8,2026-04-05,LH1004,2026-04-05 12:50:00,2026-04-05 12:50:00,0.0,2026-04-05 13:03:00,2026-04-05 13:30:00,A43 ,40.0,11.56,3.46,4.73,1.76,27.0
8,2026-04-05,SN1122,2026-04-05 08:39:00,2026-04-05 09:08:00,29.0,2026-04-05 09:20:00,2026-04-05 09:21:00,B40 A,13.0,11.74,1.11,3.79,3.27,1.0
8,2026-04-05,SN1124,2026-04-05 07:10:00,2026-04-05 07:19:00,9.0,2026-04-05 07:32:00,2026-04-05 07:48:00,B30 A,138.0,12.86,10.73,5.08,1.76,16.0
8,2026-04-05,SN206,2026-04-05 06:25:00,2026-04-05 06:48:00,23.0,2026-04-05 07:07:00,2026-04-05 07:30:00,B38 A,154.0,14.63,10.53,4.87,2.39,23.0
8,2026-04-05,SN229,2026-04-05 08:06:00,2026-04-05 09:20:00,74.0,2026-04-05 09:41:00,2026-04-05 10:22:00,B14 A,144.0,13.11,10.98,4.74,1.41,41.0
8,2026-04-05,SN278,2026-04-05 10:45:00,2026-04-05 10:42:00,-3.0,2026-04-05 11:04:00,2026-04-05 11:16:00,B28 A,198.0,13.38,14.8,4.47,1.79,12.0
8,2026-04-05,SN2900,2026-04-05 08:46:00,2026-04-05 08:33:00,-13.0,2026-04-05 08:58:00,2026-04-05 09:02:00,B14 A,79.0,11.21,7.05,4.92,1.36,4.0
8,2026-04-05,SN3326,2026-04-05 11:24:00,2026-04-05 11:41:00,17.0,2026-04-05 12:06:00,2026-04-05 12:12:00,B14 A,111.0,14.21,7.81,4.32,1.54,6.0
8,2026-04-05,SN358,2026-04-05 08:21:00,2026-04-05 08:24:00,3.0,2026-04-05 08:42:00,2026-04-05 09:09:00,B14 A,112.0,15.77,7.1,5.64,1.18,27.0
8,2026-04-05,SN379,2026-04-05 10:10:00,2026-04-05 11:03:00,53.0,2026-04-05 11:42:00,2026-04-05 12:19:00,B29 A,161.0,14.44,11.15,4.17,2.36,37.0
8,2026-04-05,SN3800,2026-04-05 06:15:00,2026-04-05 06:16:00,1.0,2026-04-05 06:28:00,2026-04-05 06:30:00,A65 ,27.0,13.43,2.01,4.3,1.94,2.0
8,2026-04-05,TB1552,2026-04-05 08:29:00,2026-04-05 08:25:00,-4.0,2026-04-05 08:46:00,2026-04-05 08:54:00,A61 ,166.0,12.5,13.28,6.93,1.2,8.0
8,2026-04-05,TB2632,2026-04-05 09:29:00,2026-04-05 09:09:00,-20.0,2026-04-05 09:35:00,2026-04-05 09:44:00,B9  A,114.0,12.46,9.15,5.17,1.61,9.0
8,2026-04-05,TB2662,2026-04-05 09:15:00,2026-04-05 09:04:00,-11.0,2026-04-05 09:22:00,2026-04-05 09:30:00,B34 A,90.0,10.94,8.23,5.02,2.06,8.0
8,2026-04-05,TG934,2026-04-05 09:21:00,2026-04-05 09:16:00,-5.0,2026-04-05 09:38:00,2026-04-05 09:58:00,B38 A,249.0,13.0,19.15,4.94,2.36,20.0
8,2026-04-05,UA950,2026-04-05 12:20:00,2026-04-05 11:58:00,-22.0,2026-04-05 12:14:00,2026-04-05 12:42:00,B37 A,127.0,12.01,10.57,4.2,2.89,28.0
8,2026-04-05,UA994,2026-04-05 11:51:00,2026-04-05 11:37:00,-14.0,2026-04-05 11:55:00,2026-04-05 12:25:00,B40 A,157.0,14.0,11.22,4.86,2.55,30.0
8,2026-04-05,XR5402,2026-04-05 07:46:00,2026-04-05 08:56:00,70.0,2026-04-05 09:23:00,2026-04-05 09:26:00,B5  A,88.0,12.26,7.18,4.81,1.73,3.0
9,2026-04-05,AC832,2026-04-05 08:17:00,2026-04-05 07:46:00,-31.0,2026-04-05 08:02:00,2026-04-05 08:29:00,B30 A,122.0,11.76,10.37,5.31,1.68,27.0
9,2026-04-05,ET750,2026-04-05 11:13:00,2026-04-05 11:34:00,21.0,2026-04-05 12:17:00,2026-04-05 13:03:00,B17 A,464.0,12.65,36.67,4.37,1.92,46.0
9,2026-04-05,FH8116,2026-04-05 12:44:00,2026-04-05 12:48:00,4.0,2026-04-05 13:06:00,2026-04-05 13:13:00,B38 A,140.0,12.65,11.07,6.0,1.94,7.0
9,2026-04-05,LH1004,2026-04-05 09:50:00,2026-04-05 09:53:00,3.0,2026-04-05 10:20:00,2026-04-05 10:27:00,A43 ,33.0,14.23,2.32,5.19,1.61,7.0
9,2026-04-05,SN1122,2026-04-05 08:39:00,2026-04-05 09:08:00,29.0,2026-04-05 09:20:00,2026-04-05 09:21:00,B40 A,13.0,11.82,1.1,4.94,2.51,1.0
9,2026-04-05,SN1124,2026-04-05 07:10:00,2026-04-05 07:19:00,9.0,2026-04-05 07:32:00,2026-04-05 07:48:00,B30 A,138.0,13.03,10.59,4.41,2.02,16.0
9,2026-04-05,SN206,2026-04-05 06:25:00,2026-04-05 06:48:00,23.0,2026-04-05 07:07:00,2026-04-05 07:30:00,B38 A,154.0,10.65,14.45,6.29,1.85,23.0
9,2026-04-05,SN229,2026-04-05 12:06:00,2026-04-05 12:12:00,6.0,2026-04-05 12:39:00,2026-04-05 13:03:00,B28 A,20.0,8.72,2.29,4.66,1.72,24.0
9,2026-04-05,SN278,2026-04-05 10:45:00,2026-04-05 10:42:00,-3.0,2026-04-05 11:04:00,2026-04-05 11:16:00,B28 A,198.0,11.49,17.23,4.75,1.69,12.0
9,2026-04-05,SN2900,2026-04-05 08:46:00,2026-04-05 08:33:00,-13.0,2026-04-05 08:58:00,2026-04-05 09:02:00,B14 A,79.0,11.6,6.81,6.27,1.06,4.0
9,2026-04-05,SN3326,2026-04-05 11:24:00,2026-04-05 11:41:00,17.0,2026-04-05 12:06:00,2026-04-05 12:12:00,B14 A,111.0,11.77,9.43,4.03,1.65,6.0
9,2026-04-05,SN358,2026-04-05 08:21:00,2026-04-05 08:24:00,3.0,2026-04-05 08:42:00,2026-04-05 09:09:00,B14 A,112.0,12.74,8.79,4.5,1.48,27.0
9,2026-04-05,SN379,2026-04-05 08:11:00,2026-04-05 08:40:00,29.0,2026-04-05 08:59:00,2026-04-05 09:27:00,B28 A,76.0,9.69,7.84,4.17,1.92,28.0
9,2026-04-05,SN3800,2026-04-05 06:15:00,2026-04-05 06:16:00,1.0,2026-04-05 06:28:00,2026-04-05 06:30:00,A65 ,27.0,12.55,2.15,6.14,1.36,2.0
9,2026-04-05,TB1552,2026-04-05 07:15:00,2026-04-05 07:08:00,-7.0,2026-04-05 07:38:00,2026-04-05 07:45:00,A61 ,152.0,12.42,12.24,3.74,2.23,7.0
9,2026-04-05,TB2632,2026-04-05 09:29:00,2026-04-05 09:09:00,-20.0,2026-04-05 09:35:00,2026-04-05 09:44:00,B9  A,114.0,13.55,8.41,5.45,1.53,9.0
9,2026-04-05,TB2662,2026-04-05 09:15:00,2026-04-05 09:04:00,-11.0,2026-04-05 09:22:00,2026-04-05 09:30:00,B34 A,90.0,9.16,9.82,3.64,2.83,8.0
9,2026-04-05,TG934,2026-04-05 09:21:00,2026-04-05 09:16:00,-5.0,2026-04-05 09:38:00,2026-04-05 09:58:00,B38 A,249.0,14.25,17.48,7.86,1.48,20.0
9,2026-04-05,UA950,2026-04-05 11:22:00,2026-04-05 11:02:00,-20.0,2026-04-05 11:22:00,2026-04-05 11:45:00,B28 A,170.0,9.74,17.46,5.56,1.44,23.0
9,2026-04-05,UA994,2026-04-05 11:51:00,2026-04-05 11:37:00,-14.0,2026-04-05 11:55:00,2026-04-05 12:25:00,B40 A,157.0,11.57,13.57,4.56,2.72,30.0
9,2026-04-05,XR5402,2026-04-05 07:46:00,2026-04-05 08:56:00,70.0,2026-04-05 09:23:00,2026-04-05 09:26:00,B5  A,88.0,13.97,6.3,5.99,1.39,3.0
10,2026-04-05,AC832,2026-04-05 12:18:00,2026-04-05 11:38:00,-40.0,2026-04-05 11:54:00,2026-04-05 12:17:00,B30 A,100.0,13.06,7.66,6.48,1.38,23.0
10,2026-04-05,ET750,2026-04-05 11:13:00,2026-04-05 11:34:00,21.0,2026-04-05 12:17:00,2026-04-05 13:03:00,B17 A,464.0,13.73,33.8,4.11,2.05,46.0
10,2026-04-05,FH8116,2026-04-05 06:35:00,2026-04-05 06:00:00,-35.0,2026-04-05 06:07:00,2026-04-05 06:09:00,B15 A,22.0,13.11,1.68,5.68,1.36,2.0
10,2026-04-05,LH1004,2026-04-05 08:50:00,2026-04-05 08:53:00,3.0,2026-04-05 09:06:00,2026-04-05 09:12:00,A43 ,29.0,12.37,2.34,5.32,1.57,6.0
10,2026-04-05,SN1122,2026-04-05 08:39:00,2026-04-05 09:08:00,29.0,2026-04-05 09:20:00,2026-04-05 09:21:00,B40 A,13.0,8.28,1.57,5.04,2.46,1.0
10,2026-04-05,SN1124,2026-04-05 07:10:00,2026-04-05 07:19:00,9.0,2026-04-05 07:32:00,2026-04-05 07:48:00,B30 A,138.0,15.29,9.03,5.54,1.61,16.0
10,2026-04-05,SN206,2026-04-05 06:25:00,2026-04-05 06:48:00,23.0,2026-04-05 07:07:00,2026-04-05 07:30:00,B38 A,154.0,12.19,12.63,4.21,2.77,23.0
10,2026-04-05,SN229,2026-04-05 08:06:00,2026-04-05 09:20:00,74.0,2026-04-05 09:41:00,2026-04-05 10:22:00,B14 A,144.0,13.32,10.81,5.02,1.33,41.0
10,2026-04-05,SN278,2026-04-05 10:45:00,2026-04-05 10:42:00,-3.0,2026-04-05 11:04:00,2026-04-05 11:16:00,B28 A,198.0,10.91,18.14,3.96,2.02,12.0
10,2026-04-05,SN2900,2026-04-05 07:39:00,2026-04-05 07:25:00,-14.0,2026-04-05 07:38:00,2026-04-05 07:53:00,B38 A,55.0,12.12,4.54,5.12,2.28,15.0
10,2026-04-05,SN3326,2026-04-05 11:24:00,2026-04-05 11:41:00,17.0,2026-04-05 12:06:00,2026-04-05 12:12:00,B14 A,111.0,12.3,9.02,4.7,1.42,6.0
10,2026-04-05,SN358,2026-04-05 08:21:00,2026-04-05 08:24:00,3.0,2026-04-05 08:42:00,2026-04-05 09:09:00,B14 A,112.0,12.81,8.74,6.33,1.05,27.0
10,2026-04-05,SN379,2026-04-05 10:10:00,2026-04-05 11:03:00,53.0,2026-04-05 11:42:00,2026-04-05 12:19:00,B29 A,161.0,11.3,14.25,4.41,2.23,37.0
10,2026-04-05,SN3800,2026-04-05 06:15:00,2026-04-05 06:16:00,1.0,2026-04-05 06:28:00,2026-04-05 06:30:00,A65 ,27.0,10.42,2.59,6.49,1.28,2.0
10,2026-04-05,TB1552,2026-04-05 07:15:00,2026-04-05 07:08:00,-7.0,2026-04-05 07:38:00,2026-04-05 07:45:00,A61 ,152.0,13.82,11.0,5.18,1.61,7.0
10,2026-04-05,TB2632,2026-04-05 09:29:00,2026-04-05 09:09:00,-20.0,2026-04-05 09:35:00,2026-04-05 09:44:00,B9  A,114.0,13.68,8.33,4.44,1.88,9.0
10,2026-04-05,TB2662,2026-04-05 09:15:00,2026-04-05 09:04:00,-11.0,2026-04-05 09:22:00,2026-04-05 09:30:00,B34 A,90.0,16.68,5.4,4.94,2.09,8.0
10,2026-04-05,TG934,2026-04-05 09:21:00,2026-04-05 09:16:00,-5.0,2026-04-05 09:38:00,2026-04-05 09:58:00,B38 A,249.0,15.11,16.48,5.49,2.13,20.0
10,2026-04-05,UA950,2026-04-05 12:20:00,2026-04-05 11:58:00,-22.0,2026-04-05 12:14:00,2026-04-05 12:42:00,B37 A,127.0,13.36,9.5,4.54,2.68,28.0
10,2026-04-05,UA994,2026-04-05 10:51:00,2026-04-05 10:01:00,-50.0,2026-04-05 10:18:00,2026-04-05 10:42:00,B38 A,177.0,16.23,10.9,4.29,2.72,24.0
10,2026-04-05,XR5402,2026-04-05 07:46:00,2026-04-05 08:56:00,70.0,2026-04-05 09:23:00,2026-04-05 09:26:00,B5  A,88.0,13.16,6.68,5.44,1.53,3.0
11,2026-04-05,AC832,2026-04-05 10:17:00,2026-04-05 10:43:00,26.0,2026-04-05 11:00:00,2026-04-05 11:34:00,B14 A,172.0,13.21,13.02,4.48,1.49,34.0
11,2026-04-05,ET750,2026-04-05 11:13:00,2026-04-05 11:34:00,21.0,2026-04-05 12:17:00,2026-04-05 13:03:00,B17 A,464.0,14.03,33.06,6.37,1.32,46.0
11,2026-04-05,FH8116,2026-04-05 12:44:00,2026-04-05 12:48:00,4.0,2026-04-05 13:06:00,2026-04-05 13:13:00,B38 A,140.0,12.0,11.66,4.12,2.83,7.0
11,2026-04-05,LH1004,2026-04-05 11:51:00,2026-04-05 11:47:00,-4.0,2026-04-05 12:07:00,2026-04-05 12:12:00,A43 ,23.0,12.11,1.9,5.57,1.5,5.0
11,2026-04-05,SN1122,2026-04-05 08:39:00,2026-04-05 09:08:00,29.0,2026-04-05 09:20:00,2026-04-05 09:21:00,B40 A,13.0,14.78,0.88,5.24,2.37,1.0
11,2026-04-05,SN1124,2026-04-05 07:10:00,2026-04-05 07:19:00,9.0,2026-04-05 07:32:00,2026-04-05 07:48:00,B30 A,138.0,12.45,11.08,5.18,1.72,16.0
11,2026-04-05,SN206,2026-04-05 06:25:00,2026-04-05 06:48:00,23.0,2026-04-05 07:07:00,2026-04-05 07:30:00,B38 A,154.0,15.27,10.09,6.44,1.81,23.0
11,2026-04-05,SN229,2026-04-05 12:06:00,2026-04-05 12:12:00,6.0,2026-04-05 12:39:00,2026-04-05 13:03:00,B28 A,20.0,11.65,1.72,4.91,1.63,24.0
11,2026-04-05,SN278,2026-04-05 12:46:00,2026-04-05 12:41:00,-5.0,2026-04-05 13:04:00,2026-04-05 13:33:00,B31 A,62.0,10.8,5.74,4.73,2.27,29.0
11,2026-04-05,SN2900,2026-04-05 10:44:00,2026-04-05 11:04:00,20.0,2026-04-05 11:13:00,2026-04-05 11:34:00,B32 A,49.0,13.31,3.68,5.44,1.78,21.0
11,2026-04-05,SN3326,2026-04-05 07:45:00,2026-04-05 08:05:00,20.0,2026-04-05 08:16:00,2026-04-05 08:36:00,B28 A,123.0,14.07,8.74,4.52,1.77,20.0
11,2026-04-05,SN358,2026-04-05 12:21:00,2026-04-05 12:23:00,2.0,2026-04-05 12:43:00,2026-04-05 13:14:00,B28 A,176.0,12.28,14.34,4.47,1.79,31.0
11,2026-04-05,SN379,2026-04-05 10:10:00,2026-04-05 11:03:00,53.0,2026-04-05 11:42:00,2026-04-05 12:19:00,B29 A,161.0,11.18,14.4,4.78,2.06,37.0
11,2026-04-05,SN3800,2026-04-05 06:15:00,2026-04-05 06:16:00,1.0,2026-04-05 06:28:00,2026-04-05 06:30:00,A65 ,27.0,11.04,2.45,6.27,1.33,2.0
11,2026-04-05,TB1552,2026-04-05 08:29:00,2026-04-05 08:25:00,-4.0,2026-04-05 08:46:00,2026-04-05 08:54:00,A61 ,166.0,12.06,13.77,4.49,1.86,8.0
11,2026-04-05,TB2632,2026-04-05 09:29:00,2026-04-05 09:09:00,-20.0,2026-04-05 09:35:00,2026-04-05 09:44:00,B9  A,114.0,9.58,11.9,5.28,1.58,9.0
11,2026-04-05,TB2662,2026-04-05 09:15:00,2026-04-05 09:04:00,-11.0,2026-04-05 09:22:00,2026-04-05 09:30:00,B34 A,90.0,11.73,7.67,5.58,1.85,8.0
11,2026-04-05,TG934,2026-04-05 12:22:00,2026-04-05 12:26:00,4.0,2026-04-05 12:46:00,2026-04-05 13:15:00,B34 A,260.0,15.16,17.15,5.69,1.82,29.0
11,2026-04-05,UA950,2026-04-05 09:21:00,2026-04-05 08:45:00,-36.0,2026-04-05 09:03:00,2026-04-05 09:29:00,B5  A,163.0,10.25,15.9,5.19,1.6,26.0
11,2026-04-05,UA994,2026-04-05 11:51:00,2026-04-05 11:37:00,-14.0,2026-04-05 11:55:00,2026-04-05 12:25:00,B40 A,157.0,10.81,14.52,4.17,2.98,30.0
11,2026-04-05,XR5402,2026-04-05 07:46:00,2026-04-05 08:56:00,70.0,2026-04-05 09:23:00,2026-04-05 09:26:00,B5  A,88.0,9.71,9.06,4.91,1.7,3.0
12,2026-04-05,AC832,2026-04-05 09:18:00,2026-04-05 08:45:00,-33.0,2026-04-05 09:06:00,2026-04-05 09:59:00,B28 A,110.0,12.51,8.8,5.11,1.57,53.0
12,2026-04-05,ET750,2026-04-05 11:13:00,2026-04-05 11:34:00,21.0,2026-04-05 12:17:00,2026-04-05 13:03:00,B17 A,464.0,12.73,36.46,3.36,2.5,46.0
12,2026-04-05,FH8116,2026-04-05 06:35:00,2026-04-05 06:00:00,-35.0,2026-04-05 06:07:00,2026-04-05 06:09:00,B15 A,22.0,13.99,1.57,3.76,2.05,2.0
12,2026-04-05,LH1004,2026-04-05 08:50:00,2026-04-05 08:53:00,3.0,2026-04-05 09:06:00,2026-04-05 09:12:00,A43 ,29.0,11.5,2.52,4.62,1.8,6.0
12,2026-04-05,SN1122,2026-04-05 08:39:00,2026-04-05 09:08:00,29.0,2026-04-05 09:20:00,2026-04-05 09:21:00,B40 A,13.0,11.31,1.15,6.27,1.98,1.0
12,2026-04-05,SN1124,2026-04-05 07:10:00,2026-04-05 07:19:00,9.0,2026-04-05 07:32:00,2026-04-05 07:48:00,B30 A,138.0,13.09,10.54,5.1,1.75,16.0
12,2026-04-05,SN206,2026-04-05 06:25:00,2026-04-05 06:48:00,23.0,2026-04-05 07:07:00,2026-04-05 07:30:00,B38 A,154.0,15.12,10.19,5.87,1.99,23.0
12,2026-04-05,SN229,2026-04-05 08:06:00,2026-04-05 09:20:00,74.0,2026-04-05 09:41:00,2026-04-05 10:22:00,B14 A,144.0,8.88,16.22,6.84,0.97,41.0
12,2026-04-05,SN278,2026-04-05 10:45:00,2026-04-05 10:42:00,-3.0,2026-04-05 11:04:00,2026-04-05 11:16:00,B28 A,198.0,12.04,16.44,5.01,1.6,12.0
12,2026-04-05,SN2900,2026-04-05 10:44:00,2026-04-05 11:04:00,20.0,2026-04-05 11:13:00,2026-04-05 11:34:00,B32 A,49.0,12.55,3.9,5.29,1.83,21.0
12,2026-04-05,SN3326,2026-04-05 07:45:00,2026-04-05 08:05:00,20.0,2026-04-05 08:16:00,2026-04-05 08:36:00,B28 A,123.0,15.06,8.17,4.77,1.68,20.0
12,2026-04-05,SN358,2026-04-05 08:21:00,2026-04-05 08:24:00,3.0,2026-04-05 08:42:00,2026-04-05 09:09:00,B14 A,112.0,13.13,8.53,6.46,1.03,27.0
12,2026-04-05,SN379,2026-04-05 10:10:00,2026-04-05 11:03:00,53.0,2026-04-05 11:42:00,2026-04-05 12:19:00,B29 A,161.0,10.84,14.85,4.05,2.43,37.0
12,2026-04-05,SN3800,2026-04-05 06:15:00,2026-04-05 06:16:00,1.0,2026-04-05 06:28:00,2026-04-05 06:30:00,A65 ,27.0,14.43,1.87,4.58,1.82,2.0
12,2026-04-05,TB1552,2026-04-05 10:15:00,2026-04-05 10:31:00,16.0,2026-04-05 10:50:00,2026-04-05 10:59:00,A69 ,164.0,10.55,15.54,5.42,1.54,9.0
12,2026-04-05,TB2632,2026-04-05 09:29:00,2026-04-05 09:09:00,-20.0,2026-04-05 09:35:00,2026-04-05 09:44:00,B9  A,114.0,13.13,8.68,5.52,1.51,9.0
12,2026-04-05,TB2662,2026-04-05 09:15:00,2026-04-05 09:04:00,-11.0,2026-04-05 09:22:00,2026-04-05 09:30:00,B34 A,90.0,11.76,7.65,4.5,2.3,8.0
12,2026-04-05,TG934,2026-04-05 09:21:00,2026-04-05 09:16:00,-5.0,2026-04-05 09:38:00,2026-04-05 09:58:00,B38 A,249.0,12.73,19.56,5.16,2.26,20.0
12,2026-04-05,UA950,2026-04-05 09:21:00,2026-04-05 08:45:00,-36.0,2026-04-05 09:03:00,2026-04-05 09:29:00,B5  A,163.0,16.3,10.0,5.47,1.52,26.0
12,2026-04-05,UA994,2026-04-05 12:51:00,2026-04-05 12:35:00,-16.0,2026-04-05 12:54:00,2026-04-05 13:24:00,B38 A,109.0,9.06,12.03,4.44,2.63,30.0
12,2026-04-05,XR5402,2026-04-05 07:46:00,2026-04-05 08:56:00,70.0,2026-04-05 09:23:00,2026-04-05 09:26:00,B5  A,88.0,14.63,6.01,4.7,1.77,3.0
13,2026-04-05,AC832,2026-04-05 11:16:00,2026-04-05 10:39:00,-37.0,2026-04-05 10:54:00,2026-04-05 11:24:00,B5  A,101.0,14.55,6.94,4.77,1.75,30.0
13,2026-04-05,ET750,2026-04-05 11:13:00,2026-04-05 11:34:00,21.0,2026-04-05 12:17:00,2026-04-05 13:03:00,B17 A,464.0,12.27,37.8,5.83,1.44,46.0
13,2026-04-05,FH8116,2026-04-05 12:44:00,2026-04-05 12:48:00,4.0,2026-04-05 13:06:00,2026-04-05 13:13:00,B38 A,140.0,13.64,10.26,5.74,2.03,7.0
13,2026-04-05,LH1004,2026-04-05 09:50:00,2026-04-05 09:53:00,3.0,2026-04-05 10:20:00,2026-04-05 10:27:00,A43 ,33.0,13.87,2.38,4.47,1.86,7.0
13,2026-04-05,SN1122,2026-04-05 08:39:00,2026-04-05 09:08:00,29.0,2026-04-05 09:20:00,2026-04-05 09:21:00,B40 A,13.0,13.43,0.97,4.83,2.57,1.0
13,2026-04-05,SN1124,2026-04-05 07:10:00,2026-04-05 07:19:00,9.0,2026-04-05 07:32:00,2026-04-05 07:48:00,B30 A,138.0,13.31,10.37,4.01,2.22,16.0
13,2026-04-05,SN206,2026-04-05 06:25:00,2026-04-05 06:48:00,23.0,2026-04-05 07:07:00,2026-04-05 07:30:00,B38 A,154.0,12.95,11.89,5.85,2.0,23.0
13,2026-04-05,SN229,2026-04-05 08:06:00,2026-04-05 09:20:00,74.0,2026-04-05 09:41:00,2026-04-05 10:22:00,B14 A,144.0,15.29,9.42,5.55,1.2,41.0
13,2026-04-05,SN278,2026-04-05 12:46:00,2026-04-05 12:41:00,-5.0,2026-04-05 13:04:00,2026-04-05 13:33:00,B31 A,62.0,12.33,5.03,3.97,2.71,29.0
13,2026-04-05,SN2900,2026-04-05 10:44:00,2026-04-05 11:04:00,20.0,2026-04-05 11:13:00,2026-04-05 11:34:00,B32 A,49.0,10.71,4.57,4.47,2.16,21.0
13,2026-04-05,SN3326,2026-04-05 07:45:00,2026-04-05 08:05:00,20.0,2026-04-05 08:16:00,2026-04-05 08:36:00,B28 A,123.0,14.0,8.79,4.73,1.69,20.0
13,2026-04-05,SN358,2026-04-05 12:21:00,2026-04-05 12:23:00,2.0,2026-04-05 12:43:00,2026-04-05 13:14:00,B28 A,176.0,12.51,14.07,3.95,2.02,31.0
13,2026-04-05,SN379,2026-04-05 08:11:00,2026-04-05 08:40:00,29.0,2026-04-05 08:59:00,2026-04-05 09:27:00,B28 A,76.0,10.99,6.92,5.66,1.41,28.0
13,2026-04-05,SN3800,2026-04-05 06:15:00,2026-04-05 06:16:00,1.0,2026-04-05 06:28:00,2026-04-05 06:30:00,A65 ,27.0,9.8,2.76,3.57,2.33,2.0
13,2026-04-05,TB1552,2026-04-05 10:15:00,2026-04-05 10:31:00,16.0,2026-04-05 10:50:00,2026-04-05 10:59:00,A69 ,164.0,12.02,13.64,4.94,1.69,9.0
13,2026-04-05,TB2632,2026-04-05 09:29:00,2026-04-05 09:09:00,-20.0,2026-04-05 09:35:00,2026-04-05 09:44:00,B9  A,114.0,11.07,10.3,4.83,1.73,9.0
13,2026-04-05,TB2662,2026-04-05 09:15:00,2026-04-05 09:04:00,-11.0,2026-04-05 09:22:00,2026-04-05 09:30:00,B34 A,90.0,12.05,7.47,4.42,2.34,8.0
13,2026-04-05,TG934,2026-04-05 09:21:00,2026-04-05 09:16:00,-5.0,2026-04-05 09:38:00,2026-04-05 09:58:00,B38 A,249.0,13.72,18.15,5.61,2.08,20.0
13,2026-04-05,UA950,2026-04-05 08:20:00,2026-04-05 08:20:00,0.0,2026-04-05 08:36:00,2026-04-05 09:25:00,B38 A,176.0,15.61,11.28,5.22,2.24,49.0
13,2026-04-05,UA994,2026-04-05 08:51:00,2026-04-05 08:32:00,-19.0,2026-04-05 08:52:00,2026-04-05 09:25:00,B40 A,171.0,16.5,10.36,5.71,2.18,33.0
13,2026-04-05,XR5402,2026-04-05 07:46:00,2026-04-05 08:56:00,70.0,2026-04-05 09:23:00,2026-04-05 09:26:00,B5  A,88.0,12.08,7.28,6.7,1.24,3.0
14,2026-04-05,AC832,2026-04-05 11:16:00,2026-04-05 10:39:00,-37.0,2026-04-05 10:54:00,2026-04-05 11:24:00,B5  A,101.0,14.65,6.89,5.24,1.59,30.0
14,2026-04-05,ET750,2026-04-05 11:13:00,2026-04-05 11:34:00,21.0,2026-04-05 12:17:00,2026-04-05 13:03:00,B17 A,464.0,12.67,36.61,4.29,1.96,46.0
14,2026-04-05,FH8116,2026-04-05 12:44:00,2026-04-05 12:48:00,4.0,2026-04-05 13:06:00,2026-04-05 13:13:00,B38 A,140.0,12.81,10.93,3.74,3.12,7.0
14,2026-04-05,LH1004,2026-04-05 12:50:00,2026-04-05 12:50:00,0.0,2026-04-05 13:03:00,2026-04-05 13:30:00,A43 ,40.0,13.25,3.02,4.2,1.98,27.0
14,2026-04-05,SN1122,2026-04-05 08:39:00,2026-04-05 09:08:00,29.0,2026-04-05 09:20:00,2026-04-05 09:21:00,B40 A,13.0,13.63,0.95,4.23,2.93,1.0
14,2026-04-05,SN1124,2026-04-05 07:10:00,2026-04-05 07:19:00,9.0,2026-04-05 07:32:00,2026-04-05 07:48:00,B30 A,138.0,15.76,8.76,4.38,2.03,16.0
14,2026-04-05,SN206,2026-04-05 06:25:00,2026-04-05 06:48:00,23.0,2026-04-05 07:07:00,2026-04-05 07:30:00,B38 A,154.0,14.47,10.64,5.83,2.0,23.0
14,2026-04-05,SN229,2026-04-05 12:06:00,2026-04-05 12:12:00,6.0,2026-04-05 12:39:00,2026-04-05 13:03:00,B28 A,20.0,10.6,1.89,4.59,1.74,24.0
14,2026-04-05,SN278,2026-04-05 10:45:00,2026-04-05 10:42:00,-3.0,2026-04-05 11:04:00,2026-04-05 11:16:00,B28 A,198.0,12.4,15.97,4.86,1.65,12.0
14,2026-04-05,SN2900,2026-04-05 10:44:00,2026-04-05 11:04:00,20.0,2026-04-05 11:13:00,2026-04-05 11:34:00,B32 A,49.0,13.28,3.69,4.88,1.98,21.0
14,2026-04-05,SN3326,2026-04-05 11:24:00,2026-04-05 11:41:00,17.0,2026-04-05 12:06:00,2026-04-05 12:12:00,B14 A,111.0,12.46,8.91,4.31,1.55,6.0
14,2026-04-05,SN358,2026-04-05 10:21:00,2026-04-05 11:13:00,52.0,2026-04-05 11:43:00,2026-04-05 12:03:00,B38 A,126.0,12.32,10.23,3.61,3.23,20.0
14,2026-04-05,SN379,2026-04-05 08:11:00,2026-04-05 08:40:00,29.0,2026-04-05 08:59:00,2026-04-05 09:27:00,B28 A,76.0,11.23,6.77,6.07,1.32,28.0
14,2026-04-05,SN3800,2026-04-05 06:15:00,2026-04-05 06:16:00,1.0,2026-04-05 06:28:00,2026-04-05 06:30:00,A65 ,27.0,12.65,2.13,4.75,1.75,2.0
14,2026-04-05,TB1552,2026-04-05 07:47:00,2026-04-05 07:43:00,-4.0,2026-04-05 07:55:00,2026-04-05 07:59:00,A68 ,66.0,11.69,5.64,4.49,1.85,4.0
14,2026-04-05,TB2632,2026-04-05 09:29:00,2026-04-05 09:09:00,-20.0,2026-04-05 09:35:00,2026-04-05 09:44:00,B9  A,114.0,9.76,11.68,4.5,1.85,9.0
14,2026-04-05,TB2662,2026-04-05 09:15:00,2026-04-05 09:04:00,-11.0,2026-04-05 09:22:00,2026-04-05 09:30:00,B34 A,90.0,11.66,7.72,4.65,2.22,8.0
14,2026-04-05,TG934,2026-04-05 09:21:00,2026-04-05 09:16:00,-5.0,2026-04-05 09:38:00,2026-04-05 09:58:00,B38 A,249.0,16.16,15.41,5.32,2.19,20.0
14,2026-04-05,UA950,2026-04-05 10:20:00,2026-04-05 09:58:00,-22.0,2026-04-05 10:24:00,2026-04-05 10:51:00,B40 A,188.0,12.38,15.18,4.26,2.91,27.0
14,2026-04-05,UA994,2026-04-05 08:51:00,2026-04-05 08:32:00,-19.0,2026-04-05 08:52:00,2026-04-05 09:25:00,B40 A,171.0,10.74,15.92,4.97,2.5,33.0
14,2026-04-05,XR5402,2026-04-05 07:46:00,2026-04-05 08:56:00,70.0,2026-04-05 09:23:00,2026-04-05 09:26:00,B5  A,88.0,11.87,7.41,6.7,1.24,3.0
15,2026-04-05,AC832,2026-04-05 11:16:00,2026-04-05 10:39:00,-37.0,2026-04-05 10:54:00,2026-04-05 11:24:00,B5  A,101.0,9.69,10.43,5.22,1.6,30.0
15,2026-04-05,ET750,2026-04-05 11:13:00,2026-04-05 11:34:00,21.0,2026-04-05 12:17:00,2026-04-05 13:03:00,B17 A,464.0,12.72,36.49,4.1,2.05,46.0
15,2026-04-05,FH8116,2026-04-05 12:44:00,2026-04-05 12:48:00,4.0,2026-04-05 13:06:00,2026-04-05 13:13:00,B38 A,140.0,10.99,12.74,4.71,2.48,7.0
15,2026-04-05,LH1004,2026-04-05 08:50:00,2026-04-05 08:53:00,3.0,2026-04-05 09:06:00,2026-04-05 09:12:00,A43 ,29.0,15.74,1.84,3.96,2.11,6.0
15,2026-04-05,SN1122,2026-04-05 08:39:00,2026-04-05 09:08:00,29.0,2026-04-05 09:20:00,2026-04-05 09:21:00,B40 A,13.0,8.46,1.54,5.23,2.38,1.0
15,2026-04-05,SN1124,2026-04-05 07:10:00,2026-04-05 07:19:00,9.0,2026-04-05 07:32:00,2026-04-05 07:48:00,B30 A,138.0,13.11,10.52,5.29,1.68,16.0
15,2026-04-05,SN206,2026-04-05 06:25:00,2026-04-05 06:48:00,23.0,2026-04-05 07:07:00,2026-04-05 07:30:00,B38 A,154.0,12.01,12.82,5.32,2.19,23.0
15,2026-04-05,SN229,2026-04-05 08:06:00,2026-04-05 09:20:00,74.0,2026-04-05 09:41:00,2026-04-05 10:22:00,B14 A,144.0,12.06,11.94,4.19,1.59,41.0
15,2026-04-05,SN278,2026-04-05 08:43:00,2026-04-05 08:27:00,-16.0,2026-04-05 08:40:00,2026-04-05 09:10:00,B37 A,123.0,12.89,9.55,6.39,1.9,30.0
15,2026-04-05,SN2900,2026-04-05 08:46:00,2026-04-05 08:33:00,-13.0,2026-04-05 08:58:00,2026-04-05 09:02:00,B14 A,79.0,12.14,6.51,5.02,1.33,4.0
15,2026-04-05,SN3326,2026-04-05 11:24:00,2026-04-05 11:41:00,17.0,2026-04-05 12:06:00,2026-04-05 12:12:00,B14 A,111.0,16.53,6.71,5.45,1.22,6.0
15,2026-04-05,SN358,2026-04-05 08:21:00,2026-04-05 08:24:00,3.0,2026-04-05 08:42:00,2026-04-05 09:09:00,B14 A,112.0,11.21,9.99,5.31,1.26,27.0
15,2026-04-05,SN379,2026-04-05 08:11:00,2026-04-05 08:40:00,29.0,2026-04-05 08:59:00,2026-04-05 09:27:00,B28 A,76.0,8.32,9.14,5.17,1.55,28.0
15,2026-04-05,SN3800,2026-04-05 06:15:00,2026-04-05 06:16:00,1.0,2026-04-05 06:28:00,2026-04-05 06:30:00,A65 ,27.0,9.79,2.76,4.76,1.75,2.0
15,2026-04-05,TB1552,2026-04-05 07:15:00,2026-04-05 07:08:00,-7.0,2026-04-05 07:38:00,2026-04-05 07:45:00,A61 ,152.0,16.21,9.38,5.84,1.43,7.0
15,2026-04-05,TB2632,2026-04-05 09:29:00,2026-04-05 09:09:00,-20.0,2026-04-05 09:35:00,2026-04-05 09:44:00,B9  A,114.0,15.38,7.41,3.84,2.17,9.0
15,2026-04-05,TB2662,2026-04-05 09:15:00,2026-04-05 09:04:00,-11.0,2026-04-05 09:22:00,2026-04-05 09:30:00,B34 A,90.0,8.41,10.7,5.55,1.86,8.0
15,2026-04-05,TG934,2026-04-05 12:22:00,2026-04-05 12:26:00,4.0,2026-04-05 12:46:00,2026-04-05 13:15:00,B34 A,260.0,15.74,16.52,5.13,2.01,29.0
15,2026-04-05,UA950,2026-04-05 12:20:00,2026-04-05 11:58:00,-22.0,2026-04-05 12:14:00,2026-04-05 12:42:00,B37 A,127.0,13.55,9.37,4.78,2.55,28.0
15,2026-04-05,UA994,2026-04-05 12:51:00,2026-04-05 12:35:00,-16.0,2026-04-05 12:54:00,2026-04-05 13:24:00,B38 A,109.0,13.1,8.32,5.21,2.24,30.0
15,2026-04-05,XR5402,2026-04-05 07:46:00,2026-04-05 08:56:00,70.0,2026-04-05 09:23:00,2026-04-05 09:26:00,B5  A,88.0,15.35,5.73,4.97,1.68,3.0
16,2026-04-05,AC832,2026-04-05 12:18:00,2026-04-05 11:38:00,-40.0,2026-04-05 11:54:00,2026-04-05 12:17:00,B30 A,100.0,10.14,9.86,4.17,2.14,23.0
16,2026-04-05,ET750,2026-04-05 11:13:00,2026-04-05 11:34:00,21.0,2026-04-05 12:17:00,2026-04-05 13:03:00,B17 A,464.0,14.62,31.74,4.27,1.97,46.0
16,2026-04-05,FH8116,2026-04-05 12:44:00,2026-04-05 12:48:00,4.0,2026-04-05 13:06:00,2026-04-05 13:13:00,B38 A,140.0,10.22,13.7,5.59,2.09,7.0
16,2026-04-05,LH1004,2026-04-05 12:50:00,2026-04-05 12:50:00,0.0,2026-04-05 13:03:00,2026-04-05 13:30:00,A43 ,40.0,12.34,3.24,3.5,2.38,27.0
16,2026-04-05,SN1122,2026-04-05 08:39:00,2026-04-05 09:08:00,29.0,2026-04-05 09:20:00,2026-04-05 09:21:00,B40 A,13.0,14.28,0.91,4.44,2.8,1.0
16,2026-04-05,SN1124,2026-04-05 07:10:00,2026-04-05 07:19:00,9.0,2026-04-05 07:32:00,2026-04-05 07:48:00,B30 A,138.0,14.79,9.33,5.35,1.67,16.0
16,2026-04-05,SN206,2026-04-05 06:25:00,2026-04-05 06:48:00,23.0,2026-04-05 07:07:00,2026-04-05 07:30:00,B38 A,154.0,11.61,13.26,5.63,2.07,23.0
16,2026-04-05,SN229,2026-04-05 10:04:00,2026-04-05 10:26:00,22.0,2026-04-05 10:41:00,2026-04-05 11:10:00,B31 A,120.0,11.64,10.31,4.5,2.39,29.0
16,2026-04-05,SN278,2026-04-05 08:43:00,2026-04-05 08:27:00,-16.0,2026-04-05 08:40:00,2026-04-05 09:10:00,B37 A,123.0,12.42,9.9,5.32,2.28,30.0
16,2026-04-05,SN2900,2026-04-05 07:39:00,2026-04-05 07:25:00,-14.0,2026-04-05 07:38:00,2026-04-05 07:53:00,B38 A,55.0,14.37,3.83,4.3,2.71,15.0
16,2026-04-05,SN3326,2026-04-05 07:45:00,2026-04-05 08:05:00,20.0,2026-04-05 08:16:00,2026-04-05 08:36:00,B28 A,123.0,15.11,8.14,4.44,1.8,20.0
16,2026-04-05,SN358,2026-04-05 10:21:00,2026-04-05 11:13:00,52.0,2026-04-05 11:43:00,2026-04-05 12:03:00,B38 A,126.0,13.8,9.13,3.55,3.28,20.0
16,2026-04-05,SN379,2026-04-05 10:10:00,2026-04-05 11:03:00,53.0,2026-04-05 11:42:00,2026-04-05 12:19:00,B29 A,161.0,13.4,12.02,6.76,1.46,37.0
16,2026-04-05,SN3800,2026-04-05 06:15:00,2026-04-05 06:16:00,1.0,2026-04-05 06:28:00,2026-04-05 06:30:00,A65 ,27.0,13.84,1.95,4.77,1.75,2.0
16,2026-04-05,TB1552,2026-04-05 07:15:00,2026-04-05 07:08:00,-7.0,2026-04-05 07:38:00,2026-04-05 07:45:00,A61 ,152.0,15.43,9.85,4.5,1.85,7.0
16,2026-04-05,TB2632,2026-04-05 09:29:00,2026-04-05 09:09:00,-20.0,2026-04-05 09:35:00,2026-04-05 09:44:00,B9  A,114.0,9.65,11.81,5.62,1.48,9.0
16,2026-04-05,TB2662,2026-04-05 09:15:00,2026-04-05 09:04:00,-11.0,2026-04-05 09:22:00,2026-04-05 09:30:00,B34 A,90.0,14.88,6.05,4.96,2.09,8.0
16,2026-04-05,TG934,2026-04-05 12:22:00,2026-04-05 12:26:00,4.0,2026-04-05 12:46:00,2026-04-05 13:15:00,B34 A,260.0,15.14,17.17,4.45,2.32,29.0
16,2026-04-05,UA950,2026-04-05 11:22:00,2026-04-05 11:02:00,-20.0,2026-04-05 11:22:00,2026-04-05 11:45:00,B28 A,170.0,10.09,16.85,5.21,1.54,23.0
16,2026-04-05,UA994,2026-04-05 11:51:00,2026-04-05 11:37:00,-14.0,2026-04-05 11:55:00,2026-04-05 12:25:00,B40 A,157.0,11.5,13.66,5.39,2.31,30.0
16,2026-04-05,XR5402,2026-04-05 07:46:00,2026-04-05 08:56:00,70.0,2026-04-05 09:23:00,2026-04-05 09:26:00,B5  A,88.0,11.03,7.98,4.58,1.82,3.0
17,2026-04-05,AC832,2026-04-05 12:18:00,2026-04-05 11:38:00,-40.0,2026-04-05 11:54:00,2026-04-05 12:17:00,B30 A,100.0,13.03,7.68,5.36,1.66,23.0
17,2026-04-05,ET750,2026-04-05 11:13:00,2026-04-05 11:34:00,21.0,2026-04-05 12:17:00,2026-04-05 13:03:00,B17 A,464.0,12.91,35.93,4.15,2.03,46.0
17,2026-04-05,FH8116,2026-04-05 06:35:00,2026-04-05 06:00:00,-35.0,2026-04-05 06:07:00,2026-04-05 06:09:00,B15 A,22.0,10.47,2.1,5.24,1.48,2.0
17,2026-04-05,LH1004,2026-04-05 12:50:00,2026-04-05 12:50:00,0.0,2026-04-05 13:03:00,2026-04-05 13:30:00,A43 ,40.0,10.18,3.93,4.33,1.92,27.0
17,2026-04-05,SN1122,2026-04-05 08:39:00,2026-04-05 09:08:00,29.0,2026-04-05 09:20:00,2026-04-05 09:21:00,B40 A,13.0,16.78,0.77,5.36,2.32,1.0
17,2026-04-05,SN1124,2026-04-05 07:10:00,2026-04-05 07:19:00,9.0,2026-04-05 07:32:00,2026-04-05 07:48:00,B30 A,138.0,14.07,9.81,3.67,2.43,16.0
17,2026-04-05,SN206,2026-04-05 06:25:00,2026-04-05 06:48:00,23.0,2026-04-05 07:07:00,2026-04-05 07:30:00,B38 A,154.0,13.56,11.35,5.47,2.13,23.0
17,2026-04-05,SN229,2026-04-05 10:04:00,2026-04-05 10:26:00,22.0,2026-04-05 10:41:00,2026-04-05 11:10:00,B31 A,120.0,11.79,10.18,4.97,2.16,29.0
17,2026-04-05,SN278,2026-04-05 10:45:00,2026-04-05 10:42:00,-3.0,2026-04-05 11:04:00,2026-04-05 11:16:00,B28 A,198.0,13.65,14.51,6.29,1.27,12.0
17,2026-04-05,SN2900,2026-04-05 08:46:00,2026-04-05 08:33:00,-13.0,2026-04-05 08:58:00,2026-04-05 09:02:00,B14 A,79.0,10.44,7.57,5.53,1.21,4.0
17,2026-04-05,SN3326,2026-04-05 11:24:00,2026-04-05 11:41:00,17.0,2026-04-05 12:06:00,2026-04-05 12:12:00,B14 A,111.0,12.2,9.1,4.44,1.5,6.0
17,2026-04-05,SN358,2026-04-05 08:21:00,2026-04-05 08:24:00,3.0,2026-04-05 08:42:00,2026-04-05 09:09:00,B14 A,112.0,11.74,9.54,4.59,1.45,27.0
17,2026-04-05,SN379,2026-04-05 08:11:00,2026-04-05 08:40:00,29.0,2026-04-05 08:59:00,2026-04-05 09:27:00,B28 A,76.0,14.43,5.27,5.11,1.57,28.0
17,2026-04-05,SN3800,2026-04-05 06:15:00,2026-04-05 06:16:00,1.0,2026-04-05 06:28:00,2026-04-05 06:30:00,A65 ,27.0,15.58,1.73,4.38,1.9,2.0
17,2026-04-05,TB1552,2026-04-05 08:29:00,2026-04-05 08:25:00,-4.0,2026-04-05 08:46:00,2026-04-05 08:54:00,A61 ,166.0,12.13,13.68,5.81,1.43,8.0
17,2026-04-05,TB2632,2026-04-05 09:29:00,2026-04-05 09:09:00,-20.0,2026-04-05 09:35:00,2026-04-05 09:44:00,B9  A,114.0,15.38,7.41,5.22,1.6,9.0
17,2026-04-05,TB2662,2026-04-05 09:15:00,2026-04-05 09:04:00,-11.0,2026-04-05 09:22:00,2026-04-05 09:30:00,B34 A,90.0,15.19,5.92,3.8,2.72,8.0
17,2026-04-05,TG934,2026-04-05 09:21:00,2026-04-05 09:16:00,-5.0,2026-04-05 09:38:00,2026-04-05 09:58:00,B38 A,249.0,13.73,18.13,5.31,2.2,20.0
17,2026-04-05,UA950,2026-04-05 09:21:00,2026-04-05 08:45:00,-36.0,2026-04-05 09:03:00,2026-04-05 09:29:00,B5  A,163.0,14.12,11.55,4.37,1.91,26.0
17,2026-04-05,UA994,2026-04-05 09:51:00,2026-04-05 11:28:00,97.0,2026-04-05 11:44:00,2026-04-05 12:09:00,B40 A,135.0,14.11,9.57,5.29,2.35,25.0
17,2026-04-05,XR5402,2026-04-05 07:46:00,2026-04-05 08:56:00,70.0,2026-04-05 09:23:00,2026-04-05 09:26:00,B5  A,88.0,14.51,6.07,5.43,1.53,3.0
18,2026-04-05,AC832,2026-04-05 08:17:00,2026-04-05 07:46:00,-31.0,2026-04-05 08:02:00,2026-04-05 08:29:00,B30 A,122.0,12.5,9.76,5.14,1.74,27.0
18,2026-04-05,ET750,2026-04-05 11:13:00,2026-04-05 11:34:00,21.0,2026-04-05 12:17:00,2026-04-05 13:03:00,B17 A,464.0,12.03,38.57,4.73,1.78,46.0
18,2026-04-05,FH8116,2026-04-05 06:35:00,2026-04-05 06:00:00,-35.0,2026-04-05 06:07:00,2026-04-05 06:09:00,B15 A,22.0,13.76,1.6,5.55,1.39,2.0
18,2026-04-05,LH1004,2026-04-05 11:51:00,2026-04-05 11:47:00,-4.0,2026-04-05 12:07:00,2026-04-05 12:12:00,A43 ,23.0,12.97,1.77,4.08,2.04,5.0
18,2026-04-05,SN1122,2026-04-05 08:39:00,2026-04-05 09:08:00,29.0,2026-04-05 09:20:00,2026-04-05 09:21:00,B40 A,13.0,15.24,0.85,5.75,2.16,1.0
18,2026-04-05,SN1124,2026-04-05 07:10:00,2026-04-05 07:19:00,9.0,2026-04-05 07:32:00,2026-04-05 07:48:00,B30 A,138.0,16.13,8.56,5.9,1.51,16.0
18,2026-04-05,SN206,2026-04-05 06:25:00,2026-04-05 06:48:00,23.0,2026-04-05 07:07:00,2026-04-05 07:30:00,B38 A,154.0,12.04,12.79,5.91,1.97,23.0
18,2026-04-05,SN229,2026-04-05 10:04:00,2026-04-05 10:26:00,22.0,2026-04-05 10:41:00,2026-04-05 11:10:00,B31 A,120.0,11.74,10.22,4.54,2.37,29.0
18,2026-04-05,SN278,2026-04-05 12:46:00,2026-04-05 12:41:00,-5.0,2026-04-05 13:04:00,2026-04-05 13:33:00,B31 A,62.0,10.53,5.89,5.23,2.06,29.0
18,2026-04-05,SN2900,2026-04-05 08:46:00,2026-04-05 08:33:00,-13.0,2026-04-05 08:58:00,2026-04-05 09:02:00,B14 A,79.0,10.82,7.3,4.56,1.46,4.0
18,2026-04-05,SN3326,2026-04-05 11:24:00,2026-04-05 11:41:00,17.0,2026-04-05 12:06:00,2026-04-05 12:12:00,B14 A,111.0,12.37,8.97,3.88,1.72,6.0
18,2026-04-05,SN358,2026-04-05 10:21:00,2026-04-05 11:13:00,52.0,2026-04-05 11:43:00,2026-04-05 12:03:00,B38 A,126.0,12.88,9.78,4.7,2.48,20.0
18,2026-04-05,SN379,2026-04-05 10:10:00,2026-04-05 11:03:00,53.0,2026-04-05 11:42:00,2026-04-05 12:19:00,B29 A,161.0,13.74,11.72,5.14,1.91,37.0
18,2026-04-05,SN3800,2026-04-05 06:15:00,2026-04-05 06:16:00,1.0,2026-04-05 06:28:00,2026-04-05 06:30:00,A65 ,27.0,14.5,1.86,4.81,1.73,2.0
18,2026-04-05,TB1552,2026-04-05 07:47:00,2026-04-05 07:43:00,-4.0,2026-04-05 07:55:00,2026-04-05 07:59:00,A68 ,66.0,12.46,5.3,5.13,1.62,4.0
18,2026-04-05,TB2632,2026-04-05 09:29:00,2026-04-05 09:09:00,-20.0,2026-04-05 09:35:00,2026-04-05 09:44:00,B9  A,114.0,10.47,10.89,5.16,1.61,9.0
18,2026-04-05,TB2662,2026-04-05 09:15:00,2026-04-05 09:04:00,-11.0,2026-04-05 09:22:00,2026-04-05 09:30:00,B34 A,90.0,8.78,10.25,5.73,1.8,8.0
18,2026-04-05,TG934,2026-04-05 09:21:00,2026-04-05 09:16:00,-5.0,2026-04-05 09:38:00,2026-04-05 09:58:00,B38 A,249.0,13.12,18.98,5.16,2.26,20.0
18,2026-04-05,UA950,2026-04-05 11:22:00,2026-04-05 11:02:00,-20.0,2026-04-05 11:22:00,2026-04-05 11:45:00,B28 A,170.0,11.42,14.89,6.18,1.29,23.0
18,2026-04-05,UA994,2026-04-05 09:51:00,2026-04-05 11:28:00,97.0,2026-04-05 11:44:00,2026-04-05 12:09:00,B40 A,135.0,14.26,9.47,4.73,2.63,25.0
18,2026-04-05,XR5402,2026-04-05 07:46:00,2026-04-05 08:56:00,70.0,2026-04-05 09:23:00,2026-04-05 09:26:00,B5  A,88.0,13.7,6.42,6.52,1.28,3.0
19,2026-04-05,AC832,2026-04-05 12:18:00,2026-04-05 11:38:00,-40.0,2026-04-05 11:54:00,2026-04-05 12:17:00,B30 A,100.0,12.67,7.89,4.63,1.93,23.0
19,2026-04-05,ET750,2026-04-05 11:13:00,2026-04-05 11:34:00,21.0,2026-04-05 12:17:00,2026-04-05 13:03:00,B17 A,464.0,12.35,37.58,4.86,1.73,46.0
19,2026-04-05,FH8116,2026-04-05 06:35:00,2026-04-05 06:00:00,-35.0,2026-04-05 06:07:00,2026-04-05 06:09:00,B15 A,22.0,13.53,1.63,5.57,1.39,2.0
19,2026-04-05,LH1004,2026-04-05 11:51:00,2026-04-05 11:47:00,-4.0,2026-04-05 12:07:00,2026-04-05 12:12:00,A43 ,23.0,10.14,2.27,4.16,2.0,5.0
19,2026-04-05,SN1122,2026-04-05 08:39:00,2026-04-05 09:08:00,29.0,2026-04-05 09:20:00,2026-04-05 09:21:00,B40 A,13.0,11.28,1.15,3.82,3.25,1.0
19,2026-04-05,SN1124,2026-04-05 07:10:00,2026-04-05 07:19:00,9.0,2026-04-05 07:32:00,2026-04-05 07:48:00,B30 A,138.0,13.81,9.99,6.46,1.38,16.0
19,2026-04-05,SN206,2026-04-05 06:25:00,2026-04-05 06:48:00,23.0,2026-04-05 07:07:00,2026-04-05 07:30:00,B38 A,154.0,15.44,9.98,5.35,2.18,23.0
19,2026-04-05,SN229,2026-04-05 12:06:00,2026-04-05 12:12:00,6.0,2026-04-05 12:39:00,2026-04-05 13:03:00,B28 A,20.0,10.72,1.87,4.9,1.63,24.0
19,2026-04-05,SN278,2026-04-05 12:46:00,2026-04-05 12:41:00,-5.0,2026-04-05 13:04:00,2026-04-05 13:33:00,B31 A,62.0,12.34,5.03,4.67,2.3,29.0
19,2026-04-05,SN2900,2026-04-05 10:44:00,2026-04-05 11:04:00,20.0,2026-04-05 11:13:00,2026-04-05 11:34:00,B32 A,49.0,13.95,3.51,6.82,1.42,21.0
19,2026-04-05,SN3326,2026-04-05 11:24:00,2026-04-05 11:41:00,17.0,2026-04-05 12:06:00,2026-04-05 12:12:00,B14 A,111.0,14.84,7.48,5.09,1.31,6.0
19,2026-04-05,SN358,2026-04-05 12:21:00,2026-04-05 12:23:00,2.0,2026-04-05 12:43:00,2026-04-05 13:14:00,B28 A,176.0,14.77,11.92,4.08,1.96,31.0
19,2026-04-05,SN379,2026-04-05 10:10:00,2026-04-05 11:03:00,53.0,2026-04-05 11:42:00,2026-04-05 12:19:00,B29 A,161.0,13.65,11.8,5.26,1.87,37.0
19,2026-04-05,SN3800,2026-04-05 06:15:00,2026-04-05 06:16:00,1.0,2026-04-05 06:28:00,2026-04-05 06:30:00,A65 ,27.0,10.82,2.5,4.82,1.73,2.0
19,2026-04-05,TB1552,2026-04-05 07:47:00,2026-04-05 07:43:00,-4.0,2026-04-05 07:55:00,2026-04-05 07:59:00,A68 ,66.0,13.45,4.91,3.93,2.12,4.0
19,2026-04-05,TB2632,2026-04-05 09:29:00,2026-04-05 09:09:00,-20.0,2026-04-05 09:35:00,2026-04-05 09:44:00,B9  A,114.0,15.1,7.55,5.82,1.43,9.0
19,2026-04-05,TB2662,2026-04-05 09:15:00,2026-04-05 09:04:00,-11.0,2026-04-05 09:22:00,2026-04-05 09:30:00,B34 A,90.0,13.23,6.8,5.46,1.89,8.0
19,2026-04-05,TG934,2026-04-05 09:21:00,2026-04-05 09:16:00,-5.0,2026-04-05 09:38:00,2026-04-05 09:58:00,B38 A,249.0,13.11,18.99,5.68,2.05,20.0
19,2026-04-05,UA950,2026-04-05 12:20:00,2026-04-05 11:58:00,-22.0,2026-04-05 12:14:00,2026-04-05 12:42:00,B37 A,127.0,10.95,11.59,4.09,2.97,28.0
19,2026-04-05,UA994,2026-04-05 12:51:00,2026-04-05 12:35:00,-16.0,2026-04-05 12:54:00,2026-04-05 13:24:00,B38 A,109.0,12.82,8.5,6.71,1.74,30.0
19,2026-04-05,XR5402,2026-04-05 07:46:00,2026-04-05 08:56:00,70.0,2026-04-05 09:23:00,2026-04-05 09:26:00,B5  A,88.0,12.53,7.02,5.64,1.48,3.0
20,2026-04-05,AC832,2026-04-05 10:17:00,2026-04-05 10:43:00,26.0,2026-04-05 11:00:00,2026-04-05 11:34:00,B14 A,172.0,12.33,13.95,4.99,1.34,34.0
20,2026-04-05,ET750,2026-04-05 11:13:00,2026-04-05 11:34:00,21.0,2026-04-05 12:17:00,2026-04-05 13:03:00,B17 A,464.0,12.66,36.65,5.35,1.57,46.0
20,2026-04-05,FH8116,2026-04-05 12:44:00,2026-04-05 12:48:00,4.0,2026-04-05 13:06:00,2026-04-05 13:13:00,B38 A,140.0,12.65,11.07,5.26,2.22,7.0
20,2026-04-05,LH1004,2026-04-05 09:50:00,2026-04-05 09:53:00,3.0,2026-04-05 10:20:00,2026-04-05 10:27:00,A43 ,33.0,11.63,2.84,6.04,1.38,7.0
20,2026-04-05,SN1122,2026-04-05 08:39:00,2026-04-05 09:08:00,29.0,2026-04-05 09:20:00,2026-04-05 09:21:00,B40 A,13.0,12.07,1.08,5.26,2.36,1.0
20,2026-04-05,SN1124,2026-04-05 07:10:00,2026-04-05 07:19:00,9.0,2026-04-05 07:32:00,2026-04-05 07:48:00,B30 A,138.0,14.94,9.24,5.94,1.5,16.0
20,2026-04-05,SN206,2026-04-05 06:25:00,2026-04-05 06:48:00,23.0,2026-04-05 07:07:00,2026-04-05 07:30:00,B38 A,154.0,13.93,11.06,3.93,2.97,23.0
20,2026-04-05,SN229,2026-04-05 10:04:00,2026-04-05 10:26:00,22.0,2026-04-05 10:41:00,2026-04-05 11:10:00,B31 A,120.0,13.67,8.78,4.63,2.32,29.0
20,2026-04-05,SN278,2026-04-05 10:45:00,2026-04-05 10:42:00,-3.0,2026-04-05 11:04:00,2026-04-05 11:16:00,B28 A,198.0,11.62,17.04,4.63,1.73,12.0
20,2026-04-05,SN2900,2026-04-05 08:46:00,2026-04-05 08:33:00,-13.0,2026-04-05 08:58:00,2026-04-05 09:02:00,B14 A,79.0,11.4,6.93,4.88,1.37,4.0
20,2026-04-05,SN3326,2026-04-05 11:24:00,2026-04-05 11:41:00,17.0,2026-04-05 12:06:00,2026-04-05 12:12:00,B14 A,111.0,16.85,6.59,4.68,1.42,6.0
20,2026-04-05,SN358,2026-04-05 12:21:00,2026-04-05 12:23:00,2.0,2026-04-05 12:43:00,2026-04-05 13:14:00,B28 A,176.0,13.65,12.89,5.5,1.45,31.0
20,2026-04-05,SN379,2026-04-05 10:10:00,2026-04-05 11:03:00,53.0,2026-04-05 11:42:00,2026-04-05 12:19:00,B29 A,161.0,11.88,13.55,5.42,1.81,37.0
20,2026-04-05,SN3800,2026-04-05 06:15:00,2026-04-05 06:16:00,1.0,2026-04-05 06:28:00,2026-04-05 06:30:00,A65 ,27.0,10.92,2.47,4.79,1.74,2.0
20,2026-04-05,TB1552,2026-04-05 07:47:00,2026-04-05 07:43:00,-4.0,2026-04-05 07:55:00,2026-04-05 07:59:00,A68 ,66.0,13.7,4.82,4.54,1.84,4.0
20,2026-04-05,TB2632,2026-04-05 09:29:00,2026-04-05 09:09:00,-20.0,2026-04-05 09:35:00,2026-04-05 09:44:00,B9  A,114.0,12.54,9.09,5.64,1.48,9.0
20,2026-04-05,TB2662,2026-04-05 09:15:00,2026-04-05 09:04:00,-11.0,2026-04-05 09:22:00,2026-04-05 09:30:00,B34 A,90.0,10.67,8.44,4.87,2.12,8.0
20,2026-04-05,TG934,2026-04-05 09:21:00,2026-04-05 09:16:00,-5.0,2026-04-05 09:38:00,2026-04-05 09:58:00,B38 A,249.0,14.72,16.91,6.55,1.78,20.0
20,2026-04-05,UA950,2026-04-05 12:20:00,2026-04-05 11:58:00,-22.0,2026-04-05 12:14:00,2026-04-05 12:42:00,B37 A,127.0,12.0,10.58,6.65,1.83,28.0
20,2026-04-05,UA994,2026-04-05 11:51:00,2026-04-05 11:37:00,-14.0,2026-04-05 11:55:00,2026-04-05 12:25:00,B40 A,157.0,15.75,9.97,5.89,2.11,30.0
20,2026-04-05,XR5402,2026-04-05 07:46:00,2026-04-05 08:56:00,70.0,2026-04-05 09:23:00,2026-04-05 09:26:00,B5  A,88.0,12.45,7.07,4.6,1.81,3.0
21,2026-04-05,AC832,2026-04-05 10:17:00,2026-04-05 10:43:00,26.0,2026-04-05 11:00:00,2026-04-05 11:34:00,B14 A,172.0,11.23,15.31,4.91,1.36,34.0
21,2026-04-05,ET750,2026-04-05 11:13:00,2026-04-05 11:34:00,21.0,2026-04-05 12:17:00,2026-04-05 13:03:00,B17 A,464.0,13.05,35.56,4.53,1.86,46.0
21,2026-04-05,FH8116,2026-04-05 06:35:00,2026-04-05 06:00:00,-35.0,2026-04-05 06:07:00,2026-04-05 06:09:00,B15 A,22.0,10.38,2.12,5.44,1.42,2.0
21,2026-04-05,LH1004,2026-04-05 09:50:00,2026-04-05 09:53:00,3.0,2026-04-05 10:20:00,2026-04-05 10:27:00,A43 ,33.0,14.35,2.3,4.53,1.84,7.0
21,2026-04-05,SN1122,2026-04-05 08:39:00,2026-04-05 09:08:00,29.0,2026-04-05 09:20:00,2026-04-05 09:21:00,B40 A,13.0,14.41,0.9,5.34,2.33,1.0
21,2026-04-05,SN1124,2026-04-05 07:10:00,2026-04-05 07:19:00,9.0,2026-04-05 07:32:00,2026-04-05 07:48:00,B30 A,138.0,12.44,11.09,5.29,1.68,16.0
21,2026-04-05,SN206,2026-04-05 06:25:00,2026-04-05 06:48:00,23.0,2026-04-05 07:07:00,2026-04-05 07:30:00,B38 A,154.0,14.26,10.8,4.43,2.63,23.0
21,2026-04-05,SN229,2026-04-05 10:04:00,2026-04-05 10:26:00,22.0,2026-04-05 10:41:00,2026-04-05 11:10:00,B31 A,120.0,14.99,8.0,6.73,1.6,29.0
21,2026-04-05,SN278,2026-04-05 12:46:00,2026-04-05 12:41:00,-5.0,2026-04-05 13:04:00,2026-04-05 13:33:00,B31 A,62.0,14.48,4.28,5.52,1.95,29.0
21,2026-04-05,SN2900,2026-04-05 07:39:00,2026-04-05 07:25:00,-14.0,2026-04-05 07:38:00,2026-04-05 07:53:00,B38 A,55.0,10.58,5.2,6.82,1.71,15.0
21,2026-04-05,SN3326,2026-04-05 11:24:00,2026-04-05 11:41:00,17.0,2026-04-05 12:06:00,2026-04-05 12:12:00,B14 A,111.0,15.51,7.16,5.11,1.31,6.0
21,2026-04-05,SN358,2026-04-05 12:21:00,2026-04-05 12:23:00,2.0,2026-04-05 12:43:00,2026-04-05 13:14:00,B28 A,176.0,9.95,17.68,3.54,2.26,31.0
21,2026-04-05,SN379,2026-04-05 08:11:00,2026-04-05 08:40:00,29.0,2026-04-05 08:59:00,2026-04-05 09:27:00,B28 A,76.0,13.69,5.55,5.58,1.43,28.0
21,2026-04-05,SN3800,2026-04-05 06:15:00,2026-04-05 06:16:00,1.0,2026-04-05 06:28:00,2026-04-05 06:30:00,A65 ,27.0,10.56,2.56,5.48,1.52,2.0
21,2026-04-05,TB1552,2026-04-05 07:47:00,2026-04-05 07:43:00,-4.0,2026-04-05 07:55:00,2026-04-05 07:59:00,A68 ,66.0,10.6,6.23,3.96,2.11,4.0
21,2026-04-05,TB2632,2026-04-05 09:29:00,2026-04-05 09:09:00,-20.0,2026-04-05 09:35:00,2026-04-05 09:44:00,B9  A,114.0,10.72,10.63,4.8,1.74,9.0
21,2026-04-05,TB2662,2026-04-05 09:15:00,2026-04-05 09:04:00,-11.0,2026-04-05 09:22:00,2026-04-05 09:30:00,B34 A,90.0,11.26,8.0,5.42,1.91,8.0
21,2026-04-05,TG934,2026-04-05 09:21:00,2026-04-05 09:16:00,-5.0,2026-04-05 09:38:00,2026-04-05 09:58:00,B38 A,249.0,13.43,18.54,4.15,2.81,20.0
21,2026-04-05,UA950,2026-04-05 10:20:00,2026-04-05 09:58:00,-22.0,2026-04-05 10:24:00,2026-04-05 10:51:00,B40 A,188.0,11.31,16.62,5.91,2.1,27.0
21,2026-04-05,UA994,2026-04-05 09:51:00,2026-04-05 11:28:00,97.0,2026-04-05 11:44:00,2026-04-05 12:09:00,B40 A,135.0,11.29,11.95,4.68,2.65,25.0
21,2026-04-05,XR5402,2026-04-05 07:46:00,2026-04-05 08:56:00,70.0,2026-04-05 09:23:00,2026-04-05 09:26:00,B5  A,88.0,12.34,7.13,5.24,1.59,3.0
22,2026-04-05,AC832,2026-04-05 11:16:00,2026-04-05 10:39:00,-37.0,2026-04-05 10:54:00,2026-04-05 11:24:00,B5  A,101.0,16.34,6.18,5.52,1.51,30.0
22,2026-04-05,ET750,2026-04-05 11:13:00,2026-04-05 11:34:00,21.0,2026-04-05 12:17:00,2026-04-05 13:03:00,B17 A,464.0,14.38,32.26,5.56,1.51,46.0
22,2026-04-05,FH8116,2026-04-05 06:35:00,2026-04-05 06:00:00,-35.0,2026-04-05 06:07:00,2026-04-05 06:09:00,B15 A,22.0,12.92,1.7,6.92,1.12,2.0
22,2026-04-05,LH1004,2026-04-05 08:50:00,2026-04-05 08:53:00,3.0,2026-04-05 09:06:00,2026-04-05 09:12:00,A43 ,29.0,9.43,3.08,5.04,1.66,6.0
22,2026-04-05,SN1122,2026-04-05 08:39:00,2026-04-05 09:08:00,29.0,2026-04-05 09:20:00,2026-04-05 09:21:00,B40 A,13.0,11.15,1.17,5.41,2.29,1.0
22,2026-04-05,SN1124,2026-04-05 07:10:00,2026-04-05 07:19:00,9.0,2026-04-05 07:32:00,2026-04-05 07:48:00,B30 A,138.0,15.0,9.2,3.75,2.38,16.0
22,2026-04-05,SN206,2026-04-05 06:25:00,2026-04-05 06:48:00,23.0,2026-04-05 07:07:00,2026-04-05 07:30:00,B38 A,154.0,13.93,11.05,5.43,2.15,23.0
22,2026-04-05,SN229,2026-04-05 08:06:00,2026-04-05 09:20:00,74.0,2026-04-05 09:41:00,2026-04-05 10:22:00,B14 A,144.0,12.31,11.7,4.7,1.42,41.0
22,2026-04-05,SN278,2026-04-05 12:46:00,2026-04-05 12:41:00,-5.0,2026-04-05 13:04:00,2026-04-05 13:33:00,B31 A,62.0,9.28,6.68,4.29,2.51,29.0
22,2026-04-05,SN2900,2026-04-05 10:44:00,2026-04-05 11:04:00,20.0,2026-04-05 11:13:00,2026-04-05 11:34:00,B32 A,49.0,9.34,5.25,3.77,2.57,21.0
22,2026-04-05,SN3326,2026-04-05 07:45:00,2026-04-05 08:05:00,20.0,2026-04-05 08:16:00,2026-04-05 08:36:00,B28 A,123.0,13.71,8.97,6.12,1.31,20.0
22,2026-04-05,SN358,2026-04-05 10:21:00,2026-04-05 11:13:00,52.0,2026-04-05 11:43:00,2026-04-05 12:03:00,B38 A,126.0,12.99,9.7,4.96,2.35,20.0
22,2026-04-05,SN379,2026-04-05 10:10:00,2026-04-05 11:03:00,53.0,2026-04-05 11:42:00,2026-04-05 12:19:00,B29 A,161.0,13.55,11.88,4.97,1.98,37.0
22,2026-04-05,SN3800,2026-04-05 06:15:00,2026-04-05 06:16:00,1.0,2026-04-05 06:28:00,2026-04-05 06:30:00,A65 ,27.0,15.35,1.76,4.89,1.7,2.0
22,2026-04-05,TB1552,2026-04-05 07:47:00,2026-04-05 07:43:00,-4.0,2026-04-05 07:55:00,2026-04-05 07:59:00,A68 ,66.0,13.47,4.9,4.79,1.74,4.0
22,2026-04-05,TB2632,2026-04-05 09:29:00,2026-04-05 09:09:00,-20.0,2026-04-05 09:35:00,2026-04-05 09:44:00,B9  A,114.0,13.81,8.25,5.4,1.54,9.0
22,2026-04-05,TB2662,2026-04-05 09:15:00,2026-04-05 09:04:00,-11.0,2026-04-05 09:22:00,2026-04-05 09:30:00,B34 A,90.0,13.81,6.52,5.38,1.92,8.0
22,2026-04-05,TG934,2026-04-05 09:21:00,2026-04-05 09:16:00,-5.0,2026-04-05 09:38:00,2026-04-05 09:58:00,B38 A,249.0,15.94,15.62,5.76,2.03,20.0
22,2026-04-05,UA950,2026-04-05 08:20:00,2026-04-05 08:20:00,0.0,2026-04-05 08:36:00,2026-04-05 09:25:00,B38 A,176.0,14.2,12.4,5.49,2.13,49.0
22,2026-04-05,UA994,2026-04-05 12:51:00,2026-04-05 12:35:00,-16.0,2026-04-05 12:54:00,2026-04-05 13:24:00,B38 A,109.0,13.9,7.84,5.99,1.95,30.0
22,2026-04-05,XR5402,2026-04-05 07:46:00,2026-04-05 08:56:00,70.0,2026-04-05 09:23:00,2026-04-05 09:26:00,B5  A,88.0,9.45,9.31,6.71,1.24,3.0
23,2026-04-05,AC832,2026-04-05 09:18:00,2026-04-05 08:45:00,-33.0,2026-04-05 09:06:00,2026-04-05 09:59:00,B28 A,110.0,11.84,9.29,4.56,1.75,53.0
23,2026-04-05,ET750,2026-04-05 11:13:00,2026-04-05 11:34:00,21.0,2026-04-05 12:17:00,2026-04-05 13:03:00,B17 A,464.0,11.16,41.59,6.0,1.4,46.0
23,2026-04-05,FH8116,2026-04-05 06:35:00,2026-04-05 06:00:00,-35.0,2026-04-05 06:07:00,2026-04-05 06:09:00,B15 A,22.0,15.09,1.46,5.08,1.52,2.0
23,2026-04-05,LH1004,2026-04-05 09:50:00,2026-04-05 09:53:00,3.0,2026-04-05 10:20:00,2026-04-05 10:27:00,A43 ,33.0,12.34,2.67,3.86,2.16,7.0
23,2026-04-05,SN1122,2026-04-05 08:39:00,2026-04-05 09:08:00,29.0,2026-04-05 09:20:00,2026-04-05 09:21:00,B40 A,13.0,14.65,0.89,4.96,2.51,1.0
23,2026-04-05,SN1124,2026-04-05 07:10:00,2026-04-05 07:19:00,9.0,2026-04-05 07:32:00,2026-04-05 07:48:00,B30 A,138.0,13.99,9.86,4.92,1.81,16.0
23,2026-04-05,SN206,2026-04-05 06:25:00,2026-04-05 06:48:00,23.0,2026-04-05 07:07:00,2026-04-05 07:30:00,B38 A,154.0,14.65,10.52,3.94,2.96,23.0
23,2026-04-05,SN229,2026-04-05 12:06:00,2026-04-05 12:12:00,6.0,2026-04-05 12:39:00,2026-04-05 13:03:00,B28 A,20.0,10.43,1.92,5.56,1.44,24.0
23,2026-04-05,SN278,2026-04-05 08:43:00,2026-04-05 08:27:00,-16.0,2026-04-05 08:40:00,2026-04-05 09:10:00,B37 A,123.0,13.6,9.04,5.78,2.1,30.0
23,2026-04-05,SN2900,2026-04-05 08:46:00,2026-04-05 08:33:00,-13.0,2026-04-05 08:58:00,2026-04-05 09:02:00,B14 A,79.0,13.84,5.71,5.4,1.23,4.0
23,2026-04-05,SN3326,2026-04-05 11:24:00,2026-04-05 11:41:00,17.0,2026-04-05 12:06:00,2026-04-05 12:12:00,B14 A,111.0,11.99,9.26,4.55,1.47,6.0
23,2026-04-05,SN358,2026-04-05 10:21:00,2026-04-05 11:13:00,52.0,2026-04-05 11:43:00,2026-04-05 12:03:00,B38 A,126.0,10.14,12.42,6.2,1.88,20.0
23,2026-04-05,SN379,2026-04-05 10:10:00,2026-04-05 11:03:00,53.0,2026-04-05 11:42:00,2026-04-05 12:19:00,B29 A,161.0,13.71,11.75,4.69,2.1,37.0
23,2026-04-05,SN3800,2026-04-05 06:15:00,2026-04-05 06:16:00,1.0,2026-04-05 06:28:00,2026-04-05 06:30:00,A65 ,27.0,13.12,2.06,5.37,1.55,2.0
23,2026-04-05,TB1552,2026-04-05 07:47:00,2026-04-05 07:43:00,-4.0,2026-04-05 07:55:00,2026-04-05 07:59:00,A68 ,66.0,9.97,6.62,4.99,1.67,4.0
23,2026-04-05,TB2632,2026-04-05 09:29:00,2026-04-05 09:09:00,-20.0,2026-04-05 09:35:00,2026-04-05 09:44:00,B9  A,114.0,12.67,9.0,3.53,2.36,9.0
23,2026-04-05,TB2662,2026-04-05 09:15:00,2026-04-05 09:04:00,-11.0,2026-04-05 09:22:00,2026-04-05 09:30:00,B34 A,90.0,10.35,8.7,4.35,2.38,8.0
23,2026-04-05,TG934,2026-04-05 09:21:00,2026-04-05 09:16:00,-5.0,2026-04-05 09:38:00,2026-04-05 09:58:00,B38 A,249.0,14.26,17.46,4.82,2.42,20.0
23,2026-04-05,UA950,2026-04-05 09:21:00,2026-04-05 08:45:00,-36.0,2026-04-05 09:03:00,2026-04-05 09:29:00,B5  A,163.0,11.72,13.91,4.37,1.91,26.0
23,2026-04-05,UA994,2026-04-05 10:51:00,2026-04-05 10:01:00,-50.0,2026-04-05 10:18:00,2026-04-05 10:42:00,B38 A,177.0,13.12,13.49,4.36,2.67,24.0
23,2026-04-05,XR5402,2026-04-05 07:46:00,2026-04-05 08:56:00,70.0,2026-04-05 09:23:00,2026-04-05 09:26:00,B5  A,88.0,10.9,8.07,4.34,1.92,3.0
24,2026-04-05,AC832,2026-04-05 08:17:00,2026-04-05 07:46:00,-31.0,2026-04-05 08:02:00,2026-04-05 08:29:00,B30 A,122.0,11.85,10.29,4.88,1.83,27.0
24,2026-04-05,ET750,2026-04-05 11:13:00,2026-04-05 11:34:00,21.0,2026-04-05 12:17:00,2026-04-05 13:03:00,B17 A,464.0,13.58,34.17,4.48,1.88,46.0
24,2026-04-05,FH8116,2026-04-05 12:44:00,2026-04-05 12:48:00,4.0,2026-04-05 13:06:00,2026-04-05 13:13:00,B38 A,140.0,14.42,9.71,6.55,1.78,7.0
24,2026-04-05,LH1004,2026-04-05 11:51:00,2026-04-05 11:47:00,-4.0,2026-04-05 12:07:00,2026-04-05 12:12:00,A43 ,23.0,14.69,1.57,5.31,1.57,5.0
24,2026-04-05,SN1122,2026-04-05 08:39:00,2026-04-05 09:08:00,29.0,2026-04-05 09:20:00,2026-04-05 09:21:00,B40 A,13.0,11.0,1.18,4.02,3.09,1.0
24,2026-04-05,SN1124,2026-04-05 07:10:00,2026-04-05 07:19:00,9.0,2026-04-05 07:32:00,2026-04-05 07:48:00,B30 A,138.0,14.2,9.72,4.53,1.97,16.0
24,2026-04-05,SN206,2026-04-05 06:25:00,2026-04-05 06:48:00,23.0,2026-04-05 07:07:00,2026-04-05 07:30:00,B38 A,154.0,11.73,13.13,4.66,2.5,23.0
24,2026-04-05,SN229,2026-04-05 08:06:00,2026-04-05 09:20:00,74.0,2026-04-05 09:41:00,2026-04-05 10:22:00,B14 A,144.0,12.46,11.55,5.34,1.25,41.0
24,2026-04-05,SN278,2026-04-05 12:46:00,2026-04-05 12:41:00,-5.0,2026-04-05 13:04:00,2026-04-05 13:33:00,B31 A,62.0,12.95,4.79,3.83,2.81,29.0
24,2026-04-05,SN2900,2026-04-05 07:39:00,2026-04-05 07:25:00,-14.0,2026-04-05 07:38:00,2026-04-05 07:53:00,B38 A,55.0,12.78,4.3,4.16,2.8,15.0
24,2026-04-05,SN3326,2026-04-05 11:24:00,2026-04-05 11:41:00,17.0,2026-04-05 12:06:00,2026-04-05 12:12:00,B14 A,111.0,13.82,8.03,5.41,1.23,6.0
24,2026-04-05,SN358,2026-04-05 12:21:00,2026-04-05 12:23:00,2.0,2026-04-05 12:43:00,2026-04-05 13:14:00,B28 A,176.0,12.25,14.36,4.99,1.6,31.0
24,2026-04-05,SN379,2026-04-05 10:10:00,2026-04-05 11:03:00,53.0,2026-04-05 11:42:00,2026-04-05 12:19:00,B29 A,161.0,11.73,13.72,5.71,1.72,37.0
24,2026-04-05,SN3800,2026-04-05 06:15:00,2026-04-05 06:16:00,1.0,2026-04-05 06:28:00,2026-04-05 06:30:00,A65 ,27.0,11.26,2.4,4.24,1.97,2.0
24,2026-04-05,TB1552,2026-04-05 08:29:00,2026-04-05 08:25:00,-4.0,2026-04-05 08:46:00,2026-04-05 08:54:00,A61 ,166.0,15.08,11.01,4.48,1.86,8.0
24,2026-04-05,TB2632,2026-04-05 09:29:00,2026-04-05 09:09:00,-20.0,2026-04-05 09:35:00,2026-04-05 09:44:00,B9  A,114.0,12.33,9.25,4.23,1.97,9.0
24,2026-04-05,TB2662,2026-04-05 09:15:00,2026-04-05 09:04:00,-11.0,2026-04-05 09:22:00,2026-04-05 09:30:00,B34 A,90.0,11.65,7.73,4.24,2.44,8.0
24,2026-04-05,TG934,2026-04-05 09:21:00,2026-04-05 09:16:00,-5.0,2026-04-05 09:38:00,2026-04-05 09:58:00,B38 A,249.0,14.78,16.84,6.11,1.91,20.0
24,2026-04-05,UA950,2026-04-05 10:20:00,2026-04-05 09:58:00,-22.0,2026-04-05 10:24:00,2026-04-05 10:51:00,B40 A,188.0,14.63,12.85,5.13,2.42,27.0
24,2026-04-05,UA994,2026-04-05 09:51:00,2026-04-05 11:28:00,97.0,2026-04-05 11:44:00,2026-04-05 12:09:00,B40 A,135.0,12.73,10.6,5.94,2.09,25.0
24,2026-04-05,XR5402,2026-04-05 07:46:00,2026-04-05 08:56:00,70.0,2026-04-05 09:23:00,2026-04-05 09:26:00,B5  A,88.0,12.93,6.8,5.7,1.46,3.0
25,2026-04-05,AC832,2026-04-05 09:18:00,2026-04-05 08:45:00,-33.0,2026-04-05 09:06:00,2026-04-05 09:59:00,B28 A,110.0,12.7,8.66,4.42,1.81,53.0
25,2026-04-05,ET750,2026-04-05 11:13:00,2026-04-05 11:34:00,21.0,2026-04-05 12:17:00,2026-04-05 13:03:00,B17 A,464.0,12.57,36.91,7.15,1.18,46.0
25,2026-04-05,FH8116,2026-04-05 12:44:00,2026-04-05 12:48:00,4.0,2026-04-05 13:06:00,2026-04-05 13:13:00,B38 A,140.0,15.07,9.29,5.48,2.13,7.0
25,2026-04-05,LH1004,2026-04-05 08:50:00,2026-04-05 08:53:00,3.0,2026-04-05 09:06:00,2026-04-05 09:12:00,A43 ,29.0,10.6,2.74,4.36,1.91,6.0
25,2026-04-05,SN1122,2026-04-05 08:39:00,2026-04-05 09:08:00,29.0,2026-04-05 09:20:00,2026-04-05 09:21:00,B40 A,13.0,13.77,0.94,5.42,2.29,1.0
25,2026-04-05,SN1124,2026-04-05 07:10:00,2026-04-05 07:19:00,9.0,2026-04-05 07:32:00,2026-04-05 07:48:00,B30 A,138.0,13.53,10.2,5.14,1.73,16.0
25,2026-04-05,SN206,2026-04-05 06:25:00,2026-04-05 06:48:00,23.0,2026-04-05 07:07:00,2026-04-05 07:30:00,B38 A,154.0,15.29,10.07,5.68,2.05,23.0
25,2026-04-05,SN229,2026-04-05 12:06:00,2026-04-05 12:12:00,6.0,2026-04-05 12:39:00,2026-04-05 13:03:00,B28 A,20.0,15.31,1.31,5.21,1.54,24.0
25,2026-04-05,SN278,2026-04-05 12:46:00,2026-04-05 12:41:00,-5.0,2026-04-05 13:04:00,2026-04-05 13:33:00,B31 A,62.0,14.46,4.29,5.41,1.99,29.0
25,2026-04-05,SN2900,2026-04-05 10:44:00,2026-04-05 11:04:00,20.0,2026-04-05 11:13:00,2026-04-05 11:34:00,B32 A,49.0,14.0,3.5,6.13,1.58,21.0
25,2026-04-05,SN3326,2026-04-05 11:24:00,2026-04-05 11:41:00,17.0,2026-04-05 12:06:00,2026-04-05 12:12:00,B14 A,111.0,12.57,8.83,4.86,1.37,6.0
25,2026-04-05,SN358,2026-04-05 08:21:00,2026-04-05 08:24:00,3.0,2026-04-05 08:42:00,2026-04-05 09:09:00,B14 A,112.0,12.42,9.02,4.83,1.38,27.0
25,2026-04-05,SN379,2026-04-05 08:11:00,2026-04-05 08:40:00,29.0,2026-04-05 08:59:00,2026-04-05 09:27:00,B28 A,76.0,14.64,5.19,4.98,1.61,28.0
25,2026-04-05,SN3800,2026-04-05 06:15:00,2026-04-05 06:16:00,1.0,2026-04-05 06:28:00,2026-04-05 06:30:00,A65 ,27.0,14.01,1.93,5.22,1.6,2.0
25,2026-04-05,TB1552,2026-04-05 08:29:00,2026-04-05 08:25:00,-4.0,2026-04-05 08:46:00,2026-04-05 08:54:00,A61 ,166.0,12.84,12.93,3.98,2.09,8.0
25,2026-04-05,TB2632,2026-04-05 09:29:00,2026-04-05 09:09:00,-20.0,2026-04-05 09:35:00,2026-04-05 09:44:00,B9  A,114.0,12.74,8.95,5.08,1.64,9.0
25,2026-04-05,TB2662,2026-04-05 09:15:00,2026-04-05 09:04:00,-11.0,2026-04-05 09:22:00,2026-04-05 09:30:00,B34 A,90.0,15.15,5.94,4.05,2.55,8.0
25,2026-04-05,TG934,2026-04-05 09:21:00,2026-04-05 09:16:00,-5.0,2026-04-05 09:38:00,2026-04-05 09:58:00,B38 A,249.0,12.74,19.54,5.97,1.96,20.0
25,2026-04-05,UA950,2026-04-05 10:20:00,2026-04-05 09:58:00,-22.0,2026-04-05 10:24:00,2026-04-05 10:51:00,B40 A,188.0,12.11,15.53,4.6,2.7,27.0
25,2026-04-05,UA994,2026-04-05 11:51:00,2026-04-05 11:37:00,-14.0,2026-04-05 11:55:00,2026-04-05 12:25:00,B40 A,157.0,15.05,10.43,4.01,3.1,30.0
25,2026-04-05,XR5402,2026-04-05 07:46:00,2026-04-05 08:56:00,70.0,2026-04-05 09:23:00,2026-04-05 09:26:00,B5  A,88.0,11.79,7.46,4.12,2.02,3.0
26,2026-04-05,AC832,2026-04-05 08:17:00,2026-04-05 07:46:00,-31.0,2026-04-05 08:02:00,2026-04-05 08:29:00,B30 A,122.0,11.37,10.73,5.78,1.54,27.0
26,2026-04-05,ET750,2026-04-05 11:13:00,2026-04-05 11:34:00,21.0,2026-04-05 12:17:00,2026-04-05 13:03:00,B17 A,464.0,15.74,29.47,4.33,1.95,46.0
26,2026-04-05,FH8116,2026-04-05 06:35:00,2026-04-05 06:00:00,-35.0,2026-04-05 06:07:00,2026-04-05 06:09:00,B15 A,22.0,16.76,1.31,5.26,1.47,2.0
26,2026-04-05,LH1004,2026-04-05 09:50:00,2026-04-05 09:53:00,3.0,2026-04-05 10:20:00,2026-04-05 10:27:00,A43 ,33.0,10.59,3.12,4.91,1.7,7.0
26,2026-04-05,SN1122,2026-04-05 08:39:00,2026-04-05 09:08:00,29.0,2026-04-05 09:20:00,2026-04-05 09:21:00,B40 A,13.0,8.49,1.53,5.22,2.38,1.0
26,2026-04-05,SN1124,2026-04-05 07:10:00,2026-04-05 07:19:00,9.0,2026-04-05 07:32:00,2026-04-05 07:48:00,B30 A,138.0,13.03,10.59,4.87,1.83,16.0
26,2026-04-05,SN206,2026-04-05 06:25:00,2026-04-05 06:48:00,23.0,2026-04-05 07:07:00,2026-04-05 07:30:00,B38 A,154.0,13.42,11.48,4.14,2.82,23.0
26,2026-04-05,SN229,2026-04-05 12:06:00,2026-04-05 12:12:00,6.0,2026-04-05 12:39:00,2026-04-05 13:03:00,B28 A,20.0,14.08,1.42,5.85,1.37,24.0
26,2026-04-05,SN278,2026-04-05 10:45:00,2026-04-05 10:42:00,-3.0,2026-04-05 11:04:00,2026-04-05 11:16:00,B28 A,198.0,12.61,15.7,5.38,1.49,12.0
26,2026-04-05,SN2900,2026-04-05 07:39:00,2026-04-05 07:25:00,-14.0,2026-04-05 07:38:00,2026-04-05 07:53:00,B38 A,55.0,12.54,4.38,4.88,2.39,15.0
26,2026-04-05,SN3326,2026-04-05 11:24:00,2026-04-05 11:41:00,17.0,2026-04-05 12:06:00,2026-04-05 12:12:00,B14 A,111.0,9.33,11.9,5.01,1.33,6.0
26,2026-04-05,SN358,2026-04-05 08:21:00,2026-04-05 08:24:00,3.0,2026-04-05 08:42:00,2026-04-05 09:09:00,B14 A,112.0,10.45,10.71,4.5,1.48,27.0
26,2026-04-05,SN379,2026-04-05 08:11:00,2026-04-05 08:40:00,29.0,2026-04-05 08:59:00,2026-04-05 09:27:00,B28 A,76.0,12.02,6.32,5.46,1.46,28.0
26,2026-04-05,SN3800,2026-04-05 06:15:00,2026-04-05 06:16:00,1.0,2026-04-05 06:28:00,2026-04-05 06:30:00,A65 ,27.0,14.77,1.83,3.42,2.44,2.0
26,2026-04-05,TB1552,2026-04-05 08:29:00,2026-04-05 08:25:00,-4.0,2026-04-05 08:46:00,2026-04-05 08:54:00,A61 ,166.0,12.45,13.34,6.72,1.24,8.0
26,2026-04-05,TB2632,2026-04-05 09:29:00,2026-04-05 09:09:00,-20.0,2026-04-05 09:35:00,2026-04-05 09:44:00,B9  A,114.0,15.19,7.51,4.33,1.92,9.0
26,2026-04-05,TB2662,2026-04-05 09:15:00,2026-04-05 09:04:00,-11.0,2026-04-05 09:22:00,2026-04-05 09:30:00,B34 A,90.0,13.39,6.72,3.94,2.62,8.0
26,2026-04-05,TG934,2026-04-05 09:21:00,2026-04-05 09:16:00,-5.0,2026-04-05 09:38:00,2026-04-05 09:58:00,B38 A,249.0,13.7,18.18,5.15,2.27,20.0
26,2026-04-05,UA950,2026-04-05 09:21:00,2026-04-05 08:45:00,-36.0,2026-04-05 09:03:00,2026-04-05 09:29:00,B5  A,163.0,10.44,15.61,4.66,1.79,26.0
26,2026-04-05,UA994,2026-04-05 09:51:00,2026-04-05 11:28:00,97.0,2026-04-05 11:44:00,2026-04-05 12:09:00,B40 A,135.0,11.38,11.86,4.47,2.78,25.0
26,2026-04-05,XR5402,2026-04-05 07:46:00,2026-04-05 08:56:00,70.0,2026-04-05 09:23:00,2026-04-05 09:26:00,B5  A,88.0,11.9,7.39,4.58,1.82,3.0
27,2026-04-05,AC832,2026-04-05 11:16:00,2026-04-05 10:39:00,-37.0,2026-04-05 10:54:00,2026-04-05 11:24:00,B5  A,101.0,11.23,8.99,4.78,1.75,30.0
27,2026-04-05,ET750,2026-04-05 11:13:00,2026-04-05 11:34:00,21.0,2026-04-05 12:17:00,2026-04-05 13:03:00,B17 A,464.0,13.11,35.39,5.12,1.64,46.0
27,2026-04-05,FH8116,2026-04-05 12:44:00,2026-04-05 12:48:00,4.0,2026-04-05 13:06:00,2026-04-05 13:13:00,B38 A,140.0,13.54,10.34,4.47,2.61,7.0
27,2026-04-05,LH1004,2026-04-05 08:50:00,2026-04-05 08:53:00,3.0,2026-04-05 09:06:00,2026-04-05 09:12:00,A43 ,29.0,12.24,2.37,4.35,1.91,6.0
27,2026-04-05,SN1122,2026-04-05 08:39:00,2026-04-05 09:08:00,29.0,2026-04-05 09:20:00,2026-04-05 09:21:00,B40 A,13.0,13.24,0.98,5.27,2.36,1.0
27,2026-04-05,SN1124,2026-04-05 07:10:00,2026-04-05 07:19:00,9.0,2026-04-05 07:32:00,2026-04-05 07:48:00,B30 A,138.0,11.9,11.6,6.49,1.37,16.0
27,2026-04-05,SN206,2026-04-05 06:25:00,2026-04-05 06:48:00,23.0,2026-04-05 07:07:00,2026-04-05 07:30:00,B38 A,154.0,13.82,11.14,4.63,2.52,23.0
27,2026-04-05,SN229,2026-04-05 12:06:00,2026-04-05 12:12:00,6.0,2026-04-05 12:39:00,2026-04-05 13:03:00,B28 A,20.0,15.0,1.33,4.95,1.62,24.0
27,2026-04-05,SN278,2026-04-05 08:43:00,2026-04-05 08:27:00,-16.0,2026-04-05 08:40:00,2026-04-05 09:10:00,B37 A,123.0,15.89,7.74,5.78,2.1,30.0
27,2026-04-05,SN2900,2026-04-05 10:44:00,2026-04-05 11:04:00,20.0,2026-04-05 11:13:00,2026-04-05 11:34:00,B32 A,49.0,11.66,4.2,4.43,2.18,21.0
27,2026-04-05,SN3326,2026-04-05 11:24:00,2026-04-05 11:41:00,17.0,2026-04-05 12:06:00,2026-04-05 12:12:00,B14 A,111.0,14.14,7.85,4.94,1.35,6.0
27,2026-04-05,SN358,2026-04-05 12:21:00,2026-04-05 12:23:00,2.0,2026-04-05 12:43:00,2026-04-05 13:14:00,B28 A,176.0,11.91,14.78,5.47,1.46,31.0
27,2026-04-05,SN379,2026-04-05 10:10:00,2026-04-05 11:03:00,53.0,2026-04-05 11:42:00,2026-04-05 12:19:00,B29 A,161.0,12.06,13.35,4.48,2.2,37.0
27,2026-04-05,SN3800,2026-04-05 06:15:00,2026-04-05 06:16:00,1.0,2026-04-05 06:28:00,2026-04-05 06:30:00,A65 ,27.0,10.19,2.65,5.04,1.65,2.0
27,2026-04-05,TB1552,2026-04-05 08:29:00,2026-04-05 08:25:00,-4.0,2026-04-05 08:46:00,2026-04-05 08:54:00,A61 ,166.0,9.11,18.22,5.38,1.55,8.0
27,2026-04-05,TB2632,2026-04-05 09:29:00,2026-04-05 09:09:00,-20.0,2026-04-05 09:35:00,2026-04-05 09:44:00,B9  A,114.0,11.03,10.33,3.91,2.13,9.0
27,2026-04-05,TB2662,2026-04-05 09:15:00,2026-04-05 09:04:00,-11.0,2026-04-05 09:22:00,2026-04-05 09:30:00,B34 A,90.0,12.7,7.09,5.69,1.82,8.0
27,2026-04-05,TG934,2026-04-05 09:21:00,2026-04-05 09:16:00,-5.0,2026-04-05 09:38:00,2026-04-05 09:58:00,B38 A,249.0,13.47,18.48,5.07,2.3,20.0
27,2026-04-05,UA950,2026-04-05 12:20:00,2026-04-05 11:58:00,-22.0,2026-04-05 12:14:00,2026-04-05 12:42:00,B37 A,127.0,15.22,8.35,4.8,2.54,28.0
27,2026-04-05,UA994,2026-04-05 10:51:00,2026-04-05 10:01:00,-50.0,2026-04-05 10:18:00,2026-04-05 10:42:00,B38 A,177.0,12.35,14.33,5.38,2.17,24.0
27,2026-04-05,XR5402,2026-04-05 07:46:00,2026-04-05 08:56:00,70.0,2026-04-05 09:23:00,2026-04-05 09:26:00,B5  A,88.0,12.11,7.27,4.41,1.89,3.0
28,2026-04-05,AC832,2026-04-05 12:18:00,2026-04-05 11:38:00,-40.0,2026-04-05 11:54:00,2026-04-05 12:17:00,B30 A,100.0,11.72,8.53,3.9,2.29,23.0
28,2026-04-05,ET750,2026-04-05 11:13:00,2026-04-05 11:34:00,21.0,2026-04-05 12:17:00,2026-04-05 13:03:00,B17 A,464.0,11.45,40.54,5.17,1.63,46.0
28,2026-04-05,FH8116,2026-04-05 06:35:00,2026-04-05 06:00:00,-35.0,2026-04-05 06:07:00,2026-04-05 06:09:00,B15 A,22.0,15.69,1.4,5.5,1.41,2.0
28,2026-04-05,LH1004,2026-04-05 12:50:00,2026-04-05 12:50:00,0.0,2026-04-05 13:03:00,2026-04-05 13:30:00,A43 ,40.0,13.57,2.95,6.88,1.21,27.0
28,2026-04-05,SN1122,2026-04-05 08:39:00,2026-04-05 09:08:00,29.0,2026-04-05 09:20:00,2026-04-05 09:21:00,B40 A,13.0,13.4,0.97,3.63,3.42,1.0
28,2026-04-05,SN1124,2026-04-05 07:10:00,2026-04-05 07:19:00,9.0,2026-04-05 07:32:00,2026-04-05 07:48:00,B30 A,138.0,13.29,10.38,4.48,1.99,16.0
28,2026-04-05,SN206,2026-04-05 06:25:00,2026-04-05 06:48:00,23.0,2026-04-05 07:07:00,2026-04-05 07:30:00,B38 A,154.0,9.28,16.59,5.78,2.02,23.0
28,2026-04-05,SN229,2026-04-05 12:06:00,2026-04-05 12:12:00,6.0,2026-04-05 12:39:00,2026-04-05 13:03:00,B28 A,20.0,14.3,1.4,4.84,1.65,24.0
28,2026-04-05,SN278,2026-04-05 10:45:00,2026-04-05 10:42:00,-3.0,2026-04-05 11:04:00,2026-04-05 11:16:00,B28 A,198.0,12.61,15.71,4.31,1.85,12.0
28,2026-04-05,SN2900,2026-04-05 08:46:00,2026-04-05 08:33:00,-13.0,2026-04-05 08:58:00,2026-04-05 09:02:00,B14 A,79.0,12.11,6.52,3.88,1.72,4.0
28,2026-04-05,SN3326,2026-04-05 07:45:00,2026-04-05 08:05:00,20.0,2026-04-05 08:16:00,2026-04-05 08:36:00,B28 A,123.0,13.85,8.88,5.06,1.58,20.0
28,2026-04-05,SN358,2026-04-05 08:21:00,2026-04-05 08:24:00,3.0,2026-04-05 08:42:00,2026-04-05 09:09:00,B14 A,112.0,10.18,11.0,5.09,1.31,27.0
28,2026-04-05,SN379,2026-04-05 08:11:00,2026-04-05 08:40:00,29.0,2026-04-05 08:59:00,2026-04-05 09:27:00,B28 A,76.0,13.73,5.54,4.12,1.94,28.0
28,2026-04-05,SN3800,2026-04-05 06:15:00,2026-04-05 06:16:00,1.0,2026-04-05 06:28:00,2026-04-05 06:30:00,A65 ,27.0,11.05,2.44,6.96,1.2,2.0
28,2026-04-05,TB1552,2026-04-05 07:47:00,2026-04-05 07:43:00,-4.0,2026-04-05 07:55:00,2026-04-05 07:59:00,A68 ,66.0,10.32,6.4,4.83,1.73,4.0
28,2026-04-05,TB2632,2026-04-05 09:29:00,2026-04-05 09:09:00,-20.0,2026-04-05 09:35:00,2026-04-05 09:44:00,B9  A,114.0,11.89,9.59,4.22,1.97,9.0
28,2026-04-05,TB2662,2026-04-05 09:15:00,2026-04-05 09:04:00,-11.0,2026-04-05 09:22:00,2026-04-05 09:30:00,B34 A,90.0,16.1,5.59,4.9,2.11,8.0
28,2026-04-05,TG934,2026-04-05 09:21:00,2026-04-05 09:16:00,-5.0,2026-04-05 09:38:00,2026-04-05 09:58:00,B38 A,249.0,14.63,17.02,5.35,2.18,20.0
28,2026-04-05,UA950,2026-04-05 11:22:00,2026-04-05 11:02:00,-20.0,2026-04-05 11:22:00,2026-04-05 11:45:00,B28 A,170.0,15.6,10.9,5.0,1.6,23.0
28,2026-04-05,UA994,2026-04-05 09:51:00,2026-04-05 11:28:00,97.0,2026-04-05 11:44:00,2026-04-05 12:09:00,B40 A,135.0,13.86,9.74,4.71,2.64,25.0
28,2026-04-05,XR5402,2026-04-05 07:46:00,2026-04-05 08:56:00,70.0,2026-04-05 09:23:00,2026-04-05 09:26:00,B5  A,88.0,10.83,8.13,4.52,1.84,3.0
29,2026-04-05,AC832,2026-04-05 10:17:00,2026-04-05 10:43:00,26.0,2026-04-05 11:00:00,2026-04-05 11:34:00,B14 A,172.0,14.4,11.95,4.92,1.35,34.0
29,2026-04-05,ET750,2026-04-05 11:13:00,2026-04-05 11:34:00,21.0,2026-04-05 12:17:00,2026-04-05 13:03:00,B17 A,464.0,15.7,29.56,4.17,2.02,46.0
29,2026-04-05,FH8116,2026-04-05 06:35:00,2026-04-05 06:00:00,-35.0,2026-04-05 06:07:00,2026-04-05 06:09:00,B15 A,22.0,14.26,1.54,5.22,1.48,2.0
29,2026-04-05,LH1004,2026-04-05 08:50:00,2026-04-05 08:53:00,3.0,2026-04-05 09:06:00,2026-04-05 09:12:00,A43 ,29.0,14.08,2.06,7.09,1.18,6.0
29,2026-04-05,SN1122,2026-04-05 08:39:00,2026-04-05 09:08:00,29.0,2026-04-05 09:20:00,2026-04-05 09:21:00,B40 A,13.0,11.03,1.18,4.32,2.88,1.0
29,2026-04-05,SN1124,2026-04-05 07:10:00,2026-04-05 07:19:00,9.0,2026-04-05 07:32:00,2026-04-05 07:48:00,B30 A,138.0,14.76,9.35,5.33,1.67,16.0
29,2026-04-05,SN206,2026-04-05 06:25:00,2026-04-05 06:48:00,23.0,2026-04-05 07:07:00,2026-04-05 07:30:00,B38 A,154.0,9.8,15.71,4.09,2.85,23.0
29,2026-04-05,SN229,2026-04-05 10:04:00,2026-04-05 10:26:00,22.0,2026-04-05 10:41:00,2026-04-05 11:10:00,B31 A,120.0,13.68,8.77,4.39,2.45,29.0
29,2026-04-05,SN278,2026-04-05 10:45:00,2026-04-05 10:42:00,-3.0,2026-04-05 11:04:00,2026-04-05 11:16:00,B28 A,198.0,13.19,15.01,4.23,1.89,12.0
29,2026-04-05,SN2900,2026-04-05 07:39:00,2026-04-05 07:25:00,-14.0,2026-04-05 07:38:00,2026-04-05 07:53:00,B38 A,55.0,10.41,5.29,3.64,3.2,15.0
29,2026-04-05,SN3326,2026-04-05 11:24:00,2026-04-05 11:41:00,17.0,2026-04-05 12:06:00,2026-04-05 12:12:00,B14 A,111.0,13.55,8.19,4.32,1.54,6.0
29,2026-04-05,SN358,2026-04-05 08:21:00,2026-04-05 08:24:00,3.0,2026-04-05 08:42:00,2026-04-05 09:09:00,B14 A,112.0,14.43,7.76,6.36,1.05,27.0
29,2026-04-05,SN379,2026-04-05 10:10:00,2026-04-05 11:03:00,53.0,2026-04-05 11:42:00,2026-04-05 12:19:00,B29 A,161.0,10.13,15.89,5.61,1.75,37.0
29,2026-04-05,SN3800,2026-04-05 06:15:00,2026-04-05 06:16:00,1.0,2026-04-05 06:28:00,2026-04-05 06:30:00,A65 ,27.0,12.72,2.12,4.87,1.71,2.0
29,2026-04-05,TB1552,2026-04-05 07:15:00,2026-04-05 07:08:00,-7.0,2026-04-05 07:38:00,2026-04-05 07:45:00,A61 ,152.0,14.06,10.81,5.58,1.49,7.0
29,2026-04-05,TB2632,2026-04-05 09:29:00,2026-04-05 09:09:00,-20.0,2026-04-05 09:35:00,2026-04-05 09:44:00,B9  A,114.0,12.39,9.2,3.98,2.09,9.0
29,2026-04-05,TB2662,2026-04-05 09:15:00,2026-04-05 09:04:00,-11.0,2026-04-05 09:22:00,2026-04-05 09:30:00,B34 A,90.0,10.71,8.41,4.24,2.44,8.0
29,2026-04-05,TG934,2026-04-05 12:22:00,2026-04-05 12:26:00,4.0,2026-04-05 12:46:00,2026-04-05 13:15:00,B34 A,260.0,15.05,17.28,4.91,2.11,29.0
29,2026-04-05,UA950,2026-04-05 08:20:00,2026-04-05 08:20:00,0.0,2026-04-05 08:36:00,2026-04-05 09:25:00,B38 A,176.0,13.63,12.91,4.45,2.62,49.0
29,2026-04-05,UA994,2026-04-05 11:51:00,2026-04-05 11:37:00,-14.0,2026-04-05 11:55:00,2026-04-05 12:25:00,B40 A,157.0,15.85,9.91,5.01,2.48,30.0
29,2026-04-05,XR5402,2026-04-05 07:46:00,2026-04-05 08:56:00,70.0,2026-04-05 09:23:00,2026-04-05 09:26:00,B5  A,88.0,9.22,9.55,5.45,1.53,3.0
30,2026-04-05,AC832,2026-04-05 11:16:00,2026-04-05 10:39:00,-37.0,2026-04-05 10:54:00,2026-04-05 11:24:00,B5  A,101.0,10.94,9.24,4.63,1.8,30.0
30,2026-04-05,ET750,2026-04-05 11:13:00,2026-04-05 11:34:00,21.0,2026-04-05 12:17:00,2026-04-05 13:03:00,B17 A,464.0,12.33,37.63,5.44,1.55,46.0
30,2026-04-05,FH8116,2026-04-05 06:35:00,2026-04-05 06:00:00,-35.0,2026-04-05 06:07:00,2026-04-05 06:09:00,B15 A,22.0,12.73,1.73,5.75,1.35,2.0
30,2026-04-05,LH1004,2026-04-05 12:50:00,2026-04-05 12:50:00,0.0,2026-04-05 13:03:00,2026-04-05 13:30:00,A43 ,40.0,11.91,3.36,5.09,1.64,27.0
30,2026-04-05,SN1122,2026-04-05 08:39:00,2026-04-05 09:08:00,29.0,2026-04-05 09:20:00,2026-04-05 09:21:00,B40 A,13.0,10.88,1.2,5.44,2.28,1.0
30,2026-04-05,SN1124,2026-04-05 07:10:00,2026-04-05 07:19:00,9.0,2026-04-05 07:32:00,2026-04-05 07:48:00,B30 A,138.0,13.27,10.4,4.49,1.98,16.0
30,2026-04-05,SN206,2026-04-05 06:25:00,2026-04-05 06:48:00,23.0,2026-04-05 07:07:00,2026-04-05 07:30:00,B38 A,154.0,12.23,12.6,3.16,3.69,23.0
30,2026-04-05,SN229,2026-04-05 10:04:00,2026-04-05 10:26:00,22.0,2026-04-05 10:41:00,2026-04-05 11:10:00,B31 A,120.0,11.64,10.31,5.51,1.95,29.0
30,2026-04-05,SN278,2026-04-05 08:43:00,2026-04-05 08:27:00,-16.0,2026-04-05 08:40:00,2026-04-05 09:10:00,B37 A,123.0,13.54,9.08,4.59,2.65,30.0
30,2026-04-05,SN2900,2026-04-05 10:44:00,2026-04-05 11:04:00,20.0,2026-04-05 11:13:00,2026-04-05 11:34:00,B32 A,49.0,14.15,3.46,5.15,1.88,21.0
30,2026-04-05,SN3326,2026-04-05 11:24:00,2026-04-05 11:41:00,17.0,2026-04-05 12:06:00,2026-04-05 12:12:00,B14 A,111.0,10.67,10.4,5.43,1.23,6.0
30,2026-04-05,SN358,2026-04-05 10:21:00,2026-04-05 11:13:00,52.0,2026-04-05 11:43:00,2026-04-05 12:03:00,B38 A,126.0,11.95,10.54,5.78,2.02,20.0
30,2026-04-05,SN379,2026-04-05 08:11:00,2026-04-05 08:40:00,29.0,2026-04-05 08:59:00,2026-04-05 09:27:00,B28 A,76.0,11.06,6.87,4.55,1.76,28.0
30,2026-04-05,SN3800,2026-04-05 06:15:00,2026-04-05 06:16:00,1.0,2026-04-05 06:28:00,2026-04-05 06:30:00,A65 ,27.0,14.39,1.88,4.69,1.78,2.0
30,2026-04-05,TB1552,2026-04-05 10:15:00,2026-04-05 10:31:00,16.0,2026-04-05 10:50:00,2026-04-05 10:59:00,A69 ,164.0,13.3,12.33,5.55,1.5,9.0
30,2026-04-05,TB2632,2026-04-05 09:29:00,2026-04-05 09:09:00,-20.0,2026-04-05 09:35:00,2026-04-05 09:44:00,B9  A,114.0,13.33,8.55,5.28,1.58,9.0
30,2026-04-05,TB2662,2026-04-05 09:15:00,2026-04-05 09:04:00,-11.0,2026-04-05 09:22:00,2026-04-05 09:30:00,B34 A,90.0,12.51,7.2,4.17,2.48,8.0
30,2026-04-05,TG934,2026-04-05 09:21:00,2026-04-05 09:16:00,-5.0,2026-04-05 09:38:00,2026-04-05 09:58:00,B38 A,249.0,13.06,19.06,4.86,2.4,20.0
30,2026-04-05,UA950,2026-04-05 10:20:00,2026-04-05 09:58:00,-22.0,2026-04-05 10:24:00,2026-04-05 10:51:00,B40 A,188.0,15.28,12.3,5.49,2.26,27.0
30,2026-04-05,UA994,2026-04-05 11:51:00,2026-04-05 11:37:00,-14.0,2026-04-05 11:55:00,2026-04-05 12:25:00,B40 A,157.0,12.21,12.86,4.31,2.88,30.0
30,2026-04-05,XR5402,2026-04-05 07:46:00,2026-04-05 08:56:00,70.0,2026-04-05 09:23:00,2026-04-05 09:26:00,B5  A,88.0,12.1,7.27,5.05,1.65,3.0
31,2026-04-05,AC832,2026-04-05 12:18:00,2026-04-05 11:38:00,-40.0,2026-04-05 11:54:00,2026-04-05 12:17:00,B30 A,100.0,14.88,6.72,5.04,1.77,23.0
31,2026-04-05,ET750,2026-04-05 11:13:00,2026-04-05 11:34:00,21.0,2026-04-05 12:17:00,2026-04-05 13:03:00,B17 A,464.0,14.41,32.19,4.78,1.76,46.0
31,2026-04-05,FH8116,2026-04-05 12:44:00,2026-04-05 12:48:00,4.0,2026-04-05 13:06:00,2026-04-05 13:13:00,B38 A,140.0,15.63,8.96,4.29,2.72,7.0
31,2026-04-05,LH1004,2026-04-05 09:50:00,2026-04-05 09:53:00,3.0,2026-04-05 10:20:00,2026-04-05 10:27:00,A43 ,33.0,13.22,2.5,5.35,1.56,7.0
31,2026-04-05,SN1122,2026-04-05 08:39:00,2026-04-05 09:08:00,29.0,2026-04-05 09:20:00,2026-04-05 09:21:00,B40 A,13.0,15.56,0.84,4.92,2.52,1.0
31,2026-04-05,SN1124,2026-04-05 07:10:00,2026-04-05 07:19:00,9.0,2026-04-05 07:32:00,2026-04-05 07:48:00,B30 A,138.0,14.93,9.24,5.1,1.75,16.0
31,2026-04-05,SN206,2026-04-05 06:25:00,2026-04-05 06:48:00,23.0,2026-04-05 07:07:00,2026-04-05 07:30:00,B38 A,154.0,13.33,11.55,6.23,1.87,23.0
31,2026-04-05,SN229,2026-04-05 08:06:00,2026-04-05 09:20:00,74.0,2026-04-05 09:41:00,2026-04-05 10:22:00,B14 A,144.0,10.11,14.25,4.74,1.41,41.0
31,2026-04-05,SN278,2026-04-05 10:45:00,2026-04-05 10:42:00,-3.0,2026-04-05 11:04:00,2026-04-05 11:16:00,B28 A,198.0,12.04,16.45,4.77,1.68,12.0
31,2026-04-05,SN2900,2026-04-05 07:39:00,2026-04-05 07:25:00,-14.0,2026-04-05 07:38:00,2026-04-05 07:53:00,B38 A,55.0,15.82,3.48,6.2,1.88,15.0
31,2026-04-05,SN3326,2026-04-05 11:24:00,2026-04-05 11:41:00,17.0,2026-04-05 12:06:00,2026-04-05 12:12:00,B14 A,111.0,11.43,9.71,4.74,1.41,6.0
31,2026-04-05,SN358,2026-04-05 11:21:00,2026-04-05 11:29:00,8.0,2026-04-05 11:42:00,2026-04-05 12:06:00,B14 A,177.0,15.86,11.16,4.77,1.4,24.0
31,2026-04-05,SN379,2026-04-05 10:10:00,2026-04-05 11:03:00,53.0,2026-04-05 11:42:00,2026-04-05 12:19:00,B29 A,161.0,10.78,14.94,4.52,2.18,37.0
31,2026-04-05,SN3800,2026-04-05 06:15:00,2026-04-05 06:16:00,1.0,2026-04-05 06:28:00,2026-04-05 06:30:00,A65 ,27.0,13.95,1.94,4.61,1.81,2.0
31,2026-04-05,TB1552,2026-04-05 08:29:00,2026-04-05 08:25:00,-4.0,2026-04-05 08:46:00,2026-04-05 08:54:00,A61 ,166.0,14.89,11.15,5.29,1.58,8.0
31,2026-04-05,TB2632,2026-04-05 09:29:00,2026-04-05 09:09:00,-20.0,2026-04-05 09:35:00,2026-04-05 09:44:00,B9  A,114.0,10.77,10.58,4.99,1.67,9.0
31,2026-04-05,TB2662,2026-04-05 09:15:00,2026-04-05 09:04:00,-11.0,2026-04-05 09:22:00,2026-04-05 09:30:00,B34 A,90.0,11.23,8.01,4.48,2.3,8.0
31,2026-04-05,TG934,2026-04-05 12:22:00,2026-04-05 12:26:00,4.0,2026-04-05 12:46:00,2026-04-05 13:15:00,B34 A,260.0,15.75,16.51,3.54,2.92,29.0
31,2026-04-05,UA950,2026-04-05 12:20:00,2026-04-05 11:58:00,-22.0,2026-04-05 12:14:00,2026-04-05 12:42:00,B37 A,127.0,11.44,11.1,3.7,3.29,28.0
31,2026-04-05,UA994,2026-04-05 11:51:00,2026-04-05 11:37:00,-14.0,2026-04-05 11:55:00,2026-04-05 12:25:00,B40 A,157.0,12.0,13.09,4.41,2.82,30.0
31,2026-04-05,XR5402,2026-04-05 07:46:00,2026-04-05 08:56:00,70.0,2026-04-05 09:23:00,2026-04-05 09:26:00,B5  A,88.0,11.08,7.94,5.42,1.54,3.0
32,2026-04-05,AC832,2026-04-05 12:18:00,2026-04-05 11:38:00,-40.0,2026-04-05 11:54:00,2026-04-05 12:17:00,B30 A,100.0,11.52,8.68,4.8,1.86,23.0
32,2026-04-05,ET750,2026-04-05 11:13:00,2026-04-05 11:34:00,21.0,2026-04-05 12:17:00,2026-04-05 13:03:00,B17 A,464.0,13.0,35.68,4.76,1.77,46.0
32,2026-04-05,FH8116,2026-04-05 06:35:00,2026-04-05 06:00:00,-35.0,2026-04-05 06:07:00,2026-04-05 06:09:00,B15 A,22.0,12.25,1.8,5.95,1.3,2.0
32,2026-04-05,LH1004,2026-04-05 12:50:00,2026-04-05 12:50:00,0.0,2026-04-05 13:03:00,2026-04-05 13:30:00,A43 ,40.0,15.08,2.65,4.88,1.71,27.0
32,2026-04-05,SN1122,2026-04-05 08:39:00,2026-04-05 09:08:00,29.0,2026-04-05 09:20:00,2026-04-05 09:21:00,B40 A,13.0,11.65,1.12,4.15,2.99,1.0
32,2026-04-05,SN1124,2026-04-05 07:10:00,2026-04-05 07:19:00,9.0,2026-04-05 07:32:00,2026-04-05 07:48:00,B30 A,138.0,14.19,9.73,4.48,1.99,16.0
32,2026-04-05,SN206,2026-04-05 06:25:00,2026-04-05 06:48:00,23.0,2026-04-05 07:07:00,2026-04-05 07:30:00,B38 A,154.0,9.95,15.47,5.43,2.15,23.0
32,2026-04-05,SN229,2026-04-05 08:06:00,2026-04-05 09:20:00,74.0,2026-04-05 09:41:00,2026-04-05 10:22:00,B14 A,144.0,11.97,12.03,4.41,1.51,41.0
32,2026-04-05,SN278,2026-04-05 08:43:00,2026-04-05 08:27:00,-16.0,2026-04-05 08:40:00,2026-04-05 09:10:00,B37 A,123.0,13.49,9.12,5.03,2.42,30.0
32,2026-04-05,SN2900,2026-04-05 07:39:00,2026-04-05 07:25:00,-14.0,2026-04-05 07:38:00,2026-04-05 07:53:00,B38 A,55.0,14.87,3.7,5.42,2.15,15.0
32,2026-04-05,SN3326,2026-04-05 11:24:00,2026-04-05 11:41:00,17.0,2026-04-05 12:06:00,2026-04-05 12:12:00,B14 A,111.0,13.67,8.12,5.19,1.29,6.0
32,2026-04-05,SN358,2026-04-05 10:21:00,2026-04-05 11:13:00,52.0,2026-04-05 11:43:00,2026-04-05 12:03:00,B38 A,126.0,11.96,10.54,4.78,2.44,20.0
32,2026-04-05,SN379,2026-04-05 10:10:00,2026-04-05 11:03:00,53.0,2026-04-05 11:42:00,2026-04-05 12:19:00,B29 A,161.0,12.12,13.28,5.1,1.93,37.0
32,2026-04-05,SN3800,2026-04-05 06:15:00,2026-04-05 06:16:00,1.0,2026-04-05 06:28:00,2026-04-05 06:30:00,A65 ,27.0,10.77,2.51,4.49,1.86,2.0
32,2026-04-05,TB1552,2026-04-05 07:47:00,2026-04-05 07:43:00,-4.0,2026-04-05 07:55:00,2026-04-05 07:59:00,A68 ,66.0,15.95,4.14,5.39,1.55,4.0
32,2026-04-05,TB2632,2026-04-05 09:29:00,2026-04-05 09:09:00,-20.0,2026-04-05 09:35:00,2026-04-05 09:44:00,B9  A,114.0,9.95,11.45,4.8,1.73,9.0
32,2026-04-05,TB2662,2026-04-05 09:15:00,2026-04-05 09:04:00,-11.0,2026-04-05 09:22:00,2026-04-05 09:30:00,B34 A,90.0,16.55,5.44,5.75,1.8,8.0
32,2026-04-05,TG934,2026-04-05 09:21:00,2026-04-05 09:16:00,-5.0,2026-04-05 09:38:00,2026-04-05 09:58:00,B38 A,249.0,14.67,16.98,5.58,2.09,20.0
32,2026-04-05,UA950,2026-04-05 11:22:00,2026-04-05 11:02:00,-20.0,2026-04-05 11:22:00,2026-04-05 11:45:00,B28 A,170.0,11.02,15.43,6.64,1.21,23.0
32,2026-04-05,UA994,2026-04-05 08:51:00,2026-04-05 08:32:00,-19.0,2026-04-05 08:52:00,2026-04-05 09:25:00,B40 A,171.0,10.35,16.52,5.62,2.21,33.0
32,2026-04-05,XR5402,2026-04-05 07:46:00,2026-04-05 08:56:00,70.0,2026-04-05 09:23:00,2026-04-05 09:26:00,B5  A,88.0,11.46,7.68,5.18,1.61,3.0
33,2026-04-05,AC832,2026-04-05 08:17:00,2026-04-05 07:46:00,-31.0,2026-04-05 08:02:00,2026-04-05 08:29:00,B30 A,122.0,12.62,9.67,4.59,1.94,27.0
33,2026-04-05,ET750,2026-04-05 11:13:00,2026-04-05 11:34:00,21.0,2026-04-05 12:17:00,2026-04-05 13:03:00,B17 A,464.0,14.95,31.04,5.26,1.6,46.0
33,2026-04-05,FH8116,2026-04-05 12:44:00,2026-04-05 12:48:00,4.0,2026-04-05 13:06:00,2026-04-05 13:13:00,B38 A,140.0,12.13,11.54,5.79,2.02,7.0
33,2026-04-05,LH1004,2026-04-05 12:50:00,2026-04-05 12:50:00,0.0,2026-04-05 13:03:00,2026-04-05 13:30:00,A43 ,40.0,14.5,2.76,5.27,1.58,27.0
33,2026-04-05,SN1122,2026-04-05 08:39:00,2026-04-05 09:08:00,29.0,2026-04-05 09:20:00,2026-04-05 09:21:00,B40 A,13.0,8.18,1.59,5.7,2.18,1.0
33,2026-04-05,SN1124,2026-04-05 07:10:00,2026-04-05 07:19:00,9.0,2026-04-05 07:32:00,2026-04-05 07:48:00,B30 A,138.0,15.37,8.98,4.18,2.13,16.0
33,2026-04-05,SN206,2026-04-05 06:25:00,2026-04-05 06:48:00,23.0,2026-04-05 07:07:00,2026-04-05 07:30:00,B38 A,154.0,12.91,11.93,4.41,2.64,23.0
33,2026-04-05,SN229,2026-04-05 08:06:00,2026-04-05 09:20:00,74.0,2026-04-05 09:41:00,2026-04-05 10:22:00,B14 A,144.0,12.74,11.31,5.2,1.28,41.0
33,2026-04-05,SN278,2026-04-05 10:45:00,2026-04-05 10:42:00,-3.0,2026-04-05 11:04:00,2026-04-05 11:16:00,B28 A,198.0,12.39,15.98,4.0,2.0,12.0
33,2026-04-05,SN2900,2026-04-05 07:39:00,2026-04-05 07:25:00,-14.0,2026-04-05 07:38:00,2026-04-05 07:53:00,B38 A,55.0,15.27,3.6,4.3,2.71,15.0
33,2026-04-05,SN3326,2026-04-05 07:45:00,2026-04-05 08:05:00,20.0,2026-04-05 08:16:00,2026-04-05 08:36:00,B28 A,123.0,14.67,8.38,5.67,1.41,20.0
33,2026-04-05,SN358,2026-04-05 12:21:00,2026-04-05 12:23:00,2.0,2026-04-05 12:43:00,2026-04-05 13:14:00,B28 A,176.0,11.98,14.69,5.74,1.39,31.0
33,2026-04-05,SN379,2026-04-05 08:11:00,2026-04-05 08:40:00,29.0,2026-04-05 08:59:00,2026-04-05 09:27:00,B28 A,76.0,10.67,7.12,3.9,2.05,28.0
33,2026-04-05,SN3800,2026-04-05 06:15:00,2026-04-05 06:16:00,1.0,2026-04-05 06:28:00,2026-04-05 06:30:00,A65 ,27.0,9.81,2.75,4.11,2.03,2.0
33,2026-04-05,TB1552,2026-04-05 10:15:00,2026-04-05 10:31:00,16.0,2026-04-05 10:50:00,2026-04-05 10:59:00,A69 ,164.0,13.74,11.94,6.15,1.35,9.0
33,2026-04-05,TB2632,2026-04-05 09:29:00,2026-04-05 09:09:00,-20.0,2026-04-05 09:35:00,2026-04-05 09:44:00,B9  A,114.0,13.52,8.43,3.65,2.28,9.0
33,2026-04-05,TB2662,2026-04-05 09:15:00,2026-04-05 09:04:00,-11.0,2026-04-05 09:22:00,2026-04-05 09:30:00,B34 A,90.0,11.91,7.56,4.97,2.08,8.0
33,2026-04-05,TG934,2026-04-05 09:21:00,2026-04-05 09:16:00,-5.0,2026-04-05 09:38:00,2026-04-05 09:58:00,B38 A,249.0,14.12,17.64,6.0,1.95,20.0
33,2026-04-05,UA950,2026-04-05 09:21:00,2026-04-05 08:45:00,-36.0,2026-04-05 09:03:00,2026-04-05 09:29:00,B5  A,163.0,11.98,13.6,5.96,1.4,26.0
33,2026-04-05,UA994,2026-04-05 09:51:00,2026-04-05 11:28:00,97.0,2026-04-05 11:44:00,2026-04-05 12:09:00,B40 A,135.0,11.1,12.17,5.22,2.38,25.0
33,2026-04-05,XR5402,2026-04-05 07:46:00,2026-04-05 08:56:00,70.0,2026-04-05 09:23:00,2026-04-05 09:26:00,B5  A,88.0,15.49,5.68,5.13,1.63,3.0
34,2026-04-05,AC832,2026-04-05 12:18:00,2026-04-05 11:38:00,-40.0,2026-04-05 11:54:00,2026-04-05 12:17:00,B30 A,100.0,16.11,6.21,5.31,1.68,23.0
34,2026-04-05,ET750,2026-04-05 11:13:00,2026-04-05 11:34:00,21.0,2026-04-05 12:17:00,2026-04-05 13:03:00,B17 A,464.0,13.68,33.93,5.7,1.48,46.0
34,2026-04-05,FH8116,2026-04-05 06:35:00,2026-04-05 06:00:00,-35.0,2026-04-05 06:07:00,2026-04-05 06:09:00,B15 A,22.0,11.12,1.98,6.9,1.12,2.0
34,2026-04-05,LH1004,2026-04-05 12:50:00,2026-04-05 12:50:00,0.0,2026-04-05 13:03:00,2026-04-05 13:30:00,A43 ,40.0,9.89,4.04,4.95,1.68,27.0
34,2026-04-05,SN1122,2026-04-05 08:39:00,2026-04-05 09:08:00,29.0,2026-04-05 09:20:00,2026-04-05 09:21:00,B40 A,13.0,9.55,1.36,4.94,2.51,1.0
34,2026-04-05,SN1124,2026-04-05 07:10:00,2026-04-05 07:19:00,9.0,2026-04-05 07:32:00,2026-04-05 07:48:00,B30 A,138.0,14.12,9.78,4.5,1.98,16.0
34,2026-04-05,SN206,2026-04-05 06:25:00,2026-04-05 06:48:00,23.0,2026-04-05 07:07:00,2026-04-05 07:30:00,B38 A,154.0,11.9,12.94,3.95,2.95,23.0
34,2026-04-05,SN229,2026-04-05 08:06:00,2026-04-05 09:20:00,74.0,2026-04-05 09:41:00,2026-04-05 10:22:00,B14 A,144.0,9.57,15.05,5.11,1.3,41.0
34,2026-04-05,SN278,2026-04-05 10:45:00,2026-04-05 10:42:00,-3.0,2026-04-05 11:04:00,2026-04-05 11:16:00,B28 A,198.0,12.41,15.96,5.81,1.38,12.0
34,2026-04-05,SN2900,2026-04-05 08:46:00,2026-04-05 08:33:00,-13.0,2026-04-05 08:58:00,2026-04-05 09:02:00,B14 A,79.0,11.41,6.93,5.81,1.15,4.0
34,2026-04-05,SN3326,2026-04-05 11:24:00,2026-04-05 11:41:00,17.0,2026-04-05 12:06:00,2026-04-05 12:12:00,B14 A,111.0,13.66,8.13,4.82,1.38,6.0
34,2026-04-05,SN358,2026-04-05 10:21:00,2026-04-05 11:13:00,52.0,2026-04-05 11:43:00,2026-04-05 12:03:00,B38 A,126.0,12.21,10.32,4.4,2.65,20.0
34,2026-04-05,SN379,2026-04-05 10:10:00,2026-04-05 11:03:00,53.0,2026-04-05 11:42:00,2026-04-05 12:19:00,B29 A,161.0,16.02,10.05,4.4,2.24,37.0
34,2026-04-05,SN3800,2026-04-05 06:15:00,2026-04-05 06:16:00,1.0,2026-04-05 06:28:00,2026-04-05 06:30:00,A65 ,27.0,11.75,2.3,4.72,1.76,2.0
34,2026-04-05,TB1552,2026-04-05 07:47:00,2026-04-05 07:43:00,-4.0,2026-04-05 07:55:00,2026-04-05 07:59:00,A68 ,66.0,11.78,5.6,5.49,1.52,4.0
34,2026-04-05,TB2632,2026-04-05 09:29:00,2026-04-05 09:09:00,-20.0,2026-04-05 09:35:00,2026-04-05 09:44:00,B9  A,114.0,11.45,9.96,4.69,1.78,9.0
34,2026-04-05,TB2662,2026-04-05 09:15:00,2026-04-05 09:04:00,-11.0,2026-04-05 09:22:00,2026-04-05 09:30:00,B34 A,90.0,13.02,6.91,4.87,2.12,8.0
34,2026-04-05,TG934,2026-04-05 09:21:00,2026-04-05 09:16:00,-5.0,2026-04-05 09:38:00,2026-04-05 09:58:00,B38 A,249.0,14.85,16.76,4.39,2.66,20.0
34,2026-04-05,UA950,2026-04-05 11:22:00,2026-04-05 11:02:00,-20.0,2026-04-05 11:22:00,2026-04-05 11:45:00,B28 A,170.0,10.33,16.46,5.31,1.51,23.0
34,2026-04-05,UA994,2026-04-05 12:51:00,2026-04-05 12:35:00,-16.0,2026-04-05 12:54:00,2026-04-05 13:24:00,B38 A,109.0,12.44,8.76,5.01,2.33,30.0
34,2026-04-05,XR5402,2026-04-05 07:46:00,2026-04-05 08:56:00,70.0,2026-04-05 09:23:00,2026-04-05 09:26:00,B5  A,88.0,14.47,6.08,5.24,1.59,3.0
35,2026-04-05,AC832,2026-04-05 12:18:00,2026-04-05 11:38:00,-40.0,2026-04-05 11:54:00,2026-04-05 12:17:00,B30 A,100.0,14.15,7.07,5.29,1.69,23.0
35,2026-04-05,ET750,2026-04-05 11:13:00,2026-04-05 11:34:00,21.0,2026-04-05 12:17:00,2026-04-05 13:03:00,B17 A,464.0,13.67,33.95,5.64,1.49,46.0
35,2026-04-05,FH8116,2026-04-05 12:44:00,2026-04-05 12:48:00,4.0,2026-04-05 13:06:00,2026-04-05 13:13:00,B38 A,140.0,10.62,13.19,5.66,2.06,7.0
35,2026-04-05,LH1004,2026-04-05 08:50:00,2026-04-05 08:53:00,3.0,2026-04-05 09:06:00,2026-04-05 09:12:00,A43 ,29.0,13.64,2.13,5.29,1.58,6.0
35,2026-04-05,SN1122,2026-04-05 08:39:00,2026-04-05 09:08:00,29.0,2026-04-05 09:20:00,2026-04-05 09:21:00,B40 A,13.0,12.9,1.01,4.1,3.03,1.0
35,2026-04-05,SN1124,2026-04-05 07:10:00,2026-04-05 07:19:00,9.0,2026-04-05 07:32:00,2026-04-05 07:48:00,B30 A,138.0,14.47,9.54,3.93,2.27,16.0
35,2026-04-05,SN206,2026-04-05 06:25:00,2026-04-05 06:48:00,23.0,2026-04-05 07:07:00,2026-04-05 07:30:00,B38 A,154.0,12.46,12.36,5.48,2.13,23.0
35,2026-04-05,SN229,2026-04-05 10:04:00,2026-04-05 10:26:00,22.0,2026-04-05 10:41:00,2026-04-05 11:10:00,B31 A,120.0,12.92,9.29,4.12,2.61,29.0
35,2026-04-05,SN278,2026-04-05 08:43:00,2026-04-05 08:27:00,-16.0,2026-04-05 08:40:00,2026-04-05 09:10:00,B37 A,123.0,14.94,8.23,5.22,2.33,30.0
35,2026-04-05,SN2900,2026-04-05 08:46:00,2026-04-05 08:33:00,-13.0,2026-04-05 08:58:00,2026-04-05 09:02:00,B14 A,79.0,11.61,6.8,5.4,1.24,4.0
35,2026-04-05,SN3326,2026-04-05 11:24:00,2026-04-05 11:41:00,17.0,2026-04-05 12:06:00,2026-04-05 12:12:00,B14 A,111.0,15.24,7.28,4.99,1.33,6.0
35,2026-04-05,SN358,2026-04-05 08:21:00,2026-04-05 08:24:00,3.0,2026-04-05 08:42:00,2026-04-05 09:09:00,B14 A,112.0,13.98,8.01,4.31,1.55,27.0
35,2026-04-05,SN379,2026-04-05 10:10:00,2026-04-05 11:03:00,53.0,2026-04-05 11:42:00,2026-04-05 12:19:00,B29 A,161.0,11.87,13.56,6.03,1.63,37.0
35,2026-04-05,SN3800,2026-04-05 06:15:00,2026-04-05 06:16:00,1.0,2026-04-05 06:28:00,2026-04-05 06:30:00,A65 ,27.0,10.26,2.63,4.47,1.86,2.0
35,2026-04-05,TB1552,2026-04-05 07:15:00,2026-04-05 07:08:00,-7.0,2026-04-05 07:38:00,2026-04-05 07:45:00,A61 ,152.0,13.62,11.16,4.49,1.86,7.0
35,2026-04-05,TB2632,2026-04-05 09:29:00,2026-04-05 09:09:00,-20.0,2026-04-05 09:35:00,2026-04-05 09:44:00,B9  A,114.0,13.82,8.25,5.36,1.56,9.0
35,2026-04-05,TB2662,2026-04-05 09:15:00,2026-04-05 09:04:00,-11.0,2026-04-05 09:22:00,2026-04-05 09:30:00,B34 A,90.0,12.73,7.07,5.33,1.94,8.0
35,2026-04-05,TG934,2026-04-05 09:21:00,2026-04-05 09:16:00,-5.0,2026-04-05 09:38:00,2026-04-05 09:58:00,B38 A,249.0,12.51,19.9,6.03,1.93,20.0
35,2026-04-05,UA950,2026-04-05 08:20:00,2026-04-05 08:20:00,0.0,2026-04-05 08:36:00,2026-04-05 09:25:00,B38 A,176.0,14.27,12.33,4.41,2.65,49.0
35,2026-04-05,UA994,2026-04-05 11:51:00,2026-04-05 11:37:00,-14.0,2026-04-05 11:55:00,2026-04-05 12:25:00,B40 A,157.0,11.59,13.54,4.18,2.97,30.0
35,2026-04-05,XR5402,2026-04-05 07:46:00,2026-04-05 08:56:00,70.0,2026-04-05 09:23:00,2026-04-05 09:26:00,B5  A,88.0,15.21,5.79,4.44,1.88,3.0
36,2026-04-05,AC832,2026-04-05 12:18:00,2026-04-05 11:38:00,-40.0,2026-04-05 11:54:00,2026-04-05 12:17:00,B30 A,100.0,11.37,8.79,4.17,2.14,23.0
36,2026-04-05,ET750,2026-04-05 11:13:00,2026-04-05 11:34:00,21.0,2026-04-05 12:17:00,2026-04-05 13:03:00,B17 A,464.0,14.68,31.61,4.74,1.78,46.0
36,2026-04-05,FH8116,2026-04-05 12:44:00,2026-04-05 12:48:00,4.0,2026-04-05 13:06:00,2026-04-05 13:13:00,B38 A,140.0,12.63,11.09,4.7,2.48,7.0
36,2026-04-05,LH1004,2026-04-05 12:50:00,2026-04-05 12:50:00,0.0,2026-04-05 13:03:00,2026-04-05 13:30:00,A43 ,40.0,12.83,3.12,4.58,1.82,27.0
36,2026-04-05,SN1122,2026-04-05 08:39:00,2026-04-05 09:08:00,29.0,2026-04-05 09:20:00,2026-04-05 09:21:00,B40 A,13.0,10.71,1.21,6.94,1.79,1.0
36,2026-04-05,SN1124,2026-04-05 07:10:00,2026-04-05 07:19:00,9.0,2026-04-05 07:32:00,2026-04-05 07:48:00,B30 A,138.0,16.97,8.13,6.6,1.35,16.0
36,2026-04-05,SN206,2026-04-05 06:25:00,2026-04-05 06:48:00,23.0,2026-04-05 07:07:00,2026-04-05 07:30:00,B38 A,154.0,16.46,9.35,6.13,1.9,23.0
36,2026-04-05,SN229,2026-04-05 10:04:00,2026-04-05 10:26:00,22.0,2026-04-05 10:41:00,2026-04-05 11:10:00,B31 A,120.0,15.02,7.99,5.47,1.97,29.0
36,2026-04-05,SN278,2026-04-05 10:45:00,2026-04-05 10:42:00,-3.0,2026-04-05 11:04:00,2026-04-05 11:16:00,B28 A,198.0,14.7,13.47,5.93,1.35,12.0
36,2026-04-05,SN2900,2026-04-05 08:46:00,2026-04-05 08:33:00,-13.0,2026-04-05 08:58:00,2026-04-05 09:02:00,B14 A,79.0,13.47,5.86,5.26,1.27,4.0
36,2026-04-05,SN3326,2026-04-05 11:24:00,2026-04-05 11:41:00,17.0,2026-04-05 12:06:00,2026-04-05 12:12:00,B14 A,111.0,11.24,9.87,4.62,1.44,6.0
36,2026-04-05,SN358,2026-04-05 10:21:00,2026-04-05 11:13:00,52.0,2026-04-05 11:43:00,2026-04-05 12:03:00,B38 A,126.0,12.23,10.3,4.95,2.36,20.0
36,2026-04-05,SN379,2026-04-05 08:11:00,2026-04-05 08:40:00,29.0,2026-04-05 08:59:00,2026-04-05 09:27:00,B28 A,76.0,12.67,6.0,5.07,1.58,28.0
36,2026-04-05,SN3800,2026-04-05 06:15:00,2026-04-05 06:16:00,1.0,2026-04-05 06:28:00,2026-04-05 06:30:00,A65 ,27.0,14.18,1.9,5.49,1.52,2.0
36,2026-04-05,TB1552,2026-04-05 08:29:00,2026-04-05 08:25:00,-4.0,2026-04-05 08:46:00,2026-04-05 08:54:00,A61 ,166.0,11.97,13.87,7.27,1.15,8.0
36,2026-04-05,TB2632,2026-04-05 09:29:00,2026-04-05 09:09:00,-20.0,2026-04-05 09:35:00,2026-04-05 09:44:00,B9  A,114.0,12.53,9.1,4.64,1.79,9.0
36,2026-04-05,TB2662,2026-04-05 09:15:00,2026-04-05 09:04:00,-11.0,2026-04-05 09:22:00,2026-04-05 09:30:00,B34 A,90.0,10.09,8.92,5.82,1.78,8.0
36,2026-04-05,TG934,2026-04-05 09:21:00,2026-04-05 09:16:00,-5.0,2026-04-05 09:38:00,2026-04-05 09:58:00,B38 A,249.0,15.05,16.55,6.4,1.82,20.0
36,2026-04-05,UA950,2026-04-05 10:20:00,2026-04-05 09:58:00,-22.0,2026-04-05 10:24:00,2026-04-05 10:51:00,B40 A,188.0,10.92,17.22,4.85,2.56,27.0
36,2026-04-05,UA994,2026-04-05 12:51:00,2026-04-05 12:35:00,-16.0,2026-04-05 12:54:00,2026-04-05 13:24:00,B38 A,109.0,10.82,10.07,3.88,3.01,30.0
36,2026-04-05,XR5402,2026-04-05 07:46:00,2026-04-05 08:56:00,70.0,2026-04-05 09:23:00,2026-04-05 09:26:00,B5  A,88.0,13.47,6.53,4.68,1.78,3.0
37,2026-04-05,AC832,2026-04-05 10:17:00,2026-04-05 10:43:00,26.0,2026-04-05 11:00:00,2026-04-05 11:34:00,B14 A,172.0,15.83,10.87,4.89,1.36,34.0
37,2026-04-05,ET750,2026-04-05 11:13:00,2026-04-05 11:34:00,21.0,2026-04-05 12:17:00,2026-04-05 13:03:00,B17 A,464.0,12.69,36.56,5.05,1.67,46.0
37,2026-04-05,FH8116,2026-04-05 12:44:00,2026-04-05 12:48:00,4.0,2026-04-05 13:06:00,2026-04-05 13:13:00,B38 A,140.0,10.81,12.95,4.7,2.48,7.0
37,2026-04-05,LH1004,2026-04-05 11:51:00,2026-04-05 11:47:00,-4.0,2026-04-05 12:07:00,2026-04-05 12:12:00,A43 ,23.0,13.85,1.66,5.34,1.56,5.0
37,2026-04-05,SN1122,2026-04-05 08:39:00,2026-04-05 09:08:00,29.0,2026-04-05 09:20:00,2026-04-05 09:21:00,B40 A,13.0,13.82,0.94,5.04,2.46,1.0
37,2026-04-05,SN1124,2026-04-05 07:10:00,2026-04-05 07:19:00,9.0,2026-04-05 07:32:00,2026-04-05 07:48:00,B30 A,138.0,13.0,10.61,4.34,2.06,16.0
37,2026-04-05,SN206,2026-04-05 06:25:00,2026-04-05 06:48:00,23.0,2026-04-05 07:07:00,2026-04-05 07:30:00,B38 A,154.0,13.64,11.29,4.46,2.62,23.0
37,2026-04-05,SN229,2026-04-05 08:06:00,2026-04-05 09:20:00,74.0,2026-04-05 09:41:00,2026-04-05 10:22:00,B14 A,144.0,14.06,10.25,5.12,1.3,41.0
37,2026-04-05,SN278,2026-04-05 10:45:00,2026-04-05 10:42:00,-3.0,2026-04-05 11:04:00,2026-04-05 11:16:00,B28 A,198.0,11.54,17.15,5.16,1.55,12.0
37,2026-04-05,SN2900,2026-04-05 08:46:00,2026-04-05 08:33:00,-13.0,2026-04-05 08:58:00,2026-04-05 09:02:00,B14 A,79.0,13.7,5.76,5.33,1.25,4.0
37,2026-04-05,SN3326,2026-04-05 11:24:00,2026-04-05 11:41:00,17.0,2026-04-05 12:06:00,2026-04-05 12:12:00,B14 A,111.0,9.51,11.67,5.46,1.22,6.0
37,2026-04-05,SN358,2026-04-05 08:21:00,2026-04-05 08:24:00,3.0,2026-04-05 08:42:00,2026-04-05 09:09:00,B14 A,112.0,9.9,11.32,6.5,1.02,27.0
37,2026-04-05,SN379,2026-04-05 08:11:00,2026-04-05 08:40:00,29.0,2026-04-05 08:59:00,2026-04-05 09:27:00,B28 A,76.0,14.98,5.07,5.17,1.55,28.0
37,2026-04-05,SN3800,2026-04-05 06:15:00,2026-04-05 06:16:00,1.0,2026-04-05 06:28:00,2026-04-05 06:30:00,A65 ,27.0,13.21,2.04,5.47,1.52,2.0
37,2026-04-05,TB1552,2026-04-05 07:15:00,2026-04-05 07:08:00,-7.0,2026-04-05 07:38:00,2026-04-05 07:45:00,A61 ,152.0,11.0,13.82,3.51,2.37,7.0
37,2026-04-05,TB2632,2026-04-05 09:29:00,2026-04-05 09:09:00,-20.0,2026-04-05 09:35:00,2026-04-05 09:44:00,B9  A,114.0,11.34,10.06,3.9,2.13,9.0
37,2026-04-05,TB2662,2026-04-05 09:15:00,2026-04-05 09:04:00,-11.0,2026-04-05 09:22:00,2026-04-05 09:30:00,B34 A,90.0,13.9,6.47,6.66,1.55,8.0
37,2026-04-05,TG934,2026-04-05 09:21:00,2026-04-05 09:16:00,-5.0,2026-04-05 09:38:00,2026-04-05 09:58:00,B38 A,249.0,13.42,18.56,5.85,1.99,20.0
37,2026-04-05,UA950,2026-04-05 09:21:00,2026-04-05 08:45:00,-36.0,2026-04-05 09:03:00,2026-04-05 09:29:00,B5  A,163.0,12.66,12.88,5.93,1.41,26.0
37,2026-04-05,UA994,2026-04-05 12:51:00,2026-04-05 12:35:00,-16.0,2026-04-05 12:54:00,2026-04-05 13:24:00,B38 A,109.0,13.81,7.89,5.29,2.21,30.0
37,2026-04-05,XR5402,2026-04-05 07:46:00,2026-04-05 08:56:00,70.0,2026-04-05 09:23:00,2026-04-05 09:26:00,B5  A,88.0,8.06,10.92,4.81,1.73,3.0
38,2026-04-05,AC832,2026-04-05 11:16:00,2026-04-05 10:39:00,-37.0,2026-04-05 10:54:00,2026-04-05 11:24:00,B5  A,101.0,10.5,9.62,4.78,1.74,30.0
38,2026-04-05,ET750,2026-04-05 11:13:00,2026-04-05 11:34:00,21.0,2026-04-05 12:17:00,2026-04-05 13:03:00,B17 A,464.0,13.03,35.62,5.43,1.55,46.0
38,2026-04-05,FH8116,2026-04-05 12:44:00,2026-04-05 12:48:00,4.0,2026-04-05 13:06:00,2026-04-05 13:13:00,B38 A,140.0,15.37,9.11,6.26,1.86,7.0
38,2026-04-05,LH1004,2026-04-05 12:50:00,2026-04-05 12:50:00,0.0,2026-04-05 13:03:00,2026-04-05 13:30:00,A43 ,40.0,12.42,3.22,5.03,1.66,27.0
38,2026-04-05,SN1122,2026-04-05 08:39:00,2026-04-05 09:08:00,29.0,2026-04-05 09:20:00,2026-04-05 09:21:00,B40 A,13.0,12.19,1.07,3.6,3.45,1.0
38,2026-04-05,SN1124,2026-04-05 07:10:00,2026-04-05 07:19:00,9.0,2026-04-05 07:32:00,2026-04-05 07:48:00,B30 A,138.0,13.68,10.09,5.19,1.72,16.0
38,2026-04-05,SN206,2026-04-05 06:25:00,2026-04-05 06:48:00,23.0,2026-04-05 07:07:00,2026-04-05 07:30:00,B38 A,154.0,12.53,12.29,4.39,2.66,23.0
38,2026-04-05,SN229,2026-04-05 10:04:00,2026-04-05 10:26:00,22.0,2026-04-05 10:41:00,2026-04-05 11:10:00,B31 A,120.0,13.33,9.0,5.44,1.98,29.0
38,2026-04-05,SN278,2026-04-05 12:46:00,2026-04-05 12:41:00,-5.0,2026-04-05 13:04:00,2026-04-05 13:33:00,B31 A,62.0,9.95,6.23,5.42,1.98,29.0
38,2026-04-05,SN2900,2026-04-05 07:39:00,2026-04-05 07:25:00,-14.0,2026-04-05 07:38:00,2026-04-05 07:53:00,B38 A,55.0,11.29,4.87,4.24,2.75,15.0
38,2026-04-05,SN3326,2026-04-05 11:24:00,2026-04-05 11:41:00,17.0,2026-04-05 12:06:00,2026-04-05 12:12:00,B14 A,111.0,10.14,10.95,4.87,1.37,6.0
38,2026-04-05,SN358,2026-04-05 08:21:00,2026-04-05 08:24:00,3.0,2026-04-05 08:42:00,2026-04-05 09:09:00,B14 A,112.0,14.11,7.94,4.99,1.34,27.0
38,2026-04-05,SN379,2026-04-05 10:10:00,2026-04-05 11:03:00,53.0,2026-04-05 11:42:00,2026-04-05 12:19:00,B29 A,161.0,12.76,12.62,4.72,2.08,37.0
38,2026-04-05,SN3800,2026-04-05 06:15:00,2026-04-05 06:16:00,1.0,2026-04-05 06:28:00,2026-04-05 06:30:00,A65 ,27.0,10.73,2.52,4.26,1.96,2.0
38,2026-04-05,TB1552,2026-04-05 07:47:00,2026-04-05 07:43:00,-4.0,2026-04-05 07:55:00,2026-04-05 07:59:00,A68 ,66.0,13.82,4.78,4.47,1.86,4.0
38,2026-04-05,TB2632,2026-04-05 09:29:00,2026-04-05 09:09:00,-20.0,2026-04-05 09:35:00,2026-04-05 09:44:00,B9  A,114.0,13.99,8.15,4.63,1.8,9.0
38,2026-04-05,TB2662,2026-04-05 09:15:00,2026-04-05 09:04:00,-11.0,2026-04-05 09:22:00,2026-04-05 09:30:00,B34 A,90.0,11.68,7.7,4.79,2.16,8.0
38,2026-04-05,TG934,2026-04-05 12:22:00,2026-04-05 12:26:00,4.0,2026-04-05 12:46:00,2026-04-05 13:15:00,B34 A,260.0,14.98,17.36,4.31,2.4,29.0
38,2026-04-05,UA950,2026-04-05 08:20:00,2026-04-05 08:20:00,0.0,2026-04-05 08:36:00,2026-04-05 09:25:00,B38 A,176.0,15.52,11.34,4.02,2.91,49.0
38,2026-04-05,UA994,2026-04-05 09:51:00,2026-04-05 11:28:00,97.0,2026-04-05 11:44:00,2026-04-05 12:09:00,B40 A,135.0,10.45,12.92,7.1,1.75,25.0
38,2026-04-05,XR5402,2026-04-05 07:46:00,2026-04-05 08:56:00,70.0,2026-04-05 09:23:00,2026-04-05 09:26:00,B5  A,88.0,13.91,6.33,4.05,2.06,3.0
39,2026-04-05,AC832,2026-04-05 12:18:00,2026-04-05 11:38:00,-40.0,2026-04-05 11:54:00,2026-04-05 12:17:00,B30 A,100.0,11.8,8.48,4.57,1.95,23.0
39,2026-04-05,ET750,2026-04-05 11:13:00,2026-04-05 11:34:00,21.0,2026-04-05 12:17:00,2026-04-05 13:03:00,B17 A,464.0,11.47,40.44,4.32,1.95,46.0
39,2026-04-05,FH8116,2026-04-05 06:35:00,2026-04-05 06:00:00,-35.0,2026-04-05 06:07:00,2026-04-05 06:09:00,B15 A,22.0,14.42,1.53,5.45,1.42,2.0
39,2026-04-05,LH1004,2026-04-05 11:51:00,2026-04-05 11:47:00,-4.0,2026-04-05 12:07:00,2026-04-05 12:12:00,A43 ,23.0,13.38,1.72,7.04,1.18,5.0
39,2026-04-05,SN1122,2026-04-05 08:39:00,2026-04-05 09:08:00,29.0,2026-04-05 09:20:00,2026-04-05 09:21:00,B40 A,13.0,12.84,1.01,4.03,3.08,1.0
39,2026-04-05,SN1124,2026-04-05 07:10:00,2026-04-05 07:19:00,9.0,2026-04-05 07:32:00,2026-04-05 07:48:00,B30 A,138.0,14.77,9.34,5.59,1.59,16.0
39,2026-04-05,SN206,2026-04-05 06:25:00,2026-04-05 06:48:00,23.0,2026-04-05 07:07:00,2026-04-05 07:30:00,B38 A,154.0,13.4,11.5,5.11,2.28,23.0
39,2026-04-05,SN229,2026-04-05 08:06:00,2026-04-05 09:20:00,74.0,2026-04-05 09:41:00,2026-04-05 10:22:00,B14 A,144.0,10.11,14.24,4.75,1.4,41.0
39,2026-04-05,SN278,2026-04-05 10:45:00,2026-04-05 10:42:00,-3.0,2026-04-05 11:04:00,2026-04-05 11:16:00,B28 A,198.0,15.02,13.19,5.23,1.53,12.0
39,2026-04-05,SN2900,2026-04-05 10:44:00,2026-04-05 11:04:00,20.0,2026-04-05 11:13:00,2026-04-05 11:34:00,B32 A,49.0,11.4,4.3,5.56,1.74,21.0
39,2026-04-05,SN3326,2026-04-05 11:24:00,2026-04-05 11:41:00,17.0,2026-04-05 12:06:00,2026-04-05 12:12:00,B14 A,111.0,15.33,7.24,4.92,1.35,6.0
39,2026-04-05,SN358,2026-04-05 11:21:00,2026-04-05 11:29:00,8.0,2026-04-05 11:42:00,2026-04-05 12:06:00,B14 A,177.0,16.66,10.62,5.63,1.18,24.0
39,2026-04-05,SN379,2026-04-05 08:11:00,2026-04-05 08:40:00,29.0,2026-04-05 08:59:00,2026-04-05 09:27:00,B28 A,76.0,16.1,4.72,4.51,1.77,28.0
39,2026-04-05,SN3800,2026-04-05 06:15:00,2026-04-05 06:16:00,1.0,2026-04-05 06:28:00,2026-04-05 06:30:00,A65 ,27.0,16.19,1.67,4.07,2.05,2.0
39,2026-04-05,TB1552,2026-04-05 08:29:00,2026-04-05 08:25:00,-4.0,2026-04-05 08:46:00,2026-04-05 08:54:00,A61 ,166.0,10.23,16.23,5.08,1.64,8.0
39,2026-04-05,TB2632,2026-04-05 09:29:00,2026-04-05 09:09:00,-20.0,2026-04-05 09:35:00,2026-04-05 09:44:00,B9  A,114.0,12.23,9.32,4.48,1.86,9.0
39,2026-04-05,TB2662,2026-04-05 09:15:00,2026-04-05 09:04:00,-11.0,2026-04-05 09:22:00,2026-04-05 09:30:00,B34 A,90.0,12.51,7.19,4.78,2.16,8.0
39,2026-04-05,TG934,2026-04-05 09:21:00,2026-04-05 09:16:00,-5.0,2026-04-05 09:38:00,2026-04-05 09:58:00,B38 A,249.0,14.83,16.8,4.83,2.42,20.0
39,2026-04-05,UA950,2026-04-05 12:20:00,2026-04-05 11:58:00,-22.0,2026-04-05 12:14:00,2026-04-05 12:42:00,B37 A,127.0,14.29,8.89,4.61,2.64,28.0
39,2026-04-05,UA994,2026-04-05 11:51:00,2026-04-05 11:37:00,-14.0,2026-04-05 11:55:00,2026-04-05 12:25:00,B40 A,157.0,13.89,11.3,4.46,2.79,30.0
39,2026-04-05,XR5402,2026-04-05 07:46:00,2026-04-05 08:56:00,70.0,2026-04-05 09:23:00,2026-04-05 09:26:00,B5  A,88.0,14.68,6.0,5.28,1.58,3.0
40,2026-04-05,AC832,2026-04-05 12:18:00,2026-04-05 11:38:00,-40.0,2026-04-05 11:54:00,2026-04-05 12:17:00,B30 A,100.0,10.27,9.74,4.71,1.9,23.0
40,2026-04-05,ET750,2026-04-05 09:11:00,2026-04-05 09:13:00,2.0,2026-04-05 09:42:00,2026-04-05 10:46:00,B40 A,421.0,15.65,26.9,6.58,1.89,64.0
40,2026-04-05,FH8116,2026-04-05 12:44:00,2026-04-05 12:48:00,4.0,2026-04-05 13:06:00,2026-04-05 13:13:00,B38 A,140.0,12.86,10.89,4.72,2.47,7.0
40,2026-04-05,LH1004,2026-04-05 08:50:00,2026-04-05 08:53:00,3.0,2026-04-05 09:06:00,2026-04-05 09:12:00,A43 ,29.0,10.72,2.71,4.8,1.74,6.0
40,2026-04-05,SN1122,2026-04-05 08:39:00,2026-04-05 09:08:00,29.0,2026-04-05 09:20:00,2026-04-05 09:21:00,B40 A,13.0,10.2,1.27,5.48,2.27,1.0
40,2026-04-05,SN1124,2026-04-05 07:10:00,2026-04-05 07:19:00,9.0,2026-04-05 07:32:00,2026-04-05 07:48:00,B30 A,138.0,12.9,10.7,3.9,2.29,16.0
40,2026-04-05,SN206,2026-04-05 06:25:00,2026-04-05 06:48:00,23.0,2026-04-05 07:07:00,2026-04-05 07:30:00,B38 A,154.0,13.14,11.72,5.72,2.04,23.0
40,2026-04-05,SN229,2026-04-05 08:06:00,2026-04-05 09:20:00,74.0,2026-04-05 09:41:00,2026-04-05 10:22:00,B14 A,144.0,10.88,13.24,7.5,0.89,41.0
40,2026-04-05,SN278,2026-04-05 10:45:00,2026-04-05 10:42:00,-3.0,2026-04-05 11:04:00,2026-04-05 11:16:00,B28 A,198.0,10.09,19.63,4.88,1.64,12.0
40,2026-04-05,SN2900,2026-04-05 10:44:00,2026-04-05 11:04:00,20.0,2026-04-05 11:13:00,2026-04-05 11:34:00,B32 A,49.0,12.41,3.95,4.0,2.42,21.0
40,2026-04-05,SN3326,2026-04-05 11:24:00,2026-04-05 11:41:00,17.0,2026-04-05 12:06:00,2026-04-05 12:12:00,B14 A,111.0,14.49,7.66,5.25,1.27,6.0
40,2026-04-05,SN358,2026-04-05 08:21:00,2026-04-05 08:24:00,3.0,2026-04-05 08:42:00,2026-04-05 09:09:00,B14 A,112.0,14.92,7.51,5.11,1.3,27.0
40,2026-04-05,SN379,2026-04-05 10:10:00,2026-04-05 11:03:00,53.0,2026-04-05 11:42:00,2026-04-05 12:19:00,B29 A,161.0,11.63,13.84,3.78,2.6,37.0
40,2026-04-05,SN3800,2026-04-05 06:15:00,2026-04-05 06:16:00,1.0,2026-04-05 06:28:00,2026-04-05 06:30:00,A65 ,27.0,10.7,2.52,5.89,1.41,2.0
40,2026-04-05,TB1552,2026-04-05 10:15:00,2026-04-05 10:31:00,16.0,2026-04-05 10:50:00,2026-04-05 10:59:00,A69 ,164.0,12.06,13.6,4.18,1.99,9.0
40,2026-04-05,TB2632,2026-04-05 09:29:00,2026-04-05 09:09:00,-20.0,2026-04-05 09:35:00,2026-04-05 09:44:00,B9  A,114.0,11.03,10.34,4.44,1.88,9.0
40,2026-04-05,TB2662,2026-04-05 09:15:00,2026-04-05 09:04:00,-11.0,2026-04-05 09:22:00,2026-04-05 09:30:00,B34 A,90.0,14.08,6.39,3.91,2.64,8.0
40,2026-04-05,TG934,2026-04-05 09:21:00,2026-04-05 09:16:00,-5.0,2026-04-05 09:38:00,2026-04-05 09:58:00,B38 A,249.0,14.93,16.68,5.18,2.25,20.0
40,2026-04-05,UA950,2026-04-05 11:22:00,2026-04-05 11:02:00,-20.0,2026-04-05 11:22:00,2026-04-05 11:45:00,B28 A,170.0,14.02,12.13,4.69,1.71,23.0
40,2026-04-05,UA994,2026-04-05 12:51:00,2026-04-05 12:35:00,-16.0,2026-04-05 12:54:00,2026-04-05 13:24:00,B38 A,109.0,11.16,9.77,5.56,2.1,30.0
40,2026-04-05,XR5402,2026-04-05 07:46:00,2026-04-05 08:56:00,70.0,2026-04-05 09:23:00,2026-04-05 09:26:00,B5  A,88.0,11.7,7.52,5.21,1.6,3.0
41,2026-04-05,AC832,2026-04-05 11:16:00,2026-04-05 10:39:00,-37.0,2026-04-05 10:54:00,2026-04-05 11:24:00,B5  A,101.0,11.66,8.66,5.2,1.6,30.0
41,2026-04-05,ET750,2026-04-05 11:13:00,2026-04-05 11:34:00,21.0,2026-04-05 12:17:00,2026-04-05 13:03:00,B17 A,464.0,13.17,35.23,6.3,1.34,46.0
41,2026-04-05,FH8116,2026-04-05 06:35:00,2026-04-05 06:00:00,-35.0,2026-04-05 06:07:00,2026-04-05 06:09:00,B15 A,22.0,11.16,1.97,4.33,1.79,2.0
41,2026-04-05,LH1004,2026-04-05 08:50:00,2026-04-05 08:53:00,3.0,2026-04-05 09:06:00,2026-04-05 09:12:00,A43 ,29.0,11.98,2.42,5.14,1.62,6.0
41,2026-04-05,SN1122,2026-04-05 08:39:00,2026-04-05 09:08:00,29.0,2026-04-05 09:20:00,2026-04-05 09:21:00,B40 A,13.0,16.94,0.77,4.11,3.02,1.0
41,2026-04-05,SN1124,2026-04-05 07:10:00,2026-04-05 07:19:00,9.0,2026-04-05 07:32:00,2026-04-05 07:48:00,B30 A,138.0,13.36,10.33,3.96,2.25,16.0
41,2026-04-05,SN206,2026-04-05 06:25:00,2026-04-05 06:48:00,23.0,2026-04-05 07:07:00,2026-04-05 07:30:00,B38 A,154.0,12.4,12.42,5.06,2.31,23.0
41,2026-04-05,SN229,2026-04-05 12:06:00,2026-04-05 12:12:00,6.0,2026-04-05 12:39:00,2026-04-05 13:03:00,B28 A,20.0,12.79,1.56,5.54,1.45,24.0
41,2026-04-05,SN278,2026-04-05 10:45:00,2026-04-05 10:42:00,-3.0,2026-04-05 11:04:00,2026-04-05 11:16:00,B28 A,198.0,12.5,15.83,6.73,1.19,12.0
41,2026-04-05,SN2900,2026-04-05 07:39:00,2026-04-05 07:25:00,-14.0,2026-04-05 07:38:00,2026-04-05 07:53:00,B38 A,55.0,11.11,4.95,4.93,2.36,15.0
41,2026-04-05,SN3326,2026-04-05 11:24:00,2026-04-05 11:41:00,17.0,2026-04-05 12:06:00,2026-04-05 12:12:00,B14 A,111.0,12.28,9.04,4.33,1.54,6.0
41,2026-04-05,SN358,2026-04-05 12:21:00,2026-04-05 12:23:00,2.0,2026-04-05 12:43:00,2026-04-05 13:14:00,B28 A,176.0,11.27,15.61,5.1,1.57,31.0
41,2026-04-05,SN379,2026-04-05 08:11:00,2026-04-05 08:40:00,29.0,2026-04-05 08:59:00,2026-04-05 09:27:00,B28 A,76.0,11.21,6.78,5.5,1.45,28.0
41,2026-04-05,SN3800,2026-04-05 06:15:00,2026-04-05 06:16:00,1.0,2026-04-05 06:28:00,2026-04-05 06:30:00,A65 ,27.0,10.86,2.49,3.91,2.13,2.0
41,2026-04-05,TB1552,2026-04-05 07:47:00,2026-04-05 07:43:00,-4.0,2026-04-05 07:55:00,2026-04-05 07:59:00,A68 ,66.0,12.77,5.17,5.11,1.63,4.0
41,2026-04-05,TB2632,2026-04-05 09:29:00,2026-04-05 09:09:00,-20.0,2026-04-05 09:35:00,2026-04-05 09:44:00,B9  A,114.0,12.41,9.18,3.81,2.19,9.0
41,2026-04-05,TB2662,2026-04-05 09:15:00,2026-04-05 09:04:00,-11.0,2026-04-05 09:22:00,2026-04-05 09:30:00,B34 A,90.0,11.59,7.76,5.62,1.84,8.0
41,2026-04-05,TG934,2026-04-05 09:21:00,2026-04-05 09:16:00,-5.0,2026-04-05 09:38:00,2026-04-05 09:58:00,B38 A,249.0,13.75,18.11,6.36,1.84,20.0
41,2026-04-05,UA950,2026-04-05 10:20:00,2026-04-05 09:58:00,-22.0,2026-04-05 10:24:00,2026-04-05 10:51:00,B40 A,188.0,10.67,17.62,4.81,2.58,27.0
41,2026-04-05,UA994,2026-04-05 08:51:00,2026-04-05 08:32:00,-19.0,2026-04-05 08:52:00,2026-04-05 09:25:00,B40 A,171.0,10.11,16.92,4.36,2.85,33.0
41,2026-04-05,XR5402,2026-04-05 07:46:00,2026-04-05 08:56:00,70.0,2026-04-05 09:23:00,2026-04-05 09:26:00,B5  A,88.0,11.42,7.7,4.75,1.76,3.0
42,2026-04-05,AC832,2026-04-05 09:18:00,2026-04-05 08:45:00,-33.0,2026-04-05 09:06:00,2026-04-05 09:59:00,B28 A,110.0,12.16,9.05,5.63,1.42,53.0
42,2026-04-05,ET750,2026-04-05 11:13:00,2026-04-05 11:34:00,21.0,2026-04-05 12:17:00,2026-04-05 13:03:00,B17 A,464.0,12.94,35.87,4.83,1.74,46.0
42,2026-04-05,FH8116,2026-04-05 12:44:00,2026-04-05 12:48:00,4.0,2026-04-05 13:06:00,2026-04-05 13:13:00,B38 A,140.0,11.94,11.73,5.5,2.12,7.0
42,2026-04-05,LH1004,2026-04-05 12:50:00,2026-04-05 12:50:00,0.0,2026-04-05 13:03:00,2026-04-05 13:30:00,A43 ,40.0,8.56,4.67,4.56,1.83,27.0
42,2026-04-05,SN1122,2026-04-05 08:39:00,2026-04-05 09:08:00,29.0,2026-04-05 09:20:00,2026-04-05 09:21:00,B40 A,13.0,16.66,0.78,4.22,2.94,1.0
42,2026-04-05,SN1124,2026-04-05 07:10:00,2026-04-05 07:19:00,9.0,2026-04-05 07:32:00,2026-04-05 07:48:00,B30 A,138.0,13.8,10.0,4.7,1.9,16.0
42,2026-04-05,SN206,2026-04-05 06:25:00,2026-04-05 06:48:00,23.0,2026-04-05 07:07:00,2026-04-05 07:30:00,B38 A,154.0,12.51,12.31,4.85,2.4,23.0
42,2026-04-05,SN229,2026-04-05 12:06:00,2026-04-05 12:12:00,6.0,2026-04-05 12:39:00,2026-04-05 13:03:00,B28 A,20.0,14.21,1.41,4.65,1.72,24.0
42,2026-04-05,SN278,2026-04-05 08:43:00,2026-04-05 08:27:00,-16.0,2026-04-05 08:40:00,2026-04-05 09:10:00,B37 A,123.0,12.06,10.2,4.65,2.62,30.0
42,2026-04-05,SN2900,2026-04-05 08:46:00,2026-04-05 08:33:00,-13.0,2026-04-05 08:58:00,2026-04-05 09:02:00,B14 A,79.0,10.69,7.39,5.45,1.22,4.0
42,2026-04-05,SN3326,2026-04-05 11:24:00,2026-04-05 11:41:00,17.0,2026-04-05 12:06:00,2026-04-05 12:12:00,B14 A,111.0,13.59,8.17,5.07,1.31,6.0
42,2026-04-05,SN358,2026-04-05 11:21:00,2026-04-05 11:29:00,8.0,2026-04-05 11:42:00,2026-04-05 12:06:00,B14 A,177.0,15.24,11.61,5.09,1.31,24.0
42,2026-04-05,SN379,2026-04-05 08:11:00,2026-04-05 08:40:00,29.0,2026-04-05 08:59:00,2026-04-05 09:27:00,B28 A,76.0,9.53,7.98,4.4,1.82,28.0
42,2026-04-05,SN3800,2026-04-05 06:15:00,2026-04-05 06:16:00,1.0,2026-04-05 06:28:00,2026-04-05 06:30:00,A65 ,27.0,11.9,2.27,4.36,1.91,2.0
42,2026-04-05,TB1552,2026-04-05 10:15:00,2026-04-05 10:31:00,16.0,2026-04-05 10:50:00,2026-04-05 10:59:00,A69 ,164.0,12.3,13.33,6.13,1.36,9.0
42,2026-04-05,TB2632,2026-04-05 09:29:00,2026-04-05 09:09:00,-20.0,2026-04-05 09:35:00,2026-04-05 09:44:00,B9  A,114.0,12.88,8.85,4.25,1.96,9.0
42,2026-04-05,TB2662,2026-04-05 09:15:00,2026-04-05 09:04:00,-11.0,2026-04-05 09:22:00,2026-04-05 09:30:00,B34 A,90.0,14.08,6.39,4.28,2.41,8.0
42,2026-04-05,TG934,2026-04-05 09:21:00,2026-04-05 09:16:00,-5.0,2026-04-05 09:38:00,2026-04-05 09:58:00,B38 A,249.0,15.09,16.5,4.65,2.51,20.0
42,2026-04-05,UA950,2026-04-05 11:22:00,2026-04-05 11:02:00,-20.0,2026-04-05 11:22:00,2026-04-05 11:45:00,B28 A,170.0,9.75,17.43,4.33,1.85,23.0
42,2026-04-05,UA994,2026-04-05 11:51:00,2026-04-05 11:37:00,-14.0,2026-04-05 11:55:00,2026-04-05 12:25:00,B40 A,157.0,15.65,10.03,4.47,2.78,30.0
42,2026-04-05,XR5402,2026-04-05 07:46:00,2026-04-05 08:56:00,70.0,2026-04-05 09:23:00,2026-04-05 09:26:00,B5  A,88.0,13.32,6.61,5.76,1.45,3.0
43,2026-04-05,AC832,2026-04-05 09:18:00,2026-04-05 08:45:00,-33.0,2026-04-05 09:06:00,2026-04-05 09:59:00,B28 A,110.0,13.99,7.87,4.72,1.69,53.0
43,2026-04-05,ET750,2026-04-05 11:13:00,2026-04-05 11:34:00,21.0,2026-04-05 12:17:00,2026-04-05 13:03:00,B17 A,464.0,13.13,35.35,5.52,1.52,46.0
43,2026-04-05,FH8116,2026-04-05 12:44:00,2026-04-05 12:48:00,4.0,2026-04-05 13:06:00,2026-04-05 13:13:00,B38 A,140.0,13.48,10.39,4.27,2.73,7.0
43,2026-04-05,LH1004,2026-04-05 08:50:00,2026-04-05 08:53:00,3.0,2026-04-05 09:06:00,2026-04-05 09:12:00,A43 ,29.0,15.77,1.84,4.87,1.71,6.0
43,2026-04-05,SN1122,2026-04-05 08:39:00,2026-04-05 09:08:00,29.0,2026-04-05 09:20:00,2026-04-05 09:21:00,B40 A,13.0,11.64,1.12,4.83,2.57,1.0
43,2026-04-05,SN1124,2026-04-05 07:10:00,2026-04-05 07:19:00,9.0,2026-04-05 07:32:00,2026-04-05 07:48:00,B30 A,138.0,13.77,10.02,4.76,1.87,16.0
43,2026-04-05,SN206,2026-04-05 06:25:00,2026-04-05 06:48:00,23.0,2026-04-05 07:07:00,2026-04-05 07:30:00,B38 A,154.0,11.54,13.35,4.46,2.62,23.0
43,2026-04-05,SN229,2026-04-05 08:06:00,2026-04-05 09:20:00,74.0,2026-04-05 09:41:00,2026-04-05 10:22:00,B14 A,144.0,12.35,11.66,4.66,1.43,41.0
43,2026-04-05,SN278,2026-04-05 12:46:00,2026-04-05 12:41:00,-5.0,2026-04-05 13:04:00,2026-04-05 13:33:00,B31 A,62.0,13.35,4.64,4.73,2.28,29.0
43,2026-04-05,SN2900,2026-04-05 10:44:00,2026-04-05 11:04:00,20.0,2026-04-05 11:13:00,2026-04-05 11:34:00,B32 A,49.0,9.48,5.17,4.91,1.97,21.0
43,2026-04-05,SN3326,2026-04-05 07:45:00,2026-04-05 08:05:00,20.0,2026-04-05 08:16:00,2026-04-05 08:36:00,B28 A,123.0,12.84,9.58,5.64,1.42,20.0
43,2026-04-05,SN358,2026-04-05 12:21:00,2026-04-05 12:23:00,2.0,2026-04-05 12:43:00,2026-04-05 13:14:00,B28 A,176.0,15.48,11.37,5.14,1.56,31.0
43,2026-04-05,SN379,2026-04-05 10:10:00,2026-04-05 11:03:00,53.0,2026-04-05 11:42:00,2026-04-05 12:19:00,B29 A,161.0,11.43,14.08,4.96,1.98,37.0
43,2026-04-05,SN3800,2026-04-05 06:15:00,2026-04-05 06:16:00,1.0,2026-04-05 06:28:00,2026-04-05 06:30:00,A65 ,27.0,11.62,2.32,5.2,1.6,2.0
43,2026-04-05,TB1552,2026-04-05 10:15:00,2026-04-05 10:31:00,16.0,2026-04-05 10:50:00,2026-04-05 10:59:00,A69 ,164.0,14.74,11.13,5.65,1.48,9.0
43,2026-04-05,TB2632,2026-04-05 09:29:00,2026-04-05 09:09:00,-20.0,2026-04-05 09:35:00,2026-04-05 09:44:00,B9  A,114.0,12.51,9.11,5.3,1.57,9.0
43,2026-04-05,TB2662,2026-04-05 09:15:00,2026-04-05 09:04:00,-11.0,2026-04-05 09:22:00,2026-04-05 09:30:00,B34 A,90.0,9.53,9.45,5.53,1.87,8.0
43,2026-04-05,TG934,2026-04-05 09:21:00,2026-04-05 09:16:00,-5.0,2026-04-05 09:38:00,2026-04-05 09:58:00,B38 A,249.0,15.35,16.23,3.84,3.04,20.0
43,2026-04-05,UA950,2026-04-05 09:21:00,2026-04-05 08:45:00,-36.0,2026-04-05 09:03:00,2026-04-05 09:29:00,B5  A,163.0,15.49,10.52,4.31,1.93,26.0
43,2026-04-05,UA994,2026-04-05 11:51:00,2026-04-05 11:37:00,-14.0,2026-04-05 11:55:00,2026-04-05 12:25:00,B40 A,157.0,12.49,12.57,5.29,2.35,30.0
43,2026-04-05,XR5402,2026-04-05 07:46:00,2026-04-05 08:56:00,70.0,2026-04-05 09:23:00,2026-04-05 09:26:00,B5  A,88.0,11.75,7.49,4.51,1.85,3.0
44,2026-04-05,AC832,2026-04-05 12:18:00,2026-04-05 11:38:00,-40.0,2026-04-05 11:54:00,2026-04-05 12:17:00,B30 A,100.0,12.58,7.95,4.39,2.03,23.0
44,2026-04-05,ET750,2026-04-05 11:13:00,2026-04-05 11:34:00,21.0,2026-04-05 12:17:00,2026-04-05 13:03:00,B17 A,464.0,13.64,34.01,5.16,1.63,46.0
44,2026-04-05,FH8116,2026-04-05 12:44:00,2026-04-05 12:48:00,4.0,2026-04-05 13:06:00,2026-04-05 13:13:00,B38 A,140.0,13.23,10.58,4.08,2.86,7.0
44,2026-04-05,LH1004,2026-04-05 09:50:00,2026-04-05 09:53:00,3.0,2026-04-05 10:20:00,2026-04-05 10:27:00,A43 ,33.0,12.94,2.55,6.15,1.36,7.0
44,2026-04-05,SN1122,2026-04-05 08:39:00,2026-04-05 09:08:00,29.0,2026-04-05 09:20:00,2026-04-05 09:21:00,B40 A,13.0,16.82,0.77,4.61,2.69,1.0
44,2026-04-05,SN1124,2026-04-05 07:10:00,2026-04-05 07:19:00,9.0,2026-04-05 07:32:00,2026-04-05 07:48:00,B30 A,138.0,16.17,8.53,3.44,2.59,16.0
44,2026-04-05,SN206,2026-04-05 06:25:00,2026-04-05 06:48:00,23.0,2026-04-05 07:07:00,2026-04-05 07:30:00,B38 A,154.0,12.85,11.99,5.53,2.11,23.0
44,2026-04-05,SN229,2026-04-05 10:04:00,2026-04-05 10:26:00,22.0,2026-04-05 10:41:00,2026-04-05 11:10:00,B31 A,120.0,11.99,10.01,3.76,2.86,29.0
44,2026-04-05,SN278,2026-04-05 12:46:00,2026-04-05 12:41:00,-5.0,2026-04-05 13:04:00,2026-04-05 13:33:00,B31 A,62.0,12.91,4.8,4.95,2.17,29.0
44,2026-04-05,SN2900,2026-04-05 07:39:00,2026-04-05 07:25:00,-14.0,2026-04-05 07:38:00,2026-04-05 07:53:00,B38 A,55.0,8.42,6.53,6.56,1.78,15.0
44,2026-04-05,SN3326,2026-04-05 11:24:00,2026-04-05 11:41:00,17.0,2026-04-05 12:06:00,2026-04-05 12:12:00,B14 A,111.0,10.86,10.22,5.28,1.26,6.0
44,2026-04-05,SN358,2026-04-05 10:21:00,2026-04-05 11:13:00,52.0,2026-04-05 11:43:00,2026-04-05 12:03:00,B38 A,126.0,11.44,11.01,4.2,2.78,20.0
44,2026-04-05,SN379,2026-04-05 10:10:00,2026-04-05 11:03:00,53.0,2026-04-05 11:42:00,2026-04-05 12:19:00,B29 A,161.0,10.7,15.05,4.27,2.3,37.0
44,2026-04-05,SN3800,2026-04-05 06:15:00,2026-04-05 06:16:00,1.0,2026-04-05 06:28:00,2026-04-05 06:30:00,A65 ,27.0,10.85,2.49,3.74,2.23,2.0
44,2026-04-05,TB1552,2026-04-05 07:47:00,2026-04-05 07:43:00,-4.0,2026-04-05 07:55:00,2026-04-05 07:59:00,A68 ,66.0,12.89,5.12,5.04,1.65,4.0
44,2026-04-05,TB2632,2026-04-05 09:29:00,2026-04-05 09:09:00,-20.0,2026-04-05 09:35:00,2026-04-05 09:44:00,B9  A,114.0,11.89,9.59,3.42,2.44,9.0
44,2026-04-05,TB2662,2026-04-05 09:15:00,2026-04-05 09:04:00,-11.0,2026-04-05 09:22:00,2026-04-05 09:30:00,B34 A,90.0,12.08,7.45,4.3,2.4,8.0
44,2026-04-05,TG934,2026-04-05 09:21:00,2026-04-05 09:16:00,-5.0,2026-04-05 09:38:00,2026-04-05 09:58:00,B38 A,249.0,15.11,16.48,5.76,2.02,20.0
44,2026-04-05,UA950,2026-04-05 11:22:00,2026-04-05 11:02:00,-20.0,2026-04-05 11:22:00,2026-04-05 11:45:00,B28 A,170.0,14.76,11.52,5.71,1.4,23.0
44,2026-04-05,UA994,2026-04-05 11:51:00,2026-04-05 11:37:00,-14.0,2026-04-05 11:55:00,2026-04-05 12:25:00,B40 A,157.0,13.84,11.35,4.87,2.55,30.0
44,2026-04-05,XR5402,2026-04-05 07:46:00,2026-04-05 08:56:00,70.0,2026-04-05 09:23:00,2026-04-05 09:26:00,B5  A,88.0,10.09,8.73,5.5,1.52,3.0
45,2026-04-05,AC832,2026-04-05 09:18:00,2026-04-05 08:45:00,-33.0,2026-04-05 09:06:00,2026-04-05 09:59:00,B28 A,110.0,11.6,9.48,6.5,1.23,53.0
45,2026-04-05,ET750,2026-04-05 11:13:00,2026-04-05 11:34:00,21.0,2026-04-05 12:17:00,2026-04-05 13:03:00,B17 A,464.0,14.14,32.82,5.34,1.58,46.0
45,2026-04-05,FH8116,2026-04-05 12:44:00,2026-04-05 12:48:00,4.0,2026-04-05 13:06:00,2026-04-05 13:13:00,B38 A,140.0,10.71,13.08,4.33,2.7,7.0
45,2026-04-05,LH1004,2026-04-05 12:50:00,2026-04-05 12:50:00,0.0,2026-04-05 13:03:00,2026-04-05 13:30:00,A43 ,40.0,8.48,4.72,5.6,1.49,27.0
45,2026-04-05,SN1122,2026-04-05 08:39:00,2026-04-05 09:08:00,29.0,2026-04-05 09:20:00,2026-04-05 09:21:00,B40 A,13.0,15.96,0.81,3.28,3.79,1.0
45,2026-04-05,SN1124,2026-04-05 07:10:00,2026-04-05 07:19:00,9.0,2026-04-05 07:32:00,2026-04-05 07:48:00,B30 A,138.0,13.23,10.43,4.68,1.91,16.0
45,2026-04-05,SN206,2026-04-05 06:25:00,2026-04-05 06:48:00,23.0,2026-04-05 07:07:00,2026-04-05 07:30:00,B38 A,154.0,12.49,12.33,6.02,1.94,23.0
45,2026-04-05,SN229,2026-04-05 08:06:00,2026-04-05 09:20:00,74.0,2026-04-05 09:41:00,2026-04-05 10:22:00,B14 A,144.0,12.77,11.27,4.03,1.66,41.0
45,2026-04-05,SN278,2026-04-05 12:46:00,2026-04-05 12:41:00,-5.0,2026-04-05 13:04:00,2026-04-05 13:33:00,B31 A,62.0,11.92,5.2,5.34,2.01,29.0
45,2026-04-05,SN2900,2026-04-05 07:39:00,2026-04-05 07:25:00,-14.0,2026-04-05 07:38:00,2026-04-05 07:53:00,B38 A,55.0,14.04,3.92,4.96,2.35,15.0
45,2026-04-05,SN3326,2026-04-05 11:24:00,2026-04-05 11:41:00,17.0,2026-04-05 12:06:00,2026-04-05 12:12:00,B14 A,111.0,12.58,8.82,4.96,1.34,6.0
45,2026-04-05,SN358,2026-04-05 12:21:00,2026-04-05 12:23:00,2.0,2026-04-05 12:43:00,2026-04-05 13:14:00,B28 A,176.0,11.05,15.93,5.13,1.56,31.0
45,2026-04-05,SN379,2026-04-05 08:11:00,2026-04-05 08:40:00,29.0,2026-04-05 08:59:00,2026-04-05 09:27:00,B28 A,76.0,12.28,6.19,5.85,1.37,28.0
45,2026-04-05,SN3800,2026-04-05 06:15:00,2026-04-05 06:16:00,1.0,2026-04-05 06:28:00,2026-04-05 06:30:00,A65 ,27.0,12.46,2.17,5.09,1.64,2.0
45,2026-04-05,TB1552,2026-04-05 07:15:00,2026-04-05 07:08:00,-7.0,2026-04-05 07:38:00,2026-04-05 07:45:00,A61 ,152.0,13.98,10.87,5.26,1.58,7.0
45,2026-04-05,TB2632,2026-04-05 09:29:00,2026-04-05 09:09:00,-20.0,2026-04-05 09:35:00,2026-04-05 09:44:00,B9  A,114.0,13.53,8.42,4.34,1.92,9.0
45,2026-04-05,TB2662,2026-04-05 09:15:00,2026-04-05 09:04:00,-11.0,2026-04-05 09:22:00,2026-04-05 09:30:00,B34 A,90.0,11.73,7.67,5.47,1.89,8.0
45,2026-04-05,TG934,2026-04-05 09:21:00,2026-04-05 09:16:00,-5.0,2026-04-05 09:38:00,2026-04-05 09:58:00,B38 A,249.0,14.41,17.28,4.4,2.65,20.0
45,2026-04-05,UA950,2026-04-05 09:21:00,2026-04-05 08:45:00,-36.0,2026-04-05 09:03:00,2026-04-05 09:29:00,B5  A,163.0,13.84,11.78,4.39,1.9,26.0
45,2026-04-05,UA994,2026-04-05 08:51:00,2026-04-05 08:32:00,-19.0,2026-04-05 08:52:00,2026-04-05 09:25:00,B40 A,171.0,11.83,14.45,5.48,2.27,33.0
45,2026-04-05,XR5402,2026-04-05 07:46:00,2026-04-05 08:56:00,70.0,2026-04-05 09:23:00,2026-04-05 09:26:00,B5  A,88.0,15.44,5.7,5.39,1.55,3.0
46,2026-04-05,AC832,2026-04-05 11:16:00,2026-04-05 10:39:00,-37.0,2026-04-05 10:54:00,2026-04-05 11:24:00,B5  A,101.0,12.74,7.93,4.79,1.74,30.0
46,2026-04-05,ET750,2026-04-05 11:13:00,2026-04-05 11:34:00,21.0,2026-04-05 12:17:00,2026-04-05 13:03:00,B17 A,464.0,13.6,34.13,4.67,1.8,46.0
46,2026-04-05,FH8116,2026-04-05 12:44:00,2026-04-05 12:48:00,4.0,2026-04-05 13:06:00,2026-04-05 13:13:00,B38 A,140.0,10.36,13.52,4.31,2.71,7.0
46,2026-04-05,LH1004,2026-04-05 11:51:00,2026-04-05 11:47:00,-4.0,2026-04-05 12:07:00,2026-04-05 12:12:00,A43 ,23.0,13.31,1.73,5.63,1.48,5.0
46,2026-04-05,SN1122,2026-04-05 08:39:00,2026-04-05 09:08:00,29.0,2026-04-05 09:20:00,2026-04-05 09:21:00,B40 A,13.0,10.61,1.23,4.85,2.56,1.0
46,2026-04-05,SN1124,2026-04-05 07:10:00,2026-04-05 07:19:00,9.0,2026-04-05 07:32:00,2026-04-05 07:48:00,B30 A,138.0,12.26,11.25,5.14,1.73,16.0
46,2026-04-05,SN206,2026-04-05 06:25:00,2026-04-05 06:48:00,23.0,2026-04-05 07:07:00,2026-04-05 07:30:00,B38 A,154.0,11.47,13.42,4.19,2.78,23.0
46,2026-04-05,SN229,2026-04-05 12:06:00,2026-04-05 12:12:00,6.0,2026-04-05 12:39:00,2026-04-05 13:03:00,B28 A,20.0,9.43,2.12,3.64,2.2,24.0
46,2026-04-05,SN278,2026-04-05 12:46:00,2026-04-05 12:41:00,-5.0,2026-04-05 13:04:00,2026-04-05 13:33:00,B31 A,62.0,12.17,5.1,4.29,2.51,29.0
46,2026-04-05,SN2900,2026-04-05 10:44:00,2026-04-05 11:04:00,20.0,2026-04-05 11:13:00,2026-04-05 11:34:00,B32 A,49.0,11.01,4.45,5.35,1.81,21.0
46,2026-04-05,SN3326,2026-04-05 07:45:00,2026-04-05 08:05:00,20.0,2026-04-05 08:16:00,2026-04-05 08:36:00,B28 A,123.0,13.96,8.81,5.44,1.47,20.0
46,2026-04-05,SN358,2026-04-05 12:21:00,2026-04-05 12:23:00,2.0,2026-04-05 12:43:00,2026-04-05 13:14:00,B28 A,176.0,11.9,14.8,5.46,1.46,31.0
46,2026-04-05,SN379,2026-04-05 08:11:00,2026-04-05 08:40:00,29.0,2026-04-05 08:59:00,2026-04-05 09:27:00,B28 A,76.0,10.2,7.45,6.17,1.3,28.0
46,2026-04-05,SN3800,2026-04-05 06:15:00,2026-04-05 06:16:00,1.0,2026-04-05 06:28:00,2026-04-05 06:30:00,A65 ,27.0,10.42,2.59,4.41,1.89,2.0
46,2026-04-05,TB1552,2026-04-05 07:15:00,2026-04-05 07:08:00,-7.0,2026-04-05 07:38:00,2026-04-05 07:45:00,A61 ,152.0,9.56,15.89,5.65,1.47,7.0
46,2026-04-05,TB2632,2026-04-05 09:29:00,2026-04-05 09:09:00,-20.0,2026-04-05 09:35:00,2026-04-05 09:44:00,B9  A,114.0,11.36,10.04,5.12,1.63,9.0
46,2026-04-05,TB2662,2026-04-05 09:15:00,2026-04-05 09:04:00,-11.0,2026-04-05 09:22:00,2026-04-05 09:30:00,B34 A,90.0,12.89,6.98,5.95,1.74,8.0
46,2026-04-05,TG934,2026-04-05 09:21:00,2026-04-05 09:16:00,-5.0,2026-04-05 09:38:00,2026-04-05 09:58:00,B38 A,249.0,13.87,17.96,4.33,2.7,20.0
46,2026-04-05,UA950,2026-04-05 10:20:00,2026-04-05 09:58:00,-22.0,2026-04-05 10:24:00,2026-04-05 10:51:00,B40 A,188.0,14.44,13.02,4.27,2.91,27.0
46,2026-04-05,UA994,2026-04-05 09:51:00,2026-04-05 11:28:00,97.0,2026-04-05 11:44:00,2026-04-05 12:09:00,B40 A,135.0,14.15,9.54,4.01,3.1,25.0
46,2026-04-05,XR5402,2026-04-05 07:46:00,2026-04-05 08:56:00,70.0,2026-04-05 09:23:00,2026-04-05 09:26:00,B5  A,88.0,12.39,7.1,4.99,1.67,3.0
47,2026-04-05,AC832,2026-04-05 09:18:00,2026-04-05 08:45:00,-33.0,2026-04-05 09:06:00,2026-04-05 09:59:00,B28 A,110.0,13.16,8.36,4.21,1.9,53.0
47,2026-04-05,ET750,2026-04-05 11:13:00,2026-04-05 11:34:00,21.0,2026-04-05 12:17:00,2026-04-05 13:03:00,B17 A,464.0,11.78,39.39,5.38,1.56,46.0
47,2026-04-05,FH8116,2026-04-05 12:44:00,2026-04-05 12:48:00,4.0,2026-04-05 13:06:00,2026-04-05 13:13:00,B38 A,140.0,13.31,10.52,4.87,2.4,7.0
47,2026-04-05,LH1004,2026-04-05 09:50:00,2026-04-05 09:53:00,3.0,2026-04-05 10:20:00,2026-04-05 10:27:00,A43 ,33.0,11.98,2.75,4.05,2.06,7.0
47,2026-04-05,SN1122,2026-04-05 08:39:00,2026-04-05 09:08:00,29.0,2026-04-05 09:20:00,2026-04-05 09:21:00,B40 A,13.0,11.06,1.18,6.34,1.96,1.0
47,2026-04-05,SN1124,2026-04-05 07:10:00,2026-04-05 07:19:00,9.0,2026-04-05 07:32:00,2026-04-05 07:48:00,B30 A,138.0,13.48,10.24,5.96,1.5,16.0
47,2026-04-05,SN206,2026-04-05 06:25:00,2026-04-05 06:48:00,23.0,2026-04-05 07:07:00,2026-04-05 07:30:00,B38 A,154.0,9.89,15.57,3.99,2.92,23.0
47,2026-04-05,SN229,2026-04-05 08:06:00,2026-04-05 09:20:00,74.0,2026-04-05 09:41:00,2026-04-05 10:22:00,B14 A,144.0,9.6,15.0,6.04,1.1,41.0
47,2026-04-05,SN278,2026-04-05 12:46:00,2026-04-05 12:41:00,-5.0,2026-04-05 13:04:00,2026-04-05 13:33:00,B31 A,62.0,13.4,4.63,5.28,2.04,29.0
47,2026-04-05,SN2900,2026-04-05 07:39:00,2026-04-05 07:25:00,-14.0,2026-04-05 07:38:00,2026-04-05 07:53:00,B38 A,55.0,14.01,3.93,4.68,2.49,15.0
47,2026-04-05,SN3326,2026-04-05 07:45:00,2026-04-05 08:05:00,20.0,2026-04-05 08:16:00,2026-04-05 08:36:00,B28 A,123.0,14.48,8.49,4.07,1.96,20.0
47,2026-04-05,SN358,2026-04-05 12:21:00,2026-04-05 12:23:00,2.0,2026-04-05 12:43:00,2026-04-05 13:14:00,B28 A,176.0,13.37,13.17,4.69,1.7,31.0
47,2026-04-05,SN379,2026-04-05 08:11:00,2026-04-05 08:40:00,29.0,2026-04-05 08:59:00,2026-04-05 09:27:00,B28 A,76.0,12.17,6.25,5.34,1.5,28.0
47,2026-04-05,SN3800,2026-04-05 06:15:00,2026-04-05 06:16:00,1.0,2026-04-05 06:28:00,2026-04-05 06:30:00,A65 ,27.0,10.05,2.69,3.9,2.14,2.0
47,2026-04-05,TB1552,2026-04-05 10:15:00,2026-04-05 10:31:00,16.0,2026-04-05 10:50:00,2026-04-05 10:59:00,A69 ,164.0,11.51,14.25,4.77,1.75,9.0
47,2026-04-05,TB2632,2026-04-05 09:29:00,2026-04-05 09:09:00,-20.0,2026-04-05 09:35:00,2026-04-05 09:44:00,B9  A,114.0,13.5,8.45,3.95,2.11,9.0
47,2026-04-05,TB2662,2026-04-05 09:15:00,2026-04-05 09:04:00,-11.0,2026-04-05 09:22:00,2026-04-05 09:30:00,B34 A,90.0,15.16,5.94,5.26,1.97,8.0
47,2026-04-05,TG934,2026-04-05 12:22:00,2026-04-05 12:26:00,4.0,2026-04-05 12:46:00,2026-04-05 13:15:00,B34 A,260.0,16.22,16.03,4.17,2.48,29.0
47,2026-04-05,UA950,2026-04-05 10:20:00,2026-04-05 09:58:00,-22.0,2026-04-05 10:24:00,2026-04-05 10:51:00,B40 A,188.0,11.9,15.8,5.63,2.2,27.0
47,2026-04-05,UA994,2026-04-05 11:51:00,2026-04-05 11:37:00,-14.0,2026-04-05 11:55:00,2026-04-05 12:25:00,B40 A,157.0,16.35,9.6,4.65,2.67,30.0
47,2026-04-05,XR5402,2026-04-05 07:46:00,2026-04-05 08:56:00,70.0,2026-04-05 09:23:00,2026-04-05 09:26:00,B5  A,88.0,10.15,8.67,5.47,1.52,3.0
48,2026-04-05,AC832,2026-04-05 08:17:00,2026-04-05 07:46:00,-31.0,2026-04-05 08:02:00,2026-04-05 08:29:00,B30 A,122.0,15.65,7.79,5.56,1.6,27.0
48,2026-04-05,ET750,2026-04-05 11:13:00,2026-04-05 11:34:00,21.0,2026-04-05 12:17:00,2026-04-05 13:03:00,B17 A,464.0,12.48,37.18,5.89,1.43,46.0
48,2026-04-05,FH8116,2026-04-05 06:35:00,2026-04-05 06:00:00,-35.0,2026-04-05 06:07:00,2026-04-05 06:09:00,B15 A,22.0,11.2,1.96,6.23,1.24,2.0
48,2026-04-05,LH1004,2026-04-05 11:51:00,2026-04-05 11:47:00,-4.0,2026-04-05 12:07:00,2026-04-05 12:12:00,A43 ,23.0,10.53,2.18,5.74,1.45,5.0
48,2026-04-05,SN1122,2026-04-05 08:39:00,2026-04-05 09:08:00,29.0,2026-04-05 09:20:00,2026-04-05 09:21:00,B40 A,13.0,13.03,1.0,4.43,2.8,1.0
48,2026-04-05,SN1124,2026-04-05 07:10:00,2026-04-05 07:19:00,9.0,2026-04-05 07:32:00,2026-04-05 07:48:00,B30 A,138.0,13.37,10.32,3.99,2.23,16.0
48,2026-04-05,SN206,2026-04-05 06:25:00,2026-04-05 06:48:00,23.0,2026-04-05 07:07:00,2026-04-05 07:30:00,B38 A,154.0,11.66,13.21,5.28,2.21,23.0
48,2026-04-05,SN229,2026-04-05 08:06:00,2026-04-05 09:20:00,74.0,2026-04-05 09:41:00,2026-04-05 10:22:00,B14 A,144.0,12.85,11.21,4.25,1.57,41.0
48,2026-04-05,SN278,2026-04-05 12:46:00,2026-04-05 12:41:00,-5.0,2026-04-05 13:04:00,2026-04-05 13:33:00,B31 A,62.0,13.89,4.46,5.02,2.14,29.0
48,2026-04-05,SN2900,2026-04-05 08:46:00,2026-04-05 08:33:00,-13.0,2026-04-05 08:58:00,2026-04-05 09:02:00,B14 A,79.0,10.96,7.21,5.71,1.17,4.0
48,2026-04-05,SN3326,2026-04-05 11:24:00,2026-04-05 11:41:00,17.0,2026-04-05 12:06:00,2026-04-05 12:12:00,B14 A,111.0,9.41,11.79,5.81,1.15,6.0
48,2026-04-05,SN358,2026-04-05 11:21:00,2026-04-05 11:29:00,8.0,2026-04-05 11:42:00,2026-04-05 12:06:00,B14 A,177.0,15.78,11.22,5.08,1.31,24.0
48,2026-04-05,SN379,2026-04-05 10:10:00,2026-04-05 11:03:00,53.0,2026-04-05 11:42:00,2026-04-05 12:19:00,B29 A,161.0,11.82,13.62,4.6,2.14,37.0
48,2026-04-05,SN3800,2026-04-05 06:15:00,2026-04-05 06:16:00,1.0,2026-04-05 06:28:00,2026-04-05 06:30:00,A65 ,27.0,9.62,2.81,5.68,1.47,2.0
48,2026-04-05,TB1552,2026-04-05 10:15:00,2026-04-05 10:31:00,16.0,2026-04-05 10:50:00,2026-04-05 10:59:00,A69 ,164.0,11.66,14.07,6.03,1.38,9.0
48,2026-04-05,TB2632,2026-04-05 09:29:00,2026-04-05 09:09:00,-20.0,2026-04-05 09:35:00,2026-04-05 09:44:00,B9  A,114.0,13.33,8.55,3.81,2.19,9.0
48,2026-04-05,TB2662,2026-04-05 09:15:00,2026-04-05 09:04:00,-11.0,2026-04-05 09:22:00,2026-04-05 09:30:00,B34 A,90.0,12.31,7.31,3.9,2.65,8.0
48,2026-04-05,TG934,2026-04-05 09:21:00,2026-04-05 09:16:00,-5.0,2026-04-05 09:38:00,2026-04-05 09:58:00,B38 A,249.0,13.62,18.29,4.23,2.76,20.0
48,2026-04-05,UA950,2026-04-05 11:22:00,2026-04-05 11:02:00,-20.0,2026-04-05 11:22:00,2026-04-05 11:45:00,B28 A,170.0,12.74,13.34,5.56,1.44,23.0
48,2026-04-05,UA994,2026-04-05 08:51:00,2026-04-05 08:32:00,-19.0,2026-04-05 08:52:00,2026-04-05 09:25:00,B40 A,171.0,13.54,12.63,4.31,2.88,33.0
48,2026-04-05,XR5402,2026-04-05 07:46:00,2026-04-05 08:56:00,70.0,2026-04-05 09:23:00,2026-04-05 09:26:00,B5  A,88.0,10.86,8.11,3.79,2.2,3.0
49,2026-04-05,AC832,2026-04-05 12:18:00,2026-04-05 11:38:00,-40.0,2026-04-05 11:54:00,2026-04-05 12:17:00,B30 A,100.0,14.49,6.9,5.28,1.69,23.0
49,2026-04-05,ET750,2026-04-05 11:13:00,2026-04-05 11:34:00,21.0,2026-04-05 12:17:00,2026-04-05 13:03:00,B17 A,464.0,14.26,32.53,4.54,1.85,46.0
49,2026-04-05,FH8116,2026-04-05 06:35:00,2026-04-05 06:00:00,-35.0,2026-04-05 06:07:00,2026-04-05 06:09:00,B15 A,22.0,12.58,1.75,4.91,1.57,2.0
49,2026-04-05,LH1004,2026-04-05 09:50:00,2026-04-05 09:53:00,3.0,2026-04-05 10:20:00,2026-04-05 10:27:00,A43 ,33.0,14.81,2.23,4.4,1.89,7.0
49,2026-04-05,SN1122,2026-04-05 08:39:00,2026-04-05 09:08:00,29.0,2026-04-05 09:20:00,2026-04-05 09:21:00,B40 A,13.0,9.96,1.31,4.19,2.96,1.0
49,2026-04-05,SN1124,2026-04-05 07:10:00,2026-04-05 07:19:00,9.0,2026-04-05 07:32:00,2026-04-05 07:48:00,B30 A,138.0,14.64,9.43,3.97,2.25,16.0
49,2026-04-05,SN206,2026-04-05 06:25:00,2026-04-05 06:48:00,23.0,2026-04-05 07:07:00,2026-04-05 07:30:00,B38 A,154.0,12.12,12.7,4.66,2.5,23.0
49,2026-04-05,SN229,2026-04-05 12:06:00,2026-04-05 12:12:00,6.0,2026-04-05 12:39:00,2026-04-05 13:03:00,B28 A,20.0,12.4,1.61,5.21,1.54,24.0
49,2026-04-05,SN278,2026-04-05 12:46:00,2026-04-05 12:41:00,-5.0,2026-04-05 13:04:00,2026-04-05 13:33:00,B31 A,62.0,9.39,6.6,5.49,1.96,29.0
49,2026-04-05,SN2900,2026-04-05 08:46:00,2026-04-05 08:33:00,-13.0,2026-04-05 08:58:00,2026-04-05 09:02:00,B14 A,79.0,12.88,6.13,4.63,1.44,4.0
49,2026-04-05,SN3326,2026-04-05 11:24:00,2026-04-05 11:41:00,17.0,2026-04-05 12:06:00,2026-04-05 12:12:00,B14 A,111.0,16.79,6.61,4.6,1.45,6.0
49,2026-04-05,SN358,2026-04-05 10:21:00,2026-04-05 11:13:00,52.0,2026-04-05 11:43:00,2026-04-05 12:03:00,B38 A,126.0,14.98,8.41,4.67,2.5,20.0
49,2026-04-05,SN379,2026-04-05 08:11:00,2026-04-05 08:40:00,29.0,2026-04-05 08:59:00,2026-04-05 09:27:00,B28 A,76.0,11.3,6.73,5.96,1.34,28.0
49,2026-04-05,SN3800,2026-04-05 06:15:00,2026-04-05 06:16:00,1.0,2026-04-05 06:28:00,2026-04-05 06:30:00,A65 ,27.0,9.29,2.91,5.07,1.64,2.0
49,2026-04-05,TB1552,2026-04-05 07:15:00,2026-04-05 07:08:00,-7.0,2026-04-05 07:38:00,2026-04-05 07:45:00,A61 ,152.0,10.54,14.42,4.15,2.01,7.0
49,2026-04-05,TB2632,2026-04-05 09:29:00,2026-04-05 09:09:00,-20.0,2026-04-05 09:35:00,2026-04-05 09:44:00,B9  A,114.0,11.79,9.67,3.86,2.16,9.0
49,2026-04-05,TB2662,2026-04-05 09:15:00,2026-04-05 09:04:00,-11.0,2026-04-05 09:22:00,2026-04-05 09:30:00,B34 A,90.0,12.91,6.97,6.23,1.66,8.0
49,2026-04-05,TG934,2026-04-05 09:21:00,2026-04-05 09:16:00,-5.0,2026-04-05 09:38:00,2026-04-05 09:58:00,B38 A,249.0,13.99,17.8,4.43,2.63,20.0
49,2026-04-05,UA950,2026-04-05 10:20:00,2026-04-05 09:58:00,-22.0,2026-04-05 10:24:00,2026-04-05 10:51:00,B40 A,188.0,14.18,13.26,3.74,3.32,27.0
49,2026-04-05,UA994,2026-04-05 11:51:00,2026-04-05 11:37:00,-14.0,2026-04-05 11:55:00,2026-04-05 12:25:00,B40 A,157.0,13.72,11.44,5.91,2.1,30.0
49,2026-04-05,XR5402,2026-04-05 07:46:00,2026-04-05 08:56:00,70.0,2026-04-05 09:23:00,2026-04-05 09:26:00,B5  A,88.0,15.57,5.65,4.84,1.72,3.0
50,2026-04-05,AC832,2026-04-05 09:18:00,2026-04-05 08:45:00,-33.0,2026-04-05 09:06:00,2026-04-05 09:59:00,B28 A,110.0,10.59,10.39,5.25,1.52,53.0
50,2026-04-05,ET750,2026-04-05 11:13:00,2026-04-05 11:34:00,21.0,2026-04-05 12:17:00,2026-04-05 13:03:00,B17 A,464.0,14.32,32.39,5.08,1.66,46.0
50,2026-04-05,FH8116,2026-04-05 06:35:00,2026-04-05 06:00:00,-35.0,2026-04-05 06:07:00,2026-04-05 06:09:00,B15 A,22.0,13.39,1.64,4.25,1.82,2.0
50,2026-04-05,LH1004,2026-04-05 09:50:00,2026-04-05 09:53:00,3.0,2026-04-05 10:20:00,2026-04-05 10:27:00,A43 ,33.0,11.18,2.95,4.93,1.69,7.0
50,2026-04-05,SN1122,2026-04-05 08:39:00,2026-04-05 09:08:00,29.0,2026-04-05 09:20:00,2026-04-05 09:21:00,B40 A,13.0,10.46,1.24,3.36,3.69,1.0
50,2026-04-05,SN1124,2026-04-05 07:10:00,2026-04-05 07:19:00,9.0,2026-04-05 07:32:00,2026-04-05 07:48:00,B30 A,138.0,13.48,10.24,5.1,1.75,16.0
50,2026-04-05,SN206,2026-04-05 06:25:00,2026-04-05 06:48:00,23.0,2026-04-05 07:07:00,2026-04-05 07:30:00,B38 A,154.0,11.26,13.67,4.78,2.44,23.0
50,2026-04-05,SN229,2026-04-05 12:06:00,2026-04-05 12:12:00,6.0,2026-04-05 12:39:00,2026-04-05 13:03:00,B28 A,20.0,12.53,1.6,4.26,1.88,24.0
50,2026-04-05,SN278,2026-04-05 12:46:00,2026-04-05 12:41:00,-5.0,2026-04-05 13:04:00,2026-04-05 13:33:00,B31 A,62.0,13.45,4.61,5.41,1.99,29.0
50,2026-04-05,SN2900,2026-04-05 10:44:00,2026-04-05 11:04:00,20.0,2026-04-05 11:13:00,2026-04-05 11:34:00,B32 A,49.0,11.48,4.27,3.42,2.83,21.0
50,2026-04-05,SN3326,2026-04-05 11:24:00,2026-04-05 11:41:00,17.0,2026-04-05 12:06:00,2026-04-05 12:12:00,B14 A,111.0,11.88,9.35,5.4,1.23,6.0
50,2026-04-05,SN358,2026-04-05 10:21:00,2026-04-05 11:13:00,52.0,2026-04-05 11:43:00,2026-04-05 12:03:00,B38 A,126.0,11.07,11.38,5.75,2.03,20.0
50,2026-04-05,SN379,2026-04-05 10:10:00,2026-04-05 11:03:00,53.0,2026-04-05 11:42:00,2026-04-05 12:19:00,B29 A,161.0,10.86,14.82,5.64,1.74,37.0
50,2026-04-05,SN3800,2026-04-05 06:15:00,2026-04-05 06:16:00,1.0,2026-04-05 06:28:00,2026-04-05 06:30:00,A65 ,27.0,12.67,2.13,6.55,1.27,2.0
50,2026-04-05,TB1552,2026-04-05 10:15:00,2026-04-05 10:31:00,16.0,2026-04-05 10:50:00,2026-04-05 10:59:00,A69 ,164.0,12.42,13.2,5.19,1.61,9.0
50,2026-04-05,TB2632,2026-04-05 09:29:00,2026-04-05 09:09:00,-20.0,2026-04-05 09:35:00,2026-04-05 09:44:00,B9  A,114.0,12.34,9.24,5.1,1.64,9.0
50,2026-04-05,TB2662,2026-04-05 09:15:00,2026-04-05 09:04:00,-11.0,2026-04-05 09:22:00,2026-04-05 09:30:00,B34 A,90.0,13.9,6.47,5.19,1.99,8.0
50,2026-04-05,TG934,2026-04-05 12:22:00,2026-04-05 12:26:00,4.0,2026-04-05 12:46:00,2026-04-05 13:15:00,B34 A,260.0,16.33,15.92,4.93,2.1,29.0
50,2026-04-05,UA950,2026-04-05 11:22:00,2026-04-05 11:02:00,-20.0,2026-04-05 11:22:00,2026-04-05 11:45:00,B28 A,170.0,13.0,13.08,3.7,2.16,23.0
50,2026-04-05,UA994,2026-04-05 11:51:00,2026-04-05 11:37:00,-14.0,2026-04-05 11:55:00,2026-04-05 12:25:00,B40 A,157.0,11.03,14.23,4.83,2.57,30.0
50,2026-04-05,XR5402,2026-04-05 07:46:00,2026-04-05 08:56:00,70.0,2026-04-05 09:23:00,2026-04-05 09:26:00,B5  A,88.0,8.63,10.19,5.44,1.53,3.0
51,2026-04-05,AC832,2026-04-05 10:17:00,2026-04-05 10:43:00,26.0,2026-04-05 11:00:00,2026-04-05 11:34:00,B14 A,172.0,13.82,12.44,4.28,1.56,34.0
51,2026-04-05,ET750,2026-04-05 11:13:00,2026-04-05 11:34:00,21.0,2026-04-05 12:17:00,2026-04-05 13:03:00,B17 A,464.0,15.73,29.5,5.89,1.43,46.0
51,2026-04-05,FH8116,2026-04-05 06:35:00,2026-04-05 06:00:00,-35.0,2026-04-05 06:07:00,2026-04-05 06:09:00,B15 A,22.0,15.51,1.42,3.76,2.05,2.0
51,2026-04-05,LH1004,2026-04-05 09:50:00,2026-04-05 09:53:00,3.0,2026-04-05 10:20:00,2026-04-05 10:27:00,A43 ,33.0,10.73,3.07,6.36,1.31,7.0
51,2026-04-05,SN1122,2026-04-05 08:39:00,2026-04-05 09:08:00,29.0,2026-04-05 09:20:00,2026-04-05 09:21:00,B40 A,13.0,12.83,1.01,6.2,2.0,1.0
51,2026-04-05,SN1124,2026-04-05 07:10:00,2026-04-05 07:19:00,9.0,2026-04-05 07:32:00,2026-04-05 07:48:00,B30 A,138.0,13.74,10.04,4.8,1.86,16.0
51,2026-04-05,SN206,2026-04-05 06:25:00,2026-04-05 06:48:00,23.0,2026-04-05 07:07:00,2026-04-05 07:30:00,B38 A,154.0,12.3,12.52,5.72,2.04,23.0
51,2026-04-05,SN229,2026-04-05 12:06:00,2026-04-05 12:12:00,6.0,2026-04-05 12:39:00,2026-04-05 13:03:00,B28 A,20.0,11.92,1.68,4.99,1.6,24.0
51,2026-04-05,SN278,2026-04-05 12:46:00,2026-04-05 12:41:00,-5.0,2026-04-05 13:04:00,2026-04-05 13:33:00,B31 A,62.0,13.81,4.49,4.15,2.59,29.0
51,2026-04-05,SN2900,2026-04-05 07:39:00,2026-04-05 07:25:00,-14.0,2026-04-05 07:38:00,2026-04-05 07:53:00,B38 A,55.0,8.83,6.23,6.52,1.79,15.0
51,2026-04-05,SN3326,2026-04-05 11:24:00,2026-04-05 11:41:00,17.0,2026-04-05 12:06:00,2026-04-05 12:12:00,B14 A,111.0,13.65,8.13,4.8,1.39,6.0
51,2026-04-05,SN358,2026-04-05 10:21:00,2026-04-05 11:13:00,52.0,2026-04-05 11:43:00,2026-04-05 12:03:00,B38 A,126.0,13.57,9.28,6.75,1.73,20.0
51,2026-04-05,SN379,2026-04-05 10:10:00,2026-04-05 11:03:00,53.0,2026-04-05 11:42:00,2026-04-05 12:19:00,B29 A,161.0,15.73,10.23,4.83,2.04,37.0
51,2026-04-05,SN3800,2026-04-05 06:15:00,2026-04-05 06:16:00,1.0,2026-04-05 06:28:00,2026-04-05 06:30:00,A65 ,27.0,10.93,2.47,4.58,1.82,2.0
51,2026-04-05,TB1552,2026-04-05 08:29:00,2026-04-05 08:25:00,-4.0,2026-04-05 08:46:00,2026-04-05 08:54:00,A61 ,166.0,13.37,12.41,4.68,1.78,8.0
51,2026-04-05,TB2632,2026-04-05 09:29:00,2026-04-05 09:09:00,-20.0,2026-04-05 09:35:00,2026-04-05 09:44:00,B9  A,114.0,13.41,8.5,5.47,1.52,9.0
51,2026-04-05,TB2662,2026-04-05 09:15:00,2026-04-05 09:04:00,-11.0,2026-04-05 09:22:00,2026-04-05 09:30:00,B34 A,90.0,12.71,7.08,4.46,2.32,8.0
51,2026-04-05,TG934,2026-04-05 09:21:00,2026-04-05 09:16:00,-5.0,2026-04-05 09:38:00,2026-04-05 09:58:00,B38 A,249.0,14.3,17.42,5.13,2.28,20.0
51,2026-04-05,UA950,2026-04-05 08:20:00,2026-04-05 08:20:00,0.0,2026-04-05 08:36:00,2026-04-05 09:25:00,B38 A,176.0,13.85,12.7,5.02,2.33,49.0
51,2026-04-05,UA994,2026-04-05 08:51:00,2026-04-05 08:32:00,-19.0,2026-04-05 08:52:00,2026-04-05 09:25:00,B40 A,171.0,11.2,15.26,3.86,3.22,33.0
51,2026-04-05,XR5402,2026-04-05 07:46:00,2026-04-05 08:56:00,70.0,2026-04-05 09:23:00,2026-04-05 09:26:00,B5  A,88.0,8.47,10.39,4.6,1.81,3.0
52,2026-04-05,AC832,2026-04-05 08:17:00,2026-04-05 07:46:00,-31.0,2026-04-05 08:02:00,2026-04-05 08:29:00,B30 A,122.0,12.67,9.63,4.03,2.21,27.0
52,2026-04-05,ET750,2026-04-05 11:13:00,2026-04-05 11:34:00,21.0,2026-04-05 12:17:00,2026-04-05 13:03:00,B17 A,464.0,13.42,34.58,4.07,2.07,46.0
52,2026-04-05,FH8116,2026-04-05 12:44:00,2026-04-05 12:48:00,4.0,2026-04-05 13:06:00,2026-04-05 13:13:00,B38 A,140.0,12.33,11.36,4.63,2.52,7.0
52,2026-04-05,LH1004,2026-04-05 08:50:00,2026-04-05 08:53:00,3.0,2026-04-05 09:06:00,2026-04-05 09:12:00,A43 ,29.0,9.54,3.04,5.01,1.66,6.0
52,2026-04-05,SN1122,2026-04-05 08:39:00,2026-04-05 09:08:00,29.0,2026-04-05 09:20:00,2026-04-05 09:21:00,B40 A,13.0,11.27,1.15,4.27,2.91,1.0
52,2026-04-05,SN1124,2026-04-05 07:10:00,2026-04-05 07:19:00,9.0,2026-04-05 07:32:00,2026-04-05 07:48:00,B30 A,138.0,13.58,10.16,3.94,2.26,16.0
52,2026-04-05,SN206,2026-04-05 06:25:00,2026-04-05 06:48:00,23.0,2026-04-05 07:07:00,2026-04-05 07:30:00,B38 A,154.0,13.44,11.46,4.14,2.82,23.0
52,2026-04-05,SN229,2026-04-05 08:06:00,2026-04-05 09:20:00,74.0,2026-04-05 09:41:00,2026-04-05 10:22:00,B14 A,144.0,9.55,15.08,5.16,1.29,41.0
52,2026-04-05,SN278,2026-04-05 10:45:00,2026-04-05 10:42:00,-3.0,2026-04-05 11:04:00,2026-04-05 11:16:00,B28 A,198.0,11.08,17.88,3.99,2.01,12.0
52,2026-04-05,SN2900,2026-04-05 08:46:00,2026-04-05 08:33:00,-13.0,2026-04-05 08:58:00,2026-04-05 09:02:00,B14 A,79.0,15.92,4.96,5.19,1.29,4.0
52,2026-04-05,SN3326,2026-04-05 07:45:00,2026-04-05 08:05:00,20.0,2026-04-05 08:16:00,2026-04-05 08:36:00,B28 A,123.0,13.69,8.98,4.94,1.62,20.0
52,2026-04-05,SN358,2026-04-05 10:21:00,2026-04-05 11:13:00,52.0,2026-04-05 11:43:00,2026-04-05 12:03:00,B38 A,126.0,11.84,10.64,4.7,2.48,20.0
52,2026-04-05,SN379,2026-04-05 10:10:00,2026-04-05 11:03:00,53.0,2026-04-05 11:42:00,2026-04-05 12:19:00,B29 A,161.0,11.73,13.72,5.45,1.8,37.0
52,2026-04-05,SN3800,2026-04-05 06:15:00,2026-04-05 06:16:00,1.0,2026-04-05 06:28:00,2026-04-05 06:30:00,A65 ,27.0,11.89,2.27,4.36,1.91,2.0
52,2026-04-05,TB1552,2026-04-05 07:15:00,2026-04-05 07:08:00,-7.0,2026-04-05 07:38:00,2026-04-05 07:45:00,A61 ,152.0,12.67,11.99,5.54,1.51,7.0
52,2026-04-05,TB2632,2026-04-05 09:29:00,2026-04-05 09:09:00,-20.0,2026-04-05 09:35:00,2026-04-05 09:44:00,B9  A,114.0,12.26,9.3,4.58,1.82,9.0
52,2026-04-05,TB2662,2026-04-05 09:15:00,2026-04-05 09:04:00,-11.0,2026-04-05 09:22:00,2026-04-05 09:30:00,B34 A,90.0,10.74,8.38,6.0,1.72,8.0
52,2026-04-05,TG934,2026-04-05 09:21:00,2026-04-05 09:16:00,-5.0,2026-04-05 09:38:00,2026-04-05 09:58:00,B38 A,249.0,13.36,18.64,6.02,1.94,20.0
52,2026-04-05,UA950,2026-04-05 09:21:00,2026-04-05 08:45:00,-36.0,2026-04-05 09:03:00,2026-04-05 09:29:00,B5  A,163.0,10.21,15.96,5.84,1.43,26.0
52,2026-04-05,UA994,2026-04-05 10:51:00,2026-04-05 10:01:00,-50.0,2026-04-05 10:18:00,2026-04-05 10:42:00,B38 A,177.0,12.86,13.77,5.43,2.15,24.0
52,2026-04-05,XR5402,2026-04-05 07:46:00,2026-04-05 08:56:00,70.0,2026-04-05 09:23:00,2026-04-05 09:26:00,B5  A,88.0,10.11,8.71,5.02,1.66,3.0
53,2026-04-05,AC832,2026-04-05 10:17:00,2026-04-05 10:43:00,26.0,2026-04-05 11:00:00,2026-04-05 11:34:00,B14 A,172.0,15.52,11.08,4.11,1.62,34.0
53,2026-04-05,ET750,2026-04-05 11:13:00,2026-04-05 11:34:00,21.0,2026-04-05 12:17:00,2026-04-05 13:03:00,B17 A,464.0,12.18,38.09,3.64,2.31,46.0
53,2026-04-05,FH8116,2026-04-05 06:35:00,2026-04-05 06:00:00,-35.0,2026-04-05 06:07:00,2026-04-05 06:09:00,B15 A,22.0,13.75,1.6,7.0,1.11,2.0
53,2026-04-05,LH1004,2026-04-05 12:50:00,2026-04-05 12:50:00,0.0,2026-04-05 13:03:00,2026-04-05 13:30:00,A43 ,40.0,14.27,2.8,5.3,1.57,27.0
53,2026-04-05,SN1122,2026-04-05 08:39:00,2026-04-05 09:08:00,29.0,2026-04-05 09:20:00,2026-04-05 09:21:00,B40 A,13.0,11.96,1.09,5.37,2.31,1.0
53,2026-04-05,SN1124,2026-04-05 07:10:00,2026-04-05 07:19:00,9.0,2026-04-05 07:32:00,2026-04-05 07:48:00,B30 A,138.0,12.69,10.88,4.71,1.89,16.0
53,2026-04-05,SN206,2026-04-05 06:25:00,2026-04-05 06:48:00,23.0,2026-04-05 07:07:00,2026-04-05 07:30:00,B38 A,154.0,16.13,9.55,3.87,3.01,23.0
53,2026-04-05,SN229,2026-04-05 08:06:00,2026-04-05 09:20:00,74.0,2026-04-05 09:41:00,2026-04-05 10:22:00,B14 A,144.0,14.74,9.77,6.44,1.03,41.0
53,2026-04-05,SN278,2026-04-05 08:43:00,2026-04-05 08:27:00,-16.0,2026-04-05 08:40:00,2026-04-05 09:10:00,B37 A,123.0,11.73,10.48,4.84,2.51,30.0
53,2026-04-05,SN2900,2026-04-05 07:39:00,2026-04-05 07:25:00,-14.0,2026-04-05 07:38:00,2026-04-05 07:53:00,B38 A,55.0,12.6,4.36,4.83,2.42,15.0
53,2026-04-05,SN3326,2026-04-05 11:24:00,2026-04-05 11:41:00,17.0,2026-04-05 12:06:00,2026-04-05 12:12:00,B14 A,111.0,9.52,11.66,5.37,1.24,6.0
53,2026-04-05,SN358,2026-04-05 10:21:00,2026-04-05 11:13:00,52.0,2026-04-05 11:43:00,2026-04-05 12:03:00,B38 A,126.0,8.87,14.2,5.31,2.2,20.0
53,2026-04-05,SN379,2026-04-05 08:11:00,2026-04-05 08:40:00,29.0,2026-04-05 08:59:00,2026-04-05 09:27:00,B28 A,76.0,9.4,8.09,3.62,2.21,28.0
53,2026-04-05,SN3800,2026-04-05 06:15:00,2026-04-05 06:16:00,1.0,2026-04-05 06:28:00,2026-04-05 06:30:00,A65 ,27.0,11.22,2.41,5.75,1.45,2.0
53,2026-04-05,TB1552,2026-04-05 07:47:00,2026-04-05 07:43:00,-4.0,2026-04-05 07:55:00,2026-04-05 07:59:00,A68 ,66.0,12.27,5.38,4.66,1.79,4.0
53,2026-04-05,TB2632,2026-04-05 09:29:00,2026-04-05 09:09:00,-20.0,2026-04-05 09:35:00,2026-04-05 09:44:00,B9  A,114.0,16.65,6.85,5.49,1.52,9.0
53,2026-04-05,TB2662,2026-04-05 09:15:00,2026-04-05 09:04:00,-11.0,2026-04-05 09:22:00,2026-04-05 09:30:00,B34 A,90.0,16.38,5.49,4.98,2.08,8.0
53,2026-04-05,TG934,2026-04-05 12:22:00,2026-04-05 12:26:00,4.0,2026-04-05 12:46:00,2026-04-05 13:15:00,B34 A,260.0,15.66,16.6,5.7,1.81,29.0
53,2026-04-05,UA950,2026-04-05 08:20:00,2026-04-05 08:20:00,0.0,2026-04-05 08:36:00,2026-04-05 09:25:00,B38 A,176.0,13.56,12.98,5.6,2.08,49.0
53,2026-04-05,UA994,2026-04-05 11:51:00,2026-04-05 11:37:00,-14.0,2026-04-05 11:55:00,2026-04-05 12:25:00,B40 A,157.0,14.67,10.7,4.7,2.64,30.0
53,2026-04-05,XR5402,2026-04-05 07:46:00,2026-04-05 08:56:00,70.0,2026-04-05 09:23:00,2026-04-05 09:26:00,B5  A,88.0,13.4,6.56,5.56,1.5,3.0
54,2026-04-05,AC832,2026-04-05 12:18:00,2026-04-05 11:38:00,-40.0,2026-04-05 11:54:00,2026-04-05 12:17:00,B30 A,100.0,14.78,6.76,3.96,2.25,23.0
54,2026-04-05,ET750,2026-04-05 11:13:00,2026-04-05 11:34:00,21.0,2026-04-05 12:17:00,2026-04-05 13:03:00,B17 A,464.0,12.02,38.6,3.85,2.19,46.0
54,2026-04-05,FH8116,2026-04-05 06:35:00,2026-04-05 06:00:00,-35.0,2026-04-05 06:07:00,2026-04-05 06:09:00,B15 A,22.0,13.44,1.64,3.58,2.16,2.0
54,2026-04-05,LH1004,2026-04-05 11:51:00,2026-04-05 11:47:00,-4.0,2026-04-05 12:07:00,2026-04-05 12:12:00,A43 ,23.0,11.81,1.95,5.14,1.62,5.0
54,2026-04-05,SN1122,2026-04-05 08:39:00,2026-04-05 09:08:00,29.0,2026-04-05 09:20:00,2026-04-05 09:21:00,B40 A,13.0,11.17,1.16,4.57,2.72,1.0
54,2026-04-05,SN1124,2026-04-05 07:10:00,2026-04-05 07:19:00,9.0,2026-04-05 07:32:00,2026-04-05 07:48:00,B30 A,138.0,12.35,11.17,5.42,1.65,16.0
54,2026-04-05,SN206,2026-04-05 06:25:00,2026-04-05 06:48:00,23.0,2026-04-05 07:07:00,2026-04-05 07:30:00,B38 A,154.0,16.07,9.58,4.95,2.35,23.0
54,2026-04-05,SN229,2026-04-05 10:04:00,2026-04-05 10:26:00,22.0,2026-04-05 10:41:00,2026-04-05 11:10:00,B31 A,120.0,11.9,10.08,6.78,1.59,29.0
54,2026-04-05,SN278,2026-04-05 12:46:00,2026-04-05 12:41:00,-5.0,2026-04-05 13:04:00,2026-04-05 13:33:00,B31 A,62.0,10.77,5.76,4.67,2.3,29.0
54,2026-04-05,SN2900,2026-04-05 10:44:00,2026-04-05 11:04:00,20.0,2026-04-05 11:13:00,2026-04-05 11:34:00,B32 A,49.0,12.67,3.87,4.6,2.1,21.0
54,2026-04-05,SN3326,2026-04-05 11:24:00,2026-04-05 11:41:00,17.0,2026-04-05 12:06:00,2026-04-05 12:12:00,B14 A,111.0,12.58,8.83,5.03,1.33,6.0
54,2026-04-05,SN358,2026-04-05 12:21:00,2026-04-05 12:23:00,2.0,2026-04-05 12:43:00,2026-04-05 13:14:00,B28 A,176.0,13.0,13.54,6.28,1.27,31.0
54,2026-04-05,SN379,2026-04-05 08:11:00,2026-04-05 08:40:00,29.0,2026-04-05 08:59:00,2026-04-05 09:27:00,B28 A,76.0,14.44,5.26,5.46,1.46,28.0
54,2026-04-05,SN3800,2026-04-05 06:15:00,2026-04-05 06:16:00,1.0,2026-04-05 06:28:00,2026-04-05 06:30:00,A65 ,27.0,13.1,2.06,4.29,1.94,2.0
54,2026-04-05,TB1552,2026-04-05 10:15:00,2026-04-05 10:31:00,16.0,2026-04-05 10:50:00,2026-04-05 10:59:00,A69 ,164.0,13.97,11.74,4.79,1.74,9.0
54,2026-04-05,TB2632,2026-04-05 09:29:00,2026-04-05 09:09:00,-20.0,2026-04-05 09:35:00,2026-04-05 09:44:00,B9  A,114.0,13.96,8.17,5.16,1.62,9.0
54,2026-04-05,TB2662,2026-04-05 09:15:00,2026-04-05 09:04:00,-11.0,2026-04-05 09:22:00,2026-04-05 09:30:00,B34 A,90.0,11.51,7.82,5.1,2.03,8.0
54,2026-04-05,TG934,2026-04-05 12:22:00,2026-04-05 12:26:00,4.0,2026-04-05 12:46:00,2026-04-05 13:15:00,B34 A,260.0,16.17,16.08,5.08,2.03,29.0
54,2026-04-05,UA950,2026-04-05 11:22:00,2026-04-05 11:02:00,-20.0,2026-04-05 11:22:00,2026-04-05 11:45:00,B28 A,170.0,11.1,15.32,4.81,1.66,23.0
54,2026-04-05,UA994,2026-04-05 09:51:00,2026-04-05 11:28:00,97.0,2026-04-05 11:44:00,2026-04-05 12:09:00,B40 A,135.0,14.93,9.04,6.09,2.04,25.0
54,2026-04-05,XR5402,2026-04-05 07:46:00,2026-04-05 08:56:00,70.0,2026-04-05 09:23:00,2026-04-05 09:26:00,B5  A,88.0,10.74,8.2,4.73,1.76,3.0
55,2026-04-05,AC832,2026-04-05 09:18:00,2026-04-05 08:45:00,-33.0,2026-04-05 09:06:00,2026-04-05 09:59:00,B28 A,110.0,12.89,8.54,4.42,1.81,53.0
55,2026-04-05,ET750,2026-04-05 11:13:00,2026-04-05 11:34:00,21.0,2026-04-05 12:17:00,2026-04-05 13:03:00,B17 A,464.0,15.09,30.74,5.67,1.48,46.0
55,2026-04-05,FH8116,2026-04-05 12:44:00,2026-04-05 12:48:00,4.0,2026-04-05 13:06:00,2026-04-05 13:13:00,B38 A,140.0,12.67,11.05,4.12,2.83,7.0
55,2026-04-05,LH1004,2026-04-05 09:50:00,2026-04-05 09:53:00,3.0,2026-04-05 10:20:00,2026-04-05 10:27:00,A43 ,33.0,11.65,2.83,5.26,1.59,7.0
55,2026-04-05,SN1122,2026-04-05 08:39:00,2026-04-05 09:08:00,29.0,2026-04-05 09:20:00,2026-04-05 09:21:00,B40 A,13.0,13.87,0.94,6.01,2.07,1.0
55,2026-04-05,SN1124,2026-04-05 07:10:00,2026-04-05 07:19:00,9.0,2026-04-05 07:32:00,2026-04-05 07:48:00,B30 A,138.0,15.33,9.0,4.43,2.01,16.0
55,2026-04-05,SN206,2026-04-05 06:25:00,2026-04-05 06:48:00,23.0,2026-04-05 07:07:00,2026-04-05 07:30:00,B38 A,154.0,12.59,12.23,4.85,2.41,23.0
55,2026-04-05,SN229,2026-04-05 10:04:00,2026-04-05 10:26:00,22.0,2026-04-05 10:41:00,2026-04-05 11:10:00,B31 A,120.0,13.07,9.18,5.29,2.03,29.0
55,2026-04-05,SN278,2026-04-05 12:46:00,2026-04-05 12:41:00,-5.0,2026-04-05 13:04:00,2026-04-05 13:33:00,B31 A,62.0,13.57,4.57,4.83,2.22,29.0
55,2026-04-05,SN2900,2026-04-05 07:39:00,2026-04-05 07:25:00,-14.0,2026-04-05 07:38:00,2026-04-05 07:53:00,B38 A,55.0,10.13,5.43,5.48,2.13,15.0
55,2026-04-05,SN3326,2026-04-05 07:45:00,2026-04-05 08:05:00,20.0,2026-04-05 08:16:00,2026-04-05 08:36:00,B28 A,123.0,13.97,8.8,3.75,2.14,20.0
55,2026-04-05,SN358,2026-04-05 08:21:00,2026-04-05 08:24:00,3.0,2026-04-05 08:42:00,2026-04-05 09:09:00,B14 A,112.0,14.92,7.51,4.64,1.44,27.0
55,2026-04-05,SN379,2026-04-05 08:11:00,2026-04-05 08:40:00,29.0,2026-04-05 08:59:00,2026-04-05 09:27:00,B28 A,76.0,9.28,8.19,5.36,1.49,28.0
55,2026-04-05,SN3800,2026-04-05 06:15:00,2026-04-05 06:16:00,1.0,2026-04-05 06:28:00,2026-04-05 06:30:00,A65 ,27.0,12.2,2.21,6.03,1.38,2.0
55,2026-04-05,TB1552,2026-04-05 07:47:00,2026-04-05 07:43:00,-4.0,2026-04-05 07:55:00,2026-04-05 07:59:00,A68 ,66.0,14.72,4.48,4.72,1.77,4.0
55,2026-04-05,TB2632,2026-04-05 09:29:00,2026-04-05 09:09:00,-20.0,2026-04-05 09:35:00,2026-04-05 09:44:00,B9  A,114.0,11.43,9.97,4.79,1.74,9.0
55,2026-04-05,TB2662,2026-04-05 09:15:00,2026-04-05 09:04:00,-11.0,2026-04-05 09:22:00,2026-04-05 09:30:00,B34 A,90.0,14.89,6.05,5.59,1.85,8.0
55,2026-04-05,TG934,2026-04-05 12:22:00,2026-04-05 12:26:00,4.0,2026-04-05 12:46:00,2026-04-05 13:15:00,B34 A,260.0,14.47,17.96,5.34,1.94,29.0
55,2026-04-05,UA950,2026-04-05 09:21:00,2026-04-05 08:45:00,-36.0,2026-04-05 09:03:00,2026-04-05 09:29:00,B5  A,163.0,13.7,11.9,4.81,1.73,26.0
55,2026-04-05,UA994,2026-04-05 09:51:00,2026-04-05 11:28:00,97.0,2026-04-05 11:44:00,2026-04-05 12:09:00,B40 A,135.0,12.78,10.56,6.02,2.06,25.0
55,2026-04-05,XR5402,2026-04-05 07:46:00,2026-04-05 08:56:00,70.0,2026-04-05 09:23:00,2026-04-05 09:26:00,B5  A,88.0,9.6,9.16,5.42,1.54,3.0
56,2026-04-05,AC832,2026-04-05 12:18:00,2026-04-05 11:38:00,-40.0,2026-04-05 11:54:00,2026-04-05 12:17:00,B30 A,100.0,16.11,6.21,3.88,2.3,23.0
56,2026-04-05,ET750,2026-04-05 11:13:00,2026-04-05 11:34:00,21.0,2026-04-05 12:17:00,2026-04-05 13:03:00,B17 A,464.0,11.87,39.07,5.45,1.55,46.0
56,2026-04-05,FH8116,2026-04-05 06:35:00,2026-04-05 06:00:00,-35.0,2026-04-05 06:07:00,2026-04-05 06:09:00,B15 A,22.0,12.65,1.74,5.3,1.46,2.0
56,2026-04-05,LH1004,2026-04-05 11:51:00,2026-04-05 11:47:00,-4.0,2026-04-05 12:07:00,2026-04-05 12:12:00,A43 ,23.0,8.98,2.56,5.56,1.5,5.0
56,2026-04-05,SN1122,2026-04-05 08:39:00,2026-04-05 09:08:00,29.0,2026-04-05 09:20:00,2026-04-05 09:21:00,B40 A,13.0,12.06,1.08,5.56,2.23,1.0
56,2026-04-05,SN1124,2026-04-05 07:10:00,2026-04-05 07:19:00,9.0,2026-04-05 07:32:00,2026-04-05 07:48:00,B30 A,138.0,13.47,10.24,4.38,2.04,16.0
56,2026-04-05,SN206,2026-04-05 06:25:00,2026-04-05 06:48:00,23.0,2026-04-05 07:07:00,2026-04-05 07:30:00,B38 A,154.0,12.97,11.87,4.93,2.36,23.0
56,2026-04-05,SN229,2026-04-05 10:04:00,2026-04-05 10:26:00,22.0,2026-04-05 10:41:00,2026-04-05 11:10:00,B31 A,120.0,13.38,8.97,5.12,2.1,29.0
56,2026-04-05,SN278,2026-04-05 08:43:00,2026-04-05 08:27:00,-16.0,2026-04-05 08:40:00,2026-04-05 09:10:00,B37 A,123.0,13.23,9.3,4.06,3.0,30.0
56,2026-04-05,SN2900,2026-04-05 07:39:00,2026-04-05 07:25:00,-14.0,2026-04-05 07:38:00,2026-04-05 07:53:00,B38 A,55.0,14.79,3.72,5.04,2.31,15.0
56,2026-04-05,SN3326,2026-04-05 11:24:00,2026-04-05 11:41:00,17.0,2026-04-05 12:06:00,2026-04-05 12:12:00,B14 A,111.0,12.56,8.84,5.31,1.25,6.0
56,2026-04-05,SN358,2026-04-05 08:21:00,2026-04-05 08:24:00,3.0,2026-04-05 08:42:00,2026-04-05 09:09:00,B14 A,112.0,11.21,9.99,5.35,1.25,27.0
56,2026-04-05,SN379,2026-04-05 08:11:00,2026-04-05 08:40:00,29.0,2026-04-05 08:59:00,2026-04-05 09:27:00,B28 A,76.0,10.3,7.38,5.42,1.48,28.0
56,2026-04-05,SN3800,2026-04-05 06:15:00,2026-04-05 06:16:00,1.0,2026-04-05 06:28:00,2026-04-05 06:30:00,A65 ,27.0,16.02,1.68,3.87,2.15,2.0
56,2026-04-05,TB1552,2026-04-05 07:15:00,2026-04-05 07:08:00,-7.0,2026-04-05 07:38:00,2026-04-05 07:45:00,A61 ,152.0,10.87,13.98,5.28,1.58,7.0
56,2026-04-05,TB2632,2026-04-05 09:29:00,2026-04-05 09:09:00,-20.0,2026-04-05 09:35:00,2026-04-05 09:44:00,B9  A,114.0,14.86,7.67,4.96,1.68,9.0
56,2026-04-05,TB2662,2026-04-05 09:15:00,2026-04-05 09:04:00,-11.0,2026-04-05 09:22:00,2026-04-05 09:30:00,B34 A,90.0,8.55,10.53,4.71,2.19,8.0
56,2026-04-05,TG934,2026-04-05 12:22:00,2026-04-05 12:26:00,4.0,2026-04-05 12:46:00,2026-04-05 13:15:00,B34 A,260.0,15.15,17.16,5.49,1.88,29.0
56,2026-04-05,UA950,2026-04-05 08:20:00,2026-04-05 08:20:00,0.0,2026-04-05 08:36:00,2026-04-05 09:25:00,B38 A,176.0,16.95,10.38,4.73,2.46,49.0
56,2026-04-05,UA994,2026-04-05 12:51:00,2026-04-05 12:35:00,-16.0,2026-04-05 12:54:00,2026-04-05 13:24:00,B38 A,109.0,11.2,9.73,4.22,2.77,30.0
56,2026-04-05,XR5402,2026-04-05 07:46:00,2026-04-05 08:56:00,70.0,2026-04-05 09:23:00,2026-04-05 09:26:00,B5  A,88.0,13.41,6.56,4.8,1.74,3.0
57,2026-04-05,AC832,2026-04-05 11:16:00,2026-04-05 10:39:00,-37.0,2026-04-05 10:54:00,2026-04-05 11:24:00,B5  A,101.0,10.72,9.42,3.5,2.38,30.0
57,2026-04-05,ET750,2026-04-05 11:13:00,2026-04-05 11:34:00,21.0,2026-04-05 12:17:00,2026-04-05 13:03:00,B17 A,464.0,12.33,37.64,4.81,1.75,46.0
57,2026-04-05,FH8116,2026-04-05 06:35:00,2026-04-05 06:00:00,-35.0,2026-04-05 06:07:00,2026-04-05 06:09:00,B15 A,22.0,12.65,1.74,4.11,1.88,2.0
57,2026-04-05,LH1004,2026-04-05 09:50:00,2026-04-05 09:53:00,3.0,2026-04-05 10:20:00,2026-04-05 10:27:00,A43 ,33.0,14.84,2.22,5.23,1.59,7.0
57,2026-04-05,SN1122,2026-04-05 08:39:00,2026-04-05 09:08:00,29.0,2026-04-05 09:20:00,2026-04-05 09:21:00,B40 A,13.0,9.92,1.31,5.08,2.45,1.0
57,2026-04-05,SN1124,2026-04-05 07:10:00,2026-04-05 07:19:00,9.0,2026-04-05 07:32:00,2026-04-05 07:48:00,B30 A,138.0,13.25,10.41,5.51,1.62,16.0
57,2026-04-05,SN206,2026-04-05 06:25:00,2026-04-05 06:48:00,23.0,2026-04-05 07:07:00,2026-04-05 07:30:00,B38 A,154.0,14.32,10.75,4.05,2.88,23.0
57,2026-04-05,SN229,2026-04-05 10:04:00,2026-04-05 10:26:00,22.0,2026-04-05 10:41:00,2026-04-05 11:10:00,B31 A,120.0,11.24,10.68,5.57,1.93,29.0
57,2026-04-05,SN278,2026-04-05 08:43:00,2026-04-05 08:27:00,-16.0,2026-04-05 08:40:00,2026-04-05 09:10:00,B37 A,123.0,12.68,9.7,4.76,2.56,30.0
57,2026-04-05,SN2900,2026-04-05 07:39:00,2026-04-05 07:25:00,-14.0,2026-04-05 07:38:00,2026-04-05 07:53:00,B38 A,55.0,10.64,5.17,5.13,2.27,15.0
57,2026-04-05,SN3326,2026-04-05 07:45:00,2026-04-05 08:05:00,20.0,2026-04-05 08:16:00,2026-04-05 08:36:00,B28 A,123.0,14.94,8.23,4.52,1.77,20.0
57,2026-04-05,SN358,2026-04-05 08:21:00,2026-04-05 08:24:00,3.0,2026-04-05 08:42:00,2026-04-05 09:09:00,B14 A,112.0,14.01,8.0,2.84,2.35,27.0
57,2026-04-05,SN379,2026-04-05 08:11:00,2026-04-05 08:40:00,29.0,2026-04-05 08:59:00,2026-04-05 09:27:00,B28 A,76.0,12.85,5.91,4.9,1.63,28.0
57,2026-04-05,SN3800,2026-04-05 06:15:00,2026-04-05 06:16:00,1.0,2026-04-05 06:28:00,2026-04-05 06:30:00,A65 ,27.0,12.25,2.2,6.42,1.3,2.0
57,2026-04-05,TB1552,2026-04-05 07:15:00,2026-04-05 07:08:00,-7.0,2026-04-05 07:38:00,2026-04-05 07:45:00,A61 ,152.0,15.28,9.95,4.25,1.96,7.0
57,2026-04-05,TB2632,2026-04-05 09:29:00,2026-04-05 09:09:00,-20.0,2026-04-05 09:35:00,2026-04-05 09:44:00,B9  A,114.0,13.11,8.69,7.2,1.16,9.0
57,2026-04-05,TB2662,2026-04-05 09:15:00,2026-04-05 09:04:00,-11.0,2026-04-05 09:22:00,2026-04-05 09:30:00,B34 A,90.0,15.65,5.75,6.97,1.48,8.0
57,2026-04-05,TG934,2026-04-05 12:22:00,2026-04-05 12:26:00,4.0,2026-04-05 12:46:00,2026-04-05 13:15:00,B34 A,260.0,16.95,15.34,4.47,2.31,29.0
57,2026-04-05,UA950,2026-04-05 09:21:00,2026-04-05 08:45:00,-36.0,2026-04-05 09:03:00,2026-04-05 09:29:00,B5  A,163.0,14.12,11.55,5.41,1.54,26.0
57,2026-04-05,UA994,2026-04-05 10:51:00,2026-04-05 10:01:00,-50.0,2026-04-05 10:18:00,2026-04-05 10:42:00,B38 A,177.0,12.94,13.68,4.16,2.81,24.0
57,2026-04-05,XR5402,2026-04-05 07:46:00,2026-04-05 08:56:00,70.0,2026-04-05 09:23:00,2026-04-05 09:26:00,B5  A,88.0,11.54,7.63,5.64,1.48,3.0
58,2026-04-05,AC832,2026-04-05 09:18:00,2026-04-05 08:45:00,-33.0,2026-04-05 09:06:00,2026-04-05 09:59:00,B28 A,110.0,8.06,13.65,4.84,1.65,53.0
58,2026-04-05,ET750,2026-04-05 11:13:00,2026-04-05 11:34:00,21.0,2026-04-05 12:17:00,2026-04-05 13:03:00,B17 A,464.0,14.36,32.3,4.61,1.82,46.0
58,2026-04-05,FH8116,2026-04-05 06:35:00,2026-04-05 06:00:00,-35.0,2026-04-05 06:07:00,2026-04-05 06:09:00,B15 A,22.0,16.52,1.33,4.92,1.57,2.0
58,2026-04-05,LH1004,2026-04-05 08:50:00,2026-04-05 08:53:00,3.0,2026-04-05 09:06:00,2026-04-05 09:12:00,A43 ,29.0,12.29,2.36,4.96,1.68,6.0
58,2026-04-05,SN1122,2026-04-05 08:39:00,2026-04-05 09:08:00,29.0,2026-04-05 09:20:00,2026-04-05 09:21:00,B40 A,13.0,9.38,1.39,3.96,3.13,1.0
58,2026-04-05,SN1124,2026-04-05 07:10:00,2026-04-05 07:19:00,9.0,2026-04-05 07:32:00,2026-04-05 07:48:00,B30 A,138.0,15.69,8.8,6.16,1.45,16.0
58,2026-04-05,SN206,2026-04-05 06:25:00,2026-04-05 06:48:00,23.0,2026-04-05 07:07:00,2026-04-05 07:30:00,B38 A,154.0,12.89,11.95,4.77,2.45,23.0
58,2026-04-05,SN229,2026-04-05 12:06:00,2026-04-05 12:12:00,6.0,2026-04-05 12:39:00,2026-04-05 13:03:00,B28 A,20.0,15.01,1.33,5.73,1.4,24.0
58,2026-04-05,SN278,2026-04-05 10:45:00,2026-04-05 10:42:00,-3.0,2026-04-05 11:04:00,2026-04-05 11:16:00,B28 A,198.0,11.81,16.77,3.81,2.1,12.0
58,2026-04-05,SN2900,2026-04-05 10:44:00,2026-04-05 11:04:00,20.0,2026-04-05 11:13:00,2026-04-05 11:34:00,B32 A,49.0,11.7,4.19,5.64,1.72,21.0
58,2026-04-05,SN3326,2026-04-05 11:24:00,2026-04-05 11:41:00,17.0,2026-04-05 12:06:00,2026-04-05 12:12:00,B14 A,111.0,14.12,7.86,4.66,1.43,6.0
58,2026-04-05,SN358,2026-04-05 10:21:00,2026-04-05 11:13:00,52.0,2026-04-05 11:43:00,2026-04-05 12:03:00,B38 A,126.0,13.66,9.23,4.42,2.64,20.0
58,2026-04-05,SN379,2026-04-05 08:11:00,2026-04-05 08:40:00,29.0,2026-04-05 08:59:00,2026-04-05 09:27:00,B28 A,76.0,12.09,6.29,4.8,1.67,28.0
58,2026-04-05,SN3800,2026-04-05 06:15:00,2026-04-05 06:16:00,1.0,2026-04-05 06:28:00,2026-04-05 06:30:00,A65 ,27.0,12.32,2.19,3.78,2.2,2.0
58,2026-04-05,TB1552,2026-04-05 07:15:00,2026-04-05 07:08:00,-7.0,2026-04-05 07:38:00,2026-04-05 07:45:00,A61 ,152.0,13.4,11.34,4.52,1.84,7.0
58,2026-04-05,TB2632,2026-04-05 09:29:00,2026-04-05 09:09:00,-20.0,2026-04-05 09:35:00,2026-04-05 09:44:00,B9  A,114.0,13.63,8.36,4.81,1.73,9.0
58,2026-04-05,TB2662,2026-04-05 09:15:00,2026-04-05 09:04:00,-11.0,2026-04-05 09:22:00,2026-04-05 09:30:00,B34 A,90.0,8.15,11.04,5.66,1.83,8.0
58,2026-04-05,TG934,2026-04-05 09:21:00,2026-04-05 09:16:00,-5.0,2026-04-05 09:38:00,2026-04-05 09:58:00,B38 A,249.0,13.91,17.91,5.37,2.17,20.0
58,2026-04-05,UA950,2026-04-05 09:21:00,2026-04-05 08:45:00,-36.0,2026-04-05 09:03:00,2026-04-05 09:29:00,B5  A,163.0,14.36,11.35,5.03,1.66,26.0
58,2026-04-05,UA994,2026-04-05 08:51:00,2026-04-05 08:32:00,-19.0,2026-04-05 08:52:00,2026-04-05 09:25:00,B40 A,171.0,12.68,13.49,5.96,2.08,33.0
58,2026-04-05,XR5402,2026-04-05 07:46:00,2026-04-05 08:56:00,70.0,2026-04-05 09:23:00,2026-04-05 09:26:00,B5  A,88.0,15.08,5.84,4.19,1.99,3.0
59,2026-04-05,AC832,2026-04-05 09:18:00,2026-04-05 08:45:00,-33.0,2026-04-05 09:06:00,2026-04-05 09:59:00,B28 A,110.0,13.93,7.9,4.07,1.97,53.0
59,2026-04-05,ET750,2026-04-05 11:13:00,2026-04-05 11:34:00,21.0,2026-04-05 12:17:00,2026-04-05 13:03:00,B17 A,464.0,13.68,33.92,4.55,1.85,46.0
59,2026-04-05,FH8116,2026-04-05 12:44:00,2026-04-05 12:48:00,4.0,2026-04-05 13:06:00,2026-04-05 13:13:00,B38 A,140.0,13.14,10.65,4.53,2.58,7.0
59,2026-04-05,LH1004,2026-04-05 12:50:00,2026-04-05 12:50:00,0.0,2026-04-05 13:03:00,2026-04-05 13:30:00,A43 ,40.0,9.52,4.2,6.91,1.21,27.0
59,2026-04-05,SN1122,2026-04-05 08:39:00,2026-04-05 09:08:00,29.0,2026-04-05 09:20:00,2026-04-05 09:21:00,B40 A,13.0,13.27,0.98,4.43,2.8,1.0
59,2026-04-05,SN1124,2026-04-05 07:10:00,2026-04-05 07:19:00,9.0,2026-04-05 07:32:00,2026-04-05 07:48:00,B30 A,138.0,13.88,9.94,4.64,1.92,16.0
59,2026-04-05,SN206,2026-04-05 06:25:00,2026-04-05 06:48:00,23.0,2026-04-05 07:07:00,2026-04-05 07:30:00,B38 A,154.0,13.42,11.48,3.81,3.07,23.0
59,2026-04-05,SN229,2026-04-05 12:06:00,2026-04-05 12:12:00,6.0,2026-04-05 12:39:00,2026-04-05 13:03:00,B28 A,20.0,13.29,1.5,4.29,1.87,24.0
59,2026-04-05,SN278,2026-04-05 10:45:00,2026-04-05 10:42:00,-3.0,2026-04-05 11:04:00,2026-04-05 11:16:00,B28 A,198.0,12.99,15.24,5.83,1.37,12.0
59,2026-04-05,SN2900,2026-04-05 10:44:00,2026-04-05 11:04:00,20.0,2026-04-05 11:13:00,2026-04-05 11:34:00,B32 A,49.0,14.13,3.47,5.02,1.93,21.0
59,2026-04-05,SN3326,2026-04-05 11:24:00,2026-04-05 11:41:00,17.0,2026-04-05 12:06:00,2026-04-05 12:12:00,B14 A,111.0,13.14,8.45,4.77,1.4,6.0
59,2026-04-05,SN358,2026-04-05 08:21:00,2026-04-05 08:24:00,3.0,2026-04-05 08:42:00,2026-04-05 09:09:00,B14 A,112.0,11.85,9.45,3.77,1.77,27.0
59,2026-04-05,SN379,2026-04-05 08:11:00,2026-04-05 08:40:00,29.0,2026-04-05 08:59:00,2026-04-05 09:27:00,B28 A,76.0,10.55,7.2,4.76,1.68,28.0
59,2026-04-05,SN3800,2026-04-05 06:15:00,2026-04-05 06:16:00,1.0,2026-04-05 06:28:00,2026-04-05 06:30:00,A65 ,27.0,10.56,2.56,4.14,2.01,2.0
59,2026-04-05,TB1552,2026-04-05 07:47:00,2026-04-05 07:43:00,-4.0,2026-04-05 07:55:00,2026-04-05 07:59:00,A68 ,66.0,13.27,4.97,5.11,1.63,4.0
59,2026-04-05,TB2632,2026-04-05 09:29:00,2026-04-05 09:09:00,-20.0,2026-04-05 09:35:00,2026-04-05 09:44:00,B9  A,114.0,10.95,10.41,5.34,1.56,9.0
59,2026-04-05,TB2662,2026-04-05 09:15:00,2026-04-05 09:04:00,-11.0,2026-04-05 09:22:00,2026-04-05 09:30:00,B34 A,90.0,12.65,7.11,3.43,3.01,8.0
59,2026-04-05,TG934,2026-04-05 09:21:00,2026-04-05 09:16:00,-5.0,2026-04-05 09:38:00,2026-04-05 09:58:00,B38 A,249.0,15.31,16.27,4.51,2.59,20.0
59,2026-04-05,UA950,2026-04-05 10:20:00,2026-04-05 09:58:00,-22.0,2026-04-05 10:24:00,2026-04-05 10:51:00,B40 A,188.0,9.78,19.22,3.92,3.17,27.0
59,2026-04-05,UA994,2026-04-05 12:51:00,2026-04-05 12:35:00,-16.0,2026-04-05 12:54:00,2026-04-05 13:24:00,B38 A,109.0,10.92,9.98,4.95,2.36,30.0
59,2026-04-05,XR5402,2026-04-05 07:46:00,2026-04-05 08:56:00,70.0,2026-04-05 09:23:00,2026-04-05 09:26:00,B5  A,88.0,14.38,6.12,5.86,1.42,3.0
60,2026-04-05,AC832,2026-04-05 08:17:00,2026-04-05 07:46:00,-31.0,2026-04-05 08:02:00,2026-04-05 08:29:00,B30 A,122.0,11.65,10.47,4.56,1.95,27.0
60,2026-04-05,ET750,2026-04-05 11:13:00,2026-04-05 11:34:00,21.0,2026-04-05 12:17:00,2026-04-05 13:03:00,B17 A,464.0,13.81,33.61,5.21,1.62,46.0
60,2026-04-05,FH8116,2026-04-05 06:35:00,2026-04-05 06:00:00,-35.0,2026-04-05 06:07:00,2026-04-05 06:09:00,B15 A,22.0,12.28,1.79,3.68,2.1,2.0
60,2026-04-05,LH1004,2026-04-05 11:51:00,2026-04-05 11:47:00,-4.0,2026-04-05 12:07:00,2026-04-05 12:12:00,A43 ,23.0,14.58,1.58,5.0,1.67,5.0
60,2026-04-05,SN1122,2026-04-05 08:39:00,2026-04-05 09:08:00,29.0,2026-04-05 09:20:00,2026-04-05 09:21:00,B40 A,13.0,13.23,0.98,6.32,1.97,1.0
60,2026-04-05,SN1124,2026-04-05 07:10:00,2026-04-05 07:19:00,9.0,2026-04-05 07:32:00,2026-04-05 07:48:00,B30 A,138.0,14.24,9.69,4.35,2.05,16.0
60,2026-04-05,SN206,2026-04-05 06:25:00,2026-04-05 06:48:00,23.0,2026-04-05 07:07:00,2026-04-05 07:30:00,B38 A,154.0,12.12,12.7,5.83,2.0,23.0
60,2026-04-05,SN229,2026-04-05 08:06:00,2026-04-05 09:20:00,74.0,2026-04-05 09:41:00,2026-04-05 10:22:00,B14 A,144.0,12.31,11.7,4.67,1.43,41.0
60,2026-04-05,SN278,2026-04-05 10:45:00,2026-04-05 10:42:00,-3.0,2026-04-05 11:04:00,2026-04-05 11:16:00,B28 A,198.0,15.17,13.05,6.43,1.24,12.0
60,2026-04-05,SN2900,2026-04-05 07:39:00,2026-04-05 07:25:00,-14.0,2026-04-05 07:38:00,2026-04-05 07:53:00,B38 A,55.0,13.7,4.01,5.7,2.05,15.0
60,2026-04-05,SN3326,2026-04-05 07:45:00,2026-04-05 08:05:00,20.0,2026-04-05 08:16:00,2026-04-05 08:36:00,B28 A,123.0,14.83,8.29,4.6,1.74,20.0
60,2026-04-05,SN358,2026-04-05 12:21:00,2026-04-05 12:23:00,2.0,2026-04-05 12:43:00,2026-04-05 13:14:00,B28 A,176.0,11.57,15.21,6.02,1.33,31.0
60,2026-04-05,SN379,2026-04-05 10:10:00,2026-04-05 11:03:00,53.0,2026-04-05 11:42:00,2026-04-05 12:19:00,B29 A,161.0,11.37,14.16,6.12,1.61,37.0
60,2026-04-05,SN3800,2026-04-05 06:15:00,2026-04-05 06:16:00,1.0,2026-04-05 06:28:00,2026-04-05 06:30:00,A65 ,27.0,14.54,1.86,5.99,1.39,2.0
60,2026-04-05,TB1552,2026-04-05 10:15:00,2026-04-05 10:31:00,16.0,2026-04-05 10:50:00,2026-04-05 10:59:00,A69 ,164.0,11.81,13.89,4.13,2.02,9.0
60,2026-04-05,TB2632,2026-04-05 09:29:00,2026-04-05 09:09:00,-20.0,2026-04-05 09:35:00,2026-04-05 09:44:00,B9  A,114.0,9.86,11.56,4.1,2.03,9.0
60,2026-04-05,TB2662,2026-04-05 09:15:00,2026-04-05 09:04:00,-11.0,2026-04-05 09:22:00,2026-04-05 09:30:00,B34 A,90.0,15.46,5.82,5.44,1.9,8.0
60,2026-04-05,TG934,2026-04-05 09:21:00,2026-04-05 09:16:00,-5.0,2026-04-05 09:38:00,2026-04-05 09:58:00,B38 A,249.0,13.72,18.15,4.21,2.77,20.0
60,2026-04-05,UA950,2026-04-05 12:20:00,2026-04-05 11:58:00,-22.0,2026-04-05 12:14:00,2026-04-05 12:42:00,B37 A,127.0,13.68,9.28,6.54,1.86,28.0
60,2026-04-05,UA994,2026-04-05 11:51:00,2026-04-05 11:37:00,-14.0,2026-04-05 11:55:00,2026-04-05 12:25:00,B40 A,157.0,11.64,13.49,5.11,2.43,30.0
60,2026-04-05,XR5402,2026-04-05 07:46:00,2026-04-05 08:56:00,70.0,2026-04-05 09:23:00,2026-04-05 09:26:00,B5  A,88.0,11.59,7.59,5.41,1.54,3.0
61,2026-04-05,AC832,2026-04-05 09:18:00,2026-04-05 08:45:00,-33.0,2026-04-05 09:06:00,2026-04-05 09:59:00,B28 A,110.0,12.1,9.09,4.52,1.77,53.0
61,2026-04-05,ET750,2026-04-05 11:13:00,2026-04-05 11:34:00,21.0,2026-04-05 12:17:00,2026-04-05 13:03:00,B17 A,464.0,11.46,40.5,5.21,1.62,46.0
61,2026-04-05,FH8116,2026-04-05 06:35:00,2026-04-05 06:00:00,-35.0,2026-04-05 06:07:00,2026-04-05 06:09:00,B15 A,22.0,10.76,2.04,5.71,1.36,2.0
61,2026-04-05,LH1004,2026-04-05 08:50:00,2026-04-05 08:53:00,3.0,2026-04-05 09:06:00,2026-04-05 09:12:00,A43 ,29.0,14.66,1.98,5.37,1.55,6.0
61,2026-04-05,SN1122,2026-04-05 08:39:00,2026-04-05 09:08:00,29.0,2026-04-05 09:20:00,2026-04-05 09:21:00,B40 A,13.0,10.64,1.22,3.88,3.2,1.0
61,2026-04-05,SN1124,2026-04-05 07:10:00,2026-04-05 07:19:00,9.0,2026-04-05 07:32:00,2026-04-05 07:48:00,B30 A,138.0,14.74,9.36,4.41,2.02,16.0
61,2026-04-05,SN206,2026-04-05 06:25:00,2026-04-05 06:48:00,23.0,2026-04-05 07:07:00,2026-04-05 07:30:00,B38 A,154.0,11.85,13.0,4.17,2.8,23.0
61,2026-04-05,SN229,2026-04-05 12:06:00,2026-04-05 12:12:00,6.0,2026-04-05 12:39:00,2026-04-05 13:03:00,B28 A,20.0,14.07,1.42,4.42,1.81,24.0
61,2026-04-05,SN278,2026-04-05 12:46:00,2026-04-05 12:41:00,-5.0,2026-04-05 13:04:00,2026-04-05 13:33:00,B31 A,62.0,12.75,4.86,4.39,2.45,29.0
61,2026-04-05,SN2900,2026-04-05 10:44:00,2026-04-05 11:04:00,20.0,2026-04-05 11:13:00,2026-04-05 11:34:00,B32 A,49.0,11.16,4.39,5.4,1.79,21.0
61,2026-04-05,SN3326,2026-04-05 11:24:00,2026-04-05 11:41:00,17.0,2026-04-05 12:06:00,2026-04-05 12:12:00,B14 A,111.0,10.36,10.71,5.06,1.32,6.0
61,2026-04-05,SN358,2026-04-05 12:21:00,2026-04-05 12:23:00,2.0,2026-04-05 12:43:00,2026-04-05 13:14:00,B28 A,176.0,12.26,14.35,5.16,1.55,31.0
61,2026-04-05,SN379,2026-04-05 10:10:00,2026-04-05 11:03:00,53.0,2026-04-05 11:42:00,2026-04-05 12:19:00,B29 A,161.0,12.22,13.18,3.51,2.8,37.0
61,2026-04-05,SN3800,2026-04-05 06:15:00,2026-04-05 06:16:00,1.0,2026-04-05 06:28:00,2026-04-05 06:30:00,A65 ,27.0,15.57,1.73,4.2,1.98,2.0
61,2026-04-05,TB1552,2026-04-05 07:47:00,2026-04-05 07:43:00,-4.0,2026-04-05 07:55:00,2026-04-05 07:59:00,A68 ,66.0,14.0,4.71,5.36,1.55,4.0
61,2026-04-05,TB2632,2026-04-05 09:29:00,2026-04-05 09:09:00,-20.0,2026-04-05 09:35:00,2026-04-05 09:44:00,B9  A,114.0,13.18,8.65,6.92,1.2,9.0
61,2026-04-05,TB2662,2026-04-05 09:15:00,2026-04-05 09:04:00,-11.0,2026-04-05 09:22:00,2026-04-05 09:30:00,B34 A,90.0,10.35,8.7,5.68,1.82,8.0
61,2026-04-05,TG934,2026-04-05 09:21:00,2026-04-05 09:16:00,-5.0,2026-04-05 09:38:00,2026-04-05 09:58:00,B38 A,249.0,13.57,18.35,4.9,2.38,20.0
61,2026-04-05,UA950,2026-04-05 09:21:00,2026-04-05 08:45:00,-36.0,2026-04-05 09:03:00,2026-04-05 09:29:00,B5  A,163.0,15.68,10.4,4.73,1.76,26.0
61,2026-04-05,UA994,2026-04-05 11:51:00,2026-04-05 11:37:00,-14.0,2026-04-05 11:55:00,2026-04-05 12:25:00,B40 A,157.0,13.17,11.92,3.84,3.23,30.0
61,2026-04-05,XR5402,2026-04-05 07:46:00,2026-04-05 08:56:00,70.0,2026-04-05 09:23:00,2026-04-05 09:26:00,B5  A,88.0,11.49,7.66,4.35,1.92,3.0
62,2026-04-05,AC832,2026-04-05 12:18:00,2026-04-05 11:38:00,-40.0,2026-04-05 11:54:00,2026-04-05 12:17:00,B30 A,100.0,15.55,6.43,5.77,1.55,23.0
62,2026-04-05,ET750,2026-04-05 11:13:00,2026-04-05 11:34:00,21.0,2026-04-05 12:17:00,2026-04-05 13:03:00,B17 A,464.0,14.98,30.98,5.4,1.56,46.0
62,2026-04-05,FH8116,2026-04-05 12:44:00,2026-04-05 12:48:00,4.0,2026-04-05 13:06:00,2026-04-05 13:13:00,B38 A,140.0,15.78,8.87,5.78,2.02,7.0
62,2026-04-05,LH1004,2026-04-05 08:50:00,2026-04-05 08:53:00,3.0,2026-04-05 09:06:00,2026-04-05 09:12:00,A43 ,29.0,9.78,2.96,4.54,1.83,6.0
62,2026-04-05,SN1122,2026-04-05 08:39:00,2026-04-05 09:08:00,29.0,2026-04-05 09:20:00,2026-04-05 09:21:00,B40 A,13.0,14.15,0.92,5.24,2.37,1.0
62,2026-04-05,SN1124,2026-04-05 07:10:00,2026-04-05 07:19:00,9.0,2026-04-05 07:32:00,2026-04-05 07:48:00,B30 A,138.0,13.65,10.11,4.81,1.85,16.0
62,2026-04-05,SN206,2026-04-05 06:25:00,2026-04-05 06:48:00,23.0,2026-04-05 07:07:00,2026-04-05 07:30:00,B38 A,154.0,12.65,12.18,3.85,3.03,23.0
62,2026-04-05,SN229,2026-04-05 08:06:00,2026-04-05 09:20:00,74.0,2026-04-05 09:41:00,2026-04-05 10:22:00,B14 A,144.0,15.79,9.12,5.52,1.21,41.0
62,2026-04-05,SN278,2026-04-05 10:45:00,2026-04-05 10:42:00,-3.0,2026-04-05 11:04:00,2026-04-05 11:16:00,B28 A,198.0,12.55,15.77,4.9,1.63,12.0
62,2026-04-05,SN2900,2026-04-05 08:46:00,2026-04-05 08:33:00,-13.0,2026-04-05 08:58:00,2026-04-05 09:02:00,B14 A,79.0,11.54,6.84,4.9,1.36,4.0
62,2026-04-05,SN3326,2026-04-05 11:24:00,2026-04-05 11:41:00,17.0,2026-04-05 12:06:00,2026-04-05 12:12:00,B14 A,111.0,14.36,7.73,6.13,1.09,6.0
62,2026-04-05,SN358,2026-04-05 12:21:00,2026-04-05 12:23:00,2.0,2026-04-05 12:43:00,2026-04-05 13:14:00,B28 A,176.0,10.67,16.49,6.32,1.27,31.0
62,2026-04-05,SN379,2026-04-05 08:11:00,2026-04-05 08:40:00,29.0,2026-04-05 08:59:00,2026-04-05 09:27:00,B28 A,76.0,13.47,5.64,3.71,2.15,28.0
62,2026-04-05,SN3800,2026-04-05 06:15:00,2026-04-05 06:16:00,1.0,2026-04-05 06:28:00,2026-04-05 06:30:00,A65 ,27.0,12.66,2.13,4.42,1.88,2.0
62,2026-04-05,TB1552,2026-04-05 07:47:00,2026-04-05 07:43:00,-4.0,2026-04-05 07:55:00,2026-04-05 07:59:00,A68 ,66.0,12.41,5.32,5.08,1.64,4.0
62,2026-04-05,TB2632,2026-04-05 09:29:00,2026-04-05 09:09:00,-20.0,2026-04-05 09:35:00,2026-04-05 09:44:00,B9  A,114.0,11.22,10.16,4.78,1.74,9.0
62,2026-04-05,TB2662,2026-04-05 09:15:00,2026-04-05 09:04:00,-11.0,2026-04-05 09:22:00,2026-04-05 09:30:00,B34 A,90.0,13.6,6.62,5.07,2.04,8.0
62,2026-04-05,TG934,2026-04-05 12:22:00,2026-04-05 12:26:00,4.0,2026-04-05 12:46:00,2026-04-05 13:15:00,B34 A,260.0,15.7,16.56,5.65,1.83,29.0
62,2026-04-05,UA950,2026-04-05 09:21:00,2026-04-05 08:45:00,-36.0,2026-04-05 09:03:00,2026-04-05 09:29:00,B5  A,163.0,12.66,12.88,4.25,1.96,26.0
62,2026-04-05,UA994,2026-04-05 10:51:00,2026-04-05 10:01:00,-50.0,2026-04-05 10:18:00,2026-04-05 10:42:00,B38 A,177.0,13.45,13.16,5.85,1.99,24.0
62,2026-04-05,XR5402,2026-04-05 07:46:00,2026-04-05 08:56:00,70.0,2026-04-05 09:23:00,2026-04-05 09:26:00,B5  A,88.0,10.54,8.35,5.63,1.48,3.0
63,2026-04-05,AC832,2026-04-05 10:17:00,2026-04-05 10:43:00,26.0,2026-04-05 11:00:00,2026-04-05 11:34:00,B14 A,172.0,12.42,13.85,5.65,1.18,34.0
63,2026-04-05,ET750,2026-04-05 11:13:00,2026-04-05 11:34:00,21.0,2026-04-05 12:17:00,2026-04-05 13:03:00,B17 A,464.0,14.18,32.71,4.38,1.92,46.0
63,2026-04-05,FH8116,2026-04-05 06:35:00,2026-04-05 06:00:00,-35.0,2026-04-05 06:07:00,2026-04-05 06:09:00,B15 A,22.0,12.04,1.83,3.89,1.99,2.0
63,2026-04-05,LH1004,2026-04-05 08:50:00,2026-04-05 08:53:00,3.0,2026-04-05 09:06:00,2026-04-05 09:12:00,A43 ,29.0,12.33,2.35,5.35,1.56,6.0
63,2026-04-05,SN1122,2026-04-05 08:39:00,2026-04-05 09:08:00,29.0,2026-04-05 09:20:00,2026-04-05 09:21:00,B40 A,13.0,10.98,1.18,3.5,3.55,1.0
63,2026-04-05,SN1124,2026-04-05 07:10:00,2026-04-05 07:19:00,9.0,2026-04-05 07:32:00,2026-04-05 07:48:00,B30 A,138.0,16.85,8.19,5.32,1.68,16.0
63,2026-04-05,SN206,2026-04-05 06:25:00,2026-04-05 06:48:00,23.0,2026-04-05 07:07:00,2026-04-05 07:30:00,B38 A,154.0,10.0,15.4,4.4,2.65,23.0
63,2026-04-05,SN229,2026-04-05 08:06:00,2026-04-05 09:20:00,74.0,2026-04-05 09:41:00,2026-04-05 10:22:00,B14 A,144.0,15.88,9.07,5.14,1.3,41.0
63,2026-04-05,SN278,2026-04-05 12:46:00,2026-04-05 12:41:00,-5.0,2026-04-05 13:04:00,2026-04-05 13:33:00,B31 A,62.0,15.0,4.13,4.75,2.26,29.0
63,2026-04-05,SN2900,2026-04-05 08:46:00,2026-04-05 08:33:00,-13.0,2026-04-05 08:58:00,2026-04-05 09:02:00,B14 A,79.0,15.9,4.97,4.15,1.61,4.0
63,2026-04-05,SN3326,2026-04-05 11:24:00,2026-04-05 11:41:00,17.0,2026-04-05 12:06:00,2026-04-05 12:12:00,B14 A,111.0,8.62,12.88,4.22,1.58,6.0
63,2026-04-05,SN358,2026-04-05 12:21:00,2026-04-05 12:23:00,2.0,2026-04-05 12:43:00,2026-04-05 13:14:00,B28 A,176.0,11.63,15.13,4.9,1.63,31.0
63,2026-04-05,SN379,2026-04-05 08:11:00,2026-04-05 08:40:00,29.0,2026-04-05 08:59:00,2026-04-05 09:27:00,B28 A,76.0,9.66,7.87,4.63,1.73,28.0
63,2026-04-05,SN3800,2026-04-05 06:15:00,2026-04-05 06:16:00,1.0,2026-04-05 06:28:00,2026-04-05 06:30:00,A65 ,27.0,12.27,2.2,5.05,1.65,2.0
63,2026-04-05,TB1552,2026-04-05 07:47:00,2026-04-05 07:43:00,-4.0,2026-04-05 07:55:00,2026-04-05 07:59:00,A68 ,66.0,15.36,4.3,4.86,1.71,4.0
63,2026-04-05,TB2632,2026-04-05 09:29:00,2026-04-05 09:09:00,-20.0,2026-04-05 09:35:00,2026-04-05 09:44:00,B9  A,114.0,8.41,13.55,3.65,2.28,9.0
63,2026-04-05,TB2662,2026-04-05 09:15:00,2026-04-05 09:04:00,-11.0,2026-04-05 09:22:00,2026-04-05 09:30:00,B34 A,90.0,14.57,6.18,5.5,1.88,8.0
63,2026-04-05,TG934,2026-04-05 12:22:00,2026-04-05 12:26:00,4.0,2026-04-05 12:46:00,2026-04-05 13:15:00,B34 A,260.0,15.93,16.33,5.07,2.04,29.0
63,2026-04-05,UA950,2026-04-05 08:20:00,2026-04-05 08:20:00,0.0,2026-04-05 08:36:00,2026-04-05 09:25:00,B38 A,176.0,14.08,12.5,4.65,2.51,49.0
63,2026-04-05,UA994,2026-04-05 08:51:00,2026-04-05 08:32:00,-19.0,2026-04-05 08:52:00,2026-04-05 09:25:00,B40 A,171.0,13.34,12.82,4.79,2.59,33.0
63,2026-04-05,XR5402,2026-04-05 07:46:00,2026-04-05 08:56:00,70.0,2026-04-05 09:23:00,2026-04-05 09:26:00,B5  A,88.0,16.66,5.28,3.04,2.75,3.0
64,2026-04-05,AC832,2026-04-05 08:17:00,2026-04-05 07:46:00,-31.0,2026-04-05 08:02:00,2026-04-05 08:29:00,B30 A,122.0,10.04,12.15,5.02,1.78,27.0
64,2026-04-05,ET750,2026-04-05 11:13:00,2026-04-05 11:34:00,21.0,2026-04-05 12:17:00,2026-04-05 13:03:00,B17 A,464.0,11.39,40.73,6.8,1.24,46.0
64,2026-04-05,FH8116,2026-04-05 06:35:00,2026-04-05 06:00:00,-35.0,2026-04-05 06:07:00,2026-04-05 06:09:00,B15 A,22.0,10.1,2.18,6.02,1.28,2.0
64,2026-04-05,LH1004,2026-04-05 08:50:00,2026-04-05 08:53:00,3.0,2026-04-05 09:06:00,2026-04-05 09:12:00,A43 ,29.0,13.4,2.16,5.85,1.42,6.0
64,2026-04-05,SN1122,2026-04-05 08:39:00,2026-04-05 09:08:00,29.0,2026-04-05 09:20:00,2026-04-05 09:21:00,B40 A,13.0,13.06,1.0,4.39,2.83,1.0
64,2026-04-05,SN1124,2026-04-05 07:10:00,2026-04-05 07:19:00,9.0,2026-04-05 07:32:00,2026-04-05 07:48:00,B30 A,138.0,15.03,9.18,5.68,1.57,16.0
64,2026-04-05,SN206,2026-04-05 06:25:00,2026-04-05 06:48:00,23.0,2026-04-05 07:07:00,2026-04-05 07:30:00,B38 A,154.0,9.65,15.97,5.08,2.3,23.0
64,2026-04-05,SN229,2026-04-05 08:06:00,2026-04-05 09:20:00,74.0,2026-04-05 09:41:00,2026-04-05 10:22:00,B14 A,144.0,10.32,13.95,6.22,1.07,41.0
64,2026-04-05,SN278,2026-04-05 10:45:00,2026-04-05 10:42:00,-3.0,2026-04-05 11:04:00,2026-04-05 11:16:00,B28 A,198.0,11.87,16.68,4.59,1.74,12.0
64,2026-04-05,SN2900,2026-04-05 07:39:00,2026-04-05 07:25:00,-14.0,2026-04-05 07:38:00,2026-04-05 07:53:00,B38 A,55.0,11.1,4.96,4.6,2.54,15.0
64,2026-04-05,SN3326,2026-04-05 11:24:00,2026-04-05 11:41:00,17.0,2026-04-05 12:06:00,2026-04-05 12:12:00,B14 A,111.0,10.06,11.03,4.66,1.43,6.0
64,2026-04-05,SN358,2026-04-05 10:21:00,2026-04-05 11:13:00,52.0,2026-04-05 11:43:00,2026-04-05 12:03:00,B38 A,126.0,9.98,12.62,4.62,2.53,20.0
64,2026-04-05,SN379,2026-04-05 10:10:00,2026-04-05 11:03:00,53.0,2026-04-05 11:42:00,2026-04-05 12:19:00,B29 A,161.0,16.04,10.03,4.64,2.12,37.0
64,2026-04-05,SN3800,2026-04-05 06:15:00,2026-04-05 06:16:00,1.0,2026-04-05 06:28:00,2026-04-05 06:30:00,A65 ,27.0,13.29,2.03,4.02,2.08,2.0
64,2026-04-05,TB1552,2026-04-05 07:47:00,2026-04-05 07:43:00,-4.0,2026-04-05 07:55:00,2026-04-05 07:59:00,A68 ,66.0,13.91,4.75,4.55,1.83,4.0
64,2026-04-05,TB2632,2026-04-05 09:29:00,2026-04-05 09:09:00,-20.0,2026-04-05 09:35:00,2026-04-05 09:44:00,B9  A,114.0,13.81,8.26,4.38,1.9,9.0
64,2026-04-05,TB2662,2026-04-05 09:15:00,2026-04-05 09:04:00,-11.0,2026-04-05 09:22:00,2026-04-05 09:30:00,B34 A,90.0,14.23,6.33,4.74,2.18,8.0
64,2026-04-05,TG934,2026-04-05 09:21:00,2026-04-05 09:16:00,-5.0,2026-04-05 09:38:00,2026-04-05 09:58:00,B38 A,249.0,13.55,18.37,4.92,2.37,20.0
64,2026-04-05,UA950,2026-04-05 10:20:00,2026-04-05 09:58:00,-22.0,2026-04-05 10:24:00,2026-04-05 10:51:00,B40 A,188.0,12.42,15.13,4.37,2.84,27.0
64,2026-04-05,UA994,2026-04-05 09:51:00,2026-04-05 11:28:00,97.0,2026-04-05 11:44:00,2026-04-05 12:09:00,B40 A,135.0,15.98,8.45,4.29,2.89,25.0
64,2026-04-05,XR5402,2026-04-05 07:46:00,2026-04-05 08:56:00,70.0,2026-04-05 09:23:00,2026-04-05 09:26:00,B5  A,88.0,9.55,9.22,3.78,2.21,3.0
65,2026-04-05,AC832,2026-04-05 10:17:00,2026-04-05 10:43:00,26.0,2026-04-05 11:00:00,2026-04-05 11:34:00,B14 A,172.0,11.94,14.41,5.29,1.26,34.0
65,2026-04-05,ET750,2026-04-05 11:13:00,2026-04-05 11:34:00,21.0,2026-04-05 12:17:00,2026-04-05 13:03:00,B17 A,464.0,12.71,36.5,5.89,1.43,46.0
65,2026-04-05,FH8116,2026-04-05 12:44:00,2026-04-05 12:48:00,4.0,2026-04-05 13:06:00,2026-04-05 13:13:00,B38 A,140.0,13.6,10.3,5.59,2.09,7.0
65,2026-04-05,LH1004,2026-04-05 12:50:00,2026-04-05 12:50:00,0.0,2026-04-05 13:03:00,2026-04-05 13:30:00,A43 ,40.0,13.13,3.05,4.69,1.78,27.0
65,2026-04-05,SN1122,2026-04-05 08:39:00,2026-04-05 09:08:00,29.0,2026-04-05 09:20:00,2026-04-05 09:21:00,B40 A,13.0,10.4,1.25,6.62,1.88,1.0
65,2026-04-05,SN1124,2026-04-05 07:10:00,2026-04-05 07:19:00,9.0,2026-04-05 07:32:00,2026-04-05 07:48:00,B30 A,138.0,12.78,10.79,5.03,1.77,16.0
65,2026-04-05,SN206,2026-04-05 06:25:00,2026-04-05 06:48:00,23.0,2026-04-05 07:07:00,2026-04-05 07:30:00,B38 A,154.0,15.25,10.1,5.18,2.25,23.0
65,2026-04-05,SN229,2026-04-05 08:06:00,2026-04-05 09:20:00,74.0,2026-04-05 09:41:00,2026-04-05 10:22:00,B14 A,144.0,13.34,10.79,5.85,1.14,41.0
65,2026-04-05,SN278,2026-04-05 10:45:00,2026-04-05 10:42:00,-3.0,2026-04-05 11:04:00,2026-04-05 11:16:00,B28 A,198.0,13.26,14.94,5.02,1.59,12.0
65,2026-04-05,SN2900,2026-04-05 08:46:00,2026-04-05 08:33:00,-13.0,2026-04-05 08:58:00,2026-04-05 09:02:00,B14 A,79.0,9.42,8.38,4.42,1.51,4.0
65,2026-04-05,SN3326,2026-04-05 11:24:00,2026-04-05 11:41:00,17.0,2026-04-05 12:06:00,2026-04-05 12:12:00,B14 A,111.0,13.94,7.96,4.78,1.4,6.0
65,2026-04-05,SN358,2026-04-05 10:21:00,2026-04-05 11:13:00,52.0,2026-04-05 11:43:00,2026-04-05 12:03:00,B38 A,126.0,10.3,12.23,4.89,2.39,20.0
65,2026-04-05,SN379,2026-04-05 08:11:00,2026-04-05 08:40:00,29.0,2026-04-05 08:59:00,2026-04-05 09:27:00,B28 A,76.0,11.77,6.46,5.46,1.46,28.0
65,2026-04-05,SN3800,2026-04-05 06:15:00,2026-04-05 06:16:00,1.0,2026-04-05 06:28:00,2026-04-05 06:30:00,A65 ,27.0,14.99,1.8,4.73,1.76,2.0
65,2026-04-05,TB1552,2026-04-05 07:47:00,2026-04-05 07:43:00,-4.0,2026-04-05 07:55:00,2026-04-05 07:59:00,A68 ,66.0,9.19,7.18,5.12,1.63,4.0
65,2026-04-05,TB2632,2026-04-05 09:29:00,2026-04-05 09:09:00,-20.0,2026-04-05 09:35:00,2026-04-05 09:44:00,B9  A,114.0,16.11,7.08,5.08,1.64,9.0
65,2026-04-05,TB2662,2026-04-05 09:15:00,2026-04-05 09:04:00,-11.0,2026-04-05 09:22:00,2026-04-05 09:30:00,B34 A,90.0,12.56,7.16,5.82,1.77,8.0
65,2026-04-05,TG934,2026-04-05 12:22:00,2026-04-05 12:26:00,4.0,2026-04-05 12:46:00,2026-04-05 13:15:00,B34 A,260.0,16.02,16.23,5.8,1.78,29.0
65,2026-04-05,UA950,2026-04-05 11:22:00,2026-04-05 11:02:00,-20.0,2026-04-05 11:22:00,2026-04-05 11:45:00,B28 A,170.0,10.67,15.94,4.8,1.67,23.0
65,2026-04-05,UA994,2026-04-05 08:51:00,2026-04-05 08:32:00,-19.0,2026-04-05 08:52:00,2026-04-05 09:25:00,B40 A,171.0,12.38,13.81,4.62,2.69,33.0
65,2026-04-05,XR5402,2026-04-05 07:46:00,2026-04-05 08:56:00,70.0,2026-04-05 09:23:00,2026-04-05 09:26:00,B5  A,88.0,12.85,6.85,6.09,1.37,3.0
66,2026-04-05,AC832,2026-04-05 09:18:00,2026-04-05 08:45:00,-33.0,2026-04-05 09:06:00,2026-04-05 09:59:00,B28 A,110.0,12.23,9.0,5.21,1.54,53.0
66,2026-04-05,ET750,2026-04-05 11:13:00,2026-04-05 11:34:00,21.0,2026-04-05 12:17:00,2026-04-05 13:03:00,B17 A,464.0,11.95,38.83,5.81,1.45,46.0
66,2026-04-05,FH8116,2026-04-05 12:44:00,2026-04-05 12:48:00,4.0,2026-04-05 13:06:00,2026-04-05 13:13:00,B38 A,140.0,12.08,11.59,5.27,2.21,7.0
66,2026-04-05,LH1004,2026-04-05 08:50:00,2026-04-05 08:53:00,3.0,2026-04-05 09:06:00,2026-04-05 09:12:00,A43 ,29.0,11.23,2.58,4.84,1.72,6.0
66,2026-04-05,SN1122,2026-04-05 08:39:00,2026-04-05 09:08:00,29.0,2026-04-05 09:20:00,2026-04-05 09:21:00,B40 A,13.0,13.03,1.0,4.58,2.71,1.0
66,2026-04-05,SN1124,2026-04-05 07:10:00,2026-04-05 07:19:00,9.0,2026-04-05 07:32:00,2026-04-05 07:48:00,B30 A,138.0,13.68,10.09,5.11,1.75,16.0
66,2026-04-05,SN206,2026-04-05 06:25:00,2026-04-05 06:48:00,23.0,2026-04-05 07:07:00,2026-04-05 07:30:00,B38 A,154.0,12.4,12.42,6.3,1.85,23.0
66,2026-04-05,SN229,2026-04-05 12:06:00,2026-04-05 12:12:00,6.0,2026-04-05 12:39:00,2026-04-05 13:03:00,B28 A,20.0,13.02,1.54,5.15,1.55,24.0
66,2026-04-05,SN278,2026-04-05 12:46:00,2026-04-05 12:41:00,-5.0,2026-04-05 13:04:00,2026-04-05 13:33:00,B31 A,62.0,14.77,4.2,4.28,2.51,29.0
66,2026-04-05,SN2900,2026-04-05 08:46:00,2026-04-05 08:33:00,-13.0,2026-04-05 08:58:00,2026-04-05 09:02:00,B14 A,79.0,13.79,5.73,5.29,1.26,4.0
66,2026-04-05,SN3326,2026-04-05 11:24:00,2026-04-05 11:41:00,17.0,2026-04-05 12:06:00,2026-04-05 12:12:00,B14 A,111.0,13.56,8.19,4.5,1.48,6.0
66,2026-04-05,SN358,2026-04-05 12:21:00,2026-04-05 12:23:00,2.0,2026-04-05 12:43:00,2026-04-05 13:14:00,B28 A,176.0,11.85,14.85,5.31,1.51,31.0
66,2026-04-05,SN379,2026-04-05 08:11:00,2026-04-05 08:40:00,29.0,2026-04-05 08:59:00,2026-04-05 09:27:00,B28 A,76.0,15.32,4.96,4.38,1.82,28.0
66,2026-04-05,SN3800,2026-04-05 06:15:00,2026-04-05 06:16:00,1.0,2026-04-05 06:28:00,2026-04-05 06:30:00,A65 ,27.0,10.9,2.48,5.28,1.58,2.0
66,2026-04-05,TB1552,2026-04-05 08:29:00,2026-04-05 08:25:00,-4.0,2026-04-05 08:46:00,2026-04-05 08:54:00,A61 ,166.0,10.85,15.29,3.76,2.22,8.0
66,2026-04-05,TB2632,2026-04-05 09:29:00,2026-04-05 09:09:00,-20.0,2026-04-05 09:35:00,2026-04-05 09:44:00,B9  A,114.0,12.12,9.41,5.93,1.4,9.0
66,2026-04-05,TB2662,2026-04-05 09:15:00,2026-04-05 09:04:00,-11.0,2026-04-05 09:22:00,2026-04-05 09:30:00,B34 A,90.0,11.77,7.65,6.02,1.72,8.0
66,2026-04-05,TG934,2026-04-05 09:21:00,2026-04-05 09:16:00,-5.0,2026-04-05 09:38:00,2026-04-05 09:58:00,B38 A,249.0,14.25,17.48,4.93,2.37,20.0
66,2026-04-05,UA950,2026-04-05 10:20:00,2026-04-05 09:58:00,-22.0,2026-04-05 10:24:00,2026-04-05 10:51:00,B40 A,188.0,12.11,15.52,4.8,2.59,27.0
66,2026-04-05,UA994,2026-04-05 11:51:00,2026-04-05 11:37:00,-14.0,2026-04-05 11:55:00,2026-04-05 12:25:00,B40 A,157.0,15.29,10.27,4.71,2.64,30.0
66,2026-04-05,XR5402,2026-04-05 07:46:00,2026-04-05 08:56:00,70.0,2026-04-05 09:23:00,2026-04-05 09:26:00,B5  A,88.0,12.94,6.8,4.8,1.74,3.0
67,2026-04-05,AC832,2026-04-05 09:18:00,2026-04-05 08:45:00,-33.0,2026-04-05 09:06:00,2026-04-05 09:59:00,B28 A,110.0,11.56,9.52,5.98,1.34,53.0
67,2026-04-05,ET750,2026-04-05 11:13:00,2026-04-05 11:34:00,21.0,2026-04-05 12:17:00,2026-04-05 13:03:00,B17 A,464.0,13.82,33.57,4.14,2.03,46.0
67,2026-04-05,FH8116,2026-04-05 12:44:00,2026-04-05 12:48:00,4.0,2026-04-05 13:06:00,2026-04-05 13:13:00,B38 A,140.0,12.87,10.88,4.68,2.49,7.0
67,2026-04-05,LH1004,2026-04-05 12:50:00,2026-04-05 12:50:00,0.0,2026-04-05 13:03:00,2026-04-05 13:30:00,A43 ,40.0,10.24,3.91,6.31,1.32,27.0
67,2026-04-05,SN1122,2026-04-05 08:39:00,2026-04-05 09:08:00,29.0,2026-04-05 09:20:00,2026-04-05 09:21:00,B40 A,13.0,11.28,1.15,4.99,2.49,1.0
67,2026-04-05,SN1124,2026-04-05 07:10:00,2026-04-05 07:19:00,9.0,2026-04-05 07:32:00,2026-04-05 07:48:00,B30 A,138.0,12.93,10.67,4.77,1.87,16.0
67,2026-04-05,SN206,2026-04-05 06:25:00,2026-04-05 06:48:00,23.0,2026-04-05 07:07:00,2026-04-05 07:30:00,B38 A,154.0,12.54,12.28,5.55,2.1,23.0
67,2026-04-05,SN229,2026-04-05 12:06:00,2026-04-05 12:12:00,6.0,2026-04-05 12:39:00,2026-04-05 13:03:00,B28 A,20.0,9.86,2.03,4.25,1.88,24.0
67,2026-04-05,SN278,2026-04-05 12:46:00,2026-04-05 12:41:00,-5.0,2026-04-05 13:04:00,2026-04-05 13:33:00,B31 A,62.0,8.58,7.23,5.24,2.05,29.0
67,2026-04-05,SN2900,2026-04-05 08:46:00,2026-04-05 08:33:00,-13.0,2026-04-05 08:58:00,2026-04-05 09:02:00,B14 A,79.0,12.91,6.12,4.93,1.35,4.0
67,2026-04-05,SN3326,2026-04-05 11:24:00,2026-04-05 11:41:00,17.0,2026-04-05 12:06:00,2026-04-05 12:12:00,B14 A,111.0,10.32,10.76,4.78,1.39,6.0
67,2026-04-05,SN358,2026-04-05 10:21:00,2026-04-05 11:13:00,52.0,2026-04-05 11:43:00,2026-04-05 12:03:00,B38 A,126.0,12.08,10.43,4.14,2.82,20.0
67,2026-04-05,SN379,2026-04-05 08:11:00,2026-04-05 08:40:00,29.0,2026-04-05 08:59:00,2026-04-05 09:27:00,B28 A,76.0,11.85,6.41,4.8,1.67,28.0
67,2026-04-05,SN3800,2026-04-05 06:15:00,2026-04-05 06:16:00,1.0,2026-04-05 06:28:00,2026-04-05 06:30:00,A65 ,27.0,8.59,3.14,5.27,1.58,2.0
67,2026-04-05,TB1552,2026-04-05 08:29:00,2026-04-05 08:25:00,-4.0,2026-04-05 08:46:00,2026-04-05 08:54:00,A61 ,166.0,14.07,11.8,5.12,1.63,8.0
67,2026-04-05,TB2632,2026-04-05 09:29:00,2026-04-05 09:09:00,-20.0,2026-04-05 09:35:00,2026-04-05 09:44:00,B9  A,114.0,12.47,9.14,3.8,2.19,9.0
67,2026-04-05,TB2662,2026-04-05 09:15:00,2026-04-05 09:04:00,-11.0,2026-04-05 09:22:00,2026-04-05 09:30:00,B34 A,90.0,14.17,6.35,3.47,2.98,8.0
67,2026-04-05,TG934,2026-04-05 12:22:00,2026-04-05 12:26:00,4.0,2026-04-05 12:46:00,2026-04-05 13:15:00,B34 A,260.0,14.7,17.69,5.3,1.95,29.0
67,2026-04-05,UA950,2026-04-05 12:20:00,2026-04-05 11:58:00,-22.0,2026-04-05 12:14:00,2026-04-05 12:42:00,B37 A,127.0,13.51,9.4,4.85,2.51,28.0
67,2026-04-05,UA994,2026-04-05 08:51:00,2026-04-05 08:32:00,-19.0,2026-04-05 08:52:00,2026-04-05 09:25:00,B40 A,171.0,11.51,14.85,5.0,2.48,33.0
67,2026-04-05,XR5402,2026-04-05 07:46:00,2026-04-05 08:56:00,70.0,2026-04-05 09:23:00,2026-04-05 09:26:00,B5  A,88.0,11.21,7.85,4.91,1.7,3.0
68,2026-04-05,AC832,2026-04-05 11:16:00,2026-04-05 10:39:00,-37.0,2026-04-05 10:54:00,2026-04-05 11:24:00,B5  A,101.0,9.84,10.27,4.36,1.91,30.0
68,2026-04-05,ET750,2026-04-05 09:11:00,2026-04-05 09:13:00,2.0,2026-04-05 09:42:00,2026-04-05 10:46:00,B40 A,421.0,16.3,25.82,5.48,2.27,64.0
68,2026-04-05,FH8116,2026-04-05 06:35:00,2026-04-05 06:00:00,-35.0,2026-04-05 06:07:00,2026-04-05 06:09:00,B15 A,22.0,10.68,2.06,5.24,1.47,2.0
68,2026-04-05,LH1004,2026-04-05 11:51:00,2026-04-05 11:47:00,-4.0,2026-04-05 12:07:00,2026-04-05 12:12:00,A43 ,23.0,13.63,1.69,4.48,1.86,5.0
68,2026-04-05,SN1122,2026-04-05 08:39:00,2026-04-05 09:08:00,29.0,2026-04-05 09:20:00,2026-04-05 09:21:00,B40 A,13.0,13.33,0.98,5.28,2.35,1.0
68,2026-04-05,SN1124,2026-04-05 07:10:00,2026-04-05 07:19:00,9.0,2026-04-05 07:32:00,2026-04-05 07:48:00,B30 A,138.0,12.87,10.72,4.63,1.92,16.0
68,2026-04-05,SN206,2026-04-05 06:25:00,2026-04-05 06:48:00,23.0,2026-04-05 07:07:00,2026-04-05 07:30:00,B38 A,154.0,10.8,14.26,5.03,2.32,23.0
68,2026-04-05,SN229,2026-04-05 08:06:00,2026-04-05 09:20:00,74.0,2026-04-05 09:41:00,2026-04-05 10:22:00,B14 A,144.0,11.99,12.01,5.85,1.14,41.0
68,2026-04-05,SN278,2026-04-05 10:45:00,2026-04-05 10:42:00,-3.0,2026-04-05 11:04:00,2026-04-05 11:16:00,B28 A,198.0,13.66,14.5,7.3,1.1,12.0
68,2026-04-05,SN2900,2026-04-05 10:44:00,2026-04-05 11:04:00,20.0,2026-04-05 11:13:00,2026-04-05 11:34:00,B32 A,49.0,15.8,3.1,4.55,2.12,21.0
68,2026-04-05,SN3326,2026-04-05 11:24:00,2026-04-05 11:41:00,17.0,2026-04-05 12:06:00,2026-04-05 12:12:00,B14 A,111.0,9.75,11.38,5.75,1.16,6.0
68,2026-04-05,SN358,2026-04-05 10:21:00,2026-04-05 11:13:00,52.0,2026-04-05 11:43:00,2026-04-05 12:03:00,B38 A,126.0,12.07,10.44,4.21,2.77,20.0
68,2026-04-05,SN379,2026-04-05 08:11:00,2026-04-05 08:40:00,29.0,2026-04-05 08:59:00,2026-04-05 09:27:00,B28 A,76.0,9.79,7.77,4.57,1.75,28.0
68,2026-04-05,SN3800,2026-04-05 06:15:00,2026-04-05 06:16:00,1.0,2026-04-05 06:28:00,2026-04-05 06:30:00,A65 ,27.0,12.93,2.09,4.93,1.69,2.0
68,2026-04-05,TB1552,2026-04-05 07:15:00,2026-04-05 07:08:00,-7.0,2026-04-05 07:38:00,2026-04-05 07:45:00,A61 ,152.0,12.06,12.6,5.23,1.59,7.0
68,2026-04-05,TB2632,2026-04-05 09:29:00,2026-04-05 09:09:00,-20.0,2026-04-05 09:35:00,2026-04-05 09:44:00,B9  A,114.0,14.16,8.05,4.2,1.98,9.0
68,2026-04-05,TB2662,2026-04-05 09:15:00,2026-04-05 09:04:00,-11.0,2026-04-05 09:22:00,2026-04-05 09:30:00,B34 A,90.0,11.22,8.02,5.24,1.97,8.0
68,2026-04-05,TG934,2026-04-05 12:22:00,2026-04-05 12:26:00,4.0,2026-04-05 12:46:00,2026-04-05 13:15:00,B34 A,260.0,16.7,15.57,5.59,1.85,29.0
68,2026-04-05,UA950,2026-04-05 08:20:00,2026-04-05 08:20:00,0.0,2026-04-05 08:36:00,2026-04-05 09:25:00,B38 A,176.0,14.93,11.79,6.34,1.84,49.0
68,2026-04-05,UA994,2026-04-05 12:51:00,2026-04-05 12:35:00,-16.0,2026-04-05 12:54:00,2026-04-05 13:24:00,B38 A,109.0,16.19,6.73,5.96,1.96,30.0
68,2026-04-05,XR5402,2026-04-05 07:46:00,2026-04-05 08:56:00,70.0,2026-04-05 09:23:00,2026-04-05 09:26:00,B5  A,88.0,11.84,7.44,6.74,1.24,3.0
69,2026-04-05,AC832,2026-04-05 10:17:00,2026-04-05 10:43:00,26.0,2026-04-05 11:00:00,2026-04-05 11:34:00,B14 A,172.0,16.62,10.35,4.0,1.67,34.0
69,2026-04-05,ET750,2026-04-05 11:13:00,2026-04-05 11:34:00,21.0,2026-04-05 12:17:00,2026-04-05 13:03:00,B17 A,464.0,15.51,29.91,4.11,2.05,46.0
69,2026-04-05,FH8116,2026-04-05 12:44:00,2026-04-05 12:48:00,4.0,2026-04-05 13:06:00,2026-04-05 13:13:00,B38 A,140.0,11.01,12.72,5.79,2.01,7.0
69,2026-04-05,LH1004,2026-04-05 09:50:00,2026-04-05 09:53:00,3.0,2026-04-05 10:20:00,2026-04-05 10:27:00,A43 ,33.0,11.91,2.77,4.93,1.69,7.0
69,2026-04-05,SN1122,2026-04-05 08:39:00,2026-04-05 09:08:00,29.0,2026-04-05 09:20:00,2026-04-05 09:21:00,B40 A,13.0,10.43,1.25,3.33,3.72,1.0
69,2026-04-05,SN1124,2026-04-05 07:10:00,2026-04-05 07:19:00,9.0,2026-04-05 07:32:00,2026-04-05 07:48:00,B30 A,138.0,14.01,9.85,5.4,1.65,16.0
69,2026-04-05,SN206,2026-04-05 06:25:00,2026-04-05 06:48:00,23.0,2026-04-05 07:07:00,2026-04-05 07:30:00,B38 A,154.0,9.77,15.76,3.66,3.19,23.0
69,2026-04-05,SN229,2026-04-05 10:04:00,2026-04-05 10:26:00,22.0,2026-04-05 10:41:00,2026-04-05 11:10:00,B31 A,120.0,16.07,7.47,5.21,2.06,29.0
69,2026-04-05,SN278,2026-04-05 08:43:00,2026-04-05 08:27:00,-16.0,2026-04-05 08:40:00,2026-04-05 09:10:00,B37 A,123.0,12.13,10.14,4.98,2.45,30.0
69,2026-04-05,SN2900,2026-04-05 10:44:00,2026-04-05 11:04:00,20.0,2026-04-05 11:13:00,2026-04-05 11:34:00,B32 A,49.0,10.35,4.74,4.49,2.15,21.0
69,2026-04-05,SN3326,2026-04-05 11:24:00,2026-04-05 11:41:00,17.0,2026-04-05 12:06:00,2026-04-05 12:12:00,B14 A,111.0,15.35,7.23,4.26,1.57,6.0
69,2026-04-05,SN358,2026-04-05 08:21:00,2026-04-05 08:24:00,3.0,2026-04-05 08:42:00,2026-04-05 09:09:00,B14 A,112.0,12.65,8.85,4.6,1.45,27.0
69,2026-04-05,SN379,2026-04-05 10:10:00,2026-04-05 11:03:00,53.0,2026-04-05 11:42:00,2026-04-05 12:19:00,B29 A,161.0,13.67,11.78,4.63,2.12,37.0
69,2026-04-05,SN3800,2026-04-05 06:15:00,2026-04-05 06:16:00,1.0,2026-04-05 06:28:00,2026-04-05 06:30:00,A65 ,27.0,11.33,2.38,3.88,2.15,2.0
69,2026-04-05,TB1552,2026-04-05 07:47:00,2026-04-05 07:43:00,-4.0,2026-04-05 07:55:00,2026-04-05 07:59:00,A68 ,66.0,12.17,5.42,5.51,1.51,4.0
69,2026-04-05,TB2632,2026-04-05 09:29:00,2026-04-05 09:09:00,-20.0,2026-04-05 09:35:00,2026-04-05 09:44:00,B9  A,114.0,13.04,8.74,4.69,1.78,9.0
69,2026-04-05,TB2662,2026-04-05 09:15:00,2026-04-05 09:04:00,-11.0,2026-04-05 09:22:00,2026-04-05 09:30:00,B34 A,90.0,10.62,8.48,5.29,1.95,8.0
69,2026-04-05,TG934,2026-04-05 09:21:00,2026-04-05 09:16:00,-5.0,2026-04-05 09:38:00,2026-04-05 09:58:00,B38 A,249.0,13.34,18.66,5.55,2.1,20.0
69,2026-04-05,UA950,2026-04-05 10:20:00,2026-04-05 09:58:00,-22.0,2026-04-05 10:24:00,2026-04-05 10:51:00,B40 A,188.0,11.36,16.55,5.94,2.09,27.0
69,2026-04-05,UA994,2026-04-05 10:51:00,2026-04-05 10:01:00,-50.0,2026-04-05 10:18:00,2026-04-05 10:42:00,B38 A,177.0,13.6,13.02,5.03,2.32,24.0
69,2026-04-05,XR5402,2026-04-05 07:46:00,2026-04-05 08:56:00,70.0,2026-04-05 09:23:00,2026-04-05 09:26:00,B5  A,88.0,15.26,5.77,5.43,1.53,3.0
70,2026-04-05,AC832,2026-04-05 10:17:00,2026-04-05 10:43:00,26.0,2026-04-05 11:00:00,2026-04-05 11:34:00,B14 A,172.0,14.99,11.47,4.87,1.37,34.0
70,2026-04-05,ET750,2026-04-05 11:13:00,2026-04-05 11:34:00,21.0,2026-04-05 12:17:00,2026-04-05 13:03:00,B17 A,464.0,11.96,38.78,4.2,2.0,46.0
70,2026-04-05,FH8116,2026-04-05 12:44:00,2026-04-05 12:48:00,4.0,2026-04-05 13:06:00,2026-04-05 13:13:00,B38 A,140.0,15.77,8.88,5.97,1.95,7.0
70,2026-04-05,LH1004,2026-04-05 08:50:00,2026-04-05 08:53:00,3.0,2026-04-05 09:06:00,2026-04-05 09:12:00,A43 ,29.0,12.39,2.34,4.42,1.89,6.0
70,2026-04-05,SN1122,2026-04-05 08:39:00,2026-04-05 09:08:00,29.0,2026-04-05 09:20:00,2026-04-05 09:21:00,B40 A,13.0,11.48,1.13,5.42,2.29,1.0
70,2026-04-05,SN1124,2026-04-05 07:10:00,2026-04-05 07:19:00,9.0,2026-04-05 07:32:00,2026-04-05 07:48:00,B30 A,138.0,15.47,8.92,5.88,1.52,16.0
70,2026-04-05,SN206,2026-04-05 06:25:00,2026-04-05 06:48:00,23.0,2026-04-05 07:07:00,2026-04-05 07:30:00,B38 A,154.0,11.35,13.57,4.51,2.59,23.0
70,2026-04-05,SN229,2026-04-05 08:06:00,2026-04-05 09:20:00,74.0,2026-04-05 09:41:00,2026-04-05 10:22:00,B14 A,144.0,13.77,10.45,4.36,1.53,41.0
70,2026-04-05,SN278,2026-04-05 12:46:00,2026-04-05 12:41:00,-5.0,2026-04-05 13:04:00,2026-04-05 13:33:00,B31 A,62.0,11.73,5.29,4.92,2.18,29.0
70,2026-04-05,SN2900,2026-04-05 07:39:00,2026-04-05 07:25:00,-14.0,2026-04-05 07:38:00,2026-04-05 07:53:00,B38 A,55.0,11.54,4.77,4.52,2.58,15.0
70,2026-04-05,SN3326,2026-04-05 11:24:00,2026-04-05 11:41:00,17.0,2026-04-05 12:06:00,2026-04-05 12:12:00,B14 A,111.0,11.85,9.37,6.24,1.07,6.0
70,2026-04-05,SN358,2026-04-05 08:21:00,2026-04-05 08:24:00,3.0,2026-04-05 08:42:00,2026-04-05 09:09:00,B14 A,112.0,12.41,9.03,4.74,1.41,27.0
70,2026-04-05,SN379,2026-04-05 10:10:00,2026-04-05 11:03:00,53.0,2026-04-05 11:42:00,2026-04-05 12:19:00,B29 A,161.0,11.77,13.68,4.94,1.99,37.0
70,2026-04-05,SN3800,2026-04-05 06:15:00,2026-04-05 06:16:00,1.0,2026-04-05 06:28:00,2026-04-05 06:30:00,A65 ,27.0,13.11,2.06,4.45,1.87,2.0
70,2026-04-05,TB1552,2026-04-05 07:47:00,2026-04-05 07:43:00,-4.0,2026-04-05 07:55:00,2026-04-05 07:59:00,A68 ,66.0,12.95,5.1,5.09,1.64,4.0
70,2026-04-05,TB2632,2026-04-05 09:29:00,2026-04-05 09:09:00,-20.0,2026-04-05 09:35:00,2026-04-05 09:44:00,B9  A,114.0,12.89,8.84,4.89,1.7,9.0
70,2026-04-05,TB2662,2026-04-05 09:15:00,2026-04-05 09:04:00,-11.0,2026-04-05 09:22:00,2026-04-05 09:30:00,B34 A,90.0,12.83,7.01,3.6,2.87,8.0
70,2026-04-05,TG934,2026-04-05 09:21:00,2026-04-05 09:16:00,-5.0,2026-04-05 09:38:00,2026-04-05 09:58:00,B38 A,249.0,15.1,16.49,4.91,2.38,20.0
70,2026-04-05,UA950,2026-04-05 11:22:00,2026-04-05 11:02:00,-20.0,2026-04-05 11:22:00,2026-04-05 11:45:00,B28 A,170.0,13.15,12.93,4.59,1.74,23.0
70,2026-04-05,UA994,2026-04-05 09:51:00,2026-04-05 11:28:00,97.0,2026-04-05 11:44:00,2026-04-05 12:09:00,B40 A,135.0,13.65,9.89,4.06,3.06,25.0
70,2026-04-05,XR5402,2026-04-05 07:46:00,2026-04-05 08:56:00,70.0,2026-04-05 09:23:00,2026-04-05 09:26:00,B5  A,88.0,14.47,6.08,5.18,1.61,3.0
71,2026-04-05,AC832,2026-04-05 10:17:00,2026-04-05 10:43:00,26.0,2026-04-05 11:00:00,2026-04-05 11:34:00,B14 A,172.0,13.53,12.71,5.51,1.21,34.0
71,2026-04-05,ET750,2026-04-05 11:13:00,2026-04-05 11:34:00,21.0,2026-04-05 12:17:00,2026-04-05 13:03:00,B17 A,464.0,11.81,39.29,4.8,1.75,46.0
71,2026-04-05,FH8116,2026-04-05 12:44:00,2026-04-05 12:48:00,4.0,2026-04-05 13:06:00,2026-04-05 13:13:00,B38 A,140.0,16.47,8.5,4.97,2.35,7.0
71,2026-04-05,LH1004,2026-04-05 12:50:00,2026-04-05 12:50:00,0.0,2026-04-05 13:03:00,2026-04-05 13:30:00,A43 ,40.0,12.09,3.31,5.22,1.6,27.0
71,2026-04-05,SN1122,2026-04-05 08:39:00,2026-04-05 09:08:00,29.0,2026-04-05 09:20:00,2026-04-05 09:21:00,B40 A,13.0,14.63,0.89,4.22,2.94,1.0
71,2026-04-05,SN1124,2026-04-05 07:10:00,2026-04-05 07:19:00,9.0,2026-04-05 07:32:00,2026-04-05 07:48:00,B30 A,138.0,13.54,10.19,5.92,1.51,16.0
71,2026-04-05,SN206,2026-04-05 06:25:00,2026-04-05 06:48:00,23.0,2026-04-05 07:07:00,2026-04-05 07:30:00,B38 A,154.0,13.6,11.32,5.18,2.25,23.0
71,2026-04-05,SN229,2026-04-05 08:06:00,2026-04-05 09:20:00,74.0,2026-04-05 09:41:00,2026-04-05 10:22:00,B14 A,144.0,13.83,10.41,4.0,1.67,41.0
71,2026-04-05,SN278,2026-04-05 08:43:00,2026-04-05 08:27:00,-16.0,2026-04-05 08:40:00,2026-04-05 09:10:00,B37 A,123.0,12.0,10.25,5.26,2.31,30.0
71,2026-04-05,SN2900,2026-04-05 10:44:00,2026-04-05 11:04:00,20.0,2026-04-05 11:13:00,2026-04-05 11:34:00,B32 A,49.0,11.68,4.19,3.94,2.46,21.0
71,2026-04-05,SN3326,2026-04-05 11:24:00,2026-04-05 11:41:00,17.0,2026-04-05 12:06:00,2026-04-05 12:12:00,B14 A,111.0,11.98,9.27,5.07,1.32,6.0
71,2026-04-05,SN358,2026-04-05 08:21:00,2026-04-05 08:24:00,3.0,2026-04-05 08:42:00,2026-04-05 09:09:00,B14 A,112.0,10.74,10.42,4.35,1.53,27.0
71,2026-04-05,SN379,2026-04-05 08:11:00,2026-04-05 08:40:00,29.0,2026-04-05 08:59:00,2026-04-05 09:27:00,B28 A,76.0,10.97,6.93,5.73,1.4,28.0
71,2026-04-05,SN3800,2026-04-05 06:15:00,2026-04-05 06:16:00,1.0,2026-04-05 06:28:00,2026-04-05 06:30:00,A65 ,27.0,11.26,2.4,4.65,1.79,2.0
71,2026-04-05,TB1552,2026-04-05 10:15:00,2026-04-05 10:31:00,16.0,2026-04-05 10:50:00,2026-04-05 10:59:00,A69 ,164.0,11.93,13.74,4.94,1.69,9.0
71,2026-04-05,TB2632,2026-04-05 09:29:00,2026-04-05 09:09:00,-20.0,2026-04-05 09:35:00,2026-04-05 09:44:00,B9  A,114.0,10.01,11.39,4.35,1.91,9.0
71,2026-04-05,TB2662,2026-04-05 09:15:00,2026-04-05 09:04:00,-11.0,2026-04-05 09:22:00,2026-04-05 09:30:00,B34 A,90.0,13.73,6.55,4.97,2.08,8.0
71,2026-04-05,TG934,2026-04-05 09:21:00,2026-04-05 09:16:00,-5.0,2026-04-05 09:38:00,2026-04-05 09:58:00,B38 A,249.0,13.05,19.08,5.99,1.95,20.0
71,2026-04-05,UA950,2026-04-05 10:20:00,2026-04-05 09:58:00,-22.0,2026-04-05 10:24:00,2026-04-05 10:51:00,B40 A,188.0,11.78,15.96,5.2,2.39,27.0
71,2026-04-05,UA994,2026-04-05 12:51:00,2026-04-05 12:35:00,-16.0,2026-04-05 12:54:00,2026-04-05 13:24:00,B38 A,109.0,14.25,7.65,6.43,1.82,30.0
71,2026-04-05,XR5402,2026-04-05 07:46:00,2026-04-05 08:56:00,70.0,2026-04-05 09:23:00,2026-04-05 09:26:00,B5  A,88.0,14.28,6.16,5.3,1.57,3.0
72,2026-04-05,AC832,2026-04-05 12:18:00,2026-04-05 11:38:00,-40.0,2026-04-05 11:54:00,2026-04-05 12:17:00,B30 A,100.0,10.72,9.32,4.5,1.98,23.0
72,2026-04-05,ET750,2026-04-05 11:13:00,2026-04-05 11:34:00,21.0,2026-04-05 12:17:00,2026-04-05 13:03:00,B17 A,464.0,14.96,31.01,6.3,1.34,46.0
72,2026-04-05,FH8116,2026-04-05 06:35:00,2026-04-05 06:00:00,-35.0,2026-04-05 06:07:00,2026-04-05 06:09:00,B15 A,22.0,10.51,2.09,5.51,1.4,2.0
72,2026-04-05,LH1004,2026-04-05 09:50:00,2026-04-05 09:53:00,3.0,2026-04-05 10:20:00,2026-04-05 10:27:00,A43 ,33.0,13.92,2.37,6.61,1.26,7.0
72,2026-04-05,SN1122,2026-04-05 08:39:00,2026-04-05 09:08:00,29.0,2026-04-05 09:20:00,2026-04-05 09:21:00,B40 A,13.0,11.36,1.14,4.75,2.61,1.0
72,2026-04-05,SN1124,2026-04-05 07:10:00,2026-04-05 07:19:00,9.0,2026-04-05 07:32:00,2026-04-05 07:48:00,B30 A,138.0,14.52,9.5,4.82,1.85,16.0
72,2026-04-05,SN206,2026-04-05 06:25:00,2026-04-05 06:48:00,23.0,2026-04-05 07:07:00,2026-04-05 07:30:00,B38 A,154.0,15.84,9.72,5.67,2.06,23.0
72,2026-04-05,SN229,2026-04-05 08:06:00,2026-04-05 09:20:00,74.0,2026-04-05 09:41:00,2026-04-05 10:22:00,B14 A,144.0,12.02,11.98,4.86,1.37,41.0
72,2026-04-05,SN278,2026-04-05 12:46:00,2026-04-05 12:41:00,-5.0,2026-04-05 13:04:00,2026-04-05 13:33:00,B31 A,62.0,12.52,4.95,5.2,2.07,29.0
72,2026-04-05,SN2900,2026-04-05 07:39:00,2026-04-05 07:25:00,-14.0,2026-04-05 07:38:00,2026-04-05 07:53:00,B38 A,55.0,16.2,3.39,4.19,2.78,15.0
72,2026-04-05,SN3326,2026-04-05 11:24:00,2026-04-05 11:41:00,17.0,2026-04-05 12:06:00,2026-04-05 12:12:00,B14 A,111.0,12.63,8.79,5.36,1.24,6.0
72,2026-04-05,SN358,2026-04-05 08:21:00,2026-04-05 08:24:00,3.0,2026-04-05 08:42:00,2026-04-05 09:09:00,B14 A,112.0,15.23,7.35,3.96,1.68,27.0
72,2026-04-05,SN379,2026-04-05 10:10:00,2026-04-05 11:03:00,53.0,2026-04-05 11:42:00,2026-04-05 12:19:00,B29 A,161.0,13.01,12.37,5.78,1.7,37.0
72,2026-04-05,SN3800,2026-04-05 06:15:00,2026-04-05 06:16:00,1.0,2026-04-05 06:28:00,2026-04-05 06:30:00,A65 ,27.0,12.97,2.08,3.98,2.09,2.0
72,2026-04-05,TB1552,2026-04-05 07:47:00,2026-04-05 07:43:00,-4.0,2026-04-05 07:55:00,2026-04-05 07:59:00,A68 ,66.0,12.72,5.19,4.88,1.71,4.0
72,2026-04-05,TB2632,2026-04-05 09:29:00,2026-04-05 09:09:00,-20.0,2026-04-05 09:35:00,2026-04-05 09:44:00,B9  A,114.0,11.45,9.95,5.45,1.53,9.0
72,2026-04-05,TB2662,2026-04-05 09:15:00,2026-04-05 09:04:00,-11.0,2026-04-05 09:22:00,2026-04-05 09:30:00,B34 A,90.0,12.57,7.16,3.6,2.87,8.0
72,2026-04-05,TG934,2026-04-05 09:21:00,2026-04-05 09:16:00,-5.0,2026-04-05 09:38:00,2026-04-05 09:58:00,B38 A,249.0,15.48,16.08,4.52,2.58,20.0
72,2026-04-05,UA950,2026-04-05 12:20:00,2026-04-05 11:58:00,-22.0,2026-04-05 12:14:00,2026-04-05 12:42:00,B37 A,127.0,15.2,8.36,5.14,2.37,28.0
72,2026-04-05,UA994,2026-04-05 08:51:00,2026-04-05 08:32:00,-19.0,2026-04-05 08:52:00,2026-04-05 09:25:00,B40 A,171.0,11.29,15.14,4.55,2.73,33.0
72,2026-04-05,XR5402,2026-04-05 07:46:00,2026-04-05 08:56:00,70.0,2026-04-05 09:23:00,2026-04-05 09:26:00,B5  A,88.0,12.84,6.85,7.4,1.13,3.0
73,2026-04-05,AC832,2026-04-05 11:16:00,2026-04-05 10:39:00,-37.0,2026-04-05 10:54:00,2026-04-05 11:24:00,B5  A,101.0,11.51,8.77,4.45,1.87,30.0
73,2026-04-05,ET750,2026-04-05 11:13:00,2026-04-05 11:34:00,21.0,2026-04-05 12:17:00,2026-04-05 13:03:00,B17 A,464.0,15.41,30.12,4.01,2.1,46.0
73,2026-04-05,FH8116,2026-04-05 12:44:00,2026-04-05 12:48:00,4.0,2026-04-05 13:06:00,2026-04-05 13:13:00,B38 A,140.0,12.68,11.04,5.17,2.26,7.0
73,2026-04-05,LH1004,2026-04-05 08:50:00,2026-04-05 08:53:00,3.0,2026-04-05 09:06:00,2026-04-05 09:12:00,A43 ,29.0,14.16,2.05,5.32,1.57,6.0
73,2026-04-05,SN1122,2026-04-05 08:39:00,2026-04-05 09:08:00,29.0,2026-04-05 09:20:00,2026-04-05 09:21:00,B40 A,13.0,15.8,0.82,5.55,2.24,1.0
73,2026-04-05,SN1124,2026-04-05 07:10:00,2026-04-05 07:19:00,9.0,2026-04-05 07:32:00,2026-04-05 07:48:00,B30 A,138.0,16.72,8.25,3.93,2.27,16.0
73,2026-04-05,SN206,2026-04-05 06:25:00,2026-04-05 06:48:00,23.0,2026-04-05 07:07:00,2026-04-05 07:30:00,B38 A,154.0,13.07,11.78,5.13,2.27,23.0
73,2026-04-05,SN229,2026-04-05 10:04:00,2026-04-05 10:26:00,22.0,2026-04-05 10:41:00,2026-04-05 11:10:00,B31 A,120.0,12.49,9.61,4.92,2.18,29.0
73,2026-04-05,SN278,2026-04-05 10:45:00,2026-04-05 10:42:00,-3.0,2026-04-05 11:04:00,2026-04-05 11:16:00,B28 A,198.0,11.05,17.92,3.7,2.16,12.0
73,2026-04-05,SN2900,2026-04-05 08:46:00,2026-04-05 08:33:00,-13.0,2026-04-05 08:58:00,2026-04-05 09:02:00,B14 A,79.0,12.14,6.5,3.91,1.71,4.0
73,2026-04-05,SN3326,2026-04-05 11:24:00,2026-04-05 11:41:00,17.0,2026-04-05 12:06:00,2026-04-05 12:12:00,B14 A,111.0,13.91,7.98,4.31,1.55,6.0
73,2026-04-05,SN358,2026-04-05 08:21:00,2026-04-05 08:24:00,3.0,2026-04-05 08:42:00,2026-04-05 09:09:00,B14 A,112.0,11.02,10.16,5.3,1.26,27.0
73,2026-04-05,SN379,2026-04-05 10:10:00,2026-04-05 11:03:00,53.0,2026-04-05 11:42:00,2026-04-05 12:19:00,B29 A,161.0,11.69,13.77,3.83,2.57,37.0
73,2026-04-05,SN3800,2026-04-05 06:15:00,2026-04-05 06:16:00,1.0,2026-04-05 06:28:00,2026-04-05 06:30:00,A65 ,27.0,10.1,2.67,5.03,1.66,2.0
73,2026-04-05,TB1552,2026-04-05 08:29:00,2026-04-05 08:25:00,-4.0,2026-04-05 08:46:00,2026-04-05 08:54:00,A61 ,166.0,11.92,13.93,3.85,2.17,8.0
73,2026-04-05,TB2632,2026-04-05 09:29:00,2026-04-05 09:09:00,-20.0,2026-04-05 09:35:00,2026-04-05 09:44:00,B9  A,114.0,13.88,8.21,6.67,1.25,9.0
73,2026-04-05,TB2662,2026-04-05 09:15:00,2026-04-05 09:04:00,-11.0,2026-04-05 09:22:00,2026-04-05 09:30:00,B34 A,90.0,10.96,8.21,6.2,1.67,8.0
73,2026-04-05,TG934,2026-04-05 09:21:00,2026-04-05 09:16:00,-5.0,2026-04-05 09:38:00,2026-04-05 09:58:00,B38 A,249.0,14.02,17.75,4.19,2.79,20.0
73,2026-04-05,UA950,2026-04-05 10:20:00,2026-04-05 09:58:00,-22.0,2026-04-05 10:24:00,2026-04-05 10:51:00,B40 A,188.0,14.32,13.13,4.35,2.85,27.0
73,2026-04-05,UA994,2026-04-05 08:51:00,2026-04-05 08:32:00,-19.0,2026-04-05 08:52:00,2026-04-05 09:25:00,B40 A,171.0,12.14,14.09,5.6,2.22,33.0
73,2026-04-05,XR5402,2026-04-05 07:46:00,2026-04-05 08:56:00,70.0,2026-04-05 09:23:00,2026-04-05 09:26:00,B5  A,88.0,14.82,5.94,4.49,1.85,3.0
74,2026-04-05,AC832,2026-04-05 09:18:00,2026-04-05 08:45:00,-33.0,2026-04-05 09:06:00,2026-04-05 09:59:00,B28 A,110.0,11.19,9.83,4.07,1.96,53.0
74,2026-04-05,ET750,2026-04-05 11:13:00,2026-04-05 11:34:00,21.0,2026-04-05 12:17:00,2026-04-05 13:03:00,B17 A,464.0,14.15,32.79,5.72,1.47,46.0
74,2026-04-05,FH8116,2026-04-05 12:44:00,2026-04-05 12:48:00,4.0,2026-04-05 13:06:00,2026-04-05 13:13:00,B38 A,140.0,13.75,10.18,5.02,2.33,7.0
74,2026-04-05,LH1004,2026-04-05 12:50:00,2026-04-05 12:50:00,0.0,2026-04-05 13:03:00,2026-04-05 13:30:00,A43 ,40.0,15.03,2.66,5.39,1.55,27.0
74,2026-04-05,SN1122,2026-04-05 08:39:00,2026-04-05 09:08:00,29.0,2026-04-05 09:20:00,2026-04-05 09:21:00,B40 A,13.0,14.2,0.92,4.84,2.56,1.0
74,2026-04-05,SN1124,2026-04-05 07:10:00,2026-04-05 07:19:00,9.0,2026-04-05 07:32:00,2026-04-05 07:48:00,B30 A,138.0,12.65,10.91,5.72,1.56,16.0
74,2026-04-05,SN206,2026-04-05 06:25:00,2026-04-05 06:48:00,23.0,2026-04-05 07:07:00,2026-04-05 07:30:00,B38 A,154.0,14.38,10.71,4.63,2.52,23.0
74,2026-04-05,SN229,2026-04-05 08:06:00,2026-04-05 09:20:00,74.0,2026-04-05 09:41:00,2026-04-05 10:22:00,B14 A,144.0,10.49,13.73,4.24,1.57,41.0
74,2026-04-05,SN278,2026-04-05 12:46:00,2026-04-05 12:41:00,-5.0,2026-04-05 13:04:00,2026-04-05 13:33:00,B31 A,62.0,11.97,5.18,3.86,2.78,29.0
74,2026-04-05,SN2900,2026-04-05 07:39:00,2026-04-05 07:25:00,-14.0,2026-04-05 07:38:00,2026-04-05 07:53:00,B38 A,55.0,9.11,6.04,5.28,2.21,15.0
74,2026-04-05,SN3326,2026-04-05 11:24:00,2026-04-05 11:41:00,17.0,2026-04-05 12:06:00,2026-04-05 12:12:00,B14 A,111.0,8.28,13.4,4.26,1.56,6.0
74,2026-04-05,SN358,2026-04-05 12:21:00,2026-04-05 12:23:00,2.0,2026-04-05 12:43:00,2026-04-05 13:14:00,B28 A,176.0,14.3,12.31,6.4,1.25,31.0
74,2026-04-05,SN379,2026-04-05 08:11:00,2026-04-05 08:40:00,29.0,2026-04-05 08:59:00,2026-04-05 09:27:00,B28 A,76.0,12.86,5.91,6.17,1.3,28.0
74,2026-04-05,SN3800,2026-04-05 06:15:00,2026-04-05 06:16:00,1.0,2026-04-05 06:28:00,2026-04-05 06:30:00,A65 ,27.0,10.84,2.49,3.72,2.24,2.0
74,2026-04-05,TB1552,2026-04-05 07:47:00,2026-04-05 07:43:00,-4.0,2026-04-05 07:55:00,2026-04-05 07:59:00,A68 ,66.0,14.27,4.63,4.23,1.97,4.0
74,2026-04-05,TB2632,2026-04-05 09:29:00,2026-04-05 09:09:00,-20.0,2026-04-05 09:35:00,2026-04-05 09:44:00,B9  A,114.0,13.94,8.18,5.86,1.42,9.0
74,2026-04-05,TB2662,2026-04-05 09:15:00,2026-04-05 09:04:00,-11.0,2026-04-05 09:22:00,2026-04-05 09:30:00,B34 A,90.0,10.25,8.78,5.55,1.86,8.0
74,2026-04-05,TG934,2026-04-05 09:21:00,2026-04-05 09:16:00,-5.0,2026-04-05 09:38:00,2026-04-05 09:58:00,B38 A,249.0,13.39,18.6,4.76,2.45,20.0
74,2026-04-05,UA950,2026-04-05 12:20:00,2026-04-05 11:58:00,-22.0,2026-04-05 12:14:00,2026-04-05 12:42:00,B37 A,127.0,14.53,8.74,5.46,2.23,28.0
74,2026-04-05,UA994,2026-04-05 10:51:00,2026-04-05 10:01:00,-50.0,2026-04-05 10:18:00,2026-04-05 10:42:00,B38 A,177.0,14.22,12.45,4.54,2.57,24.0
74,2026-04-05,XR5402,2026-04-05 07:46:00,2026-04-05 08:56:00,70.0,2026-04-05 09:23:00,2026-04-05 09:26:00,B5  A,88.0,14.12,6.23,5.16,1.61,3.0
75,2026-04-05,AC832,2026-04-05 12:18:00,2026-04-05 11:38:00,-40.0,2026-04-05 11:54:00,2026-04-05 12:17:00,B30 A,100.0,12.26,8.16,5.14,1.74,23.0
75,2026-04-05,ET750,2026-04-05 11:13:00,2026-04-05 11:34:00,21.0,2026-04-05 12:17:00,2026-04-05 13:03:00,B17 A,464.0,12.33,37.63,5.33,1.58,46.0
75,2026-04-05,FH8116,2026-04-05 12:44:00,2026-04-05 12:48:00,4.0,2026-04-05 13:06:00,2026-04-05 13:13:00,B38 A,140.0,15.6,8.97,5.16,2.26,7.0
75,2026-04-05,LH1004,2026-04-05 08:50:00,2026-04-05 08:53:00,3.0,2026-04-05 09:06:00,2026-04-05 09:12:00,A43 ,29.0,14.88,1.95,5.23,1.59,6.0
75,2026-04-05,SN1122,2026-04-05 08:39:00,2026-04-05 09:08:00,29.0,2026-04-05 09:20:00,2026-04-05 09:21:00,B40 A,13.0,13.24,0.98,4.97,2.5,1.0
75,2026-04-05,SN1124,2026-04-05 07:10:00,2026-04-05 07:19:00,9.0,2026-04-05 07:32:00,2026-04-05 07:48:00,B30 A,138.0,13.38,10.31,4.14,2.15,16.0
75,2026-04-05,SN206,2026-04-05 06:25:00,2026-04-05 06:48:00,23.0,2026-04-05 07:07:00,2026-04-05 07:30:00,B38 A,154.0,10.89,14.14,5.61,2.08,23.0
75,2026-04-05,SN229,2026-04-05 12:06:00,2026-04-05 12:12:00,6.0,2026-04-05 12:39:00,2026-04-05 13:03:00,B28 A,20.0,13.04,1.53,6.41,1.25,24.0
75,2026-04-05,SN278,2026-04-05 08:43:00,2026-04-05 08:27:00,-16.0,2026-04-05 08:40:00,2026-04-05 09:10:00,B37 A,123.0,13.49,9.12,6.82,1.78,30.0
75,2026-04-05,SN2900,2026-04-05 08:46:00,2026-04-05 08:33:00,-13.0,2026-04-05 08:58:00,2026-04-05 09:02:00,B14 A,79.0,11.56,6.83,5.14,1.3,4.0
75,2026-04-05,SN3326,2026-04-05 11:24:00,2026-04-05 11:41:00,17.0,2026-04-05 12:06:00,2026-04-05 12:12:00,B14 A,111.0,13.17,8.43,5.35,1.24,6.0
75,2026-04-05,SN358,2026-04-05 12:21:00,2026-04-05 12:23:00,2.0,2026-04-05 12:43:00,2026-04-05 13:14:00,B28 A,176.0,11.94,14.74,4.66,1.71,31.0
75,2026-04-05,SN379,2026-04-05 08:11:00,2026-04-05 08:40:00,29.0,2026-04-05 08:59:00,2026-04-05 09:27:00,B28 A,76.0,15.41,4.93,5.71,1.4,28.0
75,2026-04-05,SN3800,2026-04-05 06:15:00,2026-04-05 06:16:00,1.0,2026-04-05 06:28:00,2026-04-05 06:30:00,A65 ,27.0,11.55,2.34,4.16,2.0,2.0
75,2026-04-05,TB1552,2026-04-05 08:29:00,2026-04-05 08:25:00,-4.0,2026-04-05 08:46:00,2026-04-05 08:54:00,A61 ,166.0,14.41,11.52,5.83,1.43,8.0
75,2026-04-05,TB2632,2026-04-05 09:29:00,2026-04-05 09:09:00,-20.0,2026-04-05 09:35:00,2026-04-05 09:44:00,B9  A,114.0,15.31,7.44,5.38,1.55,9.0
75,2026-04-05,TB2662,2026-04-05 09:15:00,2026-04-05 09:04:00,-11.0,2026-04-05 09:22:00,2026-04-05 09:30:00,B34 A,90.0,10.66,8.44,3.81,2.71,8.0
75,2026-04-05,TG934,2026-04-05 12:22:00,2026-04-05 12:26:00,4.0,2026-04-05 12:46:00,2026-04-05 13:15:00,B34 A,260.0,15.74,16.51,4.19,2.46,29.0
75,2026-04-05,UA950,2026-04-05 10:20:00,2026-04-05 09:58:00,-22.0,2026-04-05 10:24:00,2026-04-05 10:51:00,B40 A,188.0,14.96,12.57,4.57,2.72,27.0
75,2026-04-05,UA994,2026-04-05 12:51:00,2026-04-05 12:35:00,-16.0,2026-04-05 12:54:00,2026-04-05 13:24:00,B38 A,109.0,11.53,9.45,4.7,2.48,30.0
75,2026-04-05,XR5402,2026-04-05 07:46:00,2026-04-05 08:56:00,70.0,2026-04-05 09:23:00,2026-04-05 09:26:00,B5  A,88.0,9.65,9.12,4.4,1.89,3.0
76,2026-04-05,AC832,2026-04-05 10:17:00,2026-04-05 10:43:00,26.0,2026-04-05 11:00:00,2026-04-05 11:34:00,B14 A,172.0,13.4,12.84,4.94,1.35,34.0
76,2026-04-05,ET750,2026-04-05 11:13:00,2026-04-05 11:34:00,21.0,2026-04-05 12:17:00,2026-04-05 13:03:00,B17 A,464.0,13.64,34.03,3.96,2.13,46.0
76,2026-04-05,FH8116,2026-04-05 06:35:00,2026-04-05 06:00:00,-35.0,2026-04-05 06:07:00,2026-04-05 06:09:00,B15 A,22.0,13.38,1.64,4.26,1.82,2.0
76,2026-04-05,LH1004,2026-04-05 08:50:00,2026-04-05 08:53:00,3.0,2026-04-05 09:06:00,2026-04-05 09:12:00,A43 ,29.0,11.72,2.47,4.92,1.69,6.0
76,2026-04-05,SN1122,2026-04-05 08:39:00,2026-04-05 09:08:00,29.0,2026-04-05 09:20:00,2026-04-05 09:21:00,B40 A,13.0,13.22,0.98,6.0,2.07,1.0
76,2026-04-05,SN1124,2026-04-05 07:10:00,2026-04-05 07:19:00,9.0,2026-04-05 07:32:00,2026-04-05 07:48:00,B30 A,138.0,16.41,8.41,4.33,2.06,16.0
76,2026-04-05,SN206,2026-04-05 06:25:00,2026-04-05 06:48:00,23.0,2026-04-05 07:07:00,2026-04-05 07:30:00,B38 A,154.0,11.95,12.89,7.17,1.63,23.0
76,2026-04-05,SN229,2026-04-05 12:06:00,2026-04-05 12:12:00,6.0,2026-04-05 12:39:00,2026-04-05 13:03:00,B28 A,20.0,13.35,1.5,4.15,1.93,24.0
76,2026-04-05,SN278,2026-04-05 12:46:00,2026-04-05 12:41:00,-5.0,2026-04-05 13:04:00,2026-04-05 13:33:00,B31 A,62.0,12.59,4.92,4.37,2.46,29.0
76,2026-04-05,SN2900,2026-04-05 08:46:00,2026-04-05 08:33:00,-13.0,2026-04-05 08:58:00,2026-04-05 09:02:00,B14 A,79.0,16.57,4.77,5.13,1.3,4.0
76,2026-04-05,SN3326,2026-04-05 11:24:00,2026-04-05 11:41:00,17.0,2026-04-05 12:06:00,2026-04-05 12:12:00,B14 A,111.0,8.58,12.93,4.05,1.65,6.0
76,2026-04-05,SN358,2026-04-05 10:21:00,2026-04-05 11:13:00,52.0,2026-04-05 11:43:00,2026-04-05 12:03:00,B38 A,126.0,9.3,13.55,4.79,2.44,20.0
76,2026-04-05,SN379,2026-04-05 10:10:00,2026-04-05 11:03:00,53.0,2026-04-05 11:42:00,2026-04-05 12:19:00,B29 A,161.0,12.42,12.96,4.38,2.24,37.0
76,2026-04-05,SN3800,2026-04-05 06:15:00,2026-04-05 06:16:00,1.0,2026-04-05 06:28:00,2026-04-05 06:30:00,A65 ,27.0,14.15,1.91,6.93,1.2,2.0
76,2026-04-05,TB1552,2026-04-05 07:15:00,2026-04-05 07:08:00,-7.0,2026-04-05 07:38:00,2026-04-05 07:45:00,A61 ,152.0,14.61,10.4,4.49,1.86,7.0
76,2026-04-05,TB2632,2026-04-05 09:29:00,2026-04-05 09:09:00,-20.0,2026-04-05 09:35:00,2026-04-05 09:44:00,B9  A,114.0,13.12,8.69,6.88,1.21,9.0
76,2026-04-05,TB2662,2026-04-05 09:15:00,2026-04-05 09:04:00,-11.0,2026-04-05 09:22:00,2026-04-05 09:30:00,B34 A,90.0,11.33,7.94,5.67,1.82,8.0
76,2026-04-05,TG934,2026-04-05 09:21:00,2026-04-05 09:16:00,-5.0,2026-04-05 09:38:00,2026-04-05 09:58:00,B38 A,249.0,13.23,18.83,5.29,2.2,20.0
76,2026-04-05,UA950,2026-04-05 11:22:00,2026-04-05 11:02:00,-20.0,2026-04-05 11:22:00,2026-04-05 11:45:00,B28 A,170.0,12.66,13.43,5.05,1.58,23.0
76,2026-04-05,UA994,2026-04-05 12:51:00,2026-04-05 12:35:00,-16.0,2026-04-05 12:54:00,2026-04-05 13:24:00,B38 A,109.0,11.6,9.39,4.43,2.63,30.0
76,2026-04-05,XR5402,2026-04-05 07:46:00,2026-04-05 08:56:00,70.0,2026-04-05 09:23:00,2026-04-05 09:26:00,B5  A,88.0,12.94,6.8,5.88,1.42,3.0
77,2026-04-05,AC832,2026-04-05 09:18:00,2026-04-05 08:45:00,-33.0,2026-04-05 09:06:00,2026-04-05 09:59:00,B28 A,110.0,11.91,9.24,5.95,1.34,53.0
77,2026-04-05,ET750,2026-04-05 11:13:00,2026-04-05 11:34:00,21.0,2026-04-05 12:17:00,2026-04-05 13:03:00,B17 A,464.0,14.53,31.92,6.08,1.39,46.0
77,2026-04-05,FH8116,2026-04-05 12:44:00,2026-04-05 12:48:00,4.0,2026-04-05 13:06:00,2026-04-05 13:13:00,B38 A,140.0,11.24,12.45,5.26,2.22,7.0
77,2026-04-05,LH1004,2026-04-05 12:50:00,2026-04-05 12:50:00,0.0,2026-04-05 13:03:00,2026-04-05 13:30:00,A43 ,40.0,13.39,2.99,3.55,2.35,27.0
77,2026-04-05,SN1122,2026-04-05 08:39:00,2026-04-05 09:08:00,29.0,2026-04-05 09:20:00,2026-04-05 09:21:00,B40 A,13.0,9.33,1.39,4.54,2.73,1.0
77,2026-04-05,SN1124,2026-04-05 07:10:00,2026-04-05 07:19:00,9.0,2026-04-05 07:32:00,2026-04-05 07:48:00,B30 A,138.0,14.11,9.78,5.05,1.77,16.0
77,2026-04-05,SN206,2026-04-05 06:25:00,2026-04-05 06:48:00,23.0,2026-04-05 07:07:00,2026-04-05 07:30:00,B38 A,154.0,13.17,11.69,3.96,2.95,23.0
77,2026-04-05,SN229,2026-04-05 12:06:00,2026-04-05 12:12:00,6.0,2026-04-05 12:39:00,2026-04-05 13:03:00,B28 A,20.0,11.88,1.68,3.79,2.11,24.0
77,2026-04-05,SN278,2026-04-05 08:43:00,2026-04-05 08:27:00,-16.0,2026-04-05 08:40:00,2026-04-05 09:10:00,B37 A,123.0,13.92,8.84,5.5,2.21,30.0
77,2026-04-05,SN2900,2026-04-05 10:44:00,2026-04-05 11:04:00,20.0,2026-04-05 11:13:00,2026-04-05 11:34:00,B32 A,49.0,13.28,3.69,4.86,1.99,21.0
77,2026-04-05,SN3326,2026-04-05 07:45:00,2026-04-05 08:05:00,20.0,2026-04-05 08:16:00,2026-04-05 08:36:00,B28 A,123.0,14.96,8.22,4.79,1.67,20.0
77,2026-04-05,SN358,2026-04-05 12:21:00,2026-04-05 12:23:00,2.0,2026-04-05 12:43:00,2026-04-05 13:14:00,B28 A,176.0,13.87,12.69,5.1,1.57,31.0
77,2026-04-05,SN379,2026-04-05 08:11:00,2026-04-05 08:40:00,29.0,2026-04-05 08:59:00,2026-04-05 09:27:00,B28 A,76.0,10.67,7.12,4.89,1.64,28.0
77,2026-04-05,SN3800,2026-04-05 06:15:00,2026-04-05 06:16:00,1.0,2026-04-05 06:28:00,2026-04-05 06:30:00,A65 ,27.0,12.75,2.12,3.81,2.19,2.0
77,2026-04-05,TB1552,2026-04-05 07:47:00,2026-04-05 07:43:00,-4.0,2026-04-05 07:55:00,2026-04-05 07:59:00,A68 ,66.0,16.19,4.08,3.98,2.09,4.0
77,2026-04-05,TB2632,2026-04-05 09:29:00,2026-04-05 09:09:00,-20.0,2026-04-05 09:35:00,2026-04-05 09:44:00,B9  A,114.0,15.18,7.51,3.9,2.13,9.0
77,2026-04-05,TB2662,2026-04-05 09:15:00,2026-04-05 09:04:00,-11.0,2026-04-05 09:22:00,2026-04-05 09:30:00,B34 A,90.0,11.71,7.69,4.19,2.46,8.0
77,2026-04-05,TG934,2026-04-05 09:21:00,2026-04-05 09:16:00,-5.0,2026-04-05 09:38:00,2026-04-05 09:58:00,B38 A,249.0,13.25,18.79,6.35,1.84,20.0
77,2026-04-05,UA950,2026-04-05 10:20:00,2026-04-05 09:58:00,-22.0,2026-04-05 10:24:00,2026-04-05 10:51:00,B40 A,188.0,12.75,14.75,4.38,2.84,27.0
77,2026-04-05,UA994,2026-04-05 12:51:00,2026-04-05 12:35:00,-16.0,2026-04-05 12:54:00,2026-04-05 13:24:00,B38 A,109.0,15.64,6.97,5.42,2.15,30.0
77,2026-04-05,XR5402,2026-04-05 07:46:00,2026-04-05 08:56:00,70.0,2026-04-05 09:23:00,2026-04-05 09:26:00,B5  A,88.0,12.3,7.15,3.85,2.16,3.0
78,2026-04-05,AC832,2026-04-05 08:17:00,2026-04-05 07:46:00,-31.0,2026-04-05 08:02:00,2026-04-05 08:29:00,B30 A,122.0,14.17,8.61,4.26,2.09,27.0
78,2026-04-05,ET750,2026-04-05 11:13:00,2026-04-05 11:34:00,21.0,2026-04-05 12:17:00,2026-04-05 13:03:00,B17 A,464.0,13.39,34.65,4.73,1.78,46.0
78,2026-04-05,FH8116,2026-04-05 12:44:00,2026-04-05 12:48:00,4.0,2026-04-05 13:06:00,2026-04-05 13:13:00,B38 A,140.0,9.78,14.31,4.66,2.5,7.0
78,2026-04-05,LH1004,2026-04-05 09:50:00,2026-04-05 09:53:00,3.0,2026-04-05 10:20:00,2026-04-05 10:27:00,A43 ,33.0,9.74,3.39,6.05,1.38,7.0
78,2026-04-05,SN1122,2026-04-05 08:39:00,2026-04-05 09:08:00,29.0,2026-04-05 09:20:00,2026-04-05 09:21:00,B40 A,13.0,14.4,0.9,5.23,2.37,1.0
78,2026-04-05,SN1124,2026-04-05 07:10:00,2026-04-05 07:19:00,9.0,2026-04-05 07:32:00,2026-04-05 07:48:00,B30 A,138.0,13.42,10.28,3.44,2.59,16.0
78,2026-04-05,SN206,2026-04-05 06:25:00,2026-04-05 06:48:00,23.0,2026-04-05 07:07:00,2026-04-05 07:30:00,B38 A,154.0,14.09,10.93,3.88,3.01,23.0
78,2026-04-05,SN229,2026-04-05 10:04:00,2026-04-05 10:26:00,22.0,2026-04-05 10:41:00,2026-04-05 11:10:00,B31 A,120.0,13.59,8.83,5.45,1.97,29.0
78,2026-04-05,SN278,2026-04-05 08:43:00,2026-04-05 08:27:00,-16.0,2026-04-05 08:40:00,2026-04-05 09:10:00,B37 A,123.0,13.29,9.26,4.39,2.77,30.0
78,2026-04-05,SN2900,2026-04-05 08:46:00,2026-04-05 08:33:00,-13.0,2026-04-05 08:58:00,2026-04-05 09:02:00,B14 A,79.0,10.54,7.49,4.7,1.42,4.0
78,2026-04-05,SN3326,2026-04-05 11:24:00,2026-04-05 11:41:00,17.0,2026-04-05 12:06:00,2026-04-05 12:12:00,B14 A,111.0,12.3,9.03,5.15,1.29,6.0
78,2026-04-05,SN358,2026-04-05 10:21:00,2026-04-05 11:13:00,52.0,2026-04-05 11:43:00,2026-04-05 12:03:00,B38 A,126.0,11.35,11.11,5.19,2.25,20.0
78,2026-04-05,SN379,2026-04-05 10:10:00,2026-04-05 11:03:00,53.0,2026-04-05 11:42:00,2026-04-05 12:19:00,B29 A,161.0,13.77,11.69,5.18,1.9,37.0
78,2026-04-05,SN3800,2026-04-05 06:15:00,2026-04-05 06:16:00,1.0,2026-04-05 06:28:00,2026-04-05 06:30:00,A65 ,27.0,13.8,1.96,4.67,1.78,2.0
78,2026-04-05,TB1552,2026-04-05 07:15:00,2026-04-05 07:08:00,-7.0,2026-04-05 07:38:00,2026-04-05 07:45:00,A61 ,152.0,12.91,11.77,5.01,1.66,7.0
78,2026-04-05,TB2632,2026-04-05 09:29:00,2026-04-05 09:09:00,-20.0,2026-04-05 09:35:00,2026-04-05 09:44:00,B9  A,114.0,16.07,7.09,5.04,1.65,9.0
78,2026-04-05,TB2662,2026-04-05 09:15:00,2026-04-05 09:04:00,-11.0,2026-04-05 09:22:00,2026-04-05 09:30:00,B34 A,90.0,12.11,7.43,5.87,1.76,8.0
78,2026-04-05,TG934,2026-04-05 09:21:00,2026-04-05 09:16:00,-5.0,2026-04-05 09:38:00,2026-04-05 09:58:00,B38 A,249.0,14.31,17.41,5.88,1.98,20.0
78,2026-04-05,UA950,2026-04-05 10:20:00,2026-04-05 09:58:00,-22.0,2026-04-05 10:24:00,2026-04-05 10:51:00,B40 A,188.0,14.8,12.7,4.3,2.88,27.0
78,2026-04-05,UA994,2026-04-05 10:51:00,2026-04-05 10:01:00,-50.0,2026-04-05 10:18:00,2026-04-05 10:42:00,B38 A,177.0,16.7,10.6,5.55,2.1,24.0
78,2026-04-05,XR5402,2026-04-05 07:46:00,2026-04-05 08:56:00,70.0,2026-04-05 09:23:00,2026-04-05 09:26:00,B5  A,88.0,12.52,7.03,4.68,1.78,3.0
79,2026-04-05,AC832,2026-04-05 08:17:00,2026-04-05 07:46:00,-31.0,2026-04-05 08:02:00,2026-04-05 08:29:00,B30 A,122.0,11.95,10.21,4.48,1.99,27.0
79,2026-04-05,ET750,2026-04-05 11:13:00,2026-04-05 11:34:00,21.0,2026-04-05 12:17:00,2026-04-05 13:03:00,B17 A,464.0,15.39,30.15,5.5,1.53,46.0
79,2026-04-05,FH8116,2026-04-05 06:35:00,2026-04-05 06:00:00,-35.0,2026-04-05 06:07:00,2026-04-05 06:09:00,B15 A,22.0,11.77,1.87,5.82,1.33,2.0
79,2026-04-05,LH1004,2026-04-05 08:50:00,2026-04-05 08:53:00,3.0,2026-04-05 09:06:00,2026-04-05 09:12:00,A43 ,29.0,11.57,2.51,4.6,1.81,6.0
79,2026-04-05,SN1122,2026-04-05 08:39:00,2026-04-05 09:08:00,29.0,2026-04-05 09:20:00,2026-04-05 09:21:00,B40 A,13.0,12.99,1.0,4.2,2.95,1.0
79,2026-04-05,SN1124,2026-04-05 07:10:00,2026-04-05 07:19:00,9.0,2026-04-05 07:32:00,2026-04-05 07:48:00,B30 A,138.0,12.39,11.13,4.83,1.85,16.0
79,2026-04-05,SN206,2026-04-05 06:25:00,2026-04-05 06:48:00,23.0,2026-04-05 07:07:00,2026-04-05 07:30:00,B38 A,154.0,9.75,15.79,4.34,2.69,23.0
79,2026-04-05,SN229,2026-04-05 12:06:00,2026-04-05 12:12:00,6.0,2026-04-05 12:39:00,2026-04-05 13:03:00,B28 A,20.0,13.48,1.48,5.09,1.57,24.0
79,2026-04-05,SN278,2026-04-05 12:46:00,2026-04-05 12:41:00,-5.0,2026-04-05 13:04:00,2026-04-05 13:33:00,B31 A,62.0,11.57,5.36,4.63,2.32,29.0
79,2026-04-05,SN2900,2026-04-05 07:39:00,2026-04-05 07:25:00,-14.0,2026-04-05 07:38:00,2026-04-05 07:53:00,B38 A,55.0,10.91,5.04,5.36,2.18,15.0
79,2026-04-05,SN3326,2026-04-05 11:24:00,2026-04-05 11:41:00,17.0,2026-04-05 12:06:00,2026-04-05 12:12:00,B14 A,111.0,10.52,10.55,5.64,1.18,6.0
79,2026-04-05,SN358,2026-04-05 10:21:00,2026-04-05 11:13:00,52.0,2026-04-05 11:43:00,2026-04-05 12:03:00,B38 A,126.0,11.41,11.04,5.63,2.07,20.0
79,2026-04-05,SN379,2026-04-05 10:10:00,2026-04-05 11:03:00,53.0,2026-04-05 11:42:00,2026-04-05 12:19:00,B29 A,161.0,11.74,13.71,4.91,2.0,37.0
79,2026-04-05,SN3800,2026-04-05 06:15:00,2026-04-05 06:16:00,1.0,2026-04-05 06:28:00,2026-04-05 06:30:00,A65 ,27.0,11.74,2.3,5.66,1.47,2.0
79,2026-04-05,TB1552,2026-04-05 07:47:00,2026-04-05 07:43:00,-4.0,2026-04-05 07:55:00,2026-04-05 07:59:00,A68 ,66.0,12.37,5.34,4.1,2.03,4.0
79,2026-04-05,TB2632,2026-04-05 09:29:00,2026-04-05 09:09:00,-20.0,2026-04-05 09:35:00,2026-04-05 09:44:00,B9  A,114.0,12.6,9.05,5.08,1.64,9.0
79,2026-04-05,TB2662,2026-04-05 09:15:00,2026-04-05 09:04:00,-11.0,2026-04-05 09:22:00,2026-04-05 09:30:00,B34 A,90.0,13.89,6.48,5.23,1.98,8.0
79,2026-04-05,TG934,2026-04-05 09:21:00,2026-04-05 09:16:00,-5.0,2026-04-05 09:38:00,2026-04-05 09:58:00,B38 A,249.0,14.07,17.7,5.61,2.08,20.0
79,2026-04-05,UA950,2026-04-05 08:20:00,2026-04-05 08:20:00,0.0,2026-04-05 08:36:00,2026-04-05 09:25:00,B38 A,176.0,14.54,12.1,4.59,2.54,49.0
79,2026-04-05,UA994,2026-04-05 10:51:00,2026-04-05 10:01:00,-50.0,2026-04-05 10:18:00,2026-04-05 10:42:00,B38 A,177.0,12.85,13.78,5.33,2.19,24.0
79,2026-04-05,XR5402,2026-04-05 07:46:00,2026-04-05 08:56:00,70.0,2026-04-05 09:23:00,2026-04-05 09:26:00,B5  A,88.0,13.45,6.54,4.6,1.81,3.0
80,2026-04-05,AC832,2026-04-05 12:18:00,2026-04-05 11:38:00,-40.0,2026-04-05 11:54:00,2026-04-05 12:17:00,B30 A,100.0,8.55,11.69,5.11,1.75,23.0
80,2026-04-05,ET750,2026-04-05 11:13:00,2026-04-05 11:34:00,21.0,2026-04-05 12:17:00,2026-04-05 13:03:00,B17 A,464.0,11.68,39.72,4.62,1.82,46.0
80,2026-04-05,FH8116,2026-04-05 12:44:00,2026-04-05 12:48:00,4.0,2026-04-05 13:06:00,2026-04-05 13:13:00,B38 A,140.0,8.98,15.59,5.35,2.18,7.0
80,2026-04-05,LH1004,2026-04-05 11:51:00,2026-04-05 11:47:00,-4.0,2026-04-05 12:07:00,2026-04-05 12:12:00,A43 ,23.0,10.47,2.2,6.29,1.32,5.0
80,2026-04-05,SN1122,2026-04-05 08:39:00,2026-04-05 09:08:00,29.0,2026-04-05 09:20:00,2026-04-05 09:21:00,B40 A,13.0,13.08,0.99,4.73,2.63,1.0
80,2026-04-05,SN1124,2026-04-05 07:10:00,2026-04-05 07:19:00,9.0,2026-04-05 07:32:00,2026-04-05 07:48:00,B30 A,138.0,14.39,9.59,4.9,1.82,16.0
80,2026-04-05,SN206,2026-04-05 06:25:00,2026-04-05 06:48:00,23.0,2026-04-05 07:07:00,2026-04-05 07:30:00,B38 A,154.0,10.93,14.08,5.58,2.09,23.0
80,2026-04-05,SN229,2026-04-05 10:04:00,2026-04-05 10:26:00,22.0,2026-04-05 10:41:00,2026-04-05 11:10:00,B31 A,120.0,10.29,11.66,4.12,2.61,29.0
80,2026-04-05,SN278,2026-04-05 08:43:00,2026-04-05 08:27:00,-16.0,2026-04-05 08:40:00,2026-04-05 09:10:00,B37 A,123.0,14.22,8.65,5.02,2.42,30.0
80,2026-04-05,SN2900,2026-04-05 10:44:00,2026-04-05 11:04:00,20.0,2026-04-05 11:13:00,2026-04-05 11:34:00,B32 A,49.0,11.76,4.17,4.02,2.4,21.0
80,2026-04-05,SN3326,2026-04-05 07:45:00,2026-04-05 08:05:00,20.0,2026-04-05 08:16:00,2026-04-05 08:36:00,B28 A,123.0,15.69,7.84,4.66,1.72,20.0
80,2026-04-05,SN358,2026-04-05 10:21:00,2026-04-05 11:13:00,52.0,2026-04-05 11:43:00,2026-04-05 12:03:00,B38 A,126.0,12.62,9.98,5.26,2.22,20.0
80,2026-04-05,SN379,2026-04-05 08:11:00,2026-04-05 08:40:00,29.0,2026-04-05 08:59:00,2026-04-05 09:27:00,B28 A,76.0,9.99,7.61,6.0,1.33,28.0
80,2026-04-05,SN3800,2026-04-05 06:15:00,2026-04-05 06:16:00,1.0,2026-04-05 06:28:00,2026-04-05 06:30:00,A65 ,27.0,12.22,2.21,5.59,1.49,2.0
80,2026-04-05,TB1552,2026-04-05 08:29:00,2026-04-05 08:25:00,-4.0,2026-04-05 08:46:00,2026-04-05 08:54:00,A61 ,166.0,15.0,11.07,4.73,1.76,8.0
80,2026-04-05,TB2632,2026-04-05 09:29:00,2026-04-05 09:09:00,-20.0,2026-04-05 09:35:00,2026-04-05 09:44:00,B9  A,114.0,12.35,9.23,6.26,1.33,9.0
80,2026-04-05,TB2662,2026-04-05 09:15:00,2026-04-05 09:04:00,-11.0,2026-04-05 09:22:00,2026-04-05 09:30:00,B34 A,90.0,13.42,6.71,5.65,1.83,8.0
80,2026-04-05,TG934,2026-04-05 09:21:00,2026-04-05 09:16:00,-5.0,2026-04-05 09:38:00,2026-04-05 09:58:00,B38 A,249.0,14.77,16.86,4.7,2.48,20.0
80,2026-04-05,UA950,2026-04-05 12:20:00,2026-04-05 11:58:00,-22.0,2026-04-05 12:14:00,2026-04-05 12:42:00,B37 A,127.0,15.33,8.28,5.44,2.24,28.0
80,2026-04-05,UA994,2026-04-05 09:51:00,2026-04-05 11:28:00,97.0,2026-04-05 11:44:00,2026-04-05 12:09:00,B40 A,135.0,10.79,12.52,4.34,2.86,25.0
80,2026-04-05,XR5402,2026-04-05 07:46:00,2026-04-05 08:56:00,70.0,2026-04-05 09:23:00,2026-04-05 09:26:00,B5  A,88.0,11.82,7.44,5.93,1.41,3.0
81,2026-04-05,AC832,2026-04-05 08:17:00,2026-04-05 07:46:00,-31.0,2026-04-05 08:02:00,2026-04-05 08:29:00,B30 A,122.0,13.35,9.14,6.48,1.38,27.0
81,2026-04-05,ET750,2026-04-05 11:13:00,2026-04-05 11:34:00,21.0,2026-04-05 12:17:00,2026-04-05 13:03:00,B17 A,464.0,14.39,32.24,4.86,1.73,46.0
81,2026-04-05,FH8116,2026-04-05 12:44:00,2026-04-05 12:48:00,4.0,2026-04-05 13:06:00,2026-04-05 13:13:00,B38 A,140.0,9.67,14.48,5.14,2.27,7.0
81,2026-04-05,LH1004,2026-04-05 08:50:00,2026-04-05 08:53:00,3.0,2026-04-05 09:06:00,2026-04-05 09:12:00,A43 ,29.0,11.22,2.59,3.84,2.17,6.0
81,2026-04-05,SN1122,2026-04-05 08:39:00,2026-04-05 09:08:00,29.0,2026-04-05 09:20:00,2026-04-05 09:21:00,B40 A,13.0,13.22,0.98,4.17,2.98,1.0
81,2026-04-05,SN1124,2026-04-05 07:10:00,2026-04-05 07:19:00,9.0,2026-04-05 07:32:00,2026-04-05 07:48:00,B30 A,138.0,12.78,10.8,6.15,1.45,16.0
81,2026-04-05,SN206,2026-04-05 06:25:00,2026-04-05 06:48:00,23.0,2026-04-05 07:07:00,2026-04-05 07:30:00,B38 A,154.0,14.24,10.82,6.35,1.84,23.0
81,2026-04-05,SN229,2026-04-05 10:04:00,2026-04-05 10:26:00,22.0,2026-04-05 10:41:00,2026-04-05 11:10:00,B31 A,120.0,15.2,7.89,5.76,1.87,29.0
81,2026-04-05,SN278,2026-04-05 08:43:00,2026-04-05 08:27:00,-16.0,2026-04-05 08:40:00,2026-04-05 09:10:00,B37 A,123.0,12.35,9.96,4.98,2.44,30.0
81,2026-04-05,SN2900,2026-04-05 08:46:00,2026-04-05 08:33:00,-13.0,2026-04-05 08:58:00,2026-04-05 09:02:00,B14 A,79.0,11.2,7.05,5.46,1.22,4.0
81,2026-04-05,SN3326,2026-04-05 11:24:00,2026-04-05 11:41:00,17.0,2026-04-05 12:06:00,2026-04-05 12:12:00,B14 A,111.0,10.28,10.8,5.31,1.26,6.0
81,2026-04-05,SN358,2026-04-05 08:21:00,2026-04-05 08:24:00,3.0,2026-04-05 08:42:00,2026-04-05 09:09:00,B14 A,112.0,14.37,7.79,7.1,0.94,27.0
81,2026-04-05,SN379,2026-04-05 10:10:00,2026-04-05 11:03:00,53.0,2026-04-05 11:42:00,2026-04-05 12:19:00,B29 A,161.0,15.94,10.1,5.09,1.93,37.0
81,2026-04-05,SN3800,2026-04-05 06:15:00,2026-04-05 06:16:00,1.0,2026-04-05 06:28:00,2026-04-05 06:30:00,A65 ,27.0,12.9,2.09,5.53,1.51,2.0
81,2026-04-05,TB1552,2026-04-05 07:15:00,2026-04-05 07:08:00,-7.0,2026-04-05 07:38:00,2026-04-05 07:45:00,A61 ,152.0,11.7,13.0,4.65,1.79,7.0
81,2026-04-05,TB2632,2026-04-05 09:29:00,2026-04-05 09:09:00,-20.0,2026-04-05 09:35:00,2026-04-05 09:44:00,B9  A,114.0,9.68,11.78,4.66,1.79,9.0
81,2026-04-05,TB2662,2026-04-05 09:15:00,2026-04-05 09:04:00,-11.0,2026-04-05 09:22:00,2026-04-05 09:30:00,B34 A,90.0,14.25,6.31,4.36,2.37,8.0
81,2026-04-05,TG934,2026-04-05 09:21:00,2026-04-05 09:16:00,-5.0,2026-04-05 09:38:00,2026-04-05 09:58:00,B38 A,249.0,13.46,18.49,4.02,2.9,20.0
81,2026-04-05,UA950,2026-04-05 09:21:00,2026-04-05 08:45:00,-36.0,2026-04-05 09:03:00,2026-04-05 09:29:00,B5  A,163.0,11.99,13.59,5.35,1.56,26.0
81,2026-04-05,UA994,2026-04-05 10:51:00,2026-04-05 10:01:00,-50.0,2026-04-05 10:18:00,2026-04-05 10:42:00,B38 A,177.0,14.49,12.21,4.57,2.55,24.0
81,2026-04-05,XR5402,2026-04-05 07:46:00,2026-04-05 08:56:00,70.0,2026-04-05 09:23:00,2026-04-05 09:26:00,B5  A,88.0,13.47,6.53,5.85,1.42,3.0
82,2026-04-05,AC832,2026-04-05 09:18:00,2026-04-05 08:45:00,-33.0,2026-04-05 09:06:00,2026-04-05 09:59:00,B28 A,110.0,13.63,8.07,5.31,1.51,53.0
82,2026-04-05,ET750,2026-04-05 11:13:00,2026-04-05 11:34:00,21.0,2026-04-05 12:17:00,2026-04-05 13:03:00,B17 A,464.0,13.12,35.37,3.65,2.31,46.0
82,2026-04-05,FH8116,2026-04-05 12:44:00,2026-04-05 12:48:00,4.0,2026-04-05 13:06:00,2026-04-05 13:13:00,B38 A,140.0,13.12,10.67,4.74,2.46,7.0
82,2026-04-05,LH1004,2026-04-05 08:50:00,2026-04-05 08:53:00,3.0,2026-04-05 09:06:00,2026-04-05 09:12:00,A43 ,29.0,16.28,1.78,4.7,1.77,6.0
82,2026-04-05,SN1122,2026-04-05 08:39:00,2026-04-05 09:08:00,29.0,2026-04-05 09:20:00,2026-04-05 09:21:00,B40 A,13.0,11.16,1.16,4.97,2.5,1.0
82,2026-04-05,SN1124,2026-04-05 07:10:00,2026-04-05 07:19:00,9.0,2026-04-05 07:32:00,2026-04-05 07:48:00,B30 A,138.0,14.23,9.7,4.62,1.93,16.0
82,2026-04-05,SN206,2026-04-05 06:25:00,2026-04-05 06:48:00,23.0,2026-04-05 07:07:00,2026-04-05 07:30:00,B38 A,154.0,16.92,9.1,4.87,2.39,23.0
82,2026-04-05,SN229,2026-04-05 10:04:00,2026-04-05 10:26:00,22.0,2026-04-05 10:41:00,2026-04-05 11:10:00,B31 A,120.0,15.92,7.54,6.26,1.72,29.0
82,2026-04-05,SN278,2026-04-05 12:46:00,2026-04-05 12:41:00,-5.0,2026-04-05 13:04:00,2026-04-05 13:33:00,B31 A,62.0,13.22,4.69,6.66,1.61,29.0
82,2026-04-05,SN2900,2026-04-05 07:39:00,2026-04-05 07:25:00,-14.0,2026-04-05 07:38:00,2026-04-05 07:53:00,B38 A,55.0,15.66,3.51,4.7,2.48,15.0
82,2026-04-05,SN3326,2026-04-05 11:24:00,2026-04-05 11:41:00,17.0,2026-04-05 12:06:00,2026-04-05 12:12:00,B14 A,111.0,12.18,9.11,5.84,1.14,6.0
82,2026-04-05,SN358,2026-04-05 12:21:00,2026-04-05 12:23:00,2.0,2026-04-05 12:43:00,2026-04-05 13:14:00,B28 A,176.0,15.03,11.71,4.39,1.82,31.0
82,2026-04-05,SN379,2026-04-05 08:11:00,2026-04-05 08:40:00,29.0,2026-04-05 08:59:00,2026-04-05 09:27:00,B28 A,76.0,13.12,5.79,5.05,1.58,28.0
82,2026-04-05,SN3800,2026-04-05 06:15:00,2026-04-05 06:16:00,1.0,2026-04-05 06:28:00,2026-04-05 06:30:00,A65 ,27.0,14.25,1.9,3.71,2.24,2.0
82,2026-04-05,TB1552,2026-04-05 10:15:00,2026-04-05 10:31:00,16.0,2026-04-05 10:50:00,2026-04-05 10:59:00,A69 ,164.0,11.72,13.99,7.72,1.08,9.0
82,2026-04-05,TB2632,2026-04-05 09:29:00,2026-04-05 09:09:00,-20.0,2026-04-05 09:35:00,2026-04-05 09:44:00,B9  A,114.0,13.45,8.48,4.02,2.07,9.0
82,2026-04-05,TB2662,2026-04-05 09:15:00,2026-04-05 09:04:00,-11.0,2026-04-05 09:22:00,2026-04-05 09:30:00,B34 A,90.0,13.98,6.44,4.95,2.09,8.0
82,2026-04-05,TG934,2026-04-05 09:21:00,2026-04-05 09:16:00,-5.0,2026-04-05 09:38:00,2026-04-05 09:58:00,B38 A,249.0,15.4,16.17,5.13,2.28,20.0
82,2026-04-05,UA950,2026-04-05 09:21:00,2026-04-05 08:45:00,-36.0,2026-04-05 09:03:00,2026-04-05 09:29:00,B5  A,163.0,11.31,14.42,4.56,1.83,26.0
82,2026-04-05,UA994,2026-04-05 09:51:00,2026-04-05 11:28:00,97.0,2026-04-05 11:44:00,2026-04-05 12:09:00,B40 A,135.0,12.38,10.9,5.18,2.4,25.0
82,2026-04-05,XR5402,2026-04-05 07:46:00,2026-04-05 08:56:00,70.0,2026-04-05 09:23:00,2026-04-05 09:26:00,B5  A,88.0,11.53,7.63,4.11,2.03,3.0
83,2026-04-05,AC832,2026-04-05 09:18:00,2026-04-05 08:45:00,-33.0,2026-04-05 09:06:00,2026-04-05 09:59:00,B28 A,110.0,11.62,9.47,4.96,1.61,53.0
83,2026-04-05,ET750,2026-04-05 11:13:00,2026-04-05 11:34:00,21.0,2026-04-05 12:17:00,2026-04-05 13:03:00,B17 A,464.0,11.8,39.31,4.92,1.71,46.0
83,2026-04-05,FH8116,2026-04-05 06:35:00,2026-04-05 06:00:00,-35.0,2026-04-05 06:07:00,2026-04-05 06:09:00,B15 A,22.0,9.7,2.27,5.37,1.44,2.0
83,2026-04-05,LH1004,2026-04-05 08:50:00,2026-04-05 08:53:00,3.0,2026-04-05 09:06:00,2026-04-05 09:12:00,A43 ,29.0,11.6,2.5,4.08,2.04,6.0
83,2026-04-05,SN1122,2026-04-05 08:39:00,2026-04-05 09:08:00,29.0,2026-04-05 09:20:00,2026-04-05 09:21:00,B40 A,13.0,13.58,0.96,3.47,3.58,1.0
83,2026-04-05,SN1124,2026-04-05 07:10:00,2026-04-05 07:19:00,9.0,2026-04-05 07:32:00,2026-04-05 07:48:00,B30 A,138.0,14.58,9.46,5.02,1.77,16.0
83,2026-04-05,SN206,2026-04-05 06:25:00,2026-04-05 06:48:00,23.0,2026-04-05 07:07:00,2026-04-05 07:30:00,B38 A,154.0,14.29,10.77,4.92,2.37,23.0
83,2026-04-05,SN229,2026-04-05 10:04:00,2026-04-05 10:26:00,22.0,2026-04-05 10:41:00,2026-04-05 11:10:00,B31 A,120.0,9.58,12.53,5.64,1.91,29.0
83,2026-04-05,SN278,2026-04-05 12:46:00,2026-04-05 12:41:00,-5.0,2026-04-05 13:04:00,2026-04-05 13:33:00,B31 A,62.0,12.69,4.89,4.96,2.17,29.0
83,2026-04-05,SN2900,2026-04-05 10:44:00,2026-04-05 11:04:00,20.0,2026-04-05 11:13:00,2026-04-05 11:34:00,B32 A,49.0,15.2,3.22,4.32,2.24,21.0
83,2026-04-05,SN3326,2026-04-05 11:24:00,2026-04-05 11:41:00,17.0,2026-04-05 12:06:00,2026-04-05 12:12:00,B14 A,111.0,15.06,7.37,5.55,1.2,6.0
83,2026-04-05,SN358,2026-04-05 08:21:00,2026-04-05 08:24:00,3.0,2026-04-05 08:42:00,2026-04-05 09:09:00,B14 A,112.0,12.57,8.91,7.19,0.93,27.0
83,2026-04-05,SN379,2026-04-05 10:10:00,2026-04-05 11:03:00,53.0,2026-04-05 11:42:00,2026-04-05 12:19:00,B29 A,161.0,15.03,10.71,6.78,1.45,37.0
83,2026-04-05,SN3800,2026-04-05 06:15:00,2026-04-05 06:16:00,1.0,2026-04-05 06:28:00,2026-04-05 06:30:00,A65 ,27.0,15.43,1.75,5.9,1.41,2.0
83,2026-04-05,TB1552,2026-04-05 10:15:00,2026-04-05 10:31:00,16.0,2026-04-05 10:50:00,2026-04-05 10:59:00,A69 ,164.0,12.09,13.56,4.92,1.69,9.0
83,2026-04-05,TB2632,2026-04-05 09:29:00,2026-04-05 09:09:00,-20.0,2026-04-05 09:35:00,2026-04-05 09:44:00,B9  A,114.0,13.34,8.55,3.4,2.45,9.0
83,2026-04-05,TB2662,2026-04-05 09:15:00,2026-04-05 09:04:00,-11.0,2026-04-05 09:22:00,2026-04-05 09:30:00,B34 A,90.0,11.61,7.75,6.03,1.71,8.0
83,2026-04-05,TG934,2026-04-05 12:22:00,2026-04-05 12:26:00,4.0,2026-04-05 12:46:00,2026-04-05 13:15:00,B34 A,260.0,15.33,16.96,4.2,2.46,29.0
83,2026-04-05,UA950,2026-04-05 10:20:00,2026-04-05 09:58:00,-22.0,2026-04-05 10:24:00,2026-04-05 10:51:00,B40 A,188.0,9.99,18.82,4.62,2.69,27.0
83,2026-04-05,UA994,2026-04-05 08:51:00,2026-04-05 08:32:00,-19.0,2026-04-05 08:52:00,2026-04-05 09:25:00,B40 A,171.0,13.64,12.54,4.29,2.89,33.0
83,2026-04-05,XR5402,2026-04-05 07:46:00,2026-04-05 08:56:00,70.0,2026-04-05 09:23:00,2026-04-05 09:26:00,B5  A,88.0,12.9,6.82,5.79,1.44,3.0
84,2026-04-05,AC832,2026-04-05 08:17:00,2026-04-05 07:46:00,-31.0,2026-04-05 08:02:00,2026-04-05 08:29:00,B30 A,122.0,9.92,12.3,4.52,1.97,27.0
84,2026-04-05,ET750,2026-04-05 11:13:00,2026-04-05 11:34:00,21.0,2026-04-05 12:17:00,2026-04-05 13:03:00,B17 A,464.0,13.9,33.38,4.98,1.69,46.0
84,2026-04-05,FH8116,2026-04-05 06:35:00,2026-04-05 06:00:00,-35.0,2026-04-05 06:07:00,2026-04-05 06:09:00,B15 A,22.0,11.43,1.92,5.56,1.39,2.0
84,2026-04-05,LH1004,2026-04-05 09:50:00,2026-04-05 09:53:00,3.0,2026-04-05 10:20:00,2026-04-05 10:27:00,A43 ,33.0,14.24,2.32,3.68,2.27,7.0
84,2026-04-05,SN1122,2026-04-05 08:39:00,2026-04-05 09:08:00,29.0,2026-04-05 09:20:00,2026-04-05 09:21:00,B40 A,13.0,11.62,1.12,5.25,2.37,1.0
84,2026-04-05,SN1124,2026-04-05 07:10:00,2026-04-05 07:19:00,9.0,2026-04-05 07:32:00,2026-04-05 07:48:00,B30 A,138.0,13.28,10.39,4.85,1.84,16.0
84,2026-04-05,SN206,2026-04-05 06:25:00,2026-04-05 06:48:00,23.0,2026-04-05 07:07:00,2026-04-05 07:30:00,B38 A,154.0,14.19,10.85,4.87,2.39,23.0
84,2026-04-05,SN229,2026-04-05 08:06:00,2026-04-05 09:20:00,74.0,2026-04-05 09:41:00,2026-04-05 10:22:00,B14 A,144.0,9.0,16.01,4.79,1.39,41.0
84,2026-04-05,SN278,2026-04-05 12:46:00,2026-04-05 12:41:00,-5.0,2026-04-05 13:04:00,2026-04-05 13:33:00,B31 A,62.0,15.08,4.11,6.02,1.79,29.0
84,2026-04-05,SN2900,2026-04-05 10:44:00,2026-04-05 11:04:00,20.0,2026-04-05 11:13:00,2026-04-05 11:34:00,B32 A,49.0,11.7,4.19,4.5,2.15,21.0
84,2026-04-05,SN3326,2026-04-05 11:24:00,2026-04-05 11:41:00,17.0,2026-04-05 12:06:00,2026-04-05 12:12:00,B14 A,111.0,12.53,8.86,4.92,1.36,6.0
84,2026-04-05,SN358,2026-04-05 08:21:00,2026-04-05 08:24:00,3.0,2026-04-05 08:42:00,2026-04-05 09:09:00,B14 A,112.0,11.19,10.01,4.38,1.52,27.0
84,2026-04-05,SN379,2026-04-05 08:11:00,2026-04-05 08:40:00,29.0,2026-04-05 08:59:00,2026-04-05 09:27:00,B28 A,76.0,10.57,7.19,4.1,1.95,28.0
84,2026-04-05,SN3800,2026-04-05 06:15:00,2026-04-05 06:16:00,1.0,2026-04-05 06:28:00,2026-04-05 06:30:00,A65 ,27.0,12.44,2.17,5.09,1.64,2.0
84,2026-04-05,TB1552,2026-04-05 07:15:00,2026-04-05 07:08:00,-7.0,2026-04-05 07:38:00,2026-04-05 07:45:00,A61 ,152.0,9.4,16.18,4.58,1.82,7.0
84,2026-04-05,TB2632,2026-04-05 09:29:00,2026-04-05 09:09:00,-20.0,2026-04-05 09:35:00,2026-04-05 09:44:00,B9  A,114.0,12.6,9.04,6.9,1.21,9.0
84,2026-04-05,TB2662,2026-04-05 09:15:00,2026-04-05 09:04:00,-11.0,2026-04-05 09:22:00,2026-04-05 09:30:00,B34 A,90.0,9.56,9.41,5.77,1.79,8.0
84,2026-04-05,TG934,2026-04-05 09:21:00,2026-04-05 09:16:00,-5.0,2026-04-05 09:38:00,2026-04-05 09:58:00,B38 A,249.0,14.76,16.87,3.79,3.08,20.0
84,2026-04-05,UA950,2026-04-05 12:20:00,2026-04-05 11:58:00,-22.0,2026-04-05 12:14:00,2026-04-05 12:42:00,B37 A,127.0,11.4,11.14,4.81,2.53,28.0
84,2026-04-05,UA994,2026-04-05 11:51:00,2026-04-05 11:37:00,-14.0,2026-04-05 11:55:00,2026-04-05 12:25:00,B40 A,157.0,12.52,12.54,4.47,2.78,30.0
84,2026-04-05,XR5402,2026-04-05 07:46:00,2026-04-05 08:56:00,70.0,2026-04-05 09:23:00,2026-04-05 09:26:00,B5  A,88.0,15.21,5.79,4.23,1.97,3.0
85,2026-04-05,AC832,2026-04-05 10:17:00,2026-04-05 10:43:00,26.0,2026-04-05 11:00:00,2026-04-05 11:34:00,B14 A,172.0,13.49,12.75,5.53,1.2,34.0
85,2026-04-05,ET750,2026-04-05 11:13:00,2026-04-05 11:34:00,21.0,2026-04-05 12:17:00,2026-04-05 13:03:00,B17 A,464.0,13.72,33.82,6.33,1.33,46.0
85,2026-04-05,FH8116,2026-04-05 12:44:00,2026-04-05 12:48:00,4.0,2026-04-05 13:06:00,2026-04-05 13:13:00,B38 A,140.0,12.28,11.4,4.74,2.46,7.0
85,2026-04-05,LH1004,2026-04-05 09:50:00,2026-04-05 09:53:00,3.0,2026-04-05 10:20:00,2026-04-05 10:27:00,A43 ,33.0,13.38,2.47,4.01,2.08,7.0
85,2026-04-05,SN1122,2026-04-05 08:39:00,2026-04-05 09:08:00,29.0,2026-04-05 09:20:00,2026-04-05 09:21:00,B40 A,13.0,11.1,1.17,5.94,2.09,1.0
85,2026-04-05,SN1124,2026-04-05 07:10:00,2026-04-05 07:19:00,9.0,2026-04-05 07:32:00,2026-04-05 07:48:00,B30 A,138.0,13.51,10.21,5.24,1.7,16.0
85,2026-04-05,SN206,2026-04-05 06:25:00,2026-04-05 06:48:00,23.0,2026-04-05 07:07:00,2026-04-05 07:30:00,B38 A,154.0,13.51,11.4,3.97,2.94,23.0
85,2026-04-05,SN229,2026-04-05 08:06:00,2026-04-05 09:20:00,74.0,2026-04-05 09:41:00,2026-04-05 10:22:00,B14 A,144.0,8.29,17.37,6.41,1.04,41.0
85,2026-04-05,SN278,2026-04-05 10:45:00,2026-04-05 10:42:00,-3.0,2026-04-05 11:04:00,2026-04-05 11:16:00,B28 A,198.0,12.95,15.29,4.27,1.88,12.0
85,2026-04-05,SN2900,2026-04-05 07:39:00,2026-04-05 07:25:00,-14.0,2026-04-05 07:38:00,2026-04-05 07:53:00,B38 A,55.0,13.03,4.22,4.27,2.73,15.0
85,2026-04-05,SN3326,2026-04-05 11:24:00,2026-04-05 11:41:00,17.0,2026-04-05 12:06:00,2026-04-05 12:12:00,B14 A,111.0,11.75,9.45,4.58,1.46,6.0
85,2026-04-05,SN358,2026-04-05 08:21:00,2026-04-05 08:24:00,3.0,2026-04-05 08:42:00,2026-04-05 09:09:00,B14 A,112.0,16.28,6.88,5.4,1.23,27.0
85,2026-04-05,SN379,2026-04-05 10:10:00,2026-04-05 11:03:00,53.0,2026-04-05 11:42:00,2026-04-05 12:19:00,B29 A,161.0,12.17,13.23,4.52,2.17,37.0
85,2026-04-05,SN3800,2026-04-05 06:15:00,2026-04-05 06:16:00,1.0,2026-04-05 06:28:00,2026-04-05 06:30:00,A65 ,27.0,12.88,2.1,3.56,2.34,2.0
85,2026-04-05,TB1552,2026-04-05 07:47:00,2026-04-05 07:43:00,-4.0,2026-04-05 07:55:00,2026-04-05 07:59:00,A68 ,66.0,14.53,4.54,5.93,1.41,4.0
85,2026-04-05,TB2632,2026-04-05 09:29:00,2026-04-05 09:09:00,-20.0,2026-04-05 09:35:00,2026-04-05 09:44:00,B9  A,114.0,11.81,9.65,5.46,1.53,9.0
85,2026-04-05,TB2662,2026-04-05 09:15:00,2026-04-05 09:04:00,-11.0,2026-04-05 09:22:00,2026-04-05 09:30:00,B34 A,90.0,12.75,7.06,3.54,2.92,8.0
85,2026-04-05,TG934,2026-04-05 09:21:00,2026-04-05 09:16:00,-5.0,2026-04-05 09:38:00,2026-04-05 09:58:00,B38 A,249.0,13.24,18.81,4.91,2.38,20.0
85,2026-04-05,UA950,2026-04-05 08:20:00,2026-04-05 08:20:00,0.0,2026-04-05 08:36:00,2026-04-05 09:25:00,B38 A,176.0,15.62,11.27,4.89,2.38,49.0
85,2026-04-05,UA994,2026-04-05 08:51:00,2026-04-05 08:32:00,-19.0,2026-04-05 08:52:00,2026-04-05 09:25:00,B40 A,171.0,13.7,12.48,4.44,2.8,33.0
85,2026-04-05,XR5402,2026-04-05 07:46:00,2026-04-05 08:56:00,70.0,2026-04-05 09:23:00,2026-04-05 09:26:00,B5  A,88.0,14.38,6.12,6.27,1.33,3.0
86,2026-04-05,AC832,2026-04-05 10:17:00,2026-04-05 10:43:00,26.0,2026-04-05 11:00:00,2026-04-05 11:34:00,B14 A,172.0,12.69,13.56,5.17,1.29,34.0
86,2026-04-05,ET750,2026-04-05 11:13:00,2026-04-05 11:34:00,21.0,2026-04-05 12:17:00,2026-04-05 13:03:00,B17 A,464.0,13.08,35.47,4.02,2.1,46.0
86,2026-04-05,FH8116,2026-04-05 06:35:00,2026-04-05 06:00:00,-35.0,2026-04-05 06:07:00,2026-04-05 06:09:00,B15 A,22.0,11.17,1.97,4.52,1.71,2.0
86,2026-04-05,LH1004,2026-04-05 09:50:00,2026-04-05 09:53:00,3.0,2026-04-05 10:20:00,2026-04-05 10:27:00,A43 ,33.0,10.52,3.14,5.5,1.51,7.0
86,2026-04-05,SN1122,2026-04-05 08:39:00,2026-04-05 09:08:00,29.0,2026-04-05 09:20:00,2026-04-05 09:21:00,B40 A,13.0,15.74,0.83,4.07,3.05,1.0
86,2026-04-05,SN1124,2026-04-05 07:10:00,2026-04-05 07:19:00,9.0,2026-04-05 07:32:00,2026-04-05 07:48:00,B30 A,138.0,14.44,9.56,5.93,1.5,16.0
86,2026-04-05,SN206,2026-04-05 06:25:00,2026-04-05 06:48:00,23.0,2026-04-05 07:07:00,2026-04-05 07:30:00,B38 A,154.0,15.25,10.1,4.86,2.4,23.0
86,2026-04-05,SN229,2026-04-05 10:04:00,2026-04-05 10:26:00,22.0,2026-04-05 10:41:00,2026-04-05 11:10:00,B31 A,120.0,10.82,11.09,5.63,1.91,29.0
86,2026-04-05,SN278,2026-04-05 08:43:00,2026-04-05 08:27:00,-16.0,2026-04-05 08:40:00,2026-04-05 09:10:00,B37 A,123.0,13.19,9.32,5.81,2.09,30.0
86,2026-04-05,SN2900,2026-04-05 10:44:00,2026-04-05 11:04:00,20.0,2026-04-05 11:13:00,2026-04-05 11:34:00,B32 A,49.0,11.65,4.21,4.89,1.98,21.0
86,2026-04-05,SN3326,2026-04-05 11:24:00,2026-04-05 11:41:00,17.0,2026-04-05 12:06:00,2026-04-05 12:12:00,B14 A,111.0,14.1,7.87,4.6,1.45,6.0
86,2026-04-05,SN358,2026-04-05 10:21:00,2026-04-05 11:13:00,52.0,2026-04-05 11:43:00,2026-04-05 12:03:00,B38 A,126.0,12.07,10.44,3.82,3.06,20.0
86,2026-04-05,SN379,2026-04-05 08:11:00,2026-04-05 08:40:00,29.0,2026-04-05 08:59:00,2026-04-05 09:27:00,B28 A,76.0,9.71,7.83,5.67,1.41,28.0
86,2026-04-05,SN3800,2026-04-05 06:15:00,2026-04-05 06:16:00,1.0,2026-04-05 06:28:00,2026-04-05 06:30:00,A65 ,27.0,13.81,1.96,3.59,2.32,2.0
86,2026-04-05,TB1552,2026-04-05 10:15:00,2026-04-05 10:31:00,16.0,2026-04-05 10:50:00,2026-04-05 10:59:00,A69 ,164.0,13.06,12.56,4.87,1.71,9.0
86,2026-04-05,TB2632,2026-04-05 09:29:00,2026-04-05 09:09:00,-20.0,2026-04-05 09:35:00,2026-04-05 09:44:00,B9  A,114.0,13.8,8.26,4.4,1.89,9.0
86,2026-04-05,TB2662,2026-04-05 09:15:00,2026-04-05 09:04:00,-11.0,2026-04-05 09:22:00,2026-04-05 09:30:00,B34 A,90.0,13.24,6.8,4.35,2.38,8.0
86,2026-04-05,TG934,2026-04-05 12:22:00,2026-04-05 12:26:00,4.0,2026-04-05 12:46:00,2026-04-05 13:15:00,B34 A,260.0,16.96,15.33,5.87,1.76,29.0
86,2026-04-05,UA950,2026-04-05 10:20:00,2026-04-05 09:58:00,-22.0,2026-04-05 10:24:00,2026-04-05 10:51:00,B40 A,188.0,11.65,16.14,4.66,2.66,27.0
86,2026-04-05,UA994,2026-04-05 09:51:00,2026-04-05 11:28:00,97.0,2026-04-05 11:44:00,2026-04-05 12:09:00,B40 A,135.0,15.34,8.8,6.8,1.82,25.0
86,2026-04-05,XR5402,2026-04-05 07:46:00,2026-04-05 08:56:00,70.0,2026-04-05 09:23:00,2026-04-05 09:26:00,B5  A,88.0,10.7,8.23,5.45,1.53,3.0
87,2026-04-05,AC832,2026-04-05 12:18:00,2026-04-05 11:38:00,-40.0,2026-04-05 11:54:00,2026-04-05 12:17:00,B30 A,100.0,12.61,7.93,6.02,1.48,23.0
87,2026-04-05,ET750,2026-04-05 11:13:00,2026-04-05 11:34:00,21.0,2026-04-05 12:17:00,2026-04-05 13:03:00,B17 A,464.0,12.26,37.83,6.31,1.33,46.0
87,2026-04-05,FH8116,2026-04-05 12:44:00,2026-04-05 12:48:00,4.0,2026-04-05 13:06:00,2026-04-05 13:13:00,B38 A,140.0,11.56,12.11,3.63,3.21,7.0
87,2026-04-05,LH1004,2026-04-05 11:51:00,2026-04-05 11:47:00,-4.0,2026-04-05 12:07:00,2026-04-05 12:12:00,A43 ,23.0,11.82,1.95,6.71,1.24,5.0
87,2026-04-05,SN1122,2026-04-05 08:39:00,2026-04-05 09:08:00,29.0,2026-04-05 09:20:00,2026-04-05 09:21:00,B40 A,13.0,12.32,1.06,5.15,2.41,1.0
87,2026-04-05,SN1124,2026-04-05 07:10:00,2026-04-05 07:19:00,9.0,2026-04-05 07:32:00,2026-04-05 07:48:00,B30 A,138.0,15.28,9.03,5.29,1.69,16.0
87,2026-04-05,SN206,2026-04-05 06:25:00,2026-04-05 06:48:00,23.0,2026-04-05 07:07:00,2026-04-05 07:30:00,B38 A,154.0,13.53,11.38,4.37,2.67,23.0
87,2026-04-05,SN229,2026-04-05 12:06:00,2026-04-05 12:12:00,6.0,2026-04-05 12:39:00,2026-04-05 13:03:00,B28 A,20.0,10.96,1.82,5.05,1.58,24.0
87,2026-04-05,SN278,2026-04-05 12:46:00,2026-04-05 12:41:00,-5.0,2026-04-05 13:04:00,2026-04-05 13:33:00,B31 A,62.0,11.05,5.61,4.76,2.26,29.0
87,2026-04-05,SN2900,2026-04-05 10:44:00,2026-04-05 11:04:00,20.0,2026-04-05 11:13:00,2026-04-05 11:34:00,B32 A,49.0,15.16,3.23,5.59,1.73,21.0
87,2026-04-05,SN3326,2026-04-05 11:24:00,2026-04-05 11:41:00,17.0,2026-04-05 12:06:00,2026-04-05 12:12:00,B14 A,111.0,13.26,8.37,3.81,1.75,6.0
87,2026-04-05,SN358,2026-04-05 08:21:00,2026-04-05 08:24:00,3.0,2026-04-05 08:42:00,2026-04-05 09:09:00,B14 A,112.0,12.16,9.21,5.76,1.16,27.0
87,2026-04-05,SN379,2026-04-05 08:11:00,2026-04-05 08:40:00,29.0,2026-04-05 08:59:00,2026-04-05 09:27:00,B28 A,76.0,12.95,5.87,4.62,1.73,28.0
87,2026-04-05,SN3800,2026-04-05 06:15:00,2026-04-05 06:16:00,1.0,2026-04-05 06:28:00,2026-04-05 06:30:00,A65 ,27.0,11.32,2.39,4.73,1.76,2.0
87,2026-04-05,TB1552,2026-04-05 07:47:00,2026-04-05 07:43:00,-4.0,2026-04-05 07:55:00,2026-04-05 07:59:00,A68 ,66.0,11.51,5.73,4.9,1.7,4.0
87,2026-04-05,TB2632,2026-04-05 09:29:00,2026-04-05 09:09:00,-20.0,2026-04-05 09:35:00,2026-04-05 09:44:00,B9  A,114.0,11.64,9.79,5.53,1.51,9.0
87,2026-04-05,TB2662,2026-04-05 09:15:00,2026-04-05 09:04:00,-11.0,2026-04-05 09:22:00,2026-04-05 09:30:00,B34 A,90.0,12.82,7.02,3.93,2.63,8.0
87,2026-04-05,TG934,2026-04-05 09:21:00,2026-04-05 09:16:00,-5.0,2026-04-05 09:38:00,2026-04-05 09:58:00,B38 A,249.0,16.17,15.4,4.71,2.48,20.0
87,2026-04-05,UA950,2026-04-05 12:20:00,2026-04-05 11:58:00,-22.0,2026-04-05 12:14:00,2026-04-05 12:42:00,B37 A,127.0,10.29,12.34,3.68,3.31,28.0
87,2026-04-05,UA994,2026-04-05 09:51:00,2026-04-05 11:28:00,97.0,2026-04-05 11:44:00,2026-04-05 12:09:00,B40 A,135.0,14.52,9.3,5.6,2.22,25.0
87,2026-04-05,XR5402,2026-04-05 07:46:00,2026-04-05 08:56:00,70.0,2026-04-05 09:23:00,2026-04-05 09:26:00,B5  A,88.0,13.24,6.65,6.14,1.36,3.0
88,2026-04-05,AC832,2026-04-05 09:18:00,2026-04-05 08:45:00,-33.0,2026-04-05 09:06:00,2026-04-05 09:59:00,B28 A,110.0,9.69,11.35,4.71,1.7,53.0
88,2026-04-05,ET750,2026-04-05 11:13:00,2026-04-05 11:34:00,21.0,2026-04-05 12:17:00,2026-04-05 13:03:00,B17 A,464.0,13.59,34.14,5.56,1.51,46.0
88,2026-04-05,FH8116,2026-04-05 06:35:00,2026-04-05 06:00:00,-35.0,2026-04-05 06:07:00,2026-04-05 06:09:00,B15 A,22.0,13.75,1.6,4.1,1.88,2.0
88,2026-04-05,LH1004,2026-04-05 08:50:00,2026-04-05 08:53:00,3.0,2026-04-05 09:06:00,2026-04-05 09:12:00,A43 ,29.0,10.11,2.87,5.46,1.53,6.0
88,2026-04-05,SN1122,2026-04-05 08:39:00,2026-04-05 09:08:00,29.0,2026-04-05 09:20:00,2026-04-05 09:21:00,B40 A,13.0,10.51,1.24,5.85,2.12,1.0
88,2026-04-05,SN1124,2026-04-05 07:10:00,2026-04-05 07:19:00,9.0,2026-04-05 07:32:00,2026-04-05 07:48:00,B30 A,138.0,13.44,10.27,5.45,1.64,16.0
88,2026-04-05,SN206,2026-04-05 06:25:00,2026-04-05 06:48:00,23.0,2026-04-05 07:07:00,2026-04-05 07:30:00,B38 A,154.0,13.6,11.32,4.78,2.44,23.0
88,2026-04-05,SN229,2026-04-05 12:06:00,2026-04-05 12:12:00,6.0,2026-04-05 12:39:00,2026-04-05 13:03:00,B28 A,20.0,13.78,1.45,5.49,1.46,24.0
88,2026-04-05,SN278,2026-04-05 10:45:00,2026-04-05 10:42:00,-3.0,2026-04-05 11:04:00,2026-04-05 11:16:00,B28 A,198.0,12.36,16.02,4.37,1.83,12.0
88,2026-04-05,SN2900,2026-04-05 07:39:00,2026-04-05 07:25:00,-14.0,2026-04-05 07:38:00,2026-04-05 07:53:00,B38 A,55.0,14.74,3.73,4.88,2.39,15.0
88,2026-04-05,SN3326,2026-04-05 11:24:00,2026-04-05 11:41:00,17.0,2026-04-05 12:06:00,2026-04-05 12:12:00,B14 A,111.0,12.94,8.58,4.98,1.34,6.0
88,2026-04-05,SN358,2026-04-05 12:21:00,2026-04-05 12:23:00,2.0,2026-04-05 12:43:00,2026-04-05 13:14:00,B28 A,176.0,12.37,14.23,5.83,1.37,31.0
88,2026-04-05,SN379,2026-04-05 08:11:00,2026-04-05 08:40:00,29.0,2026-04-05 08:59:00,2026-04-05 09:27:00,B28 A,76.0,13.22,5.75,4.47,1.79,28.0
88,2026-04-05,SN3800,2026-04-05 06:15:00,2026-04-05 06:16:00,1.0,2026-04-05 06:28:00,2026-04-05 06:30:00,A65 ,27.0,16.39,1.65,4.71,1.77,2.0
88,2026-04-05,TB1552,2026-04-05 07:47:00,2026-04-05 07:43:00,-4.0,2026-04-05 07:55:00,2026-04-05 07:59:00,A68 ,66.0,14.12,4.67,4.6,1.81,4.0
88,2026-04-05,TB2632,2026-04-05 09:29:00,2026-04-05 09:09:00,-20.0,2026-04-05 09:35:00,2026-04-05 09:44:00,B9  A,114.0,13.0,8.77,5.13,1.62,9.0
88,2026-04-05,TB2662,2026-04-05 09:15:00,2026-04-05 09:04:00,-11.0,2026-04-05 09:22:00,2026-04-05 09:30:00,B34 A,90.0,9.1,9.89,5.11,2.02,8.0
88,2026-04-05,TG934,2026-04-05 09:21:00,2026-04-05 09:16:00,-5.0,2026-04-05 09:38:00,2026-04-05 09:58:00,B38 A,249.0,14.12,17.63,4.75,2.46,20.0
88,2026-04-05,UA950,2026-04-05 10:20:00,2026-04-05 09:58:00,-22.0,2026-04-05 10:24:00,2026-04-05 10:51:00,B40 A,188.0,10.54,17.84,3.49,3.56,27.0
88,2026-04-05,UA994,2026-04-05 11:51:00,2026-04-05 11:37:00,-14.0,2026-04-05 11:55:00,2026-04-05 12:25:00,B40 A,157.0,12.37,12.69,4.25,2.92,30.0
88,2026-04-05,XR5402,2026-04-05 07:46:00,2026-04-05 08:56:00,70.0,2026-04-05 09:23:00,2026-04-05 09:26:00,B5  A,88.0,11.28,7.8,4.15,2.01,3.0
89,2026-04-05,AC832,2026-04-05 11:16:00,2026-04-05 10:39:00,-37.0,2026-04-05 10:54:00,2026-04-05 11:24:00,B5  A,101.0,12.65,7.99,4.38,1.9,30.0
89,2026-04-05,ET750,2026-04-05 11:13:00,2026-04-05 11:34:00,21.0,2026-04-05 12:17:00,2026-04-05 13:03:00,B17 A,464.0,14.43,32.16,3.58,2.35,46.0
89,2026-04-05,FH8116,2026-04-05 06:35:00,2026-04-05 06:00:00,-35.0,2026-04-05 06:07:00,2026-04-05 06:09:00,B15 A,22.0,10.89,2.02,4.45,1.74,2.0
89,2026-04-05,LH1004,2026-04-05 12:50:00,2026-04-05 12:50:00,0.0,2026-04-05 13:03:00,2026-04-05 13:30:00,A43 ,40.0,11.51,3.48,5.02,1.66,27.0
89,2026-04-05,SN1122,2026-04-05 08:39:00,2026-04-05 09:08:00,29.0,2026-04-05 09:20:00,2026-04-05 09:21:00,B40 A,13.0,14.99,0.87,5.24,2.37,1.0
89,2026-04-05,SN1124,2026-04-05 07:10:00,2026-04-05 07:19:00,9.0,2026-04-05 07:32:00,2026-04-05 07:48:00,B30 A,138.0,12.69,10.87,4.71,1.89,16.0
89,2026-04-05,SN206,2026-04-05 06:25:00,2026-04-05 06:48:00,23.0,2026-04-05 07:07:00,2026-04-05 07:30:00,B38 A,154.0,10.03,15.36,4.11,2.84,23.0
89,2026-04-05,SN229,2026-04-05 12:06:00,2026-04-05 12:12:00,6.0,2026-04-05 12:39:00,2026-04-05 13:03:00,B28 A,20.0,14.35,1.39,4.58,1.75,24.0
89,2026-04-05,SN278,2026-04-05 08:43:00,2026-04-05 08:27:00,-16.0,2026-04-05 08:40:00,2026-04-05 09:10:00,B37 A,123.0,16.28,7.56,5.3,2.3,30.0
89,2026-04-05,SN2900,2026-04-05 08:46:00,2026-04-05 08:33:00,-13.0,2026-04-05 08:58:00,2026-04-05 09:02:00,B14 A,79.0,14.76,5.35,4.65,1.43,4.0
89,2026-04-05,SN3326,2026-04-05 07:45:00,2026-04-05 08:05:00,20.0,2026-04-05 08:16:00,2026-04-05 08:36:00,B28 A,123.0,16.35,7.52,4.79,1.67,20.0
89,2026-04-05,SN358,2026-04-05 12:21:00,2026-04-05 12:23:00,2.0,2026-04-05 12:43:00,2026-04-05 13:14:00,B28 A,176.0,10.47,16.81,4.44,1.8,31.0
89,2026-04-05,SN379,2026-04-05 08:11:00,2026-04-05 08:40:00,29.0,2026-04-05 08:59:00,2026-04-05 09:27:00,B28 A,76.0,12.32,6.17,4.82,1.66,28.0
89,2026-04-05,SN3800,2026-04-05 06:15:00,2026-04-05 06:16:00,1.0,2026-04-05 06:28:00,2026-04-05 06:30:00,A65 ,27.0,15.94,1.69,6.14,1.36,2.0
89,2026-04-05,TB1552,2026-04-05 07:47:00,2026-04-05 07:43:00,-4.0,2026-04-05 07:55:00,2026-04-05 07:59:00,A68 ,66.0,13.24,4.98,5.48,1.52,4.0
89,2026-04-05,TB2632,2026-04-05 09:29:00,2026-04-05 09:09:00,-20.0,2026-04-05 09:35:00,2026-04-05 09:44:00,B9  A,114.0,13.41,8.5,4.96,1.68,9.0
89,2026-04-05,TB2662,2026-04-05 09:15:00,2026-04-05 09:04:00,-11.0,2026-04-05 09:22:00,2026-04-05 09:30:00,B34 A,90.0,14.19,6.34,4.8,2.15,8.0
89,2026-04-05,TG934,2026-04-05 09:21:00,2026-04-05 09:16:00,-5.0,2026-04-05 09:38:00,2026-04-05 09:58:00,B38 A,249.0,16.78,14.84,5.56,2.1,20.0
89,2026-04-05,UA950,2026-04-05 10:20:00,2026-04-05 09:58:00,-22.0,2026-04-05 10:24:00,2026-04-05 10:51:00,B40 A,188.0,13.35,14.08,4.93,2.52,27.0
89,2026-04-05,UA994,2026-04-05 11:51:00,2026-04-05 11:37:00,-14.0,2026-04-05 11:55:00,2026-04-05 12:25:00,B40 A,157.0,12.76,12.3,4.03,3.08,30.0
89,2026-04-05,XR5402,2026-04-05 07:46:00,2026-04-05 08:56:00,70.0,2026-04-05 09:23:00,2026-04-05 09:26:00,B5  A,88.0,13.32,6.6,5.92,1.41,3.0
90,2026-04-05,AC832,2026-04-05 11:16:00,2026-04-05 10:39:00,-37.0,2026-04-05 10:54:00,2026-04-05 11:24:00,B5  A,101.0,11.81,8.55,4.55,1.83,30.0
90,2026-04-05,ET750,2026-04-05 11:13:00,2026-04-05 11:34:00,21.0,2026-04-05 12:17:00,2026-04-05 13:03:00,B17 A,464.0,11.76,39.45,5.66,1.49,46.0
90,2026-04-05,FH8116,2026-04-05 06:35:00,2026-04-05 06:00:00,-35.0,2026-04-05 06:07:00,2026-04-05 06:09:00,B15 A,22.0,16.69,1.32,5.04,1.54,2.0
90,2026-04-05,LH1004,2026-04-05 12:50:00,2026-04-05 12:50:00,0.0,2026-04-05 13:03:00,2026-04-05 13:30:00,A43 ,40.0,11.18,3.58,4.14,2.01,27.0
90,2026-04-05,SN1122,2026-04-05 08:39:00,2026-04-05 09:08:00,29.0,2026-04-05 09:20:00,2026-04-05 09:21:00,B40 A,13.0,11.06,1.18,6.55,1.9,1.0
90,2026-04-05,SN1124,2026-04-05 07:10:00,2026-04-05 07:19:00,9.0,2026-04-05 07:32:00,2026-04-05 07:48:00,B30 A,138.0,16.7,8.27,3.44,2.59,16.0
90,2026-04-05,SN206,2026-04-05 06:25:00,2026-04-05 06:48:00,23.0,2026-04-05 07:07:00,2026-04-05 07:30:00,B38 A,154.0,12.55,12.27,4.71,2.48,23.0
90,2026-04-05,SN229,2026-04-05 08:06:00,2026-04-05 09:20:00,74.0,2026-04-05 09:41:00,2026-04-05 10:22:00,B14 A,144.0,14.51,9.92,5.43,1.23,41.0
90,2026-04-05,SN278,2026-04-05 10:45:00,2026-04-05 10:42:00,-3.0,2026-04-05 11:04:00,2026-04-05 11:16:00,B28 A,198.0,12.07,16.4,5.92,1.35,12.0
90,2026-04-05,SN2900,2026-04-05 07:39:00,2026-04-05 07:25:00,-14.0,2026-04-05 07:38:00,2026-04-05 07:53:00,B38 A,55.0,14.65,3.75,5.14,2.27,15.0
90,2026-04-05,SN3326,2026-04-05 11:24:00,2026-04-05 11:41:00,17.0,2026-04-05 12:06:00,2026-04-05 12:12:00,B14 A,111.0,11.82,9.39,4.89,1.36,6.0
90,2026-04-05,SN358,2026-04-05 08:21:00,2026-04-05 08:24:00,3.0,2026-04-05 08:42:00,2026-04-05 09:09:00,B14 A,112.0,14.58,7.68,4.55,1.47,27.0
90,2026-04-05,SN379,2026-04-05 10:10:00,2026-04-05 11:03:00,53.0,2026-04-05 11:42:00,2026-04-05 12:19:00,B29 A,161.0,14.4,11.18,5.02,1.96,37.0
90,2026-04-05,SN3800,2026-04-05 06:15:00,2026-04-05 06:16:00,1.0,2026-04-05 06:28:00,2026-04-05 06:30:00,A65 ,27.0,13.26,2.04,4.15,2.01,2.0
90,2026-04-05,TB1552,2026-04-05 10:15:00,2026-04-05 10:31:00,16.0,2026-04-05 10:50:00,2026-04-05 10:59:00,A69 ,164.0,10.83,15.14,4.84,1.72,9.0
90,2026-04-05,TB2632,2026-04-05 09:29:00,2026-04-05 09:09:00,-20.0,2026-04-05 09:35:00,2026-04-05 09:44:00,B9  A,114.0,14.65,7.78,3.79,2.2,9.0
90,2026-04-05,TB2662,2026-04-05 09:15:00,2026-04-05 09:04:00,-11.0,2026-04-05 09:22:00,2026-04-05 09:30:00,B34 A,90.0,12.77,7.05,6.11,1.69,8.0
90,2026-04-05,TG934,2026-04-05 12:22:00,2026-04-05 12:26:00,4.0,2026-04-05 12:46:00,2026-04-05 13:15:00,B34 A,260.0,16.57,15.69,4.88,2.12,29.0
90,2026-04-05,UA950,2026-04-05 09:21:00,2026-04-05 08:45:00,-36.0,2026-04-05 09:03:00,2026-04-05 09:29:00,B5  A,163.0,11.22,14.53,6.09,1.37,26.0
90,2026-04-05,UA994,2026-04-05 11:51:00,2026-04-05 11:37:00,-14.0,2026-04-05 11:55:00,2026-04-05 12:25:00,B40 A,157.0,14.92,10.52,5.86,2.12,30.0
90,2026-04-05,XR5402,2026-04-05 07:46:00,2026-04-05 08:56:00,70.0,2026-04-05 09:23:00,2026-04-05 09:26:00,B5  A,88.0,13.21,6.66,4.31,1.93,3.0
91,2026-04-05,AC832,2026-04-05 12:18:00,2026-04-05 11:38:00,-40.0,2026-04-05 11:54:00,2026-04-05 12:17:00,B30 A,100.0,8.76,11.41,6.79,1.31,23.0
91,2026-04-05,ET750,2026-04-05 11:13:00,2026-04-05 11:34:00,21.0,2026-04-05 12:17:00,2026-04-05 13:03:00,B17 A,464.0,14.75,31.46,5.29,1.59,46.0
91,2026-04-05,FH8116,2026-04-05 12:44:00,2026-04-05 12:48:00,4.0,2026-04-05 13:06:00,2026-04-05 13:13:00,B38 A,140.0,13.34,10.5,4.82,2.42,7.0
91,2026-04-05,LH1004,2026-04-05 12:50:00,2026-04-05 12:50:00,0.0,2026-04-05 13:03:00,2026-04-05 13:30:00,A43 ,40.0,16.94,2.36,4.74,1.76,27.0
91,2026-04-05,SN1122,2026-04-05 08:39:00,2026-04-05 09:08:00,29.0,2026-04-05 09:20:00,2026-04-05 09:21:00,B40 A,13.0,15.79,0.82,5.23,2.37,1.0
91,2026-04-05,SN1124,2026-04-05 07:10:00,2026-04-05 07:19:00,9.0,2026-04-05 07:32:00,2026-04-05 07:48:00,B30 A,138.0,12.8,10.79,6.07,1.47,16.0
91,2026-04-05,SN206,2026-04-05 06:25:00,2026-04-05 06:48:00,23.0,2026-04-05 07:07:00,2026-04-05 07:30:00,B38 A,154.0,13.7,11.24,4.7,2.48,23.0
91,2026-04-05,SN229,2026-04-05 10:04:00,2026-04-05 10:26:00,22.0,2026-04-05 10:41:00,2026-04-05 11:10:00,B31 A,120.0,12.81,9.37,5.33,2.02,29.0
91,2026-04-05,SN278,2026-04-05 08:43:00,2026-04-05 08:27:00,-16.0,2026-04-05 08:40:00,2026-04-05 09:10:00,B37 A,123.0,15.12,8.14,4.26,2.86,30.0
91,2026-04-05,SN2900,2026-04-05 10:44:00,2026-04-05 11:04:00,20.0,2026-04-05 11:13:00,2026-04-05 11:34:00,B32 A,49.0,12.19,4.02,4.64,2.08,21.0
91,2026-04-05,SN3326,2026-04-05 07:45:00,2026-04-05 08:05:00,20.0,2026-04-05 08:16:00,2026-04-05 08:36:00,B28 A,123.0,14.79,8.31,5.01,1.6,20.0
91,2026-04-05,SN358,2026-04-05 12:21:00,2026-04-05 12:23:00,2.0,2026-04-05 12:43:00,2026-04-05 13:14:00,B28 A,176.0,15.05,11.69,4.64,1.73,31.0
91,2026-04-05,SN379,2026-04-05 08:11:00,2026-04-05 08:40:00,29.0,2026-04-05 08:59:00,2026-04-05 09:27:00,B28 A,76.0,10.92,6.96,4.96,1.61,28.0
91,2026-04-05,SN3800,2026-04-05 06:15:00,2026-04-05 06:16:00,1.0,2026-04-05 06:28:00,2026-04-05 06:30:00,A65 ,27.0,11.69,2.31,5.14,1.62,2.0
91,2026-04-05,TB1552,2026-04-05 08:29:00,2026-04-05 08:25:00,-4.0,2026-04-05 08:46:00,2026-04-05 08:54:00,A61 ,166.0,12.08,13.74,5.78,1.44,8.0
91,2026-04-05,TB2632,2026-04-05 09:29:00,2026-04-05 09:09:00,-20.0,2026-04-05 09:35:00,2026-04-05 09:44:00,B9  A,114.0,12.8,8.91,4.64,1.8,9.0
91,2026-04-05,TB2662,2026-04-05 09:15:00,2026-04-05 09:04:00,-11.0,2026-04-05 09:22:00,2026-04-05 09:30:00,B34 A,90.0,11.46,7.86,5.07,2.04,8.0
91,2026-04-05,TG934,2026-04-05 09:21:00,2026-04-05 09:16:00,-5.0,2026-04-05 09:38:00,2026-04-05 09:58:00,B38 A,249.0,13.11,18.99,4.32,2.7,20.0
91,2026-04-05,UA950,2026-04-05 10:20:00,2026-04-05 09:58:00,-22.0,2026-04-05 10:24:00,2026-04-05 10:51:00,B40 A,188.0,12.96,14.5,3.84,3.23,27.0
91,2026-04-05,UA994,2026-04-05 08:51:00,2026-04-05 08:32:00,-19.0,2026-04-05 08:52:00,2026-04-05 09:25:00,B40 A,171.0,13.01,13.14,4.78,2.6,33.0
91,2026-04-05,XR5402,2026-04-05 07:46:00,2026-04-05 08:56:00,70.0,2026-04-05 09:23:00,2026-04-05 09:26:00,B5  A,88.0,12.32,7.14,3.66,2.28,3.0
92,2026-04-05,AC832,2026-04-05 12:18:00,2026-04-05 11:38:00,-40.0,2026-04-05 11:54:00,2026-04-05 12:17:00,B30 A,100.0,13.87,7.21,4.93,1.81,23.0
92,2026-04-05,ET750,2026-04-05 11:13:00,2026-04-05 11:34:00,21.0,2026-04-05 12:17:00,2026-04-05 13:03:00,B17 A,464.0,14.77,31.42,4.51,1.86,46.0
92,2026-04-05,FH8116,2026-04-05 12:44:00,2026-04-05 12:48:00,4.0,2026-04-05 13:06:00,2026-04-05 13:13:00,B38 A,140.0,9.67,14.47,3.99,2.93,7.0
92,2026-04-05,LH1004,2026-04-05 12:50:00,2026-04-05 12:50:00,0.0,2026-04-05 13:03:00,2026-04-05 13:30:00,A43 ,40.0,13.31,3.01,5.23,1.59,27.0
92,2026-04-05,SN1122,2026-04-05 08:39:00,2026-04-05 09:08:00,29.0,2026-04-05 09:20:00,2026-04-05 09:21:00,B40 A,13.0,13.64,0.95,4.93,2.52,1.0
92,2026-04-05,SN1124,2026-04-05 07:10:00,2026-04-05 07:19:00,9.0,2026-04-05 07:32:00,2026-04-05 07:48:00,B30 A,138.0,14.32,9.64,4.56,1.95,16.0
92,2026-04-05,SN206,2026-04-05 06:25:00,2026-04-05 06:48:00,23.0,2026-04-05 07:07:00,2026-04-05 07:30:00,B38 A,154.0,14.97,10.29,5.15,2.26,23.0
92,2026-04-05,SN229,2026-04-05 08:06:00,2026-04-05 09:20:00,74.0,2026-04-05 09:41:00,2026-04-05 10:22:00,B14 A,144.0,15.94,9.03,4.95,1.35,41.0
92,2026-04-05,SN278,2026-04-05 08:43:00,2026-04-05 08:27:00,-16.0,2026-04-05 08:40:00,2026-04-05 09:10:00,B37 A,123.0,14.14,8.7,5.66,2.15,30.0
92,2026-04-05,SN2900,2026-04-05 08:46:00,2026-04-05 08:33:00,-13.0,2026-04-05 08:58:00,2026-04-05 09:02:00,B14 A,79.0,12.92,6.12,5.16,1.29,4.0
92,2026-04-05,SN3326,2026-04-05 07:45:00,2026-04-05 08:05:00,20.0,2026-04-05 08:16:00,2026-04-05 08:36:00,B28 A,123.0,13.61,9.04,5.35,1.49,20.0
92,2026-04-05,SN358,2026-04-05 10:21:00,2026-04-05 11:13:00,52.0,2026-04-05 11:43:00,2026-04-05 12:03:00,B38 A,126.0,13.38,9.42,5.06,2.31,20.0
92,2026-04-05,SN379,2026-04-05 08:11:00,2026-04-05 08:40:00,29.0,2026-04-05 08:59:00,2026-04-05 09:27:00,B28 A,76.0,9.83,7.73,5.29,1.51,28.0
92,2026-04-05,SN3800,2026-04-05 06:15:00,2026-04-05 06:16:00,1.0,2026-04-05 06:28:00,2026-04-05 06:30:00,A65 ,27.0,8.85,3.05,5.4,1.54,2.0
92,2026-04-05,TB1552,2026-04-05 08:29:00,2026-04-05 08:25:00,-4.0,2026-04-05 08:46:00,2026-04-05 08:54:00,A61 ,166.0,11.8,14.07,4.9,1.7,8.0
92,2026-04-05,TB2632,2026-04-05 09:29:00,2026-04-05 09:09:00,-20.0,2026-04-05 09:35:00,2026-04-05 09:44:00,B9  A,114.0,10.39,10.98,5.61,1.49,9.0
92,2026-04-05,TB2662,2026-04-05 09:15:00,2026-04-05 09:04:00,-11.0,2026-04-05 09:22:00,2026-04-05 09:30:00,B34 A,90.0,12.01,7.5,4.69,2.2,8.0
92,2026-04-05,TG934,2026-04-05 09:21:00,2026-04-05 09:16:00,-5.0,2026-04-05 09:38:00,2026-04-05 09:58:00,B38 A,249.0,16.0,15.56,4.67,2.5,20.0
92,2026-04-05,UA950,2026-04-05 09:21:00,2026-04-05 08:45:00,-36.0,2026-04-05 09:03:00,2026-04-05 09:29:00,B5  A,163.0,10.07,16.18,4.91,1.7,26.0
92,2026-04-05,UA994,2026-04-05 12:51:00,2026-04-05 12:35:00,-16.0,2026-04-05 12:54:00,2026-04-05 13:24:00,B38 A,109.0,15.65,6.97,5.1,2.29,30.0
92,2026-04-05,XR5402,2026-04-05 07:46:00,2026-04-05 08:56:00,70.0,2026-04-05 09:23:00,2026-04-05 09:26:00,B5  A,88.0,13.55,6.5,4.81,1.73,3.0
93,2026-04-05,AC832,2026-04-05 10:17:00,2026-04-05 10:43:00,26.0,2026-04-05 11:00:00,2026-04-05 11:34:00,B14 A,172.0,13.29,12.95,5.36,1.24,34.0
93,2026-04-05,ET750,2026-04-05 11:13:00,2026-04-05 11:34:00,21.0,2026-04-05 12:17:00,2026-04-05 13:03:00,B17 A,464.0,11.34,40.92,5.74,1.47,46.0
93,2026-04-05,FH8116,2026-04-05 06:35:00,2026-04-05 06:00:00,-35.0,2026-04-05 06:07:00,2026-04-05 06:09:00,B15 A,22.0,11.14,1.98,4.84,1.6,2.0
93,2026-04-05,LH1004,2026-04-05 09:50:00,2026-04-05 09:53:00,3.0,2026-04-05 10:20:00,2026-04-05 10:27:00,A43 ,33.0,13.87,2.38,5.44,1.53,7.0
93,2026-04-05,SN1122,2026-04-05 08:39:00,2026-04-05 09:08:00,29.0,2026-04-05 09:20:00,2026-04-05 09:21:00,B40 A,13.0,11.5,1.13,4.24,2.93,1.0
93,2026-04-05,SN1124,2026-04-05 07:10:00,2026-04-05 07:19:00,9.0,2026-04-05 07:32:00,2026-04-05 07:48:00,B30 A,138.0,15.13,9.12,4.83,1.85,16.0
93,2026-04-05,SN206,2026-04-05 06:25:00,2026-04-05 06:48:00,23.0,2026-04-05 07:07:00,2026-04-05 07:30:00,B38 A,154.0,16.12,9.55,4.86,2.4,23.0
93,2026-04-05,SN229,2026-04-05 12:06:00,2026-04-05 12:12:00,6.0,2026-04-05 12:39:00,2026-04-05 13:03:00,B28 A,20.0,12.33,1.62,4.01,1.99,24.0
93,2026-04-05,SN278,2026-04-05 08:43:00,2026-04-05 08:27:00,-16.0,2026-04-05 08:40:00,2026-04-05 09:10:00,B37 A,123.0,12.23,10.06,5.15,2.36,30.0
93,2026-04-05,SN2900,2026-04-05 08:46:00,2026-04-05 08:33:00,-13.0,2026-04-05 08:58:00,2026-04-05 09:02:00,B14 A,79.0,11.2,7.05,3.82,1.75,4.0
93,2026-04-05,SN3326,2026-04-05 07:45:00,2026-04-05 08:05:00,20.0,2026-04-05 08:16:00,2026-04-05 08:36:00,B28 A,123.0,13.69,8.98,6.42,1.25,20.0
93,2026-04-05,SN358,2026-04-05 10:21:00,2026-04-05 11:13:00,52.0,2026-04-05 11:43:00,2026-04-05 12:03:00,B38 A,126.0,13.72,9.19,4.02,2.9,20.0
93,2026-04-05,SN379,2026-04-05 08:11:00,2026-04-05 08:40:00,29.0,2026-04-05 08:59:00,2026-04-05 09:27:00,B28 A,76.0,11.05,6.88,5.95,1.34,28.0
93,2026-04-05,SN3800,2026-04-05 06:15:00,2026-04-05 06:16:00,1.0,2026-04-05 06:28:00,2026-04-05 06:30:00,A65 ,27.0,10.38,2.6,4.41,1.89,2.0
93,2026-04-05,TB1552,2026-04-05 07:47:00,2026-04-05 07:43:00,-4.0,2026-04-05 07:55:00,2026-04-05 07:59:00,A68 ,66.0,10.02,6.59,4.45,1.87,4.0
93,2026-04-05,TB2632,2026-04-05 09:29:00,2026-04-05 09:09:00,-20.0,2026-04-05 09:35:00,2026-04-05 09:44:00,B9  A,114.0,10.68,10.67,4.72,1.77,9.0
93,2026-04-05,TB2662,2026-04-05 09:15:00,2026-04-05 09:04:00,-11.0,2026-04-05 09:22:00,2026-04-05 09:30:00,B34 A,90.0,12.12,7.43,4.42,2.34,8.0
93,2026-04-05,TG934,2026-04-05 09:21:00,2026-04-05 09:16:00,-5.0,2026-04-05 09:38:00,2026-04-05 09:58:00,B38 A,249.0,14.1,17.66,7.39,1.58,20.0
93,2026-04-05,UA950,2026-04-05 09:21:00,2026-04-05 08:45:00,-36.0,2026-04-05 09:03:00,2026-04-05 09:29:00,B5  A,163.0,16.38,9.95,6.75,1.23,26.0
93,2026-04-05,UA994,2026-04-05 08:51:00,2026-04-05 08:32:00,-19.0,2026-04-05 08:52:00,2026-04-05 09:25:00,B40 A,171.0,12.76,13.4,5.39,2.3,33.0
93,2026-04-05,XR5402,2026-04-05 07:46:00,2026-04-05 08:56:00,70.0,2026-04-05 09:23:00,2026-04-05 09:26:00,B5  A,88.0,12.84,6.85,4.48,1.86,3.0
94,2026-04-05,AC832,2026-04-05 09:18:00,2026-04-05 08:45:00,-33.0,2026-04-05 09:06:00,2026-04-05 09:59:00,B28 A,110.0,15.84,6.94,5.46,1.47,53.0
94,2026-04-05,ET750,2026-04-05 11:13:00,2026-04-05 11:34:00,21.0,2026-04-05 12:17:00,2026-04-05 13:03:00,B17 A,464.0,11.64,39.87,5.18,1.63,46.0
94,2026-04-05,FH8116,2026-04-05 06:35:00,2026-04-05 06:00:00,-35.0,2026-04-05 06:07:00,2026-04-05 06:09:00,B15 A,22.0,10.98,2.0,4.93,1.57,2.0
94,2026-04-05,LH1004,2026-04-05 11:51:00,2026-04-05 11:47:00,-4.0,2026-04-05 12:07:00,2026-04-05 12:12:00,A43 ,23.0,14.4,1.6,4.29,1.94,5.0
94,2026-04-05,SN1122,2026-04-05 08:39:00,2026-04-05 09:08:00,29.0,2026-04-05 09:20:00,2026-04-05 09:21:00,B40 A,13.0,11.33,1.15,4.76,2.61,1.0
94,2026-04-05,SN1124,2026-04-05 07:10:00,2026-04-05 07:19:00,9.0,2026-04-05 07:32:00,2026-04-05 07:48:00,B30 A,138.0,15.87,8.7,5.11,1.74,16.0
94,2026-04-05,SN206,2026-04-05 06:25:00,2026-04-05 06:48:00,23.0,2026-04-05 07:07:00,2026-04-05 07:30:00,B38 A,154.0,11.5,13.39,6.36,1.83,23.0
94,2026-04-05,SN229,2026-04-05 10:04:00,2026-04-05 10:26:00,22.0,2026-04-05 10:41:00,2026-04-05 11:10:00,B31 A,120.0,14.4,8.34,7.42,1.45,29.0
94,2026-04-05,SN278,2026-04-05 10:45:00,2026-04-05 10:42:00,-3.0,2026-04-05 11:04:00,2026-04-05 11:16:00,B28 A,198.0,12.17,16.27,5.58,1.43,12.0
94,2026-04-05,SN2900,2026-04-05 10:44:00,2026-04-05 11:04:00,20.0,2026-04-05 11:13:00,2026-04-05 11:34:00,B32 A,49.0,11.09,4.42,6.17,1.57,21.0
94,2026-04-05,SN3326,2026-04-05 11:24:00,2026-04-05 11:41:00,17.0,2026-04-05 12:06:00,2026-04-05 12:12:00,B14 A,111.0,10.55,10.52,4.82,1.38,6.0
94,2026-04-05,SN358,2026-04-05 08:21:00,2026-04-05 08:24:00,3.0,2026-04-05 08:42:00,2026-04-05 09:09:00,B14 A,112.0,11.06,10.12,5.64,1.18,27.0
94,2026-04-05,SN379,2026-04-05 08:11:00,2026-04-05 08:40:00,29.0,2026-04-05 08:59:00,2026-04-05 09:27:00,B28 A,76.0,13.68,5.55,5.18,1.54,28.0
94,2026-04-05,SN3800,2026-04-05 06:15:00,2026-04-05 06:16:00,1.0,2026-04-05 06:28:00,2026-04-05 06:30:00,A65 ,27.0,11.39,2.37,6.19,1.35,2.0
94,2026-04-05,TB1552,2026-04-05 07:15:00,2026-04-05 07:08:00,-7.0,2026-04-05 07:38:00,2026-04-05 07:45:00,A61 ,152.0,10.16,14.96,5.1,1.63,7.0
94,2026-04-05,TB2632,2026-04-05 09:29:00,2026-04-05 09:09:00,-20.0,2026-04-05 09:35:00,2026-04-05 09:44:00,B9  A,114.0,11.0,10.36,5.62,1.48,9.0
94,2026-04-05,TB2662,2026-04-05 09:15:00,2026-04-05 09:04:00,-11.0,2026-04-05 09:22:00,2026-04-05 09:30:00,B34 A,90.0,12.94,6.95,4.8,2.15,8.0
94,2026-04-05,TG934,2026-04-05 09:21:00,2026-04-05 09:16:00,-5.0,2026-04-05 09:38:00,2026-04-05 09:58:00,B38 A,249.0,13.63,18.26,5.34,2.18,20.0
94,2026-04-05,UA950,2026-04-05 09:21:00,2026-04-05 08:45:00,-36.0,2026-04-05 09:03:00,2026-04-05 09:29:00,B5  A,163.0,14.2,11.48,4.83,1.73,26.0
94,2026-04-05,UA994,2026-04-05 10:51:00,2026-04-05 10:01:00,-50.0,2026-04-05 10:18:00,2026-04-05 10:42:00,B38 A,177.0,14.73,12.01,4.22,2.77,24.0
94,2026-04-05,XR5402,2026-04-05 07:46:00,2026-04-05 08:56:00,70.0,2026-04-05 09:23:00,2026-04-05 09:26:00,B5  A,88.0,12.51,7.03,4.74,1.76,3.0
95,2026-04-05,AC832,2026-04-05 12:18:00,2026-04-05 11:38:00,-40.0,2026-04-05 11:54:00,2026-04-05 12:17:00,B30 A,100.0,9.89,10.11,6.31,1.41,23.0
95,2026-04-05,ET750,2026-04-05 11:13:00,2026-04-05 11:34:00,21.0,2026-04-05 12:17:00,2026-04-05 13:03:00,B17 A,464.0,11.66,39.79,5.21,1.62,46.0
95,2026-04-05,FH8116,2026-04-05 06:35:00,2026-04-05 06:00:00,-35.0,2026-04-05 06:07:00,2026-04-05 06:09:00,B15 A,22.0,13.55,1.62,4.18,1.85,2.0
95,2026-04-05,LH1004,2026-04-05 08:50:00,2026-04-05 08:53:00,3.0,2026-04-05 09:06:00,2026-04-05 09:12:00,A43 ,29.0,12.55,2.31,3.75,2.22,6.0
95,2026-04-05,SN1122,2026-04-05 08:39:00,2026-04-05 09:08:00,29.0,2026-04-05 09:20:00,2026-04-05 09:21:00,B40 A,13.0,13.04,1.0,5.05,2.46,1.0
95,2026-04-05,SN1124,2026-04-05 07:10:00,2026-04-05 07:19:00,9.0,2026-04-05 07:32:00,2026-04-05 07:48:00,B30 A,138.0,12.85,10.74,4.79,1.86,16.0
95,2026-04-05,SN206,2026-04-05 06:25:00,2026-04-05 06:48:00,23.0,2026-04-05 07:07:00,2026-04-05 07:30:00,B38 A,154.0,10.07,15.29,4.92,2.37,23.0
95,2026-04-05,SN229,2026-04-05 08:06:00,2026-04-05 09:20:00,74.0,2026-04-05 09:41:00,2026-04-05 10:22:00,B14 A,144.0,12.92,11.15,4.49,1.48,41.0
95,2026-04-05,SN278,2026-04-05 12:46:00,2026-04-05 12:41:00,-5.0,2026-04-05 13:04:00,2026-04-05 13:33:00,B31 A,62.0,13.96,4.44,4.25,2.53,29.0
95,2026-04-05,SN2900,2026-04-05 10:44:00,2026-04-05 11:04:00,20.0,2026-04-05 11:13:00,2026-04-05 11:34:00,B32 A,49.0,16.15,3.03,4.93,1.96,21.0
95,2026-04-05,SN3326,2026-04-05 07:45:00,2026-04-05 08:05:00,20.0,2026-04-05 08:16:00,2026-04-05 08:36:00,B28 A,123.0,13.76,8.94,4.88,1.64,20.0
95,2026-04-05,SN358,2026-04-05 12:21:00,2026-04-05 12:23:00,2.0,2026-04-05 12:43:00,2026-04-05 13:14:00,B28 A,176.0,13.44,13.1,5.81,1.38,31.0
95,2026-04-05,SN379,2026-04-05 08:11:00,2026-04-05 08:40:00,29.0,2026-04-05 08:59:00,2026-04-05 09:27:00,B28 A,76.0,16.41,4.63,4.53,1.77,28.0
95,2026-04-05,SN3800,2026-04-05 06:15:00,2026-04-05 06:16:00,1.0,2026-04-05 06:28:00,2026-04-05 06:30:00,A65 ,27.0,14.49,1.86,4.22,1.98,2.0
95,2026-04-05,TB1552,2026-04-05 07:15:00,2026-04-05 07:08:00,-7.0,2026-04-05 07:38:00,2026-04-05 07:45:00,A61 ,152.0,14.43,10.54,4.21,1.98,7.0
95,2026-04-05,TB2632,2026-04-05 09:29:00,2026-04-05 09:09:00,-20.0,2026-04-05 09:35:00,2026-04-05 09:44:00,B9  A,114.0,13.42,8.5,6.05,1.38,9.0
95,2026-04-05,TB2662,2026-04-05 09:15:00,2026-04-05 09:04:00,-11.0,2026-04-05 09:22:00,2026-04-05 09:30:00,B34 A,90.0,13.68,6.58,4.45,2.32,8.0
95,2026-04-05,TG934,2026-04-05 09:21:00,2026-04-05 09:16:00,-5.0,2026-04-05 09:38:00,2026-04-05 09:58:00,B38 A,249.0,15.95,15.61,5.63,2.07,20.0
95,2026-04-05,UA950,2026-04-05 10:20:00,2026-04-05 09:58:00,-22.0,2026-04-05 10:24:00,2026-04-05 10:51:00,B40 A,188.0,13.86,13.57,4.22,2.95,27.0
95,2026-04-05,UA994,2026-04-05 09:51:00,2026-04-05 11:28:00,97.0,2026-04-05 11:44:00,2026-04-05 12:09:00,B40 A,135.0,13.71,9.85,4.74,2.62,25.0
95,2026-04-05,XR5402,2026-04-05 07:46:00,2026-04-05 08:56:00,70.0,2026-04-05 09:23:00,2026-04-05 09:26:00,B5  A,88.0,12.33,7.14,5.49,1.52,3.0
96,2026-04-05,AC832,2026-04-05 09:18:00,2026-04-05 08:45:00,-33.0,2026-04-05 09:06:00,2026-04-05 09:59:00,B28 A,110.0,10.7,10.28,5.32,1.51,53.0
96,2026-04-05,ET750,2026-04-05 09:11:00,2026-04-05 09:13:00,2.0,2026-04-05 09:42:00,2026-04-05 10:46:00,B40 A,421.0,16.24,25.93,5.8,2.14,64.0
96,2026-04-05,FH8116,2026-04-05 06:35:00,2026-04-05 06:00:00,-35.0,2026-04-05 06:07:00,2026-04-05 06:09:00,B15 A,22.0,15.23,1.44,6.57,1.18,2.0
96,2026-04-05,LH1004,2026-04-05 11:51:00,2026-04-05 11:47:00,-4.0,2026-04-05 12:07:00,2026-04-05 12:12:00,A43 ,23.0,12.35,1.86,5.44,1.53,5.0
96,2026-04-05,SN1122,2026-04-05 08:39:00,2026-04-05 09:08:00,29.0,2026-04-05 09:20:00,2026-04-05 09:21:00,B40 A,13.0,16.52,0.79,6.75,1.84,1.0
96,2026-04-05,SN1124,2026-04-05 07:10:00,2026-04-05 07:19:00,9.0,2026-04-05 07:32:00,2026-04-05 07:48:00,B30 A,138.0,12.35,11.18,5.08,1.75,16.0
96,2026-04-05,SN206,2026-04-05 06:25:00,2026-04-05 06:48:00,23.0,2026-04-05 07:07:00,2026-04-05 07:30:00,B38 A,154.0,11.62,13.25,4.11,2.84,23.0
96,2026-04-05,SN229,2026-04-05 12:06:00,2026-04-05 12:12:00,6.0,2026-04-05 12:39:00,2026-04-05 13:03:00,B28 A,20.0,14.12,1.42,5.77,1.39,24.0
96,2026-04-05,SN278,2026-04-05 12:46:00,2026-04-05 12:41:00,-5.0,2026-04-05 13:04:00,2026-04-05 13:33:00,B31 A,62.0,12.47,4.97,4.07,2.64,29.0
96,2026-04-05,SN2900,2026-04-05 07:39:00,2026-04-05 07:25:00,-14.0,2026-04-05 07:38:00,2026-04-05 07:53:00,B38 A,55.0,12.02,4.58,4.91,2.38,15.0
96,2026-04-05,SN3326,2026-04-05 07:45:00,2026-04-05 08:05:00,20.0,2026-04-05 08:16:00,2026-04-05 08:36:00,B28 A,123.0,13.5,9.11,6.35,1.26,20.0
96,2026-04-05,SN358,2026-04-05 10:21:00,2026-04-05 11:13:00,52.0,2026-04-05 11:43:00,2026-04-05 12:03:00,B38 A,126.0,10.43,12.08,4.99,2.34,20.0
96,2026-04-05,SN379,2026-04-05 10:10:00,2026-04-05 11:03:00,53.0,2026-04-05 11:42:00,2026-04-05 12:19:00,B29 A,161.0,13.61,11.83,4.63,2.12,37.0
96,2026-04-05,SN3800,2026-04-05 06:15:00,2026-04-05 06:16:00,1.0,2026-04-05 06:28:00,2026-04-05 06:30:00,A65 ,27.0,12.58,2.15,4.57,1.82,2.0
96,2026-04-05,TB1552,2026-04-05 10:15:00,2026-04-05 10:31:00,16.0,2026-04-05 10:50:00,2026-04-05 10:59:00,A69 ,164.0,12.76,12.85,4.75,1.76,9.0
96,2026-04-05,TB2632,2026-04-05 09:29:00,2026-04-05 09:09:00,-20.0,2026-04-05 09:35:00,2026-04-05 09:44:00,B9  A,114.0,10.53,10.83,4.6,1.81,9.0
96,2026-04-05,TB2662,2026-04-05 09:15:00,2026-04-05 09:04:00,-11.0,2026-04-05 09:22:00,2026-04-05 09:30:00,B34 A,90.0,14.76,6.1,4.8,2.15,8.0
96,2026-04-05,TG934,2026-04-05 09:21:00,2026-04-05 09:16:00,-5.0,2026-04-05 09:38:00,2026-04-05 09:58:00,B38 A,249.0,15.37,16.2,5.01,2.33,20.0
96,2026-04-05,UA950,2026-04-05 10:20:00,2026-04-05 09:58:00,-22.0,2026-04-05 10:24:00,2026-04-05 10:51:00,B40 A,188.0,12.12,15.51,4.87,2.55,27.0
96,2026-04-05,UA994,2026-04-05 09:51:00,2026-04-05 11:28:00,97.0,2026-04-05 11:44:00,2026-04-05 12:09:00,B40 A,135.0,11.84,11.4,4.55,2.73,25.0
96,2026-04-05,XR5402,2026-04-05 07:46:00,2026-04-05 08:56:00,70.0,2026-04-05 09:23:00,2026-04-05 09:26:00,B5  A,88.0,15.19,5.79,5.19,1.6,3.0
97,2026-04-05,AC832,2026-04-05 11:16:00,2026-04-05 10:39:00,-37.0,2026-04-05 10:54:00,2026-04-05 11:24:00,B5  A,101.0,12.79,7.9,3.91,2.13,30.0
97,2026-04-05,ET750,2026-04-05 11:13:00,2026-04-05 11:34:00,21.0,2026-04-05 12:17:00,2026-04-05 13:03:00,B17 A,464.0,12.67,36.62,4.68,1.8,46.0
97,2026-04-05,FH8116,2026-04-05 12:44:00,2026-04-05 12:48:00,4.0,2026-04-05 13:06:00,2026-04-05 13:13:00,B38 A,140.0,14.2,9.86,5.41,2.16,7.0
97,2026-04-05,LH1004,2026-04-05 12:50:00,2026-04-05 12:50:00,0.0,2026-04-05 13:03:00,2026-04-05 13:30:00,A43 ,40.0,15.28,2.62,5.84,1.43,27.0
97,2026-04-05,SN1122,2026-04-05 08:39:00,2026-04-05 09:08:00,29.0,2026-04-05 09:20:00,2026-04-05 09:21:00,B40 A,13.0,11.86,1.1,5.04,2.46,1.0
97,2026-04-05,SN1124,2026-04-05 07:10:00,2026-04-05 07:19:00,9.0,2026-04-05 07:32:00,2026-04-05 07:48:00,B30 A,138.0,13.29,10.38,5.99,1.49,16.0
97,2026-04-05,SN206,2026-04-05 06:25:00,2026-04-05 06:48:00,23.0,2026-04-05 07:07:00,2026-04-05 07:30:00,B38 A,154.0,12.03,12.8,5.8,2.01,23.0
97,2026-04-05,SN229,2026-04-05 10:04:00,2026-04-05 10:26:00,22.0,2026-04-05 10:41:00,2026-04-05 11:10:00,B31 A,120.0,10.9,11.01,3.97,2.71,29.0
97,2026-04-05,SN278,2026-04-05 12:46:00,2026-04-05 12:41:00,-5.0,2026-04-05 13:04:00,2026-04-05 13:33:00,B31 A,62.0,10.07,6.16,4.83,2.22,29.0
97,2026-04-05,SN2900,2026-04-05 08:46:00,2026-04-05 08:33:00,-13.0,2026-04-05 08:58:00,2026-04-05 09:02:00,B14 A,79.0,14.48,5.46,4.81,1.39,4.0
97,2026-04-05,SN3326,2026-04-05 07:45:00,2026-04-05 08:05:00,20.0,2026-04-05 08:16:00,2026-04-05 08:36:00,B28 A,123.0,13.57,9.07,5.11,1.56,20.0
97,2026-04-05,SN358,2026-04-05 11:21:00,2026-04-05 11:29:00,8.0,2026-04-05 11:42:00,2026-04-05 12:06:00,B14 A,177.0,16.62,10.65,5.07,1.31,24.0
97,2026-04-05,SN379,2026-04-05 08:11:00,2026-04-05 08:40:00,29.0,2026-04-05 08:59:00,2026-04-05 09:27:00,B28 A,76.0,14.26,5.33,4.68,1.71,28.0
97,2026-04-05,SN3800,2026-04-05 06:15:00,2026-04-05 06:16:00,1.0,2026-04-05 06:28:00,2026-04-05 06:30:00,A65 ,27.0,9.97,2.71,5.34,1.56,2.0
97,2026-04-05,TB1552,2026-04-05 10:15:00,2026-04-05 10:31:00,16.0,2026-04-05 10:50:00,2026-04-05 10:59:00,A69 ,164.0,13.82,11.87,4.17,2.0,9.0
97,2026-04-05,TB2632,2026-04-05 09:29:00,2026-04-05 09:09:00,-20.0,2026-04-05 09:35:00,2026-04-05 09:44:00,B9  A,114.0,11.25,10.13,4.36,1.91,9.0
97,2026-04-05,TB2662,2026-04-05 09:15:00,2026-04-05 09:04:00,-11.0,2026-04-05 09:22:00,2026-04-05 09:30:00,B34 A,90.0,13.12,6.86,4.65,2.22,8.0
97,2026-04-05,TG934,2026-04-05 12:22:00,2026-04-05 12:26:00,4.0,2026-04-05 12:46:00,2026-04-05 13:15:00,B34 A,260.0,15.5,16.78,6.95,1.49,29.0
97,2026-04-05,UA950,2026-04-05 10:20:00,2026-04-05 09:58:00,-22.0,2026-04-05 10:24:00,2026-04-05 10:51:00,B40 A,188.0,10.32,18.22,3.68,3.37,27.0
97,2026-04-05,UA994,2026-04-05 12:51:00,2026-04-05 12:35:00,-16.0,2026-04-05 12:54:00,2026-04-05 13:24:00,B38 A,109.0,12.32,8.85,4.98,2.34,30.0
97,2026-04-05,XR5402,2026-04-05 07:46:00,2026-04-05 08:56:00,70.0,2026-04-05 09:23:00,2026-04-05 09:26:00,B5  A,88.0,13.37,6.58,6.16,1.35,3.0
98,2026-04-05,AC832,2026-04-05 11:16:00,2026-04-05 10:39:00,-37.0,2026-04-05 10:54:00,2026-04-05 11:24:00,B5  A,101.0,12.18,8.29,5.14,1.62,30.0
98,2026-04-05,ET750,2026-04-05 11:13:00,2026-04-05 11:34:00,21.0,2026-04-05 12:17:00,2026-04-05 13:03:00,B17 A,464.0,13.16,35.26,4.23,1.99,46.0
98,2026-04-05,FH8116,2026-04-05 06:35:00,2026-04-05 06:00:00,-35.0,2026-04-05 06:07:00,2026-04-05 06:09:00,B15 A,22.0,8.14,2.7,6.48,1.19,2.0
98,2026-04-05,LH1004,2026-04-05 12:50:00,2026-04-05 12:50:00,0.0,2026-04-05 13:03:00,2026-04-05 13:30:00,A43 ,40.0,15.14,2.64,5.29,1.58,27.0
98,2026-04-05,SN1122,2026-04-05 08:39:00,2026-04-05 09:08:00,29.0,2026-04-05 09:20:00,2026-04-05 09:21:00,B40 A,13.0,9.34,1.39,3.67,3.39,1.0
98,2026-04-05,SN1124,2026-04-05 07:10:00,2026-04-05 07:19:00,9.0,2026-04-05 07:32:00,2026-04-05 07:48:00,B30 A,138.0,12.75,10.83,5.7,1.56,16.0
98,2026-04-05,SN206,2026-04-05 06:25:00,2026-04-05 06:48:00,23.0,2026-04-05 07:07:00,2026-04-05 07:30:00,B38 A,154.0,12.02,12.81,4.59,2.54,23.0
98,2026-04-05,SN229,2026-04-05 08:06:00,2026-04-05 09:20:00,74.0,2026-04-05 09:41:00,2026-04-05 10:22:00,B14 A,144.0,9.42,15.28,4.69,1.42,41.0
98,2026-04-05,SN278,2026-04-05 12:46:00,2026-04-05 12:41:00,-5.0,2026-04-05 13:04:00,2026-04-05 13:33:00,B31 A,62.0,11.08,5.59,4.83,2.23,29.0
98,2026-04-05,SN2900,2026-04-05 07:39:00,2026-04-05 07:25:00,-14.0,2026-04-05 07:38:00,2026-04-05 07:53:00,B38 A,55.0,11.01,4.99,4.9,2.38,15.0
98,2026-04-05,SN3326,2026-04-05 11:24:00,2026-04-05 11:41:00,17.0,2026-04-05 12:06:00,2026-04-05 12:12:00,B14 A,111.0,11.33,9.8,4.4,1.51,6.0
98,2026-04-05,SN358,2026-04-05 11:21:00,2026-04-05 11:29:00,8.0,2026-04-05 11:42:00,2026-04-05 12:06:00,B14 A,177.0,15.64,11.31,4.2,1.59,24.0
98,2026-04-05,SN379,2026-04-05 08:11:00,2026-04-05 08:40:00,29.0,2026-04-05 08:59:00,2026-04-05 09:27:00,B28 A,76.0,14.69,5.17,4.29,1.86,28.0
98,2026-04-05,SN3800,2026-04-05 06:15:00,2026-04-05 06:16:00,1.0,2026-04-05 06:28:00,2026-04-05 06:30:00,A65 ,27.0,15.51,1.74,4.51,1.85,2.0
98,2026-04-05,TB1552,2026-04-05 07:47:00,2026-04-05 07:43:00,-4.0,2026-04-05 07:55:00,2026-04-05 07:59:00,A68 ,66.0,12.76,5.17,4.87,1.71,4.0
98,2026-04-05,TB2632,2026-04-05 09:29:00,2026-04-05 09:09:00,-20.0,2026-04-05 09:35:00,2026-04-05 09:44:00,B9  A,114.0,12.92,8.83,4.31,1.94,9.0
98,2026-04-05,TB2662,2026-04-05 09:15:00,2026-04-05 09:04:00,-11.0,2026-04-05 09:22:00,2026-04-05 09:30:00,B34 A,90.0,14.09,6.39,5.37,1.92,8.0
98,2026-04-05,TG934,2026-04-05 12:22:00,2026-04-05 12:26:00,4.0,2026-04-05 12:46:00,2026-04-05 13:15:00,B34 A,260.0,14.46,17.98,5.6,1.84,29.0
98,2026-04-05,UA950,2026-04-05 08:20:00,2026-04-05 08:20:00,0.0,2026-04-05 08:36:00,2026-04-05 09:25:00,B38 A,176.0,12.91,13.64,5.4,2.16,49.0
98,2026-04-05,UA994,2026-04-05 10:51:00,2026-04-05 10:01:00,-50.0,2026-04-05 10:18:00,2026-04-05 10:42:00,B38 A,177.0,15.4,11.49,5.06,2.31,24.0
98,2026-04-05,XR5402,2026-04-05 07:46:00,2026-04-05 08:56:00,70.0,2026-04-05 09:23:00,2026-04-05 09:26:00,B5  A,88.0,12.92,6.81,3.83,2.18,3.0
99,2026-04-05,AC832,2026-04-05 11:16:00,2026-04-05 10:39:00,-37.0,2026-04-05 10:54:00,2026-04-05 11:24:00,B5  A,101.0,15.15,6.67,5.98,1.39,30.0
99,2026-04-05,ET750,2026-04-05 11:13:00,2026-04-05 11:34:00,21.0,2026-04-05 12:17:00,2026-04-05 13:03:00,B17 A,464.0,11.36,40.85,5.35,1.57,46.0
99,2026-04-05,FH8116,2026-04-05 06:35:00,2026-04-05 06:00:00,-35.0,2026-04-05 06:07:00,2026-04-05 06:09:00,B15 A,22.0,14.19,1.55,4.48,1.72,2.0
99,2026-04-05,LH1004,2026-04-05 12:50:00,2026-04-05 12:50:00,0.0,2026-04-05 13:03:00,2026-04-05 13:30:00,A43 ,40.0,10.79,3.71,4.21,1.98,27.0
99,2026-04-05,SN1122,2026-04-05 08:39:00,2026-04-05 09:08:00,29.0,2026-04-05 09:20:00,2026-04-05 09:21:00,B40 A,13.0,12.5,1.04,5.36,2.32,1.0
99,2026-04-05,SN1124,2026-04-05 07:10:00,2026-04-05 07:19:00,9.0,2026-04-05 07:32:00,2026-04-05 07:48:00,B30 A,138.0,13.97,9.88,4.24,2.1,16.0
99,2026-04-05,SN206,2026-04-05 06:25:00,2026-04-05 06:48:00,23.0,2026-04-05 07:07:00,2026-04-05 07:30:00,B38 A,154.0,10.08,15.28,4.31,2.71,23.0
99,2026-04-05,SN229,2026-04-05 10:04:00,2026-04-05 10:26:00,22.0,2026-04-05 10:41:00,2026-04-05 11:10:00,B31 A,120.0,11.64,10.31,5.03,2.14,29.0
99,2026-04-05,SN278,2026-04-05 08:43:00,2026-04-05 08:27:00,-16.0,2026-04-05 08:40:00,2026-04-05 09:10:00,B37 A,123.0,13.81,8.91,4.96,2.45,30.0
99,2026-04-05,SN2900,2026-04-05 07:39:00,2026-04-05 07:25:00,-14.0,2026-04-05 07:38:00,2026-04-05 07:53:00,B38 A,55.0,12.31,4.47,4.81,2.42,15.0
99,2026-04-05,SN3326,2026-04-05 11:24:00,2026-04-05 11:41:00,17.0,2026-04-05 12:06:00,2026-04-05 12:12:00,B14 A,111.0,10.56,10.51,5.02,1.33,6.0
99,2026-04-05,SN358,2026-04-05 12:21:00,2026-04-05 12:23:00,2.0,2026-04-05 12:43:00,2026-04-05 13:14:00,B28 A,176.0,10.86,16.21,5.17,1.55,31.0
99,2026-04-05,SN379,2026-04-05 08:11:00,2026-04-05 08:40:00,29.0,2026-04-05 08:59:00,2026-04-05 09:27:00,B28 A,76.0,8.47,8.97,5.51,1.45,28.0
99,2026-04-05,SN3800,2026-04-05 06:15:00,2026-04-05 06:16:00,1.0,2026-04-05 06:28:00,2026-04-05 06:30:00,A65 ,27.0,12.98,2.08,5.01,1.66,2.0
99,2026-04-05,TB1552,2026-04-05 08:29:00,2026-04-05 08:25:00,-4.0,2026-04-05 08:46:00,2026-04-05 08:54:00,A61 ,166.0,12.43,13.35,5.65,1.47,8.0
99,2026-04-05,TB2632,2026-04-05 09:29:00,2026-04-05 09:09:00,-20.0,2026-04-05 09:35:00,2026-04-05 09:44:00,B9  A,114.0,15.11,7.55,5.17,1.61,9.0
99,2026-04-05,TB2662,2026-04-05 09:15:00,2026-04-05 09:04:00,-11.0,2026-04-05 09:22:00,2026-04-05 09:30:00,B34 A,90.0,9.86,9.12,5.68,1.82,8.0
99,2026-04-05,TG934,2026-04-05 09:21:00,2026-04-05 09:16:00,-5.0,2026-04-05 09:38:00,2026-04-05 09:58:00,B38 A,249.0,13.14,18.94,4.94,2.36,20.0
99,2026-04-05,UA950,2026-04-05 11:22:00,2026-04-05 11:02:00,-20.0,2026-04-05 11:22:00,2026-04-05 11:45:00,B28 A,170.0,12.99,13.08,4.68,1.71,23.0
99,2026-04-05,UA994,2026-04-05 09:51:00,2026-04-05 11:28:00,97.0,2026-04-05 11:44:00,2026-04-05 12:09:00,B40 A,135.0,13.99,9.65,5.8,2.14,25.0
99,2026-04-05,XR5402,2026-04-05 07:46:00,2026-04-05 08:56:00,70.0,2026-04-05 09:23:00,2026-04-05 09:26:00,B5  A,88.0,14.66,6.0,4.34,1.92,3.0
100,2026-04-05,AC832,2026-04-05 12:18:00,2026-04-05 11:38:00,-40.0,2026-04-05 11:54:00,2026-04-05 12:17:00,B30 A,100.0,14.37,6.96,5.26,1.69,23.0
100,2026-04-05,ET750,2026-04-05 11:13:00,2026-04-05 11:34:00,21.0,2026-04-05 12:17:00,2026-04-05 13:03:00,B17 A,464.0,14.86,31.22,4.47,1.88,46.0
100,2026-04-05,FH8116,2026-04-05 12:44:00,2026-04-05 12:48:00,4.0,2026-04-05 13:06:00,2026-04-05 13:13:00,B38 A,140.0,16.46,8.5,4.14,2.81,7.0
100,2026-04-05,LH1004,2026-04-05 09:50:00,2026-04-05 09:53:00,3.0,2026-04-05 10:20:00,2026-04-05 10:27:00,A43 ,33.0,14.17,2.33,5.0,1.67,7.0
100,2026-04-05,SN1122,2026-04-05 08:39:00,2026-04-05 09:08:00,29.0,2026-04-05 09:20:00,2026-04-05 09:21:00,B40 A,13.0,15.76,0.82,4.4,2.82,1.0
100,2026-04-05,SN1124,2026-04-05 07:10:00,2026-04-05 07:19:00,9.0,2026-04-05 07:32:00,2026-04-05 07:48:00,B30 A,138.0,15.96,8.65,4.82,1.85,16.0
100,2026-04-05,SN206,2026-04-05 06:25:00,2026-04-05 06:48:00,23.0,2026-04-05 07:07:00,2026-04-05 07:30:00,B38 A,154.0,11.37,13.54,5.1,2.29,23.0
100,2026-04-05,SN229,2026-04-05 12:06:00,2026-04-05 12:12:00,6.0,2026-04-05 12:39:00,2026-04-05 13:03:00,B28 A,20.0,15.93,1.26,4.56,1.75,24.0
100,2026-04-05,SN278,2026-04-05 08:43:00,2026-04-05 08:27:00,-16.0,2026-04-05 08:40:00,2026-04-05 09:10:00,B37 A,123.0,13.53,9.09,4.58,2.66,30.0
100,2026-04-05,SN2900,2026-04-05 10:44:00,2026-04-05 11:04:00,20.0,2026-04-05 11:13:00,2026-04-05 11:34:00,B32 A,49.0,12.92,3.79,4.03,2.4,21.0
100,2026-04-05,SN3326,2026-04-05 11:24:00,2026-04-05 11:41:00,17.0,2026-04-05 12:06:00,2026-04-05 12:12:00,B14 A,111.0,11.25,9.87,4.11,1.62,6.0
100,2026-04-05,SN358,2026-04-05 10:21:00,2026-04-05 11:13:00,52.0,2026-04-05 11:43:00,2026-04-05 12:03:00,B38 A,126.0,12.21,10.32,4.09,2.85,20.0
100,2026-04-05,SN379,2026-04-05 10:10:00,2026-04-05 11:03:00,53.0,2026-04-05 11:42:00,2026-04-05 12:19:00,B29 A,161.0,14.05,11.46,5.49,1.79,37.0
100,2026-04-05,SN3800,2026-04-05 06:15:00,2026-04-05 06:16:00,1.0,2026-04-05 06:28:00,2026-04-05 06:30:00,A65 ,27.0,10.63,2.54,6.37,1.31,2.0
100,2026-04-05,TB1552,2026-04-05 07:15:00,2026-04-05 07:08:00,-7.0,2026-04-05 07:38:00,2026-04-05 07:45:00,A61 ,152.0,11.24,13.53,4.77,1.75,7.0
100,2026-04-05,TB2632,2026-04-05 09:29:00,2026-04-05 09:09:00,-20.0,2026-04-05 09:35:00,2026-04-05 09:44:00,B9  A,114.0,13.95,8.17,4.55,1.83,9.0
100,2026-04-05,TB2662,2026-04-05 09:15:00,2026-04-05 09:04:00,-11.0,2026-04-05 09:22:00,2026-04-05 09:30:00,B34 A,90.0,10.67,8.44,4.85,2.13,8.0
100,2026-04-05,TG934,2026-04-05 09:21:00,2026-04-05 09:16:00,-5.0,2026-04-05 09:38:00,2026-04-05 09:58:00,B38 A,249.0,16.37,15.21,5.18,2.25,20.0
100,2026-04-05,UA950,2026-04-05 12:20:00,2026-04-05 11:58:00,-22.0,2026-04-05 12:14:00,2026-04-05 12:42:00,B37 A,127.0,10.57,12.01,4.44,2.74,28.0
100,2026-04-05,UA994,2026-04-05 09:51:00,2026-04-05 11:28:00,97.0,2026-04-05 11:44:00,2026-04-05 12:09:00,B40 A,135.0,10.98,12.29,4.87,2.55,25.0
100,2026-04-05,XR5402,2026-04-05 07:46:00,2026-04-05 08:56:00,70.0,2026-04-05 09:23:00,2026-04-05 09:26:00,B5  A,88.0,10.73,8.2,6.77,1.23,3.0
