Scenario_ID,Operational_Day,Flight,Scheduled Ha Block,Ha Block,Delay,From,To,Gate Nr.,Local Total,Unloading_Rate,Duration_S1,Transport_Speed_mps,Duration_S2,Duration_S3
1,2026-04-05,AC832,2026-04-05 08:17:00,2026-04-05 07:46:00,-31.0,2026-04-05 08:02:00,2026-04-05 08:29:00,B30 A,122.0,15.01,8.13,4.72,1.89,27.0
1,2026-04-05,ET750,2026-04-05 11:13:00,2026-04-05 11:34:00,21.0,2026-04-05 12:17:00,2026-04-05 13:03:00,B17 A,464.0,14.86,31.22,4.84,1.74,46.0
1,2026-04-05,FH8116,2026-04-05 12:44:00,2026-04-05 12:48:00,4.0,2026-04-05 13:06:00,2026-04-05 13:13:00,B38 A,140.0,11.43,12.25,3.94,2.96,7.0
1,2026-04-05,LH1004,2026-04-05 09:50:00,2026-04-05 09:53:00,3.0,2026-04-05 10:20:00,2026-04-05 10:27:00,A43 ,33.0,15.84,2.08,5.84,1.43,7.0
1,2026-04-05,SN1122,2026-04-05 08:39:00,2026-04-05 09:08:00,29.0,2026-04-05 09:20:00,2026-04-05 09:21:00,B40 A,13.0,14.51,0.9,3.9,3.19,1.0
1,2026-04-05,SN1124,2026-04-05 07:10:00,2026-04-05 07:19:00,9.0,2026-04-05 07:32:00,2026-04-05 07:48:00,B30 A,138.0,16.08,8.58,4.16,2.14,16.0
1,2026-04-05,SN206,2026-04-05 06:25:00,2026-04-05 06:48:00,23.0,2026-04-05 07:07:00,2026-04-05 07:30:00,B38 A,154.0,12.56,12.27,5.62,2.08,23.0
1,2026-04-05,SN229,2026-04-05 10:04:00,2026-04-05 10:26:00,22.0,2026-04-05 10:41:00,2026-04-05 11:10:00,B31 A,120.0,14.62,8.21,4.08,2.64,29.0
1,2026-04-05,SN278,2026-04-05 12:46:00,2026-04-05 12:41:00,-5.0,2026-04-05 13:04:00,2026-04-05 13:33:00,B31 A,62.0,10.5,5.9,5.05,2.13,29.0
1,2026-04-05,SN2900,2026-04-05 10:44:00,2026-04-05 11:04:00,20.0,2026-04-05 11:13:00,2026-04-05 11:34:00,B32 A,49.0,12.9,3.8,5.99,1.61,21.0
1,2026-04-05,SN3326,2026-04-05 11:24:00,2026-04-05 11:41:00,17.0,2026-04-05 12:06:00,2026-04-05 12:12:00,B14 A,111.0,11.67,9.51,6.3,1.06,6.0
1,2026-04-05,SN358,2026-04-05 08:21:00,2026-04-05 08:24:00,3.0,2026-04-05 08:42:00,2026-04-05 09:09:00,B14 A,112.0,10.29,10.89,5.25,1.27,27.0
1,2026-04-05,SN379,2026-04-05 10:10:00,2026-04-05 11:03:00,53.0,2026-04-05 11:42:00,2026-04-05 12:19:00,B29 A,161.0,14.78,10.9,6.08,1.62,37.0
1,2026-04-05,SN3800,2026-04-05 06:15:00,2026-04-05 06:16:00,1.0,2026-04-05 06:28:00,2026-04-05 06:30:00,A65 ,27.0,15.91,1.7,5.33,1.56,2.0
1,2026-04-05,TB1552,2026-04-05 07:47:00,2026-04-05 07:43:00,-4.0,2026-04-05 07:55:00,2026-04-05 07:59:00,A68 ,66.0,15.26,4.32,5.9,1.41,4.0
1,2026-04-05,TB2632,2026-04-05 09:29:00,2026-04-05 09:09:00,-20.0,2026-04-05 09:35:00,2026-04-05 09:44:00,B9  A,114.0,9.49,12.01,5.37,1.55,9.0
1,2026-04-05,TB2662,2026-04-05 09:15:00,2026-04-05 09:04:00,-11.0,2026-04-05 09:22:00,2026-04-05 09:30:00,B34 A,90.0,12.35,7.29,4.07,2.54,8.0
1,2026-04-05,TG934,2026-04-05 09:21:00,2026-04-05 09:16:00,-5.0,2026-04-05 09:38:00,2026-04-05 09:58:00,B38 A,249.0,16.17,15.4,4.37,2.67,20.0
1,2026-04-05,UA950,2026-04-05 09:21:00,2026-04-05 08:45:00,-36.0,2026-04-05 09:03:00,2026-04-05 09:29:00,B5  A,163.0,11.05,14.76,5.12,1.63,26.0
1,2026-04-05,UA994,2026-04-05 11:51:00,2026-04-05 11:37:00,-14.0,2026-04-05 11:55:00,2026-04-05 12:25:00,B40 A,157.0,15.51,10.12,5.09,2.44,30.0
1,2026-04-05,XR5402,2026-04-05 07:46:00,2026-04-05 08:56:00,70.0,2026-04-05 09:23:00,2026-04-05 09:26:00,B5  A,88.0,14.46,6.08,4.98,1.67,3.0
2,2026-04-05,AC832,2026-04-05 09:18:00,2026-04-05 08:45:00,-33.0,2026-04-05 09:06:00,2026-04-05 09:59:00,B28 A,110.0,11.28,9.75,4.56,1.75,53.0
2,2026-04-05,ET750,2026-04-05 11:13:00,2026-04-05 11:34:00,21.0,2026-04-05 12:17:00,2026-04-05 13:03:00,B17 A,464.0,11.98,38.74,4.24,1.99,46.0
2,2026-04-05,FH8116,2026-04-05 12:44:00,2026-04-05 12:48:00,4.0,2026-04-05 13:06:00,2026-04-05 13:13:00,B38 A,140.0,13.44,10.41,6.73,1.73,7.0
2,2026-04-05,LH1004,2026-04-05 11:51:00,2026-04-05 11:47:00,-4.0,2026-04-05 12:07:00,2026-04-05 12:12:00,A43 ,23.0,14.75,1.56,4.58,1.82,5.0
2,2026-04-05,SN1122,2026-04-05 08:39:00,2026-04-05 09:08:00,29.0,2026-04-05 09:20:00,2026-04-05 09:21:00,B40 A,13.0,11.51,1.13,6.46,1.92,1.0
2,2026-04-05,SN1124,2026-04-05 07:10:00,2026-04-05 07:19:00,9.0,2026-04-05 07:32:00,2026-04-05 07:48:00,B30 A,138.0,13.85,9.96,4.64,1.92,16.0
2,2026-04-05,SN206,2026-04-05 06:25:00,2026-04-05 06:48:00,23.0,2026-04-05 07:07:00,2026-04-05 07:30:00,B38 A,154.0,15.5,9.94,5.64,2.07,23.0
2,2026-04-05,SN229,2026-04-05 10:04:00,2026-04-05 10:26:00,22.0,2026-04-05 10:41:00,2026-04-05 11:10:00,B31 A,120.0,11.69,10.26,7.86,1.37,29.0
2,2026-04-05,SN278,2026-04-05 08:43:00,2026-04-05 08:27:00,-16.0,2026-04-05 08:40:00,2026-04-05 09:10:00,B37 A,123.0,11.94,10.3,5.13,2.37,30.0
2,2026-04-05,SN2900,2026-04-05 08:46:00,2026-04-05 08:33:00,-13.0,2026-04-05 08:58:00,2026-04-05 09:02:00,B14 A,79.0,13.68,5.77,5.91,1.13,4.0
2,2026-04-05,SN3326,2026-04-05 11:24:00,2026-04-05 11:41:00,17.0,2026-04-05 12:06:00,2026-04-05 12:12:00,B14 A,111.0,14.89,7.45,4.34,1.54,6.0
2,2026-04-05,SN358,2026-04-05 10:21:00,2026-04-05 11:13:00,52.0,2026-04-05 11:43:00,2026-04-05 12:03:00,B38 A,126.0,14.29,8.82,6.21,1.88,20.0
2,2026-04-05,SN379,2026-04-05 08:11:00,2026-04-05 08:40:00,29.0,2026-04-05 08:59:00,2026-04-05 09:27:00,B28 A,76.0,14.48,5.25,5.46,1.46,28.0
2,2026-04-05,SN3800,2026-04-05 06:15:00,2026-04-05 06:16:00,1.0,2026-04-05 06:28:00,2026-04-05 06:30:00,A65 ,27.0,11.13,2.43,4.6,1.81,2.0
2,2026-04-05,TB1552,2026-04-05 08:29:00,2026-04-05 08:25:00,-4.0,2026-04-05 08:46:00,2026-04-05 08:54:00,A61 ,166.0,9.57,17.34,5.75,1.45,8.0
2,2026-04-05,TB2632,2026-04-05 09:29:00,2026-04-05 09:09:00,-20.0,2026-04-05 09:35:00,2026-04-05 09:44:00,B9  A,114.0,13.02,8.76,6.11,1.36,9.0
2,2026-04-05,TB2662,2026-04-05 09:15:00,2026-04-05 09:04:00,-11.0,2026-04-05 09:22:00,2026-04-05 09:30:00,B34 A,90.0,16.88,5.33,5.32,1.94,8.0
2,2026-04-05,TG934,2026-04-05 12:22:00,2026-04-05 12:26:00,4.0,2026-04-05 12:46:00,2026-04-05 13:15:00,B34 A,260.0,15.88,16.37,5.48,1.89,29.0
2,2026-04-05,UA950,2026-04-05 09:21:00,2026-04-05 08:45:00,-36.0,2026-04-05 09:03:00,2026-04-05 09:29:00,B5  A,163.0,10.09,16.15,4.5,1.85,26.0
2,2026-04-05,UA994,2026-04-05 12:51:00,2026-04-05 12:35:00,-16.0,2026-04-05 12:54:00,2026-04-05 13:24:00,B38 A,109.0,12.94,8.43,6.16,1.89,30.0
2,2026-04-05,XR5402,2026-04-05 07:46:00,2026-04-05 08:56:00,70.0,2026-04-05 09:23:00,2026-04-05 09:26:00,B5  A,88.0,10.36,8.49,4.24,1.97,3.0
3,2026-04-05,AC832,2026-04-05 08:17:00,2026-04-05 07:46:00,-31.0,2026-04-05 08:02:00,2026-04-05 08:29:00,B30 A,122.0,9.95,12.26,3.98,2.24,27.0
3,2026-04-05,ET750,2026-04-05 11:13:00,2026-04-05 11:34:00,21.0,2026-04-05 12:17:00,2026-04-05 13:03:00,B17 A,464.0,15.61,29.72,3.62,2.32,46.0
3,2026-04-05,FH8116,2026-04-05 06:35:00,2026-04-05 06:00:00,-35.0,2026-04-05 06:07:00,2026-04-05 06:09:00,B15 A,22.0,14.52,1.51,4.0,1.94,2.0
3,2026-04-05,LH1004,2026-04-05 11:51:00,2026-04-05 11:47:00,-4.0,2026-04-05 12:07:00,2026-04-05 12:12:00,A43 ,23.0,11.97,1.92,5.3,1.57,5.0
3,2026-04-05,SN1122,2026-04-05 08:39:00,2026-04-05 09:08:00,29.0,2026-04-05 09:20:00,2026-04-05 09:21:00,B40 A,13.0,12.08,1.08,5.99,2.07,1.0
3,2026-04-05,SN1124,2026-04-05 07:10:00,2026-04-05 07:19:00,9.0,2026-04-05 07:32:00,2026-04-05 07:48:00,B30 A,138.0,12.84,10.75,4.62,1.93,16.0
3,2026-04-05,SN206,2026-04-05 06:25:00,2026-04-05 06:48:00,23.0,2026-04-05 07:07:00,2026-04-05 07:30:00,B38 A,154.0,12.71,12.12,5.7,2.05,23.0
3,2026-04-05,SN229,2026-04-05 10:04:00,2026-04-05 10:26:00,22.0,2026-04-05 10:41:00,2026-04-05 11:10:00,B31 A,120.0,12.13,9.9,5.78,1.86,29.0
3,2026-04-05,SN278,2026-04-05 12:46:00,2026-04-05 12:41:00,-5.0,2026-04-05 13:04:00,2026-04-05 13:33:00,B31 A,62.0,11.76,5.27,4.85,2.22,29.0
3,2026-04-05,SN2900,2026-04-05 08:46:00,2026-04-05 08:33:00,-13.0,2026-04-05 08:58:00,2026-04-05 09:02:00,B14 A,79.0,12.85,6.15,5.19,1.29,4.0
3,2026-04-05,SN3326,2026-04-05 11:24:00,2026-04-05 11:41:00,17.0,2026-04-05 12:06:00,2026-04-05 12:12:00,B14 A,111.0,15.11,7.35,4.72,1.41,6.0
3,2026-04-05,SN358,2026-04-05 08:21:00,2026-04-05 08:24:00,3.0,2026-04-05 08:42:00,2026-04-05 09:09:00,B14 A,112.0,11.81,9.49,6.81,0.98,27.0
3,2026-04-05,SN379,2026-04-05 08:11:00,2026-04-05 08:40:00,29.0,2026-04-05 08:59:00,2026-04-05 09:27:00,B28 A,76.0,15.29,4.97,5.25,1.53,28.0
3,2026-04-05,SN3800,2026-04-05 06:15:00,2026-04-05 06:16:00,1.0,2026-04-05 06:28:00,2026-04-05 06:30:00,A65 ,27.0,15.46,1.75,4.84,1.72,2.0
3,2026-04-05,TB1552,2026-04-05 07:15:00,2026-04-05 07:08:00,-7.0,2026-04-05 07:38:00,2026-04-05 07:45:00,A61 ,152.0,13.75,11.06,4.21,1.98,7.0
3,2026-04-05,TB2632,2026-04-05 09:29:00,2026-04-05 09:09:00,-20.0,2026-04-05 09:35:00,2026-04-05 09:44:00,B9  A,114.0,9.05,12.6,5.63,1.48,9.0
3,2026-04-05,TB2662,2026-04-05 09:15:00,2026-04-05 09:04:00,-11.0,2026-04-05 09:22:00,2026-04-05 09:30:00,B34 A,90.0,9.61,9.36,5.17,2.0,8.0
3,2026-04-05,TG934,2026-04-05 09:21:00,2026-04-05 09:16:00,-5.0,2026-04-05 09:38:00,2026-04-05 09:58:00,B38 A,249.0,14.64,17.01,5.1,2.29,20.0
3,2026-04-05,UA950,2026-04-05 12:20:00,2026-04-05 11:58:00,-22.0,2026-04-05 12:14:00,2026-04-05 12:42:00,B37 A,127.0,9.39,13.52,6.68,1.82,28.0
3,2026-04-05,UA994,2026-04-05 12:51:00,2026-04-05 12:35:00,-16.0,2026-04-05 12:54:00,2026-04-05 13:24:00,B38 A,109.0,13.14,8.29,4.24,2.75,30.0
3,2026-04-05,XR5402,2026-04-05 07:46:00,2026-04-05 08:56:00,70.0,2026-04-05 09:23:00,2026-04-05 09:26:00,B5  A,88.0,13.47,6.53,5.3,1.57,3.0
4,2026-04-05,AC832,2026-04-05 12:18:00,2026-04-05 11:38:00,-40.0,2026-04-05 11:54:00,2026-04-05 12:17:00,B30 A,100.0,12.47,8.02,5.24,1.7,23.0
4,2026-04-05,ET750,2026-04-05 11:13:00,2026-04-05 11:34:00,21.0,2026-04-05 12:17:00,2026-04-05 13:03:00,B17 A,464.0,13.48,34.43,6.37,1.32,46.0
4,2026-04-05,FH8116,2026-04-05 12:44:00,2026-04-05 12:48:00,4.0,2026-04-05 13:06:00,2026-04-05 13:13:00,B38 A,140.0,10.97,12.77,4.31,2.71,7.0
4,2026-04-05,LH1004,2026-04-05 12:50:00,2026-04-05 12:50:00,0.0,2026-04-05 13:03:00,2026-04-05 13:30:00,A43 ,40.0,13.59,2.94,4.71,1.77,27.0
4,2026-04-05,SN1122,2026-04-05 08:39:00,2026-04-05 09:08:00,29.0,2026-04-05 09:20:00,2026-04-05 09:21:00,B40 A,13.0,10.24,1.27,5.03,2.47,1.0
4,2026-04-05,SN1124,2026-04-05 07:10:00,2026-04-05 07:19:00,9.0,2026-04-05 07:32:00,2026-04-05 07:48:00,B30 A,138.0,12.73,10.84,4.9,1.82,16.0
4,2026-04-05,SN206,2026-04-05 06:25:00,2026-04-05 06:48:00,23.0,2026-04-05 07:07:00,2026-04-05 07:30:00,B38 A,154.0,10.06,15.31,5.01,2.33,23.0
4,2026-04-05,SN229,2026-04-05 10:04:00,2026-04-05 10:26:00,22.0,2026-04-05 10:41:00,2026-04-05 11:10:00,B31 A,120.0,16.07,7.47,4.51,2.38,29.0
4,2026-04-05,SN278,2026-04-05 10:45:00,2026-04-05 10:42:00,-3.0,2026-04-05 11:04:00,2026-04-05 11:16:00,B28 A,198.0,14.28,13.86,5.48,1.46,12.0
4,2026-04-05,SN2900,2026-04-05 08:46:00,2026-04-05 08:33:00,-13.0,2026-04-05 08:58:00,2026-04-05 09:02:00,B14 A,79.0,14.03,5.63,4.74,1.41,4.0
4,2026-04-05,SN3326,2026-04-05 11:24:00,2026-04-05 11:41:00,17.0,2026-04-05 12:06:00,2026-04-05 12:12:00,B14 A,111.0,9.25,12.0,5.71,1.17,6.0
4,2026-04-05,SN358,2026-04-05 10:21:00,2026-04-05 11:13:00,52.0,2026-04-05 11:43:00,2026-04-05 12:03:00,B38 A,126.0,8.62,14.61,4.84,2.41,20.0
4,2026-04-05,SN379,2026-04-05 10:10:00,2026-04-05 11:03:00,53.0,2026-04-05 11:42:00,2026-04-05 12:19:00,B29 A,161.0,12.11,13.3,5.11,1.92,37.0
4,2026-04-05,SN3800,2026-04-05 06:15:00,2026-04-05 06:16:00,1.0,2026-04-05 06:28:00,2026-04-05 06:30:00,A65 ,27.0,11.49,2.35,4.8,1.74,2.0
4,2026-04-05,TB1552,2026-04-05 07:15:00,2026-04-05 07:08:00,-7.0,2026-04-05 07:38:00,2026-04-05 07:45:00,A61 ,152.0,11.29,13.47,5.44,1.53,7.0
4,2026-04-05,TB2632,2026-04-05 09:29:00,2026-04-05 09:09:00,-20.0,2026-04-05 09:35:00,2026-04-05 09:44:00,B9  A,114.0,13.37,8.53,5.24,1.59,9.0
4,2026-04-05,TB2662,2026-04-05 09:15:00,2026-04-05 09:04:00,-11.0,2026-04-05 09:22:00,2026-04-05 09:30:00,B34 A,90.0,12.59,7.15,3.96,2.61,8.0
4,2026-04-05,TG934,2026-04-05 09:21:00,2026-04-05 09:16:00,-5.0,2026-04-05 09:38:00,2026-04-05 09:58:00,B38 A,249.0,15.83,15.73,5.23,2.23,20.0
4,2026-04-05,UA950,2026-04-05 11:22:00,2026-04-05 11:02:00,-20.0,2026-04-05 11:22:00,2026-04-05 11:45:00,B28 A,170.0,14.6,11.65,4.72,1.7,23.0
4,2026-04-05,UA994,2026-04-05 12:51:00,2026-04-05 12:35:00,-16.0,2026-04-05 12:54:00,2026-04-05 13:24:00,B38 A,109.0,13.78,7.91,5.71,2.04,30.0
4,2026-04-05,XR5402,2026-04-05 07:46:00,2026-04-05 08:56:00,70.0,2026-04-05 09:23:00,2026-04-05 09:26:00,B5  A,88.0,10.85,8.11,5.3,1.57,3.0
5,2026-04-05,AC832,2026-04-05 09:18:00,2026-04-05 08:45:00,-33.0,2026-04-05 09:06:00,2026-04-05 09:59:00,B28 A,110.0,12.93,8.51,6.8,1.18,53.0
5,2026-04-05,ET750,2026-04-05 11:13:00,2026-04-05 11:34:00,21.0,2026-04-05 12:17:00,2026-04-05 13:03:00,B17 A,464.0,11.55,40.17,5.99,1.4,46.0
5,2026-04-05,FH8116,2026-04-05 12:44:00,2026-04-05 12:48:00,4.0,2026-04-05 13:06:00,2026-04-05 13:13:00,B38 A,140.0,12.98,10.79,5.01,2.33,7.0
5,2026-04-05,LH1004,2026-04-05 11:51:00,2026-04-05 11:47:00,-4.0,2026-04-05 12:07:00,2026-04-05 12:12:00,A43 ,23.0,10.83,2.12,4.98,1.67,5.0
5,2026-04-05,SN1122,2026-04-05 08:39:00,2026-04-05 09:08:00,29.0,2026-04-05 09:20:00,2026-04-05 09:21:00,B40 A,13.0,11.68,1.11,4.31,2.88,1.0
5,2026-04-05,SN1124,2026-04-05 07:10:00,2026-04-05 07:19:00,9.0,2026-04-05 07:32:00,2026-04-05 07:48:00,B30 A,138.0,12.74,10.83,5.48,1.63,16.0
5,2026-04-05,SN206,2026-04-05 06:25:00,2026-04-05 06:48:00,23.0,2026-04-05 07:07:00,2026-04-05 07:30:00,B38 A,154.0,11.82,13.03,5.29,2.21,23.0
5,2026-04-05,SN229,2026-04-05 08:06:00,2026-04-05 09:20:00,74.0,2026-04-05 09:41:00,2026-04-05 10:22:00,B14 A,144.0,13.19,10.92,6.03,1.11,41.0
5,2026-04-05,SN278,2026-04-05 10:45:00,2026-04-05 10:42:00,-3.0,2026-04-05 11:04:00,2026-04-05 11:16:00,B28 A,198.0,14.01,14.13,5.74,1.39,12.0
5,2026-04-05,SN2900,2026-04-05 07:39:00,2026-04-05 07:25:00,-14.0,2026-04-05 07:38:00,2026-04-05 07:53:00,B38 A,55.0,13.63,4.04,4.53,2.58,15.0
5,2026-04-05,SN3326,2026-04-05 11:24:00,2026-04-05 11:41:00,17.0,2026-04-05 12:06:00,2026-04-05 12:12:00,B14 A,111.0,11.79,9.42,4.97,1.34,6.0
5,2026-04-05,SN358,2026-04-05 08:21:00,2026-04-05 08:24:00,3.0,2026-04-05 08:42:00,2026-04-05 09:09:00,B14 A,112.0,13.78,8.13,4.53,1.47,27.0
5,2026-04-05,SN379,2026-04-05 10:10:00,2026-04-05 11:03:00,53.0,2026-04-05 11:42:00,2026-04-05 12:19:00,B29 A,161.0,12.74,12.63,4.65,2.11,37.0
5,2026-04-05,SN3800,2026-04-05 06:15:00,2026-04-05 06:16:00,1.0,2026-04-05 06:28:00,2026-04-05 06:30:00,A65 ,27.0,10.33,2.61,4.43,1.88,2.0
5,2026-04-05,TB1552,2026-04-05 07:15:00,2026-04-05 07:08:00,-7.0,2026-04-05 07:38:00,2026-04-05 07:45:00,A61 ,152.0,15.35,9.9,5.32,1.57,7.0
5,2026-04-05,TB2632,2026-04-05 09:29:00,2026-04-05 09:09:00,-20.0,2026-04-05 09:35:00,2026-04-05 09:44:00,B9  A,114.0,8.8,12.96,6.11,1.36,9.0
5,2026-04-05,TB2662,2026-04-05 09:15:00,2026-04-05 09:04:00,-11.0,2026-04-05 09:22:00,2026-04-05 09:30:00,B34 A,90.0,12.56,7.17,5.74,1.8,8.0
5,2026-04-05,TG934,2026-04-05 09:21:00,2026-04-05 09:16:00,-5.0,2026-04-05 09:38:00,2026-04-05 09:58:00,B38 A,249.0,13.67,18.21,4.88,2.39,20.0
5,2026-04-05,UA950,2026-04-05 12:20:00,2026-04-05 11:58:00,-22.0,2026-04-05 12:14:00,2026-04-05 12:42:00,B37 A,127.0,10.36,12.26,4.36,2.79,28.0
5,2026-04-05,UA994,2026-04-05 08:51:00,2026-04-05 08:32:00,-19.0,2026-04-05 08:52:00,2026-04-05 09:25:00,B40 A,171.0,15.41,11.1,4.29,2.9,33.0
5,2026-04-05,XR5402,2026-04-05 07:46:00,2026-04-05 08:56:00,70.0,2026-04-05 09:23:00,2026-04-05 09:26:00,B5  A,88.0,12.3,7.15,3.74,2.23,3.0
6,2026-04-05,AC832,2026-04-05 09:18:00,2026-04-05 08:45:00,-33.0,2026-04-05 09:06:00,2026-04-05 09:59:00,B28 A,110.0,15.91,6.91,4.22,1.9,53.0
6,2026-04-05,ET750,2026-04-05 11:13:00,2026-04-05 11:34:00,21.0,2026-04-05 12:17:00,2026-04-05 13:03:00,B17 A,464.0,13.2,35.16,4.28,1.96,46.0
6,2026-04-05,FH8116,2026-04-05 12:44:00,2026-04-05 12:48:00,4.0,2026-04-05 13:06:00,2026-04-05 13:13:00,B38 A,140.0,15.99,8.75,5.74,2.03,7.0
6,2026-04-05,LH1004,2026-04-05 09:50:00,2026-04-05 09:53:00,3.0,2026-04-05 10:20:00,2026-04-05 10:27:00,A43 ,33.0,14.04,2.35,3.64,2.29,7.0
6,2026-04-05,SN1122,2026-04-05 08:39:00,2026-04-05 09:08:00,29.0,2026-04-05 09:20:00,2026-04-05 09:21:00,B40 A,13.0,12.27,1.06,6.38,1.94,1.0
6,2026-04-05,SN1124,2026-04-05 07:10:00,2026-04-05 07:19:00,9.0,2026-04-05 07:32:00,2026-04-05 07:48:00,B30 A,138.0,15.43,8.94,3.86,2.31,16.0
6,2026-04-05,SN206,2026-04-05 06:25:00,2026-04-05 06:48:00,23.0,2026-04-05 07:07:00,2026-04-05 07:30:00,B38 A,154.0,13.23,11.64,3.72,3.14,23.0
6,2026-04-05,SN229,2026-04-05 12:06:00,2026-04-05 12:12:00,6.0,2026-04-05 12:39:00,2026-04-05 13:03:00,B28 A,20.0,10.51,1.9,4.62,1.73,24.0
6,2026-04-05,SN278,2026-04-05 10:45:00,2026-04-05 10:42:00,-3.0,2026-04-05 11:04:00,2026-04-05 11:16:00,B28 A,198.0,13.76,14.39,7.23,1.11,12.0
6,2026-04-05,SN2900,2026-04-05 08:46:00,2026-04-05 08:33:00,-13.0,2026-04-05 08:58:00,2026-04-05 09:02:00,B14 A,79.0,15.0,5.27,4.99,1.34,4.0
6,2026-04-05,SN3326,2026-04-05 11:24:00,2026-04-05 11:41:00,17.0,2026-04-05 12:06:00,2026-04-05 12:12:00,B14 A,111.0,13.04,8.51,5.06,1.32,6.0
6,2026-04-05,SN358,2026-04-05 12:21:00,2026-04-05 12:23:00,2.0,2026-04-05 12:43:00,2026-04-05 13:14:00,B28 A,176.0,10.06,17.5,4.34,1.84,31.0
6,2026-04-05,SN379,2026-04-05 08:11:00,2026-04-05 08:40:00,29.0,2026-04-05 08:59:00,2026-04-05 09:27:00,B28 A,76.0,11.51,6.6,5.39,1.48,28.0
6,2026-04-05,SN3800,2026-04-05 06:15:00,2026-04-05 06:16:00,1.0,2026-04-05 06:28:00,2026-04-05 06:30:00,A65 ,27.0,13.94,1.94,4.82,1.73,2.0
6,2026-04-05,TB1552,2026-04-05 10:15:00,2026-04-05 10:31:00,16.0,2026-04-05 10:50:00,2026-04-05 10:59:00,A69 ,164.0,15.28,10.73,5.8,1.44,9.0
6,2026-04-05,TB2632,2026-04-05 09:29:00,2026-04-05 09:09:00,-20.0,2026-04-05 09:35:00,2026-04-05 09:44:00,B9  A,114.0,9.98,11.43,3.97,2.1,9.0
6,2026-04-05,TB2662,2026-04-05 09:15:00,2026-04-05 09:04:00,-11.0,2026-04-05 09:22:00,2026-04-05 09:30:00,B34 A,90.0,12.51,7.19,4.83,2.14,8.0
6,2026-04-05,TG934,2026-04-05 09:21:00,2026-04-05 09:16:00,-5.0,2026-04-05 09:38:00,2026-04-05 09:58:00,B38 A,249.0,13.06,19.07,5.71,2.04,20.0
6,2026-04-05,UA950,2026-04-05 11:22:00,2026-04-05 11:02:00,-20.0,2026-04-05 11:22:00,2026-04-05 11:45:00,B28 A,170.0,12.88,13.2,5.15,1.55,23.0
6,2026-04-05,UA994,2026-04-05 12:51:00,2026-04-05 12:35:00,-16.0,2026-04-05 12:54:00,2026-04-05 13:24:00,B38 A,109.0,10.32,10.57,5.03,2.32,30.0
6,2026-04-05,XR5402,2026-04-05 07:46:00,2026-04-05 08:56:00,70.0,2026-04-05 09:23:00,2026-04-05 09:26:00,B5  A,88.0,12.66,6.95,4.69,1.78,3.0
7,2026-04-05,AC832,2026-04-05 11:16:00,2026-04-05 10:39:00,-37.0,2026-04-05 10:54:00,2026-04-05 11:24:00,B5  A,101.0,13.66,7.39,4.36,1.91,30.0
7,2026-04-05,ET750,2026-04-05 11:13:00,2026-04-05 11:34:00,21.0,2026-04-05 12:17:00,2026-04-05 13:03:00,B17 A,464.0,15.87,29.24,4.42,1.9,46.0
7,2026-04-05,FH8116,2026-04-05 06:35:00,2026-04-05 06:00:00,-35.0,2026-04-05 06:07:00,2026-04-05 06:09:00,B15 A,22.0,11.12,1.98,6.69,1.16,2.0
7,2026-04-05,LH1004,2026-04-05 11:51:00,2026-04-05 11:47:00,-4.0,2026-04-05 12:07:00,2026-04-05 12:12:00,A43 ,23.0,13.68,1.68,5.02,1.66,5.0
7,2026-04-05,SN1122,2026-04-05 08:39:00,2026-04-05 09:08:00,29.0,2026-04-05 09:20:00,2026-04-05 09:21:00,B40 A,13.0,11.18,1.16,5.72,2.17,1.0
7,2026-04-05,SN1124,2026-04-05 07:10:00,2026-04-05 07:19:00,9.0,2026-04-05 07:32:00,2026-04-05 07:48:00,B30 A,138.0,13.27,10.4,5.69,1.57,16.0
7,2026-04-05,SN206,2026-04-05 06:25:00,2026-04-05 06:48:00,23.0,2026-04-05 07:07:00,2026-04-05 07:30:00,B38 A,154.0,9.37,16.43,6.07,1.92,23.0
7,2026-04-05,SN229,2026-04-05 08:06:00,2026-04-05 09:20:00,74.0,2026-04-05 09:41:00,2026-04-05 10:22:00,B14 A,144.0,9.32,15.45,4.34,1.53,41.0
7,2026-04-05,SN278,2026-04-05 12:46:00,2026-04-05 12:41:00,-5.0,2026-04-05 13:04:00,2026-04-05 13:33:00,B31 A,62.0,14.39,4.31,5.79,1.86,29.0
7,2026-04-05,SN2900,2026-04-05 10:44:00,2026-04-05 11:04:00,20.0,2026-04-05 11:13:00,2026-04-05 11:34:00,B32 A,49.0,13.23,3.7,4.3,2.25,21.0
7,2026-04-05,SN3326,2026-04-05 11:24:00,2026-04-05 11:41:00,17.0,2026-04-05 12:06:00,2026-04-05 12:12:00,B14 A,111.0,12.83,8.65,5.31,1.25,6.0
7,2026-04-05,SN358,2026-04-05 12:21:00,2026-04-05 12:23:00,2.0,2026-04-05 12:43:00,2026-04-05 13:14:00,B28 A,176.0,12.94,13.6,4.9,1.63,31.0
7,2026-04-05,SN379,2026-04-05 08:11:00,2026-04-05 08:40:00,29.0,2026-04-05 08:59:00,2026-04-05 09:27:00,B28 A,76.0,14.42,5.27,6.15,1.3,28.0
7,2026-04-05,SN3800,2026-04-05 06:15:00,2026-04-05 06:16:00,1.0,2026-04-05 06:28:00,2026-04-05 06:30:00,A65 ,27.0,12.31,2.19,5.69,1.46,2.0
7,2026-04-05,TB1552,2026-04-05 07:15:00,2026-04-05 07:08:00,-7.0,2026-04-05 07:38:00,2026-04-05 07:45:00,A61 ,152.0,12.09,12.58,4.51,1.85,7.0
7,2026-04-05,TB2632,2026-04-05 09:29:00,2026-04-05 09:09:00,-20.0,2026-04-05 09:35:00,2026-04-05 09:44:00,B9  A,114.0,14.05,8.11,4.13,2.02,9.0
7,2026-04-05,TB2662,2026-04-05 09:15:00,2026-04-05 09:04:00,-11.0,2026-04-05 09:22:00,2026-04-05 09:30:00,B34 A,90.0,8.98,10.02,4.09,2.52,8.0
7,2026-04-05,TG934,2026-04-05 09:21:00,2026-04-05 09:16:00,-5.0,2026-04-05 09:38:00,2026-04-05 09:58:00,B38 A,249.0,13.69,18.19,4.1,2.85,20.0
7,2026-04-05,UA950,2026-04-05 09:21:00,2026-04-05 08:45:00,-36.0,2026-04-05 09:03:00,2026-04-05 09:29:00,B5  A,163.0,12.89,12.65,4.38,1.9,26.0
7,2026-04-05,UA994,2026-04-05 08:51:00,2026-04-05 08:32:00,-19.0,2026-04-05 08:52:00,2026-04-05 09:25:00,B40 A,171.0,14.33,11.93,5.14,2.42,33.0
7,2026-04-05,XR5402,2026-04-05 07:46:00,2026-04-05 08:56:00,70.0,2026-04-05 09:23:00,2026-04-05 09:26:00,B5  A,88.0,13.62,6.46,4.19,1.99,3.0
8,2026-04-05,AC832,2026-04-05 09:18:00,2026-04-05 08:45:00,-33.0,2026-04-05 09:06:00,2026-04-05 09:59:00,B28 A,110.0,13.7,8.03,4.21,1.9,53.0
8,2026-04-05,ET750,2026-04-05 11:13:00,2026-04-05 11:34:00,21.0,2026-04-05 12:17:00,2026-04-05 13:03:00,B17 A,464.0,12.41,37.39,5.4,1.56,46.0
8,2026-04-05,FH8116,2026-04-05 06:35:00,2026-04-05 06:00:00,-35.0,2026-04-05 06:07:00,2026-04-05 06:09:00,B15 A,22.0,15.1,1.46,5.37,1.44,2.0
8,2026-04-05,LH1004,2026-04-05 08:50:00,2026-04-05 08:53:00,3.0,2026-04-05 09:06:00,2026-04-05 09:12:00,A43 ,29.0,10.37,2.8,5.79,1.44,6.0
8,2026-04-05,SN1122,2026-04-05 08:39:00,2026-04-05 09:08:00,29.0,2026-04-05 09:20:00,2026-04-05 09:21:00,B40 A,13.0,13.6,0.96,4.12,3.01,1.0
8,2026-04-05,SN1124,2026-04-05 07:10:00,2026-04-05 07:19:00,9.0,2026-04-05 07:32:00,2026-04-05 07:48:00,B30 A,138.0,13.74,10.04,5.09,1.75,16.0
8,2026-04-05,SN206,2026-04-05 06:25:00,2026-04-05 06:48:00,23.0,2026-04-05 07:07:00,2026-04-05 07:30:00,B38 A,154.0,11.47,13.43,4.05,2.88,23.0
8,2026-04-05,SN229,2026-04-05 08:06:00,2026-04-05 09:20:00,74.0,2026-04-05 09:41:00,2026-04-05 10:22:00,B14 A,144.0,12.65,11.39,6.51,1.02,41.0
8,2026-04-05,SN278,2026-04-05 12:46:00,2026-04-05 12:41:00,-5.0,2026-04-05 13:04:00,2026-04-05 13:33:00,B31 A,62.0,10.33,6.0,5.53,1.94,29.0
8,2026-04-05,SN2900,2026-04-05 08:46:00,2026-04-05 08:33:00,-13.0,2026-04-05 08:58:00,2026-04-05 09:02:00,B14 A,79.0,11.35,6.96,5.53,1.21,4.0
8,2026-04-05,SN3326,2026-04-05 11:24:00,2026-04-05 11:41:00,17.0,2026-04-05 12:06:00,2026-04-05 12:12:00,B14 A,111.0,12.22,9.08,4.46,1.49,6.0
8,2026-04-05,SN358,2026-04-05 08:21:00,2026-04-05 08:24:00,3.0,2026-04-05 08:42:00,2026-04-05 09:09:00,B14 A,112.0,13.57,8.25,4.68,1.42,27.0
8,2026-04-05,SN379,2026-04-05 10:10:00,2026-04-05 11:03:00,53.0,2026-04-05 11:42:00,2026-04-05 12:19:00,B29 A,161.0,9.62,16.74,4.52,2.18,37.0
8,2026-04-05,SN3800,2026-04-05 06:15:00,2026-04-05 06:16:00,1.0,2026-04-05 06:28:00,2026-04-05 06:30:00,A65 ,27.0,13.77,1.96,4.64,1.8,2.0
8,2026-04-05,TB1552,2026-04-05 07:47:00,2026-04-05 07:43:00,-4.0,2026-04-05 07:55:00,2026-04-05 07:59:00,A68 ,66.0,13.65,4.83,4.17,2.0,4.0
8,2026-04-05,TB2632,2026-04-05 09:29:00,2026-04-05 09:09:00,-20.0,2026-04-05 09:35:00,2026-04-05 09:44:00,B9  A,114.0,15.01,7.59,4.2,1.98,9.0
8,2026-04-05,TB2662,2026-04-05 09:15:00,2026-04-05 09:04:00,-11.0,2026-04-05 09:22:00,2026-04-05 09:30:00,B34 A,90.0,11.91,7.56,5.72,1.81,8.0
8,2026-04-05,TG934,2026-04-05 09:21:00,2026-04-05 09:16:00,-5.0,2026-04-05 09:38:00,2026-04-05 09:58:00,B38 A,249.0,13.2,18.87,5.04,2.31,20.0
8,2026-04-05,UA950,2026-04-05 12:20:00,2026-04-05 11:58:00,-22.0,2026-04-05 12:14:00,2026-04-05 12:42:00,B37 A,127.0,12.14,10.46,4.6,2.64,28.0
8,2026-04-05,UA994,2026-04-05 12:51:00,2026-04-05 12:35:00,-16.0,2026-04-05 12:54:00,2026-04-05 13:24:00,B38 A,109.0,12.92,8.43,4.33,2.7,30.0
8,2026-04-05,XR5402,2026-04-05 07:46:00,2026-04-05 08:56:00,70.0,2026-04-05 09:23:00,2026-04-05 09:26:00,B5  A,88.0,14.43,6.1,5.35,1.56,3.0
9,2026-04-05,AC832,2026-04-05 10:17:00,2026-04-05 10:43:00,26.0,2026-04-05 11:00:00,2026-04-05 11:34:00,B14 A,172.0,11.49,14.96,4.24,1.57,34.0
9,2026-04-05,ET750,2026-04-05 11:13:00,2026-04-05 11:34:00,21.0,2026-04-05 12:17:00,2026-04-05 13:03:00,B17 A,464.0,15.59,29.77,4.28,1.97,46.0
9,2026-04-05,FH8116,2026-04-05 12:44:00,2026-04-05 12:48:00,4.0,2026-04-05 13:06:00,2026-04-05 13:13:00,B38 A,140.0,13.95,10.04,5.23,2.23,7.0
9,2026-04-05,LH1004,2026-04-05 09:50:00,2026-04-05 09:53:00,3.0,2026-04-05 10:20:00,2026-04-05 10:27:00,A43 ,33.0,10.62,3.11,4.99,1.67,7.0
9,2026-04-05,SN1122,2026-04-05 08:39:00,2026-04-05 09:08:00,29.0,2026-04-05 09:20:00,2026-04-05 09:21:00,B40 A,13.0,8.63,1.51,5.12,2.43,1.0
9,2026-04-05,SN1124,2026-04-05 07:10:00,2026-04-05 07:19:00,9.0,2026-04-05 07:32:00,2026-04-05 07:48:00,B30 A,138.0,13.67,10.09,4.72,1.89,16.0
9,2026-04-05,SN206,2026-04-05 06:25:00,2026-04-05 06:48:00,23.0,2026-04-05 07:07:00,2026-04-05 07:30:00,B38 A,154.0,10.89,14.14,5.46,2.14,23.0
9,2026-04-05,SN229,2026-04-05 10:04:00,2026-04-05 10:26:00,22.0,2026-04-05 10:41:00,2026-04-05 11:10:00,B31 A,120.0,11.31,10.61,4.25,2.53,29.0
9,2026-04-05,SN278,2026-04-05 10:45:00,2026-04-05 10:42:00,-3.0,2026-04-05 11:04:00,2026-04-05 11:16:00,B28 A,198.0,11.42,17.34,4.09,1.96,12.0
9,2026-04-05,SN2900,2026-04-05 07:39:00,2026-04-05 07:25:00,-14.0,2026-04-05 07:38:00,2026-04-05 07:53:00,B38 A,55.0,10.76,5.11,4.52,2.58,15.0
9,2026-04-05,SN3326,2026-04-05 11:24:00,2026-04-05 11:41:00,17.0,2026-04-05 12:06:00,2026-04-05 12:12:00,B14 A,111.0,11.5,9.65,3.9,1.71,6.0
9,2026-04-05,SN358,2026-04-05 11:21:00,2026-04-05 11:29:00,8.0,2026-04-05 11:42:00,2026-04-05 12:06:00,B14 A,177.0,15.92,11.12,6.86,0.97,24.0
9,2026-04-05,SN379,2026-04-05 08:11:00,2026-04-05 08:40:00,29.0,2026-04-05 08:59:00,2026-04-05 09:27:00,B28 A,76.0,14.34,5.3,5.06,1.58,28.0
9,2026-04-05,SN3800,2026-04-05 06:15:00,2026-04-05 06:16:00,1.0,2026-04-05 06:28:00,2026-04-05 06:30:00,A65 ,27.0,13.51,2.0,5.26,1.58,2.0
9,2026-04-05,TB1552,2026-04-05 08:29:00,2026-04-05 08:25:00,-4.0,2026-04-05 08:46:00,2026-04-05 08:54:00,A61 ,166.0,13.03,12.74,5.45,1.53,8.0
9,2026-04-05,TB2632,2026-04-05 09:29:00,2026-04-05 09:09:00,-20.0,2026-04-05 09:35:00,2026-04-05 09:44:00,B9  A,114.0,14.65,7.78,6.92,1.2,9.0
9,2026-04-05,TB2662,2026-04-05 09:15:00,2026-04-05 09:04:00,-11.0,2026-04-05 09:22:00,2026-04-05 09:30:00,B34 A,90.0,11.64,7.73,4.66,2.22,8.0
9,2026-04-05,TG934,2026-04-05 09:21:00,2026-04-05 09:16:00,-5.0,2026-04-05 09:38:00,2026-04-05 09:58:00,B38 A,249.0,14.51,17.16,4.72,2.47,20.0
9,2026-04-05,UA950,2026-04-05 08:20:00,2026-04-05 08:20:00,0.0,2026-04-05 08:36:00,2026-04-05 09:25:00,B38 A,176.0,14.42,12.21,5.48,2.13,49.0
9,2026-04-05,UA994,2026-04-05 10:51:00,2026-04-05 10:01:00,-50.0,2026-04-05 10:18:00,2026-04-05 10:42:00,B38 A,177.0,13.04,13.57,5.06,2.31,24.0
9,2026-04-05,XR5402,2026-04-05 07:46:00,2026-04-05 08:56:00,70.0,2026-04-05 09:23:00,2026-04-05 09:26:00,B5  A,88.0,10.78,8.16,4.89,1.7,3.0
10,2026-04-05,AC832,2026-04-05 11:16:00,2026-04-05 10:39:00,-37.0,2026-04-05 10:54:00,2026-04-05 11:24:00,B5  A,101.0,14.46,6.98,5.76,1.45,30.0
10,2026-04-05,ET750,2026-04-05 11:13:00,2026-04-05 11:34:00,21.0,2026-04-05 12:17:00,2026-04-05 13:03:00,B17 A,464.0,13.15,35.29,4.86,1.73,46.0
10,2026-04-05,FH8116,2026-04-05 12:44:00,2026-04-05 12:48:00,4.0,2026-04-05 13:06:00,2026-04-05 13:13:00,B38 A,140.0,14.28,9.81,4.54,2.57,7.0
10,2026-04-05,LH1004,2026-04-05 11:51:00,2026-04-05 11:47:00,-4.0,2026-04-05 12:07:00,2026-04-05 12:12:00,A43 ,23.0,12.68,1.81,5.62,1.48,5.0
10,2026-04-05,SN1122,2026-04-05 08:39:00,2026-04-05 09:08:00,29.0,2026-04-05 09:20:00,2026-04-05 09:21:00,B40 A,13.0,10.51,1.24,5.57,2.23,1.0
10,2026-04-05,SN1124,2026-04-05 07:10:00,2026-04-05 07:19:00,9.0,2026-04-05 07:32:00,2026-04-05 07:48:00,B30 A,138.0,14.26,9.68,5.58,1.6,16.0
10,2026-04-05,SN206,2026-04-05 06:25:00,2026-04-05 06:48:00,23.0,2026-04-05 07:07:00,2026-04-05 07:30:00,B38 A,154.0,12.55,12.27,5.67,2.06,23.0
10,2026-04-05,SN229,2026-04-05 10:04:00,2026-04-05 10:26:00,22.0,2026-04-05 10:41:00,2026-04-05 11:10:00,B31 A,120.0,11.18,10.73,5.4,1.99,29.0
10,2026-04-05,SN278,2026-04-05 12:46:00,2026-04-05 12:41:00,-5.0,2026-04-05 13:04:00,2026-04-05 13:33:00,B31 A,62.0,9.46,6.55,5.47,1.97,29.0
10,2026-04-05,SN2900,2026-04-05 08:46:00,2026-04-05 08:33:00,-13.0,2026-04-05 08:58:00,2026-04-05 09:02:00,B14 A,79.0,13.22,5.98,4.81,1.39,4.0
10,2026-04-05,SN3326,2026-04-05 11:24:00,2026-04-05 11:41:00,17.0,2026-04-05 12:06:00,2026-04-05 12:12:00,B14 A,111.0,12.97,8.56,5.26,1.27,6.0
10,2026-04-05,SN358,2026-04-05 08:21:00,2026-04-05 08:24:00,3.0,2026-04-05 08:42:00,2026-04-05 09:09:00,B14 A,112.0,13.8,8.11,5.25,1.27,27.0
10,2026-04-05,SN379,2026-04-05 08:11:00,2026-04-05 08:40:00,29.0,2026-04-05 08:59:00,2026-04-05 09:27:00,B28 A,76.0,11.61,6.55,4.31,1.86,28.0
10,2026-04-05,SN3800,2026-04-05 06:15:00,2026-04-05 06:16:00,1.0,2026-04-05 06:28:00,2026-04-05 06:30:00,A65 ,27.0,11.77,2.29,3.86,2.16,2.0
10,2026-04-05,TB1552,2026-04-05 08:29:00,2026-04-05 08:25:00,-4.0,2026-04-05 08:46:00,2026-04-05 08:54:00,A61 ,166.0,9.64,17.22,4.2,1.99,8.0
10,2026-04-05,TB2632,2026-04-05 09:29:00,2026-04-05 09:09:00,-20.0,2026-04-05 09:35:00,2026-04-05 09:44:00,B9  A,114.0,15.16,7.52,4.84,1.72,9.0
10,2026-04-05,TB2662,2026-04-05 09:15:00,2026-04-05 09:04:00,-11.0,2026-04-05 09:22:00,2026-04-05 09:30:00,B34 A,90.0,12.7,7.08,4.8,2.15,8.0
10,2026-04-05,TG934,2026-04-05 09:21:00,2026-04-05 09:16:00,-5.0,2026-04-05 09:38:00,2026-04-05 09:58:00,B38 A,249.0,14.69,16.95,4.78,2.44,20.0
10,2026-04-05,UA950,2026-04-05 10:20:00,2026-04-05 09:58:00,-22.0,2026-04-05 10:24:00,2026-04-05 10:51:00,B40 A,188.0,16.42,11.45,3.79,3.27,27.0
10,2026-04-05,UA994,2026-04-05 10:51:00,2026-04-05 10:01:00,-50.0,2026-04-05 10:18:00,2026-04-05 10:42:00,B38 A,177.0,14.87,11.9,5.54,2.11,24.0
10,2026-04-05,XR5402,2026-04-05 07:46:00,2026-04-05 08:56:00,70.0,2026-04-05 09:23:00,2026-04-05 09:26:00,B5  A,88.0,14.14,6.23,5.0,1.67,3.0
11,2026-04-05,AC832,2026-04-05 10:17:00,2026-04-05 10:43:00,26.0,2026-04-05 11:00:00,2026-04-05 11:34:00,B14 A,172.0,12.16,14.15,4.99,1.34,34.0
11,2026-04-05,ET750,2026-04-05 11:13:00,2026-04-05 11:34:00,21.0,2026-04-05 12:17:00,2026-04-05 13:03:00,B17 A,464.0,13.42,34.58,5.93,1.42,46.0
11,2026-04-05,FH8116,2026-04-05 06:35:00,2026-04-05 06:00:00,-35.0,2026-04-05 06:07:00,2026-04-05 06:09:00,B15 A,22.0,13.07,1.68,5.61,1.38,2.0
11,2026-04-05,LH1004,2026-04-05 09:50:00,2026-04-05 09:53:00,3.0,2026-04-05 10:20:00,2026-04-05 10:27:00,A43 ,33.0,10.59,3.12,5.48,1.52,7.0
11,2026-04-05,SN1122,2026-04-05 08:39:00,2026-04-05 09:08:00,29.0,2026-04-05 09:20:00,2026-04-05 09:21:00,B40 A,13.0,15.72,0.83,5.4,2.3,1.0
11,2026-04-05,SN1124,2026-04-05 07:10:00,2026-04-05 07:19:00,9.0,2026-04-05 07:32:00,2026-04-05 07:48:00,B30 A,138.0,12.95,10.66,4.83,1.85,16.0
11,2026-04-05,SN206,2026-04-05 06:25:00,2026-04-05 06:48:00,23.0,2026-04-05 07:07:00,2026-04-05 07:30:00,B38 A,154.0,12.44,12.38,4.69,2.49,23.0
11,2026-04-05,SN229,2026-04-05 08:06:00,2026-04-05 09:20:00,74.0,2026-04-05 09:41:00,2026-04-05 10:22:00,B14 A,144.0,12.61,11.42,6.59,1.01,41.0
11,2026-04-05,SN278,2026-04-05 10:45:00,2026-04-05 10:42:00,-3.0,2026-04-05 11:04:00,2026-04-05 11:16:00,B28 A,198.0,12.25,16.17,5.83,1.37,12.0
11,2026-04-05,SN2900,2026-04-05 07:39:00,2026-04-05 07:25:00,-14.0,2026-04-05 07:38:00,2026-04-05 07:53:00,B38 A,55.0,12.56,4.38,4.08,2.86,15.0
11,2026-04-05,SN3326,2026-04-05 11:24:00,2026-04-05 11:41:00,17.0,2026-04-05 12:06:00,2026-04-05 12:12:00,B14 A,111.0,13.54,8.2,4.31,1.55,6.0
11,2026-04-05,SN358,2026-04-05 12:21:00,2026-04-05 12:23:00,2.0,2026-04-05 12:43:00,2026-04-05 13:14:00,B28 A,176.0,11.63,15.14,5.34,1.5,31.0
11,2026-04-05,SN379,2026-04-05 08:11:00,2026-04-05 08:40:00,29.0,2026-04-05 08:59:00,2026-04-05 09:27:00,B28 A,76.0,14.49,5.25,3.73,2.14,28.0
11,2026-04-05,SN3800,2026-04-05 06:15:00,2026-04-05 06:16:00,1.0,2026-04-05 06:28:00,2026-04-05 06:30:00,A65 ,27.0,15.37,1.76,5.2,1.6,2.0
11,2026-04-05,TB1552,2026-04-05 08:29:00,2026-04-05 08:25:00,-4.0,2026-04-05 08:46:00,2026-04-05 08:54:00,A61 ,166.0,12.84,12.93,4.75,1.75,8.0
11,2026-04-05,TB2632,2026-04-05 09:29:00,2026-04-05 09:09:00,-20.0,2026-04-05 09:35:00,2026-04-05 09:44:00,B9  A,114.0,13.45,8.48,5.48,1.52,9.0
11,2026-04-05,TB2662,2026-04-05 09:15:00,2026-04-05 09:04:00,-11.0,2026-04-05 09:22:00,2026-04-05 09:30:00,B34 A,90.0,9.53,9.44,5.63,1.84,8.0
11,2026-04-05,TG934,2026-04-05 09:21:00,2026-04-05 09:16:00,-5.0,2026-04-05 09:38:00,2026-04-05 09:58:00,B38 A,249.0,14.2,17.54,5.45,2.14,20.0
11,2026-04-05,UA950,2026-04-05 08:20:00,2026-04-05 08:20:00,0.0,2026-04-05 08:36:00,2026-04-05 09:25:00,B38 A,176.0,14.86,11.84,4.07,2.87,49.0
11,2026-04-05,UA994,2026-04-05 09:51:00,2026-04-05 11:28:00,97.0,2026-04-05 11:44:00,2026-04-05 12:09:00,B40 A,135.0,10.61,12.72,5.44,2.28,25.0
11,2026-04-05,XR5402,2026-04-05 07:46:00,2026-04-05 08:56:00,70.0,2026-04-05 09:23:00,2026-04-05 09:26:00,B5  A,88.0,15.05,5.85,4.62,1.8,3.0
12,2026-04-05,AC832,2026-04-05 11:16:00,2026-04-05 10:39:00,-37.0,2026-04-05 10:54:00,2026-04-05 11:24:00,B5  A,101.0,14.64,6.9,5.11,1.63,30.0
12,2026-04-05,ET750,2026-04-05 11:13:00,2026-04-05 11:34:00,21.0,2026-04-05 12:17:00,2026-04-05 13:03:00,B17 A,464.0,14.17,32.75,7.92,1.06,46.0
12,2026-04-05,FH8116,2026-04-05 06:35:00,2026-04-05 06:00:00,-35.0,2026-04-05 06:07:00,2026-04-05 06:09:00,B15 A,22.0,12.22,1.8,5.8,1.33,2.0
12,2026-04-05,LH1004,2026-04-05 12:50:00,2026-04-05 12:50:00,0.0,2026-04-05 13:03:00,2026-04-05 13:30:00,A43 ,40.0,12.37,3.23,5.03,1.66,27.0
12,2026-04-05,SN1122,2026-04-05 08:39:00,2026-04-05 09:08:00,29.0,2026-04-05 09:20:00,2026-04-05 09:21:00,B40 A,13.0,14.24,0.91,4.29,2.9,1.0
12,2026-04-05,SN1124,2026-04-05 07:10:00,2026-04-05 07:19:00,9.0,2026-04-05 07:32:00,2026-04-05 07:48:00,B30 A,138.0,15.67,8.8,5.18,1.72,16.0
12,2026-04-05,SN206,2026-04-05 06:25:00,2026-04-05 06:48:00,23.0,2026-04-05 07:07:00,2026-04-05 07:30:00,B38 A,154.0,11.92,12.92,4.04,2.89,23.0
12,2026-04-05,SN229,2026-04-05 10:04:00,2026-04-05 10:26:00,22.0,2026-04-05 10:41:00,2026-04-05 11:10:00,B31 A,120.0,12.19,9.85,5.8,1.85,29.0
12,2026-04-05,SN278,2026-04-05 10:45:00,2026-04-05 10:42:00,-3.0,2026-04-05 11:04:00,2026-04-05 11:16:00,B28 A,198.0,10.1,19.6,5.69,1.41,12.0
12,2026-04-05,SN2900,2026-04-05 07:39:00,2026-04-05 07:25:00,-14.0,2026-04-05 07:38:00,2026-04-05 07:53:00,B38 A,55.0,11.26,4.88,5.02,2.32,15.0
12,2026-04-05,SN3326,2026-04-05 11:24:00,2026-04-05 11:41:00,17.0,2026-04-05 12:06:00,2026-04-05 12:12:00,B14 A,111.0,10.21,10.88,4.37,1.53,6.0
12,2026-04-05,SN358,2026-04-05 10:21:00,2026-04-05 11:13:00,52.0,2026-04-05 11:43:00,2026-04-05 12:03:00,B38 A,126.0,15.82,7.96,5.62,2.08,20.0
12,2026-04-05,SN379,2026-04-05 10:10:00,2026-04-05 11:03:00,53.0,2026-04-05 11:42:00,2026-04-05 12:19:00,B29 A,161.0,10.13,15.89,5.27,1.87,37.0
12,2026-04-05,SN3800,2026-04-05 06:15:00,2026-04-05 06:16:00,1.0,2026-04-05 06:28:00,2026-04-05 06:30:00,A65 ,27.0,10.13,2.67,5.21,1.6,2.0
12,2026-04-05,TB1552,2026-04-05 10:15:00,2026-04-05 10:31:00,16.0,2026-04-05 10:50:00,2026-04-05 10:59:00,A69 ,164.0,12.43,13.2,5.53,1.51,9.0
12,2026-04-05,TB2632,2026-04-05 09:29:00,2026-04-05 09:09:00,-20.0,2026-04-05 09:35:00,2026-04-05 09:44:00,B9  A,114.0,14.45,7.89,7.08,1.18,9.0
12,2026-04-05,TB2662,2026-04-05 09:15:00,2026-04-05 09:04:00,-11.0,2026-04-05 09:22:00,2026-04-05 09:30:00,B34 A,90.0,12.53,7.19,4.99,2.07,8.0
12,2026-04-05,TG934,2026-04-05 09:21:00,2026-04-05 09:16:00,-5.0,2026-04-05 09:38:00,2026-04-05 09:58:00,B38 A,249.0,13.81,18.03,5.4,2.16,20.0
12,2026-04-05,UA950,2026-04-05 10:20:00,2026-04-05 09:58:00,-22.0,2026-04-05 10:24:00,2026-04-05 10:51:00,B40 A,188.0,12.37,15.2,4.07,3.05,27.0
12,2026-04-05,UA994,2026-04-05 08:51:00,2026-04-05 08:32:00,-19.0,2026-04-05 08:52:00,2026-04-05 09:25:00,B40 A,171.0,15.06,11.35,5.38,2.31,33.0
12,2026-04-05,XR5402,2026-04-05 07:46:00,2026-04-05 08:56:00,70.0,2026-04-05 09:23:00,2026-04-05 09:26:00,B5  A,88.0,10.13,8.69,5.5,1.52,3.0
13,2026-04-05,AC832,2026-04-05 11:16:00,2026-04-05 10:39:00,-37.0,2026-04-05 10:54:00,2026-04-05 11:24:00,B5  A,101.0,12.43,8.13,5.17,1.61,30.0
13,2026-04-05,ET750,2026-04-05 11:13:00,2026-04-05 11:34:00,21.0,2026-04-05 12:17:00,2026-04-05 13:03:00,B17 A,464.0,12.01,38.65,3.46,2.43,46.0
13,2026-04-05,FH8116,2026-04-05 06:35:00,2026-04-05 06:00:00,-35.0,2026-04-05 06:07:00,2026-04-05 06:09:00,B15 A,22.0,13.4,1.64,7.13,1.08,2.0
13,2026-04-05,LH1004,2026-04-05 11:51:00,2026-04-05 11:47:00,-4.0,2026-04-05 12:07:00,2026-04-05 12:12:00,A43 ,23.0,14.56,1.58,5.81,1.44,5.0
13,2026-04-05,SN1122,2026-04-05 08:39:00,2026-04-05 09:08:00,29.0,2026-04-05 09:20:00,2026-04-05 09:21:00,B40 A,13.0,9.79,1.33,6.04,2.06,1.0
13,2026-04-05,SN1124,2026-04-05 07:10:00,2026-04-05 07:19:00,9.0,2026-04-05 07:32:00,2026-04-05 07:48:00,B30 A,138.0,14.81,9.32,3.95,2.26,16.0
13,2026-04-05,SN206,2026-04-05 06:25:00,2026-04-05 06:48:00,23.0,2026-04-05 07:07:00,2026-04-05 07:30:00,B38 A,154.0,10.63,14.49,4.91,2.38,23.0
13,2026-04-05,SN229,2026-04-05 12:06:00,2026-04-05 12:12:00,6.0,2026-04-05 12:39:00,2026-04-05 13:03:00,B28 A,20.0,15.19,1.32,5.07,1.58,24.0
13,2026-04-05,SN278,2026-04-05 12:46:00,2026-04-05 12:41:00,-5.0,2026-04-05 13:04:00,2026-04-05 13:33:00,B31 A,62.0,11.02,5.63,5.06,2.13,29.0
13,2026-04-05,SN2900,2026-04-05 10:44:00,2026-04-05 11:04:00,20.0,2026-04-05 11:13:00,2026-04-05 11:34:00,B32 A,49.0,14.3,3.43,5.68,1.7,21.0
13,2026-04-05,SN3326,2026-04-05 11:24:00,2026-04-05 11:41:00,17.0,2026-04-05 12:06:00,2026-04-05 12:12:00,B14 A,111.0,10.74,10.33,4.16,1.6,6.0
13,2026-04-05,SN358,2026-04-05 10:21:00,2026-04-05 11:13:00,52.0,2026-04-05 11:43:00,2026-04-05 12:03:00,B38 A,126.0,16.02,7.87,6.06,1.92,20.0
13,2026-04-05,SN379,2026-04-05 08:11:00,2026-04-05 08:40:00,29.0,2026-04-05 08:59:00,2026-04-05 09:27:00,B28 A,76.0,11.83,6.42,4.8,1.67,28.0
13,2026-04-05,SN3800,2026-04-05 06:15:00,2026-04-05 06:16:00,1.0,2026-04-05 06:28:00,2026-04-05 06:30:00,A65 ,27.0,12.2,2.21,4.61,1.81,2.0
13,2026-04-05,TB1552,2026-04-05 07:15:00,2026-04-05 07:08:00,-7.0,2026-04-05 07:38:00,2026-04-05 07:45:00,A61 ,152.0,12.12,12.54,5.09,1.64,7.0
13,2026-04-05,TB2632,2026-04-05 09:29:00,2026-04-05 09:09:00,-20.0,2026-04-05 09:35:00,2026-04-05 09:44:00,B9  A,114.0,13.01,8.76,4.51,1.85,9.0
13,2026-04-05,TB2662,2026-04-05 09:15:00,2026-04-05 09:04:00,-11.0,2026-04-05 09:22:00,2026-04-05 09:30:00,B34 A,90.0,12.25,7.34,5.74,1.8,8.0
13,2026-04-05,TG934,2026-04-05 09:21:00,2026-04-05 09:16:00,-5.0,2026-04-05 09:38:00,2026-04-05 09:58:00,B38 A,249.0,13.88,17.94,6.07,1.92,20.0
13,2026-04-05,UA950,2026-04-05 10:20:00,2026-04-05 09:58:00,-22.0,2026-04-05 10:24:00,2026-04-05 10:51:00,B40 A,188.0,10.02,18.77,6.87,1.81,27.0
13,2026-04-05,UA994,2026-04-05 12:51:00,2026-04-05 12:35:00,-16.0,2026-04-05 12:54:00,2026-04-05 13:24:00,B38 A,109.0,12.17,8.95,4.82,2.42,30.0
13,2026-04-05,XR5402,2026-04-05 07:46:00,2026-04-05 08:56:00,70.0,2026-04-05 09:23:00,2026-04-05 09:26:00,B5  A,88.0,10.8,8.15,4.38,1.9,3.0
14,2026-04-05,AC832,2026-04-05 08:17:00,2026-04-05 07:46:00,-31.0,2026-04-05 08:02:00,2026-04-05 08:29:00,B30 A,122.0,12.0,10.16,4.79,1.86,27.0
14,2026-04-05,ET750,2026-04-05 11:13:00,2026-04-05 11:34:00,21.0,2026-04-05 12:17:00,2026-04-05 13:03:00,B17 A,464.0,13.85,33.51,3.92,2.15,46.0
14,2026-04-05,FH8116,2026-04-05 06:35:00,2026-04-05 06:00:00,-35.0,2026-04-05 06:07:00,2026-04-05 06:09:00,B15 A,22.0,12.57,1.75,7.36,1.05,2.0
14,2026-04-05,LH1004,2026-04-05 08:50:00,2026-04-05 08:53:00,3.0,2026-04-05 09:06:00,2026-04-05 09:12:00,A43 ,29.0,13.24,2.19,4.74,1.76,6.0
14,2026-04-05,SN1122,2026-04-05 08:39:00,2026-04-05 09:08:00,29.0,2026-04-05 09:20:00,2026-04-05 09:21:00,B40 A,13.0,13.85,0.94,4.16,2.99,1.0
14,2026-04-05,SN1124,2026-04-05 07:10:00,2026-04-05 07:19:00,9.0,2026-04-05 07:32:00,2026-04-05 07:48:00,B30 A,138.0,12.64,10.92,4.77,1.87,16.0
14,2026-04-05,SN206,2026-04-05 06:25:00,2026-04-05 06:48:00,23.0,2026-04-05 07:07:00,2026-04-05 07:30:00,B38 A,154.0,13.86,11.11,5.01,2.33,23.0
14,2026-04-05,SN229,2026-04-05 08:06:00,2026-04-05 09:20:00,74.0,2026-04-05 09:41:00,2026-04-05 10:22:00,B14 A,144.0,15.74,9.15,4.95,1.35,41.0
14,2026-04-05,SN278,2026-04-05 10:45:00,2026-04-05 10:42:00,-3.0,2026-04-05 11:04:00,2026-04-05 11:16:00,B28 A,198.0,11.24,17.61,4.9,1.63,12.0
14,2026-04-05,SN2900,2026-04-05 10:44:00,2026-04-05 11:04:00,20.0,2026-04-05 11:13:00,2026-04-05 11:34:00,B32 A,49.0,14.16,3.46,5.45,1.77,21.0
14,2026-04-05,SN3326,2026-04-05 11:24:00,2026-04-05 11:41:00,17.0,2026-04-05 12:06:00,2026-04-05 12:12:00,B14 A,111.0,8.08,13.74,4.54,1.47,6.0
14,2026-04-05,SN358,2026-04-05 12:21:00,2026-04-05 12:23:00,2.0,2026-04-05 12:43:00,2026-04-05 13:14:00,B28 A,176.0,12.13,14.51,4.78,1.67,31.0
14,2026-04-05,SN379,2026-04-05 10:10:00,2026-04-05 11:03:00,53.0,2026-04-05 11:42:00,2026-04-05 12:19:00,B29 A,161.0,13.06,12.33,4.37,2.25,37.0
14,2026-04-05,SN3800,2026-04-05 06:15:00,2026-04-05 06:16:00,1.0,2026-04-05 06:28:00,2026-04-05 06:30:00,A65 ,27.0,13.31,2.03,5.26,1.58,2.0
14,2026-04-05,TB1552,2026-04-05 10:15:00,2026-04-05 10:31:00,16.0,2026-04-05 10:50:00,2026-04-05 10:59:00,A69 ,164.0,11.25,14.58,4.27,1.95,9.0
14,2026-04-05,TB2632,2026-04-05 09:29:00,2026-04-05 09:09:00,-20.0,2026-04-05 09:35:00,2026-04-05 09:44:00,B9  A,114.0,11.78,9.68,6.06,1.38,9.0
14,2026-04-05,TB2662,2026-04-05 09:15:00,2026-04-05 09:04:00,-11.0,2026-04-05 09:22:00,2026-04-05 09:30:00,B34 A,90.0,12.36,7.28,4.53,2.28,8.0
14,2026-04-05,TG934,2026-04-05 09:21:00,2026-04-05 09:16:00,-5.0,2026-04-05 09:38:00,2026-04-05 09:58:00,B38 A,249.0,12.93,19.26,5.98,1.95,20.0
14,2026-04-05,UA950,2026-04-05 11:22:00,2026-04-05 11:02:00,-20.0,2026-04-05 11:22:00,2026-04-05 11:45:00,B28 A,170.0,11.62,14.63,6.34,1.26,23.0
14,2026-04-05,UA994,2026-04-05 09:51:00,2026-04-05 11:28:00,97.0,2026-04-05 11:44:00,2026-04-05 12:09:00,B40 A,135.0,12.71,10.62,5.11,2.43,25.0
14,2026-04-05,XR5402,2026-04-05 07:46:00,2026-04-05 08:56:00,70.0,2026-04-05 09:23:00,2026-04-05 09:26:00,B5  A,88.0,11.72,7.51,5.0,1.67,3.0
15,2026-04-05,AC832,2026-04-05 12:18:00,2026-04-05 11:38:00,-40.0,2026-04-05 11:54:00,2026-04-05 12:17:00,B30 A,100.0,10.7,9.34,5.92,1.51,23.0
15,2026-04-05,ET750,2026-04-05 11:13:00,2026-04-05 11:34:00,21.0,2026-04-05 12:17:00,2026-04-05 13:03:00,B17 A,464.0,16.19,28.67,4.68,1.8,46.0
15,2026-04-05,FH8116,2026-04-05 06:35:00,2026-04-05 06:00:00,-35.0,2026-04-05 06:07:00,2026-04-05 06:09:00,B15 A,22.0,14.78,1.49,5.5,1.41,2.0
15,2026-04-05,LH1004,2026-04-05 12:50:00,2026-04-05 12:50:00,0.0,2026-04-05 13:03:00,2026-04-05 13:30:00,A43 ,40.0,9.18,4.36,4.67,1.79,27.0
15,2026-04-05,SN1122,2026-04-05 08:39:00,2026-04-05 09:08:00,29.0,2026-04-05 09:20:00,2026-04-05 09:21:00,B40 A,13.0,12.23,1.06,5.35,2.32,1.0
15,2026-04-05,SN1124,2026-04-05 07:10:00,2026-04-05 07:19:00,9.0,2026-04-05 07:32:00,2026-04-05 07:48:00,B30 A,138.0,12.88,10.72,4.81,1.85,16.0
15,2026-04-05,SN206,2026-04-05 06:25:00,2026-04-05 06:48:00,23.0,2026-04-05 07:07:00,2026-04-05 07:30:00,B38 A,154.0,14.26,10.8,4.37,2.67,23.0
15,2026-04-05,SN229,2026-04-05 08:06:00,2026-04-05 09:20:00,74.0,2026-04-05 09:41:00,2026-04-05 10:22:00,B14 A,144.0,10.0,14.41,5.51,1.21,41.0
15,2026-04-05,SN278,2026-04-05 08:43:00,2026-04-05 08:27:00,-16.0,2026-04-05 08:40:00,2026-04-05 09:10:00,B37 A,123.0,12.65,9.72,4.16,2.92,30.0
15,2026-04-05,SN2900,2026-04-05 10:44:00,2026-04-05 11:04:00,20.0,2026-04-05 11:13:00,2026-04-05 11:34:00,B32 A,49.0,13.14,3.73,4.47,2.16,21.0
15,2026-04-05,SN3326,2026-04-05 11:24:00,2026-04-05 11:41:00,17.0,2026-04-05 12:06:00,2026-04-05 12:12:00,B14 A,111.0,10.27,10.81,4.05,1.65,6.0
15,2026-04-05,SN358,2026-04-05 12:21:00,2026-04-05 12:23:00,2.0,2026-04-05 12:43:00,2026-04-05 13:14:00,B28 A,176.0,12.73,13.82,5.23,1.53,31.0
15,2026-04-05,SN379,2026-04-05 10:10:00,2026-04-05 11:03:00,53.0,2026-04-05 11:42:00,2026-04-05 12:19:00,B29 A,161.0,14.01,11.49,4.67,2.11,37.0
15,2026-04-05,SN3800,2026-04-05 06:15:00,2026-04-05 06:16:00,1.0,2026-04-05 06:28:00,2026-04-05 06:30:00,A65 ,27.0,15.8,1.71,5.27,1.58,2.0
15,2026-04-05,TB1552,2026-04-05 10:15:00,2026-04-05 10:31:00,16.0,2026-04-05 10:50:00,2026-04-05 10:59:00,A69 ,164.0,14.94,10.98,4.68,1.78,9.0
15,2026-04-05,TB2632,2026-04-05 09:29:00,2026-04-05 09:09:00,-20.0,2026-04-05 09:35:00,2026-04-05 09:44:00,B9  A,114.0,15.09,7.55,5.54,1.5,9.0
15,2026-04-05,TB2662,2026-04-05 09:15:00,2026-04-05 09:04:00,-11.0,2026-04-05 09:22:00,2026-04-05 09:30:00,B34 A,90.0,13.52,6.65,4.61,2.24,8.0
15,2026-04-05,TG934,2026-04-05 09:21:00,2026-04-05 09:16:00,-5.0,2026-04-05 09:38:00,2026-04-05 09:58:00,B38 A,249.0,14.01,17.78,3.78,3.09,20.0
15,2026-04-05,UA950,2026-04-05 08:20:00,2026-04-05 08:20:00,0.0,2026-04-05 08:36:00,2026-04-05 09:25:00,B38 A,176.0,12.69,13.87,5.58,2.09,49.0
15,2026-04-05,UA994,2026-04-05 12:51:00,2026-04-05 12:35:00,-16.0,2026-04-05 12:54:00,2026-04-05 13:24:00,B38 A,109.0,10.07,10.82,5.78,2.02,30.0
15,2026-04-05,XR5402,2026-04-05 07:46:00,2026-04-05 08:56:00,70.0,2026-04-05 09:23:00,2026-04-05 09:26:00,B5  A,88.0,11.7,7.52,5.24,1.59,3.0
16,2026-04-05,AC832,2026-04-05 09:18:00,2026-04-05 08:45:00,-33.0,2026-04-05 09:06:00,2026-04-05 09:59:00,B28 A,110.0,13.43,8.19,5.54,1.44,53.0
16,2026-04-05,ET750,2026-04-05 11:13:00,2026-04-05 11:34:00,21.0,2026-04-05 12:17:00,2026-04-05 13:03:00,B17 A,464.0,11.73,39.56,4.79,1.76,46.0
16,2026-04-05,FH8116,2026-04-05 12:44:00,2026-04-05 12:48:00,4.0,2026-04-05 13:06:00,2026-04-05 13:13:00,B38 A,140.0,15.85,8.84,4.76,2.45,7.0
16,2026-04-05,LH1004,2026-04-05 09:50:00,2026-04-05 09:53:00,3.0,2026-04-05 10:20:00,2026-04-05 10:27:00,A43 ,33.0,14.53,2.27,6.31,1.32,7.0
16,2026-04-05,SN1122,2026-04-05 08:39:00,2026-04-05 09:08:00,29.0,2026-04-05 09:20:00,2026-04-05 09:21:00,B40 A,13.0,15.25,0.85,3.61,3.44,1.0
16,2026-04-05,SN1124,2026-04-05 07:10:00,2026-04-05 07:19:00,9.0,2026-04-05 07:32:00,2026-04-05 07:48:00,B30 A,138.0,14.32,9.63,5.71,1.56,16.0
16,2026-04-05,SN206,2026-04-05 06:25:00,2026-04-05 06:48:00,23.0,2026-04-05 07:07:00,2026-04-05 07:30:00,B38 A,154.0,11.84,13.01,4.67,2.5,23.0
16,2026-04-05,SN229,2026-04-05 08:06:00,2026-04-05 09:20:00,74.0,2026-04-05 09:41:00,2026-04-05 10:22:00,B14 A,144.0,14.73,9.78,4.86,1.37,41.0
16,2026-04-05,SN278,2026-04-05 10:45:00,2026-04-05 10:42:00,-3.0,2026-04-05 11:04:00,2026-04-05 11:16:00,B28 A,198.0,13.07,15.15,5.25,1.52,12.0
16,2026-04-05,SN2900,2026-04-05 07:39:00,2026-04-05 07:25:00,-14.0,2026-04-05 07:38:00,2026-04-05 07:53:00,B38 A,55.0,10.74,5.12,5.4,2.16,15.0
16,2026-04-05,SN3326,2026-04-05 11:24:00,2026-04-05 11:41:00,17.0,2026-04-05 12:06:00,2026-04-05 12:12:00,B14 A,111.0,13.02,8.53,3.59,1.86,6.0
16,2026-04-05,SN358,2026-04-05 10:21:00,2026-04-05 11:13:00,52.0,2026-04-05 11:43:00,2026-04-05 12:03:00,B38 A,126.0,13.23,9.53,6.7,1.74,20.0
16,2026-04-05,SN379,2026-04-05 10:10:00,2026-04-05 11:03:00,53.0,2026-04-05 11:42:00,2026-04-05 12:19:00,B29 A,161.0,11.52,13.98,4.56,2.16,37.0
16,2026-04-05,SN3800,2026-04-05 06:15:00,2026-04-05 06:16:00,1.0,2026-04-05 06:28:00,2026-04-05 06:30:00,A65 ,27.0,12.48,2.16,4.85,1.72,2.0
16,2026-04-05,TB1552,2026-04-05 10:15:00,2026-04-05 10:31:00,16.0,2026-04-05 10:50:00,2026-04-05 10:59:00,A69 ,164.0,12.33,13.3,5.0,1.67,9.0
16,2026-04-05,TB2632,2026-04-05 09:29:00,2026-04-05 09:09:00,-20.0,2026-04-05 09:35:00,2026-04-05 09:44:00,B9  A,114.0,14.5,7.86,5.35,1.56,9.0
16,2026-04-05,TB2662,2026-04-05 09:15:00,2026-04-05 09:04:00,-11.0,2026-04-05 09:22:00,2026-04-05 09:30:00,B34 A,90.0,15.3,5.88,4.8,2.15,8.0
16,2026-04-05,TG934,2026-04-05 09:21:00,2026-04-05 09:16:00,-5.0,2026-04-05 09:38:00,2026-04-05 09:58:00,B38 A,249.0,14.79,16.83,5.13,2.28,20.0
16,2026-04-05,UA950,2026-04-05 12:20:00,2026-04-05 11:58:00,-22.0,2026-04-05 12:14:00,2026-04-05 12:42:00,B37 A,127.0,12.84,9.89,5.4,2.25,28.0
16,2026-04-05,UA994,2026-04-05 11:51:00,2026-04-05 11:37:00,-14.0,2026-04-05 11:55:00,2026-04-05 12:25:00,B40 A,157.0,15.72,9.98,4.66,2.67,30.0
16,2026-04-05,XR5402,2026-04-05 07:46:00,2026-04-05 08:56:00,70.0,2026-04-05 09:23:00,2026-04-05 09:26:00,B5  A,88.0,10.24,8.59,4.9,1.7,3.0
17,2026-04-05,AC832,2026-04-05 09:18:00,2026-04-05 08:45:00,-33.0,2026-04-05 09:06:00,2026-04-05 09:59:00,B28 A,110.0,9.44,11.66,3.88,2.06,53.0
17,2026-04-05,ET750,2026-04-05 11:13:00,2026-04-05 11:34:00,21.0,2026-04-05 12:17:00,2026-04-05 13:03:00,B17 A,464.0,14.89,31.17,5.19,1.62,46.0
17,2026-04-05,FH8116,2026-04-05 06:35:00,2026-04-05 06:00:00,-35.0,2026-04-05 06:07:00,2026-04-05 06:09:00,B15 A,22.0,9.52,2.31,4.37,1.77,2.0
17,2026-04-05,LH1004,2026-04-05 09:50:00,2026-04-05 09:53:00,3.0,2026-04-05 10:20:00,2026-04-05 10:27:00,A43 ,33.0,13.09,2.52,6.19,1.35,7.0
17,2026-04-05,SN1122,2026-04-05 08:39:00,2026-04-05 09:08:00,29.0,2026-04-05 09:20:00,2026-04-05 09:21:00,B40 A,13.0,8.25,1.58,5.75,2.16,1.0
17,2026-04-05,SN1124,2026-04-05 07:10:00,2026-04-05 07:19:00,9.0,2026-04-05 07:32:00,2026-04-05 07:48:00,B30 A,138.0,14.8,9.33,5.67,1.57,16.0
17,2026-04-05,SN206,2026-04-05 06:25:00,2026-04-05 06:48:00,23.0,2026-04-05 07:07:00,2026-04-05 07:30:00,B38 A,154.0,10.26,15.01,4.46,2.62,23.0
17,2026-04-05,SN229,2026-04-05 10:04:00,2026-04-05 10:26:00,22.0,2026-04-05 10:41:00,2026-04-05 11:10:00,B31 A,120.0,10.94,10.96,3.83,2.81,29.0
17,2026-04-05,SN278,2026-04-05 08:43:00,2026-04-05 08:27:00,-16.0,2026-04-05 08:40:00,2026-04-05 09:10:00,B37 A,123.0,12.57,9.79,6.5,1.87,30.0
17,2026-04-05,SN2900,2026-04-05 08:46:00,2026-04-05 08:33:00,-13.0,2026-04-05 08:58:00,2026-04-05 09:02:00,B14 A,79.0,13.07,6.04,4.72,1.41,4.0
17,2026-04-05,SN3326,2026-04-05 07:45:00,2026-04-05 08:05:00,20.0,2026-04-05 08:16:00,2026-04-05 08:36:00,B28 A,123.0,14.5,8.48,5.73,1.39,20.0
17,2026-04-05,SN358,2026-04-05 10:21:00,2026-04-05 11:13:00,52.0,2026-04-05 11:43:00,2026-04-05 12:03:00,B38 A,126.0,14.76,8.53,3.71,3.14,20.0
17,2026-04-05,SN379,2026-04-05 10:10:00,2026-04-05 11:03:00,53.0,2026-04-05 11:42:00,2026-04-05 12:19:00,B29 A,161.0,15.68,10.27,5.77,1.7,37.0
17,2026-04-05,SN3800,2026-04-05 06:15:00,2026-04-05 06:16:00,1.0,2026-04-05 06:28:00,2026-04-05 06:30:00,A65 ,27.0,9.97,2.71,4.33,1.92,2.0
17,2026-04-05,TB1552,2026-04-05 07:15:00,2026-04-05 07:08:00,-7.0,2026-04-05 07:38:00,2026-04-05 07:45:00,A61 ,152.0,14.82,10.25,4.12,2.02,7.0
17,2026-04-05,TB2632,2026-04-05 09:29:00,2026-04-05 09:09:00,-20.0,2026-04-05 09:35:00,2026-04-05 09:44:00,B9  A,114.0,10.63,10.72,4.71,1.77,9.0
17,2026-04-05,TB2662,2026-04-05 09:15:00,2026-04-05 09:04:00,-11.0,2026-04-05 09:22:00,2026-04-05 09:30:00,B34 A,90.0,12.74,7.06,4.5,2.3,8.0
17,2026-04-05,TG934,2026-04-05 09:21:00,2026-04-05 09:16:00,-5.0,2026-04-05 09:38:00,2026-04-05 09:58:00,B38 A,249.0,12.53,19.86,5.62,2.08,20.0
17,2026-04-05,UA950,2026-04-05 12:20:00,2026-04-05 11:58:00,-22.0,2026-04-05 12:14:00,2026-04-05 12:42:00,B37 A,127.0,16.02,7.93,5.25,2.32,28.0
17,2026-04-05,UA994,2026-04-05 11:51:00,2026-04-05 11:37:00,-14.0,2026-04-05 11:55:00,2026-04-05 12:25:00,B40 A,157.0,13.61,11.53,5.81,2.14,30.0
17,2026-04-05,XR5402,2026-04-05 07:46:00,2026-04-05 08:56:00,70.0,2026-04-05 09:23:00,2026-04-05 09:26:00,B5  A,88.0,13.57,6.49,4.54,1.84,3.0
18,2026-04-05,AC832,2026-04-05 10:17:00,2026-04-05 10:43:00,26.0,2026-04-05 11:00:00,2026-04-05 11:34:00,B14 A,172.0,11.41,15.08,5.96,1.12,34.0
18,2026-04-05,ET750,2026-04-05 11:13:00,2026-04-05 11:34:00,21.0,2026-04-05 12:17:00,2026-04-05 13:03:00,B17 A,464.0,11.81,39.28,4.34,1.94,46.0
18,2026-04-05,FH8116,2026-04-05 06:35:00,2026-04-05 06:00:00,-35.0,2026-04-05 06:07:00,2026-04-05 06:09:00,B15 A,22.0,12.62,1.74,4.41,1.75,2.0
18,2026-04-05,LH1004,2026-04-05 11:51:00,2026-04-05 11:47:00,-4.0,2026-04-05 12:07:00,2026-04-05 12:12:00,A43 ,23.0,13.5,1.7,5.6,1.49,5.0
18,2026-04-05,SN1122,2026-04-05 08:39:00,2026-04-05 09:08:00,29.0,2026-04-05 09:20:00,2026-04-05 09:21:00,B40 A,13.0,13.8,0.94,5.61,2.21,1.0
18,2026-04-05,SN1124,2026-04-05 07:10:00,2026-04-05 07:19:00,9.0,2026-04-05 07:32:00,2026-04-05 07:48:00,B30 A,138.0,15.18,9.09,5.66,1.58,16.0
18,2026-04-05,SN206,2026-04-05 06:25:00,2026-04-05 06:48:00,23.0,2026-04-05 07:07:00,2026-04-05 07:30:00,B38 A,154.0,12.11,12.71,5.62,2.08,23.0
18,2026-04-05,SN229,2026-04-05 08:06:00,2026-04-05 09:20:00,74.0,2026-04-05 09:41:00,2026-04-05 10:22:00,B14 A,144.0,15.31,9.4,5.93,1.12,41.0
18,2026-04-05,SN278,2026-04-05 10:45:00,2026-04-05 10:42:00,-3.0,2026-04-05 11:04:00,2026-04-05 11:16:00,B28 A,198.0,10.42,19.0,5.25,1.52,12.0
18,2026-04-05,SN2900,2026-04-05 10:44:00,2026-04-05 11:04:00,20.0,2026-04-05 11:13:00,2026-04-05 11:34:00,B32 A,49.0,11.68,4.19,5.65,1.71,21.0
18,2026-04-05,SN3326,2026-04-05 11:24:00,2026-04-05 11:41:00,17.0,2026-04-05 12:06:00,2026-04-05 12:12:00,B14 A,111.0,14.96,7.42,4.82,1.38,6.0
18,2026-04-05,SN358,2026-04-05 12:21:00,2026-04-05 12:23:00,2.0,2026-04-05 12:43:00,2026-04-05 13:14:00,B28 A,176.0,13.54,12.99,4.04,1.98,31.0
18,2026-04-05,SN379,2026-04-05 08:11:00,2026-04-05 08:40:00,29.0,2026-04-05 08:59:00,2026-04-05 09:27:00,B28 A,76.0,16.52,4.6,4.91,1.63,28.0
18,2026-04-05,SN3800,2026-04-05 06:15:00,2026-04-05 06:16:00,1.0,2026-04-05 06:28:00,2026-04-05 06:30:00,A65 ,27.0,11.89,2.27,4.44,1.88,2.0
18,2026-04-05,TB1552,2026-04-05 07:47:00,2026-04-05 07:43:00,-4.0,2026-04-05 07:55:00,2026-04-05 07:59:00,A68 ,66.0,11.67,5.65,4.03,2.07,4.0
18,2026-04-05,TB2632,2026-04-05 09:29:00,2026-04-05 09:09:00,-20.0,2026-04-05 09:35:00,2026-04-05 09:44:00,B9  A,114.0,12.0,9.5,5.38,1.55,9.0
18,2026-04-05,TB2662,2026-04-05 09:15:00,2026-04-05 09:04:00,-11.0,2026-04-05 09:22:00,2026-04-05 09:30:00,B34 A,90.0,12.47,7.22,4.8,2.15,8.0
18,2026-04-05,TG934,2026-04-05 09:21:00,2026-04-05 09:16:00,-5.0,2026-04-05 09:38:00,2026-04-05 09:58:00,B38 A,249.0,13.62,18.28,4.62,2.53,20.0
18,2026-04-05,UA950,2026-04-05 10:20:00,2026-04-05 09:58:00,-22.0,2026-04-05 10:24:00,2026-04-05 10:51:00,B40 A,188.0,8.91,21.09,4.02,3.09,27.0
18,2026-04-05,UA994,2026-04-05 11:51:00,2026-04-05 11:37:00,-14.0,2026-04-05 11:55:00,2026-04-05 12:25:00,B40 A,157.0,11.8,13.3,4.8,2.58,30.0
18,2026-04-05,XR5402,2026-04-05 07:46:00,2026-04-05 08:56:00,70.0,2026-04-05 09:23:00,2026-04-05 09:26:00,B5  A,88.0,13.24,6.65,5.42,1.54,3.0
19,2026-04-05,AC832,2026-04-05 11:16:00,2026-04-05 10:39:00,-37.0,2026-04-05 10:54:00,2026-04-05 11:24:00,B5  A,101.0,13.41,7.53,3.54,2.35,30.0
19,2026-04-05,ET750,2026-04-05 11:13:00,2026-04-05 11:34:00,21.0,2026-04-05 12:17:00,2026-04-05 13:03:00,B17 A,464.0,13.57,34.19,4.34,1.94,46.0
19,2026-04-05,FH8116,2026-04-05 06:35:00,2026-04-05 06:00:00,-35.0,2026-04-05 06:07:00,2026-04-05 06:09:00,B15 A,22.0,9.84,2.23,4.87,1.59,2.0
19,2026-04-05,LH1004,2026-04-05 09:50:00,2026-04-05 09:53:00,3.0,2026-04-05 10:20:00,2026-04-05 10:27:00,A43 ,33.0,10.15,3.25,5.41,1.54,7.0
19,2026-04-05,SN1122,2026-04-05 08:39:00,2026-04-05 09:08:00,29.0,2026-04-05 09:20:00,2026-04-05 09:21:00,B40 A,13.0,10.41,1.25,4.81,2.58,1.0
19,2026-04-05,SN1124,2026-04-05 07:10:00,2026-04-05 07:19:00,9.0,2026-04-05 07:32:00,2026-04-05 07:48:00,B30 A,138.0,14.65,9.42,5.93,1.5,16.0
19,2026-04-05,SN206,2026-04-05 06:25:00,2026-04-05 06:48:00,23.0,2026-04-05 07:07:00,2026-04-05 07:30:00,B38 A,154.0,9.59,16.06,4.82,2.42,23.0
19,2026-04-05,SN229,2026-04-05 10:04:00,2026-04-05 10:26:00,22.0,2026-04-05 10:41:00,2026-04-05 11:10:00,B31 A,120.0,10.26,11.69,4.64,2.32,29.0
19,2026-04-05,SN278,2026-04-05 10:45:00,2026-04-05 10:42:00,-3.0,2026-04-05 11:04:00,2026-04-05 11:16:00,B28 A,198.0,15.93,12.43,4.4,1.82,12.0
19,2026-04-05,SN2900,2026-04-05 08:46:00,2026-04-05 08:33:00,-13.0,2026-04-05 08:58:00,2026-04-05 09:02:00,B14 A,79.0,14.64,5.4,5.11,1.31,4.0
19,2026-04-05,SN3326,2026-04-05 11:24:00,2026-04-05 11:41:00,17.0,2026-04-05 12:06:00,2026-04-05 12:12:00,B14 A,111.0,12.76,8.7,3.8,1.75,6.0
19,2026-04-05,SN358,2026-04-05 12:21:00,2026-04-05 12:23:00,2.0,2026-04-05 12:43:00,2026-04-05 13:14:00,B28 A,176.0,14.63,12.03,4.74,1.69,31.0
19,2026-04-05,SN379,2026-04-05 10:10:00,2026-04-05 11:03:00,53.0,2026-04-05 11:42:00,2026-04-05 12:19:00,B29 A,161.0,11.32,14.23,5.31,1.85,37.0
19,2026-04-05,SN3800,2026-04-05 06:15:00,2026-04-05 06:16:00,1.0,2026-04-05 06:28:00,2026-04-05 06:30:00,A65 ,27.0,11.06,2.44,4.59,1.81,2.0
19,2026-04-05,TB1552,2026-04-05 08:29:00,2026-04-05 08:25:00,-4.0,2026-04-05 08:46:00,2026-04-05 08:54:00,A61 ,166.0,14.83,11.19,4.15,2.01,8.0
19,2026-04-05,TB2632,2026-04-05 09:29:00,2026-04-05 09:09:00,-20.0,2026-04-05 09:35:00,2026-04-05 09:44:00,B9  A,114.0,10.1,11.29,5.31,1.57,9.0
19,2026-04-05,TB2662,2026-04-05 09:15:00,2026-04-05 09:04:00,-11.0,2026-04-05 09:22:00,2026-04-05 09:30:00,B34 A,90.0,14.48,6.21,4.64,2.23,8.0
19,2026-04-05,TG934,2026-04-05 09:21:00,2026-04-05 09:16:00,-5.0,2026-04-05 09:38:00,2026-04-05 09:58:00,B38 A,249.0,13.79,18.06,4.75,2.46,20.0
19,2026-04-05,UA950,2026-04-05 11:22:00,2026-04-05 11:02:00,-20.0,2026-04-05 11:22:00,2026-04-05 11:45:00,B28 A,170.0,9.91,17.16,3.97,2.02,23.0
19,2026-04-05,UA994,2026-04-05 08:51:00,2026-04-05 08:32:00,-19.0,2026-04-05 08:52:00,2026-04-05 09:25:00,B40 A,171.0,13.21,12.95,4.28,2.9,33.0
19,2026-04-05,XR5402,2026-04-05 07:46:00,2026-04-05 08:56:00,70.0,2026-04-05 09:23:00,2026-04-05 09:26:00,B5  A,88.0,14.19,6.2,4.63,1.8,3.0
20,2026-04-05,AC832,2026-04-05 08:17:00,2026-04-05 07:46:00,-31.0,2026-04-05 08:02:00,2026-04-05 08:29:00,B30 A,122.0,13.82,8.83,5.47,1.63,27.0
20,2026-04-05,ET750,2026-04-05 11:13:00,2026-04-05 11:34:00,21.0,2026-04-05 12:17:00,2026-04-05 13:03:00,B17 A,464.0,12.03,38.59,5.79,1.45,46.0
20,2026-04-05,FH8116,2026-04-05 12:44:00,2026-04-05 12:48:00,4.0,2026-04-05 13:06:00,2026-04-05 13:13:00,B38 A,140.0,14.02,9.99,4.26,2.74,7.0
20,2026-04-05,LH1004,2026-04-05 09:50:00,2026-04-05 09:53:00,3.0,2026-04-05 10:20:00,2026-04-05 10:27:00,A43 ,33.0,14.75,2.24,5.71,1.46,7.0
20,2026-04-05,SN1122,2026-04-05 08:39:00,2026-04-05 09:08:00,29.0,2026-04-05 09:20:00,2026-04-05 09:21:00,B40 A,13.0,12.08,1.08,6.18,2.01,1.0
20,2026-04-05,SN1124,2026-04-05 07:10:00,2026-04-05 07:19:00,9.0,2026-04-05 07:32:00,2026-04-05 07:48:00,B30 A,138.0,13.38,10.31,4.56,1.96,16.0
20,2026-04-05,SN206,2026-04-05 06:25:00,2026-04-05 06:48:00,23.0,2026-04-05 07:07:00,2026-04-05 07:30:00,B38 A,154.0,13.2,11.67,5.06,2.3,23.0
20,2026-04-05,SN229,2026-04-05 12:06:00,2026-04-05 12:12:00,6.0,2026-04-05 12:39:00,2026-04-05 13:03:00,B28 A,20.0,11.53,1.73,5.73,1.4,24.0
20,2026-04-05,SN278,2026-04-05 10:45:00,2026-04-05 10:42:00,-3.0,2026-04-05 11:04:00,2026-04-05 11:16:00,B28 A,198.0,11.67,16.97,5.78,1.38,12.0
20,2026-04-05,SN2900,2026-04-05 10:44:00,2026-04-05 11:04:00,20.0,2026-04-05 11:13:00,2026-04-05 11:34:00,B32 A,49.0,11.23,4.36,4.52,2.14,21.0
20,2026-04-05,SN3326,2026-04-05 11:24:00,2026-04-05 11:41:00,17.0,2026-04-05 12:06:00,2026-04-05 12:12:00,B14 A,111.0,9.16,12.11,5.01,1.33,6.0
20,2026-04-05,SN358,2026-04-05 10:21:00,2026-04-05 11:13:00,52.0,2026-04-05 11:43:00,2026-04-05 12:03:00,B38 A,126.0,8.69,14.5,5.53,2.11,20.0
20,2026-04-05,SN379,2026-04-05 08:11:00,2026-04-05 08:40:00,29.0,2026-04-05 08:59:00,2026-04-05 09:27:00,B28 A,76.0,13.68,5.56,4.7,1.7,28.0
20,2026-04-05,SN3800,2026-04-05 06:15:00,2026-04-05 06:16:00,1.0,2026-04-05 06:28:00,2026-04-05 06:30:00,A65 ,27.0,11.06,2.44,4.15,2.01,2.0
20,2026-04-05,TB1552,2026-04-05 07:15:00,2026-04-05 07:08:00,-7.0,2026-04-05 07:38:00,2026-04-05 07:45:00,A61 ,152.0,11.42,13.31,4.82,1.73,7.0
20,2026-04-05,TB2632,2026-04-05 09:29:00,2026-04-05 09:09:00,-20.0,2026-04-05 09:35:00,2026-04-05 09:44:00,B9  A,114.0,13.08,8.72,4.24,1.96,9.0
20,2026-04-05,TB2662,2026-04-05 09:15:00,2026-04-05 09:04:00,-11.0,2026-04-05 09:22:00,2026-04-05 09:30:00,B34 A,90.0,11.77,7.65,4.23,2.45,8.0
20,2026-04-05,TG934,2026-04-05 09:21:00,2026-04-05 09:16:00,-5.0,2026-04-05 09:38:00,2026-04-05 09:58:00,B38 A,249.0,13.69,18.19,4.11,2.84,20.0
20,2026-04-05,UA950,2026-04-05 08:20:00,2026-04-05 08:20:00,0.0,2026-04-05 08:36:00,2026-04-05 09:25:00,B38 A,176.0,16.24,10.84,5.33,2.19,49.0
20,2026-04-05,UA994,2026-04-05 11:51:00,2026-04-05 11:37:00,-14.0,2026-04-05 11:55:00,2026-04-05 12:25:00,B40 A,157.0,12.79,12.27,4.46,2.79,30.0
20,2026-04-05,XR5402,2026-04-05 07:46:00,2026-04-05 08:56:00,70.0,2026-04-05 09:23:00,2026-04-05 09:26:00,B5  A,88.0,14.65,6.01,4.99,1.67,3.0
21,2026-04-05,AC832,2026-04-05 12:18:00,2026-04-05 11:38:00,-40.0,2026-04-05 11:54:00,2026-04-05 12:17:00,B30 A,100.0,9.4,10.64,4.36,2.05,23.0
21,2026-04-05,ET750,2026-04-05 11:13:00,2026-04-05 11:34:00,21.0,2026-04-05 12:17:00,2026-04-05 13:03:00,B17 A,464.0,11.93,38.88,5.75,1.46,46.0
21,2026-04-05,FH8116,2026-04-05 06:35:00,2026-04-05 06:00:00,-35.0,2026-04-05 06:07:00,2026-04-05 06:09:00,B15 A,22.0,12.67,1.74,3.5,2.21,2.0
21,2026-04-05,LH1004,2026-04-05 09:50:00,2026-04-05 09:53:00,3.0,2026-04-05 10:20:00,2026-04-05 10:27:00,A43 ,33.0,12.47,2.65,6.18,1.35,7.0
21,2026-04-05,SN1122,2026-04-05 08:39:00,2026-04-05 09:08:00,29.0,2026-04-05 09:20:00,2026-04-05 09:21:00,B40 A,13.0,11.56,1.12,4.72,2.63,1.0
21,2026-04-05,SN1124,2026-04-05 07:10:00,2026-04-05 07:19:00,9.0,2026-04-05 07:32:00,2026-04-05 07:48:00,B30 A,138.0,14.87,9.28,3.93,2.27,16.0
21,2026-04-05,SN206,2026-04-05 06:25:00,2026-04-05 06:48:00,23.0,2026-04-05 07:07:00,2026-04-05 07:30:00,B38 A,154.0,14.47,10.64,4.47,2.61,23.0
21,2026-04-05,SN229,2026-04-05 12:06:00,2026-04-05 12:12:00,6.0,2026-04-05 12:39:00,2026-04-05 13:03:00,B28 A,20.0,10.87,1.84,5.65,1.42,24.0
21,2026-04-05,SN278,2026-04-05 08:43:00,2026-04-05 08:27:00,-16.0,2026-04-05 08:40:00,2026-04-05 09:10:00,B37 A,123.0,12.68,9.7,5.09,2.39,30.0
21,2026-04-05,SN2900,2026-04-05 07:39:00,2026-04-05 07:25:00,-14.0,2026-04-05 07:38:00,2026-04-05 07:53:00,B38 A,55.0,10.73,5.12,4.71,2.48,15.0
21,2026-04-05,SN3326,2026-04-05 07:45:00,2026-04-05 08:05:00,20.0,2026-04-05 08:16:00,2026-04-05 08:36:00,B28 A,123.0,13.04,9.43,5.4,1.48,20.0
21,2026-04-05,SN358,2026-04-05 10:21:00,2026-04-05 11:13:00,52.0,2026-04-05 11:43:00,2026-04-05 12:03:00,B38 A,126.0,13.86,9.09,4.1,2.85,20.0
21,2026-04-05,SN379,2026-04-05 10:10:00,2026-04-05 11:03:00,53.0,2026-04-05 11:42:00,2026-04-05 12:19:00,B29 A,161.0,11.3,14.25,4.66,2.11,37.0
21,2026-04-05,SN3800,2026-04-05 06:15:00,2026-04-05 06:16:00,1.0,2026-04-05 06:28:00,2026-04-05 06:30:00,A65 ,27.0,12.23,2.21,4.19,1.99,2.0
21,2026-04-05,TB1552,2026-04-05 08:29:00,2026-04-05 08:25:00,-4.0,2026-04-05 08:46:00,2026-04-05 08:54:00,A61 ,166.0,11.5,14.44,4.62,1.81,8.0
21,2026-04-05,TB2632,2026-04-05 09:29:00,2026-04-05 09:09:00,-20.0,2026-04-05 09:35:00,2026-04-05 09:44:00,B9  A,114.0,11.02,10.34,5.49,1.52,9.0
21,2026-04-05,TB2662,2026-04-05 09:15:00,2026-04-05 09:04:00,-11.0,2026-04-05 09:22:00,2026-04-05 09:30:00,B34 A,90.0,15.71,5.73,4.31,2.4,8.0
21,2026-04-05,TG934,2026-04-05 09:21:00,2026-04-05 09:16:00,-5.0,2026-04-05 09:38:00,2026-04-05 09:58:00,B38 A,249.0,14.16,17.59,4.7,2.48,20.0
21,2026-04-05,UA950,2026-04-05 11:22:00,2026-04-05 11:02:00,-20.0,2026-04-05 11:22:00,2026-04-05 11:45:00,B28 A,170.0,10.79,15.76,4.63,1.73,23.0
21,2026-04-05,UA994,2026-04-05 12:51:00,2026-04-05 12:35:00,-16.0,2026-04-05 12:54:00,2026-04-05 13:24:00,B38 A,109.0,11.27,9.67,6.56,1.78,30.0
21,2026-04-05,XR5402,2026-04-05 07:46:00,2026-04-05 08:56:00,70.0,2026-04-05 09:23:00,2026-04-05 09:26:00,B5  A,88.0,10.85,8.11,5.87,1.42,3.0
22,2026-04-05,AC832,2026-04-05 08:17:00,2026-04-05 07:46:00,-31.0,2026-04-05 08:02:00,2026-04-05 08:29:00,B30 A,122.0,12.03,10.14,5.2,1.71,27.0
22,2026-04-05,ET750,2026-04-05 11:13:00,2026-04-05 11:34:00,21.0,2026-04-05 12:17:00,2026-04-05 13:03:00,B17 A,464.0,14.14,32.82,4.97,1.7,46.0
22,2026-04-05,FH8116,2026-04-05 12:44:00,2026-04-05 12:48:00,4.0,2026-04-05 13:06:00,2026-04-05 13:13:00,B38 A,140.0,14.78,9.48,4.47,2.61,7.0
22,2026-04-05,LH1004,2026-04-05 12:50:00,2026-04-05 12:50:00,0.0,2026-04-05 13:03:00,2026-04-05 13:30:00,A43 ,40.0,12.23,3.27,4.3,1.94,27.0
22,2026-04-05,SN1122,2026-04-05 08:39:00,2026-04-05 09:08:00,29.0,2026-04-05 09:20:00,2026-04-05 09:21:00,B40 A,13.0,11.5,1.13,4.06,3.06,1.0
22,2026-04-05,SN1124,2026-04-05 07:10:00,2026-04-05 07:19:00,9.0,2026-04-05 07:32:00,2026-04-05 07:48:00,B30 A,138.0,13.55,10.18,5.06,1.76,16.0
22,2026-04-05,SN206,2026-04-05 06:25:00,2026-04-05 06:48:00,23.0,2026-04-05 07:07:00,2026-04-05 07:30:00,B38 A,154.0,10.43,14.77,4.32,2.7,23.0
22,2026-04-05,SN229,2026-04-05 10:04:00,2026-04-05 10:26:00,22.0,2026-04-05 10:41:00,2026-04-05 11:10:00,B31 A,120.0,12.53,9.58,4.41,2.44,29.0
22,2026-04-05,SN278,2026-04-05 08:43:00,2026-04-05 08:27:00,-16.0,2026-04-05 08:40:00,2026-04-05 09:10:00,B37 A,123.0,13.65,9.01,6.56,1.86,30.0
22,2026-04-05,SN2900,2026-04-05 10:44:00,2026-04-05 11:04:00,20.0,2026-04-05 11:13:00,2026-04-05 11:34:00,B32 A,49.0,13.5,3.63,4.95,1.95,21.0
22,2026-04-05,SN3326,2026-04-05 07:45:00,2026-04-05 08:05:00,20.0,2026-04-05 08:16:00,2026-04-05 08:36:00,B28 A,123.0,13.65,9.01,4.48,1.79,20.0
22,2026-04-05,SN358,2026-04-05 08:21:00,2026-04-05 08:24:00,3.0,2026-04-05 08:42:00,2026-04-05 09:09:00,B14 A,112.0,12.21,9.18,5.27,1.27,27.0
22,2026-04-05,SN379,2026-04-05 10:10:00,2026-04-05 11:03:00,53.0,2026-04-05 11:42:00,2026-04-05 12:19:00,B29 A,161.0,12.82,12.56,4.6,2.14,37.0
22,2026-04-05,SN3800,2026-04-05 06:15:00,2026-04-05 06:16:00,1.0,2026-04-05 06:28:00,2026-04-05 06:30:00,A65 ,27.0,11.15,2.42,4.22,1.97,2.0
22,2026-04-05,TB1552,2026-04-05 07:47:00,2026-04-05 07:43:00,-4.0,2026-04-05 07:55:00,2026-04-05 07:59:00,A68 ,66.0,12.55,5.26,5.08,1.64,4.0
22,2026-04-05,TB2632,2026-04-05 09:29:00,2026-04-05 09:09:00,-20.0,2026-04-05 09:35:00,2026-04-05 09:44:00,B9  A,114.0,13.31,8.56,4.59,1.82,9.0
22,2026-04-05,TB2662,2026-04-05 09:15:00,2026-04-05 09:04:00,-11.0,2026-04-05 09:22:00,2026-04-05 09:30:00,B34 A,90.0,12.44,7.23,4.35,2.38,8.0
22,2026-04-05,TG934,2026-04-05 12:22:00,2026-04-05 12:26:00,4.0,2026-04-05 12:46:00,2026-04-05 13:15:00,B34 A,260.0,15.28,17.02,4.24,2.44,29.0
22,2026-04-05,UA950,2026-04-05 12:20:00,2026-04-05 11:58:00,-22.0,2026-04-05 12:14:00,2026-04-05 12:42:00,B37 A,127.0,15.89,7.99,4.4,2.77,28.0
22,2026-04-05,UA994,2026-04-05 12:51:00,2026-04-05 12:35:00,-16.0,2026-04-05 12:54:00,2026-04-05 13:24:00,B38 A,109.0,12.71,8.57,5.26,2.22,30.0
22,2026-04-05,XR5402,2026-04-05 07:46:00,2026-04-05 08:56:00,70.0,2026-04-05 09:23:00,2026-04-05 09:26:00,B5  A,88.0,13.46,6.54,4.42,1.89,3.0
23,2026-04-05,AC832,2026-04-05 12:18:00,2026-04-05 11:38:00,-40.0,2026-04-05 11:54:00,2026-04-05 12:17:00,B30 A,100.0,10.45,9.57,4.33,2.06,23.0
23,2026-04-05,ET750,2026-04-05 11:13:00,2026-04-05 11:34:00,21.0,2026-04-05 12:17:00,2026-04-05 13:03:00,B17 A,464.0,12.11,38.31,6.29,1.34,46.0
23,2026-04-05,FH8116,2026-04-05 12:44:00,2026-04-05 12:48:00,4.0,2026-04-05 13:06:00,2026-04-05 13:13:00,B38 A,140.0,14.62,9.58,5.94,1.96,7.0
23,2026-04-05,LH1004,2026-04-05 12:50:00,2026-04-05 12:50:00,0.0,2026-04-05 13:03:00,2026-04-05 13:30:00,A43 ,40.0,14.11,2.83,4.92,1.69,27.0
23,2026-04-05,SN1122,2026-04-05 08:39:00,2026-04-05 09:08:00,29.0,2026-04-05 09:20:00,2026-04-05 09:21:00,B40 A,13.0,11.54,1.13,6.76,1.84,1.0
23,2026-04-05,SN1124,2026-04-05 07:10:00,2026-04-05 07:19:00,9.0,2026-04-05 07:32:00,2026-04-05 07:48:00,B30 A,138.0,13.5,10.22,4.95,1.8,16.0
23,2026-04-05,SN206,2026-04-05 06:25:00,2026-04-05 06:48:00,23.0,2026-04-05 07:07:00,2026-04-05 07:30:00,B38 A,154.0,12.6,12.22,5.72,2.04,23.0
23,2026-04-05,SN229,2026-04-05 08:06:00,2026-04-05 09:20:00,74.0,2026-04-05 09:41:00,2026-04-05 10:22:00,B14 A,144.0,10.74,13.4,5.55,1.2,41.0
23,2026-04-05,SN278,2026-04-05 10:45:00,2026-04-05 10:42:00,-3.0,2026-04-05 11:04:00,2026-04-05 11:16:00,B28 A,198.0,11.86,16.7,4.39,1.82,12.0
23,2026-04-05,SN2900,2026-04-05 07:39:00,2026-04-05 07:25:00,-14.0,2026-04-05 07:38:00,2026-04-05 07:53:00,B38 A,55.0,11.41,4.82,5.74,2.03,15.0
23,2026-04-05,SN3326,2026-04-05 11:24:00,2026-04-05 11:41:00,17.0,2026-04-05 12:06:00,2026-04-05 12:12:00,B14 A,111.0,11.81,9.4,6.57,1.01,6.0
23,2026-04-05,SN358,2026-04-05 08:21:00,2026-04-05 08:24:00,3.0,2026-04-05 08:42:00,2026-04-05 09:09:00,B14 A,112.0,12.38,9.04,5.32,1.25,27.0
23,2026-04-05,SN379,2026-04-05 08:11:00,2026-04-05 08:40:00,29.0,2026-04-05 08:59:00,2026-04-05 09:27:00,B28 A,76.0,14.07,5.4,4.98,1.61,28.0
23,2026-04-05,SN3800,2026-04-05 06:15:00,2026-04-05 06:16:00,1.0,2026-04-05 06:28:00,2026-04-05 06:30:00,A65 ,27.0,13.0,2.08,5.25,1.59,2.0
23,2026-04-05,TB1552,2026-04-05 07:47:00,2026-04-05 07:43:00,-4.0,2026-04-05 07:55:00,2026-04-05 07:59:00,A68 ,66.0,13.43,4.91,5.34,1.56,4.0
23,2026-04-05,TB2632,2026-04-05 09:29:00,2026-04-05 09:09:00,-20.0,2026-04-05 09:35:00,2026-04-05 09:44:00,B9  A,114.0,16.48,6.92,5.83,1.43,9.0
23,2026-04-05,TB2662,2026-04-05 09:15:00,2026-04-05 09:04:00,-11.0,2026-04-05 09:22:00,2026-04-05 09:30:00,B34 A,90.0,13.69,6.57,4.84,2.13,8.0
23,2026-04-05,TG934,2026-04-05 09:21:00,2026-04-05 09:16:00,-5.0,2026-04-05 09:38:00,2026-04-05 09:58:00,B38 A,249.0,15.0,16.6,7.09,1.64,20.0
23,2026-04-05,UA950,2026-04-05 09:21:00,2026-04-05 08:45:00,-36.0,2026-04-05 09:03:00,2026-04-05 09:29:00,B5  A,163.0,13.24,12.31,5.6,1.49,26.0
23,2026-04-05,UA994,2026-04-05 09:51:00,2026-04-05 11:28:00,97.0,2026-04-05 11:44:00,2026-04-05 12:09:00,B40 A,135.0,13.64,9.9,4.17,2.97,25.0
23,2026-04-05,XR5402,2026-04-05 07:46:00,2026-04-05 08:56:00,70.0,2026-04-05 09:23:00,2026-04-05 09:26:00,B5  A,88.0,10.19,8.63,3.94,2.12,3.0
24,2026-04-05,AC832,2026-04-05 10:17:00,2026-04-05 10:43:00,26.0,2026-04-05 11:00:00,2026-04-05 11:34:00,B14 A,172.0,14.55,11.82,5.53,1.21,34.0
24,2026-04-05,ET750,2026-04-05 11:13:00,2026-04-05 11:34:00,21.0,2026-04-05 12:17:00,2026-04-05 13:03:00,B17 A,464.0,12.17,38.14,4.4,1.91,46.0
24,2026-04-05,FH8116,2026-04-05 06:35:00,2026-04-05 06:00:00,-35.0,2026-04-05 06:07:00,2026-04-05 06:09:00,B15 A,22.0,8.94,2.46,4.6,1.68,2.0
24,2026-04-05,LH1004,2026-04-05 11:51:00,2026-04-05 11:47:00,-4.0,2026-04-05 12:07:00,2026-04-05 12:12:00,A43 ,23.0,11.51,2.0,4.61,1.81,5.0
24,2026-04-05,SN1122,2026-04-05 08:39:00,2026-04-05 09:08:00,29.0,2026-04-05 09:20:00,2026-04-05 09:21:00,B40 A,13.0,10.23,1.27,5.05,2.46,1.0
24,2026-04-05,SN1124,2026-04-05 07:10:00,2026-04-05 07:19:00,9.0,2026-04-05 07:32:00,2026-04-05 07:48:00,B30 A,138.0,13.84,9.97,4.46,2.0,16.0
24,2026-04-05,SN206,2026-04-05 06:25:00,2026-04-05 06:48:00,23.0,2026-04-05 07:07:00,2026-04-05 07:30:00,B38 A,154.0,13.49,11.42,5.1,2.29,23.0
24,2026-04-05,SN229,2026-04-05 08:06:00,2026-04-05 09:20:00,74.0,2026-04-05 09:41:00,2026-04-05 10:22:00,B14 A,144.0,10.81,13.32,4.76,1.4,41.0
24,2026-04-05,SN278,2026-04-05 12:46:00,2026-04-05 12:41:00,-5.0,2026-04-05 13:04:00,2026-04-05 13:33:00,B31 A,62.0,10.7,5.79,5.12,2.1,29.0
24,2026-04-05,SN2900,2026-04-05 08:46:00,2026-04-05 08:33:00,-13.0,2026-04-05 08:58:00,2026-04-05 09:02:00,B14 A,79.0,12.13,6.51,4.45,1.5,4.0
24,2026-04-05,SN3326,2026-04-05 11:24:00,2026-04-05 11:41:00,17.0,2026-04-05 12:06:00,2026-04-05 12:12:00,B14 A,111.0,13.17,8.43,5.18,1.29,6.0
24,2026-04-05,SN358,2026-04-05 08:21:00,2026-04-05 08:24:00,3.0,2026-04-05 08:42:00,2026-04-05 09:09:00,B14 A,112.0,12.99,8.62,4.36,1.53,27.0
24,2026-04-05,SN379,2026-04-05 08:11:00,2026-04-05 08:40:00,29.0,2026-04-05 08:59:00,2026-04-05 09:27:00,B28 A,76.0,13.75,5.53,4.61,1.73,28.0
24,2026-04-05,SN3800,2026-04-05 06:15:00,2026-04-05 06:16:00,1.0,2026-04-05 06:28:00,2026-04-05 06:30:00,A65 ,27.0,10.94,2.47,5.94,1.4,2.0
24,2026-04-05,TB1552,2026-04-05 07:15:00,2026-04-05 07:08:00,-7.0,2026-04-05 07:38:00,2026-04-05 07:45:00,A61 ,152.0,12.0,12.67,4.3,1.94,7.0
24,2026-04-05,TB2632,2026-04-05 09:29:00,2026-04-05 09:09:00,-20.0,2026-04-05 09:35:00,2026-04-05 09:44:00,B9  A,114.0,11.12,10.25,4.04,2.06,9.0
24,2026-04-05,TB2662,2026-04-05 09:15:00,2026-04-05 09:04:00,-11.0,2026-04-05 09:22:00,2026-04-05 09:30:00,B34 A,90.0,15.73,5.72,5.05,2.04,8.0
24,2026-04-05,TG934,2026-04-05 12:22:00,2026-04-05 12:26:00,4.0,2026-04-05 12:46:00,2026-04-05 13:15:00,B34 A,260.0,16.33,15.92,6.04,1.71,29.0
24,2026-04-05,UA950,2026-04-05 11:22:00,2026-04-05 11:02:00,-20.0,2026-04-05 11:22:00,2026-04-05 11:45:00,B28 A,170.0,12.84,13.24,4.45,1.8,23.0
24,2026-04-05,UA994,2026-04-05 10:51:00,2026-04-05 10:01:00,-50.0,2026-04-05 10:18:00,2026-04-05 10:42:00,B38 A,177.0,13.48,13.14,4.24,2.75,24.0
24,2026-04-05,XR5402,2026-04-05 07:46:00,2026-04-05 08:56:00,70.0,2026-04-05 09:23:00,2026-04-05 09:26:00,B5  A,88.0,13.38,6.58,4.92,1.69,3.0
25,2026-04-05,AC832,2026-04-05 09:18:00,2026-04-05 08:45:00,-33.0,2026-04-05 09:06:00,2026-04-05 09:59:00,B28 A,110.0,11.07,9.94,4.45,1.8,53.0
25,2026-04-05,ET750,2026-04-05 11:13:00,2026-04-05 11:34:00,21.0,2026-04-05 12:17:00,2026-04-05 13:03:00,B17 A,464.0,11.96,38.8,4.07,2.07,46.0
25,2026-04-05,FH8116,2026-04-05 12:44:00,2026-04-05 12:48:00,4.0,2026-04-05 13:06:00,2026-04-05 13:13:00,B38 A,140.0,11.82,11.85,4.42,2.64,7.0
25,2026-04-05,LH1004,2026-04-05 12:50:00,2026-04-05 12:50:00,0.0,2026-04-05 13:03:00,2026-04-05 13:30:00,A43 ,40.0,12.78,3.13,5.34,1.56,27.0
25,2026-04-05,SN1122,2026-04-05 08:39:00,2026-04-05 09:08:00,29.0,2026-04-05 09:20:00,2026-04-05 09:21:00,B40 A,13.0,14.02,0.93,4.69,2.65,1.0
25,2026-04-05,SN1124,2026-04-05 07:10:00,2026-04-05 07:19:00,9.0,2026-04-05 07:32:00,2026-04-05 07:48:00,B30 A,138.0,14.94,9.24,5.66,1.57,16.0
25,2026-04-05,SN206,2026-04-05 06:25:00,2026-04-05 06:48:00,23.0,2026-04-05 07:07:00,2026-04-05 07:30:00,B38 A,154.0,13.0,11.85,4.9,2.38,23.0
25,2026-04-05,SN229,2026-04-05 08:06:00,2026-04-05 09:20:00,74.0,2026-04-05 09:41:00,2026-04-05 10:22:00,B14 A,144.0,12.73,11.32,5.68,1.17,41.0
25,2026-04-05,SN278,2026-04-05 10:45:00,2026-04-05 10:42:00,-3.0,2026-04-05 11:04:00,2026-04-05 11:16:00,B28 A,198.0,10.92,18.13,6.0,1.33,12.0
25,2026-04-05,SN2900,2026-04-05 07:39:00,2026-04-05 07:25:00,-14.0,2026-04-05 07:38:00,2026-04-05 07:53:00,B38 A,55.0,12.59,4.37,5.83,2.0,15.0
25,2026-04-05,SN3326,2026-04-05 11:24:00,2026-04-05 11:41:00,17.0,2026-04-05 12:06:00,2026-04-05 12:12:00,B14 A,111.0,15.96,6.96,5.1,1.31,6.0
25,2026-04-05,SN358,2026-04-05 10:21:00,2026-04-05 11:13:00,52.0,2026-04-05 11:43:00,2026-04-05 12:03:00,B38 A,126.0,11.94,10.56,4.26,2.74,20.0
25,2026-04-05,SN379,2026-04-05 08:11:00,2026-04-05 08:40:00,29.0,2026-04-05 08:59:00,2026-04-05 09:27:00,B28 A,76.0,13.28,5.72,4.09,1.96,28.0
25,2026-04-05,SN3800,2026-04-05 06:15:00,2026-04-05 06:16:00,1.0,2026-04-05 06:28:00,2026-04-05 06:30:00,A65 ,27.0,11.04,2.44,5.87,1.42,2.0
25,2026-04-05,TB1552,2026-04-05 10:15:00,2026-04-05 10:31:00,16.0,2026-04-05 10:50:00,2026-04-05 10:59:00,A69 ,164.0,13.56,12.09,5.3,1.57,9.0
25,2026-04-05,TB2632,2026-04-05 09:29:00,2026-04-05 09:09:00,-20.0,2026-04-05 09:35:00,2026-04-05 09:44:00,B9  A,114.0,10.62,10.74,5.37,1.55,9.0
25,2026-04-05,TB2662,2026-04-05 09:15:00,2026-04-05 09:04:00,-11.0,2026-04-05 09:22:00,2026-04-05 09:30:00,B34 A,90.0,11.1,8.11,4.38,2.36,8.0
25,2026-04-05,TG934,2026-04-05 09:21:00,2026-04-05 09:16:00,-5.0,2026-04-05 09:38:00,2026-04-05 09:58:00,B38 A,249.0,15.11,16.48,4.07,2.87,20.0
25,2026-04-05,UA950,2026-04-05 10:20:00,2026-04-05 09:58:00,-22.0,2026-04-05 10:24:00,2026-04-05 10:51:00,B40 A,188.0,14.97,12.56,4.64,2.68,27.0
25,2026-04-05,UA994,2026-04-05 12:51:00,2026-04-05 12:35:00,-16.0,2026-04-05 12:54:00,2026-04-05 13:24:00,B38 A,109.0,11.69,9.32,4.39,2.66,30.0
25,2026-04-05,XR5402,2026-04-05 07:46:00,2026-04-05 08:56:00,70.0,2026-04-05 09:23:00,2026-04-05 09:26:00,B5  A,88.0,12.07,7.29,3.96,2.1,3.0
26,2026-04-05,AC832,2026-04-05 08:17:00,2026-04-05 07:46:00,-31.0,2026-04-05 08:02:00,2026-04-05 08:29:00,B30 A,122.0,10.39,11.75,4.28,2.09,27.0
26,2026-04-05,ET750,2026-04-05 11:13:00,2026-04-05 11:34:00,21.0,2026-04-05 12:17:00,2026-04-05 13:03:00,B17 A,464.0,12.85,36.11,5.59,1.5,46.0
26,2026-04-05,FH8116,2026-04-05 06:35:00,2026-04-05 06:00:00,-35.0,2026-04-05 06:07:00,2026-04-05 06:09:00,B15 A,22.0,14.41,1.53,5.6,1.38,2.0
26,2026-04-05,LH1004,2026-04-05 11:51:00,2026-04-05 11:47:00,-4.0,2026-04-05 12:07:00,2026-04-05 12:12:00,A43 ,23.0,12.83,1.79,5.67,1.47,5.0
26,2026-04-05,SN1122,2026-04-05 08:39:00,2026-04-05 09:08:00,29.0,2026-04-05 09:20:00,2026-04-05 09:21:00,B40 A,13.0,11.76,1.11,5.46,2.28,1.0
26,2026-04-05,SN1124,2026-04-05 07:10:00,2026-04-05 07:19:00,9.0,2026-04-05 07:32:00,2026-04-05 07:48:00,B30 A,138.0,12.83,10.76,5.36,1.66,16.0
26,2026-04-05,SN206,2026-04-05 06:25:00,2026-04-05 06:48:00,23.0,2026-04-05 07:07:00,2026-04-05 07:30:00,B38 A,154.0,16.95,9.08,4.03,2.9,23.0
26,2026-04-05,SN229,2026-04-05 12:06:00,2026-04-05 12:12:00,6.0,2026-04-05 12:39:00,2026-04-05 13:03:00,B28 A,20.0,12.28,1.63,5.41,1.48,24.0
26,2026-04-05,SN278,2026-04-05 10:45:00,2026-04-05 10:42:00,-3.0,2026-04-05 11:04:00,2026-04-05 11:16:00,B28 A,198.0,11.2,17.67,4.94,1.62,12.0
26,2026-04-05,SN2900,2026-04-05 08:46:00,2026-04-05 08:33:00,-13.0,2026-04-05 08:58:00,2026-04-05 09:02:00,B14 A,79.0,12.79,6.18,4.16,1.6,4.0
26,2026-04-05,SN3326,2026-04-05 11:24:00,2026-04-05 11:41:00,17.0,2026-04-05 12:06:00,2026-04-05 12:12:00,B14 A,111.0,15.68,7.08,4.57,1.46,6.0
26,2026-04-05,SN358,2026-04-05 12:21:00,2026-04-05 12:23:00,2.0,2026-04-05 12:43:00,2026-04-05 13:14:00,B28 A,176.0,12.26,14.36,5.65,1.41,31.0
26,2026-04-05,SN379,2026-04-05 08:11:00,2026-04-05 08:40:00,29.0,2026-04-05 08:59:00,2026-04-05 09:27:00,B28 A,76.0,15.28,4.97,4.82,1.66,28.0
26,2026-04-05,SN3800,2026-04-05 06:15:00,2026-04-05 06:16:00,1.0,2026-04-05 06:28:00,2026-04-05 06:30:00,A65 ,27.0,10.93,2.47,4.61,1.81,2.0
26,2026-04-05,TB1552,2026-04-05 10:15:00,2026-04-05 10:31:00,16.0,2026-04-05 10:50:00,2026-04-05 10:59:00,A69 ,164.0,11.35,14.45,4.95,1.68,9.0
26,2026-04-05,TB2632,2026-04-05 09:29:00,2026-04-05 09:09:00,-20.0,2026-04-05 09:35:00,2026-04-05 09:44:00,B9  A,114.0,13.9,8.2,5.34,1.56,9.0
26,2026-04-05,TB2662,2026-04-05 09:15:00,2026-04-05 09:04:00,-11.0,2026-04-05 09:22:00,2026-04-05 09:30:00,B34 A,90.0,11.55,7.79,5.31,1.95,8.0
26,2026-04-05,TG934,2026-04-05 12:22:00,2026-04-05 12:26:00,4.0,2026-04-05 12:46:00,2026-04-05 13:15:00,B34 A,260.0,14.63,17.77,5.21,1.98,29.0
26,2026-04-05,UA950,2026-04-05 09:21:00,2026-04-05 08:45:00,-36.0,2026-04-05 09:03:00,2026-04-05 09:29:00,B5  A,163.0,13.69,11.91,5.7,1.46,26.0
26,2026-04-05,UA994,2026-04-05 10:51:00,2026-04-05 10:01:00,-50.0,2026-04-05 10:18:00,2026-04-05 10:42:00,B38 A,177.0,14.31,12.37,3.77,3.1,24.0
26,2026-04-05,XR5402,2026-04-05 07:46:00,2026-04-05 08:56:00,70.0,2026-04-05 09:23:00,2026-04-05 09:26:00,B5  A,88.0,11.84,7.43,6.36,1.31,3.0
27,2026-04-05,AC832,2026-04-05 12:18:00,2026-04-05 11:38:00,-40.0,2026-04-05 11:54:00,2026-04-05 12:17:00,B30 A,100.0,14.27,7.01,4.83,1.85,23.0
27,2026-04-05,ET750,2026-04-05 09:11:00,2026-04-05 09:13:00,2.0,2026-04-05 09:42:00,2026-04-05 10:46:00,B40 A,421.0,16.81,25.04,4.69,2.65,64.0
27,2026-04-05,FH8116,2026-04-05 06:35:00,2026-04-05 06:00:00,-35.0,2026-04-05 06:07:00,2026-04-05 06:09:00,B15 A,22.0,12.44,1.77,5.4,1.43,2.0
27,2026-04-05,LH1004,2026-04-05 09:50:00,2026-04-05 09:53:00,3.0,2026-04-05 10:20:00,2026-04-05 10:27:00,A43 ,33.0,13.68,2.41,6.48,1.29,7.0
27,2026-04-05,SN1122,2026-04-05 08:39:00,2026-04-05 09:08:00,29.0,2026-04-05 09:20:00,2026-04-05 09:21:00,B40 A,13.0,11.46,1.13,4.39,2.83,1.0
27,2026-04-05,SN1124,2026-04-05 07:10:00,2026-04-05 07:19:00,9.0,2026-04-05 07:32:00,2026-04-05 07:48:00,B30 A,138.0,12.28,11.24,5.91,1.51,16.0
27,2026-04-05,SN206,2026-04-05 06:25:00,2026-04-05 06:48:00,23.0,2026-04-05 07:07:00,2026-04-05 07:30:00,B38 A,154.0,10.06,15.31,5.46,2.14,23.0
27,2026-04-05,SN229,2026-04-05 10:04:00,2026-04-05 10:26:00,22.0,2026-04-05 10:41:00,2026-04-05 11:10:00,B31 A,120.0,11.96,10.03,5.46,1.97,29.0
27,2026-04-05,SN278,2026-04-05 10:45:00,2026-04-05 10:42:00,-3.0,2026-04-05 11:04:00,2026-04-05 11:16:00,B28 A,198.0,9.84,20.12,5.15,1.55,12.0
27,2026-04-05,SN2900,2026-04-05 10:44:00,2026-04-05 11:04:00,20.0,2026-04-05 11:13:00,2026-04-05 11:34:00,B32 A,49.0,11.29,4.34,4.79,2.02,21.0
27,2026-04-05,SN3326,2026-04-05 11:24:00,2026-04-05 11:41:00,17.0,2026-04-05 12:06:00,2026-04-05 12:12:00,B14 A,111.0,14.54,7.63,5.07,1.31,6.0
27,2026-04-05,SN358,2026-04-05 08:21:00,2026-04-05 08:24:00,3.0,2026-04-05 08:42:00,2026-04-05 09:09:00,B14 A,112.0,13.82,8.1,4.3,1.55,27.0
27,2026-04-05,SN379,2026-04-05 08:11:00,2026-04-05 08:40:00,29.0,2026-04-05 08:59:00,2026-04-05 09:27:00,B28 A,76.0,16.23,4.68,3.59,2.23,28.0
27,2026-04-05,SN3800,2026-04-05 06:15:00,2026-04-05 06:16:00,1.0,2026-04-05 06:28:00,2026-04-05 06:30:00,A65 ,27.0,12.77,2.11,3.14,2.66,2.0
27,2026-04-05,TB1552,2026-04-05 07:47:00,2026-04-05 07:43:00,-4.0,2026-04-05 07:55:00,2026-04-05 07:59:00,A68 ,66.0,13.2,5.0,6.59,1.26,4.0
27,2026-04-05,TB2632,2026-04-05 09:29:00,2026-04-05 09:09:00,-20.0,2026-04-05 09:35:00,2026-04-05 09:44:00,B9  A,114.0,12.34,9.24,3.71,2.25,9.0
27,2026-04-05,TB2662,2026-04-05 09:15:00,2026-04-05 09:04:00,-11.0,2026-04-05 09:22:00,2026-04-05 09:30:00,B34 A,90.0,10.51,8.56,4.05,2.55,8.0
27,2026-04-05,TG934,2026-04-05 09:21:00,2026-04-05 09:16:00,-5.0,2026-04-05 09:38:00,2026-04-05 09:58:00,B38 A,249.0,14.59,17.07,3.81,3.06,20.0
27,2026-04-05,UA950,2026-04-05 08:20:00,2026-04-05 08:20:00,0.0,2026-04-05 08:36:00,2026-04-05 09:25:00,B38 A,176.0,16.36,10.76,5.84,2.0,49.0
27,2026-04-05,UA994,2026-04-05 08:51:00,2026-04-05 08:32:00,-19.0,2026-04-05 08:52:00,2026-04-05 09:25:00,B40 A,171.0,12.57,13.6,4.22,2.94,33.0
27,2026-04-05,XR5402,2026-04-05 07:46:00,2026-04-05 08:56:00,70.0,2026-04-05 09:23:00,2026-04-05 09:26:00,B5  A,88.0,13.28,6.62,4.76,1.75,3.0
28,2026-04-05,AC832,2026-04-05 11:16:00,2026-04-05 10:39:00,-37.0,2026-04-05 10:54:00,2026-04-05 11:24:00,B5  A,101.0,14.74,6.85,4.37,1.91,30.0
28,2026-04-05,ET750,2026-04-05 11:13:00,2026-04-05 11:34:00,21.0,2026-04-05 12:17:00,2026-04-05 13:03:00,B17 A,464.0,12.18,38.1,4.15,2.03,46.0
28,2026-04-05,FH8116,2026-04-05 12:44:00,2026-04-05 12:48:00,4.0,2026-04-05 13:06:00,2026-04-05 13:13:00,B38 A,140.0,14.04,9.97,5.15,2.26,7.0
28,2026-04-05,LH1004,2026-04-05 09:50:00,2026-04-05 09:53:00,3.0,2026-04-05 10:20:00,2026-04-05 10:27:00,A43 ,33.0,8.95,3.69,5.23,1.59,7.0
28,2026-04-05,SN1122,2026-04-05 08:39:00,2026-04-05 09:08:00,29.0,2026-04-05 09:20:00,2026-04-05 09:21:00,B40 A,13.0,9.73,1.34,4.5,2.76,1.0
28,2026-04-05,SN1124,2026-04-05 07:10:00,2026-04-05 07:19:00,9.0,2026-04-05 07:32:00,2026-04-05 07:48:00,B30 A,138.0,12.7,10.87,4.74,1.88,16.0
28,2026-04-05,SN206,2026-04-05 06:25:00,2026-04-05 06:48:00,23.0,2026-04-05 07:07:00,2026-04-05 07:30:00,B38 A,154.0,12.92,11.92,5.57,2.1,23.0
28,2026-04-05,SN229,2026-04-05 08:06:00,2026-04-05 09:20:00,74.0,2026-04-05 09:41:00,2026-04-05 10:22:00,B14 A,144.0,11.53,12.48,5.77,1.16,41.0
28,2026-04-05,SN278,2026-04-05 12:46:00,2026-04-05 12:41:00,-5.0,2026-04-05 13:04:00,2026-04-05 13:33:00,B31 A,62.0,11.59,5.35,5.23,2.06,29.0
28,2026-04-05,SN2900,2026-04-05 10:44:00,2026-04-05 11:04:00,20.0,2026-04-05 11:13:00,2026-04-05 11:34:00,B32 A,49.0,12.63,3.88,5.31,1.82,21.0
28,2026-04-05,SN3326,2026-04-05 11:24:00,2026-04-05 11:41:00,17.0,2026-04-05 12:06:00,2026-04-05 12:12:00,B14 A,111.0,12.67,8.76,4.61,1.45,6.0
28,2026-04-05,SN358,2026-04-05 08:21:00,2026-04-05 08:24:00,3.0,2026-04-05 08:42:00,2026-04-05 09:09:00,B14 A,112.0,13.08,8.56,5.3,1.26,27.0
28,2026-04-05,SN379,2026-04-05 10:10:00,2026-04-05 11:03:00,53.0,2026-04-05 11:42:00,2026-04-05 12:19:00,B29 A,161.0,12.49,12.89,3.56,2.76,37.0
28,2026-04-05,SN3800,2026-04-05 06:15:00,2026-04-05 06:16:00,1.0,2026-04-05 06:28:00,2026-04-05 06:30:00,A65 ,27.0,15.45,1.75,5.35,1.56,2.0
28,2026-04-05,TB1552,2026-04-05 10:15:00,2026-04-05 10:31:00,16.0,2026-04-05 10:50:00,2026-04-05 10:59:00,A69 ,164.0,13.06,12.56,4.92,1.69,9.0
28,2026-04-05,TB2632,2026-04-05 09:29:00,2026-04-05 09:09:00,-20.0,2026-04-05 09:35:00,2026-04-05 09:44:00,B9  A,114.0,12.74,8.95,4.22,1.97,9.0
28,2026-04-05,TB2662,2026-04-05 09:15:00,2026-04-05 09:04:00,-11.0,2026-04-05 09:22:00,2026-04-05 09:30:00,B34 A,90.0,8.48,10.61,5.09,2.03,8.0
28,2026-04-05,TG934,2026-04-05 09:21:00,2026-04-05 09:16:00,-5.0,2026-04-05 09:38:00,2026-04-05 09:58:00,B38 A,249.0,15.37,16.2,4.44,2.63,20.0
28,2026-04-05,UA950,2026-04-05 09:21:00,2026-04-05 08:45:00,-36.0,2026-04-05 09:03:00,2026-04-05 09:29:00,B5  A,163.0,11.58,14.07,4.14,2.01,26.0
28,2026-04-05,UA994,2026-04-05 09:51:00,2026-04-05 11:28:00,97.0,2026-04-05 11:44:00,2026-04-05 12:09:00,B40 A,135.0,13.61,9.92,5.01,2.48,25.0
28,2026-04-05,XR5402,2026-04-05 07:46:00,2026-04-05 08:56:00,70.0,2026-04-05 09:23:00,2026-04-05 09:26:00,B5  A,88.0,11.59,7.59,5.5,1.52,3.0
29,2026-04-05,AC832,2026-04-05 08:17:00,2026-04-05 07:46:00,-31.0,2026-04-05 08:02:00,2026-04-05 08:29:00,B30 A,122.0,8.76,13.93,5.33,1.67,27.0
29,2026-04-05,ET750,2026-04-05 11:13:00,2026-04-05 11:34:00,21.0,2026-04-05 12:17:00,2026-04-05 13:03:00,B17 A,464.0,12.22,37.98,4.17,2.02,46.0
29,2026-04-05,FH8116,2026-04-05 12:44:00,2026-04-05 12:48:00,4.0,2026-04-05 13:06:00,2026-04-05 13:13:00,B38 A,140.0,11.4,12.28,4.3,2.71,7.0
29,2026-04-05,LH1004,2026-04-05 08:50:00,2026-04-05 08:53:00,3.0,2026-04-05 09:06:00,2026-04-05 09:12:00,A43 ,29.0,11.03,2.63,4.37,1.91,6.0
29,2026-04-05,SN1122,2026-04-05 08:39:00,2026-04-05 09:08:00,29.0,2026-04-05 09:20:00,2026-04-05 09:21:00,B40 A,13.0,14.12,0.92,4.18,2.97,1.0
29,2026-04-05,SN1124,2026-04-05 07:10:00,2026-04-05 07:19:00,9.0,2026-04-05 07:32:00,2026-04-05 07:48:00,B30 A,138.0,13.73,10.05,4.63,1.93,16.0
29,2026-04-05,SN206,2026-04-05 06:25:00,2026-04-05 06:48:00,23.0,2026-04-05 07:07:00,2026-04-05 07:30:00,B38 A,154.0,13.61,11.31,4.09,2.85,23.0
29,2026-04-05,SN229,2026-04-05 12:06:00,2026-04-05 12:12:00,6.0,2026-04-05 12:39:00,2026-04-05 13:03:00,B28 A,20.0,11.77,1.7,5.79,1.38,24.0
29,2026-04-05,SN278,2026-04-05 10:45:00,2026-04-05 10:42:00,-3.0,2026-04-05 11:04:00,2026-04-05 11:16:00,B28 A,198.0,12.14,16.31,4.87,1.64,12.0
29,2026-04-05,SN2900,2026-04-05 08:46:00,2026-04-05 08:33:00,-13.0,2026-04-05 08:58:00,2026-04-05 09:02:00,B14 A,79.0,11.15,7.08,5.22,1.28,4.0
29,2026-04-05,SN3326,2026-04-05 11:24:00,2026-04-05 11:41:00,17.0,2026-04-05 12:06:00,2026-04-05 12:12:00,B14 A,111.0,10.17,10.92,3.78,1.77,6.0
29,2026-04-05,SN358,2026-04-05 08:21:00,2026-04-05 08:24:00,3.0,2026-04-05 08:42:00,2026-04-05 09:09:00,B14 A,112.0,12.15,9.22,5.99,1.11,27.0
29,2026-04-05,SN379,2026-04-05 10:10:00,2026-04-05 11:03:00,53.0,2026-04-05 11:42:00,2026-04-05 12:19:00,B29 A,161.0,16.92,9.52,4.43,2.22,37.0
29,2026-04-05,SN3800,2026-04-05 06:15:00,2026-04-05 06:16:00,1.0,2026-04-05 06:28:00,2026-04-05 06:30:00,A65 ,27.0,12.84,2.1,4.21,1.98,2.0
29,2026-04-05,TB1552,2026-04-05 07:47:00,2026-04-05 07:43:00,-4.0,2026-04-05 07:55:00,2026-04-05 07:59:00,A68 ,66.0,13.63,4.84,5.13,1.62,4.0
29,2026-04-05,TB2632,2026-04-05 09:29:00,2026-04-05 09:09:00,-20.0,2026-04-05 09:35:00,2026-04-05 09:44:00,B9  A,114.0,15.49,7.36,4.71,1.77,9.0
29,2026-04-05,TB2662,2026-04-05 09:15:00,2026-04-05 09:04:00,-11.0,2026-04-05 09:22:00,2026-04-05 09:30:00,B34 A,90.0,11.56,7.78,4.07,2.54,8.0
29,2026-04-05,TG934,2026-04-05 09:21:00,2026-04-05 09:16:00,-5.0,2026-04-05 09:38:00,2026-04-05 09:58:00,B38 A,249.0,15.56,16.0,4.63,2.52,20.0
29,2026-04-05,UA950,2026-04-05 08:20:00,2026-04-05 08:20:00,0.0,2026-04-05 08:36:00,2026-04-05 09:25:00,B38 A,176.0,14.27,12.34,4.72,2.47,49.0
29,2026-04-05,UA994,2026-04-05 12:51:00,2026-04-05 12:35:00,-16.0,2026-04-05 12:54:00,2026-04-05 13:24:00,B38 A,109.0,13.06,8.35,5.02,2.32,30.0
29,2026-04-05,XR5402,2026-04-05 07:46:00,2026-04-05 08:56:00,70.0,2026-04-05 09:23:00,2026-04-05 09:26:00,B5  A,88.0,12.84,6.86,4.77,1.75,3.0
30,2026-04-05,AC832,2026-04-05 12:18:00,2026-04-05 11:38:00,-40.0,2026-04-05 11:54:00,2026-04-05 12:17:00,B30 A,100.0,15.33,6.52,4.95,1.8,23.0
30,2026-04-05,ET750,2026-04-05 11:13:00,2026-04-05 11:34:00,21.0,2026-04-05 12:17:00,2026-04-05 13:03:00,B17 A,464.0,13.04,35.57,7.24,1.16,46.0
30,2026-04-05,FH8116,2026-04-05 06:35:00,2026-04-05 06:00:00,-35.0,2026-04-05 06:07:00,2026-04-05 06:09:00,B15 A,22.0,12.72,1.73,5.23,1.48,2.0
30,2026-04-05,LH1004,2026-04-05 12:50:00,2026-04-05 12:50:00,0.0,2026-04-05 13:03:00,2026-04-05 13:30:00,A43 ,40.0,8.13,4.92,5.5,1.51,27.0
30,2026-04-05,SN1122,2026-04-05 08:39:00,2026-04-05 09:08:00,29.0,2026-04-05 09:20:00,2026-04-05 09:21:00,B40 A,13.0,13.52,0.96,5.02,2.47,1.0
30,2026-04-05,SN1124,2026-04-05 07:10:00,2026-04-05 07:19:00,9.0,2026-04-05 07:32:00,2026-04-05 07:48:00,B30 A,138.0,12.69,10.88,4.23,2.11,16.0
30,2026-04-05,SN206,2026-04-05 06:25:00,2026-04-05 06:48:00,23.0,2026-04-05 07:07:00,2026-04-05 07:30:00,B38 A,154.0,10.63,14.49,5.38,2.17,23.0
30,2026-04-05,SN229,2026-04-05 08:06:00,2026-04-05 09:20:00,74.0,2026-04-05 09:41:00,2026-04-05 10:22:00,B14 A,144.0,11.13,12.94,4.96,1.35,41.0
30,2026-04-05,SN278,2026-04-05 12:46:00,2026-04-05 12:41:00,-5.0,2026-04-05 13:04:00,2026-04-05 13:33:00,B31 A,62.0,11.15,5.56,5.08,2.12,29.0
30,2026-04-05,SN2900,2026-04-05 08:46:00,2026-04-05 08:33:00,-13.0,2026-04-05 08:58:00,2026-04-05 09:02:00,B14 A,79.0,15.29,5.17,3.51,1.9,4.0
30,2026-04-05,SN3326,2026-04-05 07:45:00,2026-04-05 08:05:00,20.0,2026-04-05 08:16:00,2026-04-05 08:36:00,B28 A,123.0,14.13,8.7,5.62,1.42,20.0
30,2026-04-05,SN358,2026-04-05 12:21:00,2026-04-05 12:23:00,2.0,2026-04-05 12:43:00,2026-04-05 13:14:00,B28 A,176.0,14.94,11.78,4.87,1.64,31.0
30,2026-04-05,SN379,2026-04-05 10:10:00,2026-04-05 11:03:00,53.0,2026-04-05 11:42:00,2026-04-05 12:19:00,B29 A,161.0,12.11,13.29,5.2,1.89,37.0
30,2026-04-05,SN3800,2026-04-05 06:15:00,2026-04-05 06:16:00,1.0,2026-04-05 06:28:00,2026-04-05 06:30:00,A65 ,27.0,14.44,1.87,4.51,1.85,2.0
30,2026-04-05,TB1552,2026-04-05 07:47:00,2026-04-05 07:43:00,-4.0,2026-04-05 07:55:00,2026-04-05 07:59:00,A68 ,66.0,13.49,4.89,6.74,1.24,4.0
30,2026-04-05,TB2632,2026-04-05 09:29:00,2026-04-05 09:09:00,-20.0,2026-04-05 09:35:00,2026-04-05 09:44:00,B9  A,114.0,9.66,11.8,5.63,1.48,9.0
30,2026-04-05,TB2662,2026-04-05 09:15:00,2026-04-05 09:04:00,-11.0,2026-04-05 09:22:00,2026-04-05 09:30:00,B34 A,90.0,11.56,7.78,4.95,2.09,8.0
30,2026-04-05,TG934,2026-04-05 12:22:00,2026-04-05 12:26:00,4.0,2026-04-05 12:46:00,2026-04-05 13:15:00,B34 A,260.0,14.65,17.74,4.83,2.14,29.0
30,2026-04-05,UA950,2026-04-05 10:20:00,2026-04-05 09:58:00,-22.0,2026-04-05 10:24:00,2026-04-05 10:51:00,B40 A,188.0,13.11,14.34,5.1,2.44,27.0
30,2026-04-05,UA994,2026-04-05 09:51:00,2026-04-05 11:28:00,97.0,2026-04-05 11:44:00,2026-04-05 12:09:00,B40 A,135.0,13.82,9.77,5.43,2.29,25.0
30,2026-04-05,XR5402,2026-04-05 07:46:00,2026-04-05 08:56:00,70.0,2026-04-05 09:23:00,2026-04-05 09:26:00,B5  A,88.0,10.1,8.72,5.12,1.63,3.0
31,2026-04-05,AC832,2026-04-05 09:18:00,2026-04-05 08:45:00,-33.0,2026-04-05 09:06:00,2026-04-05 09:59:00,B28 A,110.0,9.52,11.56,4.17,1.92,53.0
31,2026-04-05,ET750,2026-04-05 11:13:00,2026-04-05 11:34:00,21.0,2026-04-05 12:17:00,2026-04-05 13:03:00,B17 A,464.0,11.31,41.01,4.71,1.79,46.0
31,2026-04-05,FH8116,2026-04-05 12:44:00,2026-04-05 12:48:00,4.0,2026-04-05 13:06:00,2026-04-05 13:13:00,B38 A,140.0,10.58,13.23,4.31,2.7,7.0
31,2026-04-05,LH1004,2026-04-05 08:50:00,2026-04-05 08:53:00,3.0,2026-04-05 09:06:00,2026-04-05 09:12:00,A43 ,29.0,15.06,1.93,4.05,2.06,6.0
31,2026-04-05,SN1122,2026-04-05 08:39:00,2026-04-05 09:08:00,29.0,2026-04-05 09:20:00,2026-04-05 09:21:00,B40 A,13.0,10.5,1.24,5.04,2.46,1.0
31,2026-04-05,SN1124,2026-04-05 07:10:00,2026-04-05 07:19:00,9.0,2026-04-05 07:32:00,2026-04-05 07:48:00,B30 A,138.0,12.32,11.21,5.53,1.61,16.0
31,2026-04-05,SN206,2026-04-05 06:25:00,2026-04-05 06:48:00,23.0,2026-04-05 07:07:00,2026-04-05 07:30:00,B38 A,154.0,12.66,12.16,5.29,2.21,23.0
31,2026-04-05,SN229,2026-04-05 10:04:00,2026-04-05 10:26:00,22.0,2026-04-05 10:41:00,2026-04-05 11:10:00,B31 A,120.0,13.98,8.58,4.79,2.24,29.0
31,2026-04-05,SN278,2026-04-05 08:43:00,2026-04-05 08:27:00,-16.0,2026-04-05 08:40:00,2026-04-05 09:10:00,B37 A,123.0,12.07,10.19,5.11,2.38,30.0
31,2026-04-05,SN2900,2026-04-05 08:46:00,2026-04-05 08:33:00,-13.0,2026-04-05 08:58:00,2026-04-05 09:02:00,B14 A,79.0,10.8,7.32,3.86,1.73,4.0
31,2026-04-05,SN3326,2026-04-05 07:45:00,2026-04-05 08:05:00,20.0,2026-04-05 08:16:00,2026-04-05 08:36:00,B28 A,123.0,15.42,7.98,4.45,1.8,20.0
31,2026-04-05,SN358,2026-04-05 08:21:00,2026-04-05 08:24:00,3.0,2026-04-05 08:42:00,2026-04-05 09:09:00,B14 A,112.0,14.77,7.58,5.53,1.21,27.0
31,2026-04-05,SN379,2026-04-05 10:10:00,2026-04-05 11:03:00,53.0,2026-04-05 11:42:00,2026-04-05 12:19:00,B29 A,161.0,12.62,12.76,4.4,2.24,37.0
31,2026-04-05,SN3800,2026-04-05 06:15:00,2026-04-05 06:16:00,1.0,2026-04-05 06:28:00,2026-04-05 06:30:00,A65 ,27.0,11.02,2.45,5.01,1.66,2.0
31,2026-04-05,TB1552,2026-04-05 07:47:00,2026-04-05 07:43:00,-4.0,2026-04-05 07:55:00,2026-04-05 07:59:00,A68 ,66.0,13.15,5.02,4.74,1.76,4.0
31,2026-04-05,TB2632,2026-04-05 09:29:00,2026-04-05 09:09:00,-20.0,2026-04-05 09:35:00,2026-04-05 09:44:00,B9  A,114.0,16.2,7.04,4.81,1.73,9.0
31,2026-04-05,TB2662,2026-04-05 09:15:00,2026-04-05 09:04:00,-11.0,2026-04-05 09:22:00,2026-04-05 09:30:00,B34 A,90.0,9.84,9.15,6.29,1.64,8.0
31,2026-04-05,TG934,2026-04-05 12:22:00,2026-04-05 12:26:00,4.0,2026-04-05 12:46:00,2026-04-05 13:15:00,B34 A,260.0,16.9,15.39,4.25,2.43,29.0
31,2026-04-05,UA950,2026-04-05 12:20:00,2026-04-05 11:58:00,-22.0,2026-04-05 12:14:00,2026-04-05 12:42:00,B37 A,127.0,10.57,12.02,4.87,2.5,28.0
31,2026-04-05,UA994,2026-04-05 09:51:00,2026-04-05 11:28:00,97.0,2026-04-05 11:44:00,2026-04-05 12:09:00,B40 A,135.0,14.61,9.24,5.58,2.23,25.0
31,2026-04-05,XR5402,2026-04-05 07:46:00,2026-04-05 08:56:00,70.0,2026-04-05 09:23:00,2026-04-05 09:26:00,B5  A,88.0,10.56,8.33,3.91,2.13,3.0
32,2026-04-05,AC832,2026-04-05 08:17:00,2026-04-05 07:46:00,-31.0,2026-04-05 08:02:00,2026-04-05 08:29:00,B30 A,122.0,11.56,10.56,4.61,1.94,27.0
32,2026-04-05,ET750,2026-04-05 11:13:00,2026-04-05 11:34:00,21.0,2026-04-05 12:17:00,2026-04-05 13:03:00,B17 A,464.0,14.24,32.59,4.13,2.04,46.0
32,2026-04-05,FH8116,2026-04-05 12:44:00,2026-04-05 12:48:00,4.0,2026-04-05 13:06:00,2026-04-05 13:13:00,B38 A,140.0,9.71,14.42,3.51,3.32,7.0
32,2026-04-05,LH1004,2026-04-05 11:51:00,2026-04-05 11:47:00,-4.0,2026-04-05 12:07:00,2026-04-05 12:12:00,A43 ,23.0,11.53,2.0,5.52,1.51,5.0
32,2026-04-05,SN1122,2026-04-05 08:39:00,2026-04-05 09:08:00,29.0,2026-04-05 09:20:00,2026-04-05 09:21:00,B40 A,13.0,13.87,0.94,5.13,2.42,1.0
32,2026-04-05,SN1124,2026-04-05 07:10:00,2026-04-05 07:19:00,9.0,2026-04-05 07:32:00,2026-04-05 07:48:00,B30 A,138.0,13.37,10.32,5.57,1.6,16.0
32,2026-04-05,SN206,2026-04-05 06:25:00,2026-04-05 06:48:00,23.0,2026-04-05 07:07:00,2026-04-05 07:30:00,B38 A,154.0,15.07,10.22,4.75,2.46,23.0
32,2026-04-05,SN229,2026-04-05 10:04:00,2026-04-05 10:26:00,22.0,2026-04-05 10:41:00,2026-04-05 11:10:00,B31 A,120.0,15.09,7.95,5.09,2.11,29.0
32,2026-04-05,SN278,2026-04-05 08:43:00,2026-04-05 08:27:00,-16.0,2026-04-05 08:40:00,2026-04-05 09:10:00,B37 A,123.0,12.63,9.74,4.8,2.53,30.0
32,2026-04-05,SN2900,2026-04-05 10:44:00,2026-04-05 11:04:00,20.0,2026-04-05 11:13:00,2026-04-05 11:34:00,B32 A,49.0,12.05,4.07,3.78,2.56,21.0
32,2026-04-05,SN3326,2026-04-05 11:24:00,2026-04-05 11:41:00,17.0,2026-04-05 12:06:00,2026-04-05 12:12:00,B14 A,111.0,15.59,7.12,4.37,1.53,6.0
32,2026-04-05,SN358,2026-04-05 12:21:00,2026-04-05 12:23:00,2.0,2026-04-05 12:43:00,2026-04-05 13:14:00,B28 A,176.0,13.63,12.92,4.33,1.85,31.0
32,2026-04-05,SN379,2026-04-05 10:10:00,2026-04-05 11:03:00,53.0,2026-04-05 11:42:00,2026-04-05 12:19:00,B29 A,161.0,14.15,11.38,4.74,2.07,37.0
32,2026-04-05,SN3800,2026-04-05 06:15:00,2026-04-05 06:16:00,1.0,2026-04-05 06:28:00,2026-04-05 06:30:00,A65 ,27.0,15.88,1.7,4.3,1.94,2.0
32,2026-04-05,TB1552,2026-04-05 08:29:00,2026-04-05 08:25:00,-4.0,2026-04-05 08:46:00,2026-04-05 08:54:00,A61 ,166.0,14.55,11.41,4.68,1.78,8.0
32,2026-04-05,TB2632,2026-04-05 09:29:00,2026-04-05 09:09:00,-20.0,2026-04-05 09:35:00,2026-04-05 09:44:00,B9  A,114.0,12.16,9.37,5.72,1.46,9.0
32,2026-04-05,TB2662,2026-04-05 09:15:00,2026-04-05 09:04:00,-11.0,2026-04-05 09:22:00,2026-04-05 09:30:00,B34 A,90.0,13.57,6.63,4.75,2.17,8.0
32,2026-04-05,TG934,2026-04-05 09:21:00,2026-04-05 09:16:00,-5.0,2026-04-05 09:38:00,2026-04-05 09:58:00,B38 A,249.0,12.95,19.22,6.51,1.79,20.0
32,2026-04-05,UA950,2026-04-05 12:20:00,2026-04-05 11:58:00,-22.0,2026-04-05 12:14:00,2026-04-05 12:42:00,B37 A,127.0,13.16,9.65,4.79,2.54,28.0
32,2026-04-05,UA994,2026-04-05 08:51:00,2026-04-05 08:32:00,-19.0,2026-04-05 08:52:00,2026-04-05 09:25:00,B40 A,171.0,11.98,14.27,6.33,1.96,33.0
32,2026-04-05,XR5402,2026-04-05 07:46:00,2026-04-05 08:56:00,70.0,2026-04-05 09:23:00,2026-04-05 09:26:00,B5  A,88.0,13.86,6.35,7.9,1.05,3.0
33,2026-04-05,AC832,2026-04-05 10:17:00,2026-04-05 10:43:00,26.0,2026-04-05 11:00:00,2026-04-05 11:34:00,B14 A,172.0,13.09,13.14,4.99,1.34,34.0
33,2026-04-05,ET750,2026-04-05 09:11:00,2026-04-05 09:13:00,2.0,2026-04-05 09:42:00,2026-04-05 10:46:00,B40 A,421.0,16.26,25.9,4.49,2.77,64.0
33,2026-04-05,FH8116,2026-04-05 06:35:00,2026-04-05 06:00:00,-35.0,2026-04-05 06:07:00,2026-04-05 06:09:00,B15 A,22.0,12.89,1.71,4.88,1.58,2.0
33,2026-04-05,LH1004,2026-04-05 09:50:00,2026-04-05 09:53:00,3.0,2026-04-05 10:20:00,2026-04-05 10:27:00,A43 ,33.0,13.19,2.5,4.99,1.67,7.0
33,2026-04-05,SN1122,2026-04-05 08:39:00,2026-04-05 09:08:00,29.0,2026-04-05 09:20:00,2026-04-05 09:21:00,B40 A,13.0,13.12,0.99,4.29,2.89,1.0
33,2026-04-05,SN1124,2026-04-05 07:10:00,2026-04-05 07:19:00,9.0,2026-04-05 07:32:00,2026-04-05 07:48:00,B30 A,138.0,12.73,10.84,4.79,1.86,16.0
33,2026-04-05,SN206,2026-04-05 06:25:00,2026-04-05 06:48:00,23.0,2026-04-05 07:07:00,2026-04-05 07:30:00,B38 A,154.0,15.62,9.86,5.16,2.26,23.0
33,2026-04-05,SN229,2026-04-05 10:04:00,2026-04-05 10:26:00,22.0,2026-04-05 10:41:00,2026-04-05 11:10:00,B31 A,120.0,14.95,8.03,4.15,2.59,29.0
33,2026-04-05,SN278,2026-04-05 08:43:00,2026-04-05 08:27:00,-16.0,2026-04-05 08:40:00,2026-04-05 09:10:00,B37 A,123.0,15.26,8.06,4.81,2.53,30.0
33,2026-04-05,SN2900,2026-04-05 10:44:00,2026-04-05 11:04:00,20.0,2026-04-05 11:13:00,2026-04-05 11:34:00,B32 A,49.0,16.74,2.93,5.27,1.83,21.0
33,2026-04-05,SN3326,2026-04-05 07:45:00,2026-04-05 08:05:00,20.0,2026-04-05 08:16:00,2026-04-05 08:36:00,B28 A,123.0,15.95,7.71,5.18,1.54,20.0
33,2026-04-05,SN358,2026-04-05 08:21:00,2026-04-05 08:24:00,3.0,2026-04-05 08:42:00,2026-04-05 09:09:00,B14 A,112.0,11.57,9.68,5.33,1.25,27.0
33,2026-04-05,SN379,2026-04-05 08:11:00,2026-04-05 08:40:00,29.0,2026-04-05 08:59:00,2026-04-05 09:27:00,B28 A,76.0,14.99,5.07,5.41,1.48,28.0
33,2026-04-05,SN3800,2026-04-05 06:15:00,2026-04-05 06:16:00,1.0,2026-04-05 06:28:00,2026-04-05 06:30:00,A65 ,27.0,12.77,2.11,4.52,1.84,2.0
33,2026-04-05,TB1552,2026-04-05 07:15:00,2026-04-05 07:08:00,-7.0,2026-04-05 07:38:00,2026-04-05 07:45:00,A61 ,152.0,10.5,14.48,4.9,1.7,7.0
33,2026-04-05,TB2632,2026-04-05 09:29:00,2026-04-05 09:09:00,-20.0,2026-04-05 09:35:00,2026-04-05 09:44:00,B9  A,114.0,13.66,8.35,6.01,1.39,9.0
33,2026-04-05,TB2662,2026-04-05 09:15:00,2026-04-05 09:04:00,-11.0,2026-04-05 09:22:00,2026-04-05 09:30:00,B34 A,90.0,12.78,7.04,4.95,2.09,8.0
33,2026-04-05,TG934,2026-04-05 12:22:00,2026-04-05 12:26:00,4.0,2026-04-05 12:46:00,2026-04-05 13:15:00,B34 A,260.0,15.35,16.94,5.24,1.97,29.0
33,2026-04-05,UA950,2026-04-05 12:20:00,2026-04-05 11:58:00,-22.0,2026-04-05 12:14:00,2026-04-05 12:42:00,B37 A,127.0,12.3,10.33,4.51,2.7,28.0
33,2026-04-05,UA994,2026-04-05 09:51:00,2026-04-05 11:28:00,97.0,2026-04-05 11:44:00,2026-04-05 12:09:00,B40 A,135.0,11.87,11.38,5.25,2.36,25.0
33,2026-04-05,XR5402,2026-04-05 07:46:00,2026-04-05 08:56:00,70.0,2026-04-05 09:23:00,2026-04-05 09:26:00,B5  A,88.0,12.44,7.07,4.8,1.74,3.0
34,2026-04-05,AC832,2026-04-05 11:16:00,2026-04-05 10:39:00,-37.0,2026-04-05 10:54:00,2026-04-05 11:24:00,B5  A,101.0,12.29,8.22,5.23,1.59,30.0
34,2026-04-05,ET750,2026-04-05 11:13:00,2026-04-05 11:34:00,21.0,2026-04-05 12:17:00,2026-04-05 13:03:00,B17 A,464.0,13.38,34.67,5.43,1.55,46.0
34,2026-04-05,FH8116,2026-04-05 12:44:00,2026-04-05 12:48:00,4.0,2026-04-05 13:06:00,2026-04-05 13:13:00,B38 A,140.0,11.42,12.25,5.87,1.99,7.0
34,2026-04-05,LH1004,2026-04-05 08:50:00,2026-04-05 08:53:00,3.0,2026-04-05 09:06:00,2026-04-05 09:12:00,A43 ,29.0,12.79,2.27,6.12,1.36,6.0
34,2026-04-05,SN1122,2026-04-05 08:39:00,2026-04-05 09:08:00,29.0,2026-04-05 09:20:00,2026-04-05 09:21:00,B40 A,13.0,14.23,0.91,5.11,2.43,1.0
34,2026-04-05,SN1124,2026-04-05 07:10:00,2026-04-05 07:19:00,9.0,2026-04-05 07:32:00,2026-04-05 07:48:00,B30 A,138.0,13.19,10.46,5.46,1.63,16.0
34,2026-04-05,SN206,2026-04-05 06:25:00,2026-04-05 06:48:00,23.0,2026-04-05 07:07:00,2026-04-05 07:30:00,B38 A,154.0,12.02,12.81,4.34,2.69,23.0
34,2026-04-05,SN229,2026-04-05 12:06:00,2026-04-05 12:12:00,6.0,2026-04-05 12:39:00,2026-04-05 13:03:00,B28 A,20.0,13.95,1.43,5.7,1.4,24.0
34,2026-04-05,SN278,2026-04-05 08:43:00,2026-04-05 08:27:00,-16.0,2026-04-05 08:40:00,2026-04-05 09:10:00,B37 A,123.0,12.21,10.08,6.56,1.85,30.0
34,2026-04-05,SN2900,2026-04-05 10:44:00,2026-04-05 11:04:00,20.0,2026-04-05 11:13:00,2026-04-05 11:34:00,B32 A,49.0,13.0,3.77,3.57,2.71,21.0
34,2026-04-05,SN3326,2026-04-05 11:24:00,2026-04-05 11:41:00,17.0,2026-04-05 12:06:00,2026-04-05 12:12:00,B14 A,111.0,14.17,7.83,4.96,1.34,6.0
34,2026-04-05,SN358,2026-04-05 08:21:00,2026-04-05 08:24:00,3.0,2026-04-05 08:42:00,2026-04-05 09:09:00,B14 A,112.0,14.2,7.89,4.9,1.36,27.0
34,2026-04-05,SN379,2026-04-05 10:10:00,2026-04-05 11:03:00,53.0,2026-04-05 11:42:00,2026-04-05 12:19:00,B29 A,161.0,13.47,11.95,5.79,1.7,37.0
34,2026-04-05,SN3800,2026-04-05 06:15:00,2026-04-05 06:16:00,1.0,2026-04-05 06:28:00,2026-04-05 06:30:00,A65 ,27.0,12.54,2.15,4.78,1.74,2.0
34,2026-04-05,TB1552,2026-04-05 07:15:00,2026-04-05 07:08:00,-7.0,2026-04-05 07:38:00,2026-04-05 07:45:00,A61 ,152.0,14.93,10.18,4.96,1.68,7.0
34,2026-04-05,TB2632,2026-04-05 09:29:00,2026-04-05 09:09:00,-20.0,2026-04-05 09:35:00,2026-04-05 09:44:00,B9  A,114.0,13.97,8.16,6.63,1.26,9.0
34,2026-04-05,TB2662,2026-04-05 09:15:00,2026-04-05 09:04:00,-11.0,2026-04-05 09:22:00,2026-04-05 09:30:00,B34 A,90.0,11.15,8.07,4.33,2.39,8.0
34,2026-04-05,TG934,2026-04-05 12:22:00,2026-04-05 12:26:00,4.0,2026-04-05 12:46:00,2026-04-05 13:15:00,B34 A,260.0,16.26,15.99,5.6,1.85,29.0
34,2026-04-05,UA950,2026-04-05 10:20:00,2026-04-05 09:58:00,-22.0,2026-04-05 10:24:00,2026-04-05 10:51:00,B40 A,188.0,13.63,13.79,4.38,2.84,27.0
34,2026-04-05,UA994,2026-04-05 09:51:00,2026-04-05 11:28:00,97.0,2026-04-05 11:44:00,2026-04-05 12:09:00,B40 A,135.0,13.19,10.23,4.43,2.8,25.0
34,2026-04-05,XR5402,2026-04-05 07:46:00,2026-04-05 08:56:00,70.0,2026-04-05 09:23:00,2026-04-05 09:26:00,B5  A,88.0,11.35,7.75,5.58,1.49,3.0
35,2026-04-05,AC832,2026-04-05 09:18:00,2026-04-05 08:45:00,-33.0,2026-04-05 09:06:00,2026-04-05 09:59:00,B28 A,110.0,10.72,10.26,4.29,1.86,53.0
35,2026-04-05,ET750,2026-04-05 11:13:00,2026-04-05 11:34:00,21.0,2026-04-05 12:17:00,2026-04-05 13:03:00,B17 A,464.0,11.7,39.67,7.15,1.18,46.0
35,2026-04-05,FH8116,2026-04-05 06:35:00,2026-04-05 06:00:00,-35.0,2026-04-05 06:07:00,2026-04-05 06:09:00,B15 A,22.0,11.11,1.98,7.58,1.02,2.0
35,2026-04-05,LH1004,2026-04-05 12:50:00,2026-04-05 12:50:00,0.0,2026-04-05 13:03:00,2026-04-05 13:30:00,A43 ,40.0,12.43,3.22,4.11,2.03,27.0
35,2026-04-05,SN1122,2026-04-05 08:39:00,2026-04-05 09:08:00,29.0,2026-04-05 09:20:00,2026-04-05 09:21:00,B40 A,13.0,11.03,1.18,4.84,2.57,1.0
35,2026-04-05,SN1124,2026-04-05 07:10:00,2026-04-05 07:19:00,9.0,2026-04-05 07:32:00,2026-04-05 07:48:00,B30 A,138.0,12.78,10.8,6.04,1.48,16.0
35,2026-04-05,SN206,2026-04-05 06:25:00,2026-04-05 06:48:00,23.0,2026-04-05 07:07:00,2026-04-05 07:30:00,B38 A,154.0,14.08,10.94,4.51,2.59,23.0
35,2026-04-05,SN229,2026-04-05 12:06:00,2026-04-05 12:12:00,6.0,2026-04-05 12:39:00,2026-04-05 13:03:00,B28 A,20.0,11.53,1.73,4.62,1.73,24.0
35,2026-04-05,SN278,2026-04-05 10:45:00,2026-04-05 10:42:00,-3.0,2026-04-05 11:04:00,2026-04-05 11:16:00,B28 A,198.0,12.47,15.88,5.86,1.37,12.0
35,2026-04-05,SN2900,2026-04-05 07:39:00,2026-04-05 07:25:00,-14.0,2026-04-05 07:38:00,2026-04-05 07:53:00,B38 A,55.0,12.2,4.51,6.28,1.86,15.0
35,2026-04-05,SN3326,2026-04-05 11:24:00,2026-04-05 11:41:00,17.0,2026-04-05 12:06:00,2026-04-05 12:12:00,B14 A,111.0,12.75,8.71,5.67,1.18,6.0
35,2026-04-05,SN358,2026-04-05 12:21:00,2026-04-05 12:23:00,2.0,2026-04-05 12:43:00,2026-04-05 13:14:00,B28 A,176.0,11.28,15.6,5.05,1.58,31.0
35,2026-04-05,SN379,2026-04-05 08:11:00,2026-04-05 08:40:00,29.0,2026-04-05 08:59:00,2026-04-05 09:27:00,B28 A,76.0,15.44,4.92,4.46,1.8,28.0
35,2026-04-05,SN3800,2026-04-05 06:15:00,2026-04-05 06:16:00,1.0,2026-04-05 06:28:00,2026-04-05 06:30:00,A65 ,27.0,12.28,2.2,4.74,1.76,2.0
35,2026-04-05,TB1552,2026-04-05 08:29:00,2026-04-05 08:25:00,-4.0,2026-04-05 08:46:00,2026-04-05 08:54:00,A61 ,166.0,14.48,11.47,5.04,1.65,8.0
35,2026-04-05,TB2632,2026-04-05 09:29:00,2026-04-05 09:09:00,-20.0,2026-04-05 09:35:00,2026-04-05 09:44:00,B9  A,114.0,13.43,8.49,5.11,1.63,9.0
35,2026-04-05,TB2662,2026-04-05 09:15:00,2026-04-05 09:04:00,-11.0,2026-04-05 09:22:00,2026-04-05 09:30:00,B34 A,90.0,15.7,5.73,5.3,1.95,8.0
35,2026-04-05,TG934,2026-04-05 09:21:00,2026-04-05 09:16:00,-5.0,2026-04-05 09:38:00,2026-04-05 09:58:00,B38 A,249.0,13.54,18.39,4.5,2.59,20.0
35,2026-04-05,UA950,2026-04-05 11:22:00,2026-04-05 11:02:00,-20.0,2026-04-05 11:22:00,2026-04-05 11:45:00,B28 A,170.0,13.09,12.99,5.78,1.38,23.0
35,2026-04-05,UA994,2026-04-05 12:51:00,2026-04-05 12:35:00,-16.0,2026-04-05 12:54:00,2026-04-05 13:24:00,B38 A,109.0,13.82,7.89,5.42,2.15,30.0
35,2026-04-05,XR5402,2026-04-05 07:46:00,2026-04-05 08:56:00,70.0,2026-04-05 09:23:00,2026-04-05 09:26:00,B5  A,88.0,15.97,5.51,5.57,1.5,3.0
36,2026-04-05,AC832,2026-04-05 11:16:00,2026-04-05 10:39:00,-37.0,2026-04-05 10:54:00,2026-04-05 11:24:00,B5  A,101.0,13.08,7.72,6.08,1.37,30.0
36,2026-04-05,ET750,2026-04-05 11:13:00,2026-04-05 11:34:00,21.0,2026-04-05 12:17:00,2026-04-05 13:03:00,B17 A,464.0,12.95,35.83,4.44,1.89,46.0
36,2026-04-05,FH8116,2026-04-05 06:35:00,2026-04-05 06:00:00,-35.0,2026-04-05 06:07:00,2026-04-05 06:09:00,B15 A,22.0,13.73,1.6,6.79,1.14,2.0
36,2026-04-05,LH1004,2026-04-05 08:50:00,2026-04-05 08:53:00,3.0,2026-04-05 09:06:00,2026-04-05 09:12:00,A43 ,29.0,9.55,3.04,4.87,1.71,6.0
36,2026-04-05,SN1122,2026-04-05 08:39:00,2026-04-05 09:08:00,29.0,2026-04-05 09:20:00,2026-04-05 09:21:00,B40 A,13.0,10.18,1.28,4.54,2.74,1.0
36,2026-04-05,SN1124,2026-04-05 07:10:00,2026-04-05 07:19:00,9.0,2026-04-05 07:32:00,2026-04-05 07:48:00,B30 A,138.0,13.79,10.01,5.2,1.72,16.0
36,2026-04-05,SN206,2026-04-05 06:25:00,2026-04-05 06:48:00,23.0,2026-04-05 07:07:00,2026-04-05 07:30:00,B38 A,154.0,12.05,12.78,3.86,3.02,23.0
36,2026-04-05,SN229,2026-04-05 12:06:00,2026-04-05 12:12:00,6.0,2026-04-05 12:39:00,2026-04-05 13:03:00,B28 A,20.0,12.48,1.6,4.78,1.67,24.0
36,2026-04-05,SN278,2026-04-05 12:46:00,2026-04-05 12:41:00,-5.0,2026-04-05 13:04:00,2026-04-05 13:33:00,B31 A,62.0,15.72,3.94,4.74,2.27,29.0
36,2026-04-05,SN2900,2026-04-05 10:44:00,2026-04-05 11:04:00,20.0,2026-04-05 11:13:00,2026-04-05 11:34:00,B32 A,49.0,12.78,3.83,4.55,2.12,21.0
36,2026-04-05,SN3326,2026-04-05 11:24:00,2026-04-05 11:41:00,17.0,2026-04-05 12:06:00,2026-04-05 12:12:00,B14 A,111.0,10.8,10.28,5.33,1.25,6.0
36,2026-04-05,SN358,2026-04-05 08:21:00,2026-04-05 08:24:00,3.0,2026-04-05 08:42:00,2026-04-05 09:09:00,B14 A,112.0,12.93,8.66,4.13,1.61,27.0
36,2026-04-05,SN379,2026-04-05 08:11:00,2026-04-05 08:40:00,29.0,2026-04-05 08:59:00,2026-04-05 09:27:00,B28 A,76.0,12.38,6.14,3.21,2.5,28.0
36,2026-04-05,SN3800,2026-04-05 06:15:00,2026-04-05 06:16:00,1.0,2026-04-05 06:28:00,2026-04-05 06:30:00,A65 ,27.0,11.41,2.37,4.62,1.81,2.0
36,2026-04-05,TB1552,2026-04-05 07:47:00,2026-04-05 07:43:00,-4.0,2026-04-05 07:55:00,2026-04-05 07:59:00,A68 ,66.0,8.83,7.47,5.78,1.44,4.0
36,2026-04-05,TB2632,2026-04-05 09:29:00,2026-04-05 09:09:00,-20.0,2026-04-05 09:35:00,2026-04-05 09:44:00,B9  A,114.0,15.02,7.59,5.82,1.43,9.0
36,2026-04-05,TB2662,2026-04-05 09:15:00,2026-04-05 09:04:00,-11.0,2026-04-05 09:22:00,2026-04-05 09:30:00,B34 A,90.0,11.61,7.75,4.97,2.08,8.0
36,2026-04-05,TG934,2026-04-05 09:21:00,2026-04-05 09:16:00,-5.0,2026-04-05 09:38:00,2026-04-05 09:58:00,B38 A,249.0,12.71,19.59,5.11,2.28,20.0
36,2026-04-05,UA950,2026-04-05 09:21:00,2026-04-05 08:45:00,-36.0,2026-04-05 09:03:00,2026-04-05 09:29:00,B5  A,163.0,15.39,10.59,4.61,1.81,26.0
36,2026-04-05,UA994,2026-04-05 11:51:00,2026-04-05 11:37:00,-14.0,2026-04-05 11:55:00,2026-04-05 12:25:00,B40 A,157.0,12.21,12.85,4.4,2.83,30.0
36,2026-04-05,XR5402,2026-04-05 07:46:00,2026-04-05 08:56:00,70.0,2026-04-05 09:23:00,2026-04-05 09:26:00,B5  A,88.0,8.74,10.06,4.94,1.69,3.0
37,2026-04-05,AC832,2026-04-05 12:18:00,2026-04-05 11:38:00,-40.0,2026-04-05 11:54:00,2026-04-05 12:17:00,B30 A,100.0,13.99,7.15,5.26,1.7,23.0
37,2026-04-05,ET750,2026-04-05 09:11:00,2026-04-05 09:13:00,2.0,2026-04-05 09:42:00,2026-04-05 10:46:00,B40 A,421.0,16.51,25.5,3.7,3.35,64.0
37,2026-04-05,FH8116,2026-04-05 06:35:00,2026-04-05 06:00:00,-35.0,2026-04-05 06:07:00,2026-04-05 06:09:00,B15 A,22.0,11.03,1.99,4.59,1.68,2.0
37,2026-04-05,LH1004,2026-04-05 12:50:00,2026-04-05 12:50:00,0.0,2026-04-05 13:03:00,2026-04-05 13:30:00,A43 ,40.0,10.14,3.94,4.41,1.89,27.0
37,2026-04-05,SN1122,2026-04-05 08:39:00,2026-04-05 09:08:00,29.0,2026-04-05 09:20:00,2026-04-05 09:21:00,B40 A,13.0,10.95,1.19,5.51,2.25,1.0
37,2026-04-05,SN1124,2026-04-05 07:10:00,2026-04-05 07:19:00,9.0,2026-04-05 07:32:00,2026-04-05 07:48:00,B30 A,138.0,15.16,9.1,4.67,1.91,16.0
37,2026-04-05,SN206,2026-04-05 06:25:00,2026-04-05 06:48:00,23.0,2026-04-05 07:07:00,2026-04-05 07:30:00,B38 A,154.0,13.76,11.19,4.47,2.61,23.0
37,2026-04-05,SN229,2026-04-05 12:06:00,2026-04-05 12:12:00,6.0,2026-04-05 12:39:00,2026-04-05 13:03:00,B28 A,20.0,12.8,1.56,5.06,1.58,24.0
37,2026-04-05,SN278,2026-04-05 12:46:00,2026-04-05 12:41:00,-5.0,2026-04-05 13:04:00,2026-04-05 13:33:00,B31 A,62.0,15.73,3.94,5.84,1.84,29.0
37,2026-04-05,SN2900,2026-04-05 10:44:00,2026-04-05 11:04:00,20.0,2026-04-05 11:13:00,2026-04-05 11:34:00,B32 A,49.0,10.67,4.59,5.32,1.82,21.0
37,2026-04-05,SN3326,2026-04-05 11:24:00,2026-04-05 11:41:00,17.0,2026-04-05 12:06:00,2026-04-05 12:12:00,B14 A,111.0,12.06,9.2,5.24,1.27,6.0
37,2026-04-05,SN358,2026-04-05 08:21:00,2026-04-05 08:24:00,3.0,2026-04-05 08:42:00,2026-04-05 09:09:00,B14 A,112.0,13.28,8.44,5.01,1.33,27.0
37,2026-04-05,SN379,2026-04-05 08:11:00,2026-04-05 08:40:00,29.0,2026-04-05 08:59:00,2026-04-05 09:27:00,B28 A,76.0,12.31,6.17,5.15,1.55,28.0
37,2026-04-05,SN3800,2026-04-05 06:15:00,2026-04-05 06:16:00,1.0,2026-04-05 06:28:00,2026-04-05 06:30:00,A65 ,27.0,11.08,2.44,5.52,1.51,2.0
37,2026-04-05,TB1552,2026-04-05 07:47:00,2026-04-05 07:43:00,-4.0,2026-04-05 07:55:00,2026-04-05 07:59:00,A68 ,66.0,11.97,5.51,5.79,1.44,4.0
37,2026-04-05,TB2632,2026-04-05 09:29:00,2026-04-05 09:09:00,-20.0,2026-04-05 09:35:00,2026-04-05 09:44:00,B9  A,114.0,13.26,8.6,4.57,1.82,9.0
37,2026-04-05,TB2662,2026-04-05 09:15:00,2026-04-05 09:04:00,-11.0,2026-04-05 09:22:00,2026-04-05 09:30:00,B34 A,90.0,12.37,7.28,4.98,2.08,8.0
37,2026-04-05,TG934,2026-04-05 12:22:00,2026-04-05 12:26:00,4.0,2026-04-05 12:46:00,2026-04-05 13:15:00,B34 A,260.0,14.81,17.56,4.51,2.29,29.0
37,2026-04-05,UA950,2026-04-05 10:20:00,2026-04-05 09:58:00,-22.0,2026-04-05 10:24:00,2026-04-05 10:51:00,B40 A,188.0,16.96,11.09,4.66,2.67,27.0
37,2026-04-05,UA994,2026-04-05 10:51:00,2026-04-05 10:01:00,-50.0,2026-04-05 10:18:00,2026-04-05 10:42:00,B38 A,177.0,13.67,12.95,5.69,2.05,24.0
37,2026-04-05,XR5402,2026-04-05 07:46:00,2026-04-05 08:56:00,70.0,2026-04-05 09:23:00,2026-04-05 09:26:00,B5  A,88.0,12.68,6.94,4.28,1.95,3.0
38,2026-04-05,AC832,2026-04-05 08:17:00,2026-04-05 07:46:00,-31.0,2026-04-05 08:02:00,2026-04-05 08:29:00,B30 A,122.0,11.9,10.25,4.81,1.85,27.0
38,2026-04-05,ET750,2026-04-05 11:13:00,2026-04-05 11:34:00,21.0,2026-04-05 12:17:00,2026-04-05 13:03:00,B17 A,464.0,11.99,38.7,4.11,2.05,46.0
38,2026-04-05,FH8116,2026-04-05 12:44:00,2026-04-05 12:48:00,4.0,2026-04-05 13:06:00,2026-04-05 13:13:00,B38 A,140.0,14.07,9.95,4.47,2.61,7.0
38,2026-04-05,LH1004,2026-04-05 11:51:00,2026-04-05 11:47:00,-4.0,2026-04-05 12:07:00,2026-04-05 12:12:00,A43 ,23.0,8.93,2.58,5.46,1.53,5.0
38,2026-04-05,SN1122,2026-04-05 08:39:00,2026-04-05 09:08:00,29.0,2026-04-05 09:20:00,2026-04-05 09:21:00,B40 A,13.0,16.69,0.78,4.73,2.63,1.0
38,2026-04-05,SN1124,2026-04-05 07:10:00,2026-04-05 07:19:00,9.0,2026-04-05 07:32:00,2026-04-05 07:48:00,B30 A,138.0,13.47,10.24,4.2,2.12,16.0
38,2026-04-05,SN206,2026-04-05 06:25:00,2026-04-05 06:48:00,23.0,2026-04-05 07:07:00,2026-04-05 07:30:00,B38 A,154.0,12.05,12.78,5.11,2.28,23.0
38,2026-04-05,SN229,2026-04-05 12:06:00,2026-04-05 12:12:00,6.0,2026-04-05 12:39:00,2026-04-05 13:03:00,B28 A,20.0,15.32,1.31,5.2,1.54,24.0
38,2026-04-05,SN278,2026-04-05 12:46:00,2026-04-05 12:41:00,-5.0,2026-04-05 13:04:00,2026-04-05 13:33:00,B31 A,62.0,16.55,3.75,5.83,1.85,29.0
38,2026-04-05,SN2900,2026-04-05 10:44:00,2026-04-05 11:04:00,20.0,2026-04-05 11:13:00,2026-04-05 11:34:00,B32 A,49.0,9.2,5.33,5.13,1.88,21.0
38,2026-04-05,SN3326,2026-04-05 11:24:00,2026-04-05 11:41:00,17.0,2026-04-05 12:06:00,2026-04-05 12:12:00,B14 A,111.0,13.88,8.0,4.65,1.43,6.0
38,2026-04-05,SN358,2026-04-05 12:21:00,2026-04-05 12:23:00,2.0,2026-04-05 12:43:00,2026-04-05 13:14:00,B28 A,176.0,14.39,12.23,4.99,1.6,31.0
38,2026-04-05,SN379,2026-04-05 08:11:00,2026-04-05 08:40:00,29.0,2026-04-05 08:59:00,2026-04-05 09:27:00,B28 A,76.0,16.06,4.73,5.24,1.53,28.0
38,2026-04-05,SN3800,2026-04-05 06:15:00,2026-04-05 06:16:00,1.0,2026-04-05 06:28:00,2026-04-05 06:30:00,A65 ,27.0,14.88,1.81,4.29,1.94,2.0
38,2026-04-05,TB1552,2026-04-05 08:29:00,2026-04-05 08:25:00,-4.0,2026-04-05 08:46:00,2026-04-05 08:54:00,A61 ,166.0,13.53,12.27,5.12,1.63,8.0
38,2026-04-05,TB2632,2026-04-05 09:29:00,2026-04-05 09:09:00,-20.0,2026-04-05 09:35:00,2026-04-05 09:44:00,B9  A,114.0,15.66,7.28,4.23,1.97,9.0
38,2026-04-05,TB2662,2026-04-05 09:15:00,2026-04-05 09:04:00,-11.0,2026-04-05 09:22:00,2026-04-05 09:30:00,B34 A,90.0,11.67,7.71,5.29,1.95,8.0
38,2026-04-05,TG934,2026-04-05 09:21:00,2026-04-05 09:16:00,-5.0,2026-04-05 09:38:00,2026-04-05 09:58:00,B38 A,249.0,14.5,17.17,4.11,2.84,20.0
38,2026-04-05,UA950,2026-04-05 11:22:00,2026-04-05 11:02:00,-20.0,2026-04-05 11:22:00,2026-04-05 11:45:00,B28 A,170.0,11.16,15.24,4.96,1.61,23.0
38,2026-04-05,UA994,2026-04-05 12:51:00,2026-04-05 12:35:00,-16.0,2026-04-05 12:54:00,2026-04-05 13:24:00,B38 A,109.0,10.91,9.99,6.0,1.94,30.0
38,2026-04-05,XR5402,2026-04-05 07:46:00,2026-04-05 08:56:00,70.0,2026-04-05 09:23:00,2026-04-05 09:26:00,B5  A,88.0,9.09,9.68,4.27,1.95,3.0
39,2026-04-05,AC832,2026-04-05 08:17:00,2026-04-05 07:46:00,-31.0,2026-04-05 08:02:00,2026-04-05 08:29:00,B30 A,122.0,12.9,9.46,4.43,2.01,27.0
39,2026-04-05,ET750,2026-04-05 11:13:00,2026-04-05 11:34:00,21.0,2026-04-05 12:17:00,2026-04-05 13:03:00,B17 A,464.0,13.26,34.99,6.03,1.4,46.0
39,2026-04-05,FH8116,2026-04-05 06:35:00,2026-04-05 06:00:00,-35.0,2026-04-05 06:07:00,2026-04-05 06:09:00,B15 A,22.0,12.61,1.74,5.47,1.41,2.0
39,2026-04-05,LH1004,2026-04-05 12:50:00,2026-04-05 12:50:00,0.0,2026-04-05 13:03:00,2026-04-05 13:30:00,A43 ,40.0,12.69,3.15,3.82,2.18,27.0
39,2026-04-05,SN1122,2026-04-05 08:39:00,2026-04-05 09:08:00,29.0,2026-04-05 09:20:00,2026-04-05 09:21:00,B40 A,13.0,14.01,0.93,4.07,3.05,1.0
39,2026-04-05,SN1124,2026-04-05 07:10:00,2026-04-05 07:19:00,9.0,2026-04-05 07:32:00,2026-04-05 07:48:00,B30 A,138.0,12.95,10.65,4.98,1.79,16.0
39,2026-04-05,SN206,2026-04-05 06:25:00,2026-04-05 06:48:00,23.0,2026-04-05 07:07:00,2026-04-05 07:30:00,B38 A,154.0,12.31,12.51,4.49,2.6,23.0
39,2026-04-05,SN229,2026-04-05 12:06:00,2026-04-05 12:12:00,6.0,2026-04-05 12:39:00,2026-04-05 13:03:00,B28 A,20.0,16.11,1.24,5.75,1.39,24.0
39,2026-04-05,SN278,2026-04-05 10:45:00,2026-04-05 10:42:00,-3.0,2026-04-05 11:04:00,2026-04-05 11:16:00,B28 A,198.0,12.3,16.1,5.66,1.41,12.0
39,2026-04-05,SN2900,2026-04-05 07:39:00,2026-04-05 07:25:00,-14.0,2026-04-05 07:38:00,2026-04-05 07:53:00,B38 A,55.0,13.12,4.19,3.72,3.14,15.0
39,2026-04-05,SN3326,2026-04-05 11:24:00,2026-04-05 11:41:00,17.0,2026-04-05 12:06:00,2026-04-05 12:12:00,B14 A,111.0,10.22,10.86,4.96,1.34,6.0
39,2026-04-05,SN358,2026-04-05 08:21:00,2026-04-05 08:24:00,3.0,2026-04-05 08:42:00,2026-04-05 09:09:00,B14 A,112.0,11.79,9.5,4.22,1.58,27.0
39,2026-04-05,SN379,2026-04-05 08:11:00,2026-04-05 08:40:00,29.0,2026-04-05 08:59:00,2026-04-05 09:27:00,B28 A,76.0,13.84,5.49,5.45,1.47,28.0
39,2026-04-05,SN3800,2026-04-05 06:15:00,2026-04-05 06:16:00,1.0,2026-04-05 06:28:00,2026-04-05 06:30:00,A65 ,27.0,13.53,1.99,5.42,1.54,2.0
39,2026-04-05,TB1552,2026-04-05 10:15:00,2026-04-05 10:31:00,16.0,2026-04-05 10:50:00,2026-04-05 10:59:00,A69 ,164.0,12.31,13.33,4.76,1.75,9.0
39,2026-04-05,TB2632,2026-04-05 09:29:00,2026-04-05 09:09:00,-20.0,2026-04-05 09:35:00,2026-04-05 09:44:00,B9  A,114.0,10.23,11.14,6.63,1.26,9.0
39,2026-04-05,TB2662,2026-04-05 09:15:00,2026-04-05 09:04:00,-11.0,2026-04-05 09:22:00,2026-04-05 09:30:00,B34 A,90.0,16.63,5.41,4.77,2.17,8.0
39,2026-04-05,TG934,2026-04-05 12:22:00,2026-04-05 12:26:00,4.0,2026-04-05 12:46:00,2026-04-05 13:15:00,B34 A,260.0,15.83,16.42,4.85,2.13,29.0
39,2026-04-05,UA950,2026-04-05 11:22:00,2026-04-05 11:02:00,-20.0,2026-04-05 11:22:00,2026-04-05 11:45:00,B28 A,170.0,13.63,12.48,4.16,1.92,23.0
39,2026-04-05,UA994,2026-04-05 12:51:00,2026-04-05 12:35:00,-16.0,2026-04-05 12:54:00,2026-04-05 13:24:00,B38 A,109.0,14.35,7.6,5.08,2.29,30.0
39,2026-04-05,XR5402,2026-04-05 07:46:00,2026-04-05 08:56:00,70.0,2026-04-05 09:23:00,2026-04-05 09:26:00,B5  A,88.0,9.93,8.86,6.71,1.24,3.0
40,2026-04-05,AC832,2026-04-05 08:17:00,2026-04-05 07:46:00,-31.0,2026-04-05 08:02:00,2026-04-05 08:29:00,B30 A,122.0,11.69,10.44,4.59,1.94,27.0
40,2026-04-05,ET750,2026-04-05 11:13:00,2026-04-05 11:34:00,21.0,2026-04-05 12:17:00,2026-04-05 13:03:00,B17 A,464.0,15.14,30.64,6.02,1.4,46.0
40,2026-04-05,FH8116,2026-04-05 12:44:00,2026-04-05 12:48:00,4.0,2026-04-05 13:06:00,2026-04-05 13:13:00,B38 A,140.0,9.55,14.65,4.93,2.37,7.0
40,2026-04-05,LH1004,2026-04-05 11:51:00,2026-04-05 11:47:00,-4.0,2026-04-05 12:07:00,2026-04-05 12:12:00,A43 ,23.0,13.97,1.65,5.24,1.59,5.0
40,2026-04-05,SN1122,2026-04-05 08:39:00,2026-04-05 09:08:00,29.0,2026-04-05 09:20:00,2026-04-05 09:21:00,B40 A,13.0,9.33,1.39,4.62,2.69,1.0
40,2026-04-05,SN1124,2026-04-05 07:10:00,2026-04-05 07:19:00,9.0,2026-04-05 07:32:00,2026-04-05 07:48:00,B30 A,138.0,13.02,10.6,5.21,1.71,16.0
40,2026-04-05,SN206,2026-04-05 06:25:00,2026-04-05 06:48:00,23.0,2026-04-05 07:07:00,2026-04-05 07:30:00,B38 A,154.0,9.44,16.31,4.95,2.36,23.0
40,2026-04-05,SN229,2026-04-05 10:04:00,2026-04-05 10:26:00,22.0,2026-04-05 10:41:00,2026-04-05 11:10:00,B31 A,120.0,11.34,10.58,6.43,1.67,29.0
40,2026-04-05,SN278,2026-04-05 10:45:00,2026-04-05 10:42:00,-3.0,2026-04-05 11:04:00,2026-04-05 11:16:00,B28 A,198.0,12.89,15.36,4.49,1.78,12.0
40,2026-04-05,SN2900,2026-04-05 08:46:00,2026-04-05 08:33:00,-13.0,2026-04-05 08:58:00,2026-04-05 09:02:00,B14 A,79.0,13.4,5.9,4.48,1.49,4.0
40,2026-04-05,SN3326,2026-04-05 11:24:00,2026-04-05 11:41:00,17.0,2026-04-05 12:06:00,2026-04-05 12:12:00,B14 A,111.0,11.08,10.02,5.45,1.22,6.0
40,2026-04-05,SN358,2026-04-05 12:21:00,2026-04-05 12:23:00,2.0,2026-04-05 12:43:00,2026-04-05 13:14:00,B28 A,176.0,14.19,12.4,5.24,1.53,31.0
40,2026-04-05,SN379,2026-04-05 08:11:00,2026-04-05 08:40:00,29.0,2026-04-05 08:59:00,2026-04-05 09:27:00,B28 A,76.0,13.61,5.58,5.84,1.37,28.0
40,2026-04-05,SN3800,2026-04-05 06:15:00,2026-04-05 06:16:00,1.0,2026-04-05 06:28:00,2026-04-05 06:30:00,A65 ,27.0,8.93,3.02,4.3,1.94,2.0
40,2026-04-05,TB1552,2026-04-05 07:47:00,2026-04-05 07:43:00,-4.0,2026-04-05 07:55:00,2026-04-05 07:59:00,A68 ,66.0,10.73,6.15,4.48,1.86,4.0
40,2026-04-05,TB2632,2026-04-05 09:29:00,2026-04-05 09:09:00,-20.0,2026-04-05 09:35:00,2026-04-05 09:44:00,B9  A,114.0,14.39,7.92,3.71,2.24,9.0
40,2026-04-05,TB2662,2026-04-05 09:15:00,2026-04-05 09:04:00,-11.0,2026-04-05 09:22:00,2026-04-05 09:30:00,B34 A,90.0,8.89,10.13,4.13,2.5,8.0
40,2026-04-05,TG934,2026-04-05 09:21:00,2026-04-05 09:16:00,-5.0,2026-04-05 09:38:00,2026-04-05 09:58:00,B38 A,249.0,13.97,17.82,4.82,2.42,20.0
40,2026-04-05,UA950,2026-04-05 11:22:00,2026-04-05 11:02:00,-20.0,2026-04-05 11:22:00,2026-04-05 11:45:00,B28 A,170.0,11.47,14.82,4.67,1.71,23.0
40,2026-04-05,UA994,2026-04-05 10:51:00,2026-04-05 10:01:00,-50.0,2026-04-05 10:18:00,2026-04-05 10:42:00,B38 A,177.0,13.74,12.88,5.3,2.2,24.0
40,2026-04-05,XR5402,2026-04-05 07:46:00,2026-04-05 08:56:00,70.0,2026-04-05 09:23:00,2026-04-05 09:26:00,B5  A,88.0,13.39,6.57,3.81,2.19,3.0
41,2026-04-05,AC832,2026-04-05 12:18:00,2026-04-05 11:38:00,-40.0,2026-04-05 11:54:00,2026-04-05 12:17:00,B30 A,100.0,14.22,7.03,5.1,1.75,23.0
41,2026-04-05,ET750,2026-04-05 11:13:00,2026-04-05 11:34:00,21.0,2026-04-05 12:17:00,2026-04-05 13:03:00,B17 A,464.0,12.71,36.5,3.59,2.34,46.0
41,2026-04-05,FH8116,2026-04-05 06:35:00,2026-04-05 06:00:00,-35.0,2026-04-05 06:07:00,2026-04-05 06:09:00,B15 A,22.0,15.66,1.4,4.87,1.59,2.0
41,2026-04-05,LH1004,2026-04-05 12:50:00,2026-04-05 12:50:00,0.0,2026-04-05 13:03:00,2026-04-05 13:30:00,A43 ,40.0,15.67,2.55,5.52,1.51,27.0
41,2026-04-05,SN1122,2026-04-05 08:39:00,2026-04-05 09:08:00,29.0,2026-04-05 09:20:00,2026-04-05 09:21:00,B40 A,13.0,12.18,1.07,4.64,2.68,1.0
41,2026-04-05,SN1124,2026-04-05 07:10:00,2026-04-05 07:19:00,9.0,2026-04-05 07:32:00,2026-04-05 07:48:00,B30 A,138.0,14.09,9.79,4.1,2.18,16.0
41,2026-04-05,SN206,2026-04-05 06:25:00,2026-04-05 06:48:00,23.0,2026-04-05 07:07:00,2026-04-05 07:30:00,B38 A,154.0,13.03,11.82,5.21,2.24,23.0
41,2026-04-05,SN229,2026-04-05 12:06:00,2026-04-05 12:12:00,6.0,2026-04-05 12:39:00,2026-04-05 13:03:00,B28 A,20.0,10.25,1.95,6.38,1.25,24.0
41,2026-04-05,SN278,2026-04-05 12:46:00,2026-04-05 12:41:00,-5.0,2026-04-05 13:04:00,2026-04-05 13:33:00,B31 A,62.0,12.35,5.02,4.17,2.58,29.0
41,2026-04-05,SN2900,2026-04-05 07:39:00,2026-04-05 07:25:00,-14.0,2026-04-05 07:38:00,2026-04-05 07:53:00,B38 A,55.0,14.46,3.8,5.22,2.24,15.0
41,2026-04-05,SN3326,2026-04-05 11:24:00,2026-04-05 11:41:00,17.0,2026-04-05 12:06:00,2026-04-05 12:12:00,B14 A,111.0,12.28,9.04,5.45,1.22,6.0
41,2026-04-05,SN358,2026-04-05 12:21:00,2026-04-05 12:23:00,2.0,2026-04-05 12:43:00,2026-04-05 13:14:00,B28 A,176.0,13.32,13.21,5.85,1.37,31.0
41,2026-04-05,SN379,2026-04-05 10:10:00,2026-04-05 11:03:00,53.0,2026-04-05 11:42:00,2026-04-05 12:19:00,B29 A,161.0,13.56,11.88,5.49,1.79,37.0
41,2026-04-05,SN3800,2026-04-05 06:15:00,2026-04-05 06:16:00,1.0,2026-04-05 06:28:00,2026-04-05 06:30:00,A65 ,27.0,10.12,2.67,5.07,1.64,2.0
41,2026-04-05,TB1552,2026-04-05 07:15:00,2026-04-05 07:08:00,-7.0,2026-04-05 07:38:00,2026-04-05 07:45:00,A61 ,152.0,14.47,10.51,4.41,1.89,7.0
41,2026-04-05,TB2632,2026-04-05 09:29:00,2026-04-05 09:09:00,-20.0,2026-04-05 09:35:00,2026-04-05 09:44:00,B9  A,114.0,13.66,8.35,5.09,1.64,9.0
41,2026-04-05,TB2662,2026-04-05 09:15:00,2026-04-05 09:04:00,-11.0,2026-04-05 09:22:00,2026-04-05 09:30:00,B34 A,90.0,16.56,5.43,4.29,2.41,8.0
41,2026-04-05,TG934,2026-04-05 09:21:00,2026-04-05 09:16:00,-5.0,2026-04-05 09:38:00,2026-04-05 09:58:00,B38 A,249.0,15.63,15.93,5.87,1.99,20.0
41,2026-04-05,UA950,2026-04-05 09:21:00,2026-04-05 08:45:00,-36.0,2026-04-05 09:03:00,2026-04-05 09:29:00,B5  A,163.0,11.71,13.92,4.12,2.02,26.0
41,2026-04-05,UA994,2026-04-05 12:51:00,2026-04-05 12:35:00,-16.0,2026-04-05 12:54:00,2026-04-05 13:24:00,B38 A,109.0,11.25,9.68,4.43,2.64,30.0
41,2026-04-05,XR5402,2026-04-05 07:46:00,2026-04-05 08:56:00,70.0,2026-04-05 09:23:00,2026-04-05 09:26:00,B5  A,88.0,11.78,7.47,4.75,1.75,3.0
42,2026-04-05,AC832,2026-04-05 08:17:00,2026-04-05 07:46:00,-31.0,2026-04-05 08:02:00,2026-04-05 08:29:00,B30 A,122.0,12.65,9.64,4.18,2.13,27.0
42,2026-04-05,ET750,2026-04-05 11:13:00,2026-04-05 11:34:00,21.0,2026-04-05 12:17:00,2026-04-05 13:03:00,B17 A,464.0,14.27,32.52,4.76,1.77,46.0
42,2026-04-05,FH8116,2026-04-05 12:44:00,2026-04-05 12:48:00,4.0,2026-04-05 13:06:00,2026-04-05 13:13:00,B38 A,140.0,12.17,11.51,3.78,3.09,7.0
42,2026-04-05,LH1004,2026-04-05 09:50:00,2026-04-05 09:53:00,3.0,2026-04-05 10:20:00,2026-04-05 10:27:00,A43 ,33.0,10.55,3.13,4.6,1.81,7.0
42,2026-04-05,SN1122,2026-04-05 08:39:00,2026-04-05 09:08:00,29.0,2026-04-05 09:20:00,2026-04-05 09:21:00,B40 A,13.0,12.5,1.04,4.81,2.58,1.0
42,2026-04-05,SN1124,2026-04-05 07:10:00,2026-04-05 07:19:00,9.0,2026-04-05 07:32:00,2026-04-05 07:48:00,B30 A,138.0,12.98,10.63,5.38,1.66,16.0
42,2026-04-05,SN206,2026-04-05 06:25:00,2026-04-05 06:48:00,23.0,2026-04-05 07:07:00,2026-04-05 07:30:00,B38 A,154.0,12.53,12.29,5.9,1.98,23.0
42,2026-04-05,SN229,2026-04-05 08:06:00,2026-04-05 09:20:00,74.0,2026-04-05 09:41:00,2026-04-05 10:22:00,B14 A,144.0,13.57,10.61,5.4,1.23,41.0
42,2026-04-05,SN278,2026-04-05 10:45:00,2026-04-05 10:42:00,-3.0,2026-04-05 11:04:00,2026-04-05 11:16:00,B28 A,198.0,12.51,15.83,4.1,1.95,12.0
42,2026-04-05,SN2900,2026-04-05 08:46:00,2026-04-05 08:33:00,-13.0,2026-04-05 08:58:00,2026-04-05 09:02:00,B14 A,79.0,11.6,6.81,4.97,1.34,4.0
42,2026-04-05,SN3326,2026-04-05 07:45:00,2026-04-05 08:05:00,20.0,2026-04-05 08:16:00,2026-04-05 08:36:00,B28 A,123.0,14.31,8.6,5.57,1.44,20.0
42,2026-04-05,SN358,2026-04-05 08:21:00,2026-04-05 08:24:00,3.0,2026-04-05 08:42:00,2026-04-05 09:09:00,B14 A,112.0,14.5,7.73,5.78,1.15,27.0
42,2026-04-05,SN379,2026-04-05 08:11:00,2026-04-05 08:40:00,29.0,2026-04-05 08:59:00,2026-04-05 09:27:00,B28 A,76.0,13.3,5.71,4.51,1.77,28.0
42,2026-04-05,SN3800,2026-04-05 06:15:00,2026-04-05 06:16:00,1.0,2026-04-05 06:28:00,2026-04-05 06:30:00,A65 ,27.0,9.5,2.84,7.05,1.18,2.0
42,2026-04-05,TB1552,2026-04-05 07:47:00,2026-04-05 07:43:00,-4.0,2026-04-05 07:55:00,2026-04-05 07:59:00,A68 ,66.0,10.89,6.06,5.12,1.63,4.0
42,2026-04-05,TB2632,2026-04-05 09:29:00,2026-04-05 09:09:00,-20.0,2026-04-05 09:35:00,2026-04-05 09:44:00,B9  A,114.0,14.1,8.08,4.53,1.84,9.0
42,2026-04-05,TB2662,2026-04-05 09:15:00,2026-04-05 09:04:00,-11.0,2026-04-05 09:22:00,2026-04-05 09:30:00,B34 A,90.0,14.36,6.27,6.1,1.69,8.0
42,2026-04-05,TG934,2026-04-05 09:21:00,2026-04-05 09:16:00,-5.0,2026-04-05 09:38:00,2026-04-05 09:58:00,B38 A,249.0,14.66,16.98,4.05,2.88,20.0
42,2026-04-05,UA950,2026-04-05 09:21:00,2026-04-05 08:45:00,-36.0,2026-04-05 09:03:00,2026-04-05 09:29:00,B5  A,163.0,13.05,12.49,5.15,1.62,26.0
42,2026-04-05,UA994,2026-04-05 12:51:00,2026-04-05 12:35:00,-16.0,2026-04-05 12:54:00,2026-04-05 13:24:00,B38 A,109.0,10.25,10.63,3.67,3.18,30.0
42,2026-04-05,XR5402,2026-04-05 07:46:00,2026-04-05 08:56:00,70.0,2026-04-05 09:23:00,2026-04-05 09:26:00,B5  A,88.0,12.81,6.87,4.76,1.75,3.0
43,2026-04-05,AC832,2026-04-05 08:17:00,2026-04-05 07:46:00,-31.0,2026-04-05 08:02:00,2026-04-05 08:29:00,B30 A,122.0,16.46,7.41,5.33,1.67,27.0
43,2026-04-05,ET750,2026-04-05 11:13:00,2026-04-05 11:34:00,21.0,2026-04-05 12:17:00,2026-04-05 13:03:00,B17 A,464.0,13.54,34.27,5.43,1.55,46.0
43,2026-04-05,FH8116,2026-04-05 12:44:00,2026-04-05 12:48:00,4.0,2026-04-05 13:06:00,2026-04-05 13:13:00,B38 A,140.0,12.82,10.92,4.56,2.56,7.0
43,2026-04-05,LH1004,2026-04-05 09:50:00,2026-04-05 09:53:00,3.0,2026-04-05 10:20:00,2026-04-05 10:27:00,A43 ,33.0,14.77,2.23,5.58,1.49,7.0
43,2026-04-05,SN1122,2026-04-05 08:39:00,2026-04-05 09:08:00,29.0,2026-04-05 09:20:00,2026-04-05 09:21:00,B40 A,13.0,11.26,1.15,4.33,2.87,1.0
43,2026-04-05,SN1124,2026-04-05 07:10:00,2026-04-05 07:19:00,9.0,2026-04-05 07:32:00,2026-04-05 07:48:00,B30 A,138.0,15.56,8.87,5.13,1.74,16.0
43,2026-04-05,SN206,2026-04-05 06:25:00,2026-04-05 06:48:00,23.0,2026-04-05 07:07:00,2026-04-05 07:30:00,B38 A,154.0,11.39,13.52,5.31,2.2,23.0
43,2026-04-05,SN229,2026-04-05 12:06:00,2026-04-05 12:12:00,6.0,2026-04-05 12:39:00,2026-04-05 13:03:00,B28 A,20.0,14.26,1.4,5.24,1.53,24.0
43,2026-04-05,SN278,2026-04-05 08:43:00,2026-04-05 08:27:00,-16.0,2026-04-05 08:40:00,2026-04-05 09:10:00,B37 A,123.0,13.92,8.84,5.99,2.03,30.0
43,2026-04-05,SN2900,2026-04-05 07:39:00,2026-04-05 07:25:00,-14.0,2026-04-05 07:38:00,2026-04-05 07:53:00,B38 A,55.0,13.63,4.04,5.35,2.18,15.0
43,2026-04-05,SN3326,2026-04-05 07:45:00,2026-04-05 08:05:00,20.0,2026-04-05 08:16:00,2026-04-05 08:36:00,B28 A,123.0,14.92,8.24,4.76,1.68,20.0
43,2026-04-05,SN358,2026-04-05 08:21:00,2026-04-05 08:24:00,3.0,2026-04-05 08:42:00,2026-04-05 09:09:00,B14 A,112.0,14.68,7.63,4.49,1.49,27.0
43,2026-04-05,SN379,2026-04-05 08:11:00,2026-04-05 08:40:00,29.0,2026-04-05 08:59:00,2026-04-05 09:27:00,B28 A,76.0,12.61,6.03,5.28,1.52,28.0
43,2026-04-05,SN3800,2026-04-05 06:15:00,2026-04-05 06:16:00,1.0,2026-04-05 06:28:00,2026-04-05 06:30:00,A65 ,27.0,12.22,2.21,4.16,2.0,2.0
43,2026-04-05,TB1552,2026-04-05 07:47:00,2026-04-05 07:43:00,-4.0,2026-04-05 07:55:00,2026-04-05 07:59:00,A68 ,66.0,13.94,4.74,4.35,1.92,4.0
43,2026-04-05,TB2632,2026-04-05 09:29:00,2026-04-05 09:09:00,-20.0,2026-04-05 09:35:00,2026-04-05 09:44:00,B9  A,114.0,14.86,7.67,3.61,2.31,9.0
43,2026-04-05,TB2662,2026-04-05 09:15:00,2026-04-05 09:04:00,-11.0,2026-04-05 09:22:00,2026-04-05 09:30:00,B34 A,90.0,13.97,6.44,4.86,2.12,8.0
43,2026-04-05,TG934,2026-04-05 09:21:00,2026-04-05 09:16:00,-5.0,2026-04-05 09:38:00,2026-04-05 09:58:00,B38 A,249.0,14.55,17.11,5.11,2.28,20.0
43,2026-04-05,UA950,2026-04-05 12:20:00,2026-04-05 11:58:00,-22.0,2026-04-05 12:14:00,2026-04-05 12:42:00,B37 A,127.0,12.53,10.14,4.43,2.75,28.0
43,2026-04-05,UA994,2026-04-05 10:51:00,2026-04-05 10:01:00,-50.0,2026-04-05 10:18:00,2026-04-05 10:42:00,B38 A,177.0,15.43,11.47,4.63,2.52,24.0
43,2026-04-05,XR5402,2026-04-05 07:46:00,2026-04-05 08:56:00,70.0,2026-04-05 09:23:00,2026-04-05 09:26:00,B5  A,88.0,10.68,8.24,4.73,1.76,3.0
44,2026-04-05,AC832,2026-04-05 12:18:00,2026-04-05 11:38:00,-40.0,2026-04-05 11:54:00,2026-04-05 12:17:00,B30 A,100.0,14.59,6.85,5.77,1.55,23.0
44,2026-04-05,ET750,2026-04-05 11:13:00,2026-04-05 11:34:00,21.0,2026-04-05 12:17:00,2026-04-05 13:03:00,B17 A,464.0,13.2,35.16,4.55,1.85,46.0
44,2026-04-05,FH8116,2026-04-05 12:44:00,2026-04-05 12:48:00,4.0,2026-04-05 13:06:00,2026-04-05 13:13:00,B38 A,140.0,13.64,10.26,5.36,2.18,7.0
44,2026-04-05,LH1004,2026-04-05 09:50:00,2026-04-05 09:53:00,3.0,2026-04-05 10:20:00,2026-04-05 10:27:00,A43 ,33.0,12.27,2.69,4.84,1.72,7.0
44,2026-04-05,SN1122,2026-04-05 08:39:00,2026-04-05 09:08:00,29.0,2026-04-05 09:20:00,2026-04-05 09:21:00,B40 A,13.0,10.88,1.19,5.23,2.37,1.0
44,2026-04-05,SN1124,2026-04-05 07:10:00,2026-04-05 07:19:00,9.0,2026-04-05 07:32:00,2026-04-05 07:48:00,B30 A,138.0,13.56,10.18,4.43,2.01,16.0
44,2026-04-05,SN206,2026-04-05 06:25:00,2026-04-05 06:48:00,23.0,2026-04-05 07:07:00,2026-04-05 07:30:00,B38 A,154.0,9.68,15.91,5.85,1.99,23.0
44,2026-04-05,SN229,2026-04-05 12:06:00,2026-04-05 12:12:00,6.0,2026-04-05 12:39:00,2026-04-05 13:03:00,B28 A,20.0,12.51,1.6,3.99,2.01,24.0
44,2026-04-05,SN278,2026-04-05 08:43:00,2026-04-05 08:27:00,-16.0,2026-04-05 08:40:00,2026-04-05 09:10:00,B37 A,123.0,13.84,8.89,5.79,2.1,30.0
44,2026-04-05,SN2900,2026-04-05 07:39:00,2026-04-05 07:25:00,-14.0,2026-04-05 07:38:00,2026-04-05 07:53:00,B38 A,55.0,12.38,4.44,5.51,2.12,15.0
44,2026-04-05,SN3326,2026-04-05 11:24:00,2026-04-05 11:41:00,17.0,2026-04-05 12:06:00,2026-04-05 12:12:00,B14 A,111.0,11.24,9.88,5.29,1.26,6.0
44,2026-04-05,SN358,2026-04-05 08:21:00,2026-04-05 08:24:00,3.0,2026-04-05 08:42:00,2026-04-05 09:09:00,B14 A,112.0,15.56,7.2,4.75,1.4,27.0
44,2026-04-05,SN379,2026-04-05 08:11:00,2026-04-05 08:40:00,29.0,2026-04-05 08:59:00,2026-04-05 09:27:00,B28 A,76.0,12.99,5.85,4.45,1.8,28.0
44,2026-04-05,SN3800,2026-04-05 06:15:00,2026-04-05 06:16:00,1.0,2026-04-05 06:28:00,2026-04-05 06:30:00,A65 ,27.0,9.17,2.95,5.93,1.41,2.0
44,2026-04-05,TB1552,2026-04-05 07:47:00,2026-04-05 07:43:00,-4.0,2026-04-05 07:55:00,2026-04-05 07:59:00,A68 ,66.0,8.89,7.42,5.29,1.58,4.0
44,2026-04-05,TB2632,2026-04-05 09:29:00,2026-04-05 09:09:00,-20.0,2026-04-05 09:35:00,2026-04-05 09:44:00,B9  A,114.0,12.88,8.85,5.78,1.44,9.0
44,2026-04-05,TB2662,2026-04-05 09:15:00,2026-04-05 09:04:00,-11.0,2026-04-05 09:22:00,2026-04-05 09:30:00,B34 A,90.0,12.63,7.13,5.2,1.99,8.0
44,2026-04-05,TG934,2026-04-05 12:22:00,2026-04-05 12:26:00,4.0,2026-04-05 12:46:00,2026-04-05 13:15:00,B34 A,260.0,14.22,18.29,6.67,1.55,29.0
44,2026-04-05,UA950,2026-04-05 08:20:00,2026-04-05 08:20:00,0.0,2026-04-05 08:36:00,2026-04-05 09:25:00,B38 A,176.0,14.65,12.02,4.16,2.8,49.0
44,2026-04-05,UA994,2026-04-05 10:51:00,2026-04-05 10:01:00,-50.0,2026-04-05 10:18:00,2026-04-05 10:42:00,B38 A,177.0,13.18,13.43,5.01,2.33,24.0
44,2026-04-05,XR5402,2026-04-05 07:46:00,2026-04-05 08:56:00,70.0,2026-04-05 09:23:00,2026-04-05 09:26:00,B5  A,88.0,13.01,6.77,4.92,1.69,3.0
45,2026-04-05,AC832,2026-04-05 08:17:00,2026-04-05 07:46:00,-31.0,2026-04-05 08:02:00,2026-04-05 08:29:00,B30 A,122.0,13.04,9.36,4.47,2.0,27.0
45,2026-04-05,ET750,2026-04-05 11:13:00,2026-04-05 11:34:00,21.0,2026-04-05 12:17:00,2026-04-05 13:03:00,B17 A,464.0,12.24,37.9,4.95,1.7,46.0
45,2026-04-05,FH8116,2026-04-05 06:35:00,2026-04-05 06:00:00,-35.0,2026-04-05 06:07:00,2026-04-05 06:09:00,B15 A,22.0,13.45,1.64,5.22,1.48,2.0
45,2026-04-05,LH1004,2026-04-05 09:50:00,2026-04-05 09:53:00,3.0,2026-04-05 10:20:00,2026-04-05 10:27:00,A43 ,33.0,10.07,3.28,5.21,1.6,7.0
45,2026-04-05,SN1122,2026-04-05 08:39:00,2026-04-05 09:08:00,29.0,2026-04-05 09:20:00,2026-04-05 09:21:00,B40 A,13.0,15.08,0.86,5.6,2.22,1.0
45,2026-04-05,SN1124,2026-04-05 07:10:00,2026-04-05 07:19:00,9.0,2026-04-05 07:32:00,2026-04-05 07:48:00,B30 A,138.0,14.88,9.27,4.95,1.8,16.0
45,2026-04-05,SN206,2026-04-05 06:25:00,2026-04-05 06:48:00,23.0,2026-04-05 07:07:00,2026-04-05 07:30:00,B38 A,154.0,14.06,10.95,4.36,2.68,23.0
45,2026-04-05,SN229,2026-04-05 10:04:00,2026-04-05 10:26:00,22.0,2026-04-05 10:41:00,2026-04-05 11:10:00,B31 A,120.0,12.43,9.66,5.23,2.06,29.0
45,2026-04-05,SN278,2026-04-05 10:45:00,2026-04-05 10:42:00,-3.0,2026-04-05 11:04:00,2026-04-05 11:16:00,B28 A,198.0,13.81,14.34,3.42,2.34,12.0
45,2026-04-05,SN2900,2026-04-05 10:44:00,2026-04-05 11:04:00,20.0,2026-04-05 11:13:00,2026-04-05 11:34:00,B32 A,49.0,14.29,3.43,4.69,2.06,21.0
45,2026-04-05,SN3326,2026-04-05 11:24:00,2026-04-05 11:41:00,17.0,2026-04-05 12:06:00,2026-04-05 12:12:00,B14 A,111.0,14.63,7.59,6.97,0.96,6.0
45,2026-04-05,SN358,2026-04-05 10:21:00,2026-04-05 11:13:00,52.0,2026-04-05 11:43:00,2026-04-05 12:03:00,B38 A,126.0,12.64,9.97,4.51,2.59,20.0
45,2026-04-05,SN379,2026-04-05 08:11:00,2026-04-05 08:40:00,29.0,2026-04-05 08:59:00,2026-04-05 09:27:00,B28 A,76.0,16.56,4.59,5.28,1.51,28.0
45,2026-04-05,SN3800,2026-04-05 06:15:00,2026-04-05 06:16:00,1.0,2026-04-05 06:28:00,2026-04-05 06:30:00,A65 ,27.0,11.49,2.35,4.49,1.86,2.0
45,2026-04-05,TB1552,2026-04-05 08:29:00,2026-04-05 08:25:00,-4.0,2026-04-05 08:46:00,2026-04-05 08:54:00,A61 ,166.0,12.7,13.07,5.93,1.4,8.0
45,2026-04-05,TB2632,2026-04-05 09:29:00,2026-04-05 09:09:00,-20.0,2026-04-05 09:35:00,2026-04-05 09:44:00,B9  A,114.0,12.87,8.86,4.25,1.96,9.0
45,2026-04-05,TB2662,2026-04-05 09:15:00,2026-04-05 09:04:00,-11.0,2026-04-05 09:22:00,2026-04-05 09:30:00,B34 A,90.0,14.97,6.01,4.78,2.16,8.0
45,2026-04-05,TG934,2026-04-05 09:21:00,2026-04-05 09:16:00,-5.0,2026-04-05 09:38:00,2026-04-05 09:58:00,B38 A,249.0,13.2,18.87,5.27,2.21,20.0
45,2026-04-05,UA950,2026-04-05 09:21:00,2026-04-05 08:45:00,-36.0,2026-04-05 09:03:00,2026-04-05 09:29:00,B5  A,163.0,11.86,13.74,4.69,1.78,26.0
45,2026-04-05,UA994,2026-04-05 08:51:00,2026-04-05 08:32:00,-19.0,2026-04-05 08:52:00,2026-04-05 09:25:00,B40 A,171.0,13.88,12.32,4.38,2.84,33.0
45,2026-04-05,XR5402,2026-04-05 07:46:00,2026-04-05 08:56:00,70.0,2026-04-05 09:23:00,2026-04-05 09:26:00,B5  A,88.0,9.97,8.83,5.33,1.56,3.0
46,2026-04-05,AC832,2026-04-05 11:16:00,2026-04-05 10:39:00,-37.0,2026-04-05 10:54:00,2026-04-05 11:24:00,B5  A,101.0,8.33,12.13,4.0,2.08,30.0
46,2026-04-05,ET750,2026-04-05 11:13:00,2026-04-05 11:34:00,21.0,2026-04-05 12:17:00,2026-04-05 13:03:00,B17 A,464.0,14.73,31.51,5.12,1.64,46.0
46,2026-04-05,FH8116,2026-04-05 06:35:00,2026-04-05 06:00:00,-35.0,2026-04-05 06:07:00,2026-04-05 06:09:00,B15 A,22.0,14.09,1.56,4.35,1.78,2.0
46,2026-04-05,LH1004,2026-04-05 12:50:00,2026-04-05 12:50:00,0.0,2026-04-05 13:03:00,2026-04-05 13:30:00,A43 ,40.0,10.92,3.66,6.38,1.31,27.0
46,2026-04-05,SN1122,2026-04-05 08:39:00,2026-04-05 09:08:00,29.0,2026-04-05 09:20:00,2026-04-05 09:21:00,B40 A,13.0,11.43,1.14,5.18,2.4,1.0
46,2026-04-05,SN1124,2026-04-05 07:10:00,2026-04-05 07:19:00,9.0,2026-04-05 07:32:00,2026-04-05 07:48:00,B30 A,138.0,14.06,9.82,4.14,2.15,16.0
46,2026-04-05,SN206,2026-04-05 06:25:00,2026-04-05 06:48:00,23.0,2026-04-05 07:07:00,2026-04-05 07:30:00,B38 A,154.0,11.15,13.81,5.69,2.05,23.0
46,2026-04-05,SN229,2026-04-05 08:06:00,2026-04-05 09:20:00,74.0,2026-04-05 09:41:00,2026-04-05 10:22:00,B14 A,144.0,11.66,12.35,4.66,1.43,41.0
46,2026-04-05,SN278,2026-04-05 12:46:00,2026-04-05 12:41:00,-5.0,2026-04-05 13:04:00,2026-04-05 13:33:00,B31 A,62.0,12.39,5.0,5.45,1.97,29.0
46,2026-04-05,SN2900,2026-04-05 10:44:00,2026-04-05 11:04:00,20.0,2026-04-05 11:13:00,2026-04-05 11:34:00,B32 A,49.0,13.21,3.71,4.51,2.14,21.0
46,2026-04-05,SN3326,2026-04-05 11:24:00,2026-04-05 11:41:00,17.0,2026-04-05 12:06:00,2026-04-05 12:12:00,B14 A,111.0,9.31,11.92,7.32,0.91,6.0
46,2026-04-05,SN358,2026-04-05 08:21:00,2026-04-05 08:24:00,3.0,2026-04-05 08:42:00,2026-04-05 09:09:00,B14 A,112.0,13.69,8.18,3.54,1.88,27.0
46,2026-04-05,SN379,2026-04-05 10:10:00,2026-04-05 11:03:00,53.0,2026-04-05 11:42:00,2026-04-05 12:19:00,B29 A,161.0,12.71,12.67,6.15,1.6,37.0
46,2026-04-05,SN3800,2026-04-05 06:15:00,2026-04-05 06:16:00,1.0,2026-04-05 06:28:00,2026-04-05 06:30:00,A65 ,27.0,14.72,1.83,4.6,1.81,2.0
46,2026-04-05,TB1552,2026-04-05 07:15:00,2026-04-05 07:08:00,-7.0,2026-04-05 07:38:00,2026-04-05 07:45:00,A61 ,152.0,13.1,11.61,5.16,1.61,7.0
46,2026-04-05,TB2632,2026-04-05 09:29:00,2026-04-05 09:09:00,-20.0,2026-04-05 09:35:00,2026-04-05 09:44:00,B9  A,114.0,12.26,9.3,4.4,1.89,9.0
46,2026-04-05,TB2662,2026-04-05 09:15:00,2026-04-05 09:04:00,-11.0,2026-04-05 09:22:00,2026-04-05 09:30:00,B34 A,90.0,12.95,6.95,4.37,2.36,8.0
46,2026-04-05,TG934,2026-04-05 09:21:00,2026-04-05 09:16:00,-5.0,2026-04-05 09:38:00,2026-04-05 09:58:00,B38 A,249.0,13.57,18.35,4.88,2.39,20.0
46,2026-04-05,UA950,2026-04-05 11:22:00,2026-04-05 11:02:00,-20.0,2026-04-05 11:22:00,2026-04-05 11:45:00,B28 A,170.0,9.77,17.4,5.55,1.44,23.0
46,2026-04-05,UA994,2026-04-05 12:51:00,2026-04-05 12:35:00,-16.0,2026-04-05 12:54:00,2026-04-05 13:24:00,B38 A,109.0,12.18,8.95,5.8,2.01,30.0
46,2026-04-05,XR5402,2026-04-05 07:46:00,2026-04-05 08:56:00,70.0,2026-04-05 09:23:00,2026-04-05 09:26:00,B5  A,88.0,10.98,8.02,5.54,1.51,3.0
47,2026-04-05,AC832,2026-04-05 09:18:00,2026-04-05 08:45:00,-33.0,2026-04-05 09:06:00,2026-04-05 09:59:00,B28 A,110.0,12.74,8.64,4.58,1.75,53.0
47,2026-04-05,ET750,2026-04-05 11:13:00,2026-04-05 11:34:00,21.0,2026-04-05 12:17:00,2026-04-05 13:03:00,B17 A,464.0,13.84,33.54,5.04,1.67,46.0
47,2026-04-05,FH8116,2026-04-05 06:35:00,2026-04-05 06:00:00,-35.0,2026-04-05 06:07:00,2026-04-05 06:09:00,B15 A,22.0,11.81,1.86,4.93,1.57,2.0
47,2026-04-05,LH1004,2026-04-05 12:50:00,2026-04-05 12:50:00,0.0,2026-04-05 13:03:00,2026-04-05 13:30:00,A43 ,40.0,10.21,3.92,6.07,1.37,27.0
47,2026-04-05,SN1122,2026-04-05 08:39:00,2026-04-05 09:08:00,29.0,2026-04-05 09:20:00,2026-04-05 09:21:00,B40 A,13.0,16.51,0.79,5.51,2.25,1.0
47,2026-04-05,SN1124,2026-04-05 07:10:00,2026-04-05 07:19:00,9.0,2026-04-05 07:32:00,2026-04-05 07:48:00,B30 A,138.0,13.57,10.17,6.07,1.47,16.0
47,2026-04-05,SN206,2026-04-05 06:25:00,2026-04-05 06:48:00,23.0,2026-04-05 07:07:00,2026-04-05 07:30:00,B38 A,154.0,15.34,10.04,4.69,2.49,23.0
47,2026-04-05,SN229,2026-04-05 10:04:00,2026-04-05 10:26:00,22.0,2026-04-05 10:41:00,2026-04-05 11:10:00,B31 A,120.0,12.43,9.65,4.67,2.3,29.0
47,2026-04-05,SN278,2026-04-05 12:46:00,2026-04-05 12:41:00,-5.0,2026-04-05 13:04:00,2026-04-05 13:33:00,B31 A,62.0,12.22,5.07,4.6,2.34,29.0
47,2026-04-05,SN2900,2026-04-05 10:44:00,2026-04-05 11:04:00,20.0,2026-04-05 11:13:00,2026-04-05 11:34:00,B32 A,49.0,15.54,3.15,4.5,2.15,21.0
47,2026-04-05,SN3326,2026-04-05 11:24:00,2026-04-05 11:41:00,17.0,2026-04-05 12:06:00,2026-04-05 12:12:00,B14 A,111.0,12.77,8.69,4.36,1.53,6.0
47,2026-04-05,SN358,2026-04-05 10:21:00,2026-04-05 11:13:00,52.0,2026-04-05 11:43:00,2026-04-05 12:03:00,B38 A,126.0,11.59,10.87,4.86,2.4,20.0
47,2026-04-05,SN379,2026-04-05 10:10:00,2026-04-05 11:03:00,53.0,2026-04-05 11:42:00,2026-04-05 12:19:00,B29 A,161.0,13.07,12.31,3.69,2.66,37.0
47,2026-04-05,SN3800,2026-04-05 06:15:00,2026-04-05 06:16:00,1.0,2026-04-05 06:28:00,2026-04-05 06:30:00,A65 ,27.0,12.91,2.09,5.29,1.57,2.0
47,2026-04-05,TB1552,2026-04-05 07:47:00,2026-04-05 07:43:00,-4.0,2026-04-05 07:55:00,2026-04-05 07:59:00,A68 ,66.0,16.85,3.92,5.92,1.41,4.0
47,2026-04-05,TB2632,2026-04-05 09:29:00,2026-04-05 09:09:00,-20.0,2026-04-05 09:35:00,2026-04-05 09:44:00,B9  A,114.0,16.39,6.95,5.15,1.62,9.0
47,2026-04-05,TB2662,2026-04-05 09:15:00,2026-04-05 09:04:00,-11.0,2026-04-05 09:22:00,2026-04-05 09:30:00,B34 A,90.0,12.84,7.01,6.22,1.66,8.0
47,2026-04-05,TG934,2026-04-05 12:22:00,2026-04-05 12:26:00,4.0,2026-04-05 12:46:00,2026-04-05 13:15:00,B34 A,260.0,14.75,17.63,4.56,2.27,29.0
47,2026-04-05,UA950,2026-04-05 10:20:00,2026-04-05 09:58:00,-22.0,2026-04-05 10:24:00,2026-04-05 10:51:00,B40 A,188.0,11.56,16.27,4.18,2.97,27.0
47,2026-04-05,UA994,2026-04-05 10:51:00,2026-04-05 10:01:00,-50.0,2026-04-05 10:18:00,2026-04-05 10:42:00,B38 A,177.0,13.19,13.42,5.05,2.31,24.0
47,2026-04-05,XR5402,2026-04-05 07:46:00,2026-04-05 08:56:00,70.0,2026-04-05 09:23:00,2026-04-05 09:26:00,B5  A,88.0,11.13,7.91,5.29,1.58,3.0
48,2026-04-05,AC832,2026-04-05 12:18:00,2026-04-05 11:38:00,-40.0,2026-04-05 11:54:00,2026-04-05 12:17:00,B30 A,100.0,13.07,7.65,4.39,2.03,23.0
48,2026-04-05,ET750,2026-04-05 11:13:00,2026-04-05 11:34:00,21.0,2026-04-05 12:17:00,2026-04-05 13:03:00,B17 A,464.0,12.09,38.37,5.4,1.56,46.0
48,2026-04-05,FH8116,2026-04-05 06:35:00,2026-04-05 06:00:00,-35.0,2026-04-05 06:07:00,2026-04-05 06:09:00,B15 A,22.0,12.53,1.76,4.99,1.55,2.0
48,2026-04-05,LH1004,2026-04-05 12:50:00,2026-04-05 12:50:00,0.0,2026-04-05 13:03:00,2026-04-05 13:30:00,A43 ,40.0,8.59,4.66,4.43,1.88,27.0
48,2026-04-05,SN1122,2026-04-05 08:39:00,2026-04-05 09:08:00,29.0,2026-04-05 09:20:00,2026-04-05 09:21:00,B40 A,13.0,12.3,1.06,4.74,2.62,1.0
48,2026-04-05,SN1124,2026-04-05 07:10:00,2026-04-05 07:19:00,9.0,2026-04-05 07:32:00,2026-04-05 07:48:00,B30 A,138.0,12.96,10.65,5.43,1.64,16.0
48,2026-04-05,SN206,2026-04-05 06:25:00,2026-04-05 06:48:00,23.0,2026-04-05 07:07:00,2026-04-05 07:30:00,B38 A,154.0,12.25,12.57,5.18,2.25,23.0
48,2026-04-05,SN229,2026-04-05 10:04:00,2026-04-05 10:26:00,22.0,2026-04-05 10:41:00,2026-04-05 11:10:00,B31 A,120.0,12.72,9.43,5.12,2.1,29.0
48,2026-04-05,SN278,2026-04-05 10:45:00,2026-04-05 10:42:00,-3.0,2026-04-05 11:04:00,2026-04-05 11:16:00,B28 A,198.0,15.38,12.87,5.08,1.57,12.0
48,2026-04-05,SN2900,2026-04-05 07:39:00,2026-04-05 07:25:00,-14.0,2026-04-05 07:38:00,2026-04-05 07:53:00,B38 A,55.0,11.84,4.64,5.26,2.22,15.0
48,2026-04-05,SN3326,2026-04-05 11:24:00,2026-04-05 11:41:00,17.0,2026-04-05 12:06:00,2026-04-05 12:12:00,B14 A,111.0,13.78,8.06,4.33,1.54,6.0
48,2026-04-05,SN358,2026-04-05 08:21:00,2026-04-05 08:24:00,3.0,2026-04-05 08:42:00,2026-04-05 09:09:00,B14 A,112.0,12.74,8.79,4.69,1.42,27.0
48,2026-04-05,SN379,2026-04-05 08:11:00,2026-04-05 08:40:00,29.0,2026-04-05 08:59:00,2026-04-05 09:27:00,B28 A,76.0,11.65,6.52,4.58,1.75,28.0
48,2026-04-05,SN3800,2026-04-05 06:15:00,2026-04-05 06:16:00,1.0,2026-04-05 06:28:00,2026-04-05 06:30:00,A65 ,27.0,12.77,2.11,5.0,1.67,2.0
48,2026-04-05,TB1552,2026-04-05 07:15:00,2026-04-05 07:08:00,-7.0,2026-04-05 07:38:00,2026-04-05 07:45:00,A61 ,152.0,11.34,13.41,4.3,1.94,7.0
48,2026-04-05,TB2632,2026-04-05 09:29:00,2026-04-05 09:09:00,-20.0,2026-04-05 09:35:00,2026-04-05 09:44:00,B9  A,114.0,14.32,7.96,4.72,1.77,9.0
48,2026-04-05,TB2662,2026-04-05 09:15:00,2026-04-05 09:04:00,-11.0,2026-04-05 09:22:00,2026-04-05 09:30:00,B34 A,90.0,13.6,6.62,5.66,1.82,8.0
48,2026-04-05,TG934,2026-04-05 09:21:00,2026-04-05 09:16:00,-5.0,2026-04-05 09:38:00,2026-04-05 09:58:00,B38 A,249.0,14.91,16.7,5.02,2.32,20.0
48,2026-04-05,UA950,2026-04-05 11:22:00,2026-04-05 11:02:00,-20.0,2026-04-05 11:22:00,2026-04-05 11:45:00,B28 A,170.0,11.43,14.87,5.4,1.48,23.0
48,2026-04-05,UA994,2026-04-05 09:51:00,2026-04-05 11:28:00,97.0,2026-04-05 11:44:00,2026-04-05 12:09:00,B40 A,135.0,14.15,9.54,4.52,2.75,25.0
48,2026-04-05,XR5402,2026-04-05 07:46:00,2026-04-05 08:56:00,70.0,2026-04-05 09:23:00,2026-04-05 09:26:00,B5  A,88.0,14.45,6.09,5.07,1.64,3.0
49,2026-04-05,AC832,2026-04-05 10:17:00,2026-04-05 10:43:00,26.0,2026-04-05 11:00:00,2026-04-05 11:34:00,B14 A,172.0,12.68,13.57,5.71,1.17,34.0
49,2026-04-05,ET750,2026-04-05 11:13:00,2026-04-05 11:34:00,21.0,2026-04-05 12:17:00,2026-04-05 13:03:00,B17 A,464.0,13.9,33.39,5.59,1.5,46.0
49,2026-04-05,FH8116,2026-04-05 06:35:00,2026-04-05 06:00:00,-35.0,2026-04-05 06:07:00,2026-04-05 06:09:00,B15 A,22.0,11.44,1.92,5.41,1.43,2.0
49,2026-04-05,LH1004,2026-04-05 12:50:00,2026-04-05 12:50:00,0.0,2026-04-05 13:03:00,2026-04-05 13:30:00,A43 ,40.0,13.65,2.93,5.65,1.47,27.0
49,2026-04-05,SN1122,2026-04-05 08:39:00,2026-04-05 09:08:00,29.0,2026-04-05 09:20:00,2026-04-05 09:21:00,B40 A,13.0,9.37,1.39,5.34,2.32,1.0
49,2026-04-05,SN1124,2026-04-05 07:10:00,2026-04-05 07:19:00,9.0,2026-04-05 07:32:00,2026-04-05 07:48:00,B30 A,138.0,14.72,9.37,6.86,1.3,16.0
49,2026-04-05,SN206,2026-04-05 06:25:00,2026-04-05 06:48:00,23.0,2026-04-05 07:07:00,2026-04-05 07:30:00,B38 A,154.0,10.16,15.16,4.68,2.49,23.0
49,2026-04-05,SN229,2026-04-05 08:06:00,2026-04-05 09:20:00,74.0,2026-04-05 09:41:00,2026-04-05 10:22:00,B14 A,144.0,10.51,13.71,6.8,0.98,41.0
49,2026-04-05,SN278,2026-04-05 12:46:00,2026-04-05 12:41:00,-5.0,2026-04-05 13:04:00,2026-04-05 13:33:00,B31 A,62.0,16.2,3.83,6.61,1.63,29.0
49,2026-04-05,SN2900,2026-04-05 08:46:00,2026-04-05 08:33:00,-13.0,2026-04-05 08:58:00,2026-04-05 09:02:00,B14 A,79.0,11.68,6.77,4.55,1.47,4.0
49,2026-04-05,SN3326,2026-04-05 11:24:00,2026-04-05 11:41:00,17.0,2026-04-05 12:06:00,2026-04-05 12:12:00,B14 A,111.0,11.28,9.84,4.61,1.45,6.0
49,2026-04-05,SN358,2026-04-05 10:21:00,2026-04-05 11:13:00,52.0,2026-04-05 11:43:00,2026-04-05 12:03:00,B38 A,126.0,13.45,9.37,6.8,1.72,20.0
49,2026-04-05,SN379,2026-04-05 08:11:00,2026-04-05 08:40:00,29.0,2026-04-05 08:59:00,2026-04-05 09:27:00,B28 A,76.0,13.28,5.72,4.45,1.8,28.0
49,2026-04-05,SN3800,2026-04-05 06:15:00,2026-04-05 06:16:00,1.0,2026-04-05 06:28:00,2026-04-05 06:30:00,A65 ,27.0,12.13,2.23,4.93,1.69,2.0
49,2026-04-05,TB1552,2026-04-05 07:47:00,2026-04-05 07:43:00,-4.0,2026-04-05 07:55:00,2026-04-05 07:59:00,A68 ,66.0,9.92,6.65,4.45,1.87,4.0
49,2026-04-05,TB2632,2026-04-05 09:29:00,2026-04-05 09:09:00,-20.0,2026-04-05 09:35:00,2026-04-05 09:44:00,B9  A,114.0,11.13,10.24,4.49,1.86,9.0
49,2026-04-05,TB2662,2026-04-05 09:15:00,2026-04-05 09:04:00,-11.0,2026-04-05 09:22:00,2026-04-05 09:30:00,B34 A,90.0,8.37,10.75,4.55,2.27,8.0
49,2026-04-05,TG934,2026-04-05 09:21:00,2026-04-05 09:16:00,-5.0,2026-04-05 09:38:00,2026-04-05 09:58:00,B38 A,249.0,14.18,17.55,5.18,2.25,20.0
49,2026-04-05,UA950,2026-04-05 10:20:00,2026-04-05 09:58:00,-22.0,2026-04-05 10:24:00,2026-04-05 10:51:00,B40 A,188.0,14.43,13.03,5.69,2.18,27.0
49,2026-04-05,UA994,2026-04-05 11:51:00,2026-04-05 11:37:00,-14.0,2026-04-05 11:55:00,2026-04-05 12:25:00,B40 A,157.0,12.87,12.2,4.8,2.59,30.0
49,2026-04-05,XR5402,2026-04-05 07:46:00,2026-04-05 08:56:00,70.0,2026-04-05 09:23:00,2026-04-05 09:26:00,B5  A,88.0,12.5,7.04,4.98,1.67,3.0
50,2026-04-05,AC832,2026-04-05 10:17:00,2026-04-05 10:43:00,26.0,2026-04-05 11:00:00,2026-04-05 11:34:00,B14 A,172.0,12.25,14.04,4.17,1.6,34.0
50,2026-04-05,ET750,2026-04-05 11:13:00,2026-04-05 11:34:00,21.0,2026-04-05 12:17:00,2026-04-05 13:03:00,B17 A,464.0,14.15,32.8,4.38,1.92,46.0
50,2026-04-05,FH8116,2026-04-05 12:44:00,2026-04-05 12:48:00,4.0,2026-04-05 13:06:00,2026-04-05 13:13:00,B38 A,140.0,11.75,11.92,4.75,2.46,7.0
50,2026-04-05,LH1004,2026-04-05 09:50:00,2026-04-05 09:53:00,3.0,2026-04-05 10:20:00,2026-04-05 10:27:00,A43 ,33.0,11.53,2.86,4.62,1.8,7.0
50,2026-04-05,SN1122,2026-04-05 08:39:00,2026-04-05 09:08:00,29.0,2026-04-05 09:20:00,2026-04-05 09:21:00,B40 A,13.0,9.53,1.36,5.48,2.26,1.0
50,2026-04-05,SN1124,2026-04-05 07:10:00,2026-04-05 07:19:00,9.0,2026-04-05 07:32:00,2026-04-05 07:48:00,B30 A,138.0,15.19,9.09,5.39,1.66,16.0
50,2026-04-05,SN206,2026-04-05 06:25:00,2026-04-05 06:48:00,23.0,2026-04-05 07:07:00,2026-04-05 07:30:00,B38 A,154.0,14.36,10.73,5.28,2.21,23.0
50,2026-04-05,SN229,2026-04-05 12:06:00,2026-04-05 12:12:00,6.0,2026-04-05 12:39:00,2026-04-05 13:03:00,B28 A,20.0,13.63,1.47,5.07,1.58,24.0
50,2026-04-05,SN278,2026-04-05 08:43:00,2026-04-05 08:27:00,-16.0,2026-04-05 08:40:00,2026-04-05 09:10:00,B37 A,123.0,13.3,9.25,4.17,2.92,30.0
50,2026-04-05,SN2900,2026-04-05 10:44:00,2026-04-05 11:04:00,20.0,2026-04-05 11:13:00,2026-04-05 11:34:00,B32 A,49.0,12.37,3.96,4.24,2.28,21.0
50,2026-04-05,SN3326,2026-04-05 11:24:00,2026-04-05 11:41:00,17.0,2026-04-05 12:06:00,2026-04-05 12:12:00,B14 A,111.0,13.2,8.41,6.02,1.11,6.0
50,2026-04-05,SN358,2026-04-05 12:21:00,2026-04-05 12:23:00,2.0,2026-04-05 12:43:00,2026-04-05 13:14:00,B28 A,176.0,12.96,13.58,4.56,1.75,31.0
50,2026-04-05,SN379,2026-04-05 10:10:00,2026-04-05 11:03:00,53.0,2026-04-05 11:42:00,2026-04-05 12:19:00,B29 A,161.0,11.72,13.74,4.26,2.31,37.0
50,2026-04-05,SN3800,2026-04-05 06:15:00,2026-04-05 06:16:00,1.0,2026-04-05 06:28:00,2026-04-05 06:30:00,A65 ,27.0,13.0,2.08,6.85,1.22,2.0
50,2026-04-05,TB1552,2026-04-05 07:15:00,2026-04-05 07:08:00,-7.0,2026-04-05 07:38:00,2026-04-05 07:45:00,A61 ,152.0,11.74,12.95,4.77,1.75,7.0
50,2026-04-05,TB2632,2026-04-05 09:29:00,2026-04-05 09:09:00,-20.0,2026-04-05 09:35:00,2026-04-05 09:44:00,B9  A,114.0,12.31,9.26,5.52,1.51,9.0
50,2026-04-05,TB2662,2026-04-05 09:15:00,2026-04-05 09:04:00,-11.0,2026-04-05 09:22:00,2026-04-05 09:30:00,B34 A,90.0,12.83,7.01,4.86,2.12,8.0
50,2026-04-05,TG934,2026-04-05 09:21:00,2026-04-05 09:16:00,-5.0,2026-04-05 09:38:00,2026-04-05 09:58:00,B38 A,249.0,15.06,16.53,4.88,2.39,20.0
50,2026-04-05,UA950,2026-04-05 11:22:00,2026-04-05 11:02:00,-20.0,2026-04-05 11:22:00,2026-04-05 11:45:00,B28 A,170.0,14.49,11.73,3.86,2.07,23.0
50,2026-04-05,UA994,2026-04-05 11:51:00,2026-04-05 11:37:00,-14.0,2026-04-05 11:55:00,2026-04-05 12:25:00,B40 A,157.0,12.12,12.95,4.64,2.68,30.0
50,2026-04-05,XR5402,2026-04-05 07:46:00,2026-04-05 08:56:00,70.0,2026-04-05 09:23:00,2026-04-05 09:26:00,B5  A,88.0,15.04,5.85,4.83,1.73,3.0
51,2026-04-05,AC832,2026-04-05 08:17:00,2026-04-05 07:46:00,-31.0,2026-04-05 08:02:00,2026-04-05 08:29:00,B30 A,122.0,9.52,12.82,5.58,1.6,27.0
51,2026-04-05,ET750,2026-04-05 11:13:00,2026-04-05 11:34:00,21.0,2026-04-05 12:17:00,2026-04-05 13:03:00,B17 A,464.0,11.76,39.45,4.77,1.76,46.0
51,2026-04-05,FH8116,2026-04-05 06:35:00,2026-04-05 06:00:00,-35.0,2026-04-05 06:07:00,2026-04-05 06:09:00,B15 A,22.0,15.79,1.39,4.21,1.84,2.0
51,2026-04-05,LH1004,2026-04-05 12:50:00,2026-04-05 12:50:00,0.0,2026-04-05 13:03:00,2026-04-05 13:30:00,A43 ,40.0,10.01,3.99,5.01,1.66,27.0
51,2026-04-05,SN1122,2026-04-05 08:39:00,2026-04-05 09:08:00,29.0,2026-04-05 09:20:00,2026-04-05 09:21:00,B40 A,13.0,12.26,1.06,4.14,3.0,1.0
51,2026-04-05,SN1124,2026-04-05 07:10:00,2026-04-05 07:19:00,9.0,2026-04-05 07:32:00,2026-04-05 07:48:00,B30 A,138.0,15.27,9.03,5.62,1.59,16.0
51,2026-04-05,SN206,2026-04-05 06:25:00,2026-04-05 06:48:00,23.0,2026-04-05 07:07:00,2026-04-05 07:30:00,B38 A,154.0,12.36,12.46,4.21,2.77,23.0
51,2026-04-05,SN229,2026-04-05 12:06:00,2026-04-05 12:12:00,6.0,2026-04-05 12:39:00,2026-04-05 13:03:00,B28 A,20.0,12.71,1.57,4.56,1.76,24.0
51,2026-04-05,SN278,2026-04-05 12:46:00,2026-04-05 12:41:00,-5.0,2026-04-05 13:04:00,2026-04-05 13:33:00,B31 A,62.0,11.06,5.61,5.0,2.15,29.0
51,2026-04-05,SN2900,2026-04-05 07:39:00,2026-04-05 07:25:00,-14.0,2026-04-05 07:38:00,2026-04-05 07:53:00,B38 A,55.0,8.95,6.15,4.28,2.72,15.0
51,2026-04-05,SN3326,2026-04-05 11:24:00,2026-04-05 11:41:00,17.0,2026-04-05 12:06:00,2026-04-05 12:12:00,B14 A,111.0,8.65,12.84,5.19,1.29,6.0
51,2026-04-05,SN358,2026-04-05 10:21:00,2026-04-05 11:13:00,52.0,2026-04-05 11:43:00,2026-04-05 12:03:00,B38 A,126.0,12.6,10.0,5.44,2.15,20.0
51,2026-04-05,SN379,2026-04-05 08:11:00,2026-04-05 08:40:00,29.0,2026-04-05 08:59:00,2026-04-05 09:27:00,B28 A,76.0,11.52,6.6,5.39,1.48,28.0
51,2026-04-05,SN3800,2026-04-05 06:15:00,2026-04-05 06:16:00,1.0,2026-04-05 06:28:00,2026-04-05 06:30:00,A65 ,27.0,14.05,1.92,6.49,1.28,2.0
51,2026-04-05,TB1552,2026-04-05 07:15:00,2026-04-05 07:08:00,-7.0,2026-04-05 07:38:00,2026-04-05 07:45:00,A61 ,152.0,11.17,13.61,4.41,1.89,7.0
51,2026-04-05,TB2632,2026-04-05 09:29:00,2026-04-05 09:09:00,-20.0,2026-04-05 09:35:00,2026-04-05 09:44:00,B9  A,114.0,8.11,14.06,5.66,1.47,9.0
51,2026-04-05,TB2662,2026-04-05 09:15:00,2026-04-05 09:04:00,-11.0,2026-04-05 09:22:00,2026-04-05 09:30:00,B34 A,90.0,10.66,8.44,4.69,2.2,8.0
51,2026-04-05,TG934,2026-04-05 09:21:00,2026-04-05 09:16:00,-5.0,2026-04-05 09:38:00,2026-04-05 09:58:00,B38 A,249.0,14.62,17.03,4.86,2.4,20.0
51,2026-04-05,UA950,2026-04-05 09:21:00,2026-04-05 08:45:00,-36.0,2026-04-05 09:03:00,2026-04-05 09:29:00,B5  A,163.0,15.19,10.73,4.11,2.03,26.0
51,2026-04-05,UA994,2026-04-05 11:51:00,2026-04-05 11:37:00,-14.0,2026-04-05 11:55:00,2026-04-05 12:25:00,B40 A,157.0,13.8,11.38,5.11,2.43,30.0
51,2026-04-05,XR5402,2026-04-05 07:46:00,2026-04-05 08:56:00,70.0,2026-04-05 09:23:00,2026-04-05 09:26:00,B5  A,88.0,12.38,7.11,5.63,1.48,3.0
52,2026-04-05,AC832,2026-04-05 11:16:00,2026-04-05 10:39:00,-37.0,2026-04-05 10:54:00,2026-04-05 11:24:00,B5  A,101.0,13.44,7.51,5.81,1.43,30.0
52,2026-04-05,ET750,2026-04-05 11:13:00,2026-04-05 11:34:00,21.0,2026-04-05 12:17:00,2026-04-05 13:03:00,B17 A,464.0,13.74,33.76,4.51,1.86,46.0
52,2026-04-05,FH8116,2026-04-05 12:44:00,2026-04-05 12:48:00,4.0,2026-04-05 13:06:00,2026-04-05 13:13:00,B38 A,140.0,11.78,11.89,6.06,1.93,7.0
52,2026-04-05,LH1004,2026-04-05 08:50:00,2026-04-05 08:53:00,3.0,2026-04-05 09:06:00,2026-04-05 09:12:00,A43 ,29.0,12.96,2.24,5.15,1.62,6.0
52,2026-04-05,SN1122,2026-04-05 08:39:00,2026-04-05 09:08:00,29.0,2026-04-05 09:20:00,2026-04-05 09:21:00,B40 A,13.0,12.16,1.07,8.08,1.54,1.0
52,2026-04-05,SN1124,2026-04-05 07:10:00,2026-04-05 07:19:00,9.0,2026-04-05 07:32:00,2026-04-05 07:48:00,B30 A,138.0,12.39,11.13,5.97,1.49,16.0
52,2026-04-05,SN206,2026-04-05 06:25:00,2026-04-05 06:48:00,23.0,2026-04-05 07:07:00,2026-04-05 07:30:00,B38 A,154.0,16.94,9.09,4.83,2.42,23.0
52,2026-04-05,SN229,2026-04-05 10:04:00,2026-04-05 10:26:00,22.0,2026-04-05 10:41:00,2026-04-05 11:10:00,B31 A,120.0,13.79,8.7,4.99,2.16,29.0
52,2026-04-05,SN278,2026-04-05 12:46:00,2026-04-05 12:41:00,-5.0,2026-04-05 13:04:00,2026-04-05 13:33:00,B31 A,62.0,11.64,5.33,5.76,1.87,29.0
52,2026-04-05,SN2900,2026-04-05 10:44:00,2026-04-05 11:04:00,20.0,2026-04-05 11:13:00,2026-04-05 11:34:00,B32 A,49.0,10.17,4.82,5.65,1.71,21.0
52,2026-04-05,SN3326,2026-04-05 11:24:00,2026-04-05 11:41:00,17.0,2026-04-05 12:06:00,2026-04-05 12:12:00,B14 A,111.0,11.7,9.49,3.73,1.79,6.0
52,2026-04-05,SN358,2026-04-05 12:21:00,2026-04-05 12:23:00,2.0,2026-04-05 12:43:00,2026-04-05 13:14:00,B28 A,176.0,10.44,16.86,5.22,1.53,31.0
52,2026-04-05,SN379,2026-04-05 10:10:00,2026-04-05 11:03:00,53.0,2026-04-05 11:42:00,2026-04-05 12:19:00,B29 A,161.0,11.4,14.12,3.9,2.52,37.0
52,2026-04-05,SN3800,2026-04-05 06:15:00,2026-04-05 06:16:00,1.0,2026-04-05 06:28:00,2026-04-05 06:30:00,A65 ,27.0,14.54,1.86,4.34,1.92,2.0
52,2026-04-05,TB1552,2026-04-05 08:29:00,2026-04-05 08:25:00,-4.0,2026-04-05 08:46:00,2026-04-05 08:54:00,A61 ,166.0,11.56,14.36,4.1,2.03,8.0
52,2026-04-05,TB2632,2026-04-05 09:29:00,2026-04-05 09:09:00,-20.0,2026-04-05 09:35:00,2026-04-05 09:44:00,B9  A,114.0,11.35,10.04,5.23,1.59,9.0
52,2026-04-05,TB2662,2026-04-05 09:15:00,2026-04-05 09:04:00,-11.0,2026-04-05 09:22:00,2026-04-05 09:30:00,B34 A,90.0,14.98,6.01,5.32,1.94,8.0
52,2026-04-05,TG934,2026-04-05 12:22:00,2026-04-05 12:26:00,4.0,2026-04-05 12:46:00,2026-04-05 13:15:00,B34 A,260.0,15.0,17.34,5.32,1.94,29.0
52,2026-04-05,UA950,2026-04-05 08:20:00,2026-04-05 08:20:00,0.0,2026-04-05 08:36:00,2026-04-05 09:25:00,B38 A,176.0,13.55,12.99,5.73,2.04,49.0
52,2026-04-05,UA994,2026-04-05 11:51:00,2026-04-05 11:37:00,-14.0,2026-04-05 11:55:00,2026-04-05 12:25:00,B40 A,157.0,10.65,14.74,6.02,2.06,30.0
52,2026-04-05,XR5402,2026-04-05 07:46:00,2026-04-05 08:56:00,70.0,2026-04-05 09:23:00,2026-04-05 09:26:00,B5  A,88.0,14.21,6.19,4.53,1.84,3.0
53,2026-04-05,AC832,2026-04-05 08:17:00,2026-04-05 07:46:00,-31.0,2026-04-05 08:02:00,2026-04-05 08:29:00,B30 A,122.0,12.54,9.73,5.43,1.64,27.0
53,2026-04-05,ET750,2026-04-05 11:13:00,2026-04-05 11:34:00,21.0,2026-04-05 12:17:00,2026-04-05 13:03:00,B17 A,464.0,11.87,39.09,7.3,1.15,46.0
53,2026-04-05,FH8116,2026-04-05 06:35:00,2026-04-05 06:00:00,-35.0,2026-04-05 06:07:00,2026-04-05 06:09:00,B15 A,22.0,15.12,1.46,4.38,1.77,2.0
53,2026-04-05,LH1004,2026-04-05 08:50:00,2026-04-05 08:53:00,3.0,2026-04-05 09:06:00,2026-04-05 09:12:00,A43 ,29.0,14.51,2.0,7.32,1.14,6.0
53,2026-04-05,SN1122,2026-04-05 08:39:00,2026-04-05 09:08:00,29.0,2026-04-05 09:20:00,2026-04-05 09:21:00,B40 A,13.0,12.88,1.01,5.64,2.2,1.0
53,2026-04-05,SN1124,2026-04-05 07:10:00,2026-04-05 07:19:00,9.0,2026-04-05 07:32:00,2026-04-05 07:48:00,B30 A,138.0,15.69,8.8,5.09,1.75,16.0
53,2026-04-05,SN206,2026-04-05 06:25:00,2026-04-05 06:48:00,23.0,2026-04-05 07:07:00,2026-04-05 07:30:00,B38 A,154.0,12.02,12.81,3.89,3.0,23.0
53,2026-04-05,SN229,2026-04-05 12:06:00,2026-04-05 12:12:00,6.0,2026-04-05 12:39:00,2026-04-05 13:03:00,B28 A,20.0,14.0,1.43,6.21,1.29,24.0
53,2026-04-05,SN278,2026-04-05 08:43:00,2026-04-05 08:27:00,-16.0,2026-04-05 08:40:00,2026-04-05 09:10:00,B37 A,123.0,13.57,9.06,4.83,2.52,30.0
53,2026-04-05,SN2900,2026-04-05 08:46:00,2026-04-05 08:33:00,-13.0,2026-04-05 08:58:00,2026-04-05 09:02:00,B14 A,79.0,13.76,5.74,5.4,1.24,4.0
53,2026-04-05,SN3326,2026-04-05 11:24:00,2026-04-05 11:41:00,17.0,2026-04-05 12:06:00,2026-04-05 12:12:00,B14 A,111.0,13.32,8.33,5.41,1.23,6.0
53,2026-04-05,SN358,2026-04-05 12:21:00,2026-04-05 12:23:00,2.0,2026-04-05 12:43:00,2026-04-05 13:14:00,B28 A,176.0,14.95,11.77,5.32,1.5,31.0
53,2026-04-05,SN379,2026-04-05 10:10:00,2026-04-05 11:03:00,53.0,2026-04-05 11:42:00,2026-04-05 12:19:00,B29 A,161.0,13.46,11.96,5.1,1.93,37.0
53,2026-04-05,SN3800,2026-04-05 06:15:00,2026-04-05 06:16:00,1.0,2026-04-05 06:28:00,2026-04-05 06:30:00,A65 ,27.0,13.12,2.06,4.63,1.8,2.0
53,2026-04-05,TB1552,2026-04-05 10:15:00,2026-04-05 10:31:00,16.0,2026-04-05 10:50:00,2026-04-05 10:59:00,A69 ,164.0,13.54,12.11,5.03,1.66,9.0
53,2026-04-05,TB2632,2026-04-05 09:29:00,2026-04-05 09:09:00,-20.0,2026-04-05 09:35:00,2026-04-05 09:44:00,B9  A,114.0,13.01,8.77,4.5,1.85,9.0
53,2026-04-05,TB2662,2026-04-05 09:15:00,2026-04-05 09:04:00,-11.0,2026-04-05 09:22:00,2026-04-05 09:30:00,B34 A,90.0,14.0,6.43,4.57,2.26,8.0
53,2026-04-05,TG934,2026-04-05 09:21:00,2026-04-05 09:16:00,-5.0,2026-04-05 09:38:00,2026-04-05 09:58:00,B38 A,249.0,13.0,19.16,4.2,2.78,20.0
53,2026-04-05,UA950,2026-04-05 09:21:00,2026-04-05 08:45:00,-36.0,2026-04-05 09:03:00,2026-04-05 09:29:00,B5  A,163.0,10.9,14.95,4.1,2.03,26.0
53,2026-04-05,UA994,2026-04-05 08:51:00,2026-04-05 08:32:00,-19.0,2026-04-05 08:52:00,2026-04-05 09:25:00,B40 A,171.0,11.09,15.42,4.77,2.6,33.0
53,2026-04-05,XR5402,2026-04-05 07:46:00,2026-04-05 08:56:00,70.0,2026-04-05 09:23:00,2026-04-05 09:26:00,B5  A,88.0,12.25,7.18,4.78,1.74,3.0
54,2026-04-05,AC832,2026-04-05 12:18:00,2026-04-05 11:38:00,-40.0,2026-04-05 11:54:00,2026-04-05 12:17:00,B30 A,100.0,13.07,7.65,6.24,1.43,23.0
54,2026-04-05,ET750,2026-04-05 11:13:00,2026-04-05 11:34:00,21.0,2026-04-05 12:17:00,2026-04-05 13:03:00,B17 A,464.0,12.9,35.97,5.85,1.44,46.0
54,2026-04-05,FH8116,2026-04-05 12:44:00,2026-04-05 12:48:00,4.0,2026-04-05 13:06:00,2026-04-05 13:13:00,B38 A,140.0,13.77,10.17,4.12,2.83,7.0
54,2026-04-05,LH1004,2026-04-05 12:50:00,2026-04-05 12:50:00,0.0,2026-04-05 13:03:00,2026-04-05 13:30:00,A43 ,40.0,11.5,3.48,6.34,1.32,27.0
54,2026-04-05,SN1122,2026-04-05 08:39:00,2026-04-05 09:08:00,29.0,2026-04-05 09:20:00,2026-04-05 09:21:00,B40 A,13.0,14.41,0.9,5.13,2.42,1.0
54,2026-04-05,SN1124,2026-04-05 07:10:00,2026-04-05 07:19:00,9.0,2026-04-05 07:32:00,2026-04-05 07:48:00,B30 A,138.0,15.58,8.86,6.24,1.43,16.0
54,2026-04-05,SN206,2026-04-05 06:25:00,2026-04-05 06:48:00,23.0,2026-04-05 07:07:00,2026-04-05 07:30:00,B38 A,154.0,14.13,10.9,4.66,2.5,23.0
54,2026-04-05,SN229,2026-04-05 10:04:00,2026-04-05 10:26:00,22.0,2026-04-05 10:41:00,2026-04-05 11:10:00,B31 A,120.0,14.28,8.4,4.87,2.21,29.0
54,2026-04-05,SN278,2026-04-05 08:43:00,2026-04-05 08:27:00,-16.0,2026-04-05 08:40:00,2026-04-05 09:10:00,B37 A,123.0,13.02,9.45,5.19,2.34,30.0
54,2026-04-05,SN2900,2026-04-05 10:44:00,2026-04-05 11:04:00,20.0,2026-04-05 11:13:00,2026-04-05 11:34:00,B32 A,49.0,11.96,4.1,4.59,2.11,21.0
54,2026-04-05,SN3326,2026-04-05 11:24:00,2026-04-05 11:41:00,17.0,2026-04-05 12:06:00,2026-04-05 12:12:00,B14 A,111.0,11.7,9.49,4.06,1.64,6.0
54,2026-04-05,SN358,2026-04-05 10:21:00,2026-04-05 11:13:00,52.0,2026-04-05 11:43:00,2026-04-05 12:03:00,B38 A,126.0,14.03,8.98,4.67,2.5,20.0
54,2026-04-05,SN379,2026-04-05 08:11:00,2026-04-05 08:40:00,29.0,2026-04-05 08:59:00,2026-04-05 09:27:00,B28 A,76.0,11.88,6.4,4.63,1.73,28.0
54,2026-04-05,SN3800,2026-04-05 06:15:00,2026-04-05 06:16:00,1.0,2026-04-05 06:28:00,2026-04-05 06:30:00,A65 ,27.0,10.54,2.56,5.75,1.45,2.0
54,2026-04-05,TB1552,2026-04-05 07:15:00,2026-04-05 07:08:00,-7.0,2026-04-05 07:38:00,2026-04-05 07:45:00,A61 ,152.0,11.07,13.73,5.53,1.51,7.0
54,2026-04-05,TB2632,2026-04-05 09:29:00,2026-04-05 09:09:00,-20.0,2026-04-05 09:35:00,2026-04-05 09:44:00,B9  A,114.0,11.56,9.86,5.17,1.61,9.0
54,2026-04-05,TB2662,2026-04-05 09:15:00,2026-04-05 09:04:00,-11.0,2026-04-05 09:22:00,2026-04-05 09:30:00,B34 A,90.0,12.02,7.49,4.12,2.51,8.0
54,2026-04-05,TG934,2026-04-05 09:21:00,2026-04-05 09:16:00,-5.0,2026-04-05 09:38:00,2026-04-05 09:58:00,B38 A,249.0,15.67,15.89,4.86,2.4,20.0
54,2026-04-05,UA950,2026-04-05 11:22:00,2026-04-05 11:02:00,-20.0,2026-04-05 11:22:00,2026-04-05 11:45:00,B28 A,170.0,13.95,12.19,5.3,1.51,23.0
54,2026-04-05,UA994,2026-04-05 10:51:00,2026-04-05 10:01:00,-50.0,2026-04-05 10:18:00,2026-04-05 10:42:00,B38 A,177.0,12.66,13.98,3.99,2.93,24.0
54,2026-04-05,XR5402,2026-04-05 07:46:00,2026-04-05 08:56:00,70.0,2026-04-05 09:23:00,2026-04-05 09:26:00,B5  A,88.0,12.75,6.9,4.41,1.89,3.0
55,2026-04-05,AC832,2026-04-05 12:18:00,2026-04-05 11:38:00,-40.0,2026-04-05 11:54:00,2026-04-05 12:17:00,B30 A,100.0,10.72,9.32,3.77,2.37,23.0
55,2026-04-05,ET750,2026-04-05 11:13:00,2026-04-05 11:34:00,21.0,2026-04-05 12:17:00,2026-04-05 13:03:00,B17 A,464.0,11.58,40.07,5.48,1.54,46.0
55,2026-04-05,FH8116,2026-04-05 12:44:00,2026-04-05 12:48:00,4.0,2026-04-05 13:06:00,2026-04-05 13:13:00,B38 A,140.0,10.74,13.04,5.82,2.0,7.0
55,2026-04-05,LH1004,2026-04-05 12:50:00,2026-04-05 12:50:00,0.0,2026-04-05 13:03:00,2026-04-05 13:30:00,A43 ,40.0,8.36,4.79,4.35,1.92,27.0
55,2026-04-05,SN1122,2026-04-05 08:39:00,2026-04-05 09:08:00,29.0,2026-04-05 09:20:00,2026-04-05 09:21:00,B40 A,13.0,11.76,1.11,5.02,2.47,1.0
55,2026-04-05,SN1124,2026-04-05 07:10:00,2026-04-05 07:19:00,9.0,2026-04-05 07:32:00,2026-04-05 07:48:00,B30 A,138.0,13.84,9.97,4.88,1.83,16.0
55,2026-04-05,SN206,2026-04-05 06:25:00,2026-04-05 06:48:00,23.0,2026-04-05 07:07:00,2026-04-05 07:30:00,B38 A,154.0,12.14,12.69,4.07,2.87,23.0
55,2026-04-05,SN229,2026-04-05 10:04:00,2026-04-05 10:26:00,22.0,2026-04-05 10:41:00,2026-04-05 11:10:00,B31 A,120.0,15.03,7.98,5.08,2.12,29.0
55,2026-04-05,SN278,2026-04-05 10:45:00,2026-04-05 10:42:00,-3.0,2026-04-05 11:04:00,2026-04-05 11:16:00,B28 A,198.0,11.69,16.94,5.53,1.45,12.0
55,2026-04-05,SN2900,2026-04-05 08:46:00,2026-04-05 08:33:00,-13.0,2026-04-05 08:58:00,2026-04-05 09:02:00,B14 A,79.0,14.09,5.61,6.42,1.04,4.0
55,2026-04-05,SN3326,2026-04-05 11:24:00,2026-04-05 11:41:00,17.0,2026-04-05 12:06:00,2026-04-05 12:12:00,B14 A,111.0,11.2,9.91,6.39,1.04,6.0
55,2026-04-05,SN358,2026-04-05 12:21:00,2026-04-05 12:23:00,2.0,2026-04-05 12:43:00,2026-04-05 13:14:00,B28 A,176.0,11.82,14.89,4.66,1.72,31.0
55,2026-04-05,SN379,2026-04-05 10:10:00,2026-04-05 11:03:00,53.0,2026-04-05 11:42:00,2026-04-05 12:19:00,B29 A,161.0,12.14,13.26,4.2,2.34,37.0
55,2026-04-05,SN3800,2026-04-05 06:15:00,2026-04-05 06:16:00,1.0,2026-04-05 06:28:00,2026-04-05 06:30:00,A65 ,27.0,14.73,1.83,5.68,1.47,2.0
55,2026-04-05,TB1552,2026-04-05 08:29:00,2026-04-05 08:25:00,-4.0,2026-04-05 08:46:00,2026-04-05 08:54:00,A61 ,166.0,14.64,11.34,5.26,1.58,8.0
55,2026-04-05,TB2632,2026-04-05 09:29:00,2026-04-05 09:09:00,-20.0,2026-04-05 09:35:00,2026-04-05 09:44:00,B9  A,114.0,12.67,9.0,5.07,1.64,9.0
55,2026-04-05,TB2662,2026-04-05 09:15:00,2026-04-05 09:04:00,-11.0,2026-04-05 09:22:00,2026-04-05 09:30:00,B34 A,90.0,13.98,6.44,4.7,2.2,8.0
55,2026-04-05,TG934,2026-04-05 09:21:00,2026-04-05 09:16:00,-5.0,2026-04-05 09:38:00,2026-04-05 09:58:00,B38 A,249.0,12.72,19.58,6.25,1.87,20.0
55,2026-04-05,UA950,2026-04-05 09:21:00,2026-04-05 08:45:00,-36.0,2026-04-05 09:03:00,2026-04-05 09:29:00,B5  A,163.0,11.28,14.45,4.73,1.76,26.0
55,2026-04-05,UA994,2026-04-05 12:51:00,2026-04-05 12:35:00,-16.0,2026-04-05 12:54:00,2026-04-05 13:24:00,B38 A,109.0,13.97,7.8,4.53,2.58,30.0
55,2026-04-05,XR5402,2026-04-05 07:46:00,2026-04-05 08:56:00,70.0,2026-04-05 09:23:00,2026-04-05 09:26:00,B5  A,88.0,11.08,7.94,5.29,1.58,3.0
56,2026-04-05,AC832,2026-04-05 09:18:00,2026-04-05 08:45:00,-33.0,2026-04-05 09:06:00,2026-04-05 09:59:00,B28 A,110.0,13.94,7.89,7.15,1.12,53.0
56,2026-04-05,ET750,2026-04-05 11:13:00,2026-04-05 11:34:00,21.0,2026-04-05 12:17:00,2026-04-05 13:03:00,B17 A,464.0,11.6,40.01,4.84,1.74,46.0
56,2026-04-05,FH8116,2026-04-05 12:44:00,2026-04-05 12:48:00,4.0,2026-04-05 13:06:00,2026-04-05 13:13:00,B38 A,140.0,16.38,8.55,6.7,1.74,7.0
56,2026-04-05,LH1004,2026-04-05 09:50:00,2026-04-05 09:53:00,3.0,2026-04-05 10:20:00,2026-04-05 10:27:00,A43 ,33.0,10.29,3.21,5.64,1.48,7.0
56,2026-04-05,SN1122,2026-04-05 08:39:00,2026-04-05 09:08:00,29.0,2026-04-05 09:20:00,2026-04-05 09:21:00,B40 A,13.0,11.46,1.13,5.15,2.41,1.0
56,2026-04-05,SN1124,2026-04-05 07:10:00,2026-04-05 07:19:00,9.0,2026-04-05 07:32:00,2026-04-05 07:48:00,B30 A,138.0,13.87,9.95,4.74,1.88,16.0
56,2026-04-05,SN206,2026-04-05 06:25:00,2026-04-05 06:48:00,23.0,2026-04-05 07:07:00,2026-04-05 07:30:00,B38 A,154.0,13.41,11.48,4.37,2.67,23.0
56,2026-04-05,SN229,2026-04-05 08:06:00,2026-04-05 09:20:00,74.0,2026-04-05 09:41:00,2026-04-05 10:22:00,B14 A,144.0,10.65,13.52,4.14,1.61,41.0
56,2026-04-05,SN278,2026-04-05 10:45:00,2026-04-05 10:42:00,-3.0,2026-04-05 11:04:00,2026-04-05 11:16:00,B28 A,198.0,12.54,15.79,4.34,1.84,12.0
56,2026-04-05,SN2900,2026-04-05 07:39:00,2026-04-05 07:25:00,-14.0,2026-04-05 07:38:00,2026-04-05 07:53:00,B38 A,55.0,11.37,4.84,4.98,2.34,15.0
56,2026-04-05,SN3326,2026-04-05 11:24:00,2026-04-05 11:41:00,17.0,2026-04-05 12:06:00,2026-04-05 12:12:00,B14 A,111.0,12.07,9.2,4.28,1.56,6.0
56,2026-04-05,SN358,2026-04-05 10:21:00,2026-04-05 11:13:00,52.0,2026-04-05 11:43:00,2026-04-05 12:03:00,B38 A,126.0,13.78,9.15,4.66,2.5,20.0
56,2026-04-05,SN379,2026-04-05 10:10:00,2026-04-05 11:03:00,53.0,2026-04-05 11:42:00,2026-04-05 12:19:00,B29 A,161.0,10.78,14.94,3.64,2.7,37.0
56,2026-04-05,SN3800,2026-04-05 06:15:00,2026-04-05 06:16:00,1.0,2026-04-05 06:28:00,2026-04-05 06:30:00,A65 ,27.0,13.06,2.07,4.04,2.06,2.0
56,2026-04-05,TB1552,2026-04-05 10:15:00,2026-04-05 10:31:00,16.0,2026-04-05 10:50:00,2026-04-05 10:59:00,A69 ,164.0,12.75,12.86,4.51,1.85,9.0
56,2026-04-05,TB2632,2026-04-05 09:29:00,2026-04-05 09:09:00,-20.0,2026-04-05 09:35:00,2026-04-05 09:44:00,B9  A,114.0,11.34,10.05,4.27,1.95,9.0
56,2026-04-05,TB2662,2026-04-05 09:15:00,2026-04-05 09:04:00,-11.0,2026-04-05 09:22:00,2026-04-05 09:30:00,B34 A,90.0,10.85,8.29,5.39,1.92,8.0
56,2026-04-05,TG934,2026-04-05 09:21:00,2026-04-05 09:16:00,-5.0,2026-04-05 09:38:00,2026-04-05 09:58:00,B38 A,249.0,15.45,16.11,4.4,2.65,20.0
56,2026-04-05,UA950,2026-04-05 12:20:00,2026-04-05 11:58:00,-22.0,2026-04-05 12:14:00,2026-04-05 12:42:00,B37 A,127.0,11.37,11.17,3.59,3.39,28.0
56,2026-04-05,UA994,2026-04-05 09:51:00,2026-04-05 11:28:00,97.0,2026-04-05 11:44:00,2026-04-05 12:09:00,B40 A,135.0,11.52,11.71,5.3,2.34,25.0
56,2026-04-05,XR5402,2026-04-05 07:46:00,2026-04-05 08:56:00,70.0,2026-04-05 09:23:00,2026-04-05 09:26:00,B5  A,88.0,8.77,10.04,4.38,1.9,3.0
57,2026-04-05,AC832,2026-04-05 11:16:00,2026-04-05 10:39:00,-37.0,2026-04-05 10:54:00,2026-04-05 11:24:00,B5  A,101.0,12.88,7.84,5.3,1.57,30.0
57,2026-04-05,ET750,2026-04-05 11:13:00,2026-04-05 11:34:00,21.0,2026-04-05 12:17:00,2026-04-05 13:03:00,B17 A,464.0,12.46,37.24,3.81,2.21,46.0
57,2026-04-05,FH8116,2026-04-05 12:44:00,2026-04-05 12:48:00,4.0,2026-04-05 13:06:00,2026-04-05 13:13:00,B38 A,140.0,14.07,9.95,4.06,2.87,7.0
57,2026-04-05,LH1004,2026-04-05 12:50:00,2026-04-05 12:50:00,0.0,2026-04-05 13:03:00,2026-04-05 13:30:00,A43 ,40.0,12.61,3.17,4.01,2.08,27.0
57,2026-04-05,SN1122,2026-04-05 08:39:00,2026-04-05 09:08:00,29.0,2026-04-05 09:20:00,2026-04-05 09:21:00,B40 A,13.0,13.01,1.0,4.58,2.71,1.0
57,2026-04-05,SN1124,2026-04-05 07:10:00,2026-04-05 07:19:00,9.0,2026-04-05 07:32:00,2026-04-05 07:48:00,B30 A,138.0,14.6,9.45,4.7,1.9,16.0
57,2026-04-05,SN206,2026-04-05 06:25:00,2026-04-05 06:48:00,23.0,2026-04-05 07:07:00,2026-04-05 07:30:00,B38 A,154.0,13.46,11.44,5.25,2.22,23.0
57,2026-04-05,SN229,2026-04-05 12:06:00,2026-04-05 12:12:00,6.0,2026-04-05 12:39:00,2026-04-05 13:03:00,B28 A,20.0,12.3,1.63,6.31,1.27,24.0
57,2026-04-05,SN278,2026-04-05 12:46:00,2026-04-05 12:41:00,-5.0,2026-04-05 13:04:00,2026-04-05 13:33:00,B31 A,62.0,11.69,5.3,3.88,2.77,29.0
57,2026-04-05,SN2900,2026-04-05 07:39:00,2026-04-05 07:25:00,-14.0,2026-04-05 07:38:00,2026-04-05 07:53:00,B38 A,55.0,14.5,3.79,5.47,2.13,15.0
57,2026-04-05,SN3326,2026-04-05 11:24:00,2026-04-05 11:41:00,17.0,2026-04-05 12:06:00,2026-04-05 12:12:00,B14 A,111.0,13.12,8.46,5.53,1.21,6.0
57,2026-04-05,SN358,2026-04-05 08:21:00,2026-04-05 08:24:00,3.0,2026-04-05 08:42:00,2026-04-05 09:09:00,B14 A,112.0,15.13,7.4,5.5,1.21,27.0
57,2026-04-05,SN379,2026-04-05 08:11:00,2026-04-05 08:40:00,29.0,2026-04-05 08:59:00,2026-04-05 09:27:00,B28 A,76.0,14.55,5.22,3.9,2.05,28.0
57,2026-04-05,SN3800,2026-04-05 06:15:00,2026-04-05 06:16:00,1.0,2026-04-05 06:28:00,2026-04-05 06:30:00,A65 ,27.0,11.65,2.32,5.29,1.58,2.0
57,2026-04-05,TB1552,2026-04-05 07:47:00,2026-04-05 07:43:00,-4.0,2026-04-05 07:55:00,2026-04-05 07:59:00,A68 ,66.0,11.03,5.98,4.8,1.73,4.0
57,2026-04-05,TB2632,2026-04-05 09:29:00,2026-04-05 09:09:00,-20.0,2026-04-05 09:35:00,2026-04-05 09:44:00,B9  A,114.0,8.9,12.8,5.0,1.67,9.0
57,2026-04-05,TB2662,2026-04-05 09:15:00,2026-04-05 09:04:00,-11.0,2026-04-05 09:22:00,2026-04-05 09:30:00,B34 A,90.0,12.78,7.04,5.09,2.03,8.0
57,2026-04-05,TG934,2026-04-05 09:21:00,2026-04-05 09:16:00,-5.0,2026-04-05 09:38:00,2026-04-05 09:58:00,B38 A,249.0,14.68,16.97,6.05,1.93,20.0
57,2026-04-05,UA950,2026-04-05 12:20:00,2026-04-05 11:58:00,-22.0,2026-04-05 12:14:00,2026-04-05 12:42:00,B37 A,127.0,12.3,10.32,5.74,2.12,28.0
57,2026-04-05,UA994,2026-04-05 09:51:00,2026-04-05 11:28:00,97.0,2026-04-05 11:44:00,2026-04-05 12:09:00,B40 A,135.0,10.0,13.49,5.2,2.39,25.0
57,2026-04-05,XR5402,2026-04-05 07:46:00,2026-04-05 08:56:00,70.0,2026-04-05 09:23:00,2026-04-05 09:26:00,B5  A,88.0,12.59,6.99,4.34,1.92,3.0
58,2026-04-05,AC832,2026-04-05 08:17:00,2026-04-05 07:46:00,-31.0,2026-04-05 08:02:00,2026-04-05 08:29:00,B30 A,122.0,11.66,10.46,4.34,2.05,27.0
58,2026-04-05,ET750,2026-04-05 11:13:00,2026-04-05 11:34:00,21.0,2026-04-05 12:17:00,2026-04-05 13:03:00,B17 A,464.0,15.19,30.54,5.39,1.56,46.0
58,2026-04-05,FH8116,2026-04-05 12:44:00,2026-04-05 12:48:00,4.0,2026-04-05 13:06:00,2026-04-05 13:13:00,B38 A,140.0,13.15,10.65,4.14,2.82,7.0
58,2026-04-05,LH1004,2026-04-05 09:50:00,2026-04-05 09:53:00,3.0,2026-04-05 10:20:00,2026-04-05 10:27:00,A43 ,33.0,10.8,3.06,5.05,1.65,7.0
58,2026-04-05,SN1122,2026-04-05 08:39:00,2026-04-05 09:08:00,29.0,2026-04-05 09:20:00,2026-04-05 09:21:00,B40 A,13.0,14.14,0.92,4.95,2.51,1.0
58,2026-04-05,SN1124,2026-04-05 07:10:00,2026-04-05 07:19:00,9.0,2026-04-05 07:32:00,2026-04-05 07:48:00,B30 A,138.0,12.78,10.8,4.45,2.0,16.0
58,2026-04-05,SN206,2026-04-05 06:25:00,2026-04-05 06:48:00,23.0,2026-04-05 07:07:00,2026-04-05 07:30:00,B38 A,154.0,12.03,12.8,5.3,2.2,23.0
58,2026-04-05,SN229,2026-04-05 10:04:00,2026-04-05 10:26:00,22.0,2026-04-05 10:41:00,2026-04-05 11:10:00,B31 A,120.0,13.26,9.05,4.49,2.4,29.0
58,2026-04-05,SN278,2026-04-05 08:43:00,2026-04-05 08:27:00,-16.0,2026-04-05 08:40:00,2026-04-05 09:10:00,B37 A,123.0,13.78,8.93,4.59,2.65,30.0
58,2026-04-05,SN2900,2026-04-05 10:44:00,2026-04-05 11:04:00,20.0,2026-04-05 11:13:00,2026-04-05 11:34:00,B32 A,49.0,13.14,3.73,5.14,1.88,21.0
58,2026-04-05,SN3326,2026-04-05 11:24:00,2026-04-05 11:41:00,17.0,2026-04-05 12:06:00,2026-04-05 12:12:00,B14 A,111.0,10.85,10.23,5.67,1.17,6.0
58,2026-04-05,SN358,2026-04-05 10:21:00,2026-04-05 11:13:00,52.0,2026-04-05 11:43:00,2026-04-05 12:03:00,B38 A,126.0,12.98,9.71,3.6,3.24,20.0
58,2026-04-05,SN379,2026-04-05 08:11:00,2026-04-05 08:40:00,29.0,2026-04-05 08:59:00,2026-04-05 09:27:00,B28 A,76.0,11.1,6.85,4.48,1.79,28.0
58,2026-04-05,SN3800,2026-04-05 06:15:00,2026-04-05 06:16:00,1.0,2026-04-05 06:28:00,2026-04-05 06:30:00,A65 ,27.0,11.71,2.31,4.94,1.69,2.0
58,2026-04-05,TB1552,2026-04-05 07:47:00,2026-04-05 07:43:00,-4.0,2026-04-05 07:55:00,2026-04-05 07:59:00,A68 ,66.0,15.01,4.4,5.57,1.49,4.0
58,2026-04-05,TB2632,2026-04-05 09:29:00,2026-04-05 09:09:00,-20.0,2026-04-05 09:35:00,2026-04-05 09:44:00,B9  A,114.0,15.92,7.16,4.55,1.83,9.0
58,2026-04-05,TB2662,2026-04-05 09:15:00,2026-04-05 09:04:00,-11.0,2026-04-05 09:22:00,2026-04-05 09:30:00,B34 A,90.0,12.8,7.03,3.92,2.63,8.0
58,2026-04-05,TG934,2026-04-05 09:21:00,2026-04-05 09:16:00,-5.0,2026-04-05 09:38:00,2026-04-05 09:58:00,B38 A,249.0,15.19,16.39,4.39,2.66,20.0
58,2026-04-05,UA950,2026-04-05 10:20:00,2026-04-05 09:58:00,-22.0,2026-04-05 10:24:00,2026-04-05 10:51:00,B40 A,188.0,12.44,15.11,4.5,2.76,27.0
58,2026-04-05,UA994,2026-04-05 08:51:00,2026-04-05 08:32:00,-19.0,2026-04-05 08:52:00,2026-04-05 09:25:00,B40 A,171.0,10.0,17.1,5.79,2.14,33.0
58,2026-04-05,XR5402,2026-04-05 07:46:00,2026-04-05 08:56:00,70.0,2026-04-05 09:23:00,2026-04-05 09:26:00,B5  A,88.0,10.15,8.67,6.92,1.2,3.0
59,2026-04-05,AC832,2026-04-05 08:17:00,2026-04-05 07:46:00,-31.0,2026-04-05 08:02:00,2026-04-05 08:29:00,B30 A,122.0,11.33,10.77,4.58,1.95,27.0
59,2026-04-05,ET750,2026-04-05 11:13:00,2026-04-05 11:34:00,21.0,2026-04-05 12:17:00,2026-04-05 13:03:00,B17 A,464.0,11.89,39.02,4.49,1.88,46.0
59,2026-04-05,FH8116,2026-04-05 06:35:00,2026-04-05 06:00:00,-35.0,2026-04-05 06:07:00,2026-04-05 06:09:00,B15 A,22.0,13.37,1.65,5.12,1.51,2.0
59,2026-04-05,LH1004,2026-04-05 11:51:00,2026-04-05 11:47:00,-4.0,2026-04-05 12:07:00,2026-04-05 12:12:00,A43 ,23.0,11.99,1.92,4.83,1.72,5.0
59,2026-04-05,SN1122,2026-04-05 08:39:00,2026-04-05 09:08:00,29.0,2026-04-05 09:20:00,2026-04-05 09:21:00,B40 A,13.0,14.18,0.92,4.57,2.71,1.0
59,2026-04-05,SN1124,2026-04-05 07:10:00,2026-04-05 07:19:00,9.0,2026-04-05 07:32:00,2026-04-05 07:48:00,B30 A,138.0,14.65,9.42,5.78,1.54,16.0
59,2026-04-05,SN206,2026-04-05 06:25:00,2026-04-05 06:48:00,23.0,2026-04-05 07:07:00,2026-04-05 07:30:00,B38 A,154.0,14.47,10.64,4.58,2.55,23.0
59,2026-04-05,SN229,2026-04-05 08:06:00,2026-04-05 09:20:00,74.0,2026-04-05 09:41:00,2026-04-05 10:22:00,B14 A,144.0,12.72,11.32,4.56,1.46,41.0
59,2026-04-05,SN278,2026-04-05 10:45:00,2026-04-05 10:42:00,-3.0,2026-04-05 11:04:00,2026-04-05 11:16:00,B28 A,198.0,11.97,16.54,4.28,1.87,12.0
59,2026-04-05,SN2900,2026-04-05 10:44:00,2026-04-05 11:04:00,20.0,2026-04-05 11:13:00,2026-04-05 11:34:00,B32 A,49.0,11.94,4.1,5.2,1.86,21.0
59,2026-04-05,SN3326,2026-04-05 11:24:00,2026-04-05 11:41:00,17.0,2026-04-05 12:06:00,2026-04-05 12:12:00,B14 A,111.0,14.8,7.5,5.78,1.15,6.0
59,2026-04-05,SN358,2026-04-05 12:21:00,2026-04-05 12:23:00,2.0,2026-04-05 12:43:00,2026-04-05 13:14:00,B28 A,176.0,16.74,10.51,5.1,1.57,31.0
59,2026-04-05,SN379,2026-04-05 08:11:00,2026-04-05 08:40:00,29.0,2026-04-05 08:59:00,2026-04-05 09:27:00,B28 A,76.0,11.16,6.81,4.95,1.62,28.0
59,2026-04-05,SN3800,2026-04-05 06:15:00,2026-04-05 06:16:00,1.0,2026-04-05 06:28:00,2026-04-05 06:30:00,A65 ,27.0,13.19,2.05,5.02,1.66,2.0
59,2026-04-05,TB1552,2026-04-05 07:15:00,2026-04-05 07:08:00,-7.0,2026-04-05 07:38:00,2026-04-05 07:45:00,A61 ,152.0,16.26,9.35,3.76,2.22,7.0
59,2026-04-05,TB2632,2026-04-05 09:29:00,2026-04-05 09:09:00,-20.0,2026-04-05 09:35:00,2026-04-05 09:44:00,B9  A,114.0,10.63,10.73,4.4,1.89,9.0
59,2026-04-05,TB2662,2026-04-05 09:15:00,2026-04-05 09:04:00,-11.0,2026-04-05 09:22:00,2026-04-05 09:30:00,B34 A,90.0,13.65,6.6,5.41,1.91,8.0
59,2026-04-05,TG934,2026-04-05 09:21:00,2026-04-05 09:16:00,-5.0,2026-04-05 09:38:00,2026-04-05 09:58:00,B38 A,249.0,13.4,18.58,5.11,2.29,20.0
59,2026-04-05,UA950,2026-04-05 11:22:00,2026-04-05 11:02:00,-20.0,2026-04-05 11:22:00,2026-04-05 11:45:00,B28 A,170.0,11.42,14.88,3.94,2.03,23.0
59,2026-04-05,UA994,2026-04-05 12:51:00,2026-04-05 12:35:00,-16.0,2026-04-05 12:54:00,2026-04-05 13:24:00,B38 A,109.0,12.62,8.63,5.55,2.1,30.0
59,2026-04-05,XR5402,2026-04-05 07:46:00,2026-04-05 08:56:00,70.0,2026-04-05 09:23:00,2026-04-05 09:26:00,B5  A,88.0,13.37,6.58,4.88,1.71,3.0
60,2026-04-05,AC832,2026-04-05 12:18:00,2026-04-05 11:38:00,-40.0,2026-04-05 11:54:00,2026-04-05 12:17:00,B30 A,100.0,13.22,7.57,4.78,1.86,23.0
60,2026-04-05,ET750,2026-04-05 11:13:00,2026-04-05 11:34:00,21.0,2026-04-05 12:17:00,2026-04-05 13:03:00,B17 A,464.0,16.35,28.39,5.05,1.67,46.0
60,2026-04-05,FH8116,2026-04-05 12:44:00,2026-04-05 12:48:00,4.0,2026-04-05 13:06:00,2026-04-05 13:13:00,B38 A,140.0,10.42,13.43,5.08,2.3,7.0
60,2026-04-05,LH1004,2026-04-05 11:51:00,2026-04-05 11:47:00,-4.0,2026-04-05 12:07:00,2026-04-05 12:12:00,A43 ,23.0,13.97,1.65,5.33,1.56,5.0
60,2026-04-05,SN1122,2026-04-05 08:39:00,2026-04-05 09:08:00,29.0,2026-04-05 09:20:00,2026-04-05 09:21:00,B40 A,13.0,10.56,1.23,5.34,2.32,1.0
60,2026-04-05,SN1124,2026-04-05 07:10:00,2026-04-05 07:19:00,9.0,2026-04-05 07:32:00,2026-04-05 07:48:00,B30 A,138.0,13.01,10.61,4.74,1.88,16.0
60,2026-04-05,SN206,2026-04-05 06:25:00,2026-04-05 06:48:00,23.0,2026-04-05 07:07:00,2026-04-05 07:30:00,B38 A,154.0,11.67,13.19,4.81,2.43,23.0
60,2026-04-05,SN229,2026-04-05 08:06:00,2026-04-05 09:20:00,74.0,2026-04-05 09:41:00,2026-04-05 10:22:00,B14 A,144.0,14.01,10.28,4.59,1.45,41.0
60,2026-04-05,SN278,2026-04-05 10:45:00,2026-04-05 10:42:00,-3.0,2026-04-05 11:04:00,2026-04-05 11:16:00,B28 A,198.0,10.49,18.88,4.37,1.83,12.0
60,2026-04-05,SN2900,2026-04-05 10:44:00,2026-04-05 11:04:00,20.0,2026-04-05 11:13:00,2026-04-05 11:34:00,B32 A,49.0,13.71,3.57,5.16,1.87,21.0
60,2026-04-05,SN3326,2026-04-05 11:24:00,2026-04-05 11:41:00,17.0,2026-04-05 12:06:00,2026-04-05 12:12:00,B14 A,111.0,14.29,7.77,4.3,1.55,6.0
60,2026-04-05,SN358,2026-04-05 08:21:00,2026-04-05 08:24:00,3.0,2026-04-05 08:42:00,2026-04-05 09:09:00,B14 A,112.0,13.07,8.57,7.89,0.84,27.0
60,2026-04-05,SN379,2026-04-05 10:10:00,2026-04-05 11:03:00,53.0,2026-04-05 11:42:00,2026-04-05 12:19:00,B29 A,161.0,13.63,11.81,5.12,1.92,37.0
60,2026-04-05,SN3800,2026-04-05 06:15:00,2026-04-05 06:16:00,1.0,2026-04-05 06:28:00,2026-04-05 06:30:00,A65 ,27.0,13.41,2.01,5.97,1.4,2.0
60,2026-04-05,TB1552,2026-04-05 08:29:00,2026-04-05 08:25:00,-4.0,2026-04-05 08:46:00,2026-04-05 08:54:00,A61 ,166.0,14.35,11.57,4.69,1.78,8.0
60,2026-04-05,TB2632,2026-04-05 09:29:00,2026-04-05 09:09:00,-20.0,2026-04-05 09:35:00,2026-04-05 09:44:00,B9  A,114.0,11.43,9.97,4.79,1.74,9.0
60,2026-04-05,TB2662,2026-04-05 09:15:00,2026-04-05 09:04:00,-11.0,2026-04-05 09:22:00,2026-04-05 09:30:00,B34 A,90.0,15.22,5.91,5.59,1.85,8.0
60,2026-04-05,TG934,2026-04-05 09:21:00,2026-04-05 09:16:00,-5.0,2026-04-05 09:38:00,2026-04-05 09:58:00,B38 A,249.0,13.13,18.96,5.77,2.02,20.0
60,2026-04-05,UA950,2026-04-05 12:20:00,2026-04-05 11:58:00,-22.0,2026-04-05 12:14:00,2026-04-05 12:42:00,B37 A,127.0,14.33,8.86,4.86,2.51,28.0
60,2026-04-05,UA994,2026-04-05 08:51:00,2026-04-05 08:32:00,-19.0,2026-04-05 08:52:00,2026-04-05 09:25:00,B40 A,171.0,13.51,12.66,5.18,2.4,33.0
60,2026-04-05,XR5402,2026-04-05 07:46:00,2026-04-05 08:56:00,70.0,2026-04-05 09:23:00,2026-04-05 09:26:00,B5  A,88.0,12.7,6.93,4.18,1.99,3.0
61,2026-04-05,AC832,2026-04-05 12:18:00,2026-04-05 11:38:00,-40.0,2026-04-05 11:54:00,2026-04-05 12:17:00,B30 A,100.0,11.0,9.09,6.38,1.4,23.0
61,2026-04-05,ET750,2026-04-05 11:13:00,2026-04-05 11:34:00,21.0,2026-04-05 12:17:00,2026-04-05 13:03:00,B17 A,464.0,13.15,35.28,5.65,1.49,46.0
61,2026-04-05,FH8116,2026-04-05 12:44:00,2026-04-05 12:48:00,4.0,2026-04-05 13:06:00,2026-04-05 13:13:00,B38 A,140.0,13.05,10.73,5.21,2.24,7.0
61,2026-04-05,LH1004,2026-04-05 08:50:00,2026-04-05 08:53:00,3.0,2026-04-05 09:06:00,2026-04-05 09:12:00,A43 ,29.0,11.91,2.43,5.63,1.48,6.0
61,2026-04-05,SN1122,2026-04-05 08:39:00,2026-04-05 09:08:00,29.0,2026-04-05 09:20:00,2026-04-05 09:21:00,B40 A,13.0,13.14,0.99,5.68,2.19,1.0
61,2026-04-05,SN1124,2026-04-05 07:10:00,2026-04-05 07:19:00,9.0,2026-04-05 07:32:00,2026-04-05 07:48:00,B30 A,138.0,12.73,10.84,5.54,1.61,16.0
61,2026-04-05,SN206,2026-04-05 06:25:00,2026-04-05 06:48:00,23.0,2026-04-05 07:07:00,2026-04-05 07:30:00,B38 A,154.0,11.89,12.96,4.13,2.83,23.0
61,2026-04-05,SN229,2026-04-05 12:06:00,2026-04-05 12:12:00,6.0,2026-04-05 12:39:00,2026-04-05 13:03:00,B28 A,20.0,10.59,1.89,6.1,1.31,24.0
61,2026-04-05,SN278,2026-04-05 08:43:00,2026-04-05 08:27:00,-16.0,2026-04-05 08:40:00,2026-04-05 09:10:00,B37 A,123.0,12.76,9.64,5.04,2.41,30.0
61,2026-04-05,SN2900,2026-04-05 10:44:00,2026-04-05 11:04:00,20.0,2026-04-05 11:13:00,2026-04-05 11:34:00,B32 A,49.0,13.03,3.76,3.85,2.51,21.0
61,2026-04-05,SN3326,2026-04-05 07:45:00,2026-04-05 08:05:00,20.0,2026-04-05 08:16:00,2026-04-05 08:36:00,B28 A,123.0,14.63,8.4,6.2,1.29,20.0
61,2026-04-05,SN358,2026-04-05 08:21:00,2026-04-05 08:24:00,3.0,2026-04-05 08:42:00,2026-04-05 09:09:00,B14 A,112.0,12.13,9.23,5.37,1.24,27.0
61,2026-04-05,SN379,2026-04-05 10:10:00,2026-04-05 11:03:00,53.0,2026-04-05 11:42:00,2026-04-05 12:19:00,B29 A,161.0,13.83,11.64,5.71,1.72,37.0
61,2026-04-05,SN3800,2026-04-05 06:15:00,2026-04-05 06:16:00,1.0,2026-04-05 06:28:00,2026-04-05 06:30:00,A65 ,27.0,13.57,1.99,4.31,1.93,2.0
61,2026-04-05,TB1552,2026-04-05 10:15:00,2026-04-05 10:31:00,16.0,2026-04-05 10:50:00,2026-04-05 10:59:00,A69 ,164.0,12.42,13.21,4.82,1.73,9.0
61,2026-04-05,TB2632,2026-04-05 09:29:00,2026-04-05 09:09:00,-20.0,2026-04-05 09:35:00,2026-04-05 09:44:00,B9  A,114.0,12.83,8.89,5.52,1.51,9.0
61,2026-04-05,TB2662,2026-04-05 09:15:00,2026-04-05 09:04:00,-11.0,2026-04-05 09:22:00,2026-04-05 09:30:00,B34 A,90.0,10.87,8.28,4.71,2.2,8.0
61,2026-04-05,TG934,2026-04-05 09:21:00,2026-04-05 09:16:00,-5.0,2026-04-05 09:38:00,2026-04-05 09:58:00,B38 A,249.0,13.71,18.16,5.17,2.26,20.0
61,2026-04-05,UA950,2026-04-05 09:21:00,2026-04-05 08:45:00,-36.0,2026-04-05 09:03:00,2026-04-05 09:29:00,B5  A,163.0,14.36,11.35,5.11,1.63,26.0
61,2026-04-05,UA994,2026-04-05 12:51:00,2026-04-05 12:35:00,-16.0,2026-04-05 12:54:00,2026-04-05 13:24:00,B38 A,109.0,11.49,9.48,4.13,2.82,30.0
61,2026-04-05,XR5402,2026-04-05 07:46:00,2026-04-05 08:56:00,70.0,2026-04-05 09:23:00,2026-04-05 09:26:00,B5  A,88.0,13.99,6.29,5.81,1.43,3.0
62,2026-04-05,AC832,2026-04-05 08:17:00,2026-04-05 07:46:00,-31.0,2026-04-05 08:02:00,2026-04-05 08:29:00,B30 A,122.0,14.52,8.4,5.37,1.66,27.0
62,2026-04-05,ET750,2026-04-05 11:13:00,2026-04-05 11:34:00,21.0,2026-04-05 12:17:00,2026-04-05 13:03:00,B17 A,464.0,15.71,29.54,5.04,1.67,46.0
62,2026-04-05,FH8116,2026-04-05 12:44:00,2026-04-05 12:48:00,4.0,2026-04-05 13:06:00,2026-04-05 13:13:00,B38 A,140.0,10.33,13.56,4.56,2.56,7.0
62,2026-04-05,LH1004,2026-04-05 09:50:00,2026-04-05 09:53:00,3.0,2026-04-05 10:20:00,2026-04-05 10:27:00,A43 ,33.0,15.57,2.12,4.01,2.08,7.0
62,2026-04-05,SN1122,2026-04-05 08:39:00,2026-04-05 09:08:00,29.0,2026-04-05 09:20:00,2026-04-05 09:21:00,B40 A,13.0,12.0,1.08,5.18,2.4,1.0
62,2026-04-05,SN1124,2026-04-05 07:10:00,2026-04-05 07:19:00,9.0,2026-04-05 07:32:00,2026-04-05 07:48:00,B30 A,138.0,12.63,10.93,4.46,2.0,16.0
62,2026-04-05,SN206,2026-04-05 06:25:00,2026-04-05 06:48:00,23.0,2026-04-05 07:07:00,2026-04-05 07:30:00,B38 A,154.0,9.2,16.74,5.18,2.25,23.0
62,2026-04-05,SN229,2026-04-05 10:04:00,2026-04-05 10:26:00,22.0,2026-04-05 10:41:00,2026-04-05 11:10:00,B31 A,120.0,12.3,9.75,3.94,2.73,29.0
62,2026-04-05,SN278,2026-04-05 08:43:00,2026-04-05 08:27:00,-16.0,2026-04-05 08:40:00,2026-04-05 09:10:00,B37 A,123.0,13.71,8.97,5.7,2.13,30.0
62,2026-04-05,SN2900,2026-04-05 07:39:00,2026-04-05 07:25:00,-14.0,2026-04-05 07:38:00,2026-04-05 07:53:00,B38 A,55.0,13.69,4.02,6.62,1.76,15.0
62,2026-04-05,SN3326,2026-04-05 11:24:00,2026-04-05 11:41:00,17.0,2026-04-05 12:06:00,2026-04-05 12:12:00,B14 A,111.0,13.62,8.15,7.44,0.9,6.0
62,2026-04-05,SN358,2026-04-05 08:21:00,2026-04-05 08:24:00,3.0,2026-04-05 08:42:00,2026-04-05 09:09:00,B14 A,112.0,9.84,11.38,5.51,1.21,27.0
62,2026-04-05,SN379,2026-04-05 08:11:00,2026-04-05 08:40:00,29.0,2026-04-05 08:59:00,2026-04-05 09:27:00,B28 A,76.0,14.78,5.14,5.26,1.52,28.0
62,2026-04-05,SN3800,2026-04-05 06:15:00,2026-04-05 06:16:00,1.0,2026-04-05 06:28:00,2026-04-05 06:30:00,A65 ,27.0,9.49,2.84,5.83,1.43,2.0
62,2026-04-05,TB1552,2026-04-05 10:15:00,2026-04-05 10:31:00,16.0,2026-04-05 10:50:00,2026-04-05 10:59:00,A69 ,164.0,13.28,12.34,6.32,1.32,9.0
62,2026-04-05,TB2632,2026-04-05 09:29:00,2026-04-05 09:09:00,-20.0,2026-04-05 09:35:00,2026-04-05 09:44:00,B9  A,114.0,12.09,9.43,6.64,1.25,9.0
62,2026-04-05,TB2662,2026-04-05 09:15:00,2026-04-05 09:04:00,-11.0,2026-04-05 09:22:00,2026-04-05 09:30:00,B34 A,90.0,10.71,8.4,5.95,1.74,8.0
62,2026-04-05,TG934,2026-04-05 09:21:00,2026-04-05 09:16:00,-5.0,2026-04-05 09:38:00,2026-04-05 09:58:00,B38 A,249.0,14.73,16.9,5.35,2.18,20.0
62,2026-04-05,UA950,2026-04-05 12:20:00,2026-04-05 11:58:00,-22.0,2026-04-05 12:14:00,2026-04-05 12:42:00,B37 A,127.0,12.3,10.32,4.64,2.62,28.0
62,2026-04-05,UA994,2026-04-05 11:51:00,2026-04-05 11:37:00,-14.0,2026-04-05 11:55:00,2026-04-05 12:25:00,B40 A,157.0,13.53,11.61,4.52,2.75,30.0
62,2026-04-05,XR5402,2026-04-05 07:46:00,2026-04-05 08:56:00,70.0,2026-04-05 09:23:00,2026-04-05 09:26:00,B5  A,88.0,13.56,6.49,5.38,1.55,3.0
63,2026-04-05,AC832,2026-04-05 12:18:00,2026-04-05 11:38:00,-40.0,2026-04-05 11:54:00,2026-04-05 12:17:00,B30 A,100.0,13.14,7.61,4.88,1.83,23.0
63,2026-04-05,ET750,2026-04-05 11:13:00,2026-04-05 11:34:00,21.0,2026-04-05 12:17:00,2026-04-05 13:03:00,B17 A,464.0,12.71,36.49,4.26,1.98,46.0
63,2026-04-05,FH8116,2026-04-05 06:35:00,2026-04-05 06:00:00,-35.0,2026-04-05 06:07:00,2026-04-05 06:09:00,B15 A,22.0,13.81,1.59,4.41,1.75,2.0
63,2026-04-05,LH1004,2026-04-05 09:50:00,2026-04-05 09:53:00,3.0,2026-04-05 10:20:00,2026-04-05 10:27:00,A43 ,33.0,14.5,2.28,5.36,1.56,7.0
63,2026-04-05,SN1122,2026-04-05 08:39:00,2026-04-05 09:08:00,29.0,2026-04-05 09:20:00,2026-04-05 09:21:00,B40 A,13.0,10.67,1.22,5.46,2.27,1.0
63,2026-04-05,SN1124,2026-04-05 07:10:00,2026-04-05 07:19:00,9.0,2026-04-05 07:32:00,2026-04-05 07:48:00,B30 A,138.0,12.53,11.01,5.54,1.61,16.0
63,2026-04-05,SN206,2026-04-05 06:25:00,2026-04-05 06:48:00,23.0,2026-04-05 07:07:00,2026-04-05 07:30:00,B38 A,154.0,11.55,13.33,4.9,2.38,23.0
63,2026-04-05,SN229,2026-04-05 10:04:00,2026-04-05 10:26:00,22.0,2026-04-05 10:41:00,2026-04-05 11:10:00,B31 A,120.0,10.18,11.79,6.65,1.62,29.0
63,2026-04-05,SN278,2026-04-05 08:43:00,2026-04-05 08:27:00,-16.0,2026-04-05 08:40:00,2026-04-05 09:10:00,B37 A,123.0,13.25,9.29,4.51,2.7,30.0
63,2026-04-05,SN2900,2026-04-05 07:39:00,2026-04-05 07:25:00,-14.0,2026-04-05 07:38:00,2026-04-05 07:53:00,B38 A,55.0,11.91,4.62,5.0,2.33,15.0
63,2026-04-05,SN3326,2026-04-05 11:24:00,2026-04-05 11:41:00,17.0,2026-04-05 12:06:00,2026-04-05 12:12:00,B14 A,111.0,12.18,9.12,5.2,1.28,6.0
63,2026-04-05,SN358,2026-04-05 08:21:00,2026-04-05 08:24:00,3.0,2026-04-05 08:42:00,2026-04-05 09:09:00,B14 A,112.0,13.21,8.48,5.83,1.14,27.0
63,2026-04-05,SN379,2026-04-05 10:10:00,2026-04-05 11:03:00,53.0,2026-04-05 11:42:00,2026-04-05 12:19:00,B29 A,161.0,13.59,11.85,4.93,2.0,37.0
63,2026-04-05,SN3800,2026-04-05 06:15:00,2026-04-05 06:16:00,1.0,2026-04-05 06:28:00,2026-04-05 06:30:00,A65 ,27.0,14.17,1.91,6.91,1.21,2.0
63,2026-04-05,TB1552,2026-04-05 08:29:00,2026-04-05 08:25:00,-4.0,2026-04-05 08:46:00,2026-04-05 08:54:00,A61 ,166.0,10.71,15.51,4.62,1.81,8.0
63,2026-04-05,TB2632,2026-04-05 09:29:00,2026-04-05 09:09:00,-20.0,2026-04-05 09:35:00,2026-04-05 09:44:00,B9  A,114.0,11.94,9.55,5.36,1.55,9.0
63,2026-04-05,TB2662,2026-04-05 09:15:00,2026-04-05 09:04:00,-11.0,2026-04-05 09:22:00,2026-04-05 09:30:00,B34 A,90.0,13.03,6.91,4.93,2.1,8.0
63,2026-04-05,TG934,2026-04-05 09:21:00,2026-04-05 09:16:00,-5.0,2026-04-05 09:38:00,2026-04-05 09:58:00,B38 A,249.0,12.56,19.82,5.52,2.11,20.0
63,2026-04-05,UA950,2026-04-05 09:21:00,2026-04-05 08:45:00,-36.0,2026-04-05 09:03:00,2026-04-05 09:29:00,B5  A,163.0,13.12,12.43,4.61,1.81,26.0
63,2026-04-05,UA994,2026-04-05 11:51:00,2026-04-05 11:37:00,-14.0,2026-04-05 11:55:00,2026-04-05 12:25:00,B40 A,157.0,11.17,14.06,4.53,2.74,30.0
63,2026-04-05,XR5402,2026-04-05 07:46:00,2026-04-05 08:56:00,70.0,2026-04-05 09:23:00,2026-04-05 09:26:00,B5  A,88.0,10.53,8.36,5.9,1.41,3.0
64,2026-04-05,AC832,2026-04-05 10:17:00,2026-04-05 10:43:00,26.0,2026-04-05 11:00:00,2026-04-05 11:34:00,B14 A,172.0,14.13,12.17,3.37,1.98,34.0
64,2026-04-05,ET750,2026-04-05 11:13:00,2026-04-05 11:34:00,21.0,2026-04-05 12:17:00,2026-04-05 13:03:00,B17 A,464.0,14.81,31.34,5.88,1.43,46.0
64,2026-04-05,FH8116,2026-04-05 12:44:00,2026-04-05 12:48:00,4.0,2026-04-05 13:06:00,2026-04-05 13:13:00,B38 A,140.0,12.71,11.01,4.89,2.39,7.0
64,2026-04-05,LH1004,2026-04-05 08:50:00,2026-04-05 08:53:00,3.0,2026-04-05 09:06:00,2026-04-05 09:12:00,A43 ,29.0,14.28,2.03,4.99,1.67,6.0
64,2026-04-05,SN1122,2026-04-05 08:39:00,2026-04-05 09:08:00,29.0,2026-04-05 09:20:00,2026-04-05 09:21:00,B40 A,13.0,11.08,1.17,4.93,2.52,1.0
64,2026-04-05,SN1124,2026-04-05 07:10:00,2026-04-05 07:19:00,9.0,2026-04-05 07:32:00,2026-04-05 07:48:00,B30 A,138.0,13.49,10.23,4.33,2.06,16.0
64,2026-04-05,SN206,2026-04-05 06:25:00,2026-04-05 06:48:00,23.0,2026-04-05 07:07:00,2026-04-05 07:30:00,B38 A,154.0,14.23,10.82,5.1,2.29,23.0
64,2026-04-05,SN229,2026-04-05 10:04:00,2026-04-05 10:26:00,22.0,2026-04-05 10:41:00,2026-04-05 11:10:00,B31 A,120.0,14.18,8.46,3.48,3.09,29.0
64,2026-04-05,SN278,2026-04-05 10:45:00,2026-04-05 10:42:00,-3.0,2026-04-05 11:04:00,2026-04-05 11:16:00,B28 A,198.0,13.68,14.48,5.41,1.48,12.0
64,2026-04-05,SN2900,2026-04-05 10:44:00,2026-04-05 11:04:00,20.0,2026-04-05 11:13:00,2026-04-05 11:34:00,B32 A,49.0,11.51,4.26,4.24,2.28,21.0
64,2026-04-05,SN3326,2026-04-05 11:24:00,2026-04-05 11:41:00,17.0,2026-04-05 12:06:00,2026-04-05 12:12:00,B14 A,111.0,12.83,8.65,4.72,1.41,6.0
64,2026-04-05,SN358,2026-04-05 08:21:00,2026-04-05 08:24:00,3.0,2026-04-05 08:42:00,2026-04-05 09:09:00,B14 A,112.0,12.52,8.94,4.33,1.54,27.0
64,2026-04-05,SN379,2026-04-05 08:11:00,2026-04-05 08:40:00,29.0,2026-04-05 08:59:00,2026-04-05 09:27:00,B28 A,76.0,11.9,6.38,4.23,1.89,28.0
64,2026-04-05,SN3800,2026-04-05 06:15:00,2026-04-05 06:16:00,1.0,2026-04-05 06:28:00,2026-04-05 06:30:00,A65 ,27.0,11.84,2.28,6.4,1.3,2.0
64,2026-04-05,TB1552,2026-04-05 10:15:00,2026-04-05 10:31:00,16.0,2026-04-05 10:50:00,2026-04-05 10:59:00,A69 ,164.0,11.15,14.71,5.43,1.54,9.0
64,2026-04-05,TB2632,2026-04-05 09:29:00,2026-04-05 09:09:00,-20.0,2026-04-05 09:35:00,2026-04-05 09:44:00,B9  A,114.0,14.32,7.96,4.29,1.94,9.0
64,2026-04-05,TB2662,2026-04-05 09:15:00,2026-04-05 09:04:00,-11.0,2026-04-05 09:22:00,2026-04-05 09:30:00,B34 A,90.0,11.61,7.75,4.14,2.5,8.0
64,2026-04-05,TG934,2026-04-05 09:21:00,2026-04-05 09:16:00,-5.0,2026-04-05 09:38:00,2026-04-05 09:58:00,B38 A,249.0,15.17,16.41,4.73,2.47,20.0
64,2026-04-05,UA950,2026-04-05 09:21:00,2026-04-05 08:45:00,-36.0,2026-04-05 09:03:00,2026-04-05 09:29:00,B5  A,163.0,11.16,14.6,5.76,1.45,26.0
64,2026-04-05,UA994,2026-04-05 08:51:00,2026-04-05 08:32:00,-19.0,2026-04-05 08:52:00,2026-04-05 09:25:00,B40 A,171.0,10.4,16.44,4.45,2.79,33.0
64,2026-04-05,XR5402,2026-04-05 07:46:00,2026-04-05 08:56:00,70.0,2026-04-05 09:23:00,2026-04-05 09:26:00,B5  A,88.0,11.27,7.81,4.2,1.98,3.0
65,2026-04-05,AC832,2026-04-05 12:18:00,2026-04-05 11:38:00,-40.0,2026-04-05 11:54:00,2026-04-05 12:17:00,B30 A,100.0,12.48,8.01,4.51,1.98,23.0
65,2026-04-05,ET750,2026-04-05 11:13:00,2026-04-05 11:34:00,21.0,2026-04-05 12:17:00,2026-04-05 13:03:00,B17 A,464.0,11.86,39.13,6.87,1.22,46.0
65,2026-04-05,FH8116,2026-04-05 12:44:00,2026-04-05 12:48:00,4.0,2026-04-05 13:06:00,2026-04-05 13:13:00,B38 A,140.0,12.78,10.95,6.02,1.94,7.0
65,2026-04-05,LH1004,2026-04-05 08:50:00,2026-04-05 08:53:00,3.0,2026-04-05 09:06:00,2026-04-05 09:12:00,A43 ,29.0,11.1,2.61,4.8,1.74,6.0
65,2026-04-05,SN1122,2026-04-05 08:39:00,2026-04-05 09:08:00,29.0,2026-04-05 09:20:00,2026-04-05 09:21:00,B40 A,13.0,11.02,1.18,5.99,2.07,1.0
65,2026-04-05,SN1124,2026-04-05 07:10:00,2026-04-05 07:19:00,9.0,2026-04-05 07:32:00,2026-04-05 07:48:00,B30 A,138.0,14.27,9.67,5.84,1.53,16.0
65,2026-04-05,SN206,2026-04-05 06:25:00,2026-04-05 06:48:00,23.0,2026-04-05 07:07:00,2026-04-05 07:30:00,B38 A,154.0,12.54,12.28,4.44,2.63,23.0
65,2026-04-05,SN229,2026-04-05 12:06:00,2026-04-05 12:12:00,6.0,2026-04-05 12:39:00,2026-04-05 13:03:00,B28 A,20.0,12.42,1.61,4.62,1.73,24.0
65,2026-04-05,SN278,2026-04-05 12:46:00,2026-04-05 12:41:00,-5.0,2026-04-05 13:04:00,2026-04-05 13:33:00,B31 A,62.0,13.03,4.76,5.18,2.08,29.0
65,2026-04-05,SN2900,2026-04-05 07:39:00,2026-04-05 07:25:00,-14.0,2026-04-05 07:38:00,2026-04-05 07:53:00,B38 A,55.0,11.24,4.89,4.63,2.52,15.0
65,2026-04-05,SN3326,2026-04-05 11:24:00,2026-04-05 11:41:00,17.0,2026-04-05 12:06:00,2026-04-05 12:12:00,B14 A,111.0,12.65,8.78,5.1,1.31,6.0
65,2026-04-05,SN358,2026-04-05 10:21:00,2026-04-05 11:13:00,52.0,2026-04-05 11:43:00,2026-04-05 12:03:00,B38 A,126.0,13.25,9.51,4.22,2.76,20.0
65,2026-04-05,SN379,2026-04-05 10:10:00,2026-04-05 11:03:00,53.0,2026-04-05 11:42:00,2026-04-05 12:19:00,B29 A,161.0,10.17,15.83,6.33,1.55,37.0
65,2026-04-05,SN3800,2026-04-05 06:15:00,2026-04-05 06:16:00,1.0,2026-04-05 06:28:00,2026-04-05 06:30:00,A65 ,27.0,11.17,2.42,5.12,1.63,2.0
65,2026-04-05,TB1552,2026-04-05 10:15:00,2026-04-05 10:31:00,16.0,2026-04-05 10:50:00,2026-04-05 10:59:00,A69 ,164.0,12.87,12.74,5.7,1.46,9.0
65,2026-04-05,TB2632,2026-04-05 09:29:00,2026-04-05 09:09:00,-20.0,2026-04-05 09:35:00,2026-04-05 09:44:00,B9  A,114.0,16.1,7.08,3.97,2.1,9.0
65,2026-04-05,TB2662,2026-04-05 09:15:00,2026-04-05 09:04:00,-11.0,2026-04-05 09:22:00,2026-04-05 09:30:00,B34 A,90.0,12.84,7.01,3.99,2.59,8.0
65,2026-04-05,TG934,2026-04-05 09:21:00,2026-04-05 09:16:00,-5.0,2026-04-05 09:38:00,2026-04-05 09:58:00,B38 A,249.0,15.09,16.5,3.48,3.36,20.0
65,2026-04-05,UA950,2026-04-05 12:20:00,2026-04-05 11:58:00,-22.0,2026-04-05 12:14:00,2026-04-05 12:42:00,B37 A,127.0,13.25,9.58,5.46,2.23,28.0
65,2026-04-05,UA994,2026-04-05 09:51:00,2026-04-05 11:28:00,97.0,2026-04-05 11:44:00,2026-04-05 12:09:00,B40 A,135.0,11.3,11.95,4.16,2.99,25.0
65,2026-04-05,XR5402,2026-04-05 07:46:00,2026-04-05 08:56:00,70.0,2026-04-05 09:23:00,2026-04-05 09:26:00,B5  A,88.0,12.24,7.19,4.94,1.69,3.0
66,2026-04-05,AC832,2026-04-05 09:18:00,2026-04-05 08:45:00,-33.0,2026-04-05 09:06:00,2026-04-05 09:59:00,B28 A,110.0,10.01,10.98,4.26,1.88,53.0
66,2026-04-05,ET750,2026-04-05 11:13:00,2026-04-05 11:34:00,21.0,2026-04-05 12:17:00,2026-04-05 13:03:00,B17 A,464.0,12.54,37.01,5.0,1.68,46.0
66,2026-04-05,FH8116,2026-04-05 06:35:00,2026-04-05 06:00:00,-35.0,2026-04-05 06:07:00,2026-04-05 06:09:00,B15 A,22.0,12.34,1.78,4.56,1.7,2.0
66,2026-04-05,LH1004,2026-04-05 09:50:00,2026-04-05 09:53:00,3.0,2026-04-05 10:20:00,2026-04-05 10:27:00,A43 ,33.0,12.35,2.67,6.49,1.28,7.0
66,2026-04-05,SN1122,2026-04-05 08:39:00,2026-04-05 09:08:00,29.0,2026-04-05 09:20:00,2026-04-05 09:21:00,B40 A,13.0,8.73,1.49,3.9,3.19,1.0
66,2026-04-05,SN1124,2026-04-05 07:10:00,2026-04-05 07:19:00,9.0,2026-04-05 07:32:00,2026-04-05 07:48:00,B30 A,138.0,12.66,10.9,5.26,1.69,16.0
66,2026-04-05,SN206,2026-04-05 06:25:00,2026-04-05 06:48:00,23.0,2026-04-05 07:07:00,2026-04-05 07:30:00,B38 A,154.0,11.51,13.38,4.58,2.55,23.0
66,2026-04-05,SN229,2026-04-05 08:06:00,2026-04-05 09:20:00,74.0,2026-04-05 09:41:00,2026-04-05 10:22:00,B14 A,144.0,14.06,10.24,7.55,0.88,41.0
66,2026-04-05,SN278,2026-04-05 10:45:00,2026-04-05 10:42:00,-3.0,2026-04-05 11:04:00,2026-04-05 11:16:00,B28 A,198.0,14.15,13.99,4.86,1.65,12.0
66,2026-04-05,SN2900,2026-04-05 08:46:00,2026-04-05 08:33:00,-13.0,2026-04-05 08:58:00,2026-04-05 09:02:00,B14 A,79.0,14.04,5.63,4.44,1.5,4.0
66,2026-04-05,SN3326,2026-04-05 11:24:00,2026-04-05 11:41:00,17.0,2026-04-05 12:06:00,2026-04-05 12:12:00,B14 A,111.0,10.95,10.14,5.19,1.28,6.0
66,2026-04-05,SN358,2026-04-05 08:21:00,2026-04-05 08:24:00,3.0,2026-04-05 08:42:00,2026-04-05 09:09:00,B14 A,112.0,9.51,11.77,6.38,1.05,27.0
66,2026-04-05,SN379,2026-04-05 08:11:00,2026-04-05 08:40:00,29.0,2026-04-05 08:59:00,2026-04-05 09:27:00,B28 A,76.0,12.6,6.03,4.26,1.88,28.0
66,2026-04-05,SN3800,2026-04-05 06:15:00,2026-04-05 06:16:00,1.0,2026-04-05 06:28:00,2026-04-05 06:30:00,A65 ,27.0,13.32,2.03,4.25,1.96,2.0
66,2026-04-05,TB1552,2026-04-05 10:15:00,2026-04-05 10:31:00,16.0,2026-04-05 10:50:00,2026-04-05 10:59:00,A69 ,164.0,11.9,13.78,4.97,1.68,9.0
66,2026-04-05,TB2632,2026-04-05 09:29:00,2026-04-05 09:09:00,-20.0,2026-04-05 09:35:00,2026-04-05 09:44:00,B9  A,114.0,11.26,10.12,4.91,1.7,9.0
66,2026-04-05,TB2662,2026-04-05 09:15:00,2026-04-05 09:04:00,-11.0,2026-04-05 09:22:00,2026-04-05 09:30:00,B34 A,90.0,11.52,7.81,4.75,2.17,8.0
66,2026-04-05,TG934,2026-04-05 09:21:00,2026-04-05 09:16:00,-5.0,2026-04-05 09:38:00,2026-04-05 09:58:00,B38 A,249.0,12.58,19.79,6.57,1.78,20.0
66,2026-04-05,UA950,2026-04-05 10:20:00,2026-04-05 09:58:00,-22.0,2026-04-05 10:24:00,2026-04-05 10:51:00,B40 A,188.0,10.98,17.12,5.26,2.36,27.0
66,2026-04-05,UA994,2026-04-05 08:51:00,2026-04-05 08:32:00,-19.0,2026-04-05 08:52:00,2026-04-05 09:25:00,B40 A,171.0,13.26,12.89,5.91,2.1,33.0
66,2026-04-05,XR5402,2026-04-05 07:46:00,2026-04-05 08:56:00,70.0,2026-04-05 09:23:00,2026-04-05 09:26:00,B5  A,88.0,12.92,6.81,6.08,1.37,3.0
67,2026-04-05,AC832,2026-04-05 11:16:00,2026-04-05 10:39:00,-37.0,2026-04-05 10:54:00,2026-04-05 11:24:00,B5  A,101.0,10.66,9.48,6.55,1.27,30.0
67,2026-04-05,ET750,2026-04-05 11:13:00,2026-04-05 11:34:00,21.0,2026-04-05 12:17:00,2026-04-05 13:03:00,B17 A,464.0,14.23,32.6,4.83,1.74,46.0
67,2026-04-05,FH8116,2026-04-05 12:44:00,2026-04-05 12:48:00,4.0,2026-04-05 13:06:00,2026-04-05 13:13:00,B38 A,140.0,12.86,10.89,4.81,2.42,7.0
67,2026-04-05,LH1004,2026-04-05 12:50:00,2026-04-05 12:50:00,0.0,2026-04-05 13:03:00,2026-04-05 13:30:00,A43 ,40.0,13.82,2.89,5.52,1.51,27.0
67,2026-04-05,SN1122,2026-04-05 08:39:00,2026-04-05 09:08:00,29.0,2026-04-05 09:20:00,2026-04-05 09:21:00,B40 A,13.0,13.15,0.99,3.51,3.54,1.0
67,2026-04-05,SN1124,2026-04-05 07:10:00,2026-04-05 07:19:00,9.0,2026-04-05 07:32:00,2026-04-05 07:48:00,B30 A,138.0,13.45,10.26,5.03,1.77,16.0
67,2026-04-05,SN206,2026-04-05 06:25:00,2026-04-05 06:48:00,23.0,2026-04-05 07:07:00,2026-04-05 07:30:00,B38 A,154.0,13.63,11.3,3.65,3.19,23.0
67,2026-04-05,SN229,2026-04-05 12:06:00,2026-04-05 12:12:00,6.0,2026-04-05 12:39:00,2026-04-05 13:03:00,B28 A,20.0,13.01,1.54,4.56,1.75,24.0
67,2026-04-05,SN278,2026-04-05 12:46:00,2026-04-05 12:41:00,-5.0,2026-04-05 13:04:00,2026-04-05 13:33:00,B31 A,62.0,12.56,4.94,4.44,2.42,29.0
67,2026-04-05,SN2900,2026-04-05 07:39:00,2026-04-05 07:25:00,-14.0,2026-04-05 07:38:00,2026-04-05 07:53:00,B38 A,55.0,11.7,4.7,4.67,2.5,15.0
67,2026-04-05,SN3326,2026-04-05 07:45:00,2026-04-05 08:05:00,20.0,2026-04-05 08:16:00,2026-04-05 08:36:00,B28 A,123.0,13.44,9.15,4.49,1.78,20.0
67,2026-04-05,SN358,2026-04-05 12:21:00,2026-04-05 12:23:00,2.0,2026-04-05 12:43:00,2026-04-05 13:14:00,B28 A,176.0,12.53,14.05,5.97,1.34,31.0
67,2026-04-05,SN379,2026-04-05 08:11:00,2026-04-05 08:40:00,29.0,2026-04-05 08:59:00,2026-04-05 09:27:00,B28 A,76.0,13.9,5.47,5.38,1.49,28.0
67,2026-04-05,SN3800,2026-04-05 06:15:00,2026-04-05 06:16:00,1.0,2026-04-05 06:28:00,2026-04-05 06:30:00,A65 ,27.0,9.51,2.84,3.8,2.2,2.0
67,2026-04-05,TB1552,2026-04-05 10:15:00,2026-04-05 10:31:00,16.0,2026-04-05 10:50:00,2026-04-05 10:59:00,A69 ,164.0,13.6,12.06,4.27,1.95,9.0
67,2026-04-05,TB2632,2026-04-05 09:29:00,2026-04-05 09:09:00,-20.0,2026-04-05 09:35:00,2026-04-05 09:44:00,B9  A,114.0,12.92,8.82,4.71,1.77,9.0
67,2026-04-05,TB2662,2026-04-05 09:15:00,2026-04-05 09:04:00,-11.0,2026-04-05 09:22:00,2026-04-05 09:30:00,B34 A,90.0,11.0,8.18,5.18,1.99,8.0
67,2026-04-05,TG934,2026-04-05 09:21:00,2026-04-05 09:16:00,-5.0,2026-04-05 09:38:00,2026-04-05 09:58:00,B38 A,249.0,12.79,19.47,4.68,2.49,20.0
67,2026-04-05,UA950,2026-04-05 11:22:00,2026-04-05 11:02:00,-20.0,2026-04-05 11:22:00,2026-04-05 11:45:00,B28 A,170.0,13.22,12.86,4.3,1.86,23.0
67,2026-04-05,UA994,2026-04-05 08:51:00,2026-04-05 08:32:00,-19.0,2026-04-05 08:52:00,2026-04-05 09:25:00,B40 A,171.0,12.15,14.07,6.06,2.05,33.0
67,2026-04-05,XR5402,2026-04-05 07:46:00,2026-04-05 08:56:00,70.0,2026-04-05 09:23:00,2026-04-05 09:26:00,B5  A,88.0,13.26,6.63,4.62,1.81,3.0
68,2026-04-05,AC832,2026-04-05 09:18:00,2026-04-05 08:45:00,-33.0,2026-04-05 09:06:00,2026-04-05 09:59:00,B28 A,110.0,15.48,7.1,5.63,1.42,53.0
68,2026-04-05,ET750,2026-04-05 11:13:00,2026-04-05 11:34:00,21.0,2026-04-05 12:17:00,2026-04-05 13:03:00,B17 A,464.0,12.73,36.44,4.82,1.75,46.0
68,2026-04-05,FH8116,2026-04-05 12:44:00,2026-04-05 12:48:00,4.0,2026-04-05 13:06:00,2026-04-05 13:13:00,B38 A,140.0,11.78,11.89,6.23,1.87,7.0
68,2026-04-05,LH1004,2026-04-05 09:50:00,2026-04-05 09:53:00,3.0,2026-04-05 10:20:00,2026-04-05 10:27:00,A43 ,33.0,14.69,2.25,5.67,1.47,7.0
68,2026-04-05,SN1122,2026-04-05 08:39:00,2026-04-05 09:08:00,29.0,2026-04-05 09:20:00,2026-04-05 09:21:00,B40 A,13.0,13.1,0.99,4.81,2.58,1.0
68,2026-04-05,SN1124,2026-04-05 07:10:00,2026-04-05 07:19:00,9.0,2026-04-05 07:32:00,2026-04-05 07:48:00,B30 A,138.0,13.16,10.48,6.14,1.45,16.0
68,2026-04-05,SN206,2026-04-05 06:25:00,2026-04-05 06:48:00,23.0,2026-04-05 07:07:00,2026-04-05 07:30:00,B38 A,154.0,10.86,14.18,5.27,2.21,23.0
68,2026-04-05,SN229,2026-04-05 12:06:00,2026-04-05 12:12:00,6.0,2026-04-05 12:39:00,2026-04-05 13:03:00,B28 A,20.0,15.22,1.31,6.44,1.24,24.0
68,2026-04-05,SN278,2026-04-05 10:45:00,2026-04-05 10:42:00,-3.0,2026-04-05 11:04:00,2026-04-05 11:16:00,B28 A,198.0,15.82,12.52,5.0,1.6,12.0
68,2026-04-05,SN2900,2026-04-05 10:44:00,2026-04-05 11:04:00,20.0,2026-04-05 11:13:00,2026-04-05 11:34:00,B32 A,49.0,12.3,3.98,3.62,2.67,21.0
68,2026-04-05,SN3326,2026-04-05 11:24:00,2026-04-05 11:41:00,17.0,2026-04-05 12:06:00,2026-04-05 12:12:00,B14 A,111.0,12.03,9.23,4.74,1.41,6.0
68,2026-04-05,SN358,2026-04-05 12:21:00,2026-04-05 12:23:00,2.0,2026-04-05 12:43:00,2026-04-05 13:14:00,B28 A,176.0,13.37,13.16,5.59,1.43,31.0
68,2026-04-05,SN379,2026-04-05 08:11:00,2026-04-05 08:40:00,29.0,2026-04-05 08:59:00,2026-04-05 09:27:00,B28 A,76.0,14.62,5.2,5.15,1.55,28.0
68,2026-04-05,SN3800,2026-04-05 06:15:00,2026-04-05 06:16:00,1.0,2026-04-05 06:28:00,2026-04-05 06:30:00,A65 ,27.0,13.95,1.94,4.59,1.82,2.0
68,2026-04-05,TB1552,2026-04-05 07:47:00,2026-04-05 07:43:00,-4.0,2026-04-05 07:55:00,2026-04-05 07:59:00,A68 ,66.0,11.5,5.74,4.54,1.83,4.0
68,2026-04-05,TB2632,2026-04-05 09:29:00,2026-04-05 09:09:00,-20.0,2026-04-05 09:35:00,2026-04-05 09:44:00,B9  A,114.0,11.76,9.69,5.82,1.43,9.0
68,2026-04-05,TB2662,2026-04-05 09:15:00,2026-04-05 09:04:00,-11.0,2026-04-05 09:22:00,2026-04-05 09:30:00,B34 A,90.0,15.2,5.92,4.85,2.13,8.0
68,2026-04-05,TG934,2026-04-05 12:22:00,2026-04-05 12:26:00,4.0,2026-04-05 12:46:00,2026-04-05 13:15:00,B34 A,260.0,15.33,16.96,5.79,1.78,29.0
68,2026-04-05,UA950,2026-04-05 11:22:00,2026-04-05 11:02:00,-20.0,2026-04-05 11:22:00,2026-04-05 11:45:00,B28 A,170.0,12.69,13.4,5.61,1.43,23.0
68,2026-04-05,UA994,2026-04-05 08:51:00,2026-04-05 08:32:00,-19.0,2026-04-05 08:52:00,2026-04-05 09:25:00,B40 A,171.0,9.53,17.95,6.18,2.01,33.0
68,2026-04-05,XR5402,2026-04-05 07:46:00,2026-04-05 08:56:00,70.0,2026-04-05 09:23:00,2026-04-05 09:26:00,B5  A,88.0,13.66,6.44,5.17,1.61,3.0
69,2026-04-05,AC832,2026-04-05 12:18:00,2026-04-05 11:38:00,-40.0,2026-04-05 11:54:00,2026-04-05 12:17:00,B30 A,100.0,14.04,7.12,4.29,2.08,23.0
69,2026-04-05,ET750,2026-04-05 11:13:00,2026-04-05 11:34:00,21.0,2026-04-05 12:17:00,2026-04-05 13:03:00,B17 A,464.0,14.3,32.45,4.16,2.02,46.0
69,2026-04-05,FH8116,2026-04-05 12:44:00,2026-04-05 12:48:00,4.0,2026-04-05 13:06:00,2026-04-05 13:13:00,B38 A,140.0,12.21,11.47,5.12,2.28,7.0
69,2026-04-05,LH1004,2026-04-05 09:50:00,2026-04-05 09:53:00,3.0,2026-04-05 10:20:00,2026-04-05 10:27:00,A43 ,33.0,9.62,3.43,4.93,1.69,7.0
69,2026-04-05,SN1122,2026-04-05 08:39:00,2026-04-05 09:08:00,29.0,2026-04-05 09:20:00,2026-04-05 09:21:00,B40 A,13.0,11.11,1.17,4.85,2.56,1.0
69,2026-04-05,SN1124,2026-04-05 07:10:00,2026-04-05 07:19:00,9.0,2026-04-05 07:32:00,2026-04-05 07:48:00,B30 A,138.0,14.23,9.7,4.0,2.23,16.0
69,2026-04-05,SN206,2026-04-05 06:25:00,2026-04-05 06:48:00,23.0,2026-04-05 07:07:00,2026-04-05 07:30:00,B38 A,154.0,11.75,13.11,4.7,2.48,23.0
69,2026-04-05,SN229,2026-04-05 10:04:00,2026-04-05 10:26:00,22.0,2026-04-05 10:41:00,2026-04-05 11:10:00,B31 A,120.0,12.48,9.62,3.4,3.16,29.0
69,2026-04-05,SN278,2026-04-05 12:46:00,2026-04-05 12:41:00,-5.0,2026-04-05 13:04:00,2026-04-05 13:33:00,B31 A,62.0,11.4,5.44,4.79,2.24,29.0
69,2026-04-05,SN2900,2026-04-05 10:44:00,2026-04-05 11:04:00,20.0,2026-04-05 11:13:00,2026-04-05 11:34:00,B32 A,49.0,8.25,5.94,5.73,1.69,21.0
69,2026-04-05,SN3326,2026-04-05 07:45:00,2026-04-05 08:05:00,20.0,2026-04-05 08:16:00,2026-04-05 08:36:00,B28 A,123.0,15.15,8.12,5.04,1.59,20.0
69,2026-04-05,SN358,2026-04-05 08:21:00,2026-04-05 08:24:00,3.0,2026-04-05 08:42:00,2026-04-05 09:09:00,B14 A,112.0,12.17,9.2,5.05,1.32,27.0
69,2026-04-05,SN379,2026-04-05 10:10:00,2026-04-05 11:03:00,53.0,2026-04-05 11:42:00,2026-04-05 12:19:00,B29 A,161.0,11.58,13.9,5.59,1.76,37.0
69,2026-04-05,SN3800,2026-04-05 06:15:00,2026-04-05 06:16:00,1.0,2026-04-05 06:28:00,2026-04-05 06:30:00,A65 ,27.0,14.83,1.82,4.3,1.94,2.0
69,2026-04-05,TB1552,2026-04-05 10:15:00,2026-04-05 10:31:00,16.0,2026-04-05 10:50:00,2026-04-05 10:59:00,A69 ,164.0,13.2,12.43,3.98,2.09,9.0
69,2026-04-05,TB2632,2026-04-05 09:29:00,2026-04-05 09:09:00,-20.0,2026-04-05 09:35:00,2026-04-05 09:44:00,B9  A,114.0,11.79,9.67,4.22,1.97,9.0
69,2026-04-05,TB2662,2026-04-05 09:15:00,2026-04-05 09:04:00,-11.0,2026-04-05 09:22:00,2026-04-05 09:30:00,B34 A,90.0,11.88,7.58,5.54,1.86,8.0
69,2026-04-05,TG934,2026-04-05 09:21:00,2026-04-05 09:16:00,-5.0,2026-04-05 09:38:00,2026-04-05 09:58:00,B38 A,249.0,14.02,17.76,5.04,2.31,20.0
69,2026-04-05,UA950,2026-04-05 10:20:00,2026-04-05 09:58:00,-22.0,2026-04-05 10:24:00,2026-04-05 10:51:00,B40 A,188.0,9.87,19.05,5.27,2.36,27.0
69,2026-04-05,UA994,2026-04-05 12:51:00,2026-04-05 12:35:00,-16.0,2026-04-05 12:54:00,2026-04-05 13:24:00,B38 A,109.0,10.9,10.0,5.78,2.02,30.0
69,2026-04-05,XR5402,2026-04-05 07:46:00,2026-04-05 08:56:00,70.0,2026-04-05 09:23:00,2026-04-05 09:26:00,B5  A,88.0,13.6,6.47,5.75,1.45,3.0
70,2026-04-05,AC832,2026-04-05 12:18:00,2026-04-05 11:38:00,-40.0,2026-04-05 11:54:00,2026-04-05 12:17:00,B30 A,100.0,12.92,7.74,4.93,1.81,23.0
70,2026-04-05,ET750,2026-04-05 11:13:00,2026-04-05 11:34:00,21.0,2026-04-05 12:17:00,2026-04-05 13:03:00,B17 A,464.0,11.83,39.23,4.99,1.69,46.0
70,2026-04-05,FH8116,2026-04-05 06:35:00,2026-04-05 06:00:00,-35.0,2026-04-05 06:07:00,2026-04-05 06:09:00,B15 A,22.0,10.61,2.07,4.87,1.59,2.0
70,2026-04-05,LH1004,2026-04-05 08:50:00,2026-04-05 08:53:00,3.0,2026-04-05 09:06:00,2026-04-05 09:12:00,A43 ,29.0,12.83,2.26,5.14,1.62,6.0
70,2026-04-05,SN1122,2026-04-05 08:39:00,2026-04-05 09:08:00,29.0,2026-04-05 09:20:00,2026-04-05 09:21:00,B40 A,13.0,9.38,1.39,3.96,3.14,1.0
70,2026-04-05,SN1124,2026-04-05 07:10:00,2026-04-05 07:19:00,9.0,2026-04-05 07:32:00,2026-04-05 07:48:00,B30 A,138.0,16.77,8.23,5.19,1.72,16.0
70,2026-04-05,SN206,2026-04-05 06:25:00,2026-04-05 06:48:00,23.0,2026-04-05 07:07:00,2026-04-05 07:30:00,B38 A,154.0,12.38,12.44,5.71,2.04,23.0
70,2026-04-05,SN229,2026-04-05 12:06:00,2026-04-05 12:12:00,6.0,2026-04-05 12:39:00,2026-04-05 13:03:00,B28 A,20.0,13.67,1.46,4.11,1.95,24.0
70,2026-04-05,SN278,2026-04-05 10:45:00,2026-04-05 10:42:00,-3.0,2026-04-05 11:04:00,2026-04-05 11:16:00,B28 A,198.0,10.42,19.01,4.45,1.8,12.0
70,2026-04-05,SN2900,2026-04-05 08:46:00,2026-04-05 08:33:00,-13.0,2026-04-05 08:58:00,2026-04-05 09:02:00,B14 A,79.0,15.06,5.24,4.15,1.61,4.0
70,2026-04-05,SN3326,2026-04-05 11:24:00,2026-04-05 11:41:00,17.0,2026-04-05 12:06:00,2026-04-05 12:12:00,B14 A,111.0,13.4,8.28,5.4,1.23,6.0
70,2026-04-05,SN358,2026-04-05 10:21:00,2026-04-05 11:13:00,52.0,2026-04-05 11:43:00,2026-04-05 12:03:00,B38 A,126.0,16.12,7.82,4.02,2.9,20.0
70,2026-04-05,SN379,2026-04-05 08:11:00,2026-04-05 08:40:00,29.0,2026-04-05 08:59:00,2026-04-05 09:27:00,B28 A,76.0,10.24,7.42,6.79,1.18,28.0
70,2026-04-05,SN3800,2026-04-05 06:15:00,2026-04-05 06:16:00,1.0,2026-04-05 06:28:00,2026-04-05 06:30:00,A65 ,27.0,12.9,2.09,4.57,1.82,2.0
70,2026-04-05,TB1552,2026-04-05 10:15:00,2026-04-05 10:31:00,16.0,2026-04-05 10:50:00,2026-04-05 10:59:00,A69 ,164.0,9.9,16.57,3.94,2.12,9.0
70,2026-04-05,TB2632,2026-04-05 09:29:00,2026-04-05 09:09:00,-20.0,2026-04-05 09:35:00,2026-04-05 09:44:00,B9  A,114.0,13.89,8.21,7.18,1.16,9.0
70,2026-04-05,TB2662,2026-04-05 09:15:00,2026-04-05 09:04:00,-11.0,2026-04-05 09:22:00,2026-04-05 09:30:00,B34 A,90.0,10.85,8.29,5.66,1.82,8.0
70,2026-04-05,TG934,2026-04-05 12:22:00,2026-04-05 12:26:00,4.0,2026-04-05 12:46:00,2026-04-05 13:15:00,B34 A,260.0,14.9,17.45,4.68,2.21,29.0
70,2026-04-05,UA950,2026-04-05 12:20:00,2026-04-05 11:58:00,-22.0,2026-04-05 12:14:00,2026-04-05 12:42:00,B37 A,127.0,10.83,11.72,5.29,2.3,28.0
70,2026-04-05,UA994,2026-04-05 09:51:00,2026-04-05 11:28:00,97.0,2026-04-05 11:44:00,2026-04-05 12:09:00,B40 A,135.0,13.44,10.04,4.78,2.6,25.0
70,2026-04-05,XR5402,2026-04-05 07:46:00,2026-04-05 08:56:00,70.0,2026-04-05 09:23:00,2026-04-05 09:26:00,B5  A,88.0,15.67,5.62,5.56,1.5,3.0
71,2026-04-05,AC832,2026-04-05 11:16:00,2026-04-05 10:39:00,-37.0,2026-04-05 10:54:00,2026-04-05 11:24:00,B5  A,101.0,10.97,9.21,5.31,1.57,30.0
71,2026-04-05,ET750,2026-04-05 11:13:00,2026-04-05 11:34:00,21.0,2026-04-05 12:17:00,2026-04-05 13:03:00,B17 A,464.0,13.21,35.12,6.54,1.29,46.0
71,2026-04-05,FH8116,2026-04-05 06:35:00,2026-04-05 06:00:00,-35.0,2026-04-05 06:07:00,2026-04-05 06:09:00,B15 A,22.0,14.54,1.51,4.33,1.79,2.0
71,2026-04-05,LH1004,2026-04-05 08:50:00,2026-04-05 08:53:00,3.0,2026-04-05 09:06:00,2026-04-05 09:12:00,A43 ,29.0,13.07,2.22,4.02,2.08,6.0
71,2026-04-05,SN1122,2026-04-05 08:39:00,2026-04-05 09:08:00,29.0,2026-04-05 09:20:00,2026-04-05 09:21:00,B40 A,13.0,11.46,1.13,4.0,3.11,1.0
71,2026-04-05,SN1124,2026-04-05 07:10:00,2026-04-05 07:19:00,9.0,2026-04-05 07:32:00,2026-04-05 07:48:00,B30 A,138.0,15.2,9.08,4.65,1.92,16.0
71,2026-04-05,SN206,2026-04-05 06:25:00,2026-04-05 06:48:00,23.0,2026-04-05 07:07:00,2026-04-05 07:30:00,B38 A,154.0,11.79,13.06,5.13,2.28,23.0
71,2026-04-05,SN229,2026-04-05 12:06:00,2026-04-05 12:12:00,6.0,2026-04-05 12:39:00,2026-04-05 13:03:00,B28 A,20.0,14.43,1.39,5.56,1.44,24.0
71,2026-04-05,SN278,2026-04-05 12:46:00,2026-04-05 12:41:00,-5.0,2026-04-05 13:04:00,2026-04-05 13:33:00,B31 A,62.0,13.53,4.58,4.59,2.34,29.0
71,2026-04-05,SN2900,2026-04-05 07:39:00,2026-04-05 07:25:00,-14.0,2026-04-05 07:38:00,2026-04-05 07:53:00,B38 A,55.0,13.62,4.04,5.75,2.03,15.0
71,2026-04-05,SN3326,2026-04-05 07:45:00,2026-04-05 08:05:00,20.0,2026-04-05 08:16:00,2026-04-05 08:36:00,B28 A,123.0,14.89,8.26,4.41,1.81,20.0
71,2026-04-05,SN358,2026-04-05 12:21:00,2026-04-05 12:23:00,2.0,2026-04-05 12:43:00,2026-04-05 13:14:00,B28 A,176.0,12.38,14.22,6.04,1.32,31.0
71,2026-04-05,SN379,2026-04-05 08:11:00,2026-04-05 08:40:00,29.0,2026-04-05 08:59:00,2026-04-05 09:27:00,B28 A,76.0,10.58,7.18,5.46,1.47,28.0
71,2026-04-05,SN3800,2026-04-05 06:15:00,2026-04-05 06:16:00,1.0,2026-04-05 06:28:00,2026-04-05 06:30:00,A65 ,27.0,12.49,2.16,3.81,2.18,2.0
71,2026-04-05,TB1552,2026-04-05 10:15:00,2026-04-05 10:31:00,16.0,2026-04-05 10:50:00,2026-04-05 10:59:00,A69 ,164.0,12.23,13.4,4.49,1.86,9.0
71,2026-04-05,TB2632,2026-04-05 09:29:00,2026-04-05 09:09:00,-20.0,2026-04-05 09:35:00,2026-04-05 09:44:00,B9  A,114.0,12.57,9.07,5.97,1.4,9.0
71,2026-04-05,TB2662,2026-04-05 09:15:00,2026-04-05 09:04:00,-11.0,2026-04-05 09:22:00,2026-04-05 09:30:00,B34 A,90.0,12.43,7.24,4.28,2.41,8.0
71,2026-04-05,TG934,2026-04-05 09:21:00,2026-04-05 09:16:00,-5.0,2026-04-05 09:38:00,2026-04-05 09:58:00,B38 A,249.0,13.63,18.27,3.85,3.03,20.0
71,2026-04-05,UA950,2026-04-05 10:20:00,2026-04-05 09:58:00,-22.0,2026-04-05 10:24:00,2026-04-05 10:51:00,B40 A,188.0,13.83,13.59,4.94,2.51,27.0
71,2026-04-05,UA994,2026-04-05 12:51:00,2026-04-05 12:35:00,-16.0,2026-04-05 12:54:00,2026-04-05 13:24:00,B38 A,109.0,10.72,10.17,4.23,2.76,30.0
71,2026-04-05,XR5402,2026-04-05 07:46:00,2026-04-05 08:56:00,70.0,2026-04-05 09:23:00,2026-04-05 09:26:00,B5  A,88.0,15.83,5.56,4.5,1.85,3.0
72,2026-04-05,AC832,2026-04-05 09:18:00,2026-04-05 08:45:00,-33.0,2026-04-05 09:06:00,2026-04-05 09:59:00,B28 A,110.0,10.47,10.51,5.33,1.5,53.0
72,2026-04-05,ET750,2026-04-05 11:13:00,2026-04-05 11:34:00,21.0,2026-04-05 12:17:00,2026-04-05 13:03:00,B17 A,464.0,12.06,38.47,4.59,1.83,46.0
72,2026-04-05,FH8116,2026-04-05 06:35:00,2026-04-05 06:00:00,-35.0,2026-04-05 06:07:00,2026-04-05 06:09:00,B15 A,22.0,11.35,1.94,5.97,1.29,2.0
72,2026-04-05,LH1004,2026-04-05 11:51:00,2026-04-05 11:47:00,-4.0,2026-04-05 12:07:00,2026-04-05 12:12:00,A43 ,23.0,16.58,1.39,4.7,1.77,5.0
72,2026-04-05,SN1122,2026-04-05 08:39:00,2026-04-05 09:08:00,29.0,2026-04-05 09:20:00,2026-04-05 09:21:00,B40 A,13.0,12.05,1.08,5.56,2.23,1.0
72,2026-04-05,SN1124,2026-04-05 07:10:00,2026-04-05 07:19:00,9.0,2026-04-05 07:32:00,2026-04-05 07:48:00,B30 A,138.0,12.62,10.93,5.14,1.74,16.0
72,2026-04-05,SN206,2026-04-05 06:25:00,2026-04-05 06:48:00,23.0,2026-04-05 07:07:00,2026-04-05 07:30:00,B38 A,154.0,12.3,12.52,5.16,2.26,23.0
72,2026-04-05,SN229,2026-04-05 10:04:00,2026-04-05 10:26:00,22.0,2026-04-05 10:41:00,2026-04-05 11:10:00,B31 A,120.0,11.28,10.64,6.03,1.78,29.0
72,2026-04-05,SN278,2026-04-05 08:43:00,2026-04-05 08:27:00,-16.0,2026-04-05 08:40:00,2026-04-05 09:10:00,B37 A,123.0,14.26,8.62,4.7,2.59,30.0
72,2026-04-05,SN2900,2026-04-05 07:39:00,2026-04-05 07:25:00,-14.0,2026-04-05 07:38:00,2026-04-05 07:53:00,B38 A,55.0,12.2,4.51,3.97,2.94,15.0
72,2026-04-05,SN3326,2026-04-05 11:24:00,2026-04-05 11:41:00,17.0,2026-04-05 12:06:00,2026-04-05 12:12:00,B14 A,111.0,12.3,9.02,5.68,1.17,6.0
72,2026-04-05,SN358,2026-04-05 10:21:00,2026-04-05 11:13:00,52.0,2026-04-05 11:43:00,2026-04-05 12:03:00,B38 A,126.0,10.62,11.86,3.56,3.27,20.0
72,2026-04-05,SN379,2026-04-05 10:10:00,2026-04-05 11:03:00,53.0,2026-04-05 11:42:00,2026-04-05 12:19:00,B29 A,161.0,10.04,16.03,6.46,1.52,37.0
72,2026-04-05,SN3800,2026-04-05 06:15:00,2026-04-05 06:16:00,1.0,2026-04-05 06:28:00,2026-04-05 06:30:00,A65 ,27.0,9.57,2.82,4.72,1.77,2.0
72,2026-04-05,TB1552,2026-04-05 07:15:00,2026-04-05 07:08:00,-7.0,2026-04-05 07:38:00,2026-04-05 07:45:00,A61 ,152.0,12.17,12.49,5.01,1.66,7.0
72,2026-04-05,TB2632,2026-04-05 09:29:00,2026-04-05 09:09:00,-20.0,2026-04-05 09:35:00,2026-04-05 09:44:00,B9  A,114.0,10.1,11.29,4.46,1.87,9.0
72,2026-04-05,TB2662,2026-04-05 09:15:00,2026-04-05 09:04:00,-11.0,2026-04-05 09:22:00,2026-04-05 09:30:00,B34 A,90.0,10.81,8.33,5.9,1.75,8.0
72,2026-04-05,TG934,2026-04-05 09:21:00,2026-04-05 09:16:00,-5.0,2026-04-05 09:38:00,2026-04-05 09:58:00,B38 A,249.0,13.66,18.23,4.13,2.82,20.0
72,2026-04-05,UA950,2026-04-05 11:22:00,2026-04-05 11:02:00,-20.0,2026-04-05 11:22:00,2026-04-05 11:45:00,B28 A,170.0,14.44,11.78,5.62,1.42,23.0
72,2026-04-05,UA994,2026-04-05 08:51:00,2026-04-05 08:32:00,-19.0,2026-04-05 08:52:00,2026-04-05 09:25:00,B40 A,171.0,10.19,16.79,3.95,3.15,33.0
72,2026-04-05,XR5402,2026-04-05 07:46:00,2026-04-05 08:56:00,70.0,2026-04-05 09:23:00,2026-04-05 09:26:00,B5  A,88.0,12.41,7.09,4.37,1.91,3.0
73,2026-04-05,AC832,2026-04-05 10:17:00,2026-04-05 10:43:00,26.0,2026-04-05 11:00:00,2026-04-05 11:34:00,B14 A,172.0,11.4,15.08,4.69,1.42,34.0
73,2026-04-05,ET750,2026-04-05 09:11:00,2026-04-05 09:13:00,2.0,2026-04-05 09:42:00,2026-04-05 10:46:00,B40 A,421.0,16.22,25.96,5.24,2.37,64.0
73,2026-04-05,FH8116,2026-04-05 12:44:00,2026-04-05 12:48:00,4.0,2026-04-05 13:06:00,2026-04-05 13:13:00,B38 A,140.0,11.84,11.83,3.78,3.09,7.0
73,2026-04-05,LH1004,2026-04-05 11:51:00,2026-04-05 11:47:00,-4.0,2026-04-05 12:07:00,2026-04-05 12:12:00,A43 ,23.0,12.75,1.8,4.32,1.93,5.0
73,2026-04-05,SN1122,2026-04-05 08:39:00,2026-04-05 09:08:00,29.0,2026-04-05 09:20:00,2026-04-05 09:21:00,B40 A,13.0,16.96,0.77,4.67,2.66,1.0
73,2026-04-05,SN1124,2026-04-05 07:10:00,2026-04-05 07:19:00,9.0,2026-04-05 07:32:00,2026-04-05 07:48:00,B30 A,138.0,12.53,11.02,4.68,1.9,16.0
73,2026-04-05,SN206,2026-04-05 06:25:00,2026-04-05 06:48:00,23.0,2026-04-05 07:07:00,2026-04-05 07:30:00,B38 A,154.0,15.88,9.7,5.09,2.29,23.0
73,2026-04-05,SN229,2026-04-05 08:06:00,2026-04-05 09:20:00,74.0,2026-04-05 09:41:00,2026-04-05 10:22:00,B14 A,144.0,9.17,15.7,5.79,1.15,41.0
73,2026-04-05,SN278,2026-04-05 10:45:00,2026-04-05 10:42:00,-3.0,2026-04-05 11:04:00,2026-04-05 11:16:00,B28 A,198.0,13.63,14.53,3.74,2.14,12.0
73,2026-04-05,SN2900,2026-04-05 10:44:00,2026-04-05 11:04:00,20.0,2026-04-05 11:13:00,2026-04-05 11:34:00,B32 A,49.0,9.37,5.23,4.58,2.11,21.0
73,2026-04-05,SN3326,2026-04-05 07:45:00,2026-04-05 08:05:00,20.0,2026-04-05 08:16:00,2026-04-05 08:36:00,B28 A,123.0,13.62,9.03,5.69,1.41,20.0
73,2026-04-05,SN358,2026-04-05 10:21:00,2026-04-05 11:13:00,52.0,2026-04-05 11:43:00,2026-04-05 12:03:00,B38 A,126.0,10.41,12.1,4.1,2.85,20.0
73,2026-04-05,SN379,2026-04-05 08:11:00,2026-04-05 08:40:00,29.0,2026-04-05 08:59:00,2026-04-05 09:27:00,B28 A,76.0,12.73,5.97,4.62,1.73,28.0
73,2026-04-05,SN3800,2026-04-05 06:15:00,2026-04-05 06:16:00,1.0,2026-04-05 06:28:00,2026-04-05 06:30:00,A65 ,27.0,11.18,2.42,5.94,1.4,2.0
73,2026-04-05,TB1552,2026-04-05 07:15:00,2026-04-05 07:08:00,-7.0,2026-04-05 07:38:00,2026-04-05 07:45:00,A61 ,152.0,11.82,12.86,7.31,1.14,7.0
73,2026-04-05,TB2632,2026-04-05 09:29:00,2026-04-05 09:09:00,-20.0,2026-04-05 09:35:00,2026-04-05 09:44:00,B9  A,114.0,9.23,12.35,5.8,1.44,9.0
73,2026-04-05,TB2662,2026-04-05 09:15:00,2026-04-05 09:04:00,-11.0,2026-04-05 09:22:00,2026-04-05 09:30:00,B34 A,90.0,16.83,5.35,7.17,1.44,8.0
73,2026-04-05,TG934,2026-04-05 09:21:00,2026-04-05 09:16:00,-5.0,2026-04-05 09:38:00,2026-04-05 09:58:00,B38 A,249.0,14.3,17.41,5.0,2.34,20.0
73,2026-04-05,UA950,2026-04-05 11:22:00,2026-04-05 11:02:00,-20.0,2026-04-05 11:22:00,2026-04-05 11:45:00,B28 A,170.0,9.99,17.02,3.95,2.03,23.0
73,2026-04-05,UA994,2026-04-05 10:51:00,2026-04-05 10:01:00,-50.0,2026-04-05 10:18:00,2026-04-05 10:42:00,B38 A,177.0,14.4,12.29,3.89,3.0,24.0
73,2026-04-05,XR5402,2026-04-05 07:46:00,2026-04-05 08:56:00,70.0,2026-04-05 09:23:00,2026-04-05 09:26:00,B5  A,88.0,14.48,6.08,4.24,1.97,3.0
74,2026-04-05,AC832,2026-04-05 12:18:00,2026-04-05 11:38:00,-40.0,2026-04-05 11:54:00,2026-04-05 12:17:00,B30 A,100.0,12.03,8.32,5.7,1.56,23.0
74,2026-04-05,ET750,2026-04-05 11:13:00,2026-04-05 11:34:00,21.0,2026-04-05 12:17:00,2026-04-05 13:03:00,B17 A,464.0,14.3,32.45,7.92,1.06,46.0
74,2026-04-05,FH8116,2026-04-05 06:35:00,2026-04-05 06:00:00,-35.0,2026-04-05 06:07:00,2026-04-05 06:09:00,B15 A,22.0,14.52,1.52,6.23,1.24,2.0
74,2026-04-05,LH1004,2026-04-05 08:50:00,2026-04-05 08:53:00,3.0,2026-04-05 09:06:00,2026-04-05 09:12:00,A43 ,29.0,11.45,2.53,4.45,1.87,6.0
74,2026-04-05,SN1122,2026-04-05 08:39:00,2026-04-05 09:08:00,29.0,2026-04-05 09:20:00,2026-04-05 09:21:00,B40 A,13.0,11.25,1.16,6.75,1.84,1.0
74,2026-04-05,SN1124,2026-04-05 07:10:00,2026-04-05 07:19:00,9.0,2026-04-05 07:32:00,2026-04-05 07:48:00,B30 A,138.0,12.65,10.91,4.62,1.93,16.0
74,2026-04-05,SN206,2026-04-05 06:25:00,2026-04-05 06:48:00,23.0,2026-04-05 07:07:00,2026-04-05 07:30:00,B38 A,154.0,13.67,11.27,4.56,2.56,23.0
74,2026-04-05,SN229,2026-04-05 10:04:00,2026-04-05 10:26:00,22.0,2026-04-05 10:41:00,2026-04-05 11:10:00,B31 A,120.0,9.72,12.34,5.3,2.03,29.0
74,2026-04-05,SN278,2026-04-05 10:45:00,2026-04-05 10:42:00,-3.0,2026-04-05 11:04:00,2026-04-05 11:16:00,B28 A,198.0,12.06,16.41,5.19,1.54,12.0
74,2026-04-05,SN2900,2026-04-05 08:46:00,2026-04-05 08:33:00,-13.0,2026-04-05 08:58:00,2026-04-05 09:02:00,B14 A,79.0,13.55,5.83,5.47,1.22,4.0
74,2026-04-05,SN3326,2026-04-05 11:24:00,2026-04-05 11:41:00,17.0,2026-04-05 12:06:00,2026-04-05 12:12:00,B14 A,111.0,12.61,8.8,5.53,1.21,6.0
74,2026-04-05,SN358,2026-04-05 10:21:00,2026-04-05 11:13:00,52.0,2026-04-05 11:43:00,2026-04-05 12:03:00,B38 A,126.0,12.3,10.24,5.21,2.24,20.0
74,2026-04-05,SN379,2026-04-05 08:11:00,2026-04-05 08:40:00,29.0,2026-04-05 08:59:00,2026-04-05 09:27:00,B28 A,76.0,11.75,6.47,4.21,1.9,28.0
74,2026-04-05,SN3800,2026-04-05 06:15:00,2026-04-05 06:16:00,1.0,2026-04-05 06:28:00,2026-04-05 06:30:00,A65 ,27.0,10.62,2.54,5.55,1.5,2.0
74,2026-04-05,TB1552,2026-04-05 07:47:00,2026-04-05 07:43:00,-4.0,2026-04-05 07:55:00,2026-04-05 07:59:00,A68 ,66.0,11.32,5.83,3.9,2.13,4.0
74,2026-04-05,TB2632,2026-04-05 09:29:00,2026-04-05 09:09:00,-20.0,2026-04-05 09:35:00,2026-04-05 09:44:00,B9  A,114.0,14.81,7.7,4.7,1.77,9.0
74,2026-04-05,TB2662,2026-04-05 09:15:00,2026-04-05 09:04:00,-11.0,2026-04-05 09:22:00,2026-04-05 09:30:00,B34 A,90.0,14.65,6.15,4.89,2.11,8.0
74,2026-04-05,TG934,2026-04-05 09:21:00,2026-04-05 09:16:00,-5.0,2026-04-05 09:38:00,2026-04-05 09:58:00,B38 A,249.0,12.83,19.4,5.03,2.32,20.0
74,2026-04-05,UA950,2026-04-05 12:20:00,2026-04-05 11:58:00,-22.0,2026-04-05 12:14:00,2026-04-05 12:42:00,B37 A,127.0,11.05,11.5,5.2,2.34,28.0
74,2026-04-05,UA994,2026-04-05 12:51:00,2026-04-05 12:35:00,-16.0,2026-04-05 12:54:00,2026-04-05 13:24:00,B38 A,109.0,13.82,7.89,4.97,2.35,30.0
74,2026-04-05,XR5402,2026-04-05 07:46:00,2026-04-05 08:56:00,70.0,2026-04-05 09:23:00,2026-04-05 09:26:00,B5  A,88.0,11.82,7.45,5.01,1.66,3.0
75,2026-04-05,AC832,2026-04-05 09:18:00,2026-04-05 08:45:00,-33.0,2026-04-05 09:06:00,2026-04-05 09:59:00,B28 A,110.0,10.31,10.67,4.82,1.66,53.0
75,2026-04-05,ET750,2026-04-05 11:13:00,2026-04-05 11:34:00,21.0,2026-04-05 12:17:00,2026-04-05 13:03:00,B17 A,464.0,12.18,38.1,4.94,1.7,46.0
75,2026-04-05,FH8116,2026-04-05 12:44:00,2026-04-05 12:48:00,4.0,2026-04-05 13:06:00,2026-04-05 13:13:00,B38 A,140.0,9.6,14.59,6.4,1.82,7.0
75,2026-04-05,LH1004,2026-04-05 09:50:00,2026-04-05 09:53:00,3.0,2026-04-05 10:20:00,2026-04-05 10:27:00,A43 ,33.0,11.32,2.92,5.44,1.53,7.0
75,2026-04-05,SN1122,2026-04-05 08:39:00,2026-04-05 09:08:00,29.0,2026-04-05 09:20:00,2026-04-05 09:21:00,B40 A,13.0,11.25,1.16,4.72,2.63,1.0
75,2026-04-05,SN1124,2026-04-05 07:10:00,2026-04-05 07:19:00,9.0,2026-04-05 07:32:00,2026-04-05 07:48:00,B30 A,138.0,13.67,10.09,4.72,1.89,16.0
75,2026-04-05,SN206,2026-04-05 06:25:00,2026-04-05 06:48:00,23.0,2026-04-05 07:07:00,2026-04-05 07:30:00,B38 A,154.0,14.52,10.61,5.3,2.2,23.0
75,2026-04-05,SN229,2026-04-05 12:06:00,2026-04-05 12:12:00,6.0,2026-04-05 12:39:00,2026-04-05 13:03:00,B28 A,20.0,12.66,1.58,4.97,1.61,24.0
75,2026-04-05,SN278,2026-04-05 12:46:00,2026-04-05 12:41:00,-5.0,2026-04-05 13:04:00,2026-04-05 13:33:00,B31 A,62.0,8.62,7.19,5.35,2.01,29.0
75,2026-04-05,SN2900,2026-04-05 07:39:00,2026-04-05 07:25:00,-14.0,2026-04-05 07:38:00,2026-04-05 07:53:00,B38 A,55.0,14.31,3.84,5.52,2.11,15.0
75,2026-04-05,SN3326,2026-04-05 07:45:00,2026-04-05 08:05:00,20.0,2026-04-05 08:16:00,2026-04-05 08:36:00,B28 A,123.0,14.29,8.61,5.11,1.56,20.0
75,2026-04-05,SN358,2026-04-05 08:21:00,2026-04-05 08:24:00,3.0,2026-04-05 08:42:00,2026-04-05 09:09:00,B14 A,112.0,12.32,9.09,5.23,1.28,27.0
75,2026-04-05,SN379,2026-04-05 10:10:00,2026-04-05 11:03:00,53.0,2026-04-05 11:42:00,2026-04-05 12:19:00,B29 A,161.0,11.77,13.68,3.97,2.48,37.0
75,2026-04-05,SN3800,2026-04-05 06:15:00,2026-04-05 06:16:00,1.0,2026-04-05 06:28:00,2026-04-05 06:30:00,A65 ,27.0,12.94,2.09,4.02,2.07,2.0
75,2026-04-05,TB1552,2026-04-05 07:47:00,2026-04-05 07:43:00,-4.0,2026-04-05 07:55:00,2026-04-05 07:59:00,A68 ,66.0,14.57,4.53,5.91,1.41,4.0
75,2026-04-05,TB2632,2026-04-05 09:29:00,2026-04-05 09:09:00,-20.0,2026-04-05 09:35:00,2026-04-05 09:44:00,B9  A,114.0,10.33,11.03,5.19,1.61,9.0
75,2026-04-05,TB2662,2026-04-05 09:15:00,2026-04-05 09:04:00,-11.0,2026-04-05 09:22:00,2026-04-05 09:30:00,B34 A,90.0,11.23,8.01,5.17,2.0,8.0
75,2026-04-05,TG934,2026-04-05 09:21:00,2026-04-05 09:16:00,-5.0,2026-04-05 09:38:00,2026-04-05 09:58:00,B38 A,249.0,14.94,16.67,4.1,2.85,20.0
75,2026-04-05,UA950,2026-04-05 10:20:00,2026-04-05 09:58:00,-22.0,2026-04-05 10:24:00,2026-04-05 10:51:00,B40 A,188.0,12.17,15.44,4.98,2.49,27.0
75,2026-04-05,UA994,2026-04-05 12:51:00,2026-04-05 12:35:00,-16.0,2026-04-05 12:54:00,2026-04-05 13:24:00,B38 A,109.0,14.07,7.75,5.53,2.11,30.0
75,2026-04-05,XR5402,2026-04-05 07:46:00,2026-04-05 08:56:00,70.0,2026-04-05 09:23:00,2026-04-05 09:26:00,B5  A,88.0,12.39,7.1,5.16,1.62,3.0
76,2026-04-05,AC832,2026-04-05 08:17:00,2026-04-05 07:46:00,-31.0,2026-04-05 08:02:00,2026-04-05 08:29:00,B30 A,122.0,11.89,10.26,5.9,1.51,27.0
76,2026-04-05,ET750,2026-04-05 11:13:00,2026-04-05 11:34:00,21.0,2026-04-05 12:17:00,2026-04-05 13:03:00,B17 A,464.0,11.33,40.94,4.34,1.94,46.0
76,2026-04-05,FH8116,2026-04-05 12:44:00,2026-04-05 12:48:00,4.0,2026-04-05 13:06:00,2026-04-05 13:13:00,B38 A,140.0,12.57,11.14,5.16,2.26,7.0
76,2026-04-05,LH1004,2026-04-05 12:50:00,2026-04-05 12:50:00,0.0,2026-04-05 13:03:00,2026-04-05 13:30:00,A43 ,40.0,10.55,3.79,5.46,1.53,27.0
76,2026-04-05,SN1122,2026-04-05 08:39:00,2026-04-05 09:08:00,29.0,2026-04-05 09:20:00,2026-04-05 09:21:00,B40 A,13.0,10.64,1.22,3.69,3.36,1.0
76,2026-04-05,SN1124,2026-04-05 07:10:00,2026-04-05 07:19:00,9.0,2026-04-05 07:32:00,2026-04-05 07:48:00,B30 A,138.0,14.14,9.76,5.1,1.75,16.0
76,2026-04-05,SN206,2026-04-05 06:25:00,2026-04-05 06:48:00,23.0,2026-04-05 07:07:00,2026-04-05 07:30:00,B38 A,154.0,13.8,11.16,4.15,2.81,23.0
76,2026-04-05,SN229,2026-04-05 12:06:00,2026-04-05 12:12:00,6.0,2026-04-05 12:39:00,2026-04-05 13:03:00,B28 A,20.0,11.35,1.76,4.61,1.73,24.0
76,2026-04-05,SN278,2026-04-05 10:45:00,2026-04-05 10:42:00,-3.0,2026-04-05 11:04:00,2026-04-05 11:16:00,B28 A,198.0,13.96,14.18,4.84,1.65,12.0
76,2026-04-05,SN2900,2026-04-05 10:44:00,2026-04-05 11:04:00,20.0,2026-04-05 11:13:00,2026-04-05 11:34:00,B32 A,49.0,15.6,3.14,6.43,1.5,21.0
76,2026-04-05,SN3326,2026-04-05 07:45:00,2026-04-05 08:05:00,20.0,2026-04-05 08:16:00,2026-04-05 08:36:00,B28 A,123.0,15.03,8.18,5.64,1.42,20.0
76,2026-04-05,SN358,2026-04-05 10:21:00,2026-04-05 11:13:00,52.0,2026-04-05 11:43:00,2026-04-05 12:03:00,B38 A,126.0,13.53,9.31,5.16,2.26,20.0
76,2026-04-05,SN379,2026-04-05 08:11:00,2026-04-05 08:40:00,29.0,2026-04-05 08:59:00,2026-04-05 09:27:00,B28 A,76.0,14.13,5.38,4.22,1.9,28.0
76,2026-04-05,SN3800,2026-04-05 06:15:00,2026-04-05 06:16:00,1.0,2026-04-05 06:28:00,2026-04-05 06:30:00,A65 ,27.0,9.18,2.94,4.27,1.95,2.0
76,2026-04-05,TB1552,2026-04-05 07:15:00,2026-04-05 07:08:00,-7.0,2026-04-05 07:38:00,2026-04-05 07:45:00,A61 ,152.0,12.99,11.7,5.2,1.6,7.0
76,2026-04-05,TB2632,2026-04-05 09:29:00,2026-04-05 09:09:00,-20.0,2026-04-05 09:35:00,2026-04-05 09:44:00,B9  A,114.0,12.33,9.25,5.13,1.62,9.0
76,2026-04-05,TB2662,2026-04-05 09:15:00,2026-04-05 09:04:00,-11.0,2026-04-05 09:22:00,2026-04-05 09:30:00,B34 A,90.0,14.76,6.1,6.16,1.68,8.0
76,2026-04-05,TG934,2026-04-05 09:21:00,2026-04-05 09:16:00,-5.0,2026-04-05 09:38:00,2026-04-05 09:58:00,B38 A,249.0,13.79,18.05,5.69,2.05,20.0
76,2026-04-05,UA950,2026-04-05 10:20:00,2026-04-05 09:58:00,-22.0,2026-04-05 10:24:00,2026-04-05 10:51:00,B40 A,188.0,8.34,22.54,5.23,2.37,27.0
76,2026-04-05,UA994,2026-04-05 11:51:00,2026-04-05 11:37:00,-14.0,2026-04-05 11:55:00,2026-04-05 12:25:00,B40 A,157.0,12.15,12.92,5.32,2.33,30.0
76,2026-04-05,XR5402,2026-04-05 07:46:00,2026-04-05 08:56:00,70.0,2026-04-05 09:23:00,2026-04-05 09:26:00,B5  A,88.0,9.89,8.9,4.58,1.82,3.0
77,2026-04-05,AC832,2026-04-05 09:18:00,2026-04-05 08:45:00,-33.0,2026-04-05 09:06:00,2026-04-05 09:59:00,B28 A,110.0,15.93,6.9,6.09,1.31,53.0
77,2026-04-05,ET750,2026-04-05 11:13:00,2026-04-05 11:34:00,21.0,2026-04-05 12:17:00,2026-04-05 13:03:00,B17 A,464.0,13.53,34.3,4.61,1.83,46.0
77,2026-04-05,FH8116,2026-04-05 06:35:00,2026-04-05 06:00:00,-35.0,2026-04-05 06:07:00,2026-04-05 06:09:00,B15 A,22.0,12.06,1.82,5.79,1.34,2.0
77,2026-04-05,LH1004,2026-04-05 11:51:00,2026-04-05 11:47:00,-4.0,2026-04-05 12:07:00,2026-04-05 12:12:00,A43 ,23.0,13.84,1.66,4.68,1.78,5.0
77,2026-04-05,SN1122,2026-04-05 08:39:00,2026-04-05 09:08:00,29.0,2026-04-05 09:20:00,2026-04-05 09:21:00,B40 A,13.0,10.94,1.19,5.13,2.42,1.0
77,2026-04-05,SN1124,2026-04-05 07:10:00,2026-04-05 07:19:00,9.0,2026-04-05 07:32:00,2026-04-05 07:48:00,B30 A,138.0,13.43,10.27,5.51,1.62,16.0
77,2026-04-05,SN206,2026-04-05 06:25:00,2026-04-05 06:48:00,23.0,2026-04-05 07:07:00,2026-04-05 07:30:00,B38 A,154.0,12.57,12.25,4.06,2.87,23.0
77,2026-04-05,SN229,2026-04-05 12:06:00,2026-04-05 12:12:00,6.0,2026-04-05 12:39:00,2026-04-05 13:03:00,B28 A,20.0,14.03,1.43,4.76,1.68,24.0
77,2026-04-05,SN278,2026-04-05 10:45:00,2026-04-05 10:42:00,-3.0,2026-04-05 11:04:00,2026-04-05 11:16:00,B28 A,198.0,11.32,17.49,5.3,1.51,12.0
77,2026-04-05,SN2900,2026-04-05 08:46:00,2026-04-05 08:33:00,-13.0,2026-04-05 08:58:00,2026-04-05 09:02:00,B14 A,79.0,12.44,6.35,4.47,1.49,4.0
77,2026-04-05,SN3326,2026-04-05 07:45:00,2026-04-05 08:05:00,20.0,2026-04-05 08:16:00,2026-04-05 08:36:00,B28 A,123.0,15.62,7.88,3.96,2.02,20.0
77,2026-04-05,SN358,2026-04-05 10:21:00,2026-04-05 11:13:00,52.0,2026-04-05 11:43:00,2026-04-05 12:03:00,B38 A,126.0,13.23,9.52,4.46,2.62,20.0
77,2026-04-05,SN379,2026-04-05 08:11:00,2026-04-05 08:40:00,29.0,2026-04-05 08:59:00,2026-04-05 09:27:00,B28 A,76.0,12.7,5.98,4.86,1.65,28.0
77,2026-04-05,SN3800,2026-04-05 06:15:00,2026-04-05 06:16:00,1.0,2026-04-05 06:28:00,2026-04-05 06:30:00,A65 ,27.0,13.33,2.03,5.69,1.46,2.0
77,2026-04-05,TB1552,2026-04-05 07:47:00,2026-04-05 07:43:00,-4.0,2026-04-05 07:55:00,2026-04-05 07:59:00,A68 ,66.0,12.45,5.3,4.15,2.01,4.0
77,2026-04-05,TB2632,2026-04-05 09:29:00,2026-04-05 09:09:00,-20.0,2026-04-05 09:35:00,2026-04-05 09:44:00,B9  A,114.0,11.52,9.89,4.89,1.7,9.0
77,2026-04-05,TB2662,2026-04-05 09:15:00,2026-04-05 09:04:00,-11.0,2026-04-05 09:22:00,2026-04-05 09:30:00,B34 A,90.0,13.86,6.5,4.16,2.48,8.0
77,2026-04-05,TG934,2026-04-05 09:21:00,2026-04-05 09:16:00,-5.0,2026-04-05 09:38:00,2026-04-05 09:58:00,B38 A,249.0,13.59,18.32,4.18,2.79,20.0
77,2026-04-05,UA950,2026-04-05 10:20:00,2026-04-05 09:58:00,-22.0,2026-04-05 10:24:00,2026-04-05 10:51:00,B40 A,188.0,13.51,13.92,5.84,2.13,27.0
77,2026-04-05,UA994,2026-04-05 12:51:00,2026-04-05 12:35:00,-16.0,2026-04-05 12:54:00,2026-04-05 13:24:00,B38 A,109.0,15.19,7.18,4.67,2.5,30.0
77,2026-04-05,XR5402,2026-04-05 07:46:00,2026-04-05 08:56:00,70.0,2026-04-05 09:23:00,2026-04-05 09:26:00,B5  A,88.0,14.23,6.18,5.34,1.56,3.0
78,2026-04-05,AC832,2026-04-05 09:18:00,2026-04-05 08:45:00,-33.0,2026-04-05 09:06:00,2026-04-05 09:59:00,B28 A,110.0,13.16,8.36,4.28,1.87,53.0
78,2026-04-05,ET750,2026-04-05 11:13:00,2026-04-05 11:34:00,21.0,2026-04-05 12:17:00,2026-04-05 13:03:00,B17 A,464.0,11.32,40.98,4.51,1.87,46.0
78,2026-04-05,FH8116,2026-04-05 06:35:00,2026-04-05 06:00:00,-35.0,2026-04-05 06:07:00,2026-04-05 06:09:00,B15 A,22.0,12.17,1.81,3.92,1.97,2.0
78,2026-04-05,LH1004,2026-04-05 12:50:00,2026-04-05 12:50:00,0.0,2026-04-05 13:03:00,2026-04-05 13:30:00,A43 ,40.0,14.1,2.84,6.34,1.31,27.0
78,2026-04-05,SN1122,2026-04-05 08:39:00,2026-04-05 09:08:00,29.0,2026-04-05 09:20:00,2026-04-05 09:21:00,B40 A,13.0,15.63,0.83,4.75,2.62,1.0
78,2026-04-05,SN1124,2026-04-05 07:10:00,2026-04-05 07:19:00,9.0,2026-04-05 07:32:00,2026-04-05 07:48:00,B30 A,138.0,14.14,9.76,4.93,1.81,16.0
78,2026-04-05,SN206,2026-04-05 06:25:00,2026-04-05 06:48:00,23.0,2026-04-05 07:07:00,2026-04-05 07:30:00,B38 A,154.0,11.52,13.36,4.64,2.52,23.0
78,2026-04-05,SN229,2026-04-05 10:04:00,2026-04-05 10:26:00,22.0,2026-04-05 10:41:00,2026-04-05 11:10:00,B31 A,120.0,12.94,9.28,5.45,1.97,29.0
78,2026-04-05,SN278,2026-04-05 08:43:00,2026-04-05 08:27:00,-16.0,2026-04-05 08:40:00,2026-04-05 09:10:00,B37 A,123.0,15.82,7.77,5.45,2.23,30.0
78,2026-04-05,SN2900,2026-04-05 08:46:00,2026-04-05 08:33:00,-13.0,2026-04-05 08:58:00,2026-04-05 09:02:00,B14 A,79.0,12.7,6.22,5.27,1.26,4.0
78,2026-04-05,SN3326,2026-04-05 07:45:00,2026-04-05 08:05:00,20.0,2026-04-05 08:16:00,2026-04-05 08:36:00,B28 A,123.0,15.04,8.18,5.81,1.38,20.0
78,2026-04-05,SN358,2026-04-05 10:21:00,2026-04-05 11:13:00,52.0,2026-04-05 11:43:00,2026-04-05 12:03:00,B38 A,126.0,13.59,9.27,4.28,2.72,20.0
78,2026-04-05,SN379,2026-04-05 10:10:00,2026-04-05 11:03:00,53.0,2026-04-05 11:42:00,2026-04-05 12:19:00,B29 A,161.0,12.84,12.54,5.12,1.92,37.0
78,2026-04-05,SN3800,2026-04-05 06:15:00,2026-04-05 06:16:00,1.0,2026-04-05 06:28:00,2026-04-05 06:30:00,A65 ,27.0,12.31,2.19,5.77,1.44,2.0
78,2026-04-05,TB1552,2026-04-05 08:29:00,2026-04-05 08:25:00,-4.0,2026-04-05 08:46:00,2026-04-05 08:54:00,A61 ,166.0,12.42,13.36,4.34,1.92,8.0
78,2026-04-05,TB2632,2026-04-05 09:29:00,2026-04-05 09:09:00,-20.0,2026-04-05 09:35:00,2026-04-05 09:44:00,B9  A,114.0,16.7,6.82,5.12,1.63,9.0
78,2026-04-05,TB2662,2026-04-05 09:15:00,2026-04-05 09:04:00,-11.0,2026-04-05 09:22:00,2026-04-05 09:30:00,B34 A,90.0,12.96,6.95,5.29,1.95,8.0
78,2026-04-05,TG934,2026-04-05 12:22:00,2026-04-05 12:26:00,4.0,2026-04-05 12:46:00,2026-04-05 13:15:00,B34 A,260.0,15.35,16.94,5.84,1.77,29.0
78,2026-04-05,UA950,2026-04-05 09:21:00,2026-04-05 08:45:00,-36.0,2026-04-05 09:03:00,2026-04-05 09:29:00,B5  A,163.0,14.69,11.09,5.37,1.55,26.0
78,2026-04-05,UA994,2026-04-05 12:51:00,2026-04-05 12:35:00,-16.0,2026-04-05 12:54:00,2026-04-05 13:24:00,B38 A,109.0,11.66,9.35,5.01,2.33,30.0
78,2026-04-05,XR5402,2026-04-05 07:46:00,2026-04-05 08:56:00,70.0,2026-04-05 09:23:00,2026-04-05 09:26:00,B5  A,88.0,16.74,5.26,5.42,1.54,3.0
79,2026-04-05,AC832,2026-04-05 12:18:00,2026-04-05 11:38:00,-40.0,2026-04-05 11:54:00,2026-04-05 12:17:00,B30 A,100.0,13.27,7.53,5.11,1.75,23.0
79,2026-04-05,ET750,2026-04-05 11:13:00,2026-04-05 11:34:00,21.0,2026-04-05 12:17:00,2026-04-05 13:03:00,B17 A,464.0,12.48,37.18,5.12,1.64,46.0
79,2026-04-05,FH8116,2026-04-05 06:35:00,2026-04-05 06:00:00,-35.0,2026-04-05 06:07:00,2026-04-05 06:09:00,B15 A,22.0,13.88,1.59,4.75,1.63,2.0
79,2026-04-05,LH1004,2026-04-05 11:51:00,2026-04-05 11:47:00,-4.0,2026-04-05 12:07:00,2026-04-05 12:12:00,A43 ,23.0,12.45,1.85,4.88,1.71,5.0
79,2026-04-05,SN1122,2026-04-05 08:39:00,2026-04-05 09:08:00,29.0,2026-04-05 09:20:00,2026-04-05 09:21:00,B40 A,13.0,12.35,1.05,4.67,2.66,1.0
79,2026-04-05,SN1124,2026-04-05 07:10:00,2026-04-05 07:19:00,9.0,2026-04-05 07:32:00,2026-04-05 07:48:00,B30 A,138.0,12.89,10.71,4.23,2.11,16.0
79,2026-04-05,SN206,2026-04-05 06:25:00,2026-04-05 06:48:00,23.0,2026-04-05 07:07:00,2026-04-05 07:30:00,B38 A,154.0,13.85,11.12,4.08,2.86,23.0
79,2026-04-05,SN229,2026-04-05 12:06:00,2026-04-05 12:12:00,6.0,2026-04-05 12:39:00,2026-04-05 13:03:00,B28 A,20.0,8.12,2.46,4.91,1.63,24.0
79,2026-04-05,SN278,2026-04-05 10:45:00,2026-04-05 10:42:00,-3.0,2026-04-05 11:04:00,2026-04-05 11:16:00,B28 A,198.0,14.0,14.15,5.93,1.35,12.0
79,2026-04-05,SN2900,2026-04-05 07:39:00,2026-04-05 07:25:00,-14.0,2026-04-05 07:38:00,2026-04-05 07:53:00,B38 A,55.0,13.2,4.17,5.81,2.01,15.0
79,2026-04-05,SN3326,2026-04-05 11:24:00,2026-04-05 11:41:00,17.0,2026-04-05 12:06:00,2026-04-05 12:12:00,B14 A,111.0,10.62,10.45,5.54,1.2,6.0
79,2026-04-05,SN358,2026-04-05 08:21:00,2026-04-05 08:24:00,3.0,2026-04-05 08:42:00,2026-04-05 09:09:00,B14 A,112.0,9.83,11.39,5.09,1.31,27.0
79,2026-04-05,SN379,2026-04-05 10:10:00,2026-04-05 11:03:00,53.0,2026-04-05 11:42:00,2026-04-05 12:19:00,B29 A,161.0,14.66,10.98,3.36,2.92,37.0
79,2026-04-05,SN3800,2026-04-05 06:15:00,2026-04-05 06:16:00,1.0,2026-04-05 06:28:00,2026-04-05 06:30:00,A65 ,27.0,11.69,2.31,4.35,1.92,2.0
79,2026-04-05,TB1552,2026-04-05 08:29:00,2026-04-05 08:25:00,-4.0,2026-04-05 08:46:00,2026-04-05 08:54:00,A61 ,166.0,11.32,14.66,3.84,2.17,8.0
79,2026-04-05,TB2632,2026-04-05 09:29:00,2026-04-05 09:09:00,-20.0,2026-04-05 09:35:00,2026-04-05 09:44:00,B9  A,114.0,16.2,7.04,4.0,2.08,9.0
79,2026-04-05,TB2662,2026-04-05 09:15:00,2026-04-05 09:04:00,-11.0,2026-04-05 09:22:00,2026-04-05 09:30:00,B34 A,90.0,13.73,6.55,4.16,2.49,8.0
79,2026-04-05,TG934,2026-04-05 12:22:00,2026-04-05 12:26:00,4.0,2026-04-05 12:46:00,2026-04-05 13:15:00,B34 A,260.0,15.9,16.35,5.72,1.81,29.0
79,2026-04-05,UA950,2026-04-05 09:21:00,2026-04-05 08:45:00,-36.0,2026-04-05 09:03:00,2026-04-05 09:29:00,B5  A,163.0,13.15,12.39,5.43,1.53,26.0
79,2026-04-05,UA994,2026-04-05 11:51:00,2026-04-05 11:37:00,-14.0,2026-04-05 11:55:00,2026-04-05 12:25:00,B40 A,157.0,14.97,10.49,4.53,2.74,30.0
79,2026-04-05,XR5402,2026-04-05 07:46:00,2026-04-05 08:56:00,70.0,2026-04-05 09:23:00,2026-04-05 09:26:00,B5  A,88.0,10.14,8.68,4.32,1.93,3.0
80,2026-04-05,AC832,2026-04-05 11:16:00,2026-04-05 10:39:00,-37.0,2026-04-05 10:54:00,2026-04-05 11:24:00,B5  A,101.0,9.69,10.43,4.82,1.73,30.0
80,2026-04-05,ET750,2026-04-05 11:13:00,2026-04-05 11:34:00,21.0,2026-04-05 12:17:00,2026-04-05 13:03:00,B17 A,464.0,12.65,36.68,3.13,2.69,46.0
80,2026-04-05,FH8116,2026-04-05 12:44:00,2026-04-05 12:48:00,4.0,2026-04-05 13:06:00,2026-04-05 13:13:00,B38 A,140.0,11.97,11.7,5.43,2.15,7.0
80,2026-04-05,LH1004,2026-04-05 12:50:00,2026-04-05 12:50:00,0.0,2026-04-05 13:03:00,2026-04-05 13:30:00,A43 ,40.0,9.43,4.24,4.82,1.73,27.0
80,2026-04-05,SN1122,2026-04-05 08:39:00,2026-04-05 09:08:00,29.0,2026-04-05 09:20:00,2026-04-05 09:21:00,B40 A,13.0,12.21,1.06,3.71,3.35,1.0
80,2026-04-05,SN1124,2026-04-05 07:10:00,2026-04-05 07:19:00,9.0,2026-04-05 07:32:00,2026-04-05 07:48:00,B30 A,138.0,16.04,8.61,5.15,1.73,16.0
80,2026-04-05,SN206,2026-04-05 06:25:00,2026-04-05 06:48:00,23.0,2026-04-05 07:07:00,2026-04-05 07:30:00,B38 A,154.0,11.98,12.85,4.58,2.55,23.0
80,2026-04-05,SN229,2026-04-05 10:04:00,2026-04-05 10:26:00,22.0,2026-04-05 10:41:00,2026-04-05 11:10:00,B31 A,120.0,12.94,9.28,4.22,2.55,29.0
80,2026-04-05,SN278,2026-04-05 08:43:00,2026-04-05 08:27:00,-16.0,2026-04-05 08:40:00,2026-04-05 09:10:00,B37 A,123.0,13.89,8.85,6.47,1.88,30.0
80,2026-04-05,SN2900,2026-04-05 07:39:00,2026-04-05 07:25:00,-14.0,2026-04-05 07:38:00,2026-04-05 07:53:00,B38 A,55.0,9.64,5.7,4.52,2.58,15.0
80,2026-04-05,SN3326,2026-04-05 11:24:00,2026-04-05 11:41:00,17.0,2026-04-05 12:06:00,2026-04-05 12:12:00,B14 A,111.0,10.69,10.38,3.93,1.7,6.0
80,2026-04-05,SN358,2026-04-05 08:21:00,2026-04-05 08:24:00,3.0,2026-04-05 08:42:00,2026-04-05 09:09:00,B14 A,112.0,12.74,8.79,5.02,1.33,27.0
80,2026-04-05,SN379,2026-04-05 10:10:00,2026-04-05 11:03:00,53.0,2026-04-05 11:42:00,2026-04-05 12:19:00,B29 A,161.0,9.09,17.71,7.13,1.38,37.0
80,2026-04-05,SN3800,2026-04-05 06:15:00,2026-04-05 06:16:00,1.0,2026-04-05 06:28:00,2026-04-05 06:30:00,A65 ,27.0,12.87,2.1,7.12,1.17,2.0
80,2026-04-05,TB1552,2026-04-05 07:47:00,2026-04-05 07:43:00,-4.0,2026-04-05 07:55:00,2026-04-05 07:59:00,A68 ,66.0,13.67,4.83,4.26,1.96,4.0
80,2026-04-05,TB2632,2026-04-05 09:29:00,2026-04-05 09:09:00,-20.0,2026-04-05 09:35:00,2026-04-05 09:44:00,B9  A,114.0,12.56,9.07,3.86,2.16,9.0
80,2026-04-05,TB2662,2026-04-05 09:15:00,2026-04-05 09:04:00,-11.0,2026-04-05 09:22:00,2026-04-05 09:30:00,B34 A,90.0,13.87,6.49,4.66,2.22,8.0
80,2026-04-05,TG934,2026-04-05 09:21:00,2026-04-05 09:16:00,-5.0,2026-04-05 09:38:00,2026-04-05 09:58:00,B38 A,249.0,14.69,16.95,4.52,2.58,20.0
80,2026-04-05,UA950,2026-04-05 08:20:00,2026-04-05 08:20:00,0.0,2026-04-05 08:36:00,2026-04-05 09:25:00,B38 A,176.0,14.8,11.89,5.11,2.28,49.0
80,2026-04-05,UA994,2026-04-05 12:51:00,2026-04-05 12:35:00,-16.0,2026-04-05 12:54:00,2026-04-05 13:24:00,B38 A,109.0,14.97,7.28,4.23,2.76,30.0
80,2026-04-05,XR5402,2026-04-05 07:46:00,2026-04-05 08:56:00,70.0,2026-04-05 09:23:00,2026-04-05 09:26:00,B5  A,88.0,10.56,8.33,6.54,1.27,3.0
81,2026-04-05,AC832,2026-04-05 12:18:00,2026-04-05 11:38:00,-40.0,2026-04-05 11:54:00,2026-04-05 12:17:00,B30 A,100.0,14.35,6.97,5.28,1.69,23.0
81,2026-04-05,ET750,2026-04-05 11:13:00,2026-04-05 11:34:00,21.0,2026-04-05 12:17:00,2026-04-05 13:03:00,B17 A,464.0,12.09,38.38,5.5,1.53,46.0
81,2026-04-05,FH8116,2026-04-05 06:35:00,2026-04-05 06:00:00,-35.0,2026-04-05 06:07:00,2026-04-05 06:09:00,B15 A,22.0,12.39,1.78,4.74,1.63,2.0
81,2026-04-05,LH1004,2026-04-05 08:50:00,2026-04-05 08:53:00,3.0,2026-04-05 09:06:00,2026-04-05 09:12:00,A43 ,29.0,12.49,2.32,5.15,1.62,6.0
81,2026-04-05,SN1122,2026-04-05 08:39:00,2026-04-05 09:08:00,29.0,2026-04-05 09:20:00,2026-04-05 09:21:00,B40 A,13.0,12.42,1.05,5.07,2.45,1.0
81,2026-04-05,SN1124,2026-04-05 07:10:00,2026-04-05 07:19:00,9.0,2026-04-05 07:32:00,2026-04-05 07:48:00,B30 A,138.0,15.01,9.19,6.43,1.39,16.0
81,2026-04-05,SN206,2026-04-05 06:25:00,2026-04-05 06:48:00,23.0,2026-04-05 07:07:00,2026-04-05 07:30:00,B38 A,154.0,13.44,11.46,3.81,3.06,23.0
81,2026-04-05,SN229,2026-04-05 10:04:00,2026-04-05 10:26:00,22.0,2026-04-05 10:41:00,2026-04-05 11:10:00,B31 A,120.0,12.03,9.98,3.98,2.7,29.0
81,2026-04-05,SN278,2026-04-05 10:45:00,2026-04-05 10:42:00,-3.0,2026-04-05 11:04:00,2026-04-05 11:16:00,B28 A,198.0,14.72,13.45,4.99,1.6,12.0
81,2026-04-05,SN2900,2026-04-05 08:46:00,2026-04-05 08:33:00,-13.0,2026-04-05 08:58:00,2026-04-05 09:02:00,B14 A,79.0,12.51,6.32,5.31,1.26,4.0
81,2026-04-05,SN3326,2026-04-05 07:45:00,2026-04-05 08:05:00,20.0,2026-04-05 08:16:00,2026-04-05 08:36:00,B28 A,123.0,14.64,8.4,5.61,1.42,20.0
81,2026-04-05,SN358,2026-04-05 12:21:00,2026-04-05 12:23:00,2.0,2026-04-05 12:43:00,2026-04-05 13:14:00,B28 A,176.0,16.2,10.86,5.03,1.59,31.0
81,2026-04-05,SN379,2026-04-05 10:10:00,2026-04-05 11:03:00,53.0,2026-04-05 11:42:00,2026-04-05 12:19:00,B29 A,161.0,15.03,10.71,6.67,1.47,37.0
81,2026-04-05,SN3800,2026-04-05 06:15:00,2026-04-05 06:16:00,1.0,2026-04-05 06:28:00,2026-04-05 06:30:00,A65 ,27.0,13.72,1.97,5.95,1.4,2.0
81,2026-04-05,TB1552,2026-04-05 07:47:00,2026-04-05 07:43:00,-4.0,2026-04-05 07:55:00,2026-04-05 07:59:00,A68 ,66.0,11.28,5.85,4.93,1.69,4.0
81,2026-04-05,TB2632,2026-04-05 09:29:00,2026-04-05 09:09:00,-20.0,2026-04-05 09:35:00,2026-04-05 09:44:00,B9  A,114.0,13.79,8.27,4.61,1.81,9.0
81,2026-04-05,TB2662,2026-04-05 09:15:00,2026-04-05 09:04:00,-11.0,2026-04-05 09:22:00,2026-04-05 09:30:00,B34 A,90.0,13.52,6.66,6.33,1.63,8.0
81,2026-04-05,TG934,2026-04-05 09:21:00,2026-04-05 09:16:00,-5.0,2026-04-05 09:38:00,2026-04-05 09:58:00,B38 A,249.0,14.02,17.76,4.91,2.37,20.0
81,2026-04-05,UA950,2026-04-05 12:20:00,2026-04-05 11:58:00,-22.0,2026-04-05 12:14:00,2026-04-05 12:42:00,B37 A,127.0,10.84,11.72,6.2,1.96,28.0
81,2026-04-05,UA994,2026-04-05 08:51:00,2026-04-05 08:32:00,-19.0,2026-04-05 08:52:00,2026-04-05 09:25:00,B40 A,171.0,14.74,11.6,6.44,1.93,33.0
81,2026-04-05,XR5402,2026-04-05 07:46:00,2026-04-05 08:56:00,70.0,2026-04-05 09:23:00,2026-04-05 09:26:00,B5  A,88.0,13.34,6.6,6.31,1.32,3.0
82,2026-04-05,AC832,2026-04-05 11:16:00,2026-04-05 10:39:00,-37.0,2026-04-05 10:54:00,2026-04-05 11:24:00,B5  A,101.0,13.37,7.55,4.15,2.01,30.0
82,2026-04-05,ET750,2026-04-05 11:13:00,2026-04-05 11:34:00,21.0,2026-04-05 12:17:00,2026-04-05 13:03:00,B17 A,464.0,11.95,38.82,4.91,1.71,46.0
82,2026-04-05,FH8116,2026-04-05 06:35:00,2026-04-05 06:00:00,-35.0,2026-04-05 06:07:00,2026-04-05 06:09:00,B15 A,22.0,13.91,1.58,6.33,1.22,2.0
82,2026-04-05,LH1004,2026-04-05 09:50:00,2026-04-05 09:53:00,3.0,2026-04-05 10:20:00,2026-04-05 10:27:00,A43 ,33.0,12.94,2.55,5.55,1.5,7.0
82,2026-04-05,SN1122,2026-04-05 08:39:00,2026-04-05 09:08:00,29.0,2026-04-05 09:20:00,2026-04-05 09:21:00,B40 A,13.0,10.52,1.24,4.56,2.72,1.0
82,2026-04-05,SN1124,2026-04-05 07:10:00,2026-04-05 07:19:00,9.0,2026-04-05 07:32:00,2026-04-05 07:48:00,B30 A,138.0,13.44,10.27,4.95,1.8,16.0
82,2026-04-05,SN206,2026-04-05 06:25:00,2026-04-05 06:48:00,23.0,2026-04-05 07:07:00,2026-04-05 07:30:00,B38 A,154.0,11.44,13.47,4.56,2.56,23.0
82,2026-04-05,SN229,2026-04-05 10:04:00,2026-04-05 10:26:00,22.0,2026-04-05 10:41:00,2026-04-05 11:10:00,B31 A,120.0,12.19,9.85,6.08,1.77,29.0
82,2026-04-05,SN278,2026-04-05 10:45:00,2026-04-05 10:42:00,-3.0,2026-04-05 11:04:00,2026-04-05 11:16:00,B28 A,198.0,13.54,14.63,5.0,1.6,12.0
82,2026-04-05,SN2900,2026-04-05 10:44:00,2026-04-05 11:04:00,20.0,2026-04-05 11:13:00,2026-04-05 11:34:00,B32 A,49.0,11.06,4.43,4.81,2.01,21.0
82,2026-04-05,SN3326,2026-04-05 11:24:00,2026-04-05 11:41:00,17.0,2026-04-05 12:06:00,2026-04-05 12:12:00,B14 A,111.0,8.78,12.65,5.26,1.27,6.0
82,2026-04-05,SN358,2026-04-05 10:21:00,2026-04-05 11:13:00,52.0,2026-04-05 11:43:00,2026-04-05 12:03:00,B38 A,126.0,12.91,9.76,4.31,2.7,20.0
82,2026-04-05,SN379,2026-04-05 08:11:00,2026-04-05 08:40:00,29.0,2026-04-05 08:59:00,2026-04-05 09:27:00,B28 A,76.0,13.64,5.57,4.83,1.66,28.0
82,2026-04-05,SN3800,2026-04-05 06:15:00,2026-04-05 06:16:00,1.0,2026-04-05 06:28:00,2026-04-05 06:30:00,A65 ,27.0,13.94,1.94,5.69,1.46,2.0
82,2026-04-05,TB1552,2026-04-05 07:47:00,2026-04-05 07:43:00,-4.0,2026-04-05 07:55:00,2026-04-05 07:59:00,A68 ,66.0,13.31,4.96,4.05,2.06,4.0
82,2026-04-05,TB2632,2026-04-05 09:29:00,2026-04-05 09:09:00,-20.0,2026-04-05 09:35:00,2026-04-05 09:44:00,B9  A,114.0,12.65,9.01,5.51,1.51,9.0
82,2026-04-05,TB2662,2026-04-05 09:15:00,2026-04-05 09:04:00,-11.0,2026-04-05 09:22:00,2026-04-05 09:30:00,B34 A,90.0,12.1,7.44,4.71,2.2,8.0
82,2026-04-05,TG934,2026-04-05 12:22:00,2026-04-05 12:26:00,4.0,2026-04-05 12:46:00,2026-04-05 13:15:00,B34 A,260.0,14.79,17.58,5.24,1.97,29.0
82,2026-04-05,UA950,2026-04-05 10:20:00,2026-04-05 09:58:00,-22.0,2026-04-05 10:24:00,2026-04-05 10:51:00,B40 A,188.0,13.54,13.89,5.57,2.23,27.0
82,2026-04-05,UA994,2026-04-05 12:51:00,2026-04-05 12:35:00,-16.0,2026-04-05 12:54:00,2026-04-05 13:24:00,B38 A,109.0,15.92,6.85,5.89,1.98,30.0
82,2026-04-05,XR5402,2026-04-05 07:46:00,2026-04-05 08:56:00,70.0,2026-04-05 09:23:00,2026-04-05 09:26:00,B5  A,88.0,12.4,7.1,6.05,1.38,3.0
83,2026-04-05,AC832,2026-04-05 10:17:00,2026-04-05 10:43:00,26.0,2026-04-05 11:00:00,2026-04-05 11:34:00,B14 A,172.0,12.25,14.04,4.49,1.48,34.0
83,2026-04-05,ET750,2026-04-05 11:13:00,2026-04-05 11:34:00,21.0,2026-04-05 12:17:00,2026-04-05 13:03:00,B17 A,464.0,14.68,31.61,4.4,1.91,46.0
83,2026-04-05,FH8116,2026-04-05 12:44:00,2026-04-05 12:48:00,4.0,2026-04-05 13:06:00,2026-04-05 13:13:00,B38 A,140.0,14.18,9.88,5.28,2.21,7.0
83,2026-04-05,LH1004,2026-04-05 08:50:00,2026-04-05 08:53:00,3.0,2026-04-05 09:06:00,2026-04-05 09:12:00,A43 ,29.0,10.65,2.72,4.74,1.76,6.0
83,2026-04-05,SN1122,2026-04-05 08:39:00,2026-04-05 09:08:00,29.0,2026-04-05 09:20:00,2026-04-05 09:21:00,B40 A,13.0,12.85,1.01,4.64,2.68,1.0
83,2026-04-05,SN1124,2026-04-05 07:10:00,2026-04-05 07:19:00,9.0,2026-04-05 07:32:00,2026-04-05 07:48:00,B30 A,138.0,13.62,10.13,4.2,2.12,16.0
83,2026-04-05,SN206,2026-04-05 06:25:00,2026-04-05 06:48:00,23.0,2026-04-05 07:07:00,2026-04-05 07:30:00,B38 A,154.0,10.41,14.8,4.88,2.39,23.0
83,2026-04-05,SN229,2026-04-05 08:06:00,2026-04-05 09:20:00,74.0,2026-04-05 09:41:00,2026-04-05 10:22:00,B14 A,144.0,14.1,10.21,4.15,1.61,41.0
83,2026-04-05,SN278,2026-04-05 10:45:00,2026-04-05 10:42:00,-3.0,2026-04-05 11:04:00,2026-04-05 11:16:00,B28 A,198.0,13.11,15.1,4.17,1.92,12.0
83,2026-04-05,SN2900,2026-04-05 10:44:00,2026-04-05 11:04:00,20.0,2026-04-05 11:13:00,2026-04-05 11:34:00,B32 A,49.0,9.73,5.04,5.6,1.73,21.0
83,2026-04-05,SN3326,2026-04-05 11:24:00,2026-04-05 11:41:00,17.0,2026-04-05 12:06:00,2026-04-05 12:12:00,B14 A,111.0,10.7,10.37,6.04,1.1,6.0
83,2026-04-05,SN358,2026-04-05 08:21:00,2026-04-05 08:24:00,3.0,2026-04-05 08:42:00,2026-04-05 09:09:00,B14 A,112.0,15.44,7.25,4.87,1.37,27.0
83,2026-04-05,SN379,2026-04-05 08:11:00,2026-04-05 08:40:00,29.0,2026-04-05 08:59:00,2026-04-05 09:27:00,B28 A,76.0,12.12,6.27,4.76,1.68,28.0
83,2026-04-05,SN3800,2026-04-05 06:15:00,2026-04-05 06:16:00,1.0,2026-04-05 06:28:00,2026-04-05 06:30:00,A65 ,27.0,11.86,2.28,4.86,1.71,2.0
83,2026-04-05,TB1552,2026-04-05 07:47:00,2026-04-05 07:43:00,-4.0,2026-04-05 07:55:00,2026-04-05 07:59:00,A68 ,66.0,16.54,3.99,5.64,1.48,4.0
83,2026-04-05,TB2632,2026-04-05 09:29:00,2026-04-05 09:09:00,-20.0,2026-04-05 09:35:00,2026-04-05 09:44:00,B9  A,114.0,13.53,8.43,5.61,1.48,9.0
83,2026-04-05,TB2662,2026-04-05 09:15:00,2026-04-05 09:04:00,-11.0,2026-04-05 09:22:00,2026-04-05 09:30:00,B34 A,90.0,12.42,7.24,4.64,2.23,8.0
83,2026-04-05,TG934,2026-04-05 09:21:00,2026-04-05 09:16:00,-5.0,2026-04-05 09:38:00,2026-04-05 09:58:00,B38 A,249.0,12.74,19.55,4.87,2.4,20.0
83,2026-04-05,UA950,2026-04-05 11:22:00,2026-04-05 11:02:00,-20.0,2026-04-05 11:22:00,2026-04-05 11:45:00,B28 A,170.0,10.52,16.16,4.38,1.83,23.0
83,2026-04-05,UA994,2026-04-05 12:51:00,2026-04-05 12:35:00,-16.0,2026-04-05 12:54:00,2026-04-05 13:24:00,B38 A,109.0,9.57,11.39,5.23,2.23,30.0
83,2026-04-05,XR5402,2026-04-05 07:46:00,2026-04-05 08:56:00,70.0,2026-04-05 09:23:00,2026-04-05 09:26:00,B5  A,88.0,13.75,6.4,5.12,1.63,3.0
84,2026-04-05,AC832,2026-04-05 12:18:00,2026-04-05 11:38:00,-40.0,2026-04-05 11:54:00,2026-04-05 12:17:00,B30 A,100.0,13.26,7.54,5.78,1.54,23.0
84,2026-04-05,ET750,2026-04-05 11:13:00,2026-04-05 11:34:00,21.0,2026-04-05 12:17:00,2026-04-05 13:03:00,B17 A,464.0,11.68,39.74,6.71,1.26,46.0
84,2026-04-05,FH8116,2026-04-05 06:35:00,2026-04-05 06:00:00,-35.0,2026-04-05 06:07:00,2026-04-05 06:09:00,B15 A,22.0,8.95,2.46,4.64,1.67,2.0
84,2026-04-05,LH1004,2026-04-05 12:50:00,2026-04-05 12:50:00,0.0,2026-04-05 13:03:00,2026-04-05 13:30:00,A43 ,40.0,9.16,4.37,5.46,1.53,27.0
84,2026-04-05,SN1122,2026-04-05 08:39:00,2026-04-05 09:08:00,29.0,2026-04-05 09:20:00,2026-04-05 09:21:00,B40 A,13.0,8.98,1.45,5.63,2.21,1.0
84,2026-04-05,SN1124,2026-04-05 07:10:00,2026-04-05 07:19:00,9.0,2026-04-05 07:32:00,2026-04-05 07:48:00,B30 A,138.0,14.45,9.55,4.73,1.88,16.0
84,2026-04-05,SN206,2026-04-05 06:25:00,2026-04-05 06:48:00,23.0,2026-04-05 07:07:00,2026-04-05 07:30:00,B38 A,154.0,13.96,11.03,3.69,3.16,23.0
84,2026-04-05,SN229,2026-04-05 10:04:00,2026-04-05 10:26:00,22.0,2026-04-05 10:41:00,2026-04-05 11:10:00,B31 A,120.0,13.28,9.04,5.91,1.82,29.0
84,2026-04-05,SN278,2026-04-05 10:45:00,2026-04-05 10:42:00,-3.0,2026-04-05 11:04:00,2026-04-05 11:16:00,B28 A,198.0,11.48,17.24,5.04,1.59,12.0
84,2026-04-05,SN2900,2026-04-05 07:39:00,2026-04-05 07:25:00,-14.0,2026-04-05 07:38:00,2026-04-05 07:53:00,B38 A,55.0,11.75,4.68,5.42,2.15,15.0
84,2026-04-05,SN3326,2026-04-05 07:45:00,2026-04-05 08:05:00,20.0,2026-04-05 08:16:00,2026-04-05 08:36:00,B28 A,123.0,14.35,8.57,4.87,1.64,20.0
84,2026-04-05,SN358,2026-04-05 12:21:00,2026-04-05 12:23:00,2.0,2026-04-05 12:43:00,2026-04-05 13:14:00,B28 A,176.0,13.31,13.23,5.12,1.56,31.0
84,2026-04-05,SN379,2026-04-05 08:11:00,2026-04-05 08:40:00,29.0,2026-04-05 08:59:00,2026-04-05 09:27:00,B28 A,76.0,12.23,6.22,5.7,1.4,28.0
84,2026-04-05,SN3800,2026-04-05 06:15:00,2026-04-05 06:16:00,1.0,2026-04-05 06:28:00,2026-04-05 06:30:00,A65 ,27.0,10.8,2.5,5.15,1.62,2.0
84,2026-04-05,TB1552,2026-04-05 08:29:00,2026-04-05 08:25:00,-4.0,2026-04-05 08:46:00,2026-04-05 08:54:00,A61 ,166.0,14.97,11.09,5.78,1.44,8.0
84,2026-04-05,TB2632,2026-04-05 09:29:00,2026-04-05 09:09:00,-20.0,2026-04-05 09:35:00,2026-04-05 09:44:00,B9  A,114.0,15.97,7.14,4.15,2.01,9.0
84,2026-04-05,TB2662,2026-04-05 09:15:00,2026-04-05 09:04:00,-11.0,2026-04-05 09:22:00,2026-04-05 09:30:00,B34 A,90.0,11.12,8.09,5.84,1.77,8.0
84,2026-04-05,TG934,2026-04-05 09:21:00,2026-04-05 09:16:00,-5.0,2026-04-05 09:38:00,2026-04-05 09:58:00,B38 A,249.0,13.78,18.06,5.2,2.24,20.0
84,2026-04-05,UA950,2026-04-05 10:20:00,2026-04-05 09:58:00,-22.0,2026-04-05 10:24:00,2026-04-05 10:51:00,B40 A,188.0,11.69,16.08,4.96,2.5,27.0
84,2026-04-05,UA994,2026-04-05 10:51:00,2026-04-05 10:01:00,-50.0,2026-04-05 10:18:00,2026-04-05 10:42:00,B38 A,177.0,12.56,14.09,4.24,2.75,24.0
84,2026-04-05,XR5402,2026-04-05 07:46:00,2026-04-05 08:56:00,70.0,2026-04-05 09:23:00,2026-04-05 09:26:00,B5  A,88.0,13.26,6.64,4.58,1.82,3.0
85,2026-04-05,AC832,2026-04-05 08:17:00,2026-04-05 07:46:00,-31.0,2026-04-05 08:02:00,2026-04-05 08:29:00,B30 A,122.0,12.0,10.17,4.4,2.03,27.0
85,2026-04-05,ET750,2026-04-05 11:13:00,2026-04-05 11:34:00,21.0,2026-04-05 12:17:00,2026-04-05 13:03:00,B17 A,464.0,14.36,32.31,5.19,1.62,46.0
85,2026-04-05,FH8116,2026-04-05 06:35:00,2026-04-05 06:00:00,-35.0,2026-04-05 06:07:00,2026-04-05 06:09:00,B15 A,22.0,12.3,1.79,4.61,1.68,2.0
85,2026-04-05,LH1004,2026-04-05 11:51:00,2026-04-05 11:47:00,-4.0,2026-04-05 12:07:00,2026-04-05 12:12:00,A43 ,23.0,13.26,1.73,5.19,1.61,5.0
85,2026-04-05,SN1122,2026-04-05 08:39:00,2026-04-05 09:08:00,29.0,2026-04-05 09:20:00,2026-04-05 09:21:00,B40 A,13.0,11.02,1.18,4.39,2.83,1.0
85,2026-04-05,SN1124,2026-04-05 07:10:00,2026-04-05 07:19:00,9.0,2026-04-05 07:32:00,2026-04-05 07:48:00,B30 A,138.0,13.63,10.13,6.59,1.35,16.0
85,2026-04-05,SN206,2026-04-05 06:25:00,2026-04-05 06:48:00,23.0,2026-04-05 07:07:00,2026-04-05 07:30:00,B38 A,154.0,9.69,15.9,4.16,2.8,23.0
85,2026-04-05,SN229,2026-04-05 12:06:00,2026-04-05 12:12:00,6.0,2026-04-05 12:39:00,2026-04-05 13:03:00,B28 A,20.0,11.81,1.69,6.54,1.22,24.0
85,2026-04-05,SN278,2026-04-05 10:45:00,2026-04-05 10:42:00,-3.0,2026-04-05 11:04:00,2026-04-05 11:16:00,B28 A,198.0,10.66,18.58,6.46,1.24,12.0
85,2026-04-05,SN2900,2026-04-05 07:39:00,2026-04-05 07:25:00,-14.0,2026-04-05 07:38:00,2026-04-05 07:53:00,B38 A,55.0,14.35,3.83,4.4,2.65,15.0
85,2026-04-05,SN3326,2026-04-05 07:45:00,2026-04-05 08:05:00,20.0,2026-04-05 08:16:00,2026-04-05 08:36:00,B28 A,123.0,13.07,9.41,5.18,1.54,20.0
85,2026-04-05,SN358,2026-04-05 12:21:00,2026-04-05 12:23:00,2.0,2026-04-05 12:43:00,2026-04-05 13:14:00,B28 A,176.0,10.44,16.85,3.68,2.18,31.0
85,2026-04-05,SN379,2026-04-05 10:10:00,2026-04-05 11:03:00,53.0,2026-04-05 11:42:00,2026-04-05 12:19:00,B29 A,161.0,14.18,11.35,4.91,2.0,37.0
85,2026-04-05,SN3800,2026-04-05 06:15:00,2026-04-05 06:16:00,1.0,2026-04-05 06:28:00,2026-04-05 06:30:00,A65 ,27.0,14.58,1.85,3.91,2.13,2.0
85,2026-04-05,TB1552,2026-04-05 08:29:00,2026-04-05 08:25:00,-4.0,2026-04-05 08:46:00,2026-04-05 08:54:00,A61 ,166.0,9.31,17.83,5.72,1.46,8.0
85,2026-04-05,TB2632,2026-04-05 09:29:00,2026-04-05 09:09:00,-20.0,2026-04-05 09:35:00,2026-04-05 09:44:00,B9  A,114.0,11.56,9.86,6.24,1.34,9.0
85,2026-04-05,TB2662,2026-04-05 09:15:00,2026-04-05 09:04:00,-11.0,2026-04-05 09:22:00,2026-04-05 09:30:00,B34 A,90.0,14.87,6.05,4.35,2.38,8.0
85,2026-04-05,TG934,2026-04-05 12:22:00,2026-04-05 12:26:00,4.0,2026-04-05 12:46:00,2026-04-05 13:15:00,B34 A,260.0,15.09,17.23,6.64,1.56,29.0
85,2026-04-05,UA950,2026-04-05 11:22:00,2026-04-05 11:02:00,-20.0,2026-04-05 11:22:00,2026-04-05 11:45:00,B28 A,170.0,16.34,10.4,4.55,1.76,23.0
85,2026-04-05,UA994,2026-04-05 08:51:00,2026-04-05 08:32:00,-19.0,2026-04-05 08:52:00,2026-04-05 09:25:00,B40 A,171.0,12.9,13.26,4.87,2.55,33.0
85,2026-04-05,XR5402,2026-04-05 07:46:00,2026-04-05 08:56:00,70.0,2026-04-05 09:23:00,2026-04-05 09:26:00,B5  A,88.0,12.64,6.96,4.17,2.0,3.0
86,2026-04-05,AC832,2026-04-05 12:18:00,2026-04-05 11:38:00,-40.0,2026-04-05 11:54:00,2026-04-05 12:17:00,B30 A,100.0,13.13,7.62,3.84,2.32,23.0
86,2026-04-05,ET750,2026-04-05 11:13:00,2026-04-05 11:34:00,21.0,2026-04-05 12:17:00,2026-04-05 13:03:00,B17 A,464.0,14.11,32.88,6.0,1.4,46.0
86,2026-04-05,FH8116,2026-04-05 12:44:00,2026-04-05 12:48:00,4.0,2026-04-05 13:06:00,2026-04-05 13:13:00,B38 A,140.0,12.48,11.22,6.67,1.75,7.0
86,2026-04-05,LH1004,2026-04-05 12:50:00,2026-04-05 12:50:00,0.0,2026-04-05 13:03:00,2026-04-05 13:30:00,A43 ,40.0,11.51,3.48,5.63,1.48,27.0
86,2026-04-05,SN1122,2026-04-05 08:39:00,2026-04-05 09:08:00,29.0,2026-04-05 09:20:00,2026-04-05 09:21:00,B40 A,13.0,10.05,1.29,5.18,2.4,1.0
86,2026-04-05,SN1124,2026-04-05 07:10:00,2026-04-05 07:19:00,9.0,2026-04-05 07:32:00,2026-04-05 07:48:00,B30 A,138.0,14.33,9.63,5.74,1.55,16.0
86,2026-04-05,SN206,2026-04-05 06:25:00,2026-04-05 06:48:00,23.0,2026-04-05 07:07:00,2026-04-05 07:30:00,B38 A,154.0,11.64,13.23,5.02,2.32,23.0
86,2026-04-05,SN229,2026-04-05 08:06:00,2026-04-05 09:20:00,74.0,2026-04-05 09:41:00,2026-04-05 10:22:00,B14 A,144.0,11.65,12.36,4.52,1.48,41.0
86,2026-04-05,SN278,2026-04-05 12:46:00,2026-04-05 12:41:00,-5.0,2026-04-05 13:04:00,2026-04-05 13:33:00,B31 A,62.0,10.39,5.97,4.24,2.53,29.0
86,2026-04-05,SN2900,2026-04-05 08:46:00,2026-04-05 08:33:00,-13.0,2026-04-05 08:58:00,2026-04-05 09:02:00,B14 A,79.0,15.12,5.22,4.37,1.52,4.0
86,2026-04-05,SN3326,2026-04-05 11:24:00,2026-04-05 11:41:00,17.0,2026-04-05 12:06:00,2026-04-05 12:12:00,B14 A,111.0,10.27,10.81,5.03,1.33,6.0
86,2026-04-05,SN358,2026-04-05 10:21:00,2026-04-05 11:13:00,52.0,2026-04-05 11:43:00,2026-04-05 12:03:00,B38 A,126.0,10.13,12.43,4.8,2.43,20.0
86,2026-04-05,SN379,2026-04-05 10:10:00,2026-04-05 11:03:00,53.0,2026-04-05 11:42:00,2026-04-05 12:19:00,B29 A,161.0,10.42,15.45,6.51,1.51,37.0
86,2026-04-05,SN3800,2026-04-05 06:15:00,2026-04-05 06:16:00,1.0,2026-04-05 06:28:00,2026-04-05 06:30:00,A65 ,27.0,10.63,2.54,4.52,1.84,2.0
86,2026-04-05,TB1552,2026-04-05 07:15:00,2026-04-05 07:08:00,-7.0,2026-04-05 07:38:00,2026-04-05 07:45:00,A61 ,152.0,11.84,12.84,4.4,1.9,7.0
86,2026-04-05,TB2632,2026-04-05 09:29:00,2026-04-05 09:09:00,-20.0,2026-04-05 09:35:00,2026-04-05 09:44:00,B9  A,114.0,12.99,8.78,4.36,1.91,9.0
86,2026-04-05,TB2662,2026-04-05 09:15:00,2026-04-05 09:04:00,-11.0,2026-04-05 09:22:00,2026-04-05 09:30:00,B34 A,90.0,10.7,8.41,4.74,2.18,8.0
86,2026-04-05,TG934,2026-04-05 12:22:00,2026-04-05 12:26:00,4.0,2026-04-05 12:46:00,2026-04-05 13:15:00,B34 A,260.0,14.95,17.39,4.16,2.48,29.0
86,2026-04-05,UA950,2026-04-05 11:22:00,2026-04-05 11:02:00,-20.0,2026-04-05 11:22:00,2026-04-05 11:45:00,B28 A,170.0,11.2,15.18,5.16,1.55,23.0
86,2026-04-05,UA994,2026-04-05 10:51:00,2026-04-05 10:01:00,-50.0,2026-04-05 10:18:00,2026-04-05 10:42:00,B38 A,177.0,14.18,12.48,5.03,2.32,24.0
86,2026-04-05,XR5402,2026-04-05 07:46:00,2026-04-05 08:56:00,70.0,2026-04-05 09:23:00,2026-04-05 09:26:00,B5  A,88.0,15.47,5.69,4.21,1.98,3.0
87,2026-04-05,AC832,2026-04-05 11:16:00,2026-04-05 10:39:00,-37.0,2026-04-05 10:54:00,2026-04-05 11:24:00,B5  A,101.0,12.86,7.85,5.33,1.56,30.0
87,2026-04-05,ET750,2026-04-05 11:13:00,2026-04-05 11:34:00,21.0,2026-04-05 12:17:00,2026-04-05 13:03:00,B17 A,464.0,12.65,36.67,4.39,1.92,46.0
87,2026-04-05,FH8116,2026-04-05 12:44:00,2026-04-05 12:48:00,4.0,2026-04-05 13:06:00,2026-04-05 13:13:00,B38 A,140.0,11.49,12.19,4.73,2.47,7.0
87,2026-04-05,LH1004,2026-04-05 08:50:00,2026-04-05 08:53:00,3.0,2026-04-05 09:06:00,2026-04-05 09:12:00,A43 ,29.0,12.86,2.26,7.34,1.14,6.0
87,2026-04-05,SN1122,2026-04-05 08:39:00,2026-04-05 09:08:00,29.0,2026-04-05 09:20:00,2026-04-05 09:21:00,B40 A,13.0,15.22,0.85,3.71,3.35,1.0
87,2026-04-05,SN1124,2026-04-05 07:10:00,2026-04-05 07:19:00,9.0,2026-04-05 07:32:00,2026-04-05 07:48:00,B30 A,138.0,12.43,11.1,5.46,1.63,16.0
87,2026-04-05,SN206,2026-04-05 06:25:00,2026-04-05 06:48:00,23.0,2026-04-05 07:07:00,2026-04-05 07:30:00,B38 A,154.0,13.31,11.57,4.39,2.66,23.0
87,2026-04-05,SN229,2026-04-05 08:06:00,2026-04-05 09:20:00,74.0,2026-04-05 09:41:00,2026-04-05 10:22:00,B14 A,144.0,12.53,11.49,4.1,1.62,41.0
87,2026-04-05,SN278,2026-04-05 10:45:00,2026-04-05 10:42:00,-3.0,2026-04-05 11:04:00,2026-04-05 11:16:00,B28 A,198.0,15.19,13.03,5.84,1.37,12.0
87,2026-04-05,SN2900,2026-04-05 10:44:00,2026-04-05 11:04:00,20.0,2026-04-05 11:13:00,2026-04-05 11:34:00,B32 A,49.0,9.61,5.1,4.24,2.28,21.0
87,2026-04-05,SN3326,2026-04-05 11:24:00,2026-04-05 11:41:00,17.0,2026-04-05 12:06:00,2026-04-05 12:12:00,B14 A,111.0,11.16,9.95,4.27,1.56,6.0
87,2026-04-05,SN358,2026-04-05 08:21:00,2026-04-05 08:24:00,3.0,2026-04-05 08:42:00,2026-04-05 09:09:00,B14 A,112.0,11.14,10.05,5.04,1.32,27.0
87,2026-04-05,SN379,2026-04-05 10:10:00,2026-04-05 11:03:00,53.0,2026-04-05 11:42:00,2026-04-05 12:19:00,B29 A,161.0,10.41,15.47,4.74,2.07,37.0
87,2026-04-05,SN3800,2026-04-05 06:15:00,2026-04-05 06:16:00,1.0,2026-04-05 06:28:00,2026-04-05 06:30:00,A65 ,27.0,12.38,2.18,5.04,1.65,2.0
87,2026-04-05,TB1552,2026-04-05 07:47:00,2026-04-05 07:43:00,-4.0,2026-04-05 07:55:00,2026-04-05 07:59:00,A68 ,66.0,11.16,5.92,4.0,2.08,4.0
87,2026-04-05,TB2632,2026-04-05 09:29:00,2026-04-05 09:09:00,-20.0,2026-04-05 09:35:00,2026-04-05 09:44:00,B9  A,114.0,14.45,7.89,6.33,1.32,9.0
87,2026-04-05,TB2662,2026-04-05 09:15:00,2026-04-05 09:04:00,-11.0,2026-04-05 09:22:00,2026-04-05 09:30:00,B34 A,90.0,14.54,6.19,5.32,1.94,8.0
87,2026-04-05,TG934,2026-04-05 12:22:00,2026-04-05 12:26:00,4.0,2026-04-05 12:46:00,2026-04-05 13:15:00,B34 A,260.0,15.2,17.11,5.41,1.91,29.0
87,2026-04-05,UA950,2026-04-05 10:20:00,2026-04-05 09:58:00,-22.0,2026-04-05 10:24:00,2026-04-05 10:51:00,B40 A,188.0,16.16,11.63,4.06,3.06,27.0
87,2026-04-05,UA994,2026-04-05 12:51:00,2026-04-05 12:35:00,-16.0,2026-04-05 12:54:00,2026-04-05 13:24:00,B38 A,109.0,10.44,10.44,3.93,2.97,30.0
87,2026-04-05,XR5402,2026-04-05 07:46:00,2026-04-05 08:56:00,70.0,2026-04-05 09:23:00,2026-04-05 09:26:00,B5  A,88.0,14.18,6.21,4.26,1.95,3.0
88,2026-04-05,AC832,2026-04-05 09:18:00,2026-04-05 08:45:00,-33.0,2026-04-05 09:06:00,2026-04-05 09:59:00,B28 A,110.0,13.23,8.31,5.05,1.58,53.0
88,2026-04-05,ET750,2026-04-05 11:13:00,2026-04-05 11:34:00,21.0,2026-04-05 12:17:00,2026-04-05 13:03:00,B17 A,464.0,12.43,37.33,5.28,1.6,46.0
88,2026-04-05,FH8116,2026-04-05 06:35:00,2026-04-05 06:00:00,-35.0,2026-04-05 06:07:00,2026-04-05 06:09:00,B15 A,22.0,12.92,1.7,4.89,1.58,2.0
88,2026-04-05,LH1004,2026-04-05 11:51:00,2026-04-05 11:47:00,-4.0,2026-04-05 12:07:00,2026-04-05 12:12:00,A43 ,23.0,13.26,1.73,5.61,1.48,5.0
88,2026-04-05,SN1122,2026-04-05 08:39:00,2026-04-05 09:08:00,29.0,2026-04-05 09:20:00,2026-04-05 09:21:00,B40 A,13.0,10.47,1.24,4.16,2.98,1.0
88,2026-04-05,SN1124,2026-04-05 07:10:00,2026-04-05 07:19:00,9.0,2026-04-05 07:32:00,2026-04-05 07:48:00,B30 A,138.0,12.79,10.79,4.81,1.85,16.0
88,2026-04-05,SN206,2026-04-05 06:25:00,2026-04-05 06:48:00,23.0,2026-04-05 07:07:00,2026-04-05 07:30:00,B38 A,154.0,14.94,10.31,5.2,2.24,23.0
88,2026-04-05,SN229,2026-04-05 12:06:00,2026-04-05 12:12:00,6.0,2026-04-05 12:39:00,2026-04-05 13:03:00,B28 A,20.0,11.63,1.72,5.46,1.46,24.0
88,2026-04-05,SN278,2026-04-05 12:46:00,2026-04-05 12:41:00,-5.0,2026-04-05 13:04:00,2026-04-05 13:33:00,B31 A,62.0,12.75,4.86,4.6,2.34,29.0
88,2026-04-05,SN2900,2026-04-05 10:44:00,2026-04-05 11:04:00,20.0,2026-04-05 11:13:00,2026-04-05 11:34:00,B32 A,49.0,13.32,3.68,4.55,2.12,21.0
88,2026-04-05,SN3326,2026-04-05 11:24:00,2026-04-05 11:41:00,17.0,2026-04-05 12:06:00,2026-04-05 12:12:00,B14 A,111.0,14.99,7.41,5.25,1.27,6.0
88,2026-04-05,SN358,2026-04-05 08:21:00,2026-04-05 08:24:00,3.0,2026-04-05 08:42:00,2026-04-05 09:09:00,B14 A,112.0,11.67,9.6,5.51,1.21,27.0
88,2026-04-05,SN379,2026-04-05 10:10:00,2026-04-05 11:03:00,53.0,2026-04-05 11:42:00,2026-04-05 12:19:00,B29 A,161.0,9.39,17.15,5.47,1.8,37.0
88,2026-04-05,SN3800,2026-04-05 06:15:00,2026-04-05 06:16:00,1.0,2026-04-05 06:28:00,2026-04-05 06:30:00,A65 ,27.0,10.94,2.47,4.49,1.86,2.0
88,2026-04-05,TB1552,2026-04-05 07:47:00,2026-04-05 07:43:00,-4.0,2026-04-05 07:55:00,2026-04-05 07:59:00,A68 ,66.0,10.06,6.56,4.16,2.0,4.0
88,2026-04-05,TB2632,2026-04-05 09:29:00,2026-04-05 09:09:00,-20.0,2026-04-05 09:35:00,2026-04-05 09:44:00,B9  A,114.0,11.81,9.65,4.92,1.69,9.0
88,2026-04-05,TB2662,2026-04-05 09:15:00,2026-04-05 09:04:00,-11.0,2026-04-05 09:22:00,2026-04-05 09:30:00,B34 A,90.0,10.69,8.42,4.09,2.53,8.0
88,2026-04-05,TG934,2026-04-05 09:21:00,2026-04-05 09:16:00,-5.0,2026-04-05 09:38:00,2026-04-05 09:58:00,B38 A,249.0,13.44,18.52,4.62,2.52,20.0
88,2026-04-05,UA950,2026-04-05 08:20:00,2026-04-05 08:20:00,0.0,2026-04-05 08:36:00,2026-04-05 09:25:00,B38 A,176.0,12.54,14.03,6.13,1.9,49.0
88,2026-04-05,UA994,2026-04-05 09:51:00,2026-04-05 11:28:00,97.0,2026-04-05 11:44:00,2026-04-05 12:09:00,B40 A,135.0,15.09,8.95,6.01,2.07,25.0
88,2026-04-05,XR5402,2026-04-05 07:46:00,2026-04-05 08:56:00,70.0,2026-04-05 09:23:00,2026-04-05 09:26:00,B5  A,88.0,14.75,5.97,6.28,1.33,3.0
89,2026-04-05,AC832,2026-04-05 11:16:00,2026-04-05 10:39:00,-37.0,2026-04-05 10:54:00,2026-04-05 11:24:00,B5  A,101.0,9.48,10.66,5.33,1.56,30.0
89,2026-04-05,ET750,2026-04-05 11:13:00,2026-04-05 11:34:00,21.0,2026-04-05 12:17:00,2026-04-05 13:03:00,B17 A,464.0,12.08,38.41,6.45,1.3,46.0
89,2026-04-05,FH8116,2026-04-05 12:44:00,2026-04-05 12:48:00,4.0,2026-04-05 13:06:00,2026-04-05 13:13:00,B38 A,140.0,10.84,12.92,6.22,1.88,7.0
89,2026-04-05,LH1004,2026-04-05 08:50:00,2026-04-05 08:53:00,3.0,2026-04-05 09:06:00,2026-04-05 09:12:00,A43 ,29.0,10.56,2.75,4.28,1.95,6.0
89,2026-04-05,SN1122,2026-04-05 08:39:00,2026-04-05 09:08:00,29.0,2026-04-05 09:20:00,2026-04-05 09:21:00,B40 A,13.0,11.11,1.17,7.1,1.75,1.0
89,2026-04-05,SN1124,2026-04-05 07:10:00,2026-04-05 07:19:00,9.0,2026-04-05 07:32:00,2026-04-05 07:48:00,B30 A,138.0,13.86,9.96,5.36,1.66,16.0
89,2026-04-05,SN206,2026-04-05 06:25:00,2026-04-05 06:48:00,23.0,2026-04-05 07:07:00,2026-04-05 07:30:00,B38 A,154.0,11.6,13.28,3.54,3.29,23.0
89,2026-04-05,SN229,2026-04-05 10:04:00,2026-04-05 10:26:00,22.0,2026-04-05 10:41:00,2026-04-05 11:10:00,B31 A,120.0,15.85,7.57,6.1,1.76,29.0
89,2026-04-05,SN278,2026-04-05 12:46:00,2026-04-05 12:41:00,-5.0,2026-04-05 13:04:00,2026-04-05 13:33:00,B31 A,62.0,11.67,5.31,4.09,2.63,29.0
89,2026-04-05,SN2900,2026-04-05 10:44:00,2026-04-05 11:04:00,20.0,2026-04-05 11:13:00,2026-04-05 11:34:00,B32 A,49.0,8.94,5.48,5.21,1.86,21.0
89,2026-04-05,SN3326,2026-04-05 11:24:00,2026-04-05 11:41:00,17.0,2026-04-05 12:06:00,2026-04-05 12:12:00,B14 A,111.0,10.18,10.9,5.68,1.17,6.0
89,2026-04-05,SN358,2026-04-05 10:21:00,2026-04-05 11:13:00,52.0,2026-04-05 11:43:00,2026-04-05 12:03:00,B38 A,126.0,16.32,7.72,4.24,2.75,20.0
89,2026-04-05,SN379,2026-04-05 08:11:00,2026-04-05 08:40:00,29.0,2026-04-05 08:59:00,2026-04-05 09:27:00,B28 A,76.0,15.28,4.97,4.71,1.7,28.0
89,2026-04-05,SN3800,2026-04-05 06:15:00,2026-04-05 06:16:00,1.0,2026-04-05 06:28:00,2026-04-05 06:30:00,A65 ,27.0,13.92,1.94,4.31,1.93,2.0
89,2026-04-05,TB1552,2026-04-05 10:15:00,2026-04-05 10:31:00,16.0,2026-04-05 10:50:00,2026-04-05 10:59:00,A69 ,164.0,16.51,9.94,6.17,1.35,9.0
89,2026-04-05,TB2632,2026-04-05 09:29:00,2026-04-05 09:09:00,-20.0,2026-04-05 09:35:00,2026-04-05 09:44:00,B9  A,114.0,12.73,8.95,3.98,2.09,9.0
89,2026-04-05,TB2662,2026-04-05 09:15:00,2026-04-05 09:04:00,-11.0,2026-04-05 09:22:00,2026-04-05 09:30:00,B34 A,90.0,12.34,7.29,5.17,2.0,8.0
89,2026-04-05,TG934,2026-04-05 09:21:00,2026-04-05 09:16:00,-5.0,2026-04-05 09:38:00,2026-04-05 09:58:00,B38 A,249.0,15.27,16.31,6.29,1.86,20.0
89,2026-04-05,UA950,2026-04-05 08:20:00,2026-04-05 08:20:00,0.0,2026-04-05 08:36:00,2026-04-05 09:25:00,B38 A,176.0,13.44,13.09,4.94,2.36,49.0
89,2026-04-05,UA994,2026-04-05 08:51:00,2026-04-05 08:32:00,-19.0,2026-04-05 08:52:00,2026-04-05 09:25:00,B40 A,171.0,11.91,14.36,4.22,2.94,33.0
89,2026-04-05,XR5402,2026-04-05 07:46:00,2026-04-05 08:56:00,70.0,2026-04-05 09:23:00,2026-04-05 09:26:00,B5  A,88.0,10.31,8.53,4.8,1.74,3.0
90,2026-04-05,AC832,2026-04-05 09:18:00,2026-04-05 08:45:00,-33.0,2026-04-05 09:06:00,2026-04-05 09:59:00,B28 A,110.0,10.28,10.7,5.62,1.42,53.0
90,2026-04-05,ET750,2026-04-05 11:13:00,2026-04-05 11:34:00,21.0,2026-04-05 12:17:00,2026-04-05 13:03:00,B17 A,464.0,16.0,28.99,4.67,1.8,46.0
90,2026-04-05,FH8116,2026-04-05 12:44:00,2026-04-05 12:48:00,4.0,2026-04-05 13:06:00,2026-04-05 13:13:00,B38 A,140.0,13.16,10.64,4.89,2.39,7.0
90,2026-04-05,LH1004,2026-04-05 11:51:00,2026-04-05 11:47:00,-4.0,2026-04-05 12:07:00,2026-04-05 12:12:00,A43 ,23.0,12.69,1.81,5.28,1.58,5.0
90,2026-04-05,SN1122,2026-04-05 08:39:00,2026-04-05 09:08:00,29.0,2026-04-05 09:20:00,2026-04-05 09:21:00,B40 A,13.0,12.01,1.08,7.07,1.76,1.0
90,2026-04-05,SN1124,2026-04-05 07:10:00,2026-04-05 07:19:00,9.0,2026-04-05 07:32:00,2026-04-05 07:48:00,B30 A,138.0,14.2,9.72,5.22,1.71,16.0
90,2026-04-05,SN206,2026-04-05 06:25:00,2026-04-05 06:48:00,23.0,2026-04-05 07:07:00,2026-04-05 07:30:00,B38 A,154.0,11.47,13.42,5.13,2.27,23.0
90,2026-04-05,SN229,2026-04-05 08:06:00,2026-04-05 09:20:00,74.0,2026-04-05 09:41:00,2026-04-05 10:22:00,B14 A,144.0,12.34,11.67,5.06,1.32,41.0
90,2026-04-05,SN278,2026-04-05 12:46:00,2026-04-05 12:41:00,-5.0,2026-04-05 13:04:00,2026-04-05 13:33:00,B31 A,62.0,9.74,6.36,4.63,2.32,29.0
90,2026-04-05,SN2900,2026-04-05 08:46:00,2026-04-05 08:33:00,-13.0,2026-04-05 08:58:00,2026-04-05 09:02:00,B14 A,79.0,13.53,5.84,4.86,1.37,4.0
90,2026-04-05,SN3326,2026-04-05 07:45:00,2026-04-05 08:05:00,20.0,2026-04-05 08:16:00,2026-04-05 08:36:00,B28 A,123.0,14.75,8.34,4.54,1.76,20.0
90,2026-04-05,SN358,2026-04-05 10:21:00,2026-04-05 11:13:00,52.0,2026-04-05 11:43:00,2026-04-05 12:03:00,B38 A,126.0,15.19,8.29,5.48,2.13,20.0
90,2026-04-05,SN379,2026-04-05 10:10:00,2026-04-05 11:03:00,53.0,2026-04-05 11:42:00,2026-04-05 12:19:00,B29 A,161.0,11.02,14.61,4.39,2.24,37.0
90,2026-04-05,SN3800,2026-04-05 06:15:00,2026-04-05 06:16:00,1.0,2026-04-05 06:28:00,2026-04-05 06:30:00,A65 ,27.0,10.62,2.54,5.12,1.63,2.0
90,2026-04-05,TB1552,2026-04-05 10:15:00,2026-04-05 10:31:00,16.0,2026-04-05 10:50:00,2026-04-05 10:59:00,A69 ,164.0,14.87,11.03,4.91,1.7,9.0
90,2026-04-05,TB2632,2026-04-05 09:29:00,2026-04-05 09:09:00,-20.0,2026-04-05 09:35:00,2026-04-05 09:44:00,B9  A,114.0,16.24,7.02,4.62,1.8,9.0
90,2026-04-05,TB2662,2026-04-05 09:15:00,2026-04-05 09:04:00,-11.0,2026-04-05 09:22:00,2026-04-05 09:30:00,B34 A,90.0,11.67,7.71,4.7,2.2,8.0
90,2026-04-05,TG934,2026-04-05 09:21:00,2026-04-05 09:16:00,-5.0,2026-04-05 09:38:00,2026-04-05 09:58:00,B38 A,249.0,14.73,16.91,4.81,2.43,20.0
90,2026-04-05,UA950,2026-04-05 12:20:00,2026-04-05 11:58:00,-22.0,2026-04-05 12:14:00,2026-04-05 12:42:00,B37 A,127.0,14.5,8.76,5.94,2.05,28.0
90,2026-04-05,UA994,2026-04-05 08:51:00,2026-04-05 08:32:00,-19.0,2026-04-05 08:52:00,2026-04-05 09:25:00,B40 A,171.0,14.49,11.8,4.3,2.89,33.0
90,2026-04-05,XR5402,2026-04-05 07:46:00,2026-04-05 08:56:00,70.0,2026-04-05 09:23:00,2026-04-05 09:26:00,B5  A,88.0,11.72,7.51,5.85,1.42,3.0
91,2026-04-05,AC832,2026-04-05 11:16:00,2026-04-05 10:39:00,-37.0,2026-04-05 10:54:00,2026-04-05 11:24:00,B5  A,101.0,14.87,6.79,4.82,1.73,30.0
91,2026-04-05,ET750,2026-04-05 11:13:00,2026-04-05 11:34:00,21.0,2026-04-05 12:17:00,2026-04-05 13:03:00,B17 A,464.0,15.95,29.1,4.24,1.98,46.0
91,2026-04-05,FH8116,2026-04-05 06:35:00,2026-04-05 06:00:00,-35.0,2026-04-05 06:07:00,2026-04-05 06:09:00,B15 A,22.0,11.32,1.94,6.25,1.24,2.0
91,2026-04-05,LH1004,2026-04-05 12:50:00,2026-04-05 12:50:00,0.0,2026-04-05 13:03:00,2026-04-05 13:30:00,A43 ,40.0,16.03,2.5,5.18,1.61,27.0
91,2026-04-05,SN1122,2026-04-05 08:39:00,2026-04-05 09:08:00,29.0,2026-04-05 09:20:00,2026-04-05 09:21:00,B40 A,13.0,14.82,0.88,3.57,3.48,1.0
91,2026-04-05,SN1124,2026-04-05 07:10:00,2026-04-05 07:19:00,9.0,2026-04-05 07:32:00,2026-04-05 07:48:00,B30 A,138.0,12.89,10.71,4.3,2.07,16.0
91,2026-04-05,SN206,2026-04-05 06:25:00,2026-04-05 06:48:00,23.0,2026-04-05 07:07:00,2026-04-05 07:30:00,B38 A,154.0,15.57,9.89,5.05,2.31,23.0
91,2026-04-05,SN229,2026-04-05 10:04:00,2026-04-05 10:26:00,22.0,2026-04-05 10:41:00,2026-04-05 11:10:00,B31 A,120.0,12.42,9.66,3.75,2.86,29.0
91,2026-04-05,SN278,2026-04-05 10:45:00,2026-04-05 10:42:00,-3.0,2026-04-05 11:04:00,2026-04-05 11:16:00,B28 A,198.0,11.93,16.6,5.23,1.53,12.0
91,2026-04-05,SN2900,2026-04-05 07:39:00,2026-04-05 07:25:00,-14.0,2026-04-05 07:38:00,2026-04-05 07:53:00,B38 A,55.0,15.5,3.55,4.89,2.39,15.0
91,2026-04-05,SN3326,2026-04-05 11:24:00,2026-04-05 11:41:00,17.0,2026-04-05 12:06:00,2026-04-05 12:12:00,B14 A,111.0,13.81,8.04,5.05,1.32,6.0
91,2026-04-05,SN358,2026-04-05 10:21:00,2026-04-05 11:13:00,52.0,2026-04-05 11:43:00,2026-04-05 12:03:00,B38 A,126.0,13.56,9.29,4.98,2.34,20.0
91,2026-04-05,SN379,2026-04-05 08:11:00,2026-04-05 08:40:00,29.0,2026-04-05 08:59:00,2026-04-05 09:27:00,B28 A,76.0,12.3,6.18,4.0,2.0,28.0
91,2026-04-05,SN3800,2026-04-05 06:15:00,2026-04-05 06:16:00,1.0,2026-04-05 06:28:00,2026-04-05 06:30:00,A65 ,27.0,14.64,1.84,5.08,1.64,2.0
91,2026-04-05,TB1552,2026-04-05 07:15:00,2026-04-05 07:08:00,-7.0,2026-04-05 07:38:00,2026-04-05 07:45:00,A61 ,152.0,13.71,11.09,5.02,1.66,7.0
91,2026-04-05,TB2632,2026-04-05 09:29:00,2026-04-05 09:09:00,-20.0,2026-04-05 09:35:00,2026-04-05 09:44:00,B9  A,114.0,12.16,9.38,5.11,1.63,9.0
91,2026-04-05,TB2662,2026-04-05 09:15:00,2026-04-05 09:04:00,-11.0,2026-04-05 09:22:00,2026-04-05 09:30:00,B34 A,90.0,11.19,8.04,7.09,1.46,8.0
91,2026-04-05,TG934,2026-04-05 12:22:00,2026-04-05 12:26:00,4.0,2026-04-05 12:46:00,2026-04-05 13:15:00,B34 A,260.0,15.89,16.36,4.85,2.13,29.0
91,2026-04-05,UA950,2026-04-05 11:22:00,2026-04-05 11:02:00,-20.0,2026-04-05 11:22:00,2026-04-05 11:45:00,B28 A,170.0,12.11,14.04,5.39,1.48,23.0
91,2026-04-05,UA994,2026-04-05 12:51:00,2026-04-05 12:35:00,-16.0,2026-04-05 12:54:00,2026-04-05 13:24:00,B38 A,109.0,8.35,13.05,4.17,2.8,30.0
91,2026-04-05,XR5402,2026-04-05 07:46:00,2026-04-05 08:56:00,70.0,2026-04-05 09:23:00,2026-04-05 09:26:00,B5  A,88.0,13.39,6.57,5.66,1.47,3.0
92,2026-04-05,AC832,2026-04-05 08:17:00,2026-04-05 07:46:00,-31.0,2026-04-05 08:02:00,2026-04-05 08:29:00,B30 A,122.0,14.76,8.27,3.6,2.48,27.0
92,2026-04-05,ET750,2026-04-05 11:13:00,2026-04-05 11:34:00,21.0,2026-04-05 12:17:00,2026-04-05 13:03:00,B17 A,464.0,12.78,36.3,5.14,1.64,46.0
92,2026-04-05,FH8116,2026-04-05 06:35:00,2026-04-05 06:00:00,-35.0,2026-04-05 06:07:00,2026-04-05 06:09:00,B15 A,22.0,13.97,1.58,5.2,1.49,2.0
92,2026-04-05,LH1004,2026-04-05 08:50:00,2026-04-05 08:53:00,3.0,2026-04-05 09:06:00,2026-04-05 09:12:00,A43 ,29.0,8.39,3.46,4.04,2.06,6.0
92,2026-04-05,SN1122,2026-04-05 08:39:00,2026-04-05 09:08:00,29.0,2026-04-05 09:20:00,2026-04-05 09:21:00,B40 A,13.0,12.62,1.03,6.06,2.05,1.0
92,2026-04-05,SN1124,2026-04-05 07:10:00,2026-04-05 07:19:00,9.0,2026-04-05 07:32:00,2026-04-05 07:48:00,B30 A,138.0,14.09,9.79,5.4,1.65,16.0
92,2026-04-05,SN206,2026-04-05 06:25:00,2026-04-05 06:48:00,23.0,2026-04-05 07:07:00,2026-04-05 07:30:00,B38 A,154.0,13.36,11.53,6.72,1.74,23.0
92,2026-04-05,SN229,2026-04-05 08:06:00,2026-04-05 09:20:00,74.0,2026-04-05 09:41:00,2026-04-05 10:22:00,B14 A,144.0,13.13,10.97,5.83,1.14,41.0
92,2026-04-05,SN278,2026-04-05 12:46:00,2026-04-05 12:41:00,-5.0,2026-04-05 13:04:00,2026-04-05 13:33:00,B31 A,62.0,11.22,5.52,4.69,2.29,29.0
92,2026-04-05,SN2900,2026-04-05 07:39:00,2026-04-05 07:25:00,-14.0,2026-04-05 07:38:00,2026-04-05 07:53:00,B38 A,55.0,11.48,4.79,4.63,2.52,15.0
92,2026-04-05,SN3326,2026-04-05 11:24:00,2026-04-05 11:41:00,17.0,2026-04-05 12:06:00,2026-04-05 12:12:00,B14 A,111.0,13.64,8.14,5.0,1.33,6.0
92,2026-04-05,SN358,2026-04-05 08:21:00,2026-04-05 08:24:00,3.0,2026-04-05 08:42:00,2026-04-05 09:09:00,B14 A,112.0,11.26,9.95,3.96,1.69,27.0
92,2026-04-05,SN379,2026-04-05 10:10:00,2026-04-05 11:03:00,53.0,2026-04-05 11:42:00,2026-04-05 12:19:00,B29 A,161.0,11.96,13.47,5.47,1.8,37.0
92,2026-04-05,SN3800,2026-04-05 06:15:00,2026-04-05 06:16:00,1.0,2026-04-05 06:28:00,2026-04-05 06:30:00,A65 ,27.0,14.14,1.91,4.38,1.9,2.0
92,2026-04-05,TB1552,2026-04-05 07:15:00,2026-04-05 07:08:00,-7.0,2026-04-05 07:38:00,2026-04-05 07:45:00,A61 ,152.0,10.64,14.29,5.01,1.66,7.0
92,2026-04-05,TB2632,2026-04-05 09:29:00,2026-04-05 09:09:00,-20.0,2026-04-05 09:35:00,2026-04-05 09:44:00,B9  A,114.0,13.13,8.68,5.64,1.48,9.0
92,2026-04-05,TB2662,2026-04-05 09:15:00,2026-04-05 09:04:00,-11.0,2026-04-05 09:22:00,2026-04-05 09:30:00,B34 A,90.0,15.8,5.7,4.15,2.49,8.0
92,2026-04-05,TG934,2026-04-05 09:21:00,2026-04-05 09:16:00,-5.0,2026-04-05 09:38:00,2026-04-05 09:58:00,B38 A,249.0,14.05,17.72,4.83,2.41,20.0
92,2026-04-05,UA950,2026-04-05 10:20:00,2026-04-05 09:58:00,-22.0,2026-04-05 10:24:00,2026-04-05 10:51:00,B40 A,188.0,15.69,11.98,4.14,3.0,27.0
92,2026-04-05,UA994,2026-04-05 09:51:00,2026-04-05 11:28:00,97.0,2026-04-05 11:44:00,2026-04-05 12:09:00,B40 A,135.0,10.83,12.47,4.89,2.54,25.0
92,2026-04-05,XR5402,2026-04-05 07:46:00,2026-04-05 08:56:00,70.0,2026-04-05 09:23:00,2026-04-05 09:26:00,B5  A,88.0,15.37,5.72,6.51,1.28,3.0
93,2026-04-05,AC832,2026-04-05 08:17:00,2026-04-05 07:46:00,-31.0,2026-04-05 08:02:00,2026-04-05 08:29:00,B30 A,122.0,15.24,8.0,4.17,2.14,27.0
93,2026-04-05,ET750,2026-04-05 11:13:00,2026-04-05 11:34:00,21.0,2026-04-05 12:17:00,2026-04-05 13:03:00,B17 A,464.0,11.57,40.09,5.05,1.67,46.0
93,2026-04-05,FH8116,2026-04-05 06:35:00,2026-04-05 06:00:00,-35.0,2026-04-05 06:07:00,2026-04-05 06:09:00,B15 A,22.0,13.83,1.59,5.12,1.51,2.0
93,2026-04-05,LH1004,2026-04-05 11:51:00,2026-04-05 11:47:00,-4.0,2026-04-05 12:07:00,2026-04-05 12:12:00,A43 ,23.0,10.68,2.15,3.16,2.64,5.0
93,2026-04-05,SN1122,2026-04-05 08:39:00,2026-04-05 09:08:00,29.0,2026-04-05 09:20:00,2026-04-05 09:21:00,B40 A,13.0,13.91,0.93,5.09,2.44,1.0
93,2026-04-05,SN1124,2026-04-05 07:10:00,2026-04-05 07:19:00,9.0,2026-04-05 07:32:00,2026-04-05 07:48:00,B30 A,138.0,12.68,10.89,6.48,1.38,16.0
93,2026-04-05,SN206,2026-04-05 06:25:00,2026-04-05 06:48:00,23.0,2026-04-05 07:07:00,2026-04-05 07:30:00,B38 A,154.0,16.58,9.29,4.97,2.35,23.0
93,2026-04-05,SN229,2026-04-05 10:04:00,2026-04-05 10:26:00,22.0,2026-04-05 10:41:00,2026-04-05 11:10:00,B31 A,120.0,13.52,8.88,4.85,2.22,29.0
93,2026-04-05,SN278,2026-04-05 12:46:00,2026-04-05 12:41:00,-5.0,2026-04-05 13:04:00,2026-04-05 13:33:00,B31 A,62.0,11.58,5.35,5.35,2.01,29.0
93,2026-04-05,SN2900,2026-04-05 08:46:00,2026-04-05 08:33:00,-13.0,2026-04-05 08:58:00,2026-04-05 09:02:00,B14 A,79.0,16.42,4.81,4.22,1.58,4.0
93,2026-04-05,SN3326,2026-04-05 11:24:00,2026-04-05 11:41:00,17.0,2026-04-05 12:06:00,2026-04-05 12:12:00,B14 A,111.0,11.26,9.86,6.29,1.06,6.0
93,2026-04-05,SN358,2026-04-05 10:21:00,2026-04-05 11:13:00,52.0,2026-04-05 11:43:00,2026-04-05 12:03:00,B38 A,126.0,11.99,10.51,5.7,2.05,20.0
93,2026-04-05,SN379,2026-04-05 08:11:00,2026-04-05 08:40:00,29.0,2026-04-05 08:59:00,2026-04-05 09:27:00,B28 A,76.0,11.16,6.81,5.6,1.43,28.0
93,2026-04-05,SN3800,2026-04-05 06:15:00,2026-04-05 06:16:00,1.0,2026-04-05 06:28:00,2026-04-05 06:30:00,A65 ,27.0,11.43,2.36,4.79,1.74,2.0
93,2026-04-05,TB1552,2026-04-05 07:15:00,2026-04-05 07:08:00,-7.0,2026-04-05 07:38:00,2026-04-05 07:45:00,A61 ,152.0,14.62,10.4,5.04,1.65,7.0
93,2026-04-05,TB2632,2026-04-05 09:29:00,2026-04-05 09:09:00,-20.0,2026-04-05 09:35:00,2026-04-05 09:44:00,B9  A,114.0,11.78,9.68,5.24,1.59,9.0
93,2026-04-05,TB2662,2026-04-05 09:15:00,2026-04-05 09:04:00,-11.0,2026-04-05 09:22:00,2026-04-05 09:30:00,B34 A,90.0,11.23,8.01,5.19,1.99,8.0
93,2026-04-05,TG934,2026-04-05 09:21:00,2026-04-05 09:16:00,-5.0,2026-04-05 09:38:00,2026-04-05 09:58:00,B38 A,249.0,15.0,16.6,4.9,2.38,20.0
93,2026-04-05,UA950,2026-04-05 09:21:00,2026-04-05 08:45:00,-36.0,2026-04-05 09:03:00,2026-04-05 09:29:00,B5  A,163.0,14.9,10.94,4.47,1.86,26.0
93,2026-04-05,UA994,2026-04-05 08:51:00,2026-04-05 08:32:00,-19.0,2026-04-05 08:52:00,2026-04-05 09:25:00,B40 A,171.0,14.26,11.99,5.1,2.44,33.0
93,2026-04-05,XR5402,2026-04-05 07:46:00,2026-04-05 08:56:00,70.0,2026-04-05 09:23:00,2026-04-05 09:26:00,B5  A,88.0,12.76,6.89,5.77,1.44,3.0
94,2026-04-05,AC832,2026-04-05 12:18:00,2026-04-05 11:38:00,-40.0,2026-04-05 11:54:00,2026-04-05 12:17:00,B30 A,100.0,13.17,7.6,4.51,1.98,23.0
94,2026-04-05,ET750,2026-04-05 11:13:00,2026-04-05 11:34:00,21.0,2026-04-05 12:17:00,2026-04-05 13:03:00,B17 A,464.0,13.9,33.37,4.8,1.75,46.0
94,2026-04-05,FH8116,2026-04-05 06:35:00,2026-04-05 06:00:00,-35.0,2026-04-05 06:07:00,2026-04-05 06:09:00,B15 A,22.0,16.99,1.3,5.59,1.38,2.0
94,2026-04-05,LH1004,2026-04-05 11:51:00,2026-04-05 11:47:00,-4.0,2026-04-05 12:07:00,2026-04-05 12:12:00,A43 ,23.0,16.68,1.38,5.64,1.48,5.0
94,2026-04-05,SN1122,2026-04-05 08:39:00,2026-04-05 09:08:00,29.0,2026-04-05 09:20:00,2026-04-05 09:21:00,B40 A,13.0,11.22,1.16,4.56,2.72,1.0
94,2026-04-05,SN1124,2026-04-05 07:10:00,2026-04-05 07:19:00,9.0,2026-04-05 07:32:00,2026-04-05 07:48:00,B30 A,138.0,14.36,9.61,5.7,1.56,16.0
94,2026-04-05,SN206,2026-04-05 06:25:00,2026-04-05 06:48:00,23.0,2026-04-05 07:07:00,2026-04-05 07:30:00,B38 A,154.0,15.83,9.73,5.29,2.2,23.0
94,2026-04-05,SN229,2026-04-05 10:04:00,2026-04-05 10:26:00,22.0,2026-04-05 10:41:00,2026-04-05 11:10:00,B31 A,120.0,13.06,9.19,3.8,2.83,29.0
94,2026-04-05,SN278,2026-04-05 10:45:00,2026-04-05 10:42:00,-3.0,2026-04-05 11:04:00,2026-04-05 11:16:00,B28 A,198.0,12.52,15.82,5.58,1.43,12.0
94,2026-04-05,SN2900,2026-04-05 07:39:00,2026-04-05 07:25:00,-14.0,2026-04-05 07:38:00,2026-04-05 07:53:00,B38 A,55.0,13.24,4.15,5.57,2.1,15.0
94,2026-04-05,SN3326,2026-04-05 11:24:00,2026-04-05 11:41:00,17.0,2026-04-05 12:06:00,2026-04-05 12:12:00,B14 A,111.0,13.43,8.27,5.82,1.15,6.0
94,2026-04-05,SN358,2026-04-05 08:21:00,2026-04-05 08:24:00,3.0,2026-04-05 08:42:00,2026-04-05 09:09:00,B14 A,112.0,12.6,8.89,5.9,1.13,27.0
94,2026-04-05,SN379,2026-04-05 10:10:00,2026-04-05 11:03:00,53.0,2026-04-05 11:42:00,2026-04-05 12:19:00,B29 A,161.0,12.17,13.23,5.45,1.8,37.0
94,2026-04-05,SN3800,2026-04-05 06:15:00,2026-04-05 06:16:00,1.0,2026-04-05 06:28:00,2026-04-05 06:30:00,A65 ,27.0,12.51,2.16,4.91,1.7,2.0
94,2026-04-05,TB1552,2026-04-05 08:29:00,2026-04-05 08:25:00,-4.0,2026-04-05 08:46:00,2026-04-05 08:54:00,A61 ,166.0,14.02,11.84,4.29,1.94,8.0
94,2026-04-05,TB2632,2026-04-05 09:29:00,2026-04-05 09:09:00,-20.0,2026-04-05 09:35:00,2026-04-05 09:44:00,B9  A,114.0,9.73,11.72,4.71,1.77,9.0
94,2026-04-05,TB2662,2026-04-05 09:15:00,2026-04-05 09:04:00,-11.0,2026-04-05 09:22:00,2026-04-05 09:30:00,B34 A,90.0,12.39,7.26,3.28,3.15,8.0
94,2026-04-05,TG934,2026-04-05 09:21:00,2026-04-05 09:16:00,-5.0,2026-04-05 09:38:00,2026-04-05 09:58:00,B38 A,249.0,12.67,19.65,5.13,2.27,20.0
94,2026-04-05,UA950,2026-04-05 09:21:00,2026-04-05 08:45:00,-36.0,2026-04-05 09:03:00,2026-04-05 09:29:00,B5  A,163.0,10.38,15.71,5.59,1.49,26.0
94,2026-04-05,UA994,2026-04-05 08:51:00,2026-04-05 08:32:00,-19.0,2026-04-05 08:52:00,2026-04-05 09:25:00,B40 A,171.0,14.21,12.03,6.47,1.92,33.0
94,2026-04-05,XR5402,2026-04-05 07:46:00,2026-04-05 08:56:00,70.0,2026-04-05 09:23:00,2026-04-05 09:26:00,B5  A,88.0,16.47,5.34,4.73,1.76,3.0
95,2026-04-05,AC832,2026-04-05 12:18:00,2026-04-05 11:38:00,-40.0,2026-04-05 11:54:00,2026-04-05 12:17:00,B30 A,100.0,13.32,7.51,4.18,2.14,23.0
95,2026-04-05,ET750,2026-04-05 11:13:00,2026-04-05 11:34:00,21.0,2026-04-05 12:17:00,2026-04-05 13:03:00,B17 A,464.0,13.08,35.46,5.62,1.5,46.0
95,2026-04-05,FH8116,2026-04-05 06:35:00,2026-04-05 06:00:00,-35.0,2026-04-05 06:07:00,2026-04-05 06:09:00,B15 A,22.0,12.21,1.8,4.46,1.74,2.0
95,2026-04-05,LH1004,2026-04-05 08:50:00,2026-04-05 08:53:00,3.0,2026-04-05 09:06:00,2026-04-05 09:12:00,A43 ,29.0,12.82,2.26,6.72,1.24,6.0
95,2026-04-05,SN1122,2026-04-05 08:39:00,2026-04-05 09:08:00,29.0,2026-04-05 09:20:00,2026-04-05 09:21:00,B40 A,13.0,12.77,1.02,5.06,2.45,1.0
95,2026-04-05,SN1124,2026-04-05 07:10:00,2026-04-05 07:19:00,9.0,2026-04-05 07:32:00,2026-04-05 07:48:00,B30 A,138.0,13.28,10.39,4.48,1.99,16.0
95,2026-04-05,SN206,2026-04-05 06:25:00,2026-04-05 06:48:00,23.0,2026-04-05 07:07:00,2026-04-05 07:30:00,B38 A,154.0,13.55,11.37,6.57,1.77,23.0
95,2026-04-05,SN229,2026-04-05 08:06:00,2026-04-05 09:20:00,74.0,2026-04-05 09:41:00,2026-04-05 10:22:00,B14 A,144.0,11.6,12.41,4.73,1.41,41.0
95,2026-04-05,SN278,2026-04-05 08:43:00,2026-04-05 08:27:00,-16.0,2026-04-05 08:40:00,2026-04-05 09:10:00,B37 A,123.0,12.8,9.61,5.48,2.22,30.0
95,2026-04-05,SN2900,2026-04-05 08:46:00,2026-04-05 08:33:00,-13.0,2026-04-05 08:58:00,2026-04-05 09:02:00,B14 A,79.0,13.42,5.89,5.7,1.17,4.0
95,2026-04-05,SN3326,2026-04-05 11:24:00,2026-04-05 11:41:00,17.0,2026-04-05 12:06:00,2026-04-05 12:12:00,B14 A,111.0,16.54,6.71,3.87,1.72,6.0
95,2026-04-05,SN358,2026-04-05 10:21:00,2026-04-05 11:13:00,52.0,2026-04-05 11:43:00,2026-04-05 12:03:00,B38 A,126.0,16.62,7.58,5.78,2.02,20.0
95,2026-04-05,SN379,2026-04-05 08:11:00,2026-04-05 08:40:00,29.0,2026-04-05 08:59:00,2026-04-05 09:27:00,B28 A,76.0,10.73,7.09,4.51,1.77,28.0
95,2026-04-05,SN3800,2026-04-05 06:15:00,2026-04-05 06:16:00,1.0,2026-04-05 06:28:00,2026-04-05 06:30:00,A65 ,27.0,10.57,2.55,4.51,1.85,2.0
95,2026-04-05,TB1552,2026-04-05 10:15:00,2026-04-05 10:31:00,16.0,2026-04-05 10:50:00,2026-04-05 10:59:00,A69 ,164.0,12.65,12.96,4.84,1.72,9.0
95,2026-04-05,TB2632,2026-04-05 09:29:00,2026-04-05 09:09:00,-20.0,2026-04-05 09:35:00,2026-04-05 09:44:00,B9  A,114.0,11.93,9.55,4.61,1.81,9.0
95,2026-04-05,TB2662,2026-04-05 09:15:00,2026-04-05 09:04:00,-11.0,2026-04-05 09:22:00,2026-04-05 09:30:00,B34 A,90.0,10.56,8.52,5.21,1.98,8.0
95,2026-04-05,TG934,2026-04-05 09:21:00,2026-04-05 09:16:00,-5.0,2026-04-05 09:38:00,2026-04-05 09:58:00,B38 A,249.0,16.11,15.46,4.86,2.4,20.0
95,2026-04-05,UA950,2026-04-05 11:22:00,2026-04-05 11:02:00,-20.0,2026-04-05 11:22:00,2026-04-05 11:45:00,B28 A,170.0,11.82,14.38,5.45,1.47,23.0
95,2026-04-05,UA994,2026-04-05 10:51:00,2026-04-05 10:01:00,-50.0,2026-04-05 10:18:00,2026-04-05 10:42:00,B38 A,177.0,13.24,13.37,5.28,2.21,24.0
95,2026-04-05,XR5402,2026-04-05 07:46:00,2026-04-05 08:56:00,70.0,2026-04-05 09:23:00,2026-04-05 09:26:00,B5  A,88.0,14.32,6.15,5.21,1.6,3.0
96,2026-04-05,AC832,2026-04-05 09:18:00,2026-04-05 08:45:00,-33.0,2026-04-05 09:06:00,2026-04-05 09:59:00,B28 A,110.0,11.64,9.45,5.61,1.43,53.0
96,2026-04-05,ET750,2026-04-05 11:13:00,2026-04-05 11:34:00,21.0,2026-04-05 12:17:00,2026-04-05 13:03:00,B17 A,464.0,14.03,33.07,4.18,2.02,46.0
96,2026-04-05,FH8116,2026-04-05 12:44:00,2026-04-05 12:48:00,4.0,2026-04-05 13:06:00,2026-04-05 13:13:00,B38 A,140.0,16.85,8.31,6.17,1.89,7.0
96,2026-04-05,LH1004,2026-04-05 12:50:00,2026-04-05 12:50:00,0.0,2026-04-05 13:03:00,2026-04-05 13:30:00,A43 ,40.0,14.97,2.67,4.37,1.91,27.0
96,2026-04-05,SN1122,2026-04-05 08:39:00,2026-04-05 09:08:00,29.0,2026-04-05 09:20:00,2026-04-05 09:21:00,B40 A,13.0,15.23,0.85,5.26,2.36,1.0
96,2026-04-05,SN1124,2026-04-05 07:10:00,2026-04-05 07:19:00,9.0,2026-04-05 07:32:00,2026-04-05 07:48:00,B30 A,138.0,15.47,8.92,4.17,2.14,16.0
96,2026-04-05,SN206,2026-04-05 06:25:00,2026-04-05 06:48:00,23.0,2026-04-05 07:07:00,2026-04-05 07:30:00,B38 A,154.0,15.32,10.05,5.12,2.28,23.0
96,2026-04-05,SN229,2026-04-05 10:04:00,2026-04-05 10:26:00,22.0,2026-04-05 10:41:00,2026-04-05 11:10:00,B31 A,120.0,9.56,12.55,4.78,2.25,29.0
96,2026-04-05,SN278,2026-04-05 10:45:00,2026-04-05 10:42:00,-3.0,2026-04-05 11:04:00,2026-04-05 11:16:00,B28 A,198.0,10.03,19.74,4.97,1.61,12.0
96,2026-04-05,SN2900,2026-04-05 10:44:00,2026-04-05 11:04:00,20.0,2026-04-05 11:13:00,2026-04-05 11:34:00,B32 A,49.0,8.57,5.72,5.2,1.86,21.0
96,2026-04-05,SN3326,2026-04-05 07:45:00,2026-04-05 08:05:00,20.0,2026-04-05 08:16:00,2026-04-05 08:36:00,B28 A,123.0,14.15,8.69,5.43,1.47,20.0
96,2026-04-05,SN358,2026-04-05 10:21:00,2026-04-05 11:13:00,52.0,2026-04-05 11:43:00,2026-04-05 12:03:00,B38 A,126.0,14.14,8.91,4.94,2.36,20.0
96,2026-04-05,SN379,2026-04-05 10:10:00,2026-04-05 11:03:00,53.0,2026-04-05 11:42:00,2026-04-05 12:19:00,B29 A,161.0,12.0,13.42,5.32,1.85,37.0
96,2026-04-05,SN3800,2026-04-05 06:15:00,2026-04-05 06:16:00,1.0,2026-04-05 06:28:00,2026-04-05 06:30:00,A65 ,27.0,13.21,2.04,5.0,1.67,2.0
96,2026-04-05,TB1552,2026-04-05 07:15:00,2026-04-05 07:08:00,-7.0,2026-04-05 07:38:00,2026-04-05 07:45:00,A61 ,152.0,13.92,10.92,5.24,1.59,7.0
96,2026-04-05,TB2632,2026-04-05 09:29:00,2026-04-05 09:09:00,-20.0,2026-04-05 09:35:00,2026-04-05 09:44:00,B9  A,114.0,12.74,8.95,4.5,1.85,9.0
96,2026-04-05,TB2662,2026-04-05 09:15:00,2026-04-05 09:04:00,-11.0,2026-04-05 09:22:00,2026-04-05 09:30:00,B34 A,90.0,13.88,6.48,5.29,1.95,8.0
96,2026-04-05,TG934,2026-04-05 12:22:00,2026-04-05 12:26:00,4.0,2026-04-05 12:46:00,2026-04-05 13:15:00,B34 A,260.0,14.44,18.01,5.82,1.78,29.0
96,2026-04-05,UA950,2026-04-05 10:20:00,2026-04-05 09:58:00,-22.0,2026-04-05 10:24:00,2026-04-05 10:51:00,B40 A,188.0,14.86,12.65,4.91,2.53,27.0
96,2026-04-05,UA994,2026-04-05 08:51:00,2026-04-05 08:32:00,-19.0,2026-04-05 08:52:00,2026-04-05 09:25:00,B40 A,171.0,13.96,12.25,5.6,2.22,33.0
96,2026-04-05,XR5402,2026-04-05 07:46:00,2026-04-05 08:56:00,70.0,2026-04-05 09:23:00,2026-04-05 09:26:00,B5  A,88.0,15.15,5.81,3.97,2.1,3.0
97,2026-04-05,AC832,2026-04-05 12:18:00,2026-04-05 11:38:00,-40.0,2026-04-05 11:54:00,2026-04-05 12:17:00,B30 A,100.0,11.82,8.46,5.36,1.66,23.0
97,2026-04-05,ET750,2026-04-05 11:13:00,2026-04-05 11:34:00,21.0,2026-04-05 12:17:00,2026-04-05 13:03:00,B17 A,464.0,12.9,35.96,6.35,1.33,46.0
97,2026-04-05,FH8116,2026-04-05 06:35:00,2026-04-05 06:00:00,-35.0,2026-04-05 06:07:00,2026-04-05 06:09:00,B15 A,22.0,12.89,1.71,5.65,1.37,2.0
97,2026-04-05,LH1004,2026-04-05 12:50:00,2026-04-05 12:50:00,0.0,2026-04-05 13:03:00,2026-04-05 13:30:00,A43 ,40.0,9.67,4.14,4.84,1.72,27.0
97,2026-04-05,SN1122,2026-04-05 08:39:00,2026-04-05 09:08:00,29.0,2026-04-05 09:20:00,2026-04-05 09:21:00,B40 A,13.0,12.08,1.08,5.44,2.28,1.0
97,2026-04-05,SN1124,2026-04-05 07:10:00,2026-04-05 07:19:00,9.0,2026-04-05 07:32:00,2026-04-05 07:48:00,B30 A,138.0,13.32,10.36,5.53,1.61,16.0
97,2026-04-05,SN206,2026-04-05 06:25:00,2026-04-05 06:48:00,23.0,2026-04-05 07:07:00,2026-04-05 07:30:00,B38 A,154.0,13.46,11.44,3.93,2.97,23.0
97,2026-04-05,SN229,2026-04-05 10:04:00,2026-04-05 10:26:00,22.0,2026-04-05 10:41:00,2026-04-05 11:10:00,B31 A,120.0,13.62,8.81,3.82,2.81,29.0
97,2026-04-05,SN278,2026-04-05 10:45:00,2026-04-05 10:42:00,-3.0,2026-04-05 11:04:00,2026-04-05 11:16:00,B28 A,198.0,13.4,14.78,4.41,1.82,12.0
97,2026-04-05,SN2900,2026-04-05 08:46:00,2026-04-05 08:33:00,-13.0,2026-04-05 08:58:00,2026-04-05 09:02:00,B14 A,79.0,13.76,5.74,4.7,1.42,4.0
97,2026-04-05,SN3326,2026-04-05 11:24:00,2026-04-05 11:41:00,17.0,2026-04-05 12:06:00,2026-04-05 12:12:00,B14 A,111.0,14.31,7.76,4.54,1.47,6.0
97,2026-04-05,SN358,2026-04-05 12:21:00,2026-04-05 12:23:00,2.0,2026-04-05 12:43:00,2026-04-05 13:14:00,B28 A,176.0,14.93,11.79,5.05,1.58,31.0
97,2026-04-05,SN379,2026-04-05 10:10:00,2026-04-05 11:03:00,53.0,2026-04-05 11:42:00,2026-04-05 12:19:00,B29 A,161.0,14.06,11.45,6.27,1.57,37.0
97,2026-04-05,SN3800,2026-04-05 06:15:00,2026-04-05 06:16:00,1.0,2026-04-05 06:28:00,2026-04-05 06:30:00,A65 ,27.0,10.83,2.49,4.56,1.83,2.0
97,2026-04-05,TB1552,2026-04-05 07:15:00,2026-04-05 07:08:00,-7.0,2026-04-05 07:38:00,2026-04-05 07:45:00,A61 ,152.0,10.88,13.97,6.58,1.27,7.0
97,2026-04-05,TB2632,2026-04-05 09:29:00,2026-04-05 09:09:00,-20.0,2026-04-05 09:35:00,2026-04-05 09:44:00,B9  A,114.0,8.98,12.69,4.69,1.78,9.0
97,2026-04-05,TB2662,2026-04-05 09:15:00,2026-04-05 09:04:00,-11.0,2026-04-05 09:22:00,2026-04-05 09:30:00,B34 A,90.0,11.67,7.71,5.05,2.04,8.0
97,2026-04-05,TG934,2026-04-05 09:21:00,2026-04-05 09:16:00,-5.0,2026-04-05 09:38:00,2026-04-05 09:58:00,B38 A,249.0,14.84,16.78,5.05,2.31,20.0
97,2026-04-05,UA950,2026-04-05 09:21:00,2026-04-05 08:45:00,-36.0,2026-04-05 09:03:00,2026-04-05 09:29:00,B5  A,163.0,12.86,12.68,5.12,1.63,26.0
97,2026-04-05,UA994,2026-04-05 11:51:00,2026-04-05 11:37:00,-14.0,2026-04-05 11:55:00,2026-04-05 12:25:00,B40 A,157.0,13.78,11.39,6.69,1.86,30.0
97,2026-04-05,XR5402,2026-04-05 07:46:00,2026-04-05 08:56:00,70.0,2026-04-05 09:23:00,2026-04-05 09:26:00,B5  A,88.0,8.52,10.33,6.1,1.37,3.0
98,2026-04-05,AC832,2026-04-05 08:17:00,2026-04-05 07:46:00,-31.0,2026-04-05 08:02:00,2026-04-05 08:29:00,B30 A,122.0,14.71,8.29,4.14,2.16,27.0
98,2026-04-05,ET750,2026-04-05 11:13:00,2026-04-05 11:34:00,21.0,2026-04-05 12:17:00,2026-04-05 13:03:00,B17 A,464.0,13.61,34.09,4.05,2.08,46.0
98,2026-04-05,FH8116,2026-04-05 12:44:00,2026-04-05 12:48:00,4.0,2026-04-05 13:06:00,2026-04-05 13:13:00,B38 A,140.0,11.28,12.41,5.03,2.32,7.0
98,2026-04-05,LH1004,2026-04-05 08:50:00,2026-04-05 08:53:00,3.0,2026-04-05 09:06:00,2026-04-05 09:12:00,A43 ,29.0,14.26,2.03,5.36,1.55,6.0
98,2026-04-05,SN1122,2026-04-05 08:39:00,2026-04-05 09:08:00,29.0,2026-04-05 09:20:00,2026-04-05 09:21:00,B40 A,13.0,11.37,1.14,3.8,3.27,1.0
98,2026-04-05,SN1124,2026-04-05 07:10:00,2026-04-05 07:19:00,9.0,2026-04-05 07:32:00,2026-04-05 07:48:00,B30 A,138.0,15.76,8.75,4.88,1.83,16.0
98,2026-04-05,SN206,2026-04-05 06:25:00,2026-04-05 06:48:00,23.0,2026-04-05 07:07:00,2026-04-05 07:30:00,B38 A,154.0,12.03,12.8,3.77,3.1,23.0
98,2026-04-05,SN229,2026-04-05 08:06:00,2026-04-05 09:20:00,74.0,2026-04-05 09:41:00,2026-04-05 10:22:00,B14 A,144.0,15.1,9.54,5.47,1.22,41.0
98,2026-04-05,SN278,2026-04-05 12:46:00,2026-04-05 12:41:00,-5.0,2026-04-05 13:04:00,2026-04-05 13:33:00,B31 A,62.0,9.66,6.42,6.52,1.65,29.0
98,2026-04-05,SN2900,2026-04-05 10:44:00,2026-04-05 11:04:00,20.0,2026-04-05 11:13:00,2026-04-05 11:34:00,B32 A,49.0,14.09,3.48,4.31,2.24,21.0
98,2026-04-05,SN3326,2026-04-05 11:24:00,2026-04-05 11:41:00,17.0,2026-04-05 12:06:00,2026-04-05 12:12:00,B14 A,111.0,15.13,7.34,4.74,1.41,6.0
98,2026-04-05,SN358,2026-04-05 12:21:00,2026-04-05 12:23:00,2.0,2026-04-05 12:43:00,2026-04-05 13:14:00,B28 A,176.0,12.19,14.44,5.16,1.55,31.0
98,2026-04-05,SN379,2026-04-05 10:10:00,2026-04-05 11:03:00,53.0,2026-04-05 11:42:00,2026-04-05 12:19:00,B29 A,161.0,11.81,13.63,4.11,2.39,37.0
98,2026-04-05,SN3800,2026-04-05 06:15:00,2026-04-05 06:16:00,1.0,2026-04-05 06:28:00,2026-04-05 06:30:00,A65 ,27.0,14.44,1.87,6.08,1.37,2.0
98,2026-04-05,TB1552,2026-04-05 07:47:00,2026-04-05 07:43:00,-4.0,2026-04-05 07:55:00,2026-04-05 07:59:00,A68 ,66.0,12.66,5.21,4.6,1.81,4.0
98,2026-04-05,TB2632,2026-04-05 09:29:00,2026-04-05 09:09:00,-20.0,2026-04-05 09:35:00,2026-04-05 09:44:00,B9  A,114.0,15.71,7.26,5.05,1.65,9.0
98,2026-04-05,TB2662,2026-04-05 09:15:00,2026-04-05 09:04:00,-11.0,2026-04-05 09:22:00,2026-04-05 09:30:00,B34 A,90.0,9.9,9.1,4.76,2.17,8.0
98,2026-04-05,TG934,2026-04-05 09:21:00,2026-04-05 09:16:00,-5.0,2026-04-05 09:38:00,2026-04-05 09:58:00,B38 A,249.0,13.37,18.62,4.82,2.42,20.0
98,2026-04-05,UA950,2026-04-05 12:20:00,2026-04-05 11:58:00,-22.0,2026-04-05 12:14:00,2026-04-05 12:42:00,B37 A,127.0,14.8,8.58,6.49,1.87,28.0
98,2026-04-05,UA994,2026-04-05 12:51:00,2026-04-05 12:35:00,-16.0,2026-04-05 12:54:00,2026-04-05 13:24:00,B38 A,109.0,13.52,8.06,4.64,2.51,30.0
98,2026-04-05,XR5402,2026-04-05 07:46:00,2026-04-05 08:56:00,70.0,2026-04-05 09:23:00,2026-04-05 09:26:00,B5  A,88.0,10.93,8.05,5.25,1.59,3.0
99,2026-04-05,AC832,2026-04-05 08:17:00,2026-04-05 07:46:00,-31.0,2026-04-05 08:02:00,2026-04-05 08:29:00,B30 A,122.0,13.87,8.8,4.42,2.02,27.0
99,2026-04-05,ET750,2026-04-05 11:13:00,2026-04-05 11:34:00,21.0,2026-04-05 12:17:00,2026-04-05 13:03:00,B17 A,464.0,13.66,33.97,5.5,1.53,46.0
99,2026-04-05,FH8116,2026-04-05 06:35:00,2026-04-05 06:00:00,-35.0,2026-04-05 06:07:00,2026-04-05 06:09:00,B15 A,22.0,11.56,1.9,3.98,1.94,2.0
99,2026-04-05,LH1004,2026-04-05 08:50:00,2026-04-05 08:53:00,3.0,2026-04-05 09:06:00,2026-04-05 09:12:00,A43 ,29.0,9.81,2.96,3.65,2.29,6.0
99,2026-04-05,SN1122,2026-04-05 08:39:00,2026-04-05 09:08:00,29.0,2026-04-05 09:20:00,2026-04-05 09:21:00,B40 A,13.0,15.26,0.85,5.21,2.38,1.0
99,2026-04-05,SN1124,2026-04-05 07:10:00,2026-04-05 07:19:00,9.0,2026-04-05 07:32:00,2026-04-05 07:48:00,B30 A,138.0,14.94,9.24,4.51,1.97,16.0
99,2026-04-05,SN206,2026-04-05 06:25:00,2026-04-05 06:48:00,23.0,2026-04-05 07:07:00,2026-04-05 07:30:00,B38 A,154.0,11.86,12.99,4.22,2.77,23.0
99,2026-04-05,SN229,2026-04-05 10:04:00,2026-04-05 10:26:00,22.0,2026-04-05 10:41:00,2026-04-05 11:10:00,B31 A,120.0,12.44,9.64,5.19,2.07,29.0
99,2026-04-05,SN278,2026-04-05 08:43:00,2026-04-05 08:27:00,-16.0,2026-04-05 08:40:00,2026-04-05 09:10:00,B37 A,123.0,13.9,8.85,4.4,2.77,30.0
99,2026-04-05,SN2900,2026-04-05 10:44:00,2026-04-05 11:04:00,20.0,2026-04-05 11:13:00,2026-04-05 11:34:00,B32 A,49.0,16.89,2.9,5.04,1.92,21.0
99,2026-04-05,SN3326,2026-04-05 07:45:00,2026-04-05 08:05:00,20.0,2026-04-05 08:16:00,2026-04-05 08:36:00,B28 A,123.0,13.45,9.15,4.9,1.63,20.0
99,2026-04-05,SN358,2026-04-05 08:21:00,2026-04-05 08:24:00,3.0,2026-04-05 08:42:00,2026-04-05 09:09:00,B14 A,112.0,11.74,9.54,4.29,1.56,27.0
99,2026-04-05,SN379,2026-04-05 10:10:00,2026-04-05 11:03:00,53.0,2026-04-05 11:42:00,2026-04-05 12:19:00,B29 A,161.0,16.2,9.94,5.16,1.91,37.0
99,2026-04-05,SN3800,2026-04-05 06:15:00,2026-04-05 06:16:00,1.0,2026-04-05 06:28:00,2026-04-05 06:30:00,A65 ,27.0,10.04,2.69,5.02,1.66,2.0
99,2026-04-05,TB1552,2026-04-05 10:15:00,2026-04-05 10:31:00,16.0,2026-04-05 10:50:00,2026-04-05 10:59:00,A69 ,164.0,11.25,14.57,5.66,1.47,9.0
99,2026-04-05,TB2632,2026-04-05 09:29:00,2026-04-05 09:09:00,-20.0,2026-04-05 09:35:00,2026-04-05 09:44:00,B9  A,114.0,10.01,11.38,5.27,1.58,9.0
99,2026-04-05,TB2662,2026-04-05 09:15:00,2026-04-05 09:04:00,-11.0,2026-04-05 09:22:00,2026-04-05 09:30:00,B34 A,90.0,16.3,5.52,7.32,1.41,8.0
99,2026-04-05,TG934,2026-04-05 09:21:00,2026-04-05 09:16:00,-5.0,2026-04-05 09:38:00,2026-04-05 09:58:00,B38 A,249.0,14.9,16.72,6.09,1.92,20.0
99,2026-04-05,UA950,2026-04-05 10:20:00,2026-04-05 09:58:00,-22.0,2026-04-05 10:24:00,2026-04-05 10:51:00,B40 A,188.0,10.47,17.96,4.33,2.87,27.0
99,2026-04-05,UA994,2026-04-05 12:51:00,2026-04-05 12:35:00,-16.0,2026-04-05 12:54:00,2026-04-05 13:24:00,B38 A,109.0,12.34,8.83,4.87,2.4,30.0
99,2026-04-05,XR5402,2026-04-05 07:46:00,2026-04-05 08:56:00,70.0,2026-04-05 09:23:00,2026-04-05 09:26:00,B5  A,88.0,13.67,6.44,4.82,1.73,3.0
100,2026-04-05,AC832,2026-04-05 12:18:00,2026-04-05 11:38:00,-40.0,2026-04-05 11:54:00,2026-04-05 12:17:00,B30 A,100.0,12.6,7.93,4.98,1.79,23.0
100,2026-04-05,ET750,2026-04-05 09:11:00,2026-04-05 09:13:00,2.0,2026-04-05 09:42:00,2026-04-05 10:46:00,B40 A,421.0,16.14,26.09,5.98,2.08,64.0
100,2026-04-05,FH8116,2026-04-05 06:35:00,2026-04-05 06:00:00,-35.0,2026-04-05 06:07:00,2026-04-05 06:09:00,B15 A,22.0,13.07,1.68,5.15,1.5,2.0
100,2026-04-05,LH1004,2026-04-05 08:50:00,2026-04-05 08:53:00,3.0,2026-04-05 09:06:00,2026-04-05 09:12:00,A43 ,29.0,9.44,3.07,6.1,1.37,6.0
100,2026-04-05,SN1122,2026-04-05 08:39:00,2026-04-05 09:08:00,29.0,2026-04-05 09:20:00,2026-04-05 09:21:00,B40 A,13.0,9.56,1.36,4.64,2.67,1.0
100,2026-04-05,SN1124,2026-04-05 07:10:00,2026-04-05 07:19:00,9.0,2026-04-05 07:32:00,2026-04-05 07:48:00,B30 A,138.0,12.59,10.96,5.78,1.54,16.0
100,2026-04-05,SN206,2026-04-05 06:25:00,2026-04-05 06:48:00,23.0,2026-04-05 07:07:00,2026-04-05 07:30:00,B38 A,154.0,10.83,14.21,4.5,2.59,23.0
100,2026-04-05,SN229,2026-04-05 08:06:00,2026-04-05 09:20:00,74.0,2026-04-05 09:41:00,2026-04-05 10:22:00,B14 A,144.0,14.77,9.75,4.83,1.38,41.0
100,2026-04-05,SN278,2026-04-05 08:43:00,2026-04-05 08:27:00,-16.0,2026-04-05 08:40:00,2026-04-05 09:10:00,B37 A,123.0,14.45,8.51,6.39,1.9,30.0
100,2026-04-05,SN2900,2026-04-05 07:39:00,2026-04-05 07:25:00,-14.0,2026-04-05 07:38:00,2026-04-05 07:53:00,B38 A,55.0,13.05,4.21,4.03,2.9,15.0
100,2026-04-05,SN3326,2026-04-05 11:24:00,2026-04-05 11:41:00,17.0,2026-04-05 12:06:00,2026-04-05 12:12:00,B14 A,111.0,13.36,8.31,4.83,1.38,6.0
100,2026-04-05,SN358,2026-04-05 10:21:00,2026-04-05 11:13:00,52.0,2026-04-05 11:43:00,2026-04-05 12:03:00,B38 A,126.0,10.17,12.39,5.49,2.13,20.0
100,2026-04-05,SN379,2026-04-05 10:10:00,2026-04-05 11:03:00,53.0,2026-04-05 11:42:00,2026-04-05 12:19:00,B29 A,161.0,12.12,13.28,4.34,2.27,37.0
100,2026-04-05,SN3800,2026-04-05 06:15:00,2026-04-05 06:16:00,1.0,2026-04-05 06:28:00,2026-04-05 06:30:00,A65 ,27.0,11.53,2.34,5.01,1.66,2.0
100,2026-04-05,TB1552,2026-04-05 07:47:00,2026-04-05 07:43:00,-4.0,2026-04-05 07:55:00,2026-04-05 07:59:00,A68 ,66.0,10.77,6.13,4.07,2.05,4.0
100,2026-04-05,TB2632,2026-04-05 09:29:00,2026-04-05 09:09:00,-20.0,2026-04-05 09:35:00,2026-04-05 09:44:00,B9  A,114.0,12.82,8.89,5.03,1.66,9.0
100,2026-04-05,TB2662,2026-04-05 09:15:00,2026-04-05 09:04:00,-11.0,2026-04-05 09:22:00,2026-04-05 09:30:00,B34 A,90.0,14.5,6.21,4.67,2.21,8.0
100,2026-04-05,TG934,2026-04-05 12:22:00,2026-04-05 12:26:00,4.0,2026-04-05 12:46:00,2026-04-05 13:15:00,B34 A,260.0,15.82,16.43,4.43,2.33,29.0
100,2026-04-05,UA950,2026-04-05 12:20:00,2026-04-05 11:58:00,-22.0,2026-04-05 12:14:00,2026-04-05 12:42:00,B37 A,127.0,15.86,8.01,4.92,2.47,28.0
100,2026-04-05,UA994,2026-04-05 11:51:00,2026-04-05 11:37:00,-14.0,2026-04-05 11:55:00,2026-04-05 12:25:00,B40 A,157.0,12.07,13.01,5.31,2.34,30.0
100,2026-04-05,XR5402,2026-04-05 07:46:00,2026-04-05 08:56:00,70.0,2026-04-05 09:23:00,2026-04-05 09:26:00,B5  A,88.0,12.5,7.04,5.73,1.46,3.0
101,2026-04-05,AC832,2026-04-05 12:18:00,2026-04-05 11:38:00,-40.0,2026-04-05 11:54:00,2026-04-05 12:17:00,B30 A,100.0,13.17,7.6,5.22,1.71,23.0
101,2026-04-05,ET750,2026-04-05 11:13:00,2026-04-05 11:34:00,21.0,2026-04-05 12:17:00,2026-04-05 13:03:00,B17 A,464.0,12.18,38.1,3.58,2.35,46.0
101,2026-04-05,FH8116,2026-04-05 06:35:00,2026-04-05 06:00:00,-35.0,2026-04-05 06:07:00,2026-04-05 06:09:00,B15 A,22.0,13.08,1.68,5.8,1.33,2.0
101,2026-04-05,LH1004,2026-04-05 09:50:00,2026-04-05 09:53:00,3.0,2026-04-05 10:20:00,2026-04-05 10:27:00,A43 ,33.0,12.63,2.61,5.07,1.64,7.0
101,2026-04-05,SN1122,2026-04-05 08:39:00,2026-04-05 09:08:00,29.0,2026-04-05 09:20:00,2026-04-05 09:21:00,B40 A,13.0,16.1,0.81,4.92,2.52,1.0
101,2026-04-05,SN1124,2026-04-05 07:10:00,2026-04-05 07:19:00,9.0,2026-04-05 07:32:00,2026-04-05 07:48:00,B30 A,138.0,13.22,10.44,3.59,2.48,16.0
101,2026-04-05,SN206,2026-04-05 06:25:00,2026-04-05 06:48:00,23.0,2026-04-05 07:07:00,2026-04-05 07:30:00,B38 A,154.0,13.72,11.22,5.4,2.16,23.0
101,2026-04-05,SN229,2026-04-05 08:06:00,2026-04-05 09:20:00,74.0,2026-04-05 09:41:00,2026-04-05 10:22:00,B14 A,144.0,12.46,11.55,5.28,1.26,41.0
101,2026-04-05,SN278,2026-04-05 08:43:00,2026-04-05 08:27:00,-16.0,2026-04-05 08:40:00,2026-04-05 09:10:00,B37 A,123.0,13.85,8.88,4.76,2.55,30.0
101,2026-04-05,SN2900,2026-04-05 10:44:00,2026-04-05 11:04:00,20.0,2026-04-05 11:13:00,2026-04-05 11:34:00,B32 A,49.0,12.56,3.9,5.16,1.87,21.0
101,2026-04-05,SN3326,2026-04-05 11:24:00,2026-04-05 11:41:00,17.0,2026-04-05 12:06:00,2026-04-05 12:12:00,B14 A,111.0,12.36,8.98,5.1,1.31,6.0
101,2026-04-05,SN358,2026-04-05 08:21:00,2026-04-05 08:24:00,3.0,2026-04-05 08:42:00,2026-04-05 09:09:00,B14 A,112.0,12.96,8.64,6.56,1.02,27.0
101,2026-04-05,SN379,2026-04-05 10:10:00,2026-04-05 11:03:00,53.0,2026-04-05 11:42:00,2026-04-05 12:19:00,B29 A,161.0,12.53,12.84,5.6,1.75,37.0
101,2026-04-05,SN3800,2026-04-05 06:15:00,2026-04-05 06:16:00,1.0,2026-04-05 06:28:00,2026-04-05 06:30:00,A65 ,27.0,14.02,1.93,5.5,1.52,2.0
101,2026-04-05,TB1552,2026-04-05 08:29:00,2026-04-05 08:25:00,-4.0,2026-04-05 08:46:00,2026-04-05 08:54:00,A61 ,166.0,11.19,14.84,5.01,1.66,8.0
101,2026-04-05,TB2632,2026-04-05 09:29:00,2026-04-05 09:09:00,-20.0,2026-04-05 09:35:00,2026-04-05 09:44:00,B9  A,114.0,13.16,8.66,5.15,1.62,9.0
101,2026-04-05,TB2662,2026-04-05 09:15:00,2026-04-05 09:04:00,-11.0,2026-04-05 09:22:00,2026-04-05 09:30:00,B34 A,90.0,11.31,7.96,6.0,1.72,8.0
101,2026-04-05,TG934,2026-04-05 12:22:00,2026-04-05 12:26:00,4.0,2026-04-05 12:46:00,2026-04-05 13:15:00,B34 A,260.0,14.32,18.16,6.09,1.7,29.0
101,2026-04-05,UA950,2026-04-05 09:21:00,2026-04-05 08:45:00,-36.0,2026-04-05 09:03:00,2026-04-05 09:29:00,B5  A,163.0,12.99,12.55,4.32,1.93,26.0
101,2026-04-05,UA994,2026-04-05 11:51:00,2026-04-05 11:37:00,-14.0,2026-04-05 11:55:00,2026-04-05 12:25:00,B40 A,157.0,13.68,11.48,4.37,2.84,30.0
101,2026-04-05,XR5402,2026-04-05 07:46:00,2026-04-05 08:56:00,70.0,2026-04-05 09:23:00,2026-04-05 09:26:00,B5  A,88.0,14.23,6.19,4.85,1.72,3.0
102,2026-04-05,AC832,2026-04-05 12:18:00,2026-04-05 11:38:00,-40.0,2026-04-05 11:54:00,2026-04-05 12:17:00,B30 A,100.0,12.31,8.12,5.38,1.66,23.0
102,2026-04-05,ET750,2026-04-05 11:13:00,2026-04-05 11:34:00,21.0,2026-04-05 12:17:00,2026-04-05 13:03:00,B17 A,464.0,12.16,38.16,5.7,1.48,46.0
102,2026-04-05,FH8116,2026-04-05 06:35:00,2026-04-05 06:00:00,-35.0,2026-04-05 06:07:00,2026-04-05 06:09:00,B15 A,22.0,10.0,2.2,4.83,1.6,2.0
102,2026-04-05,LH1004,2026-04-05 08:50:00,2026-04-05 08:53:00,3.0,2026-04-05 09:06:00,2026-04-05 09:12:00,A43 ,29.0,12.18,2.38,4.95,1.68,6.0
102,2026-04-05,SN1122,2026-04-05 08:39:00,2026-04-05 09:08:00,29.0,2026-04-05 09:20:00,2026-04-05 09:21:00,B40 A,13.0,13.7,0.95,4.66,2.67,1.0
102,2026-04-05,SN1124,2026-04-05 07:10:00,2026-04-05 07:19:00,9.0,2026-04-05 07:32:00,2026-04-05 07:48:00,B30 A,138.0,15.5,8.9,6.62,1.35,16.0
102,2026-04-05,SN206,2026-04-05 06:25:00,2026-04-05 06:48:00,23.0,2026-04-05 07:07:00,2026-04-05 07:30:00,B38 A,154.0,15.55,9.91,4.4,2.65,23.0
102,2026-04-05,SN229,2026-04-05 12:06:00,2026-04-05 12:12:00,6.0,2026-04-05 12:39:00,2026-04-05 13:03:00,B28 A,20.0,11.05,1.81,4.81,1.66,24.0
102,2026-04-05,SN278,2026-04-05 10:45:00,2026-04-05 10:42:00,-3.0,2026-04-05 11:04:00,2026-04-05 11:16:00,B28 A,198.0,15.68,12.63,4.16,1.92,12.0
102,2026-04-05,SN2900,2026-04-05 08:46:00,2026-04-05 08:33:00,-13.0,2026-04-05 08:58:00,2026-04-05 09:02:00,B14 A,79.0,11.77,6.71,5.56,1.2,4.0
102,2026-04-05,SN3326,2026-04-05 11:24:00,2026-04-05 11:41:00,17.0,2026-04-05 12:06:00,2026-04-05 12:12:00,B14 A,111.0,14.87,7.46,4.4,1.52,6.0
102,2026-04-05,SN358,2026-04-05 12:21:00,2026-04-05 12:23:00,2.0,2026-04-05 12:43:00,2026-04-05 13:14:00,B28 A,176.0,9.64,18.26,7.02,1.14,31.0
102,2026-04-05,SN379,2026-04-05 08:11:00,2026-04-05 08:40:00,29.0,2026-04-05 08:59:00,2026-04-05 09:27:00,B28 A,76.0,13.24,5.74,6.16,1.3,28.0
102,2026-04-05,SN3800,2026-04-05 06:15:00,2026-04-05 06:16:00,1.0,2026-04-05 06:28:00,2026-04-05 06:30:00,A65 ,27.0,15.45,1.75,5.72,1.46,2.0
102,2026-04-05,TB1552,2026-04-05 10:15:00,2026-04-05 10:31:00,16.0,2026-04-05 10:50:00,2026-04-05 10:59:00,A69 ,164.0,11.54,14.22,4.83,1.73,9.0
102,2026-04-05,TB2632,2026-04-05 09:29:00,2026-04-05 09:09:00,-20.0,2026-04-05 09:35:00,2026-04-05 09:44:00,B9  A,114.0,11.42,9.98,3.37,2.47,9.0
102,2026-04-05,TB2662,2026-04-05 09:15:00,2026-04-05 09:04:00,-11.0,2026-04-05 09:22:00,2026-04-05 09:30:00,B34 A,90.0,11.81,7.62,4.95,2.09,8.0
102,2026-04-05,TG934,2026-04-05 09:21:00,2026-04-05 09:16:00,-5.0,2026-04-05 09:38:00,2026-04-05 09:58:00,B38 A,249.0,14.77,16.85,5.58,2.09,20.0
102,2026-04-05,UA950,2026-04-05 10:20:00,2026-04-05 09:58:00,-22.0,2026-04-05 10:24:00,2026-04-05 10:51:00,B40 A,188.0,12.19,15.42,4.61,2.69,27.0
102,2026-04-05,UA994,2026-04-05 11:51:00,2026-04-05 11:37:00,-14.0,2026-04-05 11:55:00,2026-04-05 12:25:00,B40 A,157.0,12.55,12.51,4.79,2.59,30.0
102,2026-04-05,XR5402,2026-04-05 07:46:00,2026-04-05 08:56:00,70.0,2026-04-05 09:23:00,2026-04-05 09:26:00,B5  A,88.0,10.68,8.24,4.71,1.77,3.0
103,2026-04-05,AC832,2026-04-05 09:18:00,2026-04-05 08:45:00,-33.0,2026-04-05 09:06:00,2026-04-05 09:59:00,B28 A,110.0,9.73,11.31,4.32,1.85,53.0
103,2026-04-05,ET750,2026-04-05 11:13:00,2026-04-05 11:34:00,21.0,2026-04-05 12:17:00,2026-04-05 13:03:00,B17 A,464.0,14.7,31.56,5.21,1.62,46.0
103,2026-04-05,FH8116,2026-04-05 06:35:00,2026-04-05 06:00:00,-35.0,2026-04-05 06:07:00,2026-04-05 06:09:00,B15 A,22.0,11.62,1.89,5.44,1.42,2.0
103,2026-04-05,LH1004,2026-04-05 09:50:00,2026-04-05 09:53:00,3.0,2026-04-05 10:20:00,2026-04-05 10:27:00,A43 ,33.0,14.15,2.33,5.05,1.65,7.0
103,2026-04-05,SN1122,2026-04-05 08:39:00,2026-04-05 09:08:00,29.0,2026-04-05 09:20:00,2026-04-05 09:21:00,B40 A,13.0,11.64,1.12,4.04,3.07,1.0
103,2026-04-05,SN1124,2026-04-05 07:10:00,2026-04-05 07:19:00,9.0,2026-04-05 07:32:00,2026-04-05 07:48:00,B30 A,138.0,14.0,9.85,4.71,1.89,16.0
103,2026-04-05,SN206,2026-04-05 06:25:00,2026-04-05 06:48:00,23.0,2026-04-05 07:07:00,2026-04-05 07:30:00,B38 A,154.0,13.16,11.7,5.59,2.09,23.0
103,2026-04-05,SN229,2026-04-05 10:04:00,2026-04-05 10:26:00,22.0,2026-04-05 10:41:00,2026-04-05 11:10:00,B31 A,120.0,12.4,9.68,5.36,2.0,29.0
103,2026-04-05,SN278,2026-04-05 12:46:00,2026-04-05 12:41:00,-5.0,2026-04-05 13:04:00,2026-04-05 13:33:00,B31 A,62.0,10.23,6.06,4.71,2.28,29.0
103,2026-04-05,SN2900,2026-04-05 08:46:00,2026-04-05 08:33:00,-13.0,2026-04-05 08:58:00,2026-04-05 09:02:00,B14 A,79.0,15.04,5.25,5.27,1.27,4.0
103,2026-04-05,SN3326,2026-04-05 11:24:00,2026-04-05 11:41:00,17.0,2026-04-05 12:06:00,2026-04-05 12:12:00,B14 A,111.0,12.05,9.21,4.67,1.43,6.0
103,2026-04-05,SN358,2026-04-05 08:21:00,2026-04-05 08:24:00,3.0,2026-04-05 08:42:00,2026-04-05 09:09:00,B14 A,112.0,10.54,10.63,5.56,1.2,27.0
103,2026-04-05,SN379,2026-04-05 10:10:00,2026-04-05 11:03:00,53.0,2026-04-05 11:42:00,2026-04-05 12:19:00,B29 A,161.0,12.06,13.35,6.15,1.6,37.0
103,2026-04-05,SN3800,2026-04-05 06:15:00,2026-04-05 06:16:00,1.0,2026-04-05 06:28:00,2026-04-05 06:30:00,A65 ,27.0,11.6,2.33,5.92,1.41,2.0
103,2026-04-05,TB1552,2026-04-05 07:15:00,2026-04-05 07:08:00,-7.0,2026-04-05 07:38:00,2026-04-05 07:45:00,A61 ,152.0,14.88,10.22,4.8,1.73,7.0
103,2026-04-05,TB2632,2026-04-05 09:29:00,2026-04-05 09:09:00,-20.0,2026-04-05 09:35:00,2026-04-05 09:44:00,B9  A,114.0,12.84,8.88,5.02,1.66,9.0
103,2026-04-05,TB2662,2026-04-05 09:15:00,2026-04-05 09:04:00,-11.0,2026-04-05 09:22:00,2026-04-05 09:30:00,B34 A,90.0,11.55,7.79,4.18,2.47,8.0
103,2026-04-05,TG934,2026-04-05 09:21:00,2026-04-05 09:16:00,-5.0,2026-04-05 09:38:00,2026-04-05 09:58:00,B38 A,249.0,13.87,17.96,5.28,2.21,20.0
103,2026-04-05,UA950,2026-04-05 09:21:00,2026-04-05 08:45:00,-36.0,2026-04-05 09:03:00,2026-04-05 09:29:00,B5  A,163.0,11.93,13.66,5.58,1.49,26.0
103,2026-04-05,UA994,2026-04-05 08:51:00,2026-04-05 08:32:00,-19.0,2026-04-05 08:52:00,2026-04-05 09:25:00,B40 A,171.0,14.89,11.49,5.54,2.24,33.0
103,2026-04-05,XR5402,2026-04-05 07:46:00,2026-04-05 08:56:00,70.0,2026-04-05 09:23:00,2026-04-05 09:26:00,B5  A,88.0,11.46,7.68,4.98,1.67,3.0
104,2026-04-05,AC832,2026-04-05 08:17:00,2026-04-05 07:46:00,-31.0,2026-04-05 08:02:00,2026-04-05 08:29:00,B30 A,122.0,9.5,12.84,4.54,1.97,27.0
104,2026-04-05,ET750,2026-04-05 11:13:00,2026-04-05 11:34:00,21.0,2026-04-05 12:17:00,2026-04-05 13:03:00,B17 A,464.0,11.52,40.28,5.15,1.63,46.0
104,2026-04-05,FH8116,2026-04-05 06:35:00,2026-04-05 06:00:00,-35.0,2026-04-05 06:07:00,2026-04-05 06:09:00,B15 A,22.0,10.13,2.17,5.32,1.45,2.0
104,2026-04-05,LH1004,2026-04-05 11:51:00,2026-04-05 11:47:00,-4.0,2026-04-05 12:07:00,2026-04-05 12:12:00,A43 ,23.0,14.42,1.6,4.87,1.71,5.0
104,2026-04-05,SN1122,2026-04-05 08:39:00,2026-04-05 09:08:00,29.0,2026-04-05 09:20:00,2026-04-05 09:21:00,B40 A,13.0,13.18,0.99,5.0,2.48,1.0
104,2026-04-05,SN1124,2026-04-05 07:10:00,2026-04-05 07:19:00,9.0,2026-04-05 07:32:00,2026-04-05 07:48:00,B30 A,138.0,12.78,10.8,5.66,1.58,16.0
104,2026-04-05,SN206,2026-04-05 06:25:00,2026-04-05 06:48:00,23.0,2026-04-05 07:07:00,2026-04-05 07:30:00,B38 A,154.0,10.09,15.26,4.57,2.55,23.0
104,2026-04-05,SN229,2026-04-05 08:06:00,2026-04-05 09:20:00,74.0,2026-04-05 09:41:00,2026-04-05 10:22:00,B14 A,144.0,10.54,13.66,5.84,1.14,41.0
104,2026-04-05,SN278,2026-04-05 12:46:00,2026-04-05 12:41:00,-5.0,2026-04-05 13:04:00,2026-04-05 13:33:00,B31 A,62.0,10.4,5.96,4.33,2.48,29.0
104,2026-04-05,SN2900,2026-04-05 10:44:00,2026-04-05 11:04:00,20.0,2026-04-05 11:13:00,2026-04-05 11:34:00,B32 A,49.0,11.28,4.35,5.84,1.66,21.0
104,2026-04-05,SN3326,2026-04-05 11:24:00,2026-04-05 11:41:00,17.0,2026-04-05 12:06:00,2026-04-05 12:12:00,B14 A,111.0,13.04,8.51,5.25,1.27,6.0
104,2026-04-05,SN358,2026-04-05 08:21:00,2026-04-05 08:24:00,3.0,2026-04-05 08:42:00,2026-04-05 09:09:00,B14 A,112.0,13.06,8.58,5.42,1.23,27.0
104,2026-04-05,SN379,2026-04-05 08:11:00,2026-04-05 08:40:00,29.0,2026-04-05 08:59:00,2026-04-05 09:27:00,B28 A,76.0,10.68,7.12,6.85,1.17,28.0
104,2026-04-05,SN3800,2026-04-05 06:15:00,2026-04-05 06:16:00,1.0,2026-04-05 06:28:00,2026-04-05 06:30:00,A65 ,27.0,13.96,1.93,5.41,1.54,2.0
104,2026-04-05,TB1552,2026-04-05 08:29:00,2026-04-05 08:25:00,-4.0,2026-04-05 08:46:00,2026-04-05 08:54:00,A61 ,166.0,13.12,12.66,4.07,2.05,8.0
104,2026-04-05,TB2632,2026-04-05 09:29:00,2026-04-05 09:09:00,-20.0,2026-04-05 09:35:00,2026-04-05 09:44:00,B9  A,114.0,11.26,10.12,4.64,1.8,9.0
104,2026-04-05,TB2662,2026-04-05 09:15:00,2026-04-05 09:04:00,-11.0,2026-04-05 09:22:00,2026-04-05 09:30:00,B34 A,90.0,15.21,5.92,3.8,2.72,8.0
104,2026-04-05,TG934,2026-04-05 09:21:00,2026-04-05 09:16:00,-5.0,2026-04-05 09:38:00,2026-04-05 09:58:00,B38 A,249.0,14.84,16.77,5.42,2.15,20.0
104,2026-04-05,UA950,2026-04-05 09:21:00,2026-04-05 08:45:00,-36.0,2026-04-05 09:03:00,2026-04-05 09:29:00,B5  A,163.0,10.17,16.04,5.58,1.49,26.0
104,2026-04-05,UA994,2026-04-05 08:51:00,2026-04-05 08:32:00,-19.0,2026-04-05 08:52:00,2026-04-05 09:25:00,B40 A,171.0,11.21,15.26,5.72,2.17,33.0
104,2026-04-05,XR5402,2026-04-05 07:46:00,2026-04-05 08:56:00,70.0,2026-04-05 09:23:00,2026-04-05 09:26:00,B5  A,88.0,12.81,6.87,6.35,1.31,3.0
105,2026-04-05,AC832,2026-04-05 12:18:00,2026-04-05 11:38:00,-40.0,2026-04-05 11:54:00,2026-04-05 12:17:00,B30 A,100.0,14.17,7.06,4.45,2.0,23.0
105,2026-04-05,ET750,2026-04-05 11:13:00,2026-04-05 11:34:00,21.0,2026-04-05 12:17:00,2026-04-05 13:03:00,B17 A,464.0,13.26,34.99,6.27,1.34,46.0
105,2026-04-05,FH8116,2026-04-05 06:35:00,2026-04-05 06:00:00,-35.0,2026-04-05 06:07:00,2026-04-05 06:09:00,B15 A,22.0,15.22,1.45,5.49,1.41,2.0
105,2026-04-05,LH1004,2026-04-05 09:50:00,2026-04-05 09:53:00,3.0,2026-04-05 10:20:00,2026-04-05 10:27:00,A43 ,33.0,13.18,2.5,5.29,1.58,7.0
105,2026-04-05,SN1122,2026-04-05 08:39:00,2026-04-05 09:08:00,29.0,2026-04-05 09:20:00,2026-04-05 09:21:00,B40 A,13.0,11.56,1.12,6.27,1.98,1.0
105,2026-04-05,SN1124,2026-04-05 07:10:00,2026-04-05 07:19:00,9.0,2026-04-05 07:32:00,2026-04-05 07:48:00,B30 A,138.0,12.79,10.79,5.57,1.6,16.0
105,2026-04-05,SN206,2026-04-05 06:25:00,2026-04-05 06:48:00,23.0,2026-04-05 07:07:00,2026-04-05 07:30:00,B38 A,154.0,9.54,16.15,5.44,2.14,23.0
105,2026-04-05,SN229,2026-04-05 12:06:00,2026-04-05 12:12:00,6.0,2026-04-05 12:39:00,2026-04-05 13:03:00,B28 A,20.0,10.66,1.88,4.82,1.66,24.0
105,2026-04-05,SN278,2026-04-05 10:45:00,2026-04-05 10:42:00,-3.0,2026-04-05 11:04:00,2026-04-05 11:16:00,B28 A,198.0,10.53,18.81,6.69,1.2,12.0
105,2026-04-05,SN2900,2026-04-05 08:46:00,2026-04-05 08:33:00,-13.0,2026-04-05 08:58:00,2026-04-05 09:02:00,B14 A,79.0,13.1,6.03,5.23,1.27,4.0
105,2026-04-05,SN3326,2026-04-05 11:24:00,2026-04-05 11:41:00,17.0,2026-04-05 12:06:00,2026-04-05 12:12:00,B14 A,111.0,14.49,7.66,5.81,1.15,6.0
105,2026-04-05,SN358,2026-04-05 08:21:00,2026-04-05 08:24:00,3.0,2026-04-05 08:42:00,2026-04-05 09:09:00,B14 A,112.0,10.93,10.25,4.39,1.52,27.0
105,2026-04-05,SN379,2026-04-05 08:11:00,2026-04-05 08:40:00,29.0,2026-04-05 08:59:00,2026-04-05 09:27:00,B28 A,76.0,9.74,7.8,4.58,1.75,28.0
105,2026-04-05,SN3800,2026-04-05 06:15:00,2026-04-05 06:16:00,1.0,2026-04-05 06:28:00,2026-04-05 06:30:00,A65 ,27.0,13.46,2.01,5.76,1.45,2.0
105,2026-04-05,TB1552,2026-04-05 10:15:00,2026-04-05 10:31:00,16.0,2026-04-05 10:50:00,2026-04-05 10:59:00,A69 ,164.0,14.41,11.38,3.59,2.32,9.0
105,2026-04-05,TB2632,2026-04-05 09:29:00,2026-04-05 09:09:00,-20.0,2026-04-05 09:35:00,2026-04-05 09:44:00,B9  A,114.0,15.79,7.22,6.49,1.28,9.0
105,2026-04-05,TB2662,2026-04-05 09:15:00,2026-04-05 09:04:00,-11.0,2026-04-05 09:22:00,2026-04-05 09:30:00,B34 A,90.0,10.58,8.51,5.27,1.96,8.0
105,2026-04-05,TG934,2026-04-05 09:21:00,2026-04-05 09:16:00,-5.0,2026-04-05 09:38:00,2026-04-05 09:58:00,B38 A,249.0,15.95,15.61,5.25,2.22,20.0
105,2026-04-05,UA950,2026-04-05 08:20:00,2026-04-05 08:20:00,0.0,2026-04-05 08:36:00,2026-04-05 09:25:00,B38 A,176.0,13.38,13.15,4.49,2.6,49.0
105,2026-04-05,UA994,2026-04-05 09:51:00,2026-04-05 11:28:00,97.0,2026-04-05 11:44:00,2026-04-05 12:09:00,B40 A,135.0,10.23,13.2,4.93,2.52,25.0
105,2026-04-05,XR5402,2026-04-05 07:46:00,2026-04-05 08:56:00,70.0,2026-04-05 09:23:00,2026-04-05 09:26:00,B5  A,88.0,14.76,5.96,5.92,1.41,3.0
106,2026-04-05,AC832,2026-04-05 11:16:00,2026-04-05 10:39:00,-37.0,2026-04-05 10:54:00,2026-04-05 11:24:00,B5  A,101.0,13.97,7.23,4.2,1.98,30.0
106,2026-04-05,ET750,2026-04-05 11:13:00,2026-04-05 11:34:00,21.0,2026-04-05 12:17:00,2026-04-05 13:03:00,B17 A,464.0,13.72,33.82,4.83,1.74,46.0
106,2026-04-05,FH8116,2026-04-05 06:35:00,2026-04-05 06:00:00,-35.0,2026-04-05 06:07:00,2026-04-05 06:09:00,B15 A,22.0,13.06,1.68,5.56,1.39,2.0
106,2026-04-05,LH1004,2026-04-05 11:51:00,2026-04-05 11:47:00,-4.0,2026-04-05 12:07:00,2026-04-05 12:12:00,A43 ,23.0,10.95,2.1,5.53,1.51,5.0
106,2026-04-05,SN1122,2026-04-05 08:39:00,2026-04-05 09:08:00,29.0,2026-04-05 09:20:00,2026-04-05 09:21:00,B40 A,13.0,11.94,1.09,5.53,2.25,1.0
106,2026-04-05,SN1124,2026-04-05 07:10:00,2026-04-05 07:19:00,9.0,2026-04-05 07:32:00,2026-04-05 07:48:00,B30 A,138.0,14.6,9.45,4.24,2.1,16.0
106,2026-04-05,SN206,2026-04-05 06:25:00,2026-04-05 06:48:00,23.0,2026-04-05 07:07:00,2026-04-05 07:30:00,B38 A,154.0,10.54,14.61,4.59,2.54,23.0
106,2026-04-05,SN229,2026-04-05 08:06:00,2026-04-05 09:20:00,74.0,2026-04-05 09:41:00,2026-04-05 10:22:00,B14 A,144.0,12.14,11.86,4.58,1.46,41.0
106,2026-04-05,SN278,2026-04-05 12:46:00,2026-04-05 12:41:00,-5.0,2026-04-05 13:04:00,2026-04-05 13:33:00,B31 A,62.0,11.0,5.64,5.17,2.08,29.0
106,2026-04-05,SN2900,2026-04-05 08:46:00,2026-04-05 08:33:00,-13.0,2026-04-05 08:58:00,2026-04-05 09:02:00,B14 A,79.0,8.78,8.99,4.24,1.57,4.0
106,2026-04-05,SN3326,2026-04-05 11:24:00,2026-04-05 11:41:00,17.0,2026-04-05 12:06:00,2026-04-05 12:12:00,B14 A,111.0,11.2,9.91,4.52,1.47,6.0
106,2026-04-05,SN358,2026-04-05 10:21:00,2026-04-05 11:13:00,52.0,2026-04-05 11:43:00,2026-04-05 12:03:00,B38 A,126.0,11.78,10.69,5.89,1.98,20.0
106,2026-04-05,SN379,2026-04-05 08:11:00,2026-04-05 08:40:00,29.0,2026-04-05 08:59:00,2026-04-05 09:27:00,B28 A,76.0,12.51,6.08,4.95,1.61,28.0
106,2026-04-05,SN3800,2026-04-05 06:15:00,2026-04-05 06:16:00,1.0,2026-04-05 06:28:00,2026-04-05 06:30:00,A65 ,27.0,11.29,2.39,5.57,1.5,2.0
106,2026-04-05,TB1552,2026-04-05 07:15:00,2026-04-05 07:08:00,-7.0,2026-04-05 07:38:00,2026-04-05 07:45:00,A61 ,152.0,11.48,13.24,4.41,1.89,7.0
106,2026-04-05,TB2632,2026-04-05 09:29:00,2026-04-05 09:09:00,-20.0,2026-04-05 09:35:00,2026-04-05 09:44:00,B9  A,114.0,12.51,9.11,5.55,1.5,9.0
106,2026-04-05,TB2662,2026-04-05 09:15:00,2026-04-05 09:04:00,-11.0,2026-04-05 09:22:00,2026-04-05 09:30:00,B34 A,90.0,15.68,5.74,5.32,1.94,8.0
106,2026-04-05,TG934,2026-04-05 09:21:00,2026-04-05 09:16:00,-5.0,2026-04-05 09:38:00,2026-04-05 09:58:00,B38 A,249.0,14.76,16.87,4.44,2.63,20.0
106,2026-04-05,UA950,2026-04-05 10:20:00,2026-04-05 09:58:00,-22.0,2026-04-05 10:24:00,2026-04-05 10:51:00,B40 A,188.0,13.8,13.63,4.59,2.71,27.0
106,2026-04-05,UA994,2026-04-05 11:51:00,2026-04-05 11:37:00,-14.0,2026-04-05 11:55:00,2026-04-05 12:25:00,B40 A,157.0,12.73,12.33,5.02,2.47,30.0
106,2026-04-05,XR5402,2026-04-05 07:46:00,2026-04-05 08:56:00,70.0,2026-04-05 09:23:00,2026-04-05 09:26:00,B5  A,88.0,12.25,7.18,5.19,1.6,3.0
107,2026-04-05,AC832,2026-04-05 12:18:00,2026-04-05 11:38:00,-40.0,2026-04-05 11:54:00,2026-04-05 12:17:00,B30 A,100.0,11.54,8.67,4.05,2.2,23.0
107,2026-04-05,ET750,2026-04-05 11:13:00,2026-04-05 11:34:00,21.0,2026-04-05 12:17:00,2026-04-05 13:03:00,B17 A,464.0,12.32,37.67,3.87,2.17,46.0
107,2026-04-05,FH8116,2026-04-05 12:44:00,2026-04-05 12:48:00,4.0,2026-04-05 13:06:00,2026-04-05 13:13:00,B38 A,140.0,10.48,13.36,5.92,1.97,7.0
107,2026-04-05,LH1004,2026-04-05 12:50:00,2026-04-05 12:50:00,0.0,2026-04-05 13:03:00,2026-04-05 13:30:00,A43 ,40.0,16.2,2.47,4.15,2.01,27.0
107,2026-04-05,SN1122,2026-04-05 08:39:00,2026-04-05 09:08:00,29.0,2026-04-05 09:20:00,2026-04-05 09:21:00,B40 A,13.0,10.08,1.29,4.62,2.69,1.0
107,2026-04-05,SN1124,2026-04-05 07:10:00,2026-04-05 07:19:00,9.0,2026-04-05 07:32:00,2026-04-05 07:48:00,B30 A,138.0,13.07,10.56,4.03,2.22,16.0
107,2026-04-05,SN206,2026-04-05 06:25:00,2026-04-05 06:48:00,23.0,2026-04-05 07:07:00,2026-04-05 07:30:00,B38 A,154.0,13.84,11.13,5.35,2.18,23.0
107,2026-04-05,SN229,2026-04-05 12:06:00,2026-04-05 12:12:00,6.0,2026-04-05 12:39:00,2026-04-05 13:03:00,B28 A,20.0,12.46,1.61,4.85,1.65,24.0
107,2026-04-05,SN278,2026-04-05 10:45:00,2026-04-05 10:42:00,-3.0,2026-04-05 11:04:00,2026-04-05 11:16:00,B28 A,198.0,11.95,16.57,3.9,2.05,12.0
107,2026-04-05,SN2900,2026-04-05 08:46:00,2026-04-05 08:33:00,-13.0,2026-04-05 08:58:00,2026-04-05 09:02:00,B14 A,79.0,11.88,6.65,4.01,1.66,4.0
107,2026-04-05,SN3326,2026-04-05 11:24:00,2026-04-05 11:41:00,17.0,2026-04-05 12:06:00,2026-04-05 12:12:00,B14 A,111.0,13.32,8.33,6.16,1.08,6.0
107,2026-04-05,SN358,2026-04-05 12:21:00,2026-04-05 12:23:00,2.0,2026-04-05 12:43:00,2026-04-05 13:14:00,B28 A,176.0,13.57,12.97,7.1,1.13,31.0
107,2026-04-05,SN379,2026-04-05 10:10:00,2026-04-05 11:03:00,53.0,2026-04-05 11:42:00,2026-04-05 12:19:00,B29 A,161.0,13.78,11.69,4.99,1.97,37.0
107,2026-04-05,SN3800,2026-04-05 06:15:00,2026-04-05 06:16:00,1.0,2026-04-05 06:28:00,2026-04-05 06:30:00,A65 ,27.0,12.23,2.21,4.15,2.01,2.0
107,2026-04-05,TB1552,2026-04-05 07:15:00,2026-04-05 07:08:00,-7.0,2026-04-05 07:38:00,2026-04-05 07:45:00,A61 ,152.0,11.83,12.85,5.64,1.48,7.0
107,2026-04-05,TB2632,2026-04-05 09:29:00,2026-04-05 09:09:00,-20.0,2026-04-05 09:35:00,2026-04-05 09:44:00,B9  A,114.0,10.66,10.7,5.74,1.45,9.0
107,2026-04-05,TB2662,2026-04-05 09:15:00,2026-04-05 09:04:00,-11.0,2026-04-05 09:22:00,2026-04-05 09:30:00,B34 A,90.0,12.76,7.05,6.56,1.57,8.0
107,2026-04-05,TG934,2026-04-05 09:21:00,2026-04-05 09:16:00,-5.0,2026-04-05 09:38:00,2026-04-05 09:58:00,B38 A,249.0,15.65,15.91,4.42,2.64,20.0
107,2026-04-05,UA950,2026-04-05 10:20:00,2026-04-05 09:58:00,-22.0,2026-04-05 10:24:00,2026-04-05 10:51:00,B40 A,188.0,11.95,15.73,3.62,3.43,27.0
107,2026-04-05,UA994,2026-04-05 11:51:00,2026-04-05 11:37:00,-14.0,2026-04-05 11:55:00,2026-04-05 12:25:00,B40 A,157.0,14.18,11.07,6.0,2.07,30.0
107,2026-04-05,XR5402,2026-04-05 07:46:00,2026-04-05 08:56:00,70.0,2026-04-05 09:23:00,2026-04-05 09:26:00,B5  A,88.0,12.89,6.83,5.71,1.46,3.0
108,2026-04-05,AC832,2026-04-05 12:18:00,2026-04-05 11:38:00,-40.0,2026-04-05 11:54:00,2026-04-05 12:17:00,B30 A,100.0,12.67,7.89,4.95,1.8,23.0
108,2026-04-05,ET750,2026-04-05 11:13:00,2026-04-05 11:34:00,21.0,2026-04-05 12:17:00,2026-04-05 13:03:00,B17 A,464.0,11.77,39.41,5.09,1.65,46.0
108,2026-04-05,FH8116,2026-04-05 06:35:00,2026-04-05 06:00:00,-35.0,2026-04-05 06:07:00,2026-04-05 06:09:00,B15 A,22.0,14.85,1.48,5.09,1.52,2.0
108,2026-04-05,LH1004,2026-04-05 08:50:00,2026-04-05 08:53:00,3.0,2026-04-05 09:06:00,2026-04-05 09:12:00,A43 ,29.0,12.75,2.27,4.97,1.68,6.0
108,2026-04-05,SN1122,2026-04-05 08:39:00,2026-04-05 09:08:00,29.0,2026-04-05 09:20:00,2026-04-05 09:21:00,B40 A,13.0,11.1,1.17,4.96,2.5,1.0
108,2026-04-05,SN1124,2026-04-05 07:10:00,2026-04-05 07:19:00,9.0,2026-04-05 07:32:00,2026-04-05 07:48:00,B30 A,138.0,15.14,9.11,4.62,1.93,16.0
108,2026-04-05,SN206,2026-04-05 06:25:00,2026-04-05 06:48:00,23.0,2026-04-05 07:07:00,2026-04-05 07:30:00,B38 A,154.0,9.95,15.48,5.26,2.22,23.0
108,2026-04-05,SN229,2026-04-05 08:06:00,2026-04-05 09:20:00,74.0,2026-04-05 09:41:00,2026-04-05 10:22:00,B14 A,144.0,16.54,8.71,5.14,1.3,41.0
108,2026-04-05,SN278,2026-04-05 10:45:00,2026-04-05 10:42:00,-3.0,2026-04-05 11:04:00,2026-04-05 11:16:00,B28 A,198.0,14.53,13.63,4.66,1.72,12.0
108,2026-04-05,SN2900,2026-04-05 08:46:00,2026-04-05 08:33:00,-13.0,2026-04-05 08:58:00,2026-04-05 09:02:00,B14 A,79.0,9.62,8.22,5.62,1.19,4.0
108,2026-04-05,SN3326,2026-04-05 11:24:00,2026-04-05 11:41:00,17.0,2026-04-05 12:06:00,2026-04-05 12:12:00,B14 A,111.0,12.26,9.05,5.02,1.33,6.0
108,2026-04-05,SN358,2026-04-05 08:21:00,2026-04-05 08:24:00,3.0,2026-04-05 08:42:00,2026-04-05 09:09:00,B14 A,112.0,14.36,7.8,3.59,1.86,27.0
108,2026-04-05,SN379,2026-04-05 10:10:00,2026-04-05 11:03:00,53.0,2026-04-05 11:42:00,2026-04-05 12:19:00,B29 A,161.0,12.67,12.71,4.82,2.04,37.0
108,2026-04-05,SN3800,2026-04-05 06:15:00,2026-04-05 06:16:00,1.0,2026-04-05 06:28:00,2026-04-05 06:30:00,A65 ,27.0,13.86,1.95,5.4,1.54,2.0
108,2026-04-05,TB1552,2026-04-05 08:29:00,2026-04-05 08:25:00,-4.0,2026-04-05 08:46:00,2026-04-05 08:54:00,A61 ,166.0,10.3,16.12,4.82,1.73,8.0
108,2026-04-05,TB2632,2026-04-05 09:29:00,2026-04-05 09:09:00,-20.0,2026-04-05 09:35:00,2026-04-05 09:44:00,B9  A,114.0,11.58,9.85,5.62,1.48,9.0
108,2026-04-05,TB2662,2026-04-05 09:15:00,2026-04-05 09:04:00,-11.0,2026-04-05 09:22:00,2026-04-05 09:30:00,B34 A,90.0,13.04,6.9,4.5,2.29,8.0
108,2026-04-05,TG934,2026-04-05 09:21:00,2026-04-05 09:16:00,-5.0,2026-04-05 09:38:00,2026-04-05 09:58:00,B38 A,249.0,15.22,16.36,5.4,2.16,20.0
108,2026-04-05,UA950,2026-04-05 09:21:00,2026-04-05 08:45:00,-36.0,2026-04-05 09:03:00,2026-04-05 09:29:00,B5  A,163.0,11.7,13.94,4.19,1.99,26.0
108,2026-04-05,UA994,2026-04-05 11:51:00,2026-04-05 11:37:00,-14.0,2026-04-05 11:55:00,2026-04-05 12:25:00,B40 A,157.0,10.68,14.7,4.63,2.68,30.0
108,2026-04-05,XR5402,2026-04-05 07:46:00,2026-04-05 08:56:00,70.0,2026-04-05 09:23:00,2026-04-05 09:26:00,B5  A,88.0,13.66,6.44,5.54,1.5,3.0
109,2026-04-05,AC832,2026-04-05 09:18:00,2026-04-05 08:45:00,-33.0,2026-04-05 09:06:00,2026-04-05 09:59:00,B28 A,110.0,10.98,10.02,4.29,1.87,53.0
109,2026-04-05,ET750,2026-04-05 11:13:00,2026-04-05 11:34:00,21.0,2026-04-05 12:17:00,2026-04-05 13:03:00,B17 A,464.0,13.89,33.4,4.53,1.86,46.0
109,2026-04-05,FH8116,2026-04-05 12:44:00,2026-04-05 12:48:00,4.0,2026-04-05 13:06:00,2026-04-05 13:13:00,B38 A,140.0,11.54,12.13,4.24,2.75,7.0
109,2026-04-05,LH1004,2026-04-05 08:50:00,2026-04-05 08:53:00,3.0,2026-04-05 09:06:00,2026-04-05 09:12:00,A43 ,29.0,12.86,2.26,5.39,1.55,6.0
109,2026-04-05,SN1122,2026-04-05 08:39:00,2026-04-05 09:08:00,29.0,2026-04-05 09:20:00,2026-04-05 09:21:00,B40 A,13.0,10.07,1.29,4.31,2.88,1.0
109,2026-04-05,SN1124,2026-04-05 07:10:00,2026-04-05 07:19:00,9.0,2026-04-05 07:32:00,2026-04-05 07:48:00,B30 A,138.0,13.09,10.54,5.48,1.63,16.0
109,2026-04-05,SN206,2026-04-05 06:25:00,2026-04-05 06:48:00,23.0,2026-04-05 07:07:00,2026-04-05 07:30:00,B38 A,154.0,13.21,11.66,6.59,1.77,23.0
109,2026-04-05,SN229,2026-04-05 10:04:00,2026-04-05 10:26:00,22.0,2026-04-05 10:41:00,2026-04-05 11:10:00,B31 A,120.0,16.54,7.25,4.79,2.24,29.0
109,2026-04-05,SN278,2026-04-05 10:45:00,2026-04-05 10:42:00,-3.0,2026-04-05 11:04:00,2026-04-05 11:16:00,B28 A,198.0,13.82,14.33,4.6,1.74,12.0
109,2026-04-05,SN2900,2026-04-05 08:46:00,2026-04-05 08:33:00,-13.0,2026-04-05 08:58:00,2026-04-05 09:02:00,B14 A,79.0,10.77,7.34,5.73,1.16,4.0
109,2026-04-05,SN3326,2026-04-05 11:24:00,2026-04-05 11:41:00,17.0,2026-04-05 12:06:00,2026-04-05 12:12:00,B14 A,111.0,12.16,9.13,5.58,1.2,6.0
109,2026-04-05,SN358,2026-04-05 12:21:00,2026-04-05 12:23:00,2.0,2026-04-05 12:43:00,2026-04-05 13:14:00,B28 A,176.0,10.68,16.48,6.01,1.33,31.0
109,2026-04-05,SN379,2026-04-05 10:10:00,2026-04-05 11:03:00,53.0,2026-04-05 11:42:00,2026-04-05 12:19:00,B29 A,161.0,11.56,13.93,5.2,1.89,37.0
109,2026-04-05,SN3800,2026-04-05 06:15:00,2026-04-05 06:16:00,1.0,2026-04-05 06:28:00,2026-04-05 06:30:00,A65 ,27.0,15.59,1.73,4.23,1.97,2.0
109,2026-04-05,TB1552,2026-04-05 07:15:00,2026-04-05 07:08:00,-7.0,2026-04-05 07:38:00,2026-04-05 07:45:00,A61 ,152.0,16.14,9.42,5.47,1.52,7.0
109,2026-04-05,TB2632,2026-04-05 09:29:00,2026-04-05 09:09:00,-20.0,2026-04-05 09:35:00,2026-04-05 09:44:00,B9  A,114.0,15.94,7.15,4.64,1.8,9.0
109,2026-04-05,TB2662,2026-04-05 09:15:00,2026-04-05 09:04:00,-11.0,2026-04-05 09:22:00,2026-04-05 09:30:00,B34 A,90.0,11.07,8.13,4.87,2.12,8.0
109,2026-04-05,TG934,2026-04-05 09:21:00,2026-04-05 09:16:00,-5.0,2026-04-05 09:38:00,2026-04-05 09:58:00,B38 A,249.0,13.35,18.66,4.29,2.72,20.0
109,2026-04-05,UA950,2026-04-05 12:20:00,2026-04-05 11:58:00,-22.0,2026-04-05 12:14:00,2026-04-05 12:42:00,B37 A,127.0,11.1,11.44,5.58,2.18,28.0
109,2026-04-05,UA994,2026-04-05 09:51:00,2026-04-05 11:28:00,97.0,2026-04-05 11:44:00,2026-04-05 12:09:00,B40 A,135.0,13.0,10.38,4.86,2.56,25.0
109,2026-04-05,XR5402,2026-04-05 07:46:00,2026-04-05 08:56:00,70.0,2026-04-05 09:23:00,2026-04-05 09:26:00,B5  A,88.0,15.18,5.8,4.23,1.97,3.0
110,2026-04-05,AC832,2026-04-05 12:18:00,2026-04-05 11:38:00,-40.0,2026-04-05 11:54:00,2026-04-05 12:17:00,B30 A,100.0,12.05,8.3,4.95,1.8,23.0
110,2026-04-05,ET750,2026-04-05 09:11:00,2026-04-05 09:13:00,2.0,2026-04-05 09:42:00,2026-04-05 10:46:00,B40 A,421.0,16.41,25.66,5.91,2.1,64.0
110,2026-04-05,FH8116,2026-04-05 12:44:00,2026-04-05 12:48:00,4.0,2026-04-05 13:06:00,2026-04-05 13:13:00,B38 A,140.0,12.32,11.36,5.56,2.1,7.0
110,2026-04-05,LH1004,2026-04-05 12:50:00,2026-04-05 12:50:00,0.0,2026-04-05 13:03:00,2026-04-05 13:30:00,A43 ,40.0,10.31,3.88,4.82,1.73,27.0
110,2026-04-05,SN1122,2026-04-05 08:39:00,2026-04-05 09:08:00,29.0,2026-04-05 09:20:00,2026-04-05 09:21:00,B40 A,13.0,13.01,1.0,5.61,2.22,1.0
110,2026-04-05,SN1124,2026-04-05 07:10:00,2026-04-05 07:19:00,9.0,2026-04-05 07:32:00,2026-04-05 07:48:00,B30 A,138.0,13.48,10.24,4.19,2.13,16.0
110,2026-04-05,SN206,2026-04-05 06:25:00,2026-04-05 06:48:00,23.0,2026-04-05 07:07:00,2026-04-05 07:30:00,B38 A,154.0,11.44,13.46,5.99,1.95,23.0
110,2026-04-05,SN229,2026-04-05 10:04:00,2026-04-05 10:26:00,22.0,2026-04-05 10:41:00,2026-04-05 11:10:00,B31 A,120.0,12.37,9.7,4.74,2.27,29.0
110,2026-04-05,SN278,2026-04-05 10:45:00,2026-04-05 10:42:00,-3.0,2026-04-05 11:04:00,2026-04-05 11:16:00,B28 A,198.0,10.69,18.53,5.18,1.54,12.0
110,2026-04-05,SN2900,2026-04-05 10:44:00,2026-04-05 11:04:00,20.0,2026-04-05 11:13:00,2026-04-05 11:34:00,B32 A,49.0,16.85,2.91,5.46,1.77,21.0
110,2026-04-05,SN3326,2026-04-05 11:24:00,2026-04-05 11:41:00,17.0,2026-04-05 12:06:00,2026-04-05 12:12:00,B14 A,111.0,11.25,9.86,5.16,1.29,6.0
110,2026-04-05,SN358,2026-04-05 12:21:00,2026-04-05 12:23:00,2.0,2026-04-05 12:43:00,2026-04-05 13:14:00,B28 A,176.0,9.69,18.17,5.14,1.56,31.0
110,2026-04-05,SN379,2026-04-05 10:10:00,2026-04-05 11:03:00,53.0,2026-04-05 11:42:00,2026-04-05 12:19:00,B29 A,161.0,9.81,16.41,5.92,1.66,37.0
110,2026-04-05,SN3800,2026-04-05 06:15:00,2026-04-05 06:16:00,1.0,2026-04-05 06:28:00,2026-04-05 06:30:00,A65 ,27.0,16.82,1.61,4.96,1.68,2.0
110,2026-04-05,TB1552,2026-04-05 08:29:00,2026-04-05 08:25:00,-4.0,2026-04-05 08:46:00,2026-04-05 08:54:00,A61 ,166.0,15.42,10.77,4.83,1.73,8.0
110,2026-04-05,TB2632,2026-04-05 09:29:00,2026-04-05 09:09:00,-20.0,2026-04-05 09:35:00,2026-04-05 09:44:00,B9  A,114.0,14.38,7.93,5.2,1.6,9.0
110,2026-04-05,TB2662,2026-04-05 09:15:00,2026-04-05 09:04:00,-11.0,2026-04-05 09:22:00,2026-04-05 09:30:00,B34 A,90.0,16.12,5.58,5.52,1.87,8.0
110,2026-04-05,TG934,2026-04-05 09:21:00,2026-04-05 09:16:00,-5.0,2026-04-05 09:38:00,2026-04-05 09:58:00,B38 A,249.0,14.82,16.8,5.46,2.14,20.0
110,2026-04-05,UA950,2026-04-05 12:20:00,2026-04-05 11:58:00,-22.0,2026-04-05 12:14:00,2026-04-05 12:42:00,B37 A,127.0,12.69,10.01,4.84,2.51,28.0
110,2026-04-05,UA994,2026-04-05 08:51:00,2026-04-05 08:32:00,-19.0,2026-04-05 08:52:00,2026-04-05 09:25:00,B40 A,171.0,11.69,14.63,5.56,2.23,33.0
110,2026-04-05,XR5402,2026-04-05 07:46:00,2026-04-05 08:56:00,70.0,2026-04-05 09:23:00,2026-04-05 09:26:00,B5  A,88.0,11.03,7.98,4.95,1.68,3.0
111,2026-04-05,AC832,2026-04-05 09:18:00,2026-04-05 08:45:00,-33.0,2026-04-05 09:06:00,2026-04-05 09:59:00,B28 A,110.0,11.45,9.61,4.91,1.63,53.0
111,2026-04-05,ET750,2026-04-05 11:13:00,2026-04-05 11:34:00,21.0,2026-04-05 12:17:00,2026-04-05 13:03:00,B17 A,464.0,14.14,32.82,4.92,1.71,46.0
111,2026-04-05,FH8116,2026-04-05 12:44:00,2026-04-05 12:48:00,4.0,2026-04-05 13:06:00,2026-04-05 13:13:00,B38 A,140.0,12.3,11.38,3.55,3.29,7.0
111,2026-04-05,LH1004,2026-04-05 12:50:00,2026-04-05 12:50:00,0.0,2026-04-05 13:03:00,2026-04-05 13:30:00,A43 ,40.0,12.29,3.25,6.29,1.32,27.0
111,2026-04-05,SN1122,2026-04-05 08:39:00,2026-04-05 09:08:00,29.0,2026-04-05 09:20:00,2026-04-05 09:21:00,B40 A,13.0,9.05,1.44,5.1,2.43,1.0
111,2026-04-05,SN1124,2026-04-05 07:10:00,2026-04-05 07:19:00,9.0,2026-04-05 07:32:00,2026-04-05 07:48:00,B30 A,138.0,13.59,10.16,5.04,1.77,16.0
111,2026-04-05,SN206,2026-04-05 06:25:00,2026-04-05 06:48:00,23.0,2026-04-05 07:07:00,2026-04-05 07:30:00,B38 A,154.0,11.83,13.02,4.23,2.76,23.0
111,2026-04-05,SN229,2026-04-05 08:06:00,2026-04-05 09:20:00,74.0,2026-04-05 09:41:00,2026-04-05 10:22:00,B14 A,144.0,10.2,14.12,5.53,1.21,41.0
111,2026-04-05,SN278,2026-04-05 12:46:00,2026-04-05 12:41:00,-5.0,2026-04-05 13:04:00,2026-04-05 13:33:00,B31 A,62.0,9.75,6.36,6.52,1.65,29.0
111,2026-04-05,SN2900,2026-04-05 08:46:00,2026-04-05 08:33:00,-13.0,2026-04-05 08:58:00,2026-04-05 09:02:00,B14 A,79.0,10.8,7.32,5.02,1.33,4.0
111,2026-04-05,SN3326,2026-04-05 11:24:00,2026-04-05 11:41:00,17.0,2026-04-05 12:06:00,2026-04-05 12:12:00,B14 A,111.0,13.26,8.37,5.61,1.19,6.0
111,2026-04-05,SN358,2026-04-05 08:21:00,2026-04-05 08:24:00,3.0,2026-04-05 08:42:00,2026-04-05 09:09:00,B14 A,112.0,14.96,7.49,4.06,1.64,27.0
111,2026-04-05,SN379,2026-04-05 10:10:00,2026-04-05 11:03:00,53.0,2026-04-05 11:42:00,2026-04-05 12:19:00,B29 A,161.0,10.86,14.82,4.95,1.99,37.0
111,2026-04-05,SN3800,2026-04-05 06:15:00,2026-04-05 06:16:00,1.0,2026-04-05 06:28:00,2026-04-05 06:30:00,A65 ,27.0,11.28,2.39,4.5,1.85,2.0
111,2026-04-05,TB1552,2026-04-05 10:15:00,2026-04-05 10:31:00,16.0,2026-04-05 10:50:00,2026-04-05 10:59:00,A69 ,164.0,12.97,12.64,4.62,1.8,9.0
111,2026-04-05,TB2632,2026-04-05 09:29:00,2026-04-05 09:09:00,-20.0,2026-04-05 09:35:00,2026-04-05 09:44:00,B9  A,114.0,12.75,8.94,5.02,1.66,9.0
111,2026-04-05,TB2662,2026-04-05 09:15:00,2026-04-05 09:04:00,-11.0,2026-04-05 09:22:00,2026-04-05 09:30:00,B34 A,90.0,12.46,7.23,4.43,2.33,8.0
111,2026-04-05,TG934,2026-04-05 12:22:00,2026-04-05 12:26:00,4.0,2026-04-05 12:46:00,2026-04-05 13:15:00,B34 A,260.0,14.64,17.76,4.97,2.08,29.0
111,2026-04-05,UA950,2026-04-05 11:22:00,2026-04-05 11:02:00,-20.0,2026-04-05 11:22:00,2026-04-05 11:45:00,B28 A,170.0,10.79,15.76,6.27,1.28,23.0
111,2026-04-05,UA994,2026-04-05 08:51:00,2026-04-05 08:32:00,-19.0,2026-04-05 08:52:00,2026-04-05 09:25:00,B40 A,171.0,10.11,16.91,4.69,2.65,33.0
111,2026-04-05,XR5402,2026-04-05 07:46:00,2026-04-05 08:56:00,70.0,2026-04-05 09:23:00,2026-04-05 09:26:00,B5  A,88.0,14.73,5.97,3.99,2.09,3.0
112,2026-04-05,AC832,2026-04-05 11:16:00,2026-04-05 10:39:00,-37.0,2026-04-05 10:54:00,2026-04-05 11:24:00,B5  A,101.0,9.64,10.47,5.09,1.64,30.0
112,2026-04-05,ET750,2026-04-05 11:13:00,2026-04-05 11:34:00,21.0,2026-04-05 12:17:00,2026-04-05 13:03:00,B17 A,464.0,11.8,39.31,5.6,1.5,46.0
112,2026-04-05,FH8116,2026-04-05 12:44:00,2026-04-05 12:48:00,4.0,2026-04-05 13:06:00,2026-04-05 13:13:00,B38 A,140.0,11.14,12.57,4.73,2.47,7.0
112,2026-04-05,LH1004,2026-04-05 11:51:00,2026-04-05 11:47:00,-4.0,2026-04-05 12:07:00,2026-04-05 12:12:00,A43 ,23.0,12.57,1.83,4.63,1.8,5.0
112,2026-04-05,SN1122,2026-04-05 08:39:00,2026-04-05 09:08:00,29.0,2026-04-05 09:20:00,2026-04-05 09:21:00,B40 A,13.0,11.98,1.09,4.5,2.76,1.0
112,2026-04-05,SN1124,2026-04-05 07:10:00,2026-04-05 07:19:00,9.0,2026-04-05 07:32:00,2026-04-05 07:48:00,B30 A,138.0,15.35,8.99,5.64,1.58,16.0
112,2026-04-05,SN206,2026-04-05 06:25:00,2026-04-05 06:48:00,23.0,2026-04-05 07:07:00,2026-04-05 07:30:00,B38 A,154.0,10.43,14.76,5.68,2.05,23.0
112,2026-04-05,SN229,2026-04-05 10:04:00,2026-04-05 10:26:00,22.0,2026-04-05 10:41:00,2026-04-05 11:10:00,B31 A,120.0,13.76,8.72,3.97,2.71,29.0
112,2026-04-05,SN278,2026-04-05 12:46:00,2026-04-05 12:41:00,-5.0,2026-04-05 13:04:00,2026-04-05 13:33:00,B31 A,62.0,16.94,3.66,5.1,2.11,29.0
112,2026-04-05,SN2900,2026-04-05 10:44:00,2026-04-05 11:04:00,20.0,2026-04-05 11:13:00,2026-04-05 11:34:00,B32 A,49.0,11.23,4.36,4.49,2.15,21.0
112,2026-04-05,SN3326,2026-04-05 11:24:00,2026-04-05 11:41:00,17.0,2026-04-05 12:06:00,2026-04-05 12:12:00,B14 A,111.0,15.03,7.38,5.22,1.28,6.0
112,2026-04-05,SN358,2026-04-05 12:21:00,2026-04-05 12:23:00,2.0,2026-04-05 12:43:00,2026-04-05 13:14:00,B28 A,176.0,12.83,13.72,3.69,2.17,31.0
112,2026-04-05,SN379,2026-04-05 08:11:00,2026-04-05 08:40:00,29.0,2026-04-05 08:59:00,2026-04-05 09:27:00,B28 A,76.0,13.29,5.72,5.58,1.43,28.0
112,2026-04-05,SN3800,2026-04-05 06:15:00,2026-04-05 06:16:00,1.0,2026-04-05 06:28:00,2026-04-05 06:30:00,A65 ,27.0,14.78,1.83,5.66,1.47,2.0
112,2026-04-05,TB1552,2026-04-05 08:29:00,2026-04-05 08:25:00,-4.0,2026-04-05 08:46:00,2026-04-05 08:54:00,A61 ,166.0,12.55,13.23,3.92,2.13,8.0
112,2026-04-05,TB2632,2026-04-05 09:29:00,2026-04-05 09:09:00,-20.0,2026-04-05 09:35:00,2026-04-05 09:44:00,B9  A,114.0,11.05,10.31,5.14,1.62,9.0
112,2026-04-05,TB2662,2026-04-05 09:15:00,2026-04-05 09:04:00,-11.0,2026-04-05 09:22:00,2026-04-05 09:30:00,B34 A,90.0,13.05,6.9,3.83,2.7,8.0
112,2026-04-05,TG934,2026-04-05 09:21:00,2026-04-05 09:16:00,-5.0,2026-04-05 09:38:00,2026-04-05 09:58:00,B38 A,249.0,14.82,16.8,6.31,1.85,20.0
112,2026-04-05,UA950,2026-04-05 11:22:00,2026-04-05 11:02:00,-20.0,2026-04-05 11:22:00,2026-04-05 11:45:00,B28 A,170.0,12.17,13.96,3.86,2.07,23.0
112,2026-04-05,UA994,2026-04-05 11:51:00,2026-04-05 11:37:00,-14.0,2026-04-05 11:55:00,2026-04-05 12:25:00,B40 A,157.0,13.1,11.98,4.56,2.72,30.0
112,2026-04-05,XR5402,2026-04-05 07:46:00,2026-04-05 08:56:00,70.0,2026-04-05 09:23:00,2026-04-05 09:26:00,B5  A,88.0,13.87,6.35,5.02,1.66,3.0
113,2026-04-05,AC832,2026-04-05 12:18:00,2026-04-05 11:38:00,-40.0,2026-04-05 11:54:00,2026-04-05 12:17:00,B30 A,100.0,10.19,9.82,4.6,1.94,23.0
113,2026-04-05,ET750,2026-04-05 11:13:00,2026-04-05 11:34:00,21.0,2026-04-05 12:17:00,2026-04-05 13:03:00,B17 A,464.0,11.49,40.38,6.95,1.21,46.0
113,2026-04-05,FH8116,2026-04-05 12:44:00,2026-04-05 12:48:00,4.0,2026-04-05 13:06:00,2026-04-05 13:13:00,B38 A,140.0,10.28,13.62,5.34,2.18,7.0
113,2026-04-05,LH1004,2026-04-05 12:50:00,2026-04-05 12:50:00,0.0,2026-04-05 13:03:00,2026-04-05 13:30:00,A43 ,40.0,11.1,3.6,5.52,1.51,27.0
113,2026-04-05,SN1122,2026-04-05 08:39:00,2026-04-05 09:08:00,29.0,2026-04-05 09:20:00,2026-04-05 09:21:00,B40 A,13.0,16.5,0.79,4.1,3.03,1.0
113,2026-04-05,SN1124,2026-04-05 07:10:00,2026-04-05 07:19:00,9.0,2026-04-05 07:32:00,2026-04-05 07:48:00,B30 A,138.0,14.13,9.77,3.76,2.37,16.0
113,2026-04-05,SN206,2026-04-05 06:25:00,2026-04-05 06:48:00,23.0,2026-04-05 07:07:00,2026-04-05 07:30:00,B38 A,154.0,12.01,12.83,5.79,2.01,23.0
113,2026-04-05,SN229,2026-04-05 12:06:00,2026-04-05 12:12:00,6.0,2026-04-05 12:39:00,2026-04-05 13:03:00,B28 A,20.0,13.85,1.44,5.56,1.44,24.0
113,2026-04-05,SN278,2026-04-05 10:45:00,2026-04-05 10:42:00,-3.0,2026-04-05 11:04:00,2026-04-05 11:16:00,B28 A,198.0,12.28,16.13,5.08,1.57,12.0
113,2026-04-05,SN2900,2026-04-05 07:39:00,2026-04-05 07:25:00,-14.0,2026-04-05 07:38:00,2026-04-05 07:53:00,B38 A,55.0,12.82,4.29,5.96,1.96,15.0
113,2026-04-05,SN3326,2026-04-05 11:24:00,2026-04-05 11:41:00,17.0,2026-04-05 12:06:00,2026-04-05 12:12:00,B14 A,111.0,10.04,11.06,4.54,1.47,6.0
113,2026-04-05,SN358,2026-04-05 08:21:00,2026-04-05 08:24:00,3.0,2026-04-05 08:42:00,2026-04-05 09:09:00,B14 A,112.0,14.72,7.61,5.47,1.22,27.0
113,2026-04-05,SN379,2026-04-05 10:10:00,2026-04-05 11:03:00,53.0,2026-04-05 11:42:00,2026-04-05 12:19:00,B29 A,161.0,11.97,13.45,5.01,1.96,37.0
113,2026-04-05,SN3800,2026-04-05 06:15:00,2026-04-05 06:16:00,1.0,2026-04-05 06:28:00,2026-04-05 06:30:00,A65 ,27.0,12.74,2.12,4.57,1.83,2.0
113,2026-04-05,TB1552,2026-04-05 07:47:00,2026-04-05 07:43:00,-4.0,2026-04-05 07:55:00,2026-04-05 07:59:00,A68 ,66.0,14.78,4.47,4.16,2.0,4.0
113,2026-04-05,TB2632,2026-04-05 09:29:00,2026-04-05 09:09:00,-20.0,2026-04-05 09:35:00,2026-04-05 09:44:00,B9  A,114.0,11.07,10.3,5.81,1.43,9.0
113,2026-04-05,TB2662,2026-04-05 09:15:00,2026-04-05 09:04:00,-11.0,2026-04-05 09:22:00,2026-04-05 09:30:00,B34 A,90.0,12.97,6.94,4.35,2.37,8.0
113,2026-04-05,TG934,2026-04-05 09:21:00,2026-04-05 09:16:00,-5.0,2026-04-05 09:38:00,2026-04-05 09:58:00,B38 A,249.0,13.92,17.89,4.9,2.38,20.0
113,2026-04-05,UA950,2026-04-05 08:20:00,2026-04-05 08:20:00,0.0,2026-04-05 08:36:00,2026-04-05 09:25:00,B38 A,176.0,14.76,11.92,5.58,2.09,49.0
113,2026-04-05,UA994,2026-04-05 12:51:00,2026-04-05 12:35:00,-16.0,2026-04-05 12:54:00,2026-04-05 13:24:00,B38 A,109.0,12.19,8.94,4.2,2.78,30.0
113,2026-04-05,XR5402,2026-04-05 07:46:00,2026-04-05 08:56:00,70.0,2026-04-05 09:23:00,2026-04-05 09:26:00,B5  A,88.0,14.45,6.09,4.26,1.96,3.0
114,2026-04-05,AC832,2026-04-05 08:17:00,2026-04-05 07:46:00,-31.0,2026-04-05 08:02:00,2026-04-05 08:29:00,B30 A,122.0,13.19,9.25,4.7,1.9,27.0
114,2026-04-05,ET750,2026-04-05 11:13:00,2026-04-05 11:34:00,21.0,2026-04-05 12:17:00,2026-04-05 13:03:00,B17 A,464.0,11.5,40.35,5.41,1.56,46.0
114,2026-04-05,FH8116,2026-04-05 12:44:00,2026-04-05 12:48:00,4.0,2026-04-05 13:06:00,2026-04-05 13:13:00,B38 A,140.0,10.8,12.96,4.47,2.61,7.0
114,2026-04-05,LH1004,2026-04-05 08:50:00,2026-04-05 08:53:00,3.0,2026-04-05 09:06:00,2026-04-05 09:12:00,A43 ,29.0,11.77,2.46,4.32,1.93,6.0
114,2026-04-05,SN1122,2026-04-05 08:39:00,2026-04-05 09:08:00,29.0,2026-04-05 09:20:00,2026-04-05 09:21:00,B40 A,13.0,12.26,1.06,4.73,2.63,1.0
114,2026-04-05,SN1124,2026-04-05 07:10:00,2026-04-05 07:19:00,9.0,2026-04-05 07:32:00,2026-04-05 07:48:00,B30 A,138.0,12.66,10.9,5.1,1.75,16.0
114,2026-04-05,SN206,2026-04-05 06:25:00,2026-04-05 06:48:00,23.0,2026-04-05 07:07:00,2026-04-05 07:30:00,B38 A,154.0,12.27,12.55,4.8,2.43,23.0
114,2026-04-05,SN229,2026-04-05 08:06:00,2026-04-05 09:20:00,74.0,2026-04-05 09:41:00,2026-04-05 10:22:00,B14 A,144.0,11.56,12.46,5.06,1.32,41.0
114,2026-04-05,SN278,2026-04-05 10:45:00,2026-04-05 10:42:00,-3.0,2026-04-05 11:04:00,2026-04-05 11:16:00,B28 A,198.0,16.93,11.7,4.4,1.82,12.0
114,2026-04-05,SN2900,2026-04-05 08:46:00,2026-04-05 08:33:00,-13.0,2026-04-05 08:58:00,2026-04-05 09:02:00,B14 A,79.0,15.51,5.09,4.87,1.37,4.0
114,2026-04-05,SN3326,2026-04-05 11:24:00,2026-04-05 11:41:00,17.0,2026-04-05 12:06:00,2026-04-05 12:12:00,B14 A,111.0,12.29,9.03,5.5,1.21,6.0
114,2026-04-05,SN358,2026-04-05 12:21:00,2026-04-05 12:23:00,2.0,2026-04-05 12:43:00,2026-04-05 13:14:00,B28 A,176.0,11.78,14.94,4.99,1.6,31.0
114,2026-04-05,SN379,2026-04-05 10:10:00,2026-04-05 11:03:00,53.0,2026-04-05 11:42:00,2026-04-05 12:19:00,B29 A,161.0,14.93,10.78,3.66,2.69,37.0
114,2026-04-05,SN3800,2026-04-05 06:15:00,2026-04-05 06:16:00,1.0,2026-04-05 06:28:00,2026-04-05 06:30:00,A65 ,27.0,13.94,1.94,6.0,1.39,2.0
114,2026-04-05,TB1552,2026-04-05 08:29:00,2026-04-05 08:25:00,-4.0,2026-04-05 08:46:00,2026-04-05 08:54:00,A61 ,166.0,14.86,11.17,4.74,1.76,8.0
114,2026-04-05,TB2632,2026-04-05 09:29:00,2026-04-05 09:09:00,-20.0,2026-04-05 09:35:00,2026-04-05 09:44:00,B9  A,114.0,8.87,12.85,5.14,1.62,9.0
114,2026-04-05,TB2662,2026-04-05 09:15:00,2026-04-05 09:04:00,-11.0,2026-04-05 09:22:00,2026-04-05 09:30:00,B34 A,90.0,9.97,9.02,4.46,2.32,8.0
114,2026-04-05,TG934,2026-04-05 12:22:00,2026-04-05 12:26:00,4.0,2026-04-05 12:46:00,2026-04-05 13:15:00,B34 A,260.0,14.69,17.7,6.3,1.64,29.0
114,2026-04-05,UA950,2026-04-05 11:22:00,2026-04-05 11:02:00,-20.0,2026-04-05 11:22:00,2026-04-05 11:45:00,B28 A,170.0,13.68,12.42,5.18,1.55,23.0
114,2026-04-05,UA994,2026-04-05 11:51:00,2026-04-05 11:37:00,-14.0,2026-04-05 11:55:00,2026-04-05 12:25:00,B40 A,157.0,12.23,12.84,5.22,2.38,30.0
114,2026-04-05,XR5402,2026-04-05 07:46:00,2026-04-05 08:56:00,70.0,2026-04-05 09:23:00,2026-04-05 09:26:00,B5  A,88.0,14.94,5.89,4.74,1.76,3.0
115,2026-04-05,AC832,2026-04-05 11:16:00,2026-04-05 10:39:00,-37.0,2026-04-05 10:54:00,2026-04-05 11:24:00,B5  A,101.0,15.38,6.56,4.85,1.72,30.0
115,2026-04-05,ET750,2026-04-05 11:13:00,2026-04-05 11:34:00,21.0,2026-04-05 12:17:00,2026-04-05 13:03:00,B17 A,464.0,13.32,34.83,7.53,1.12,46.0
115,2026-04-05,FH8116,2026-04-05 12:44:00,2026-04-05 12:48:00,4.0,2026-04-05 13:06:00,2026-04-05 13:13:00,B38 A,140.0,14.71,9.51,5.8,2.01,7.0
115,2026-04-05,LH1004,2026-04-05 11:51:00,2026-04-05 11:47:00,-4.0,2026-04-05 12:07:00,2026-04-05 12:12:00,A43 ,23.0,16.48,1.4,5.49,1.52,5.0
115,2026-04-05,SN1122,2026-04-05 08:39:00,2026-04-05 09:08:00,29.0,2026-04-05 09:20:00,2026-04-05 09:21:00,B40 A,13.0,11.72,1.11,6.04,2.06,1.0
115,2026-04-05,SN1124,2026-04-05 07:10:00,2026-04-05 07:19:00,9.0,2026-04-05 07:32:00,2026-04-05 07:48:00,B30 A,138.0,14.98,9.21,4.47,2.0,16.0
115,2026-04-05,SN206,2026-04-05 06:25:00,2026-04-05 06:48:00,23.0,2026-04-05 07:07:00,2026-04-05 07:30:00,B38 A,154.0,11.79,13.06,5.08,2.3,23.0
115,2026-04-05,SN229,2026-04-05 08:06:00,2026-04-05 09:20:00,74.0,2026-04-05 09:41:00,2026-04-05 10:22:00,B14 A,144.0,12.32,11.69,5.05,1.32,41.0
115,2026-04-05,SN278,2026-04-05 10:45:00,2026-04-05 10:42:00,-3.0,2026-04-05 11:04:00,2026-04-05 11:16:00,B28 A,198.0,12.48,15.86,5.8,1.38,12.0
115,2026-04-05,SN2900,2026-04-05 07:39:00,2026-04-05 07:25:00,-14.0,2026-04-05 07:38:00,2026-04-05 07:53:00,B38 A,55.0,10.11,5.44,5.79,2.02,15.0
115,2026-04-05,SN3326,2026-04-05 11:24:00,2026-04-05 11:41:00,17.0,2026-04-05 12:06:00,2026-04-05 12:12:00,B14 A,111.0,12.45,8.92,3.88,1.72,6.0
115,2026-04-05,SN358,2026-04-05 08:21:00,2026-04-05 08:24:00,3.0,2026-04-05 08:42:00,2026-04-05 09:09:00,B14 A,112.0,15.11,7.41,6.68,1.0,27.0
115,2026-04-05,SN379,2026-04-05 08:11:00,2026-04-05 08:40:00,29.0,2026-04-05 08:59:00,2026-04-05 09:27:00,B28 A,76.0,10.21,7.44,4.2,1.9,28.0
115,2026-04-05,SN3800,2026-04-05 06:15:00,2026-04-05 06:16:00,1.0,2026-04-05 06:28:00,2026-04-05 06:30:00,A65 ,27.0,9.92,2.72,4.23,1.97,2.0
115,2026-04-05,TB1552,2026-04-05 07:15:00,2026-04-05 07:08:00,-7.0,2026-04-05 07:38:00,2026-04-05 07:45:00,A61 ,152.0,11.55,13.17,6.84,1.22,7.0
115,2026-04-05,TB2632,2026-04-05 09:29:00,2026-04-05 09:09:00,-20.0,2026-04-05 09:35:00,2026-04-05 09:44:00,B9  A,114.0,15.01,7.6,4.19,1.99,9.0
115,2026-04-05,TB2662,2026-04-05 09:15:00,2026-04-05 09:04:00,-11.0,2026-04-05 09:22:00,2026-04-05 09:30:00,B34 A,90.0,11.0,8.18,4.47,2.31,8.0
115,2026-04-05,TG934,2026-04-05 09:21:00,2026-04-05 09:16:00,-5.0,2026-04-05 09:38:00,2026-04-05 09:58:00,B38 A,249.0,13.9,17.92,5.16,2.26,20.0
115,2026-04-05,UA950,2026-04-05 10:20:00,2026-04-05 09:58:00,-22.0,2026-04-05 10:24:00,2026-04-05 10:51:00,B40 A,188.0,12.87,14.61,3.85,3.22,27.0
115,2026-04-05,UA994,2026-04-05 12:51:00,2026-04-05 12:35:00,-16.0,2026-04-05 12:54:00,2026-04-05 13:24:00,B38 A,109.0,14.71,7.41,4.2,2.78,30.0
115,2026-04-05,XR5402,2026-04-05 07:46:00,2026-04-05 08:56:00,70.0,2026-04-05 09:23:00,2026-04-05 09:26:00,B5  A,88.0,11.02,7.99,5.22,1.6,3.0
116,2026-04-05,AC832,2026-04-05 08:17:00,2026-04-05 07:46:00,-31.0,2026-04-05 08:02:00,2026-04-05 08:29:00,B30 A,122.0,10.87,11.23,5.31,1.68,27.0
116,2026-04-05,ET750,2026-04-05 11:13:00,2026-04-05 11:34:00,21.0,2026-04-05 12:17:00,2026-04-05 13:03:00,B17 A,464.0,11.84,39.18,5.27,1.6,46.0
116,2026-04-05,FH8116,2026-04-05 12:44:00,2026-04-05 12:48:00,4.0,2026-04-05 13:06:00,2026-04-05 13:13:00,B38 A,140.0,12.43,11.27,6.19,1.88,7.0
116,2026-04-05,LH1004,2026-04-05 08:50:00,2026-04-05 08:53:00,3.0,2026-04-05 09:06:00,2026-04-05 09:12:00,A43 ,29.0,16.91,1.71,4.83,1.72,6.0
116,2026-04-05,SN1122,2026-04-05 08:39:00,2026-04-05 09:08:00,29.0,2026-04-05 09:20:00,2026-04-05 09:21:00,B40 A,13.0,11.99,1.08,5.22,2.38,1.0
116,2026-04-05,SN1124,2026-04-05 07:10:00,2026-04-05 07:19:00,9.0,2026-04-05 07:32:00,2026-04-05 07:48:00,B30 A,138.0,13.84,9.97,4.75,1.88,16.0
116,2026-04-05,SN206,2026-04-05 06:25:00,2026-04-05 06:48:00,23.0,2026-04-05 07:07:00,2026-04-05 07:30:00,B38 A,154.0,14.52,10.61,5.38,2.17,23.0
116,2026-04-05,SN229,2026-04-05 12:06:00,2026-04-05 12:12:00,6.0,2026-04-05 12:39:00,2026-04-05 13:03:00,B28 A,20.0,11.07,1.81,4.78,1.67,24.0
116,2026-04-05,SN278,2026-04-05 10:45:00,2026-04-05 10:42:00,-3.0,2026-04-05 11:04:00,2026-04-05 11:16:00,B28 A,198.0,13.2,15.0,5.78,1.38,12.0
116,2026-04-05,SN2900,2026-04-05 08:46:00,2026-04-05 08:33:00,-13.0,2026-04-05 08:58:00,2026-04-05 09:02:00,B14 A,79.0,12.71,6.21,7.09,0.94,4.0
116,2026-04-05,SN3326,2026-04-05 11:24:00,2026-04-05 11:41:00,17.0,2026-04-05 12:06:00,2026-04-05 12:12:00,B14 A,111.0,12.3,9.02,6.29,1.06,6.0
116,2026-04-05,SN358,2026-04-05 12:21:00,2026-04-05 12:23:00,2.0,2026-04-05 12:43:00,2026-04-05 13:14:00,B28 A,176.0,11.09,15.87,4.95,1.62,31.0
116,2026-04-05,SN379,2026-04-05 08:11:00,2026-04-05 08:40:00,29.0,2026-04-05 08:59:00,2026-04-05 09:27:00,B28 A,76.0,13.42,5.67,6.23,1.28,28.0
116,2026-04-05,SN3800,2026-04-05 06:15:00,2026-04-05 06:16:00,1.0,2026-04-05 06:28:00,2026-04-05 06:30:00,A65 ,27.0,11.77,2.29,5.51,1.51,2.0
116,2026-04-05,TB1552,2026-04-05 07:47:00,2026-04-05 07:43:00,-4.0,2026-04-05 07:55:00,2026-04-05 07:59:00,A68 ,66.0,9.87,6.69,5.41,1.54,4.0
116,2026-04-05,TB2632,2026-04-05 09:29:00,2026-04-05 09:09:00,-20.0,2026-04-05 09:35:00,2026-04-05 09:44:00,B9  A,114.0,15.49,7.36,4.91,1.7,9.0
116,2026-04-05,TB2662,2026-04-05 09:15:00,2026-04-05 09:04:00,-11.0,2026-04-05 09:22:00,2026-04-05 09:30:00,B34 A,90.0,14.81,6.08,4.15,2.49,8.0
116,2026-04-05,TG934,2026-04-05 09:21:00,2026-04-05 09:16:00,-5.0,2026-04-05 09:38:00,2026-04-05 09:58:00,B38 A,249.0,14.06,17.71,4.78,2.44,20.0
116,2026-04-05,UA950,2026-04-05 09:21:00,2026-04-05 08:45:00,-36.0,2026-04-05 09:03:00,2026-04-05 09:29:00,B5  A,163.0,10.9,14.95,3.87,2.15,26.0
116,2026-04-05,UA994,2026-04-05 09:51:00,2026-04-05 11:28:00,97.0,2026-04-05 11:44:00,2026-04-05 12:09:00,B40 A,135.0,14.98,9.01,6.18,2.01,25.0
116,2026-04-05,XR5402,2026-04-05 07:46:00,2026-04-05 08:56:00,70.0,2026-04-05 09:23:00,2026-04-05 09:26:00,B5  A,88.0,13.53,6.5,4.29,1.94,3.0
117,2026-04-05,AC832,2026-04-05 08:17:00,2026-04-05 07:46:00,-31.0,2026-04-05 08:02:00,2026-04-05 08:29:00,B30 A,122.0,11.73,10.4,5.32,1.68,27.0
117,2026-04-05,ET750,2026-04-05 11:13:00,2026-04-05 11:34:00,21.0,2026-04-05 12:17:00,2026-04-05 13:03:00,B17 A,464.0,12.2,38.04,4.72,1.78,46.0
117,2026-04-05,FH8116,2026-04-05 12:44:00,2026-04-05 12:48:00,4.0,2026-04-05 13:06:00,2026-04-05 13:13:00,B38 A,140.0,16.07,8.71,4.34,2.69,7.0
117,2026-04-05,LH1004,2026-04-05 09:50:00,2026-04-05 09:53:00,3.0,2026-04-05 10:20:00,2026-04-05 10:27:00,A43 ,33.0,14.48,2.28,4.1,2.03,7.0
117,2026-04-05,SN1122,2026-04-05 08:39:00,2026-04-05 09:08:00,29.0,2026-04-05 09:20:00,2026-04-05 09:21:00,B40 A,13.0,12.59,1.03,5.22,2.38,1.0
117,2026-04-05,SN1124,2026-04-05 07:10:00,2026-04-05 07:19:00,9.0,2026-04-05 07:32:00,2026-04-05 07:48:00,B30 A,138.0,14.91,9.26,3.68,2.42,16.0
117,2026-04-05,SN206,2026-04-05 06:25:00,2026-04-05 06:48:00,23.0,2026-04-05 07:07:00,2026-04-05 07:30:00,B38 A,154.0,13.2,11.67,6.24,1.87,23.0
117,2026-04-05,SN229,2026-04-05 12:06:00,2026-04-05 12:12:00,6.0,2026-04-05 12:39:00,2026-04-05 13:03:00,B28 A,20.0,15.19,1.32,5.46,1.47,24.0
117,2026-04-05,SN278,2026-04-05 12:46:00,2026-04-05 12:41:00,-5.0,2026-04-05 13:04:00,2026-04-05 13:33:00,B31 A,62.0,13.39,4.63,5.17,2.08,29.0
117,2026-04-05,SN2900,2026-04-05 10:44:00,2026-04-05 11:04:00,20.0,2026-04-05 11:13:00,2026-04-05 11:34:00,B32 A,49.0,9.98,4.91,5.23,1.85,21.0
117,2026-04-05,SN3326,2026-04-05 11:24:00,2026-04-05 11:41:00,17.0,2026-04-05 12:06:00,2026-04-05 12:12:00,B14 A,111.0,12.9,8.6,5.01,1.33,6.0
117,2026-04-05,SN358,2026-04-05 08:21:00,2026-04-05 08:24:00,3.0,2026-04-05 08:42:00,2026-04-05 09:09:00,B14 A,112.0,11.95,9.37,4.73,1.41,27.0
117,2026-04-05,SN379,2026-04-05 10:10:00,2026-04-05 11:03:00,53.0,2026-04-05 11:42:00,2026-04-05 12:19:00,B29 A,161.0,12.57,12.81,4.2,2.34,37.0
117,2026-04-05,SN3800,2026-04-05 06:15:00,2026-04-05 06:16:00,1.0,2026-04-05 06:28:00,2026-04-05 06:30:00,A65 ,27.0,14.35,1.88,4.13,2.02,2.0
117,2026-04-05,TB1552,2026-04-05 07:15:00,2026-04-05 07:08:00,-7.0,2026-04-05 07:38:00,2026-04-05 07:45:00,A61 ,152.0,11.96,12.71,5.48,1.52,7.0
117,2026-04-05,TB2632,2026-04-05 09:29:00,2026-04-05 09:09:00,-20.0,2026-04-05 09:35:00,2026-04-05 09:44:00,B9  A,114.0,12.85,8.87,4.2,1.98,9.0
117,2026-04-05,TB2662,2026-04-05 09:15:00,2026-04-05 09:04:00,-11.0,2026-04-05 09:22:00,2026-04-05 09:30:00,B34 A,90.0,14.03,6.42,4.51,2.29,8.0
117,2026-04-05,TG934,2026-04-05 09:21:00,2026-04-05 09:16:00,-5.0,2026-04-05 09:38:00,2026-04-05 09:58:00,B38 A,249.0,14.27,17.45,4.93,2.37,20.0
117,2026-04-05,UA950,2026-04-05 09:21:00,2026-04-05 08:45:00,-36.0,2026-04-05 09:03:00,2026-04-05 09:29:00,B5  A,163.0,10.86,15.0,7.12,1.17,26.0
117,2026-04-05,UA994,2026-04-05 12:51:00,2026-04-05 12:35:00,-16.0,2026-04-05 12:54:00,2026-04-05 13:24:00,B38 A,109.0,13.99,7.79,4.2,2.78,30.0
117,2026-04-05,XR5402,2026-04-05 07:46:00,2026-04-05 08:56:00,70.0,2026-04-05 09:23:00,2026-04-05 09:26:00,B5  A,88.0,13.59,6.48,3.96,2.11,3.0
118,2026-04-05,AC832,2026-04-05 09:18:00,2026-04-05 08:45:00,-33.0,2026-04-05 09:06:00,2026-04-05 09:59:00,B28 A,110.0,12.1,9.09,5.08,1.57,53.0
118,2026-04-05,ET750,2026-04-05 11:13:00,2026-04-05 11:34:00,21.0,2026-04-05 12:17:00,2026-04-05 13:03:00,B17 A,464.0,13.32,34.83,6.16,1.37,46.0
118,2026-04-05,FH8116,2026-04-05 06:35:00,2026-04-05 06:00:00,-35.0,2026-04-05 06:07:00,2026-04-05 06:09:00,B15 A,22.0,13.22,1.66,5.27,1.47,2.0
118,2026-04-05,LH1004,2026-04-05 11:51:00,2026-04-05 11:47:00,-4.0,2026-04-05 12:07:00,2026-04-05 12:12:00,A43 ,23.0,13.94,1.65,7.19,1.16,5.0
118,2026-04-05,SN1122,2026-04-05 08:39:00,2026-04-05 09:08:00,29.0,2026-04-05 09:20:00,2026-04-05 09:21:00,B40 A,13.0,12.33,1.05,5.3,2.34,1.0
118,2026-04-05,SN1124,2026-04-05 07:10:00,2026-04-05 07:19:00,9.0,2026-04-05 07:32:00,2026-04-05 07:48:00,B30 A,138.0,15.64,8.82,4.66,1.92,16.0
118,2026-04-05,SN206,2026-04-05 06:25:00,2026-04-05 06:48:00,23.0,2026-04-05 07:07:00,2026-04-05 07:30:00,B38 A,154.0,13.81,11.15,5.75,2.03,23.0
118,2026-04-05,SN229,2026-04-05 08:06:00,2026-04-05 09:20:00,74.0,2026-04-05 09:41:00,2026-04-05 10:22:00,B14 A,144.0,10.41,13.83,5.72,1.17,41.0
118,2026-04-05,SN278,2026-04-05 10:45:00,2026-04-05 10:42:00,-3.0,2026-04-05 11:04:00,2026-04-05 11:16:00,B28 A,198.0,13.06,15.16,5.28,1.51,12.0
118,2026-04-05,SN2900,2026-04-05 10:44:00,2026-04-05 11:04:00,20.0,2026-04-05 11:13:00,2026-04-05 11:34:00,B32 A,49.0,11.83,4.14,5.56,1.74,21.0
118,2026-04-05,SN3326,2026-04-05 11:24:00,2026-04-05 11:41:00,17.0,2026-04-05 12:06:00,2026-04-05 12:12:00,B14 A,111.0,13.74,8.08,5.36,1.24,6.0
118,2026-04-05,SN358,2026-04-05 08:21:00,2026-04-05 08:24:00,3.0,2026-04-05 08:42:00,2026-04-05 09:09:00,B14 A,112.0,14.04,7.98,5.06,1.32,27.0
118,2026-04-05,SN379,2026-04-05 10:10:00,2026-04-05 11:03:00,53.0,2026-04-05 11:42:00,2026-04-05 12:19:00,B29 A,161.0,9.76,16.5,5.05,1.95,37.0
118,2026-04-05,SN3800,2026-04-05 06:15:00,2026-04-05 06:16:00,1.0,2026-04-05 06:28:00,2026-04-05 06:30:00,A65 ,27.0,11.63,2.32,5.02,1.66,2.0
118,2026-04-05,TB1552,2026-04-05 10:15:00,2026-04-05 10:31:00,16.0,2026-04-05 10:50:00,2026-04-05 10:59:00,A69 ,164.0,12.86,12.76,5.76,1.45,9.0
118,2026-04-05,TB2632,2026-04-05 09:29:00,2026-04-05 09:09:00,-20.0,2026-04-05 09:35:00,2026-04-05 09:44:00,B9  A,114.0,15.19,7.5,6.35,1.31,9.0
118,2026-04-05,TB2662,2026-04-05 09:15:00,2026-04-05 09:04:00,-11.0,2026-04-05 09:22:00,2026-04-05 09:30:00,B34 A,90.0,14.21,6.33,3.83,2.7,8.0
118,2026-04-05,TG934,2026-04-05 09:21:00,2026-04-05 09:16:00,-5.0,2026-04-05 09:38:00,2026-04-05 09:58:00,B38 A,249.0,13.29,18.74,6.53,1.79,20.0
118,2026-04-05,UA950,2026-04-05 12:20:00,2026-04-05 11:58:00,-22.0,2026-04-05 12:14:00,2026-04-05 12:42:00,B37 A,127.0,10.45,12.15,4.74,2.56,28.0
118,2026-04-05,UA994,2026-04-05 11:51:00,2026-04-05 11:37:00,-14.0,2026-04-05 11:55:00,2026-04-05 12:25:00,B40 A,157.0,13.0,12.08,4.63,2.68,30.0
118,2026-04-05,XR5402,2026-04-05 07:46:00,2026-04-05 08:56:00,70.0,2026-04-05 09:23:00,2026-04-05 09:26:00,B5  A,88.0,11.08,7.95,4.97,1.68,3.0
119,2026-04-05,AC832,2026-04-05 09:18:00,2026-04-05 08:45:00,-33.0,2026-04-05 09:06:00,2026-04-05 09:59:00,B28 A,110.0,14.29,7.7,5.39,1.49,53.0
119,2026-04-05,ET750,2026-04-05 11:13:00,2026-04-05 11:34:00,21.0,2026-04-05 12:17:00,2026-04-05 13:03:00,B17 A,464.0,13.89,33.42,5.13,1.64,46.0
119,2026-04-05,FH8116,2026-04-05 12:44:00,2026-04-05 12:48:00,4.0,2026-04-05 13:06:00,2026-04-05 13:13:00,B38 A,140.0,10.86,12.9,4.68,2.49,7.0
119,2026-04-05,LH1004,2026-04-05 08:50:00,2026-04-05 08:53:00,3.0,2026-04-05 09:06:00,2026-04-05 09:12:00,A43 ,29.0,15.22,1.91,4.58,1.82,6.0
119,2026-04-05,SN1122,2026-04-05 08:39:00,2026-04-05 09:08:00,29.0,2026-04-05 09:20:00,2026-04-05 09:21:00,B40 A,13.0,11.26,1.15,4.28,2.9,1.0
119,2026-04-05,SN1124,2026-04-05 07:10:00,2026-04-05 07:19:00,9.0,2026-04-05 07:32:00,2026-04-05 07:48:00,B30 A,138.0,12.84,10.74,5.39,1.66,16.0
119,2026-04-05,SN206,2026-04-05 06:25:00,2026-04-05 06:48:00,23.0,2026-04-05 07:07:00,2026-04-05 07:30:00,B38 A,154.0,10.68,14.41,4.2,2.78,23.0
119,2026-04-05,SN229,2026-04-05 08:06:00,2026-04-05 09:20:00,74.0,2026-04-05 09:41:00,2026-04-05 10:22:00,B14 A,144.0,11.73,12.28,5.1,1.31,41.0
119,2026-04-05,SN278,2026-04-05 08:43:00,2026-04-05 08:27:00,-16.0,2026-04-05 08:40:00,2026-04-05 09:10:00,B37 A,123.0,14.04,8.76,6.25,1.95,30.0
119,2026-04-05,SN2900,2026-04-05 08:46:00,2026-04-05 08:33:00,-13.0,2026-04-05 08:58:00,2026-04-05 09:02:00,B14 A,79.0,11.97,6.6,6.03,1.11,4.0
119,2026-04-05,SN3326,2026-04-05 07:45:00,2026-04-05 08:05:00,20.0,2026-04-05 08:16:00,2026-04-05 08:36:00,B28 A,123.0,13.6,9.04,5.31,1.51,20.0
119,2026-04-05,SN358,2026-04-05 12:21:00,2026-04-05 12:23:00,2.0,2026-04-05 12:43:00,2026-04-05 13:14:00,B28 A,176.0,10.74,16.38,4.43,1.81,31.0
119,2026-04-05,SN379,2026-04-05 08:11:00,2026-04-05 08:40:00,29.0,2026-04-05 08:59:00,2026-04-05 09:27:00,B28 A,76.0,12.38,6.14,5.77,1.39,28.0
119,2026-04-05,SN3800,2026-04-05 06:15:00,2026-04-05 06:16:00,1.0,2026-04-05 06:28:00,2026-04-05 06:30:00,A65 ,27.0,14.05,1.92,3.73,2.23,2.0
119,2026-04-05,TB1552,2026-04-05 08:29:00,2026-04-05 08:25:00,-4.0,2026-04-05 08:46:00,2026-04-05 08:54:00,A61 ,166.0,9.97,16.65,4.21,1.98,8.0
119,2026-04-05,TB2632,2026-04-05 09:29:00,2026-04-05 09:09:00,-20.0,2026-04-05 09:35:00,2026-04-05 09:44:00,B9  A,114.0,13.7,8.32,5.03,1.66,9.0
119,2026-04-05,TB2662,2026-04-05 09:15:00,2026-04-05 09:04:00,-11.0,2026-04-05 09:22:00,2026-04-05 09:30:00,B34 A,90.0,12.79,7.03,5.68,1.82,8.0
119,2026-04-05,TG934,2026-04-05 12:22:00,2026-04-05 12:26:00,4.0,2026-04-05 12:46:00,2026-04-05 13:15:00,B34 A,260.0,16.96,15.33,4.54,2.28,29.0
119,2026-04-05,UA950,2026-04-05 12:20:00,2026-04-05 11:58:00,-22.0,2026-04-05 12:14:00,2026-04-05 12:42:00,B37 A,127.0,10.21,12.44,6.09,2.0,28.0
119,2026-04-05,UA994,2026-04-05 10:51:00,2026-04-05 10:01:00,-50.0,2026-04-05 10:18:00,2026-04-05 10:42:00,B38 A,177.0,14.45,12.25,4.88,2.39,24.0
119,2026-04-05,XR5402,2026-04-05 07:46:00,2026-04-05 08:56:00,70.0,2026-04-05 09:23:00,2026-04-05 09:26:00,B5  A,88.0,13.88,6.34,5.43,1.53,3.0
120,2026-04-05,AC832,2026-04-05 12:18:00,2026-04-05 11:38:00,-40.0,2026-04-05 11:54:00,2026-04-05 12:17:00,B30 A,100.0,10.02,9.98,4.23,2.11,23.0
120,2026-04-05,ET750,2026-04-05 11:13:00,2026-04-05 11:34:00,21.0,2026-04-05 12:17:00,2026-04-05 13:03:00,B17 A,464.0,12.35,37.56,3.38,2.49,46.0
120,2026-04-05,FH8116,2026-04-05 12:44:00,2026-04-05 12:48:00,4.0,2026-04-05 13:06:00,2026-04-05 13:13:00,B38 A,140.0,10.5,13.33,4.78,2.44,7.0
120,2026-04-05,LH1004,2026-04-05 11:51:00,2026-04-05 11:47:00,-4.0,2026-04-05 12:07:00,2026-04-05 12:12:00,A43 ,23.0,10.58,2.17,4.54,1.84,5.0
120,2026-04-05,SN1122,2026-04-05 08:39:00,2026-04-05 09:08:00,29.0,2026-04-05 09:20:00,2026-04-05 09:21:00,B40 A,13.0,11.9,1.09,4.67,2.66,1.0
120,2026-04-05,SN1124,2026-04-05 07:10:00,2026-04-05 07:19:00,9.0,2026-04-05 07:32:00,2026-04-05 07:48:00,B30 A,138.0,12.42,11.11,4.94,1.81,16.0
120,2026-04-05,SN206,2026-04-05 06:25:00,2026-04-05 06:48:00,23.0,2026-04-05 07:07:00,2026-04-05 07:30:00,B38 A,154.0,13.72,11.22,4.91,2.37,23.0
120,2026-04-05,SN229,2026-04-05 10:04:00,2026-04-05 10:26:00,22.0,2026-04-05 10:41:00,2026-04-05 11:10:00,B31 A,120.0,12.09,9.93,5.4,1.99,29.0
120,2026-04-05,SN278,2026-04-05 10:45:00,2026-04-05 10:42:00,-3.0,2026-04-05 11:04:00,2026-04-05 11:16:00,B28 A,198.0,13.66,14.5,5.46,1.46,12.0
120,2026-04-05,SN2900,2026-04-05 08:46:00,2026-04-05 08:33:00,-13.0,2026-04-05 08:58:00,2026-04-05 09:02:00,B14 A,79.0,12.66,6.24,5.62,1.19,4.0
120,2026-04-05,SN3326,2026-04-05 11:24:00,2026-04-05 11:41:00,17.0,2026-04-05 12:06:00,2026-04-05 12:12:00,B14 A,111.0,11.07,10.03,5.14,1.3,6.0
120,2026-04-05,SN358,2026-04-05 08:21:00,2026-04-05 08:24:00,3.0,2026-04-05 08:42:00,2026-04-05 09:09:00,B14 A,112.0,12.18,9.2,4.88,1.37,27.0
120,2026-04-05,SN379,2026-04-05 10:10:00,2026-04-05 11:03:00,53.0,2026-04-05 11:42:00,2026-04-05 12:19:00,B29 A,161.0,13.78,11.68,5.09,1.93,37.0
120,2026-04-05,SN3800,2026-04-05 06:15:00,2026-04-05 06:16:00,1.0,2026-04-05 06:28:00,2026-04-05 06:30:00,A65 ,27.0,12.36,2.18,4.65,1.79,2.0
120,2026-04-05,TB1552,2026-04-05 07:15:00,2026-04-05 07:08:00,-7.0,2026-04-05 07:38:00,2026-04-05 07:45:00,A61 ,152.0,12.28,12.38,4.91,1.7,7.0
120,2026-04-05,TB2632,2026-04-05 09:29:00,2026-04-05 09:09:00,-20.0,2026-04-05 09:35:00,2026-04-05 09:44:00,B9  A,114.0,14.84,7.68,5.04,1.65,9.0
120,2026-04-05,TB2662,2026-04-05 09:15:00,2026-04-05 09:04:00,-11.0,2026-04-05 09:22:00,2026-04-05 09:30:00,B34 A,90.0,12.03,7.48,5.62,1.84,8.0
120,2026-04-05,TG934,2026-04-05 09:21:00,2026-04-05 09:16:00,-5.0,2026-04-05 09:38:00,2026-04-05 09:58:00,B38 A,249.0,13.24,18.81,4.43,2.63,20.0
120,2026-04-05,UA950,2026-04-05 10:20:00,2026-04-05 09:58:00,-22.0,2026-04-05 10:24:00,2026-04-05 10:51:00,B40 A,188.0,12.18,15.44,4.35,2.86,27.0
120,2026-04-05,UA994,2026-04-05 12:51:00,2026-04-05 12:35:00,-16.0,2026-04-05 12:54:00,2026-04-05 13:24:00,B38 A,109.0,9.47,11.51,4.59,2.54,30.0
120,2026-04-05,XR5402,2026-04-05 07:46:00,2026-04-05 08:56:00,70.0,2026-04-05 09:23:00,2026-04-05 09:26:00,B5  A,88.0,11.76,7.48,5.26,1.59,3.0
121,2026-04-05,AC832,2026-04-05 10:17:00,2026-04-05 10:43:00,26.0,2026-04-05 11:00:00,2026-04-05 11:34:00,B14 A,172.0,14.55,11.82,4.13,1.62,34.0
121,2026-04-05,ET750,2026-04-05 11:13:00,2026-04-05 11:34:00,21.0,2026-04-05 12:17:00,2026-04-05 13:03:00,B17 A,464.0,13.24,35.03,5.16,1.63,46.0
121,2026-04-05,FH8116,2026-04-05 06:35:00,2026-04-05 06:00:00,-35.0,2026-04-05 06:07:00,2026-04-05 06:09:00,B15 A,22.0,11.85,1.86,4.66,1.66,2.0
121,2026-04-05,LH1004,2026-04-05 12:50:00,2026-04-05 12:50:00,0.0,2026-04-05 13:03:00,2026-04-05 13:30:00,A43 ,40.0,12.34,3.24,5.25,1.59,27.0
121,2026-04-05,SN1122,2026-04-05 08:39:00,2026-04-05 09:08:00,29.0,2026-04-05 09:20:00,2026-04-05 09:21:00,B40 A,13.0,12.13,1.07,5.31,2.34,1.0
121,2026-04-05,SN1124,2026-04-05 07:10:00,2026-04-05 07:19:00,9.0,2026-04-05 07:32:00,2026-04-05 07:48:00,B30 A,138.0,13.01,10.61,4.24,2.1,16.0
121,2026-04-05,SN206,2026-04-05 06:25:00,2026-04-05 06:48:00,23.0,2026-04-05 07:07:00,2026-04-05 07:30:00,B38 A,154.0,16.05,9.6,4.58,2.55,23.0
121,2026-04-05,SN229,2026-04-05 10:04:00,2026-04-05 10:26:00,22.0,2026-04-05 10:41:00,2026-04-05 11:10:00,B31 A,120.0,14.58,8.23,5.57,1.93,29.0
121,2026-04-05,SN278,2026-04-05 10:45:00,2026-04-05 10:42:00,-3.0,2026-04-05 11:04:00,2026-04-05 11:16:00,B28 A,198.0,11.37,17.41,4.46,1.79,12.0
121,2026-04-05,SN2900,2026-04-05 08:46:00,2026-04-05 08:33:00,-13.0,2026-04-05 08:58:00,2026-04-05 09:02:00,B14 A,79.0,10.27,7.7,5.06,1.32,4.0
121,2026-04-05,SN3326,2026-04-05 11:24:00,2026-04-05 11:41:00,17.0,2026-04-05 12:06:00,2026-04-05 12:12:00,B14 A,111.0,13.98,7.94,4.06,1.64,6.0
121,2026-04-05,SN358,2026-04-05 12:21:00,2026-04-05 12:23:00,2.0,2026-04-05 12:43:00,2026-04-05 13:14:00,B28 A,176.0,9.56,18.4,5.33,1.5,31.0
121,2026-04-05,SN379,2026-04-05 08:11:00,2026-04-05 08:40:00,29.0,2026-04-05 08:59:00,2026-04-05 09:27:00,B28 A,76.0,13.6,5.59,4.65,1.72,28.0
121,2026-04-05,SN3800,2026-04-05 06:15:00,2026-04-05 06:16:00,1.0,2026-04-05 06:28:00,2026-04-05 06:30:00,A65 ,27.0,14.27,1.89,5.82,1.43,2.0
121,2026-04-05,TB1552,2026-04-05 10:15:00,2026-04-05 10:31:00,16.0,2026-04-05 10:50:00,2026-04-05 10:59:00,A69 ,164.0,12.82,12.79,5.0,1.67,9.0
121,2026-04-05,TB2632,2026-04-05 09:29:00,2026-04-05 09:09:00,-20.0,2026-04-05 09:35:00,2026-04-05 09:44:00,B9  A,114.0,15.08,7.56,5.03,1.66,9.0
121,2026-04-05,TB2662,2026-04-05 09:15:00,2026-04-05 09:04:00,-11.0,2026-04-05 09:22:00,2026-04-05 09:30:00,B34 A,90.0,16.39,5.49,5.14,2.01,8.0
121,2026-04-05,TG934,2026-04-05 09:21:00,2026-04-05 09:16:00,-5.0,2026-04-05 09:38:00,2026-04-05 09:58:00,B38 A,249.0,13.69,18.19,5.0,2.34,20.0
121,2026-04-05,UA950,2026-04-05 10:20:00,2026-04-05 09:58:00,-22.0,2026-04-05 10:24:00,2026-04-05 10:51:00,B40 A,188.0,13.0,14.46,3.75,3.31,27.0
121,2026-04-05,UA994,2026-04-05 10:51:00,2026-04-05 10:01:00,-50.0,2026-04-05 10:18:00,2026-04-05 10:42:00,B38 A,177.0,13.36,13.25,4.97,2.35,24.0
121,2026-04-05,XR5402,2026-04-05 07:46:00,2026-04-05 08:56:00,70.0,2026-04-05 09:23:00,2026-04-05 09:26:00,B5  A,88.0,13.48,6.53,4.68,1.78,3.0
122,2026-04-05,AC832,2026-04-05 10:17:00,2026-04-05 10:43:00,26.0,2026-04-05 11:00:00,2026-04-05 11:34:00,B14 A,172.0,12.43,13.84,5.82,1.15,34.0
122,2026-04-05,ET750,2026-04-05 09:11:00,2026-04-05 09:13:00,2.0,2026-04-05 09:42:00,2026-04-05 10:46:00,B40 A,421.0,16.23,25.93,4.84,2.56,64.0
122,2026-04-05,FH8116,2026-04-05 06:35:00,2026-04-05 06:00:00,-35.0,2026-04-05 06:07:00,2026-04-05 06:09:00,B15 A,22.0,13.06,1.68,4.74,1.63,2.0
122,2026-04-05,LH1004,2026-04-05 08:50:00,2026-04-05 08:53:00,3.0,2026-04-05 09:06:00,2026-04-05 09:12:00,A43 ,29.0,11.02,2.63,4.45,1.87,6.0
122,2026-04-05,SN1122,2026-04-05 08:39:00,2026-04-05 09:08:00,29.0,2026-04-05 09:20:00,2026-04-05 09:21:00,B40 A,13.0,9.56,1.36,6.38,1.95,1.0
122,2026-04-05,SN1124,2026-04-05 07:10:00,2026-04-05 07:19:00,9.0,2026-04-05 07:32:00,2026-04-05 07:48:00,B30 A,138.0,13.59,10.16,4.68,1.9,16.0
122,2026-04-05,SN206,2026-04-05 06:25:00,2026-04-05 06:48:00,23.0,2026-04-05 07:07:00,2026-04-05 07:30:00,B38 A,154.0,11.81,13.04,5.31,2.2,23.0
122,2026-04-05,SN229,2026-04-05 10:04:00,2026-04-05 10:26:00,22.0,2026-04-05 10:41:00,2026-04-05 11:10:00,B31 A,120.0,13.36,8.98,5.53,1.94,29.0
122,2026-04-05,SN278,2026-04-05 10:45:00,2026-04-05 10:42:00,-3.0,2026-04-05 11:04:00,2026-04-05 11:16:00,B28 A,198.0,12.75,15.53,3.93,2.04,12.0
122,2026-04-05,SN2900,2026-04-05 07:39:00,2026-04-05 07:25:00,-14.0,2026-04-05 07:38:00,2026-04-05 07:53:00,B38 A,55.0,12.63,4.35,4.63,2.52,15.0
122,2026-04-05,SN3326,2026-04-05 11:24:00,2026-04-05 11:41:00,17.0,2026-04-05 12:06:00,2026-04-05 12:12:00,B14 A,111.0,14.97,7.41,5.17,1.29,6.0
122,2026-04-05,SN358,2026-04-05 08:21:00,2026-04-05 08:24:00,3.0,2026-04-05 08:42:00,2026-04-05 09:09:00,B14 A,112.0,12.53,8.94,5.62,1.19,27.0
122,2026-04-05,SN379,2026-04-05 10:10:00,2026-04-05 11:03:00,53.0,2026-04-05 11:42:00,2026-04-05 12:19:00,B29 A,161.0,11.75,13.7,5.2,1.89,37.0
122,2026-04-05,SN3800,2026-04-05 06:15:00,2026-04-05 06:16:00,1.0,2026-04-05 06:28:00,2026-04-05 06:30:00,A65 ,27.0,11.66,2.32,4.46,1.87,2.0
122,2026-04-05,TB1552,2026-04-05 07:15:00,2026-04-05 07:08:00,-7.0,2026-04-05 07:38:00,2026-04-05 07:45:00,A61 ,152.0,11.71,12.98,4.15,2.01,7.0
122,2026-04-05,TB2632,2026-04-05 09:29:00,2026-04-05 09:09:00,-20.0,2026-04-05 09:35:00,2026-04-05 09:44:00,B9  A,114.0,11.49,9.92,5.53,1.51,9.0
122,2026-04-05,TB2662,2026-04-05 09:15:00,2026-04-05 09:04:00,-11.0,2026-04-05 09:22:00,2026-04-05 09:30:00,B34 A,90.0,11.5,7.82,4.79,2.16,8.0
122,2026-04-05,TG934,2026-04-05 09:21:00,2026-04-05 09:16:00,-5.0,2026-04-05 09:38:00,2026-04-05 09:58:00,B38 A,249.0,13.1,19.01,5.13,2.27,20.0
122,2026-04-05,UA950,2026-04-05 12:20:00,2026-04-05 11:58:00,-22.0,2026-04-05 12:14:00,2026-04-05 12:42:00,B37 A,127.0,15.89,7.99,5.11,2.38,28.0
122,2026-04-05,UA994,2026-04-05 08:51:00,2026-04-05 08:32:00,-19.0,2026-04-05 08:52:00,2026-04-05 09:25:00,B40 A,171.0,14.33,11.94,4.19,2.96,33.0
122,2026-04-05,XR5402,2026-04-05 07:46:00,2026-04-05 08:56:00,70.0,2026-04-05 09:23:00,2026-04-05 09:26:00,B5  A,88.0,11.57,7.61,5.12,1.63,3.0
123,2026-04-05,AC832,2026-04-05 11:16:00,2026-04-05 10:39:00,-37.0,2026-04-05 10:54:00,2026-04-05 11:24:00,B5  A,101.0,13.06,7.74,5.2,1.6,30.0
123,2026-04-05,ET750,2026-04-05 11:13:00,2026-04-05 11:34:00,21.0,2026-04-05 12:17:00,2026-04-05 13:03:00,B17 A,464.0,16.28,28.5,5.75,1.46,46.0
123,2026-04-05,FH8116,2026-04-05 12:44:00,2026-04-05 12:48:00,4.0,2026-04-05 13:06:00,2026-04-05 13:13:00,B38 A,140.0,12.32,11.36,4.51,2.59,7.0
123,2026-04-05,LH1004,2026-04-05 11:51:00,2026-04-05 11:47:00,-4.0,2026-04-05 12:07:00,2026-04-05 12:12:00,A43 ,23.0,12.05,1.91,5.05,1.65,5.0
123,2026-04-05,SN1122,2026-04-05 08:39:00,2026-04-05 09:08:00,29.0,2026-04-05 09:20:00,2026-04-05 09:21:00,B40 A,13.0,12.62,1.03,4.2,2.96,1.0
123,2026-04-05,SN1124,2026-04-05 07:10:00,2026-04-05 07:19:00,9.0,2026-04-05 07:32:00,2026-04-05 07:48:00,B30 A,138.0,13.25,10.42,4.84,1.84,16.0
123,2026-04-05,SN206,2026-04-05 06:25:00,2026-04-05 06:48:00,23.0,2026-04-05 07:07:00,2026-04-05 07:30:00,B38 A,154.0,14.79,10.41,4.41,2.65,23.0
123,2026-04-05,SN229,2026-04-05 10:04:00,2026-04-05 10:26:00,22.0,2026-04-05 10:41:00,2026-04-05 11:10:00,B31 A,120.0,11.68,10.28,4.09,2.63,29.0
123,2026-04-05,SN278,2026-04-05 10:45:00,2026-04-05 10:42:00,-3.0,2026-04-05 11:04:00,2026-04-05 11:16:00,B28 A,198.0,14.57,13.59,4.97,1.61,12.0
123,2026-04-05,SN2900,2026-04-05 10:44:00,2026-04-05 11:04:00,20.0,2026-04-05 11:13:00,2026-04-05 11:34:00,B32 A,49.0,11.72,4.18,3.79,2.55,21.0
123,2026-04-05,SN3326,2026-04-05 11:24:00,2026-04-05 11:41:00,17.0,2026-04-05 12:06:00,2026-04-05 12:12:00,B14 A,111.0,13.44,8.26,5.52,1.21,6.0
123,2026-04-05,SN358,2026-04-05 08:21:00,2026-04-05 08:24:00,3.0,2026-04-05 08:42:00,2026-04-05 09:09:00,B14 A,112.0,14.41,7.77,4.8,1.39,27.0
123,2026-04-05,SN379,2026-04-05 10:10:00,2026-04-05 11:03:00,53.0,2026-04-05 11:42:00,2026-04-05 12:19:00,B29 A,161.0,11.19,14.39,4.84,2.03,37.0
123,2026-04-05,SN3800,2026-04-05 06:15:00,2026-04-05 06:16:00,1.0,2026-04-05 06:28:00,2026-04-05 06:30:00,A65 ,27.0,14.89,1.81,5.52,1.51,2.0
123,2026-04-05,TB1552,2026-04-05 10:15:00,2026-04-05 10:31:00,16.0,2026-04-05 10:50:00,2026-04-05 10:59:00,A69 ,164.0,14.23,11.53,4.16,2.0,9.0
123,2026-04-05,TB2632,2026-04-05 09:29:00,2026-04-05 09:09:00,-20.0,2026-04-05 09:35:00,2026-04-05 09:44:00,B9  A,114.0,10.74,10.61,5.04,1.65,9.0
123,2026-04-05,TB2662,2026-04-05 09:15:00,2026-04-05 09:04:00,-11.0,2026-04-05 09:22:00,2026-04-05 09:30:00,B34 A,90.0,16.13,5.58,4.55,2.27,8.0
123,2026-04-05,TG934,2026-04-05 12:22:00,2026-04-05 12:26:00,4.0,2026-04-05 12:46:00,2026-04-05 13:15:00,B34 A,260.0,14.75,17.63,6.16,1.68,29.0
123,2026-04-05,UA950,2026-04-05 12:20:00,2026-04-05 11:58:00,-22.0,2026-04-05 12:14:00,2026-04-05 12:42:00,B37 A,127.0,11.45,11.1,5.11,2.38,28.0
123,2026-04-05,UA994,2026-04-05 08:51:00,2026-04-05 08:32:00,-19.0,2026-04-05 08:52:00,2026-04-05 09:25:00,B40 A,171.0,15.2,11.25,4.66,2.66,33.0
123,2026-04-05,XR5402,2026-04-05 07:46:00,2026-04-05 08:56:00,70.0,2026-04-05 09:23:00,2026-04-05 09:26:00,B5  A,88.0,13.51,6.51,5.46,1.53,3.0
124,2026-04-05,AC832,2026-04-05 11:16:00,2026-04-05 10:39:00,-37.0,2026-04-05 10:54:00,2026-04-05 11:24:00,B5  A,101.0,12.26,8.24,5.07,1.64,30.0
124,2026-04-05,ET750,2026-04-05 11:13:00,2026-04-05 11:34:00,21.0,2026-04-05 12:17:00,2026-04-05 13:03:00,B17 A,464.0,12.04,38.52,5.86,1.44,46.0
124,2026-04-05,FH8116,2026-04-05 06:35:00,2026-04-05 06:00:00,-35.0,2026-04-05 06:07:00,2026-04-05 06:09:00,B15 A,22.0,10.79,2.04,6.13,1.26,2.0
124,2026-04-05,LH1004,2026-04-05 08:50:00,2026-04-05 08:53:00,3.0,2026-04-05 09:06:00,2026-04-05 09:12:00,A43 ,29.0,13.26,2.19,5.45,1.53,6.0
124,2026-04-05,SN1122,2026-04-05 08:39:00,2026-04-05 09:08:00,29.0,2026-04-05 09:20:00,2026-04-05 09:21:00,B40 A,13.0,15.95,0.81,4.84,2.56,1.0
124,2026-04-05,SN1124,2026-04-05 07:10:00,2026-04-05 07:19:00,9.0,2026-04-05 07:32:00,2026-04-05 07:48:00,B30 A,138.0,12.83,10.76,4.92,1.81,16.0
124,2026-04-05,SN206,2026-04-05 06:25:00,2026-04-05 06:48:00,23.0,2026-04-05 07:07:00,2026-04-05 07:30:00,B38 A,154.0,12.39,12.43,5.62,2.08,23.0
124,2026-04-05,SN229,2026-04-05 12:06:00,2026-04-05 12:12:00,6.0,2026-04-05 12:39:00,2026-04-05 13:03:00,B28 A,20.0,12.1,1.65,5.33,1.5,24.0
124,2026-04-05,SN278,2026-04-05 08:43:00,2026-04-05 08:27:00,-16.0,2026-04-05 08:40:00,2026-04-05 09:10:00,B37 A,123.0,14.07,8.74,5.57,2.19,30.0
124,2026-04-05,SN2900,2026-04-05 10:44:00,2026-04-05 11:04:00,20.0,2026-04-05 11:13:00,2026-04-05 11:34:00,B32 A,49.0,15.01,3.26,4.7,2.06,21.0
124,2026-04-05,SN3326,2026-04-05 11:24:00,2026-04-05 11:41:00,17.0,2026-04-05 12:06:00,2026-04-05 12:12:00,B14 A,111.0,16.11,6.89,5.47,1.22,6.0
124,2026-04-05,SN358,2026-04-05 08:21:00,2026-04-05 08:24:00,3.0,2026-04-05 08:42:00,2026-04-05 09:09:00,B14 A,112.0,14.33,7.82,5.1,1.31,27.0
124,2026-04-05,SN379,2026-04-05 08:11:00,2026-04-05 08:40:00,29.0,2026-04-05 08:59:00,2026-04-05 09:27:00,B28 A,76.0,14.95,5.08,4.78,1.67,28.0
124,2026-04-05,SN3800,2026-04-05 06:15:00,2026-04-05 06:16:00,1.0,2026-04-05 06:28:00,2026-04-05 06:30:00,A65 ,27.0,13.51,2.0,5.18,1.61,2.0
124,2026-04-05,TB1552,2026-04-05 10:15:00,2026-04-05 10:31:00,16.0,2026-04-05 10:50:00,2026-04-05 10:59:00,A69 ,164.0,13.08,12.54,4.43,1.88,9.0
124,2026-04-05,TB2632,2026-04-05 09:29:00,2026-04-05 09:09:00,-20.0,2026-04-05 09:35:00,2026-04-05 09:44:00,B9  A,114.0,11.76,9.7,4.69,1.78,9.0
124,2026-04-05,TB2662,2026-04-05 09:15:00,2026-04-05 09:04:00,-11.0,2026-04-05 09:22:00,2026-04-05 09:30:00,B34 A,90.0,11.32,7.95,5.19,1.99,8.0
124,2026-04-05,TG934,2026-04-05 09:21:00,2026-04-05 09:16:00,-5.0,2026-04-05 09:38:00,2026-04-05 09:58:00,B38 A,249.0,15.56,16.01,5.2,2.24,20.0
124,2026-04-05,UA950,2026-04-05 09:21:00,2026-04-05 08:45:00,-36.0,2026-04-05 09:03:00,2026-04-05 09:29:00,B5  A,163.0,14.49,11.25,4.75,1.75,26.0
124,2026-04-05,UA994,2026-04-05 11:51:00,2026-04-05 11:37:00,-14.0,2026-04-05 11:55:00,2026-04-05 12:25:00,B40 A,157.0,13.82,11.36,5.1,2.43,30.0
124,2026-04-05,XR5402,2026-04-05 07:46:00,2026-04-05 08:56:00,70.0,2026-04-05 09:23:00,2026-04-05 09:26:00,B5  A,88.0,11.75,7.49,4.29,1.94,3.0
125,2026-04-05,AC832,2026-04-05 08:17:00,2026-04-05 07:46:00,-31.0,2026-04-05 08:02:00,2026-04-05 08:29:00,B30 A,122.0,16.76,7.28,4.64,1.92,27.0
125,2026-04-05,ET750,2026-04-05 11:13:00,2026-04-05 11:34:00,21.0,2026-04-05 12:17:00,2026-04-05 13:03:00,B17 A,464.0,14.53,31.94,4.69,1.8,46.0
125,2026-04-05,FH8116,2026-04-05 06:35:00,2026-04-05 06:00:00,-35.0,2026-04-05 06:07:00,2026-04-05 06:09:00,B15 A,22.0,15.1,1.46,4.23,1.83,2.0
125,2026-04-05,LH1004,2026-04-05 11:51:00,2026-04-05 11:47:00,-4.0,2026-04-05 12:07:00,2026-04-05 12:12:00,A43 ,23.0,15.5,1.48,5.51,1.51,5.0
125,2026-04-05,SN1122,2026-04-05 08:39:00,2026-04-05 09:08:00,29.0,2026-04-05 09:20:00,2026-04-05 09:21:00,B40 A,13.0,12.86,1.01,5.88,2.11,1.0
125,2026-04-05,SN1124,2026-04-05 07:10:00,2026-04-05 07:19:00,9.0,2026-04-05 07:32:00,2026-04-05 07:48:00,B30 A,138.0,12.35,11.18,4.97,1.79,16.0
125,2026-04-05,SN206,2026-04-05 06:25:00,2026-04-05 06:48:00,23.0,2026-04-05 07:07:00,2026-04-05 07:30:00,B38 A,154.0,12.27,12.55,3.28,3.55,23.0
125,2026-04-05,SN229,2026-04-05 12:06:00,2026-04-05 12:12:00,6.0,2026-04-05 12:39:00,2026-04-05 13:03:00,B28 A,20.0,11.85,1.69,4.72,1.69,24.0
125,2026-04-05,SN278,2026-04-05 08:43:00,2026-04-05 08:27:00,-16.0,2026-04-05 08:40:00,2026-04-05 09:10:00,B37 A,123.0,11.73,10.49,5.14,2.37,30.0
125,2026-04-05,SN2900,2026-04-05 08:46:00,2026-04-05 08:33:00,-13.0,2026-04-05 08:58:00,2026-04-05 09:02:00,B14 A,79.0,10.45,7.56,5.25,1.27,4.0
125,2026-04-05,SN3326,2026-04-05 11:24:00,2026-04-05 11:41:00,17.0,2026-04-05 12:06:00,2026-04-05 12:12:00,B14 A,111.0,10.91,10.18,4.19,1.59,6.0
125,2026-04-05,SN358,2026-04-05 08:21:00,2026-04-05 08:24:00,3.0,2026-04-05 08:42:00,2026-04-05 09:09:00,B14 A,112.0,12.53,8.94,3.1,2.15,27.0
125,2026-04-05,SN379,2026-04-05 08:11:00,2026-04-05 08:40:00,29.0,2026-04-05 08:59:00,2026-04-05 09:27:00,B28 A,76.0,11.64,6.53,4.49,1.78,28.0
125,2026-04-05,SN3800,2026-04-05 06:15:00,2026-04-05 06:16:00,1.0,2026-04-05 06:28:00,2026-04-05 06:30:00,A65 ,27.0,12.97,2.08,4.29,1.94,2.0
125,2026-04-05,TB1552,2026-04-05 07:47:00,2026-04-05 07:43:00,-4.0,2026-04-05 07:55:00,2026-04-05 07:59:00,A68 ,66.0,12.49,5.28,6.93,1.2,4.0
125,2026-04-05,TB2632,2026-04-05 09:29:00,2026-04-05 09:09:00,-20.0,2026-04-05 09:35:00,2026-04-05 09:44:00,B9  A,114.0,12.39,9.2,4.06,2.05,9.0
125,2026-04-05,TB2662,2026-04-05 09:15:00,2026-04-05 09:04:00,-11.0,2026-04-05 09:22:00,2026-04-05 09:30:00,B34 A,90.0,9.28,9.7,5.23,1.98,8.0
125,2026-04-05,TG934,2026-04-05 12:22:00,2026-04-05 12:26:00,4.0,2026-04-05 12:46:00,2026-04-05 13:15:00,B34 A,260.0,16.73,15.54,6.22,1.66,29.0
125,2026-04-05,UA950,2026-04-05 09:21:00,2026-04-05 08:45:00,-36.0,2026-04-05 09:03:00,2026-04-05 09:29:00,B5  A,163.0,14.08,11.58,5.01,1.66,26.0
125,2026-04-05,UA994,2026-04-05 09:51:00,2026-04-05 11:28:00,97.0,2026-04-05 11:44:00,2026-04-05 12:09:00,B40 A,135.0,13.56,9.96,5.06,2.45,25.0
125,2026-04-05,XR5402,2026-04-05 07:46:00,2026-04-05 08:56:00,70.0,2026-04-05 09:23:00,2026-04-05 09:26:00,B5  A,88.0,15.2,5.79,6.49,1.28,3.0
126,2026-04-05,AC832,2026-04-05 12:18:00,2026-04-05 11:38:00,-40.0,2026-04-05 11:54:00,2026-04-05 12:17:00,B30 A,100.0,11.06,9.05,4.65,1.92,23.0
126,2026-04-05,ET750,2026-04-05 11:13:00,2026-04-05 11:34:00,21.0,2026-04-05 12:17:00,2026-04-05 13:03:00,B17 A,464.0,11.72,39.59,6.33,1.33,46.0
126,2026-04-05,FH8116,2026-04-05 12:44:00,2026-04-05 12:48:00,4.0,2026-04-05 13:06:00,2026-04-05 13:13:00,B38 A,140.0,13.34,10.49,4.02,2.91,7.0
126,2026-04-05,LH1004,2026-04-05 09:50:00,2026-04-05 09:53:00,3.0,2026-04-05 10:20:00,2026-04-05 10:27:00,A43 ,33.0,9.22,3.58,4.41,1.89,7.0
126,2026-04-05,SN1122,2026-04-05 08:39:00,2026-04-05 09:08:00,29.0,2026-04-05 09:20:00,2026-04-05 09:21:00,B40 A,13.0,13.23,0.98,4.17,2.97,1.0
126,2026-04-05,SN1124,2026-04-05 07:10:00,2026-04-05 07:19:00,9.0,2026-04-05 07:32:00,2026-04-05 07:48:00,B30 A,138.0,13.41,10.29,7.14,1.25,16.0
126,2026-04-05,SN206,2026-04-05 06:25:00,2026-04-05 06:48:00,23.0,2026-04-05 07:07:00,2026-04-05 07:30:00,B38 A,154.0,12.36,12.46,5.59,2.09,23.0
126,2026-04-05,SN229,2026-04-05 10:04:00,2026-04-05 10:26:00,22.0,2026-04-05 10:41:00,2026-04-05 11:10:00,B31 A,120.0,13.87,8.65,5.13,2.09,29.0
126,2026-04-05,SN278,2026-04-05 12:46:00,2026-04-05 12:41:00,-5.0,2026-04-05 13:04:00,2026-04-05 13:33:00,B31 A,62.0,9.95,6.23,6.35,1.69,29.0
126,2026-04-05,SN2900,2026-04-05 08:46:00,2026-04-05 08:33:00,-13.0,2026-04-05 08:58:00,2026-04-05 09:02:00,B14 A,79.0,10.95,7.21,4.4,1.51,4.0
126,2026-04-05,SN3326,2026-04-05 11:24:00,2026-04-05 11:41:00,17.0,2026-04-05 12:06:00,2026-04-05 12:12:00,B14 A,111.0,11.91,9.32,4.2,1.59,6.0
126,2026-04-05,SN358,2026-04-05 12:21:00,2026-04-05 12:23:00,2.0,2026-04-05 12:43:00,2026-04-05 13:14:00,B28 A,176.0,9.58,18.37,5.23,1.53,31.0
126,2026-04-05,SN379,2026-04-05 10:10:00,2026-04-05 11:03:00,53.0,2026-04-05 11:42:00,2026-04-05 12:19:00,B29 A,161.0,10.23,15.74,4.79,2.05,37.0
126,2026-04-05,SN3800,2026-04-05 06:15:00,2026-04-05 06:16:00,1.0,2026-04-05 06:28:00,2026-04-05 06:30:00,A65 ,27.0,13.3,2.03,3.47,2.4,2.0
126,2026-04-05,TB1552,2026-04-05 10:15:00,2026-04-05 10:31:00,16.0,2026-04-05 10:50:00,2026-04-05 10:59:00,A69 ,164.0,13.65,12.01,4.65,1.79,9.0
126,2026-04-05,TB2632,2026-04-05 09:29:00,2026-04-05 09:09:00,-20.0,2026-04-05 09:35:00,2026-04-05 09:44:00,B9  A,114.0,12.6,9.05,5.88,1.42,9.0
126,2026-04-05,TB2662,2026-04-05 09:15:00,2026-04-05 09:04:00,-11.0,2026-04-05 09:22:00,2026-04-05 09:30:00,B34 A,90.0,11.83,7.61,4.67,2.21,8.0
126,2026-04-05,TG934,2026-04-05 09:21:00,2026-04-05 09:16:00,-5.0,2026-04-05 09:38:00,2026-04-05 09:58:00,B38 A,249.0,14.22,17.51,4.37,2.67,20.0
126,2026-04-05,UA950,2026-04-05 10:20:00,2026-04-05 09:58:00,-22.0,2026-04-05 10:24:00,2026-04-05 10:51:00,B40 A,188.0,11.52,16.33,5.07,2.45,27.0
126,2026-04-05,UA994,2026-04-05 08:51:00,2026-04-05 08:32:00,-19.0,2026-04-05 08:52:00,2026-04-05 09:25:00,B40 A,171.0,13.63,12.55,6.33,1.96,33.0
126,2026-04-05,XR5402,2026-04-05 07:46:00,2026-04-05 08:56:00,70.0,2026-04-05 09:23:00,2026-04-05 09:26:00,B5  A,88.0,12.32,7.14,5.64,1.48,3.0
127,2026-04-05,AC832,2026-04-05 11:16:00,2026-04-05 10:39:00,-37.0,2026-04-05 10:54:00,2026-04-05 11:24:00,B5  A,101.0,12.41,8.14,4.92,1.69,30.0
127,2026-04-05,ET750,2026-04-05 11:13:00,2026-04-05 11:34:00,21.0,2026-04-05 12:17:00,2026-04-05 13:03:00,B17 A,464.0,11.77,39.42,6.3,1.34,46.0
127,2026-04-05,FH8116,2026-04-05 12:44:00,2026-04-05 12:48:00,4.0,2026-04-05 13:06:00,2026-04-05 13:13:00,B38 A,140.0,12.97,10.8,6.48,1.8,7.0
127,2026-04-05,LH1004,2026-04-05 11:51:00,2026-04-05 11:47:00,-4.0,2026-04-05 12:07:00,2026-04-05 12:12:00,A43 ,23.0,11.79,1.95,5.7,1.46,5.0
127,2026-04-05,SN1122,2026-04-05 08:39:00,2026-04-05 09:08:00,29.0,2026-04-05 09:20:00,2026-04-05 09:21:00,B40 A,13.0,11.9,1.09,5.67,2.19,1.0
127,2026-04-05,SN1124,2026-04-05 07:10:00,2026-04-05 07:19:00,9.0,2026-04-05 07:32:00,2026-04-05 07:48:00,B30 A,138.0,15.29,9.02,5.31,1.68,16.0
127,2026-04-05,SN206,2026-04-05 06:25:00,2026-04-05 06:48:00,23.0,2026-04-05 07:07:00,2026-04-05 07:30:00,B38 A,154.0,13.47,11.43,4.54,2.57,23.0
127,2026-04-05,SN229,2026-04-05 08:06:00,2026-04-05 09:20:00,74.0,2026-04-05 09:41:00,2026-04-05 10:22:00,B14 A,144.0,13.95,10.32,5.1,1.31,41.0
127,2026-04-05,SN278,2026-04-05 10:45:00,2026-04-05 10:42:00,-3.0,2026-04-05 11:04:00,2026-04-05 11:16:00,B28 A,198.0,11.43,17.33,5.16,1.55,12.0
127,2026-04-05,SN2900,2026-04-05 08:46:00,2026-04-05 08:33:00,-13.0,2026-04-05 08:58:00,2026-04-05 09:02:00,B14 A,79.0,15.29,5.17,4.92,1.36,4.0
127,2026-04-05,SN3326,2026-04-05 07:45:00,2026-04-05 08:05:00,20.0,2026-04-05 08:16:00,2026-04-05 08:36:00,B28 A,123.0,13.97,8.8,5.93,1.35,20.0
127,2026-04-05,SN358,2026-04-05 10:21:00,2026-04-05 11:13:00,52.0,2026-04-05 11:43:00,2026-04-05 12:03:00,B38 A,126.0,14.38,8.76,4.39,2.65,20.0
127,2026-04-05,SN379,2026-04-05 08:11:00,2026-04-05 08:40:00,29.0,2026-04-05 08:59:00,2026-04-05 09:27:00,B28 A,76.0,8.71,8.73,4.67,1.71,28.0
127,2026-04-05,SN3800,2026-04-05 06:15:00,2026-04-05 06:16:00,1.0,2026-04-05 06:28:00,2026-04-05 06:30:00,A65 ,27.0,12.07,2.24,4.89,1.71,2.0
127,2026-04-05,TB1552,2026-04-05 07:47:00,2026-04-05 07:43:00,-4.0,2026-04-05 07:55:00,2026-04-05 07:59:00,A68 ,66.0,9.28,7.11,5.43,1.53,4.0
127,2026-04-05,TB2632,2026-04-05 09:29:00,2026-04-05 09:09:00,-20.0,2026-04-05 09:35:00,2026-04-05 09:44:00,B9  A,114.0,12.42,9.18,4.28,1.95,9.0
127,2026-04-05,TB2662,2026-04-05 09:15:00,2026-04-05 09:04:00,-11.0,2026-04-05 09:22:00,2026-04-05 09:30:00,B34 A,90.0,11.68,7.7,5.99,1.72,8.0
127,2026-04-05,TG934,2026-04-05 12:22:00,2026-04-05 12:26:00,4.0,2026-04-05 12:46:00,2026-04-05 13:15:00,B34 A,260.0,14.65,17.74,5.64,1.83,29.0
127,2026-04-05,UA950,2026-04-05 11:22:00,2026-04-05 11:02:00,-20.0,2026-04-05 11:22:00,2026-04-05 11:45:00,B28 A,170.0,12.27,13.85,5.62,1.42,23.0
127,2026-04-05,UA994,2026-04-05 11:51:00,2026-04-05 11:37:00,-14.0,2026-04-05 11:55:00,2026-04-05 12:25:00,B40 A,157.0,13.24,11.86,4.72,2.63,30.0
127,2026-04-05,XR5402,2026-04-05 07:46:00,2026-04-05 08:56:00,70.0,2026-04-05 09:23:00,2026-04-05 09:26:00,B5  A,88.0,10.89,8.08,5.17,1.61,3.0
128,2026-04-05,AC832,2026-04-05 12:18:00,2026-04-05 11:38:00,-40.0,2026-04-05 11:54:00,2026-04-05 12:17:00,B30 A,100.0,12.19,8.2,4.57,1.95,23.0
128,2026-04-05,ET750,2026-04-05 11:13:00,2026-04-05 11:34:00,21.0,2026-04-05 12:17:00,2026-04-05 13:03:00,B17 A,464.0,11.74,39.53,4.47,1.88,46.0
128,2026-04-05,FH8116,2026-04-05 06:35:00,2026-04-05 06:00:00,-35.0,2026-04-05 06:07:00,2026-04-05 06:09:00,B15 A,22.0,12.9,1.71,4.12,1.88,2.0
128,2026-04-05,LH1004,2026-04-05 09:50:00,2026-04-05 09:53:00,3.0,2026-04-05 10:20:00,2026-04-05 10:27:00,A43 ,33.0,11.56,2.85,3.42,2.43,7.0
128,2026-04-05,SN1122,2026-04-05 08:39:00,2026-04-05 09:08:00,29.0,2026-04-05 09:20:00,2026-04-05 09:21:00,B40 A,13.0,13.52,0.96,4.59,2.7,1.0
128,2026-04-05,SN1124,2026-04-05 07:10:00,2026-04-05 07:19:00,9.0,2026-04-05 07:32:00,2026-04-05 07:48:00,B30 A,138.0,13.18,10.47,4.79,1.86,16.0
128,2026-04-05,SN206,2026-04-05 06:25:00,2026-04-05 06:48:00,23.0,2026-04-05 07:07:00,2026-04-05 07:30:00,B38 A,154.0,12.59,12.24,4.18,2.79,23.0
128,2026-04-05,SN229,2026-04-05 10:04:00,2026-04-05 10:26:00,22.0,2026-04-05 10:41:00,2026-04-05 11:10:00,B31 A,120.0,11.57,10.37,5.06,2.12,29.0
128,2026-04-05,SN278,2026-04-05 12:46:00,2026-04-05 12:41:00,-5.0,2026-04-05 13:04:00,2026-04-05 13:33:00,B31 A,62.0,13.33,4.65,5.41,1.99,29.0
128,2026-04-05,SN2900,2026-04-05 08:46:00,2026-04-05 08:33:00,-13.0,2026-04-05 08:58:00,2026-04-05 09:02:00,B14 A,79.0,11.85,6.67,5.41,1.23,4.0
128,2026-04-05,SN3326,2026-04-05 07:45:00,2026-04-05 08:05:00,20.0,2026-04-05 08:16:00,2026-04-05 08:36:00,B28 A,123.0,14.12,8.71,5.47,1.46,20.0
128,2026-04-05,SN358,2026-04-05 08:21:00,2026-04-05 08:24:00,3.0,2026-04-05 08:42:00,2026-04-05 09:09:00,B14 A,112.0,10.62,10.54,5.9,1.13,27.0
128,2026-04-05,SN379,2026-04-05 10:10:00,2026-04-05 11:03:00,53.0,2026-04-05 11:42:00,2026-04-05 12:19:00,B29 A,161.0,11.67,13.8,6.07,1.62,37.0
128,2026-04-05,SN3800,2026-04-05 06:15:00,2026-04-05 06:16:00,1.0,2026-04-05 06:28:00,2026-04-05 06:30:00,A65 ,27.0,11.31,2.39,4.11,2.03,2.0
128,2026-04-05,TB1552,2026-04-05 07:15:00,2026-04-05 07:08:00,-7.0,2026-04-05 07:38:00,2026-04-05 07:45:00,A61 ,152.0,13.55,11.22,4.24,1.96,7.0
128,2026-04-05,TB2632,2026-04-05 09:29:00,2026-04-05 09:09:00,-20.0,2026-04-05 09:35:00,2026-04-05 09:44:00,B9  A,114.0,14.26,8.0,6.14,1.36,9.0
128,2026-04-05,TB2662,2026-04-05 09:15:00,2026-04-05 09:04:00,-11.0,2026-04-05 09:22:00,2026-04-05 09:30:00,B34 A,90.0,10.77,8.36,5.08,2.03,8.0
128,2026-04-05,TG934,2026-04-05 09:21:00,2026-04-05 09:16:00,-5.0,2026-04-05 09:38:00,2026-04-05 09:58:00,B38 A,249.0,16.69,14.92,4.51,2.59,20.0
128,2026-04-05,UA950,2026-04-05 12:20:00,2026-04-05 11:58:00,-22.0,2026-04-05 12:14:00,2026-04-05 12:42:00,B37 A,127.0,14.47,8.77,4.45,2.73,28.0
128,2026-04-05,UA994,2026-04-05 11:51:00,2026-04-05 11:37:00,-14.0,2026-04-05 11:55:00,2026-04-05 12:25:00,B40 A,157.0,11.74,13.37,4.26,2.92,30.0
128,2026-04-05,XR5402,2026-04-05 07:46:00,2026-04-05 08:56:00,70.0,2026-04-05 09:23:00,2026-04-05 09:26:00,B5  A,88.0,13.58,6.48,5.15,1.62,3.0
129,2026-04-05,AC832,2026-04-05 10:17:00,2026-04-05 10:43:00,26.0,2026-04-05 11:00:00,2026-04-05 11:34:00,B14 A,172.0,13.94,12.34,3.47,1.92,34.0
129,2026-04-05,ET750,2026-04-05 11:13:00,2026-04-05 11:34:00,21.0,2026-04-05 12:17:00,2026-04-05 13:03:00,B17 A,464.0,12.4,37.43,3.77,2.23,46.0
129,2026-04-05,FH8116,2026-04-05 06:35:00,2026-04-05 06:00:00,-35.0,2026-04-05 06:07:00,2026-04-05 06:09:00,B15 A,22.0,15.24,1.44,4.66,1.66,2.0
129,2026-04-05,LH1004,2026-04-05 09:50:00,2026-04-05 09:53:00,3.0,2026-04-05 10:20:00,2026-04-05 10:27:00,A43 ,33.0,12.97,2.54,4.83,1.72,7.0
129,2026-04-05,SN1122,2026-04-05 08:39:00,2026-04-05 09:08:00,29.0,2026-04-05 09:20:00,2026-04-05 09:21:00,B40 A,13.0,11.02,1.18,5.08,2.45,1.0
129,2026-04-05,SN1124,2026-04-05 07:10:00,2026-04-05 07:19:00,9.0,2026-04-05 07:32:00,2026-04-05 07:48:00,B30 A,138.0,15.11,9.13,3.83,2.33,16.0
129,2026-04-05,SN206,2026-04-05 06:25:00,2026-04-05 06:48:00,23.0,2026-04-05 07:07:00,2026-04-05 07:30:00,B38 A,154.0,9.89,15.57,3.44,3.39,23.0
129,2026-04-05,SN229,2026-04-05 08:06:00,2026-04-05 09:20:00,74.0,2026-04-05 09:41:00,2026-04-05 10:22:00,B14 A,144.0,9.88,14.58,4.62,1.44,41.0
129,2026-04-05,SN278,2026-04-05 12:46:00,2026-04-05 12:41:00,-5.0,2026-04-05 13:04:00,2026-04-05 13:33:00,B31 A,62.0,13.66,4.54,4.22,2.55,29.0
129,2026-04-05,SN2900,2026-04-05 07:39:00,2026-04-05 07:25:00,-14.0,2026-04-05 07:38:00,2026-04-05 07:53:00,B38 A,55.0,12.31,4.47,5.31,2.2,15.0
129,2026-04-05,SN3326,2026-04-05 11:24:00,2026-04-05 11:41:00,17.0,2026-04-05 12:06:00,2026-04-05 12:12:00,B14 A,111.0,11.12,9.98,4.78,1.39,6.0
129,2026-04-05,SN358,2026-04-05 12:21:00,2026-04-05 12:23:00,2.0,2026-04-05 12:43:00,2026-04-05 13:14:00,B28 A,176.0,11.15,15.79,4.79,1.67,31.0
129,2026-04-05,SN379,2026-04-05 10:10:00,2026-04-05 11:03:00,53.0,2026-04-05 11:42:00,2026-04-05 12:19:00,B29 A,161.0,14.25,11.3,4.33,2.27,37.0
129,2026-04-05,SN3800,2026-04-05 06:15:00,2026-04-05 06:16:00,1.0,2026-04-05 06:28:00,2026-04-05 06:30:00,A65 ,27.0,14.49,1.86,6.3,1.32,2.0
129,2026-04-05,TB1552,2026-04-05 08:29:00,2026-04-05 08:25:00,-4.0,2026-04-05 08:46:00,2026-04-05 08:54:00,A61 ,166.0,15.17,10.95,5.84,1.43,8.0
129,2026-04-05,TB2632,2026-04-05 09:29:00,2026-04-05 09:09:00,-20.0,2026-04-05 09:35:00,2026-04-05 09:44:00,B9  A,114.0,15.23,7.49,4.74,1.76,9.0
129,2026-04-05,TB2662,2026-04-05 09:15:00,2026-04-05 09:04:00,-11.0,2026-04-05 09:22:00,2026-04-05 09:30:00,B34 A,90.0,13.24,6.8,4.6,2.25,8.0
129,2026-04-05,TG934,2026-04-05 09:21:00,2026-04-05 09:16:00,-5.0,2026-04-05 09:38:00,2026-04-05 09:58:00,B38 A,249.0,12.87,19.34,4.64,2.51,20.0
129,2026-04-05,UA950,2026-04-05 09:21:00,2026-04-05 08:45:00,-36.0,2026-04-05 09:03:00,2026-04-05 09:29:00,B5  A,163.0,11.65,13.99,4.1,2.03,26.0
129,2026-04-05,UA994,2026-04-05 12:51:00,2026-04-05 12:35:00,-16.0,2026-04-05 12:54:00,2026-04-05 13:24:00,B38 A,109.0,13.44,8.11,5.08,2.3,30.0
129,2026-04-05,XR5402,2026-04-05 07:46:00,2026-04-05 08:56:00,70.0,2026-04-05 09:23:00,2026-04-05 09:26:00,B5  A,88.0,8.97,9.81,4.26,1.95,3.0
130,2026-04-05,AC832,2026-04-05 11:16:00,2026-04-05 10:39:00,-37.0,2026-04-05 10:54:00,2026-04-05 11:24:00,B5  A,101.0,16.2,6.23,4.82,1.73,30.0
130,2026-04-05,ET750,2026-04-05 11:13:00,2026-04-05 11:34:00,21.0,2026-04-05 12:17:00,2026-04-05 13:03:00,B17 A,464.0,12.06,38.48,5.8,1.45,46.0
130,2026-04-05,FH8116,2026-04-05 12:44:00,2026-04-05 12:48:00,4.0,2026-04-05 13:06:00,2026-04-05 13:13:00,B38 A,140.0,13.69,10.22,5.5,2.12,7.0
130,2026-04-05,LH1004,2026-04-05 09:50:00,2026-04-05 09:53:00,3.0,2026-04-05 10:20:00,2026-04-05 10:27:00,A43 ,33.0,14.15,2.33,5.4,1.54,7.0
130,2026-04-05,SN1122,2026-04-05 08:39:00,2026-04-05 09:08:00,29.0,2026-04-05 09:20:00,2026-04-05 09:21:00,B40 A,13.0,15.85,0.82,4.0,3.1,1.0
130,2026-04-05,SN1124,2026-04-05 07:10:00,2026-04-05 07:19:00,9.0,2026-04-05 07:32:00,2026-04-05 07:48:00,B30 A,138.0,13.04,10.59,4.99,1.79,16.0
130,2026-04-05,SN206,2026-04-05 06:25:00,2026-04-05 06:48:00,23.0,2026-04-05 07:07:00,2026-04-05 07:30:00,B38 A,154.0,12.76,12.07,5.8,2.01,23.0
130,2026-04-05,SN229,2026-04-05 12:06:00,2026-04-05 12:12:00,6.0,2026-04-05 12:39:00,2026-04-05 13:03:00,B28 A,20.0,16.01,1.25,5.93,1.35,24.0
130,2026-04-05,SN278,2026-04-05 08:43:00,2026-04-05 08:27:00,-16.0,2026-04-05 08:40:00,2026-04-05 09:10:00,B37 A,123.0,14.6,8.42,4.7,2.59,30.0
130,2026-04-05,SN2900,2026-04-05 08:46:00,2026-04-05 08:33:00,-13.0,2026-04-05 08:58:00,2026-04-05 09:02:00,B14 A,79.0,12.56,6.29,4.78,1.39,4.0
130,2026-04-05,SN3326,2026-04-05 11:24:00,2026-04-05 11:41:00,17.0,2026-04-05 12:06:00,2026-04-05 12:12:00,B14 A,111.0,11.3,9.82,5.46,1.22,6.0
130,2026-04-05,SN358,2026-04-05 12:21:00,2026-04-05 12:23:00,2.0,2026-04-05 12:43:00,2026-04-05 13:14:00,B28 A,176.0,13.16,13.37,4.44,1.8,31.0
130,2026-04-05,SN379,2026-04-05 08:11:00,2026-04-05 08:40:00,29.0,2026-04-05 08:59:00,2026-04-05 09:27:00,B28 A,76.0,12.91,5.89,4.93,1.62,28.0
130,2026-04-05,SN3800,2026-04-05 06:15:00,2026-04-05 06:16:00,1.0,2026-04-05 06:28:00,2026-04-05 06:30:00,A65 ,27.0,13.6,1.99,5.2,1.6,2.0
130,2026-04-05,TB1552,2026-04-05 07:15:00,2026-04-05 07:08:00,-7.0,2026-04-05 07:38:00,2026-04-05 07:45:00,A61 ,152.0,14.26,10.66,3.7,2.26,7.0
130,2026-04-05,TB2632,2026-04-05 09:29:00,2026-04-05 09:09:00,-20.0,2026-04-05 09:35:00,2026-04-05 09:44:00,B9  A,114.0,14.62,7.8,5.09,1.64,9.0
130,2026-04-05,TB2662,2026-04-05 09:15:00,2026-04-05 09:04:00,-11.0,2026-04-05 09:22:00,2026-04-05 09:30:00,B34 A,90.0,14.98,6.01,4.72,2.19,8.0
130,2026-04-05,TG934,2026-04-05 09:21:00,2026-04-05 09:16:00,-5.0,2026-04-05 09:38:00,2026-04-05 09:58:00,B38 A,249.0,15.71,15.85,3.92,2.98,20.0
130,2026-04-05,UA950,2026-04-05 10:20:00,2026-04-05 09:58:00,-22.0,2026-04-05 10:24:00,2026-04-05 10:51:00,B40 A,188.0,13.68,13.74,5.4,2.3,27.0
130,2026-04-05,UA994,2026-04-05 11:51:00,2026-04-05 11:37:00,-14.0,2026-04-05 11:55:00,2026-04-05 12:25:00,B40 A,157.0,12.2,12.87,5.57,2.23,30.0
130,2026-04-05,XR5402,2026-04-05 07:46:00,2026-04-05 08:56:00,70.0,2026-04-05 09:23:00,2026-04-05 09:26:00,B5  A,88.0,13.98,6.29,4.32,1.93,3.0
131,2026-04-05,AC832,2026-04-05 09:18:00,2026-04-05 08:45:00,-33.0,2026-04-05 09:06:00,2026-04-05 09:59:00,B28 A,110.0,10.27,10.71,4.71,1.7,53.0
131,2026-04-05,ET750,2026-04-05 11:13:00,2026-04-05 11:34:00,21.0,2026-04-05 12:17:00,2026-04-05 13:03:00,B17 A,464.0,12.13,38.26,5.75,1.46,46.0
131,2026-04-05,FH8116,2026-04-05 06:35:00,2026-04-05 06:00:00,-35.0,2026-04-05 06:07:00,2026-04-05 06:09:00,B15 A,22.0,9.1,2.42,3.58,2.16,2.0
131,2026-04-05,LH1004,2026-04-05 11:51:00,2026-04-05 11:47:00,-4.0,2026-04-05 12:07:00,2026-04-05 12:12:00,A43 ,23.0,11.22,2.05,3.97,2.1,5.0
131,2026-04-05,SN1122,2026-04-05 08:39:00,2026-04-05 09:08:00,29.0,2026-04-05 09:20:00,2026-04-05 09:21:00,B40 A,13.0,10.43,1.25,5.27,2.36,1.0
131,2026-04-05,SN1124,2026-04-05 07:10:00,2026-04-05 07:19:00,9.0,2026-04-05 07:32:00,2026-04-05 07:48:00,B30 A,138.0,14.16,9.74,5.9,1.51,16.0
131,2026-04-05,SN206,2026-04-05 06:25:00,2026-04-05 06:48:00,23.0,2026-04-05 07:07:00,2026-04-05 07:30:00,B38 A,154.0,12.34,12.48,6.02,1.94,23.0
131,2026-04-05,SN229,2026-04-05 08:06:00,2026-04-05 09:20:00,74.0,2026-04-05 09:41:00,2026-04-05 10:22:00,B14 A,144.0,12.29,11.72,4.26,1.57,41.0
131,2026-04-05,SN278,2026-04-05 12:46:00,2026-04-05 12:41:00,-5.0,2026-04-05 13:04:00,2026-04-05 13:33:00,B31 A,62.0,14.28,4.34,4.82,2.23,29.0
131,2026-04-05,SN2900,2026-04-05 08:46:00,2026-04-05 08:33:00,-13.0,2026-04-05 08:58:00,2026-04-05 09:02:00,B14 A,79.0,12.26,6.44,6.24,1.07,4.0
131,2026-04-05,SN3326,2026-04-05 11:24:00,2026-04-05 11:41:00,17.0,2026-04-05 12:06:00,2026-04-05 12:12:00,B14 A,111.0,13.9,7.99,5.42,1.23,6.0
131,2026-04-05,SN358,2026-04-05 08:21:00,2026-04-05 08:24:00,3.0,2026-04-05 08:42:00,2026-04-05 09:09:00,B14 A,112.0,11.68,9.59,4.05,1.64,27.0
131,2026-04-05,SN379,2026-04-05 08:11:00,2026-04-05 08:40:00,29.0,2026-04-05 08:59:00,2026-04-05 09:27:00,B28 A,76.0,15.56,4.88,6.59,1.21,28.0
131,2026-04-05,SN3800,2026-04-05 06:15:00,2026-04-05 06:16:00,1.0,2026-04-05 06:28:00,2026-04-05 06:30:00,A65 ,27.0,9.34,2.89,4.35,1.91,2.0
131,2026-04-05,TB1552,2026-04-05 07:47:00,2026-04-05 07:43:00,-4.0,2026-04-05 07:55:00,2026-04-05 07:59:00,A68 ,66.0,8.57,7.7,5.23,1.59,4.0
131,2026-04-05,TB2632,2026-04-05 09:29:00,2026-04-05 09:09:00,-20.0,2026-04-05 09:35:00,2026-04-05 09:44:00,B9  A,114.0,12.08,9.44,4.64,1.8,9.0
131,2026-04-05,TB2662,2026-04-05 09:15:00,2026-04-05 09:04:00,-11.0,2026-04-05 09:22:00,2026-04-05 09:30:00,B34 A,90.0,11.11,8.1,4.07,2.54,8.0
131,2026-04-05,TG934,2026-04-05 12:22:00,2026-04-05 12:26:00,4.0,2026-04-05 12:46:00,2026-04-05 13:15:00,B34 A,260.0,16.12,16.13,4.86,2.13,29.0
131,2026-04-05,UA950,2026-04-05 09:21:00,2026-04-05 08:45:00,-36.0,2026-04-05 09:03:00,2026-04-05 09:29:00,B5  A,163.0,15.18,10.74,4.93,1.69,26.0
131,2026-04-05,UA994,2026-04-05 12:51:00,2026-04-05 12:35:00,-16.0,2026-04-05 12:54:00,2026-04-05 13:24:00,B38 A,109.0,11.25,9.69,5.42,2.15,30.0
131,2026-04-05,XR5402,2026-04-05 07:46:00,2026-04-05 08:56:00,70.0,2026-04-05 09:23:00,2026-04-05 09:26:00,B5  A,88.0,11.9,7.39,5.75,1.45,3.0
132,2026-04-05,AC832,2026-04-05 11:16:00,2026-04-05 10:39:00,-37.0,2026-04-05 10:54:00,2026-04-05 11:24:00,B5  A,101.0,12.05,8.38,3.93,2.12,30.0
132,2026-04-05,ET750,2026-04-05 11:13:00,2026-04-05 11:34:00,21.0,2026-04-05 12:17:00,2026-04-05 13:03:00,B17 A,464.0,12.8,36.25,5.42,1.55,46.0
132,2026-04-05,FH8116,2026-04-05 06:35:00,2026-04-05 06:00:00,-35.0,2026-04-05 06:07:00,2026-04-05 06:09:00,B15 A,22.0,9.92,2.22,5.12,1.51,2.0
132,2026-04-05,LH1004,2026-04-05 08:50:00,2026-04-05 08:53:00,3.0,2026-04-05 09:06:00,2026-04-05 09:12:00,A43 ,29.0,13.8,2.1,5.1,1.63,6.0
132,2026-04-05,SN1122,2026-04-05 08:39:00,2026-04-05 09:08:00,29.0,2026-04-05 09:20:00,2026-04-05 09:21:00,B40 A,13.0,10.86,1.2,4.97,2.5,1.0
132,2026-04-05,SN1124,2026-04-05 07:10:00,2026-04-05 07:19:00,9.0,2026-04-05 07:32:00,2026-04-05 07:48:00,B30 A,138.0,12.86,10.73,5.75,1.55,16.0
132,2026-04-05,SN206,2026-04-05 06:25:00,2026-04-05 06:48:00,23.0,2026-04-05 07:07:00,2026-04-05 07:30:00,B38 A,154.0,12.23,12.59,5.63,2.07,23.0
132,2026-04-05,SN229,2026-04-05 08:06:00,2026-04-05 09:20:00,74.0,2026-04-05 09:41:00,2026-04-05 10:22:00,B14 A,144.0,11.27,12.78,6.34,1.05,41.0
132,2026-04-05,SN278,2026-04-05 12:46:00,2026-04-05 12:41:00,-5.0,2026-04-05 13:04:00,2026-04-05 13:33:00,B31 A,62.0,8.97,6.91,5.7,1.89,29.0
132,2026-04-05,SN2900,2026-04-05 07:39:00,2026-04-05 07:25:00,-14.0,2026-04-05 07:38:00,2026-04-05 07:53:00,B38 A,55.0,10.39,5.29,4.66,2.5,15.0
132,2026-04-05,SN3326,2026-04-05 11:24:00,2026-04-05 11:41:00,17.0,2026-04-05 12:06:00,2026-04-05 12:12:00,B14 A,111.0,11.78,9.42,5.37,1.24,6.0
132,2026-04-05,SN358,2026-04-05 10:21:00,2026-04-05 11:13:00,52.0,2026-04-05 11:43:00,2026-04-05 12:03:00,B38 A,126.0,9.2,13.7,5.72,2.04,20.0
132,2026-04-05,SN379,2026-04-05 10:10:00,2026-04-05 11:03:00,53.0,2026-04-05 11:42:00,2026-04-05 12:19:00,B29 A,161.0,15.36,10.48,5.78,1.7,37.0
132,2026-04-05,SN3800,2026-04-05 06:15:00,2026-04-05 06:16:00,1.0,2026-04-05 06:28:00,2026-04-05 06:30:00,A65 ,27.0,12.14,2.22,6.37,1.31,2.0
132,2026-04-05,TB1552,2026-04-05 07:15:00,2026-04-05 07:08:00,-7.0,2026-04-05 07:38:00,2026-04-05 07:45:00,A61 ,152.0,12.71,11.96,6.0,1.39,7.0
132,2026-04-05,TB2632,2026-04-05 09:29:00,2026-04-05 09:09:00,-20.0,2026-04-05 09:35:00,2026-04-05 09:44:00,B9  A,114.0,14.62,7.8,3.74,2.23,9.0
132,2026-04-05,TB2662,2026-04-05 09:15:00,2026-04-05 09:04:00,-11.0,2026-04-05 09:22:00,2026-04-05 09:30:00,B34 A,90.0,11.95,7.53,5.91,1.75,8.0
132,2026-04-05,TG934,2026-04-05 12:22:00,2026-04-05 12:26:00,4.0,2026-04-05 12:46:00,2026-04-05 13:15:00,B34 A,260.0,15.06,17.26,4.34,2.38,29.0
132,2026-04-05,UA950,2026-04-05 10:20:00,2026-04-05 09:58:00,-22.0,2026-04-05 10:24:00,2026-04-05 10:51:00,B40 A,188.0,13.15,14.3,4.38,2.83,27.0
132,2026-04-05,UA994,2026-04-05 12:51:00,2026-04-05 12:35:00,-16.0,2026-04-05 12:54:00,2026-04-05 13:24:00,B38 A,109.0,10.56,10.32,4.41,2.65,30.0
132,2026-04-05,XR5402,2026-04-05 07:46:00,2026-04-05 08:56:00,70.0,2026-04-05 09:23:00,2026-04-05 09:26:00,B5  A,88.0,10.8,8.15,5.37,1.55,3.0
133,2026-04-05,AC832,2026-04-05 12:18:00,2026-04-05 11:38:00,-40.0,2026-04-05 11:54:00,2026-04-05 12:17:00,B30 A,100.0,10.49,9.53,4.81,1.85,23.0
133,2026-04-05,ET750,2026-04-05 11:13:00,2026-04-05 11:34:00,21.0,2026-04-05 12:17:00,2026-04-05 13:03:00,B17 A,464.0,13.41,34.59,5.35,1.57,46.0
133,2026-04-05,FH8116,2026-04-05 06:35:00,2026-04-05 06:00:00,-35.0,2026-04-05 06:07:00,2026-04-05 06:09:00,B15 A,22.0,12.86,1.71,5.73,1.35,2.0
133,2026-04-05,LH1004,2026-04-05 11:51:00,2026-04-05 11:47:00,-4.0,2026-04-05 12:07:00,2026-04-05 12:12:00,A43 ,23.0,14.52,1.58,4.6,1.81,5.0
133,2026-04-05,SN1122,2026-04-05 08:39:00,2026-04-05 09:08:00,29.0,2026-04-05 09:20:00,2026-04-05 09:21:00,B40 A,13.0,11.07,1.17,6.26,1.98,1.0
133,2026-04-05,SN1124,2026-04-05 07:10:00,2026-04-05 07:19:00,9.0,2026-04-05 07:32:00,2026-04-05 07:48:00,B30 A,138.0,14.17,9.74,5.57,1.6,16.0
133,2026-04-05,SN206,2026-04-05 06:25:00,2026-04-05 06:48:00,23.0,2026-04-05 07:07:00,2026-04-05 07:30:00,B38 A,154.0,10.71,14.38,4.21,2.77,23.0
133,2026-04-05,SN229,2026-04-05 10:04:00,2026-04-05 10:26:00,22.0,2026-04-05 10:41:00,2026-04-05 11:10:00,B31 A,120.0,10.32,11.63,5.96,1.8,29.0
133,2026-04-05,SN278,2026-04-05 10:45:00,2026-04-05 10:42:00,-3.0,2026-04-05 11:04:00,2026-04-05 11:16:00,B28 A,198.0,13.98,14.16,5.28,1.51,12.0
133,2026-04-05,SN2900,2026-04-05 08:46:00,2026-04-05 08:33:00,-13.0,2026-04-05 08:58:00,2026-04-05 09:02:00,B14 A,79.0,8.49,9.31,4.16,1.6,4.0
133,2026-04-05,SN3326,2026-04-05 11:24:00,2026-04-05 11:41:00,17.0,2026-04-05 12:06:00,2026-04-05 12:12:00,B14 A,111.0,14.16,7.84,6.24,1.07,6.0
133,2026-04-05,SN358,2026-04-05 10:21:00,2026-04-05 11:13:00,52.0,2026-04-05 11:43:00,2026-04-05 12:03:00,B38 A,126.0,13.52,9.32,5.93,1.97,20.0
133,2026-04-05,SN379,2026-04-05 08:11:00,2026-04-05 08:40:00,29.0,2026-04-05 08:59:00,2026-04-05 09:27:00,B28 A,76.0,10.89,6.98,4.11,1.95,28.0
133,2026-04-05,SN3800,2026-04-05 06:15:00,2026-04-05 06:16:00,1.0,2026-04-05 06:28:00,2026-04-05 06:30:00,A65 ,27.0,15.74,1.72,6.39,1.31,2.0
133,2026-04-05,TB1552,2026-04-05 10:15:00,2026-04-05 10:31:00,16.0,2026-04-05 10:50:00,2026-04-05 10:59:00,A69 ,164.0,11.74,13.97,5.27,1.58,9.0
133,2026-04-05,TB2632,2026-04-05 09:29:00,2026-04-05 09:09:00,-20.0,2026-04-05 09:35:00,2026-04-05 09:44:00,B9  A,114.0,12.53,9.1,5.01,1.66,9.0
133,2026-04-05,TB2662,2026-04-05 09:15:00,2026-04-05 09:04:00,-11.0,2026-04-05 09:22:00,2026-04-05 09:30:00,B34 A,90.0,13.13,6.86,5.32,1.94,8.0
133,2026-04-05,TG934,2026-04-05 12:22:00,2026-04-05 12:26:00,4.0,2026-04-05 12:46:00,2026-04-05 13:15:00,B34 A,260.0,14.31,18.17,6.13,1.69,29.0
133,2026-04-05,UA950,2026-04-05 12:20:00,2026-04-05 11:58:00,-22.0,2026-04-05 12:14:00,2026-04-05 12:42:00,B37 A,127.0,13.68,9.28,5.03,2.42,28.0
133,2026-04-05,UA994,2026-04-05 09:51:00,2026-04-05 11:28:00,97.0,2026-04-05 11:44:00,2026-04-05 12:09:00,B40 A,135.0,11.07,12.2,5.05,2.46,25.0
133,2026-04-05,XR5402,2026-04-05 07:46:00,2026-04-05 08:56:00,70.0,2026-04-05 09:23:00,2026-04-05 09:26:00,B5  A,88.0,14.78,5.95,4.69,1.78,3.0
134,2026-04-05,AC832,2026-04-05 10:17:00,2026-04-05 10:43:00,26.0,2026-04-05 11:00:00,2026-04-05 11:34:00,B14 A,172.0,13.54,12.7,3.57,1.87,34.0
134,2026-04-05,ET750,2026-04-05 11:13:00,2026-04-05 11:34:00,21.0,2026-04-05 12:17:00,2026-04-05 13:03:00,B17 A,464.0,13.77,33.71,5.04,1.67,46.0
134,2026-04-05,FH8116,2026-04-05 12:44:00,2026-04-05 12:48:00,4.0,2026-04-05 13:06:00,2026-04-05 13:13:00,B38 A,140.0,12.24,11.44,4.71,2.48,7.0
134,2026-04-05,LH1004,2026-04-05 08:50:00,2026-04-05 08:53:00,3.0,2026-04-05 09:06:00,2026-04-05 09:12:00,A43 ,29.0,15.13,1.92,5.99,1.39,6.0
134,2026-04-05,SN1122,2026-04-05 08:39:00,2026-04-05 09:08:00,29.0,2026-04-05 09:20:00,2026-04-05 09:21:00,B40 A,13.0,14.78,0.88,4.67,2.66,1.0
134,2026-04-05,SN1124,2026-04-05 07:10:00,2026-04-05 07:19:00,9.0,2026-04-05 07:32:00,2026-04-05 07:48:00,B30 A,138.0,16.98,8.13,4.68,1.9,16.0
134,2026-04-05,SN206,2026-04-05 06:25:00,2026-04-05 06:48:00,23.0,2026-04-05 07:07:00,2026-04-05 07:30:00,B38 A,154.0,13.85,11.12,4.93,2.37,23.0
134,2026-04-05,SN229,2026-04-05 12:06:00,2026-04-05 12:12:00,6.0,2026-04-05 12:39:00,2026-04-05 13:03:00,B28 A,20.0,11.14,1.8,5.77,1.39,24.0
134,2026-04-05,SN278,2026-04-05 08:43:00,2026-04-05 08:27:00,-16.0,2026-04-05 08:40:00,2026-04-05 09:10:00,B37 A,123.0,11.84,10.39,4.99,2.44,30.0
134,2026-04-05,SN2900,2026-04-05 08:46:00,2026-04-05 08:33:00,-13.0,2026-04-05 08:58:00,2026-04-05 09:02:00,B14 A,79.0,15.12,5.22,4.58,1.46,4.0
134,2026-04-05,SN3326,2026-04-05 07:45:00,2026-04-05 08:05:00,20.0,2026-04-05 08:16:00,2026-04-05 08:36:00,B28 A,123.0,14.33,8.58,6.69,1.2,20.0
134,2026-04-05,SN358,2026-04-05 10:21:00,2026-04-05 11:13:00,52.0,2026-04-05 11:43:00,2026-04-05 12:03:00,B38 A,126.0,14.53,8.67,4.75,2.46,20.0
134,2026-04-05,SN379,2026-04-05 10:10:00,2026-04-05 11:03:00,53.0,2026-04-05 11:42:00,2026-04-05 12:19:00,B29 A,161.0,14.17,11.36,4.92,2.0,37.0
134,2026-04-05,SN3800,2026-04-05 06:15:00,2026-04-05 06:16:00,1.0,2026-04-05 06:28:00,2026-04-05 06:30:00,A65 ,27.0,12.08,2.23,3.45,2.41,2.0
134,2026-04-05,TB1552,2026-04-05 08:29:00,2026-04-05 08:25:00,-4.0,2026-04-05 08:46:00,2026-04-05 08:54:00,A61 ,166.0,9.69,17.14,4.76,1.75,8.0
134,2026-04-05,TB2632,2026-04-05 09:29:00,2026-04-05 09:09:00,-20.0,2026-04-05 09:35:00,2026-04-05 09:44:00,B9  A,114.0,16.02,7.11,5.2,1.6,9.0
134,2026-04-05,TB2662,2026-04-05 09:15:00,2026-04-05 09:04:00,-11.0,2026-04-05 09:22:00,2026-04-05 09:30:00,B34 A,90.0,11.4,7.89,4.43,2.34,8.0
134,2026-04-05,TG934,2026-04-05 09:21:00,2026-04-05 09:16:00,-5.0,2026-04-05 09:38:00,2026-04-05 09:58:00,B38 A,249.0,14.15,17.6,5.37,2.17,20.0
134,2026-04-05,UA950,2026-04-05 09:21:00,2026-04-05 08:45:00,-36.0,2026-04-05 09:03:00,2026-04-05 09:29:00,B5  A,163.0,11.74,13.89,4.34,1.92,26.0
134,2026-04-05,UA994,2026-04-05 12:51:00,2026-04-05 12:35:00,-16.0,2026-04-05 12:54:00,2026-04-05 13:24:00,B38 A,109.0,15.3,7.13,5.39,2.16,30.0
134,2026-04-05,XR5402,2026-04-05 07:46:00,2026-04-05 08:56:00,70.0,2026-04-05 09:23:00,2026-04-05 09:26:00,B5  A,88.0,12.71,6.92,5.14,1.62,3.0
135,2026-04-05,AC832,2026-04-05 08:17:00,2026-04-05 07:46:00,-31.0,2026-04-05 08:02:00,2026-04-05 08:29:00,B30 A,122.0,10.61,11.5,3.86,2.31,27.0
135,2026-04-05,ET750,2026-04-05 11:13:00,2026-04-05 11:34:00,21.0,2026-04-05 12:17:00,2026-04-05 13:03:00,B17 A,464.0,13.94,33.29,4.36,1.93,46.0
135,2026-04-05,FH8116,2026-04-05 12:44:00,2026-04-05 12:48:00,4.0,2026-04-05 13:06:00,2026-04-05 13:13:00,B38 A,140.0,9.19,15.24,4.72,2.47,7.0
135,2026-04-05,LH1004,2026-04-05 11:51:00,2026-04-05 11:47:00,-4.0,2026-04-05 12:07:00,2026-04-05 12:12:00,A43 ,23.0,11.59,1.98,5.75,1.45,5.0
135,2026-04-05,SN1122,2026-04-05 08:39:00,2026-04-05 09:08:00,29.0,2026-04-05 09:20:00,2026-04-05 09:21:00,B40 A,13.0,16.85,0.77,4.87,2.55,1.0
135,2026-04-05,SN1124,2026-04-05 07:10:00,2026-04-05 07:19:00,9.0,2026-04-05 07:32:00,2026-04-05 07:48:00,B30 A,138.0,15.01,9.19,5.17,1.72,16.0
135,2026-04-05,SN206,2026-04-05 06:25:00,2026-04-05 06:48:00,23.0,2026-04-05 07:07:00,2026-04-05 07:30:00,B38 A,154.0,13.04,11.81,5.84,2.0,23.0
135,2026-04-05,SN229,2026-04-05 12:06:00,2026-04-05 12:12:00,6.0,2026-04-05 12:39:00,2026-04-05 13:03:00,B28 A,20.0,13.65,1.47,4.41,1.81,24.0
135,2026-04-05,SN278,2026-04-05 10:45:00,2026-04-05 10:42:00,-3.0,2026-04-05 11:04:00,2026-04-05 11:16:00,B28 A,198.0,11.49,17.23,5.31,1.51,12.0
135,2026-04-05,SN2900,2026-04-05 07:39:00,2026-04-05 07:25:00,-14.0,2026-04-05 07:38:00,2026-04-05 07:53:00,B38 A,55.0,10.05,5.47,5.1,2.29,15.0
135,2026-04-05,SN3326,2026-04-05 11:24:00,2026-04-05 11:41:00,17.0,2026-04-05 12:06:00,2026-04-05 12:12:00,B14 A,111.0,11.64,9.54,4.79,1.39,6.0
135,2026-04-05,SN358,2026-04-05 12:21:00,2026-04-05 12:23:00,2.0,2026-04-05 12:43:00,2026-04-05 13:14:00,B28 A,176.0,11.78,14.95,6.74,1.19,31.0
135,2026-04-05,SN379,2026-04-05 08:11:00,2026-04-05 08:40:00,29.0,2026-04-05 08:59:00,2026-04-05 09:27:00,B28 A,76.0,15.96,4.76,4.98,1.61,28.0
135,2026-04-05,SN3800,2026-04-05 06:15:00,2026-04-05 06:16:00,1.0,2026-04-05 06:28:00,2026-04-05 06:30:00,A65 ,27.0,11.9,2.27,4.98,1.67,2.0
135,2026-04-05,TB1552,2026-04-05 10:15:00,2026-04-05 10:31:00,16.0,2026-04-05 10:50:00,2026-04-05 10:59:00,A69 ,164.0,11.62,14.11,4.49,1.86,9.0
135,2026-04-05,TB2632,2026-04-05 09:29:00,2026-04-05 09:09:00,-20.0,2026-04-05 09:35:00,2026-04-05 09:44:00,B9  A,114.0,14.32,7.96,4.24,1.97,9.0
135,2026-04-05,TB2662,2026-04-05 09:15:00,2026-04-05 09:04:00,-11.0,2026-04-05 09:22:00,2026-04-05 09:30:00,B34 A,90.0,12.4,7.26,5.17,2.0,8.0
135,2026-04-05,TG934,2026-04-05 09:21:00,2026-04-05 09:16:00,-5.0,2026-04-05 09:38:00,2026-04-05 09:58:00,B38 A,249.0,13.86,17.96,4.95,2.36,20.0
135,2026-04-05,UA950,2026-04-05 10:20:00,2026-04-05 09:58:00,-22.0,2026-04-05 10:24:00,2026-04-05 10:51:00,B40 A,188.0,10.61,17.72,6.31,1.97,27.0
135,2026-04-05,UA994,2026-04-05 08:51:00,2026-04-05 08:32:00,-19.0,2026-04-05 08:52:00,2026-04-05 09:25:00,B40 A,171.0,11.24,15.21,5.06,2.46,33.0
135,2026-04-05,XR5402,2026-04-05 07:46:00,2026-04-05 08:56:00,70.0,2026-04-05 09:23:00,2026-04-05 09:26:00,B5  A,88.0,13.83,6.36,5.01,1.66,3.0
136,2026-04-05,AC832,2026-04-05 08:17:00,2026-04-05 07:46:00,-31.0,2026-04-05 08:02:00,2026-04-05 08:29:00,B30 A,122.0,13.57,8.99,5.1,1.75,27.0
136,2026-04-05,ET750,2026-04-05 11:13:00,2026-04-05 11:34:00,21.0,2026-04-05 12:17:00,2026-04-05 13:03:00,B17 A,464.0,14.5,32.01,6.24,1.35,46.0
136,2026-04-05,FH8116,2026-04-05 12:44:00,2026-04-05 12:48:00,4.0,2026-04-05 13:06:00,2026-04-05 13:13:00,B38 A,140.0,11.41,12.27,4.86,2.4,7.0
136,2026-04-05,LH1004,2026-04-05 08:50:00,2026-04-05 08:53:00,3.0,2026-04-05 09:06:00,2026-04-05 09:12:00,A43 ,29.0,14.35,2.02,4.5,1.85,6.0
136,2026-04-05,SN1122,2026-04-05 08:39:00,2026-04-05 09:08:00,29.0,2026-04-05 09:20:00,2026-04-05 09:21:00,B40 A,13.0,9.28,1.4,4.2,2.96,1.0
136,2026-04-05,SN1124,2026-04-05 07:10:00,2026-04-05 07:19:00,9.0,2026-04-05 07:32:00,2026-04-05 07:48:00,B30 A,138.0,14.39,9.59,4.66,1.91,16.0
136,2026-04-05,SN206,2026-04-05 06:25:00,2026-04-05 06:48:00,23.0,2026-04-05 07:07:00,2026-04-05 07:30:00,B38 A,154.0,15.69,9.81,5.18,2.25,23.0
136,2026-04-05,SN229,2026-04-05 08:06:00,2026-04-05 09:20:00,74.0,2026-04-05 09:41:00,2026-04-05 10:22:00,B14 A,144.0,9.08,15.86,4.39,1.52,41.0
136,2026-04-05,SN278,2026-04-05 08:43:00,2026-04-05 08:27:00,-16.0,2026-04-05 08:40:00,2026-04-05 09:10:00,B37 A,123.0,16.19,7.6,3.93,3.1,30.0
136,2026-04-05,SN2900,2026-04-05 08:46:00,2026-04-05 08:33:00,-13.0,2026-04-05 08:58:00,2026-04-05 09:02:00,B14 A,79.0,10.56,7.48,5.3,1.26,4.0
136,2026-04-05,SN3326,2026-04-05 07:45:00,2026-04-05 08:05:00,20.0,2026-04-05 08:16:00,2026-04-05 08:36:00,B28 A,123.0,14.47,8.5,5.07,1.58,20.0
136,2026-04-05,SN358,2026-04-05 08:21:00,2026-04-05 08:24:00,3.0,2026-04-05 08:42:00,2026-04-05 09:09:00,B14 A,112.0,9.6,11.66,4.06,1.64,27.0
136,2026-04-05,SN379,2026-04-05 08:11:00,2026-04-05 08:40:00,29.0,2026-04-05 08:59:00,2026-04-05 09:27:00,B28 A,76.0,13.89,5.47,5.7,1.4,28.0
136,2026-04-05,SN3800,2026-04-05 06:15:00,2026-04-05 06:16:00,1.0,2026-04-05 06:28:00,2026-04-05 06:30:00,A65 ,27.0,11.75,2.3,4.59,1.81,2.0
136,2026-04-05,TB1552,2026-04-05 08:29:00,2026-04-05 08:25:00,-4.0,2026-04-05 08:46:00,2026-04-05 08:54:00,A61 ,166.0,10.91,15.22,4.44,1.88,8.0
136,2026-04-05,TB2632,2026-04-05 09:29:00,2026-04-05 09:09:00,-20.0,2026-04-05 09:35:00,2026-04-05 09:44:00,B9  A,114.0,15.31,7.45,4.56,1.83,9.0
136,2026-04-05,TB2662,2026-04-05 09:15:00,2026-04-05 09:04:00,-11.0,2026-04-05 09:22:00,2026-04-05 09:30:00,B34 A,90.0,11.39,7.9,4.99,2.07,8.0
136,2026-04-05,TG934,2026-04-05 12:22:00,2026-04-05 12:26:00,4.0,2026-04-05 12:46:00,2026-04-05 13:15:00,B34 A,260.0,14.41,18.04,6.03,1.71,29.0
136,2026-04-05,UA950,2026-04-05 10:20:00,2026-04-05 09:58:00,-22.0,2026-04-05 10:24:00,2026-04-05 10:51:00,B40 A,188.0,14.59,12.88,5.65,2.2,27.0
136,2026-04-05,UA994,2026-04-05 10:51:00,2026-04-05 10:01:00,-50.0,2026-04-05 10:18:00,2026-04-05 10:42:00,B38 A,177.0,12.94,13.68,4.46,2.62,24.0
136,2026-04-05,XR5402,2026-04-05 07:46:00,2026-04-05 08:56:00,70.0,2026-04-05 09:23:00,2026-04-05 09:26:00,B5  A,88.0,10.29,8.55,5.47,1.52,3.0
137,2026-04-05,AC832,2026-04-05 10:17:00,2026-04-05 10:43:00,26.0,2026-04-05 11:00:00,2026-04-05 11:34:00,B14 A,172.0,15.18,11.33,5.03,1.33,34.0
137,2026-04-05,ET750,2026-04-05 11:13:00,2026-04-05 11:34:00,21.0,2026-04-05 12:17:00,2026-04-05 13:03:00,B17 A,464.0,14.61,31.77,5.64,1.49,46.0
137,2026-04-05,FH8116,2026-04-05 06:35:00,2026-04-05 06:00:00,-35.0,2026-04-05 06:07:00,2026-04-05 06:09:00,B15 A,22.0,14.38,1.53,6.4,1.21,2.0
137,2026-04-05,LH1004,2026-04-05 11:51:00,2026-04-05 11:47:00,-4.0,2026-04-05 12:07:00,2026-04-05 12:12:00,A43 ,23.0,14.0,1.64,5.55,1.5,5.0
137,2026-04-05,SN1122,2026-04-05 08:39:00,2026-04-05 09:08:00,29.0,2026-04-05 09:20:00,2026-04-05 09:21:00,B40 A,13.0,9.31,1.4,5.66,2.19,1.0
137,2026-04-05,SN1124,2026-04-05 07:10:00,2026-04-05 07:19:00,9.0,2026-04-05 07:32:00,2026-04-05 07:48:00,B30 A,138.0,15.66,8.81,6.68,1.33,16.0
137,2026-04-05,SN206,2026-04-05 06:25:00,2026-04-05 06:48:00,23.0,2026-04-05 07:07:00,2026-04-05 07:30:00,B38 A,154.0,9.72,15.84,5.59,2.09,23.0
137,2026-04-05,SN229,2026-04-05 10:04:00,2026-04-05 10:26:00,22.0,2026-04-05 10:41:00,2026-04-05 11:10:00,B31 A,120.0,13.89,8.64,4.76,2.26,29.0
137,2026-04-05,SN278,2026-04-05 08:43:00,2026-04-05 08:27:00,-16.0,2026-04-05 08:40:00,2026-04-05 09:10:00,B37 A,123.0,14.67,8.38,4.69,2.59,30.0
137,2026-04-05,SN2900,2026-04-05 10:44:00,2026-04-05 11:04:00,20.0,2026-04-05 11:13:00,2026-04-05 11:34:00,B32 A,49.0,16.81,2.92,5.07,1.91,21.0
137,2026-04-05,SN3326,2026-04-05 11:24:00,2026-04-05 11:41:00,17.0,2026-04-05 12:06:00,2026-04-05 12:12:00,B14 A,111.0,13.67,8.12,5.5,1.21,6.0
137,2026-04-05,SN358,2026-04-05 10:21:00,2026-04-05 11:13:00,52.0,2026-04-05 11:43:00,2026-04-05 12:03:00,B38 A,126.0,13.15,9.58,5.19,2.25,20.0
137,2026-04-05,SN379,2026-04-05 10:10:00,2026-04-05 11:03:00,53.0,2026-04-05 11:42:00,2026-04-05 12:19:00,B29 A,161.0,14.29,11.27,5.3,1.85,37.0
137,2026-04-05,SN3800,2026-04-05 06:15:00,2026-04-05 06:16:00,1.0,2026-04-05 06:28:00,2026-04-05 06:30:00,A65 ,27.0,10.8,2.5,5.69,1.47,2.0
137,2026-04-05,TB1552,2026-04-05 07:15:00,2026-04-05 07:08:00,-7.0,2026-04-05 07:38:00,2026-04-05 07:45:00,A61 ,152.0,14.73,10.32,3.93,2.12,7.0
137,2026-04-05,TB2632,2026-04-05 09:29:00,2026-04-05 09:09:00,-20.0,2026-04-05 09:35:00,2026-04-05 09:44:00,B9  A,114.0,12.47,9.14,5.32,1.57,9.0
137,2026-04-05,TB2662,2026-04-05 09:15:00,2026-04-05 09:04:00,-11.0,2026-04-05 09:22:00,2026-04-05 09:30:00,B34 A,90.0,14.31,6.29,4.35,2.38,8.0
137,2026-04-05,TG934,2026-04-05 12:22:00,2026-04-05 12:26:00,4.0,2026-04-05 12:46:00,2026-04-05 13:15:00,B34 A,260.0,14.84,17.52,6.21,1.66,29.0
137,2026-04-05,UA950,2026-04-05 10:20:00,2026-04-05 09:58:00,-22.0,2026-04-05 10:24:00,2026-04-05 10:51:00,B40 A,188.0,15.86,11.86,5.27,2.36,27.0
137,2026-04-05,UA994,2026-04-05 09:51:00,2026-04-05 11:28:00,97.0,2026-04-05 11:44:00,2026-04-05 12:09:00,B40 A,135.0,11.03,12.24,4.68,2.65,25.0
137,2026-04-05,XR5402,2026-04-05 07:46:00,2026-04-05 08:56:00,70.0,2026-04-05 09:23:00,2026-04-05 09:26:00,B5  A,88.0,10.43,8.44,4.65,1.79,3.0
138,2026-04-05,AC832,2026-04-05 09:18:00,2026-04-05 08:45:00,-33.0,2026-04-05 09:06:00,2026-04-05 09:59:00,B28 A,110.0,11.04,9.96,4.53,1.76,53.0
138,2026-04-05,ET750,2026-04-05 11:13:00,2026-04-05 11:34:00,21.0,2026-04-05 12:17:00,2026-04-05 13:03:00,B17 A,464.0,11.97,38.77,5.0,1.68,46.0
138,2026-04-05,FH8116,2026-04-05 06:35:00,2026-04-05 06:00:00,-35.0,2026-04-05 06:07:00,2026-04-05 06:09:00,B15 A,22.0,10.82,2.03,3.76,2.06,2.0
138,2026-04-05,LH1004,2026-04-05 09:50:00,2026-04-05 09:53:00,3.0,2026-04-05 10:20:00,2026-04-05 10:27:00,A43 ,33.0,14.34,2.3,4.53,1.84,7.0
138,2026-04-05,SN1122,2026-04-05 08:39:00,2026-04-05 09:08:00,29.0,2026-04-05 09:20:00,2026-04-05 09:21:00,B40 A,13.0,14.36,0.91,4.08,3.04,1.0
138,2026-04-05,SN1124,2026-04-05 07:10:00,2026-04-05 07:19:00,9.0,2026-04-05 07:32:00,2026-04-05 07:48:00,B30 A,138.0,13.15,10.5,4.55,1.96,16.0
138,2026-04-05,SN206,2026-04-05 06:25:00,2026-04-05 06:48:00,23.0,2026-04-05 07:07:00,2026-04-05 07:30:00,B38 A,154.0,12.11,12.71,5.6,2.08,23.0
138,2026-04-05,SN229,2026-04-05 08:06:00,2026-04-05 09:20:00,74.0,2026-04-05 09:41:00,2026-04-05 10:22:00,B14 A,144.0,12.45,11.57,4.6,1.45,41.0
138,2026-04-05,SN278,2026-04-05 10:45:00,2026-04-05 10:42:00,-3.0,2026-04-05 11:04:00,2026-04-05 11:16:00,B28 A,198.0,12.65,15.65,4.72,1.7,12.0
138,2026-04-05,SN2900,2026-04-05 10:44:00,2026-04-05 11:04:00,20.0,2026-04-05 11:13:00,2026-04-05 11:34:00,B32 A,49.0,10.65,4.6,5.08,1.9,21.0
138,2026-04-05,SN3326,2026-04-05 11:24:00,2026-04-05 11:41:00,17.0,2026-04-05 12:06:00,2026-04-05 12:12:00,B14 A,111.0,14.1,7.87,4.75,1.4,6.0
138,2026-04-05,SN358,2026-04-05 12:21:00,2026-04-05 12:23:00,2.0,2026-04-05 12:43:00,2026-04-05 13:14:00,B28 A,176.0,13.84,12.72,5.34,1.5,31.0
138,2026-04-05,SN379,2026-04-05 08:11:00,2026-04-05 08:40:00,29.0,2026-04-05 08:59:00,2026-04-05 09:27:00,B28 A,76.0,11.32,6.71,4.5,1.78,28.0
138,2026-04-05,SN3800,2026-04-05 06:15:00,2026-04-05 06:16:00,1.0,2026-04-05 06:28:00,2026-04-05 06:30:00,A65 ,27.0,10.74,2.51,3.93,2.12,2.0
138,2026-04-05,TB1552,2026-04-05 07:15:00,2026-04-05 07:08:00,-7.0,2026-04-05 07:38:00,2026-04-05 07:45:00,A61 ,152.0,14.89,10.21,4.35,1.91,7.0
138,2026-04-05,TB2632,2026-04-05 09:29:00,2026-04-05 09:09:00,-20.0,2026-04-05 09:35:00,2026-04-05 09:44:00,B9  A,114.0,9.33,12.22,4.78,1.74,9.0
138,2026-04-05,TB2662,2026-04-05 09:15:00,2026-04-05 09:04:00,-11.0,2026-04-05 09:22:00,2026-04-05 09:30:00,B34 A,90.0,10.89,8.26,6.06,1.71,8.0
138,2026-04-05,TG934,2026-04-05 09:21:00,2026-04-05 09:16:00,-5.0,2026-04-05 09:38:00,2026-04-05 09:58:00,B38 A,249.0,13.3,18.73,4.42,2.64,20.0
138,2026-04-05,UA950,2026-04-05 12:20:00,2026-04-05 11:58:00,-22.0,2026-04-05 12:14:00,2026-04-05 12:42:00,B37 A,127.0,11.21,11.33,4.06,2.99,28.0
138,2026-04-05,UA994,2026-04-05 09:51:00,2026-04-05 11:28:00,97.0,2026-04-05 11:44:00,2026-04-05 12:09:00,B40 A,135.0,13.29,10.16,4.55,2.73,25.0
138,2026-04-05,XR5402,2026-04-05 07:46:00,2026-04-05 08:56:00,70.0,2026-04-05 09:23:00,2026-04-05 09:26:00,B5  A,88.0,13.73,6.41,5.27,1.58,3.0
139,2026-04-05,AC832,2026-04-05 09:18:00,2026-04-05 08:45:00,-33.0,2026-04-05 09:06:00,2026-04-05 09:59:00,B28 A,110.0,10.93,10.06,5.46,1.46,53.0
139,2026-04-05,ET750,2026-04-05 11:13:00,2026-04-05 11:34:00,21.0,2026-04-05 12:17:00,2026-04-05 13:03:00,B17 A,464.0,13.2,35.14,4.29,1.96,46.0
139,2026-04-05,FH8116,2026-04-05 12:44:00,2026-04-05 12:48:00,4.0,2026-04-05 13:06:00,2026-04-05 13:13:00,B38 A,140.0,14.19,9.87,6.3,1.85,7.0
139,2026-04-05,LH1004,2026-04-05 11:51:00,2026-04-05 11:47:00,-4.0,2026-04-05 12:07:00,2026-04-05 12:12:00,A43 ,23.0,12.36,1.86,5.22,1.6,5.0
139,2026-04-05,SN1122,2026-04-05 08:39:00,2026-04-05 09:08:00,29.0,2026-04-05 09:20:00,2026-04-05 09:21:00,B40 A,13.0,16.22,0.8,3.71,3.35,1.0
139,2026-04-05,SN1124,2026-04-05 07:10:00,2026-04-05 07:19:00,9.0,2026-04-05 07:32:00,2026-04-05 07:48:00,B30 A,138.0,12.66,10.9,6.31,1.41,16.0
139,2026-04-05,SN206,2026-04-05 06:25:00,2026-04-05 06:48:00,23.0,2026-04-05 07:07:00,2026-04-05 07:30:00,B38 A,154.0,11.27,13.67,3.42,3.41,23.0
139,2026-04-05,SN229,2026-04-05 08:06:00,2026-04-05 09:20:00,74.0,2026-04-05 09:41:00,2026-04-05 10:22:00,B14 A,144.0,13.83,10.42,6.2,1.08,41.0
139,2026-04-05,SN278,2026-04-05 10:45:00,2026-04-05 10:42:00,-3.0,2026-04-05 11:04:00,2026-04-05 11:16:00,B28 A,198.0,11.13,17.78,5.26,1.52,12.0
139,2026-04-05,SN2900,2026-04-05 10:44:00,2026-04-05 11:04:00,20.0,2026-04-05 11:13:00,2026-04-05 11:34:00,B32 A,49.0,12.0,4.08,4.7,2.06,21.0
139,2026-04-05,SN3326,2026-04-05 07:45:00,2026-04-05 08:05:00,20.0,2026-04-05 08:16:00,2026-04-05 08:36:00,B28 A,123.0,14.43,8.52,4.32,1.85,20.0
139,2026-04-05,SN358,2026-04-05 12:21:00,2026-04-05 12:23:00,2.0,2026-04-05 12:43:00,2026-04-05 13:14:00,B28 A,176.0,14.4,12.22,3.39,2.36,31.0
139,2026-04-05,SN379,2026-04-05 10:10:00,2026-04-05 11:03:00,53.0,2026-04-05 11:42:00,2026-04-05 12:19:00,B29 A,161.0,13.65,11.79,5.08,1.94,37.0
139,2026-04-05,SN3800,2026-04-05 06:15:00,2026-04-05 06:16:00,1.0,2026-04-05 06:28:00,2026-04-05 06:30:00,A65 ,27.0,9.95,2.71,6.39,1.3,2.0
139,2026-04-05,TB1552,2026-04-05 07:47:00,2026-04-05 07:43:00,-4.0,2026-04-05 07:55:00,2026-04-05 07:59:00,A68 ,66.0,13.55,4.87,5.03,1.66,4.0
139,2026-04-05,TB2632,2026-04-05 09:29:00,2026-04-05 09:09:00,-20.0,2026-04-05 09:35:00,2026-04-05 09:44:00,B9  A,114.0,14.07,8.1,5.36,1.56,9.0
139,2026-04-05,TB2662,2026-04-05 09:15:00,2026-04-05 09:04:00,-11.0,2026-04-05 09:22:00,2026-04-05 09:30:00,B34 A,90.0,14.78,6.09,4.43,2.33,8.0
139,2026-04-05,TG934,2026-04-05 09:21:00,2026-04-05 09:16:00,-5.0,2026-04-05 09:38:00,2026-04-05 09:58:00,B38 A,249.0,13.38,18.61,4.6,2.54,20.0
139,2026-04-05,UA950,2026-04-05 11:22:00,2026-04-05 11:02:00,-20.0,2026-04-05 11:22:00,2026-04-05 11:45:00,B28 A,170.0,16.79,10.13,4.34,1.84,23.0
139,2026-04-05,UA994,2026-04-05 12:51:00,2026-04-05 12:35:00,-16.0,2026-04-05 12:54:00,2026-04-05 13:24:00,B38 A,109.0,12.0,9.08,5.26,2.22,30.0
139,2026-04-05,XR5402,2026-04-05 07:46:00,2026-04-05 08:56:00,70.0,2026-04-05 09:23:00,2026-04-05 09:26:00,B5  A,88.0,10.98,8.02,4.81,1.73,3.0
140,2026-04-05,AC832,2026-04-05 11:16:00,2026-04-05 10:39:00,-37.0,2026-04-05 10:54:00,2026-04-05 11:24:00,B5  A,101.0,16.16,6.25,5.41,1.54,30.0
140,2026-04-05,ET750,2026-04-05 11:13:00,2026-04-05 11:34:00,21.0,2026-04-05 12:17:00,2026-04-05 13:03:00,B17 A,464.0,11.54,40.22,5.49,1.53,46.0
140,2026-04-05,FH8116,2026-04-05 06:35:00,2026-04-05 06:00:00,-35.0,2026-04-05 06:07:00,2026-04-05 06:09:00,B15 A,22.0,15.23,1.44,5.6,1.38,2.0
140,2026-04-05,LH1004,2026-04-05 12:50:00,2026-04-05 12:50:00,0.0,2026-04-05 13:03:00,2026-04-05 13:30:00,A43 ,40.0,14.08,2.84,4.86,1.72,27.0
140,2026-04-05,SN1122,2026-04-05 08:39:00,2026-04-05 09:08:00,29.0,2026-04-05 09:20:00,2026-04-05 09:21:00,B40 A,13.0,9.45,1.38,4.86,2.56,1.0
140,2026-04-05,SN1124,2026-04-05 07:10:00,2026-04-05 07:19:00,9.0,2026-04-05 07:32:00,2026-04-05 07:48:00,B30 A,138.0,15.88,8.69,3.68,2.42,16.0
140,2026-04-05,SN206,2026-04-05 06:25:00,2026-04-05 06:48:00,23.0,2026-04-05 07:07:00,2026-04-05 07:30:00,B38 A,154.0,13.83,11.13,5.08,2.3,23.0
140,2026-04-05,SN229,2026-04-05 08:06:00,2026-04-05 09:20:00,74.0,2026-04-05 09:41:00,2026-04-05 10:22:00,B14 A,144.0,10.11,14.24,4.77,1.4,41.0
140,2026-04-05,SN278,2026-04-05 12:46:00,2026-04-05 12:41:00,-5.0,2026-04-05 13:04:00,2026-04-05 13:33:00,B31 A,62.0,13.98,4.43,5.32,2.02,29.0
140,2026-04-05,SN2900,2026-04-05 10:44:00,2026-04-05 11:04:00,20.0,2026-04-05 11:13:00,2026-04-05 11:34:00,B32 A,49.0,12.5,3.92,4.01,2.41,21.0
140,2026-04-05,SN3326,2026-04-05 11:24:00,2026-04-05 11:41:00,17.0,2026-04-05 12:06:00,2026-04-05 12:12:00,B14 A,111.0,11.23,9.89,4.21,1.58,6.0
140,2026-04-05,SN358,2026-04-05 08:21:00,2026-04-05 08:24:00,3.0,2026-04-05 08:42:00,2026-04-05 09:09:00,B14 A,112.0,9.7,11.54,4.71,1.41,27.0
140,2026-04-05,SN379,2026-04-05 10:10:00,2026-04-05 11:03:00,53.0,2026-04-05 11:42:00,2026-04-05 12:19:00,B29 A,161.0,12.42,12.97,5.51,1.78,37.0
140,2026-04-05,SN3800,2026-04-05 06:15:00,2026-04-05 06:16:00,1.0,2026-04-05 06:28:00,2026-04-05 06:30:00,A65 ,27.0,14.42,1.87,5.28,1.58,2.0
140,2026-04-05,TB1552,2026-04-05 07:47:00,2026-04-05 07:43:00,-4.0,2026-04-05 07:55:00,2026-04-05 07:59:00,A68 ,66.0,12.68,5.21,5.09,1.64,4.0
140,2026-04-05,TB2632,2026-04-05 09:29:00,2026-04-05 09:09:00,-20.0,2026-04-05 09:35:00,2026-04-05 09:44:00,B9  A,114.0,14.44,7.89,4.96,1.68,9.0
140,2026-04-05,TB2662,2026-04-05 09:15:00,2026-04-05 09:04:00,-11.0,2026-04-05 09:22:00,2026-04-05 09:30:00,B34 A,90.0,11.05,8.14,5.18,1.99,8.0
140,2026-04-05,TG934,2026-04-05 09:21:00,2026-04-05 09:16:00,-5.0,2026-04-05 09:38:00,2026-04-05 09:58:00,B38 A,249.0,12.76,19.52,5.37,2.17,20.0
140,2026-04-05,UA950,2026-04-05 09:21:00,2026-04-05 08:45:00,-36.0,2026-04-05 09:03:00,2026-04-05 09:29:00,B5  A,163.0,14.15,11.52,7.09,1.18,26.0
140,2026-04-05,UA994,2026-04-05 08:51:00,2026-04-05 08:32:00,-19.0,2026-04-05 08:52:00,2026-04-05 09:25:00,B40 A,171.0,11.98,14.28,4.54,2.74,33.0
140,2026-04-05,XR5402,2026-04-05 07:46:00,2026-04-05 08:56:00,70.0,2026-04-05 09:23:00,2026-04-05 09:26:00,B5  A,88.0,15.34,5.74,5.34,1.56,3.0
141,2026-04-05,AC832,2026-04-05 12:18:00,2026-04-05 11:38:00,-40.0,2026-04-05 11:54:00,2026-04-05 12:17:00,B30 A,100.0,12.1,8.26,5.75,1.55,23.0
141,2026-04-05,ET750,2026-04-05 11:13:00,2026-04-05 11:34:00,21.0,2026-04-05 12:17:00,2026-04-05 13:03:00,B17 A,464.0,12.53,37.05,4.87,1.73,46.0
141,2026-04-05,FH8116,2026-04-05 06:35:00,2026-04-05 06:00:00,-35.0,2026-04-05 06:07:00,2026-04-05 06:09:00,B15 A,22.0,12.74,1.73,5.47,1.41,2.0
141,2026-04-05,LH1004,2026-04-05 08:50:00,2026-04-05 08:53:00,3.0,2026-04-05 09:06:00,2026-04-05 09:12:00,A43 ,29.0,14.22,2.04,5.47,1.52,6.0
141,2026-04-05,SN1122,2026-04-05 08:39:00,2026-04-05 09:08:00,29.0,2026-04-05 09:20:00,2026-04-05 09:21:00,B40 A,13.0,14.3,0.91,4.64,2.67,1.0
141,2026-04-05,SN1124,2026-04-05 07:10:00,2026-04-05 07:19:00,9.0,2026-04-05 07:32:00,2026-04-05 07:48:00,B30 A,138.0,14.11,9.78,4.17,2.14,16.0
141,2026-04-05,SN206,2026-04-05 06:25:00,2026-04-05 06:48:00,23.0,2026-04-05 07:07:00,2026-04-05 07:30:00,B38 A,154.0,16.41,9.39,5.62,2.08,23.0
141,2026-04-05,SN229,2026-04-05 10:04:00,2026-04-05 10:26:00,22.0,2026-04-05 10:41:00,2026-04-05 11:10:00,B31 A,120.0,12.51,9.6,4.79,2.25,29.0
141,2026-04-05,SN278,2026-04-05 12:46:00,2026-04-05 12:41:00,-5.0,2026-04-05 13:04:00,2026-04-05 13:33:00,B31 A,62.0,10.41,5.95,5.32,2.02,29.0
141,2026-04-05,SN2900,2026-04-05 08:46:00,2026-04-05 08:33:00,-13.0,2026-04-05 08:58:00,2026-04-05 09:02:00,B14 A,79.0,13.82,5.72,4.46,1.49,4.0
141,2026-04-05,SN3326,2026-04-05 11:24:00,2026-04-05 11:41:00,17.0,2026-04-05 12:06:00,2026-04-05 12:12:00,B14 A,111.0,15.97,6.95,4.46,1.5,6.0
141,2026-04-05,SN358,2026-04-05 10:21:00,2026-04-05 11:13:00,52.0,2026-04-05 11:43:00,2026-04-05 12:03:00,B38 A,126.0,12.84,9.81,6.07,1.92,20.0
141,2026-04-05,SN379,2026-04-05 08:11:00,2026-04-05 08:40:00,29.0,2026-04-05 08:59:00,2026-04-05 09:27:00,B28 A,76.0,12.4,6.13,5.08,1.57,28.0
141,2026-04-05,SN3800,2026-04-05 06:15:00,2026-04-05 06:16:00,1.0,2026-04-05 06:28:00,2026-04-05 06:30:00,A65 ,27.0,14.28,1.89,4.8,1.74,2.0
141,2026-04-05,TB1552,2026-04-05 07:15:00,2026-04-05 07:08:00,-7.0,2026-04-05 07:38:00,2026-04-05 07:45:00,A61 ,152.0,11.76,12.92,5.13,1.63,7.0
141,2026-04-05,TB2632,2026-04-05 09:29:00,2026-04-05 09:09:00,-20.0,2026-04-05 09:35:00,2026-04-05 09:44:00,B9  A,114.0,9.83,11.6,4.47,1.86,9.0
141,2026-04-05,TB2662,2026-04-05 09:15:00,2026-04-05 09:04:00,-11.0,2026-04-05 09:22:00,2026-04-05 09:30:00,B34 A,90.0,13.81,6.52,4.83,2.14,8.0
141,2026-04-05,TG934,2026-04-05 09:21:00,2026-04-05 09:16:00,-5.0,2026-04-05 09:38:00,2026-04-05 09:58:00,B38 A,249.0,15.01,16.59,5.35,2.18,20.0
141,2026-04-05,UA950,2026-04-05 10:20:00,2026-04-05 09:58:00,-22.0,2026-04-05 10:24:00,2026-04-05 10:51:00,B40 A,188.0,13.38,14.06,5.33,2.33,27.0
141,2026-04-05,UA994,2026-04-05 08:51:00,2026-04-05 08:32:00,-19.0,2026-04-05 08:52:00,2026-04-05 09:25:00,B40 A,171.0,12.14,14.09,5.03,2.47,33.0
141,2026-04-05,XR5402,2026-04-05 07:46:00,2026-04-05 08:56:00,70.0,2026-04-05 09:23:00,2026-04-05 09:26:00,B5  A,88.0,10.35,8.51,4.82,1.73,3.0
142,2026-04-05,AC832,2026-04-05 10:17:00,2026-04-05 10:43:00,26.0,2026-04-05 11:00:00,2026-04-05 11:34:00,B14 A,172.0,11.05,15.56,6.82,0.98,34.0
142,2026-04-05,ET750,2026-04-05 11:13:00,2026-04-05 11:34:00,21.0,2026-04-05 12:17:00,2026-04-05 13:03:00,B17 A,464.0,12.94,35.86,4.96,1.7,46.0
142,2026-04-05,FH8116,2026-04-05 06:35:00,2026-04-05 06:00:00,-35.0,2026-04-05 06:07:00,2026-04-05 06:09:00,B15 A,22.0,10.66,2.06,5.35,1.45,2.0
142,2026-04-05,LH1004,2026-04-05 12:50:00,2026-04-05 12:50:00,0.0,2026-04-05 13:03:00,2026-04-05 13:30:00,A43 ,40.0,10.67,3.75,5.69,1.46,27.0
142,2026-04-05,SN1122,2026-04-05 08:39:00,2026-04-05 09:08:00,29.0,2026-04-05 09:20:00,2026-04-05 09:21:00,B40 A,13.0,12.12,1.07,2.97,4.18,1.0
142,2026-04-05,SN1124,2026-04-05 07:10:00,2026-04-05 07:19:00,9.0,2026-04-05 07:32:00,2026-04-05 07:48:00,B30 A,138.0,14.31,9.64,5.2,1.72,16.0
142,2026-04-05,SN206,2026-04-05 06:25:00,2026-04-05 06:48:00,23.0,2026-04-05 07:07:00,2026-04-05 07:30:00,B38 A,154.0,11.63,13.24,3.97,2.94,23.0
142,2026-04-05,SN229,2026-04-05 08:06:00,2026-04-05 09:20:00,74.0,2026-04-05 09:41:00,2026-04-05 10:22:00,B14 A,144.0,13.89,10.36,5.7,1.17,41.0
142,2026-04-05,SN278,2026-04-05 08:43:00,2026-04-05 08:27:00,-16.0,2026-04-05 08:40:00,2026-04-05 09:10:00,B37 A,123.0,14.61,8.42,4.57,2.66,30.0
142,2026-04-05,SN2900,2026-04-05 10:44:00,2026-04-05 11:04:00,20.0,2026-04-05 11:13:00,2026-04-05 11:34:00,B32 A,49.0,12.77,3.84,6.18,1.56,21.0
142,2026-04-05,SN3326,2026-04-05 07:45:00,2026-04-05 08:05:00,20.0,2026-04-05 08:16:00,2026-04-05 08:36:00,B28 A,123.0,13.04,9.43,5.11,1.56,20.0
142,2026-04-05,SN358,2026-04-05 08:21:00,2026-04-05 08:24:00,3.0,2026-04-05 08:42:00,2026-04-05 09:09:00,B14 A,112.0,11.36,9.86,5.62,1.19,27.0
142,2026-04-05,SN379,2026-04-05 10:10:00,2026-04-05 11:03:00,53.0,2026-04-05 11:42:00,2026-04-05 12:19:00,B29 A,161.0,12.82,12.56,4.85,2.03,37.0
142,2026-04-05,SN3800,2026-04-05 06:15:00,2026-04-05 06:16:00,1.0,2026-04-05 06:28:00,2026-04-05 06:30:00,A65 ,27.0,12.24,2.21,4.13,2.02,2.0
142,2026-04-05,TB1552,2026-04-05 08:29:00,2026-04-05 08:25:00,-4.0,2026-04-05 08:46:00,2026-04-05 08:54:00,A61 ,166.0,12.52,13.26,5.78,1.44,8.0
142,2026-04-05,TB2632,2026-04-05 09:29:00,2026-04-05 09:09:00,-20.0,2026-04-05 09:35:00,2026-04-05 09:44:00,B9  A,114.0,14.49,7.87,4.7,1.77,9.0
142,2026-04-05,TB2662,2026-04-05 09:15:00,2026-04-05 09:04:00,-11.0,2026-04-05 09:22:00,2026-04-05 09:30:00,B34 A,90.0,13.89,6.48,5.49,1.88,8.0
142,2026-04-05,TG934,2026-04-05 09:21:00,2026-04-05 09:16:00,-5.0,2026-04-05 09:38:00,2026-04-05 09:58:00,B38 A,249.0,13.99,17.8,5.09,2.29,20.0
142,2026-04-05,UA950,2026-04-05 12:20:00,2026-04-05 11:58:00,-22.0,2026-04-05 12:14:00,2026-04-05 12:42:00,B37 A,127.0,12.46,10.2,6.07,2.0,28.0
142,2026-04-05,UA994,2026-04-05 09:51:00,2026-04-05 11:28:00,97.0,2026-04-05 11:44:00,2026-04-05 12:09:00,B40 A,135.0,12.0,11.25,4.91,2.53,25.0
142,2026-04-05,XR5402,2026-04-05 07:46:00,2026-04-05 08:56:00,70.0,2026-04-05 09:23:00,2026-04-05 09:26:00,B5  A,88.0,13.64,6.45,4.98,1.67,3.0
143,2026-04-05,AC832,2026-04-05 08:17:00,2026-04-05 07:46:00,-31.0,2026-04-05 08:02:00,2026-04-05 08:29:00,B30 A,122.0,13.46,9.07,5.21,1.71,27.0
143,2026-04-05,ET750,2026-04-05 11:13:00,2026-04-05 11:34:00,21.0,2026-04-05 12:17:00,2026-04-05 13:03:00,B17 A,464.0,12.76,36.37,5.59,1.51,46.0
143,2026-04-05,FH8116,2026-04-05 06:35:00,2026-04-05 06:00:00,-35.0,2026-04-05 06:07:00,2026-04-05 06:09:00,B15 A,22.0,11.57,1.9,5.45,1.42,2.0
143,2026-04-05,LH1004,2026-04-05 09:50:00,2026-04-05 09:53:00,3.0,2026-04-05 10:20:00,2026-04-05 10:27:00,A43 ,33.0,13.42,2.46,4.79,1.74,7.0
143,2026-04-05,SN1122,2026-04-05 08:39:00,2026-04-05 09:08:00,29.0,2026-04-05 09:20:00,2026-04-05 09:21:00,B40 A,13.0,11.57,1.12,4.65,2.67,1.0
143,2026-04-05,SN1124,2026-04-05 07:10:00,2026-04-05 07:19:00,9.0,2026-04-05 07:32:00,2026-04-05 07:48:00,B30 A,138.0,15.35,8.99,3.87,2.31,16.0
143,2026-04-05,SN206,2026-04-05 06:25:00,2026-04-05 06:48:00,23.0,2026-04-05 07:07:00,2026-04-05 07:30:00,B38 A,154.0,15.64,9.85,4.26,2.74,23.0
143,2026-04-05,SN229,2026-04-05 10:04:00,2026-04-05 10:26:00,22.0,2026-04-05 10:41:00,2026-04-05 11:10:00,B31 A,120.0,13.86,8.66,4.6,2.34,29.0
143,2026-04-05,SN278,2026-04-05 10:45:00,2026-04-05 10:42:00,-3.0,2026-04-05 11:04:00,2026-04-05 11:16:00,B28 A,198.0,11.02,17.96,5.99,1.34,12.0
143,2026-04-05,SN2900,2026-04-05 10:44:00,2026-04-05 11:04:00,20.0,2026-04-05 11:13:00,2026-04-05 11:34:00,B32 A,49.0,13.38,3.66,4.44,2.18,21.0
143,2026-04-05,SN3326,2026-04-05 11:24:00,2026-04-05 11:41:00,17.0,2026-04-05 12:06:00,2026-04-05 12:12:00,B14 A,111.0,13.22,8.39,4.97,1.34,6.0
143,2026-04-05,SN358,2026-04-05 12:21:00,2026-04-05 12:23:00,2.0,2026-04-05 12:43:00,2026-04-05 13:14:00,B28 A,176.0,15.17,11.61,5.14,1.56,31.0
143,2026-04-05,SN379,2026-04-05 10:10:00,2026-04-05 11:03:00,53.0,2026-04-05 11:42:00,2026-04-05 12:19:00,B29 A,161.0,14.31,11.25,6.06,1.62,37.0
143,2026-04-05,SN3800,2026-04-05 06:15:00,2026-04-05 06:16:00,1.0,2026-04-05 06:28:00,2026-04-05 06:30:00,A65 ,27.0,10.85,2.49,4.0,2.08,2.0
143,2026-04-05,TB1552,2026-04-05 10:15:00,2026-04-05 10:31:00,16.0,2026-04-05 10:50:00,2026-04-05 10:59:00,A69 ,164.0,10.31,15.9,4.86,1.71,9.0
143,2026-04-05,TB2632,2026-04-05 09:29:00,2026-04-05 09:09:00,-20.0,2026-04-05 09:35:00,2026-04-05 09:44:00,B9  A,114.0,13.61,8.38,4.31,1.94,9.0
143,2026-04-05,TB2662,2026-04-05 09:15:00,2026-04-05 09:04:00,-11.0,2026-04-05 09:22:00,2026-04-05 09:30:00,B34 A,90.0,14.37,6.26,6.02,1.72,8.0
143,2026-04-05,TG934,2026-04-05 09:21:00,2026-04-05 09:16:00,-5.0,2026-04-05 09:38:00,2026-04-05 09:58:00,B38 A,249.0,15.5,16.06,3.92,2.98,20.0
143,2026-04-05,UA950,2026-04-05 12:20:00,2026-04-05 11:58:00,-22.0,2026-04-05 12:14:00,2026-04-05 12:42:00,B37 A,127.0,14.67,8.66,5.3,2.29,28.0
143,2026-04-05,UA994,2026-04-05 10:51:00,2026-04-05 10:01:00,-50.0,2026-04-05 10:18:00,2026-04-05 10:42:00,B38 A,177.0,14.48,12.23,5.76,2.02,24.0
143,2026-04-05,XR5402,2026-04-05 07:46:00,2026-04-05 08:56:00,70.0,2026-04-05 09:23:00,2026-04-05 09:26:00,B5  A,88.0,13.47,6.53,4.57,1.82,3.0
144,2026-04-05,AC832,2026-04-05 12:18:00,2026-04-05 11:38:00,-40.0,2026-04-05 11:54:00,2026-04-05 12:17:00,B30 A,100.0,15.3,6.54,6.41,1.39,23.0
144,2026-04-05,ET750,2026-04-05 11:13:00,2026-04-05 11:34:00,21.0,2026-04-05 12:17:00,2026-04-05 13:03:00,B17 A,464.0,13.14,35.31,5.0,1.68,46.0
144,2026-04-05,FH8116,2026-04-05 06:35:00,2026-04-05 06:00:00,-35.0,2026-04-05 06:07:00,2026-04-05 06:09:00,B15 A,22.0,12.04,1.83,4.88,1.58,2.0
144,2026-04-05,LH1004,2026-04-05 09:50:00,2026-04-05 09:53:00,3.0,2026-04-05 10:20:00,2026-04-05 10:27:00,A43 ,33.0,15.81,2.09,6.17,1.35,7.0
144,2026-04-05,SN1122,2026-04-05 08:39:00,2026-04-05 09:08:00,29.0,2026-04-05 09:20:00,2026-04-05 09:21:00,B40 A,13.0,13.82,0.94,6.76,1.84,1.0
144,2026-04-05,SN1124,2026-04-05 07:10:00,2026-04-05 07:19:00,9.0,2026-04-05 07:32:00,2026-04-05 07:48:00,B30 A,138.0,12.76,10.82,4.87,1.83,16.0
144,2026-04-05,SN206,2026-04-05 06:25:00,2026-04-05 06:48:00,23.0,2026-04-05 07:07:00,2026-04-05 07:30:00,B38 A,154.0,13.81,11.15,6.45,1.81,23.0
144,2026-04-05,SN229,2026-04-05 12:06:00,2026-04-05 12:12:00,6.0,2026-04-05 12:39:00,2026-04-05 13:03:00,B28 A,20.0,11.19,1.79,5.72,1.4,24.0
144,2026-04-05,SN278,2026-04-05 12:46:00,2026-04-05 12:41:00,-5.0,2026-04-05 13:04:00,2026-04-05 13:33:00,B31 A,62.0,9.67,6.41,4.35,2.47,29.0
144,2026-04-05,SN2900,2026-04-05 08:46:00,2026-04-05 08:33:00,-13.0,2026-04-05 08:58:00,2026-04-05 09:02:00,B14 A,79.0,9.16,8.63,4.97,1.34,4.0
144,2026-04-05,SN3326,2026-04-05 11:24:00,2026-04-05 11:41:00,17.0,2026-04-05 12:06:00,2026-04-05 12:12:00,B14 A,111.0,13.28,8.36,5.79,1.15,6.0
144,2026-04-05,SN358,2026-04-05 12:21:00,2026-04-05 12:23:00,2.0,2026-04-05 12:43:00,2026-04-05 13:14:00,B28 A,176.0,13.87,12.69,6.43,1.24,31.0
144,2026-04-05,SN379,2026-04-05 08:11:00,2026-04-05 08:40:00,29.0,2026-04-05 08:59:00,2026-04-05 09:27:00,B28 A,76.0,11.94,6.37,5.18,1.54,28.0
144,2026-04-05,SN3800,2026-04-05 06:15:00,2026-04-05 06:16:00,1.0,2026-04-05 06:28:00,2026-04-05 06:30:00,A65 ,27.0,11.75,2.3,5.09,1.64,2.0
144,2026-04-05,TB1552,2026-04-05 10:15:00,2026-04-05 10:31:00,16.0,2026-04-05 10:50:00,2026-04-05 10:59:00,A69 ,164.0,12.78,12.83,5.51,1.51,9.0
144,2026-04-05,TB2632,2026-04-05 09:29:00,2026-04-05 09:09:00,-20.0,2026-04-05 09:35:00,2026-04-05 09:44:00,B9  A,114.0,11.41,10.0,5.34,1.56,9.0
144,2026-04-05,TB2662,2026-04-05 09:15:00,2026-04-05 09:04:00,-11.0,2026-04-05 09:22:00,2026-04-05 09:30:00,B34 A,90.0,12.37,7.28,5.19,1.99,8.0
144,2026-04-05,TG934,2026-04-05 09:21:00,2026-04-05 09:16:00,-5.0,2026-04-05 09:38:00,2026-04-05 09:58:00,B38 A,249.0,13.34,18.67,4.65,2.51,20.0
144,2026-04-05,UA950,2026-04-05 11:22:00,2026-04-05 11:02:00,-20.0,2026-04-05 11:22:00,2026-04-05 11:45:00,B28 A,170.0,11.68,14.56,5.26,1.52,23.0
144,2026-04-05,UA994,2026-04-05 08:51:00,2026-04-05 08:32:00,-19.0,2026-04-05 08:52:00,2026-04-05 09:25:00,B40 A,171.0,10.35,16.53,5.64,2.2,33.0
144,2026-04-05,XR5402,2026-04-05 07:46:00,2026-04-05 08:56:00,70.0,2026-04-05 09:23:00,2026-04-05 09:26:00,B5  A,88.0,13.58,6.48,5.36,1.56,3.0
145,2026-04-05,AC832,2026-04-05 12:18:00,2026-04-05 11:38:00,-40.0,2026-04-05 11:54:00,2026-04-05 12:17:00,B30 A,100.0,13.59,7.36,3.93,2.27,23.0
145,2026-04-05,ET750,2026-04-05 11:13:00,2026-04-05 11:34:00,21.0,2026-04-05 12:17:00,2026-04-05 13:03:00,B17 A,464.0,13.16,35.25,5.31,1.59,46.0
145,2026-04-05,FH8116,2026-04-05 06:35:00,2026-04-05 06:00:00,-35.0,2026-04-05 06:07:00,2026-04-05 06:09:00,B15 A,22.0,14.91,1.48,4.45,1.74,2.0
145,2026-04-05,LH1004,2026-04-05 11:51:00,2026-04-05 11:47:00,-4.0,2026-04-05 12:07:00,2026-04-05 12:12:00,A43 ,23.0,11.71,1.96,5.11,1.63,5.0
145,2026-04-05,SN1122,2026-04-05 08:39:00,2026-04-05 09:08:00,29.0,2026-04-05 09:20:00,2026-04-05 09:21:00,B40 A,13.0,14.25,0.91,5.39,2.3,1.0
145,2026-04-05,SN1124,2026-04-05 07:10:00,2026-04-05 07:19:00,9.0,2026-04-05 07:32:00,2026-04-05 07:48:00,B30 A,138.0,12.09,11.42,6.05,1.47,16.0
145,2026-04-05,SN206,2026-04-05 06:25:00,2026-04-05 06:48:00,23.0,2026-04-05 07:07:00,2026-04-05 07:30:00,B38 A,154.0,13.72,11.23,5.56,2.1,23.0
145,2026-04-05,SN229,2026-04-05 08:06:00,2026-04-05 09:20:00,74.0,2026-04-05 09:41:00,2026-04-05 10:22:00,B14 A,144.0,9.96,14.46,5.0,1.33,41.0
145,2026-04-05,SN278,2026-04-05 12:46:00,2026-04-05 12:41:00,-5.0,2026-04-05 13:04:00,2026-04-05 13:33:00,B31 A,62.0,10.91,5.68,5.65,1.9,29.0
145,2026-04-05,SN2900,2026-04-05 07:39:00,2026-04-05 07:25:00,-14.0,2026-04-05 07:38:00,2026-04-05 07:53:00,B38 A,55.0,12.53,4.39,5.22,2.23,15.0
145,2026-04-05,SN3326,2026-04-05 07:45:00,2026-04-05 08:05:00,20.0,2026-04-05 08:16:00,2026-04-05 08:36:00,B28 A,123.0,13.66,9.0,4.48,1.79,20.0
145,2026-04-05,SN358,2026-04-05 08:21:00,2026-04-05 08:24:00,3.0,2026-04-05 08:42:00,2026-04-05 09:09:00,B14 A,112.0,12.22,9.17,5.44,1.22,27.0
145,2026-04-05,SN379,2026-04-05 10:10:00,2026-04-05 11:03:00,53.0,2026-04-05 11:42:00,2026-04-05 12:19:00,B29 A,161.0,12.09,13.32,4.59,2.14,37.0
145,2026-04-05,SN3800,2026-04-05 06:15:00,2026-04-05 06:16:00,1.0,2026-04-05 06:28:00,2026-04-05 06:30:00,A65 ,27.0,13.42,2.01,4.2,1.98,2.0
145,2026-04-05,TB1552,2026-04-05 07:47:00,2026-04-05 07:43:00,-4.0,2026-04-05 07:55:00,2026-04-05 07:59:00,A68 ,66.0,12.97,5.09,5.04,1.65,4.0
145,2026-04-05,TB2632,2026-04-05 09:29:00,2026-04-05 09:09:00,-20.0,2026-04-05 09:35:00,2026-04-05 09:44:00,B9  A,114.0,12.17,9.37,5.43,1.53,9.0
145,2026-04-05,TB2662,2026-04-05 09:15:00,2026-04-05 09:04:00,-11.0,2026-04-05 09:22:00,2026-04-05 09:30:00,B34 A,90.0,12.74,7.06,5.37,1.93,8.0
145,2026-04-05,TG934,2026-04-05 09:21:00,2026-04-05 09:16:00,-5.0,2026-04-05 09:38:00,2026-04-05 09:58:00,B38 A,249.0,13.8,18.04,4.87,2.4,20.0
145,2026-04-05,UA950,2026-04-05 11:22:00,2026-04-05 11:02:00,-20.0,2026-04-05 11:22:00,2026-04-05 11:45:00,B28 A,170.0,9.84,17.28,3.96,2.02,23.0
145,2026-04-05,UA994,2026-04-05 12:51:00,2026-04-05 12:35:00,-16.0,2026-04-05 12:54:00,2026-04-05 13:24:00,B38 A,109.0,10.95,9.96,4.95,2.36,30.0
145,2026-04-05,XR5402,2026-04-05 07:46:00,2026-04-05 08:56:00,70.0,2026-04-05 09:23:00,2026-04-05 09:26:00,B5  A,88.0,16.77,5.25,5.34,1.56,3.0
146,2026-04-05,AC832,2026-04-05 11:16:00,2026-04-05 10:39:00,-37.0,2026-04-05 10:54:00,2026-04-05 11:24:00,B5  A,101.0,10.89,9.27,4.06,2.05,30.0
146,2026-04-05,ET750,2026-04-05 11:13:00,2026-04-05 11:34:00,21.0,2026-04-05 12:17:00,2026-04-05 13:03:00,B17 A,464.0,13.56,34.21,6.15,1.37,46.0
146,2026-04-05,FH8116,2026-04-05 06:35:00,2026-04-05 06:00:00,-35.0,2026-04-05 06:07:00,2026-04-05 06:09:00,B15 A,22.0,11.22,1.96,4.94,1.57,2.0
146,2026-04-05,LH1004,2026-04-05 09:50:00,2026-04-05 09:53:00,3.0,2026-04-05 10:20:00,2026-04-05 10:27:00,A43 ,33.0,11.96,2.76,7.21,1.16,7.0
146,2026-04-05,SN1122,2026-04-05 08:39:00,2026-04-05 09:08:00,29.0,2026-04-05 09:20:00,2026-04-05 09:21:00,B40 A,13.0,10.59,1.23,5.98,2.08,1.0
146,2026-04-05,SN1124,2026-04-05 07:10:00,2026-04-05 07:19:00,9.0,2026-04-05 07:32:00,2026-04-05 07:48:00,B30 A,138.0,15.94,8.66,4.81,1.85,16.0
146,2026-04-05,SN206,2026-04-05 06:25:00,2026-04-05 06:48:00,23.0,2026-04-05 07:07:00,2026-04-05 07:30:00,B38 A,154.0,12.06,12.77,5.64,2.07,23.0
146,2026-04-05,SN229,2026-04-05 12:06:00,2026-04-05 12:12:00,6.0,2026-04-05 12:39:00,2026-04-05 13:03:00,B28 A,20.0,11.71,1.71,6.15,1.3,24.0
146,2026-04-05,SN278,2026-04-05 12:46:00,2026-04-05 12:41:00,-5.0,2026-04-05 13:04:00,2026-04-05 13:33:00,B31 A,62.0,10.04,6.18,4.63,2.32,29.0
146,2026-04-05,SN2900,2026-04-05 07:39:00,2026-04-05 07:25:00,-14.0,2026-04-05 07:38:00,2026-04-05 07:53:00,B38 A,55.0,8.16,6.74,4.79,2.43,15.0
146,2026-04-05,SN3326,2026-04-05 11:24:00,2026-04-05 11:41:00,17.0,2026-04-05 12:06:00,2026-04-05 12:12:00,B14 A,111.0,16.58,6.7,4.62,1.44,6.0
146,2026-04-05,SN358,2026-04-05 08:21:00,2026-04-05 08:24:00,3.0,2026-04-05 08:42:00,2026-04-05 09:09:00,B14 A,112.0,9.91,11.3,5.05,1.32,27.0
146,2026-04-05,SN379,2026-04-05 08:11:00,2026-04-05 08:40:00,29.0,2026-04-05 08:59:00,2026-04-05 09:27:00,B28 A,76.0,13.4,5.67,5.41,1.48,28.0
146,2026-04-05,SN3800,2026-04-05 06:15:00,2026-04-05 06:16:00,1.0,2026-04-05 06:28:00,2026-04-05 06:30:00,A65 ,27.0,12.7,2.13,5.67,1.47,2.0
146,2026-04-05,TB1552,2026-04-05 07:15:00,2026-04-05 07:08:00,-7.0,2026-04-05 07:38:00,2026-04-05 07:45:00,A61 ,152.0,10.69,14.22,4.47,1.86,7.0
146,2026-04-05,TB2632,2026-04-05 09:29:00,2026-04-05 09:09:00,-20.0,2026-04-05 09:35:00,2026-04-05 09:44:00,B9  A,114.0,12.1,9.42,4.37,1.91,9.0
146,2026-04-05,TB2662,2026-04-05 09:15:00,2026-04-05 09:04:00,-11.0,2026-04-05 09:22:00,2026-04-05 09:30:00,B34 A,90.0,14.7,6.12,4.47,2.31,8.0
146,2026-04-05,TG934,2026-04-05 09:21:00,2026-04-05 09:16:00,-5.0,2026-04-05 09:38:00,2026-04-05 09:58:00,B38 A,249.0,13.75,18.11,5.9,1.98,20.0
146,2026-04-05,UA950,2026-04-05 09:21:00,2026-04-05 08:45:00,-36.0,2026-04-05 09:03:00,2026-04-05 09:29:00,B5  A,163.0,13.61,11.98,4.85,1.72,26.0
146,2026-04-05,UA994,2026-04-05 09:51:00,2026-04-05 11:28:00,97.0,2026-04-05 11:44:00,2026-04-05 12:09:00,B40 A,135.0,11.64,11.6,6.42,1.94,25.0
146,2026-04-05,XR5402,2026-04-05 07:46:00,2026-04-05 08:56:00,70.0,2026-04-05 09:23:00,2026-04-05 09:26:00,B5  A,88.0,13.06,6.74,4.03,2.07,3.0
147,2026-04-05,AC832,2026-04-05 10:17:00,2026-04-05 10:43:00,26.0,2026-04-05 11:00:00,2026-04-05 11:34:00,B14 A,172.0,11.1,15.5,5.45,1.22,34.0
147,2026-04-05,ET750,2026-04-05 11:13:00,2026-04-05 11:34:00,21.0,2026-04-05 12:17:00,2026-04-05 13:03:00,B17 A,464.0,13.31,34.86,4.88,1.72,46.0
147,2026-04-05,FH8116,2026-04-05 06:35:00,2026-04-05 06:00:00,-35.0,2026-04-05 06:07:00,2026-04-05 06:09:00,B15 A,22.0,12.48,1.76,3.99,1.94,2.0
147,2026-04-05,LH1004,2026-04-05 09:50:00,2026-04-05 09:53:00,3.0,2026-04-05 10:20:00,2026-04-05 10:27:00,A43 ,33.0,10.92,3.02,5.69,1.46,7.0
147,2026-04-05,SN1122,2026-04-05 08:39:00,2026-04-05 09:08:00,29.0,2026-04-05 09:20:00,2026-04-05 09:21:00,B40 A,13.0,13.56,0.96,5.74,2.16,1.0
147,2026-04-05,SN1124,2026-04-05 07:10:00,2026-04-05 07:19:00,9.0,2026-04-05 07:32:00,2026-04-05 07:48:00,B30 A,138.0,11.79,11.71,6.96,1.28,16.0
147,2026-04-05,SN206,2026-04-05 06:25:00,2026-04-05 06:48:00,23.0,2026-04-05 07:07:00,2026-04-05 07:30:00,B38 A,154.0,13.83,11.13,4.95,2.36,23.0
147,2026-04-05,SN229,2026-04-05 12:06:00,2026-04-05 12:12:00,6.0,2026-04-05 12:39:00,2026-04-05 13:03:00,B28 A,20.0,10.06,1.99,4.7,1.7,24.0
147,2026-04-05,SN278,2026-04-05 12:46:00,2026-04-05 12:41:00,-5.0,2026-04-05 13:04:00,2026-04-05 13:33:00,B31 A,62.0,14.37,4.31,5.33,2.02,29.0
147,2026-04-05,SN2900,2026-04-05 08:46:00,2026-04-05 08:33:00,-13.0,2026-04-05 08:58:00,2026-04-05 09:02:00,B14 A,79.0,11.49,6.88,3.62,1.84,4.0
147,2026-04-05,SN3326,2026-04-05 07:45:00,2026-04-05 08:05:00,20.0,2026-04-05 08:16:00,2026-04-05 08:36:00,B28 A,123.0,13.66,9.0,4.38,1.82,20.0
147,2026-04-05,SN358,2026-04-05 08:21:00,2026-04-05 08:24:00,3.0,2026-04-05 08:42:00,2026-04-05 09:09:00,B14 A,112.0,12.87,8.7,5.2,1.28,27.0
147,2026-04-05,SN379,2026-04-05 08:11:00,2026-04-05 08:40:00,29.0,2026-04-05 08:59:00,2026-04-05 09:27:00,B28 A,76.0,16.64,4.57,5.15,1.55,28.0
147,2026-04-05,SN3800,2026-04-05 06:15:00,2026-04-05 06:16:00,1.0,2026-04-05 06:28:00,2026-04-05 06:30:00,A65 ,27.0,11.3,2.39,4.52,1.84,2.0
147,2026-04-05,TB1552,2026-04-05 08:29:00,2026-04-05 08:25:00,-4.0,2026-04-05 08:46:00,2026-04-05 08:54:00,A61 ,166.0,10.78,15.39,4.92,1.69,8.0
147,2026-04-05,TB2632,2026-04-05 09:29:00,2026-04-05 09:09:00,-20.0,2026-04-05 09:35:00,2026-04-05 09:44:00,B9  A,114.0,13.83,8.25,4.32,1.93,9.0
147,2026-04-05,TB2662,2026-04-05 09:15:00,2026-04-05 09:04:00,-11.0,2026-04-05 09:22:00,2026-04-05 09:30:00,B34 A,90.0,14.57,6.18,4.13,2.5,8.0
147,2026-04-05,TG934,2026-04-05 09:21:00,2026-04-05 09:16:00,-5.0,2026-04-05 09:38:00,2026-04-05 09:58:00,B38 A,249.0,15.75,15.8,4.5,2.59,20.0
147,2026-04-05,UA950,2026-04-05 11:22:00,2026-04-05 11:02:00,-20.0,2026-04-05 11:22:00,2026-04-05 11:45:00,B28 A,170.0,11.85,14.34,5.93,1.35,23.0
147,2026-04-05,UA994,2026-04-05 08:51:00,2026-04-05 08:32:00,-19.0,2026-04-05 08:52:00,2026-04-05 09:25:00,B40 A,171.0,10.77,15.87,5.72,2.17,33.0
147,2026-04-05,XR5402,2026-04-05 07:46:00,2026-04-05 08:56:00,70.0,2026-04-05 09:23:00,2026-04-05 09:26:00,B5  A,88.0,11.68,7.53,5.68,1.47,3.0
148,2026-04-05,AC832,2026-04-05 10:17:00,2026-04-05 10:43:00,26.0,2026-04-05 11:00:00,2026-04-05 11:34:00,B14 A,172.0,11.04,15.58,5.41,1.23,34.0
148,2026-04-05,ET750,2026-04-05 11:13:00,2026-04-05 11:34:00,21.0,2026-04-05 12:17:00,2026-04-05 13:03:00,B17 A,464.0,14.87,31.2,4.12,2.04,46.0
148,2026-04-05,FH8116,2026-04-05 06:35:00,2026-04-05 06:00:00,-35.0,2026-04-05 06:07:00,2026-04-05 06:09:00,B15 A,22.0,10.76,2.05,4.57,1.69,2.0
148,2026-04-05,LH1004,2026-04-05 12:50:00,2026-04-05 12:50:00,0.0,2026-04-05 13:03:00,2026-04-05 13:30:00,A43 ,40.0,14.86,2.69,4.48,1.86,27.0
148,2026-04-05,SN1122,2026-04-05 08:39:00,2026-04-05 09:08:00,29.0,2026-04-05 09:20:00,2026-04-05 09:21:00,B40 A,13.0,13.53,0.96,5.27,2.36,1.0
148,2026-04-05,SN1124,2026-04-05 07:10:00,2026-04-05 07:19:00,9.0,2026-04-05 07:32:00,2026-04-05 07:48:00,B30 A,138.0,16.68,8.27,4.2,2.12,16.0
148,2026-04-05,SN206,2026-04-05 06:25:00,2026-04-05 06:48:00,23.0,2026-04-05 07:07:00,2026-04-05 07:30:00,B38 A,154.0,15.28,10.08,4.84,2.41,23.0
148,2026-04-05,SN229,2026-04-05 12:06:00,2026-04-05 12:12:00,6.0,2026-04-05 12:39:00,2026-04-05 13:03:00,B28 A,20.0,13.68,1.46,4.06,1.97,24.0
148,2026-04-05,SN278,2026-04-05 08:43:00,2026-04-05 08:27:00,-16.0,2026-04-05 08:40:00,2026-04-05 09:10:00,B37 A,123.0,14.49,8.49,4.74,2.57,30.0
148,2026-04-05,SN2900,2026-04-05 10:44:00,2026-04-05 11:04:00,20.0,2026-04-05 11:13:00,2026-04-05 11:34:00,B32 A,49.0,13.55,3.62,4.62,2.09,21.0
148,2026-04-05,SN3326,2026-04-05 11:24:00,2026-04-05 11:41:00,17.0,2026-04-05 12:06:00,2026-04-05 12:12:00,B14 A,111.0,11.62,9.55,4.9,1.36,6.0
148,2026-04-05,SN358,2026-04-05 08:21:00,2026-04-05 08:24:00,3.0,2026-04-05 08:42:00,2026-04-05 09:09:00,B14 A,112.0,11.93,9.39,4.73,1.41,27.0
148,2026-04-05,SN379,2026-04-05 08:11:00,2026-04-05 08:40:00,29.0,2026-04-05 08:59:00,2026-04-05 09:27:00,B28 A,76.0,13.64,5.57,5.19,1.54,28.0
148,2026-04-05,SN3800,2026-04-05 06:15:00,2026-04-05 06:16:00,1.0,2026-04-05 06:28:00,2026-04-05 06:30:00,A65 ,27.0,14.51,1.86,4.88,1.71,2.0
148,2026-04-05,TB1552,2026-04-05 07:47:00,2026-04-05 07:43:00,-4.0,2026-04-05 07:55:00,2026-04-05 07:59:00,A68 ,66.0,13.92,4.74,5.24,1.59,4.0
148,2026-04-05,TB2632,2026-04-05 09:29:00,2026-04-05 09:09:00,-20.0,2026-04-05 09:35:00,2026-04-05 09:44:00,B9  A,114.0,15.11,7.54,5.15,1.62,9.0
148,2026-04-05,TB2662,2026-04-05 09:15:00,2026-04-05 09:04:00,-11.0,2026-04-05 09:22:00,2026-04-05 09:30:00,B34 A,90.0,14.76,6.1,5.22,1.98,8.0
148,2026-04-05,TG934,2026-04-05 12:22:00,2026-04-05 12:26:00,4.0,2026-04-05 12:46:00,2026-04-05 13:15:00,B34 A,260.0,15.29,17.0,4.31,2.4,29.0
148,2026-04-05,UA950,2026-04-05 09:21:00,2026-04-05 08:45:00,-36.0,2026-04-05 09:03:00,2026-04-05 09:29:00,B5  A,163.0,10.17,16.03,5.62,1.48,26.0
148,2026-04-05,UA994,2026-04-05 08:51:00,2026-04-05 08:32:00,-19.0,2026-04-05 08:52:00,2026-04-05 09:25:00,B40 A,171.0,10.91,15.67,6.59,1.88,33.0
148,2026-04-05,XR5402,2026-04-05 07:46:00,2026-04-05 08:56:00,70.0,2026-04-05 09:23:00,2026-04-05 09:26:00,B5  A,88.0,12.21,7.21,5.64,1.48,3.0
149,2026-04-05,AC832,2026-04-05 12:18:00,2026-04-05 11:38:00,-40.0,2026-04-05 11:54:00,2026-04-05 12:17:00,B30 A,100.0,12.85,7.78,5.82,1.53,23.0
149,2026-04-05,ET750,2026-04-05 11:13:00,2026-04-05 11:34:00,21.0,2026-04-05 12:17:00,2026-04-05 13:03:00,B17 A,464.0,11.54,40.21,4.17,2.02,46.0
149,2026-04-05,FH8116,2026-04-05 12:44:00,2026-04-05 12:48:00,4.0,2026-04-05 13:06:00,2026-04-05 13:13:00,B38 A,140.0,13.8,10.15,5.85,1.99,7.0
149,2026-04-05,LH1004,2026-04-05 12:50:00,2026-04-05 12:50:00,0.0,2026-04-05 13:03:00,2026-04-05 13:30:00,A43 ,40.0,14.66,2.73,4.84,1.72,27.0
149,2026-04-05,SN1122,2026-04-05 08:39:00,2026-04-05 09:08:00,29.0,2026-04-05 09:20:00,2026-04-05 09:21:00,B40 A,13.0,8.57,1.52,4.07,3.05,1.0
149,2026-04-05,SN1124,2026-04-05 07:10:00,2026-04-05 07:19:00,9.0,2026-04-05 07:32:00,2026-04-05 07:48:00,B30 A,138.0,12.62,10.94,7.21,1.24,16.0
149,2026-04-05,SN206,2026-04-05 06:25:00,2026-04-05 06:48:00,23.0,2026-04-05 07:07:00,2026-04-05 07:30:00,B38 A,154.0,12.34,12.48,5.57,2.1,23.0
149,2026-04-05,SN229,2026-04-05 10:04:00,2026-04-05 10:26:00,22.0,2026-04-05 10:41:00,2026-04-05 11:10:00,B31 A,120.0,11.78,10.19,6.15,1.75,29.0
149,2026-04-05,SN278,2026-04-05 10:45:00,2026-04-05 10:42:00,-3.0,2026-04-05 11:04:00,2026-04-05 11:16:00,B28 A,198.0,11.51,17.21,6.04,1.33,12.0
149,2026-04-05,SN2900,2026-04-05 10:44:00,2026-04-05 11:04:00,20.0,2026-04-05 11:13:00,2026-04-05 11:34:00,B32 A,49.0,11.95,4.1,5.58,1.73,21.0
149,2026-04-05,SN3326,2026-04-05 07:45:00,2026-04-05 08:05:00,20.0,2026-04-05 08:16:00,2026-04-05 08:36:00,B28 A,123.0,13.57,9.06,5.35,1.49,20.0
149,2026-04-05,SN358,2026-04-05 10:21:00,2026-04-05 11:13:00,52.0,2026-04-05 11:43:00,2026-04-05 12:03:00,B38 A,126.0,12.59,10.01,6.76,1.72,20.0
149,2026-04-05,SN379,2026-04-05 08:11:00,2026-04-05 08:40:00,29.0,2026-04-05 08:59:00,2026-04-05 09:27:00,B28 A,76.0,12.77,5.95,5.73,1.4,28.0
149,2026-04-05,SN3800,2026-04-05 06:15:00,2026-04-05 06:16:00,1.0,2026-04-05 06:28:00,2026-04-05 06:30:00,A65 ,27.0,12.81,2.11,3.99,2.09,2.0
149,2026-04-05,TB1552,2026-04-05 07:47:00,2026-04-05 07:43:00,-4.0,2026-04-05 07:55:00,2026-04-05 07:59:00,A68 ,66.0,15.26,4.33,4.61,1.81,4.0
149,2026-04-05,TB2632,2026-04-05 09:29:00,2026-04-05 09:09:00,-20.0,2026-04-05 09:35:00,2026-04-05 09:44:00,B9  A,114.0,11.94,9.55,5.14,1.62,9.0
149,2026-04-05,TB2662,2026-04-05 09:15:00,2026-04-05 09:04:00,-11.0,2026-04-05 09:22:00,2026-04-05 09:30:00,B34 A,90.0,12.37,7.28,5.98,1.73,8.0
149,2026-04-05,TG934,2026-04-05 12:22:00,2026-04-05 12:26:00,4.0,2026-04-05 12:46:00,2026-04-05 13:15:00,B34 A,260.0,15.94,16.31,2.95,3.5,29.0
149,2026-04-05,UA950,2026-04-05 09:21:00,2026-04-05 08:45:00,-36.0,2026-04-05 09:03:00,2026-04-05 09:29:00,B5  A,163.0,11.7,13.93,3.7,2.25,26.0
149,2026-04-05,UA994,2026-04-05 11:51:00,2026-04-05 11:37:00,-14.0,2026-04-05 11:55:00,2026-04-05 12:25:00,B40 A,157.0,13.05,12.03,5.53,2.25,30.0
149,2026-04-05,XR5402,2026-04-05 07:46:00,2026-04-05 08:56:00,70.0,2026-04-05 09:23:00,2026-04-05 09:26:00,B5  A,88.0,15.12,5.82,4.48,1.86,3.0
150,2026-04-05,AC832,2026-04-05 10:17:00,2026-04-05 10:43:00,26.0,2026-04-05 11:00:00,2026-04-05 11:34:00,B14 A,172.0,12.0,14.33,5.68,1.17,34.0
150,2026-04-05,ET750,2026-04-05 11:13:00,2026-04-05 11:34:00,21.0,2026-04-05 12:17:00,2026-04-05 13:03:00,B17 A,464.0,11.27,41.16,4.99,1.69,46.0
150,2026-04-05,FH8116,2026-04-05 06:35:00,2026-04-05 06:00:00,-35.0,2026-04-05 06:07:00,2026-04-05 06:09:00,B15 A,22.0,9.47,2.32,4.43,1.75,2.0
150,2026-04-05,LH1004,2026-04-05 09:50:00,2026-04-05 09:53:00,3.0,2026-04-05 10:20:00,2026-04-05 10:27:00,A43 ,33.0,10.19,3.24,4.96,1.68,7.0
150,2026-04-05,SN1122,2026-04-05 08:39:00,2026-04-05 09:08:00,29.0,2026-04-05 09:20:00,2026-04-05 09:21:00,B40 A,13.0,10.58,1.23,4.76,2.61,1.0
150,2026-04-05,SN1124,2026-04-05 07:10:00,2026-04-05 07:19:00,9.0,2026-04-05 07:32:00,2026-04-05 07:48:00,B30 A,138.0,13.06,10.56,6.02,1.48,16.0
150,2026-04-05,SN206,2026-04-05 06:25:00,2026-04-05 06:48:00,23.0,2026-04-05 07:07:00,2026-04-05 07:30:00,B38 A,154.0,12.92,11.92,5.66,2.06,23.0
150,2026-04-05,SN229,2026-04-05 10:04:00,2026-04-05 10:26:00,22.0,2026-04-05 10:41:00,2026-04-05 11:10:00,B31 A,120.0,13.3,9.03,5.71,1.88,29.0
150,2026-04-05,SN278,2026-04-05 12:46:00,2026-04-05 12:41:00,-5.0,2026-04-05 13:04:00,2026-04-05 13:33:00,B31 A,62.0,12.18,5.09,4.65,2.31,29.0
150,2026-04-05,SN2900,2026-04-05 07:39:00,2026-04-05 07:25:00,-14.0,2026-04-05 07:38:00,2026-04-05 07:53:00,B38 A,55.0,13.03,4.22,5.36,2.18,15.0
150,2026-04-05,SN3326,2026-04-05 11:24:00,2026-04-05 11:41:00,17.0,2026-04-05 12:06:00,2026-04-05 12:12:00,B14 A,111.0,15.53,7.15,4.07,1.64,6.0
150,2026-04-05,SN358,2026-04-05 08:21:00,2026-04-05 08:24:00,3.0,2026-04-05 08:42:00,2026-04-05 09:09:00,B14 A,112.0,11.72,9.55,3.08,2.16,27.0
150,2026-04-05,SN379,2026-04-05 10:10:00,2026-04-05 11:03:00,53.0,2026-04-05 11:42:00,2026-04-05 12:19:00,B29 A,161.0,10.3,15.63,4.17,2.36,37.0
150,2026-04-05,SN3800,2026-04-05 06:15:00,2026-04-05 06:16:00,1.0,2026-04-05 06:28:00,2026-04-05 06:30:00,A65 ,27.0,10.77,2.51,4.57,1.82,2.0
150,2026-04-05,TB1552,2026-04-05 07:15:00,2026-04-05 07:08:00,-7.0,2026-04-05 07:38:00,2026-04-05 07:45:00,A61 ,152.0,9.74,15.61,4.8,1.74,7.0
150,2026-04-05,TB2632,2026-04-05 09:29:00,2026-04-05 09:09:00,-20.0,2026-04-05 09:35:00,2026-04-05 09:44:00,B9  A,114.0,15.1,7.55,5.7,1.46,9.0
150,2026-04-05,TB2662,2026-04-05 09:15:00,2026-04-05 09:04:00,-11.0,2026-04-05 09:22:00,2026-04-05 09:30:00,B34 A,90.0,11.73,7.67,4.4,2.35,8.0
150,2026-04-05,TG934,2026-04-05 09:21:00,2026-04-05 09:16:00,-5.0,2026-04-05 09:38:00,2026-04-05 09:58:00,B38 A,249.0,14.8,16.82,6.59,1.77,20.0
150,2026-04-05,UA950,2026-04-05 10:20:00,2026-04-05 09:58:00,-22.0,2026-04-05 10:24:00,2026-04-05 10:51:00,B40 A,188.0,12.39,15.17,4.8,2.58,27.0
150,2026-04-05,UA994,2026-04-05 09:51:00,2026-04-05 11:28:00,97.0,2026-04-05 11:44:00,2026-04-05 12:09:00,B40 A,135.0,13.73,9.84,5.25,2.36,25.0
150,2026-04-05,XR5402,2026-04-05 07:46:00,2026-04-05 08:56:00,70.0,2026-04-05 09:23:00,2026-04-05 09:26:00,B5  A,88.0,12.91,6.82,4.73,1.76,3.0
151,2026-04-05,AC832,2026-04-05 10:17:00,2026-04-05 10:43:00,26.0,2026-04-05 11:00:00,2026-04-05 11:34:00,B14 A,172.0,11.66,14.75,3.84,1.74,34.0
151,2026-04-05,ET750,2026-04-05 11:13:00,2026-04-05 11:34:00,21.0,2026-04-05 12:17:00,2026-04-05 13:03:00,B17 A,464.0,11.68,39.72,5.26,1.6,46.0
151,2026-04-05,FH8116,2026-04-05 12:44:00,2026-04-05 12:48:00,4.0,2026-04-05 13:06:00,2026-04-05 13:13:00,B38 A,140.0,12.38,11.31,4.61,2.53,7.0
151,2026-04-05,LH1004,2026-04-05 12:50:00,2026-04-05 12:50:00,0.0,2026-04-05 13:03:00,2026-04-05 13:30:00,A43 ,40.0,11.36,3.52,6.17,1.35,27.0
151,2026-04-05,SN1122,2026-04-05 08:39:00,2026-04-05 09:08:00,29.0,2026-04-05 09:20:00,2026-04-05 09:21:00,B40 A,13.0,11.01,1.18,4.92,2.52,1.0
151,2026-04-05,SN1124,2026-04-05 07:10:00,2026-04-05 07:19:00,9.0,2026-04-05 07:32:00,2026-04-05 07:48:00,B30 A,138.0,13.81,10.0,4.79,1.86,16.0
151,2026-04-05,SN206,2026-04-05 06:25:00,2026-04-05 06:48:00,23.0,2026-04-05 07:07:00,2026-04-05 07:30:00,B38 A,154.0,11.49,13.4,5.41,2.16,23.0
151,2026-04-05,SN229,2026-04-05 12:06:00,2026-04-05 12:12:00,6.0,2026-04-05 12:39:00,2026-04-05 13:03:00,B28 A,20.0,8.28,2.42,4.77,1.68,24.0
151,2026-04-05,SN278,2026-04-05 12:46:00,2026-04-05 12:41:00,-5.0,2026-04-05 13:04:00,2026-04-05 13:33:00,B31 A,62.0,12.47,4.97,4.56,2.36,29.0
151,2026-04-05,SN2900,2026-04-05 10:44:00,2026-04-05 11:04:00,20.0,2026-04-05 11:13:00,2026-04-05 11:34:00,B32 A,49.0,13.64,3.59,5.11,1.89,21.0
151,2026-04-05,SN3326,2026-04-05 11:24:00,2026-04-05 11:41:00,17.0,2026-04-05 12:06:00,2026-04-05 12:12:00,B14 A,111.0,10.08,11.02,6.01,1.11,6.0
151,2026-04-05,SN358,2026-04-05 10:21:00,2026-04-05 11:13:00,52.0,2026-04-05 11:43:00,2026-04-05 12:03:00,B38 A,126.0,11.04,11.42,4.78,2.44,20.0
151,2026-04-05,SN379,2026-04-05 08:11:00,2026-04-05 08:40:00,29.0,2026-04-05 08:59:00,2026-04-05 09:27:00,B28 A,76.0,14.52,5.23,4.05,1.98,28.0
151,2026-04-05,SN3800,2026-04-05 06:15:00,2026-04-05 06:16:00,1.0,2026-04-05 06:28:00,2026-04-05 06:30:00,A65 ,27.0,9.34,2.89,4.84,1.72,2.0
151,2026-04-05,TB1552,2026-04-05 10:15:00,2026-04-05 10:31:00,16.0,2026-04-05 10:50:00,2026-04-05 10:59:00,A69 ,164.0,11.09,14.79,4.0,2.08,9.0
151,2026-04-05,TB2632,2026-04-05 09:29:00,2026-04-05 09:09:00,-20.0,2026-04-05 09:35:00,2026-04-05 09:44:00,B9  A,114.0,11.3,10.09,4.97,1.68,9.0
151,2026-04-05,TB2662,2026-04-05 09:15:00,2026-04-05 09:04:00,-11.0,2026-04-05 09:22:00,2026-04-05 09:30:00,B34 A,90.0,14.31,6.29,6.45,1.6,8.0
151,2026-04-05,TG934,2026-04-05 09:21:00,2026-04-05 09:16:00,-5.0,2026-04-05 09:38:00,2026-04-05 09:58:00,B38 A,249.0,14.08,17.69,4.73,2.46,20.0
151,2026-04-05,UA950,2026-04-05 11:22:00,2026-04-05 11:02:00,-20.0,2026-04-05 11:22:00,2026-04-05 11:45:00,B28 A,170.0,15.92,10.68,4.03,1.98,23.0
151,2026-04-05,UA994,2026-04-05 10:51:00,2026-04-05 10:01:00,-50.0,2026-04-05 10:18:00,2026-04-05 10:42:00,B38 A,177.0,13.1,13.51,4.88,2.39,24.0
151,2026-04-05,XR5402,2026-04-05 07:46:00,2026-04-05 08:56:00,70.0,2026-04-05 09:23:00,2026-04-05 09:26:00,B5  A,88.0,10.88,8.09,4.37,1.91,3.0
152,2026-04-05,AC832,2026-04-05 09:18:00,2026-04-05 08:45:00,-33.0,2026-04-05 09:06:00,2026-04-05 09:59:00,B28 A,110.0,12.73,8.64,3.81,2.1,53.0
152,2026-04-05,ET750,2026-04-05 11:13:00,2026-04-05 11:34:00,21.0,2026-04-05 12:17:00,2026-04-05 13:03:00,B17 A,464.0,12.11,38.31,5.76,1.46,46.0
152,2026-04-05,FH8116,2026-04-05 12:44:00,2026-04-05 12:48:00,4.0,2026-04-05 13:06:00,2026-04-05 13:13:00,B38 A,140.0,12.9,10.85,4.12,2.83,7.0
152,2026-04-05,LH1004,2026-04-05 09:50:00,2026-04-05 09:53:00,3.0,2026-04-05 10:20:00,2026-04-05 10:27:00,A43 ,33.0,14.05,2.35,4.78,1.74,7.0
152,2026-04-05,SN1122,2026-04-05 08:39:00,2026-04-05 09:08:00,29.0,2026-04-05 09:20:00,2026-04-05 09:21:00,B40 A,13.0,12.57,1.03,4.53,2.74,1.0
152,2026-04-05,SN1124,2026-04-05 07:10:00,2026-04-05 07:19:00,9.0,2026-04-05 07:32:00,2026-04-05 07:48:00,B30 A,138.0,14.97,9.22,4.57,1.95,16.0
152,2026-04-05,SN206,2026-04-05 06:25:00,2026-04-05 06:48:00,23.0,2026-04-05 07:07:00,2026-04-05 07:30:00,B38 A,154.0,11.88,12.96,4.71,2.48,23.0
152,2026-04-05,SN229,2026-04-05 12:06:00,2026-04-05 12:12:00,6.0,2026-04-05 12:39:00,2026-04-05 13:03:00,B28 A,20.0,13.47,1.48,5.53,1.45,24.0
152,2026-04-05,SN278,2026-04-05 08:43:00,2026-04-05 08:27:00,-16.0,2026-04-05 08:40:00,2026-04-05 09:10:00,B37 A,123.0,13.06,9.42,3.88,3.14,30.0
152,2026-04-05,SN2900,2026-04-05 10:44:00,2026-04-05 11:04:00,20.0,2026-04-05 11:13:00,2026-04-05 11:34:00,B32 A,49.0,10.75,4.56,4.72,2.05,21.0
152,2026-04-05,SN3326,2026-04-05 11:24:00,2026-04-05 11:41:00,17.0,2026-04-05 12:06:00,2026-04-05 12:12:00,B14 A,111.0,14.78,7.51,4.16,1.6,6.0
152,2026-04-05,SN358,2026-04-05 12:21:00,2026-04-05 12:23:00,2.0,2026-04-05 12:43:00,2026-04-05 13:14:00,B28 A,176.0,12.48,14.11,4.75,1.69,31.0
152,2026-04-05,SN379,2026-04-05 10:10:00,2026-04-05 11:03:00,53.0,2026-04-05 11:42:00,2026-04-05 12:19:00,B29 A,161.0,12.87,12.51,4.81,2.04,37.0
152,2026-04-05,SN3800,2026-04-05 06:15:00,2026-04-05 06:16:00,1.0,2026-04-05 06:28:00,2026-04-05 06:30:00,A65 ,27.0,15.73,1.72,4.86,1.72,2.0
152,2026-04-05,TB1552,2026-04-05 07:47:00,2026-04-05 07:43:00,-4.0,2026-04-05 07:55:00,2026-04-05 07:59:00,A68 ,66.0,15.16,4.35,3.75,2.22,4.0
152,2026-04-05,TB2632,2026-04-05 09:29:00,2026-04-05 09:09:00,-20.0,2026-04-05 09:35:00,2026-04-05 09:44:00,B9  A,114.0,10.26,11.11,3.88,2.15,9.0
152,2026-04-05,TB2662,2026-04-05 09:15:00,2026-04-05 09:04:00,-11.0,2026-04-05 09:22:00,2026-04-05 09:30:00,B34 A,90.0,9.52,9.45,5.28,1.96,8.0
152,2026-04-05,TG934,2026-04-05 12:22:00,2026-04-05 12:26:00,4.0,2026-04-05 12:46:00,2026-04-05 13:15:00,B34 A,260.0,16.14,16.11,4.24,2.44,29.0
152,2026-04-05,UA950,2026-04-05 10:20:00,2026-04-05 09:58:00,-22.0,2026-04-05 10:24:00,2026-04-05 10:51:00,B40 A,188.0,13.44,13.99,4.49,2.76,27.0
152,2026-04-05,UA994,2026-04-05 11:51:00,2026-04-05 11:37:00,-14.0,2026-04-05 11:55:00,2026-04-05 12:25:00,B40 A,157.0,11.93,13.16,4.61,2.69,30.0
152,2026-04-05,XR5402,2026-04-05 07:46:00,2026-04-05 08:56:00,70.0,2026-04-05 09:23:00,2026-04-05 09:26:00,B5  A,88.0,14.2,6.2,4.53,1.84,3.0
153,2026-04-05,AC832,2026-04-05 08:17:00,2026-04-05 07:46:00,-31.0,2026-04-05 08:02:00,2026-04-05 08:29:00,B30 A,122.0,14.89,8.2,5.35,1.67,27.0
153,2026-04-05,ET750,2026-04-05 11:13:00,2026-04-05 11:34:00,21.0,2026-04-05 12:17:00,2026-04-05 13:03:00,B17 A,464.0,13.35,34.76,5.92,1.42,46.0
153,2026-04-05,FH8116,2026-04-05 12:44:00,2026-04-05 12:48:00,4.0,2026-04-05 13:06:00,2026-04-05 13:13:00,B38 A,140.0,12.9,10.85,4.39,2.66,7.0
153,2026-04-05,LH1004,2026-04-05 12:50:00,2026-04-05 12:50:00,0.0,2026-04-05 13:03:00,2026-04-05 13:30:00,A43 ,40.0,12.72,3.14,4.26,1.95,27.0
153,2026-04-05,SN1122,2026-04-05 08:39:00,2026-04-05 09:08:00,29.0,2026-04-05 09:20:00,2026-04-05 09:21:00,B40 A,13.0,10.92,1.19,5.34,2.32,1.0
153,2026-04-05,SN1124,2026-04-05 07:10:00,2026-04-05 07:19:00,9.0,2026-04-05 07:32:00,2026-04-05 07:48:00,B30 A,138.0,13.02,10.6,4.36,2.04,16.0
153,2026-04-05,SN206,2026-04-05 06:25:00,2026-04-05 06:48:00,23.0,2026-04-05 07:07:00,2026-04-05 07:30:00,B38 A,154.0,12.35,12.47,5.94,1.96,23.0
153,2026-04-05,SN229,2026-04-05 10:04:00,2026-04-05 10:26:00,22.0,2026-04-05 10:41:00,2026-04-05 11:10:00,B31 A,120.0,11.07,10.84,5.25,2.05,29.0
153,2026-04-05,SN278,2026-04-05 12:46:00,2026-04-05 12:41:00,-5.0,2026-04-05 13:04:00,2026-04-05 13:33:00,B31 A,62.0,13.32,4.65,4.66,2.3,29.0
153,2026-04-05,SN2900,2026-04-05 10:44:00,2026-04-05 11:04:00,20.0,2026-04-05 11:13:00,2026-04-05 11:34:00,B32 A,49.0,10.52,4.66,4.63,2.09,21.0
153,2026-04-05,SN3326,2026-04-05 11:24:00,2026-04-05 11:41:00,17.0,2026-04-05 12:06:00,2026-04-05 12:12:00,B14 A,111.0,14.85,7.47,4.83,1.38,6.0
153,2026-04-05,SN358,2026-04-05 10:21:00,2026-04-05 11:13:00,52.0,2026-04-05 11:43:00,2026-04-05 12:03:00,B38 A,126.0,13.1,9.62,4.87,2.39,20.0
153,2026-04-05,SN379,2026-04-05 08:11:00,2026-04-05 08:40:00,29.0,2026-04-05 08:59:00,2026-04-05 09:27:00,B28 A,76.0,11.2,6.78,4.99,1.6,28.0
153,2026-04-05,SN3800,2026-04-05 06:15:00,2026-04-05 06:16:00,1.0,2026-04-05 06:28:00,2026-04-05 06:30:00,A65 ,27.0,11.29,2.39,6.24,1.33,2.0
153,2026-04-05,TB1552,2026-04-05 07:47:00,2026-04-05 07:43:00,-4.0,2026-04-05 07:55:00,2026-04-05 07:59:00,A68 ,66.0,8.73,7.56,4.85,1.72,4.0
153,2026-04-05,TB2632,2026-04-05 09:29:00,2026-04-05 09:09:00,-20.0,2026-04-05 09:35:00,2026-04-05 09:44:00,B9  A,114.0,11.16,10.21,5.51,1.51,9.0
153,2026-04-05,TB2662,2026-04-05 09:15:00,2026-04-05 09:04:00,-11.0,2026-04-05 09:22:00,2026-04-05 09:30:00,B34 A,90.0,11.06,8.14,4.71,2.2,8.0
153,2026-04-05,TG934,2026-04-05 09:21:00,2026-04-05 09:16:00,-5.0,2026-04-05 09:38:00,2026-04-05 09:58:00,B38 A,249.0,13.39,18.6,7.05,1.65,20.0
153,2026-04-05,UA950,2026-04-05 12:20:00,2026-04-05 11:58:00,-22.0,2026-04-05 12:14:00,2026-04-05 12:42:00,B37 A,127.0,13.81,9.19,5.92,2.06,28.0
153,2026-04-05,UA994,2026-04-05 12:51:00,2026-04-05 12:35:00,-16.0,2026-04-05 12:54:00,2026-04-05 13:24:00,B38 A,109.0,14.09,7.74,4.43,2.64,30.0
153,2026-04-05,XR5402,2026-04-05 07:46:00,2026-04-05 08:56:00,70.0,2026-04-05 09:23:00,2026-04-05 09:26:00,B5  A,88.0,12.59,6.99,4.37,1.91,3.0
154,2026-04-05,AC832,2026-04-05 11:16:00,2026-04-05 10:39:00,-37.0,2026-04-05 10:54:00,2026-04-05 11:24:00,B5  A,101.0,14.51,6.96,4.32,1.93,30.0
154,2026-04-05,ET750,2026-04-05 11:13:00,2026-04-05 11:34:00,21.0,2026-04-05 12:17:00,2026-04-05 13:03:00,B17 A,464.0,12.17,38.13,5.19,1.62,46.0
154,2026-04-05,FH8116,2026-04-05 06:35:00,2026-04-05 06:00:00,-35.0,2026-04-05 06:07:00,2026-04-05 06:09:00,B15 A,22.0,16.99,1.29,3.67,2.11,2.0
154,2026-04-05,LH1004,2026-04-05 12:50:00,2026-04-05 12:50:00,0.0,2026-04-05 13:03:00,2026-04-05 13:30:00,A43 ,40.0,10.58,3.78,4.32,1.93,27.0
154,2026-04-05,SN1122,2026-04-05 08:39:00,2026-04-05 09:08:00,29.0,2026-04-05 09:20:00,2026-04-05 09:21:00,B40 A,13.0,12.84,1.01,4.49,2.77,1.0
154,2026-04-05,SN1124,2026-04-05 07:10:00,2026-04-05 07:19:00,9.0,2026-04-05 07:32:00,2026-04-05 07:48:00,B30 A,138.0,12.72,10.85,5.35,1.67,16.0
154,2026-04-05,SN206,2026-04-05 06:25:00,2026-04-05 06:48:00,23.0,2026-04-05 07:07:00,2026-04-05 07:30:00,B38 A,154.0,14.48,10.64,3.92,2.98,23.0
154,2026-04-05,SN229,2026-04-05 10:04:00,2026-04-05 10:26:00,22.0,2026-04-05 10:41:00,2026-04-05 11:10:00,B31 A,120.0,9.4,12.76,5.87,1.83,29.0
154,2026-04-05,SN278,2026-04-05 12:46:00,2026-04-05 12:41:00,-5.0,2026-04-05 13:04:00,2026-04-05 13:33:00,B31 A,62.0,9.3,6.66,4.92,2.19,29.0
154,2026-04-05,SN2900,2026-04-05 08:46:00,2026-04-05 08:33:00,-13.0,2026-04-05 08:58:00,2026-04-05 09:02:00,B14 A,79.0,9.53,8.29,5.21,1.28,4.0
154,2026-04-05,SN3326,2026-04-05 11:24:00,2026-04-05 11:41:00,17.0,2026-04-05 12:06:00,2026-04-05 12:12:00,B14 A,111.0,8.94,12.42,3.92,1.7,6.0
154,2026-04-05,SN358,2026-04-05 10:21:00,2026-04-05 11:13:00,52.0,2026-04-05 11:43:00,2026-04-05 12:03:00,B38 A,126.0,12.12,10.4,5.26,2.22,20.0
154,2026-04-05,SN379,2026-04-05 10:10:00,2026-04-05 11:03:00,53.0,2026-04-05 11:42:00,2026-04-05 12:19:00,B29 A,161.0,10.92,14.75,4.6,2.14,37.0
154,2026-04-05,SN3800,2026-04-05 06:15:00,2026-04-05 06:16:00,1.0,2026-04-05 06:28:00,2026-04-05 06:30:00,A65 ,27.0,11.38,2.37,4.24,1.97,2.0
154,2026-04-05,TB1552,2026-04-05 07:47:00,2026-04-05 07:43:00,-4.0,2026-04-05 07:55:00,2026-04-05 07:59:00,A68 ,66.0,14.34,4.6,4.75,1.76,4.0
154,2026-04-05,TB2632,2026-04-05 09:29:00,2026-04-05 09:09:00,-20.0,2026-04-05 09:35:00,2026-04-05 09:44:00,B9  A,114.0,12.82,8.89,5.12,1.63,9.0
154,2026-04-05,TB2662,2026-04-05 09:15:00,2026-04-05 09:04:00,-11.0,2026-04-05 09:22:00,2026-04-05 09:30:00,B34 A,90.0,15.28,5.89,6.41,1.61,8.0
154,2026-04-05,TG934,2026-04-05 09:21:00,2026-04-05 09:16:00,-5.0,2026-04-05 09:38:00,2026-04-05 09:58:00,B38 A,249.0,13.24,18.8,5.79,2.02,20.0
154,2026-04-05,UA950,2026-04-05 10:20:00,2026-04-05 09:58:00,-22.0,2026-04-05 10:24:00,2026-04-05 10:51:00,B40 A,188.0,10.59,17.75,5.71,2.17,27.0
154,2026-04-05,UA994,2026-04-05 08:51:00,2026-04-05 08:32:00,-19.0,2026-04-05 08:52:00,2026-04-05 09:25:00,B40 A,171.0,11.26,15.18,5.43,2.29,33.0
154,2026-04-05,XR5402,2026-04-05 07:46:00,2026-04-05 08:56:00,70.0,2026-04-05 09:23:00,2026-04-05 09:26:00,B5  A,88.0,10.77,8.17,5.55,1.5,3.0
155,2026-04-05,AC832,2026-04-05 12:18:00,2026-04-05 11:38:00,-40.0,2026-04-05 11:54:00,2026-04-05 12:17:00,B30 A,100.0,13.83,7.23,4.97,1.79,23.0
155,2026-04-05,ET750,2026-04-05 11:13:00,2026-04-05 11:34:00,21.0,2026-04-05 12:17:00,2026-04-05 13:03:00,B17 A,464.0,12.28,37.79,5.4,1.56,46.0
155,2026-04-05,FH8116,2026-04-05 06:35:00,2026-04-05 06:00:00,-35.0,2026-04-05 06:07:00,2026-04-05 06:09:00,B15 A,22.0,14.2,1.55,4.05,1.91,2.0
155,2026-04-05,LH1004,2026-04-05 12:50:00,2026-04-05 12:50:00,0.0,2026-04-05 13:03:00,2026-04-05 13:30:00,A43 ,40.0,12.04,3.32,6.38,1.31,27.0
155,2026-04-05,SN1122,2026-04-05 08:39:00,2026-04-05 09:08:00,29.0,2026-04-05 09:20:00,2026-04-05 09:21:00,B40 A,13.0,11.34,1.15,4.08,3.04,1.0
155,2026-04-05,SN1124,2026-04-05 07:10:00,2026-04-05 07:19:00,9.0,2026-04-05 07:32:00,2026-04-05 07:48:00,B30 A,138.0,15.87,8.7,5.72,1.56,16.0
155,2026-04-05,SN206,2026-04-05 06:25:00,2026-04-05 06:48:00,23.0,2026-04-05 07:07:00,2026-04-05 07:30:00,B38 A,154.0,14.43,10.67,4.66,2.51,23.0
155,2026-04-05,SN229,2026-04-05 10:04:00,2026-04-05 10:26:00,22.0,2026-04-05 10:41:00,2026-04-05 11:10:00,B31 A,120.0,12.01,9.99,4.72,2.28,29.0
155,2026-04-05,SN278,2026-04-05 10:45:00,2026-04-05 10:42:00,-3.0,2026-04-05 11:04:00,2026-04-05 11:16:00,B28 A,198.0,12.3,16.1,5.77,1.39,12.0
155,2026-04-05,SN2900,2026-04-05 08:46:00,2026-04-05 08:33:00,-13.0,2026-04-05 08:58:00,2026-04-05 09:02:00,B14 A,79.0,13.61,5.8,6.94,0.96,4.0
155,2026-04-05,SN3326,2026-04-05 11:24:00,2026-04-05 11:41:00,17.0,2026-04-05 12:06:00,2026-04-05 12:12:00,B14 A,111.0,12.19,9.1,5.4,1.24,6.0
155,2026-04-05,SN358,2026-04-05 10:21:00,2026-04-05 11:13:00,52.0,2026-04-05 11:43:00,2026-04-05 12:03:00,B38 A,126.0,15.8,7.97,4.12,2.83,20.0
155,2026-04-05,SN379,2026-04-05 10:10:00,2026-04-05 11:03:00,53.0,2026-04-05 11:42:00,2026-04-05 12:19:00,B29 A,161.0,13.04,12.34,4.99,1.97,37.0
155,2026-04-05,SN3800,2026-04-05 06:15:00,2026-04-05 06:16:00,1.0,2026-04-05 06:28:00,2026-04-05 06:30:00,A65 ,27.0,11.76,2.3,5.13,1.63,2.0
155,2026-04-05,TB1552,2026-04-05 07:15:00,2026-04-05 07:08:00,-7.0,2026-04-05 07:38:00,2026-04-05 07:45:00,A61 ,152.0,12.66,12.0,5.01,1.66,7.0
155,2026-04-05,TB2632,2026-04-05 09:29:00,2026-04-05 09:09:00,-20.0,2026-04-05 09:35:00,2026-04-05 09:44:00,B9  A,114.0,13.25,8.6,5.2,1.6,9.0
155,2026-04-05,TB2662,2026-04-05 09:15:00,2026-04-05 09:04:00,-11.0,2026-04-05 09:22:00,2026-04-05 09:30:00,B34 A,90.0,13.7,6.57,4.94,2.09,8.0
155,2026-04-05,TG934,2026-04-05 12:22:00,2026-04-05 12:26:00,4.0,2026-04-05 12:46:00,2026-04-05 13:15:00,B34 A,260.0,15.24,17.06,5.96,1.73,29.0
155,2026-04-05,UA950,2026-04-05 09:21:00,2026-04-05 08:45:00,-36.0,2026-04-05 09:03:00,2026-04-05 09:29:00,B5  A,163.0,11.92,13.67,4.72,1.76,26.0
155,2026-04-05,UA994,2026-04-05 08:51:00,2026-04-05 08:32:00,-19.0,2026-04-05 08:52:00,2026-04-05 09:25:00,B40 A,171.0,14.35,11.92,4.29,2.89,33.0
155,2026-04-05,XR5402,2026-04-05 07:46:00,2026-04-05 08:56:00,70.0,2026-04-05 09:23:00,2026-04-05 09:26:00,B5  A,88.0,8.88,9.91,4.28,1.95,3.0
156,2026-04-05,AC832,2026-04-05 12:18:00,2026-04-05 11:38:00,-40.0,2026-04-05 11:54:00,2026-04-05 12:17:00,B30 A,100.0,12.5,8.0,3.51,2.54,23.0
156,2026-04-05,ET750,2026-04-05 11:13:00,2026-04-05 11:34:00,21.0,2026-04-05 12:17:00,2026-04-05 13:03:00,B17 A,464.0,13.2,35.15,5.13,1.64,46.0
156,2026-04-05,FH8116,2026-04-05 06:35:00,2026-04-05 06:00:00,-35.0,2026-04-05 06:07:00,2026-04-05 06:09:00,B15 A,22.0,13.17,1.67,3.99,1.94,2.0
156,2026-04-05,LH1004,2026-04-05 08:50:00,2026-04-05 08:53:00,3.0,2026-04-05 09:06:00,2026-04-05 09:12:00,A43 ,29.0,12.2,2.38,4.64,1.79,6.0
156,2026-04-05,SN1122,2026-04-05 08:39:00,2026-04-05 09:08:00,29.0,2026-04-05 09:20:00,2026-04-05 09:21:00,B40 A,13.0,12.89,1.01,5.33,2.33,1.0
156,2026-04-05,SN1124,2026-04-05 07:10:00,2026-04-05 07:19:00,9.0,2026-04-05 07:32:00,2026-04-05 07:48:00,B30 A,138.0,13.1,10.54,4.05,2.2,16.0
156,2026-04-05,SN206,2026-04-05 06:25:00,2026-04-05 06:48:00,23.0,2026-04-05 07:07:00,2026-04-05 07:30:00,B38 A,154.0,10.0,15.4,6.45,1.81,23.0
156,2026-04-05,SN229,2026-04-05 08:06:00,2026-04-05 09:20:00,74.0,2026-04-05 09:41:00,2026-04-05 10:22:00,B14 A,144.0,9.64,14.94,4.86,1.37,41.0
156,2026-04-05,SN278,2026-04-05 10:45:00,2026-04-05 10:42:00,-3.0,2026-04-05 11:04:00,2026-04-05 11:16:00,B28 A,198.0,13.14,15.07,4.96,1.61,12.0
156,2026-04-05,SN2900,2026-04-05 07:39:00,2026-04-05 07:25:00,-14.0,2026-04-05 07:38:00,2026-04-05 07:53:00,B38 A,55.0,15.99,3.44,5.47,2.13,15.0
156,2026-04-05,SN3326,2026-04-05 11:24:00,2026-04-05 11:41:00,17.0,2026-04-05 12:06:00,2026-04-05 12:12:00,B14 A,111.0,13.46,8.24,4.05,1.65,6.0
156,2026-04-05,SN358,2026-04-05 12:21:00,2026-04-05 12:23:00,2.0,2026-04-05 12:43:00,2026-04-05 13:14:00,B28 A,176.0,10.62,16.58,5.24,1.53,31.0
156,2026-04-05,SN379,2026-04-05 10:10:00,2026-04-05 11:03:00,53.0,2026-04-05 11:42:00,2026-04-05 12:19:00,B29 A,161.0,10.07,15.99,4.58,2.14,37.0
156,2026-04-05,SN3800,2026-04-05 06:15:00,2026-04-05 06:16:00,1.0,2026-04-05 06:28:00,2026-04-05 06:30:00,A65 ,27.0,13.35,2.02,6.18,1.35,2.0
156,2026-04-05,TB1552,2026-04-05 10:15:00,2026-04-05 10:31:00,16.0,2026-04-05 10:50:00,2026-04-05 10:59:00,A69 ,164.0,12.22,13.42,4.65,1.79,9.0
156,2026-04-05,TB2632,2026-04-05 09:29:00,2026-04-05 09:09:00,-20.0,2026-04-05 09:35:00,2026-04-05 09:44:00,B9  A,114.0,11.68,9.76,4.29,1.94,9.0
156,2026-04-05,TB2662,2026-04-05 09:15:00,2026-04-05 09:04:00,-11.0,2026-04-05 09:22:00,2026-04-05 09:30:00,B34 A,90.0,11.87,7.58,4.64,2.23,8.0
156,2026-04-05,TG934,2026-04-05 09:21:00,2026-04-05 09:16:00,-5.0,2026-04-05 09:38:00,2026-04-05 09:58:00,B38 A,249.0,14.5,17.17,5.81,2.01,20.0
156,2026-04-05,UA950,2026-04-05 08:20:00,2026-04-05 08:20:00,0.0,2026-04-05 08:36:00,2026-04-05 09:25:00,B38 A,176.0,13.24,13.29,5.19,2.25,49.0
156,2026-04-05,UA994,2026-04-05 09:51:00,2026-04-05 11:28:00,97.0,2026-04-05 11:44:00,2026-04-05 12:09:00,B40 A,135.0,15.0,9.0,5.34,2.32,25.0
156,2026-04-05,XR5402,2026-04-05 07:46:00,2026-04-05 08:56:00,70.0,2026-04-05 09:23:00,2026-04-05 09:26:00,B5  A,88.0,11.51,7.64,3.97,2.1,3.0
157,2026-04-05,AC832,2026-04-05 09:18:00,2026-04-05 08:45:00,-33.0,2026-04-05 09:06:00,2026-04-05 09:59:00,B28 A,110.0,14.18,7.76,6.08,1.32,53.0
157,2026-04-05,ET750,2026-04-05 11:13:00,2026-04-05 11:34:00,21.0,2026-04-05 12:17:00,2026-04-05 13:03:00,B17 A,464.0,13.51,34.34,5.59,1.5,46.0
157,2026-04-05,FH8116,2026-04-05 12:44:00,2026-04-05 12:48:00,4.0,2026-04-05 13:06:00,2026-04-05 13:13:00,B38 A,140.0,12.36,11.32,4.46,2.61,7.0
157,2026-04-05,LH1004,2026-04-05 11:51:00,2026-04-05 11:47:00,-4.0,2026-04-05 12:07:00,2026-04-05 12:12:00,A43 ,23.0,12.57,1.83,3.73,2.24,5.0
157,2026-04-05,SN1122,2026-04-05 08:39:00,2026-04-05 09:08:00,29.0,2026-04-05 09:20:00,2026-04-05 09:21:00,B40 A,13.0,9.19,1.41,4.31,2.88,1.0
157,2026-04-05,SN1124,2026-04-05 07:10:00,2026-04-05 07:19:00,9.0,2026-04-05 07:32:00,2026-04-05 07:48:00,B30 A,138.0,16.91,8.16,5.46,1.63,16.0
157,2026-04-05,SN206,2026-04-05 06:25:00,2026-04-05 06:48:00,23.0,2026-04-05 07:07:00,2026-04-05 07:30:00,B38 A,154.0,14.73,10.45,4.73,2.47,23.0
157,2026-04-05,SN229,2026-04-05 08:06:00,2026-04-05 09:20:00,74.0,2026-04-05 09:41:00,2026-04-05 10:22:00,B14 A,144.0,14.17,10.16,6.14,1.09,41.0
157,2026-04-05,SN278,2026-04-05 10:45:00,2026-04-05 10:42:00,-3.0,2026-04-05 11:04:00,2026-04-05 11:16:00,B28 A,198.0,10.71,18.49,5.15,1.55,12.0
157,2026-04-05,SN2900,2026-04-05 08:46:00,2026-04-05 08:33:00,-13.0,2026-04-05 08:58:00,2026-04-05 09:02:00,B14 A,79.0,10.93,7.22,5.42,1.23,4.0
157,2026-04-05,SN3326,2026-04-05 11:24:00,2026-04-05 11:41:00,17.0,2026-04-05 12:06:00,2026-04-05 12:12:00,B14 A,111.0,10.15,10.94,5.7,1.17,6.0
157,2026-04-05,SN358,2026-04-05 08:21:00,2026-04-05 08:24:00,3.0,2026-04-05 08:42:00,2026-04-05 09:09:00,B14 A,112.0,12.24,9.15,5.26,1.27,27.0
157,2026-04-05,SN379,2026-04-05 10:10:00,2026-04-05 11:03:00,53.0,2026-04-05 11:42:00,2026-04-05 12:19:00,B29 A,161.0,10.36,15.54,5.74,1.71,37.0
157,2026-04-05,SN3800,2026-04-05 06:15:00,2026-04-05 06:16:00,1.0,2026-04-05 06:28:00,2026-04-05 06:30:00,A65 ,27.0,15.64,1.73,4.98,1.67,2.0
157,2026-04-05,TB1552,2026-04-05 07:47:00,2026-04-05 07:43:00,-4.0,2026-04-05 07:55:00,2026-04-05 07:59:00,A68 ,66.0,14.41,4.58,4.35,1.91,4.0
157,2026-04-05,TB2632,2026-04-05 09:29:00,2026-04-05 09:09:00,-20.0,2026-04-05 09:35:00,2026-04-05 09:44:00,B9  A,114.0,13.66,8.34,4.4,1.9,9.0
157,2026-04-05,TB2662,2026-04-05 09:15:00,2026-04-05 09:04:00,-11.0,2026-04-05 09:22:00,2026-04-05 09:30:00,B34 A,90.0,9.29,9.69,3.7,2.79,8.0
157,2026-04-05,TG934,2026-04-05 09:21:00,2026-04-05 09:16:00,-5.0,2026-04-05 09:38:00,2026-04-05 09:58:00,B38 A,249.0,13.87,17.95,4.66,2.51,20.0
157,2026-04-05,UA950,2026-04-05 08:20:00,2026-04-05 08:20:00,0.0,2026-04-05 08:36:00,2026-04-05 09:25:00,B38 A,176.0,13.89,12.67,5.45,2.14,49.0
157,2026-04-05,UA994,2026-04-05 08:51:00,2026-04-05 08:32:00,-19.0,2026-04-05 08:52:00,2026-04-05 09:25:00,B40 A,171.0,10.42,16.4,5.49,2.26,33.0
157,2026-04-05,XR5402,2026-04-05 07:46:00,2026-04-05 08:56:00,70.0,2026-04-05 09:23:00,2026-04-05 09:26:00,B5  A,88.0,12.55,7.01,5.01,1.66,3.0
158,2026-04-05,AC832,2026-04-05 11:16:00,2026-04-05 10:39:00,-37.0,2026-04-05 10:54:00,2026-04-05 11:24:00,B5  A,101.0,11.26,8.97,3.9,2.14,30.0
158,2026-04-05,ET750,2026-04-05 11:13:00,2026-04-05 11:34:00,21.0,2026-04-05 12:17:00,2026-04-05 13:03:00,B17 A,464.0,12.99,35.71,4.69,1.8,46.0
158,2026-04-05,FH8116,2026-04-05 06:35:00,2026-04-05 06:00:00,-35.0,2026-04-05 06:07:00,2026-04-05 06:09:00,B15 A,22.0,11.63,1.89,3.85,2.01,2.0
158,2026-04-05,LH1004,2026-04-05 09:50:00,2026-04-05 09:53:00,3.0,2026-04-05 10:20:00,2026-04-05 10:27:00,A43 ,33.0,13.45,2.45,5.36,1.56,7.0
158,2026-04-05,SN1122,2026-04-05 08:39:00,2026-04-05 09:08:00,29.0,2026-04-05 09:20:00,2026-04-05 09:21:00,B40 A,13.0,16.76,0.78,6.33,1.96,1.0
158,2026-04-05,SN1124,2026-04-05 07:10:00,2026-04-05 07:19:00,9.0,2026-04-05 07:32:00,2026-04-05 07:48:00,B30 A,138.0,12.9,10.7,4.3,2.07,16.0
158,2026-04-05,SN206,2026-04-05 06:25:00,2026-04-05 06:48:00,23.0,2026-04-05 07:07:00,2026-04-05 07:30:00,B38 A,154.0,13.69,11.25,5.04,2.32,23.0
158,2026-04-05,SN229,2026-04-05 08:06:00,2026-04-05 09:20:00,74.0,2026-04-05 09:41:00,2026-04-05 10:22:00,B14 A,144.0,14.57,9.88,4.51,1.48,41.0
158,2026-04-05,SN278,2026-04-05 08:43:00,2026-04-05 08:27:00,-16.0,2026-04-05 08:40:00,2026-04-05 09:10:00,B37 A,123.0,15.25,8.07,5.86,2.08,30.0
158,2026-04-05,SN2900,2026-04-05 10:44:00,2026-04-05 11:04:00,20.0,2026-04-05 11:13:00,2026-04-05 11:34:00,B32 A,49.0,13.81,3.55,5.48,1.76,21.0
158,2026-04-05,SN3326,2026-04-05 11:24:00,2026-04-05 11:41:00,17.0,2026-04-05 12:06:00,2026-04-05 12:12:00,B14 A,111.0,8.67,12.8,4.34,1.54,6.0
158,2026-04-05,SN358,2026-04-05 12:21:00,2026-04-05 12:23:00,2.0,2026-04-05 12:43:00,2026-04-05 13:14:00,B28 A,176.0,10.31,17.07,4.49,1.78,31.0
158,2026-04-05,SN379,2026-04-05 10:10:00,2026-04-05 11:03:00,53.0,2026-04-05 11:42:00,2026-04-05 12:19:00,B29 A,161.0,13.56,11.87,5.73,1.72,37.0
158,2026-04-05,SN3800,2026-04-05 06:15:00,2026-04-05 06:16:00,1.0,2026-04-05 06:28:00,2026-04-05 06:30:00,A65 ,27.0,13.52,2.0,5.52,1.51,2.0
158,2026-04-05,TB1552,2026-04-05 07:47:00,2026-04-05 07:43:00,-4.0,2026-04-05 07:55:00,2026-04-05 07:59:00,A68 ,66.0,12.69,5.2,5.31,1.57,4.0
158,2026-04-05,TB2632,2026-04-05 09:29:00,2026-04-05 09:09:00,-20.0,2026-04-05 09:35:00,2026-04-05 09:44:00,B9  A,114.0,16.05,7.1,4.48,1.86,9.0
158,2026-04-05,TB2662,2026-04-05 09:15:00,2026-04-05 09:04:00,-11.0,2026-04-05 09:22:00,2026-04-05 09:30:00,B34 A,90.0,14.57,6.18,5.45,1.89,8.0
158,2026-04-05,TG934,2026-04-05 12:22:00,2026-04-05 12:26:00,4.0,2026-04-05 12:46:00,2026-04-05 13:15:00,B34 A,260.0,15.0,17.33,5.37,1.92,29.0
158,2026-04-05,UA950,2026-04-05 10:20:00,2026-04-05 09:58:00,-22.0,2026-04-05 10:24:00,2026-04-05 10:51:00,B40 A,188.0,12.3,15.28,4.83,2.57,27.0
158,2026-04-05,UA994,2026-04-05 08:51:00,2026-04-05 08:32:00,-19.0,2026-04-05 08:52:00,2026-04-05 09:25:00,B40 A,171.0,12.93,13.22,3.7,3.36,33.0
158,2026-04-05,XR5402,2026-04-05 07:46:00,2026-04-05 08:56:00,70.0,2026-04-05 09:23:00,2026-04-05 09:26:00,B5  A,88.0,12.57,7.0,5.37,1.55,3.0
159,2026-04-05,AC832,2026-04-05 10:17:00,2026-04-05 10:43:00,26.0,2026-04-05 11:00:00,2026-04-05 11:34:00,B14 A,172.0,11.63,14.79,6.28,1.06,34.0
159,2026-04-05,ET750,2026-04-05 11:13:00,2026-04-05 11:34:00,21.0,2026-04-05 12:17:00,2026-04-05 13:03:00,B17 A,464.0,12.43,37.33,3.81,2.21,46.0
159,2026-04-05,FH8116,2026-04-05 12:44:00,2026-04-05 12:48:00,4.0,2026-04-05 13:06:00,2026-04-05 13:13:00,B38 A,140.0,12.74,10.99,4.05,2.88,7.0
159,2026-04-05,LH1004,2026-04-05 08:50:00,2026-04-05 08:53:00,3.0,2026-04-05 09:06:00,2026-04-05 09:12:00,A43 ,29.0,12.17,2.38,5.05,1.65,6.0
159,2026-04-05,SN1122,2026-04-05 08:39:00,2026-04-05 09:08:00,29.0,2026-04-05 09:20:00,2026-04-05 09:21:00,B40 A,13.0,10.55,1.23,4.08,3.04,1.0
159,2026-04-05,SN1124,2026-04-05 07:10:00,2026-04-05 07:19:00,9.0,2026-04-05 07:32:00,2026-04-05 07:48:00,B30 A,138.0,13.93,9.91,3.84,2.32,16.0
159,2026-04-05,SN206,2026-04-05 06:25:00,2026-04-05 06:48:00,23.0,2026-04-05 07:07:00,2026-04-05 07:30:00,B38 A,154.0,14.16,10.87,4.69,2.49,23.0
159,2026-04-05,SN229,2026-04-05 10:04:00,2026-04-05 10:26:00,22.0,2026-04-05 10:41:00,2026-04-05 11:10:00,B31 A,120.0,14.16,8.47,4.47,2.4,29.0
159,2026-04-05,SN278,2026-04-05 12:46:00,2026-04-05 12:41:00,-5.0,2026-04-05 13:04:00,2026-04-05 13:33:00,B31 A,62.0,8.83,7.02,5.3,2.03,29.0
159,2026-04-05,SN2900,2026-04-05 10:44:00,2026-04-05 11:04:00,20.0,2026-04-05 11:13:00,2026-04-05 11:34:00,B32 A,49.0,10.49,4.67,5.3,1.82,21.0
159,2026-04-05,SN3326,2026-04-05 11:24:00,2026-04-05 11:41:00,17.0,2026-04-05 12:06:00,2026-04-05 12:12:00,B14 A,111.0,13.24,8.39,4.74,1.41,6.0
159,2026-04-05,SN358,2026-04-05 12:21:00,2026-04-05 12:23:00,2.0,2026-04-05 12:43:00,2026-04-05 13:14:00,B28 A,176.0,10.83,16.25,4.54,1.76,31.0
159,2026-04-05,SN379,2026-04-05 08:11:00,2026-04-05 08:40:00,29.0,2026-04-05 08:59:00,2026-04-05 09:27:00,B28 A,76.0,12.22,6.22,5.59,1.43,28.0
159,2026-04-05,SN3800,2026-04-05 06:15:00,2026-04-05 06:16:00,1.0,2026-04-05 06:28:00,2026-04-05 06:30:00,A65 ,27.0,12.56,2.15,5.06,1.65,2.0
159,2026-04-05,TB1552,2026-04-05 07:15:00,2026-04-05 07:08:00,-7.0,2026-04-05 07:38:00,2026-04-05 07:45:00,A61 ,152.0,14.53,10.46,5.49,1.52,7.0
159,2026-04-05,TB2632,2026-04-05 09:29:00,2026-04-05 09:09:00,-20.0,2026-04-05 09:35:00,2026-04-05 09:44:00,B9  A,114.0,12.44,9.16,5.44,1.53,9.0
159,2026-04-05,TB2662,2026-04-05 09:15:00,2026-04-05 09:04:00,-11.0,2026-04-05 09:22:00,2026-04-05 09:30:00,B34 A,90.0,10.48,8.59,5.01,2.06,8.0
159,2026-04-05,TG934,2026-04-05 12:22:00,2026-04-05 12:26:00,4.0,2026-04-05 12:46:00,2026-04-05 13:15:00,B34 A,260.0,14.49,17.95,5.66,1.83,29.0
159,2026-04-05,UA950,2026-04-05 09:21:00,2026-04-05 08:45:00,-36.0,2026-04-05 09:03:00,2026-04-05 09:29:00,B5  A,163.0,10.16,16.04,4.45,1.87,26.0
159,2026-04-05,UA994,2026-04-05 09:51:00,2026-04-05 11:28:00,97.0,2026-04-05 11:44:00,2026-04-05 12:09:00,B40 A,135.0,11.36,11.88,5.98,2.08,25.0
159,2026-04-05,XR5402,2026-04-05 07:46:00,2026-04-05 08:56:00,70.0,2026-04-05 09:23:00,2026-04-05 09:26:00,B5  A,88.0,10.27,8.57,4.04,2.06,3.0
160,2026-04-05,AC832,2026-04-05 10:17:00,2026-04-05 10:43:00,26.0,2026-04-05 11:00:00,2026-04-05 11:34:00,B14 A,172.0,12.43,13.84,5.66,1.18,34.0
160,2026-04-05,ET750,2026-04-05 11:13:00,2026-04-05 11:34:00,21.0,2026-04-05 12:17:00,2026-04-05 13:03:00,B17 A,464.0,15.02,30.89,5.97,1.41,46.0
160,2026-04-05,FH8116,2026-04-05 12:44:00,2026-04-05 12:48:00,4.0,2026-04-05 13:06:00,2026-04-05 13:13:00,B38 A,140.0,10.93,12.81,4.0,2.92,7.0
160,2026-04-05,LH1004,2026-04-05 08:50:00,2026-04-05 08:53:00,3.0,2026-04-05 09:06:00,2026-04-05 09:12:00,A43 ,29.0,15.2,1.91,6.09,1.37,6.0
160,2026-04-05,SN1122,2026-04-05 08:39:00,2026-04-05 09:08:00,29.0,2026-04-05 09:20:00,2026-04-05 09:21:00,B40 A,13.0,15.21,0.85,3.9,3.18,1.0
160,2026-04-05,SN1124,2026-04-05 07:10:00,2026-04-05 07:19:00,9.0,2026-04-05 07:32:00,2026-04-05 07:48:00,B30 A,138.0,15.56,8.87,4.65,1.92,16.0
160,2026-04-05,SN206,2026-04-05 06:25:00,2026-04-05 06:48:00,23.0,2026-04-05 07:07:00,2026-04-05 07:30:00,B38 A,154.0,10.67,14.43,6.01,1.94,23.0
160,2026-04-05,SN229,2026-04-05 08:06:00,2026-04-05 09:20:00,74.0,2026-04-05 09:41:00,2026-04-05 10:22:00,B14 A,144.0,11.17,12.89,6.13,1.09,41.0
160,2026-04-05,SN278,2026-04-05 12:46:00,2026-04-05 12:41:00,-5.0,2026-04-05 13:04:00,2026-04-05 13:33:00,B31 A,62.0,16.53,3.75,5.97,1.8,29.0
160,2026-04-05,SN2900,2026-04-05 08:46:00,2026-04-05 08:33:00,-13.0,2026-04-05 08:58:00,2026-04-05 09:02:00,B14 A,79.0,15.08,5.24,6.04,1.1,4.0
160,2026-04-05,SN3326,2026-04-05 07:45:00,2026-04-05 08:05:00,20.0,2026-04-05 08:16:00,2026-04-05 08:36:00,B28 A,123.0,13.18,9.33,4.8,1.67,20.0
160,2026-04-05,SN358,2026-04-05 08:21:00,2026-04-05 08:24:00,3.0,2026-04-05 08:42:00,2026-04-05 09:09:00,B14 A,112.0,15.61,7.18,4.99,1.33,27.0
160,2026-04-05,SN379,2026-04-05 08:11:00,2026-04-05 08:40:00,29.0,2026-04-05 08:59:00,2026-04-05 09:27:00,B28 A,76.0,12.78,5.94,4.18,1.92,28.0
160,2026-04-05,SN3800,2026-04-05 06:15:00,2026-04-05 06:16:00,1.0,2026-04-05 06:28:00,2026-04-05 06:30:00,A65 ,27.0,12.32,2.19,4.72,1.77,2.0
160,2026-04-05,TB1552,2026-04-05 10:15:00,2026-04-05 10:31:00,16.0,2026-04-05 10:50:00,2026-04-05 10:59:00,A69 ,164.0,10.68,15.36,5.36,1.56,9.0
160,2026-04-05,TB2632,2026-04-05 09:29:00,2026-04-05 09:09:00,-20.0,2026-04-05 09:35:00,2026-04-05 09:44:00,B9  A,114.0,11.72,9.72,5.2,1.6,9.0
160,2026-04-05,TB2662,2026-04-05 09:15:00,2026-04-05 09:04:00,-11.0,2026-04-05 09:22:00,2026-04-05 09:30:00,B34 A,90.0,14.53,6.19,3.88,2.66,8.0
160,2026-04-05,TG934,2026-04-05 09:21:00,2026-04-05 09:16:00,-5.0,2026-04-05 09:38:00,2026-04-05 09:58:00,B38 A,249.0,15.51,16.05,4.7,2.48,20.0
160,2026-04-05,UA950,2026-04-05 11:22:00,2026-04-05 11:02:00,-20.0,2026-04-05 11:22:00,2026-04-05 11:45:00,B28 A,170.0,12.86,13.22,4.7,1.7,23.0
160,2026-04-05,UA994,2026-04-05 09:51:00,2026-04-05 11:28:00,97.0,2026-04-05 11:44:00,2026-04-05 12:09:00,B40 A,135.0,10.29,13.12,4.58,2.71,25.0
160,2026-04-05,XR5402,2026-04-05 07:46:00,2026-04-05 08:56:00,70.0,2026-04-05 09:23:00,2026-04-05 09:26:00,B5  A,88.0,12.94,6.8,5.07,1.64,3.0
161,2026-04-05,AC832,2026-04-05 10:17:00,2026-04-05 10:43:00,26.0,2026-04-05 11:00:00,2026-04-05 11:34:00,B14 A,172.0,12.8,13.44,4.97,1.34,34.0
161,2026-04-05,ET750,2026-04-05 09:11:00,2026-04-05 09:13:00,2.0,2026-04-05 09:42:00,2026-04-05 10:46:00,B40 A,421.0,16.59,25.38,5.3,2.34,64.0
161,2026-04-05,FH8116,2026-04-05 12:44:00,2026-04-05 12:48:00,4.0,2026-04-05 13:06:00,2026-04-05 13:13:00,B38 A,140.0,14.14,9.9,5.42,2.15,7.0
161,2026-04-05,LH1004,2026-04-05 09:50:00,2026-04-05 09:53:00,3.0,2026-04-05 10:20:00,2026-04-05 10:27:00,A43 ,33.0,10.69,3.09,5.0,1.67,7.0
161,2026-04-05,SN1122,2026-04-05 08:39:00,2026-04-05 09:08:00,29.0,2026-04-05 09:20:00,2026-04-05 09:21:00,B40 A,13.0,11.71,1.11,5.02,2.48,1.0
161,2026-04-05,SN1124,2026-04-05 07:10:00,2026-04-05 07:19:00,9.0,2026-04-05 07:32:00,2026-04-05 07:48:00,B30 A,138.0,15.94,8.66,3.71,2.4,16.0
161,2026-04-05,SN206,2026-04-05 06:25:00,2026-04-05 06:48:00,23.0,2026-04-05 07:07:00,2026-04-05 07:30:00,B38 A,154.0,12.45,12.37,4.38,2.66,23.0
161,2026-04-05,SN229,2026-04-05 08:06:00,2026-04-05 09:20:00,74.0,2026-04-05 09:41:00,2026-04-05 10:22:00,B14 A,144.0,11.78,12.22,4.19,1.59,41.0
161,2026-04-05,SN278,2026-04-05 10:45:00,2026-04-05 10:42:00,-3.0,2026-04-05 11:04:00,2026-04-05 11:16:00,B28 A,198.0,12.54,15.79,5.51,1.45,12.0
161,2026-04-05,SN2900,2026-04-05 08:46:00,2026-04-05 08:33:00,-13.0,2026-04-05 08:58:00,2026-04-05 09:02:00,B14 A,79.0,12.96,6.1,5.92,1.13,4.0
161,2026-04-05,SN3326,2026-04-05 11:24:00,2026-04-05 11:41:00,17.0,2026-04-05 12:06:00,2026-04-05 12:12:00,B14 A,111.0,11.71,9.48,4.79,1.39,6.0
161,2026-04-05,SN358,2026-04-05 10:21:00,2026-04-05 11:13:00,52.0,2026-04-05 11:43:00,2026-04-05 12:03:00,B38 A,126.0,10.65,11.83,4.12,2.83,20.0
161,2026-04-05,SN379,2026-04-05 10:10:00,2026-04-05 11:03:00,53.0,2026-04-05 11:42:00,2026-04-05 12:19:00,B29 A,161.0,13.07,12.32,4.6,2.14,37.0
161,2026-04-05,SN3800,2026-04-05 06:15:00,2026-04-05 06:16:00,1.0,2026-04-05 06:28:00,2026-04-05 06:30:00,A65 ,27.0,12.61,2.14,5.45,1.53,2.0
161,2026-04-05,TB1552,2026-04-05 08:29:00,2026-04-05 08:25:00,-4.0,2026-04-05 08:46:00,2026-04-05 08:54:00,A61 ,166.0,14.81,11.21,4.62,1.8,8.0
161,2026-04-05,TB2632,2026-04-05 09:29:00,2026-04-05 09:09:00,-20.0,2026-04-05 09:35:00,2026-04-05 09:44:00,B9  A,114.0,10.35,11.01,6.4,1.3,9.0
161,2026-04-05,TB2662,2026-04-05 09:15:00,2026-04-05 09:04:00,-11.0,2026-04-05 09:22:00,2026-04-05 09:30:00,B34 A,90.0,13.34,6.74,4.6,2.25,8.0
161,2026-04-05,TG934,2026-04-05 09:21:00,2026-04-05 09:16:00,-5.0,2026-04-05 09:38:00,2026-04-05 09:58:00,B38 A,249.0,12.97,19.2,5.68,2.05,20.0
161,2026-04-05,UA950,2026-04-05 11:22:00,2026-04-05 11:02:00,-20.0,2026-04-05 11:22:00,2026-04-05 11:45:00,B28 A,170.0,12.79,13.29,4.95,1.62,23.0
161,2026-04-05,UA994,2026-04-05 12:51:00,2026-04-05 12:35:00,-16.0,2026-04-05 12:54:00,2026-04-05 13:24:00,B38 A,109.0,14.43,7.55,8.01,1.46,30.0
161,2026-04-05,XR5402,2026-04-05 07:46:00,2026-04-05 08:56:00,70.0,2026-04-05 09:23:00,2026-04-05 09:26:00,B5  A,88.0,13.41,6.56,5.68,1.47,3.0
162,2026-04-05,AC832,2026-04-05 11:16:00,2026-04-05 10:39:00,-37.0,2026-04-05 10:54:00,2026-04-05 11:24:00,B5  A,101.0,14.2,7.11,4.02,2.08,30.0
162,2026-04-05,ET750,2026-04-05 11:13:00,2026-04-05 11:34:00,21.0,2026-04-05 12:17:00,2026-04-05 13:03:00,B17 A,464.0,16.57,28.01,5.21,1.62,46.0
162,2026-04-05,FH8116,2026-04-05 06:35:00,2026-04-05 06:00:00,-35.0,2026-04-05 06:07:00,2026-04-05 06:09:00,B15 A,22.0,16.5,1.33,5.15,1.5,2.0
162,2026-04-05,LH1004,2026-04-05 09:50:00,2026-04-05 09:53:00,3.0,2026-04-05 10:20:00,2026-04-05 10:27:00,A43 ,33.0,13.36,2.47,4.25,1.96,7.0
162,2026-04-05,SN1122,2026-04-05 08:39:00,2026-04-05 09:08:00,29.0,2026-04-05 09:20:00,2026-04-05 09:21:00,B40 A,13.0,14.66,0.89,3.45,3.6,1.0
162,2026-04-05,SN1124,2026-04-05 07:10:00,2026-04-05 07:19:00,9.0,2026-04-05 07:32:00,2026-04-05 07:48:00,B30 A,138.0,15.35,8.99,3.5,2.55,16.0
162,2026-04-05,SN206,2026-04-05 06:25:00,2026-04-05 06:48:00,23.0,2026-04-05 07:07:00,2026-04-05 07:30:00,B38 A,154.0,13.43,11.47,6.25,1.87,23.0
162,2026-04-05,SN229,2026-04-05 08:06:00,2026-04-05 09:20:00,74.0,2026-04-05 09:41:00,2026-04-05 10:22:00,B14 A,144.0,13.48,10.68,4.34,1.54,41.0
162,2026-04-05,SN278,2026-04-05 12:46:00,2026-04-05 12:41:00,-5.0,2026-04-05 13:04:00,2026-04-05 13:33:00,B31 A,62.0,15.35,4.04,4.42,2.43,29.0
162,2026-04-05,SN2900,2026-04-05 08:46:00,2026-04-05 08:33:00,-13.0,2026-04-05 08:58:00,2026-04-05 09:02:00,B14 A,79.0,11.95,6.61,5.49,1.21,4.0
162,2026-04-05,SN3326,2026-04-05 11:24:00,2026-04-05 11:41:00,17.0,2026-04-05 12:06:00,2026-04-05 12:12:00,B14 A,111.0,11.7,9.49,4.35,1.53,6.0
162,2026-04-05,SN358,2026-04-05 12:21:00,2026-04-05 12:23:00,2.0,2026-04-05 12:43:00,2026-04-05 13:14:00,B28 A,176.0,10.73,16.4,5.09,1.57,31.0
162,2026-04-05,SN379,2026-04-05 08:11:00,2026-04-05 08:40:00,29.0,2026-04-05 08:59:00,2026-04-05 09:27:00,B28 A,76.0,14.44,5.26,5.23,1.53,28.0
162,2026-04-05,SN3800,2026-04-05 06:15:00,2026-04-05 06:16:00,1.0,2026-04-05 06:28:00,2026-04-05 06:30:00,A65 ,27.0,11.12,2.43,4.96,1.68,2.0
162,2026-04-05,TB1552,2026-04-05 07:47:00,2026-04-05 07:43:00,-4.0,2026-04-05 07:55:00,2026-04-05 07:59:00,A68 ,66.0,8.11,8.13,4.49,1.86,4.0
162,2026-04-05,TB2632,2026-04-05 09:29:00,2026-04-05 09:09:00,-20.0,2026-04-05 09:35:00,2026-04-05 09:44:00,B9  A,114.0,15.52,7.34,4.52,1.84,9.0
162,2026-04-05,TB2662,2026-04-05 09:15:00,2026-04-05 09:04:00,-11.0,2026-04-05 09:22:00,2026-04-05 09:30:00,B34 A,90.0,12.23,7.36,5.12,2.02,8.0
162,2026-04-05,TG934,2026-04-05 09:21:00,2026-04-05 09:16:00,-5.0,2026-04-05 09:38:00,2026-04-05 09:58:00,B38 A,249.0,12.82,19.42,5.4,2.16,20.0
162,2026-04-05,UA950,2026-04-05 08:20:00,2026-04-05 08:20:00,0.0,2026-04-05 08:36:00,2026-04-05 09:25:00,B38 A,176.0,16.28,10.81,5.85,2.0,49.0
162,2026-04-05,UA994,2026-04-05 08:51:00,2026-04-05 08:32:00,-19.0,2026-04-05 08:52:00,2026-04-05 09:25:00,B40 A,171.0,14.36,11.91,5.04,2.46,33.0
162,2026-04-05,XR5402,2026-04-05 07:46:00,2026-04-05 08:56:00,70.0,2026-04-05 09:23:00,2026-04-05 09:26:00,B5  A,88.0,11.91,7.39,5.37,1.55,3.0
163,2026-04-05,AC832,2026-04-05 08:17:00,2026-04-05 07:46:00,-31.0,2026-04-05 08:02:00,2026-04-05 08:29:00,B30 A,122.0,13.26,9.2,4.7,1.9,27.0
163,2026-04-05,ET750,2026-04-05 11:13:00,2026-04-05 11:34:00,21.0,2026-04-05 12:17:00,2026-04-05 13:03:00,B17 A,464.0,12.34,37.6,4.85,1.74,46.0
163,2026-04-05,FH8116,2026-04-05 12:44:00,2026-04-05 12:48:00,4.0,2026-04-05 13:06:00,2026-04-05 13:13:00,B38 A,140.0,12.95,10.81,4.44,2.63,7.0
163,2026-04-05,LH1004,2026-04-05 09:50:00,2026-04-05 09:53:00,3.0,2026-04-05 10:20:00,2026-04-05 10:27:00,A43 ,33.0,12.82,2.57,4.38,1.9,7.0
163,2026-04-05,SN1122,2026-04-05 08:39:00,2026-04-05 09:08:00,29.0,2026-04-05 09:20:00,2026-04-05 09:21:00,B40 A,13.0,13.55,0.96,4.27,2.91,1.0
163,2026-04-05,SN1124,2026-04-05 07:10:00,2026-04-05 07:19:00,9.0,2026-04-05 07:32:00,2026-04-05 07:48:00,B30 A,138.0,12.39,11.14,6.75,1.32,16.0
163,2026-04-05,SN206,2026-04-05 06:25:00,2026-04-05 06:48:00,23.0,2026-04-05 07:07:00,2026-04-05 07:30:00,B38 A,154.0,11.38,13.53,4.1,2.84,23.0
163,2026-04-05,SN229,2026-04-05 10:04:00,2026-04-05 10:26:00,22.0,2026-04-05 10:41:00,2026-04-05 11:10:00,B31 A,120.0,12.83,9.36,5.93,1.81,29.0
163,2026-04-05,SN278,2026-04-05 12:46:00,2026-04-05 12:41:00,-5.0,2026-04-05 13:04:00,2026-04-05 13:33:00,B31 A,62.0,10.1,6.14,4.1,2.62,29.0
163,2026-04-05,SN2900,2026-04-05 07:39:00,2026-04-05 07:25:00,-14.0,2026-04-05 07:38:00,2026-04-05 07:53:00,B38 A,55.0,11.55,4.76,4.85,2.41,15.0
163,2026-04-05,SN3326,2026-04-05 07:45:00,2026-04-05 08:05:00,20.0,2026-04-05 08:16:00,2026-04-05 08:36:00,B28 A,123.0,13.59,9.05,4.41,1.81,20.0
163,2026-04-05,SN358,2026-04-05 08:21:00,2026-04-05 08:24:00,3.0,2026-04-05 08:42:00,2026-04-05 09:09:00,B14 A,112.0,11.22,9.98,5.21,1.28,27.0
163,2026-04-05,SN379,2026-04-05 08:11:00,2026-04-05 08:40:00,29.0,2026-04-05 08:59:00,2026-04-05 09:27:00,B28 A,76.0,14.41,5.27,8.22,0.97,28.0
163,2026-04-05,SN3800,2026-04-05 06:15:00,2026-04-05 06:16:00,1.0,2026-04-05 06:28:00,2026-04-05 06:30:00,A65 ,27.0,16.64,1.62,4.29,1.94,2.0
163,2026-04-05,TB1552,2026-04-05 10:15:00,2026-04-05 10:31:00,16.0,2026-04-05 10:50:00,2026-04-05 10:59:00,A69 ,164.0,12.75,12.86,5.1,1.63,9.0
163,2026-04-05,TB2632,2026-04-05 09:29:00,2026-04-05 09:09:00,-20.0,2026-04-05 09:35:00,2026-04-05 09:44:00,B9  A,114.0,11.91,9.57,4.7,1.77,9.0
163,2026-04-05,TB2662,2026-04-05 09:15:00,2026-04-05 09:04:00,-11.0,2026-04-05 09:22:00,2026-04-05 09:30:00,B34 A,90.0,8.34,10.79,6.01,1.72,8.0
163,2026-04-05,TG934,2026-04-05 12:22:00,2026-04-05 12:26:00,4.0,2026-04-05 12:46:00,2026-04-05 13:15:00,B34 A,260.0,14.75,17.63,5.4,1.92,29.0
163,2026-04-05,UA950,2026-04-05 12:20:00,2026-04-05 11:58:00,-22.0,2026-04-05 12:14:00,2026-04-05 12:42:00,B37 A,127.0,11.17,11.37,4.84,2.51,28.0
163,2026-04-05,UA994,2026-04-05 08:51:00,2026-04-05 08:32:00,-19.0,2026-04-05 08:52:00,2026-04-05 09:25:00,B40 A,171.0,11.69,14.62,3.81,3.26,33.0
163,2026-04-05,XR5402,2026-04-05 07:46:00,2026-04-05 08:56:00,70.0,2026-04-05 09:23:00,2026-04-05 09:26:00,B5  A,88.0,15.27,5.76,4.63,1.8,3.0
164,2026-04-05,AC832,2026-04-05 10:17:00,2026-04-05 10:43:00,26.0,2026-04-05 11:00:00,2026-04-05 11:34:00,B14 A,172.0,13.87,12.4,5.15,1.29,34.0
164,2026-04-05,ET750,2026-04-05 11:13:00,2026-04-05 11:34:00,21.0,2026-04-05 12:17:00,2026-04-05 13:03:00,B17 A,464.0,11.35,40.89,5.25,1.6,46.0
164,2026-04-05,FH8116,2026-04-05 12:44:00,2026-04-05 12:48:00,4.0,2026-04-05 13:06:00,2026-04-05 13:13:00,B38 A,140.0,14.06,9.96,5.33,2.19,7.0
164,2026-04-05,LH1004,2026-04-05 12:50:00,2026-04-05 12:50:00,0.0,2026-04-05 13:03:00,2026-04-05 13:30:00,A43 ,40.0,15.43,2.59,4.51,1.85,27.0
164,2026-04-05,SN1122,2026-04-05 08:39:00,2026-04-05 09:08:00,29.0,2026-04-05 09:20:00,2026-04-05 09:21:00,B40 A,13.0,11.71,1.11,4.51,2.76,1.0
164,2026-04-05,SN1124,2026-04-05 07:10:00,2026-04-05 07:19:00,9.0,2026-04-05 07:32:00,2026-04-05 07:48:00,B30 A,138.0,12.74,10.83,5.16,1.73,16.0
164,2026-04-05,SN206,2026-04-05 06:25:00,2026-04-05 06:48:00,23.0,2026-04-05 07:07:00,2026-04-05 07:30:00,B38 A,154.0,12.56,12.26,6.57,1.78,23.0
164,2026-04-05,SN229,2026-04-05 10:04:00,2026-04-05 10:26:00,22.0,2026-04-05 10:41:00,2026-04-05 11:10:00,B31 A,120.0,14.36,8.36,6.6,1.63,29.0
164,2026-04-05,SN278,2026-04-05 10:45:00,2026-04-05 10:42:00,-3.0,2026-04-05 11:04:00,2026-04-05 11:16:00,B28 A,198.0,12.01,16.48,4.46,1.79,12.0
164,2026-04-05,SN2900,2026-04-05 08:46:00,2026-04-05 08:33:00,-13.0,2026-04-05 08:58:00,2026-04-05 09:02:00,B14 A,79.0,9.96,7.93,4.85,1.37,4.0
164,2026-04-05,SN3326,2026-04-05 11:24:00,2026-04-05 11:41:00,17.0,2026-04-05 12:06:00,2026-04-05 12:12:00,B14 A,111.0,8.37,13.26,3.98,1.68,6.0
164,2026-04-05,SN358,2026-04-05 08:21:00,2026-04-05 08:24:00,3.0,2026-04-05 08:42:00,2026-04-05 09:09:00,B14 A,112.0,13.7,8.18,4.45,1.5,27.0
164,2026-04-05,SN379,2026-04-05 08:11:00,2026-04-05 08:40:00,29.0,2026-04-05 08:59:00,2026-04-05 09:27:00,B28 A,76.0,13.96,5.44,5.77,1.39,28.0
164,2026-04-05,SN3800,2026-04-05 06:15:00,2026-04-05 06:16:00,1.0,2026-04-05 06:28:00,2026-04-05 06:30:00,A65 ,27.0,12.43,2.17,4.49,1.86,2.0
164,2026-04-05,TB1552,2026-04-05 08:29:00,2026-04-05 08:25:00,-4.0,2026-04-05 08:46:00,2026-04-05 08:54:00,A61 ,166.0,14.03,11.83,6.83,1.22,8.0
164,2026-04-05,TB2632,2026-04-05 09:29:00,2026-04-05 09:09:00,-20.0,2026-04-05 09:35:00,2026-04-05 09:44:00,B9  A,114.0,11.68,9.76,5.78,1.44,9.0
164,2026-04-05,TB2662,2026-04-05 09:15:00,2026-04-05 09:04:00,-11.0,2026-04-05 09:22:00,2026-04-05 09:30:00,B34 A,90.0,9.67,9.31,4.88,2.12,8.0
164,2026-04-05,TG934,2026-04-05 12:22:00,2026-04-05 12:26:00,4.0,2026-04-05 12:46:00,2026-04-05 13:15:00,B34 A,260.0,15.53,16.74,5.7,1.81,29.0
164,2026-04-05,UA950,2026-04-05 10:20:00,2026-04-05 09:58:00,-22.0,2026-04-05 10:24:00,2026-04-05 10:51:00,B40 A,188.0,10.62,17.7,6.07,2.04,27.0
164,2026-04-05,UA994,2026-04-05 08:51:00,2026-04-05 08:32:00,-19.0,2026-04-05 08:52:00,2026-04-05 09:25:00,B40 A,171.0,13.06,13.1,6.16,2.02,33.0
164,2026-04-05,XR5402,2026-04-05 07:46:00,2026-04-05 08:56:00,70.0,2026-04-05 09:23:00,2026-04-05 09:26:00,B5  A,88.0,13.46,6.54,3.98,2.09,3.0
165,2026-04-05,AC832,2026-04-05 10:17:00,2026-04-05 10:43:00,26.0,2026-04-05 11:00:00,2026-04-05 11:34:00,B14 A,172.0,12.76,13.48,4.28,1.56,34.0
165,2026-04-05,ET750,2026-04-05 11:13:00,2026-04-05 11:34:00,21.0,2026-04-05 12:17:00,2026-04-05 13:03:00,B17 A,464.0,13.26,35.0,5.39,1.56,46.0
165,2026-04-05,FH8116,2026-04-05 12:44:00,2026-04-05 12:48:00,4.0,2026-04-05 13:06:00,2026-04-05 13:13:00,B38 A,140.0,12.51,11.19,4.89,2.39,7.0
165,2026-04-05,LH1004,2026-04-05 12:50:00,2026-04-05 12:50:00,0.0,2026-04-05 13:03:00,2026-04-05 13:30:00,A43 ,40.0,14.34,2.79,4.75,1.75,27.0
165,2026-04-05,SN1122,2026-04-05 08:39:00,2026-04-05 09:08:00,29.0,2026-04-05 09:20:00,2026-04-05 09:21:00,B40 A,13.0,9.1,1.43,6.44,1.93,1.0
165,2026-04-05,SN1124,2026-04-05 07:10:00,2026-04-05 07:19:00,9.0,2026-04-05 07:32:00,2026-04-05 07:48:00,B30 A,138.0,14.83,9.31,6.34,1.41,16.0
165,2026-04-05,SN206,2026-04-05 06:25:00,2026-04-05 06:48:00,23.0,2026-04-05 07:07:00,2026-04-05 07:30:00,B38 A,154.0,12.52,12.3,4.95,2.36,23.0
165,2026-04-05,SN229,2026-04-05 10:04:00,2026-04-05 10:26:00,22.0,2026-04-05 10:41:00,2026-04-05 11:10:00,B31 A,120.0,16.97,7.07,5.31,2.02,29.0
165,2026-04-05,SN278,2026-04-05 12:46:00,2026-04-05 12:41:00,-5.0,2026-04-05 13:04:00,2026-04-05 13:33:00,B31 A,62.0,12.83,4.83,3.78,2.84,29.0
165,2026-04-05,SN2900,2026-04-05 08:46:00,2026-04-05 08:33:00,-13.0,2026-04-05 08:58:00,2026-04-05 09:02:00,B14 A,79.0,12.22,6.47,4.55,1.46,4.0
165,2026-04-05,SN3326,2026-04-05 11:24:00,2026-04-05 11:41:00,17.0,2026-04-05 12:06:00,2026-04-05 12:12:00,B14 A,111.0,10.13,10.96,3.43,1.95,6.0
165,2026-04-05,SN358,2026-04-05 08:21:00,2026-04-05 08:24:00,3.0,2026-04-05 08:42:00,2026-04-05 09:09:00,B14 A,112.0,9.22,12.14,4.28,1.56,27.0
165,2026-04-05,SN379,2026-04-05 10:10:00,2026-04-05 11:03:00,53.0,2026-04-05 11:42:00,2026-04-05 12:19:00,B29 A,161.0,13.6,11.84,5.78,1.7,37.0
165,2026-04-05,SN3800,2026-04-05 06:15:00,2026-04-05 06:16:00,1.0,2026-04-05 06:28:00,2026-04-05 06:30:00,A65 ,27.0,10.45,2.58,5.98,1.39,2.0
165,2026-04-05,TB1552,2026-04-05 07:47:00,2026-04-05 07:43:00,-4.0,2026-04-05 07:55:00,2026-04-05 07:59:00,A68 ,66.0,11.5,5.74,5.15,1.62,4.0
165,2026-04-05,TB2632,2026-04-05 09:29:00,2026-04-05 09:09:00,-20.0,2026-04-05 09:35:00,2026-04-05 09:44:00,B9  A,114.0,12.96,8.8,3.73,2.23,9.0
165,2026-04-05,TB2662,2026-04-05 09:15:00,2026-04-05 09:04:00,-11.0,2026-04-05 09:22:00,2026-04-05 09:30:00,B34 A,90.0,12.47,7.22,4.19,2.47,8.0
165,2026-04-05,TG934,2026-04-05 09:21:00,2026-04-05 09:16:00,-5.0,2026-04-05 09:38:00,2026-04-05 09:58:00,B38 A,249.0,13.36,18.64,4.35,2.68,20.0
165,2026-04-05,UA950,2026-04-05 10:20:00,2026-04-05 09:58:00,-22.0,2026-04-05 10:24:00,2026-04-05 10:51:00,B40 A,188.0,9.89,19.01,5.78,2.15,27.0
165,2026-04-05,UA994,2026-04-05 10:51:00,2026-04-05 10:01:00,-50.0,2026-04-05 10:18:00,2026-04-05 10:42:00,B38 A,177.0,12.74,13.9,4.28,2.73,24.0
165,2026-04-05,XR5402,2026-04-05 07:46:00,2026-04-05 08:56:00,70.0,2026-04-05 09:23:00,2026-04-05 09:26:00,B5  A,88.0,10.0,8.8,5.75,1.45,3.0
166,2026-04-05,AC832,2026-04-05 12:18:00,2026-04-05 11:38:00,-40.0,2026-04-05 11:54:00,2026-04-05 12:17:00,B30 A,100.0,13.14,7.61,3.96,2.25,23.0
166,2026-04-05,ET750,2026-04-05 11:13:00,2026-04-05 11:34:00,21.0,2026-04-05 12:17:00,2026-04-05 13:03:00,B17 A,464.0,14.44,32.12,5.55,1.52,46.0
166,2026-04-05,FH8116,2026-04-05 06:35:00,2026-04-05 06:00:00,-35.0,2026-04-05 06:07:00,2026-04-05 06:09:00,B15 A,22.0,16.25,1.35,5.16,1.5,2.0
166,2026-04-05,LH1004,2026-04-05 12:50:00,2026-04-05 12:50:00,0.0,2026-04-05 13:03:00,2026-04-05 13:30:00,A43 ,40.0,12.53,3.19,3.85,2.17,27.0
166,2026-04-05,SN1122,2026-04-05 08:39:00,2026-04-05 09:08:00,29.0,2026-04-05 09:20:00,2026-04-05 09:21:00,B40 A,13.0,8.53,1.52,6.16,2.02,1.0
166,2026-04-05,SN1124,2026-04-05 07:10:00,2026-04-05 07:19:00,9.0,2026-04-05 07:32:00,2026-04-05 07:48:00,B30 A,138.0,13.01,10.6,4.32,2.06,16.0
166,2026-04-05,SN206,2026-04-05 06:25:00,2026-04-05 06:48:00,23.0,2026-04-05 07:07:00,2026-04-05 07:30:00,B38 A,154.0,12.02,12.81,6.01,1.94,23.0
166,2026-04-05,SN229,2026-04-05 08:06:00,2026-04-05 09:20:00,74.0,2026-04-05 09:41:00,2026-04-05 10:22:00,B14 A,144.0,12.35,11.66,6.14,1.09,41.0
166,2026-04-05,SN278,2026-04-05 12:46:00,2026-04-05 12:41:00,-5.0,2026-04-05 13:04:00,2026-04-05 13:33:00,B31 A,62.0,12.04,5.15,4.9,2.19,29.0
166,2026-04-05,SN2900,2026-04-05 07:39:00,2026-04-05 07:25:00,-14.0,2026-04-05 07:38:00,2026-04-05 07:53:00,B38 A,55.0,12.48,4.41,4.93,2.37,15.0
166,2026-04-05,SN3326,2026-04-05 11:24:00,2026-04-05 11:41:00,17.0,2026-04-05 12:06:00,2026-04-05 12:12:00,B14 A,111.0,11.85,9.36,4.32,1.54,6.0
166,2026-04-05,SN358,2026-04-05 12:21:00,2026-04-05 12:23:00,2.0,2026-04-05 12:43:00,2026-04-05 13:14:00,B28 A,176.0,11.72,15.02,4.77,1.68,31.0
166,2026-04-05,SN379,2026-04-05 10:10:00,2026-04-05 11:03:00,53.0,2026-04-05 11:42:00,2026-04-05 12:19:00,B29 A,161.0,9.23,17.45,5.48,1.79,37.0
166,2026-04-05,SN3800,2026-04-05 06:15:00,2026-04-05 06:16:00,1.0,2026-04-05 06:28:00,2026-04-05 06:30:00,A65 ,27.0,11.72,2.3,4.58,1.82,2.0
166,2026-04-05,TB1552,2026-04-05 10:15:00,2026-04-05 10:31:00,16.0,2026-04-05 10:50:00,2026-04-05 10:59:00,A69 ,164.0,13.92,11.78,6.09,1.37,9.0
166,2026-04-05,TB2632,2026-04-05 09:29:00,2026-04-05 09:09:00,-20.0,2026-04-05 09:35:00,2026-04-05 09:44:00,B9  A,114.0,13.79,8.27,4.91,1.7,9.0
166,2026-04-05,TB2662,2026-04-05 09:15:00,2026-04-05 09:04:00,-11.0,2026-04-05 09:22:00,2026-04-05 09:30:00,B34 A,90.0,12.15,7.41,4.99,2.07,8.0
166,2026-04-05,TG934,2026-04-05 09:21:00,2026-04-05 09:16:00,-5.0,2026-04-05 09:38:00,2026-04-05 09:58:00,B38 A,249.0,14.75,16.88,5.7,2.05,20.0
166,2026-04-05,UA950,2026-04-05 10:20:00,2026-04-05 09:58:00,-22.0,2026-04-05 10:24:00,2026-04-05 10:51:00,B40 A,188.0,12.29,15.29,4.4,2.82,27.0
166,2026-04-05,UA994,2026-04-05 09:51:00,2026-04-05 11:28:00,97.0,2026-04-05 11:44:00,2026-04-05 12:09:00,B40 A,135.0,11.9,11.35,5.3,2.34,25.0
166,2026-04-05,XR5402,2026-04-05 07:46:00,2026-04-05 08:56:00,70.0,2026-04-05 09:23:00,2026-04-05 09:26:00,B5  A,88.0,12.2,7.21,4.59,1.82,3.0
167,2026-04-05,AC832,2026-04-05 12:18:00,2026-04-05 11:38:00,-40.0,2026-04-05 11:54:00,2026-04-05 12:17:00,B30 A,100.0,13.54,7.39,5.3,1.68,23.0
167,2026-04-05,ET750,2026-04-05 11:13:00,2026-04-05 11:34:00,21.0,2026-04-05 12:17:00,2026-04-05 13:03:00,B17 A,464.0,12.65,36.68,4.77,1.77,46.0
167,2026-04-05,FH8116,2026-04-05 12:44:00,2026-04-05 12:48:00,4.0,2026-04-05 13:06:00,2026-04-05 13:13:00,B38 A,140.0,12.71,11.02,4.71,2.47,7.0
167,2026-04-05,LH1004,2026-04-05 11:51:00,2026-04-05 11:47:00,-4.0,2026-04-05 12:07:00,2026-04-05 12:12:00,A43 ,23.0,14.08,1.63,4.77,1.75,5.0
167,2026-04-05,SN1122,2026-04-05 08:39:00,2026-04-05 09:08:00,29.0,2026-04-05 09:20:00,2026-04-05 09:21:00,B40 A,13.0,12.52,1.04,6.42,1.93,1.0
167,2026-04-05,SN1124,2026-04-05 07:10:00,2026-04-05 07:19:00,9.0,2026-04-05 07:32:00,2026-04-05 07:48:00,B30 A,138.0,12.7,10.86,5.02,1.78,16.0
167,2026-04-05,SN206,2026-04-05 06:25:00,2026-04-05 06:48:00,23.0,2026-04-05 07:07:00,2026-04-05 07:30:00,B38 A,154.0,11.38,13.53,6.26,1.86,23.0
167,2026-04-05,SN229,2026-04-05 12:06:00,2026-04-05 12:12:00,6.0,2026-04-05 12:39:00,2026-04-05 13:03:00,B28 A,20.0,12.95,1.54,4.67,1.71,24.0
167,2026-04-05,SN278,2026-04-05 08:43:00,2026-04-05 08:27:00,-16.0,2026-04-05 08:40:00,2026-04-05 09:10:00,B37 A,123.0,14.5,8.49,6.87,1.77,30.0
167,2026-04-05,SN2900,2026-04-05 10:44:00,2026-04-05 11:04:00,20.0,2026-04-05 11:13:00,2026-04-05 11:34:00,B32 A,49.0,12.82,3.82,5.35,1.81,21.0
167,2026-04-05,SN3326,2026-04-05 11:24:00,2026-04-05 11:41:00,17.0,2026-04-05 12:06:00,2026-04-05 12:12:00,B14 A,111.0,14.84,7.48,6.34,1.05,6.0
167,2026-04-05,SN358,2026-04-05 08:21:00,2026-04-05 08:24:00,3.0,2026-04-05 08:42:00,2026-04-05 09:09:00,B14 A,112.0,13.04,8.59,5.09,1.31,27.0
167,2026-04-05,SN379,2026-04-05 10:10:00,2026-04-05 11:03:00,53.0,2026-04-05 11:42:00,2026-04-05 12:19:00,B29 A,161.0,11.77,13.68,5.43,1.81,37.0
167,2026-04-05,SN3800,2026-04-05 06:15:00,2026-04-05 06:16:00,1.0,2026-04-05 06:28:00,2026-04-05 06:30:00,A65 ,27.0,12.38,2.18,3.85,2.17,2.0
167,2026-04-05,TB1552,2026-04-05 10:15:00,2026-04-05 10:31:00,16.0,2026-04-05 10:50:00,2026-04-05 10:59:00,A69 ,164.0,14.76,11.11,5.83,1.43,9.0
167,2026-04-05,TB2632,2026-04-05 09:29:00,2026-04-05 09:09:00,-20.0,2026-04-05 09:35:00,2026-04-05 09:44:00,B9  A,114.0,13.61,8.38,4.87,1.71,9.0
167,2026-04-05,TB2662,2026-04-05 09:15:00,2026-04-05 09:04:00,-11.0,2026-04-05 09:22:00,2026-04-05 09:30:00,B34 A,90.0,11.22,8.02,4.03,2.56,8.0
167,2026-04-05,TG934,2026-04-05 09:21:00,2026-04-05 09:16:00,-5.0,2026-04-05 09:38:00,2026-04-05 09:58:00,B38 A,249.0,14.72,16.91,6.28,1.86,20.0
167,2026-04-05,UA950,2026-04-05 12:20:00,2026-04-05 11:58:00,-22.0,2026-04-05 12:14:00,2026-04-05 12:42:00,B37 A,127.0,10.96,11.59,4.54,2.68,28.0
167,2026-04-05,UA994,2026-04-05 09:51:00,2026-04-05 11:28:00,97.0,2026-04-05 11:44:00,2026-04-05 12:09:00,B40 A,135.0,12.37,10.91,4.61,2.69,25.0
167,2026-04-05,XR5402,2026-04-05 07:46:00,2026-04-05 08:56:00,70.0,2026-04-05 09:23:00,2026-04-05 09:26:00,B5  A,88.0,16.32,5.39,6.32,1.32,3.0
168,2026-04-05,AC832,2026-04-05 08:17:00,2026-04-05 07:46:00,-31.0,2026-04-05 08:02:00,2026-04-05 08:29:00,B30 A,122.0,12.6,9.68,5.52,1.62,27.0
168,2026-04-05,ET750,2026-04-05 11:13:00,2026-04-05 11:34:00,21.0,2026-04-05 12:17:00,2026-04-05 13:03:00,B17 A,464.0,12.17,38.13,6.03,1.4,46.0
168,2026-04-05,FH8116,2026-04-05 06:35:00,2026-04-05 06:00:00,-35.0,2026-04-05 06:07:00,2026-04-05 06:09:00,B15 A,22.0,11.62,1.89,5.34,1.45,2.0
168,2026-04-05,LH1004,2026-04-05 11:51:00,2026-04-05 11:47:00,-4.0,2026-04-05 12:07:00,2026-04-05 12:12:00,A43 ,23.0,13.62,1.69,5.06,1.65,5.0
168,2026-04-05,SN1122,2026-04-05 08:39:00,2026-04-05 09:08:00,29.0,2026-04-05 09:20:00,2026-04-05 09:21:00,B40 A,13.0,14.42,0.9,3.58,3.47,1.0
168,2026-04-05,SN1124,2026-04-05 07:10:00,2026-04-05 07:19:00,9.0,2026-04-05 07:32:00,2026-04-05 07:48:00,B30 A,138.0,12.65,10.91,6.0,1.49,16.0
168,2026-04-05,SN206,2026-04-05 06:25:00,2026-04-05 06:48:00,23.0,2026-04-05 07:07:00,2026-04-05 07:30:00,B38 A,154.0,12.32,12.5,5.19,2.25,23.0
168,2026-04-05,SN229,2026-04-05 10:04:00,2026-04-05 10:26:00,22.0,2026-04-05 10:41:00,2026-04-05 11:10:00,B31 A,120.0,11.36,10.56,6.22,1.73,29.0
168,2026-04-05,SN278,2026-04-05 12:46:00,2026-04-05 12:41:00,-5.0,2026-04-05 13:04:00,2026-04-05 13:33:00,B31 A,62.0,15.36,4.04,4.5,2.39,29.0
168,2026-04-05,SN2900,2026-04-05 08:46:00,2026-04-05 08:33:00,-13.0,2026-04-05 08:58:00,2026-04-05 09:02:00,B14 A,79.0,10.93,7.23,3.67,1.82,4.0
168,2026-04-05,SN3326,2026-04-05 11:24:00,2026-04-05 11:41:00,17.0,2026-04-05 12:06:00,2026-04-05 12:12:00,B14 A,111.0,14.24,7.8,5.04,1.32,6.0
168,2026-04-05,SN358,2026-04-05 10:21:00,2026-04-05 11:13:00,52.0,2026-04-05 11:43:00,2026-04-05 12:03:00,B38 A,126.0,13.47,9.35,4.47,2.61,20.0
168,2026-04-05,SN379,2026-04-05 08:11:00,2026-04-05 08:40:00,29.0,2026-04-05 08:59:00,2026-04-05 09:27:00,B28 A,76.0,9.75,7.79,5.19,1.54,28.0
168,2026-04-05,SN3800,2026-04-05 06:15:00,2026-04-05 06:16:00,1.0,2026-04-05 06:28:00,2026-04-05 06:30:00,A65 ,27.0,14.02,1.93,5.59,1.49,2.0
168,2026-04-05,TB1552,2026-04-05 07:47:00,2026-04-05 07:43:00,-4.0,2026-04-05 07:55:00,2026-04-05 07:59:00,A68 ,66.0,15.74,4.19,4.94,1.69,4.0
168,2026-04-05,TB2632,2026-04-05 09:29:00,2026-04-05 09:09:00,-20.0,2026-04-05 09:35:00,2026-04-05 09:44:00,B9  A,114.0,14.73,7.74,4.31,1.93,9.0
168,2026-04-05,TB2662,2026-04-05 09:15:00,2026-04-05 09:04:00,-11.0,2026-04-05 09:22:00,2026-04-05 09:30:00,B34 A,90.0,13.14,6.85,5.97,1.73,8.0
168,2026-04-05,TG934,2026-04-05 12:22:00,2026-04-05 12:26:00,4.0,2026-04-05 12:46:00,2026-04-05 13:15:00,B34 A,260.0,15.01,17.32,4.89,2.11,29.0
168,2026-04-05,UA950,2026-04-05 11:22:00,2026-04-05 11:02:00,-20.0,2026-04-05 11:22:00,2026-04-05 11:45:00,B28 A,170.0,10.18,16.69,4.97,1.61,23.0
168,2026-04-05,UA994,2026-04-05 10:51:00,2026-04-05 10:01:00,-50.0,2026-04-05 10:18:00,2026-04-05 10:42:00,B38 A,177.0,14.4,12.29,5.04,2.32,24.0
168,2026-04-05,XR5402,2026-04-05 07:46:00,2026-04-05 08:56:00,70.0,2026-04-05 09:23:00,2026-04-05 09:26:00,B5  A,88.0,16.2,5.43,6.12,1.36,3.0
169,2026-04-05,AC832,2026-04-05 12:18:00,2026-04-05 11:38:00,-40.0,2026-04-05 11:54:00,2026-04-05 12:17:00,B30 A,100.0,14.22,7.03,3.63,2.45,23.0
169,2026-04-05,ET750,2026-04-05 11:13:00,2026-04-05 11:34:00,21.0,2026-04-05 12:17:00,2026-04-05 13:03:00,B17 A,464.0,14.73,31.51,5.6,1.5,46.0
169,2026-04-05,FH8116,2026-04-05 12:44:00,2026-04-05 12:48:00,4.0,2026-04-05 13:06:00,2026-04-05 13:13:00,B38 A,140.0,10.22,13.7,5.7,2.05,7.0
169,2026-04-05,LH1004,2026-04-05 12:50:00,2026-04-05 12:50:00,0.0,2026-04-05 13:03:00,2026-04-05 13:30:00,A43 ,40.0,11.07,3.61,3.81,2.19,27.0
169,2026-04-05,SN1122,2026-04-05 08:39:00,2026-04-05 09:08:00,29.0,2026-04-05 09:20:00,2026-04-05 09:21:00,B40 A,13.0,10.58,1.23,4.61,2.7,1.0
169,2026-04-05,SN1124,2026-04-05 07:10:00,2026-04-05 07:19:00,9.0,2026-04-05 07:32:00,2026-04-05 07:48:00,B30 A,138.0,14.61,9.45,5.51,1.62,16.0
169,2026-04-05,SN206,2026-04-05 06:25:00,2026-04-05 06:48:00,23.0,2026-04-05 07:07:00,2026-04-05 07:30:00,B38 A,154.0,14.61,10.54,4.55,2.56,23.0
169,2026-04-05,SN229,2026-04-05 10:04:00,2026-04-05 10:26:00,22.0,2026-04-05 10:41:00,2026-04-05 11:10:00,B31 A,120.0,12.93,9.28,4.82,2.23,29.0
169,2026-04-05,SN278,2026-04-05 08:43:00,2026-04-05 08:27:00,-16.0,2026-04-05 08:40:00,2026-04-05 09:10:00,B37 A,123.0,15.07,8.16,4.84,2.51,30.0
169,2026-04-05,SN2900,2026-04-05 10:44:00,2026-04-05 11:04:00,20.0,2026-04-05 11:13:00,2026-04-05 11:34:00,B32 A,49.0,12.66,3.87,4.44,2.18,21.0
169,2026-04-05,SN3326,2026-04-05 11:24:00,2026-04-05 11:41:00,17.0,2026-04-05 12:06:00,2026-04-05 12:12:00,B14 A,111.0,15.69,7.08,6.0,1.11,6.0
169,2026-04-05,SN358,2026-04-05 08:21:00,2026-04-05 08:24:00,3.0,2026-04-05 08:42:00,2026-04-05 09:09:00,B14 A,112.0,14.35,7.8,3.83,1.74,27.0
169,2026-04-05,SN379,2026-04-05 10:10:00,2026-04-05 11:03:00,53.0,2026-04-05 11:42:00,2026-04-05 12:19:00,B29 A,161.0,11.75,13.7,4.53,2.17,37.0
169,2026-04-05,SN3800,2026-04-05 06:15:00,2026-04-05 06:16:00,1.0,2026-04-05 06:28:00,2026-04-05 06:30:00,A65 ,27.0,10.39,2.6,4.63,1.8,2.0
169,2026-04-05,TB1552,2026-04-05 07:15:00,2026-04-05 07:08:00,-7.0,2026-04-05 07:38:00,2026-04-05 07:45:00,A61 ,152.0,8.83,17.21,5.01,1.66,7.0
169,2026-04-05,TB2632,2026-04-05 09:29:00,2026-04-05 09:09:00,-20.0,2026-04-05 09:35:00,2026-04-05 09:44:00,B9  A,114.0,13.2,8.63,4.83,1.72,9.0
169,2026-04-05,TB2662,2026-04-05 09:15:00,2026-04-05 09:04:00,-11.0,2026-04-05 09:22:00,2026-04-05 09:30:00,B34 A,90.0,11.66,7.72,5.59,1.85,8.0
169,2026-04-05,TG934,2026-04-05 12:22:00,2026-04-05 12:26:00,4.0,2026-04-05 12:46:00,2026-04-05 13:15:00,B34 A,260.0,15.91,16.34,4.49,2.3,29.0
169,2026-04-05,UA950,2026-04-05 11:22:00,2026-04-05 11:02:00,-20.0,2026-04-05 11:22:00,2026-04-05 11:45:00,B28 A,170.0,15.36,11.07,4.63,1.73,23.0
169,2026-04-05,UA994,2026-04-05 12:51:00,2026-04-05 12:35:00,-16.0,2026-04-05 12:54:00,2026-04-05 13:24:00,B38 A,109.0,11.14,9.78,6.03,1.93,30.0
169,2026-04-05,XR5402,2026-04-05 07:46:00,2026-04-05 08:56:00,70.0,2026-04-05 09:23:00,2026-04-05 09:26:00,B5  A,88.0,11.83,7.44,4.77,1.75,3.0
170,2026-04-05,AC832,2026-04-05 10:17:00,2026-04-05 10:43:00,26.0,2026-04-05 11:00:00,2026-04-05 11:34:00,B14 A,172.0,11.49,14.97,5.78,1.15,34.0
170,2026-04-05,ET750,2026-04-05 11:13:00,2026-04-05 11:34:00,21.0,2026-04-05 12:17:00,2026-04-05 13:03:00,B17 A,464.0,12.74,36.41,4.04,2.08,46.0
170,2026-04-05,FH8116,2026-04-05 06:35:00,2026-04-05 06:00:00,-35.0,2026-04-05 06:07:00,2026-04-05 06:09:00,B15 A,22.0,15.0,1.47,4.06,1.9,2.0
170,2026-04-05,LH1004,2026-04-05 12:50:00,2026-04-05 12:50:00,0.0,2026-04-05 13:03:00,2026-04-05 13:30:00,A43 ,40.0,16.22,2.47,5.34,1.56,27.0
170,2026-04-05,SN1122,2026-04-05 08:39:00,2026-04-05 09:08:00,29.0,2026-04-05 09:20:00,2026-04-05 09:21:00,B40 A,13.0,8.34,1.56,4.36,2.85,1.0
170,2026-04-05,SN1124,2026-04-05 07:10:00,2026-04-05 07:19:00,9.0,2026-04-05 07:32:00,2026-04-05 07:48:00,B30 A,138.0,13.51,10.22,4.7,1.9,16.0
170,2026-04-05,SN206,2026-04-05 06:25:00,2026-04-05 06:48:00,23.0,2026-04-05 07:07:00,2026-04-05 07:30:00,B38 A,154.0,11.8,13.05,4.58,2.55,23.0
170,2026-04-05,SN229,2026-04-05 12:06:00,2026-04-05 12:12:00,6.0,2026-04-05 12:39:00,2026-04-05 13:03:00,B28 A,20.0,11.55,1.73,5.7,1.4,24.0
170,2026-04-05,SN278,2026-04-05 10:45:00,2026-04-05 10:42:00,-3.0,2026-04-05 11:04:00,2026-04-05 11:16:00,B28 A,198.0,16.47,12.02,5.09,1.57,12.0
170,2026-04-05,SN2900,2026-04-05 10:44:00,2026-04-05 11:04:00,20.0,2026-04-05 11:13:00,2026-04-05 11:34:00,B32 A,49.0,15.88,3.08,4.26,2.27,21.0
170,2026-04-05,SN3326,2026-04-05 11:24:00,2026-04-05 11:41:00,17.0,2026-04-05 12:06:00,2026-04-05 12:12:00,B14 A,111.0,12.97,8.56,5.94,1.12,6.0
170,2026-04-05,SN358,2026-04-05 08:21:00,2026-04-05 08:24:00,3.0,2026-04-05 08:42:00,2026-04-05 09:09:00,B14 A,112.0,13.86,8.08,5.77,1.16,27.0
170,2026-04-05,SN379,2026-04-05 08:11:00,2026-04-05 08:40:00,29.0,2026-04-05 08:59:00,2026-04-05 09:27:00,B28 A,76.0,15.4,4.93,5.85,1.37,28.0
170,2026-04-05,SN3800,2026-04-05 06:15:00,2026-04-05 06:16:00,1.0,2026-04-05 06:28:00,2026-04-05 06:30:00,A65 ,27.0,14.12,1.91,5.08,1.64,2.0
170,2026-04-05,TB1552,2026-04-05 08:29:00,2026-04-05 08:25:00,-4.0,2026-04-05 08:46:00,2026-04-05 08:54:00,A61 ,166.0,10.29,16.14,5.8,1.44,8.0
170,2026-04-05,TB2632,2026-04-05 09:29:00,2026-04-05 09:09:00,-20.0,2026-04-05 09:35:00,2026-04-05 09:44:00,B9  A,114.0,13.06,8.73,4.02,2.07,9.0
170,2026-04-05,TB2662,2026-04-05 09:15:00,2026-04-05 09:04:00,-11.0,2026-04-05 09:22:00,2026-04-05 09:30:00,B34 A,90.0,11.1,8.11,5.33,1.94,8.0
170,2026-04-05,TG934,2026-04-05 09:21:00,2026-04-05 09:16:00,-5.0,2026-04-05 09:38:00,2026-04-05 09:58:00,B38 A,249.0,14.82,16.8,4.46,2.62,20.0
170,2026-04-05,UA950,2026-04-05 10:20:00,2026-04-05 09:58:00,-22.0,2026-04-05 10:24:00,2026-04-05 10:51:00,B40 A,188.0,14.97,12.56,4.41,2.81,27.0
170,2026-04-05,UA994,2026-04-05 10:51:00,2026-04-05 10:01:00,-50.0,2026-04-05 10:18:00,2026-04-05 10:42:00,B38 A,177.0,12.23,14.47,4.81,2.42,24.0
170,2026-04-05,XR5402,2026-04-05 07:46:00,2026-04-05 08:56:00,70.0,2026-04-05 09:23:00,2026-04-05 09:26:00,B5  A,88.0,13.04,6.75,4.94,1.69,3.0
171,2026-04-05,AC832,2026-04-05 12:18:00,2026-04-05 11:38:00,-40.0,2026-04-05 11:54:00,2026-04-05 12:17:00,B30 A,100.0,11.97,8.35,5.02,1.78,23.0
171,2026-04-05,ET750,2026-04-05 11:13:00,2026-04-05 11:34:00,21.0,2026-04-05 12:17:00,2026-04-05 13:03:00,B17 A,464.0,13.4,34.63,4.67,1.8,46.0
171,2026-04-05,FH8116,2026-04-05 06:35:00,2026-04-05 06:00:00,-35.0,2026-04-05 06:07:00,2026-04-05 06:09:00,B15 A,22.0,13.35,1.65,5.59,1.38,2.0
171,2026-04-05,LH1004,2026-04-05 09:50:00,2026-04-05 09:53:00,3.0,2026-04-05 10:20:00,2026-04-05 10:27:00,A43 ,33.0,12.88,2.56,4.71,1.77,7.0
171,2026-04-05,SN1122,2026-04-05 08:39:00,2026-04-05 09:08:00,29.0,2026-04-05 09:20:00,2026-04-05 09:21:00,B40 A,13.0,12.49,1.04,6.5,1.91,1.0
171,2026-04-05,SN1124,2026-04-05 07:10:00,2026-04-05 07:19:00,9.0,2026-04-05 07:32:00,2026-04-05 07:48:00,B30 A,138.0,13.35,10.33,5.53,1.61,16.0
171,2026-04-05,SN206,2026-04-05 06:25:00,2026-04-05 06:48:00,23.0,2026-04-05 07:07:00,2026-04-05 07:30:00,B38 A,154.0,15.93,9.66,5.2,2.24,23.0
171,2026-04-05,SN229,2026-04-05 12:06:00,2026-04-05 12:12:00,6.0,2026-04-05 12:39:00,2026-04-05 13:03:00,B28 A,20.0,14.99,1.33,4.88,1.64,24.0
171,2026-04-05,SN278,2026-04-05 10:45:00,2026-04-05 10:42:00,-3.0,2026-04-05 11:04:00,2026-04-05 11:16:00,B28 A,198.0,12.88,15.37,3.54,2.26,12.0
171,2026-04-05,SN2900,2026-04-05 10:44:00,2026-04-05 11:04:00,20.0,2026-04-05 11:13:00,2026-04-05 11:34:00,B32 A,49.0,14.19,3.45,4.84,2.0,21.0
171,2026-04-05,SN3326,2026-04-05 11:24:00,2026-04-05 11:41:00,17.0,2026-04-05 12:06:00,2026-04-05 12:12:00,B14 A,111.0,11.04,10.06,4.41,1.51,6.0
171,2026-04-05,SN358,2026-04-05 12:21:00,2026-04-05 12:23:00,2.0,2026-04-05 12:43:00,2026-04-05 13:14:00,B28 A,176.0,13.35,13.19,4.28,1.87,31.0
171,2026-04-05,SN379,2026-04-05 08:11:00,2026-04-05 08:40:00,29.0,2026-04-05 08:59:00,2026-04-05 09:27:00,B28 A,76.0,15.71,4.84,4.7,1.7,28.0
171,2026-04-05,SN3800,2026-04-05 06:15:00,2026-04-05 06:16:00,1.0,2026-04-05 06:28:00,2026-04-05 06:30:00,A65 ,27.0,14.17,1.91,3.95,2.11,2.0
171,2026-04-05,TB1552,2026-04-05 07:15:00,2026-04-05 07:08:00,-7.0,2026-04-05 07:38:00,2026-04-05 07:45:00,A61 ,152.0,14.0,10.86,4.53,1.84,7.0
171,2026-04-05,TB2632,2026-04-05 09:29:00,2026-04-05 09:09:00,-20.0,2026-04-05 09:35:00,2026-04-05 09:44:00,B9  A,114.0,12.8,8.91,4.85,1.72,9.0
171,2026-04-05,TB2662,2026-04-05 09:15:00,2026-04-05 09:04:00,-11.0,2026-04-05 09:22:00,2026-04-05 09:30:00,B34 A,90.0,13.19,6.82,3.82,2.7,8.0
171,2026-04-05,TG934,2026-04-05 09:21:00,2026-04-05 09:16:00,-5.0,2026-04-05 09:38:00,2026-04-05 09:58:00,B38 A,249.0,13.56,18.36,4.66,2.5,20.0
171,2026-04-05,UA950,2026-04-05 11:22:00,2026-04-05 11:02:00,-20.0,2026-04-05 11:22:00,2026-04-05 11:45:00,B28 A,170.0,16.51,10.3,3.69,2.17,23.0
171,2026-04-05,UA994,2026-04-05 08:51:00,2026-04-05 08:32:00,-19.0,2026-04-05 08:52:00,2026-04-05 09:25:00,B40 A,171.0,10.17,16.82,6.74,1.84,33.0
171,2026-04-05,XR5402,2026-04-05 07:46:00,2026-04-05 08:56:00,70.0,2026-04-05 09:23:00,2026-04-05 09:26:00,B5  A,88.0,10.55,8.34,5.1,1.63,3.0
172,2026-04-05,AC832,2026-04-05 10:17:00,2026-04-05 10:43:00,26.0,2026-04-05 11:00:00,2026-04-05 11:34:00,B14 A,172.0,12.72,13.53,4.1,1.63,34.0
172,2026-04-05,ET750,2026-04-05 11:13:00,2026-04-05 11:34:00,21.0,2026-04-05 12:17:00,2026-04-05 13:03:00,B17 A,464.0,11.19,41.48,5.68,1.48,46.0
172,2026-04-05,FH8116,2026-04-05 06:35:00,2026-04-05 06:00:00,-35.0,2026-04-05 06:07:00,2026-04-05 06:09:00,B15 A,22.0,13.12,1.68,5.44,1.42,2.0
172,2026-04-05,LH1004,2026-04-05 12:50:00,2026-04-05 12:50:00,0.0,2026-04-05 13:03:00,2026-04-05 13:30:00,A43 ,40.0,10.64,3.76,5.16,1.62,27.0
172,2026-04-05,SN1122,2026-04-05 08:39:00,2026-04-05 09:08:00,29.0,2026-04-05 09:20:00,2026-04-05 09:21:00,B40 A,13.0,10.57,1.23,4.91,2.53,1.0
172,2026-04-05,SN1124,2026-04-05 07:10:00,2026-04-05 07:19:00,9.0,2026-04-05 07:32:00,2026-04-05 07:48:00,B30 A,138.0,12.59,10.96,6.54,1.36,16.0
172,2026-04-05,SN206,2026-04-05 06:25:00,2026-04-05 06:48:00,23.0,2026-04-05 07:07:00,2026-04-05 07:30:00,B38 A,154.0,15.31,10.06,4.54,2.57,23.0
172,2026-04-05,SN229,2026-04-05 10:04:00,2026-04-05 10:26:00,22.0,2026-04-05 10:41:00,2026-04-05 11:10:00,B31 A,120.0,12.27,9.78,4.32,2.49,29.0
172,2026-04-05,SN278,2026-04-05 12:46:00,2026-04-05 12:41:00,-5.0,2026-04-05 13:04:00,2026-04-05 13:33:00,B31 A,62.0,14.21,4.36,5.82,1.85,29.0
172,2026-04-05,SN2900,2026-04-05 07:39:00,2026-04-05 07:25:00,-14.0,2026-04-05 07:38:00,2026-04-05 07:53:00,B38 A,55.0,15.44,3.56,4.91,2.38,15.0
172,2026-04-05,SN3326,2026-04-05 11:24:00,2026-04-05 11:41:00,17.0,2026-04-05 12:06:00,2026-04-05 12:12:00,B14 A,111.0,12.56,8.84,6.36,1.05,6.0
172,2026-04-05,SN358,2026-04-05 08:21:00,2026-04-05 08:24:00,3.0,2026-04-05 08:42:00,2026-04-05 09:09:00,B14 A,112.0,11.33,9.89,4.26,1.56,27.0
172,2026-04-05,SN379,2026-04-05 10:10:00,2026-04-05 11:03:00,53.0,2026-04-05 11:42:00,2026-04-05 12:19:00,B29 A,161.0,13.32,12.08,6.14,1.6,37.0
172,2026-04-05,SN3800,2026-04-05 06:15:00,2026-04-05 06:16:00,1.0,2026-04-05 06:28:00,2026-04-05 06:30:00,A65 ,27.0,9.35,2.89,6.08,1.37,2.0
172,2026-04-05,TB1552,2026-04-05 07:47:00,2026-04-05 07:43:00,-4.0,2026-04-05 07:55:00,2026-04-05 07:59:00,A68 ,66.0,14.61,4.52,4.94,1.69,4.0
172,2026-04-05,TB2632,2026-04-05 09:29:00,2026-04-05 09:09:00,-20.0,2026-04-05 09:35:00,2026-04-05 09:44:00,B9  A,114.0,14.55,7.83,4.94,1.69,9.0
172,2026-04-05,TB2662,2026-04-05 09:15:00,2026-04-05 09:04:00,-11.0,2026-04-05 09:22:00,2026-04-05 09:30:00,B34 A,90.0,8.98,10.02,5.7,1.81,8.0
172,2026-04-05,TG934,2026-04-05 09:21:00,2026-04-05 09:16:00,-5.0,2026-04-05 09:38:00,2026-04-05 09:58:00,B38 A,249.0,14.51,17.16,4.83,2.42,20.0
172,2026-04-05,UA950,2026-04-05 11:22:00,2026-04-05 11:02:00,-20.0,2026-04-05 11:22:00,2026-04-05 11:45:00,B28 A,170.0,15.74,10.8,4.85,1.65,23.0
172,2026-04-05,UA994,2026-04-05 11:51:00,2026-04-05 11:37:00,-14.0,2026-04-05 11:55:00,2026-04-05 12:25:00,B40 A,157.0,9.93,15.81,6.47,1.92,30.0
172,2026-04-05,XR5402,2026-04-05 07:46:00,2026-04-05 08:56:00,70.0,2026-04-05 09:23:00,2026-04-05 09:26:00,B5  A,88.0,10.09,8.73,4.68,1.78,3.0
173,2026-04-05,AC832,2026-04-05 08:17:00,2026-04-05 07:46:00,-31.0,2026-04-05 08:02:00,2026-04-05 08:29:00,B30 A,122.0,11.31,10.78,5.14,1.73,27.0
173,2026-04-05,ET750,2026-04-05 11:13:00,2026-04-05 11:34:00,21.0,2026-04-05 12:17:00,2026-04-05 13:03:00,B17 A,464.0,13.36,34.74,5.18,1.62,46.0
173,2026-04-05,FH8116,2026-04-05 12:44:00,2026-04-05 12:48:00,4.0,2026-04-05 13:06:00,2026-04-05 13:13:00,B38 A,140.0,13.46,10.4,4.38,2.66,7.0
173,2026-04-05,LH1004,2026-04-05 12:50:00,2026-04-05 12:50:00,0.0,2026-04-05 13:03:00,2026-04-05 13:30:00,A43 ,40.0,11.53,3.47,5.25,1.59,27.0
173,2026-04-05,SN1122,2026-04-05 08:39:00,2026-04-05 09:08:00,29.0,2026-04-05 09:20:00,2026-04-05 09:21:00,B40 A,13.0,9.93,1.31,4.94,2.51,1.0
173,2026-04-05,SN1124,2026-04-05 07:10:00,2026-04-05 07:19:00,9.0,2026-04-05 07:32:00,2026-04-05 07:48:00,B30 A,138.0,13.35,10.34,4.57,1.95,16.0
173,2026-04-05,SN206,2026-04-05 06:25:00,2026-04-05 06:48:00,23.0,2026-04-05 07:07:00,2026-04-05 07:30:00,B38 A,154.0,14.08,10.94,4.34,2.69,23.0
173,2026-04-05,SN229,2026-04-05 08:06:00,2026-04-05 09:20:00,74.0,2026-04-05 09:41:00,2026-04-05 10:22:00,B14 A,144.0,11.58,12.43,5.45,1.22,41.0
173,2026-04-05,SN278,2026-04-05 08:43:00,2026-04-05 08:27:00,-16.0,2026-04-05 08:40:00,2026-04-05 09:10:00,B37 A,123.0,11.8,10.42,6.85,1.78,30.0
173,2026-04-05,SN2900,2026-04-05 07:39:00,2026-04-05 07:25:00,-14.0,2026-04-05 07:38:00,2026-04-05 07:53:00,B38 A,55.0,11.65,4.72,4.12,2.83,15.0
173,2026-04-05,SN3326,2026-04-05 11:24:00,2026-04-05 11:41:00,17.0,2026-04-05 12:06:00,2026-04-05 12:12:00,B14 A,111.0,15.59,7.12,5.27,1.26,6.0
173,2026-04-05,SN358,2026-04-05 08:21:00,2026-04-05 08:24:00,3.0,2026-04-05 08:42:00,2026-04-05 09:09:00,B14 A,112.0,14.46,7.75,5.39,1.24,27.0
173,2026-04-05,SN379,2026-04-05 08:11:00,2026-04-05 08:40:00,29.0,2026-04-05 08:59:00,2026-04-05 09:27:00,B28 A,76.0,13.51,5.63,4.89,1.63,28.0
173,2026-04-05,SN3800,2026-04-05 06:15:00,2026-04-05 06:16:00,1.0,2026-04-05 06:28:00,2026-04-05 06:30:00,A65 ,27.0,10.16,2.66,5.09,1.64,2.0
173,2026-04-05,TB1552,2026-04-05 07:47:00,2026-04-05 07:43:00,-4.0,2026-04-05 07:55:00,2026-04-05 07:59:00,A68 ,66.0,13.78,4.79,6.15,1.36,4.0
173,2026-04-05,TB2632,2026-04-05 09:29:00,2026-04-05 09:09:00,-20.0,2026-04-05 09:35:00,2026-04-05 09:44:00,B9  A,114.0,14.06,8.11,5.61,1.49,9.0
173,2026-04-05,TB2662,2026-04-05 09:15:00,2026-04-05 09:04:00,-11.0,2026-04-05 09:22:00,2026-04-05 09:30:00,B34 A,90.0,15.19,5.93,5.77,1.79,8.0
173,2026-04-05,TG934,2026-04-05 09:21:00,2026-04-05 09:16:00,-5.0,2026-04-05 09:38:00,2026-04-05 09:58:00,B38 A,249.0,14.33,17.37,5.85,2.0,20.0
173,2026-04-05,UA950,2026-04-05 08:20:00,2026-04-05 08:20:00,0.0,2026-04-05 08:36:00,2026-04-05 09:25:00,B38 A,176.0,12.96,13.58,4.89,2.38,49.0
173,2026-04-05,UA994,2026-04-05 08:51:00,2026-04-05 08:32:00,-19.0,2026-04-05 08:52:00,2026-04-05 09:25:00,B40 A,171.0,13.25,12.9,5.13,2.42,33.0
173,2026-04-05,XR5402,2026-04-05 07:46:00,2026-04-05 08:56:00,70.0,2026-04-05 09:23:00,2026-04-05 09:26:00,B5  A,88.0,13.31,6.61,4.83,1.73,3.0
174,2026-04-05,AC832,2026-04-05 11:16:00,2026-04-05 10:39:00,-37.0,2026-04-05 10:54:00,2026-04-05 11:24:00,B5  A,101.0,12.14,8.32,4.54,1.84,30.0
174,2026-04-05,ET750,2026-04-05 11:13:00,2026-04-05 11:34:00,21.0,2026-04-05 12:17:00,2026-04-05 13:03:00,B17 A,464.0,15.84,29.29,4.77,1.77,46.0
174,2026-04-05,FH8116,2026-04-05 06:35:00,2026-04-05 06:00:00,-35.0,2026-04-05 06:07:00,2026-04-05 06:09:00,B15 A,22.0,8.58,2.57,4.01,1.93,2.0
174,2026-04-05,LH1004,2026-04-05 12:50:00,2026-04-05 12:50:00,0.0,2026-04-05 13:03:00,2026-04-05 13:30:00,A43 ,40.0,13.89,2.88,6.12,1.36,27.0
174,2026-04-05,SN1122,2026-04-05 08:39:00,2026-04-05 09:08:00,29.0,2026-04-05 09:20:00,2026-04-05 09:21:00,B40 A,13.0,15.3,0.85,4.63,2.68,1.0
174,2026-04-05,SN1124,2026-04-05 07:10:00,2026-04-05 07:19:00,9.0,2026-04-05 07:32:00,2026-04-05 07:48:00,B30 A,138.0,12.78,10.8,5.77,1.54,16.0
174,2026-04-05,SN206,2026-04-05 06:25:00,2026-04-05 06:48:00,23.0,2026-04-05 07:07:00,2026-04-05 07:30:00,B38 A,154.0,13.62,11.31,5.25,2.22,23.0
174,2026-04-05,SN229,2026-04-05 12:06:00,2026-04-05 12:12:00,6.0,2026-04-05 12:39:00,2026-04-05 13:03:00,B28 A,20.0,13.8,1.45,6.1,1.31,24.0
174,2026-04-05,SN278,2026-04-05 10:45:00,2026-04-05 10:42:00,-3.0,2026-04-05 11:04:00,2026-04-05 11:16:00,B28 A,198.0,14.09,14.05,6.08,1.32,12.0
174,2026-04-05,SN2900,2026-04-05 08:46:00,2026-04-05 08:33:00,-13.0,2026-04-05 08:58:00,2026-04-05 09:02:00,B14 A,79.0,13.5,5.85,4.87,1.37,4.0
174,2026-04-05,SN3326,2026-04-05 11:24:00,2026-04-05 11:41:00,17.0,2026-04-05 12:06:00,2026-04-05 12:12:00,B14 A,111.0,13.3,8.34,4.85,1.37,6.0
174,2026-04-05,SN358,2026-04-05 08:21:00,2026-04-05 08:24:00,3.0,2026-04-05 08:42:00,2026-04-05 09:09:00,B14 A,112.0,13.69,8.18,4.11,1.62,27.0
174,2026-04-05,SN379,2026-04-05 08:11:00,2026-04-05 08:40:00,29.0,2026-04-05 08:59:00,2026-04-05 09:27:00,B28 A,76.0,10.71,7.09,5.3,1.51,28.0
174,2026-04-05,SN3800,2026-04-05 06:15:00,2026-04-05 06:16:00,1.0,2026-04-05 06:28:00,2026-04-05 06:30:00,A65 ,27.0,9.81,2.75,4.66,1.79,2.0
174,2026-04-05,TB1552,2026-04-05 07:47:00,2026-04-05 07:43:00,-4.0,2026-04-05 07:55:00,2026-04-05 07:59:00,A68 ,66.0,13.06,5.05,5.62,1.48,4.0
174,2026-04-05,TB2632,2026-04-05 09:29:00,2026-04-05 09:09:00,-20.0,2026-04-05 09:35:00,2026-04-05 09:44:00,B9  A,114.0,13.99,8.15,4.88,1.71,9.0
174,2026-04-05,TB2662,2026-04-05 09:15:00,2026-04-05 09:04:00,-11.0,2026-04-05 09:22:00,2026-04-05 09:30:00,B34 A,90.0,11.75,7.66,6.73,1.54,8.0
174,2026-04-05,TG934,2026-04-05 12:22:00,2026-04-05 12:26:00,4.0,2026-04-05 12:46:00,2026-04-05 13:15:00,B34 A,260.0,15.3,17.0,4.82,2.15,29.0
174,2026-04-05,UA950,2026-04-05 12:20:00,2026-04-05 11:58:00,-22.0,2026-04-05 12:14:00,2026-04-05 12:42:00,B37 A,127.0,14.1,9.0,5.93,2.05,28.0
174,2026-04-05,UA994,2026-04-05 12:51:00,2026-04-05 12:35:00,-16.0,2026-04-05 12:54:00,2026-04-05 13:24:00,B38 A,109.0,12.44,8.76,5.03,2.32,30.0
174,2026-04-05,XR5402,2026-04-05 07:46:00,2026-04-05 08:56:00,70.0,2026-04-05 09:23:00,2026-04-05 09:26:00,B5  A,88.0,10.9,8.07,5.16,1.62,3.0
175,2026-04-05,AC832,2026-04-05 12:18:00,2026-04-05 11:38:00,-40.0,2026-04-05 11:54:00,2026-04-05 12:17:00,B30 A,100.0,11.65,8.59,5.21,1.71,23.0
175,2026-04-05,ET750,2026-04-05 11:13:00,2026-04-05 11:34:00,21.0,2026-04-05 12:17:00,2026-04-05 13:03:00,B17 A,464.0,13.8,33.62,4.91,1.72,46.0
175,2026-04-05,FH8116,2026-04-05 12:44:00,2026-04-05 12:48:00,4.0,2026-04-05 13:06:00,2026-04-05 13:13:00,B38 A,140.0,12.9,10.85,4.1,2.84,7.0
175,2026-04-05,LH1004,2026-04-05 12:50:00,2026-04-05 12:50:00,0.0,2026-04-05 13:03:00,2026-04-05 13:30:00,A43 ,40.0,10.76,3.72,5.1,1.63,27.0
175,2026-04-05,SN1122,2026-04-05 08:39:00,2026-04-05 09:08:00,29.0,2026-04-05 09:20:00,2026-04-05 09:21:00,B40 A,13.0,13.34,0.97,4.33,2.87,1.0
175,2026-04-05,SN1124,2026-04-05 07:10:00,2026-04-05 07:19:00,9.0,2026-04-05 07:32:00,2026-04-05 07:48:00,B30 A,138.0,15.95,8.65,5.7,1.56,16.0
175,2026-04-05,SN206,2026-04-05 06:25:00,2026-04-05 06:48:00,23.0,2026-04-05 07:07:00,2026-04-05 07:30:00,B38 A,154.0,12.24,12.58,4.44,2.63,23.0
175,2026-04-05,SN229,2026-04-05 12:06:00,2026-04-05 12:12:00,6.0,2026-04-05 12:39:00,2026-04-05 13:03:00,B28 A,20.0,11.94,1.68,4.9,1.63,24.0
175,2026-04-05,SN278,2026-04-05 08:43:00,2026-04-05 08:27:00,-16.0,2026-04-05 08:40:00,2026-04-05 09:10:00,B37 A,123.0,14.7,8.37,4.73,2.57,30.0
175,2026-04-05,SN2900,2026-04-05 07:39:00,2026-04-05 07:25:00,-14.0,2026-04-05 07:38:00,2026-04-05 07:53:00,B38 A,55.0,16.96,3.24,7.2,1.62,15.0
175,2026-04-05,SN3326,2026-04-05 11:24:00,2026-04-05 11:41:00,17.0,2026-04-05 12:06:00,2026-04-05 12:12:00,B14 A,111.0,11.51,9.65,4.69,1.42,6.0
175,2026-04-05,SN358,2026-04-05 12:21:00,2026-04-05 12:23:00,2.0,2026-04-05 12:43:00,2026-04-05 13:14:00,B28 A,176.0,15.06,11.69,4.65,1.72,31.0
175,2026-04-05,SN379,2026-04-05 10:10:00,2026-04-05 11:03:00,53.0,2026-04-05 11:42:00,2026-04-05 12:19:00,B29 A,161.0,8.37,19.24,5.1,1.93,37.0
175,2026-04-05,SN3800,2026-04-05 06:15:00,2026-04-05 06:16:00,1.0,2026-04-05 06:28:00,2026-04-05 06:30:00,A65 ,27.0,12.45,2.17,4.23,1.97,2.0
175,2026-04-05,TB1552,2026-04-05 07:15:00,2026-04-05 07:08:00,-7.0,2026-04-05 07:38:00,2026-04-05 07:45:00,A61 ,152.0,11.99,12.68,6.3,1.32,7.0
175,2026-04-05,TB2632,2026-04-05 09:29:00,2026-04-05 09:09:00,-20.0,2026-04-05 09:35:00,2026-04-05 09:44:00,B9  A,114.0,11.03,10.33,4.35,1.92,9.0
175,2026-04-05,TB2662,2026-04-05 09:15:00,2026-04-05 09:04:00,-11.0,2026-04-05 09:22:00,2026-04-05 09:30:00,B34 A,90.0,11.89,7.57,7.13,1.45,8.0
175,2026-04-05,TG934,2026-04-05 09:21:00,2026-04-05 09:16:00,-5.0,2026-04-05 09:38:00,2026-04-05 09:58:00,B38 A,249.0,13.12,18.98,6.0,1.95,20.0
175,2026-04-05,UA950,2026-04-05 10:20:00,2026-04-05 09:58:00,-22.0,2026-04-05 10:24:00,2026-04-05 10:51:00,B40 A,188.0,12.8,14.69,5.16,2.4,27.0
175,2026-04-05,UA994,2026-04-05 12:51:00,2026-04-05 12:35:00,-16.0,2026-04-05 12:54:00,2026-04-05 13:24:00,B38 A,109.0,10.46,10.42,4.4,2.65,30.0
175,2026-04-05,XR5402,2026-04-05 07:46:00,2026-04-05 08:56:00,70.0,2026-04-05 09:23:00,2026-04-05 09:26:00,B5  A,88.0,12.2,7.21,3.91,2.13,3.0
176,2026-04-05,AC832,2026-04-05 11:16:00,2026-04-05 10:39:00,-37.0,2026-04-05 10:54:00,2026-04-05 11:24:00,B5  A,101.0,13.59,7.43,5.88,1.42,30.0
176,2026-04-05,ET750,2026-04-05 11:13:00,2026-04-05 11:34:00,21.0,2026-04-05 12:17:00,2026-04-05 13:03:00,B17 A,464.0,12.09,38.38,5.12,1.64,46.0
176,2026-04-05,FH8116,2026-04-05 06:35:00,2026-04-05 06:00:00,-35.0,2026-04-05 06:07:00,2026-04-05 06:09:00,B15 A,22.0,12.09,1.82,6.03,1.28,2.0
176,2026-04-05,LH1004,2026-04-05 12:50:00,2026-04-05 12:50:00,0.0,2026-04-05 13:03:00,2026-04-05 13:30:00,A43 ,40.0,12.51,3.2,5.04,1.65,27.0
176,2026-04-05,SN1122,2026-04-05 08:39:00,2026-04-05 09:08:00,29.0,2026-04-05 09:20:00,2026-04-05 09:21:00,B40 A,13.0,11.03,1.18,4.55,2.73,1.0
176,2026-04-05,SN1124,2026-04-05 07:10:00,2026-04-05 07:19:00,9.0,2026-04-05 07:32:00,2026-04-05 07:48:00,B30 A,138.0,13.45,10.26,4.22,2.11,16.0
176,2026-04-05,SN206,2026-04-05 06:25:00,2026-04-05 06:48:00,23.0,2026-04-05 07:07:00,2026-04-05 07:30:00,B38 A,154.0,10.78,14.29,5.16,2.26,23.0
176,2026-04-05,SN229,2026-04-05 12:06:00,2026-04-05 12:12:00,6.0,2026-04-05 12:39:00,2026-04-05 13:03:00,B28 A,20.0,12.29,1.63,4.12,1.94,24.0
176,2026-04-05,SN278,2026-04-05 10:45:00,2026-04-05 10:42:00,-3.0,2026-04-05 11:04:00,2026-04-05 11:16:00,B28 A,198.0,12.81,15.46,4.82,1.66,12.0
176,2026-04-05,SN2900,2026-04-05 08:46:00,2026-04-05 08:33:00,-13.0,2026-04-05 08:58:00,2026-04-05 09:02:00,B14 A,79.0,11.5,6.87,5.0,1.33,4.0
176,2026-04-05,SN3326,2026-04-05 07:45:00,2026-04-05 08:05:00,20.0,2026-04-05 08:16:00,2026-04-05 08:36:00,B28 A,123.0,14.07,8.74,4.43,1.81,20.0
176,2026-04-05,SN358,2026-04-05 10:21:00,2026-04-05 11:13:00,52.0,2026-04-05 11:43:00,2026-04-05 12:03:00,B38 A,126.0,12.11,10.41,4.58,2.55,20.0
176,2026-04-05,SN379,2026-04-05 10:10:00,2026-04-05 11:03:00,53.0,2026-04-05 11:42:00,2026-04-05 12:19:00,B29 A,161.0,13.63,11.81,4.57,2.15,37.0
176,2026-04-05,SN3800,2026-04-05 06:15:00,2026-04-05 06:16:00,1.0,2026-04-05 06:28:00,2026-04-05 06:30:00,A65 ,27.0,9.17,2.94,6.0,1.39,2.0
176,2026-04-05,TB1552,2026-04-05 08:29:00,2026-04-05 08:25:00,-4.0,2026-04-05 08:46:00,2026-04-05 08:54:00,A61 ,166.0,12.89,12.88,4.95,1.68,8.0
176,2026-04-05,TB2632,2026-04-05 09:29:00,2026-04-05 09:09:00,-20.0,2026-04-05 09:35:00,2026-04-05 09:44:00,B9  A,114.0,10.4,10.96,4.83,1.73,9.0
176,2026-04-05,TB2662,2026-04-05 09:15:00,2026-04-05 09:04:00,-11.0,2026-04-05 09:22:00,2026-04-05 09:30:00,B34 A,90.0,12.84,7.01,5.46,1.89,8.0
176,2026-04-05,TG934,2026-04-05 12:22:00,2026-04-05 12:26:00,4.0,2026-04-05 12:46:00,2026-04-05 13:15:00,B34 A,260.0,15.16,17.15,4.83,2.14,29.0
176,2026-04-05,UA950,2026-04-05 11:22:00,2026-04-05 11:02:00,-20.0,2026-04-05 11:22:00,2026-04-05 11:45:00,B28 A,170.0,11.91,14.28,4.63,1.73,23.0
176,2026-04-05,UA994,2026-04-05 11:51:00,2026-04-05 11:37:00,-14.0,2026-04-05 11:55:00,2026-04-05 12:25:00,B40 A,157.0,13.19,11.9,4.3,2.89,30.0
176,2026-04-05,XR5402,2026-04-05 07:46:00,2026-04-05 08:56:00,70.0,2026-04-05 09:23:00,2026-04-05 09:26:00,B5  A,88.0,11.09,7.94,5.54,1.51,3.0
177,2026-04-05,AC832,2026-04-05 10:17:00,2026-04-05 10:43:00,26.0,2026-04-05 11:00:00,2026-04-05 11:34:00,B14 A,172.0,11.25,15.28,5.64,1.18,34.0
177,2026-04-05,ET750,2026-04-05 11:13:00,2026-04-05 11:34:00,21.0,2026-04-05 12:17:00,2026-04-05 13:03:00,B17 A,464.0,12.45,37.26,4.09,2.06,46.0
177,2026-04-05,FH8116,2026-04-05 06:35:00,2026-04-05 06:00:00,-35.0,2026-04-05 06:07:00,2026-04-05 06:09:00,B15 A,22.0,10.99,2.0,5.4,1.43,2.0
177,2026-04-05,LH1004,2026-04-05 09:50:00,2026-04-05 09:53:00,3.0,2026-04-05 10:20:00,2026-04-05 10:27:00,A43 ,33.0,14.93,2.21,4.67,1.79,7.0
177,2026-04-05,SN1122,2026-04-05 08:39:00,2026-04-05 09:08:00,29.0,2026-04-05 09:20:00,2026-04-05 09:21:00,B40 A,13.0,9.67,1.34,4.52,2.75,1.0
177,2026-04-05,SN1124,2026-04-05 07:10:00,2026-04-05 07:19:00,9.0,2026-04-05 07:32:00,2026-04-05 07:48:00,B30 A,138.0,14.32,9.64,4.76,1.87,16.0
177,2026-04-05,SN206,2026-04-05 06:25:00,2026-04-05 06:48:00,23.0,2026-04-05 07:07:00,2026-04-05 07:30:00,B38 A,154.0,16.32,9.44,4.09,2.85,23.0
177,2026-04-05,SN229,2026-04-05 10:04:00,2026-04-05 10:26:00,22.0,2026-04-05 10:41:00,2026-04-05 11:10:00,B31 A,120.0,15.16,7.92,4.7,2.29,29.0
177,2026-04-05,SN278,2026-04-05 08:43:00,2026-04-05 08:27:00,-16.0,2026-04-05 08:40:00,2026-04-05 09:10:00,B37 A,123.0,11.81,10.41,5.3,2.3,30.0
177,2026-04-05,SN2900,2026-04-05 07:39:00,2026-04-05 07:25:00,-14.0,2026-04-05 07:38:00,2026-04-05 07:53:00,B38 A,55.0,12.47,4.41,5.25,2.22,15.0
177,2026-04-05,SN3326,2026-04-05 11:24:00,2026-04-05 11:41:00,17.0,2026-04-05 12:06:00,2026-04-05 12:12:00,B14 A,111.0,12.85,8.64,5.7,1.17,6.0
177,2026-04-05,SN358,2026-04-05 08:21:00,2026-04-05 08:24:00,3.0,2026-04-05 08:42:00,2026-04-05 09:09:00,B14 A,112.0,15.98,7.01,4.75,1.4,27.0
177,2026-04-05,SN379,2026-04-05 08:11:00,2026-04-05 08:40:00,29.0,2026-04-05 08:59:00,2026-04-05 09:27:00,B28 A,76.0,15.02,5.06,4.2,1.9,28.0
177,2026-04-05,SN3800,2026-04-05 06:15:00,2026-04-05 06:16:00,1.0,2026-04-05 06:28:00,2026-04-05 06:30:00,A65 ,27.0,13.15,2.05,5.02,1.66,2.0
177,2026-04-05,TB1552,2026-04-05 10:15:00,2026-04-05 10:31:00,16.0,2026-04-05 10:50:00,2026-04-05 10:59:00,A69 ,164.0,14.55,11.27,5.25,1.59,9.0
177,2026-04-05,TB2632,2026-04-05 09:29:00,2026-04-05 09:09:00,-20.0,2026-04-05 09:35:00,2026-04-05 09:44:00,B9  A,114.0,11.72,9.72,5.29,1.57,9.0
177,2026-04-05,TB2662,2026-04-05 09:15:00,2026-04-05 09:04:00,-11.0,2026-04-05 09:22:00,2026-04-05 09:30:00,B34 A,90.0,10.2,8.83,7.04,1.47,8.0
177,2026-04-05,TG934,2026-04-05 12:22:00,2026-04-05 12:26:00,4.0,2026-04-05 12:46:00,2026-04-05 13:15:00,B34 A,260.0,14.84,17.52,6.31,1.64,29.0
177,2026-04-05,UA950,2026-04-05 10:20:00,2026-04-05 09:58:00,-22.0,2026-04-05 10:24:00,2026-04-05 10:51:00,B40 A,188.0,10.38,18.11,4.09,3.03,27.0
177,2026-04-05,UA994,2026-04-05 09:51:00,2026-04-05 11:28:00,97.0,2026-04-05 11:44:00,2026-04-05 12:09:00,B40 A,135.0,14.29,9.44,5.17,2.4,25.0
177,2026-04-05,XR5402,2026-04-05 07:46:00,2026-04-05 08:56:00,70.0,2026-04-05 09:23:00,2026-04-05 09:26:00,B5  A,88.0,15.12,5.82,5.15,1.62,3.0
178,2026-04-05,AC832,2026-04-05 10:17:00,2026-04-05 10:43:00,26.0,2026-04-05 11:00:00,2026-04-05 11:34:00,B14 A,172.0,13.27,12.96,6.6,1.01,34.0
178,2026-04-05,ET750,2026-04-05 11:13:00,2026-04-05 11:34:00,21.0,2026-04-05 12:17:00,2026-04-05 13:03:00,B17 A,464.0,14.02,33.1,4.7,1.79,46.0
178,2026-04-05,FH8116,2026-04-05 06:35:00,2026-04-05 06:00:00,-35.0,2026-04-05 06:07:00,2026-04-05 06:09:00,B15 A,22.0,12.82,1.72,4.43,1.75,2.0
178,2026-04-05,LH1004,2026-04-05 12:50:00,2026-04-05 12:50:00,0.0,2026-04-05 13:03:00,2026-04-05 13:30:00,A43 ,40.0,15.6,2.56,4.55,1.83,27.0
178,2026-04-05,SN1122,2026-04-05 08:39:00,2026-04-05 09:08:00,29.0,2026-04-05 09:20:00,2026-04-05 09:21:00,B40 A,13.0,16.69,0.78,5.33,2.33,1.0
178,2026-04-05,SN1124,2026-04-05 07:10:00,2026-04-05 07:19:00,9.0,2026-04-05 07:32:00,2026-04-05 07:48:00,B30 A,138.0,13.21,10.45,5.36,1.66,16.0
178,2026-04-05,SN206,2026-04-05 06:25:00,2026-04-05 06:48:00,23.0,2026-04-05 07:07:00,2026-04-05 07:30:00,B38 A,154.0,10.9,14.13,3.71,3.14,23.0
178,2026-04-05,SN229,2026-04-05 08:06:00,2026-04-05 09:20:00,74.0,2026-04-05 09:41:00,2026-04-05 10:22:00,B14 A,144.0,11.79,12.21,4.6,1.45,41.0
178,2026-04-05,SN278,2026-04-05 12:46:00,2026-04-05 12:41:00,-5.0,2026-04-05 13:04:00,2026-04-05 13:33:00,B31 A,62.0,14.63,4.24,4.8,2.24,29.0
178,2026-04-05,SN2900,2026-04-05 08:46:00,2026-04-05 08:33:00,-13.0,2026-04-05 08:58:00,2026-04-05 09:02:00,B14 A,79.0,15.65,5.05,5.42,1.23,4.0
178,2026-04-05,SN3326,2026-04-05 11:24:00,2026-04-05 11:41:00,17.0,2026-04-05 12:06:00,2026-04-05 12:12:00,B14 A,111.0,14.58,7.61,6.65,1.0,6.0
178,2026-04-05,SN358,2026-04-05 10:21:00,2026-04-05 11:13:00,52.0,2026-04-05 11:43:00,2026-04-05 12:03:00,B38 A,126.0,15.65,8.05,4.52,2.58,20.0
178,2026-04-05,SN379,2026-04-05 08:11:00,2026-04-05 08:40:00,29.0,2026-04-05 08:59:00,2026-04-05 09:27:00,B28 A,76.0,9.82,7.74,4.72,1.69,28.0
178,2026-04-05,SN3800,2026-04-05 06:15:00,2026-04-05 06:16:00,1.0,2026-04-05 06:28:00,2026-04-05 06:30:00,A65 ,27.0,8.96,3.01,4.97,1.68,2.0
178,2026-04-05,TB1552,2026-04-05 10:15:00,2026-04-05 10:31:00,16.0,2026-04-05 10:50:00,2026-04-05 10:59:00,A69 ,164.0,14.32,11.45,5.08,1.64,9.0
178,2026-04-05,TB2632,2026-04-05 09:29:00,2026-04-05 09:09:00,-20.0,2026-04-05 09:35:00,2026-04-05 09:44:00,B9  A,114.0,14.22,8.02,5.5,1.52,9.0
178,2026-04-05,TB2662,2026-04-05 09:15:00,2026-04-05 09:04:00,-11.0,2026-04-05 09:22:00,2026-04-05 09:30:00,B34 A,90.0,11.84,7.6,5.17,2.0,8.0
178,2026-04-05,TG934,2026-04-05 09:21:00,2026-04-05 09:16:00,-5.0,2026-04-05 09:38:00,2026-04-05 09:58:00,B38 A,249.0,14.28,17.44,4.74,2.46,20.0
178,2026-04-05,UA950,2026-04-05 12:20:00,2026-04-05 11:58:00,-22.0,2026-04-05 12:14:00,2026-04-05 12:42:00,B37 A,127.0,10.67,11.9,4.34,2.81,28.0
178,2026-04-05,UA994,2026-04-05 12:51:00,2026-04-05 12:35:00,-16.0,2026-04-05 12:54:00,2026-04-05 13:24:00,B38 A,109.0,13.2,8.26,4.61,2.53,30.0
178,2026-04-05,XR5402,2026-04-05 07:46:00,2026-04-05 08:56:00,70.0,2026-04-05 09:23:00,2026-04-05 09:26:00,B5  A,88.0,11.7,7.52,4.35,1.92,3.0
179,2026-04-05,AC832,2026-04-05 12:18:00,2026-04-05 11:38:00,-40.0,2026-04-05 11:54:00,2026-04-05 12:17:00,B30 A,100.0,12.22,8.18,3.48,2.56,23.0
179,2026-04-05,ET750,2026-04-05 11:13:00,2026-04-05 11:34:00,21.0,2026-04-05 12:17:00,2026-04-05 13:03:00,B17 A,464.0,12.98,35.76,4.77,1.77,46.0
179,2026-04-05,FH8116,2026-04-05 12:44:00,2026-04-05 12:48:00,4.0,2026-04-05 13:06:00,2026-04-05 13:13:00,B38 A,140.0,10.78,12.98,5.18,2.25,7.0
179,2026-04-05,LH1004,2026-04-05 08:50:00,2026-04-05 08:53:00,3.0,2026-04-05 09:06:00,2026-04-05 09:12:00,A43 ,29.0,9.21,3.15,4.88,1.71,6.0
179,2026-04-05,SN1122,2026-04-05 08:39:00,2026-04-05 09:08:00,29.0,2026-04-05 09:20:00,2026-04-05 09:21:00,B40 A,13.0,10.92,1.19,5.44,2.28,1.0
179,2026-04-05,SN1124,2026-04-05 07:10:00,2026-04-05 07:19:00,9.0,2026-04-05 07:32:00,2026-04-05 07:48:00,B30 A,138.0,14.17,9.74,5.81,1.54,16.0
179,2026-04-05,SN206,2026-04-05 06:25:00,2026-04-05 06:48:00,23.0,2026-04-05 07:07:00,2026-04-05 07:30:00,B38 A,154.0,12.73,12.09,4.03,2.89,23.0
179,2026-04-05,SN229,2026-04-05 12:06:00,2026-04-05 12:12:00,6.0,2026-04-05 12:39:00,2026-04-05 13:03:00,B28 A,20.0,8.1,2.47,5.52,1.45,24.0
179,2026-04-05,SN278,2026-04-05 10:45:00,2026-04-05 10:42:00,-3.0,2026-04-05 11:04:00,2026-04-05 11:16:00,B28 A,198.0,13.05,15.17,4.92,1.63,12.0
179,2026-04-05,SN2900,2026-04-05 10:44:00,2026-04-05 11:04:00,20.0,2026-04-05 11:13:00,2026-04-05 11:34:00,B32 A,49.0,9.02,5.43,5.06,1.91,21.0
179,2026-04-05,SN3326,2026-04-05 11:24:00,2026-04-05 11:41:00,17.0,2026-04-05 12:06:00,2026-04-05 12:12:00,B14 A,111.0,8.2,13.54,4.04,1.65,6.0
179,2026-04-05,SN358,2026-04-05 10:21:00,2026-04-05 11:13:00,52.0,2026-04-05 11:43:00,2026-04-05 12:03:00,B38 A,126.0,9.82,12.83,5.35,2.18,20.0
179,2026-04-05,SN379,2026-04-05 10:10:00,2026-04-05 11:03:00,53.0,2026-04-05 11:42:00,2026-04-05 12:19:00,B29 A,161.0,13.43,11.99,4.29,2.29,37.0
179,2026-04-05,SN3800,2026-04-05 06:15:00,2026-04-05 06:16:00,1.0,2026-04-05 06:28:00,2026-04-05 06:30:00,A65 ,27.0,11.53,2.34,4.23,1.97,2.0
179,2026-04-05,TB1552,2026-04-05 07:47:00,2026-04-05 07:43:00,-4.0,2026-04-05 07:55:00,2026-04-05 07:59:00,A68 ,66.0,12.6,5.24,5.04,1.65,4.0
179,2026-04-05,TB2632,2026-04-05 09:29:00,2026-04-05 09:09:00,-20.0,2026-04-05 09:35:00,2026-04-05 09:44:00,B9  A,114.0,14.66,7.78,5.19,1.61,9.0
179,2026-04-05,TB2662,2026-04-05 09:15:00,2026-04-05 09:04:00,-11.0,2026-04-05 09:22:00,2026-04-05 09:30:00,B34 A,90.0,12.0,7.5,5.34,1.94,8.0
179,2026-04-05,TG934,2026-04-05 09:21:00,2026-04-05 09:16:00,-5.0,2026-04-05 09:38:00,2026-04-05 09:58:00,B38 A,249.0,14.51,17.17,5.12,2.28,20.0
179,2026-04-05,UA950,2026-04-05 08:20:00,2026-04-05 08:20:00,0.0,2026-04-05 08:36:00,2026-04-05 09:25:00,B38 A,176.0,14.18,12.41,4.43,2.63,49.0
179,2026-04-05,UA994,2026-04-05 09:51:00,2026-04-05 11:28:00,97.0,2026-04-05 11:44:00,2026-04-05 12:09:00,B40 A,135.0,12.5,10.8,4.57,2.72,25.0
179,2026-04-05,XR5402,2026-04-05 07:46:00,2026-04-05 08:56:00,70.0,2026-04-05 09:23:00,2026-04-05 09:26:00,B5  A,88.0,11.89,7.4,4.5,1.85,3.0
180,2026-04-05,AC832,2026-04-05 09:18:00,2026-04-05 08:45:00,-33.0,2026-04-05 09:06:00,2026-04-05 09:59:00,B28 A,110.0,15.49,7.1,5.6,1.43,53.0
180,2026-04-05,ET750,2026-04-05 11:13:00,2026-04-05 11:34:00,21.0,2026-04-05 12:17:00,2026-04-05 13:03:00,B17 A,464.0,14.69,31.59,4.68,1.8,46.0
180,2026-04-05,FH8116,2026-04-05 06:35:00,2026-04-05 06:00:00,-35.0,2026-04-05 06:07:00,2026-04-05 06:09:00,B15 A,22.0,10.83,2.03,6.52,1.19,2.0
180,2026-04-05,LH1004,2026-04-05 09:50:00,2026-04-05 09:53:00,3.0,2026-04-05 10:20:00,2026-04-05 10:27:00,A43 ,33.0,13.45,2.45,4.52,1.84,7.0
180,2026-04-05,SN1122,2026-04-05 08:39:00,2026-04-05 09:08:00,29.0,2026-04-05 09:20:00,2026-04-05 09:21:00,B40 A,13.0,16.03,0.81,5.05,2.46,1.0
180,2026-04-05,SN1124,2026-04-05 07:10:00,2026-04-05 07:19:00,9.0,2026-04-05 07:32:00,2026-04-05 07:48:00,B30 A,138.0,13.87,9.95,6.35,1.4,16.0
180,2026-04-05,SN206,2026-04-05 06:25:00,2026-04-05 06:48:00,23.0,2026-04-05 07:07:00,2026-04-05 07:30:00,B38 A,154.0,13.44,11.46,3.85,3.03,23.0
180,2026-04-05,SN229,2026-04-05 10:04:00,2026-04-05 10:26:00,22.0,2026-04-05 10:41:00,2026-04-05 11:10:00,B31 A,120.0,13.42,8.94,5.19,2.07,29.0
180,2026-04-05,SN278,2026-04-05 08:43:00,2026-04-05 08:27:00,-16.0,2026-04-05 08:40:00,2026-04-05 09:10:00,B37 A,123.0,12.54,9.81,4.48,2.72,30.0
180,2026-04-05,SN2900,2026-04-05 08:46:00,2026-04-05 08:33:00,-13.0,2026-04-05 08:58:00,2026-04-05 09:02:00,B14 A,79.0,11.09,7.12,5.36,1.24,4.0
180,2026-04-05,SN3326,2026-04-05 11:24:00,2026-04-05 11:41:00,17.0,2026-04-05 12:06:00,2026-04-05 12:12:00,B14 A,111.0,10.01,11.09,5.55,1.2,6.0
180,2026-04-05,SN358,2026-04-05 10:21:00,2026-04-05 11:13:00,52.0,2026-04-05 11:43:00,2026-04-05 12:03:00,B38 A,126.0,14.05,8.97,4.39,2.66,20.0
180,2026-04-05,SN379,2026-04-05 08:11:00,2026-04-05 08:40:00,29.0,2026-04-05 08:59:00,2026-04-05 09:27:00,B28 A,76.0,12.53,6.07,6.43,1.24,28.0
180,2026-04-05,SN3800,2026-04-05 06:15:00,2026-04-05 06:16:00,1.0,2026-04-05 06:28:00,2026-04-05 06:30:00,A65 ,27.0,12.32,2.19,4.56,1.83,2.0
180,2026-04-05,TB1552,2026-04-05 08:29:00,2026-04-05 08:25:00,-4.0,2026-04-05 08:46:00,2026-04-05 08:54:00,A61 ,166.0,12.77,13.0,5.31,1.57,8.0
180,2026-04-05,TB2632,2026-04-05 09:29:00,2026-04-05 09:09:00,-20.0,2026-04-05 09:35:00,2026-04-05 09:44:00,B9  A,114.0,11.1,10.27,4.94,1.69,9.0
180,2026-04-05,TB2662,2026-04-05 09:15:00,2026-04-05 09:04:00,-11.0,2026-04-05 09:22:00,2026-04-05 09:30:00,B34 A,90.0,11.16,8.07,5.03,2.05,8.0
180,2026-04-05,TG934,2026-04-05 12:22:00,2026-04-05 12:26:00,4.0,2026-04-05 12:46:00,2026-04-05 13:15:00,B34 A,260.0,15.92,16.33,4.09,2.52,29.0
180,2026-04-05,UA950,2026-04-05 10:20:00,2026-04-05 09:58:00,-22.0,2026-04-05 10:24:00,2026-04-05 10:51:00,B40 A,188.0,10.39,18.1,4.73,2.62,27.0
180,2026-04-05,UA994,2026-04-05 12:51:00,2026-04-05 12:35:00,-16.0,2026-04-05 12:54:00,2026-04-05 13:24:00,B38 A,109.0,12.9,8.45,5.39,2.16,30.0
180,2026-04-05,XR5402,2026-04-05 07:46:00,2026-04-05 08:56:00,70.0,2026-04-05 09:23:00,2026-04-05 09:26:00,B5  A,88.0,11.71,7.52,4.72,1.77,3.0
181,2026-04-05,AC832,2026-04-05 08:17:00,2026-04-05 07:46:00,-31.0,2026-04-05 08:02:00,2026-04-05 08:29:00,B30 A,122.0,13.65,8.94,3.93,2.27,27.0
181,2026-04-05,ET750,2026-04-05 11:13:00,2026-04-05 11:34:00,21.0,2026-04-05 12:17:00,2026-04-05 13:03:00,B17 A,464.0,16.18,28.68,5.01,1.68,46.0
181,2026-04-05,FH8116,2026-04-05 12:44:00,2026-04-05 12:48:00,4.0,2026-04-05 13:06:00,2026-04-05 13:13:00,B38 A,140.0,14.34,9.76,4.87,2.4,7.0
181,2026-04-05,LH1004,2026-04-05 08:50:00,2026-04-05 08:53:00,3.0,2026-04-05 09:06:00,2026-04-05 09:12:00,A43 ,29.0,14.03,2.07,5.36,1.56,6.0
181,2026-04-05,SN1122,2026-04-05 08:39:00,2026-04-05 09:08:00,29.0,2026-04-05 09:20:00,2026-04-05 09:21:00,B40 A,13.0,13.88,0.94,4.85,2.56,1.0
181,2026-04-05,SN1124,2026-04-05 07:10:00,2026-04-05 07:19:00,9.0,2026-04-05 07:32:00,2026-04-05 07:48:00,B30 A,138.0,13.21,10.44,5.64,1.58,16.0
181,2026-04-05,SN206,2026-04-05 06:25:00,2026-04-05 06:48:00,23.0,2026-04-05 07:07:00,2026-04-05 07:30:00,B38 A,154.0,13.3,11.58,5.24,2.22,23.0
181,2026-04-05,SN229,2026-04-05 12:06:00,2026-04-05 12:12:00,6.0,2026-04-05 12:39:00,2026-04-05 13:03:00,B28 A,20.0,11.37,1.76,5.73,1.4,24.0
181,2026-04-05,SN278,2026-04-05 12:46:00,2026-04-05 12:41:00,-5.0,2026-04-05 13:04:00,2026-04-05 13:33:00,B31 A,62.0,12.32,5.03,5.54,1.94,29.0
181,2026-04-05,SN2900,2026-04-05 10:44:00,2026-04-05 11:04:00,20.0,2026-04-05 11:13:00,2026-04-05 11:34:00,B32 A,49.0,11.89,4.12,4.88,1.98,21.0
181,2026-04-05,SN3326,2026-04-05 07:45:00,2026-04-05 08:05:00,20.0,2026-04-05 08:16:00,2026-04-05 08:36:00,B28 A,123.0,12.59,9.77,6.67,1.2,20.0
181,2026-04-05,SN358,2026-04-05 10:21:00,2026-04-05 11:13:00,52.0,2026-04-05 11:43:00,2026-04-05 12:03:00,B38 A,126.0,12.43,10.14,7.37,1.58,20.0
181,2026-04-05,SN379,2026-04-05 08:11:00,2026-04-05 08:40:00,29.0,2026-04-05 08:59:00,2026-04-05 09:27:00,B28 A,76.0,10.59,7.17,4.8,1.67,28.0
181,2026-04-05,SN3800,2026-04-05 06:15:00,2026-04-05 06:16:00,1.0,2026-04-05 06:28:00,2026-04-05 06:30:00,A65 ,27.0,15.08,1.79,5.28,1.58,2.0
181,2026-04-05,TB1552,2026-04-05 10:15:00,2026-04-05 10:31:00,16.0,2026-04-05 10:50:00,2026-04-05 10:59:00,A69 ,164.0,14.72,11.14,6.74,1.24,9.0
181,2026-04-05,TB2632,2026-04-05 09:29:00,2026-04-05 09:09:00,-20.0,2026-04-05 09:35:00,2026-04-05 09:44:00,B9  A,114.0,11.89,9.58,5.56,1.5,9.0
181,2026-04-05,TB2662,2026-04-05 09:15:00,2026-04-05 09:04:00,-11.0,2026-04-05 09:22:00,2026-04-05 09:30:00,B34 A,90.0,15.07,5.97,6.11,1.69,8.0
181,2026-04-05,TG934,2026-04-05 09:21:00,2026-04-05 09:16:00,-5.0,2026-04-05 09:38:00,2026-04-05 09:58:00,B38 A,249.0,13.14,18.95,5.12,2.28,20.0
181,2026-04-05,UA950,2026-04-05 09:21:00,2026-04-05 08:45:00,-36.0,2026-04-05 09:03:00,2026-04-05 09:29:00,B5  A,163.0,12.9,12.63,4.02,2.07,26.0
181,2026-04-05,UA994,2026-04-05 09:51:00,2026-04-05 11:28:00,97.0,2026-04-05 11:44:00,2026-04-05 12:09:00,B40 A,135.0,13.87,9.74,4.46,2.79,25.0
181,2026-04-05,XR5402,2026-04-05 07:46:00,2026-04-05 08:56:00,70.0,2026-04-05 09:23:00,2026-04-05 09:26:00,B5  A,88.0,13.65,6.45,4.84,1.72,3.0
182,2026-04-05,AC832,2026-04-05 10:17:00,2026-04-05 10:43:00,26.0,2026-04-05 11:00:00,2026-04-05 11:34:00,B14 A,172.0,14.44,11.92,4.53,1.47,34.0
182,2026-04-05,ET750,2026-04-05 11:13:00,2026-04-05 11:34:00,21.0,2026-04-05 12:17:00,2026-04-05 13:03:00,B17 A,464.0,11.73,39.57,4.42,1.9,46.0
182,2026-04-05,FH8116,2026-04-05 12:44:00,2026-04-05 12:48:00,4.0,2026-04-05 13:06:00,2026-04-05 13:13:00,B38 A,140.0,9.73,14.38,5.61,2.08,7.0
182,2026-04-05,LH1004,2026-04-05 09:50:00,2026-04-05 09:53:00,3.0,2026-04-05 10:20:00,2026-04-05 10:27:00,A43 ,33.0,12.58,2.62,5.73,1.46,7.0
182,2026-04-05,SN1122,2026-04-05 08:39:00,2026-04-05 09:08:00,29.0,2026-04-05 09:20:00,2026-04-05 09:21:00,B40 A,13.0,14.66,0.89,4.43,2.8,1.0
182,2026-04-05,SN1124,2026-04-05 07:10:00,2026-04-05 07:19:00,9.0,2026-04-05 07:32:00,2026-04-05 07:48:00,B30 A,138.0,12.83,10.75,4.16,2.14,16.0
182,2026-04-05,SN206,2026-04-05 06:25:00,2026-04-05 06:48:00,23.0,2026-04-05 07:07:00,2026-04-05 07:30:00,B38 A,154.0,14.05,10.96,5.21,2.24,23.0
182,2026-04-05,SN229,2026-04-05 12:06:00,2026-04-05 12:12:00,6.0,2026-04-05 12:39:00,2026-04-05 13:03:00,B28 A,20.0,11.48,1.74,5.63,1.42,24.0
182,2026-04-05,SN278,2026-04-05 08:43:00,2026-04-05 08:27:00,-16.0,2026-04-05 08:40:00,2026-04-05 09:10:00,B37 A,123.0,12.58,9.78,4.7,2.59,30.0
182,2026-04-05,SN2900,2026-04-05 10:44:00,2026-04-05 11:04:00,20.0,2026-04-05 11:13:00,2026-04-05 11:34:00,B32 A,49.0,12.01,4.08,4.44,2.18,21.0
182,2026-04-05,SN3326,2026-04-05 11:24:00,2026-04-05 11:41:00,17.0,2026-04-05 12:06:00,2026-04-05 12:12:00,B14 A,111.0,12.1,9.18,5.25,1.27,6.0
182,2026-04-05,SN358,2026-04-05 08:21:00,2026-04-05 08:24:00,3.0,2026-04-05 08:42:00,2026-04-05 09:09:00,B14 A,112.0,9.66,11.6,6.27,1.06,27.0
182,2026-04-05,SN379,2026-04-05 08:11:00,2026-04-05 08:40:00,29.0,2026-04-05 08:59:00,2026-04-05 09:27:00,B28 A,76.0,14.87,5.11,4.34,1.84,28.0
182,2026-04-05,SN3800,2026-04-05 06:15:00,2026-04-05 06:16:00,1.0,2026-04-05 06:28:00,2026-04-05 06:30:00,A65 ,27.0,12.49,2.16,6.15,1.35,2.0
182,2026-04-05,TB1552,2026-04-05 08:29:00,2026-04-05 08:25:00,-4.0,2026-04-05 08:46:00,2026-04-05 08:54:00,A61 ,166.0,9.61,17.27,5.14,1.62,8.0
182,2026-04-05,TB2632,2026-04-05 09:29:00,2026-04-05 09:09:00,-20.0,2026-04-05 09:35:00,2026-04-05 09:44:00,B9  A,114.0,10.76,10.59,5.32,1.57,9.0
182,2026-04-05,TB2662,2026-04-05 09:15:00,2026-04-05 09:04:00,-11.0,2026-04-05 09:22:00,2026-04-05 09:30:00,B34 A,90.0,10.66,8.44,4.38,2.36,8.0
182,2026-04-05,TG934,2026-04-05 12:22:00,2026-04-05 12:26:00,4.0,2026-04-05 12:46:00,2026-04-05 13:15:00,B34 A,260.0,14.81,17.55,4.9,2.11,29.0
182,2026-04-05,UA950,2026-04-05 11:22:00,2026-04-05 11:02:00,-20.0,2026-04-05 11:22:00,2026-04-05 11:45:00,B28 A,170.0,12.16,13.98,4.94,1.62,23.0
182,2026-04-05,UA994,2026-04-05 09:51:00,2026-04-05 11:28:00,97.0,2026-04-05 11:44:00,2026-04-05 12:09:00,B40 A,135.0,10.21,13.22,5.18,2.4,25.0
182,2026-04-05,XR5402,2026-04-05 07:46:00,2026-04-05 08:56:00,70.0,2026-04-05 09:23:00,2026-04-05 09:26:00,B5  A,88.0,14.7,5.98,5.21,1.6,3.0
183,2026-04-05,AC832,2026-04-05 11:16:00,2026-04-05 10:39:00,-37.0,2026-04-05 10:54:00,2026-04-05 11:24:00,B5  A,101.0,12.21,8.27,5.08,1.64,30.0
183,2026-04-05,ET750,2026-04-05 11:13:00,2026-04-05 11:34:00,21.0,2026-04-05 12:17:00,2026-04-05 13:03:00,B17 A,464.0,11.44,40.54,4.09,2.06,46.0
183,2026-04-05,FH8116,2026-04-05 06:35:00,2026-04-05 06:00:00,-35.0,2026-04-05 06:07:00,2026-04-05 06:09:00,B15 A,22.0,11.07,1.99,4.67,1.66,2.0
183,2026-04-05,LH1004,2026-04-05 09:50:00,2026-04-05 09:53:00,3.0,2026-04-05 10:20:00,2026-04-05 10:27:00,A43 ,33.0,12.17,2.71,4.76,1.75,7.0
183,2026-04-05,SN1122,2026-04-05 08:39:00,2026-04-05 09:08:00,29.0,2026-04-05 09:20:00,2026-04-05 09:21:00,B40 A,13.0,15.6,0.83,4.7,2.64,1.0
183,2026-04-05,SN1124,2026-04-05 07:10:00,2026-04-05 07:19:00,9.0,2026-04-05 07:32:00,2026-04-05 07:48:00,B30 A,138.0,14.96,9.22,7.82,1.14,16.0
183,2026-04-05,SN206,2026-04-05 06:25:00,2026-04-05 06:48:00,23.0,2026-04-05 07:07:00,2026-04-05 07:30:00,B38 A,154.0,12.78,12.05,6.1,1.91,23.0
183,2026-04-05,SN229,2026-04-05 10:04:00,2026-04-05 10:26:00,22.0,2026-04-05 10:41:00,2026-04-05 11:10:00,B31 A,120.0,11.56,10.38,4.35,2.47,29.0
183,2026-04-05,SN278,2026-04-05 12:46:00,2026-04-05 12:41:00,-5.0,2026-04-05 13:04:00,2026-04-05 13:33:00,B31 A,62.0,11.1,5.59,4.86,2.21,29.0
183,2026-04-05,SN2900,2026-04-05 07:39:00,2026-04-05 07:25:00,-14.0,2026-04-05 07:38:00,2026-04-05 07:53:00,B38 A,55.0,10.39,5.29,5.32,2.19,15.0
183,2026-04-05,SN3326,2026-04-05 11:24:00,2026-04-05 11:41:00,17.0,2026-04-05 12:06:00,2026-04-05 12:12:00,B14 A,111.0,13.31,8.34,4.21,1.59,6.0
183,2026-04-05,SN358,2026-04-05 12:21:00,2026-04-05 12:23:00,2.0,2026-04-05 12:43:00,2026-04-05 13:14:00,B28 A,176.0,13.85,12.71,4.69,1.7,31.0
183,2026-04-05,SN379,2026-04-05 08:11:00,2026-04-05 08:40:00,29.0,2026-04-05 08:59:00,2026-04-05 09:27:00,B28 A,76.0,11.88,6.4,4.53,1.77,28.0
183,2026-04-05,SN3800,2026-04-05 06:15:00,2026-04-05 06:16:00,1.0,2026-04-05 06:28:00,2026-04-05 06:30:00,A65 ,27.0,14.83,1.82,4.96,1.68,2.0
183,2026-04-05,TB1552,2026-04-05 07:47:00,2026-04-05 07:43:00,-4.0,2026-04-05 07:55:00,2026-04-05 07:59:00,A68 ,66.0,10.2,6.47,4.3,1.94,4.0
183,2026-04-05,TB2632,2026-04-05 09:29:00,2026-04-05 09:09:00,-20.0,2026-04-05 09:35:00,2026-04-05 09:44:00,B9  A,114.0,9.91,11.51,5.53,1.51,9.0
183,2026-04-05,TB2662,2026-04-05 09:15:00,2026-04-05 09:04:00,-11.0,2026-04-05 09:22:00,2026-04-05 09:30:00,B34 A,90.0,13.35,6.74,4.06,2.54,8.0
183,2026-04-05,TG934,2026-04-05 12:22:00,2026-04-05 12:26:00,4.0,2026-04-05 12:46:00,2026-04-05 13:15:00,B34 A,260.0,15.9,16.35,5.75,1.8,29.0
183,2026-04-05,UA950,2026-04-05 12:20:00,2026-04-05 11:58:00,-22.0,2026-04-05 12:14:00,2026-04-05 12:42:00,B37 A,127.0,14.52,8.75,4.12,2.95,28.0
183,2026-04-05,UA994,2026-04-05 10:51:00,2026-04-05 10:01:00,-50.0,2026-04-05 10:18:00,2026-04-05 10:42:00,B38 A,177.0,12.9,13.72,6.4,1.82,24.0
183,2026-04-05,XR5402,2026-04-05 07:46:00,2026-04-05 08:56:00,70.0,2026-04-05 09:23:00,2026-04-05 09:26:00,B5  A,88.0,10.29,8.56,4.88,1.71,3.0
184,2026-04-05,AC832,2026-04-05 12:18:00,2026-04-05 11:38:00,-40.0,2026-04-05 11:54:00,2026-04-05 12:17:00,B30 A,100.0,9.94,10.06,4.39,2.03,23.0
184,2026-04-05,ET750,2026-04-05 11:13:00,2026-04-05 11:34:00,21.0,2026-04-05 12:17:00,2026-04-05 13:03:00,B17 A,464.0,12.17,38.12,6.48,1.3,46.0
184,2026-04-05,FH8116,2026-04-05 06:35:00,2026-04-05 06:00:00,-35.0,2026-04-05 06:07:00,2026-04-05 06:09:00,B15 A,22.0,9.09,2.42,5.52,1.4,2.0
184,2026-04-05,LH1004,2026-04-05 08:50:00,2026-04-05 08:53:00,3.0,2026-04-05 09:06:00,2026-04-05 09:12:00,A43 ,29.0,11.48,2.53,5.71,1.46,6.0
184,2026-04-05,SN1122,2026-04-05 08:39:00,2026-04-05 09:08:00,29.0,2026-04-05 09:20:00,2026-04-05 09:21:00,B40 A,13.0,14.5,0.9,5.1,2.44,1.0
184,2026-04-05,SN1124,2026-04-05 07:10:00,2026-04-05 07:19:00,9.0,2026-04-05 07:32:00,2026-04-05 07:48:00,B30 A,138.0,14.31,9.64,4.21,2.12,16.0
184,2026-04-05,SN206,2026-04-05 06:25:00,2026-04-05 06:48:00,23.0,2026-04-05 07:07:00,2026-04-05 07:30:00,B38 A,154.0,9.56,16.11,4.41,2.64,23.0
184,2026-04-05,SN229,2026-04-05 10:04:00,2026-04-05 10:26:00,22.0,2026-04-05 10:41:00,2026-04-05 11:10:00,B31 A,120.0,13.59,8.83,3.8,2.83,29.0
184,2026-04-05,SN278,2026-04-05 08:43:00,2026-04-05 08:27:00,-16.0,2026-04-05 08:40:00,2026-04-05 09:10:00,B37 A,123.0,14.23,8.64,5.43,2.24,30.0
184,2026-04-05,SN2900,2026-04-05 07:39:00,2026-04-05 07:25:00,-14.0,2026-04-05 07:38:00,2026-04-05 07:53:00,B38 A,55.0,11.34,4.85,4.89,2.39,15.0
184,2026-04-05,SN3326,2026-04-05 11:24:00,2026-04-05 11:41:00,17.0,2026-04-05 12:06:00,2026-04-05 12:12:00,B14 A,111.0,11.44,9.7,5.3,1.26,6.0
184,2026-04-05,SN358,2026-04-05 12:21:00,2026-04-05 12:23:00,2.0,2026-04-05 12:43:00,2026-04-05 13:14:00,B28 A,176.0,11.14,15.81,5.18,1.54,31.0
184,2026-04-05,SN379,2026-04-05 08:11:00,2026-04-05 08:40:00,29.0,2026-04-05 08:59:00,2026-04-05 09:27:00,B28 A,76.0,11.29,6.73,4.37,1.83,28.0
184,2026-04-05,SN3800,2026-04-05 06:15:00,2026-04-05 06:16:00,1.0,2026-04-05 06:28:00,2026-04-05 06:30:00,A65 ,27.0,11.27,2.4,5.06,1.65,2.0
184,2026-04-05,TB1552,2026-04-05 07:15:00,2026-04-05 07:08:00,-7.0,2026-04-05 07:38:00,2026-04-05 07:45:00,A61 ,152.0,14.46,10.51,4.49,1.86,7.0
184,2026-04-05,TB2632,2026-04-05 09:29:00,2026-04-05 09:09:00,-20.0,2026-04-05 09:35:00,2026-04-05 09:44:00,B9  A,114.0,14.79,7.71,5.17,1.61,9.0
184,2026-04-05,TB2662,2026-04-05 09:15:00,2026-04-05 09:04:00,-11.0,2026-04-05 09:22:00,2026-04-05 09:30:00,B34 A,90.0,9.44,9.54,5.04,2.05,8.0
184,2026-04-05,TG934,2026-04-05 09:21:00,2026-04-05 09:16:00,-5.0,2026-04-05 09:38:00,2026-04-05 09:58:00,B38 A,249.0,14.1,17.66,4.85,2.4,20.0
184,2026-04-05,UA950,2026-04-05 09:21:00,2026-04-05 08:45:00,-36.0,2026-04-05 09:03:00,2026-04-05 09:29:00,B5  A,163.0,11.62,14.03,4.99,1.67,26.0
184,2026-04-05,UA994,2026-04-05 12:51:00,2026-04-05 12:35:00,-16.0,2026-04-05 12:54:00,2026-04-05 13:24:00,B38 A,109.0,13.62,8.0,5.21,2.24,30.0
184,2026-04-05,XR5402,2026-04-05 07:46:00,2026-04-05 08:56:00,70.0,2026-04-05 09:23:00,2026-04-05 09:26:00,B5  A,88.0,11.98,7.35,4.31,1.93,3.0
185,2026-04-05,AC832,2026-04-05 09:18:00,2026-04-05 08:45:00,-33.0,2026-04-05 09:06:00,2026-04-05 09:59:00,B28 A,110.0,12.24,8.99,4.87,1.64,53.0
185,2026-04-05,ET750,2026-04-05 11:13:00,2026-04-05 11:34:00,21.0,2026-04-05 12:17:00,2026-04-05 13:03:00,B17 A,464.0,14.38,32.26,3.85,2.19,46.0
185,2026-04-05,FH8116,2026-04-05 12:44:00,2026-04-05 12:48:00,4.0,2026-04-05 13:06:00,2026-04-05 13:13:00,B38 A,140.0,14.42,9.71,5.44,2.15,7.0
185,2026-04-05,LH1004,2026-04-05 09:50:00,2026-04-05 09:53:00,3.0,2026-04-05 10:20:00,2026-04-05 10:27:00,A43 ,33.0,15.13,2.18,4.56,1.83,7.0
185,2026-04-05,SN1122,2026-04-05 08:39:00,2026-04-05 09:08:00,29.0,2026-04-05 09:20:00,2026-04-05 09:21:00,B40 A,13.0,13.8,0.94,5.23,2.37,1.0
185,2026-04-05,SN1124,2026-04-05 07:10:00,2026-04-05 07:19:00,9.0,2026-04-05 07:32:00,2026-04-05 07:48:00,B30 A,138.0,13.66,10.11,4.74,1.88,16.0
185,2026-04-05,SN206,2026-04-05 06:25:00,2026-04-05 06:48:00,23.0,2026-04-05 07:07:00,2026-04-05 07:30:00,B38 A,154.0,15.88,9.7,6.21,1.88,23.0
185,2026-04-05,SN229,2026-04-05 08:06:00,2026-04-05 09:20:00,74.0,2026-04-05 09:41:00,2026-04-05 10:22:00,B14 A,144.0,13.64,10.56,4.71,1.42,41.0
185,2026-04-05,SN278,2026-04-05 12:46:00,2026-04-05 12:41:00,-5.0,2026-04-05 13:04:00,2026-04-05 13:33:00,B31 A,62.0,12.11,5.12,4.63,2.32,29.0
185,2026-04-05,SN2900,2026-04-05 10:44:00,2026-04-05 11:04:00,20.0,2026-04-05 11:13:00,2026-04-05 11:34:00,B32 A,49.0,14.93,3.28,5.66,1.71,21.0
185,2026-04-05,SN3326,2026-04-05 11:24:00,2026-04-05 11:41:00,17.0,2026-04-05 12:06:00,2026-04-05 12:12:00,B14 A,111.0,11.57,9.59,4.33,1.54,6.0
185,2026-04-05,SN358,2026-04-05 12:21:00,2026-04-05 12:23:00,2.0,2026-04-05 12:43:00,2026-04-05 13:14:00,B28 A,176.0,15.39,11.44,3.55,2.25,31.0
185,2026-04-05,SN379,2026-04-05 10:10:00,2026-04-05 11:03:00,53.0,2026-04-05 11:42:00,2026-04-05 12:19:00,B29 A,161.0,11.14,14.45,6.7,1.47,37.0
185,2026-04-05,SN3800,2026-04-05 06:15:00,2026-04-05 06:16:00,1.0,2026-04-05 06:28:00,2026-04-05 06:30:00,A65 ,27.0,11.98,2.25,5.59,1.49,2.0
185,2026-04-05,TB1552,2026-04-05 07:47:00,2026-04-05 07:43:00,-4.0,2026-04-05 07:55:00,2026-04-05 07:59:00,A68 ,66.0,12.29,5.37,5.44,1.53,4.0
185,2026-04-05,TB2632,2026-04-05 09:29:00,2026-04-05 09:09:00,-20.0,2026-04-05 09:35:00,2026-04-05 09:44:00,B9  A,114.0,10.03,11.36,5.31,1.57,9.0
185,2026-04-05,TB2662,2026-04-05 09:15:00,2026-04-05 09:04:00,-11.0,2026-04-05 09:22:00,2026-04-05 09:30:00,B34 A,90.0,9.82,9.17,6.02,1.72,8.0
185,2026-04-05,TG934,2026-04-05 09:21:00,2026-04-05 09:16:00,-5.0,2026-04-05 09:38:00,2026-04-05 09:58:00,B38 A,249.0,14.51,17.16,4.47,2.61,20.0
185,2026-04-05,UA950,2026-04-05 12:20:00,2026-04-05 11:58:00,-22.0,2026-04-05 12:14:00,2026-04-05 12:42:00,B37 A,127.0,14.54,8.73,4.31,2.83,28.0
185,2026-04-05,UA994,2026-04-05 11:51:00,2026-04-05 11:37:00,-14.0,2026-04-05 11:55:00,2026-04-05 12:25:00,B40 A,157.0,14.97,10.49,4.34,2.86,30.0
185,2026-04-05,XR5402,2026-04-05 07:46:00,2026-04-05 08:56:00,70.0,2026-04-05 09:23:00,2026-04-05 09:26:00,B5  A,88.0,13.46,6.54,5.3,1.57,3.0
186,2026-04-05,AC832,2026-04-05 10:17:00,2026-04-05 10:43:00,26.0,2026-04-05 11:00:00,2026-04-05 11:34:00,B14 A,172.0,13.52,12.72,3.92,1.7,34.0
186,2026-04-05,ET750,2026-04-05 11:13:00,2026-04-05 11:34:00,21.0,2026-04-05 12:17:00,2026-04-05 13:03:00,B17 A,464.0,12.58,36.89,5.27,1.6,46.0
186,2026-04-05,FH8116,2026-04-05 12:44:00,2026-04-05 12:48:00,4.0,2026-04-05 13:06:00,2026-04-05 13:13:00,B38 A,140.0,13.62,10.28,4.63,2.52,7.0
186,2026-04-05,LH1004,2026-04-05 11:51:00,2026-04-05 11:47:00,-4.0,2026-04-05 12:07:00,2026-04-05 12:12:00,A43 ,23.0,9.72,2.37,5.84,1.43,5.0
186,2026-04-05,SN1122,2026-04-05 08:39:00,2026-04-05 09:08:00,29.0,2026-04-05 09:20:00,2026-04-05 09:21:00,B40 A,13.0,10.0,1.3,5.97,2.08,1.0
186,2026-04-05,SN1124,2026-04-05 07:10:00,2026-04-05 07:19:00,9.0,2026-04-05 07:32:00,2026-04-05 07:48:00,B30 A,138.0,13.24,10.42,5.15,1.73,16.0
186,2026-04-05,SN206,2026-04-05 06:25:00,2026-04-05 06:48:00,23.0,2026-04-05 07:07:00,2026-04-05 07:30:00,B38 A,154.0,14.15,10.89,4.29,2.72,23.0
186,2026-04-05,SN229,2026-04-05 08:06:00,2026-04-05 09:20:00,74.0,2026-04-05 09:41:00,2026-04-05 10:22:00,B14 A,144.0,11.15,12.92,6.32,1.06,41.0
186,2026-04-05,SN278,2026-04-05 08:43:00,2026-04-05 08:27:00,-16.0,2026-04-05 08:40:00,2026-04-05 09:10:00,B37 A,123.0,12.76,9.64,5.72,2.13,30.0
186,2026-04-05,SN2900,2026-04-05 07:39:00,2026-04-05 07:25:00,-14.0,2026-04-05 07:38:00,2026-04-05 07:53:00,B38 A,55.0,13.97,3.94,3.94,2.96,15.0
186,2026-04-05,SN3326,2026-04-05 11:24:00,2026-04-05 11:41:00,17.0,2026-04-05 12:06:00,2026-04-05 12:12:00,B14 A,111.0,10.48,10.59,4.74,1.41,6.0
186,2026-04-05,SN358,2026-04-05 10:21:00,2026-04-05 11:13:00,52.0,2026-04-05 11:43:00,2026-04-05 12:03:00,B38 A,126.0,13.22,9.53,4.63,2.52,20.0
186,2026-04-05,SN379,2026-04-05 08:11:00,2026-04-05 08:40:00,29.0,2026-04-05 08:59:00,2026-04-05 09:27:00,B28 A,76.0,15.94,4.77,4.65,1.72,28.0
186,2026-04-05,SN3800,2026-04-05 06:15:00,2026-04-05 06:16:00,1.0,2026-04-05 06:28:00,2026-04-05 06:30:00,A65 ,27.0,14.62,1.85,5.19,1.61,2.0
186,2026-04-05,TB1552,2026-04-05 08:29:00,2026-04-05 08:25:00,-4.0,2026-04-05 08:46:00,2026-04-05 08:54:00,A61 ,166.0,13.61,12.2,6.68,1.25,8.0
186,2026-04-05,TB2632,2026-04-05 09:29:00,2026-04-05 09:09:00,-20.0,2026-04-05 09:35:00,2026-04-05 09:44:00,B9  A,114.0,14.79,7.71,5.21,1.6,9.0
186,2026-04-05,TB2662,2026-04-05 09:15:00,2026-04-05 09:04:00,-11.0,2026-04-05 09:22:00,2026-04-05 09:30:00,B34 A,90.0,11.39,7.9,4.79,2.16,8.0
186,2026-04-05,TG934,2026-04-05 09:21:00,2026-04-05 09:16:00,-5.0,2026-04-05 09:38:00,2026-04-05 09:58:00,B38 A,249.0,14.45,17.24,5.15,2.26,20.0
186,2026-04-05,UA950,2026-04-05 10:20:00,2026-04-05 09:58:00,-22.0,2026-04-05 10:24:00,2026-04-05 10:51:00,B40 A,188.0,11.94,15.75,4.42,2.81,27.0
186,2026-04-05,UA994,2026-04-05 08:51:00,2026-04-05 08:32:00,-19.0,2026-04-05 08:52:00,2026-04-05 09:25:00,B40 A,171.0,14.86,11.51,6.02,2.06,33.0
186,2026-04-05,XR5402,2026-04-05 07:46:00,2026-04-05 08:56:00,70.0,2026-04-05 09:23:00,2026-04-05 09:26:00,B5  A,88.0,12.24,7.19,4.9,1.7,3.0
187,2026-04-05,AC832,2026-04-05 09:18:00,2026-04-05 08:45:00,-33.0,2026-04-05 09:06:00,2026-04-05 09:59:00,B28 A,110.0,10.89,10.1,4.73,1.69,53.0
187,2026-04-05,ET750,2026-04-05 11:13:00,2026-04-05 11:34:00,21.0,2026-04-05 12:17:00,2026-04-05 13:03:00,B17 A,464.0,15.26,30.41,4.58,1.84,46.0
187,2026-04-05,FH8116,2026-04-05 06:35:00,2026-04-05 06:00:00,-35.0,2026-04-05 06:07:00,2026-04-05 06:09:00,B15 A,22.0,11.26,1.95,6.11,1.26,2.0
187,2026-04-05,LH1004,2026-04-05 09:50:00,2026-04-05 09:53:00,3.0,2026-04-05 10:20:00,2026-04-05 10:27:00,A43 ,33.0,9.84,3.35,4.24,1.96,7.0
187,2026-04-05,SN1122,2026-04-05 08:39:00,2026-04-05 09:08:00,29.0,2026-04-05 09:20:00,2026-04-05 09:21:00,B40 A,13.0,12.96,1.0,4.39,2.83,1.0
187,2026-04-05,SN1124,2026-04-05 07:10:00,2026-04-05 07:19:00,9.0,2026-04-05 07:32:00,2026-04-05 07:48:00,B30 A,138.0,14.07,9.81,4.7,1.9,16.0
187,2026-04-05,SN206,2026-04-05 06:25:00,2026-04-05 06:48:00,23.0,2026-04-05 07:07:00,2026-04-05 07:30:00,B38 A,154.0,10.39,14.83,3.96,2.94,23.0
187,2026-04-05,SN229,2026-04-05 08:06:00,2026-04-05 09:20:00,74.0,2026-04-05 09:41:00,2026-04-05 10:22:00,B14 A,144.0,11.07,13.0,6.03,1.11,41.0
187,2026-04-05,SN278,2026-04-05 08:43:00,2026-04-05 08:27:00,-16.0,2026-04-05 08:40:00,2026-04-05 09:10:00,B37 A,123.0,12.18,10.09,5.04,2.41,30.0
187,2026-04-05,SN2900,2026-04-05 10:44:00,2026-04-05 11:04:00,20.0,2026-04-05 11:13:00,2026-04-05 11:34:00,B32 A,49.0,16.52,2.97,3.9,2.48,21.0
187,2026-04-05,SN3326,2026-04-05 11:24:00,2026-04-05 11:41:00,17.0,2026-04-05 12:06:00,2026-04-05 12:12:00,B14 A,111.0,12.63,8.79,6.47,1.03,6.0
187,2026-04-05,SN358,2026-04-05 12:21:00,2026-04-05 12:23:00,2.0,2026-04-05 12:43:00,2026-04-05 13:14:00,B28 A,176.0,9.59,18.35,5.12,1.56,31.0
187,2026-04-05,SN379,2026-04-05 08:11:00,2026-04-05 08:40:00,29.0,2026-04-05 08:59:00,2026-04-05 09:27:00,B28 A,76.0,10.8,7.04,4.5,1.78,28.0
187,2026-04-05,SN3800,2026-04-05 06:15:00,2026-04-05 06:16:00,1.0,2026-04-05 06:28:00,2026-04-05 06:30:00,A65 ,27.0,10.89,2.48,4.94,1.69,2.0
187,2026-04-05,TB1552,2026-04-05 07:15:00,2026-04-05 07:08:00,-7.0,2026-04-05 07:38:00,2026-04-05 07:45:00,A61 ,152.0,10.99,13.83,4.89,1.71,7.0
187,2026-04-05,TB2632,2026-04-05 09:29:00,2026-04-05 09:09:00,-20.0,2026-04-05 09:35:00,2026-04-05 09:44:00,B9  A,114.0,9.05,12.59,4.75,1.75,9.0
187,2026-04-05,TB2662,2026-04-05 09:15:00,2026-04-05 09:04:00,-11.0,2026-04-05 09:22:00,2026-04-05 09:30:00,B34 A,90.0,11.91,7.55,5.47,1.89,8.0
187,2026-04-05,TG934,2026-04-05 09:21:00,2026-04-05 09:16:00,-5.0,2026-04-05 09:38:00,2026-04-05 09:58:00,B38 A,249.0,14.02,17.76,5.45,2.14,20.0
187,2026-04-05,UA950,2026-04-05 09:21:00,2026-04-05 08:45:00,-36.0,2026-04-05 09:03:00,2026-04-05 09:29:00,B5  A,163.0,15.72,10.37,5.93,1.41,26.0
187,2026-04-05,UA994,2026-04-05 12:51:00,2026-04-05 12:35:00,-16.0,2026-04-05 12:54:00,2026-04-05 13:24:00,B38 A,109.0,11.79,9.25,4.42,2.64,30.0
187,2026-04-05,XR5402,2026-04-05 07:46:00,2026-04-05 08:56:00,70.0,2026-04-05 09:23:00,2026-04-05 09:26:00,B5  A,88.0,12.14,7.25,6.33,1.32,3.0
188,2026-04-05,AC832,2026-04-05 09:18:00,2026-04-05 08:45:00,-33.0,2026-04-05 09:06:00,2026-04-05 09:59:00,B28 A,110.0,13.17,8.36,4.36,1.84,53.0
188,2026-04-05,ET750,2026-04-05 11:13:00,2026-04-05 11:34:00,21.0,2026-04-05 12:17:00,2026-04-05 13:03:00,B17 A,464.0,14.5,32.01,4.95,1.7,46.0
188,2026-04-05,FH8116,2026-04-05 12:44:00,2026-04-05 12:48:00,4.0,2026-04-05 13:06:00,2026-04-05 13:13:00,B38 A,140.0,13.76,10.18,4.09,2.85,7.0
188,2026-04-05,LH1004,2026-04-05 11:51:00,2026-04-05 11:47:00,-4.0,2026-04-05 12:07:00,2026-04-05 12:12:00,A43 ,23.0,10.46,2.2,4.06,2.05,5.0
188,2026-04-05,SN1122,2026-04-05 08:39:00,2026-04-05 09:08:00,29.0,2026-04-05 09:20:00,2026-04-05 09:21:00,B40 A,13.0,10.81,1.2,4.47,2.78,1.0
188,2026-04-05,SN1124,2026-04-05 07:10:00,2026-04-05 07:19:00,9.0,2026-04-05 07:32:00,2026-04-05 07:48:00,B30 A,138.0,16.27,8.48,4.69,1.9,16.0
188,2026-04-05,SN206,2026-04-05 06:25:00,2026-04-05 06:48:00,23.0,2026-04-05 07:07:00,2026-04-05 07:30:00,B38 A,154.0,10.72,14.36,5.84,2.0,23.0
188,2026-04-05,SN229,2026-04-05 10:04:00,2026-04-05 10:26:00,22.0,2026-04-05 10:41:00,2026-04-05 11:10:00,B31 A,120.0,12.6,9.52,4.56,2.36,29.0
188,2026-04-05,SN278,2026-04-05 12:46:00,2026-04-05 12:41:00,-5.0,2026-04-05 13:04:00,2026-04-05 13:33:00,B31 A,62.0,14.42,4.3,5.3,2.03,29.0
188,2026-04-05,SN2900,2026-04-05 07:39:00,2026-04-05 07:25:00,-14.0,2026-04-05 07:38:00,2026-04-05 07:53:00,B38 A,55.0,12.92,4.26,5.38,2.17,15.0
188,2026-04-05,SN3326,2026-04-05 11:24:00,2026-04-05 11:41:00,17.0,2026-04-05 12:06:00,2026-04-05 12:12:00,B14 A,111.0,11.35,9.78,5.55,1.2,6.0
188,2026-04-05,SN358,2026-04-05 12:21:00,2026-04-05 12:23:00,2.0,2026-04-05 12:43:00,2026-04-05 13:14:00,B28 A,176.0,12.11,14.54,4.28,1.87,31.0
188,2026-04-05,SN379,2026-04-05 10:10:00,2026-04-05 11:03:00,53.0,2026-04-05 11:42:00,2026-04-05 12:19:00,B29 A,161.0,14.22,11.32,4.35,2.26,37.0
188,2026-04-05,SN3800,2026-04-05 06:15:00,2026-04-05 06:16:00,1.0,2026-04-05 06:28:00,2026-04-05 06:30:00,A65 ,27.0,12.08,2.24,5.28,1.58,2.0
188,2026-04-05,TB1552,2026-04-05 07:15:00,2026-04-05 07:08:00,-7.0,2026-04-05 07:38:00,2026-04-05 07:45:00,A61 ,152.0,13.06,11.64,4.47,1.86,7.0
188,2026-04-05,TB2632,2026-04-05 09:29:00,2026-04-05 09:09:00,-20.0,2026-04-05 09:35:00,2026-04-05 09:44:00,B9  A,114.0,16.27,7.01,3.54,2.35,9.0
188,2026-04-05,TB2662,2026-04-05 09:15:00,2026-04-05 09:04:00,-11.0,2026-04-05 09:22:00,2026-04-05 09:30:00,B34 A,90.0,11.28,7.98,4.06,2.54,8.0
188,2026-04-05,TG934,2026-04-05 12:22:00,2026-04-05 12:26:00,4.0,2026-04-05 12:46:00,2026-04-05 13:15:00,B34 A,260.0,15.87,16.39,4.62,2.23,29.0
188,2026-04-05,UA950,2026-04-05 08:20:00,2026-04-05 08:20:00,0.0,2026-04-05 08:36:00,2026-04-05 09:25:00,B38 A,176.0,16.29,10.81,6.36,1.83,49.0
188,2026-04-05,UA994,2026-04-05 08:51:00,2026-04-05 08:32:00,-19.0,2026-04-05 08:52:00,2026-04-05 09:25:00,B40 A,171.0,11.86,14.42,5.6,2.22,33.0
188,2026-04-05,XR5402,2026-04-05 07:46:00,2026-04-05 08:56:00,70.0,2026-04-05 09:23:00,2026-04-05 09:26:00,B5  A,88.0,10.25,8.59,5.9,1.41,3.0
189,2026-04-05,AC832,2026-04-05 09:18:00,2026-04-05 08:45:00,-33.0,2026-04-05 09:06:00,2026-04-05 09:59:00,B28 A,110.0,12.36,8.9,5.96,1.34,53.0
189,2026-04-05,ET750,2026-04-05 11:13:00,2026-04-05 11:34:00,21.0,2026-04-05 12:17:00,2026-04-05 13:03:00,B17 A,464.0,15.02,30.89,5.67,1.48,46.0
189,2026-04-05,FH8116,2026-04-05 06:35:00,2026-04-05 06:00:00,-35.0,2026-04-05 06:07:00,2026-04-05 06:09:00,B15 A,22.0,16.04,1.37,5.05,1.53,2.0
189,2026-04-05,LH1004,2026-04-05 12:50:00,2026-04-05 12:50:00,0.0,2026-04-05 13:03:00,2026-04-05 13:30:00,A43 ,40.0,15.03,2.66,6.32,1.32,27.0
189,2026-04-05,SN1122,2026-04-05 08:39:00,2026-04-05 09:08:00,29.0,2026-04-05 09:20:00,2026-04-05 09:21:00,B40 A,13.0,14.01,0.93,5.71,2.18,1.0
189,2026-04-05,SN1124,2026-04-05 07:10:00,2026-04-05 07:19:00,9.0,2026-04-05 07:32:00,2026-04-05 07:48:00,B30 A,138.0,15.18,9.09,5.38,1.66,16.0
189,2026-04-05,SN206,2026-04-05 06:25:00,2026-04-05 06:48:00,23.0,2026-04-05 07:07:00,2026-04-05 07:30:00,B38 A,154.0,12.13,12.7,4.13,2.82,23.0
189,2026-04-05,SN229,2026-04-05 08:06:00,2026-04-05 09:20:00,74.0,2026-04-05 09:41:00,2026-04-05 10:22:00,B14 A,144.0,9.91,14.54,4.04,1.65,41.0
189,2026-04-05,SN278,2026-04-05 08:43:00,2026-04-05 08:27:00,-16.0,2026-04-05 08:40:00,2026-04-05 09:10:00,B37 A,123.0,12.74,9.66,5.82,2.09,30.0
189,2026-04-05,SN2900,2026-04-05 10:44:00,2026-04-05 11:04:00,20.0,2026-04-05 11:13:00,2026-04-05 11:34:00,B32 A,49.0,9.48,5.17,4.17,2.32,21.0
189,2026-04-05,SN3326,2026-04-05 11:24:00,2026-04-05 11:41:00,17.0,2026-04-05 12:06:00,2026-04-05 12:12:00,B14 A,111.0,11.16,9.95,4.64,1.44,6.0
189,2026-04-05,SN358,2026-04-05 10:21:00,2026-04-05 11:13:00,52.0,2026-04-05 11:43:00,2026-04-05 12:03:00,B38 A,126.0,12.84,9.81,5.61,2.08,20.0
189,2026-04-05,SN379,2026-04-05 08:11:00,2026-04-05 08:40:00,29.0,2026-04-05 08:59:00,2026-04-05 09:27:00,B28 A,76.0,11.78,6.45,5.47,1.46,28.0
189,2026-04-05,SN3800,2026-04-05 06:15:00,2026-04-05 06:16:00,1.0,2026-04-05 06:28:00,2026-04-05 06:30:00,A65 ,27.0,11.24,2.4,4.64,1.8,2.0
189,2026-04-05,TB1552,2026-04-05 08:29:00,2026-04-05 08:25:00,-4.0,2026-04-05 08:46:00,2026-04-05 08:54:00,A61 ,166.0,14.65,11.33,5.31,1.57,8.0
189,2026-04-05,TB2632,2026-04-05 09:29:00,2026-04-05 09:09:00,-20.0,2026-04-05 09:35:00,2026-04-05 09:44:00,B9  A,114.0,13.32,8.56,4.93,1.69,9.0
189,2026-04-05,TB2662,2026-04-05 09:15:00,2026-04-05 09:04:00,-11.0,2026-04-05 09:22:00,2026-04-05 09:30:00,B34 A,90.0,10.67,8.44,4.07,2.54,8.0
189,2026-04-05,TG934,2026-04-05 12:22:00,2026-04-05 12:26:00,4.0,2026-04-05 12:46:00,2026-04-05 13:15:00,B34 A,260.0,16.93,15.36,4.46,2.31,29.0
189,2026-04-05,UA950,2026-04-05 08:20:00,2026-04-05 08:20:00,0.0,2026-04-05 08:36:00,2026-04-05 09:25:00,B38 A,176.0,13.25,13.28,6.63,1.76,49.0
189,2026-04-05,UA994,2026-04-05 09:51:00,2026-04-05 11:28:00,97.0,2026-04-05 11:44:00,2026-04-05 12:09:00,B40 A,135.0,11.43,11.81,4.8,2.59,25.0
189,2026-04-05,XR5402,2026-04-05 07:46:00,2026-04-05 08:56:00,70.0,2026-04-05 09:23:00,2026-04-05 09:26:00,B5  A,88.0,12.19,7.22,3.76,2.22,3.0
190,2026-04-05,AC832,2026-04-05 12:18:00,2026-04-05 11:38:00,-40.0,2026-04-05 11:54:00,2026-04-05 12:17:00,B30 A,100.0,12.28,8.14,4.58,1.95,23.0
190,2026-04-05,ET750,2026-04-05 11:13:00,2026-04-05 11:34:00,21.0,2026-04-05 12:17:00,2026-04-05 13:03:00,B17 A,464.0,11.48,40.41,4.31,1.95,46.0
190,2026-04-05,FH8116,2026-04-05 12:44:00,2026-04-05 12:48:00,4.0,2026-04-05 13:06:00,2026-04-05 13:13:00,B38 A,140.0,13.56,10.32,4.06,2.88,7.0
190,2026-04-05,LH1004,2026-04-05 11:51:00,2026-04-05 11:47:00,-4.0,2026-04-05 12:07:00,2026-04-05 12:12:00,A43 ,23.0,12.53,1.84,4.58,1.82,5.0
190,2026-04-05,SN1122,2026-04-05 08:39:00,2026-04-05 09:08:00,29.0,2026-04-05 09:20:00,2026-04-05 09:21:00,B40 A,13.0,8.6,1.51,5.68,2.19,1.0
190,2026-04-05,SN1124,2026-04-05 07:10:00,2026-04-05 07:19:00,9.0,2026-04-05 07:32:00,2026-04-05 07:48:00,B30 A,138.0,15.14,9.11,4.27,2.09,16.0
190,2026-04-05,SN206,2026-04-05 06:25:00,2026-04-05 06:48:00,23.0,2026-04-05 07:07:00,2026-04-05 07:30:00,B38 A,154.0,11.14,13.82,3.92,2.98,23.0
190,2026-04-05,SN229,2026-04-05 10:04:00,2026-04-05 10:26:00,22.0,2026-04-05 10:41:00,2026-04-05 11:10:00,B31 A,120.0,15.91,7.54,5.08,2.12,29.0
190,2026-04-05,SN278,2026-04-05 10:45:00,2026-04-05 10:42:00,-3.0,2026-04-05 11:04:00,2026-04-05 11:16:00,B28 A,198.0,12.77,15.5,4.3,1.86,12.0
190,2026-04-05,SN2900,2026-04-05 08:46:00,2026-04-05 08:33:00,-13.0,2026-04-05 08:58:00,2026-04-05 09:02:00,B14 A,79.0,11.64,6.78,4.59,1.45,4.0
190,2026-04-05,SN3326,2026-04-05 11:24:00,2026-04-05 11:41:00,17.0,2026-04-05 12:06:00,2026-04-05 12:12:00,B14 A,111.0,11.59,9.58,3.98,1.68,6.0
190,2026-04-05,SN358,2026-04-05 10:21:00,2026-04-05 11:13:00,52.0,2026-04-05 11:43:00,2026-04-05 12:03:00,B38 A,126.0,10.96,11.49,4.75,2.46,20.0
190,2026-04-05,SN379,2026-04-05 08:11:00,2026-04-05 08:40:00,29.0,2026-04-05 08:59:00,2026-04-05 09:27:00,B28 A,76.0,12.07,6.3,5.33,1.5,28.0
190,2026-04-05,SN3800,2026-04-05 06:15:00,2026-04-05 06:16:00,1.0,2026-04-05 06:28:00,2026-04-05 06:30:00,A65 ,27.0,14.53,1.86,5.35,1.56,2.0
190,2026-04-05,TB1552,2026-04-05 08:29:00,2026-04-05 08:25:00,-4.0,2026-04-05 08:46:00,2026-04-05 08:54:00,A61 ,166.0,13.57,12.23,3.95,2.11,8.0
190,2026-04-05,TB2632,2026-04-05 09:29:00,2026-04-05 09:09:00,-20.0,2026-04-05 09:35:00,2026-04-05 09:44:00,B9  A,114.0,13.68,8.33,3.99,2.09,9.0
190,2026-04-05,TB2662,2026-04-05 09:15:00,2026-04-05 09:04:00,-11.0,2026-04-05 09:22:00,2026-04-05 09:30:00,B34 A,90.0,11.12,8.09,4.47,2.31,8.0
190,2026-04-05,TG934,2026-04-05 09:21:00,2026-04-05 09:16:00,-5.0,2026-04-05 09:38:00,2026-04-05 09:58:00,B38 A,249.0,12.65,19.69,6.7,1.74,20.0
190,2026-04-05,UA950,2026-04-05 10:20:00,2026-04-05 09:58:00,-22.0,2026-04-05 10:24:00,2026-04-05 10:51:00,B40 A,188.0,11.58,16.24,4.15,2.99,27.0
190,2026-04-05,UA994,2026-04-05 11:51:00,2026-04-05 11:37:00,-14.0,2026-04-05 11:55:00,2026-04-05 12:25:00,B40 A,157.0,13.14,11.95,5.28,2.35,30.0
190,2026-04-05,XR5402,2026-04-05 07:46:00,2026-04-05 08:56:00,70.0,2026-04-05 09:23:00,2026-04-05 09:26:00,B5  A,88.0,13.75,6.4,4.54,1.84,3.0
191,2026-04-05,AC832,2026-04-05 11:16:00,2026-04-05 10:39:00,-37.0,2026-04-05 10:54:00,2026-04-05 11:24:00,B5  A,101.0,10.69,9.45,4.96,1.68,30.0
191,2026-04-05,ET750,2026-04-05 11:13:00,2026-04-05 11:34:00,21.0,2026-04-05 12:17:00,2026-04-05 13:03:00,B17 A,464.0,11.25,41.26,5.51,1.53,46.0
191,2026-04-05,FH8116,2026-04-05 12:44:00,2026-04-05 12:48:00,4.0,2026-04-05 13:06:00,2026-04-05 13:13:00,B38 A,140.0,12.01,11.65,4.9,2.38,7.0
191,2026-04-05,LH1004,2026-04-05 11:51:00,2026-04-05 11:47:00,-4.0,2026-04-05 12:07:00,2026-04-05 12:12:00,A43 ,23.0,13.98,1.64,5.16,1.61,5.0
191,2026-04-05,SN1122,2026-04-05 08:39:00,2026-04-05 09:08:00,29.0,2026-04-05 09:20:00,2026-04-05 09:21:00,B40 A,13.0,14.61,0.89,4.92,2.52,1.0
191,2026-04-05,SN1124,2026-04-05 07:10:00,2026-04-05 07:19:00,9.0,2026-04-05 07:32:00,2026-04-05 07:48:00,B30 A,138.0,16.06,8.59,6.05,1.47,16.0
191,2026-04-05,SN206,2026-04-05 06:25:00,2026-04-05 06:48:00,23.0,2026-04-05 07:07:00,2026-04-05 07:30:00,B38 A,154.0,12.53,12.29,3.85,3.03,23.0
191,2026-04-05,SN229,2026-04-05 10:04:00,2026-04-05 10:26:00,22.0,2026-04-05 10:41:00,2026-04-05 11:10:00,B31 A,120.0,12.56,9.55,4.97,2.16,29.0
191,2026-04-05,SN278,2026-04-05 10:45:00,2026-04-05 10:42:00,-3.0,2026-04-05 11:04:00,2026-04-05 11:16:00,B28 A,198.0,11.36,17.44,5.22,1.53,12.0
191,2026-04-05,SN2900,2026-04-05 10:44:00,2026-04-05 11:04:00,20.0,2026-04-05 11:13:00,2026-04-05 11:34:00,B32 A,49.0,10.49,4.67,4.22,2.29,21.0
191,2026-04-05,SN3326,2026-04-05 11:24:00,2026-04-05 11:41:00,17.0,2026-04-05 12:06:00,2026-04-05 12:12:00,B14 A,111.0,13.35,8.32,4.38,1.52,6.0
191,2026-04-05,SN358,2026-04-05 12:21:00,2026-04-05 12:23:00,2.0,2026-04-05 12:43:00,2026-04-05 13:14:00,B28 A,176.0,10.82,16.27,4.36,1.83,31.0
191,2026-04-05,SN379,2026-04-05 10:10:00,2026-04-05 11:03:00,53.0,2026-04-05 11:42:00,2026-04-05 12:19:00,B29 A,161.0,10.5,15.34,4.6,2.14,37.0
191,2026-04-05,SN3800,2026-04-05 06:15:00,2026-04-05 06:16:00,1.0,2026-04-05 06:28:00,2026-04-05 06:30:00,A65 ,27.0,12.0,2.25,5.27,1.58,2.0
191,2026-04-05,TB1552,2026-04-05 07:47:00,2026-04-05 07:43:00,-4.0,2026-04-05 07:55:00,2026-04-05 07:59:00,A68 ,66.0,13.7,4.82,4.3,1.94,4.0
191,2026-04-05,TB2632,2026-04-05 09:29:00,2026-04-05 09:09:00,-20.0,2026-04-05 09:35:00,2026-04-05 09:44:00,B9  A,114.0,13.31,8.57,3.93,2.12,9.0
191,2026-04-05,TB2662,2026-04-05 09:15:00,2026-04-05 09:04:00,-11.0,2026-04-05 09:22:00,2026-04-05 09:30:00,B34 A,90.0,11.03,8.16,5.57,1.85,8.0
191,2026-04-05,TG934,2026-04-05 09:21:00,2026-04-05 09:16:00,-5.0,2026-04-05 09:38:00,2026-04-05 09:58:00,B38 A,249.0,13.73,18.13,4.75,2.46,20.0
191,2026-04-05,UA950,2026-04-05 11:22:00,2026-04-05 11:02:00,-20.0,2026-04-05 11:22:00,2026-04-05 11:45:00,B28 A,170.0,14.95,11.37,3.77,2.12,23.0
191,2026-04-05,UA994,2026-04-05 08:51:00,2026-04-05 08:32:00,-19.0,2026-04-05 08:52:00,2026-04-05 09:25:00,B40 A,171.0,12.3,13.91,6.29,1.97,33.0
191,2026-04-05,XR5402,2026-04-05 07:46:00,2026-04-05 08:56:00,70.0,2026-04-05 09:23:00,2026-04-05 09:26:00,B5  A,88.0,12.6,6.99,4.59,1.82,3.0
192,2026-04-05,AC832,2026-04-05 11:16:00,2026-04-05 10:39:00,-37.0,2026-04-05 10:54:00,2026-04-05 11:24:00,B5  A,101.0,10.77,9.37,5.81,1.44,30.0
192,2026-04-05,ET750,2026-04-05 11:13:00,2026-04-05 11:34:00,21.0,2026-04-05 12:17:00,2026-04-05 13:03:00,B17 A,464.0,12.49,37.15,5.21,1.62,46.0
192,2026-04-05,FH8116,2026-04-05 06:35:00,2026-04-05 06:00:00,-35.0,2026-04-05 06:07:00,2026-04-05 06:09:00,B15 A,22.0,11.55,1.9,6.8,1.14,2.0
192,2026-04-05,LH1004,2026-04-05 08:50:00,2026-04-05 08:53:00,3.0,2026-04-05 09:06:00,2026-04-05 09:12:00,A43 ,29.0,13.1,2.21,4.31,1.93,6.0
192,2026-04-05,SN1122,2026-04-05 08:39:00,2026-04-05 09:08:00,29.0,2026-04-05 09:20:00,2026-04-05 09:21:00,B40 A,13.0,9.71,1.34,5.35,2.32,1.0
192,2026-04-05,SN1124,2026-04-05 07:10:00,2026-04-05 07:19:00,9.0,2026-04-05 07:32:00,2026-04-05 07:48:00,B30 A,138.0,13.91,9.92,4.84,1.84,16.0
192,2026-04-05,SN206,2026-04-05 06:25:00,2026-04-05 06:48:00,23.0,2026-04-05 07:07:00,2026-04-05 07:30:00,B38 A,154.0,11.76,13.1,4.97,2.35,23.0
192,2026-04-05,SN229,2026-04-05 08:06:00,2026-04-05 09:20:00,74.0,2026-04-05 09:41:00,2026-04-05 10:22:00,B14 A,144.0,12.99,11.08,4.15,1.61,41.0
192,2026-04-05,SN278,2026-04-05 10:45:00,2026-04-05 10:42:00,-3.0,2026-04-05 11:04:00,2026-04-05 11:16:00,B28 A,198.0,13.44,14.73,5.25,1.52,12.0
192,2026-04-05,SN2900,2026-04-05 08:46:00,2026-04-05 08:33:00,-13.0,2026-04-05 08:58:00,2026-04-05 09:02:00,B14 A,79.0,11.4,6.93,4.82,1.38,4.0
192,2026-04-05,SN3326,2026-04-05 11:24:00,2026-04-05 11:41:00,17.0,2026-04-05 12:06:00,2026-04-05 12:12:00,B14 A,111.0,11.39,9.74,5.85,1.14,6.0
192,2026-04-05,SN358,2026-04-05 10:21:00,2026-04-05 11:13:00,52.0,2026-04-05 11:43:00,2026-04-05 12:03:00,B38 A,126.0,12.3,10.24,5.06,2.31,20.0
192,2026-04-05,SN379,2026-04-05 10:10:00,2026-04-05 11:03:00,53.0,2026-04-05 11:42:00,2026-04-05 12:19:00,B29 A,161.0,11.81,13.63,4.86,2.02,37.0
192,2026-04-05,SN3800,2026-04-05 06:15:00,2026-04-05 06:16:00,1.0,2026-04-05 06:28:00,2026-04-05 06:30:00,A65 ,27.0,13.92,1.94,5.74,1.45,2.0
192,2026-04-05,TB1552,2026-04-05 10:15:00,2026-04-05 10:31:00,16.0,2026-04-05 10:50:00,2026-04-05 10:59:00,A69 ,164.0,15.77,10.4,4.76,1.75,9.0
192,2026-04-05,TB2632,2026-04-05 09:29:00,2026-04-05 09:09:00,-20.0,2026-04-05 09:35:00,2026-04-05 09:44:00,B9  A,114.0,14.41,7.91,5.06,1.65,9.0
192,2026-04-05,TB2662,2026-04-05 09:15:00,2026-04-05 09:04:00,-11.0,2026-04-05 09:22:00,2026-04-05 09:30:00,B34 A,90.0,15.29,5.89,5.87,1.76,8.0
192,2026-04-05,TG934,2026-04-05 09:21:00,2026-04-05 09:16:00,-5.0,2026-04-05 09:38:00,2026-04-05 09:58:00,B38 A,249.0,13.81,18.02,5.67,2.06,20.0
192,2026-04-05,UA950,2026-04-05 12:20:00,2026-04-05 11:58:00,-22.0,2026-04-05 12:14:00,2026-04-05 12:42:00,B37 A,127.0,12.1,10.49,4.74,2.57,28.0
192,2026-04-05,UA994,2026-04-05 12:51:00,2026-04-05 12:35:00,-16.0,2026-04-05 12:54:00,2026-04-05 13:24:00,B38 A,109.0,15.4,7.08,5.82,2.0,30.0
192,2026-04-05,XR5402,2026-04-05 07:46:00,2026-04-05 08:56:00,70.0,2026-04-05 09:23:00,2026-04-05 09:26:00,B5  A,88.0,12.55,7.01,6.1,1.37,3.0
193,2026-04-05,AC832,2026-04-05 12:18:00,2026-04-05 11:38:00,-40.0,2026-04-05 11:54:00,2026-04-05 12:17:00,B30 A,100.0,15.17,6.59,3.59,2.48,23.0
193,2026-04-05,ET750,2026-04-05 11:13:00,2026-04-05 11:34:00,21.0,2026-04-05 12:17:00,2026-04-05 13:03:00,B17 A,464.0,12.61,36.79,7.88,1.07,46.0
193,2026-04-05,FH8116,2026-04-05 12:44:00,2026-04-05 12:48:00,4.0,2026-04-05 13:06:00,2026-04-05 13:13:00,B38 A,140.0,14.49,9.66,5.69,2.05,7.0
193,2026-04-05,LH1004,2026-04-05 09:50:00,2026-04-05 09:53:00,3.0,2026-04-05 10:20:00,2026-04-05 10:27:00,A43 ,33.0,10.12,3.26,4.51,1.85,7.0
193,2026-04-05,SN1122,2026-04-05 08:39:00,2026-04-05 09:08:00,29.0,2026-04-05 09:20:00,2026-04-05 09:21:00,B40 A,13.0,10.38,1.25,3.62,3.43,1.0
193,2026-04-05,SN1124,2026-04-05 07:10:00,2026-04-05 07:19:00,9.0,2026-04-05 07:32:00,2026-04-05 07:48:00,B30 A,138.0,15.73,8.77,4.99,1.79,16.0
193,2026-04-05,SN206,2026-04-05 06:25:00,2026-04-05 06:48:00,23.0,2026-04-05 07:07:00,2026-04-05 07:30:00,B38 A,154.0,11.44,13.47,5.01,2.33,23.0
193,2026-04-05,SN229,2026-04-05 12:06:00,2026-04-05 12:12:00,6.0,2026-04-05 12:39:00,2026-04-05 13:03:00,B28 A,20.0,13.52,1.48,3.92,2.04,24.0
193,2026-04-05,SN278,2026-04-05 10:45:00,2026-04-05 10:42:00,-3.0,2026-04-05 11:04:00,2026-04-05 11:16:00,B28 A,198.0,12.08,16.4,3.99,2.0,12.0
193,2026-04-05,SN2900,2026-04-05 10:44:00,2026-04-05 11:04:00,20.0,2026-04-05 11:13:00,2026-04-05 11:34:00,B32 A,49.0,11.84,4.14,5.78,1.67,21.0
193,2026-04-05,SN3326,2026-04-05 11:24:00,2026-04-05 11:41:00,17.0,2026-04-05 12:06:00,2026-04-05 12:12:00,B14 A,111.0,14.37,7.72,5.01,1.33,6.0
193,2026-04-05,SN358,2026-04-05 12:21:00,2026-04-05 12:23:00,2.0,2026-04-05 12:43:00,2026-04-05 13:14:00,B28 A,176.0,13.61,12.93,5.71,1.4,31.0
193,2026-04-05,SN379,2026-04-05 08:11:00,2026-04-05 08:40:00,29.0,2026-04-05 08:59:00,2026-04-05 09:27:00,B28 A,76.0,11.48,6.62,5.21,1.54,28.0
193,2026-04-05,SN3800,2026-04-05 06:15:00,2026-04-05 06:16:00,1.0,2026-04-05 06:28:00,2026-04-05 06:30:00,A65 ,27.0,12.3,2.19,6.36,1.31,2.0
193,2026-04-05,TB1552,2026-04-05 08:29:00,2026-04-05 08:25:00,-4.0,2026-04-05 08:46:00,2026-04-05 08:54:00,A61 ,166.0,12.72,13.05,4.48,1.86,8.0
193,2026-04-05,TB2632,2026-04-05 09:29:00,2026-04-05 09:09:00,-20.0,2026-04-05 09:35:00,2026-04-05 09:44:00,B9  A,114.0,14.94,7.63,4.98,1.67,9.0
193,2026-04-05,TB2662,2026-04-05 09:15:00,2026-04-05 09:04:00,-11.0,2026-04-05 09:22:00,2026-04-05 09:30:00,B34 A,90.0,11.47,7.84,4.6,2.25,8.0
193,2026-04-05,TG934,2026-04-05 09:21:00,2026-04-05 09:16:00,-5.0,2026-04-05 09:38:00,2026-04-05 09:58:00,B38 A,249.0,13.13,18.96,4.01,2.91,20.0
193,2026-04-05,UA950,2026-04-05 12:20:00,2026-04-05 11:58:00,-22.0,2026-04-05 12:14:00,2026-04-05 12:42:00,B37 A,127.0,12.4,10.24,5.06,2.41,28.0
193,2026-04-05,UA994,2026-04-05 08:51:00,2026-04-05 08:32:00,-19.0,2026-04-05 08:52:00,2026-04-05 09:25:00,B40 A,171.0,10.73,15.93,4.13,3.0,33.0
193,2026-04-05,XR5402,2026-04-05 07:46:00,2026-04-05 08:56:00,70.0,2026-04-05 09:23:00,2026-04-05 09:26:00,B5  A,88.0,9.05,9.72,5.6,1.49,3.0
194,2026-04-05,AC832,2026-04-05 08:17:00,2026-04-05 07:46:00,-31.0,2026-04-05 08:02:00,2026-04-05 08:29:00,B30 A,122.0,11.44,10.66,4.9,1.82,27.0
194,2026-04-05,ET750,2026-04-05 11:13:00,2026-04-05 11:34:00,21.0,2026-04-05 12:17:00,2026-04-05 13:03:00,B17 A,464.0,16.23,28.58,3.03,2.78,46.0
194,2026-04-05,FH8116,2026-04-05 12:44:00,2026-04-05 12:48:00,4.0,2026-04-05 13:06:00,2026-04-05 13:13:00,B38 A,140.0,10.59,13.22,5.36,2.18,7.0
194,2026-04-05,LH1004,2026-04-05 12:50:00,2026-04-05 12:50:00,0.0,2026-04-05 13:03:00,2026-04-05 13:30:00,A43 ,40.0,12.33,3.24,5.37,1.55,27.0
194,2026-04-05,SN1122,2026-04-05 08:39:00,2026-04-05 09:08:00,29.0,2026-04-05 09:20:00,2026-04-05 09:21:00,B40 A,13.0,11.67,1.11,4.98,2.49,1.0
194,2026-04-05,SN1124,2026-04-05 07:10:00,2026-04-05 07:19:00,9.0,2026-04-05 07:32:00,2026-04-05 07:48:00,B30 A,138.0,13.14,10.5,4.31,2.07,16.0
194,2026-04-05,SN206,2026-04-05 06:25:00,2026-04-05 06:48:00,23.0,2026-04-05 07:07:00,2026-04-05 07:30:00,B38 A,154.0,11.83,13.02,4.77,2.44,23.0
194,2026-04-05,SN229,2026-04-05 10:04:00,2026-04-05 10:26:00,22.0,2026-04-05 10:41:00,2026-04-05 11:10:00,B31 A,120.0,14.55,8.25,4.53,2.37,29.0
194,2026-04-05,SN278,2026-04-05 08:43:00,2026-04-05 08:27:00,-16.0,2026-04-05 08:40:00,2026-04-05 09:10:00,B37 A,123.0,14.52,8.47,7.28,1.67,30.0
194,2026-04-05,SN2900,2026-04-05 07:39:00,2026-04-05 07:25:00,-14.0,2026-04-05 07:38:00,2026-04-05 07:53:00,B38 A,55.0,14.77,3.72,4.41,2.65,15.0
194,2026-04-05,SN3326,2026-04-05 11:24:00,2026-04-05 11:41:00,17.0,2026-04-05 12:06:00,2026-04-05 12:12:00,B14 A,111.0,11.99,9.26,6.09,1.09,6.0
194,2026-04-05,SN358,2026-04-05 08:21:00,2026-04-05 08:24:00,3.0,2026-04-05 08:42:00,2026-04-05 09:09:00,B14 A,112.0,11.23,9.97,6.99,0.95,27.0
194,2026-04-05,SN379,2026-04-05 08:11:00,2026-04-05 08:40:00,29.0,2026-04-05 08:59:00,2026-04-05 09:27:00,B28 A,76.0,11.5,6.61,6.79,1.18,28.0
194,2026-04-05,SN3800,2026-04-05 06:15:00,2026-04-05 06:16:00,1.0,2026-04-05 06:28:00,2026-04-05 06:30:00,A65 ,27.0,9.58,2.82,4.95,1.68,2.0
194,2026-04-05,TB1552,2026-04-05 10:15:00,2026-04-05 10:31:00,16.0,2026-04-05 10:50:00,2026-04-05 10:59:00,A69 ,164.0,13.4,12.24,4.33,1.92,9.0
194,2026-04-05,TB2632,2026-04-05 09:29:00,2026-04-05 09:09:00,-20.0,2026-04-05 09:35:00,2026-04-05 09:44:00,B9  A,114.0,13.5,8.44,6.63,1.26,9.0
194,2026-04-05,TB2662,2026-04-05 09:15:00,2026-04-05 09:04:00,-11.0,2026-04-05 09:22:00,2026-04-05 09:30:00,B34 A,90.0,11.0,8.18,4.63,2.23,8.0
194,2026-04-05,TG934,2026-04-05 09:21:00,2026-04-05 09:16:00,-5.0,2026-04-05 09:38:00,2026-04-05 09:58:00,B38 A,249.0,15.6,15.96,4.84,2.41,20.0
194,2026-04-05,UA950,2026-04-05 10:20:00,2026-04-05 09:58:00,-22.0,2026-04-05 10:24:00,2026-04-05 10:51:00,B40 A,188.0,11.54,16.3,5.32,2.33,27.0
194,2026-04-05,UA994,2026-04-05 08:51:00,2026-04-05 08:32:00,-19.0,2026-04-05 08:52:00,2026-04-05 09:25:00,B40 A,171.0,12.08,14.15,4.52,2.74,33.0
194,2026-04-05,XR5402,2026-04-05 07:46:00,2026-04-05 08:56:00,70.0,2026-04-05 09:23:00,2026-04-05 09:26:00,B5  A,88.0,9.31,9.45,5.42,1.54,3.0
195,2026-04-05,AC832,2026-04-05 09:18:00,2026-04-05 08:45:00,-33.0,2026-04-05 09:06:00,2026-04-05 09:59:00,B28 A,110.0,12.64,8.7,4.78,1.68,53.0
195,2026-04-05,ET750,2026-04-05 11:13:00,2026-04-05 11:34:00,21.0,2026-04-05 12:17:00,2026-04-05 13:03:00,B17 A,464.0,12.46,37.24,4.32,1.95,46.0
195,2026-04-05,FH8116,2026-04-05 12:44:00,2026-04-05 12:48:00,4.0,2026-04-05 13:06:00,2026-04-05 13:13:00,B38 A,140.0,15.44,9.07,4.47,2.61,7.0
195,2026-04-05,LH1004,2026-04-05 11:51:00,2026-04-05 11:47:00,-4.0,2026-04-05 12:07:00,2026-04-05 12:12:00,A43 ,23.0,12.18,1.89,4.97,1.68,5.0
195,2026-04-05,SN1122,2026-04-05 08:39:00,2026-04-05 09:08:00,29.0,2026-04-05 09:20:00,2026-04-05 09:21:00,B40 A,13.0,11.95,1.09,5.26,2.36,1.0
195,2026-04-05,SN1124,2026-04-05 07:10:00,2026-04-05 07:19:00,9.0,2026-04-05 07:32:00,2026-04-05 07:48:00,B30 A,138.0,15.88,8.69,4.72,1.89,16.0
195,2026-04-05,SN206,2026-04-05 06:25:00,2026-04-05 06:48:00,23.0,2026-04-05 07:07:00,2026-04-05 07:30:00,B38 A,154.0,13.08,11.78,4.48,2.6,23.0
195,2026-04-05,SN229,2026-04-05 08:06:00,2026-04-05 09:20:00,74.0,2026-04-05 09:41:00,2026-04-05 10:22:00,B14 A,144.0,12.22,11.78,5.33,1.25,41.0
195,2026-04-05,SN278,2026-04-05 12:46:00,2026-04-05 12:41:00,-5.0,2026-04-05 13:04:00,2026-04-05 13:33:00,B31 A,62.0,12.19,5.09,4.84,2.22,29.0
195,2026-04-05,SN2900,2026-04-05 07:39:00,2026-04-05 07:25:00,-14.0,2026-04-05 07:38:00,2026-04-05 07:53:00,B38 A,55.0,14.7,3.74,5.29,2.21,15.0
195,2026-04-05,SN3326,2026-04-05 11:24:00,2026-04-05 11:41:00,17.0,2026-04-05 12:06:00,2026-04-05 12:12:00,B14 A,111.0,12.92,8.59,5.24,1.27,6.0
195,2026-04-05,SN358,2026-04-05 08:21:00,2026-04-05 08:24:00,3.0,2026-04-05 08:42:00,2026-04-05 09:09:00,B14 A,112.0,11.4,9.82,6.11,1.09,27.0
195,2026-04-05,SN379,2026-04-05 08:11:00,2026-04-05 08:40:00,29.0,2026-04-05 08:59:00,2026-04-05 09:27:00,B28 A,76.0,15.13,5.02,5.89,1.36,28.0
195,2026-04-05,SN3800,2026-04-05 06:15:00,2026-04-05 06:16:00,1.0,2026-04-05 06:28:00,2026-04-05 06:30:00,A65 ,27.0,13.47,2.0,4.86,1.71,2.0
195,2026-04-05,TB1552,2026-04-05 07:47:00,2026-04-05 07:43:00,-4.0,2026-04-05 07:55:00,2026-04-05 07:59:00,A68 ,66.0,9.54,6.92,6.7,1.24,4.0
195,2026-04-05,TB2632,2026-04-05 09:29:00,2026-04-05 09:09:00,-20.0,2026-04-05 09:35:00,2026-04-05 09:44:00,B9  A,114.0,11.41,9.99,5.5,1.51,9.0
195,2026-04-05,TB2662,2026-04-05 09:15:00,2026-04-05 09:04:00,-11.0,2026-04-05 09:22:00,2026-04-05 09:30:00,B34 A,90.0,15.42,5.84,3.88,2.66,8.0
195,2026-04-05,TG934,2026-04-05 09:21:00,2026-04-05 09:16:00,-5.0,2026-04-05 09:38:00,2026-04-05 09:58:00,B38 A,249.0,14.26,17.46,5.25,2.22,20.0
195,2026-04-05,UA950,2026-04-05 10:20:00,2026-04-05 09:58:00,-22.0,2026-04-05 10:24:00,2026-04-05 10:51:00,B40 A,188.0,11.19,16.8,5.39,2.31,27.0
195,2026-04-05,UA994,2026-04-05 08:51:00,2026-04-05 08:32:00,-19.0,2026-04-05 08:52:00,2026-04-05 09:25:00,B40 A,171.0,12.64,13.53,5.15,2.41,33.0
195,2026-04-05,XR5402,2026-04-05 07:46:00,2026-04-05 08:56:00,70.0,2026-04-05 09:23:00,2026-04-05 09:26:00,B5  A,88.0,12.57,7.0,3.69,2.26,3.0
196,2026-04-05,AC832,2026-04-05 10:17:00,2026-04-05 10:43:00,26.0,2026-04-05 11:00:00,2026-04-05 11:34:00,B14 A,172.0,12.52,13.73,5.13,1.3,34.0
196,2026-04-05,ET750,2026-04-05 11:13:00,2026-04-05 11:34:00,21.0,2026-04-05 12:17:00,2026-04-05 13:03:00,B17 A,464.0,11.99,38.69,5.59,1.5,46.0
196,2026-04-05,FH8116,2026-04-05 12:44:00,2026-04-05 12:48:00,4.0,2026-04-05 13:06:00,2026-04-05 13:13:00,B38 A,140.0,15.85,8.83,6.11,1.91,7.0
196,2026-04-05,LH1004,2026-04-05 11:51:00,2026-04-05 11:47:00,-4.0,2026-04-05 12:07:00,2026-04-05 12:12:00,A43 ,23.0,10.66,2.16,4.86,1.72,5.0
196,2026-04-05,SN1122,2026-04-05 08:39:00,2026-04-05 09:08:00,29.0,2026-04-05 09:20:00,2026-04-05 09:21:00,B40 A,13.0,16.11,0.81,4.53,2.74,1.0
196,2026-04-05,SN1124,2026-04-05 07:10:00,2026-04-05 07:19:00,9.0,2026-04-05 07:32:00,2026-04-05 07:48:00,B30 A,138.0,12.92,10.68,5.07,1.76,16.0
196,2026-04-05,SN206,2026-04-05 06:25:00,2026-04-05 06:48:00,23.0,2026-04-05 07:07:00,2026-04-05 07:30:00,B38 A,154.0,16.34,9.43,3.58,3.26,23.0
196,2026-04-05,SN229,2026-04-05 10:04:00,2026-04-05 10:26:00,22.0,2026-04-05 10:41:00,2026-04-05 11:10:00,B31 A,120.0,13.59,8.83,4.4,2.44,29.0
196,2026-04-05,SN278,2026-04-05 12:46:00,2026-04-05 12:41:00,-5.0,2026-04-05 13:04:00,2026-04-05 13:33:00,B31 A,62.0,10.61,5.84,6.38,1.68,29.0
196,2026-04-05,SN2900,2026-04-05 07:39:00,2026-04-05 07:25:00,-14.0,2026-04-05 07:38:00,2026-04-05 07:53:00,B38 A,55.0,14.2,3.87,4.64,2.52,15.0
196,2026-04-05,SN3326,2026-04-05 07:45:00,2026-04-05 08:05:00,20.0,2026-04-05 08:16:00,2026-04-05 08:36:00,B28 A,123.0,14.5,8.48,6.56,1.22,20.0
196,2026-04-05,SN358,2026-04-05 08:21:00,2026-04-05 08:24:00,3.0,2026-04-05 08:42:00,2026-04-05 09:09:00,B14 A,112.0,15.57,7.19,5.1,1.31,27.0
196,2026-04-05,SN379,2026-04-05 08:11:00,2026-04-05 08:40:00,29.0,2026-04-05 08:59:00,2026-04-05 09:27:00,B28 A,76.0,14.06,5.41,4.5,1.78,28.0
196,2026-04-05,SN3800,2026-04-05 06:15:00,2026-04-05 06:16:00,1.0,2026-04-05 06:28:00,2026-04-05 06:30:00,A65 ,27.0,13.55,1.99,4.5,1.85,2.0
196,2026-04-05,TB1552,2026-04-05 07:47:00,2026-04-05 07:43:00,-4.0,2026-04-05 07:55:00,2026-04-05 07:59:00,A68 ,66.0,14.12,4.68,5.84,1.43,4.0
196,2026-04-05,TB2632,2026-04-05 09:29:00,2026-04-05 09:09:00,-20.0,2026-04-05 09:35:00,2026-04-05 09:44:00,B9  A,114.0,11.45,9.96,4.19,1.99,9.0
196,2026-04-05,TB2662,2026-04-05 09:15:00,2026-04-05 09:04:00,-11.0,2026-04-05 09:22:00,2026-04-05 09:30:00,B34 A,90.0,11.33,7.95,3.32,3.11,8.0
196,2026-04-05,TG934,2026-04-05 12:22:00,2026-04-05 12:26:00,4.0,2026-04-05 12:46:00,2026-04-05 13:15:00,B34 A,260.0,15.06,17.26,5.4,1.91,29.0
196,2026-04-05,UA950,2026-04-05 12:20:00,2026-04-05 11:58:00,-22.0,2026-04-05 12:14:00,2026-04-05 12:42:00,B37 A,127.0,13.74,9.24,5.6,2.17,28.0
196,2026-04-05,UA994,2026-04-05 10:51:00,2026-04-05 10:01:00,-50.0,2026-04-05 10:18:00,2026-04-05 10:42:00,B38 A,177.0,13.43,13.17,4.72,2.47,24.0
196,2026-04-05,XR5402,2026-04-05 07:46:00,2026-04-05 08:56:00,70.0,2026-04-05 09:23:00,2026-04-05 09:26:00,B5  A,88.0,16.1,5.47,5.04,1.65,3.0
197,2026-04-05,AC832,2026-04-05 12:18:00,2026-04-05 11:38:00,-40.0,2026-04-05 11:54:00,2026-04-05 12:17:00,B30 A,100.0,14.68,6.81,4.55,1.96,23.0
197,2026-04-05,ET750,2026-04-05 11:13:00,2026-04-05 11:34:00,21.0,2026-04-05 12:17:00,2026-04-05 13:03:00,B17 A,464.0,12.14,38.22,4.01,2.1,46.0
197,2026-04-05,FH8116,2026-04-05 12:44:00,2026-04-05 12:48:00,4.0,2026-04-05 13:06:00,2026-04-05 13:13:00,B38 A,140.0,13.32,10.51,4.44,2.63,7.0
197,2026-04-05,LH1004,2026-04-05 11:51:00,2026-04-05 11:47:00,-4.0,2026-04-05 12:07:00,2026-04-05 12:12:00,A43 ,23.0,11.18,2.06,4.92,1.69,5.0
197,2026-04-05,SN1122,2026-04-05 08:39:00,2026-04-05 09:08:00,29.0,2026-04-05 09:20:00,2026-04-05 09:21:00,B40 A,13.0,9.75,1.33,6.66,1.87,1.0
197,2026-04-05,SN1124,2026-04-05 07:10:00,2026-04-05 07:19:00,9.0,2026-04-05 07:32:00,2026-04-05 07:48:00,B30 A,138.0,16.24,8.5,5.28,1.69,16.0
197,2026-04-05,SN206,2026-04-05 06:25:00,2026-04-05 06:48:00,23.0,2026-04-05 07:07:00,2026-04-05 07:30:00,B38 A,154.0,12.97,11.87,4.68,2.49,23.0
197,2026-04-05,SN229,2026-04-05 10:04:00,2026-04-05 10:26:00,22.0,2026-04-05 10:41:00,2026-04-05 11:10:00,B31 A,120.0,14.88,8.06,5.14,2.09,29.0
197,2026-04-05,SN278,2026-04-05 12:46:00,2026-04-05 12:41:00,-5.0,2026-04-05 13:04:00,2026-04-05 13:33:00,B31 A,62.0,13.71,4.52,6.36,1.69,29.0
197,2026-04-05,SN2900,2026-04-05 07:39:00,2026-04-05 07:25:00,-14.0,2026-04-05 07:38:00,2026-04-05 07:53:00,B38 A,55.0,11.85,4.64,5.35,2.18,15.0
197,2026-04-05,SN3326,2026-04-05 11:24:00,2026-04-05 11:41:00,17.0,2026-04-05 12:06:00,2026-04-05 12:12:00,B14 A,111.0,10.79,10.29,4.43,1.5,6.0
197,2026-04-05,SN358,2026-04-05 10:21:00,2026-04-05 11:13:00,52.0,2026-04-05 11:43:00,2026-04-05 12:03:00,B38 A,126.0,13.34,9.45,6.23,1.87,20.0
197,2026-04-05,SN379,2026-04-05 08:11:00,2026-04-05 08:40:00,29.0,2026-04-05 08:59:00,2026-04-05 09:27:00,B28 A,76.0,14.5,5.24,4.97,1.61,28.0
197,2026-04-05,SN3800,2026-04-05 06:15:00,2026-04-05 06:16:00,1.0,2026-04-05 06:28:00,2026-04-05 06:30:00,A65 ,27.0,10.98,2.46,4.41,1.89,2.0
197,2026-04-05,TB1552,2026-04-05 10:15:00,2026-04-05 10:31:00,16.0,2026-04-05 10:50:00,2026-04-05 10:59:00,A69 ,164.0,11.96,13.72,3.42,2.44,9.0
197,2026-04-05,TB2632,2026-04-05 09:29:00,2026-04-05 09:09:00,-20.0,2026-04-05 09:35:00,2026-04-05 09:44:00,B9  A,114.0,13.61,8.37,5.79,1.44,9.0
197,2026-04-05,TB2662,2026-04-05 09:15:00,2026-04-05 09:04:00,-11.0,2026-04-05 09:22:00,2026-04-05 09:30:00,B34 A,90.0,12.89,6.98,5.15,2.01,8.0
197,2026-04-05,TG934,2026-04-05 09:21:00,2026-04-05 09:16:00,-5.0,2026-04-05 09:38:00,2026-04-05 09:58:00,B38 A,249.0,14.07,17.7,4.61,2.53,20.0
197,2026-04-05,UA950,2026-04-05 12:20:00,2026-04-05 11:58:00,-22.0,2026-04-05 12:14:00,2026-04-05 12:42:00,B37 A,127.0,13.34,9.52,4.28,2.85,28.0
197,2026-04-05,UA994,2026-04-05 12:51:00,2026-04-05 12:35:00,-16.0,2026-04-05 12:54:00,2026-04-05 13:24:00,B38 A,109.0,15.84,6.88,5.19,2.25,30.0
197,2026-04-05,XR5402,2026-04-05 07:46:00,2026-04-05 08:56:00,70.0,2026-04-05 09:23:00,2026-04-05 09:26:00,B5  A,88.0,12.08,7.29,4.76,1.75,3.0
198,2026-04-05,AC832,2026-04-05 09:18:00,2026-04-05 08:45:00,-33.0,2026-04-05 09:06:00,2026-04-05 09:59:00,B28 A,110.0,12.96,8.49,5.58,1.43,53.0
198,2026-04-05,ET750,2026-04-05 11:13:00,2026-04-05 11:34:00,21.0,2026-04-05 12:17:00,2026-04-05 13:03:00,B17 A,464.0,11.34,40.91,5.26,1.6,46.0
198,2026-04-05,FH8116,2026-04-05 12:44:00,2026-04-05 12:48:00,4.0,2026-04-05 13:06:00,2026-04-05 13:13:00,B38 A,140.0,13.0,10.77,4.09,2.85,7.0
198,2026-04-05,LH1004,2026-04-05 12:50:00,2026-04-05 12:50:00,0.0,2026-04-05 13:03:00,2026-04-05 13:30:00,A43 ,40.0,12.78,3.13,6.92,1.2,27.0
198,2026-04-05,SN1122,2026-04-05 08:39:00,2026-04-05 09:08:00,29.0,2026-04-05 09:20:00,2026-04-05 09:21:00,B40 A,13.0,11.55,1.13,4.53,2.74,1.0
198,2026-04-05,SN1124,2026-04-05 07:10:00,2026-04-05 07:19:00,9.0,2026-04-05 07:32:00,2026-04-05 07:48:00,B30 A,138.0,15.17,9.1,5.47,1.63,16.0
198,2026-04-05,SN206,2026-04-05 06:25:00,2026-04-05 06:48:00,23.0,2026-04-05 07:07:00,2026-04-05 07:30:00,B38 A,154.0,9.78,15.74,4.67,2.5,23.0
198,2026-04-05,SN229,2026-04-05 12:06:00,2026-04-05 12:12:00,6.0,2026-04-05 12:39:00,2026-04-05 13:03:00,B28 A,20.0,12.18,1.64,5.58,1.43,24.0
198,2026-04-05,SN278,2026-04-05 12:46:00,2026-04-05 12:41:00,-5.0,2026-04-05 13:04:00,2026-04-05 13:33:00,B31 A,62.0,15.08,4.11,5.2,2.07,29.0
198,2026-04-05,SN2900,2026-04-05 10:44:00,2026-04-05 11:04:00,20.0,2026-04-05 11:13:00,2026-04-05 11:34:00,B32 A,49.0,11.08,4.42,4.46,2.17,21.0
198,2026-04-05,SN3326,2026-04-05 11:24:00,2026-04-05 11:41:00,17.0,2026-04-05 12:06:00,2026-04-05 12:12:00,B14 A,111.0,10.95,10.14,5.97,1.12,6.0
198,2026-04-05,SN358,2026-04-05 08:21:00,2026-04-05 08:24:00,3.0,2026-04-05 08:42:00,2026-04-05 09:09:00,B14 A,112.0,10.49,10.68,5.19,1.29,27.0
198,2026-04-05,SN379,2026-04-05 08:11:00,2026-04-05 08:40:00,29.0,2026-04-05 08:59:00,2026-04-05 09:27:00,B28 A,76.0,14.4,5.28,4.68,1.71,28.0
198,2026-04-05,SN3800,2026-04-05 06:15:00,2026-04-05 06:16:00,1.0,2026-04-05 06:28:00,2026-04-05 06:30:00,A65 ,27.0,15.36,1.76,6.33,1.32,2.0
198,2026-04-05,TB1552,2026-04-05 08:29:00,2026-04-05 08:25:00,-4.0,2026-04-05 08:46:00,2026-04-05 08:54:00,A61 ,166.0,11.11,14.94,5.55,1.5,8.0
198,2026-04-05,TB2632,2026-04-05 09:29:00,2026-04-05 09:09:00,-20.0,2026-04-05 09:35:00,2026-04-05 09:44:00,B9  A,114.0,11.66,9.77,4.53,1.84,9.0
198,2026-04-05,TB2662,2026-04-05 09:15:00,2026-04-05 09:04:00,-11.0,2026-04-05 09:22:00,2026-04-05 09:30:00,B34 A,90.0,13.61,6.62,4.4,2.35,8.0
198,2026-04-05,TG934,2026-04-05 09:21:00,2026-04-05 09:16:00,-5.0,2026-04-05 09:38:00,2026-04-05 09:58:00,B38 A,249.0,14.55,17.12,5.45,2.14,20.0
198,2026-04-05,UA950,2026-04-05 11:22:00,2026-04-05 11:02:00,-20.0,2026-04-05 11:22:00,2026-04-05 11:45:00,B28 A,170.0,15.41,11.04,4.77,1.68,23.0
198,2026-04-05,UA994,2026-04-05 09:51:00,2026-04-05 11:28:00,97.0,2026-04-05 11:44:00,2026-04-05 12:09:00,B40 A,135.0,12.36,10.92,5.55,2.24,25.0
198,2026-04-05,XR5402,2026-04-05 07:46:00,2026-04-05 08:56:00,70.0,2026-04-05 09:23:00,2026-04-05 09:26:00,B5  A,88.0,15.54,5.66,4.87,1.71,3.0
199,2026-04-05,AC832,2026-04-05 09:18:00,2026-04-05 08:45:00,-33.0,2026-04-05 09:06:00,2026-04-05 09:59:00,B28 A,110.0,13.37,8.23,5.19,1.54,53.0
199,2026-04-05,ET750,2026-04-05 11:13:00,2026-04-05 11:34:00,21.0,2026-04-05 12:17:00,2026-04-05 13:03:00,B17 A,464.0,13.69,33.89,5.09,1.65,46.0
199,2026-04-05,FH8116,2026-04-05 06:35:00,2026-04-05 06:00:00,-35.0,2026-04-05 06:07:00,2026-04-05 06:09:00,B15 A,22.0,14.11,1.56,4.88,1.58,2.0
199,2026-04-05,LH1004,2026-04-05 12:50:00,2026-04-05 12:50:00,0.0,2026-04-05 13:03:00,2026-04-05 13:30:00,A43 ,40.0,10.21,3.92,5.83,1.43,27.0
199,2026-04-05,SN1122,2026-04-05 08:39:00,2026-04-05 09:08:00,29.0,2026-04-05 09:20:00,2026-04-05 09:21:00,B40 A,13.0,11.2,1.16,4.71,2.63,1.0
199,2026-04-05,SN1124,2026-04-05 07:10:00,2026-04-05 07:19:00,9.0,2026-04-05 07:32:00,2026-04-05 07:48:00,B30 A,138.0,14.61,9.45,5.59,1.59,16.0
199,2026-04-05,SN206,2026-04-05 06:25:00,2026-04-05 06:48:00,23.0,2026-04-05 07:07:00,2026-04-05 07:30:00,B38 A,154.0,12.08,12.75,4.17,2.8,23.0
199,2026-04-05,SN229,2026-04-05 12:06:00,2026-04-05 12:12:00,6.0,2026-04-05 12:39:00,2026-04-05 13:03:00,B28 A,20.0,10.5,1.91,4.94,1.62,24.0
199,2026-04-05,SN278,2026-04-05 08:43:00,2026-04-05 08:27:00,-16.0,2026-04-05 08:40:00,2026-04-05 09:10:00,B37 A,123.0,13.2,9.32,5.38,2.26,30.0
199,2026-04-05,SN2900,2026-04-05 07:39:00,2026-04-05 07:25:00,-14.0,2026-04-05 07:38:00,2026-04-05 07:53:00,B38 A,55.0,10.3,5.34,4.26,2.74,15.0
199,2026-04-05,SN3326,2026-04-05 11:24:00,2026-04-05 11:41:00,17.0,2026-04-05 12:06:00,2026-04-05 12:12:00,B14 A,111.0,15.82,7.02,6.29,1.06,6.0
199,2026-04-05,SN358,2026-04-05 08:21:00,2026-04-05 08:24:00,3.0,2026-04-05 08:42:00,2026-04-05 09:09:00,B14 A,112.0,11.15,10.05,4.82,1.38,27.0
199,2026-04-05,SN379,2026-04-05 10:10:00,2026-04-05 11:03:00,53.0,2026-04-05 11:42:00,2026-04-05 12:19:00,B29 A,161.0,12.39,13.0,4.89,2.01,37.0
199,2026-04-05,SN3800,2026-04-05 06:15:00,2026-04-05 06:16:00,1.0,2026-04-05 06:28:00,2026-04-05 06:30:00,A65 ,27.0,15.09,1.79,4.15,2.01,2.0
199,2026-04-05,TB1552,2026-04-05 07:47:00,2026-04-05 07:43:00,-4.0,2026-04-05 07:55:00,2026-04-05 07:59:00,A68 ,66.0,14.14,4.67,6.53,1.28,4.0
199,2026-04-05,TB2632,2026-04-05 09:29:00,2026-04-05 09:09:00,-20.0,2026-04-05 09:35:00,2026-04-05 09:44:00,B9  A,114.0,13.2,8.64,4.86,1.72,9.0
199,2026-04-05,TB2662,2026-04-05 09:15:00,2026-04-05 09:04:00,-11.0,2026-04-05 09:22:00,2026-04-05 09:30:00,B34 A,90.0,16.29,5.52,4.71,2.19,8.0
199,2026-04-05,TG934,2026-04-05 12:22:00,2026-04-05 12:26:00,4.0,2026-04-05 12:46:00,2026-04-05 13:15:00,B34 A,260.0,15.38,16.9,4.37,2.37,29.0
199,2026-04-05,UA950,2026-04-05 12:20:00,2026-04-05 11:58:00,-22.0,2026-04-05 12:14:00,2026-04-05 12:42:00,B37 A,127.0,14.34,8.85,4.8,2.54,28.0
199,2026-04-05,UA994,2026-04-05 12:51:00,2026-04-05 12:35:00,-16.0,2026-04-05 12:54:00,2026-04-05 13:24:00,B38 A,109.0,10.54,10.34,5.15,2.27,30.0
199,2026-04-05,XR5402,2026-04-05 07:46:00,2026-04-05 08:56:00,70.0,2026-04-05 09:23:00,2026-04-05 09:26:00,B5  A,88.0,14.57,6.04,4.49,1.86,3.0
200,2026-04-05,AC832,2026-04-05 11:16:00,2026-04-05 10:39:00,-37.0,2026-04-05 10:54:00,2026-04-05 11:24:00,B5  A,101.0,13.74,7.35,5.77,1.44,30.0
200,2026-04-05,ET750,2026-04-05 11:13:00,2026-04-05 11:34:00,21.0,2026-04-05 12:17:00,2026-04-05 13:03:00,B17 A,464.0,14.1,32.91,4.51,1.87,46.0
200,2026-04-05,FH8116,2026-04-05 12:44:00,2026-04-05 12:48:00,4.0,2026-04-05 13:06:00,2026-04-05 13:13:00,B38 A,140.0,10.95,12.78,5.45,2.14,7.0
200,2026-04-05,LH1004,2026-04-05 12:50:00,2026-04-05 12:50:00,0.0,2026-04-05 13:03:00,2026-04-05 13:30:00,A43 ,40.0,9.88,4.05,4.93,1.69,27.0
200,2026-04-05,SN1122,2026-04-05 08:39:00,2026-04-05 09:08:00,29.0,2026-04-05 09:20:00,2026-04-05 09:21:00,B40 A,13.0,10.6,1.23,4.18,2.97,1.0
200,2026-04-05,SN1124,2026-04-05 07:10:00,2026-04-05 07:19:00,9.0,2026-04-05 07:32:00,2026-04-05 07:48:00,B30 A,138.0,14.27,9.67,5.19,1.72,16.0
200,2026-04-05,SN206,2026-04-05 06:25:00,2026-04-05 06:48:00,23.0,2026-04-05 07:07:00,2026-04-05 07:30:00,B38 A,154.0,13.66,11.28,4.19,2.78,23.0
200,2026-04-05,SN229,2026-04-05 08:06:00,2026-04-05 09:20:00,74.0,2026-04-05 09:41:00,2026-04-05 10:22:00,B14 A,144.0,9.89,14.56,5.82,1.15,41.0
200,2026-04-05,SN278,2026-04-05 10:45:00,2026-04-05 10:42:00,-3.0,2026-04-05 11:04:00,2026-04-05 11:16:00,B28 A,198.0,11.48,17.25,5.53,1.45,12.0
200,2026-04-05,SN2900,2026-04-05 08:46:00,2026-04-05 08:33:00,-13.0,2026-04-05 08:58:00,2026-04-05 09:02:00,B14 A,79.0,12.12,6.52,4.45,1.5,4.0
200,2026-04-05,SN3326,2026-04-05 11:24:00,2026-04-05 11:41:00,17.0,2026-04-05 12:06:00,2026-04-05 12:12:00,B14 A,111.0,15.26,7.27,4.82,1.38,6.0
200,2026-04-05,SN358,2026-04-05 12:21:00,2026-04-05 12:23:00,2.0,2026-04-05 12:43:00,2026-04-05 13:14:00,B28 A,176.0,13.96,12.6,4.87,1.64,31.0
200,2026-04-05,SN379,2026-04-05 08:11:00,2026-04-05 08:40:00,29.0,2026-04-05 08:59:00,2026-04-05 09:27:00,B28 A,76.0,14.17,5.36,5.54,1.44,28.0
200,2026-04-05,SN3800,2026-04-05 06:15:00,2026-04-05 06:16:00,1.0,2026-04-05 06:28:00,2026-04-05 06:30:00,A65 ,27.0,14.59,1.85,5.21,1.6,2.0
200,2026-04-05,TB1552,2026-04-05 08:29:00,2026-04-05 08:25:00,-4.0,2026-04-05 08:46:00,2026-04-05 08:54:00,A61 ,166.0,12.78,12.99,6.28,1.33,8.0
200,2026-04-05,TB2632,2026-04-05 09:29:00,2026-04-05 09:09:00,-20.0,2026-04-05 09:35:00,2026-04-05 09:44:00,B9  A,114.0,15.05,7.57,3.95,2.11,9.0
200,2026-04-05,TB2662,2026-04-05 09:15:00,2026-04-05 09:04:00,-11.0,2026-04-05 09:22:00,2026-04-05 09:30:00,B34 A,90.0,12.36,7.28,4.8,2.15,8.0
200,2026-04-05,TG934,2026-04-05 09:21:00,2026-04-05 09:16:00,-5.0,2026-04-05 09:38:00,2026-04-05 09:58:00,B38 A,249.0,14.14,17.61,5.23,2.23,20.0
200,2026-04-05,UA950,2026-04-05 11:22:00,2026-04-05 11:02:00,-20.0,2026-04-05 11:22:00,2026-04-05 11:45:00,B28 A,170.0,12.0,14.17,4.02,1.99,23.0
200,2026-04-05,UA994,2026-04-05 09:51:00,2026-04-05 11:28:00,97.0,2026-04-05 11:44:00,2026-04-05 12:09:00,B40 A,135.0,10.9,12.39,4.34,2.86,25.0
200,2026-04-05,XR5402,2026-04-05 07:46:00,2026-04-05 08:56:00,70.0,2026-04-05 09:23:00,2026-04-05 09:26:00,B5  A,88.0,15.1,5.83,5.11,1.63,3.0
201,2026-04-05,AC832,2026-04-05 12:18:00,2026-04-05 11:38:00,-40.0,2026-04-05 11:54:00,2026-04-05 12:17:00,B30 A,100.0,14.48,6.91,3.89,2.29,23.0
201,2026-04-05,ET750,2026-04-05 11:13:00,2026-04-05 11:34:00,21.0,2026-04-05 12:17:00,2026-04-05 13:03:00,B17 A,464.0,12.38,37.47,5.11,1.65,46.0
201,2026-04-05,FH8116,2026-04-05 06:35:00,2026-04-05 06:00:00,-35.0,2026-04-05 06:07:00,2026-04-05 06:09:00,B15 A,22.0,11.8,1.87,6.16,1.26,2.0
201,2026-04-05,LH1004,2026-04-05 08:50:00,2026-04-05 08:53:00,3.0,2026-04-05 09:06:00,2026-04-05 09:12:00,A43 ,29.0,14.35,2.02,6.0,1.39,6.0
201,2026-04-05,SN1122,2026-04-05 08:39:00,2026-04-05 09:08:00,29.0,2026-04-05 09:20:00,2026-04-05 09:21:00,B40 A,13.0,12.72,1.02,4.38,2.83,1.0
201,2026-04-05,SN1124,2026-04-05 07:10:00,2026-04-05 07:19:00,9.0,2026-04-05 07:32:00,2026-04-05 07:48:00,B30 A,138.0,15.12,9.13,5.39,1.65,16.0
201,2026-04-05,SN206,2026-04-05 06:25:00,2026-04-05 06:48:00,23.0,2026-04-05 07:07:00,2026-04-05 07:30:00,B38 A,154.0,14.91,10.33,5.3,2.2,23.0
201,2026-04-05,SN229,2026-04-05 08:06:00,2026-04-05 09:20:00,74.0,2026-04-05 09:41:00,2026-04-05 10:22:00,B14 A,144.0,13.97,10.31,6.84,0.97,41.0
201,2026-04-05,SN278,2026-04-05 10:45:00,2026-04-05 10:42:00,-3.0,2026-04-05 11:04:00,2026-04-05 11:16:00,B28 A,198.0,9.99,19.83,3.89,2.06,12.0
201,2026-04-05,SN2900,2026-04-05 08:46:00,2026-04-05 08:33:00,-13.0,2026-04-05 08:58:00,2026-04-05 09:02:00,B14 A,79.0,13.42,5.89,5.89,1.13,4.0
201,2026-04-05,SN3326,2026-04-05 11:24:00,2026-04-05 11:41:00,17.0,2026-04-05 12:06:00,2026-04-05 12:12:00,B14 A,111.0,11.57,9.59,5.28,1.26,6.0
201,2026-04-05,SN358,2026-04-05 10:21:00,2026-04-05 11:13:00,52.0,2026-04-05 11:43:00,2026-04-05 12:03:00,B38 A,126.0,10.62,11.87,5.69,2.05,20.0
201,2026-04-05,SN379,2026-04-05 10:10:00,2026-04-05 11:03:00,53.0,2026-04-05 11:42:00,2026-04-05 12:19:00,B29 A,161.0,12.83,12.55,6.32,1.56,37.0
201,2026-04-05,SN3800,2026-04-05 06:15:00,2026-04-05 06:16:00,1.0,2026-04-05 06:28:00,2026-04-05 06:30:00,A65 ,27.0,13.45,2.01,5.07,1.64,2.0
201,2026-04-05,TB1552,2026-04-05 07:15:00,2026-04-05 07:08:00,-7.0,2026-04-05 07:38:00,2026-04-05 07:45:00,A61 ,152.0,12.29,12.37,6.41,1.3,7.0
201,2026-04-05,TB2632,2026-04-05 09:29:00,2026-04-05 09:09:00,-20.0,2026-04-05 09:35:00,2026-04-05 09:44:00,B9  A,114.0,16.87,6.76,3.96,2.1,9.0
201,2026-04-05,TB2662,2026-04-05 09:15:00,2026-04-05 09:04:00,-11.0,2026-04-05 09:22:00,2026-04-05 09:30:00,B34 A,90.0,11.63,7.74,3.93,2.63,8.0
201,2026-04-05,TG934,2026-04-05 12:22:00,2026-04-05 12:26:00,4.0,2026-04-05 12:46:00,2026-04-05 13:15:00,B34 A,260.0,16.44,15.82,4.9,2.11,29.0
201,2026-04-05,UA950,2026-04-05 09:21:00,2026-04-05 08:45:00,-36.0,2026-04-05 09:03:00,2026-04-05 09:29:00,B5  A,163.0,13.07,12.47,5.03,1.66,26.0
201,2026-04-05,UA994,2026-04-05 11:51:00,2026-04-05 11:37:00,-14.0,2026-04-05 11:55:00,2026-04-05 12:25:00,B40 A,157.0,12.41,12.65,5.34,2.33,30.0
201,2026-04-05,XR5402,2026-04-05 07:46:00,2026-04-05 08:56:00,70.0,2026-04-05 09:23:00,2026-04-05 09:26:00,B5  A,88.0,11.11,7.92,4.84,1.72,3.0
202,2026-04-05,AC832,2026-04-05 09:18:00,2026-04-05 08:45:00,-33.0,2026-04-05 09:06:00,2026-04-05 09:59:00,B28 A,110.0,16.28,6.76,4.96,1.61,53.0
202,2026-04-05,ET750,2026-04-05 11:13:00,2026-04-05 11:34:00,21.0,2026-04-05 12:17:00,2026-04-05 13:03:00,B17 A,464.0,15.34,30.24,5.37,1.57,46.0
202,2026-04-05,FH8116,2026-04-05 06:35:00,2026-04-05 06:00:00,-35.0,2026-04-05 06:07:00,2026-04-05 06:09:00,B15 A,22.0,13.13,1.68,7.07,1.09,2.0
202,2026-04-05,LH1004,2026-04-05 08:50:00,2026-04-05 08:53:00,3.0,2026-04-05 09:06:00,2026-04-05 09:12:00,A43 ,29.0,10.2,2.84,3.9,2.14,6.0
202,2026-04-05,SN1122,2026-04-05 08:39:00,2026-04-05 09:08:00,29.0,2026-04-05 09:20:00,2026-04-05 09:21:00,B40 A,13.0,14.29,0.91,4.11,3.02,1.0
202,2026-04-05,SN1124,2026-04-05 07:10:00,2026-04-05 07:19:00,9.0,2026-04-05 07:32:00,2026-04-05 07:48:00,B30 A,138.0,12.35,11.17,5.14,1.74,16.0
202,2026-04-05,SN206,2026-04-05 06:25:00,2026-04-05 06:48:00,23.0,2026-04-05 07:07:00,2026-04-05 07:30:00,B38 A,154.0,12.61,12.21,5.64,2.07,23.0
202,2026-04-05,SN229,2026-04-05 12:06:00,2026-04-05 12:12:00,6.0,2026-04-05 12:39:00,2026-04-05 13:03:00,B28 A,20.0,14.42,1.39,5.28,1.52,24.0
202,2026-04-05,SN278,2026-04-05 08:43:00,2026-04-05 08:27:00,-16.0,2026-04-05 08:40:00,2026-04-05 09:10:00,B37 A,123.0,15.81,7.78,4.6,2.65,30.0
202,2026-04-05,SN2900,2026-04-05 08:46:00,2026-04-05 08:33:00,-13.0,2026-04-05 08:58:00,2026-04-05 09:02:00,B14 A,79.0,12.11,6.52,4.65,1.43,4.0
202,2026-04-05,SN3326,2026-04-05 11:24:00,2026-04-05 11:41:00,17.0,2026-04-05 12:06:00,2026-04-05 12:12:00,B14 A,111.0,13.08,8.48,5.23,1.28,6.0
202,2026-04-05,SN358,2026-04-05 10:21:00,2026-04-05 11:13:00,52.0,2026-04-05 11:43:00,2026-04-05 12:03:00,B38 A,126.0,10.26,12.29,3.71,3.15,20.0
202,2026-04-05,SN379,2026-04-05 10:10:00,2026-04-05 11:03:00,53.0,2026-04-05 11:42:00,2026-04-05 12:19:00,B29 A,161.0,14.99,10.74,4.13,2.38,37.0
202,2026-04-05,SN3800,2026-04-05 06:15:00,2026-04-05 06:16:00,1.0,2026-04-05 06:28:00,2026-04-05 06:30:00,A65 ,27.0,13.69,1.97,7.38,1.13,2.0
202,2026-04-05,TB1552,2026-04-05 07:15:00,2026-04-05 07:08:00,-7.0,2026-04-05 07:38:00,2026-04-05 07:45:00,A61 ,152.0,10.87,13.99,5.24,1.59,7.0
202,2026-04-05,TB2632,2026-04-05 09:29:00,2026-04-05 09:09:00,-20.0,2026-04-05 09:35:00,2026-04-05 09:44:00,B9  A,114.0,14.04,8.12,4.74,1.76,9.0
202,2026-04-05,TB2662,2026-04-05 09:15:00,2026-04-05 09:04:00,-11.0,2026-04-05 09:22:00,2026-04-05 09:30:00,B34 A,90.0,11.64,7.73,5.37,1.93,8.0
202,2026-04-05,TG934,2026-04-05 09:21:00,2026-04-05 09:16:00,-5.0,2026-04-05 09:38:00,2026-04-05 09:58:00,B38 A,249.0,13.02,19.12,4.58,2.55,20.0
202,2026-04-05,UA950,2026-04-05 08:20:00,2026-04-05 08:20:00,0.0,2026-04-05 08:36:00,2026-04-05 09:25:00,B38 A,176.0,13.4,13.14,4.84,2.41,49.0
202,2026-04-05,UA994,2026-04-05 11:51:00,2026-04-05 11:37:00,-14.0,2026-04-05 11:55:00,2026-04-05 12:25:00,B40 A,157.0,13.91,11.29,4.93,2.52,30.0
202,2026-04-05,XR5402,2026-04-05 07:46:00,2026-04-05 08:56:00,70.0,2026-04-05 09:23:00,2026-04-05 09:26:00,B5  A,88.0,12.64,6.96,4.61,1.81,3.0
203,2026-04-05,AC832,2026-04-05 08:17:00,2026-04-05 07:46:00,-31.0,2026-04-05 08:02:00,2026-04-05 08:29:00,B30 A,122.0,9.91,12.31,4.55,1.96,27.0
203,2026-04-05,ET750,2026-04-05 11:13:00,2026-04-05 11:34:00,21.0,2026-04-05 12:17:00,2026-04-05 13:03:00,B17 A,464.0,12.57,36.92,5.16,1.63,46.0
203,2026-04-05,FH8116,2026-04-05 12:44:00,2026-04-05 12:48:00,4.0,2026-04-05 13:06:00,2026-04-05 13:13:00,B38 A,140.0,9.51,14.73,5.62,2.07,7.0
203,2026-04-05,LH1004,2026-04-05 11:51:00,2026-04-05 11:47:00,-4.0,2026-04-05 12:07:00,2026-04-05 12:12:00,A43 ,23.0,12.85,1.79,3.74,2.23,5.0
203,2026-04-05,SN1122,2026-04-05 08:39:00,2026-04-05 09:08:00,29.0,2026-04-05 09:20:00,2026-04-05 09:21:00,B40 A,13.0,10.42,1.25,6.69,1.86,1.0
203,2026-04-05,SN1124,2026-04-05 07:10:00,2026-04-05 07:19:00,9.0,2026-04-05 07:32:00,2026-04-05 07:48:00,B30 A,138.0,15.13,9.12,6.26,1.43,16.0
203,2026-04-05,SN206,2026-04-05 06:25:00,2026-04-05 06:48:00,23.0,2026-04-05 07:07:00,2026-04-05 07:30:00,B38 A,154.0,11.87,12.98,4.84,2.41,23.0
203,2026-04-05,SN229,2026-04-05 08:06:00,2026-04-05 09:20:00,74.0,2026-04-05 09:41:00,2026-04-05 10:22:00,B14 A,144.0,12.36,11.66,6.3,1.06,41.0
203,2026-04-05,SN278,2026-04-05 12:46:00,2026-04-05 12:41:00,-5.0,2026-04-05 13:04:00,2026-04-05 13:33:00,B31 A,62.0,11.44,5.42,6.56,1.64,29.0
203,2026-04-05,SN2900,2026-04-05 07:39:00,2026-04-05 07:25:00,-14.0,2026-04-05 07:38:00,2026-04-05 07:53:00,B38 A,55.0,16.42,3.35,4.85,2.41,15.0
203,2026-04-05,SN3326,2026-04-05 11:24:00,2026-04-05 11:41:00,17.0,2026-04-05 12:06:00,2026-04-05 12:12:00,B14 A,111.0,14.64,7.58,6.02,1.11,6.0
203,2026-04-05,SN358,2026-04-05 10:21:00,2026-04-05 11:13:00,52.0,2026-04-05 11:43:00,2026-04-05 12:03:00,B38 A,126.0,13.7,9.2,3.83,3.05,20.0
203,2026-04-05,SN379,2026-04-05 10:10:00,2026-04-05 11:03:00,53.0,2026-04-05 11:42:00,2026-04-05 12:19:00,B29 A,161.0,12.8,12.58,5.68,1.73,37.0
203,2026-04-05,SN3800,2026-04-05 06:15:00,2026-04-05 06:16:00,1.0,2026-04-05 06:28:00,2026-04-05 06:30:00,A65 ,27.0,9.36,2.89,4.06,2.05,2.0
203,2026-04-05,TB1552,2026-04-05 07:47:00,2026-04-05 07:43:00,-4.0,2026-04-05 07:55:00,2026-04-05 07:59:00,A68 ,66.0,12.98,5.09,4.49,1.85,4.0
203,2026-04-05,TB2632,2026-04-05 09:29:00,2026-04-05 09:09:00,-20.0,2026-04-05 09:35:00,2026-04-05 09:44:00,B9  A,114.0,12.13,9.4,4.96,1.68,9.0
203,2026-04-05,TB2662,2026-04-05 09:15:00,2026-04-05 09:04:00,-11.0,2026-04-05 09:22:00,2026-04-05 09:30:00,B34 A,90.0,12.48,7.21,5.88,1.76,8.0
203,2026-04-05,TG934,2026-04-05 09:21:00,2026-04-05 09:16:00,-5.0,2026-04-05 09:38:00,2026-04-05 09:58:00,B38 A,249.0,14.74,16.9,5.03,2.32,20.0
203,2026-04-05,UA950,2026-04-05 10:20:00,2026-04-05 09:58:00,-22.0,2026-04-05 10:24:00,2026-04-05 10:51:00,B40 A,188.0,11.48,16.38,5.94,2.09,27.0
203,2026-04-05,UA994,2026-04-05 08:51:00,2026-04-05 08:32:00,-19.0,2026-04-05 08:52:00,2026-04-05 09:25:00,B40 A,171.0,11.02,15.51,3.82,3.25,33.0
203,2026-04-05,XR5402,2026-04-05 07:46:00,2026-04-05 08:56:00,70.0,2026-04-05 09:23:00,2026-04-05 09:26:00,B5  A,88.0,13.07,6.73,5.56,1.5,3.0
204,2026-04-05,AC832,2026-04-05 12:18:00,2026-04-05 11:38:00,-40.0,2026-04-05 11:54:00,2026-04-05 12:17:00,B30 A,100.0,11.39,8.78,4.52,1.97,23.0
204,2026-04-05,ET750,2026-04-05 11:13:00,2026-04-05 11:34:00,21.0,2026-04-05 12:17:00,2026-04-05 13:03:00,B17 A,464.0,11.93,38.89,4.49,1.88,46.0
204,2026-04-05,FH8116,2026-04-05 12:44:00,2026-04-05 12:48:00,4.0,2026-04-05 13:06:00,2026-04-05 13:13:00,B38 A,140.0,12.94,10.82,4.69,2.49,7.0
204,2026-04-05,LH1004,2026-04-05 12:50:00,2026-04-05 12:50:00,0.0,2026-04-05 13:03:00,2026-04-05 13:30:00,A43 ,40.0,14.03,2.85,3.72,2.24,27.0
204,2026-04-05,SN1122,2026-04-05 08:39:00,2026-04-05 09:08:00,29.0,2026-04-05 09:20:00,2026-04-05 09:21:00,B40 A,13.0,11.6,1.12,5.15,2.41,1.0
204,2026-04-05,SN1124,2026-04-05 07:10:00,2026-04-05 07:19:00,9.0,2026-04-05 07:32:00,2026-04-05 07:48:00,B30 A,138.0,13.46,10.26,6.05,1.47,16.0
204,2026-04-05,SN206,2026-04-05 06:25:00,2026-04-05 06:48:00,23.0,2026-04-05 07:07:00,2026-04-05 07:30:00,B38 A,154.0,9.77,15.77,6.82,1.71,23.0
204,2026-04-05,SN229,2026-04-05 10:04:00,2026-04-05 10:26:00,22.0,2026-04-05 10:41:00,2026-04-05 11:10:00,B31 A,120.0,10.59,11.33,6.12,1.76,29.0
204,2026-04-05,SN278,2026-04-05 08:43:00,2026-04-05 08:27:00,-16.0,2026-04-05 08:40:00,2026-04-05 09:10:00,B37 A,123.0,14.95,8.23,5.0,2.44,30.0
204,2026-04-05,SN2900,2026-04-05 10:44:00,2026-04-05 11:04:00,20.0,2026-04-05 11:13:00,2026-04-05 11:34:00,B32 A,49.0,13.31,3.68,4.15,2.33,21.0
204,2026-04-05,SN3326,2026-04-05 11:24:00,2026-04-05 11:41:00,17.0,2026-04-05 12:06:00,2026-04-05 12:12:00,B14 A,111.0,10.27,10.8,4.65,1.43,6.0
204,2026-04-05,SN358,2026-04-05 08:21:00,2026-04-05 08:24:00,3.0,2026-04-05 08:42:00,2026-04-05 09:09:00,B14 A,112.0,15.88,7.05,5.92,1.13,27.0
204,2026-04-05,SN379,2026-04-05 08:11:00,2026-04-05 08:40:00,29.0,2026-04-05 08:59:00,2026-04-05 09:27:00,B28 A,76.0,11.36,6.69,5.29,1.51,28.0
204,2026-04-05,SN3800,2026-04-05 06:15:00,2026-04-05 06:16:00,1.0,2026-04-05 06:28:00,2026-04-05 06:30:00,A65 ,27.0,12.27,2.2,5.97,1.4,2.0
204,2026-04-05,TB1552,2026-04-05 07:47:00,2026-04-05 07:43:00,-4.0,2026-04-05 07:55:00,2026-04-05 07:59:00,A68 ,66.0,11.56,5.71,5.49,1.52,4.0
204,2026-04-05,TB2632,2026-04-05 09:29:00,2026-04-05 09:09:00,-20.0,2026-04-05 09:35:00,2026-04-05 09:44:00,B9  A,114.0,10.11,11.28,4.82,1.73,9.0
204,2026-04-05,TB2662,2026-04-05 09:15:00,2026-04-05 09:04:00,-11.0,2026-04-05 09:22:00,2026-04-05 09:30:00,B34 A,90.0,15.01,6.0,5.12,2.02,8.0
204,2026-04-05,TG934,2026-04-05 12:22:00,2026-04-05 12:26:00,4.0,2026-04-05 12:46:00,2026-04-05 13:15:00,B34 A,260.0,15.14,17.17,4.49,2.3,29.0
204,2026-04-05,UA950,2026-04-05 10:20:00,2026-04-05 09:58:00,-22.0,2026-04-05 10:24:00,2026-04-05 10:51:00,B40 A,188.0,15.09,12.46,4.81,2.58,27.0
204,2026-04-05,UA994,2026-04-05 11:51:00,2026-04-05 11:37:00,-14.0,2026-04-05 11:55:00,2026-04-05 12:25:00,B40 A,157.0,13.97,11.24,5.94,2.09,30.0
204,2026-04-05,XR5402,2026-04-05 07:46:00,2026-04-05 08:56:00,70.0,2026-04-05 09:23:00,2026-04-05 09:26:00,B5  A,88.0,12.43,7.08,4.21,1.98,3.0
205,2026-04-05,AC832,2026-04-05 08:17:00,2026-04-05 07:46:00,-31.0,2026-04-05 08:02:00,2026-04-05 08:29:00,B30 A,122.0,9.64,12.65,6.31,1.41,27.0
205,2026-04-05,ET750,2026-04-05 11:13:00,2026-04-05 11:34:00,21.0,2026-04-05 12:17:00,2026-04-05 13:03:00,B17 A,464.0,15.15,30.63,5.51,1.53,46.0
205,2026-04-05,FH8116,2026-04-05 12:44:00,2026-04-05 12:48:00,4.0,2026-04-05 13:06:00,2026-04-05 13:13:00,B38 A,140.0,10.42,13.44,5.05,2.31,7.0
205,2026-04-05,LH1004,2026-04-05 12:50:00,2026-04-05 12:50:00,0.0,2026-04-05 13:03:00,2026-04-05 13:30:00,A43 ,40.0,14.84,2.7,3.75,2.22,27.0
205,2026-04-05,SN1122,2026-04-05 08:39:00,2026-04-05 09:08:00,29.0,2026-04-05 09:20:00,2026-04-05 09:21:00,B40 A,13.0,11.55,1.13,3.91,3.18,1.0
205,2026-04-05,SN1124,2026-04-05 07:10:00,2026-04-05 07:19:00,9.0,2026-04-05 07:32:00,2026-04-05 07:48:00,B30 A,138.0,14.87,9.28,4.36,2.04,16.0
205,2026-04-05,SN206,2026-04-05 06:25:00,2026-04-05 06:48:00,23.0,2026-04-05 07:07:00,2026-04-05 07:30:00,B38 A,154.0,10.26,15.01,4.48,2.61,23.0
205,2026-04-05,SN229,2026-04-05 12:06:00,2026-04-05 12:12:00,6.0,2026-04-05 12:39:00,2026-04-05 13:03:00,B28 A,20.0,12.42,1.61,5.05,1.59,24.0
205,2026-04-05,SN278,2026-04-05 12:46:00,2026-04-05 12:41:00,-5.0,2026-04-05 13:04:00,2026-04-05 13:33:00,B31 A,62.0,11.45,5.42,5.29,2.03,29.0
205,2026-04-05,SN2900,2026-04-05 10:44:00,2026-04-05 11:04:00,20.0,2026-04-05 11:13:00,2026-04-05 11:34:00,B32 A,49.0,11.7,4.19,6.21,1.56,21.0
205,2026-04-05,SN3326,2026-04-05 11:24:00,2026-04-05 11:41:00,17.0,2026-04-05 12:06:00,2026-04-05 12:12:00,B14 A,111.0,14.96,7.42,4.88,1.37,6.0
205,2026-04-05,SN358,2026-04-05 08:21:00,2026-04-05 08:24:00,3.0,2026-04-05 08:42:00,2026-04-05 09:09:00,B14 A,112.0,11.58,9.67,6.27,1.06,27.0
205,2026-04-05,SN379,2026-04-05 08:11:00,2026-04-05 08:40:00,29.0,2026-04-05 08:59:00,2026-04-05 09:27:00,B28 A,76.0,14.12,5.38,4.1,1.95,28.0
205,2026-04-05,SN3800,2026-04-05 06:15:00,2026-04-05 06:16:00,1.0,2026-04-05 06:28:00,2026-04-05 06:30:00,A65 ,27.0,13.5,2.0,7.82,1.07,2.0
205,2026-04-05,TB1552,2026-04-05 07:47:00,2026-04-05 07:43:00,-4.0,2026-04-05 07:55:00,2026-04-05 07:59:00,A68 ,66.0,15.19,4.34,5.19,1.61,4.0
205,2026-04-05,TB2632,2026-04-05 09:29:00,2026-04-05 09:09:00,-20.0,2026-04-05 09:35:00,2026-04-05 09:44:00,B9  A,114.0,12.42,9.18,4.45,1.87,9.0
205,2026-04-05,TB2662,2026-04-05 09:15:00,2026-04-05 09:04:00,-11.0,2026-04-05 09:22:00,2026-04-05 09:30:00,B34 A,90.0,12.13,7.42,3.74,2.76,8.0
205,2026-04-05,TG934,2026-04-05 09:21:00,2026-04-05 09:16:00,-5.0,2026-04-05 09:38:00,2026-04-05 09:58:00,B38 A,249.0,14.29,17.42,5.42,2.15,20.0
205,2026-04-05,UA950,2026-04-05 12:20:00,2026-04-05 11:58:00,-22.0,2026-04-05 12:14:00,2026-04-05 12:42:00,B37 A,127.0,13.43,9.46,3.76,3.24,28.0
205,2026-04-05,UA994,2026-04-05 09:51:00,2026-04-05 11:28:00,97.0,2026-04-05 11:44:00,2026-04-05 12:09:00,B40 A,135.0,12.52,10.78,4.77,2.6,25.0
205,2026-04-05,XR5402,2026-04-05 07:46:00,2026-04-05 08:56:00,70.0,2026-04-05 09:23:00,2026-04-05 09:26:00,B5  A,88.0,13.68,6.43,4.93,1.69,3.0
206,2026-04-05,AC832,2026-04-05 09:18:00,2026-04-05 08:45:00,-33.0,2026-04-05 09:06:00,2026-04-05 09:59:00,B28 A,110.0,12.83,8.57,4.86,1.65,53.0
206,2026-04-05,ET750,2026-04-05 11:13:00,2026-04-05 11:34:00,21.0,2026-04-05 12:17:00,2026-04-05 13:03:00,B17 A,464.0,12.87,36.05,6.88,1.22,46.0
206,2026-04-05,FH8116,2026-04-05 12:44:00,2026-04-05 12:48:00,4.0,2026-04-05 13:06:00,2026-04-05 13:13:00,B38 A,140.0,14.88,9.41,5.24,2.22,7.0
206,2026-04-05,LH1004,2026-04-05 12:50:00,2026-04-05 12:50:00,0.0,2026-04-05 13:03:00,2026-04-05 13:30:00,A43 ,40.0,14.34,2.79,4.81,1.73,27.0
206,2026-04-05,SN1122,2026-04-05 08:39:00,2026-04-05 09:08:00,29.0,2026-04-05 09:20:00,2026-04-05 09:21:00,B40 A,13.0,14.63,0.89,4.48,2.77,1.0
206,2026-04-05,SN1124,2026-04-05 07:10:00,2026-04-05 07:19:00,9.0,2026-04-05 07:32:00,2026-04-05 07:48:00,B30 A,138.0,13.04,10.58,4.67,1.91,16.0
206,2026-04-05,SN206,2026-04-05 06:25:00,2026-04-05 06:48:00,23.0,2026-04-05 07:07:00,2026-04-05 07:30:00,B38 A,154.0,14.24,10.81,5.51,2.12,23.0
206,2026-04-05,SN229,2026-04-05 08:06:00,2026-04-05 09:20:00,74.0,2026-04-05 09:41:00,2026-04-05 10:22:00,B14 A,144.0,14.47,9.95,4.49,1.48,41.0
206,2026-04-05,SN278,2026-04-05 08:43:00,2026-04-05 08:27:00,-16.0,2026-04-05 08:40:00,2026-04-05 09:10:00,B37 A,123.0,12.45,9.88,5.1,2.39,30.0
206,2026-04-05,SN2900,2026-04-05 08:46:00,2026-04-05 08:33:00,-13.0,2026-04-05 08:58:00,2026-04-05 09:02:00,B14 A,79.0,15.73,5.02,4.81,1.39,4.0
206,2026-04-05,SN3326,2026-04-05 11:24:00,2026-04-05 11:41:00,17.0,2026-04-05 12:06:00,2026-04-05 12:12:00,B14 A,111.0,12.55,8.84,5.24,1.27,6.0
206,2026-04-05,SN358,2026-04-05 08:21:00,2026-04-05 08:24:00,3.0,2026-04-05 08:42:00,2026-04-05 09:09:00,B14 A,112.0,13.78,8.13,4.3,1.55,27.0
206,2026-04-05,SN379,2026-04-05 10:10:00,2026-04-05 11:03:00,53.0,2026-04-05 11:42:00,2026-04-05 12:19:00,B29 A,161.0,15.99,10.07,6.27,1.57,37.0
206,2026-04-05,SN3800,2026-04-05 06:15:00,2026-04-05 06:16:00,1.0,2026-04-05 06:28:00,2026-04-05 06:30:00,A65 ,27.0,13.43,2.01,4.91,1.7,2.0
206,2026-04-05,TB1552,2026-04-05 07:15:00,2026-04-05 07:08:00,-7.0,2026-04-05 07:38:00,2026-04-05 07:45:00,A61 ,152.0,9.08,16.74,5.2,1.6,7.0
206,2026-04-05,TB2632,2026-04-05 09:29:00,2026-04-05 09:09:00,-20.0,2026-04-05 09:35:00,2026-04-05 09:44:00,B9  A,114.0,12.08,9.43,5.12,1.63,9.0
206,2026-04-05,TB2662,2026-04-05 09:15:00,2026-04-05 09:04:00,-11.0,2026-04-05 09:22:00,2026-04-05 09:30:00,B34 A,90.0,12.3,7.32,5.8,1.78,8.0
206,2026-04-05,TG934,2026-04-05 09:21:00,2026-04-05 09:16:00,-5.0,2026-04-05 09:38:00,2026-04-05 09:58:00,B38 A,249.0,15.56,16.0,5.64,2.07,20.0
206,2026-04-05,UA950,2026-04-05 11:22:00,2026-04-05 11:02:00,-20.0,2026-04-05 11:22:00,2026-04-05 11:45:00,B28 A,170.0,14.41,11.79,5.51,1.45,23.0
206,2026-04-05,UA994,2026-04-05 08:51:00,2026-04-05 08:32:00,-19.0,2026-04-05 08:52:00,2026-04-05 09:25:00,B40 A,171.0,15.42,11.09,5.25,2.37,33.0
206,2026-04-05,XR5402,2026-04-05 07:46:00,2026-04-05 08:56:00,70.0,2026-04-05 09:23:00,2026-04-05 09:26:00,B5  A,88.0,10.46,8.41,4.48,1.86,3.0
207,2026-04-05,AC832,2026-04-05 09:18:00,2026-04-05 08:45:00,-33.0,2026-04-05 09:06:00,2026-04-05 09:59:00,B28 A,110.0,12.64,8.71,4.86,1.64,53.0
207,2026-04-05,ET750,2026-04-05 11:13:00,2026-04-05 11:34:00,21.0,2026-04-05 12:17:00,2026-04-05 13:03:00,B17 A,464.0,13.09,35.44,4.84,1.74,46.0
207,2026-04-05,FH8116,2026-04-05 12:44:00,2026-04-05 12:48:00,4.0,2026-04-05 13:06:00,2026-04-05 13:13:00,B38 A,140.0,15.53,9.02,5.39,2.16,7.0
207,2026-04-05,LH1004,2026-04-05 12:50:00,2026-04-05 12:50:00,0.0,2026-04-05 13:03:00,2026-04-05 13:30:00,A43 ,40.0,10.42,3.84,3.89,2.14,27.0
207,2026-04-05,SN1122,2026-04-05 08:39:00,2026-04-05 09:08:00,29.0,2026-04-05 09:20:00,2026-04-05 09:21:00,B40 A,13.0,12.91,1.01,5.17,2.4,1.0
207,2026-04-05,SN1124,2026-04-05 07:10:00,2026-04-05 07:19:00,9.0,2026-04-05 07:32:00,2026-04-05 07:48:00,B30 A,138.0,15.71,8.78,4.05,2.2,16.0
207,2026-04-05,SN206,2026-04-05 06:25:00,2026-04-05 06:48:00,23.0,2026-04-05 07:07:00,2026-04-05 07:30:00,B38 A,154.0,10.35,14.88,4.65,2.51,23.0
207,2026-04-05,SN229,2026-04-05 08:06:00,2026-04-05 09:20:00,74.0,2026-04-05 09:41:00,2026-04-05 10:22:00,B14 A,144.0,12.33,11.68,5.32,1.25,41.0
207,2026-04-05,SN278,2026-04-05 10:45:00,2026-04-05 10:42:00,-3.0,2026-04-05 11:04:00,2026-04-05 11:16:00,B28 A,198.0,12.44,15.91,5.39,1.48,12.0
207,2026-04-05,SN2900,2026-04-05 10:44:00,2026-04-05 11:04:00,20.0,2026-04-05 11:13:00,2026-04-05 11:34:00,B32 A,49.0,12.47,3.93,5.05,1.91,21.0
207,2026-04-05,SN3326,2026-04-05 11:24:00,2026-04-05 11:41:00,17.0,2026-04-05 12:06:00,2026-04-05 12:12:00,B14 A,111.0,11.13,9.98,4.6,1.45,6.0
207,2026-04-05,SN358,2026-04-05 08:21:00,2026-04-05 08:24:00,3.0,2026-04-05 08:42:00,2026-04-05 09:09:00,B14 A,112.0,15.49,7.23,6.59,1.01,27.0
207,2026-04-05,SN379,2026-04-05 08:11:00,2026-04-05 08:40:00,29.0,2026-04-05 08:59:00,2026-04-05 09:27:00,B28 A,76.0,15.49,4.91,4.75,1.69,28.0
207,2026-04-05,SN3800,2026-04-05 06:15:00,2026-04-05 06:16:00,1.0,2026-04-05 06:28:00,2026-04-05 06:30:00,A65 ,27.0,10.13,2.66,4.19,1.99,2.0
207,2026-04-05,TB1552,2026-04-05 07:15:00,2026-04-05 07:08:00,-7.0,2026-04-05 07:38:00,2026-04-05 07:45:00,A61 ,152.0,14.44,10.53,5.86,1.42,7.0
207,2026-04-05,TB2632,2026-04-05 09:29:00,2026-04-05 09:09:00,-20.0,2026-04-05 09:35:00,2026-04-05 09:44:00,B9  A,114.0,10.29,11.08,6.19,1.35,9.0
207,2026-04-05,TB2662,2026-04-05 09:15:00,2026-04-05 09:04:00,-11.0,2026-04-05 09:22:00,2026-04-05 09:30:00,B34 A,90.0,11.36,7.92,3.94,2.62,8.0
207,2026-04-05,TG934,2026-04-05 09:21:00,2026-04-05 09:16:00,-5.0,2026-04-05 09:38:00,2026-04-05 09:58:00,B38 A,249.0,13.02,19.13,5.73,2.04,20.0
207,2026-04-05,UA950,2026-04-05 12:20:00,2026-04-05 11:58:00,-22.0,2026-04-05 12:14:00,2026-04-05 12:42:00,B37 A,127.0,10.35,12.27,4.74,2.57,28.0
207,2026-04-05,UA994,2026-04-05 11:51:00,2026-04-05 11:37:00,-14.0,2026-04-05 11:55:00,2026-04-05 12:25:00,B40 A,157.0,13.93,11.27,4.12,3.01,30.0
207,2026-04-05,XR5402,2026-04-05 07:46:00,2026-04-05 08:56:00,70.0,2026-04-05 09:23:00,2026-04-05 09:26:00,B5  A,88.0,10.88,8.09,4.72,1.77,3.0
208,2026-04-05,AC832,2026-04-05 11:16:00,2026-04-05 10:39:00,-37.0,2026-04-05 10:54:00,2026-04-05 11:24:00,B5  A,101.0,13.24,7.63,5.88,1.42,30.0
208,2026-04-05,ET750,2026-04-05 11:13:00,2026-04-05 11:34:00,21.0,2026-04-05 12:17:00,2026-04-05 13:03:00,B17 A,464.0,15.98,29.03,5.5,1.53,46.0
208,2026-04-05,FH8116,2026-04-05 06:35:00,2026-04-05 06:00:00,-35.0,2026-04-05 06:07:00,2026-04-05 06:09:00,B15 A,22.0,10.12,2.17,5.18,1.49,2.0
208,2026-04-05,LH1004,2026-04-05 12:50:00,2026-04-05 12:50:00,0.0,2026-04-05 13:03:00,2026-04-05 13:30:00,A43 ,40.0,11.74,3.41,5.29,1.57,27.0
208,2026-04-05,SN1122,2026-04-05 08:39:00,2026-04-05 09:08:00,29.0,2026-04-05 09:20:00,2026-04-05 09:21:00,B40 A,13.0,11.57,1.12,6.26,1.98,1.0
208,2026-04-05,SN1124,2026-04-05 07:10:00,2026-04-05 07:19:00,9.0,2026-04-05 07:32:00,2026-04-05 07:48:00,B30 A,138.0,13.08,10.55,5.29,1.68,16.0
208,2026-04-05,SN206,2026-04-05 06:25:00,2026-04-05 06:48:00,23.0,2026-04-05 07:07:00,2026-04-05 07:30:00,B38 A,154.0,10.23,15.06,4.56,2.56,23.0
208,2026-04-05,SN229,2026-04-05 10:04:00,2026-04-05 10:26:00,22.0,2026-04-05 10:41:00,2026-04-05 11:10:00,B31 A,120.0,12.12,9.9,4.74,2.27,29.0
208,2026-04-05,SN278,2026-04-05 08:43:00,2026-04-05 08:27:00,-16.0,2026-04-05 08:40:00,2026-04-05 09:10:00,B37 A,123.0,15.56,7.91,7.21,1.69,30.0
208,2026-04-05,SN2900,2026-04-05 07:39:00,2026-04-05 07:25:00,-14.0,2026-04-05 07:38:00,2026-04-05 07:53:00,B38 A,55.0,11.14,4.94,5.2,2.24,15.0
208,2026-04-05,SN3326,2026-04-05 11:24:00,2026-04-05 11:41:00,17.0,2026-04-05 12:06:00,2026-04-05 12:12:00,B14 A,111.0,11.13,9.98,5.7,1.17,6.0
208,2026-04-05,SN358,2026-04-05 08:21:00,2026-04-05 08:24:00,3.0,2026-04-05 08:42:00,2026-04-05 09:09:00,B14 A,112.0,13.21,8.48,4.76,1.4,27.0
208,2026-04-05,SN379,2026-04-05 08:11:00,2026-04-05 08:40:00,29.0,2026-04-05 08:59:00,2026-04-05 09:27:00,B28 A,76.0,12.57,6.05,5.32,1.5,28.0
208,2026-04-05,SN3800,2026-04-05 06:15:00,2026-04-05 06:16:00,1.0,2026-04-05 06:28:00,2026-04-05 06:30:00,A65 ,27.0,12.46,2.17,5.11,1.63,2.0
208,2026-04-05,TB1552,2026-04-05 07:15:00,2026-04-05 07:08:00,-7.0,2026-04-05 07:38:00,2026-04-05 07:45:00,A61 ,152.0,12.88,11.8,5.33,1.56,7.0
208,2026-04-05,TB2632,2026-04-05 09:29:00,2026-04-05 09:09:00,-20.0,2026-04-05 09:35:00,2026-04-05 09:44:00,B9  A,114.0,8.95,12.74,3.95,2.11,9.0
208,2026-04-05,TB2662,2026-04-05 09:15:00,2026-04-05 09:04:00,-11.0,2026-04-05 09:22:00,2026-04-05 09:30:00,B34 A,90.0,13.28,6.77,7.31,1.41,8.0
208,2026-04-05,TG934,2026-04-05 09:21:00,2026-04-05 09:16:00,-5.0,2026-04-05 09:38:00,2026-04-05 09:58:00,B38 A,249.0,13.5,18.44,3.78,3.09,20.0
208,2026-04-05,UA950,2026-04-05 09:21:00,2026-04-05 08:45:00,-36.0,2026-04-05 09:03:00,2026-04-05 09:29:00,B5  A,163.0,10.97,14.86,6.26,1.33,26.0
208,2026-04-05,UA994,2026-04-05 10:51:00,2026-04-05 10:01:00,-50.0,2026-04-05 10:18:00,2026-04-05 10:42:00,B38 A,177.0,15.09,11.73,4.64,2.51,24.0
208,2026-04-05,XR5402,2026-04-05 07:46:00,2026-04-05 08:56:00,70.0,2026-04-05 09:23:00,2026-04-05 09:26:00,B5  A,88.0,12.94,6.8,4.77,1.75,3.0
209,2026-04-05,AC832,2026-04-05 10:17:00,2026-04-05 10:43:00,26.0,2026-04-05 11:00:00,2026-04-05 11:34:00,B14 A,172.0,12.68,13.57,3.44,1.94,34.0
209,2026-04-05,ET750,2026-04-05 09:11:00,2026-04-05 09:13:00,2.0,2026-04-05 09:42:00,2026-04-05 10:46:00,B40 A,421.0,16.03,26.26,5.38,2.31,64.0
209,2026-04-05,FH8116,2026-04-05 12:44:00,2026-04-05 12:48:00,4.0,2026-04-05 13:06:00,2026-04-05 13:13:00,B38 A,140.0,13.22,10.59,6.25,1.87,7.0
209,2026-04-05,LH1004,2026-04-05 11:51:00,2026-04-05 11:47:00,-4.0,2026-04-05 12:07:00,2026-04-05 12:12:00,A43 ,23.0,9.02,2.55,4.77,1.75,5.0
209,2026-04-05,SN1122,2026-04-05 08:39:00,2026-04-05 09:08:00,29.0,2026-04-05 09:20:00,2026-04-05 09:21:00,B40 A,13.0,13.38,0.97,4.7,2.64,1.0
209,2026-04-05,SN1124,2026-04-05 07:10:00,2026-04-05 07:19:00,9.0,2026-04-05 07:32:00,2026-04-05 07:48:00,B30 A,138.0,12.67,10.89,5.58,1.6,16.0
209,2026-04-05,SN206,2026-04-05 06:25:00,2026-04-05 06:48:00,23.0,2026-04-05 07:07:00,2026-04-05 07:30:00,B38 A,154.0,13.68,11.26,3.36,3.48,23.0
209,2026-04-05,SN229,2026-04-05 08:06:00,2026-04-05 09:20:00,74.0,2026-04-05 09:41:00,2026-04-05 10:22:00,B14 A,144.0,14.9,9.66,5.1,1.31,41.0
209,2026-04-05,SN278,2026-04-05 10:45:00,2026-04-05 10:42:00,-3.0,2026-04-05 11:04:00,2026-04-05 11:16:00,B28 A,198.0,13.45,14.72,4.33,1.85,12.0
209,2026-04-05,SN2900,2026-04-05 08:46:00,2026-04-05 08:33:00,-13.0,2026-04-05 08:58:00,2026-04-05 09:02:00,B14 A,79.0,14.85,5.32,5.07,1.32,4.0
209,2026-04-05,SN3326,2026-04-05 07:45:00,2026-04-05 08:05:00,20.0,2026-04-05 08:16:00,2026-04-05 08:36:00,B28 A,123.0,15.97,7.7,4.94,1.62,20.0
209,2026-04-05,SN358,2026-04-05 12:21:00,2026-04-05 12:23:00,2.0,2026-04-05 12:43:00,2026-04-05 13:14:00,B28 A,176.0,12.47,14.11,4.74,1.69,31.0
209,2026-04-05,SN379,2026-04-05 10:10:00,2026-04-05 11:03:00,53.0,2026-04-05 11:42:00,2026-04-05 12:19:00,B29 A,161.0,14.15,11.38,4.83,2.03,37.0
209,2026-04-05,SN3800,2026-04-05 06:15:00,2026-04-05 06:16:00,1.0,2026-04-05 06:28:00,2026-04-05 06:30:00,A65 ,27.0,8.31,3.25,4.57,1.82,2.0
209,2026-04-05,TB1552,2026-04-05 07:15:00,2026-04-05 07:08:00,-7.0,2026-04-05 07:38:00,2026-04-05 07:45:00,A61 ,152.0,13.19,11.52,4.64,1.8,7.0
209,2026-04-05,TB2632,2026-04-05 09:29:00,2026-04-05 09:09:00,-20.0,2026-04-05 09:35:00,2026-04-05 09:44:00,B9  A,114.0,12.48,9.13,4.26,1.95,9.0
209,2026-04-05,TB2662,2026-04-05 09:15:00,2026-04-05 09:04:00,-11.0,2026-04-05 09:22:00,2026-04-05 09:30:00,B34 A,90.0,13.2,6.82,5.35,1.93,8.0
209,2026-04-05,TG934,2026-04-05 09:21:00,2026-04-05 09:16:00,-5.0,2026-04-05 09:38:00,2026-04-05 09:58:00,B38 A,249.0,12.8,19.45,5.17,2.25,20.0
209,2026-04-05,UA950,2026-04-05 10:20:00,2026-04-05 09:58:00,-22.0,2026-04-05 10:24:00,2026-04-05 10:51:00,B40 A,188.0,13.27,14.17,5.06,2.45,27.0
209,2026-04-05,UA994,2026-04-05 08:51:00,2026-04-05 08:32:00,-19.0,2026-04-05 08:52:00,2026-04-05 09:25:00,B40 A,171.0,10.08,16.96,6.02,2.06,33.0
209,2026-04-05,XR5402,2026-04-05 07:46:00,2026-04-05 08:56:00,70.0,2026-04-05 09:23:00,2026-04-05 09:26:00,B5  A,88.0,13.8,6.38,4.49,1.85,3.0
210,2026-04-05,AC832,2026-04-05 09:18:00,2026-04-05 08:45:00,-33.0,2026-04-05 09:06:00,2026-04-05 09:59:00,B28 A,110.0,11.27,9.76,4.06,1.97,53.0
210,2026-04-05,ET750,2026-04-05 11:13:00,2026-04-05 11:34:00,21.0,2026-04-05 12:17:00,2026-04-05 13:03:00,B17 A,464.0,13.31,34.87,5.8,1.45,46.0
210,2026-04-05,FH8116,2026-04-05 06:35:00,2026-04-05 06:00:00,-35.0,2026-04-05 06:07:00,2026-04-05 06:09:00,B15 A,22.0,12.08,1.82,4.51,1.71,2.0
210,2026-04-05,LH1004,2026-04-05 08:50:00,2026-04-05 08:53:00,3.0,2026-04-05 09:06:00,2026-04-05 09:12:00,A43 ,29.0,9.46,3.07,4.47,1.87,6.0
210,2026-04-05,SN1122,2026-04-05 08:39:00,2026-04-05 09:08:00,29.0,2026-04-05 09:20:00,2026-04-05 09:21:00,B40 A,13.0,9.05,1.44,4.49,2.76,1.0
210,2026-04-05,SN1124,2026-04-05 07:10:00,2026-04-05 07:19:00,9.0,2026-04-05 07:32:00,2026-04-05 07:48:00,B30 A,138.0,13.96,9.88,3.72,2.39,16.0
210,2026-04-05,SN206,2026-04-05 06:25:00,2026-04-05 06:48:00,23.0,2026-04-05 07:07:00,2026-04-05 07:30:00,B38 A,154.0,14.33,10.75,4.42,2.64,23.0
210,2026-04-05,SN229,2026-04-05 08:06:00,2026-04-05 09:20:00,74.0,2026-04-05 09:41:00,2026-04-05 10:22:00,B14 A,144.0,13.79,10.44,6.45,1.03,41.0
210,2026-04-05,SN278,2026-04-05 08:43:00,2026-04-05 08:27:00,-16.0,2026-04-05 08:40:00,2026-04-05 09:10:00,B37 A,123.0,14.34,8.58,3.95,3.08,30.0
210,2026-04-05,SN2900,2026-04-05 10:44:00,2026-04-05 11:04:00,20.0,2026-04-05 11:13:00,2026-04-05 11:34:00,B32 A,49.0,10.11,4.85,5.23,1.85,21.0
210,2026-04-05,SN3326,2026-04-05 11:24:00,2026-04-05 11:41:00,17.0,2026-04-05 12:06:00,2026-04-05 12:12:00,B14 A,111.0,11.26,9.86,5.92,1.13,6.0
210,2026-04-05,SN358,2026-04-05 08:21:00,2026-04-05 08:24:00,3.0,2026-04-05 08:42:00,2026-04-05 09:09:00,B14 A,112.0,10.34,10.83,5.06,1.32,27.0
210,2026-04-05,SN379,2026-04-05 10:10:00,2026-04-05 11:03:00,53.0,2026-04-05 11:42:00,2026-04-05 12:19:00,B29 A,161.0,10.13,15.9,5.09,1.93,37.0
210,2026-04-05,SN3800,2026-04-05 06:15:00,2026-04-05 06:16:00,1.0,2026-04-05 06:28:00,2026-04-05 06:30:00,A65 ,27.0,9.22,2.93,3.37,2.47,2.0
210,2026-04-05,TB1552,2026-04-05 07:15:00,2026-04-05 07:08:00,-7.0,2026-04-05 07:38:00,2026-04-05 07:45:00,A61 ,152.0,10.38,14.65,4.83,1.73,7.0
210,2026-04-05,TB2632,2026-04-05 09:29:00,2026-04-05 09:09:00,-20.0,2026-04-05 09:35:00,2026-04-05 09:44:00,B9  A,114.0,12.85,8.87,4.27,1.95,9.0
210,2026-04-05,TB2662,2026-04-05 09:15:00,2026-04-05 09:04:00,-11.0,2026-04-05 09:22:00,2026-04-05 09:30:00,B34 A,90.0,13.2,6.82,3.51,2.95,8.0
210,2026-04-05,TG934,2026-04-05 09:21:00,2026-04-05 09:16:00,-5.0,2026-04-05 09:38:00,2026-04-05 09:58:00,B38 A,249.0,13.75,18.11,3.53,3.3,20.0
210,2026-04-05,UA950,2026-04-05 09:21:00,2026-04-05 08:45:00,-36.0,2026-04-05 09:03:00,2026-04-05 09:29:00,B5  A,163.0,11.7,13.93,5.02,1.66,26.0
210,2026-04-05,UA994,2026-04-05 08:51:00,2026-04-05 08:32:00,-19.0,2026-04-05 08:52:00,2026-04-05 09:25:00,B40 A,171.0,16.01,10.68,5.28,2.35,33.0
210,2026-04-05,XR5402,2026-04-05 07:46:00,2026-04-05 08:56:00,70.0,2026-04-05 09:23:00,2026-04-05 09:26:00,B5  A,88.0,11.99,7.34,5.75,1.45,3.0
211,2026-04-05,AC832,2026-04-05 12:18:00,2026-04-05 11:38:00,-40.0,2026-04-05 11:54:00,2026-04-05 12:17:00,B30 A,100.0,11.77,8.5,5.12,1.74,23.0
211,2026-04-05,ET750,2026-04-05 11:13:00,2026-04-05 11:34:00,21.0,2026-04-05 12:17:00,2026-04-05 13:03:00,B17 A,464.0,12.36,37.54,3.91,2.15,46.0
211,2026-04-05,FH8116,2026-04-05 12:44:00,2026-04-05 12:48:00,4.0,2026-04-05 13:06:00,2026-04-05 13:13:00,B38 A,140.0,10.51,13.31,4.82,2.42,7.0
211,2026-04-05,LH1004,2026-04-05 09:50:00,2026-04-05 09:53:00,3.0,2026-04-05 10:20:00,2026-04-05 10:27:00,A43 ,33.0,16.16,2.04,5.26,1.59,7.0
211,2026-04-05,SN1122,2026-04-05 08:39:00,2026-04-05 09:08:00,29.0,2026-04-05 09:20:00,2026-04-05 09:21:00,B40 A,13.0,10.31,1.26,4.98,2.49,1.0
211,2026-04-05,SN1124,2026-04-05 07:10:00,2026-04-05 07:19:00,9.0,2026-04-05 07:32:00,2026-04-05 07:48:00,B30 A,138.0,14.88,9.28,3.94,2.26,16.0
211,2026-04-05,SN206,2026-04-05 06:25:00,2026-04-05 06:48:00,23.0,2026-04-05 07:07:00,2026-04-05 07:30:00,B38 A,154.0,10.43,14.76,7.19,1.62,23.0
211,2026-04-05,SN229,2026-04-05 10:04:00,2026-04-05 10:26:00,22.0,2026-04-05 10:41:00,2026-04-05 11:10:00,B31 A,120.0,10.75,11.16,4.13,2.6,29.0
211,2026-04-05,SN278,2026-04-05 10:45:00,2026-04-05 10:42:00,-3.0,2026-04-05 11:04:00,2026-04-05 11:16:00,B28 A,198.0,12.77,15.51,4.64,1.72,12.0
211,2026-04-05,SN2900,2026-04-05 07:39:00,2026-04-05 07:25:00,-14.0,2026-04-05 07:38:00,2026-04-05 07:53:00,B38 A,55.0,14.43,3.81,6.35,1.84,15.0
211,2026-04-05,SN3326,2026-04-05 11:24:00,2026-04-05 11:41:00,17.0,2026-04-05 12:06:00,2026-04-05 12:12:00,B14 A,111.0,9.27,11.98,5.87,1.14,6.0
211,2026-04-05,SN358,2026-04-05 08:21:00,2026-04-05 08:24:00,3.0,2026-04-05 08:42:00,2026-04-05 09:09:00,B14 A,112.0,13.86,8.08,4.25,1.57,27.0
211,2026-04-05,SN379,2026-04-05 08:11:00,2026-04-05 08:40:00,29.0,2026-04-05 08:59:00,2026-04-05 09:27:00,B28 A,76.0,11.02,6.9,4.68,1.71,28.0
211,2026-04-05,SN3800,2026-04-05 06:15:00,2026-04-05 06:16:00,1.0,2026-04-05 06:28:00,2026-04-05 06:30:00,A65 ,27.0,13.01,2.08,4.53,1.84,2.0
211,2026-04-05,TB1552,2026-04-05 07:15:00,2026-04-05 07:08:00,-7.0,2026-04-05 07:38:00,2026-04-05 07:45:00,A61 ,152.0,11.04,13.76,6.36,1.31,7.0
211,2026-04-05,TB2632,2026-04-05 09:29:00,2026-04-05 09:09:00,-20.0,2026-04-05 09:35:00,2026-04-05 09:44:00,B9  A,114.0,12.47,9.14,4.8,1.74,9.0
211,2026-04-05,TB2662,2026-04-05 09:15:00,2026-04-05 09:04:00,-11.0,2026-04-05 09:22:00,2026-04-05 09:30:00,B34 A,90.0,12.66,7.11,4.72,2.19,8.0
211,2026-04-05,TG934,2026-04-05 09:21:00,2026-04-05 09:16:00,-5.0,2026-04-05 09:38:00,2026-04-05 09:58:00,B38 A,249.0,13.55,18.37,5.74,2.03,20.0
211,2026-04-05,UA950,2026-04-05 10:20:00,2026-04-05 09:58:00,-22.0,2026-04-05 10:24:00,2026-04-05 10:51:00,B40 A,188.0,14.61,12.87,6.01,2.07,27.0
211,2026-04-05,UA994,2026-04-05 08:51:00,2026-04-05 08:32:00,-19.0,2026-04-05 08:52:00,2026-04-05 09:25:00,B40 A,171.0,14.38,11.89,5.13,2.42,33.0
211,2026-04-05,XR5402,2026-04-05 07:46:00,2026-04-05 08:56:00,70.0,2026-04-05 09:23:00,2026-04-05 09:26:00,B5  A,88.0,10.98,8.02,5.97,1.4,3.0
212,2026-04-05,AC832,2026-04-05 11:16:00,2026-04-05 10:39:00,-37.0,2026-04-05 10:54:00,2026-04-05 11:24:00,B5  A,101.0,11.42,8.84,4.81,1.73,30.0
212,2026-04-05,ET750,2026-04-05 11:13:00,2026-04-05 11:34:00,21.0,2026-04-05 12:17:00,2026-04-05 13:03:00,B17 A,464.0,12.02,38.59,3.82,2.21,46.0
212,2026-04-05,FH8116,2026-04-05 12:44:00,2026-04-05 12:48:00,4.0,2026-04-05 13:06:00,2026-04-05 13:13:00,B38 A,140.0,11.34,12.34,4.53,2.58,7.0
212,2026-04-05,LH1004,2026-04-05 09:50:00,2026-04-05 09:53:00,3.0,2026-04-05 10:20:00,2026-04-05 10:27:00,A43 ,33.0,14.49,2.28,3.9,2.13,7.0
212,2026-04-05,SN1122,2026-04-05 08:39:00,2026-04-05 09:08:00,29.0,2026-04-05 09:20:00,2026-04-05 09:21:00,B40 A,13.0,11.24,1.16,4.29,2.89,1.0
212,2026-04-05,SN1124,2026-04-05 07:10:00,2026-04-05 07:19:00,9.0,2026-04-05 07:32:00,2026-04-05 07:48:00,B30 A,138.0,13.02,10.6,5.94,1.5,16.0
212,2026-04-05,SN206,2026-04-05 06:25:00,2026-04-05 06:48:00,23.0,2026-04-05 07:07:00,2026-04-05 07:30:00,B38 A,154.0,13.34,11.54,4.5,2.59,23.0
212,2026-04-05,SN229,2026-04-05 12:06:00,2026-04-05 12:12:00,6.0,2026-04-05 12:39:00,2026-04-05 13:03:00,B28 A,20.0,12.27,1.63,5.47,1.46,24.0
212,2026-04-05,SN278,2026-04-05 12:46:00,2026-04-05 12:41:00,-5.0,2026-04-05 13:04:00,2026-04-05 13:33:00,B31 A,62.0,10.36,5.99,5.23,2.06,29.0
212,2026-04-05,SN2900,2026-04-05 07:39:00,2026-04-05 07:25:00,-14.0,2026-04-05 07:38:00,2026-04-05 07:53:00,B38 A,55.0,12.91,4.26,4.64,2.51,15.0
212,2026-04-05,SN3326,2026-04-05 11:24:00,2026-04-05 11:41:00,17.0,2026-04-05 12:06:00,2026-04-05 12:12:00,B14 A,111.0,13.1,8.48,5.27,1.27,6.0
212,2026-04-05,SN358,2026-04-05 10:21:00,2026-04-05 11:13:00,52.0,2026-04-05 11:43:00,2026-04-05 12:03:00,B38 A,126.0,15.16,8.31,5.71,2.04,20.0
212,2026-04-05,SN379,2026-04-05 10:10:00,2026-04-05 11:03:00,53.0,2026-04-05 11:42:00,2026-04-05 12:19:00,B29 A,161.0,12.08,13.33,4.84,2.03,37.0
212,2026-04-05,SN3800,2026-04-05 06:15:00,2026-04-05 06:16:00,1.0,2026-04-05 06:28:00,2026-04-05 06:30:00,A65 ,27.0,13.51,2.0,4.9,1.7,2.0
212,2026-04-05,TB1552,2026-04-05 07:15:00,2026-04-05 07:08:00,-7.0,2026-04-05 07:38:00,2026-04-05 07:45:00,A61 ,152.0,14.82,10.26,5.1,1.63,7.0
212,2026-04-05,TB2632,2026-04-05 09:29:00,2026-04-05 09:09:00,-20.0,2026-04-05 09:35:00,2026-04-05 09:44:00,B9  A,114.0,14.21,8.02,4.08,2.04,9.0
212,2026-04-05,TB2662,2026-04-05 09:15:00,2026-04-05 09:04:00,-11.0,2026-04-05 09:22:00,2026-04-05 09:30:00,B34 A,90.0,15.19,5.92,3.51,2.95,8.0
212,2026-04-05,TG934,2026-04-05 12:22:00,2026-04-05 12:26:00,4.0,2026-04-05 12:46:00,2026-04-05 13:15:00,B34 A,260.0,16.47,15.79,3.92,2.64,29.0
212,2026-04-05,UA950,2026-04-05 10:20:00,2026-04-05 09:58:00,-22.0,2026-04-05 10:24:00,2026-04-05 10:51:00,B40 A,188.0,12.2,15.41,6.11,2.03,27.0
212,2026-04-05,UA994,2026-04-05 12:51:00,2026-04-05 12:35:00,-16.0,2026-04-05 12:54:00,2026-04-05 13:24:00,B38 A,109.0,11.35,9.61,5.29,2.21,30.0
212,2026-04-05,XR5402,2026-04-05 07:46:00,2026-04-05 08:56:00,70.0,2026-04-05 09:23:00,2026-04-05 09:26:00,B5  A,88.0,14.89,5.91,3.39,2.46,3.0
213,2026-04-05,AC832,2026-04-05 09:18:00,2026-04-05 08:45:00,-33.0,2026-04-05 09:06:00,2026-04-05 09:59:00,B28 A,110.0,11.06,9.95,5.07,1.58,53.0
213,2026-04-05,ET750,2026-04-05 11:13:00,2026-04-05 11:34:00,21.0,2026-04-05 12:17:00,2026-04-05 13:03:00,B17 A,464.0,13.99,33.16,4.66,1.8,46.0
213,2026-04-05,FH8116,2026-04-05 06:35:00,2026-04-05 06:00:00,-35.0,2026-04-05 06:07:00,2026-04-05 06:09:00,B15 A,22.0,13.49,1.63,4.42,1.75,2.0
213,2026-04-05,LH1004,2026-04-05 11:51:00,2026-04-05 11:47:00,-4.0,2026-04-05 12:07:00,2026-04-05 12:12:00,A43 ,23.0,13.75,1.67,4.55,1.83,5.0
213,2026-04-05,SN1122,2026-04-05 08:39:00,2026-04-05 09:08:00,29.0,2026-04-05 09:20:00,2026-04-05 09:21:00,B40 A,13.0,10.51,1.24,4.31,2.88,1.0
213,2026-04-05,SN1124,2026-04-05 07:10:00,2026-04-05 07:19:00,9.0,2026-04-05 07:32:00,2026-04-05 07:48:00,B30 A,138.0,11.89,11.61,6.56,1.36,16.0
213,2026-04-05,SN206,2026-04-05 06:25:00,2026-04-05 06:48:00,23.0,2026-04-05 07:07:00,2026-04-05 07:30:00,B38 A,154.0,11.36,13.56,6.67,1.75,23.0
213,2026-04-05,SN229,2026-04-05 10:04:00,2026-04-05 10:26:00,22.0,2026-04-05 10:41:00,2026-04-05 11:10:00,B31 A,120.0,10.81,11.1,4.54,2.37,29.0
213,2026-04-05,SN278,2026-04-05 12:46:00,2026-04-05 12:41:00,-5.0,2026-04-05 13:04:00,2026-04-05 13:33:00,B31 A,62.0,12.82,4.84,5.42,1.98,29.0
213,2026-04-05,SN2900,2026-04-05 08:46:00,2026-04-05 08:33:00,-13.0,2026-04-05 08:58:00,2026-04-05 09:02:00,B14 A,79.0,16.27,4.86,4.32,1.54,4.0
213,2026-04-05,SN3326,2026-04-05 11:24:00,2026-04-05 11:41:00,17.0,2026-04-05 12:06:00,2026-04-05 12:12:00,B14 A,111.0,11.98,9.27,6.81,0.98,6.0
213,2026-04-05,SN358,2026-04-05 10:21:00,2026-04-05 11:13:00,52.0,2026-04-05 11:43:00,2026-04-05 12:03:00,B38 A,126.0,13.57,9.28,4.8,2.43,20.0
213,2026-04-05,SN379,2026-04-05 10:10:00,2026-04-05 11:03:00,53.0,2026-04-05 11:42:00,2026-04-05 12:19:00,B29 A,161.0,11.85,13.59,3.51,2.8,37.0
213,2026-04-05,SN3800,2026-04-05 06:15:00,2026-04-05 06:16:00,1.0,2026-04-05 06:28:00,2026-04-05 06:30:00,A65 ,27.0,12.16,2.22,4.67,1.78,2.0
213,2026-04-05,TB1552,2026-04-05 08:29:00,2026-04-05 08:25:00,-4.0,2026-04-05 08:46:00,2026-04-05 08:54:00,A61 ,166.0,13.86,11.98,5.84,1.43,8.0
213,2026-04-05,TB2632,2026-04-05 09:29:00,2026-04-05 09:09:00,-20.0,2026-04-05 09:35:00,2026-04-05 09:44:00,B9  A,114.0,12.71,8.97,5.16,1.61,9.0
213,2026-04-05,TB2662,2026-04-05 09:15:00,2026-04-05 09:04:00,-11.0,2026-04-05 09:22:00,2026-04-05 09:30:00,B34 A,90.0,13.12,6.86,6.09,1.7,8.0
213,2026-04-05,TG934,2026-04-05 12:22:00,2026-04-05 12:26:00,4.0,2026-04-05 12:46:00,2026-04-05 13:15:00,B34 A,260.0,15.46,16.82,4.46,2.32,29.0
213,2026-04-05,UA950,2026-04-05 08:20:00,2026-04-05 08:20:00,0.0,2026-04-05 08:36:00,2026-04-05 09:25:00,B38 A,176.0,13.68,12.87,6.0,1.94,49.0
213,2026-04-05,UA994,2026-04-05 12:51:00,2026-04-05 12:35:00,-16.0,2026-04-05 12:54:00,2026-04-05 13:24:00,B38 A,109.0,9.05,12.05,5.25,2.22,30.0
213,2026-04-05,XR5402,2026-04-05 07:46:00,2026-04-05 08:56:00,70.0,2026-04-05 09:23:00,2026-04-05 09:26:00,B5  A,88.0,12.59,6.99,4.04,2.06,3.0
214,2026-04-05,AC832,2026-04-05 12:18:00,2026-04-05 11:38:00,-40.0,2026-04-05 11:54:00,2026-04-05 12:17:00,B30 A,100.0,12.35,8.1,4.79,1.86,23.0
214,2026-04-05,ET750,2026-04-05 11:13:00,2026-04-05 11:34:00,21.0,2026-04-05 12:17:00,2026-04-05 13:03:00,B17 A,464.0,13.13,35.34,5.73,1.47,46.0
214,2026-04-05,FH8116,2026-04-05 06:35:00,2026-04-05 06:00:00,-35.0,2026-04-05 06:07:00,2026-04-05 06:09:00,B15 A,22.0,14.73,1.49,5.48,1.41,2.0
214,2026-04-05,LH1004,2026-04-05 08:50:00,2026-04-05 08:53:00,3.0,2026-04-05 09:06:00,2026-04-05 09:12:00,A43 ,29.0,13.74,2.11,4.55,1.83,6.0
214,2026-04-05,SN1122,2026-04-05 08:39:00,2026-04-05 09:08:00,29.0,2026-04-05 09:20:00,2026-04-05 09:21:00,B40 A,13.0,8.48,1.53,5.31,2.34,1.0
214,2026-04-05,SN1124,2026-04-05 07:10:00,2026-04-05 07:19:00,9.0,2026-04-05 07:32:00,2026-04-05 07:48:00,B30 A,138.0,16.41,8.41,4.44,2.01,16.0
214,2026-04-05,SN206,2026-04-05 06:25:00,2026-04-05 06:48:00,23.0,2026-04-05 07:07:00,2026-04-05 07:30:00,B38 A,154.0,14.31,10.76,4.93,2.37,23.0
214,2026-04-05,SN229,2026-04-05 08:06:00,2026-04-05 09:20:00,74.0,2026-04-05 09:41:00,2026-04-05 10:22:00,B14 A,144.0,13.96,10.31,4.38,1.52,41.0
214,2026-04-05,SN278,2026-04-05 10:45:00,2026-04-05 10:42:00,-3.0,2026-04-05 11:04:00,2026-04-05 11:16:00,B28 A,198.0,13.36,14.82,5.48,1.46,12.0
214,2026-04-05,SN2900,2026-04-05 08:46:00,2026-04-05 08:33:00,-13.0,2026-04-05 08:58:00,2026-04-05 09:02:00,B14 A,79.0,14.72,5.37,3.99,1.67,4.0
214,2026-04-05,SN3326,2026-04-05 11:24:00,2026-04-05 11:41:00,17.0,2026-04-05 12:06:00,2026-04-05 12:12:00,B14 A,111.0,10.91,10.17,4.95,1.35,6.0
214,2026-04-05,SN358,2026-04-05 08:21:00,2026-04-05 08:24:00,3.0,2026-04-05 08:42:00,2026-04-05 09:09:00,B14 A,112.0,10.77,10.39,4.64,1.44,27.0
214,2026-04-05,SN379,2026-04-05 08:11:00,2026-04-05 08:40:00,29.0,2026-04-05 08:59:00,2026-04-05 09:27:00,B28 A,76.0,10.78,7.05,4.47,1.79,28.0
214,2026-04-05,SN3800,2026-04-05 06:15:00,2026-04-05 06:16:00,1.0,2026-04-05 06:28:00,2026-04-05 06:30:00,A65 ,27.0,12.19,2.21,5.94,1.4,2.0
214,2026-04-05,TB1552,2026-04-05 08:29:00,2026-04-05 08:25:00,-4.0,2026-04-05 08:46:00,2026-04-05 08:54:00,A61 ,166.0,9.36,17.73,4.11,2.03,8.0
214,2026-04-05,TB2632,2026-04-05 09:29:00,2026-04-05 09:09:00,-20.0,2026-04-05 09:35:00,2026-04-05 09:44:00,B9  A,114.0,13.49,8.45,6.22,1.34,9.0
214,2026-04-05,TB2662,2026-04-05 09:15:00,2026-04-05 09:04:00,-11.0,2026-04-05 09:22:00,2026-04-05 09:30:00,B34 A,90.0,14.34,6.28,4.75,2.18,8.0
214,2026-04-05,TG934,2026-04-05 12:22:00,2026-04-05 12:26:00,4.0,2026-04-05 12:46:00,2026-04-05 13:15:00,B34 A,260.0,15.88,16.37,3.87,2.67,29.0
214,2026-04-05,UA950,2026-04-05 11:22:00,2026-04-05 11:02:00,-20.0,2026-04-05 11:22:00,2026-04-05 11:45:00,B28 A,170.0,15.32,11.1,5.19,1.54,23.0
214,2026-04-05,UA994,2026-04-05 12:51:00,2026-04-05 12:35:00,-16.0,2026-04-05 12:54:00,2026-04-05 13:24:00,B38 A,109.0,12.24,8.91,6.36,1.83,30.0
214,2026-04-05,XR5402,2026-04-05 07:46:00,2026-04-05 08:56:00,70.0,2026-04-05 09:23:00,2026-04-05 09:26:00,B5  A,88.0,11.49,7.66,5.02,1.66,3.0
215,2026-04-05,AC832,2026-04-05 10:17:00,2026-04-05 10:43:00,26.0,2026-04-05 11:00:00,2026-04-05 11:34:00,B14 A,172.0,13.05,13.18,6.26,1.06,34.0
215,2026-04-05,ET750,2026-04-05 11:13:00,2026-04-05 11:34:00,21.0,2026-04-05 12:17:00,2026-04-05 13:03:00,B17 A,464.0,13.5,34.36,5.32,1.58,46.0
215,2026-04-05,FH8116,2026-04-05 06:35:00,2026-04-05 06:00:00,-35.0,2026-04-05 06:07:00,2026-04-05 06:09:00,B15 A,22.0,10.41,2.11,5.17,1.5,2.0
215,2026-04-05,LH1004,2026-04-05 09:50:00,2026-04-05 09:53:00,3.0,2026-04-05 10:20:00,2026-04-05 10:27:00,A43 ,33.0,15.12,2.18,6.81,1.22,7.0
215,2026-04-05,SN1122,2026-04-05 08:39:00,2026-04-05 09:08:00,29.0,2026-04-05 09:20:00,2026-04-05 09:21:00,B40 A,13.0,16.98,0.77,5.58,2.22,1.0
215,2026-04-05,SN1124,2026-04-05 07:10:00,2026-04-05 07:19:00,9.0,2026-04-05 07:32:00,2026-04-05 07:48:00,B30 A,138.0,15.88,8.69,6.88,1.3,16.0
215,2026-04-05,SN206,2026-04-05 06:25:00,2026-04-05 06:48:00,23.0,2026-04-05 07:07:00,2026-04-05 07:30:00,B38 A,154.0,12.95,11.89,5.08,2.3,23.0
215,2026-04-05,SN229,2026-04-05 10:04:00,2026-04-05 10:26:00,22.0,2026-04-05 10:41:00,2026-04-05 11:10:00,B31 A,120.0,11.75,10.21,4.77,2.25,29.0
215,2026-04-05,SN278,2026-04-05 10:45:00,2026-04-05 10:42:00,-3.0,2026-04-05 11:04:00,2026-04-05 11:16:00,B28 A,198.0,11.62,17.03,4.04,1.98,12.0
215,2026-04-05,SN2900,2026-04-05 08:46:00,2026-04-05 08:33:00,-13.0,2026-04-05 08:58:00,2026-04-05 09:02:00,B14 A,79.0,13.52,5.84,4.62,1.44,4.0
215,2026-04-05,SN3326,2026-04-05 11:24:00,2026-04-05 11:41:00,17.0,2026-04-05 12:06:00,2026-04-05 12:12:00,B14 A,111.0,12.84,8.65,5.79,1.15,6.0
215,2026-04-05,SN358,2026-04-05 10:21:00,2026-04-05 11:13:00,52.0,2026-04-05 11:43:00,2026-04-05 12:03:00,B38 A,126.0,10.51,11.99,5.34,2.18,20.0
215,2026-04-05,SN379,2026-04-05 08:11:00,2026-04-05 08:40:00,29.0,2026-04-05 08:59:00,2026-04-05 09:27:00,B28 A,76.0,13.93,5.46,4.47,1.79,28.0
215,2026-04-05,SN3800,2026-04-05 06:15:00,2026-04-05 06:16:00,1.0,2026-04-05 06:28:00,2026-04-05 06:30:00,A65 ,27.0,13.22,2.04,4.17,2.0,2.0
215,2026-04-05,TB1552,2026-04-05 10:15:00,2026-04-05 10:31:00,16.0,2026-04-05 10:50:00,2026-04-05 10:59:00,A69 ,164.0,11.62,14.12,4.86,1.72,9.0
215,2026-04-05,TB2632,2026-04-05 09:29:00,2026-04-05 09:09:00,-20.0,2026-04-05 09:35:00,2026-04-05 09:44:00,B9  A,114.0,11.14,10.23,5.14,1.62,9.0
215,2026-04-05,TB2662,2026-04-05 09:15:00,2026-04-05 09:04:00,-11.0,2026-04-05 09:22:00,2026-04-05 09:30:00,B34 A,90.0,8.59,10.48,5.72,1.81,8.0
215,2026-04-05,TG934,2026-04-05 09:21:00,2026-04-05 09:16:00,-5.0,2026-04-05 09:38:00,2026-04-05 09:58:00,B38 A,249.0,12.82,19.43,6.13,1.9,20.0
215,2026-04-05,UA950,2026-04-05 10:20:00,2026-04-05 09:58:00,-22.0,2026-04-05 10:24:00,2026-04-05 10:51:00,B40 A,188.0,11.51,16.34,5.15,2.41,27.0
215,2026-04-05,UA994,2026-04-05 08:51:00,2026-04-05 08:32:00,-19.0,2026-04-05 08:52:00,2026-04-05 09:25:00,B40 A,171.0,12.71,13.46,4.83,2.57,33.0
215,2026-04-05,XR5402,2026-04-05 07:46:00,2026-04-05 08:56:00,70.0,2026-04-05 09:23:00,2026-04-05 09:26:00,B5  A,88.0,9.6,9.17,6.73,1.24,3.0
216,2026-04-05,AC832,2026-04-05 09:18:00,2026-04-05 08:45:00,-33.0,2026-04-05 09:06:00,2026-04-05 09:59:00,B28 A,110.0,10.89,10.11,6.08,1.32,53.0
216,2026-04-05,ET750,2026-04-05 11:13:00,2026-04-05 11:34:00,21.0,2026-04-05 12:17:00,2026-04-05 13:03:00,B17 A,464.0,13.47,34.45,3.74,2.25,46.0
216,2026-04-05,FH8116,2026-04-05 06:35:00,2026-04-05 06:00:00,-35.0,2026-04-05 06:07:00,2026-04-05 06:09:00,B15 A,22.0,11.5,1.91,4.95,1.56,2.0
216,2026-04-05,LH1004,2026-04-05 09:50:00,2026-04-05 09:53:00,3.0,2026-04-05 10:20:00,2026-04-05 10:27:00,A43 ,33.0,15.63,2.11,4.91,1.7,7.0
216,2026-04-05,SN1122,2026-04-05 08:39:00,2026-04-05 09:08:00,29.0,2026-04-05 09:20:00,2026-04-05 09:21:00,B40 A,13.0,10.92,1.19,4.92,2.53,1.0
216,2026-04-05,SN1124,2026-04-05 07:10:00,2026-04-05 07:19:00,9.0,2026-04-05 07:32:00,2026-04-05 07:48:00,B30 A,138.0,12.15,11.36,5.72,1.56,16.0
216,2026-04-05,SN206,2026-04-05 06:25:00,2026-04-05 06:48:00,23.0,2026-04-05 07:07:00,2026-04-05 07:30:00,B38 A,154.0,12.73,12.09,4.95,2.36,23.0
216,2026-04-05,SN229,2026-04-05 10:04:00,2026-04-05 10:26:00,22.0,2026-04-05 10:41:00,2026-04-05 11:10:00,B31 A,120.0,14.94,8.03,4.31,2.49,29.0
216,2026-04-05,SN278,2026-04-05 10:45:00,2026-04-05 10:42:00,-3.0,2026-04-05 11:04:00,2026-04-05 11:16:00,B28 A,198.0,11.14,17.77,4.93,1.62,12.0
216,2026-04-05,SN2900,2026-04-05 10:44:00,2026-04-05 11:04:00,20.0,2026-04-05 11:13:00,2026-04-05 11:34:00,B32 A,49.0,10.65,4.6,4.9,1.97,21.0
216,2026-04-05,SN3326,2026-04-05 11:24:00,2026-04-05 11:41:00,17.0,2026-04-05 12:06:00,2026-04-05 12:12:00,B14 A,111.0,11.16,9.95,4.39,1.52,6.0
216,2026-04-05,SN358,2026-04-05 10:21:00,2026-04-05 11:13:00,52.0,2026-04-05 11:43:00,2026-04-05 12:03:00,B38 A,126.0,11.18,11.27,4.65,2.51,20.0
216,2026-04-05,SN379,2026-04-05 08:11:00,2026-04-05 08:40:00,29.0,2026-04-05 08:59:00,2026-04-05 09:27:00,B28 A,76.0,11.22,6.77,4.79,1.67,28.0
216,2026-04-05,SN3800,2026-04-05 06:15:00,2026-04-05 06:16:00,1.0,2026-04-05 06:28:00,2026-04-05 06:30:00,A65 ,27.0,11.32,2.39,5.86,1.42,2.0
216,2026-04-05,TB1552,2026-04-05 07:15:00,2026-04-05 07:08:00,-7.0,2026-04-05 07:38:00,2026-04-05 07:45:00,A61 ,152.0,10.09,15.07,5.01,1.66,7.0
216,2026-04-05,TB2632,2026-04-05 09:29:00,2026-04-05 09:09:00,-20.0,2026-04-05 09:35:00,2026-04-05 09:44:00,B9  A,114.0,11.91,9.57,3.71,2.25,9.0
216,2026-04-05,TB2662,2026-04-05 09:15:00,2026-04-05 09:04:00,-11.0,2026-04-05 09:22:00,2026-04-05 09:30:00,B34 A,90.0,11.83,7.61,5.62,1.84,8.0
216,2026-04-05,TG934,2026-04-05 09:21:00,2026-04-05 09:16:00,-5.0,2026-04-05 09:38:00,2026-04-05 09:58:00,B38 A,249.0,13.33,18.68,4.99,2.34,20.0
216,2026-04-05,UA950,2026-04-05 12:20:00,2026-04-05 11:58:00,-22.0,2026-04-05 12:14:00,2026-04-05 12:42:00,B37 A,127.0,15.51,8.19,5.05,2.41,28.0
216,2026-04-05,UA994,2026-04-05 12:51:00,2026-04-05 12:35:00,-16.0,2026-04-05 12:54:00,2026-04-05 13:24:00,B38 A,109.0,11.88,9.17,4.08,2.86,30.0
216,2026-04-05,XR5402,2026-04-05 07:46:00,2026-04-05 08:56:00,70.0,2026-04-05 09:23:00,2026-04-05 09:26:00,B5  A,88.0,15.17,5.8,4.99,1.67,3.0
217,2026-04-05,AC832,2026-04-05 12:18:00,2026-04-05 11:38:00,-40.0,2026-04-05 11:54:00,2026-04-05 12:17:00,B30 A,100.0,12.51,7.99,7.83,1.14,23.0
217,2026-04-05,ET750,2026-04-05 11:13:00,2026-04-05 11:34:00,21.0,2026-04-05 12:17:00,2026-04-05 13:03:00,B17 A,464.0,11.73,39.56,4.75,1.77,46.0
217,2026-04-05,FH8116,2026-04-05 12:44:00,2026-04-05 12:48:00,4.0,2026-04-05 13:06:00,2026-04-05 13:13:00,B38 A,140.0,10.58,13.23,3.99,2.93,7.0
217,2026-04-05,LH1004,2026-04-05 09:50:00,2026-04-05 09:53:00,3.0,2026-04-05 10:20:00,2026-04-05 10:27:00,A43 ,33.0,14.0,2.36,3.92,2.12,7.0
217,2026-04-05,SN1122,2026-04-05 08:39:00,2026-04-05 09:08:00,29.0,2026-04-05 09:20:00,2026-04-05 09:21:00,B40 A,13.0,14.05,0.93,6.31,1.97,1.0
217,2026-04-05,SN1124,2026-04-05 07:10:00,2026-04-05 07:19:00,9.0,2026-04-05 07:32:00,2026-04-05 07:48:00,B30 A,138.0,13.92,9.91,4.98,1.79,16.0
217,2026-04-05,SN206,2026-04-05 06:25:00,2026-04-05 06:48:00,23.0,2026-04-05 07:07:00,2026-04-05 07:30:00,B38 A,154.0,10.78,14.29,4.47,2.61,23.0
217,2026-04-05,SN229,2026-04-05 12:06:00,2026-04-05 12:12:00,6.0,2026-04-05 12:39:00,2026-04-05 13:03:00,B28 A,20.0,13.28,1.51,5.44,1.47,24.0
217,2026-04-05,SN278,2026-04-05 12:46:00,2026-04-05 12:41:00,-5.0,2026-04-05 13:04:00,2026-04-05 13:33:00,B31 A,62.0,11.43,5.42,5.08,2.12,29.0
217,2026-04-05,SN2900,2026-04-05 07:39:00,2026-04-05 07:25:00,-14.0,2026-04-05 07:38:00,2026-04-05 07:53:00,B38 A,55.0,9.6,5.73,6.18,1.89,15.0
217,2026-04-05,SN3326,2026-04-05 11:24:00,2026-04-05 11:41:00,17.0,2026-04-05 12:06:00,2026-04-05 12:12:00,B14 A,111.0,11.0,10.09,5.3,1.26,6.0
217,2026-04-05,SN358,2026-04-05 10:21:00,2026-04-05 11:13:00,52.0,2026-04-05 11:43:00,2026-04-05 12:03:00,B38 A,126.0,14.02,8.99,5.5,2.12,20.0
217,2026-04-05,SN379,2026-04-05 10:10:00,2026-04-05 11:03:00,53.0,2026-04-05 11:42:00,2026-04-05 12:19:00,B29 A,161.0,12.81,12.57,7.67,1.28,37.0
217,2026-04-05,SN3800,2026-04-05 06:15:00,2026-04-05 06:16:00,1.0,2026-04-05 06:28:00,2026-04-05 06:30:00,A65 ,27.0,12.74,2.12,5.36,1.55,2.0
217,2026-04-05,TB1552,2026-04-05 07:15:00,2026-04-05 07:08:00,-7.0,2026-04-05 07:38:00,2026-04-05 07:45:00,A61 ,152.0,11.95,12.71,4.37,1.91,7.0
217,2026-04-05,TB2632,2026-04-05 09:29:00,2026-04-05 09:09:00,-20.0,2026-04-05 09:35:00,2026-04-05 09:44:00,B9  A,114.0,12.95,8.8,3.99,2.09,9.0
217,2026-04-05,TB2662,2026-04-05 09:15:00,2026-04-05 09:04:00,-11.0,2026-04-05 09:22:00,2026-04-05 09:30:00,B34 A,90.0,12.62,7.13,3.6,2.87,8.0
217,2026-04-05,TG934,2026-04-05 12:22:00,2026-04-05 12:26:00,4.0,2026-04-05 12:46:00,2026-04-05 13:15:00,B34 A,260.0,15.51,16.76,5.04,2.05,29.0
217,2026-04-05,UA950,2026-04-05 12:20:00,2026-04-05 11:58:00,-22.0,2026-04-05 12:14:00,2026-04-05 12:42:00,B37 A,127.0,10.07,12.62,5.1,2.38,28.0
217,2026-04-05,UA994,2026-04-05 11:51:00,2026-04-05 11:37:00,-14.0,2026-04-05 11:55:00,2026-04-05 12:25:00,B40 A,157.0,15.45,10.16,4.48,2.77,30.0
217,2026-04-05,XR5402,2026-04-05 07:46:00,2026-04-05 08:56:00,70.0,2026-04-05 09:23:00,2026-04-05 09:26:00,B5  A,88.0,13.56,6.49,4.74,1.76,3.0
218,2026-04-05,AC832,2026-04-05 08:17:00,2026-04-05 07:46:00,-31.0,2026-04-05 08:02:00,2026-04-05 08:29:00,B30 A,122.0,11.82,10.32,5.02,1.77,27.0
218,2026-04-05,ET750,2026-04-05 11:13:00,2026-04-05 11:34:00,21.0,2026-04-05 12:17:00,2026-04-05 13:03:00,B17 A,464.0,15.04,30.86,5.92,1.42,46.0
218,2026-04-05,FH8116,2026-04-05 06:35:00,2026-04-05 06:00:00,-35.0,2026-04-05 06:07:00,2026-04-05 06:09:00,B15 A,22.0,12.57,1.75,6.35,1.22,2.0
218,2026-04-05,LH1004,2026-04-05 12:50:00,2026-04-05 12:50:00,0.0,2026-04-05 13:03:00,2026-04-05 13:30:00,A43 ,40.0,14.2,2.82,4.42,1.88,27.0
218,2026-04-05,SN1122,2026-04-05 08:39:00,2026-04-05 09:08:00,29.0,2026-04-05 09:20:00,2026-04-05 09:21:00,B40 A,13.0,15.11,0.86,6.71,1.85,1.0
218,2026-04-05,SN1124,2026-04-05 07:10:00,2026-04-05 07:19:00,9.0,2026-04-05 07:32:00,2026-04-05 07:48:00,B30 A,138.0,13.23,10.43,5.03,1.77,16.0
218,2026-04-05,SN206,2026-04-05 06:25:00,2026-04-05 06:48:00,23.0,2026-04-05 07:07:00,2026-04-05 07:30:00,B38 A,154.0,12.2,12.63,6.89,1.69,23.0
218,2026-04-05,SN229,2026-04-05 08:06:00,2026-04-05 09:20:00,74.0,2026-04-05 09:41:00,2026-04-05 10:22:00,B14 A,144.0,10.81,13.33,4.57,1.46,41.0
218,2026-04-05,SN278,2026-04-05 10:45:00,2026-04-05 10:42:00,-3.0,2026-04-05 11:04:00,2026-04-05 11:16:00,B28 A,198.0,14.24,13.9,4.97,1.61,12.0
218,2026-04-05,SN2900,2026-04-05 10:44:00,2026-04-05 11:04:00,20.0,2026-04-05 11:13:00,2026-04-05 11:34:00,B32 A,49.0,15.82,3.1,7.11,1.36,21.0
218,2026-04-05,SN3326,2026-04-05 11:24:00,2026-04-05 11:41:00,17.0,2026-04-05 12:06:00,2026-04-05 12:12:00,B14 A,111.0,9.51,11.67,4.58,1.46,6.0
218,2026-04-05,SN358,2026-04-05 12:21:00,2026-04-05 12:23:00,2.0,2026-04-05 12:43:00,2026-04-05 13:14:00,B28 A,176.0,12.1,14.54,5.37,1.49,31.0
218,2026-04-05,SN379,2026-04-05 08:11:00,2026-04-05 08:40:00,29.0,2026-04-05 08:59:00,2026-04-05 09:27:00,B28 A,76.0,11.69,6.5,5.38,1.49,28.0
218,2026-04-05,SN3800,2026-04-05 06:15:00,2026-04-05 06:16:00,1.0,2026-04-05 06:28:00,2026-04-05 06:30:00,A65 ,27.0,11.71,2.3,3.93,2.12,2.0
218,2026-04-05,TB1552,2026-04-05 07:15:00,2026-04-05 07:08:00,-7.0,2026-04-05 07:38:00,2026-04-05 07:45:00,A61 ,152.0,11.82,12.86,5.19,1.61,7.0
218,2026-04-05,TB2632,2026-04-05 09:29:00,2026-04-05 09:09:00,-20.0,2026-04-05 09:35:00,2026-04-05 09:44:00,B9  A,114.0,9.54,11.95,5.61,1.48,9.0
218,2026-04-05,TB2662,2026-04-05 09:15:00,2026-04-05 09:04:00,-11.0,2026-04-05 09:22:00,2026-04-05 09:30:00,B34 A,90.0,13.03,6.91,4.43,2.33,8.0
218,2026-04-05,TG934,2026-04-05 09:21:00,2026-04-05 09:16:00,-5.0,2026-04-05 09:38:00,2026-04-05 09:58:00,B38 A,249.0,16.11,15.46,3.93,2.97,20.0
218,2026-04-05,UA950,2026-04-05 11:22:00,2026-04-05 11:02:00,-20.0,2026-04-05 11:22:00,2026-04-05 11:45:00,B28 A,170.0,15.37,11.06,3.45,2.32,23.0
218,2026-04-05,UA994,2026-04-05 12:51:00,2026-04-05 12:35:00,-16.0,2026-04-05 12:54:00,2026-04-05 13:24:00,B38 A,109.0,14.32,7.61,5.79,2.02,30.0
218,2026-04-05,XR5402,2026-04-05 07:46:00,2026-04-05 08:56:00,70.0,2026-04-05 09:23:00,2026-04-05 09:26:00,B5  A,88.0,11.91,7.39,6.61,1.26,3.0
219,2026-04-05,AC832,2026-04-05 08:17:00,2026-04-05 07:46:00,-31.0,2026-04-05 08:02:00,2026-04-05 08:29:00,B30 A,122.0,10.34,11.8,4.65,1.92,27.0
219,2026-04-05,ET750,2026-04-05 11:13:00,2026-04-05 11:34:00,21.0,2026-04-05 12:17:00,2026-04-05 13:03:00,B17 A,464.0,16.12,28.79,4.11,2.05,46.0
219,2026-04-05,FH8116,2026-04-05 06:35:00,2026-04-05 06:00:00,-35.0,2026-04-05 06:07:00,2026-04-05 06:09:00,B15 A,22.0,8.11,2.71,5.0,1.55,2.0
219,2026-04-05,LH1004,2026-04-05 12:50:00,2026-04-05 12:50:00,0.0,2026-04-05 13:03:00,2026-04-05 13:30:00,A43 ,40.0,14.3,2.8,4.97,1.68,27.0
219,2026-04-05,SN1122,2026-04-05 08:39:00,2026-04-05 09:08:00,29.0,2026-04-05 09:20:00,2026-04-05 09:21:00,B40 A,13.0,13.38,0.97,4.99,2.49,1.0
219,2026-04-05,SN1124,2026-04-05 07:10:00,2026-04-05 07:19:00,9.0,2026-04-05 07:32:00,2026-04-05 07:48:00,B30 A,138.0,14.42,9.57,4.65,1.92,16.0
219,2026-04-05,SN206,2026-04-05 06:25:00,2026-04-05 06:48:00,23.0,2026-04-05 07:07:00,2026-04-05 07:30:00,B38 A,154.0,12.45,12.37,5.28,2.21,23.0
219,2026-04-05,SN229,2026-04-05 12:06:00,2026-04-05 12:12:00,6.0,2026-04-05 12:39:00,2026-04-05 13:03:00,B28 A,20.0,15.4,1.3,6.06,1.32,24.0
219,2026-04-05,SN278,2026-04-05 10:45:00,2026-04-05 10:42:00,-3.0,2026-04-05 11:04:00,2026-04-05 11:16:00,B28 A,198.0,12.69,15.6,4.81,1.66,12.0
219,2026-04-05,SN2900,2026-04-05 07:39:00,2026-04-05 07:25:00,-14.0,2026-04-05 07:38:00,2026-04-05 07:53:00,B38 A,55.0,11.67,4.71,4.47,2.61,15.0
219,2026-04-05,SN3326,2026-04-05 11:24:00,2026-04-05 11:41:00,17.0,2026-04-05 12:06:00,2026-04-05 12:12:00,B14 A,111.0,11.58,9.58,6.29,1.06,6.0
219,2026-04-05,SN358,2026-04-05 12:21:00,2026-04-05 12:23:00,2.0,2026-04-05 12:43:00,2026-04-05 13:14:00,B28 A,176.0,9.99,17.61,4.32,1.85,31.0
219,2026-04-05,SN379,2026-04-05 10:10:00,2026-04-05 11:03:00,53.0,2026-04-05 11:42:00,2026-04-05 12:19:00,B29 A,161.0,11.55,13.94,4.13,2.38,37.0
219,2026-04-05,SN3800,2026-04-05 06:15:00,2026-04-05 06:16:00,1.0,2026-04-05 06:28:00,2026-04-05 06:30:00,A65 ,27.0,13.89,1.94,4.42,1.89,2.0
219,2026-04-05,TB1552,2026-04-05 07:47:00,2026-04-05 07:43:00,-4.0,2026-04-05 07:55:00,2026-04-05 07:59:00,A68 ,66.0,13.83,4.77,5.24,1.59,4.0
219,2026-04-05,TB2632,2026-04-05 09:29:00,2026-04-05 09:09:00,-20.0,2026-04-05 09:35:00,2026-04-05 09:44:00,B9  A,114.0,12.0,9.5,5.04,1.65,9.0
219,2026-04-05,TB2662,2026-04-05 09:15:00,2026-04-05 09:04:00,-11.0,2026-04-05 09:22:00,2026-04-05 09:30:00,B34 A,90.0,10.76,8.37,5.33,1.94,8.0
219,2026-04-05,TG934,2026-04-05 09:21:00,2026-04-05 09:16:00,-5.0,2026-04-05 09:38:00,2026-04-05 09:58:00,B38 A,249.0,13.15,18.93,5.69,2.05,20.0
219,2026-04-05,UA950,2026-04-05 08:20:00,2026-04-05 08:20:00,0.0,2026-04-05 08:36:00,2026-04-05 09:25:00,B38 A,176.0,13.1,13.43,5.46,2.14,49.0
219,2026-04-05,UA994,2026-04-05 09:51:00,2026-04-05 11:28:00,97.0,2026-04-05 11:44:00,2026-04-05 12:09:00,B40 A,135.0,13.55,9.96,5.42,2.29,25.0
219,2026-04-05,XR5402,2026-04-05 07:46:00,2026-04-05 08:56:00,70.0,2026-04-05 09:23:00,2026-04-05 09:26:00,B5  A,88.0,9.54,9.22,4.49,1.86,3.0
220,2026-04-05,AC832,2026-04-05 10:17:00,2026-04-05 10:43:00,26.0,2026-04-05 11:00:00,2026-04-05 11:34:00,B14 A,172.0,12.22,14.08,4.59,1.45,34.0
220,2026-04-05,ET750,2026-04-05 11:13:00,2026-04-05 11:34:00,21.0,2026-04-05 12:17:00,2026-04-05 13:03:00,B17 A,464.0,12.49,37.14,4.53,1.86,46.0
220,2026-04-05,FH8116,2026-04-05 12:44:00,2026-04-05 12:48:00,4.0,2026-04-05 13:06:00,2026-04-05 13:13:00,B38 A,140.0,12.28,11.41,4.39,2.66,7.0
220,2026-04-05,LH1004,2026-04-05 09:50:00,2026-04-05 09:53:00,3.0,2026-04-05 10:20:00,2026-04-05 10:27:00,A43 ,33.0,11.48,2.88,3.76,2.22,7.0
220,2026-04-05,SN1122,2026-04-05 08:39:00,2026-04-05 09:08:00,29.0,2026-04-05 09:20:00,2026-04-05 09:21:00,B40 A,13.0,16.82,0.77,4.77,2.6,1.0
220,2026-04-05,SN1124,2026-04-05 07:10:00,2026-04-05 07:19:00,9.0,2026-04-05 07:32:00,2026-04-05 07:48:00,B30 A,138.0,14.06,9.82,4.99,1.79,16.0
220,2026-04-05,SN206,2026-04-05 06:25:00,2026-04-05 06:48:00,23.0,2026-04-05 07:07:00,2026-04-05 07:30:00,B38 A,154.0,14.9,10.34,5.8,2.01,23.0
220,2026-04-05,SN229,2026-04-05 10:04:00,2026-04-05 10:26:00,22.0,2026-04-05 10:41:00,2026-04-05 11:10:00,B31 A,120.0,12.19,9.84,5.94,1.81,29.0
220,2026-04-05,SN278,2026-04-05 12:46:00,2026-04-05 12:41:00,-5.0,2026-04-05 13:04:00,2026-04-05 13:33:00,B31 A,62.0,14.97,4.14,4.6,2.34,29.0
220,2026-04-05,SN2900,2026-04-05 08:46:00,2026-04-05 08:33:00,-13.0,2026-04-05 08:58:00,2026-04-05 09:02:00,B14 A,79.0,12.0,6.58,5.17,1.29,4.0
220,2026-04-05,SN3326,2026-04-05 11:24:00,2026-04-05 11:41:00,17.0,2026-04-05 12:06:00,2026-04-05 12:12:00,B14 A,111.0,11.6,9.57,4.73,1.41,6.0
220,2026-04-05,SN358,2026-04-05 12:21:00,2026-04-05 12:23:00,2.0,2026-04-05 12:43:00,2026-04-05 13:14:00,B28 A,176.0,12.46,14.12,5.7,1.4,31.0
220,2026-04-05,SN379,2026-04-05 08:11:00,2026-04-05 08:40:00,29.0,2026-04-05 08:59:00,2026-04-05 09:27:00,B28 A,76.0,14.29,5.32,5.91,1.35,28.0
220,2026-04-05,SN3800,2026-04-05 06:15:00,2026-04-05 06:16:00,1.0,2026-04-05 06:28:00,2026-04-05 06:30:00,A65 ,27.0,10.19,2.65,3.95,2.11,2.0
220,2026-04-05,TB1552,2026-04-05 07:47:00,2026-04-05 07:43:00,-4.0,2026-04-05 07:55:00,2026-04-05 07:59:00,A68 ,66.0,14.48,4.56,4.33,1.92,4.0
220,2026-04-05,TB2632,2026-04-05 09:29:00,2026-04-05 09:09:00,-20.0,2026-04-05 09:35:00,2026-04-05 09:44:00,B9  A,114.0,13.29,8.58,6.18,1.35,9.0
220,2026-04-05,TB2662,2026-04-05 09:15:00,2026-04-05 09:04:00,-11.0,2026-04-05 09:22:00,2026-04-05 09:30:00,B34 A,90.0,14.82,6.07,4.53,2.28,8.0
220,2026-04-05,TG934,2026-04-05 09:21:00,2026-04-05 09:16:00,-5.0,2026-04-05 09:38:00,2026-04-05 09:58:00,B38 A,249.0,13.76,18.1,4.32,2.7,20.0
220,2026-04-05,UA950,2026-04-05 11:22:00,2026-04-05 11:02:00,-20.0,2026-04-05 11:22:00,2026-04-05 11:45:00,B28 A,170.0,11.75,14.47,4.61,1.74,23.0
220,2026-04-05,UA994,2026-04-05 11:51:00,2026-04-05 11:37:00,-14.0,2026-04-05 11:55:00,2026-04-05 12:25:00,B40 A,157.0,14.07,11.16,5.67,2.19,30.0
220,2026-04-05,XR5402,2026-04-05 07:46:00,2026-04-05 08:56:00,70.0,2026-04-05 09:23:00,2026-04-05 09:26:00,B5  A,88.0,12.87,6.84,4.49,1.86,3.0
221,2026-04-05,AC832,2026-04-05 10:17:00,2026-04-05 10:43:00,26.0,2026-04-05 11:00:00,2026-04-05 11:34:00,B14 A,172.0,12.78,13.46,4.79,1.39,34.0
221,2026-04-05,ET750,2026-04-05 11:13:00,2026-04-05 11:34:00,21.0,2026-04-05 12:17:00,2026-04-05 13:03:00,B17 A,464.0,14.05,33.03,4.81,1.75,46.0
221,2026-04-05,FH8116,2026-04-05 06:35:00,2026-04-05 06:00:00,-35.0,2026-04-05 06:07:00,2026-04-05 06:09:00,B15 A,22.0,15.25,1.44,4.15,1.86,2.0
221,2026-04-05,LH1004,2026-04-05 08:50:00,2026-04-05 08:53:00,3.0,2026-04-05 09:06:00,2026-04-05 09:12:00,A43 ,29.0,13.63,2.13,5.9,1.41,6.0
221,2026-04-05,SN1122,2026-04-05 08:39:00,2026-04-05 09:08:00,29.0,2026-04-05 09:20:00,2026-04-05 09:21:00,B40 A,13.0,12.01,1.08,5.56,2.23,1.0
221,2026-04-05,SN1124,2026-04-05 07:10:00,2026-04-05 07:19:00,9.0,2026-04-05 07:32:00,2026-04-05 07:48:00,B30 A,138.0,12.73,10.84,5.51,1.62,16.0
221,2026-04-05,SN206,2026-04-05 06:25:00,2026-04-05 06:48:00,23.0,2026-04-05 07:07:00,2026-04-05 07:30:00,B38 A,154.0,10.8,14.26,4.97,2.35,23.0
221,2026-04-05,SN229,2026-04-05 10:04:00,2026-04-05 10:26:00,22.0,2026-04-05 10:41:00,2026-04-05 11:10:00,B31 A,120.0,12.83,9.36,6.28,1.71,29.0
221,2026-04-05,SN278,2026-04-05 12:46:00,2026-04-05 12:41:00,-5.0,2026-04-05 13:04:00,2026-04-05 13:33:00,B31 A,62.0,9.93,6.24,5.3,2.03,29.0
221,2026-04-05,SN2900,2026-04-05 10:44:00,2026-04-05 11:04:00,20.0,2026-04-05 11:13:00,2026-04-05 11:34:00,B32 A,49.0,15.65,3.13,5.08,1.9,21.0
221,2026-04-05,SN3326,2026-04-05 07:45:00,2026-04-05 08:05:00,20.0,2026-04-05 08:16:00,2026-04-05 08:36:00,B28 A,123.0,13.96,8.81,6.02,1.33,20.0
221,2026-04-05,SN358,2026-04-05 08:21:00,2026-04-05 08:24:00,3.0,2026-04-05 08:42:00,2026-04-05 09:09:00,B14 A,112.0,14.07,7.96,5.0,1.33,27.0
221,2026-04-05,SN379,2026-04-05 08:11:00,2026-04-05 08:40:00,29.0,2026-04-05 08:59:00,2026-04-05 09:27:00,B28 A,76.0,13.46,5.65,4.56,1.76,28.0
221,2026-04-05,SN3800,2026-04-05 06:15:00,2026-04-05 06:16:00,1.0,2026-04-05 06:28:00,2026-04-05 06:30:00,A65 ,27.0,13.14,2.06,6.19,1.35,2.0
221,2026-04-05,TB1552,2026-04-05 08:29:00,2026-04-05 08:25:00,-4.0,2026-04-05 08:46:00,2026-04-05 08:54:00,A61 ,166.0,13.73,12.09,4.45,1.87,8.0
221,2026-04-05,TB2632,2026-04-05 09:29:00,2026-04-05 09:09:00,-20.0,2026-04-05 09:35:00,2026-04-05 09:44:00,B9  A,114.0,12.98,8.79,3.92,2.12,9.0
221,2026-04-05,TB2662,2026-04-05 09:15:00,2026-04-05 09:04:00,-11.0,2026-04-05 09:22:00,2026-04-05 09:30:00,B34 A,90.0,11.11,8.1,4.69,2.2,8.0
221,2026-04-05,TG934,2026-04-05 09:21:00,2026-04-05 09:16:00,-5.0,2026-04-05 09:38:00,2026-04-05 09:58:00,B38 A,249.0,13.95,17.85,4.47,2.61,20.0
221,2026-04-05,UA950,2026-04-05 09:21:00,2026-04-05 08:45:00,-36.0,2026-04-05 09:03:00,2026-04-05 09:29:00,B5  A,163.0,12.65,12.88,5.12,1.63,26.0
221,2026-04-05,UA994,2026-04-05 10:51:00,2026-04-05 10:01:00,-50.0,2026-04-05 10:18:00,2026-04-05 10:42:00,B38 A,177.0,12.29,14.4,5.56,2.1,24.0
221,2026-04-05,XR5402,2026-04-05 07:46:00,2026-04-05 08:56:00,70.0,2026-04-05 09:23:00,2026-04-05 09:26:00,B5  A,88.0,11.89,7.4,3.92,2.12,3.0
222,2026-04-05,AC832,2026-04-05 09:18:00,2026-04-05 08:45:00,-33.0,2026-04-05 09:06:00,2026-04-05 09:59:00,B28 A,110.0,11.2,9.82,5.89,1.36,53.0
222,2026-04-05,ET750,2026-04-05 11:13:00,2026-04-05 11:34:00,21.0,2026-04-05 12:17:00,2026-04-05 13:03:00,B17 A,464.0,15.24,30.44,5.03,1.67,46.0
222,2026-04-05,FH8116,2026-04-05 12:44:00,2026-04-05 12:48:00,4.0,2026-04-05 13:06:00,2026-04-05 13:13:00,B38 A,140.0,10.58,13.23,3.97,2.94,7.0
222,2026-04-05,LH1004,2026-04-05 11:51:00,2026-04-05 11:47:00,-4.0,2026-04-05 12:07:00,2026-04-05 12:12:00,A43 ,23.0,8.69,2.65,5.23,1.59,5.0
222,2026-04-05,SN1122,2026-04-05 08:39:00,2026-04-05 09:08:00,29.0,2026-04-05 09:20:00,2026-04-05 09:21:00,B40 A,13.0,15.14,0.86,6.13,2.03,1.0
222,2026-04-05,SN1124,2026-04-05 07:10:00,2026-04-05 07:19:00,9.0,2026-04-05 07:32:00,2026-04-05 07:48:00,B30 A,138.0,13.96,9.88,5.16,1.73,16.0
222,2026-04-05,SN206,2026-04-05 06:25:00,2026-04-05 06:48:00,23.0,2026-04-05 07:07:00,2026-04-05 07:30:00,B38 A,154.0,12.04,12.79,4.45,2.62,23.0
222,2026-04-05,SN229,2026-04-05 08:06:00,2026-04-05 09:20:00,74.0,2026-04-05 09:41:00,2026-04-05 10:22:00,B14 A,144.0,10.59,13.6,4.34,1.53,41.0
222,2026-04-05,SN278,2026-04-05 12:46:00,2026-04-05 12:41:00,-5.0,2026-04-05 13:04:00,2026-04-05 13:33:00,B31 A,62.0,9.41,6.59,4.28,2.51,29.0
222,2026-04-05,SN2900,2026-04-05 08:46:00,2026-04-05 08:33:00,-13.0,2026-04-05 08:58:00,2026-04-05 09:02:00,B14 A,79.0,13.0,6.08,4.73,1.41,4.0
222,2026-04-05,SN3326,2026-04-05 11:24:00,2026-04-05 11:41:00,17.0,2026-04-05 12:06:00,2026-04-05 12:12:00,B14 A,111.0,12.22,9.08,5.18,1.29,6.0
222,2026-04-05,SN358,2026-04-05 10:21:00,2026-04-05 11:13:00,52.0,2026-04-05 11:43:00,2026-04-05 12:03:00,B38 A,126.0,13.24,9.51,5.11,2.28,20.0
222,2026-04-05,SN379,2026-04-05 08:11:00,2026-04-05 08:40:00,29.0,2026-04-05 08:59:00,2026-04-05 09:27:00,B28 A,76.0,14.62,5.2,3.91,2.04,28.0
222,2026-04-05,SN3800,2026-04-05 06:15:00,2026-04-05 06:16:00,1.0,2026-04-05 06:28:00,2026-04-05 06:30:00,A65 ,27.0,9.05,2.98,5.43,1.53,2.0
222,2026-04-05,TB1552,2026-04-05 07:15:00,2026-04-05 07:08:00,-7.0,2026-04-05 07:38:00,2026-04-05 07:45:00,A61 ,152.0,12.46,12.2,4.23,1.97,7.0
222,2026-04-05,TB2632,2026-04-05 09:29:00,2026-04-05 09:09:00,-20.0,2026-04-05 09:35:00,2026-04-05 09:44:00,B9  A,114.0,12.62,9.03,4.09,2.04,9.0
222,2026-04-05,TB2662,2026-04-05 09:15:00,2026-04-05 09:04:00,-11.0,2026-04-05 09:22:00,2026-04-05 09:30:00,B34 A,90.0,13.3,6.77,4.88,2.12,8.0
222,2026-04-05,TG934,2026-04-05 09:21:00,2026-04-05 09:16:00,-5.0,2026-04-05 09:38:00,2026-04-05 09:58:00,B38 A,249.0,15.49,16.08,4.47,2.61,20.0
222,2026-04-05,UA950,2026-04-05 12:20:00,2026-04-05 11:58:00,-22.0,2026-04-05 12:14:00,2026-04-05 12:42:00,B37 A,127.0,11.75,10.8,4.92,2.47,28.0
222,2026-04-05,UA994,2026-04-05 08:51:00,2026-04-05 08:32:00,-19.0,2026-04-05 08:52:00,2026-04-05 09:25:00,B40 A,171.0,9.96,17.16,5.79,2.14,33.0
222,2026-04-05,XR5402,2026-04-05 07:46:00,2026-04-05 08:56:00,70.0,2026-04-05 09:23:00,2026-04-05 09:26:00,B5  A,88.0,14.73,5.97,5.11,1.63,3.0
223,2026-04-05,AC832,2026-04-05 11:16:00,2026-04-05 10:39:00,-37.0,2026-04-05 10:54:00,2026-04-05 11:24:00,B5  A,101.0,13.06,7.73,6.51,1.28,30.0
223,2026-04-05,ET750,2026-04-05 11:13:00,2026-04-05 11:34:00,21.0,2026-04-05 12:17:00,2026-04-05 13:03:00,B17 A,464.0,13.0,35.69,5.17,1.63,46.0
223,2026-04-05,FH8116,2026-04-05 12:44:00,2026-04-05 12:48:00,4.0,2026-04-05 13:06:00,2026-04-05 13:13:00,B38 A,140.0,10.22,13.69,5.75,2.03,7.0
223,2026-04-05,LH1004,2026-04-05 11:51:00,2026-04-05 11:47:00,-4.0,2026-04-05 12:07:00,2026-04-05 12:12:00,A43 ,23.0,8.96,2.57,4.57,1.82,5.0
223,2026-04-05,SN1122,2026-04-05 08:39:00,2026-04-05 09:08:00,29.0,2026-04-05 09:20:00,2026-04-05 09:21:00,B40 A,13.0,11.26,1.15,5.28,2.35,1.0
223,2026-04-05,SN1124,2026-04-05 07:10:00,2026-04-05 07:19:00,9.0,2026-04-05 07:32:00,2026-04-05 07:48:00,B30 A,138.0,13.47,10.24,4.89,1.82,16.0
223,2026-04-05,SN206,2026-04-05 06:25:00,2026-04-05 06:48:00,23.0,2026-04-05 07:07:00,2026-04-05 07:30:00,B38 A,154.0,15.36,10.03,4.37,2.67,23.0
223,2026-04-05,SN229,2026-04-05 08:06:00,2026-04-05 09:20:00,74.0,2026-04-05 09:41:00,2026-04-05 10:22:00,B14 A,144.0,13.21,10.9,5.21,1.28,41.0
223,2026-04-05,SN278,2026-04-05 08:43:00,2026-04-05 08:27:00,-16.0,2026-04-05 08:40:00,2026-04-05 09:10:00,B37 A,123.0,14.07,8.74,5.18,2.35,30.0
223,2026-04-05,SN2900,2026-04-05 10:44:00,2026-04-05 11:04:00,20.0,2026-04-05 11:13:00,2026-04-05 11:34:00,B32 A,49.0,10.55,4.64,5.49,1.76,21.0
223,2026-04-05,SN3326,2026-04-05 07:45:00,2026-04-05 08:05:00,20.0,2026-04-05 08:16:00,2026-04-05 08:36:00,B28 A,123.0,13.0,9.46,5.65,1.42,20.0
223,2026-04-05,SN358,2026-04-05 12:21:00,2026-04-05 12:23:00,2.0,2026-04-05 12:43:00,2026-04-05 13:14:00,B28 A,176.0,10.1,17.42,5.03,1.59,31.0
223,2026-04-05,SN379,2026-04-05 10:10:00,2026-04-05 11:03:00,53.0,2026-04-05 11:42:00,2026-04-05 12:19:00,B29 A,161.0,12.12,13.28,3.42,2.88,37.0
223,2026-04-05,SN3800,2026-04-05 06:15:00,2026-04-05 06:16:00,1.0,2026-04-05 06:28:00,2026-04-05 06:30:00,A65 ,27.0,11.86,2.28,5.32,1.57,2.0
223,2026-04-05,TB1552,2026-04-05 10:15:00,2026-04-05 10:31:00,16.0,2026-04-05 10:50:00,2026-04-05 10:59:00,A69 ,164.0,9.88,16.6,4.96,1.68,9.0
223,2026-04-05,TB2632,2026-04-05 09:29:00,2026-04-05 09:09:00,-20.0,2026-04-05 09:35:00,2026-04-05 09:44:00,B9  A,114.0,12.23,9.32,5.65,1.47,9.0
223,2026-04-05,TB2662,2026-04-05 09:15:00,2026-04-05 09:04:00,-11.0,2026-04-05 09:22:00,2026-04-05 09:30:00,B34 A,90.0,11.69,7.7,4.58,2.26,8.0
223,2026-04-05,TG934,2026-04-05 09:21:00,2026-04-05 09:16:00,-5.0,2026-04-05 09:38:00,2026-04-05 09:58:00,B38 A,249.0,13.26,18.77,5.39,2.16,20.0
223,2026-04-05,UA950,2026-04-05 11:22:00,2026-04-05 11:02:00,-20.0,2026-04-05 11:22:00,2026-04-05 11:45:00,B28 A,170.0,13.06,13.02,5.37,1.49,23.0
223,2026-04-05,UA994,2026-04-05 11:51:00,2026-04-05 11:37:00,-14.0,2026-04-05 11:55:00,2026-04-05 12:25:00,B40 A,157.0,12.68,12.38,4.28,2.9,30.0
223,2026-04-05,XR5402,2026-04-05 07:46:00,2026-04-05 08:56:00,70.0,2026-04-05 09:23:00,2026-04-05 09:26:00,B5  A,88.0,13.4,6.57,4.32,1.93,3.0
224,2026-04-05,AC832,2026-04-05 08:17:00,2026-04-05 07:46:00,-31.0,2026-04-05 08:02:00,2026-04-05 08:29:00,B30 A,122.0,11.79,10.35,5.54,1.61,27.0
224,2026-04-05,ET750,2026-04-05 11:13:00,2026-04-05 11:34:00,21.0,2026-04-05 12:17:00,2026-04-05 13:03:00,B17 A,464.0,12.35,37.58,5.26,1.6,46.0
224,2026-04-05,FH8116,2026-04-05 12:44:00,2026-04-05 12:48:00,4.0,2026-04-05 13:06:00,2026-04-05 13:13:00,B38 A,140.0,11.89,11.77,4.27,2.74,7.0
224,2026-04-05,LH1004,2026-04-05 12:50:00,2026-04-05 12:50:00,0.0,2026-04-05 13:03:00,2026-04-05 13:30:00,A43 ,40.0,11.42,3.5,6.02,1.39,27.0
224,2026-04-05,SN1122,2026-04-05 08:39:00,2026-04-05 09:08:00,29.0,2026-04-05 09:20:00,2026-04-05 09:21:00,B40 A,13.0,14.75,0.88,4.8,2.59,1.0
224,2026-04-05,SN1124,2026-04-05 07:10:00,2026-04-05 07:19:00,9.0,2026-04-05 07:32:00,2026-04-05 07:48:00,B30 A,138.0,14.06,9.81,4.08,2.19,16.0
224,2026-04-05,SN206,2026-04-05 06:25:00,2026-04-05 06:48:00,23.0,2026-04-05 07:07:00,2026-04-05 07:30:00,B38 A,154.0,13.72,11.22,4.64,2.51,23.0
224,2026-04-05,SN229,2026-04-05 10:04:00,2026-04-05 10:26:00,22.0,2026-04-05 10:41:00,2026-04-05 11:10:00,B31 A,120.0,10.58,11.34,4.27,2.52,29.0
224,2026-04-05,SN278,2026-04-05 12:46:00,2026-04-05 12:41:00,-5.0,2026-04-05 13:04:00,2026-04-05 13:33:00,B31 A,62.0,12.72,4.87,4.65,2.31,29.0
224,2026-04-05,SN2900,2026-04-05 07:39:00,2026-04-05 07:25:00,-14.0,2026-04-05 07:38:00,2026-04-05 07:53:00,B38 A,55.0,14.55,3.78,4.52,2.58,15.0
224,2026-04-05,SN3326,2026-04-05 07:45:00,2026-04-05 08:05:00,20.0,2026-04-05 08:16:00,2026-04-05 08:36:00,B28 A,123.0,14.81,8.3,5.18,1.54,20.0
224,2026-04-05,SN358,2026-04-05 12:21:00,2026-04-05 12:23:00,2.0,2026-04-05 12:43:00,2026-04-05 13:14:00,B28 A,176.0,10.62,16.57,5.51,1.45,31.0
224,2026-04-05,SN379,2026-04-05 10:10:00,2026-04-05 11:03:00,53.0,2026-04-05 11:42:00,2026-04-05 12:19:00,B29 A,161.0,10.92,14.74,4.96,1.98,37.0
224,2026-04-05,SN3800,2026-04-05 06:15:00,2026-04-05 06:16:00,1.0,2026-04-05 06:28:00,2026-04-05 06:30:00,A65 ,27.0,13.71,1.97,4.01,2.08,2.0
224,2026-04-05,TB1552,2026-04-05 10:15:00,2026-04-05 10:31:00,16.0,2026-04-05 10:50:00,2026-04-05 10:59:00,A69 ,164.0,15.03,10.91,4.88,1.71,9.0
224,2026-04-05,TB2632,2026-04-05 09:29:00,2026-04-05 09:09:00,-20.0,2026-04-05 09:35:00,2026-04-05 09:44:00,B9  A,114.0,13.42,8.5,4.46,1.87,9.0
224,2026-04-05,TB2662,2026-04-05 09:15:00,2026-04-05 09:04:00,-11.0,2026-04-05 09:22:00,2026-04-05 09:30:00,B34 A,90.0,13.29,6.77,5.64,1.83,8.0
224,2026-04-05,TG934,2026-04-05 09:21:00,2026-04-05 09:16:00,-5.0,2026-04-05 09:38:00,2026-04-05 09:58:00,B38 A,249.0,14.7,16.94,5.2,2.24,20.0
224,2026-04-05,UA950,2026-04-05 11:22:00,2026-04-05 11:02:00,-20.0,2026-04-05 11:22:00,2026-04-05 11:45:00,B28 A,170.0,10.62,16.0,5.01,1.6,23.0
224,2026-04-05,UA994,2026-04-05 12:51:00,2026-04-05 12:35:00,-16.0,2026-04-05 12:54:00,2026-04-05 13:24:00,B38 A,109.0,14.13,7.72,5.44,2.14,30.0
224,2026-04-05,XR5402,2026-04-05 07:46:00,2026-04-05 08:56:00,70.0,2026-04-05 09:23:00,2026-04-05 09:26:00,B5  A,88.0,13.4,6.56,4.77,1.75,3.0
225,2026-04-05,AC832,2026-04-05 11:16:00,2026-04-05 10:39:00,-37.0,2026-04-05 10:54:00,2026-04-05 11:24:00,B5  A,101.0,14.45,6.99,5.69,1.46,30.0
225,2026-04-05,ET750,2026-04-05 11:13:00,2026-04-05 11:34:00,21.0,2026-04-05 12:17:00,2026-04-05 13:03:00,B17 A,464.0,14.4,32.22,4.08,2.06,46.0
225,2026-04-05,FH8116,2026-04-05 06:35:00,2026-04-05 06:00:00,-35.0,2026-04-05 06:07:00,2026-04-05 06:09:00,B15 A,22.0,10.64,2.07,5.95,1.3,2.0
225,2026-04-05,LH1004,2026-04-05 09:50:00,2026-04-05 09:53:00,3.0,2026-04-05 10:20:00,2026-04-05 10:27:00,A43 ,33.0,10.38,3.18,5.26,1.59,7.0
225,2026-04-05,SN1122,2026-04-05 08:39:00,2026-04-05 09:08:00,29.0,2026-04-05 09:20:00,2026-04-05 09:21:00,B40 A,13.0,11.71,1.11,6.08,2.04,1.0
225,2026-04-05,SN1124,2026-04-05 07:10:00,2026-04-05 07:19:00,9.0,2026-04-05 07:32:00,2026-04-05 07:48:00,B30 A,138.0,13.8,10.0,4.52,1.97,16.0
225,2026-04-05,SN206,2026-04-05 06:25:00,2026-04-05 06:48:00,23.0,2026-04-05 07:07:00,2026-04-05 07:30:00,B38 A,154.0,13.3,11.58,4.68,2.49,23.0
225,2026-04-05,SN229,2026-04-05 10:04:00,2026-04-05 10:26:00,22.0,2026-04-05 10:41:00,2026-04-05 11:10:00,B31 A,120.0,12.43,9.66,5.9,1.82,29.0
225,2026-04-05,SN278,2026-04-05 12:46:00,2026-04-05 12:41:00,-5.0,2026-04-05 13:04:00,2026-04-05 13:33:00,B31 A,62.0,11.41,5.43,5.2,2.07,29.0
225,2026-04-05,SN2900,2026-04-05 07:39:00,2026-04-05 07:25:00,-14.0,2026-04-05 07:38:00,2026-04-05 07:53:00,B38 A,55.0,13.6,4.04,5.88,1.99,15.0
225,2026-04-05,SN3326,2026-04-05 11:24:00,2026-04-05 11:41:00,17.0,2026-04-05 12:06:00,2026-04-05 12:12:00,B14 A,111.0,11.03,10.07,5.1,1.31,6.0
225,2026-04-05,SN358,2026-04-05 08:21:00,2026-04-05 08:24:00,3.0,2026-04-05 08:42:00,2026-04-05 09:09:00,B14 A,112.0,12.72,8.8,5.35,1.25,27.0
225,2026-04-05,SN379,2026-04-05 08:11:00,2026-04-05 08:40:00,29.0,2026-04-05 08:59:00,2026-04-05 09:27:00,B28 A,76.0,11.64,6.53,5.01,1.6,28.0
225,2026-04-05,SN3800,2026-04-05 06:15:00,2026-04-05 06:16:00,1.0,2026-04-05 06:28:00,2026-04-05 06:30:00,A65 ,27.0,15.84,1.7,4.65,1.79,2.0
225,2026-04-05,TB1552,2026-04-05 10:15:00,2026-04-05 10:31:00,16.0,2026-04-05 10:50:00,2026-04-05 10:59:00,A69 ,164.0,13.97,11.74,5.0,1.67,9.0
225,2026-04-05,TB2632,2026-04-05 09:29:00,2026-04-05 09:09:00,-20.0,2026-04-05 09:35:00,2026-04-05 09:44:00,B9  A,114.0,13.19,8.64,3.88,2.15,9.0
225,2026-04-05,TB2662,2026-04-05 09:15:00,2026-04-05 09:04:00,-11.0,2026-04-05 09:22:00,2026-04-05 09:30:00,B34 A,90.0,10.56,8.52,5.0,2.07,8.0
225,2026-04-05,TG934,2026-04-05 09:21:00,2026-04-05 09:16:00,-5.0,2026-04-05 09:38:00,2026-04-05 09:58:00,B38 A,249.0,13.31,18.71,4.38,2.66,20.0
225,2026-04-05,UA950,2026-04-05 10:20:00,2026-04-05 09:58:00,-22.0,2026-04-05 10:24:00,2026-04-05 10:51:00,B40 A,188.0,14.2,13.24,5.28,2.35,27.0
225,2026-04-05,UA994,2026-04-05 12:51:00,2026-04-05 12:35:00,-16.0,2026-04-05 12:54:00,2026-04-05 13:24:00,B38 A,109.0,11.42,9.54,4.82,2.42,30.0
225,2026-04-05,XR5402,2026-04-05 07:46:00,2026-04-05 08:56:00,70.0,2026-04-05 09:23:00,2026-04-05 09:26:00,B5  A,88.0,11.1,7.93,5.17,1.61,3.0
226,2026-04-05,AC832,2026-04-05 09:18:00,2026-04-05 08:45:00,-33.0,2026-04-05 09:06:00,2026-04-05 09:59:00,B28 A,110.0,12.33,8.92,6.05,1.32,53.0
226,2026-04-05,ET750,2026-04-05 11:13:00,2026-04-05 11:34:00,21.0,2026-04-05 12:17:00,2026-04-05 13:03:00,B17 A,464.0,14.39,32.25,5.12,1.64,46.0
226,2026-04-05,FH8116,2026-04-05 12:44:00,2026-04-05 12:48:00,4.0,2026-04-05 13:06:00,2026-04-05 13:13:00,B38 A,140.0,11.59,12.08,5.48,2.13,7.0
226,2026-04-05,LH1004,2026-04-05 08:50:00,2026-04-05 08:53:00,3.0,2026-04-05 09:06:00,2026-04-05 09:12:00,A43 ,29.0,13.08,2.22,4.1,2.03,6.0
226,2026-04-05,SN1122,2026-04-05 08:39:00,2026-04-05 09:08:00,29.0,2026-04-05 09:20:00,2026-04-05 09:21:00,B40 A,13.0,10.08,1.29,5.16,2.41,1.0
226,2026-04-05,SN1124,2026-04-05 07:10:00,2026-04-05 07:19:00,9.0,2026-04-05 07:32:00,2026-04-05 07:48:00,B30 A,138.0,13.69,10.08,5.61,1.59,16.0
226,2026-04-05,SN206,2026-04-05 06:25:00,2026-04-05 06:48:00,23.0,2026-04-05 07:07:00,2026-04-05 07:30:00,B38 A,154.0,11.74,13.11,5.25,2.22,23.0
226,2026-04-05,SN229,2026-04-05 08:06:00,2026-04-05 09:20:00,74.0,2026-04-05 09:41:00,2026-04-05 10:22:00,B14 A,144.0,12.82,11.23,5.38,1.24,41.0
226,2026-04-05,SN278,2026-04-05 10:45:00,2026-04-05 10:42:00,-3.0,2026-04-05 11:04:00,2026-04-05 11:16:00,B28 A,198.0,11.54,17.16,4.89,1.64,12.0
226,2026-04-05,SN2900,2026-04-05 07:39:00,2026-04-05 07:25:00,-14.0,2026-04-05 07:38:00,2026-04-05 07:53:00,B38 A,55.0,14.25,3.86,4.71,2.48,15.0
226,2026-04-05,SN3326,2026-04-05 11:24:00,2026-04-05 11:41:00,17.0,2026-04-05 12:06:00,2026-04-05 12:12:00,B14 A,111.0,12.06,9.2,5.29,1.26,6.0
226,2026-04-05,SN358,2026-04-05 12:21:00,2026-04-05 12:23:00,2.0,2026-04-05 12:43:00,2026-04-05 13:14:00,B28 A,176.0,14.05,12.53,5.07,1.58,31.0
226,2026-04-05,SN379,2026-04-05 10:10:00,2026-04-05 11:03:00,53.0,2026-04-05 11:42:00,2026-04-05 12:19:00,B29 A,161.0,10.37,15.53,5.05,1.95,37.0
226,2026-04-05,SN3800,2026-04-05 06:15:00,2026-04-05 06:16:00,1.0,2026-04-05 06:28:00,2026-04-05 06:30:00,A65 ,27.0,12.74,2.12,4.0,2.08,2.0
226,2026-04-05,TB1552,2026-04-05 07:15:00,2026-04-05 07:08:00,-7.0,2026-04-05 07:38:00,2026-04-05 07:45:00,A61 ,152.0,14.18,10.72,5.76,1.45,7.0
226,2026-04-05,TB2632,2026-04-05 09:29:00,2026-04-05 09:09:00,-20.0,2026-04-05 09:35:00,2026-04-05 09:44:00,B9  A,114.0,12.23,9.32,4.44,1.88,9.0
226,2026-04-05,TB2662,2026-04-05 09:15:00,2026-04-05 09:04:00,-11.0,2026-04-05 09:22:00,2026-04-05 09:30:00,B34 A,90.0,11.1,8.11,4.81,2.15,8.0
226,2026-04-05,TG934,2026-04-05 09:21:00,2026-04-05 09:16:00,-5.0,2026-04-05 09:38:00,2026-04-05 09:58:00,B38 A,249.0,13.01,19.13,4.49,2.6,20.0
226,2026-04-05,UA950,2026-04-05 10:20:00,2026-04-05 09:58:00,-22.0,2026-04-05 10:24:00,2026-04-05 10:51:00,B40 A,188.0,11.14,16.88,5.83,2.13,27.0
226,2026-04-05,UA994,2026-04-05 08:51:00,2026-04-05 08:32:00,-19.0,2026-04-05 08:52:00,2026-04-05 09:25:00,B40 A,171.0,13.02,13.14,5.26,2.36,33.0
226,2026-04-05,XR5402,2026-04-05 07:46:00,2026-04-05 08:56:00,70.0,2026-04-05 09:23:00,2026-04-05 09:26:00,B5  A,88.0,12.01,7.33,5.9,1.41,3.0
227,2026-04-05,AC832,2026-04-05 11:16:00,2026-04-05 10:39:00,-37.0,2026-04-05 10:54:00,2026-04-05 11:24:00,B5  A,101.0,11.22,9.0,4.36,1.91,30.0
227,2026-04-05,ET750,2026-04-05 11:13:00,2026-04-05 11:34:00,21.0,2026-04-05 12:17:00,2026-04-05 13:03:00,B17 A,464.0,14.15,32.79,4.9,1.72,46.0
227,2026-04-05,FH8116,2026-04-05 06:35:00,2026-04-05 06:00:00,-35.0,2026-04-05 06:07:00,2026-04-05 06:09:00,B15 A,22.0,15.53,1.42,5.4,1.43,2.0
227,2026-04-05,LH1004,2026-04-05 12:50:00,2026-04-05 12:50:00,0.0,2026-04-05 13:03:00,2026-04-05 13:30:00,A43 ,40.0,9.39,4.26,5.4,1.54,27.0
227,2026-04-05,SN1122,2026-04-05 08:39:00,2026-04-05 09:08:00,29.0,2026-04-05 09:20:00,2026-04-05 09:21:00,B40 A,13.0,13.12,0.99,5.38,2.31,1.0
227,2026-04-05,SN1124,2026-04-05 07:10:00,2026-04-05 07:19:00,9.0,2026-04-05 07:32:00,2026-04-05 07:48:00,B30 A,138.0,13.1,10.54,4.16,2.14,16.0
227,2026-04-05,SN206,2026-04-05 06:25:00,2026-04-05 06:48:00,23.0,2026-04-05 07:07:00,2026-04-05 07:30:00,B38 A,154.0,14.22,10.83,4.35,2.68,23.0
227,2026-04-05,SN229,2026-04-05 08:06:00,2026-04-05 09:20:00,74.0,2026-04-05 09:41:00,2026-04-05 10:22:00,B14 A,144.0,12.12,11.88,4.81,1.39,41.0
227,2026-04-05,SN278,2026-04-05 10:45:00,2026-04-05 10:42:00,-3.0,2026-04-05 11:04:00,2026-04-05 11:16:00,B28 A,198.0,11.36,17.43,4.79,1.67,12.0
227,2026-04-05,SN2900,2026-04-05 07:39:00,2026-04-05 07:25:00,-14.0,2026-04-05 07:38:00,2026-04-05 07:53:00,B38 A,55.0,14.85,3.7,5.03,2.32,15.0
227,2026-04-05,SN3326,2026-04-05 11:24:00,2026-04-05 11:41:00,17.0,2026-04-05 12:06:00,2026-04-05 12:12:00,B14 A,111.0,15.91,6.98,4.93,1.35,6.0
227,2026-04-05,SN358,2026-04-05 08:21:00,2026-04-05 08:24:00,3.0,2026-04-05 08:42:00,2026-04-05 09:09:00,B14 A,112.0,8.65,12.95,5.68,1.17,27.0
227,2026-04-05,SN379,2026-04-05 08:11:00,2026-04-05 08:40:00,29.0,2026-04-05 08:59:00,2026-04-05 09:27:00,B28 A,76.0,10.03,7.58,6.13,1.31,28.0
227,2026-04-05,SN3800,2026-04-05 06:15:00,2026-04-05 06:16:00,1.0,2026-04-05 06:28:00,2026-04-05 06:30:00,A65 ,27.0,11.36,2.38,4.29,1.94,2.0
227,2026-04-05,TB1552,2026-04-05 10:15:00,2026-04-05 10:31:00,16.0,2026-04-05 10:50:00,2026-04-05 10:59:00,A69 ,164.0,10.93,15.01,5.09,1.64,9.0
227,2026-04-05,TB2632,2026-04-05 09:29:00,2026-04-05 09:09:00,-20.0,2026-04-05 09:35:00,2026-04-05 09:44:00,B9  A,114.0,14.47,7.88,3.84,2.17,9.0
227,2026-04-05,TB2662,2026-04-05 09:15:00,2026-04-05 09:04:00,-11.0,2026-04-05 09:22:00,2026-04-05 09:30:00,B34 A,90.0,12.07,7.45,4.48,2.31,8.0
227,2026-04-05,TG934,2026-04-05 12:22:00,2026-04-05 12:26:00,4.0,2026-04-05 12:46:00,2026-04-05 13:15:00,B34 A,260.0,15.52,16.76,6.15,1.68,29.0
227,2026-04-05,UA950,2026-04-05 11:22:00,2026-04-05 11:02:00,-20.0,2026-04-05 11:22:00,2026-04-05 11:45:00,B28 A,170.0,13.93,12.21,6.22,1.29,23.0
227,2026-04-05,UA994,2026-04-05 09:51:00,2026-04-05 11:28:00,97.0,2026-04-05 11:44:00,2026-04-05 12:09:00,B40 A,135.0,13.85,9.75,5.61,2.21,25.0
227,2026-04-05,XR5402,2026-04-05 07:46:00,2026-04-05 08:56:00,70.0,2026-04-05 09:23:00,2026-04-05 09:26:00,B5  A,88.0,11.65,7.55,5.53,1.51,3.0
228,2026-04-05,AC832,2026-04-05 10:17:00,2026-04-05 10:43:00,26.0,2026-04-05 11:00:00,2026-04-05 11:34:00,B14 A,172.0,13.52,12.72,6.43,1.04,34.0
228,2026-04-05,ET750,2026-04-05 11:13:00,2026-04-05 11:34:00,21.0,2026-04-05 12:17:00,2026-04-05 13:03:00,B17 A,464.0,13.03,35.6,4.13,2.04,46.0
228,2026-04-05,FH8116,2026-04-05 06:35:00,2026-04-05 06:00:00,-35.0,2026-04-05 06:07:00,2026-04-05 06:09:00,B15 A,22.0,15.83,1.39,4.56,1.7,2.0
228,2026-04-05,LH1004,2026-04-05 09:50:00,2026-04-05 09:53:00,3.0,2026-04-05 10:20:00,2026-04-05 10:27:00,A43 ,33.0,10.71,3.08,4.78,1.74,7.0
228,2026-04-05,SN1122,2026-04-05 08:39:00,2026-04-05 09:08:00,29.0,2026-04-05 09:20:00,2026-04-05 09:21:00,B40 A,13.0,13.05,1.0,5.11,2.43,1.0
228,2026-04-05,SN1124,2026-04-05 07:10:00,2026-04-05 07:19:00,9.0,2026-04-05 07:32:00,2026-04-05 07:48:00,B30 A,138.0,13.12,10.52,3.6,2.48,16.0
228,2026-04-05,SN206,2026-04-05 06:25:00,2026-04-05 06:48:00,23.0,2026-04-05 07:07:00,2026-04-05 07:30:00,B38 A,154.0,14.56,10.58,3.93,2.97,23.0
228,2026-04-05,SN229,2026-04-05 08:06:00,2026-04-05 09:20:00,74.0,2026-04-05 09:41:00,2026-04-05 10:22:00,B14 A,144.0,12.32,11.68,5.53,1.21,41.0
228,2026-04-05,SN278,2026-04-05 10:45:00,2026-04-05 10:42:00,-3.0,2026-04-05 11:04:00,2026-04-05 11:16:00,B28 A,198.0,13.54,14.63,5.2,1.54,12.0
228,2026-04-05,SN2900,2026-04-05 07:39:00,2026-04-05 07:25:00,-14.0,2026-04-05 07:38:00,2026-04-05 07:53:00,B38 A,55.0,10.71,5.14,4.64,2.52,15.0
228,2026-04-05,SN3326,2026-04-05 11:24:00,2026-04-05 11:41:00,17.0,2026-04-05 12:06:00,2026-04-05 12:12:00,B14 A,111.0,9.95,11.15,4.42,1.51,6.0
228,2026-04-05,SN358,2026-04-05 10:21:00,2026-04-05 11:13:00,52.0,2026-04-05 11:43:00,2026-04-05 12:03:00,B38 A,126.0,14.37,8.77,4.86,2.4,20.0
228,2026-04-05,SN379,2026-04-05 08:11:00,2026-04-05 08:40:00,29.0,2026-04-05 08:59:00,2026-04-05 09:27:00,B28 A,76.0,11.33,6.71,5.33,1.5,28.0
228,2026-04-05,SN3800,2026-04-05 06:15:00,2026-04-05 06:16:00,1.0,2026-04-05 06:28:00,2026-04-05 06:30:00,A65 ,27.0,12.52,2.16,5.45,1.53,2.0
228,2026-04-05,TB1552,2026-04-05 07:47:00,2026-04-05 07:43:00,-4.0,2026-04-05 07:55:00,2026-04-05 07:59:00,A68 ,66.0,13.81,4.78,5.6,1.49,4.0
228,2026-04-05,TB2632,2026-04-05 09:29:00,2026-04-05 09:09:00,-20.0,2026-04-05 09:35:00,2026-04-05 09:44:00,B9  A,114.0,15.39,7.41,3.99,2.09,9.0
228,2026-04-05,TB2662,2026-04-05 09:15:00,2026-04-05 09:04:00,-11.0,2026-04-05 09:22:00,2026-04-05 09:30:00,B34 A,90.0,10.96,8.21,4.8,2.15,8.0
228,2026-04-05,TG934,2026-04-05 12:22:00,2026-04-05 12:26:00,4.0,2026-04-05 12:46:00,2026-04-05 13:15:00,B34 A,260.0,15.29,17.01,5.1,2.02,29.0
228,2026-04-05,UA950,2026-04-05 10:20:00,2026-04-05 09:58:00,-22.0,2026-04-05 10:24:00,2026-04-05 10:51:00,B40 A,188.0,15.2,12.37,4.24,2.93,27.0
228,2026-04-05,UA994,2026-04-05 08:51:00,2026-04-05 08:32:00,-19.0,2026-04-05 08:52:00,2026-04-05 09:25:00,B40 A,171.0,14.46,11.83,4.03,3.08,33.0
228,2026-04-05,XR5402,2026-04-05 07:46:00,2026-04-05 08:56:00,70.0,2026-04-05 09:23:00,2026-04-05 09:26:00,B5  A,88.0,10.5,8.38,4.56,1.83,3.0
229,2026-04-05,AC832,2026-04-05 08:17:00,2026-04-05 07:46:00,-31.0,2026-04-05 08:02:00,2026-04-05 08:29:00,B30 A,122.0,10.51,11.61,5.27,1.69,27.0
229,2026-04-05,ET750,2026-04-05 11:13:00,2026-04-05 11:34:00,21.0,2026-04-05 12:17:00,2026-04-05 13:03:00,B17 A,464.0,11.81,39.27,4.82,1.75,46.0
229,2026-04-05,FH8116,2026-04-05 12:44:00,2026-04-05 12:48:00,4.0,2026-04-05 13:06:00,2026-04-05 13:13:00,B38 A,140.0,9.32,15.02,6.65,1.75,7.0
229,2026-04-05,LH1004,2026-04-05 09:50:00,2026-04-05 09:53:00,3.0,2026-04-05 10:20:00,2026-04-05 10:27:00,A43 ,33.0,12.14,2.72,4.52,1.84,7.0
229,2026-04-05,SN1122,2026-04-05 08:39:00,2026-04-05 09:08:00,29.0,2026-04-05 09:20:00,2026-04-05 09:21:00,B40 A,13.0,9.94,1.31,5.26,2.36,1.0
229,2026-04-05,SN1124,2026-04-05 07:10:00,2026-04-05 07:19:00,9.0,2026-04-05 07:32:00,2026-04-05 07:48:00,B30 A,138.0,12.85,10.74,5.55,1.61,16.0
229,2026-04-05,SN206,2026-04-05 06:25:00,2026-04-05 06:48:00,23.0,2026-04-05 07:07:00,2026-04-05 07:30:00,B38 A,154.0,9.15,16.82,5.99,1.95,23.0
229,2026-04-05,SN229,2026-04-05 12:06:00,2026-04-05 12:12:00,6.0,2026-04-05 12:39:00,2026-04-05 13:03:00,B28 A,20.0,14.8,1.35,5.32,1.5,24.0
229,2026-04-05,SN278,2026-04-05 10:45:00,2026-04-05 10:42:00,-3.0,2026-04-05 11:04:00,2026-04-05 11:16:00,B28 A,198.0,11.73,16.88,3.86,2.07,12.0
229,2026-04-05,SN2900,2026-04-05 08:46:00,2026-04-05 08:33:00,-13.0,2026-04-05 08:58:00,2026-04-05 09:02:00,B14 A,79.0,12.09,6.54,4.78,1.39,4.0
229,2026-04-05,SN3326,2026-04-05 11:24:00,2026-04-05 11:41:00,17.0,2026-04-05 12:06:00,2026-04-05 12:12:00,B14 A,111.0,13.91,7.98,5.79,1.15,6.0
229,2026-04-05,SN358,2026-04-05 12:21:00,2026-04-05 12:23:00,2.0,2026-04-05 12:43:00,2026-04-05 13:14:00,B28 A,176.0,13.6,12.94,5.06,1.58,31.0
229,2026-04-05,SN379,2026-04-05 10:10:00,2026-04-05 11:03:00,53.0,2026-04-05 11:42:00,2026-04-05 12:19:00,B29 A,161.0,10.93,14.73,3.64,2.7,37.0
229,2026-04-05,SN3800,2026-04-05 06:15:00,2026-04-05 06:16:00,1.0,2026-04-05 06:28:00,2026-04-05 06:30:00,A65 ,27.0,10.41,2.59,3.9,2.14,2.0
229,2026-04-05,TB1552,2026-04-05 07:47:00,2026-04-05 07:43:00,-4.0,2026-04-05 07:55:00,2026-04-05 07:59:00,A68 ,66.0,13.26,4.98,4.21,1.98,4.0
229,2026-04-05,TB2632,2026-04-05 09:29:00,2026-04-05 09:09:00,-20.0,2026-04-05 09:35:00,2026-04-05 09:44:00,B9  A,114.0,13.09,8.71,4.48,1.86,9.0
229,2026-04-05,TB2662,2026-04-05 09:15:00,2026-04-05 09:04:00,-11.0,2026-04-05 09:22:00,2026-04-05 09:30:00,B34 A,90.0,13.81,6.52,4.83,2.14,8.0
229,2026-04-05,TG934,2026-04-05 09:21:00,2026-04-05 09:16:00,-5.0,2026-04-05 09:38:00,2026-04-05 09:58:00,B38 A,249.0,15.31,16.26,4.37,2.67,20.0
229,2026-04-05,UA950,2026-04-05 12:20:00,2026-04-05 11:58:00,-22.0,2026-04-05 12:14:00,2026-04-05 12:42:00,B37 A,127.0,13.08,9.71,5.05,2.41,28.0
229,2026-04-05,UA994,2026-04-05 11:51:00,2026-04-05 11:37:00,-14.0,2026-04-05 11:55:00,2026-04-05 12:25:00,B40 A,157.0,13.24,11.86,5.32,2.33,30.0
229,2026-04-05,XR5402,2026-04-05 07:46:00,2026-04-05 08:56:00,70.0,2026-04-05 09:23:00,2026-04-05 09:26:00,B5  A,88.0,15.57,5.65,3.96,2.1,3.0
230,2026-04-05,AC832,2026-04-05 08:17:00,2026-04-05 07:46:00,-31.0,2026-04-05 08:02:00,2026-04-05 08:29:00,B30 A,122.0,13.06,9.34,4.76,1.87,27.0
230,2026-04-05,ET750,2026-04-05 11:13:00,2026-04-05 11:34:00,21.0,2026-04-05 12:17:00,2026-04-05 13:03:00,B17 A,464.0,11.64,39.86,5.15,1.63,46.0
230,2026-04-05,FH8116,2026-04-05 12:44:00,2026-04-05 12:48:00,4.0,2026-04-05 13:06:00,2026-04-05 13:13:00,B38 A,140.0,13.21,10.6,4.87,2.4,7.0
230,2026-04-05,LH1004,2026-04-05 12:50:00,2026-04-05 12:50:00,0.0,2026-04-05 13:03:00,2026-04-05 13:30:00,A43 ,40.0,16.26,2.46,5.55,1.5,27.0
230,2026-04-05,SN1122,2026-04-05 08:39:00,2026-04-05 09:08:00,29.0,2026-04-05 09:20:00,2026-04-05 09:21:00,B40 A,13.0,12.35,1.05,4.87,2.55,1.0
230,2026-04-05,SN1124,2026-04-05 07:10:00,2026-04-05 07:19:00,9.0,2026-04-05 07:32:00,2026-04-05 07:48:00,B30 A,138.0,16.53,8.35,4.88,1.83,16.0
230,2026-04-05,SN206,2026-04-05 06:25:00,2026-04-05 06:48:00,23.0,2026-04-05 07:07:00,2026-04-05 07:30:00,B38 A,154.0,13.91,11.07,4.89,2.39,23.0
230,2026-04-05,SN229,2026-04-05 12:06:00,2026-04-05 12:12:00,6.0,2026-04-05 12:39:00,2026-04-05 13:03:00,B28 A,20.0,14.68,1.36,4.88,1.64,24.0
230,2026-04-05,SN278,2026-04-05 10:45:00,2026-04-05 10:42:00,-3.0,2026-04-05 11:04:00,2026-04-05 11:16:00,B28 A,198.0,15.35,12.9,4.17,1.92,12.0
230,2026-04-05,SN2900,2026-04-05 10:44:00,2026-04-05 11:04:00,20.0,2026-04-05 11:13:00,2026-04-05 11:34:00,B32 A,49.0,9.72,5.04,5.06,1.91,21.0
230,2026-04-05,SN3326,2026-04-05 07:45:00,2026-04-05 08:05:00,20.0,2026-04-05 08:16:00,2026-04-05 08:36:00,B28 A,123.0,13.9,8.85,4.21,1.9,20.0
230,2026-04-05,SN358,2026-04-05 10:21:00,2026-04-05 11:13:00,52.0,2026-04-05 11:43:00,2026-04-05 12:03:00,B38 A,126.0,10.84,11.63,5.91,1.98,20.0
230,2026-04-05,SN379,2026-04-05 10:10:00,2026-04-05 11:03:00,53.0,2026-04-05 11:42:00,2026-04-05 12:19:00,B29 A,161.0,14.18,11.35,6.63,1.48,37.0
230,2026-04-05,SN3800,2026-04-05 06:15:00,2026-04-05 06:16:00,1.0,2026-04-05 06:28:00,2026-04-05 06:30:00,A65 ,27.0,12.45,2.17,6.06,1.38,2.0
230,2026-04-05,TB1552,2026-04-05 07:15:00,2026-04-05 07:08:00,-7.0,2026-04-05 07:38:00,2026-04-05 07:45:00,A61 ,152.0,15.41,9.86,3.44,2.42,7.0
230,2026-04-05,TB2632,2026-04-05 09:29:00,2026-04-05 09:09:00,-20.0,2026-04-05 09:35:00,2026-04-05 09:44:00,B9  A,114.0,11.06,10.31,6.3,1.32,9.0
230,2026-04-05,TB2662,2026-04-05 09:15:00,2026-04-05 09:04:00,-11.0,2026-04-05 09:22:00,2026-04-05 09:30:00,B34 A,90.0,13.71,6.57,5.44,1.9,8.0
230,2026-04-05,TG934,2026-04-05 09:21:00,2026-04-05 09:16:00,-5.0,2026-04-05 09:38:00,2026-04-05 09:58:00,B38 A,249.0,13.01,19.14,5.02,2.32,20.0
230,2026-04-05,UA950,2026-04-05 08:20:00,2026-04-05 08:20:00,0.0,2026-04-05 08:36:00,2026-04-05 09:25:00,B38 A,176.0,14.04,12.53,4.46,2.62,49.0
230,2026-04-05,UA994,2026-04-05 08:51:00,2026-04-05 08:32:00,-19.0,2026-04-05 08:52:00,2026-04-05 09:25:00,B40 A,171.0,15.77,10.84,5.37,2.31,33.0
230,2026-04-05,XR5402,2026-04-05 07:46:00,2026-04-05 08:56:00,70.0,2026-04-05 09:23:00,2026-04-05 09:26:00,B5  A,88.0,13.3,6.62,4.61,1.81,3.0
231,2026-04-05,AC832,2026-04-05 10:17:00,2026-04-05 10:43:00,26.0,2026-04-05 11:00:00,2026-04-05 11:34:00,B14 A,172.0,11.96,14.39,3.66,1.82,34.0
231,2026-04-05,ET750,2026-04-05 11:13:00,2026-04-05 11:34:00,21.0,2026-04-05 12:17:00,2026-04-05 13:03:00,B17 A,464.0,12.5,37.12,5.9,1.43,46.0
231,2026-04-05,FH8116,2026-04-05 06:35:00,2026-04-05 06:00:00,-35.0,2026-04-05 06:07:00,2026-04-05 06:09:00,B15 A,22.0,8.55,2.57,4.9,1.58,2.0
231,2026-04-05,LH1004,2026-04-05 08:50:00,2026-04-05 08:53:00,3.0,2026-04-05 09:06:00,2026-04-05 09:12:00,A43 ,29.0,10.28,2.82,4.86,1.72,6.0
231,2026-04-05,SN1122,2026-04-05 08:39:00,2026-04-05 09:08:00,29.0,2026-04-05 09:20:00,2026-04-05 09:21:00,B40 A,13.0,11.1,1.17,4.69,2.65,1.0
231,2026-04-05,SN1124,2026-04-05 07:10:00,2026-04-05 07:19:00,9.0,2026-04-05 07:32:00,2026-04-05 07:48:00,B30 A,138.0,13.33,10.35,4.91,1.82,16.0
231,2026-04-05,SN206,2026-04-05 06:25:00,2026-04-05 06:48:00,23.0,2026-04-05 07:07:00,2026-04-05 07:30:00,B38 A,154.0,14.02,10.98,4.24,2.75,23.0
231,2026-04-05,SN229,2026-04-05 08:06:00,2026-04-05 09:20:00,74.0,2026-04-05 09:41:00,2026-04-05 10:22:00,B14 A,144.0,13.83,10.41,5.37,1.24,41.0
231,2026-04-05,SN278,2026-04-05 12:46:00,2026-04-05 12:41:00,-5.0,2026-04-05 13:04:00,2026-04-05 13:33:00,B31 A,62.0,9.79,6.33,4.67,2.3,29.0
231,2026-04-05,SN2900,2026-04-05 07:39:00,2026-04-05 07:25:00,-14.0,2026-04-05 07:38:00,2026-04-05 07:53:00,B38 A,55.0,10.49,5.24,5.44,2.14,15.0
231,2026-04-05,SN3326,2026-04-05 11:24:00,2026-04-05 11:41:00,17.0,2026-04-05 12:06:00,2026-04-05 12:12:00,B14 A,111.0,10.4,10.67,4.92,1.35,6.0
231,2026-04-05,SN358,2026-04-05 12:21:00,2026-04-05 12:23:00,2.0,2026-04-05 12:43:00,2026-04-05 13:14:00,B28 A,176.0,11.02,15.97,4.89,1.64,31.0
231,2026-04-05,SN379,2026-04-05 08:11:00,2026-04-05 08:40:00,29.0,2026-04-05 08:59:00,2026-04-05 09:27:00,B28 A,76.0,11.11,6.84,3.88,2.06,28.0
231,2026-04-05,SN3800,2026-04-05 06:15:00,2026-04-05 06:16:00,1.0,2026-04-05 06:28:00,2026-04-05 06:30:00,A65 ,27.0,11.76,2.3,5.94,1.4,2.0
231,2026-04-05,TB1552,2026-04-05 08:29:00,2026-04-05 08:25:00,-4.0,2026-04-05 08:46:00,2026-04-05 08:54:00,A61 ,166.0,14.03,11.83,4.77,1.75,8.0
231,2026-04-05,TB2632,2026-04-05 09:29:00,2026-04-05 09:09:00,-20.0,2026-04-05 09:35:00,2026-04-05 09:44:00,B9  A,114.0,12.47,9.14,4.42,1.89,9.0
231,2026-04-05,TB2662,2026-04-05 09:15:00,2026-04-05 09:04:00,-11.0,2026-04-05 09:22:00,2026-04-05 09:30:00,B34 A,90.0,10.16,8.86,4.41,2.34,8.0
231,2026-04-05,TG934,2026-04-05 12:22:00,2026-04-05 12:26:00,4.0,2026-04-05 12:46:00,2026-04-05 13:15:00,B34 A,260.0,14.91,17.44,6.0,1.72,29.0
231,2026-04-05,UA950,2026-04-05 11:22:00,2026-04-05 11:02:00,-20.0,2026-04-05 11:22:00,2026-04-05 11:45:00,B28 A,170.0,12.68,13.4,6.12,1.31,23.0
231,2026-04-05,UA994,2026-04-05 12:51:00,2026-04-05 12:35:00,-16.0,2026-04-05 12:54:00,2026-04-05 13:24:00,B38 A,109.0,12.21,8.93,3.88,3.01,30.0
231,2026-04-05,XR5402,2026-04-05 07:46:00,2026-04-05 08:56:00,70.0,2026-04-05 09:23:00,2026-04-05 09:26:00,B5  A,88.0,16.27,5.41,4.27,1.95,3.0
232,2026-04-05,AC832,2026-04-05 12:18:00,2026-04-05 11:38:00,-40.0,2026-04-05 11:54:00,2026-04-05 12:17:00,B30 A,100.0,11.65,8.58,3.8,2.35,23.0
232,2026-04-05,ET750,2026-04-05 11:13:00,2026-04-05 11:34:00,21.0,2026-04-05 12:17:00,2026-04-05 13:03:00,B17 A,464.0,13.3,34.89,4.24,1.98,46.0
232,2026-04-05,FH8116,2026-04-05 06:35:00,2026-04-05 06:00:00,-35.0,2026-04-05 06:07:00,2026-04-05 06:09:00,B15 A,22.0,11.74,1.87,6.06,1.28,2.0
232,2026-04-05,LH1004,2026-04-05 11:51:00,2026-04-05 11:47:00,-4.0,2026-04-05 12:07:00,2026-04-05 12:12:00,A43 ,23.0,16.1,1.43,5.21,1.6,5.0
232,2026-04-05,SN1122,2026-04-05 08:39:00,2026-04-05 09:08:00,29.0,2026-04-05 09:20:00,2026-04-05 09:21:00,B40 A,13.0,13.91,0.93,4.48,2.77,1.0
232,2026-04-05,SN1124,2026-04-05 07:10:00,2026-04-05 07:19:00,9.0,2026-04-05 07:32:00,2026-04-05 07:48:00,B30 A,138.0,14.48,9.53,5.45,1.64,16.0
232,2026-04-05,SN206,2026-04-05 06:25:00,2026-04-05 06:48:00,23.0,2026-04-05 07:07:00,2026-04-05 07:30:00,B38 A,154.0,13.84,11.12,4.92,2.37,23.0
232,2026-04-05,SN229,2026-04-05 10:04:00,2026-04-05 10:26:00,22.0,2026-04-05 10:41:00,2026-04-05 11:10:00,B31 A,120.0,14.73,8.15,5.07,2.12,29.0
232,2026-04-05,SN278,2026-04-05 10:45:00,2026-04-05 10:42:00,-3.0,2026-04-05 11:04:00,2026-04-05 11:16:00,B28 A,198.0,16.29,12.16,4.99,1.6,12.0
232,2026-04-05,SN2900,2026-04-05 10:44:00,2026-04-05 11:04:00,20.0,2026-04-05 11:13:00,2026-04-05 11:34:00,B32 A,49.0,11.92,4.11,5.41,1.79,21.0
232,2026-04-05,SN3326,2026-04-05 07:45:00,2026-04-05 08:05:00,20.0,2026-04-05 08:16:00,2026-04-05 08:36:00,B28 A,123.0,15.55,7.91,6.14,1.3,20.0
232,2026-04-05,SN358,2026-04-05 10:21:00,2026-04-05 11:13:00,52.0,2026-04-05 11:43:00,2026-04-05 12:03:00,B38 A,126.0,11.92,10.57,4.63,2.52,20.0
232,2026-04-05,SN379,2026-04-05 10:10:00,2026-04-05 11:03:00,53.0,2026-04-05 11:42:00,2026-04-05 12:19:00,B29 A,161.0,11.76,13.69,5.06,1.94,37.0
232,2026-04-05,SN3800,2026-04-05 06:15:00,2026-04-05 06:16:00,1.0,2026-04-05 06:28:00,2026-04-05 06:30:00,A65 ,27.0,11.73,2.3,4.75,1.75,2.0
232,2026-04-05,TB1552,2026-04-05 07:47:00,2026-04-05 07:43:00,-4.0,2026-04-05 07:55:00,2026-04-05 07:59:00,A68 ,66.0,12.14,5.43,4.76,1.75,4.0
232,2026-04-05,TB2632,2026-04-05 09:29:00,2026-04-05 09:09:00,-20.0,2026-04-05 09:35:00,2026-04-05 09:44:00,B9  A,114.0,13.43,8.49,4.62,1.8,9.0
232,2026-04-05,TB2662,2026-04-05 09:15:00,2026-04-05 09:04:00,-11.0,2026-04-05 09:22:00,2026-04-05 09:30:00,B34 A,90.0,10.53,8.55,6.13,1.69,8.0
232,2026-04-05,TG934,2026-04-05 09:21:00,2026-04-05 09:16:00,-5.0,2026-04-05 09:38:00,2026-04-05 09:58:00,B38 A,249.0,13.36,18.63,4.86,2.4,20.0
232,2026-04-05,UA950,2026-04-05 10:20:00,2026-04-05 09:58:00,-22.0,2026-04-05 10:24:00,2026-04-05 10:51:00,B40 A,188.0,10.92,17.21,5.03,2.47,27.0
232,2026-04-05,UA994,2026-04-05 11:51:00,2026-04-05 11:37:00,-14.0,2026-04-05 11:55:00,2026-04-05 12:25:00,B40 A,157.0,16.48,9.53,4.88,2.54,30.0
232,2026-04-05,XR5402,2026-04-05 07:46:00,2026-04-05 08:56:00,70.0,2026-04-05 09:23:00,2026-04-05 09:26:00,B5  A,88.0,11.65,7.55,4.56,1.83,3.0
233,2026-04-05,AC832,2026-04-05 10:17:00,2026-04-05 10:43:00,26.0,2026-04-05 11:00:00,2026-04-05 11:34:00,B14 A,172.0,13.35,12.89,4.42,1.51,34.0
233,2026-04-05,ET750,2026-04-05 11:13:00,2026-04-05 11:34:00,21.0,2026-04-05 12:17:00,2026-04-05 13:03:00,B17 A,464.0,14.22,32.64,4.04,2.08,46.0
233,2026-04-05,FH8116,2026-04-05 12:44:00,2026-04-05 12:48:00,4.0,2026-04-05 13:06:00,2026-04-05 13:13:00,B38 A,140.0,14.07,9.95,4.48,2.61,7.0
233,2026-04-05,LH1004,2026-04-05 09:50:00,2026-04-05 09:53:00,3.0,2026-04-05 10:20:00,2026-04-05 10:27:00,A43 ,33.0,10.13,3.26,7.11,1.17,7.0
233,2026-04-05,SN1122,2026-04-05 08:39:00,2026-04-05 09:08:00,29.0,2026-04-05 09:20:00,2026-04-05 09:21:00,B40 A,13.0,10.98,1.18,4.61,2.69,1.0
233,2026-04-05,SN1124,2026-04-05 07:10:00,2026-04-05 07:19:00,9.0,2026-04-05 07:32:00,2026-04-05 07:48:00,B30 A,138.0,13.33,10.35,4.77,1.87,16.0
233,2026-04-05,SN206,2026-04-05 06:25:00,2026-04-05 06:48:00,23.0,2026-04-05 07:07:00,2026-04-05 07:30:00,B38 A,154.0,11.22,13.72,5.38,2.17,23.0
233,2026-04-05,SN229,2026-04-05 08:06:00,2026-04-05 09:20:00,74.0,2026-04-05 09:41:00,2026-04-05 10:22:00,B14 A,144.0,11.12,12.96,4.38,1.52,41.0
233,2026-04-05,SN278,2026-04-05 10:45:00,2026-04-05 10:42:00,-3.0,2026-04-05 11:04:00,2026-04-05 11:16:00,B28 A,198.0,15.78,12.54,4.86,1.65,12.0
233,2026-04-05,SN2900,2026-04-05 07:39:00,2026-04-05 07:25:00,-14.0,2026-04-05 07:38:00,2026-04-05 07:53:00,B38 A,55.0,11.72,4.69,4.74,2.46,15.0
233,2026-04-05,SN3326,2026-04-05 11:24:00,2026-04-05 11:41:00,17.0,2026-04-05 12:06:00,2026-04-05 12:12:00,B14 A,111.0,13.81,8.04,5.07,1.31,6.0
233,2026-04-05,SN358,2026-04-05 12:21:00,2026-04-05 12:23:00,2.0,2026-04-05 12:43:00,2026-04-05 13:14:00,B28 A,176.0,15.99,11.01,4.38,1.83,31.0
233,2026-04-05,SN379,2026-04-05 08:11:00,2026-04-05 08:40:00,29.0,2026-04-05 08:59:00,2026-04-05 09:27:00,B28 A,76.0,10.48,7.26,4.55,1.76,28.0
233,2026-04-05,SN3800,2026-04-05 06:15:00,2026-04-05 06:16:00,1.0,2026-04-05 06:28:00,2026-04-05 06:30:00,A65 ,27.0,14.7,1.84,4.88,1.71,2.0
233,2026-04-05,TB1552,2026-04-05 10:15:00,2026-04-05 10:31:00,16.0,2026-04-05 10:50:00,2026-04-05 10:59:00,A69 ,164.0,15.02,10.92,4.28,1.95,9.0
233,2026-04-05,TB2632,2026-04-05 09:29:00,2026-04-05 09:09:00,-20.0,2026-04-05 09:35:00,2026-04-05 09:44:00,B9  A,114.0,11.94,9.55,5.32,1.57,9.0
233,2026-04-05,TB2662,2026-04-05 09:15:00,2026-04-05 09:04:00,-11.0,2026-04-05 09:22:00,2026-04-05 09:30:00,B34 A,90.0,16.02,5.62,4.87,2.12,8.0
233,2026-04-05,TG934,2026-04-05 09:21:00,2026-04-05 09:16:00,-5.0,2026-04-05 09:38:00,2026-04-05 09:58:00,B38 A,249.0,13.16,18.92,6.8,1.71,20.0
233,2026-04-05,UA950,2026-04-05 09:21:00,2026-04-05 08:45:00,-36.0,2026-04-05 09:03:00,2026-04-05 09:29:00,B5  A,163.0,10.63,15.33,4.74,1.76,26.0
233,2026-04-05,UA994,2026-04-05 12:51:00,2026-04-05 12:35:00,-16.0,2026-04-05 12:54:00,2026-04-05 13:24:00,B38 A,109.0,10.66,10.23,4.95,2.36,30.0
233,2026-04-05,XR5402,2026-04-05 07:46:00,2026-04-05 08:56:00,70.0,2026-04-05 09:23:00,2026-04-05 09:26:00,B5  A,88.0,15.34,5.74,3.72,2.24,3.0
234,2026-04-05,AC832,2026-04-05 08:17:00,2026-04-05 07:46:00,-31.0,2026-04-05 08:02:00,2026-04-05 08:29:00,B30 A,122.0,10.96,11.13,4.73,1.88,27.0
234,2026-04-05,ET750,2026-04-05 11:13:00,2026-04-05 11:34:00,21.0,2026-04-05 12:17:00,2026-04-05 13:03:00,B17 A,464.0,11.8,39.33,7.01,1.2,46.0
234,2026-04-05,FH8116,2026-04-05 12:44:00,2026-04-05 12:48:00,4.0,2026-04-05 13:06:00,2026-04-05 13:13:00,B38 A,140.0,10.35,13.52,3.87,3.01,7.0
234,2026-04-05,LH1004,2026-04-05 08:50:00,2026-04-05 08:53:00,3.0,2026-04-05 09:06:00,2026-04-05 09:12:00,A43 ,29.0,9.07,3.2,5.43,1.53,6.0
234,2026-04-05,SN1122,2026-04-05 08:39:00,2026-04-05 09:08:00,29.0,2026-04-05 09:20:00,2026-04-05 09:21:00,B40 A,13.0,11.0,1.18,5.73,2.17,1.0
234,2026-04-05,SN1124,2026-04-05 07:10:00,2026-04-05 07:19:00,9.0,2026-04-05 07:32:00,2026-04-05 07:48:00,B30 A,138.0,15.18,9.09,4.95,1.8,16.0
234,2026-04-05,SN206,2026-04-05 06:25:00,2026-04-05 06:48:00,23.0,2026-04-05 07:07:00,2026-04-05 07:30:00,B38 A,154.0,12.57,12.26,6.01,1.94,23.0
234,2026-04-05,SN229,2026-04-05 12:06:00,2026-04-05 12:12:00,6.0,2026-04-05 12:39:00,2026-04-05 13:03:00,B28 A,20.0,14.77,1.35,5.3,1.51,24.0
234,2026-04-05,SN278,2026-04-05 10:45:00,2026-04-05 10:42:00,-3.0,2026-04-05 11:04:00,2026-04-05 11:16:00,B28 A,198.0,12.98,15.26,4.19,1.91,12.0
234,2026-04-05,SN2900,2026-04-05 10:44:00,2026-04-05 11:04:00,20.0,2026-04-05 11:13:00,2026-04-05 11:34:00,B32 A,49.0,12.97,3.78,5.05,1.92,21.0
234,2026-04-05,SN3326,2026-04-05 11:24:00,2026-04-05 11:41:00,17.0,2026-04-05 12:06:00,2026-04-05 12:12:00,B14 A,111.0,13.09,8.48,4.52,1.47,6.0
234,2026-04-05,SN358,2026-04-05 08:21:00,2026-04-05 08:24:00,3.0,2026-04-05 08:42:00,2026-04-05 09:09:00,B14 A,112.0,13.13,8.53,5.98,1.11,27.0
234,2026-04-05,SN379,2026-04-05 08:11:00,2026-04-05 08:40:00,29.0,2026-04-05 08:59:00,2026-04-05 09:27:00,B28 A,76.0,12.88,5.9,4.02,1.99,28.0
234,2026-04-05,SN3800,2026-04-05 06:15:00,2026-04-05 06:16:00,1.0,2026-04-05 06:28:00,2026-04-05 06:30:00,A65 ,27.0,10.62,2.54,4.44,1.88,2.0
234,2026-04-05,TB1552,2026-04-05 08:29:00,2026-04-05 08:25:00,-4.0,2026-04-05 08:46:00,2026-04-05 08:54:00,A61 ,166.0,12.43,13.35,6.0,1.39,8.0
234,2026-04-05,TB2632,2026-04-05 09:29:00,2026-04-05 09:09:00,-20.0,2026-04-05 09:35:00,2026-04-05 09:44:00,B9  A,114.0,12.79,8.91,6.4,1.3,9.0
234,2026-04-05,TB2662,2026-04-05 09:15:00,2026-04-05 09:04:00,-11.0,2026-04-05 09:22:00,2026-04-05 09:30:00,B34 A,90.0,10.42,8.64,3.84,2.69,8.0
234,2026-04-05,TG934,2026-04-05 09:21:00,2026-04-05 09:16:00,-5.0,2026-04-05 09:38:00,2026-04-05 09:58:00,B38 A,249.0,12.5,19.93,5.78,2.02,20.0
234,2026-04-05,UA950,2026-04-05 12:20:00,2026-04-05 11:58:00,-22.0,2026-04-05 12:14:00,2026-04-05 12:42:00,B37 A,127.0,11.87,10.7,6.43,1.89,28.0
234,2026-04-05,UA994,2026-04-05 11:51:00,2026-04-05 11:37:00,-14.0,2026-04-05 11:55:00,2026-04-05 12:25:00,B40 A,157.0,10.56,14.87,4.66,2.66,30.0
234,2026-04-05,XR5402,2026-04-05 07:46:00,2026-04-05 08:56:00,70.0,2026-04-05 09:23:00,2026-04-05 09:26:00,B5  A,88.0,13.6,6.47,4.24,1.96,3.0
235,2026-04-05,AC832,2026-04-05 10:17:00,2026-04-05 10:43:00,26.0,2026-04-05 11:00:00,2026-04-05 11:34:00,B14 A,172.0,15.17,11.34,4.88,1.37,34.0
235,2026-04-05,ET750,2026-04-05 11:13:00,2026-04-05 11:34:00,21.0,2026-04-05 12:17:00,2026-04-05 13:03:00,B17 A,464.0,14.88,31.17,6.41,1.31,46.0
235,2026-04-05,FH8116,2026-04-05 06:35:00,2026-04-05 06:00:00,-35.0,2026-04-05 06:07:00,2026-04-05 06:09:00,B15 A,22.0,13.7,1.61,3.91,1.98,2.0
235,2026-04-05,LH1004,2026-04-05 11:51:00,2026-04-05 11:47:00,-4.0,2026-04-05 12:07:00,2026-04-05 12:12:00,A43 ,23.0,14.0,1.64,4.8,1.74,5.0
235,2026-04-05,SN1122,2026-04-05 08:39:00,2026-04-05 09:08:00,29.0,2026-04-05 09:20:00,2026-04-05 09:21:00,B40 A,13.0,12.34,1.05,5.05,2.46,1.0
235,2026-04-05,SN1124,2026-04-05 07:10:00,2026-04-05 07:19:00,9.0,2026-04-05 07:32:00,2026-04-05 07:48:00,B30 A,138.0,13.25,10.41,5.21,1.71,16.0
235,2026-04-05,SN206,2026-04-05 06:25:00,2026-04-05 06:48:00,23.0,2026-04-05 07:07:00,2026-04-05 07:30:00,B38 A,154.0,13.04,11.81,5.92,1.97,23.0
235,2026-04-05,SN229,2026-04-05 08:06:00,2026-04-05 09:20:00,74.0,2026-04-05 09:41:00,2026-04-05 10:22:00,B14 A,144.0,14.39,10.0,5.29,1.26,41.0
235,2026-04-05,SN278,2026-04-05 12:46:00,2026-04-05 12:41:00,-5.0,2026-04-05 13:04:00,2026-04-05 13:33:00,B31 A,62.0,11.85,5.23,4.82,2.23,29.0
235,2026-04-05,SN2900,2026-04-05 10:44:00,2026-04-05 11:04:00,20.0,2026-04-05 11:13:00,2026-04-05 11:34:00,B32 A,49.0,13.6,3.6,4.4,2.2,21.0
235,2026-04-05,SN3326,2026-04-05 07:45:00,2026-04-05 08:05:00,20.0,2026-04-05 08:16:00,2026-04-05 08:36:00,B28 A,123.0,14.11,8.71,4.75,1.68,20.0
235,2026-04-05,SN358,2026-04-05 10:21:00,2026-04-05 11:13:00,52.0,2026-04-05 11:43:00,2026-04-05 12:03:00,B38 A,126.0,11.41,11.04,5.54,2.1,20.0
235,2026-04-05,SN379,2026-04-05 10:10:00,2026-04-05 11:03:00,53.0,2026-04-05 11:42:00,2026-04-05 12:19:00,B29 A,161.0,8.66,18.59,6.54,1.5,37.0
235,2026-04-05,SN3800,2026-04-05 06:15:00,2026-04-05 06:16:00,1.0,2026-04-05 06:28:00,2026-04-05 06:30:00,A65 ,27.0,10.84,2.49,4.43,1.88,2.0
235,2026-04-05,TB1552,2026-04-05 07:47:00,2026-04-05 07:43:00,-4.0,2026-04-05 07:55:00,2026-04-05 07:59:00,A68 ,66.0,11.43,5.78,3.65,2.28,4.0
235,2026-04-05,TB2632,2026-04-05 09:29:00,2026-04-05 09:09:00,-20.0,2026-04-05 09:35:00,2026-04-05 09:44:00,B9  A,114.0,11.72,9.72,5.08,1.64,9.0
235,2026-04-05,TB2662,2026-04-05 09:15:00,2026-04-05 09:04:00,-11.0,2026-04-05 09:22:00,2026-04-05 09:30:00,B34 A,90.0,12.74,7.07,4.83,2.14,8.0
235,2026-04-05,TG934,2026-04-05 12:22:00,2026-04-05 12:26:00,4.0,2026-04-05 12:46:00,2026-04-05 13:15:00,B34 A,260.0,14.78,17.59,5.93,1.74,29.0
235,2026-04-05,UA950,2026-04-05 12:20:00,2026-04-05 11:58:00,-22.0,2026-04-05 12:14:00,2026-04-05 12:42:00,B37 A,127.0,10.2,12.45,5.01,2.43,28.0
235,2026-04-05,UA994,2026-04-05 09:51:00,2026-04-05 11:28:00,97.0,2026-04-05 11:44:00,2026-04-05 12:09:00,B40 A,135.0,13.68,9.87,4.91,2.53,25.0
235,2026-04-05,XR5402,2026-04-05 07:46:00,2026-04-05 08:56:00,70.0,2026-04-05 09:23:00,2026-04-05 09:26:00,B5  A,88.0,12.65,6.96,4.86,1.71,3.0
236,2026-04-05,AC832,2026-04-05 08:17:00,2026-04-05 07:46:00,-31.0,2026-04-05 08:02:00,2026-04-05 08:29:00,B30 A,122.0,13.72,8.89,5.6,1.59,27.0
236,2026-04-05,ET750,2026-04-05 11:13:00,2026-04-05 11:34:00,21.0,2026-04-05 12:17:00,2026-04-05 13:03:00,B17 A,464.0,11.45,40.54,6.18,1.36,46.0
236,2026-04-05,FH8116,2026-04-05 06:35:00,2026-04-05 06:00:00,-35.0,2026-04-05 06:07:00,2026-04-05 06:09:00,B15 A,22.0,14.86,1.48,4.86,1.59,2.0
236,2026-04-05,LH1004,2026-04-05 12:50:00,2026-04-05 12:50:00,0.0,2026-04-05 13:03:00,2026-04-05 13:30:00,A43 ,40.0,13.87,2.88,4.63,1.8,27.0
236,2026-04-05,SN1122,2026-04-05 08:39:00,2026-04-05 09:08:00,29.0,2026-04-05 09:20:00,2026-04-05 09:21:00,B40 A,13.0,12.36,1.05,5.09,2.44,1.0
236,2026-04-05,SN1124,2026-04-05 07:10:00,2026-04-05 07:19:00,9.0,2026-04-05 07:32:00,2026-04-05 07:48:00,B30 A,138.0,12.73,10.84,4.55,1.96,16.0
236,2026-04-05,SN206,2026-04-05 06:25:00,2026-04-05 06:48:00,23.0,2026-04-05 07:07:00,2026-04-05 07:30:00,B38 A,154.0,11.78,13.07,4.4,2.65,23.0
236,2026-04-05,SN229,2026-04-05 10:04:00,2026-04-05 10:26:00,22.0,2026-04-05 10:41:00,2026-04-05 11:10:00,B31 A,120.0,13.01,9.22,3.78,2.84,29.0
236,2026-04-05,SN278,2026-04-05 10:45:00,2026-04-05 10:42:00,-3.0,2026-04-05 11:04:00,2026-04-05 11:16:00,B28 A,198.0,14.55,13.61,4.85,1.65,12.0
236,2026-04-05,SN2900,2026-04-05 10:44:00,2026-04-05 11:04:00,20.0,2026-04-05 11:13:00,2026-04-05 11:34:00,B32 A,49.0,14.96,3.28,5.88,1.65,21.0
236,2026-04-05,SN3326,2026-04-05 11:24:00,2026-04-05 11:41:00,17.0,2026-04-05 12:06:00,2026-04-05 12:12:00,B14 A,111.0,14.61,7.6,5.14,1.3,6.0
236,2026-04-05,SN358,2026-04-05 08:21:00,2026-04-05 08:24:00,3.0,2026-04-05 08:42:00,2026-04-05 09:09:00,B14 A,112.0,11.68,9.59,4.13,1.61,27.0
236,2026-04-05,SN379,2026-04-05 10:10:00,2026-04-05 11:03:00,53.0,2026-04-05 11:42:00,2026-04-05 12:19:00,B29 A,161.0,12.25,13.14,5.34,1.84,37.0
236,2026-04-05,SN3800,2026-04-05 06:15:00,2026-04-05 06:16:00,1.0,2026-04-05 06:28:00,2026-04-05 06:30:00,A65 ,27.0,12.15,2.22,6.36,1.31,2.0
236,2026-04-05,TB1552,2026-04-05 07:15:00,2026-04-05 07:08:00,-7.0,2026-04-05 07:38:00,2026-04-05 07:45:00,A61 ,152.0,13.52,11.24,6.21,1.34,7.0
236,2026-04-05,TB2632,2026-04-05 09:29:00,2026-04-05 09:09:00,-20.0,2026-04-05 09:35:00,2026-04-05 09:44:00,B9  A,114.0,9.25,12.32,5.93,1.41,9.0
236,2026-04-05,TB2662,2026-04-05 09:15:00,2026-04-05 09:04:00,-11.0,2026-04-05 09:22:00,2026-04-05 09:30:00,B34 A,90.0,11.65,7.73,4.19,2.47,8.0
236,2026-04-05,TG934,2026-04-05 09:21:00,2026-04-05 09:16:00,-5.0,2026-04-05 09:38:00,2026-04-05 09:58:00,B38 A,249.0,13.9,17.91,4.02,2.9,20.0
236,2026-04-05,UA950,2026-04-05 11:22:00,2026-04-05 11:02:00,-20.0,2026-04-05 11:22:00,2026-04-05 11:45:00,B28 A,170.0,12.2,13.93,4.99,1.6,23.0
236,2026-04-05,UA994,2026-04-05 11:51:00,2026-04-05 11:37:00,-14.0,2026-04-05 11:55:00,2026-04-05 12:25:00,B40 A,157.0,11.29,13.91,4.91,2.53,30.0
236,2026-04-05,XR5402,2026-04-05 07:46:00,2026-04-05 08:56:00,70.0,2026-04-05 09:23:00,2026-04-05 09:26:00,B5  A,88.0,11.19,7.86,4.82,1.73,3.0
237,2026-04-05,AC832,2026-04-05 10:17:00,2026-04-05 10:43:00,26.0,2026-04-05 11:00:00,2026-04-05 11:34:00,B14 A,172.0,12.98,13.25,4.59,1.45,34.0
237,2026-04-05,ET750,2026-04-05 11:13:00,2026-04-05 11:34:00,21.0,2026-04-05 12:17:00,2026-04-05 13:03:00,B17 A,464.0,12.33,37.65,5.05,1.67,46.0
237,2026-04-05,FH8116,2026-04-05 12:44:00,2026-04-05 12:48:00,4.0,2026-04-05 13:06:00,2026-04-05 13:13:00,B38 A,140.0,12.22,11.46,3.67,3.18,7.0
237,2026-04-05,LH1004,2026-04-05 08:50:00,2026-04-05 08:53:00,3.0,2026-04-05 09:06:00,2026-04-05 09:12:00,A43 ,29.0,15.25,1.9,5.61,1.49,6.0
237,2026-04-05,SN1122,2026-04-05 08:39:00,2026-04-05 09:08:00,29.0,2026-04-05 09:20:00,2026-04-05 09:21:00,B40 A,13.0,11.6,1.12,5.02,2.47,1.0
237,2026-04-05,SN1124,2026-04-05 07:10:00,2026-04-05 07:19:00,9.0,2026-04-05 07:32:00,2026-04-05 07:48:00,B30 A,138.0,12.8,10.78,6.11,1.46,16.0
237,2026-04-05,SN206,2026-04-05 06:25:00,2026-04-05 06:48:00,23.0,2026-04-05 07:07:00,2026-04-05 07:30:00,B38 A,154.0,13.3,11.58,4.12,2.83,23.0
237,2026-04-05,SN229,2026-04-05 08:06:00,2026-04-05 09:20:00,74.0,2026-04-05 09:41:00,2026-04-05 10:22:00,B14 A,144.0,8.76,16.44,5.57,1.2,41.0
237,2026-04-05,SN278,2026-04-05 10:45:00,2026-04-05 10:42:00,-3.0,2026-04-05 11:04:00,2026-04-05 11:16:00,B28 A,198.0,11.41,17.35,5.16,1.55,12.0
237,2026-04-05,SN2900,2026-04-05 07:39:00,2026-04-05 07:25:00,-14.0,2026-04-05 07:38:00,2026-04-05 07:53:00,B38 A,55.0,10.52,5.23,6.52,1.79,15.0
237,2026-04-05,SN3326,2026-04-05 11:24:00,2026-04-05 11:41:00,17.0,2026-04-05 12:06:00,2026-04-05 12:12:00,B14 A,111.0,10.15,10.94,5.13,1.3,6.0
237,2026-04-05,SN358,2026-04-05 10:21:00,2026-04-05 11:13:00,52.0,2026-04-05 11:43:00,2026-04-05 12:03:00,B38 A,126.0,9.8,12.86,5.26,2.22,20.0
237,2026-04-05,SN379,2026-04-05 08:11:00,2026-04-05 08:40:00,29.0,2026-04-05 08:59:00,2026-04-05 09:27:00,B28 A,76.0,10.48,7.25,4.55,1.76,28.0
237,2026-04-05,SN3800,2026-04-05 06:15:00,2026-04-05 06:16:00,1.0,2026-04-05 06:28:00,2026-04-05 06:30:00,A65 ,27.0,13.94,1.94,5.08,1.64,2.0
237,2026-04-05,TB1552,2026-04-05 07:47:00,2026-04-05 07:43:00,-4.0,2026-04-05 07:55:00,2026-04-05 07:59:00,A68 ,66.0,13.79,4.79,4.71,1.77,4.0
237,2026-04-05,TB2632,2026-04-05 09:29:00,2026-04-05 09:09:00,-20.0,2026-04-05 09:35:00,2026-04-05 09:44:00,B9  A,114.0,10.57,10.79,5.79,1.44,9.0
237,2026-04-05,TB2662,2026-04-05 09:15:00,2026-04-05 09:04:00,-11.0,2026-04-05 09:22:00,2026-04-05 09:30:00,B34 A,90.0,11.6,7.76,3.71,2.78,8.0
237,2026-04-05,TG934,2026-04-05 09:21:00,2026-04-05 09:16:00,-5.0,2026-04-05 09:38:00,2026-04-05 09:58:00,B38 A,249.0,13.22,18.84,3.79,3.08,20.0
237,2026-04-05,UA950,2026-04-05 11:22:00,2026-04-05 11:02:00,-20.0,2026-04-05 11:22:00,2026-04-05 11:45:00,B28 A,170.0,9.62,17.68,5.33,1.5,23.0
237,2026-04-05,UA994,2026-04-05 08:51:00,2026-04-05 08:32:00,-19.0,2026-04-05 08:52:00,2026-04-05 09:25:00,B40 A,171.0,10.18,16.8,5.22,2.38,33.0
237,2026-04-05,XR5402,2026-04-05 07:46:00,2026-04-05 08:56:00,70.0,2026-04-05 09:23:00,2026-04-05 09:26:00,B5  A,88.0,14.43,6.1,4.33,1.92,3.0
238,2026-04-05,AC832,2026-04-05 08:17:00,2026-04-05 07:46:00,-31.0,2026-04-05 08:02:00,2026-04-05 08:29:00,B30 A,122.0,11.27,10.82,5.55,1.61,27.0
238,2026-04-05,ET750,2026-04-05 11:13:00,2026-04-05 11:34:00,21.0,2026-04-05 12:17:00,2026-04-05 13:03:00,B17 A,464.0,13.96,33.23,5.31,1.58,46.0
238,2026-04-05,FH8116,2026-04-05 12:44:00,2026-04-05 12:48:00,4.0,2026-04-05 13:06:00,2026-04-05 13:13:00,B38 A,140.0,12.3,11.39,4.8,2.43,7.0
238,2026-04-05,LH1004,2026-04-05 12:50:00,2026-04-05 12:50:00,0.0,2026-04-05 13:03:00,2026-04-05 13:30:00,A43 ,40.0,11.15,3.59,4.78,1.74,27.0
238,2026-04-05,SN1122,2026-04-05 08:39:00,2026-04-05 09:08:00,29.0,2026-04-05 09:20:00,2026-04-05 09:21:00,B40 A,13.0,12.95,1.0,4.0,3.11,1.0
238,2026-04-05,SN1124,2026-04-05 07:10:00,2026-04-05 07:19:00,9.0,2026-04-05 07:32:00,2026-04-05 07:48:00,B30 A,138.0,13.18,10.47,4.61,1.93,16.0
238,2026-04-05,SN206,2026-04-05 06:25:00,2026-04-05 06:48:00,23.0,2026-04-05 07:07:00,2026-04-05 07:30:00,B38 A,154.0,11.21,13.73,5.56,2.1,23.0
238,2026-04-05,SN229,2026-04-05 10:04:00,2026-04-05 10:26:00,22.0,2026-04-05 10:41:00,2026-04-05 11:10:00,B31 A,120.0,10.18,11.79,4.67,2.3,29.0
238,2026-04-05,SN278,2026-04-05 08:43:00,2026-04-05 08:27:00,-16.0,2026-04-05 08:40:00,2026-04-05 09:10:00,B37 A,123.0,13.84,8.89,4.92,2.47,30.0
238,2026-04-05,SN2900,2026-04-05 10:44:00,2026-04-05 11:04:00,20.0,2026-04-05 11:13:00,2026-04-05 11:34:00,B32 A,49.0,14.07,3.48,3.98,2.43,21.0
238,2026-04-05,SN3326,2026-04-05 11:24:00,2026-04-05 11:41:00,17.0,2026-04-05 12:06:00,2026-04-05 12:12:00,B14 A,111.0,8.35,13.29,6.21,1.07,6.0
238,2026-04-05,SN358,2026-04-05 10:21:00,2026-04-05 11:13:00,52.0,2026-04-05 11:43:00,2026-04-05 12:03:00,B38 A,126.0,11.35,11.1,5.36,2.18,20.0
238,2026-04-05,SN379,2026-04-05 08:11:00,2026-04-05 08:40:00,29.0,2026-04-05 08:59:00,2026-04-05 09:27:00,B28 A,76.0,12.04,6.31,3.49,2.29,28.0
238,2026-04-05,SN3800,2026-04-05 06:15:00,2026-04-05 06:16:00,1.0,2026-04-05 06:28:00,2026-04-05 06:30:00,A65 ,27.0,12.37,2.18,4.27,1.95,2.0
238,2026-04-05,TB1552,2026-04-05 07:47:00,2026-04-05 07:43:00,-4.0,2026-04-05 07:55:00,2026-04-05 07:59:00,A68 ,66.0,15.97,4.13,6.09,1.37,4.0
238,2026-04-05,TB2632,2026-04-05 09:29:00,2026-04-05 09:09:00,-20.0,2026-04-05 09:35:00,2026-04-05 09:44:00,B9  A,114.0,13.06,8.73,4.59,1.81,9.0
238,2026-04-05,TB2662,2026-04-05 09:15:00,2026-04-05 09:04:00,-11.0,2026-04-05 09:22:00,2026-04-05 09:30:00,B34 A,90.0,13.61,6.61,6.05,1.71,8.0
238,2026-04-05,TG934,2026-04-05 09:21:00,2026-04-05 09:16:00,-5.0,2026-04-05 09:38:00,2026-04-05 09:58:00,B38 A,249.0,14.87,16.74,5.38,2.17,20.0
238,2026-04-05,UA950,2026-04-05 10:20:00,2026-04-05 09:58:00,-22.0,2026-04-05 10:24:00,2026-04-05 10:51:00,B40 A,188.0,9.93,18.93,4.8,2.59,27.0
238,2026-04-05,UA994,2026-04-05 08:51:00,2026-04-05 08:32:00,-19.0,2026-04-05 08:52:00,2026-04-05 09:25:00,B40 A,171.0,13.26,12.89,4.95,2.51,33.0
238,2026-04-05,XR5402,2026-04-05 07:46:00,2026-04-05 08:56:00,70.0,2026-04-05 09:23:00,2026-04-05 09:26:00,B5  A,88.0,11.26,7.81,4.2,1.98,3.0
239,2026-04-05,AC832,2026-04-05 08:17:00,2026-04-05 07:46:00,-31.0,2026-04-05 08:02:00,2026-04-05 08:29:00,B30 A,122.0,14.33,8.51,3.69,2.42,27.0
239,2026-04-05,ET750,2026-04-05 11:13:00,2026-04-05 11:34:00,21.0,2026-04-05 12:17:00,2026-04-05 13:03:00,B17 A,464.0,13.93,33.32,5.24,1.61,46.0
239,2026-04-05,FH8116,2026-04-05 12:44:00,2026-04-05 12:48:00,4.0,2026-04-05 13:06:00,2026-04-05 13:13:00,B38 A,140.0,9.92,14.12,4.12,2.83,7.0
239,2026-04-05,LH1004,2026-04-05 12:50:00,2026-04-05 12:50:00,0.0,2026-04-05 13:03:00,2026-04-05 13:30:00,A43 ,40.0,11.45,3.49,4.38,1.9,27.0
239,2026-04-05,SN1122,2026-04-05 08:39:00,2026-04-05 09:08:00,29.0,2026-04-05 09:20:00,2026-04-05 09:21:00,B40 A,13.0,13.35,0.97,4.47,2.78,1.0
239,2026-04-05,SN1124,2026-04-05 07:10:00,2026-04-05 07:19:00,9.0,2026-04-05 07:32:00,2026-04-05 07:48:00,B30 A,138.0,12.32,11.21,6.08,1.47,16.0
239,2026-04-05,SN206,2026-04-05 06:25:00,2026-04-05 06:48:00,23.0,2026-04-05 07:07:00,2026-04-05 07:30:00,B38 A,154.0,11.81,13.03,4.85,2.41,23.0
239,2026-04-05,SN229,2026-04-05 12:06:00,2026-04-05 12:12:00,6.0,2026-04-05 12:39:00,2026-04-05 13:03:00,B28 A,20.0,12.12,1.65,5.11,1.57,24.0
239,2026-04-05,SN278,2026-04-05 08:43:00,2026-04-05 08:27:00,-16.0,2026-04-05 08:40:00,2026-04-05 09:10:00,B37 A,123.0,16.82,7.31,4.6,2.64,30.0
239,2026-04-05,SN2900,2026-04-05 10:44:00,2026-04-05 11:04:00,20.0,2026-04-05 11:13:00,2026-04-05 11:34:00,B32 A,49.0,13.04,3.76,5.69,1.7,21.0
239,2026-04-05,SN3326,2026-04-05 07:45:00,2026-04-05 08:05:00,20.0,2026-04-05 08:16:00,2026-04-05 08:36:00,B28 A,123.0,15.29,8.04,4.71,1.7,20.0
239,2026-04-05,SN358,2026-04-05 10:21:00,2026-04-05 11:13:00,52.0,2026-04-05 11:43:00,2026-04-05 12:03:00,B38 A,126.0,11.86,10.62,5.2,2.24,20.0
239,2026-04-05,SN379,2026-04-05 10:10:00,2026-04-05 11:03:00,53.0,2026-04-05 11:42:00,2026-04-05 12:19:00,B29 A,161.0,11.21,14.37,5.73,1.72,37.0
239,2026-04-05,SN3800,2026-04-05 06:15:00,2026-04-05 06:16:00,1.0,2026-04-05 06:28:00,2026-04-05 06:30:00,A65 ,27.0,13.78,1.96,5.65,1.48,2.0
239,2026-04-05,TB1552,2026-04-05 10:15:00,2026-04-05 10:31:00,16.0,2026-04-05 10:50:00,2026-04-05 10:59:00,A69 ,164.0,9.95,16.49,7.23,1.15,9.0
239,2026-04-05,TB2632,2026-04-05 09:29:00,2026-04-05 09:09:00,-20.0,2026-04-05 09:35:00,2026-04-05 09:44:00,B9  A,114.0,10.06,11.34,4.57,1.82,9.0
239,2026-04-05,TB2662,2026-04-05 09:15:00,2026-04-05 09:04:00,-11.0,2026-04-05 09:22:00,2026-04-05 09:30:00,B34 A,90.0,11.16,8.06,5.24,1.97,8.0
239,2026-04-05,TG934,2026-04-05 09:21:00,2026-04-05 09:16:00,-5.0,2026-04-05 09:38:00,2026-04-05 09:58:00,B38 A,249.0,15.69,15.87,5.83,2.0,20.0
239,2026-04-05,UA950,2026-04-05 08:20:00,2026-04-05 08:20:00,0.0,2026-04-05 08:36:00,2026-04-05 09:25:00,B38 A,176.0,16.72,10.53,5.11,2.28,49.0
239,2026-04-05,UA994,2026-04-05 10:51:00,2026-04-05 10:01:00,-50.0,2026-04-05 10:18:00,2026-04-05 10:42:00,B38 A,177.0,12.68,13.96,4.24,2.75,24.0
239,2026-04-05,XR5402,2026-04-05 07:46:00,2026-04-05 08:56:00,70.0,2026-04-05 09:23:00,2026-04-05 09:26:00,B5  A,88.0,12.7,6.93,4.41,1.89,3.0
240,2026-04-05,AC832,2026-04-05 09:18:00,2026-04-05 08:45:00,-33.0,2026-04-05 09:06:00,2026-04-05 09:59:00,B28 A,110.0,13.29,8.28,5.79,1.38,53.0
240,2026-04-05,ET750,2026-04-05 11:13:00,2026-04-05 11:34:00,21.0,2026-04-05 12:17:00,2026-04-05 13:03:00,B17 A,464.0,12.02,38.59,4.75,1.77,46.0
240,2026-04-05,FH8116,2026-04-05 12:44:00,2026-04-05 12:48:00,4.0,2026-04-05 13:06:00,2026-04-05 13:13:00,B38 A,140.0,12.14,11.53,5.32,2.19,7.0
240,2026-04-05,LH1004,2026-04-05 11:51:00,2026-04-05 11:47:00,-4.0,2026-04-05 12:07:00,2026-04-05 12:12:00,A43 ,23.0,9.19,2.5,5.11,1.63,5.0
240,2026-04-05,SN1122,2026-04-05 08:39:00,2026-04-05 09:08:00,29.0,2026-04-05 09:20:00,2026-04-05 09:21:00,B40 A,13.0,12.01,1.08,7.16,1.74,1.0
240,2026-04-05,SN1124,2026-04-05 07:10:00,2026-04-05 07:19:00,9.0,2026-04-05 07:32:00,2026-04-05 07:48:00,B30 A,138.0,14.6,9.45,4.11,2.17,16.0
240,2026-04-05,SN206,2026-04-05 06:25:00,2026-04-05 06:48:00,23.0,2026-04-05 07:07:00,2026-04-05 07:30:00,B38 A,154.0,9.67,15.93,3.86,3.02,23.0
240,2026-04-05,SN229,2026-04-05 08:06:00,2026-04-05 09:20:00,74.0,2026-04-05 09:41:00,2026-04-05 10:22:00,B14 A,144.0,11.4,12.63,6.36,1.05,41.0
240,2026-04-05,SN278,2026-04-05 10:45:00,2026-04-05 10:42:00,-3.0,2026-04-05 11:04:00,2026-04-05 11:16:00,B28 A,198.0,11.81,16.76,4.95,1.62,12.0
240,2026-04-05,SN2900,2026-04-05 07:39:00,2026-04-05 07:25:00,-14.0,2026-04-05 07:38:00,2026-04-05 07:53:00,B38 A,55.0,9.97,5.52,6.25,1.87,15.0
240,2026-04-05,SN3326,2026-04-05 11:24:00,2026-04-05 11:41:00,17.0,2026-04-05 12:06:00,2026-04-05 12:12:00,B14 A,111.0,12.76,8.7,6.11,1.09,6.0
240,2026-04-05,SN358,2026-04-05 10:21:00,2026-04-05 11:13:00,52.0,2026-04-05 11:43:00,2026-04-05 12:03:00,B38 A,126.0,12.39,10.17,5.06,2.31,20.0
240,2026-04-05,SN379,2026-04-05 10:10:00,2026-04-05 11:03:00,53.0,2026-04-05 11:42:00,2026-04-05 12:19:00,B29 A,161.0,14.43,11.15,5.27,1.87,37.0
240,2026-04-05,SN3800,2026-04-05 06:15:00,2026-04-05 06:16:00,1.0,2026-04-05 06:28:00,2026-04-05 06:30:00,A65 ,27.0,12.82,2.11,4.72,1.76,2.0
240,2026-04-05,TB1552,2026-04-05 07:15:00,2026-04-05 07:08:00,-7.0,2026-04-05 07:38:00,2026-04-05 07:45:00,A61 ,152.0,12.38,12.27,4.88,1.71,7.0
240,2026-04-05,TB2632,2026-04-05 09:29:00,2026-04-05 09:09:00,-20.0,2026-04-05 09:35:00,2026-04-05 09:44:00,B9  A,114.0,16.17,7.05,4.3,1.94,9.0
240,2026-04-05,TB2662,2026-04-05 09:15:00,2026-04-05 09:04:00,-11.0,2026-04-05 09:22:00,2026-04-05 09:30:00,B34 A,90.0,10.3,8.74,6.37,1.62,8.0
240,2026-04-05,TG934,2026-04-05 09:21:00,2026-04-05 09:16:00,-5.0,2026-04-05 09:38:00,2026-04-05 09:58:00,B38 A,249.0,15.33,16.25,5.58,2.09,20.0
240,2026-04-05,UA950,2026-04-05 09:21:00,2026-04-05 08:45:00,-36.0,2026-04-05 09:03:00,2026-04-05 09:29:00,B5  A,163.0,13.02,12.52,4.95,1.69,26.0
240,2026-04-05,UA994,2026-04-05 12:51:00,2026-04-05 12:35:00,-16.0,2026-04-05 12:54:00,2026-04-05 13:24:00,B38 A,109.0,9.43,11.56,5.77,2.02,30.0
240,2026-04-05,XR5402,2026-04-05 07:46:00,2026-04-05 08:56:00,70.0,2026-04-05 09:23:00,2026-04-05 09:26:00,B5  A,88.0,12.59,6.99,4.54,1.83,3.0
241,2026-04-05,AC832,2026-04-05 10:17:00,2026-04-05 10:43:00,26.0,2026-04-05 11:00:00,2026-04-05 11:34:00,B14 A,172.0,13.06,13.17,5.04,1.32,34.0
241,2026-04-05,ET750,2026-04-05 11:13:00,2026-04-05 11:34:00,21.0,2026-04-05 12:17:00,2026-04-05 13:03:00,B17 A,464.0,16.14,28.75,4.27,1.97,46.0
241,2026-04-05,FH8116,2026-04-05 12:44:00,2026-04-05 12:48:00,4.0,2026-04-05 13:06:00,2026-04-05 13:13:00,B38 A,140.0,13.55,10.33,5.36,2.18,7.0
241,2026-04-05,LH1004,2026-04-05 11:51:00,2026-04-05 11:47:00,-4.0,2026-04-05 12:07:00,2026-04-05 12:12:00,A43 ,23.0,8.33,2.76,4.75,1.75,5.0
241,2026-04-05,SN1122,2026-04-05 08:39:00,2026-04-05 09:08:00,29.0,2026-04-05 09:20:00,2026-04-05 09:21:00,B40 A,13.0,13.73,0.95,4.82,2.58,1.0
241,2026-04-05,SN1124,2026-04-05 07:10:00,2026-04-05 07:19:00,9.0,2026-04-05 07:32:00,2026-04-05 07:48:00,B30 A,138.0,12.92,10.68,4.0,2.23,16.0
241,2026-04-05,SN206,2026-04-05 06:25:00,2026-04-05 06:48:00,23.0,2026-04-05 07:07:00,2026-04-05 07:30:00,B38 A,154.0,12.8,12.03,5.13,2.28,23.0
241,2026-04-05,SN229,2026-04-05 10:04:00,2026-04-05 10:26:00,22.0,2026-04-05 10:41:00,2026-04-05 11:10:00,B31 A,120.0,9.78,12.27,5.75,1.87,29.0
241,2026-04-05,SN278,2026-04-05 08:43:00,2026-04-05 08:27:00,-16.0,2026-04-05 08:40:00,2026-04-05 09:10:00,B37 A,123.0,14.79,8.32,5.2,2.34,30.0
241,2026-04-05,SN2900,2026-04-05 07:39:00,2026-04-05 07:25:00,-14.0,2026-04-05 07:38:00,2026-04-05 07:53:00,B38 A,55.0,8.81,6.24,4.9,2.38,15.0
241,2026-04-05,SN3326,2026-04-05 11:24:00,2026-04-05 11:41:00,17.0,2026-04-05 12:06:00,2026-04-05 12:12:00,B14 A,111.0,12.38,8.96,5.68,1.17,6.0
241,2026-04-05,SN358,2026-04-05 08:21:00,2026-04-05 08:24:00,3.0,2026-04-05 08:42:00,2026-04-05 09:09:00,B14 A,112.0,16.09,6.96,4.68,1.42,27.0
241,2026-04-05,SN379,2026-04-05 10:10:00,2026-04-05 11:03:00,53.0,2026-04-05 11:42:00,2026-04-05 12:19:00,B29 A,161.0,12.93,12.45,4.26,2.31,37.0
241,2026-04-05,SN3800,2026-04-05 06:15:00,2026-04-05 06:16:00,1.0,2026-04-05 06:28:00,2026-04-05 06:30:00,A65 ,27.0,13.27,2.03,5.03,1.66,2.0
241,2026-04-05,TB1552,2026-04-05 07:15:00,2026-04-05 07:08:00,-7.0,2026-04-05 07:38:00,2026-04-05 07:45:00,A61 ,152.0,11.54,13.17,6.34,1.31,7.0
241,2026-04-05,TB2632,2026-04-05 09:29:00,2026-04-05 09:09:00,-20.0,2026-04-05 09:35:00,2026-04-05 09:44:00,B9  A,114.0,16.8,6.78,5.44,1.53,9.0
241,2026-04-05,TB2662,2026-04-05 09:15:00,2026-04-05 09:04:00,-11.0,2026-04-05 09:22:00,2026-04-05 09:30:00,B34 A,90.0,8.86,10.16,5.1,2.03,8.0
241,2026-04-05,TG934,2026-04-05 09:21:00,2026-04-05 09:16:00,-5.0,2026-04-05 09:38:00,2026-04-05 09:58:00,B38 A,249.0,13.5,18.45,5.07,2.3,20.0
241,2026-04-05,UA950,2026-04-05 10:20:00,2026-04-05 09:58:00,-22.0,2026-04-05 10:24:00,2026-04-05 10:51:00,B40 A,188.0,15.0,12.54,4.02,3.09,27.0
241,2026-04-05,UA994,2026-04-05 08:51:00,2026-04-05 08:32:00,-19.0,2026-04-05 08:52:00,2026-04-05 09:25:00,B40 A,171.0,11.92,14.35,5.5,2.26,33.0
241,2026-04-05,XR5402,2026-04-05 07:46:00,2026-04-05 08:56:00,70.0,2026-04-05 09:23:00,2026-04-05 09:26:00,B5  A,88.0,11.4,7.72,4.98,1.67,3.0
242,2026-04-05,AC832,2026-04-05 10:17:00,2026-04-05 10:43:00,26.0,2026-04-05 11:00:00,2026-04-05 11:34:00,B14 A,172.0,13.37,12.86,5.19,1.28,34.0
242,2026-04-05,ET750,2026-04-05 11:13:00,2026-04-05 11:34:00,21.0,2026-04-05 12:17:00,2026-04-05 13:03:00,B17 A,464.0,12.09,38.36,6.49,1.3,46.0
242,2026-04-05,FH8116,2026-04-05 06:35:00,2026-04-05 06:00:00,-35.0,2026-04-05 06:07:00,2026-04-05 06:09:00,B15 A,22.0,11.99,1.83,5.29,1.46,2.0
242,2026-04-05,LH1004,2026-04-05 11:51:00,2026-04-05 11:47:00,-4.0,2026-04-05 12:07:00,2026-04-05 12:12:00,A43 ,23.0,12.3,1.87,5.91,1.41,5.0
242,2026-04-05,SN1122,2026-04-05 08:39:00,2026-04-05 09:08:00,29.0,2026-04-05 09:20:00,2026-04-05 09:21:00,B40 A,13.0,13.95,0.93,5.27,2.35,1.0
242,2026-04-05,SN1124,2026-04-05 07:10:00,2026-04-05 07:19:00,9.0,2026-04-05 07:32:00,2026-04-05 07:48:00,B30 A,138.0,15.32,9.01,4.5,1.98,16.0
242,2026-04-05,SN206,2026-04-05 06:25:00,2026-04-05 06:48:00,23.0,2026-04-05 07:07:00,2026-04-05 07:30:00,B38 A,154.0,12.45,12.37,4.71,2.48,23.0
242,2026-04-05,SN229,2026-04-05 08:06:00,2026-04-05 09:20:00,74.0,2026-04-05 09:41:00,2026-04-05 10:22:00,B14 A,144.0,13.73,10.49,4.04,1.65,41.0
242,2026-04-05,SN278,2026-04-05 08:43:00,2026-04-05 08:27:00,-16.0,2026-04-05 08:40:00,2026-04-05 09:10:00,B37 A,123.0,14.67,8.38,8.33,1.46,30.0
242,2026-04-05,SN2900,2026-04-05 07:39:00,2026-04-05 07:25:00,-14.0,2026-04-05 07:38:00,2026-04-05 07:53:00,B38 A,55.0,11.44,4.81,5.01,2.33,15.0
242,2026-04-05,SN3326,2026-04-05 11:24:00,2026-04-05 11:41:00,17.0,2026-04-05 12:06:00,2026-04-05 12:12:00,B14 A,111.0,11.9,9.33,3.91,1.71,6.0
242,2026-04-05,SN358,2026-04-05 08:21:00,2026-04-05 08:24:00,3.0,2026-04-05 08:42:00,2026-04-05 09:09:00,B14 A,112.0,12.76,8.78,5.39,1.24,27.0
242,2026-04-05,SN379,2026-04-05 08:11:00,2026-04-05 08:40:00,29.0,2026-04-05 08:59:00,2026-04-05 09:27:00,B28 A,76.0,8.24,9.22,6.62,1.21,28.0
242,2026-04-05,SN3800,2026-04-05 06:15:00,2026-04-05 06:16:00,1.0,2026-04-05 06:28:00,2026-04-05 06:30:00,A65 ,27.0,10.7,2.52,5.6,1.49,2.0
242,2026-04-05,TB1552,2026-04-05 10:15:00,2026-04-05 10:31:00,16.0,2026-04-05 10:50:00,2026-04-05 10:59:00,A69 ,164.0,10.3,15.93,5.12,1.63,9.0
242,2026-04-05,TB2632,2026-04-05 09:29:00,2026-04-05 09:09:00,-20.0,2026-04-05 09:35:00,2026-04-05 09:44:00,B9  A,114.0,9.46,12.05,5.17,1.61,9.0
242,2026-04-05,TB2662,2026-04-05 09:15:00,2026-04-05 09:04:00,-11.0,2026-04-05 09:22:00,2026-04-05 09:30:00,B34 A,90.0,14.08,6.39,4.42,2.34,8.0
242,2026-04-05,TG934,2026-04-05 12:22:00,2026-04-05 12:26:00,4.0,2026-04-05 12:46:00,2026-04-05 13:15:00,B34 A,260.0,15.03,17.3,4.47,2.31,29.0
242,2026-04-05,UA950,2026-04-05 12:20:00,2026-04-05 11:58:00,-22.0,2026-04-05 12:14:00,2026-04-05 12:42:00,B37 A,127.0,12.78,9.94,5.55,2.19,28.0
242,2026-04-05,UA994,2026-04-05 08:51:00,2026-04-05 08:32:00,-19.0,2026-04-05 08:52:00,2026-04-05 09:25:00,B40 A,171.0,14.41,11.87,5.12,2.43,33.0
242,2026-04-05,XR5402,2026-04-05 07:46:00,2026-04-05 08:56:00,70.0,2026-04-05 09:23:00,2026-04-05 09:26:00,B5  A,88.0,15.1,5.83,5.57,1.5,3.0
243,2026-04-05,AC832,2026-04-05 10:17:00,2026-04-05 10:43:00,26.0,2026-04-05 11:00:00,2026-04-05 11:34:00,B14 A,172.0,11.64,14.77,5.24,1.27,34.0
243,2026-04-05,ET750,2026-04-05 11:13:00,2026-04-05 11:34:00,21.0,2026-04-05 12:17:00,2026-04-05 13:03:00,B17 A,464.0,12.1,38.35,5.13,1.64,46.0
243,2026-04-05,FH8116,2026-04-05 06:35:00,2026-04-05 06:00:00,-35.0,2026-04-05 06:07:00,2026-04-05 06:09:00,B15 A,22.0,10.86,2.03,5.0,1.55,2.0
243,2026-04-05,LH1004,2026-04-05 09:50:00,2026-04-05 09:53:00,3.0,2026-04-05 10:20:00,2026-04-05 10:27:00,A43 ,33.0,12.8,2.58,4.98,1.67,7.0
243,2026-04-05,SN1122,2026-04-05 08:39:00,2026-04-05 09:08:00,29.0,2026-04-05 09:20:00,2026-04-05 09:21:00,B40 A,13.0,12.88,1.01,4.27,2.91,1.0
243,2026-04-05,SN1124,2026-04-05 07:10:00,2026-04-05 07:19:00,9.0,2026-04-05 07:32:00,2026-04-05 07:48:00,B30 A,138.0,14.95,9.23,6.51,1.37,16.0
243,2026-04-05,SN206,2026-04-05 06:25:00,2026-04-05 06:48:00,23.0,2026-04-05 07:07:00,2026-04-05 07:30:00,B38 A,154.0,12.63,12.2,4.95,2.35,23.0
243,2026-04-05,SN229,2026-04-05 10:04:00,2026-04-05 10:26:00,22.0,2026-04-05 10:41:00,2026-04-05 11:10:00,B31 A,120.0,15.76,7.62,5.4,1.99,29.0
243,2026-04-05,SN278,2026-04-05 12:46:00,2026-04-05 12:41:00,-5.0,2026-04-05 13:04:00,2026-04-05 13:33:00,B31 A,62.0,12.6,4.92,4.89,2.2,29.0
243,2026-04-05,SN2900,2026-04-05 07:39:00,2026-04-05 07:25:00,-14.0,2026-04-05 07:38:00,2026-04-05 07:53:00,B38 A,55.0,8.75,6.28,4.4,2.65,15.0
243,2026-04-05,SN3326,2026-04-05 11:24:00,2026-04-05 11:41:00,17.0,2026-04-05 12:06:00,2026-04-05 12:12:00,B14 A,111.0,13.6,8.16,4.21,1.58,6.0
243,2026-04-05,SN358,2026-04-05 08:21:00,2026-04-05 08:24:00,3.0,2026-04-05 08:42:00,2026-04-05 09:09:00,B14 A,112.0,14.47,7.74,4.57,1.46,27.0
243,2026-04-05,SN379,2026-04-05 10:10:00,2026-04-05 11:03:00,53.0,2026-04-05 11:42:00,2026-04-05 12:19:00,B29 A,161.0,13.31,12.1,5.06,1.94,37.0
243,2026-04-05,SN3800,2026-04-05 06:15:00,2026-04-05 06:16:00,1.0,2026-04-05 06:28:00,2026-04-05 06:30:00,A65 ,27.0,15.22,1.77,6.1,1.37,2.0
243,2026-04-05,TB1552,2026-04-05 10:15:00,2026-04-05 10:31:00,16.0,2026-04-05 10:50:00,2026-04-05 10:59:00,A69 ,164.0,11.38,14.41,3.99,2.09,9.0
243,2026-04-05,TB2632,2026-04-05 09:29:00,2026-04-05 09:09:00,-20.0,2026-04-05 09:35:00,2026-04-05 09:44:00,B9  A,114.0,16.46,6.93,5.46,1.53,9.0
243,2026-04-05,TB2662,2026-04-05 09:15:00,2026-04-05 09:04:00,-11.0,2026-04-05 09:22:00,2026-04-05 09:30:00,B34 A,90.0,13.04,6.9,5.05,2.05,8.0
243,2026-04-05,TG934,2026-04-05 12:22:00,2026-04-05 12:26:00,4.0,2026-04-05 12:46:00,2026-04-05 13:15:00,B34 A,260.0,15.2,17.11,3.89,2.66,29.0
243,2026-04-05,UA950,2026-04-05 11:22:00,2026-04-05 11:02:00,-20.0,2026-04-05 11:22:00,2026-04-05 11:45:00,B28 A,170.0,14.17,12.0,4.31,1.86,23.0
243,2026-04-05,UA994,2026-04-05 08:51:00,2026-04-05 08:32:00,-19.0,2026-04-05 08:52:00,2026-04-05 09:25:00,B40 A,171.0,14.58,11.73,4.51,2.76,33.0
243,2026-04-05,XR5402,2026-04-05 07:46:00,2026-04-05 08:56:00,70.0,2026-04-05 09:23:00,2026-04-05 09:26:00,B5  A,88.0,12.09,7.28,4.8,1.74,3.0
244,2026-04-05,AC832,2026-04-05 08:17:00,2026-04-05 07:46:00,-31.0,2026-04-05 08:02:00,2026-04-05 08:29:00,B30 A,122.0,11.68,10.44,5.32,1.68,27.0
244,2026-04-05,ET750,2026-04-05 11:13:00,2026-04-05 11:34:00,21.0,2026-04-05 12:17:00,2026-04-05 13:03:00,B17 A,464.0,11.88,39.05,4.45,1.89,46.0
244,2026-04-05,FH8116,2026-04-05 12:44:00,2026-04-05 12:48:00,4.0,2026-04-05 13:06:00,2026-04-05 13:13:00,B38 A,140.0,12.88,10.87,5.39,2.17,7.0
244,2026-04-05,LH1004,2026-04-05 09:50:00,2026-04-05 09:53:00,3.0,2026-04-05 10:20:00,2026-04-05 10:27:00,A43 ,33.0,15.38,2.15,4.63,1.8,7.0
244,2026-04-05,SN1122,2026-04-05 08:39:00,2026-04-05 09:08:00,29.0,2026-04-05 09:20:00,2026-04-05 09:21:00,B40 A,13.0,13.31,0.98,5.88,2.11,1.0
244,2026-04-05,SN1124,2026-04-05 07:10:00,2026-04-05 07:19:00,9.0,2026-04-05 07:32:00,2026-04-05 07:48:00,B30 A,138.0,14.06,9.82,4.3,2.07,16.0
244,2026-04-05,SN206,2026-04-05 06:25:00,2026-04-05 06:48:00,23.0,2026-04-05 07:07:00,2026-04-05 07:30:00,B38 A,154.0,13.46,11.44,4.83,2.41,23.0
244,2026-04-05,SN229,2026-04-05 08:06:00,2026-04-05 09:20:00,74.0,2026-04-05 09:41:00,2026-04-05 10:22:00,B14 A,144.0,9.83,14.66,4.74,1.41,41.0
244,2026-04-05,SN278,2026-04-05 08:43:00,2026-04-05 08:27:00,-16.0,2026-04-05 08:40:00,2026-04-05 09:10:00,B37 A,123.0,13.41,9.17,5.16,2.36,30.0
244,2026-04-05,SN2900,2026-04-05 07:39:00,2026-04-05 07:25:00,-14.0,2026-04-05 07:38:00,2026-04-05 07:53:00,B38 A,55.0,13.29,4.14,4.69,2.49,15.0
244,2026-04-05,SN3326,2026-04-05 07:45:00,2026-04-05 08:05:00,20.0,2026-04-05 08:16:00,2026-04-05 08:36:00,B28 A,123.0,15.31,8.03,4.8,1.67,20.0
244,2026-04-05,SN358,2026-04-05 10:21:00,2026-04-05 11:13:00,52.0,2026-04-05 11:43:00,2026-04-05 12:03:00,B38 A,126.0,14.77,8.53,5.13,2.28,20.0
244,2026-04-05,SN379,2026-04-05 08:11:00,2026-04-05 08:40:00,29.0,2026-04-05 08:59:00,2026-04-05 09:27:00,B28 A,76.0,14.22,5.35,4.36,1.84,28.0
244,2026-04-05,SN3800,2026-04-05 06:15:00,2026-04-05 06:16:00,1.0,2026-04-05 06:28:00,2026-04-05 06:30:00,A65 ,27.0,12.04,2.24,5.59,1.49,2.0
244,2026-04-05,TB1552,2026-04-05 07:47:00,2026-04-05 07:43:00,-4.0,2026-04-05 07:55:00,2026-04-05 07:59:00,A68 ,66.0,12.83,5.15,4.34,1.92,4.0
244,2026-04-05,TB2632,2026-04-05 09:29:00,2026-04-05 09:09:00,-20.0,2026-04-05 09:35:00,2026-04-05 09:44:00,B9  A,114.0,13.59,8.39,6.39,1.3,9.0
244,2026-04-05,TB2662,2026-04-05 09:15:00,2026-04-05 09:04:00,-11.0,2026-04-05 09:22:00,2026-04-05 09:30:00,B34 A,90.0,8.19,10.99,5.88,1.76,8.0
244,2026-04-05,TG934,2026-04-05 09:21:00,2026-04-05 09:16:00,-5.0,2026-04-05 09:38:00,2026-04-05 09:58:00,B38 A,249.0,13.37,18.63,5.35,2.18,20.0
244,2026-04-05,UA950,2026-04-05 08:20:00,2026-04-05 08:20:00,0.0,2026-04-05 08:36:00,2026-04-05 09:25:00,B38 A,176.0,14.79,11.9,4.67,2.5,49.0
244,2026-04-05,UA994,2026-04-05 09:51:00,2026-04-05 11:28:00,97.0,2026-04-05 11:44:00,2026-04-05 12:09:00,B40 A,135.0,11.43,11.81,5.81,2.14,25.0
244,2026-04-05,XR5402,2026-04-05 07:46:00,2026-04-05 08:56:00,70.0,2026-04-05 09:23:00,2026-04-05 09:26:00,B5  A,88.0,11.48,7.66,4.62,1.81,3.0
245,2026-04-05,AC832,2026-04-05 08:17:00,2026-04-05 07:46:00,-31.0,2026-04-05 08:02:00,2026-04-05 08:29:00,B30 A,122.0,13.2,9.24,4.43,2.01,27.0
245,2026-04-05,ET750,2026-04-05 11:13:00,2026-04-05 11:34:00,21.0,2026-04-05 12:17:00,2026-04-05 13:03:00,B17 A,464.0,15.0,30.93,6.99,1.2,46.0
245,2026-04-05,FH8116,2026-04-05 12:44:00,2026-04-05 12:48:00,4.0,2026-04-05 13:06:00,2026-04-05 13:13:00,B38 A,140.0,11.02,12.7,4.23,2.76,7.0
245,2026-04-05,LH1004,2026-04-05 12:50:00,2026-04-05 12:50:00,0.0,2026-04-05 13:03:00,2026-04-05 13:30:00,A43 ,40.0,12.0,3.33,5.96,1.4,27.0
245,2026-04-05,SN1122,2026-04-05 08:39:00,2026-04-05 09:08:00,29.0,2026-04-05 09:20:00,2026-04-05 09:21:00,B40 A,13.0,12.31,1.06,4.26,2.91,1.0
245,2026-04-05,SN1124,2026-04-05 07:10:00,2026-04-05 07:19:00,9.0,2026-04-05 07:32:00,2026-04-05 07:48:00,B30 A,138.0,15.33,9.0,4.18,2.14,16.0
245,2026-04-05,SN206,2026-04-05 06:25:00,2026-04-05 06:48:00,23.0,2026-04-05 07:07:00,2026-04-05 07:30:00,B38 A,154.0,10.86,14.18,5.5,2.12,23.0
245,2026-04-05,SN229,2026-04-05 10:04:00,2026-04-05 10:26:00,22.0,2026-04-05 10:41:00,2026-04-05 11:10:00,B31 A,120.0,11.21,10.71,5.6,1.92,29.0
245,2026-04-05,SN278,2026-04-05 12:46:00,2026-04-05 12:41:00,-5.0,2026-04-05 13:04:00,2026-04-05 13:33:00,B31 A,62.0,10.07,6.16,4.8,2.24,29.0
245,2026-04-05,SN2900,2026-04-05 07:39:00,2026-04-05 07:25:00,-14.0,2026-04-05 07:38:00,2026-04-05 07:53:00,B38 A,55.0,13.31,4.13,5.2,2.24,15.0
245,2026-04-05,SN3326,2026-04-05 11:24:00,2026-04-05 11:41:00,17.0,2026-04-05 12:06:00,2026-04-05 12:12:00,B14 A,111.0,8.68,12.78,4.27,1.56,6.0
245,2026-04-05,SN358,2026-04-05 10:21:00,2026-04-05 11:13:00,52.0,2026-04-05 11:43:00,2026-04-05 12:03:00,B38 A,126.0,14.56,8.65,5.14,2.27,20.0
245,2026-04-05,SN379,2026-04-05 08:11:00,2026-04-05 08:40:00,29.0,2026-04-05 08:59:00,2026-04-05 09:27:00,B28 A,76.0,15.67,4.85,6.01,1.33,28.0
245,2026-04-05,SN3800,2026-04-05 06:15:00,2026-04-05 06:16:00,1.0,2026-04-05 06:28:00,2026-04-05 06:30:00,A65 ,27.0,12.65,2.13,6.08,1.37,2.0
245,2026-04-05,TB1552,2026-04-05 07:15:00,2026-04-05 07:08:00,-7.0,2026-04-05 07:38:00,2026-04-05 07:45:00,A61 ,152.0,10.9,13.95,5.69,1.46,7.0
245,2026-04-05,TB2632,2026-04-05 09:29:00,2026-04-05 09:09:00,-20.0,2026-04-05 09:35:00,2026-04-05 09:44:00,B9  A,114.0,10.2,11.18,4.68,1.78,9.0
245,2026-04-05,TB2662,2026-04-05 09:15:00,2026-04-05 09:04:00,-11.0,2026-04-05 09:22:00,2026-04-05 09:30:00,B34 A,90.0,14.24,6.32,5.01,2.06,8.0
245,2026-04-05,TG934,2026-04-05 09:21:00,2026-04-05 09:16:00,-5.0,2026-04-05 09:38:00,2026-04-05 09:58:00,B38 A,249.0,14.23,17.5,4.96,2.35,20.0
245,2026-04-05,UA950,2026-04-05 09:21:00,2026-04-05 08:45:00,-36.0,2026-04-05 09:03:00,2026-04-05 09:29:00,B5  A,163.0,12.6,12.93,5.33,1.56,26.0
245,2026-04-05,UA994,2026-04-05 12:51:00,2026-04-05 12:35:00,-16.0,2026-04-05 12:54:00,2026-04-05 13:24:00,B38 A,109.0,14.2,7.68,4.73,2.46,30.0
245,2026-04-05,XR5402,2026-04-05 07:46:00,2026-04-05 08:56:00,70.0,2026-04-05 09:23:00,2026-04-05 09:26:00,B5  A,88.0,12.01,7.33,4.82,1.73,3.0
246,2026-04-05,AC832,2026-04-05 09:18:00,2026-04-05 08:45:00,-33.0,2026-04-05 09:06:00,2026-04-05 09:59:00,B28 A,110.0,13.88,7.93,5.22,1.53,53.0
246,2026-04-05,ET750,2026-04-05 11:13:00,2026-04-05 11:34:00,21.0,2026-04-05 12:17:00,2026-04-05 13:03:00,B17 A,464.0,14.17,32.74,6.36,1.32,46.0
246,2026-04-05,FH8116,2026-04-05 06:35:00,2026-04-05 06:00:00,-35.0,2026-04-05 06:07:00,2026-04-05 06:09:00,B15 A,22.0,9.83,2.24,4.17,1.85,2.0
246,2026-04-05,LH1004,2026-04-05 09:50:00,2026-04-05 09:53:00,3.0,2026-04-05 10:20:00,2026-04-05 10:27:00,A43 ,33.0,11.89,2.78,4.9,1.7,7.0
246,2026-04-05,SN1122,2026-04-05 08:39:00,2026-04-05 09:08:00,29.0,2026-04-05 09:20:00,2026-04-05 09:21:00,B40 A,13.0,12.31,1.06,4.66,2.66,1.0
246,2026-04-05,SN1124,2026-04-05 07:10:00,2026-04-05 07:19:00,9.0,2026-04-05 07:32:00,2026-04-05 07:48:00,B30 A,138.0,12.59,10.96,4.62,1.93,16.0
246,2026-04-05,SN206,2026-04-05 06:25:00,2026-04-05 06:48:00,23.0,2026-04-05 07:07:00,2026-04-05 07:30:00,B38 A,154.0,13.26,11.62,5.54,2.11,23.0
246,2026-04-05,SN229,2026-04-05 12:06:00,2026-04-05 12:12:00,6.0,2026-04-05 12:39:00,2026-04-05 13:03:00,B28 A,20.0,13.49,1.48,4.27,1.87,24.0
246,2026-04-05,SN278,2026-04-05 10:45:00,2026-04-05 10:42:00,-3.0,2026-04-05 11:04:00,2026-04-05 11:16:00,B28 A,198.0,10.42,19.0,3.81,2.1,12.0
246,2026-04-05,SN2900,2026-04-05 08:46:00,2026-04-05 08:33:00,-13.0,2026-04-05 08:58:00,2026-04-05 09:02:00,B14 A,79.0,10.04,7.87,5.62,1.19,4.0
246,2026-04-05,SN3326,2026-04-05 11:24:00,2026-04-05 11:41:00,17.0,2026-04-05 12:06:00,2026-04-05 12:12:00,B14 A,111.0,13.95,7.96,3.43,1.95,6.0
246,2026-04-05,SN358,2026-04-05 10:21:00,2026-04-05 11:13:00,52.0,2026-04-05 11:43:00,2026-04-05 12:03:00,B38 A,126.0,12.35,10.21,4.57,2.55,20.0
246,2026-04-05,SN379,2026-04-05 08:11:00,2026-04-05 08:40:00,29.0,2026-04-05 08:59:00,2026-04-05 09:27:00,B28 A,76.0,12.35,6.15,4.83,1.66,28.0
246,2026-04-05,SN3800,2026-04-05 06:15:00,2026-04-05 06:16:00,1.0,2026-04-05 06:28:00,2026-04-05 06:30:00,A65 ,27.0,10.78,2.5,5.87,1.42,2.0
246,2026-04-05,TB1552,2026-04-05 07:47:00,2026-04-05 07:43:00,-4.0,2026-04-05 07:55:00,2026-04-05 07:59:00,A68 ,66.0,11.53,5.72,7.9,1.05,4.0
246,2026-04-05,TB2632,2026-04-05 09:29:00,2026-04-05 09:09:00,-20.0,2026-04-05 09:35:00,2026-04-05 09:44:00,B9  A,114.0,9.17,12.43,6.05,1.38,9.0
246,2026-04-05,TB2662,2026-04-05 09:15:00,2026-04-05 09:04:00,-11.0,2026-04-05 09:22:00,2026-04-05 09:30:00,B34 A,90.0,12.83,7.01,6.39,1.62,8.0
246,2026-04-05,TG934,2026-04-05 12:22:00,2026-04-05 12:26:00,4.0,2026-04-05 12:46:00,2026-04-05 13:15:00,B34 A,260.0,14.48,17.95,6.04,1.71,29.0
246,2026-04-05,UA950,2026-04-05 10:20:00,2026-04-05 09:58:00,-22.0,2026-04-05 10:24:00,2026-04-05 10:51:00,B40 A,188.0,13.17,14.28,4.04,3.07,27.0
246,2026-04-05,UA994,2026-04-05 11:51:00,2026-04-05 11:37:00,-14.0,2026-04-05 11:55:00,2026-04-05 12:25:00,B40 A,157.0,13.16,11.93,3.42,3.63,30.0
246,2026-04-05,XR5402,2026-04-05 07:46:00,2026-04-05 08:56:00,70.0,2026-04-05 09:23:00,2026-04-05 09:26:00,B5  A,88.0,14.66,6.0,4.66,1.79,3.0
247,2026-04-05,AC832,2026-04-05 10:17:00,2026-04-05 10:43:00,26.0,2026-04-05 11:00:00,2026-04-05 11:34:00,B14 A,172.0,13.64,12.61,4.8,1.39,34.0
247,2026-04-05,ET750,2026-04-05 11:13:00,2026-04-05 11:34:00,21.0,2026-04-05 12:17:00,2026-04-05 13:03:00,B17 A,464.0,13.43,34.55,5.97,1.41,46.0
247,2026-04-05,FH8116,2026-04-05 06:35:00,2026-04-05 06:00:00,-35.0,2026-04-05 06:07:00,2026-04-05 06:09:00,B15 A,22.0,10.67,2.06,5.0,1.55,2.0
247,2026-04-05,LH1004,2026-04-05 08:50:00,2026-04-05 08:53:00,3.0,2026-04-05 09:06:00,2026-04-05 09:12:00,A43 ,29.0,13.74,2.11,4.76,1.75,6.0
247,2026-04-05,SN1122,2026-04-05 08:39:00,2026-04-05 09:08:00,29.0,2026-04-05 09:20:00,2026-04-05 09:21:00,B40 A,13.0,10.33,1.26,5.76,2.16,1.0
247,2026-04-05,SN1124,2026-04-05 07:10:00,2026-04-05 07:19:00,9.0,2026-04-05 07:32:00,2026-04-05 07:48:00,B30 A,138.0,13.93,9.91,4.94,1.8,16.0
247,2026-04-05,SN206,2026-04-05 06:25:00,2026-04-05 06:48:00,23.0,2026-04-05 07:07:00,2026-04-05 07:30:00,B38 A,154.0,12.73,12.1,4.8,2.43,23.0
247,2026-04-05,SN229,2026-04-05 10:04:00,2026-04-05 10:26:00,22.0,2026-04-05 10:41:00,2026-04-05 11:10:00,B31 A,120.0,12.54,9.57,5.18,2.08,29.0
247,2026-04-05,SN278,2026-04-05 12:46:00,2026-04-05 12:41:00,-5.0,2026-04-05 13:04:00,2026-04-05 13:33:00,B31 A,62.0,16.49,3.76,5.19,2.07,29.0
247,2026-04-05,SN2900,2026-04-05 10:44:00,2026-04-05 11:04:00,20.0,2026-04-05 11:13:00,2026-04-05 11:34:00,B32 A,49.0,8.38,5.84,6.86,1.41,21.0
247,2026-04-05,SN3326,2026-04-05 11:24:00,2026-04-05 11:41:00,17.0,2026-04-05 12:06:00,2026-04-05 12:12:00,B14 A,111.0,15.18,7.31,5.06,1.32,6.0
247,2026-04-05,SN358,2026-04-05 10:21:00,2026-04-05 11:13:00,52.0,2026-04-05 11:43:00,2026-04-05 12:03:00,B38 A,126.0,13.66,9.22,4.23,2.76,20.0
247,2026-04-05,SN379,2026-04-05 10:10:00,2026-04-05 11:03:00,53.0,2026-04-05 11:42:00,2026-04-05 12:19:00,B29 A,161.0,11.16,14.42,5.32,1.85,37.0
247,2026-04-05,SN3800,2026-04-05 06:15:00,2026-04-05 06:16:00,1.0,2026-04-05 06:28:00,2026-04-05 06:30:00,A65 ,27.0,12.15,2.22,6.28,1.33,2.0
247,2026-04-05,TB1552,2026-04-05 07:47:00,2026-04-05 07:43:00,-4.0,2026-04-05 07:55:00,2026-04-05 07:59:00,A68 ,66.0,8.61,7.66,4.88,1.71,4.0
247,2026-04-05,TB2632,2026-04-05 09:29:00,2026-04-05 09:09:00,-20.0,2026-04-05 09:35:00,2026-04-05 09:44:00,B9  A,114.0,12.22,9.33,4.48,1.86,9.0
247,2026-04-05,TB2662,2026-04-05 09:15:00,2026-04-05 09:04:00,-11.0,2026-04-05 09:22:00,2026-04-05 09:30:00,B34 A,90.0,11.34,7.94,4.5,2.3,8.0
247,2026-04-05,TG934,2026-04-05 09:21:00,2026-04-05 09:16:00,-5.0,2026-04-05 09:38:00,2026-04-05 09:58:00,B38 A,249.0,12.94,19.24,5.13,2.27,20.0
247,2026-04-05,UA950,2026-04-05 10:20:00,2026-04-05 09:58:00,-22.0,2026-04-05 10:24:00,2026-04-05 10:51:00,B40 A,188.0,10.28,18.28,4.3,2.89,27.0
247,2026-04-05,UA994,2026-04-05 08:51:00,2026-04-05 08:32:00,-19.0,2026-04-05 08:52:00,2026-04-05 09:25:00,B40 A,171.0,11.27,15.17,4.3,2.89,33.0
247,2026-04-05,XR5402,2026-04-05 07:46:00,2026-04-05 08:56:00,70.0,2026-04-05 09:23:00,2026-04-05 09:26:00,B5  A,88.0,10.9,8.07,5.03,1.66,3.0
248,2026-04-05,AC832,2026-04-05 09:18:00,2026-04-05 08:45:00,-33.0,2026-04-05 09:06:00,2026-04-05 09:59:00,B28 A,110.0,9.99,11.01,4.29,1.87,53.0
248,2026-04-05,ET750,2026-04-05 11:13:00,2026-04-05 11:34:00,21.0,2026-04-05 12:17:00,2026-04-05 13:03:00,B17 A,464.0,13.74,33.78,4.36,1.93,46.0
248,2026-04-05,FH8116,2026-04-05 06:35:00,2026-04-05 06:00:00,-35.0,2026-04-05 06:07:00,2026-04-05 06:09:00,B15 A,22.0,9.24,2.38,3.76,2.06,2.0
248,2026-04-05,LH1004,2026-04-05 09:50:00,2026-04-05 09:53:00,3.0,2026-04-05 10:20:00,2026-04-05 10:27:00,A43 ,33.0,8.32,3.97,5.17,1.61,7.0
248,2026-04-05,SN1122,2026-04-05 08:39:00,2026-04-05 09:08:00,29.0,2026-04-05 09:20:00,2026-04-05 09:21:00,B40 A,13.0,13.51,0.96,4.64,2.68,1.0
248,2026-04-05,SN1124,2026-04-05 07:10:00,2026-04-05 07:19:00,9.0,2026-04-05 07:32:00,2026-04-05 07:48:00,B30 A,138.0,12.29,11.23,6.6,1.35,16.0
248,2026-04-05,SN206,2026-04-05 06:25:00,2026-04-05 06:48:00,23.0,2026-04-05 07:07:00,2026-04-05 07:30:00,B38 A,154.0,11.36,13.55,5.51,2.12,23.0
248,2026-04-05,SN229,2026-04-05 12:06:00,2026-04-05 12:12:00,6.0,2026-04-05 12:39:00,2026-04-05 13:03:00,B28 A,20.0,12.77,1.57,4.59,1.74,24.0
248,2026-04-05,SN278,2026-04-05 12:46:00,2026-04-05 12:41:00,-5.0,2026-04-05 13:04:00,2026-04-05 13:33:00,B31 A,62.0,9.67,6.41,5.65,1.9,29.0
248,2026-04-05,SN2900,2026-04-05 10:44:00,2026-04-05 11:04:00,20.0,2026-04-05 11:13:00,2026-04-05 11:34:00,B32 A,49.0,11.25,4.36,3.77,2.56,21.0
248,2026-04-05,SN3326,2026-04-05 11:24:00,2026-04-05 11:41:00,17.0,2026-04-05 12:06:00,2026-04-05 12:12:00,B14 A,111.0,9.73,11.41,6.78,0.98,6.0
248,2026-04-05,SN358,2026-04-05 10:21:00,2026-04-05 11:13:00,52.0,2026-04-05 11:43:00,2026-04-05 12:03:00,B38 A,126.0,15.66,8.05,4.59,2.54,20.0
248,2026-04-05,SN379,2026-04-05 08:11:00,2026-04-05 08:40:00,29.0,2026-04-05 08:59:00,2026-04-05 09:27:00,B28 A,76.0,13.77,5.52,3.61,2.21,28.0
248,2026-04-05,SN3800,2026-04-05 06:15:00,2026-04-05 06:16:00,1.0,2026-04-05 06:28:00,2026-04-05 06:30:00,A65 ,27.0,10.54,2.56,5.04,1.65,2.0
248,2026-04-05,TB1552,2026-04-05 10:15:00,2026-04-05 10:31:00,16.0,2026-04-05 10:50:00,2026-04-05 10:59:00,A69 ,164.0,11.53,14.22,5.3,1.57,9.0
248,2026-04-05,TB2632,2026-04-05 09:29:00,2026-04-05 09:09:00,-20.0,2026-04-05 09:35:00,2026-04-05 09:44:00,B9  A,114.0,12.06,9.45,5.09,1.64,9.0
248,2026-04-05,TB2662,2026-04-05 09:15:00,2026-04-05 09:04:00,-11.0,2026-04-05 09:22:00,2026-04-05 09:30:00,B34 A,90.0,11.79,7.64,3.6,2.87,8.0
248,2026-04-05,TG934,2026-04-05 12:22:00,2026-04-05 12:26:00,4.0,2026-04-05 12:46:00,2026-04-05 13:15:00,B34 A,260.0,14.83,17.54,4.59,2.25,29.0
248,2026-04-05,UA950,2026-04-05 09:21:00,2026-04-05 08:45:00,-36.0,2026-04-05 09:03:00,2026-04-05 09:29:00,B5  A,163.0,12.03,13.55,4.75,1.75,26.0
248,2026-04-05,UA994,2026-04-05 08:51:00,2026-04-05 08:32:00,-19.0,2026-04-05 08:52:00,2026-04-05 09:25:00,B40 A,171.0,13.15,13.0,5.25,2.36,33.0
248,2026-04-05,XR5402,2026-04-05 07:46:00,2026-04-05 08:56:00,70.0,2026-04-05 09:23:00,2026-04-05 09:26:00,B5  A,88.0,10.6,8.3,5.28,1.58,3.0
249,2026-04-05,AC832,2026-04-05 12:18:00,2026-04-05 11:38:00,-40.0,2026-04-05 11:54:00,2026-04-05 12:17:00,B30 A,100.0,12.24,8.17,3.78,2.36,23.0
249,2026-04-05,ET750,2026-04-05 11:13:00,2026-04-05 11:34:00,21.0,2026-04-05 12:17:00,2026-04-05 13:03:00,B17 A,464.0,11.54,40.19,4.52,1.86,46.0
249,2026-04-05,FH8116,2026-04-05 12:44:00,2026-04-05 12:48:00,4.0,2026-04-05 13:06:00,2026-04-05 13:13:00,B38 A,140.0,11.6,12.06,5.26,2.22,7.0
249,2026-04-05,LH1004,2026-04-05 08:50:00,2026-04-05 08:53:00,3.0,2026-04-05 09:06:00,2026-04-05 09:12:00,A43 ,29.0,10.34,2.8,4.67,1.79,6.0
249,2026-04-05,SN1122,2026-04-05 08:39:00,2026-04-05 09:08:00,29.0,2026-04-05 09:20:00,2026-04-05 09:21:00,B40 A,13.0,13.08,0.99,4.82,2.57,1.0
249,2026-04-05,SN1124,2026-04-05 07:10:00,2026-04-05 07:19:00,9.0,2026-04-05 07:32:00,2026-04-05 07:48:00,B30 A,138.0,12.87,10.73,4.49,1.99,16.0
249,2026-04-05,SN206,2026-04-05 06:25:00,2026-04-05 06:48:00,23.0,2026-04-05 07:07:00,2026-04-05 07:30:00,B38 A,154.0,14.86,10.36,4.53,2.58,23.0
249,2026-04-05,SN229,2026-04-05 08:06:00,2026-04-05 09:20:00,74.0,2026-04-05 09:41:00,2026-04-05 10:22:00,B14 A,144.0,11.31,12.73,4.21,1.58,41.0
249,2026-04-05,SN278,2026-04-05 12:46:00,2026-04-05 12:41:00,-5.0,2026-04-05 13:04:00,2026-04-05 13:33:00,B31 A,62.0,10.6,5.85,5.27,2.04,29.0
249,2026-04-05,SN2900,2026-04-05 07:39:00,2026-04-05 07:25:00,-14.0,2026-04-05 07:38:00,2026-04-05 07:53:00,B38 A,55.0,8.9,6.18,5.21,2.24,15.0
249,2026-04-05,SN3326,2026-04-05 11:24:00,2026-04-05 11:41:00,17.0,2026-04-05 12:06:00,2026-04-05 12:12:00,B14 A,111.0,11.91,9.32,5.61,1.19,6.0
249,2026-04-05,SN358,2026-04-05 12:21:00,2026-04-05 12:23:00,2.0,2026-04-05 12:43:00,2026-04-05 13:14:00,B28 A,176.0,12.6,13.97,5.56,1.44,31.0
249,2026-04-05,SN379,2026-04-05 10:10:00,2026-04-05 11:03:00,53.0,2026-04-05 11:42:00,2026-04-05 12:19:00,B29 A,161.0,13.25,12.15,5.37,1.83,37.0
249,2026-04-05,SN3800,2026-04-05 06:15:00,2026-04-05 06:16:00,1.0,2026-04-05 06:28:00,2026-04-05 06:30:00,A65 ,27.0,9.01,3.0,4.32,1.93,2.0
249,2026-04-05,TB1552,2026-04-05 07:15:00,2026-04-05 07:08:00,-7.0,2026-04-05 07:38:00,2026-04-05 07:45:00,A61 ,152.0,15.17,10.02,5.05,1.65,7.0
249,2026-04-05,TB2632,2026-04-05 09:29:00,2026-04-05 09:09:00,-20.0,2026-04-05 09:35:00,2026-04-05 09:44:00,B9  A,114.0,10.3,11.07,5.22,1.6,9.0
249,2026-04-05,TB2662,2026-04-05 09:15:00,2026-04-05 09:04:00,-11.0,2026-04-05 09:22:00,2026-04-05 09:30:00,B34 A,90.0,10.28,8.75,5.53,1.87,8.0
249,2026-04-05,TG934,2026-04-05 09:21:00,2026-04-05 09:16:00,-5.0,2026-04-05 09:38:00,2026-04-05 09:58:00,B38 A,249.0,13.76,18.09,5.57,2.1,20.0
249,2026-04-05,UA950,2026-04-05 09:21:00,2026-04-05 08:45:00,-36.0,2026-04-05 09:03:00,2026-04-05 09:29:00,B5  A,163.0,12.51,13.03,5.31,1.57,26.0
249,2026-04-05,UA994,2026-04-05 09:51:00,2026-04-05 11:28:00,97.0,2026-04-05 11:44:00,2026-04-05 12:09:00,B40 A,135.0,16.0,8.44,5.21,2.38,25.0
249,2026-04-05,XR5402,2026-04-05 07:46:00,2026-04-05 08:56:00,70.0,2026-04-05 09:23:00,2026-04-05 09:26:00,B5  A,88.0,11.66,7.55,4.13,2.02,3.0
250,2026-04-05,AC832,2026-04-05 08:17:00,2026-04-05 07:46:00,-31.0,2026-04-05 08:02:00,2026-04-05 08:29:00,B30 A,122.0,10.69,11.41,4.75,1.88,27.0
250,2026-04-05,ET750,2026-04-05 11:13:00,2026-04-05 11:34:00,21.0,2026-04-05 12:17:00,2026-04-05 13:03:00,B17 A,464.0,15.39,30.15,5.72,1.47,46.0
250,2026-04-05,FH8116,2026-04-05 12:44:00,2026-04-05 12:48:00,4.0,2026-04-05 13:06:00,2026-04-05 13:13:00,B38 A,140.0,13.86,10.1,4.93,2.37,7.0
250,2026-04-05,LH1004,2026-04-05 12:50:00,2026-04-05 12:50:00,0.0,2026-04-05 13:03:00,2026-04-05 13:30:00,A43 ,40.0,11.24,3.56,4.15,2.01,27.0
250,2026-04-05,SN1122,2026-04-05 08:39:00,2026-04-05 09:08:00,29.0,2026-04-05 09:20:00,2026-04-05 09:21:00,B40 A,13.0,14.39,0.9,5.07,2.45,1.0
250,2026-04-05,SN1124,2026-04-05 07:10:00,2026-04-05 07:19:00,9.0,2026-04-05 07:32:00,2026-04-05 07:48:00,B30 A,138.0,13.63,10.13,4.79,1.86,16.0
250,2026-04-05,SN206,2026-04-05 06:25:00,2026-04-05 06:48:00,23.0,2026-04-05 07:07:00,2026-04-05 07:30:00,B38 A,154.0,10.63,14.49,5.19,2.25,23.0
250,2026-04-05,SN229,2026-04-05 10:04:00,2026-04-05 10:26:00,22.0,2026-04-05 10:41:00,2026-04-05 11:10:00,B31 A,120.0,14.64,8.2,5.08,2.12,29.0
250,2026-04-05,SN278,2026-04-05 08:43:00,2026-04-05 08:27:00,-16.0,2026-04-05 08:40:00,2026-04-05 09:10:00,B37 A,123.0,16.65,7.39,5.52,2.2,30.0
250,2026-04-05,SN2900,2026-04-05 10:44:00,2026-04-05 11:04:00,20.0,2026-04-05 11:13:00,2026-04-05 11:34:00,B32 A,49.0,13.4,3.66,3.93,2.46,21.0
250,2026-04-05,SN3326,2026-04-05 11:24:00,2026-04-05 11:41:00,17.0,2026-04-05 12:06:00,2026-04-05 12:12:00,B14 A,111.0,10.58,10.49,5.06,1.32,6.0
250,2026-04-05,SN358,2026-04-05 10:21:00,2026-04-05 11:13:00,52.0,2026-04-05 11:43:00,2026-04-05 12:03:00,B38 A,126.0,12.89,9.78,5.06,2.3,20.0
250,2026-04-05,SN379,2026-04-05 10:10:00,2026-04-05 11:03:00,53.0,2026-04-05 11:42:00,2026-04-05 12:19:00,B29 A,161.0,11.74,13.72,4.42,2.23,37.0
250,2026-04-05,SN3800,2026-04-05 06:15:00,2026-04-05 06:16:00,1.0,2026-04-05 06:28:00,2026-04-05 06:30:00,A65 ,27.0,13.65,1.98,6.47,1.29,2.0
250,2026-04-05,TB1552,2026-04-05 07:47:00,2026-04-05 07:43:00,-4.0,2026-04-05 07:55:00,2026-04-05 07:59:00,A68 ,66.0,8.77,7.53,5.61,1.48,4.0
250,2026-04-05,TB2632,2026-04-05 09:29:00,2026-04-05 09:09:00,-20.0,2026-04-05 09:35:00,2026-04-05 09:44:00,B9  A,114.0,12.48,9.14,5.92,1.41,9.0
250,2026-04-05,TB2662,2026-04-05 09:15:00,2026-04-05 09:04:00,-11.0,2026-04-05 09:22:00,2026-04-05 09:30:00,B34 A,90.0,13.59,6.62,4.48,2.31,8.0
250,2026-04-05,TG934,2026-04-05 09:21:00,2026-04-05 09:16:00,-5.0,2026-04-05 09:38:00,2026-04-05 09:58:00,B38 A,249.0,15.0,16.6,4.21,2.77,20.0
250,2026-04-05,UA950,2026-04-05 11:22:00,2026-04-05 11:02:00,-20.0,2026-04-05 11:22:00,2026-04-05 11:45:00,B28 A,170.0,10.6,16.03,4.23,1.89,23.0
250,2026-04-05,UA994,2026-04-05 09:51:00,2026-04-05 11:28:00,97.0,2026-04-05 11:44:00,2026-04-05 12:09:00,B40 A,135.0,14.58,9.26,4.48,2.77,25.0
250,2026-04-05,XR5402,2026-04-05 07:46:00,2026-04-05 08:56:00,70.0,2026-04-05 09:23:00,2026-04-05 09:26:00,B5  A,88.0,11.73,7.5,5.37,1.55,3.0
251,2026-04-05,AC832,2026-04-05 09:18:00,2026-04-05 08:45:00,-33.0,2026-04-05 09:06:00,2026-04-05 09:59:00,B28 A,110.0,15.71,7.0,4.36,1.83,53.0
251,2026-04-05,ET750,2026-04-05 11:13:00,2026-04-05 11:34:00,21.0,2026-04-05 12:17:00,2026-04-05 13:03:00,B17 A,464.0,14.2,32.69,4.43,1.9,46.0
251,2026-04-05,FH8116,2026-04-05 12:44:00,2026-04-05 12:48:00,4.0,2026-04-05 13:06:00,2026-04-05 13:13:00,B38 A,140.0,9.64,14.52,4.61,2.53,7.0
251,2026-04-05,LH1004,2026-04-05 09:50:00,2026-04-05 09:53:00,3.0,2026-04-05 10:20:00,2026-04-05 10:27:00,A43 ,33.0,16.95,1.95,4.51,1.85,7.0
251,2026-04-05,SN1122,2026-04-05 08:39:00,2026-04-05 09:08:00,29.0,2026-04-05 09:20:00,2026-04-05 09:21:00,B40 A,13.0,14.35,0.91,5.04,2.46,1.0
251,2026-04-05,SN1124,2026-04-05 07:10:00,2026-04-05 07:19:00,9.0,2026-04-05 07:32:00,2026-04-05 07:48:00,B30 A,138.0,16.52,8.36,4.0,2.23,16.0
251,2026-04-05,SN206,2026-04-05 06:25:00,2026-04-05 06:48:00,23.0,2026-04-05 07:07:00,2026-04-05 07:30:00,B38 A,154.0,11.99,12.84,4.4,2.65,23.0
251,2026-04-05,SN229,2026-04-05 10:04:00,2026-04-05 10:26:00,22.0,2026-04-05 10:41:00,2026-04-05 11:10:00,B31 A,120.0,13.74,8.74,6.19,1.74,29.0
251,2026-04-05,SN278,2026-04-05 08:43:00,2026-04-05 08:27:00,-16.0,2026-04-05 08:40:00,2026-04-05 09:10:00,B37 A,123.0,13.72,8.97,4.31,2.82,30.0
251,2026-04-05,SN2900,2026-04-05 08:46:00,2026-04-05 08:33:00,-13.0,2026-04-05 08:58:00,2026-04-05 09:02:00,B14 A,79.0,8.95,8.83,4.88,1.37,4.0
251,2026-04-05,SN3326,2026-04-05 07:45:00,2026-04-05 08:05:00,20.0,2026-04-05 08:16:00,2026-04-05 08:36:00,B28 A,123.0,14.03,8.76,4.5,1.78,20.0
251,2026-04-05,SN358,2026-04-05 08:21:00,2026-04-05 08:24:00,3.0,2026-04-05 08:42:00,2026-04-05 09:09:00,B14 A,112.0,9.74,11.5,5.12,1.3,27.0
251,2026-04-05,SN379,2026-04-05 10:10:00,2026-04-05 11:03:00,53.0,2026-04-05 11:42:00,2026-04-05 12:19:00,B29 A,161.0,10.62,15.16,4.76,2.07,37.0
251,2026-04-05,SN3800,2026-04-05 06:15:00,2026-04-05 06:16:00,1.0,2026-04-05 06:28:00,2026-04-05 06:30:00,A65 ,27.0,14.93,1.81,4.27,1.95,2.0
251,2026-04-05,TB1552,2026-04-05 10:15:00,2026-04-05 10:31:00,16.0,2026-04-05 10:50:00,2026-04-05 10:59:00,A69 ,164.0,14.32,11.45,4.7,1.77,9.0
251,2026-04-05,TB2632,2026-04-05 09:29:00,2026-04-05 09:09:00,-20.0,2026-04-05 09:35:00,2026-04-05 09:44:00,B9  A,114.0,11.65,9.78,7.29,1.14,9.0
251,2026-04-05,TB2662,2026-04-05 09:15:00,2026-04-05 09:04:00,-11.0,2026-04-05 09:22:00,2026-04-05 09:30:00,B34 A,90.0,16.09,5.59,4.87,2.12,8.0
251,2026-04-05,TG934,2026-04-05 09:21:00,2026-04-05 09:16:00,-5.0,2026-04-05 09:38:00,2026-04-05 09:58:00,B38 A,249.0,12.3,20.24,7.5,1.56,20.0
251,2026-04-05,UA950,2026-04-05 09:21:00,2026-04-05 08:45:00,-36.0,2026-04-05 09:03:00,2026-04-05 09:29:00,B5  A,163.0,11.74,13.88,5.39,1.55,26.0
251,2026-04-05,UA994,2026-04-05 08:51:00,2026-04-05 08:32:00,-19.0,2026-04-05 08:52:00,2026-04-05 09:25:00,B40 A,171.0,14.14,12.09,5.6,2.22,33.0
251,2026-04-05,XR5402,2026-04-05 07:46:00,2026-04-05 08:56:00,70.0,2026-04-05 09:23:00,2026-04-05 09:26:00,B5  A,88.0,14.49,6.07,5.0,1.67,3.0
252,2026-04-05,AC832,2026-04-05 08:17:00,2026-04-05 07:46:00,-31.0,2026-04-05 08:02:00,2026-04-05 08:29:00,B30 A,122.0,9.84,12.4,3.98,2.24,27.0
252,2026-04-05,ET750,2026-04-05 11:13:00,2026-04-05 11:34:00,21.0,2026-04-05 12:17:00,2026-04-05 13:03:00,B17 A,464.0,13.1,35.43,6.02,1.4,46.0
252,2026-04-05,FH8116,2026-04-05 06:35:00,2026-04-05 06:00:00,-35.0,2026-04-05 06:07:00,2026-04-05 06:09:00,B15 A,22.0,11.21,1.96,5.12,1.51,2.0
252,2026-04-05,LH1004,2026-04-05 12:50:00,2026-04-05 12:50:00,0.0,2026-04-05 13:03:00,2026-04-05 13:30:00,A43 ,40.0,12.83,3.12,5.24,1.59,27.0
252,2026-04-05,SN1122,2026-04-05 08:39:00,2026-04-05 09:08:00,29.0,2026-04-05 09:20:00,2026-04-05 09:21:00,B40 A,13.0,11.57,1.12,5.93,2.09,1.0
252,2026-04-05,SN1124,2026-04-05 07:10:00,2026-04-05 07:19:00,9.0,2026-04-05 07:32:00,2026-04-05 07:48:00,B30 A,138.0,15.35,8.99,6.38,1.4,16.0
252,2026-04-05,SN206,2026-04-05 06:25:00,2026-04-05 06:48:00,23.0,2026-04-05 07:07:00,2026-04-05 07:30:00,B38 A,154.0,11.39,13.52,4.23,2.76,23.0
252,2026-04-05,SN229,2026-04-05 10:04:00,2026-04-05 10:26:00,22.0,2026-04-05 10:41:00,2026-04-05 11:10:00,B31 A,120.0,12.53,9.58,4.75,2.26,29.0
252,2026-04-05,SN278,2026-04-05 10:45:00,2026-04-05 10:42:00,-3.0,2026-04-05 11:04:00,2026-04-05 11:16:00,B28 A,198.0,10.99,18.02,3.77,2.12,12.0
252,2026-04-05,SN2900,2026-04-05 08:46:00,2026-04-05 08:33:00,-13.0,2026-04-05 08:58:00,2026-04-05 09:02:00,B14 A,79.0,13.57,5.82,5.1,1.31,4.0
252,2026-04-05,SN3326,2026-04-05 11:24:00,2026-04-05 11:41:00,17.0,2026-04-05 12:06:00,2026-04-05 12:12:00,B14 A,111.0,11.6,9.57,4.72,1.41,6.0
252,2026-04-05,SN358,2026-04-05 08:21:00,2026-04-05 08:24:00,3.0,2026-04-05 08:42:00,2026-04-05 09:09:00,B14 A,112.0,13.98,8.01,5.49,1.21,27.0
252,2026-04-05,SN379,2026-04-05 10:10:00,2026-04-05 11:03:00,53.0,2026-04-05 11:42:00,2026-04-05 12:19:00,B29 A,161.0,15.42,10.44,4.83,2.04,37.0
252,2026-04-05,SN3800,2026-04-05 06:15:00,2026-04-05 06:16:00,1.0,2026-04-05 06:28:00,2026-04-05 06:30:00,A65 ,27.0,15.72,1.72,4.76,1.75,2.0
252,2026-04-05,TB1552,2026-04-05 07:15:00,2026-04-05 07:08:00,-7.0,2026-04-05 07:38:00,2026-04-05 07:45:00,A61 ,152.0,13.49,11.27,5.58,1.49,7.0
252,2026-04-05,TB2632,2026-04-05 09:29:00,2026-04-05 09:09:00,-20.0,2026-04-05 09:35:00,2026-04-05 09:44:00,B9  A,114.0,12.08,9.44,4.82,1.73,9.0
252,2026-04-05,TB2662,2026-04-05 09:15:00,2026-04-05 09:04:00,-11.0,2026-04-05 09:22:00,2026-04-05 09:30:00,B34 A,90.0,13.85,6.5,6.12,1.69,8.0
252,2026-04-05,TG934,2026-04-05 12:22:00,2026-04-05 12:26:00,4.0,2026-04-05 12:46:00,2026-04-05 13:15:00,B34 A,260.0,14.8,17.56,5.26,1.96,29.0
252,2026-04-05,UA950,2026-04-05 08:20:00,2026-04-05 08:20:00,0.0,2026-04-05 08:36:00,2026-04-05 09:25:00,B38 A,176.0,13.15,13.38,6.08,1.92,49.0
252,2026-04-05,UA994,2026-04-05 08:51:00,2026-04-05 08:32:00,-19.0,2026-04-05 08:52:00,2026-04-05 09:25:00,B40 A,171.0,14.89,11.48,5.22,2.38,33.0
252,2026-04-05,XR5402,2026-04-05 07:46:00,2026-04-05 08:56:00,70.0,2026-04-05 09:23:00,2026-04-05 09:26:00,B5  A,88.0,10.59,8.31,4.31,1.93,3.0
253,2026-04-05,AC832,2026-04-05 12:18:00,2026-04-05 11:38:00,-40.0,2026-04-05 11:54:00,2026-04-05 12:17:00,B30 A,100.0,12.75,7.85,4.91,1.81,23.0
253,2026-04-05,ET750,2026-04-05 11:13:00,2026-04-05 11:34:00,21.0,2026-04-05 12:17:00,2026-04-05 13:03:00,B17 A,464.0,14.03,33.08,5.01,1.68,46.0
253,2026-04-05,FH8116,2026-04-05 06:35:00,2026-04-05 06:00:00,-35.0,2026-04-05 06:07:00,2026-04-05 06:09:00,B15 A,22.0,10.5,2.1,4.68,1.65,2.0
253,2026-04-05,LH1004,2026-04-05 11:51:00,2026-04-05 11:47:00,-4.0,2026-04-05 12:07:00,2026-04-05 12:12:00,A43 ,23.0,13.46,1.71,4.45,1.87,5.0
253,2026-04-05,SN1122,2026-04-05 08:39:00,2026-04-05 09:08:00,29.0,2026-04-05 09:20:00,2026-04-05 09:21:00,B40 A,13.0,13.05,1.0,5.4,2.3,1.0
253,2026-04-05,SN1124,2026-04-05 07:10:00,2026-04-05 07:19:00,9.0,2026-04-05 07:32:00,2026-04-05 07:48:00,B30 A,138.0,13.29,10.38,4.39,2.03,16.0
253,2026-04-05,SN206,2026-04-05 06:25:00,2026-04-05 06:48:00,23.0,2026-04-05 07:07:00,2026-04-05 07:30:00,B38 A,154.0,12.34,12.48,4.64,2.52,23.0
253,2026-04-05,SN229,2026-04-05 12:06:00,2026-04-05 12:12:00,6.0,2026-04-05 12:39:00,2026-04-05 13:03:00,B28 A,20.0,11.59,1.73,4.94,1.62,24.0
253,2026-04-05,SN278,2026-04-05 08:43:00,2026-04-05 08:27:00,-16.0,2026-04-05 08:40:00,2026-04-05 09:10:00,B37 A,123.0,13.09,9.4,5.89,2.07,30.0
253,2026-04-05,SN2900,2026-04-05 08:46:00,2026-04-05 08:33:00,-13.0,2026-04-05 08:58:00,2026-04-05 09:02:00,B14 A,79.0,9.18,8.6,4.53,1.47,4.0
253,2026-04-05,SN3326,2026-04-05 11:24:00,2026-04-05 11:41:00,17.0,2026-04-05 12:06:00,2026-04-05 12:12:00,B14 A,111.0,12.9,8.61,4.91,1.36,6.0
253,2026-04-05,SN358,2026-04-05 12:21:00,2026-04-05 12:23:00,2.0,2026-04-05 12:43:00,2026-04-05 13:14:00,B28 A,176.0,13.77,12.78,4.48,1.79,31.0
253,2026-04-05,SN379,2026-04-05 08:11:00,2026-04-05 08:40:00,29.0,2026-04-05 08:59:00,2026-04-05 09:27:00,B28 A,76.0,12.39,6.13,6.47,1.24,28.0
253,2026-04-05,SN3800,2026-04-05 06:15:00,2026-04-05 06:16:00,1.0,2026-04-05 06:28:00,2026-04-05 06:30:00,A65 ,27.0,14.08,1.92,5.96,1.4,2.0
253,2026-04-05,TB1552,2026-04-05 08:29:00,2026-04-05 08:25:00,-4.0,2026-04-05 08:46:00,2026-04-05 08:54:00,A61 ,166.0,13.65,12.16,4.79,1.74,8.0
253,2026-04-05,TB2632,2026-04-05 09:29:00,2026-04-05 09:09:00,-20.0,2026-04-05 09:35:00,2026-04-05 09:44:00,B9  A,114.0,16.31,6.99,5.28,1.58,9.0
253,2026-04-05,TB2662,2026-04-05 09:15:00,2026-04-05 09:04:00,-11.0,2026-04-05 09:22:00,2026-04-05 09:30:00,B34 A,90.0,11.9,7.56,5.77,1.79,8.0
253,2026-04-05,TG934,2026-04-05 09:21:00,2026-04-05 09:16:00,-5.0,2026-04-05 09:38:00,2026-04-05 09:58:00,B38 A,249.0,14.76,16.87,4.34,2.69,20.0
253,2026-04-05,UA950,2026-04-05 12:20:00,2026-04-05 11:58:00,-22.0,2026-04-05 12:14:00,2026-04-05 12:42:00,B37 A,127.0,14.38,8.83,5.15,2.36,28.0
253,2026-04-05,UA994,2026-04-05 10:51:00,2026-04-05 10:01:00,-50.0,2026-04-05 10:18:00,2026-04-05 10:42:00,B38 A,177.0,16.17,10.94,4.5,2.59,24.0
253,2026-04-05,XR5402,2026-04-05 07:46:00,2026-04-05 08:56:00,70.0,2026-04-05 09:23:00,2026-04-05 09:26:00,B5  A,88.0,14.49,6.07,4.3,1.94,3.0
254,2026-04-05,AC832,2026-04-05 08:17:00,2026-04-05 07:46:00,-31.0,2026-04-05 08:02:00,2026-04-05 08:29:00,B30 A,122.0,9.52,12.81,3.98,2.24,27.0
254,2026-04-05,ET750,2026-04-05 11:13:00,2026-04-05 11:34:00,21.0,2026-04-05 12:17:00,2026-04-05 13:03:00,B17 A,464.0,12.02,38.6,4.99,1.69,46.0
254,2026-04-05,FH8116,2026-04-05 06:35:00,2026-04-05 06:00:00,-35.0,2026-04-05 06:07:00,2026-04-05 06:09:00,B15 A,22.0,15.61,1.41,5.15,1.5,2.0
254,2026-04-05,LH1004,2026-04-05 11:51:00,2026-04-05 11:47:00,-4.0,2026-04-05 12:07:00,2026-04-05 12:12:00,A43 ,23.0,14.09,1.63,4.7,1.77,5.0
254,2026-04-05,SN1122,2026-04-05 08:39:00,2026-04-05 09:08:00,29.0,2026-04-05 09:20:00,2026-04-05 09:21:00,B40 A,13.0,12.06,1.08,5.28,2.35,1.0
254,2026-04-05,SN1124,2026-04-05 07:10:00,2026-04-05 07:19:00,9.0,2026-04-05 07:32:00,2026-04-05 07:48:00,B30 A,138.0,13.32,10.36,6.33,1.41,16.0
254,2026-04-05,SN206,2026-04-05 06:25:00,2026-04-05 06:48:00,23.0,2026-04-05 07:07:00,2026-04-05 07:30:00,B38 A,154.0,12.55,12.27,5.1,2.29,23.0
254,2026-04-05,SN229,2026-04-05 08:06:00,2026-04-05 09:20:00,74.0,2026-04-05 09:41:00,2026-04-05 10:22:00,B14 A,144.0,8.12,17.73,3.98,1.67,41.0
254,2026-04-05,SN278,2026-04-05 12:46:00,2026-04-05 12:41:00,-5.0,2026-04-05 13:04:00,2026-04-05 13:33:00,B31 A,62.0,14.22,4.36,4.25,2.53,29.0
254,2026-04-05,SN2900,2026-04-05 10:44:00,2026-04-05 11:04:00,20.0,2026-04-05 11:13:00,2026-04-05 11:34:00,B32 A,49.0,12.12,4.04,6.41,1.51,21.0
254,2026-04-05,SN3326,2026-04-05 11:24:00,2026-04-05 11:41:00,17.0,2026-04-05 12:06:00,2026-04-05 12:12:00,B14 A,111.0,12.81,8.66,5.49,1.21,6.0
254,2026-04-05,SN358,2026-04-05 08:21:00,2026-04-05 08:24:00,3.0,2026-04-05 08:42:00,2026-04-05 09:09:00,B14 A,112.0,11.4,9.83,5.68,1.17,27.0
254,2026-04-05,SN379,2026-04-05 10:10:00,2026-04-05 11:03:00,53.0,2026-04-05 11:42:00,2026-04-05 12:19:00,B29 A,161.0,11.64,13.83,4.77,2.06,37.0
254,2026-04-05,SN3800,2026-04-05 06:15:00,2026-04-05 06:16:00,1.0,2026-04-05 06:28:00,2026-04-05 06:30:00,A65 ,27.0,13.26,2.04,4.75,1.75,2.0
254,2026-04-05,TB1552,2026-04-05 07:47:00,2026-04-05 07:43:00,-4.0,2026-04-05 07:55:00,2026-04-05 07:59:00,A68 ,66.0,15.73,4.2,4.66,1.79,4.0
254,2026-04-05,TB2632,2026-04-05 09:29:00,2026-04-05 09:09:00,-20.0,2026-04-05 09:35:00,2026-04-05 09:44:00,B9  A,114.0,13.0,8.77,5.62,1.48,9.0
254,2026-04-05,TB2662,2026-04-05 09:15:00,2026-04-05 09:04:00,-11.0,2026-04-05 09:22:00,2026-04-05 09:30:00,B34 A,90.0,12.24,7.35,6.77,1.53,8.0
254,2026-04-05,TG934,2026-04-05 09:21:00,2026-04-05 09:16:00,-5.0,2026-04-05 09:38:00,2026-04-05 09:58:00,B38 A,249.0,16.93,14.7,4.29,2.72,20.0
254,2026-04-05,UA950,2026-04-05 10:20:00,2026-04-05 09:58:00,-22.0,2026-04-05 10:24:00,2026-04-05 10:51:00,B40 A,188.0,10.72,17.53,5.03,2.47,27.0
254,2026-04-05,UA994,2026-04-05 11:51:00,2026-04-05 11:37:00,-14.0,2026-04-05 11:55:00,2026-04-05 12:25:00,B40 A,157.0,13.97,11.24,4.34,2.86,30.0
254,2026-04-05,XR5402,2026-04-05 07:46:00,2026-04-05 08:56:00,70.0,2026-04-05 09:23:00,2026-04-05 09:26:00,B5  A,88.0,13.63,6.46,4.52,1.84,3.0
255,2026-04-05,AC832,2026-04-05 11:16:00,2026-04-05 10:39:00,-37.0,2026-04-05 10:54:00,2026-04-05 11:24:00,B5  A,101.0,10.91,9.25,5.33,1.56,30.0
255,2026-04-05,ET750,2026-04-05 11:13:00,2026-04-05 11:34:00,21.0,2026-04-05 12:17:00,2026-04-05 13:03:00,B17 A,464.0,12.53,37.02,3.9,2.16,46.0
255,2026-04-05,FH8116,2026-04-05 06:35:00,2026-04-05 06:00:00,-35.0,2026-04-05 06:07:00,2026-04-05 06:09:00,B15 A,22.0,10.94,2.01,3.82,2.02,2.0
255,2026-04-05,LH1004,2026-04-05 08:50:00,2026-04-05 08:53:00,3.0,2026-04-05 09:06:00,2026-04-05 09:12:00,A43 ,29.0,11.32,2.56,4.78,1.74,6.0
255,2026-04-05,SN1122,2026-04-05 08:39:00,2026-04-05 09:08:00,29.0,2026-04-05 09:20:00,2026-04-05 09:21:00,B40 A,13.0,12.25,1.06,5.82,2.13,1.0
255,2026-04-05,SN1124,2026-04-05 07:10:00,2026-04-05 07:19:00,9.0,2026-04-05 07:32:00,2026-04-05 07:48:00,B30 A,138.0,15.14,9.12,5.05,1.76,16.0
255,2026-04-05,SN206,2026-04-05 06:25:00,2026-04-05 06:48:00,23.0,2026-04-05 07:07:00,2026-04-05 07:30:00,B38 A,154.0,14.84,10.37,4.43,2.63,23.0
255,2026-04-05,SN229,2026-04-05 10:04:00,2026-04-05 10:26:00,22.0,2026-04-05 10:41:00,2026-04-05 11:10:00,B31 A,120.0,12.43,9.65,4.21,2.56,29.0
255,2026-04-05,SN278,2026-04-05 08:43:00,2026-04-05 08:27:00,-16.0,2026-04-05 08:40:00,2026-04-05 09:10:00,B37 A,123.0,13.04,9.43,4.71,2.58,30.0
255,2026-04-05,SN2900,2026-04-05 10:44:00,2026-04-05 11:04:00,20.0,2026-04-05 11:13:00,2026-04-05 11:34:00,B32 A,49.0,16.15,3.03,5.38,1.8,21.0
255,2026-04-05,SN3326,2026-04-05 11:24:00,2026-04-05 11:41:00,17.0,2026-04-05 12:06:00,2026-04-05 12:12:00,B14 A,111.0,13.39,8.29,6.46,1.03,6.0
255,2026-04-05,SN358,2026-04-05 08:21:00,2026-04-05 08:24:00,3.0,2026-04-05 08:42:00,2026-04-05 09:09:00,B14 A,112.0,12.71,8.81,3.88,1.72,27.0
255,2026-04-05,SN379,2026-04-05 08:11:00,2026-04-05 08:40:00,29.0,2026-04-05 08:59:00,2026-04-05 09:27:00,B28 A,76.0,15.48,4.91,3.34,2.4,28.0
255,2026-04-05,SN3800,2026-04-05 06:15:00,2026-04-05 06:16:00,1.0,2026-04-05 06:28:00,2026-04-05 06:30:00,A65 ,27.0,13.42,2.01,4.59,1.82,2.0
255,2026-04-05,TB1552,2026-04-05 07:15:00,2026-04-05 07:08:00,-7.0,2026-04-05 07:38:00,2026-04-05 07:45:00,A61 ,152.0,16.56,9.18,6.92,1.2,7.0
255,2026-04-05,TB2632,2026-04-05 09:29:00,2026-04-05 09:09:00,-20.0,2026-04-05 09:35:00,2026-04-05 09:44:00,B9  A,114.0,13.34,8.54,5.59,1.49,9.0
255,2026-04-05,TB2662,2026-04-05 09:15:00,2026-04-05 09:04:00,-11.0,2026-04-05 09:22:00,2026-04-05 09:30:00,B34 A,90.0,15.15,5.94,4.3,2.4,8.0
255,2026-04-05,TG934,2026-04-05 09:21:00,2026-04-05 09:16:00,-5.0,2026-04-05 09:38:00,2026-04-05 09:58:00,B38 A,249.0,14.87,16.75,4.86,2.4,20.0
255,2026-04-05,UA950,2026-04-05 10:20:00,2026-04-05 09:58:00,-22.0,2026-04-05 10:24:00,2026-04-05 10:51:00,B40 A,188.0,14.34,13.11,5.74,2.16,27.0
255,2026-04-05,UA994,2026-04-05 10:51:00,2026-04-05 10:01:00,-50.0,2026-04-05 10:18:00,2026-04-05 10:42:00,B38 A,177.0,12.28,14.41,6.76,1.73,24.0
255,2026-04-05,XR5402,2026-04-05 07:46:00,2026-04-05 08:56:00,70.0,2026-04-05 09:23:00,2026-04-05 09:26:00,B5  A,88.0,13.06,6.74,4.71,1.77,3.0
256,2026-04-05,AC832,2026-04-05 09:18:00,2026-04-05 08:45:00,-33.0,2026-04-05 09:06:00,2026-04-05 09:59:00,B28 A,110.0,14.43,7.62,7.84,1.02,53.0
256,2026-04-05,ET750,2026-04-05 11:13:00,2026-04-05 11:34:00,21.0,2026-04-05 12:17:00,2026-04-05 13:03:00,B17 A,464.0,14.92,31.11,3.85,2.18,46.0
256,2026-04-05,FH8116,2026-04-05 12:44:00,2026-04-05 12:48:00,4.0,2026-04-05 13:06:00,2026-04-05 13:13:00,B38 A,140.0,12.11,11.56,4.42,2.64,7.0
256,2026-04-05,LH1004,2026-04-05 08:50:00,2026-04-05 08:53:00,3.0,2026-04-05 09:06:00,2026-04-05 09:12:00,A43 ,29.0,15.28,1.9,5.11,1.63,6.0
256,2026-04-05,SN1122,2026-04-05 08:39:00,2026-04-05 09:08:00,29.0,2026-04-05 09:20:00,2026-04-05 09:21:00,B40 A,13.0,13.03,1.0,4.52,2.75,1.0
256,2026-04-05,SN1124,2026-04-05 07:10:00,2026-04-05 07:19:00,9.0,2026-04-05 07:32:00,2026-04-05 07:48:00,B30 A,138.0,16.18,8.53,5.94,1.5,16.0
256,2026-04-05,SN206,2026-04-05 06:25:00,2026-04-05 06:48:00,23.0,2026-04-05 07:07:00,2026-04-05 07:30:00,B38 A,154.0,11.52,13.37,4.93,2.37,23.0
256,2026-04-05,SN229,2026-04-05 08:06:00,2026-04-05 09:20:00,74.0,2026-04-05 09:41:00,2026-04-05 10:22:00,B14 A,144.0,12.7,11.34,4.76,1.4,41.0
256,2026-04-05,SN278,2026-04-05 12:46:00,2026-04-05 12:41:00,-5.0,2026-04-05 13:04:00,2026-04-05 13:33:00,B31 A,62.0,14.33,4.33,5.21,2.06,29.0
256,2026-04-05,SN2900,2026-04-05 10:44:00,2026-04-05 11:04:00,20.0,2026-04-05 11:13:00,2026-04-05 11:34:00,B32 A,49.0,11.37,4.31,4.55,2.13,21.0
256,2026-04-05,SN3326,2026-04-05 11:24:00,2026-04-05 11:41:00,17.0,2026-04-05 12:06:00,2026-04-05 12:12:00,B14 A,111.0,13.58,8.17,5.0,1.33,6.0
256,2026-04-05,SN358,2026-04-05 12:21:00,2026-04-05 12:23:00,2.0,2026-04-05 12:43:00,2026-04-05 13:14:00,B28 A,176.0,12.54,14.04,6.03,1.33,31.0
256,2026-04-05,SN379,2026-04-05 08:11:00,2026-04-05 08:40:00,29.0,2026-04-05 08:59:00,2026-04-05 09:27:00,B28 A,76.0,11.52,6.6,5.82,1.37,28.0
256,2026-04-05,SN3800,2026-04-05 06:15:00,2026-04-05 06:16:00,1.0,2026-04-05 06:28:00,2026-04-05 06:30:00,A65 ,27.0,15.16,1.78,5.39,1.55,2.0
256,2026-04-05,TB1552,2026-04-05 10:15:00,2026-04-05 10:31:00,16.0,2026-04-05 10:50:00,2026-04-05 10:59:00,A69 ,164.0,12.92,12.69,6.09,1.37,9.0
256,2026-04-05,TB2632,2026-04-05 09:29:00,2026-04-05 09:09:00,-20.0,2026-04-05 09:35:00,2026-04-05 09:44:00,B9  A,114.0,12.17,9.37,4.59,1.82,9.0
256,2026-04-05,TB2662,2026-04-05 09:15:00,2026-04-05 09:04:00,-11.0,2026-04-05 09:22:00,2026-04-05 09:30:00,B34 A,90.0,13.17,6.84,5.26,1.97,8.0
256,2026-04-05,TG934,2026-04-05 12:22:00,2026-04-05 12:26:00,4.0,2026-04-05 12:46:00,2026-04-05 13:15:00,B34 A,260.0,15.29,17.01,4.2,2.46,29.0
256,2026-04-05,UA950,2026-04-05 12:20:00,2026-04-05 11:58:00,-22.0,2026-04-05 12:14:00,2026-04-05 12:42:00,B37 A,127.0,10.52,12.07,6.16,1.97,28.0
256,2026-04-05,UA994,2026-04-05 11:51:00,2026-04-05 11:37:00,-14.0,2026-04-05 11:55:00,2026-04-05 12:25:00,B40 A,157.0,11.74,13.38,5.72,2.17,30.0
256,2026-04-05,XR5402,2026-04-05 07:46:00,2026-04-05 08:56:00,70.0,2026-04-05 09:23:00,2026-04-05 09:26:00,B5  A,88.0,10.75,8.19,4.59,1.81,3.0
257,2026-04-05,AC832,2026-04-05 11:16:00,2026-04-05 10:39:00,-37.0,2026-04-05 10:54:00,2026-04-05 11:24:00,B5  A,101.0,13.72,7.36,4.39,1.9,30.0
257,2026-04-05,ET750,2026-04-05 11:13:00,2026-04-05 11:34:00,21.0,2026-04-05 12:17:00,2026-04-05 13:03:00,B17 A,464.0,13.33,34.81,5.73,1.47,46.0
257,2026-04-05,FH8116,2026-04-05 06:35:00,2026-04-05 06:00:00,-35.0,2026-04-05 06:07:00,2026-04-05 06:09:00,B15 A,22.0,12.33,1.78,5.4,1.43,2.0
257,2026-04-05,LH1004,2026-04-05 08:50:00,2026-04-05 08:53:00,3.0,2026-04-05 09:06:00,2026-04-05 09:12:00,A43 ,29.0,11.6,2.5,5.24,1.59,6.0
257,2026-04-05,SN1122,2026-04-05 08:39:00,2026-04-05 09:08:00,29.0,2026-04-05 09:20:00,2026-04-05 09:21:00,B40 A,13.0,13.39,0.97,4.2,2.96,1.0
257,2026-04-05,SN1124,2026-04-05 07:10:00,2026-04-05 07:19:00,9.0,2026-04-05 07:32:00,2026-04-05 07:48:00,B30 A,138.0,13.42,10.28,5.24,1.7,16.0
257,2026-04-05,SN206,2026-04-05 06:25:00,2026-04-05 06:48:00,23.0,2026-04-05 07:07:00,2026-04-05 07:30:00,B38 A,154.0,10.26,15.02,6.27,1.86,23.0
257,2026-04-05,SN229,2026-04-05 08:06:00,2026-04-05 09:20:00,74.0,2026-04-05 09:41:00,2026-04-05 10:22:00,B14 A,144.0,8.75,16.46,3.95,1.69,41.0
257,2026-04-05,SN278,2026-04-05 12:46:00,2026-04-05 12:41:00,-5.0,2026-04-05 13:04:00,2026-04-05 13:33:00,B31 A,62.0,14.21,4.36,4.81,2.23,29.0
257,2026-04-05,SN2900,2026-04-05 08:46:00,2026-04-05 08:33:00,-13.0,2026-04-05 08:58:00,2026-04-05 09:02:00,B14 A,79.0,12.74,6.2,5.54,1.2,4.0
257,2026-04-05,SN3326,2026-04-05 11:24:00,2026-04-05 11:41:00,17.0,2026-04-05 12:06:00,2026-04-05 12:12:00,B14 A,111.0,12.07,9.2,7.56,0.88,6.0
257,2026-04-05,SN358,2026-04-05 08:21:00,2026-04-05 08:24:00,3.0,2026-04-05 08:42:00,2026-04-05 09:09:00,B14 A,112.0,8.51,13.16,4.88,1.37,27.0
257,2026-04-05,SN379,2026-04-05 08:11:00,2026-04-05 08:40:00,29.0,2026-04-05 08:59:00,2026-04-05 09:27:00,B28 A,76.0,12.74,5.96,4.55,1.76,28.0
257,2026-04-05,SN3800,2026-04-05 06:15:00,2026-04-05 06:16:00,1.0,2026-04-05 06:28:00,2026-04-05 06:30:00,A65 ,27.0,13.23,2.04,3.84,2.17,2.0
257,2026-04-05,TB1552,2026-04-05 07:47:00,2026-04-05 07:43:00,-4.0,2026-04-05 07:55:00,2026-04-05 07:59:00,A68 ,66.0,15.18,4.35,4.8,1.74,4.0
257,2026-04-05,TB2632,2026-04-05 09:29:00,2026-04-05 09:09:00,-20.0,2026-04-05 09:35:00,2026-04-05 09:44:00,B9  A,114.0,11.59,9.83,4.48,1.86,9.0
257,2026-04-05,TB2662,2026-04-05 09:15:00,2026-04-05 09:04:00,-11.0,2026-04-05 09:22:00,2026-04-05 09:30:00,B34 A,90.0,14.23,6.32,5.11,2.02,8.0
257,2026-04-05,TG934,2026-04-05 12:22:00,2026-04-05 12:26:00,4.0,2026-04-05 12:46:00,2026-04-05 13:15:00,B34 A,260.0,15.29,17.01,5.59,1.85,29.0
257,2026-04-05,UA950,2026-04-05 12:20:00,2026-04-05 11:58:00,-22.0,2026-04-05 12:14:00,2026-04-05 12:42:00,B37 A,127.0,10.26,12.37,4.51,2.69,28.0
257,2026-04-05,UA994,2026-04-05 08:51:00,2026-04-05 08:32:00,-19.0,2026-04-05 08:52:00,2026-04-05 09:25:00,B40 A,171.0,13.42,12.74,6.17,2.01,33.0
257,2026-04-05,XR5402,2026-04-05 07:46:00,2026-04-05 08:56:00,70.0,2026-04-05 09:23:00,2026-04-05 09:26:00,B5  A,88.0,10.37,8.49,4.96,1.68,3.0
258,2026-04-05,AC832,2026-04-05 11:16:00,2026-04-05 10:39:00,-37.0,2026-04-05 10:54:00,2026-04-05 11:24:00,B5  A,101.0,16.93,5.97,4.11,2.03,30.0
258,2026-04-05,ET750,2026-04-05 11:13:00,2026-04-05 11:34:00,21.0,2026-04-05 12:17:00,2026-04-05 13:03:00,B17 A,464.0,13.45,34.5,4.13,2.04,46.0
258,2026-04-05,FH8116,2026-04-05 12:44:00,2026-04-05 12:48:00,4.0,2026-04-05 13:06:00,2026-04-05 13:13:00,B38 A,140.0,9.42,14.86,5.99,1.95,7.0
258,2026-04-05,LH1004,2026-04-05 11:51:00,2026-04-05 11:47:00,-4.0,2026-04-05 12:07:00,2026-04-05 12:12:00,A43 ,23.0,10.96,2.1,4.94,1.69,5.0
258,2026-04-05,SN1122,2026-04-05 08:39:00,2026-04-05 09:08:00,29.0,2026-04-05 09:20:00,2026-04-05 09:21:00,B40 A,13.0,11.4,1.14,4.04,3.08,1.0
258,2026-04-05,SN1124,2026-04-05 07:10:00,2026-04-05 07:19:00,9.0,2026-04-05 07:32:00,2026-04-05 07:48:00,B30 A,138.0,13.82,9.99,4.16,2.15,16.0
258,2026-04-05,SN206,2026-04-05 06:25:00,2026-04-05 06:48:00,23.0,2026-04-05 07:07:00,2026-04-05 07:30:00,B38 A,154.0,12.79,12.04,5.0,2.34,23.0
258,2026-04-05,SN229,2026-04-05 08:06:00,2026-04-05 09:20:00,74.0,2026-04-05 09:41:00,2026-04-05 10:22:00,B14 A,144.0,11.91,12.09,5.92,1.13,41.0
258,2026-04-05,SN278,2026-04-05 12:46:00,2026-04-05 12:41:00,-5.0,2026-04-05 13:04:00,2026-04-05 13:33:00,B31 A,62.0,10.07,6.16,4.35,2.47,29.0
258,2026-04-05,SN2900,2026-04-05 08:46:00,2026-04-05 08:33:00,-13.0,2026-04-05 08:58:00,2026-04-05 09:02:00,B14 A,79.0,13.04,6.06,5.29,1.26,4.0
258,2026-04-05,SN3326,2026-04-05 11:24:00,2026-04-05 11:41:00,17.0,2026-04-05 12:06:00,2026-04-05 12:12:00,B14 A,111.0,11.46,9.68,4.22,1.58,6.0
258,2026-04-05,SN358,2026-04-05 10:21:00,2026-04-05 11:13:00,52.0,2026-04-05 11:43:00,2026-04-05 12:03:00,B38 A,126.0,13.01,9.69,4.11,2.84,20.0
258,2026-04-05,SN379,2026-04-05 10:10:00,2026-04-05 11:03:00,53.0,2026-04-05 11:42:00,2026-04-05 12:19:00,B29 A,161.0,15.33,10.5,6.95,1.41,37.0
258,2026-04-05,SN3800,2026-04-05 06:15:00,2026-04-05 06:16:00,1.0,2026-04-05 06:28:00,2026-04-05 06:30:00,A65 ,27.0,11.91,2.27,5.16,1.61,2.0
258,2026-04-05,TB1552,2026-04-05 07:15:00,2026-04-05 07:08:00,-7.0,2026-04-05 07:38:00,2026-04-05 07:45:00,A61 ,152.0,13.48,11.27,4.76,1.75,7.0
258,2026-04-05,TB2632,2026-04-05 09:29:00,2026-04-05 09:09:00,-20.0,2026-04-05 09:35:00,2026-04-05 09:44:00,B9  A,114.0,8.2,13.9,5.72,1.46,9.0
258,2026-04-05,TB2662,2026-04-05 09:15:00,2026-04-05 09:04:00,-11.0,2026-04-05 09:22:00,2026-04-05 09:30:00,B34 A,90.0,12.1,7.43,4.45,2.32,8.0
258,2026-04-05,TG934,2026-04-05 09:21:00,2026-04-05 09:16:00,-5.0,2026-04-05 09:38:00,2026-04-05 09:58:00,B38 A,249.0,12.99,19.17,5.59,2.09,20.0
258,2026-04-05,UA950,2026-04-05 11:22:00,2026-04-05 11:02:00,-20.0,2026-04-05 11:22:00,2026-04-05 11:45:00,B28 A,170.0,14.9,11.41,5.11,1.57,23.0
258,2026-04-05,UA994,2026-04-05 09:51:00,2026-04-05 11:28:00,97.0,2026-04-05 11:44:00,2026-04-05 12:09:00,B40 A,135.0,15.41,8.76,4.83,2.57,25.0
258,2026-04-05,XR5402,2026-04-05 07:46:00,2026-04-05 08:56:00,70.0,2026-04-05 09:23:00,2026-04-05 09:26:00,B5  A,88.0,13.98,6.3,4.47,1.86,3.0
259,2026-04-05,AC832,2026-04-05 08:17:00,2026-04-05 07:46:00,-31.0,2026-04-05 08:02:00,2026-04-05 08:29:00,B30 A,122.0,10.45,11.68,6.13,1.45,27.0
259,2026-04-05,ET750,2026-04-05 11:13:00,2026-04-05 11:34:00,21.0,2026-04-05 12:17:00,2026-04-05 13:03:00,B17 A,464.0,13.75,33.74,6.05,1.39,46.0
259,2026-04-05,FH8116,2026-04-05 12:44:00,2026-04-05 12:48:00,4.0,2026-04-05 13:06:00,2026-04-05 13:13:00,B38 A,140.0,14.58,9.6,4.39,2.66,7.0
259,2026-04-05,LH1004,2026-04-05 08:50:00,2026-04-05 08:53:00,3.0,2026-04-05 09:06:00,2026-04-05 09:12:00,A43 ,29.0,12.32,2.35,4.12,2.02,6.0
259,2026-04-05,SN1122,2026-04-05 08:39:00,2026-04-05 09:08:00,29.0,2026-04-05 09:20:00,2026-04-05 09:21:00,B40 A,13.0,14.1,0.92,5.2,2.39,1.0
259,2026-04-05,SN1124,2026-04-05 07:10:00,2026-04-05 07:19:00,9.0,2026-04-05 07:32:00,2026-04-05 07:48:00,B30 A,138.0,12.84,10.75,4.93,1.81,16.0
259,2026-04-05,SN206,2026-04-05 06:25:00,2026-04-05 06:48:00,23.0,2026-04-05 07:07:00,2026-04-05 07:30:00,B38 A,154.0,12.05,12.78,4.68,2.49,23.0
259,2026-04-05,SN229,2026-04-05 08:06:00,2026-04-05 09:20:00,74.0,2026-04-05 09:41:00,2026-04-05 10:22:00,B14 A,144.0,14.58,9.88,5.68,1.17,41.0
259,2026-04-05,SN278,2026-04-05 08:43:00,2026-04-05 08:27:00,-16.0,2026-04-05 08:40:00,2026-04-05 09:10:00,B37 A,123.0,12.01,10.24,5.06,2.4,30.0
259,2026-04-05,SN2900,2026-04-05 07:39:00,2026-04-05 07:25:00,-14.0,2026-04-05 07:38:00,2026-04-05 07:53:00,B38 A,55.0,13.32,4.13,5.78,2.02,15.0
259,2026-04-05,SN3326,2026-04-05 11:24:00,2026-04-05 11:41:00,17.0,2026-04-05 12:06:00,2026-04-05 12:12:00,B14 A,111.0,13.27,8.37,5.17,1.29,6.0
259,2026-04-05,SN358,2026-04-05 08:21:00,2026-04-05 08:24:00,3.0,2026-04-05 08:42:00,2026-04-05 09:09:00,B14 A,112.0,11.95,9.37,4.08,1.64,27.0
259,2026-04-05,SN379,2026-04-05 10:10:00,2026-04-05 11:03:00,53.0,2026-04-05 11:42:00,2026-04-05 12:19:00,B29 A,161.0,10.93,14.73,4.96,1.98,37.0
259,2026-04-05,SN3800,2026-04-05 06:15:00,2026-04-05 06:16:00,1.0,2026-04-05 06:28:00,2026-04-05 06:30:00,A65 ,27.0,13.04,2.07,4.85,1.72,2.0
259,2026-04-05,TB1552,2026-04-05 07:15:00,2026-04-05 07:08:00,-7.0,2026-04-05 07:38:00,2026-04-05 07:45:00,A61 ,152.0,9.23,16.46,4.83,1.72,7.0
259,2026-04-05,TB2632,2026-04-05 09:29:00,2026-04-05 09:09:00,-20.0,2026-04-05 09:35:00,2026-04-05 09:44:00,B9  A,114.0,11.28,10.11,3.68,2.26,9.0
259,2026-04-05,TB2662,2026-04-05 09:15:00,2026-04-05 09:04:00,-11.0,2026-04-05 09:22:00,2026-04-05 09:30:00,B34 A,90.0,10.27,8.76,5.0,2.07,8.0
259,2026-04-05,TG934,2026-04-05 12:22:00,2026-04-05 12:26:00,4.0,2026-04-05 12:46:00,2026-04-05 13:15:00,B34 A,260.0,15.82,16.43,7.65,1.35,29.0
259,2026-04-05,UA950,2026-04-05 12:20:00,2026-04-05 11:58:00,-22.0,2026-04-05 12:14:00,2026-04-05 12:42:00,B37 A,127.0,12.43,10.21,6.15,1.98,28.0
259,2026-04-05,UA994,2026-04-05 11:51:00,2026-04-05 11:37:00,-14.0,2026-04-05 11:55:00,2026-04-05 12:25:00,B40 A,157.0,10.52,14.92,8.37,1.48,30.0
259,2026-04-05,XR5402,2026-04-05 07:46:00,2026-04-05 08:56:00,70.0,2026-04-05 09:23:00,2026-04-05 09:26:00,B5  A,88.0,12.43,7.08,5.79,1.44,3.0
260,2026-04-05,AC832,2026-04-05 11:16:00,2026-04-05 10:39:00,-37.0,2026-04-05 10:54:00,2026-04-05 11:24:00,B5  A,101.0,12.48,8.09,5.57,1.49,30.0
260,2026-04-05,ET750,2026-04-05 11:13:00,2026-04-05 11:34:00,21.0,2026-04-05 12:17:00,2026-04-05 13:03:00,B17 A,464.0,13.4,34.62,4.5,1.87,46.0
260,2026-04-05,FH8116,2026-04-05 06:35:00,2026-04-05 06:00:00,-35.0,2026-04-05 06:07:00,2026-04-05 06:09:00,B15 A,22.0,14.46,1.52,4.43,1.74,2.0
260,2026-04-05,LH1004,2026-04-05 08:50:00,2026-04-05 08:53:00,3.0,2026-04-05 09:06:00,2026-04-05 09:12:00,A43 ,29.0,10.95,2.65,4.71,1.77,6.0
260,2026-04-05,SN1122,2026-04-05 08:39:00,2026-04-05 09:08:00,29.0,2026-04-05 09:20:00,2026-04-05 09:21:00,B40 A,13.0,12.75,1.02,3.97,3.13,1.0
260,2026-04-05,SN1124,2026-04-05 07:10:00,2026-04-05 07:19:00,9.0,2026-04-05 07:32:00,2026-04-05 07:48:00,B30 A,138.0,13.33,10.35,6.38,1.4,16.0
260,2026-04-05,SN206,2026-04-05 06:25:00,2026-04-05 06:48:00,23.0,2026-04-05 07:07:00,2026-04-05 07:30:00,B38 A,154.0,15.25,10.1,4.7,2.48,23.0
260,2026-04-05,SN229,2026-04-05 10:04:00,2026-04-05 10:26:00,22.0,2026-04-05 10:41:00,2026-04-05 11:10:00,B31 A,120.0,12.79,9.38,4.74,2.27,29.0
260,2026-04-05,SN278,2026-04-05 10:45:00,2026-04-05 10:42:00,-3.0,2026-04-05 11:04:00,2026-04-05 11:16:00,B28 A,198.0,10.8,18.34,4.56,1.76,12.0
260,2026-04-05,SN2900,2026-04-05 10:44:00,2026-04-05 11:04:00,20.0,2026-04-05 11:13:00,2026-04-05 11:34:00,B32 A,49.0,11.2,4.38,5.48,1.77,21.0
260,2026-04-05,SN3326,2026-04-05 11:24:00,2026-04-05 11:41:00,17.0,2026-04-05 12:06:00,2026-04-05 12:12:00,B14 A,111.0,12.21,9.09,6.27,1.06,6.0
260,2026-04-05,SN358,2026-04-05 10:21:00,2026-04-05 11:13:00,52.0,2026-04-05 11:43:00,2026-04-05 12:03:00,B38 A,126.0,16.41,7.68,3.72,3.14,20.0
260,2026-04-05,SN379,2026-04-05 08:11:00,2026-04-05 08:40:00,29.0,2026-04-05 08:59:00,2026-04-05 09:27:00,B28 A,76.0,10.99,6.91,5.32,1.5,28.0
260,2026-04-05,SN3800,2026-04-05 06:15:00,2026-04-05 06:16:00,1.0,2026-04-05 06:28:00,2026-04-05 06:30:00,A65 ,27.0,16.77,1.61,4.32,1.93,2.0
260,2026-04-05,TB1552,2026-04-05 08:29:00,2026-04-05 08:25:00,-4.0,2026-04-05 08:46:00,2026-04-05 08:54:00,A61 ,166.0,13.8,12.03,5.91,1.41,8.0
260,2026-04-05,TB2632,2026-04-05 09:29:00,2026-04-05 09:09:00,-20.0,2026-04-05 09:35:00,2026-04-05 09:44:00,B9  A,114.0,13.93,8.18,5.65,1.48,9.0
260,2026-04-05,TB2662,2026-04-05 09:15:00,2026-04-05 09:04:00,-11.0,2026-04-05 09:22:00,2026-04-05 09:30:00,B34 A,90.0,10.41,8.65,4.54,2.27,8.0
260,2026-04-05,TG934,2026-04-05 09:21:00,2026-04-05 09:16:00,-5.0,2026-04-05 09:38:00,2026-04-05 09:58:00,B38 A,249.0,16.99,14.65,5.08,2.3,20.0
260,2026-04-05,UA950,2026-04-05 09:21:00,2026-04-05 08:45:00,-36.0,2026-04-05 09:03:00,2026-04-05 09:29:00,B5  A,163.0,14.44,11.29,5.16,1.61,26.0
260,2026-04-05,UA994,2026-04-05 09:51:00,2026-04-05 11:28:00,97.0,2026-04-05 11:44:00,2026-04-05 12:09:00,B40 A,135.0,12.81,10.54,4.61,2.7,25.0
260,2026-04-05,XR5402,2026-04-05 07:46:00,2026-04-05 08:56:00,70.0,2026-04-05 09:23:00,2026-04-05 09:26:00,B5  A,88.0,11.69,7.53,4.63,1.8,3.0
261,2026-04-05,AC832,2026-04-05 12:18:00,2026-04-05 11:38:00,-40.0,2026-04-05 11:54:00,2026-04-05 12:17:00,B30 A,100.0,12.17,8.22,4.73,1.89,23.0
261,2026-04-05,ET750,2026-04-05 11:13:00,2026-04-05 11:34:00,21.0,2026-04-05 12:17:00,2026-04-05 13:03:00,B17 A,464.0,11.36,40.85,5.71,1.47,46.0
261,2026-04-05,FH8116,2026-04-05 12:44:00,2026-04-05 12:48:00,4.0,2026-04-05 13:06:00,2026-04-05 13:13:00,B38 A,140.0,15.86,8.83,5.81,2.01,7.0
261,2026-04-05,LH1004,2026-04-05 09:50:00,2026-04-05 09:53:00,3.0,2026-04-05 10:20:00,2026-04-05 10:27:00,A43 ,33.0,12.3,2.68,5.09,1.64,7.0
261,2026-04-05,SN1122,2026-04-05 08:39:00,2026-04-05 09:08:00,29.0,2026-04-05 09:20:00,2026-04-05 09:21:00,B40 A,13.0,15.58,0.83,5.47,2.27,1.0
261,2026-04-05,SN1124,2026-04-05 07:10:00,2026-04-05 07:19:00,9.0,2026-04-05 07:32:00,2026-04-05 07:48:00,B30 A,138.0,13.15,10.5,4.82,1.85,16.0
261,2026-04-05,SN206,2026-04-05 06:25:00,2026-04-05 06:48:00,23.0,2026-04-05 07:07:00,2026-04-05 07:30:00,B38 A,154.0,12.34,12.48,4.31,2.71,23.0
261,2026-04-05,SN229,2026-04-05 12:06:00,2026-04-05 12:12:00,6.0,2026-04-05 12:39:00,2026-04-05 13:03:00,B28 A,20.0,12.19,1.64,6.46,1.24,24.0
261,2026-04-05,SN278,2026-04-05 12:46:00,2026-04-05 12:41:00,-5.0,2026-04-05 13:04:00,2026-04-05 13:33:00,B31 A,62.0,10.46,5.93,5.72,1.88,29.0
261,2026-04-05,SN2900,2026-04-05 10:44:00,2026-04-05 11:04:00,20.0,2026-04-05 11:13:00,2026-04-05 11:34:00,B32 A,49.0,14.86,3.3,7.03,1.38,21.0
261,2026-04-05,SN3326,2026-04-05 11:24:00,2026-04-05 11:41:00,17.0,2026-04-05 12:06:00,2026-04-05 12:12:00,B14 A,111.0,12.98,8.55,5.73,1.16,6.0
261,2026-04-05,SN358,2026-04-05 10:21:00,2026-04-05 11:13:00,52.0,2026-04-05 11:43:00,2026-04-05 12:03:00,B38 A,126.0,11.57,10.89,5.63,2.07,20.0
261,2026-04-05,SN379,2026-04-05 08:11:00,2026-04-05 08:40:00,29.0,2026-04-05 08:59:00,2026-04-05 09:27:00,B28 A,76.0,13.9,5.47,5.31,1.51,28.0
261,2026-04-05,SN3800,2026-04-05 06:15:00,2026-04-05 06:16:00,1.0,2026-04-05 06:28:00,2026-04-05 06:30:00,A65 ,27.0,12.39,2.18,5.42,1.54,2.0
261,2026-04-05,TB1552,2026-04-05 07:47:00,2026-04-05 07:43:00,-4.0,2026-04-05 07:55:00,2026-04-05 07:59:00,A68 ,66.0,12.13,5.44,4.98,1.67,4.0
261,2026-04-05,TB2632,2026-04-05 09:29:00,2026-04-05 09:09:00,-20.0,2026-04-05 09:35:00,2026-04-05 09:44:00,B9  A,114.0,12.38,9.21,4.79,1.74,9.0
261,2026-04-05,TB2662,2026-04-05 09:15:00,2026-04-05 09:04:00,-11.0,2026-04-05 09:22:00,2026-04-05 09:30:00,B34 A,90.0,16.25,5.54,5.58,1.85,8.0
261,2026-04-05,TG934,2026-04-05 12:22:00,2026-04-05 12:26:00,4.0,2026-04-05 12:46:00,2026-04-05 13:15:00,B34 A,260.0,15.65,16.61,6.43,1.61,29.0
261,2026-04-05,UA950,2026-04-05 10:20:00,2026-04-05 09:58:00,-22.0,2026-04-05 10:24:00,2026-04-05 10:51:00,B40 A,188.0,14.14,13.3,6.17,2.01,27.0
261,2026-04-05,UA994,2026-04-05 09:51:00,2026-04-05 11:28:00,97.0,2026-04-05 11:44:00,2026-04-05 12:09:00,B40 A,135.0,10.48,12.88,7.82,1.59,25.0
261,2026-04-05,XR5402,2026-04-05 07:46:00,2026-04-05 08:56:00,70.0,2026-04-05 09:23:00,2026-04-05 09:26:00,B5  A,88.0,8.65,10.18,4.66,1.79,3.0
262,2026-04-05,AC832,2026-04-05 12:18:00,2026-04-05 11:38:00,-40.0,2026-04-05 11:54:00,2026-04-05 12:17:00,B30 A,100.0,15.24,6.56,6.17,1.44,23.0
262,2026-04-05,ET750,2026-04-05 11:13:00,2026-04-05 11:34:00,21.0,2026-04-05 12:17:00,2026-04-05 13:03:00,B17 A,464.0,12.23,37.95,5.52,1.52,46.0
262,2026-04-05,FH8116,2026-04-05 12:44:00,2026-04-05 12:48:00,4.0,2026-04-05 13:06:00,2026-04-05 13:13:00,B38 A,140.0,10.56,13.25,3.77,3.09,7.0
262,2026-04-05,LH1004,2026-04-05 11:51:00,2026-04-05 11:47:00,-4.0,2026-04-05 12:07:00,2026-04-05 12:12:00,A43 ,23.0,14.92,1.54,4.74,1.76,5.0
262,2026-04-05,SN1122,2026-04-05 08:39:00,2026-04-05 09:08:00,29.0,2026-04-05 09:20:00,2026-04-05 09:21:00,B40 A,13.0,10.52,1.24,4.77,2.6,1.0
262,2026-04-05,SN1124,2026-04-05 07:10:00,2026-04-05 07:19:00,9.0,2026-04-05 07:32:00,2026-04-05 07:48:00,B30 A,138.0,12.37,11.16,5.36,1.66,16.0
262,2026-04-05,SN206,2026-04-05 06:25:00,2026-04-05 06:48:00,23.0,2026-04-05 07:07:00,2026-04-05 07:30:00,B38 A,154.0,13.7,11.24,5.66,2.06,23.0
262,2026-04-05,SN229,2026-04-05 08:06:00,2026-04-05 09:20:00,74.0,2026-04-05 09:41:00,2026-04-05 10:22:00,B14 A,144.0,10.74,13.4,3.33,2.0,41.0
262,2026-04-05,SN278,2026-04-05 10:45:00,2026-04-05 10:42:00,-3.0,2026-04-05 11:04:00,2026-04-05 11:16:00,B28 A,198.0,11.4,17.37,5.89,1.36,12.0
262,2026-04-05,SN2900,2026-04-05 07:39:00,2026-04-05 07:25:00,-14.0,2026-04-05 07:38:00,2026-04-05 07:53:00,B38 A,55.0,11.21,4.91,6.99,1.67,15.0
262,2026-04-05,SN3326,2026-04-05 11:24:00,2026-04-05 11:41:00,17.0,2026-04-05 12:06:00,2026-04-05 12:12:00,B14 A,111.0,12.13,9.15,4.84,1.38,6.0
262,2026-04-05,SN358,2026-04-05 08:21:00,2026-04-05 08:24:00,3.0,2026-04-05 08:42:00,2026-04-05 09:09:00,B14 A,112.0,8.77,12.77,6.93,0.96,27.0
262,2026-04-05,SN379,2026-04-05 08:11:00,2026-04-05 08:40:00,29.0,2026-04-05 08:59:00,2026-04-05 09:27:00,B28 A,76.0,14.27,5.32,5.16,1.55,28.0
262,2026-04-05,SN3800,2026-04-05 06:15:00,2026-04-05 06:16:00,1.0,2026-04-05 06:28:00,2026-04-05 06:30:00,A65 ,27.0,13.57,1.99,5.32,1.57,2.0
262,2026-04-05,TB1552,2026-04-05 07:47:00,2026-04-05 07:43:00,-4.0,2026-04-05 07:55:00,2026-04-05 07:59:00,A68 ,66.0,10.57,6.24,4.33,1.93,4.0
262,2026-04-05,TB2632,2026-04-05 09:29:00,2026-04-05 09:09:00,-20.0,2026-04-05 09:35:00,2026-04-05 09:44:00,B9  A,114.0,12.05,9.46,4.75,1.75,9.0
262,2026-04-05,TB2662,2026-04-05 09:15:00,2026-04-05 09:04:00,-11.0,2026-04-05 09:22:00,2026-04-05 09:30:00,B34 A,90.0,12.6,7.14,4.93,2.1,8.0
262,2026-04-05,TG934,2026-04-05 09:21:00,2026-04-05 09:16:00,-5.0,2026-04-05 09:38:00,2026-04-05 09:58:00,B38 A,249.0,13.13,18.97,5.24,2.22,20.0
262,2026-04-05,UA950,2026-04-05 12:20:00,2026-04-05 11:58:00,-22.0,2026-04-05 12:14:00,2026-04-05 12:42:00,B37 A,127.0,13.42,9.46,3.87,3.14,28.0
262,2026-04-05,UA994,2026-04-05 11:51:00,2026-04-05 11:37:00,-14.0,2026-04-05 11:55:00,2026-04-05 12:25:00,B40 A,157.0,10.59,14.82,5.9,2.11,30.0
262,2026-04-05,XR5402,2026-04-05 07:46:00,2026-04-05 08:56:00,70.0,2026-04-05 09:23:00,2026-04-05 09:26:00,B5  A,88.0,11.91,7.39,3.76,2.21,3.0
263,2026-04-05,AC832,2026-04-05 10:17:00,2026-04-05 10:43:00,26.0,2026-04-05 11:00:00,2026-04-05 11:34:00,B14 A,172.0,11.91,14.45,4.85,1.37,34.0
263,2026-04-05,ET750,2026-04-05 11:13:00,2026-04-05 11:34:00,21.0,2026-04-05 12:17:00,2026-04-05 13:03:00,B17 A,464.0,12.87,36.05,5.18,1.62,46.0
263,2026-04-05,FH8116,2026-04-05 06:35:00,2026-04-05 06:00:00,-35.0,2026-04-05 06:07:00,2026-04-05 06:09:00,B15 A,22.0,13.15,1.67,5.17,1.5,2.0
263,2026-04-05,LH1004,2026-04-05 12:50:00,2026-04-05 12:50:00,0.0,2026-04-05 13:03:00,2026-04-05 13:30:00,A43 ,40.0,15.65,2.56,4.16,2.0,27.0
263,2026-04-05,SN1122,2026-04-05 08:39:00,2026-04-05 09:08:00,29.0,2026-04-05 09:20:00,2026-04-05 09:21:00,B40 A,13.0,10.65,1.22,4.37,2.84,1.0
263,2026-04-05,SN1124,2026-04-05 07:10:00,2026-04-05 07:19:00,9.0,2026-04-05 07:32:00,2026-04-05 07:48:00,B30 A,138.0,14.23,9.7,4.28,2.08,16.0
263,2026-04-05,SN206,2026-04-05 06:25:00,2026-04-05 06:48:00,23.0,2026-04-05 07:07:00,2026-04-05 07:30:00,B38 A,154.0,10.62,14.51,5.55,2.1,23.0
263,2026-04-05,SN229,2026-04-05 10:04:00,2026-04-05 10:26:00,22.0,2026-04-05 10:41:00,2026-04-05 11:10:00,B31 A,120.0,12.28,9.78,6.4,1.68,29.0
263,2026-04-05,SN278,2026-04-05 08:43:00,2026-04-05 08:27:00,-16.0,2026-04-05 08:40:00,2026-04-05 09:10:00,B37 A,123.0,12.26,10.04,5.21,2.34,30.0
263,2026-04-05,SN2900,2026-04-05 08:46:00,2026-04-05 08:33:00,-13.0,2026-04-05 08:58:00,2026-04-05 09:02:00,B14 A,79.0,16.03,4.93,3.93,1.7,4.0
263,2026-04-05,SN3326,2026-04-05 11:24:00,2026-04-05 11:41:00,17.0,2026-04-05 12:06:00,2026-04-05 12:12:00,B14 A,111.0,16.2,6.85,6.36,1.05,6.0
263,2026-04-05,SN358,2026-04-05 08:21:00,2026-04-05 08:24:00,3.0,2026-04-05 08:42:00,2026-04-05 09:09:00,B14 A,112.0,11.11,10.08,5.69,1.17,27.0
263,2026-04-05,SN379,2026-04-05 10:10:00,2026-04-05 11:03:00,53.0,2026-04-05 11:42:00,2026-04-05 12:19:00,B29 A,161.0,10.78,14.93,5.4,1.82,37.0
263,2026-04-05,SN3800,2026-04-05 06:15:00,2026-04-05 06:16:00,1.0,2026-04-05 06:28:00,2026-04-05 06:30:00,A65 ,27.0,11.62,2.32,5.15,1.62,2.0
263,2026-04-05,TB1552,2026-04-05 07:15:00,2026-04-05 07:08:00,-7.0,2026-04-05 07:38:00,2026-04-05 07:45:00,A61 ,152.0,12.91,11.78,5.14,1.62,7.0
263,2026-04-05,TB2632,2026-04-05 09:29:00,2026-04-05 09:09:00,-20.0,2026-04-05 09:35:00,2026-04-05 09:44:00,B9  A,114.0,10.71,10.64,5.1,1.63,9.0
263,2026-04-05,TB2662,2026-04-05 09:15:00,2026-04-05 09:04:00,-11.0,2026-04-05 09:22:00,2026-04-05 09:30:00,B34 A,90.0,8.4,10.72,5.18,2.0,8.0
263,2026-04-05,TG934,2026-04-05 09:21:00,2026-04-05 09:16:00,-5.0,2026-04-05 09:38:00,2026-04-05 09:58:00,B38 A,249.0,14.51,17.16,5.0,2.33,20.0
263,2026-04-05,UA950,2026-04-05 12:20:00,2026-04-05 11:58:00,-22.0,2026-04-05 12:14:00,2026-04-05 12:42:00,B37 A,127.0,11.99,10.59,5.84,2.08,28.0
263,2026-04-05,UA994,2026-04-05 11:51:00,2026-04-05 11:37:00,-14.0,2026-04-05 11:55:00,2026-04-05 12:25:00,B40 A,157.0,11.44,13.72,5.93,2.09,30.0
263,2026-04-05,XR5402,2026-04-05 07:46:00,2026-04-05 08:56:00,70.0,2026-04-05 09:23:00,2026-04-05 09:26:00,B5  A,88.0,8.74,10.07,4.9,1.7,3.0
264,2026-04-05,AC832,2026-04-05 08:17:00,2026-04-05 07:46:00,-31.0,2026-04-05 08:02:00,2026-04-05 08:29:00,B30 A,122.0,11.51,10.6,4.38,2.03,27.0
264,2026-04-05,ET750,2026-04-05 11:13:00,2026-04-05 11:34:00,21.0,2026-04-05 12:17:00,2026-04-05 13:03:00,B17 A,464.0,14.72,31.51,3.9,2.16,46.0
264,2026-04-05,FH8116,2026-04-05 06:35:00,2026-04-05 06:00:00,-35.0,2026-04-05 06:07:00,2026-04-05 06:09:00,B15 A,22.0,14.47,1.52,5.31,1.46,2.0
264,2026-04-05,LH1004,2026-04-05 11:51:00,2026-04-05 11:47:00,-4.0,2026-04-05 12:07:00,2026-04-05 12:12:00,A43 ,23.0,12.19,1.89,4.42,1.88,5.0
264,2026-04-05,SN1122,2026-04-05 08:39:00,2026-04-05 09:08:00,29.0,2026-04-05 09:20:00,2026-04-05 09:21:00,B40 A,13.0,10.86,1.2,4.82,2.58,1.0
264,2026-04-05,SN1124,2026-04-05 07:10:00,2026-04-05 07:19:00,9.0,2026-04-05 07:32:00,2026-04-05 07:48:00,B30 A,138.0,13.28,10.39,6.53,1.37,16.0
264,2026-04-05,SN206,2026-04-05 06:25:00,2026-04-05 06:48:00,23.0,2026-04-05 07:07:00,2026-04-05 07:30:00,B38 A,154.0,13.11,11.74,4.63,2.52,23.0
264,2026-04-05,SN229,2026-04-05 12:06:00,2026-04-05 12:12:00,6.0,2026-04-05 12:39:00,2026-04-05 13:03:00,B28 A,20.0,10.73,1.86,4.77,1.68,24.0
264,2026-04-05,SN278,2026-04-05 10:45:00,2026-04-05 10:42:00,-3.0,2026-04-05 11:04:00,2026-04-05 11:16:00,B28 A,198.0,11.05,17.91,5.4,1.48,12.0
264,2026-04-05,SN2900,2026-04-05 10:44:00,2026-04-05 11:04:00,20.0,2026-04-05 11:13:00,2026-04-05 11:34:00,B32 A,49.0,10.56,4.64,3.9,2.48,21.0
264,2026-04-05,SN3326,2026-04-05 11:24:00,2026-04-05 11:41:00,17.0,2026-04-05 12:06:00,2026-04-05 12:12:00,B14 A,111.0,15.02,7.39,3.31,2.01,6.0
264,2026-04-05,SN358,2026-04-05 08:21:00,2026-04-05 08:24:00,3.0,2026-04-05 08:42:00,2026-04-05 09:09:00,B14 A,112.0,12.44,9.01,5.12,1.3,27.0
264,2026-04-05,SN379,2026-04-05 08:11:00,2026-04-05 08:40:00,29.0,2026-04-05 08:59:00,2026-04-05 09:27:00,B28 A,76.0,9.52,7.98,5.26,1.52,28.0
264,2026-04-05,SN3800,2026-04-05 06:15:00,2026-04-05 06:16:00,1.0,2026-04-05 06:28:00,2026-04-05 06:30:00,A65 ,27.0,11.61,2.32,5.07,1.64,2.0
264,2026-04-05,TB1552,2026-04-05 07:15:00,2026-04-05 07:08:00,-7.0,2026-04-05 07:38:00,2026-04-05 07:45:00,A61 ,152.0,16.46,9.23,4.38,1.9,7.0
264,2026-04-05,TB2632,2026-04-05 09:29:00,2026-04-05 09:09:00,-20.0,2026-04-05 09:35:00,2026-04-05 09:44:00,B9  A,114.0,10.9,10.45,4.38,1.9,9.0
264,2026-04-05,TB2662,2026-04-05 09:15:00,2026-04-05 09:04:00,-11.0,2026-04-05 09:22:00,2026-04-05 09:30:00,B34 A,90.0,9.61,9.36,5.14,2.01,8.0
264,2026-04-05,TG934,2026-04-05 12:22:00,2026-04-05 12:26:00,4.0,2026-04-05 12:46:00,2026-04-05 13:15:00,B34 A,260.0,14.55,17.87,5.3,1.95,29.0
264,2026-04-05,UA950,2026-04-05 11:22:00,2026-04-05 11:02:00,-20.0,2026-04-05 11:22:00,2026-04-05 11:45:00,B28 A,170.0,14.28,11.9,4.23,1.89,23.0
264,2026-04-05,UA994,2026-04-05 08:51:00,2026-04-05 08:32:00,-19.0,2026-04-05 08:52:00,2026-04-05 09:25:00,B40 A,171.0,15.21,11.24,4.83,2.57,33.0
264,2026-04-05,XR5402,2026-04-05 07:46:00,2026-04-05 08:56:00,70.0,2026-04-05 09:23:00,2026-04-05 09:26:00,B5  A,88.0,12.53,7.03,4.72,1.77,3.0
265,2026-04-05,AC832,2026-04-05 12:18:00,2026-04-05 11:38:00,-40.0,2026-04-05 11:54:00,2026-04-05 12:17:00,B30 A,100.0,13.3,7.52,5.41,1.65,23.0
265,2026-04-05,ET750,2026-04-05 11:13:00,2026-04-05 11:34:00,21.0,2026-04-05 12:17:00,2026-04-05 13:03:00,B17 A,464.0,11.37,40.82,4.82,1.75,46.0
265,2026-04-05,FH8116,2026-04-05 06:35:00,2026-04-05 06:00:00,-35.0,2026-04-05 06:07:00,2026-04-05 06:09:00,B15 A,22.0,11.59,1.9,5.72,1.35,2.0
265,2026-04-05,LH1004,2026-04-05 11:51:00,2026-04-05 11:47:00,-4.0,2026-04-05 12:07:00,2026-04-05 12:12:00,A43 ,23.0,14.78,1.56,5.25,1.59,5.0
265,2026-04-05,SN1122,2026-04-05 08:39:00,2026-04-05 09:08:00,29.0,2026-04-05 09:20:00,2026-04-05 09:21:00,B40 A,13.0,12.17,1.07,3.67,3.39,1.0
265,2026-04-05,SN1124,2026-04-05 07:10:00,2026-04-05 07:19:00,9.0,2026-04-05 07:32:00,2026-04-05 07:48:00,B30 A,138.0,12.68,10.88,4.61,1.93,16.0
265,2026-04-05,SN206,2026-04-05 06:25:00,2026-04-05 06:48:00,23.0,2026-04-05 07:07:00,2026-04-05 07:30:00,B38 A,154.0,10.4,14.8,4.55,2.57,23.0
265,2026-04-05,SN229,2026-04-05 12:06:00,2026-04-05 12:12:00,6.0,2026-04-05 12:39:00,2026-04-05 13:03:00,B28 A,20.0,15.12,1.32,3.68,2.18,24.0
265,2026-04-05,SN278,2026-04-05 10:45:00,2026-04-05 10:42:00,-3.0,2026-04-05 11:04:00,2026-04-05 11:16:00,B28 A,198.0,12.76,15.52,4.7,1.7,12.0
265,2026-04-05,SN2900,2026-04-05 07:39:00,2026-04-05 07:25:00,-14.0,2026-04-05 07:38:00,2026-04-05 07:53:00,B38 A,55.0,13.81,3.98,5.69,2.05,15.0
265,2026-04-05,SN3326,2026-04-05 11:24:00,2026-04-05 11:41:00,17.0,2026-04-05 12:06:00,2026-04-05 12:12:00,B14 A,111.0,13.17,8.43,4.47,1.49,6.0
265,2026-04-05,SN358,2026-04-05 12:21:00,2026-04-05 12:23:00,2.0,2026-04-05 12:43:00,2026-04-05 13:14:00,B28 A,176.0,12.07,14.58,4.87,1.64,31.0
265,2026-04-05,SN379,2026-04-05 08:11:00,2026-04-05 08:40:00,29.0,2026-04-05 08:59:00,2026-04-05 09:27:00,B28 A,76.0,11.89,6.39,5.19,1.54,28.0
265,2026-04-05,SN3800,2026-04-05 06:15:00,2026-04-05 06:16:00,1.0,2026-04-05 06:28:00,2026-04-05 06:30:00,A65 ,27.0,15.89,1.7,5.65,1.47,2.0
265,2026-04-05,TB1552,2026-04-05 07:47:00,2026-04-05 07:43:00,-4.0,2026-04-05 07:55:00,2026-04-05 07:59:00,A68 ,66.0,10.14,6.51,4.16,2.0,4.0
265,2026-04-05,TB2632,2026-04-05 09:29:00,2026-04-05 09:09:00,-20.0,2026-04-05 09:35:00,2026-04-05 09:44:00,B9  A,114.0,12.39,9.2,4.19,1.99,9.0
265,2026-04-05,TB2662,2026-04-05 09:15:00,2026-04-05 09:04:00,-11.0,2026-04-05 09:22:00,2026-04-05 09:30:00,B34 A,90.0,13.21,6.81,5.96,1.73,8.0
265,2026-04-05,TG934,2026-04-05 09:21:00,2026-04-05 09:16:00,-5.0,2026-04-05 09:38:00,2026-04-05 09:58:00,B38 A,249.0,13.15,18.94,4.3,2.71,20.0
265,2026-04-05,UA950,2026-04-05 09:21:00,2026-04-05 08:45:00,-36.0,2026-04-05 09:03:00,2026-04-05 09:29:00,B5  A,163.0,11.13,14.65,4.75,1.75,26.0
265,2026-04-05,UA994,2026-04-05 11:51:00,2026-04-05 11:37:00,-14.0,2026-04-05 11:55:00,2026-04-05 12:25:00,B40 A,157.0,12.87,12.2,5.32,2.33,30.0
265,2026-04-05,XR5402,2026-04-05 07:46:00,2026-04-05 08:56:00,70.0,2026-04-05 09:23:00,2026-04-05 09:26:00,B5  A,88.0,15.28,5.76,6.54,1.27,3.0
266,2026-04-05,AC832,2026-04-05 08:17:00,2026-04-05 07:46:00,-31.0,2026-04-05 08:02:00,2026-04-05 08:29:00,B30 A,122.0,13.44,9.08,4.61,1.93,27.0
266,2026-04-05,ET750,2026-04-05 11:13:00,2026-04-05 11:34:00,21.0,2026-04-05 12:17:00,2026-04-05 13:03:00,B17 A,464.0,12.34,37.6,5.78,1.46,46.0
266,2026-04-05,FH8116,2026-04-05 06:35:00,2026-04-05 06:00:00,-35.0,2026-04-05 06:07:00,2026-04-05 06:09:00,B15 A,22.0,12.48,1.76,3.81,2.03,2.0
266,2026-04-05,LH1004,2026-04-05 09:50:00,2026-04-05 09:53:00,3.0,2026-04-05 10:20:00,2026-04-05 10:27:00,A43 ,33.0,10.42,3.17,5.38,1.55,7.0
266,2026-04-05,SN1122,2026-04-05 08:39:00,2026-04-05 09:08:00,29.0,2026-04-05 09:20:00,2026-04-05 09:21:00,B40 A,13.0,12.56,1.04,5.37,2.31,1.0
266,2026-04-05,SN1124,2026-04-05 07:10:00,2026-04-05 07:19:00,9.0,2026-04-05 07:32:00,2026-04-05 07:48:00,B30 A,138.0,14.34,9.63,5.59,1.6,16.0
266,2026-04-05,SN206,2026-04-05 06:25:00,2026-04-05 06:48:00,23.0,2026-04-05 07:07:00,2026-04-05 07:30:00,B38 A,154.0,13.06,11.79,5.07,2.3,23.0
266,2026-04-05,SN229,2026-04-05 08:06:00,2026-04-05 09:20:00,74.0,2026-04-05 09:41:00,2026-04-05 10:22:00,B14 A,144.0,9.52,15.12,4.69,1.42,41.0
266,2026-04-05,SN278,2026-04-05 10:45:00,2026-04-05 10:42:00,-3.0,2026-04-05 11:04:00,2026-04-05 11:16:00,B28 A,198.0,11.81,16.76,3.84,2.08,12.0
266,2026-04-05,SN2900,2026-04-05 08:46:00,2026-04-05 08:33:00,-13.0,2026-04-05 08:58:00,2026-04-05 09:02:00,B14 A,79.0,10.61,7.45,5.54,1.2,4.0
266,2026-04-05,SN3326,2026-04-05 11:24:00,2026-04-05 11:41:00,17.0,2026-04-05 12:06:00,2026-04-05 12:12:00,B14 A,111.0,10.77,10.31,4.46,1.5,6.0
266,2026-04-05,SN358,2026-04-05 10:21:00,2026-04-05 11:13:00,52.0,2026-04-05 11:43:00,2026-04-05 12:03:00,B38 A,126.0,11.87,10.62,4.73,2.47,20.0
266,2026-04-05,SN379,2026-04-05 08:11:00,2026-04-05 08:40:00,29.0,2026-04-05 08:59:00,2026-04-05 09:27:00,B28 A,76.0,10.2,7.45,4.46,1.79,28.0
266,2026-04-05,SN3800,2026-04-05 06:15:00,2026-04-05 06:16:00,1.0,2026-04-05 06:28:00,2026-04-05 06:30:00,A65 ,27.0,11.77,2.29,4.48,1.86,2.0
266,2026-04-05,TB1552,2026-04-05 08:29:00,2026-04-05 08:25:00,-4.0,2026-04-05 08:46:00,2026-04-05 08:54:00,A61 ,166.0,11.36,14.62,4.87,1.71,8.0
266,2026-04-05,TB2632,2026-04-05 09:29:00,2026-04-05 09:09:00,-20.0,2026-04-05 09:35:00,2026-04-05 09:44:00,B9  A,114.0,14.65,7.78,4.82,1.73,9.0
266,2026-04-05,TB2662,2026-04-05 09:15:00,2026-04-05 09:04:00,-11.0,2026-04-05 09:22:00,2026-04-05 09:30:00,B34 A,90.0,15.28,5.89,3.72,2.78,8.0
266,2026-04-05,TG934,2026-04-05 09:21:00,2026-04-05 09:16:00,-5.0,2026-04-05 09:38:00,2026-04-05 09:58:00,B38 A,249.0,13.73,18.14,5.53,2.11,20.0
266,2026-04-05,UA950,2026-04-05 10:20:00,2026-04-05 09:58:00,-22.0,2026-04-05 10:24:00,2026-04-05 10:51:00,B40 A,188.0,11.87,15.84,4.52,2.75,27.0
266,2026-04-05,UA994,2026-04-05 10:51:00,2026-04-05 10:01:00,-50.0,2026-04-05 10:18:00,2026-04-05 10:42:00,B38 A,177.0,13.14,13.47,5.52,2.11,24.0
266,2026-04-05,XR5402,2026-04-05 07:46:00,2026-04-05 08:56:00,70.0,2026-04-05 09:23:00,2026-04-05 09:26:00,B5  A,88.0,13.06,6.74,4.38,1.9,3.0
267,2026-04-05,AC832,2026-04-05 12:18:00,2026-04-05 11:38:00,-40.0,2026-04-05 11:54:00,2026-04-05 12:17:00,B30 A,100.0,13.32,7.51,3.96,2.25,23.0
267,2026-04-05,ET750,2026-04-05 11:13:00,2026-04-05 11:34:00,21.0,2026-04-05 12:17:00,2026-04-05 13:03:00,B17 A,464.0,11.53,40.25,5.44,1.55,46.0
267,2026-04-05,FH8116,2026-04-05 06:35:00,2026-04-05 06:00:00,-35.0,2026-04-05 06:07:00,2026-04-05 06:09:00,B15 A,22.0,15.62,1.41,5.28,1.47,2.0
267,2026-04-05,LH1004,2026-04-05 12:50:00,2026-04-05 12:50:00,0.0,2026-04-05 13:03:00,2026-04-05 13:30:00,A43 ,40.0,9.12,4.39,4.64,1.8,27.0
267,2026-04-05,SN1122,2026-04-05 08:39:00,2026-04-05 09:08:00,29.0,2026-04-05 09:20:00,2026-04-05 09:21:00,B40 A,13.0,9.46,1.37,5.36,2.32,1.0
267,2026-04-05,SN1124,2026-04-05 07:10:00,2026-04-05 07:19:00,9.0,2026-04-05 07:32:00,2026-04-05 07:48:00,B30 A,138.0,12.27,11.24,5.6,1.59,16.0
267,2026-04-05,SN206,2026-04-05 06:25:00,2026-04-05 06:48:00,23.0,2026-04-05 07:07:00,2026-04-05 07:30:00,B38 A,154.0,15.29,10.07,4.64,2.52,23.0
267,2026-04-05,SN229,2026-04-05 08:06:00,2026-04-05 09:20:00,74.0,2026-04-05 09:41:00,2026-04-05 10:22:00,B14 A,144.0,9.15,15.73,3.91,1.7,41.0
267,2026-04-05,SN278,2026-04-05 10:45:00,2026-04-05 10:42:00,-3.0,2026-04-05 11:04:00,2026-04-05 11:16:00,B28 A,198.0,14.12,14.02,6.1,1.31,12.0
267,2026-04-05,SN2900,2026-04-05 07:39:00,2026-04-05 07:25:00,-14.0,2026-04-05 07:38:00,2026-04-05 07:53:00,B38 A,55.0,13.67,4.02,5.45,2.14,15.0
267,2026-04-05,SN3326,2026-04-05 11:24:00,2026-04-05 11:41:00,17.0,2026-04-05 12:06:00,2026-04-05 12:12:00,B14 A,111.0,10.99,10.1,4.63,1.44,6.0
267,2026-04-05,SN358,2026-04-05 10:21:00,2026-04-05 11:13:00,52.0,2026-04-05 11:43:00,2026-04-05 12:03:00,B38 A,126.0,9.27,13.59,4.37,2.67,20.0
267,2026-04-05,SN379,2026-04-05 08:11:00,2026-04-05 08:40:00,29.0,2026-04-05 08:59:00,2026-04-05 09:27:00,B28 A,76.0,16.16,4.7,4.47,1.79,28.0
267,2026-04-05,SN3800,2026-04-05 06:15:00,2026-04-05 06:16:00,1.0,2026-04-05 06:28:00,2026-04-05 06:30:00,A65 ,27.0,12.23,2.21,4.53,1.84,2.0
267,2026-04-05,TB1552,2026-04-05 08:29:00,2026-04-05 08:25:00,-4.0,2026-04-05 08:46:00,2026-04-05 08:54:00,A61 ,166.0,13.82,12.01,3.78,2.2,8.0
267,2026-04-05,TB2632,2026-04-05 09:29:00,2026-04-05 09:09:00,-20.0,2026-04-05 09:35:00,2026-04-05 09:44:00,B9  A,114.0,14.8,7.7,4.99,1.67,9.0
267,2026-04-05,TB2662,2026-04-05 09:15:00,2026-04-05 09:04:00,-11.0,2026-04-05 09:22:00,2026-04-05 09:30:00,B34 A,90.0,10.43,8.63,4.6,2.25,8.0
267,2026-04-05,TG934,2026-04-05 09:21:00,2026-04-05 09:16:00,-5.0,2026-04-05 09:38:00,2026-04-05 09:58:00,B38 A,249.0,16.73,14.88,6.36,1.84,20.0
267,2026-04-05,UA950,2026-04-05 12:20:00,2026-04-05 11:58:00,-22.0,2026-04-05 12:14:00,2026-04-05 12:42:00,B37 A,127.0,11.51,11.03,4.33,2.81,28.0
267,2026-04-05,UA994,2026-04-05 12:51:00,2026-04-05 12:35:00,-16.0,2026-04-05 12:54:00,2026-04-05 13:24:00,B38 A,109.0,13.81,7.89,5.06,2.3,30.0
267,2026-04-05,XR5402,2026-04-05 07:46:00,2026-04-05 08:56:00,70.0,2026-04-05 09:23:00,2026-04-05 09:26:00,B5  A,88.0,11.34,7.76,4.11,2.03,3.0
268,2026-04-05,AC832,2026-04-05 08:17:00,2026-04-05 07:46:00,-31.0,2026-04-05 08:02:00,2026-04-05 08:29:00,B30 A,122.0,10.19,11.97,4.91,1.82,27.0
268,2026-04-05,ET750,2026-04-05 11:13:00,2026-04-05 11:34:00,21.0,2026-04-05 12:17:00,2026-04-05 13:03:00,B17 A,464.0,12.53,37.03,4.87,1.73,46.0
268,2026-04-05,FH8116,2026-04-05 06:35:00,2026-04-05 06:00:00,-35.0,2026-04-05 06:07:00,2026-04-05 06:09:00,B15 A,22.0,12.52,1.76,5.03,1.54,2.0
268,2026-04-05,LH1004,2026-04-05 09:50:00,2026-04-05 09:53:00,3.0,2026-04-05 10:20:00,2026-04-05 10:27:00,A43 ,33.0,9.45,3.49,5.25,1.59,7.0
268,2026-04-05,SN1122,2026-04-05 08:39:00,2026-04-05 09:08:00,29.0,2026-04-05 09:20:00,2026-04-05 09:21:00,B40 A,13.0,13.77,0.94,4.14,3.0,1.0
268,2026-04-05,SN1124,2026-04-05 07:10:00,2026-04-05 07:19:00,9.0,2026-04-05 07:32:00,2026-04-05 07:48:00,B30 A,138.0,12.34,11.18,5.02,1.78,16.0
268,2026-04-05,SN206,2026-04-05 06:25:00,2026-04-05 06:48:00,23.0,2026-04-05 07:07:00,2026-04-05 07:30:00,B38 A,154.0,9.41,16.36,5.98,1.95,23.0
268,2026-04-05,SN229,2026-04-05 12:06:00,2026-04-05 12:12:00,6.0,2026-04-05 12:39:00,2026-04-05 13:03:00,B28 A,20.0,13.26,1.51,3.92,2.04,24.0
268,2026-04-05,SN278,2026-04-05 12:46:00,2026-04-05 12:41:00,-5.0,2026-04-05 13:04:00,2026-04-05 13:33:00,B31 A,62.0,13.71,4.52,6.19,1.74,29.0
268,2026-04-05,SN2900,2026-04-05 10:44:00,2026-04-05 11:04:00,20.0,2026-04-05 11:13:00,2026-04-05 11:34:00,B32 A,49.0,13.74,3.57,4.35,2.22,21.0
268,2026-04-05,SN3326,2026-04-05 11:24:00,2026-04-05 11:41:00,17.0,2026-04-05 12:06:00,2026-04-05 12:12:00,B14 A,111.0,10.42,10.65,6.19,1.08,6.0
268,2026-04-05,SN358,2026-04-05 11:21:00,2026-04-05 11:29:00,8.0,2026-04-05 11:42:00,2026-04-05 12:06:00,B14 A,177.0,15.18,11.66,5.16,1.29,24.0
268,2026-04-05,SN379,2026-04-05 10:10:00,2026-04-05 11:03:00,53.0,2026-04-05 11:42:00,2026-04-05 12:19:00,B29 A,161.0,14.6,11.03,5.57,1.77,37.0
268,2026-04-05,SN3800,2026-04-05 06:15:00,2026-04-05 06:16:00,1.0,2026-04-05 06:28:00,2026-04-05 06:30:00,A65 ,27.0,14.71,1.84,4.9,1.7,2.0
268,2026-04-05,TB1552,2026-04-05 07:47:00,2026-04-05 07:43:00,-4.0,2026-04-05 07:55:00,2026-04-05 07:59:00,A68 ,66.0,13.02,5.07,4.87,1.71,4.0
268,2026-04-05,TB2632,2026-04-05 09:29:00,2026-04-05 09:09:00,-20.0,2026-04-05 09:35:00,2026-04-05 09:44:00,B9  A,114.0,11.69,9.75,5.24,1.59,9.0
268,2026-04-05,TB2662,2026-04-05 09:15:00,2026-04-05 09:04:00,-11.0,2026-04-05 09:22:00,2026-04-05 09:30:00,B34 A,90.0,11.8,7.63,4.95,2.09,8.0
268,2026-04-05,TG934,2026-04-05 09:21:00,2026-04-05 09:16:00,-5.0,2026-04-05 09:38:00,2026-04-05 09:58:00,B38 A,249.0,12.88,19.33,5.43,2.15,20.0
268,2026-04-05,UA950,2026-04-05 12:20:00,2026-04-05 11:58:00,-22.0,2026-04-05 12:14:00,2026-04-05 12:42:00,B37 A,127.0,16.62,7.64,4.56,2.67,28.0
268,2026-04-05,UA994,2026-04-05 08:51:00,2026-04-05 08:32:00,-19.0,2026-04-05 08:52:00,2026-04-05 09:25:00,B40 A,171.0,15.17,11.27,5.35,2.32,33.0
268,2026-04-05,XR5402,2026-04-05 07:46:00,2026-04-05 08:56:00,70.0,2026-04-05 09:23:00,2026-04-05 09:26:00,B5  A,88.0,13.7,6.42,3.83,2.17,3.0
269,2026-04-05,AC832,2026-04-05 10:17:00,2026-04-05 10:43:00,26.0,2026-04-05 11:00:00,2026-04-05 11:34:00,B14 A,172.0,11.22,15.33,6.8,0.98,34.0
269,2026-04-05,ET750,2026-04-05 11:13:00,2026-04-05 11:34:00,21.0,2026-04-05 12:17:00,2026-04-05 13:03:00,B17 A,464.0,13.72,33.82,6.73,1.25,46.0
269,2026-04-05,FH8116,2026-04-05 06:35:00,2026-04-05 06:00:00,-35.0,2026-04-05 06:07:00,2026-04-05 06:09:00,B15 A,22.0,9.07,2.43,4.83,1.6,2.0
269,2026-04-05,LH1004,2026-04-05 08:50:00,2026-04-05 08:53:00,3.0,2026-04-05 09:06:00,2026-04-05 09:12:00,A43 ,29.0,11.58,2.5,5.57,1.5,6.0
269,2026-04-05,SN1122,2026-04-05 08:39:00,2026-04-05 09:08:00,29.0,2026-04-05 09:20:00,2026-04-05 09:21:00,B40 A,13.0,12.18,1.07,4.22,2.94,1.0
269,2026-04-05,SN1124,2026-04-05 07:10:00,2026-04-05 07:19:00,9.0,2026-04-05 07:32:00,2026-04-05 07:48:00,B30 A,138.0,12.56,10.98,4.93,1.81,16.0
269,2026-04-05,SN206,2026-04-05 06:25:00,2026-04-05 06:48:00,23.0,2026-04-05 07:07:00,2026-04-05 07:30:00,B38 A,154.0,13.69,11.25,4.54,2.57,23.0
269,2026-04-05,SN229,2026-04-05 10:04:00,2026-04-05 10:26:00,22.0,2026-04-05 10:41:00,2026-04-05 11:10:00,B31 A,120.0,12.53,9.57,4.2,2.56,29.0
269,2026-04-05,SN278,2026-04-05 10:45:00,2026-04-05 10:42:00,-3.0,2026-04-05 11:04:00,2026-04-05 11:16:00,B28 A,198.0,10.91,18.15,4.56,1.75,12.0
269,2026-04-05,SN2900,2026-04-05 07:39:00,2026-04-05 07:25:00,-14.0,2026-04-05 07:38:00,2026-04-05 07:53:00,B38 A,55.0,11.65,4.72,3.84,3.03,15.0
269,2026-04-05,SN3326,2026-04-05 07:45:00,2026-04-05 08:05:00,20.0,2026-04-05 08:16:00,2026-04-05 08:36:00,B28 A,123.0,14.28,8.61,5.12,1.56,20.0
269,2026-04-05,SN358,2026-04-05 12:21:00,2026-04-05 12:23:00,2.0,2026-04-05 12:43:00,2026-04-05 13:14:00,B28 A,176.0,12.38,14.22,4.6,1.74,31.0
269,2026-04-05,SN379,2026-04-05 10:10:00,2026-04-05 11:03:00,53.0,2026-04-05 11:42:00,2026-04-05 12:19:00,B29 A,161.0,10.46,15.4,4.56,2.16,37.0
269,2026-04-05,SN3800,2026-04-05 06:15:00,2026-04-05 06:16:00,1.0,2026-04-05 06:28:00,2026-04-05 06:30:00,A65 ,27.0,12.95,2.08,5.15,1.62,2.0
269,2026-04-05,TB1552,2026-04-05 10:15:00,2026-04-05 10:31:00,16.0,2026-04-05 10:50:00,2026-04-05 10:59:00,A69 ,164.0,11.61,14.12,5.59,1.49,9.0
269,2026-04-05,TB2632,2026-04-05 09:29:00,2026-04-05 09:09:00,-20.0,2026-04-05 09:35:00,2026-04-05 09:44:00,B9  A,114.0,9.11,12.51,5.32,1.57,9.0
269,2026-04-05,TB2662,2026-04-05 09:15:00,2026-04-05 09:04:00,-11.0,2026-04-05 09:22:00,2026-04-05 09:30:00,B34 A,90.0,12.36,7.28,3.94,2.62,8.0
269,2026-04-05,TG934,2026-04-05 09:21:00,2026-04-05 09:16:00,-5.0,2026-04-05 09:38:00,2026-04-05 09:58:00,B38 A,249.0,14.42,17.27,5.26,2.22,20.0
269,2026-04-05,UA950,2026-04-05 09:21:00,2026-04-05 08:45:00,-36.0,2026-04-05 09:03:00,2026-04-05 09:29:00,B5  A,163.0,11.29,14.44,6.23,1.34,26.0
269,2026-04-05,UA994,2026-04-05 12:51:00,2026-04-05 12:35:00,-16.0,2026-04-05 12:54:00,2026-04-05 13:24:00,B38 A,109.0,12.57,8.67,4.96,2.35,30.0
269,2026-04-05,XR5402,2026-04-05 07:46:00,2026-04-05 08:56:00,70.0,2026-04-05 09:23:00,2026-04-05 09:26:00,B5  A,88.0,9.6,9.17,6.15,1.36,3.0
270,2026-04-05,AC832,2026-04-05 12:18:00,2026-04-05 11:38:00,-40.0,2026-04-05 11:54:00,2026-04-05 12:17:00,B30 A,100.0,13.5,7.41,4.52,1.97,23.0
270,2026-04-05,ET750,2026-04-05 09:11:00,2026-04-05 09:13:00,2.0,2026-04-05 09:42:00,2026-04-05 10:46:00,B40 A,421.0,16.38,25.71,6.27,1.98,64.0
270,2026-04-05,FH8116,2026-04-05 12:44:00,2026-04-05 12:48:00,4.0,2026-04-05 13:06:00,2026-04-05 13:13:00,B38 A,140.0,11.36,12.33,5.53,2.11,7.0
270,2026-04-05,LH1004,2026-04-05 11:51:00,2026-04-05 11:47:00,-4.0,2026-04-05 12:07:00,2026-04-05 12:12:00,A43 ,23.0,9.67,2.38,5.45,1.53,5.0
270,2026-04-05,SN1122,2026-04-05 08:39:00,2026-04-05 09:08:00,29.0,2026-04-05 09:20:00,2026-04-05 09:21:00,B40 A,13.0,11.74,1.11,4.98,2.49,1.0
270,2026-04-05,SN1124,2026-04-05 07:10:00,2026-04-05 07:19:00,9.0,2026-04-05 07:32:00,2026-04-05 07:48:00,B30 A,138.0,13.72,10.06,4.43,2.01,16.0
270,2026-04-05,SN206,2026-04-05 06:25:00,2026-04-05 06:48:00,23.0,2026-04-05 07:07:00,2026-04-05 07:30:00,B38 A,154.0,11.56,13.32,3.67,3.18,23.0
270,2026-04-05,SN229,2026-04-05 08:06:00,2026-04-05 09:20:00,74.0,2026-04-05 09:41:00,2026-04-05 10:22:00,B14 A,144.0,9.32,15.45,3.95,1.69,41.0
270,2026-04-05,SN278,2026-04-05 10:45:00,2026-04-05 10:42:00,-3.0,2026-04-05 11:04:00,2026-04-05 11:16:00,B28 A,198.0,16.28,12.16,4.74,1.69,12.0
270,2026-04-05,SN2900,2026-04-05 08:46:00,2026-04-05 08:33:00,-13.0,2026-04-05 08:58:00,2026-04-05 09:02:00,B14 A,79.0,14.66,5.39,4.4,1.52,4.0
270,2026-04-05,SN3326,2026-04-05 11:24:00,2026-04-05 11:41:00,17.0,2026-04-05 12:06:00,2026-04-05 12:12:00,B14 A,111.0,11.42,9.72,4.94,1.35,6.0
270,2026-04-05,SN358,2026-04-05 12:21:00,2026-04-05 12:23:00,2.0,2026-04-05 12:43:00,2026-04-05 13:14:00,B28 A,176.0,10.86,16.21,4.65,1.72,31.0
270,2026-04-05,SN379,2026-04-05 10:10:00,2026-04-05 11:03:00,53.0,2026-04-05 11:42:00,2026-04-05 12:19:00,B29 A,161.0,13.88,11.6,5.11,1.92,37.0
270,2026-04-05,SN3800,2026-04-05 06:15:00,2026-04-05 06:16:00,1.0,2026-04-05 06:28:00,2026-04-05 06:30:00,A65 ,27.0,11.63,2.32,5.37,1.55,2.0
270,2026-04-05,TB1552,2026-04-05 07:47:00,2026-04-05 07:43:00,-4.0,2026-04-05 07:55:00,2026-04-05 07:59:00,A68 ,66.0,12.51,5.28,4.05,2.06,4.0
270,2026-04-05,TB2632,2026-04-05 09:29:00,2026-04-05 09:09:00,-20.0,2026-04-05 09:35:00,2026-04-05 09:44:00,B9  A,114.0,10.37,11.0,3.87,2.16,9.0
270,2026-04-05,TB2662,2026-04-05 09:15:00,2026-04-05 09:04:00,-11.0,2026-04-05 09:22:00,2026-04-05 09:30:00,B34 A,90.0,14.72,6.11,4.24,2.43,8.0
270,2026-04-05,TG934,2026-04-05 09:21:00,2026-04-05 09:16:00,-5.0,2026-04-05 09:38:00,2026-04-05 09:58:00,B38 A,249.0,13.6,18.32,4.98,2.34,20.0
270,2026-04-05,UA950,2026-04-05 10:20:00,2026-04-05 09:58:00,-22.0,2026-04-05 10:24:00,2026-04-05 10:51:00,B40 A,188.0,13.24,14.2,4.69,2.65,27.0
270,2026-04-05,UA994,2026-04-05 09:51:00,2026-04-05 11:28:00,97.0,2026-04-05 11:44:00,2026-04-05 12:09:00,B40 A,135.0,11.18,12.07,4.98,2.49,25.0
270,2026-04-05,XR5402,2026-04-05 07:46:00,2026-04-05 08:56:00,70.0,2026-04-05 09:23:00,2026-04-05 09:26:00,B5  A,88.0,11.01,7.99,5.62,1.48,3.0
271,2026-04-05,AC832,2026-04-05 12:18:00,2026-04-05 11:38:00,-40.0,2026-04-05 11:54:00,2026-04-05 12:17:00,B30 A,100.0,11.74,8.51,4.98,1.79,23.0
271,2026-04-05,ET750,2026-04-05 11:13:00,2026-04-05 11:34:00,21.0,2026-04-05 12:17:00,2026-04-05 13:03:00,B17 A,464.0,13.19,35.19,6.62,1.27,46.0
271,2026-04-05,FH8116,2026-04-05 06:35:00,2026-04-05 06:00:00,-35.0,2026-04-05 06:07:00,2026-04-05 06:09:00,B15 A,22.0,12.08,1.82,3.95,1.96,2.0
271,2026-04-05,LH1004,2026-04-05 11:51:00,2026-04-05 11:47:00,-4.0,2026-04-05 12:07:00,2026-04-05 12:12:00,A43 ,23.0,12.75,1.8,4.31,1.93,5.0
271,2026-04-05,SN1122,2026-04-05 08:39:00,2026-04-05 09:08:00,29.0,2026-04-05 09:20:00,2026-04-05 09:21:00,B40 A,13.0,13.41,0.97,3.68,3.38,1.0
271,2026-04-05,SN1124,2026-04-05 07:10:00,2026-04-05 07:19:00,9.0,2026-04-05 07:32:00,2026-04-05 07:48:00,B30 A,138.0,16.22,8.51,6.64,1.34,16.0
271,2026-04-05,SN206,2026-04-05 06:25:00,2026-04-05 06:48:00,23.0,2026-04-05 07:07:00,2026-04-05 07:30:00,B38 A,154.0,10.9,14.13,5.84,2.0,23.0
271,2026-04-05,SN229,2026-04-05 08:06:00,2026-04-05 09:20:00,74.0,2026-04-05 09:41:00,2026-04-05 10:22:00,B14 A,144.0,15.8,9.11,4.89,1.36,41.0
271,2026-04-05,SN278,2026-04-05 12:46:00,2026-04-05 12:41:00,-5.0,2026-04-05 13:04:00,2026-04-05 13:33:00,B31 A,62.0,12.82,4.84,5.89,1.83,29.0
271,2026-04-05,SN2900,2026-04-05 08:46:00,2026-04-05 08:33:00,-13.0,2026-04-05 08:58:00,2026-04-05 09:02:00,B14 A,79.0,16.68,4.74,5.34,1.25,4.0
271,2026-04-05,SN3326,2026-04-05 07:45:00,2026-04-05 08:05:00,20.0,2026-04-05 08:16:00,2026-04-05 08:36:00,B28 A,123.0,13.59,9.05,5.23,1.53,20.0
271,2026-04-05,SN358,2026-04-05 12:21:00,2026-04-05 12:23:00,2.0,2026-04-05 12:43:00,2026-04-05 13:14:00,B28 A,176.0,12.22,14.4,4.77,1.68,31.0
271,2026-04-05,SN379,2026-04-05 10:10:00,2026-04-05 11:03:00,53.0,2026-04-05 11:42:00,2026-04-05 12:19:00,B29 A,161.0,8.96,17.96,5.03,1.95,37.0
271,2026-04-05,SN3800,2026-04-05 06:15:00,2026-04-05 06:16:00,1.0,2026-04-05 06:28:00,2026-04-05 06:30:00,A65 ,27.0,15.15,1.78,5.31,1.57,2.0
271,2026-04-05,TB1552,2026-04-05 10:15:00,2026-04-05 10:31:00,16.0,2026-04-05 10:50:00,2026-04-05 10:59:00,A69 ,164.0,11.99,13.68,5.59,1.49,9.0
271,2026-04-05,TB2632,2026-04-05 09:29:00,2026-04-05 09:09:00,-20.0,2026-04-05 09:35:00,2026-04-05 09:44:00,B9  A,114.0,15.82,7.21,3.81,2.19,9.0
271,2026-04-05,TB2662,2026-04-05 09:15:00,2026-04-05 09:04:00,-11.0,2026-04-05 09:22:00,2026-04-05 09:30:00,B34 A,90.0,12.64,7.12,5.6,1.85,8.0
271,2026-04-05,TG934,2026-04-05 09:21:00,2026-04-05 09:16:00,-5.0,2026-04-05 09:38:00,2026-04-05 09:58:00,B38 A,249.0,14.14,17.61,5.22,2.23,20.0
271,2026-04-05,UA950,2026-04-05 08:20:00,2026-04-05 08:20:00,0.0,2026-04-05 08:36:00,2026-04-05 09:25:00,B38 A,176.0,14.86,11.85,4.75,2.46,49.0
271,2026-04-05,UA994,2026-04-05 12:51:00,2026-04-05 12:35:00,-16.0,2026-04-05 12:54:00,2026-04-05 13:24:00,B38 A,109.0,10.89,10.01,5.15,2.27,30.0
271,2026-04-05,XR5402,2026-04-05 07:46:00,2026-04-05 08:56:00,70.0,2026-04-05 09:23:00,2026-04-05 09:26:00,B5  A,88.0,13.67,6.44,5.69,1.46,3.0
272,2026-04-05,AC832,2026-04-05 08:17:00,2026-04-05 07:46:00,-31.0,2026-04-05 08:02:00,2026-04-05 08:29:00,B30 A,122.0,12.27,9.94,4.29,2.08,27.0
272,2026-04-05,ET750,2026-04-05 11:13:00,2026-04-05 11:34:00,21.0,2026-04-05 12:17:00,2026-04-05 13:03:00,B17 A,464.0,12.64,36.7,6.26,1.34,46.0
272,2026-04-05,FH8116,2026-04-05 12:44:00,2026-04-05 12:48:00,4.0,2026-04-05 13:06:00,2026-04-05 13:13:00,B38 A,140.0,11.53,12.14,4.75,2.46,7.0
272,2026-04-05,LH1004,2026-04-05 11:51:00,2026-04-05 11:47:00,-4.0,2026-04-05 12:07:00,2026-04-05 12:12:00,A43 ,23.0,13.28,1.73,3.73,2.24,5.0
272,2026-04-05,SN1122,2026-04-05 08:39:00,2026-04-05 09:08:00,29.0,2026-04-05 09:20:00,2026-04-05 09:21:00,B40 A,13.0,13.52,0.96,5.0,2.48,1.0
272,2026-04-05,SN1124,2026-04-05 07:10:00,2026-04-05 07:19:00,9.0,2026-04-05 07:32:00,2026-04-05 07:48:00,B30 A,138.0,14.87,9.28,4.42,2.02,16.0
272,2026-04-05,SN206,2026-04-05 06:25:00,2026-04-05 06:48:00,23.0,2026-04-05 07:07:00,2026-04-05 07:30:00,B38 A,154.0,10.04,15.34,5.18,2.25,23.0
272,2026-04-05,SN229,2026-04-05 08:06:00,2026-04-05 09:20:00,74.0,2026-04-05 09:41:00,2026-04-05 10:22:00,B14 A,144.0,13.27,10.85,6.01,1.11,41.0
272,2026-04-05,SN278,2026-04-05 10:45:00,2026-04-05 10:42:00,-3.0,2026-04-05 11:04:00,2026-04-05 11:16:00,B28 A,198.0,12.06,16.42,5.76,1.39,12.0
272,2026-04-05,SN2900,2026-04-05 10:44:00,2026-04-05 11:04:00,20.0,2026-04-05 11:13:00,2026-04-05 11:34:00,B32 A,49.0,10.57,4.64,5.67,1.71,21.0
272,2026-04-05,SN3326,2026-04-05 11:24:00,2026-04-05 11:41:00,17.0,2026-04-05 12:06:00,2026-04-05 12:12:00,B14 A,111.0,12.9,8.61,4.17,1.6,6.0
272,2026-04-05,SN358,2026-04-05 10:21:00,2026-04-05 11:13:00,52.0,2026-04-05 11:43:00,2026-04-05 12:03:00,B38 A,126.0,11.2,11.25,3.81,3.06,20.0
272,2026-04-05,SN379,2026-04-05 08:11:00,2026-04-05 08:40:00,29.0,2026-04-05 08:59:00,2026-04-05 09:27:00,B28 A,76.0,10.88,6.98,5.86,1.36,28.0
272,2026-04-05,SN3800,2026-04-05 06:15:00,2026-04-05 06:16:00,1.0,2026-04-05 06:28:00,2026-04-05 06:30:00,A65 ,27.0,14.06,1.92,5.05,1.65,2.0
272,2026-04-05,TB1552,2026-04-05 08:29:00,2026-04-05 08:25:00,-4.0,2026-04-05 08:46:00,2026-04-05 08:54:00,A61 ,166.0,14.22,11.67,5.09,1.64,8.0
272,2026-04-05,TB2632,2026-04-05 09:29:00,2026-04-05 09:09:00,-20.0,2026-04-05 09:35:00,2026-04-05 09:44:00,B9  A,114.0,11.26,10.12,4.53,1.84,9.0
272,2026-04-05,TB2662,2026-04-05 09:15:00,2026-04-05 09:04:00,-11.0,2026-04-05 09:22:00,2026-04-05 09:30:00,B34 A,90.0,10.17,8.85,5.33,1.94,8.0
272,2026-04-05,TG934,2026-04-05 09:21:00,2026-04-05 09:16:00,-5.0,2026-04-05 09:38:00,2026-04-05 09:58:00,B38 A,249.0,12.55,19.85,6.7,1.74,20.0
272,2026-04-05,UA950,2026-04-05 10:20:00,2026-04-05 09:58:00,-22.0,2026-04-05 10:24:00,2026-04-05 10:51:00,B40 A,188.0,15.29,12.29,3.99,3.11,27.0
272,2026-04-05,UA994,2026-04-05 08:51:00,2026-04-05 08:32:00,-19.0,2026-04-05 08:52:00,2026-04-05 09:25:00,B40 A,171.0,11.59,14.76,4.53,2.74,33.0
272,2026-04-05,XR5402,2026-04-05 07:46:00,2026-04-05 08:56:00,70.0,2026-04-05 09:23:00,2026-04-05 09:26:00,B5  A,88.0,9.05,9.72,4.48,1.86,3.0
273,2026-04-05,AC832,2026-04-05 09:18:00,2026-04-05 08:45:00,-33.0,2026-04-05 09:06:00,2026-04-05 09:59:00,B28 A,110.0,11.24,9.79,5.6,1.43,53.0
273,2026-04-05,ET750,2026-04-05 11:13:00,2026-04-05 11:34:00,21.0,2026-04-05 12:17:00,2026-04-05 13:03:00,B17 A,464.0,12.15,38.18,5.25,1.6,46.0
273,2026-04-05,FH8116,2026-04-05 12:44:00,2026-04-05 12:48:00,4.0,2026-04-05 13:06:00,2026-04-05 13:13:00,B38 A,140.0,13.41,10.44,5.81,2.01,7.0
273,2026-04-05,LH1004,2026-04-05 08:50:00,2026-04-05 08:53:00,3.0,2026-04-05 09:06:00,2026-04-05 09:12:00,A43 ,29.0,8.8,3.3,4.54,1.84,6.0
273,2026-04-05,SN1122,2026-04-05 08:39:00,2026-04-05 09:08:00,29.0,2026-04-05 09:20:00,2026-04-05 09:21:00,B40 A,13.0,13.96,0.93,4.19,2.96,1.0
273,2026-04-05,SN1124,2026-04-05 07:10:00,2026-04-05 07:19:00,9.0,2026-04-05 07:32:00,2026-04-05 07:48:00,B30 A,138.0,15.55,8.88,4.21,2.12,16.0
273,2026-04-05,SN206,2026-04-05 06:25:00,2026-04-05 06:48:00,23.0,2026-04-05 07:07:00,2026-04-05 07:30:00,B38 A,154.0,12.03,12.8,4.2,2.78,23.0
273,2026-04-05,SN229,2026-04-05 10:04:00,2026-04-05 10:26:00,22.0,2026-04-05 10:41:00,2026-04-05 11:10:00,B31 A,120.0,9.88,12.14,4.64,2.32,29.0
273,2026-04-05,SN278,2026-04-05 10:45:00,2026-04-05 10:42:00,-3.0,2026-04-05 11:04:00,2026-04-05 11:16:00,B28 A,198.0,11.59,17.08,4.86,1.65,12.0
273,2026-04-05,SN2900,2026-04-05 10:44:00,2026-04-05 11:04:00,20.0,2026-04-05 11:13:00,2026-04-05 11:34:00,B32 A,49.0,12.5,3.92,4.42,2.19,21.0
273,2026-04-05,SN3326,2026-04-05 07:45:00,2026-04-05 08:05:00,20.0,2026-04-05 08:16:00,2026-04-05 08:36:00,B28 A,123.0,14.18,8.68,5.73,1.4,20.0
273,2026-04-05,SN358,2026-04-05 10:21:00,2026-04-05 11:13:00,52.0,2026-04-05 11:43:00,2026-04-05 12:03:00,B38 A,126.0,12.16,10.36,3.83,3.05,20.0
273,2026-04-05,SN379,2026-04-05 08:11:00,2026-04-05 08:40:00,29.0,2026-04-05 08:59:00,2026-04-05 09:27:00,B28 A,76.0,10.16,7.48,5.83,1.37,28.0
273,2026-04-05,SN3800,2026-04-05 06:15:00,2026-04-05 06:16:00,1.0,2026-04-05 06:28:00,2026-04-05 06:30:00,A65 ,27.0,13.4,2.02,6.54,1.27,2.0
273,2026-04-05,TB1552,2026-04-05 07:15:00,2026-04-05 07:08:00,-7.0,2026-04-05 07:38:00,2026-04-05 07:45:00,A61 ,152.0,13.69,11.1,5.48,1.52,7.0
273,2026-04-05,TB2632,2026-04-05 09:29:00,2026-04-05 09:09:00,-20.0,2026-04-05 09:35:00,2026-04-05 09:44:00,B9  A,114.0,14.28,7.98,4.99,1.67,9.0
273,2026-04-05,TB2662,2026-04-05 09:15:00,2026-04-05 09:04:00,-11.0,2026-04-05 09:22:00,2026-04-05 09:30:00,B34 A,90.0,16.04,5.61,4.26,2.43,8.0
273,2026-04-05,TG934,2026-04-05 12:22:00,2026-04-05 12:26:00,4.0,2026-04-05 12:46:00,2026-04-05 13:15:00,B34 A,260.0,15.83,16.42,5.37,1.92,29.0
273,2026-04-05,UA950,2026-04-05 10:20:00,2026-04-05 09:58:00,-22.0,2026-04-05 10:24:00,2026-04-05 10:51:00,B40 A,188.0,10.99,17.11,4.54,2.74,27.0
273,2026-04-05,UA994,2026-04-05 12:51:00,2026-04-05 12:35:00,-16.0,2026-04-05 12:54:00,2026-04-05 13:24:00,B38 A,109.0,15.74,6.92,4.17,2.8,30.0
273,2026-04-05,XR5402,2026-04-05 07:46:00,2026-04-05 08:56:00,70.0,2026-04-05 09:23:00,2026-04-05 09:26:00,B5  A,88.0,9.98,8.82,5.34,1.56,3.0
274,2026-04-05,AC832,2026-04-05 09:18:00,2026-04-05 08:45:00,-33.0,2026-04-05 09:06:00,2026-04-05 09:59:00,B28 A,110.0,12.92,8.51,5.51,1.45,53.0
274,2026-04-05,ET750,2026-04-05 11:13:00,2026-04-05 11:34:00,21.0,2026-04-05 12:17:00,2026-04-05 13:03:00,B17 A,464.0,13.34,34.78,4.3,1.96,46.0
274,2026-04-05,FH8116,2026-04-05 06:35:00,2026-04-05 06:00:00,-35.0,2026-04-05 06:07:00,2026-04-05 06:09:00,B15 A,22.0,14.69,1.5,5.37,1.44,2.0
274,2026-04-05,LH1004,2026-04-05 08:50:00,2026-04-05 08:53:00,3.0,2026-04-05 09:06:00,2026-04-05 09:12:00,A43 ,29.0,8.95,3.24,5.42,1.54,6.0
274,2026-04-05,SN1122,2026-04-05 08:39:00,2026-04-05 09:08:00,29.0,2026-04-05 09:20:00,2026-04-05 09:21:00,B40 A,13.0,14.18,0.92,4.25,2.92,1.0
274,2026-04-05,SN1124,2026-04-05 07:10:00,2026-04-05 07:19:00,9.0,2026-04-05 07:32:00,2026-04-05 07:48:00,B30 A,138.0,14.24,9.69,5.74,1.55,16.0
274,2026-04-05,SN206,2026-04-05 06:25:00,2026-04-05 06:48:00,23.0,2026-04-05 07:07:00,2026-04-05 07:30:00,B38 A,154.0,11.4,13.51,5.81,2.01,23.0
274,2026-04-05,SN229,2026-04-05 12:06:00,2026-04-05 12:12:00,6.0,2026-04-05 12:39:00,2026-04-05 13:03:00,B28 A,20.0,11.65,1.72,5.41,1.48,24.0
274,2026-04-05,SN278,2026-04-05 08:43:00,2026-04-05 08:27:00,-16.0,2026-04-05 08:40:00,2026-04-05 09:10:00,B37 A,123.0,13.41,9.17,3.88,3.14,30.0
274,2026-04-05,SN2900,2026-04-05 10:44:00,2026-04-05 11:04:00,20.0,2026-04-05 11:13:00,2026-04-05 11:34:00,B32 A,49.0,11.61,4.22,5.23,1.85,21.0
274,2026-04-05,SN3326,2026-04-05 11:24:00,2026-04-05 11:41:00,17.0,2026-04-05 12:06:00,2026-04-05 12:12:00,B14 A,111.0,8.84,12.55,4.36,1.53,6.0
274,2026-04-05,SN358,2026-04-05 12:21:00,2026-04-05 12:23:00,2.0,2026-04-05 12:43:00,2026-04-05 13:14:00,B28 A,176.0,14.33,12.29,4.97,1.61,31.0
274,2026-04-05,SN379,2026-04-05 10:10:00,2026-04-05 11:03:00,53.0,2026-04-05 11:42:00,2026-04-05 12:19:00,B29 A,161.0,10.59,15.21,3.56,2.77,37.0
274,2026-04-05,SN3800,2026-04-05 06:15:00,2026-04-05 06:16:00,1.0,2026-04-05 06:28:00,2026-04-05 06:30:00,A65 ,27.0,11.65,2.32,4.47,1.86,2.0
274,2026-04-05,TB1552,2026-04-05 08:29:00,2026-04-05 08:25:00,-4.0,2026-04-05 08:46:00,2026-04-05 08:54:00,A61 ,166.0,9.96,16.67,4.83,1.72,8.0
274,2026-04-05,TB2632,2026-04-05 09:29:00,2026-04-05 09:09:00,-20.0,2026-04-05 09:35:00,2026-04-05 09:44:00,B9  A,114.0,14.12,8.07,4.42,1.89,9.0
274,2026-04-05,TB2662,2026-04-05 09:15:00,2026-04-05 09:04:00,-11.0,2026-04-05 09:22:00,2026-04-05 09:30:00,B34 A,90.0,13.5,6.66,3.83,2.7,8.0
274,2026-04-05,TG934,2026-04-05 09:21:00,2026-04-05 09:16:00,-5.0,2026-04-05 09:38:00,2026-04-05 09:58:00,B38 A,249.0,15.64,15.92,4.58,2.55,20.0
274,2026-04-05,UA950,2026-04-05 10:20:00,2026-04-05 09:58:00,-22.0,2026-04-05 10:24:00,2026-04-05 10:51:00,B40 A,188.0,15.29,12.29,3.96,3.14,27.0
274,2026-04-05,UA994,2026-04-05 10:51:00,2026-04-05 10:01:00,-50.0,2026-04-05 10:18:00,2026-04-05 10:42:00,B38 A,177.0,13.37,13.24,4.04,2.89,24.0
274,2026-04-05,XR5402,2026-04-05 07:46:00,2026-04-05 08:56:00,70.0,2026-04-05 09:23:00,2026-04-05 09:26:00,B5  A,88.0,10.45,8.42,5.27,1.58,3.0
275,2026-04-05,AC832,2026-04-05 08:17:00,2026-04-05 07:46:00,-31.0,2026-04-05 08:02:00,2026-04-05 08:29:00,B30 A,122.0,11.08,11.01,6.27,1.42,27.0
275,2026-04-05,ET750,2026-04-05 11:13:00,2026-04-05 11:34:00,21.0,2026-04-05 12:17:00,2026-04-05 13:03:00,B17 A,464.0,13.33,34.82,4.76,1.77,46.0
275,2026-04-05,FH8116,2026-04-05 06:35:00,2026-04-05 06:00:00,-35.0,2026-04-05 06:07:00,2026-04-05 06:09:00,B15 A,22.0,14.67,1.5,4.78,1.62,2.0
275,2026-04-05,LH1004,2026-04-05 11:51:00,2026-04-05 11:47:00,-4.0,2026-04-05 12:07:00,2026-04-05 12:12:00,A43 ,23.0,13.38,1.72,4.28,1.95,5.0
275,2026-04-05,SN1122,2026-04-05 08:39:00,2026-04-05 09:08:00,29.0,2026-04-05 09:20:00,2026-04-05 09:21:00,B40 A,13.0,13.91,0.93,5.85,2.12,1.0
275,2026-04-05,SN1124,2026-04-05 07:10:00,2026-04-05 07:19:00,9.0,2026-04-05 07:32:00,2026-04-05 07:48:00,B30 A,138.0,14.98,9.21,4.14,2.16,16.0
275,2026-04-05,SN206,2026-04-05 06:25:00,2026-04-05 06:48:00,23.0,2026-04-05 07:07:00,2026-04-05 07:30:00,B38 A,154.0,11.7,13.16,5.95,1.96,23.0
275,2026-04-05,SN229,2026-04-05 10:04:00,2026-04-05 10:26:00,22.0,2026-04-05 10:41:00,2026-04-05 11:10:00,B31 A,120.0,10.81,11.1,6.33,1.7,29.0
275,2026-04-05,SN278,2026-04-05 12:46:00,2026-04-05 12:41:00,-5.0,2026-04-05 13:04:00,2026-04-05 13:33:00,B31 A,62.0,10.56,5.87,4.21,2.55,29.0
275,2026-04-05,SN2900,2026-04-05 10:44:00,2026-04-05 11:04:00,20.0,2026-04-05 11:13:00,2026-04-05 11:34:00,B32 A,49.0,10.6,4.62,5.59,1.73,21.0
275,2026-04-05,SN3326,2026-04-05 11:24:00,2026-04-05 11:41:00,17.0,2026-04-05 12:06:00,2026-04-05 12:12:00,B14 A,111.0,14.03,7.91,4.71,1.41,6.0
275,2026-04-05,SN358,2026-04-05 12:21:00,2026-04-05 12:23:00,2.0,2026-04-05 12:43:00,2026-04-05 13:14:00,B28 A,176.0,12.25,14.36,4.43,1.8,31.0
275,2026-04-05,SN379,2026-04-05 08:11:00,2026-04-05 08:40:00,29.0,2026-04-05 08:59:00,2026-04-05 09:27:00,B28 A,76.0,13.24,5.74,5.72,1.4,28.0
275,2026-04-05,SN3800,2026-04-05 06:15:00,2026-04-05 06:16:00,1.0,2026-04-05 06:28:00,2026-04-05 06:30:00,A65 ,27.0,14.01,1.93,5.56,1.5,2.0
275,2026-04-05,TB1552,2026-04-05 07:15:00,2026-04-05 07:08:00,-7.0,2026-04-05 07:38:00,2026-04-05 07:45:00,A61 ,152.0,9.96,15.27,5.97,1.4,7.0
275,2026-04-05,TB2632,2026-04-05 09:29:00,2026-04-05 09:09:00,-20.0,2026-04-05 09:35:00,2026-04-05 09:44:00,B9  A,114.0,10.48,10.88,5.13,1.63,9.0
275,2026-04-05,TB2662,2026-04-05 09:15:00,2026-04-05 09:04:00,-11.0,2026-04-05 09:22:00,2026-04-05 09:30:00,B34 A,90.0,11.32,7.95,5.2,1.99,8.0
275,2026-04-05,TG934,2026-04-05 09:21:00,2026-04-05 09:16:00,-5.0,2026-04-05 09:38:00,2026-04-05 09:58:00,B38 A,249.0,13.22,18.83,6.35,1.84,20.0
275,2026-04-05,UA950,2026-04-05 12:20:00,2026-04-05 11:58:00,-22.0,2026-04-05 12:14:00,2026-04-05 12:42:00,B37 A,127.0,15.77,8.06,4.21,2.89,28.0
275,2026-04-05,UA994,2026-04-05 08:51:00,2026-04-05 08:32:00,-19.0,2026-04-05 08:52:00,2026-04-05 09:25:00,B40 A,171.0,11.8,14.5,4.77,2.6,33.0
275,2026-04-05,XR5402,2026-04-05 07:46:00,2026-04-05 08:56:00,70.0,2026-04-05 09:23:00,2026-04-05 09:26:00,B5  A,88.0,15.07,5.84,4.29,1.94,3.0
276,2026-04-05,AC832,2026-04-05 08:17:00,2026-04-05 07:46:00,-31.0,2026-04-05 08:02:00,2026-04-05 08:29:00,B30 A,122.0,12.72,9.59,4.5,1.98,27.0
276,2026-04-05,ET750,2026-04-05 11:13:00,2026-04-05 11:34:00,21.0,2026-04-05 12:17:00,2026-04-05 13:03:00,B17 A,464.0,14.26,32.55,5.75,1.46,46.0
276,2026-04-05,FH8116,2026-04-05 06:35:00,2026-04-05 06:00:00,-35.0,2026-04-05 06:07:00,2026-04-05 06:09:00,B15 A,22.0,12.03,1.83,6.54,1.18,2.0
276,2026-04-05,LH1004,2026-04-05 08:50:00,2026-04-05 08:53:00,3.0,2026-04-05 09:06:00,2026-04-05 09:12:00,A43 ,29.0,15.17,1.91,5.02,1.66,6.0
276,2026-04-05,SN1122,2026-04-05 08:39:00,2026-04-05 09:08:00,29.0,2026-04-05 09:20:00,2026-04-05 09:21:00,B40 A,13.0,16.97,0.77,5.64,2.2,1.0
276,2026-04-05,SN1124,2026-04-05 07:10:00,2026-04-05 07:19:00,9.0,2026-04-05 07:32:00,2026-04-05 07:48:00,B30 A,138.0,13.86,9.96,4.73,1.89,16.0
276,2026-04-05,SN206,2026-04-05 06:25:00,2026-04-05 06:48:00,23.0,2026-04-05 07:07:00,2026-04-05 07:30:00,B38 A,154.0,13.83,11.14,4.07,2.87,23.0
276,2026-04-05,SN229,2026-04-05 12:06:00,2026-04-05 12:12:00,6.0,2026-04-05 12:39:00,2026-04-05 13:03:00,B28 A,20.0,10.38,1.93,4.97,1.61,24.0
276,2026-04-05,SN278,2026-04-05 12:46:00,2026-04-05 12:41:00,-5.0,2026-04-05 13:04:00,2026-04-05 13:33:00,B31 A,62.0,11.86,5.23,4.37,2.46,29.0
276,2026-04-05,SN2900,2026-04-05 08:46:00,2026-04-05 08:33:00,-13.0,2026-04-05 08:58:00,2026-04-05 09:02:00,B14 A,79.0,11.3,6.99,4.25,1.57,4.0
276,2026-04-05,SN3326,2026-04-05 11:24:00,2026-04-05 11:41:00,17.0,2026-04-05 12:06:00,2026-04-05 12:12:00,B14 A,111.0,15.24,7.28,6.1,1.09,6.0
276,2026-04-05,SN358,2026-04-05 10:21:00,2026-04-05 11:13:00,52.0,2026-04-05 11:43:00,2026-04-05 12:03:00,B38 A,126.0,14.86,8.48,6.42,1.82,20.0
276,2026-04-05,SN379,2026-04-05 10:10:00,2026-04-05 11:03:00,53.0,2026-04-05 11:42:00,2026-04-05 12:19:00,B29 A,161.0,8.71,18.48,6.77,1.45,37.0
276,2026-04-05,SN3800,2026-04-05 06:15:00,2026-04-05 06:16:00,1.0,2026-04-05 06:28:00,2026-04-05 06:30:00,A65 ,27.0,13.85,1.95,4.77,1.75,2.0
276,2026-04-05,TB1552,2026-04-05 08:29:00,2026-04-05 08:25:00,-4.0,2026-04-05 08:46:00,2026-04-05 08:54:00,A61 ,166.0,14.89,11.15,6.47,1.29,8.0
276,2026-04-05,TB2632,2026-04-05 09:29:00,2026-04-05 09:09:00,-20.0,2026-04-05 09:35:00,2026-04-05 09:44:00,B9  A,114.0,13.75,8.29,5.98,1.39,9.0
276,2026-04-05,TB2662,2026-04-05 09:15:00,2026-04-05 09:04:00,-11.0,2026-04-05 09:22:00,2026-04-05 09:30:00,B34 A,90.0,15.86,5.67,5.51,1.88,8.0
276,2026-04-05,TG934,2026-04-05 09:21:00,2026-04-05 09:16:00,-5.0,2026-04-05 09:38:00,2026-04-05 09:58:00,B38 A,249.0,13.35,18.66,5.06,2.31,20.0
276,2026-04-05,UA950,2026-04-05 11:22:00,2026-04-05 11:02:00,-20.0,2026-04-05 11:22:00,2026-04-05 11:45:00,B28 A,170.0,12.79,13.29,4.88,1.64,23.0
276,2026-04-05,UA994,2026-04-05 12:51:00,2026-04-05 12:35:00,-16.0,2026-04-05 12:54:00,2026-04-05 13:24:00,B38 A,109.0,13.65,7.98,4.9,2.38,30.0
276,2026-04-05,XR5402,2026-04-05 07:46:00,2026-04-05 08:56:00,70.0,2026-04-05 09:23:00,2026-04-05 09:26:00,B5  A,88.0,12.6,6.98,3.8,2.19,3.0
277,2026-04-05,AC832,2026-04-05 12:18:00,2026-04-05 11:38:00,-40.0,2026-04-05 11:54:00,2026-04-05 12:17:00,B30 A,100.0,12.67,7.89,4.18,2.13,23.0
277,2026-04-05,ET750,2026-04-05 11:13:00,2026-04-05 11:34:00,21.0,2026-04-05 12:17:00,2026-04-05 13:03:00,B17 A,464.0,13.31,34.85,4.91,1.72,46.0
277,2026-04-05,FH8116,2026-04-05 06:35:00,2026-04-05 06:00:00,-35.0,2026-04-05 06:07:00,2026-04-05 06:09:00,B15 A,22.0,14.13,1.56,5.11,1.51,2.0
277,2026-04-05,LH1004,2026-04-05 08:50:00,2026-04-05 08:53:00,3.0,2026-04-05 09:06:00,2026-04-05 09:12:00,A43 ,29.0,12.84,2.26,5.12,1.63,6.0
277,2026-04-05,SN1122,2026-04-05 08:39:00,2026-04-05 09:08:00,29.0,2026-04-05 09:20:00,2026-04-05 09:21:00,B40 A,13.0,13.68,0.95,5.18,2.4,1.0
277,2026-04-05,SN1124,2026-04-05 07:10:00,2026-04-05 07:19:00,9.0,2026-04-05 07:32:00,2026-04-05 07:48:00,B30 A,138.0,12.65,10.91,4.95,1.8,16.0
277,2026-04-05,SN206,2026-04-05 06:25:00,2026-04-05 06:48:00,23.0,2026-04-05 07:07:00,2026-04-05 07:30:00,B38 A,154.0,15.17,10.15,5.85,2.0,23.0
277,2026-04-05,SN229,2026-04-05 12:06:00,2026-04-05 12:12:00,6.0,2026-04-05 12:39:00,2026-04-05 13:03:00,B28 A,20.0,13.82,1.45,6.18,1.29,24.0
277,2026-04-05,SN278,2026-04-05 12:46:00,2026-04-05 12:41:00,-5.0,2026-04-05 13:04:00,2026-04-05 13:33:00,B31 A,62.0,12.47,4.97,4.33,2.48,29.0
277,2026-04-05,SN2900,2026-04-05 10:44:00,2026-04-05 11:04:00,20.0,2026-04-05 11:13:00,2026-04-05 11:34:00,B32 A,49.0,13.11,3.74,5.12,1.89,21.0
277,2026-04-05,SN3326,2026-04-05 07:45:00,2026-04-05 08:05:00,20.0,2026-04-05 08:16:00,2026-04-05 08:36:00,B28 A,123.0,14.5,8.48,5.67,1.41,20.0
277,2026-04-05,SN358,2026-04-05 11:21:00,2026-04-05 11:29:00,8.0,2026-04-05 11:42:00,2026-04-05 12:06:00,B14 A,177.0,15.88,11.14,4.66,1.43,24.0
277,2026-04-05,SN379,2026-04-05 10:10:00,2026-04-05 11:03:00,53.0,2026-04-05 11:42:00,2026-04-05 12:19:00,B29 A,161.0,13.36,12.05,4.92,2.0,37.0
277,2026-04-05,SN3800,2026-04-05 06:15:00,2026-04-05 06:16:00,1.0,2026-04-05 06:28:00,2026-04-05 06:30:00,A65 ,27.0,13.19,2.05,6.34,1.31,2.0
277,2026-04-05,TB1552,2026-04-05 10:15:00,2026-04-05 10:31:00,16.0,2026-04-05 10:50:00,2026-04-05 10:59:00,A69 ,164.0,9.64,17.01,5.73,1.45,9.0
277,2026-04-05,TB2632,2026-04-05 09:29:00,2026-04-05 09:09:00,-20.0,2026-04-05 09:35:00,2026-04-05 09:44:00,B9  A,114.0,11.31,10.08,5.14,1.62,9.0
277,2026-04-05,TB2662,2026-04-05 09:15:00,2026-04-05 09:04:00,-11.0,2026-04-05 09:22:00,2026-04-05 09:30:00,B34 A,90.0,14.35,6.27,3.65,2.83,8.0
277,2026-04-05,TG934,2026-04-05 09:21:00,2026-04-05 09:16:00,-5.0,2026-04-05 09:38:00,2026-04-05 09:58:00,B38 A,249.0,12.82,19.42,4.72,2.47,20.0
277,2026-04-05,UA950,2026-04-05 10:20:00,2026-04-05 09:58:00,-22.0,2026-04-05 10:24:00,2026-04-05 10:51:00,B40 A,188.0,12.53,15.0,6.71,1.85,27.0
277,2026-04-05,UA994,2026-04-05 08:51:00,2026-04-05 08:32:00,-19.0,2026-04-05 08:52:00,2026-04-05 09:25:00,B40 A,171.0,10.1,16.93,4.44,2.79,33.0
277,2026-04-05,XR5402,2026-04-05 07:46:00,2026-04-05 08:56:00,70.0,2026-04-05 09:23:00,2026-04-05 09:26:00,B5  A,88.0,15.62,5.64,5.95,1.4,3.0
278,2026-04-05,AC832,2026-04-05 11:16:00,2026-04-05 10:39:00,-37.0,2026-04-05 10:54:00,2026-04-05 11:24:00,B5  A,101.0,9.17,11.01,5.13,1.62,30.0
278,2026-04-05,ET750,2026-04-05 11:13:00,2026-04-05 11:34:00,21.0,2026-04-05 12:17:00,2026-04-05 13:03:00,B17 A,464.0,15.45,30.03,4.61,1.83,46.0
278,2026-04-05,FH8116,2026-04-05 12:44:00,2026-04-05 12:48:00,4.0,2026-04-05 13:06:00,2026-04-05 13:13:00,B38 A,140.0,11.91,11.76,5.51,2.12,7.0
278,2026-04-05,LH1004,2026-04-05 12:50:00,2026-04-05 12:50:00,0.0,2026-04-05 13:03:00,2026-04-05 13:30:00,A43 ,40.0,9.31,4.3,4.75,1.75,27.0
278,2026-04-05,SN1122,2026-04-05 08:39:00,2026-04-05 09:08:00,29.0,2026-04-05 09:20:00,2026-04-05 09:21:00,B40 A,13.0,14.19,0.92,6.02,2.06,1.0
278,2026-04-05,SN1124,2026-04-05 07:10:00,2026-04-05 07:19:00,9.0,2026-04-05 07:32:00,2026-04-05 07:48:00,B30 A,138.0,14.65,9.42,4.54,1.96,16.0
278,2026-04-05,SN206,2026-04-05 06:25:00,2026-04-05 06:48:00,23.0,2026-04-05 07:07:00,2026-04-05 07:30:00,B38 A,154.0,13.29,11.59,4.31,2.71,23.0
278,2026-04-05,SN229,2026-04-05 10:04:00,2026-04-05 10:26:00,22.0,2026-04-05 10:41:00,2026-04-05 11:10:00,B31 A,120.0,13.9,8.63,5.1,2.11,29.0
278,2026-04-05,SN278,2026-04-05 12:46:00,2026-04-05 12:41:00,-5.0,2026-04-05 13:04:00,2026-04-05 13:33:00,B31 A,62.0,9.47,6.55,5.04,2.13,29.0
278,2026-04-05,SN2900,2026-04-05 08:46:00,2026-04-05 08:33:00,-13.0,2026-04-05 08:58:00,2026-04-05 09:02:00,B14 A,79.0,14.78,5.35,4.4,1.51,4.0
278,2026-04-05,SN3326,2026-04-05 07:45:00,2026-04-05 08:05:00,20.0,2026-04-05 08:16:00,2026-04-05 08:36:00,B28 A,123.0,13.98,8.8,4.16,1.92,20.0
278,2026-04-05,SN358,2026-04-05 10:21:00,2026-04-05 11:13:00,52.0,2026-04-05 11:43:00,2026-04-05 12:03:00,B38 A,126.0,9.1,13.85,5.14,2.27,20.0
278,2026-04-05,SN379,2026-04-05 08:11:00,2026-04-05 08:40:00,29.0,2026-04-05 08:59:00,2026-04-05 09:27:00,B28 A,76.0,15.46,4.92,4.18,1.92,28.0
278,2026-04-05,SN3800,2026-04-05 06:15:00,2026-04-05 06:16:00,1.0,2026-04-05 06:28:00,2026-04-05 06:30:00,A65 ,27.0,14.26,1.89,5.02,1.66,2.0
278,2026-04-05,TB1552,2026-04-05 07:47:00,2026-04-05 07:43:00,-4.0,2026-04-05 07:55:00,2026-04-05 07:59:00,A68 ,66.0,10.4,6.34,4.81,1.73,4.0
278,2026-04-05,TB2632,2026-04-05 09:29:00,2026-04-05 09:09:00,-20.0,2026-04-05 09:35:00,2026-04-05 09:44:00,B9  A,114.0,10.04,11.35,4.93,1.69,9.0
278,2026-04-05,TB2662,2026-04-05 09:15:00,2026-04-05 09:04:00,-11.0,2026-04-05 09:22:00,2026-04-05 09:30:00,B34 A,90.0,9.08,9.91,4.32,2.39,8.0
278,2026-04-05,TG934,2026-04-05 09:21:00,2026-04-05 09:16:00,-5.0,2026-04-05 09:38:00,2026-04-05 09:58:00,B38 A,249.0,14.95,16.66,5.28,2.21,20.0
278,2026-04-05,UA950,2026-04-05 12:20:00,2026-04-05 11:58:00,-22.0,2026-04-05 12:14:00,2026-04-05 12:42:00,B37 A,127.0,14.74,8.62,5.86,2.08,28.0
278,2026-04-05,UA994,2026-04-05 08:51:00,2026-04-05 08:32:00,-19.0,2026-04-05 08:52:00,2026-04-05 09:25:00,B40 A,171.0,16.15,10.59,5.51,2.25,33.0
278,2026-04-05,XR5402,2026-04-05 07:46:00,2026-04-05 08:56:00,70.0,2026-04-05 09:23:00,2026-04-05 09:26:00,B5  A,88.0,12.81,6.87,4.89,1.7,3.0
279,2026-04-05,AC832,2026-04-05 08:17:00,2026-04-05 07:46:00,-31.0,2026-04-05 08:02:00,2026-04-05 08:29:00,B30 A,122.0,13.54,9.01,4.88,1.83,27.0
279,2026-04-05,ET750,2026-04-05 11:13:00,2026-04-05 11:34:00,21.0,2026-04-05 12:17:00,2026-04-05 13:03:00,B17 A,464.0,14.44,32.14,6.02,1.4,46.0
279,2026-04-05,FH8116,2026-04-05 12:44:00,2026-04-05 12:48:00,4.0,2026-04-05 13:06:00,2026-04-05 13:13:00,B38 A,140.0,11.84,11.83,3.81,3.06,7.0
279,2026-04-05,LH1004,2026-04-05 12:50:00,2026-04-05 12:50:00,0.0,2026-04-05 13:03:00,2026-04-05 13:30:00,A43 ,40.0,15.47,2.58,5.27,1.58,27.0
279,2026-04-05,SN1122,2026-04-05 08:39:00,2026-04-05 09:08:00,29.0,2026-04-05 09:20:00,2026-04-05 09:21:00,B40 A,13.0,10.25,1.27,4.85,2.56,1.0
279,2026-04-05,SN1124,2026-04-05 07:10:00,2026-04-05 07:19:00,9.0,2026-04-05 07:32:00,2026-04-05 07:48:00,B30 A,138.0,13.22,10.44,4.41,2.02,16.0
279,2026-04-05,SN206,2026-04-05 06:25:00,2026-04-05 06:48:00,23.0,2026-04-05 07:07:00,2026-04-05 07:30:00,B38 A,154.0,10.91,14.12,6.41,1.82,23.0
279,2026-04-05,SN229,2026-04-05 08:06:00,2026-04-05 09:20:00,74.0,2026-04-05 09:41:00,2026-04-05 10:22:00,B14 A,144.0,13.22,10.89,4.86,1.37,41.0
279,2026-04-05,SN278,2026-04-05 10:45:00,2026-04-05 10:42:00,-3.0,2026-04-05 11:04:00,2026-04-05 11:16:00,B28 A,198.0,11.17,17.73,5.24,1.53,12.0
279,2026-04-05,SN2900,2026-04-05 07:39:00,2026-04-05 07:25:00,-14.0,2026-04-05 07:38:00,2026-04-05 07:53:00,B38 A,55.0,11.06,4.97,5.57,2.09,15.0
279,2026-04-05,SN3326,2026-04-05 11:24:00,2026-04-05 11:41:00,17.0,2026-04-05 12:06:00,2026-04-05 12:12:00,B14 A,111.0,11.48,9.67,5.1,1.31,6.0
279,2026-04-05,SN358,2026-04-05 12:21:00,2026-04-05 12:23:00,2.0,2026-04-05 12:43:00,2026-04-05 13:14:00,B28 A,176.0,11.99,14.67,5.13,1.56,31.0
279,2026-04-05,SN379,2026-04-05 08:11:00,2026-04-05 08:40:00,29.0,2026-04-05 08:59:00,2026-04-05 09:27:00,B28 A,76.0,13.29,5.72,4.12,1.94,28.0
279,2026-04-05,SN3800,2026-04-05 06:15:00,2026-04-05 06:16:00,1.0,2026-04-05 06:28:00,2026-04-05 06:30:00,A65 ,27.0,11.6,2.33,4.62,1.8,2.0
279,2026-04-05,TB1552,2026-04-05 10:15:00,2026-04-05 10:31:00,16.0,2026-04-05 10:50:00,2026-04-05 10:59:00,A69 ,164.0,13.6,12.06,5.14,1.62,9.0
279,2026-04-05,TB2632,2026-04-05 09:29:00,2026-04-05 09:09:00,-20.0,2026-04-05 09:35:00,2026-04-05 09:44:00,B9  A,114.0,12.35,9.23,5.19,1.6,9.0
279,2026-04-05,TB2662,2026-04-05 09:15:00,2026-04-05 09:04:00,-11.0,2026-04-05 09:22:00,2026-04-05 09:30:00,B34 A,90.0,10.11,8.9,5.52,1.87,8.0
279,2026-04-05,TG934,2026-04-05 09:21:00,2026-04-05 09:16:00,-5.0,2026-04-05 09:38:00,2026-04-05 09:58:00,B38 A,249.0,14.7,16.94,4.3,2.71,20.0
279,2026-04-05,UA950,2026-04-05 10:20:00,2026-04-05 09:58:00,-22.0,2026-04-05 10:24:00,2026-04-05 10:51:00,B40 A,188.0,9.77,19.23,5.63,2.21,27.0
279,2026-04-05,UA994,2026-04-05 08:51:00,2026-04-05 08:32:00,-19.0,2026-04-05 08:52:00,2026-04-05 09:25:00,B40 A,171.0,13.8,12.39,4.72,2.63,33.0
279,2026-04-05,XR5402,2026-04-05 07:46:00,2026-04-05 08:56:00,70.0,2026-04-05 09:23:00,2026-04-05 09:26:00,B5  A,88.0,14.0,6.29,4.37,1.91,3.0
280,2026-04-05,AC832,2026-04-05 09:18:00,2026-04-05 08:45:00,-33.0,2026-04-05 09:06:00,2026-04-05 09:59:00,B28 A,110.0,13.38,8.22,5.3,1.51,53.0
280,2026-04-05,ET750,2026-04-05 09:11:00,2026-04-05 09:13:00,2.0,2026-04-05 09:42:00,2026-04-05 10:46:00,B40 A,421.0,16.71,25.2,6.05,2.05,64.0
280,2026-04-05,FH8116,2026-04-05 12:44:00,2026-04-05 12:48:00,4.0,2026-04-05 13:06:00,2026-04-05 13:13:00,B38 A,140.0,10.82,12.94,4.55,2.56,7.0
280,2026-04-05,LH1004,2026-04-05 09:50:00,2026-04-05 09:53:00,3.0,2026-04-05 10:20:00,2026-04-05 10:27:00,A43 ,33.0,12.56,2.63,4.57,1.82,7.0
280,2026-04-05,SN1122,2026-04-05 08:39:00,2026-04-05 09:08:00,29.0,2026-04-05 09:20:00,2026-04-05 09:21:00,B40 A,13.0,13.76,0.94,4.82,2.58,1.0
280,2026-04-05,SN1124,2026-04-05 07:10:00,2026-04-05 07:19:00,9.0,2026-04-05 07:32:00,2026-04-05 07:48:00,B30 A,138.0,13.69,10.08,3.78,2.36,16.0
280,2026-04-05,SN206,2026-04-05 06:25:00,2026-04-05 06:48:00,23.0,2026-04-05 07:07:00,2026-04-05 07:30:00,B38 A,154.0,11.89,12.96,5.15,2.27,23.0
280,2026-04-05,SN229,2026-04-05 10:04:00,2026-04-05 10:26:00,22.0,2026-04-05 10:41:00,2026-04-05 11:10:00,B31 A,120.0,11.76,10.2,3.95,2.72,29.0
280,2026-04-05,SN278,2026-04-05 10:45:00,2026-04-05 10:42:00,-3.0,2026-04-05 11:04:00,2026-04-05 11:16:00,B28 A,198.0,13.43,14.75,4.54,1.76,12.0
280,2026-04-05,SN2900,2026-04-05 08:46:00,2026-04-05 08:33:00,-13.0,2026-04-05 08:58:00,2026-04-05 09:02:00,B14 A,79.0,10.81,7.31,4.81,1.39,4.0
280,2026-04-05,SN3326,2026-04-05 11:24:00,2026-04-05 11:41:00,17.0,2026-04-05 12:06:00,2026-04-05 12:12:00,B14 A,111.0,15.16,7.32,5.09,1.31,6.0
280,2026-04-05,SN358,2026-04-05 08:21:00,2026-04-05 08:24:00,3.0,2026-04-05 08:42:00,2026-04-05 09:09:00,B14 A,112.0,11.61,9.64,5.33,1.25,27.0
280,2026-04-05,SN379,2026-04-05 08:11:00,2026-04-05 08:40:00,29.0,2026-04-05 08:59:00,2026-04-05 09:27:00,B28 A,76.0,13.39,5.68,5.43,1.47,28.0
280,2026-04-05,SN3800,2026-04-05 06:15:00,2026-04-05 06:16:00,1.0,2026-04-05 06:28:00,2026-04-05 06:30:00,A65 ,27.0,13.35,2.02,6.36,1.31,2.0
280,2026-04-05,TB1552,2026-04-05 08:29:00,2026-04-05 08:25:00,-4.0,2026-04-05 08:46:00,2026-04-05 08:54:00,A61 ,166.0,14.9,11.14,4.87,1.71,8.0
280,2026-04-05,TB2632,2026-04-05 09:29:00,2026-04-05 09:09:00,-20.0,2026-04-05 09:35:00,2026-04-05 09:44:00,B9  A,114.0,12.03,9.48,4.22,1.97,9.0
280,2026-04-05,TB2662,2026-04-05 09:15:00,2026-04-05 09:04:00,-11.0,2026-04-05 09:22:00,2026-04-05 09:30:00,B34 A,90.0,12.47,7.21,5.91,1.75,8.0
280,2026-04-05,TG934,2026-04-05 09:21:00,2026-04-05 09:16:00,-5.0,2026-04-05 09:38:00,2026-04-05 09:58:00,B38 A,249.0,13.21,18.85,4.73,2.47,20.0
280,2026-04-05,UA950,2026-04-05 12:20:00,2026-04-05 11:58:00,-22.0,2026-04-05 12:14:00,2026-04-05 12:42:00,B37 A,127.0,13.95,9.1,3.71,3.28,28.0
280,2026-04-05,UA994,2026-04-05 08:51:00,2026-04-05 08:32:00,-19.0,2026-04-05 08:52:00,2026-04-05 09:25:00,B40 A,171.0,11.41,14.99,5.06,2.45,33.0
280,2026-04-05,XR5402,2026-04-05 07:46:00,2026-04-05 08:56:00,70.0,2026-04-05 09:23:00,2026-04-05 09:26:00,B5  A,88.0,14.06,6.26,5.47,1.52,3.0
281,2026-04-05,AC832,2026-04-05 09:18:00,2026-04-05 08:45:00,-33.0,2026-04-05 09:06:00,2026-04-05 09:59:00,B28 A,110.0,12.52,8.79,5.55,1.44,53.0
281,2026-04-05,ET750,2026-04-05 11:13:00,2026-04-05 11:34:00,21.0,2026-04-05 12:17:00,2026-04-05 13:03:00,B17 A,464.0,15.91,29.17,4.64,1.81,46.0
281,2026-04-05,FH8116,2026-04-05 06:35:00,2026-04-05 06:00:00,-35.0,2026-04-05 06:07:00,2026-04-05 06:09:00,B15 A,22.0,11.87,1.85,4.49,1.72,2.0
281,2026-04-05,LH1004,2026-04-05 08:50:00,2026-04-05 08:53:00,3.0,2026-04-05 09:06:00,2026-04-05 09:12:00,A43 ,29.0,8.17,3.55,5.18,1.61,6.0
281,2026-04-05,SN1122,2026-04-05 08:39:00,2026-04-05 09:08:00,29.0,2026-04-05 09:20:00,2026-04-05 09:21:00,B40 A,13.0,10.64,1.22,5.21,2.38,1.0
281,2026-04-05,SN1124,2026-04-05 07:10:00,2026-04-05 07:19:00,9.0,2026-04-05 07:32:00,2026-04-05 07:48:00,B30 A,138.0,13.82,9.98,3.98,2.24,16.0
281,2026-04-05,SN206,2026-04-05 06:25:00,2026-04-05 06:48:00,23.0,2026-04-05 07:07:00,2026-04-05 07:30:00,B38 A,154.0,13.71,11.23,4.01,2.91,23.0
281,2026-04-05,SN229,2026-04-05 12:06:00,2026-04-05 12:12:00,6.0,2026-04-05 12:39:00,2026-04-05 13:03:00,B28 A,20.0,13.78,1.45,5.23,1.53,24.0
281,2026-04-05,SN278,2026-04-05 10:45:00,2026-04-05 10:42:00,-3.0,2026-04-05 11:04:00,2026-04-05 11:16:00,B28 A,198.0,13.43,14.74,4.25,1.88,12.0
281,2026-04-05,SN2900,2026-04-05 08:46:00,2026-04-05 08:33:00,-13.0,2026-04-05 08:58:00,2026-04-05 09:02:00,B14 A,79.0,12.31,6.42,4.32,1.54,4.0
281,2026-04-05,SN3326,2026-04-05 11:24:00,2026-04-05 11:41:00,17.0,2026-04-05 12:06:00,2026-04-05 12:12:00,B14 A,111.0,11.73,9.47,4.55,1.47,6.0
281,2026-04-05,SN358,2026-04-05 08:21:00,2026-04-05 08:24:00,3.0,2026-04-05 08:42:00,2026-04-05 09:09:00,B14 A,112.0,10.36,10.81,5.72,1.17,27.0
281,2026-04-05,SN379,2026-04-05 08:11:00,2026-04-05 08:40:00,29.0,2026-04-05 08:59:00,2026-04-05 09:27:00,B28 A,76.0,13.47,5.64,4.22,1.89,28.0
281,2026-04-05,SN3800,2026-04-05 06:15:00,2026-04-05 06:16:00,1.0,2026-04-05 06:28:00,2026-04-05 06:30:00,A65 ,27.0,10.14,2.66,5.01,1.66,2.0
281,2026-04-05,TB1552,2026-04-05 10:15:00,2026-04-05 10:31:00,16.0,2026-04-05 10:50:00,2026-04-05 10:59:00,A69 ,164.0,12.42,13.2,4.82,1.73,9.0
281,2026-04-05,TB2632,2026-04-05 09:29:00,2026-04-05 09:09:00,-20.0,2026-04-05 09:35:00,2026-04-05 09:44:00,B9  A,114.0,10.39,10.98,4.37,1.9,9.0
281,2026-04-05,TB2662,2026-04-05 09:15:00,2026-04-05 09:04:00,-11.0,2026-04-05 09:22:00,2026-04-05 09:30:00,B34 A,90.0,12.27,7.33,5.02,2.06,8.0
281,2026-04-05,TG934,2026-04-05 09:21:00,2026-04-05 09:16:00,-5.0,2026-04-05 09:38:00,2026-04-05 09:58:00,B38 A,249.0,13.15,18.93,6.85,1.7,20.0
281,2026-04-05,UA950,2026-04-05 11:22:00,2026-04-05 11:02:00,-20.0,2026-04-05 11:22:00,2026-04-05 11:45:00,B28 A,170.0,12.46,13.65,5.08,1.57,23.0
281,2026-04-05,UA994,2026-04-05 11:51:00,2026-04-05 11:37:00,-14.0,2026-04-05 11:55:00,2026-04-05 12:25:00,B40 A,157.0,15.15,10.36,6.47,1.92,30.0
281,2026-04-05,XR5402,2026-04-05 07:46:00,2026-04-05 08:56:00,70.0,2026-04-05 09:23:00,2026-04-05 09:26:00,B5  A,88.0,11.39,7.73,4.68,1.78,3.0
282,2026-04-05,AC832,2026-04-05 08:17:00,2026-04-05 07:46:00,-31.0,2026-04-05 08:02:00,2026-04-05 08:29:00,B30 A,122.0,10.26,11.89,4.99,1.79,27.0
282,2026-04-05,ET750,2026-04-05 09:11:00,2026-04-05 09:13:00,2.0,2026-04-05 09:42:00,2026-04-05 10:46:00,B40 A,421.0,16.68,25.24,4.97,2.5,64.0
282,2026-04-05,FH8116,2026-04-05 12:44:00,2026-04-05 12:48:00,4.0,2026-04-05 13:06:00,2026-04-05 13:13:00,B38 A,140.0,12.29,11.39,6.04,1.93,7.0
282,2026-04-05,LH1004,2026-04-05 09:50:00,2026-04-05 09:53:00,3.0,2026-04-05 10:20:00,2026-04-05 10:27:00,A43 ,33.0,13.77,2.4,5.08,1.64,7.0
282,2026-04-05,SN1122,2026-04-05 08:39:00,2026-04-05 09:08:00,29.0,2026-04-05 09:20:00,2026-04-05 09:21:00,B40 A,13.0,10.57,1.23,5.26,2.36,1.0
282,2026-04-05,SN1124,2026-04-05 07:10:00,2026-04-05 07:19:00,9.0,2026-04-05 07:32:00,2026-04-05 07:48:00,B30 A,138.0,15.34,9.0,6.04,1.48,16.0
282,2026-04-05,SN206,2026-04-05 06:25:00,2026-04-05 06:48:00,23.0,2026-04-05 07:07:00,2026-04-05 07:30:00,B38 A,154.0,10.48,14.69,5.13,2.28,23.0
282,2026-04-05,SN229,2026-04-05 08:06:00,2026-04-05 09:20:00,74.0,2026-04-05 09:41:00,2026-04-05 10:22:00,B14 A,144.0,12.25,11.75,4.26,1.56,41.0
282,2026-04-05,SN278,2026-04-05 12:46:00,2026-04-05 12:41:00,-5.0,2026-04-05 13:04:00,2026-04-05 13:33:00,B31 A,62.0,14.01,4.43,6.17,1.74,29.0
282,2026-04-05,SN2900,2026-04-05 08:46:00,2026-04-05 08:33:00,-13.0,2026-04-05 08:58:00,2026-04-05 09:02:00,B14 A,79.0,13.34,5.92,4.04,1.65,4.0
282,2026-04-05,SN3326,2026-04-05 11:24:00,2026-04-05 11:41:00,17.0,2026-04-05 12:06:00,2026-04-05 12:12:00,B14 A,111.0,12.99,8.55,4.9,1.36,6.0
282,2026-04-05,SN358,2026-04-05 10:21:00,2026-04-05 11:13:00,52.0,2026-04-05 11:43:00,2026-04-05 12:03:00,B38 A,126.0,13.44,9.37,4.61,2.53,20.0
282,2026-04-05,SN379,2026-04-05 10:10:00,2026-04-05 11:03:00,53.0,2026-04-05 11:42:00,2026-04-05 12:19:00,B29 A,161.0,12.92,12.46,4.18,2.35,37.0
282,2026-04-05,SN3800,2026-04-05 06:15:00,2026-04-05 06:16:00,1.0,2026-04-05 06:28:00,2026-04-05 06:30:00,A65 ,27.0,10.49,2.57,5.1,1.63,2.0
282,2026-04-05,TB1552,2026-04-05 07:47:00,2026-04-05 07:43:00,-4.0,2026-04-05 07:55:00,2026-04-05 07:59:00,A68 ,66.0,10.46,6.31,4.83,1.72,4.0
282,2026-04-05,TB2632,2026-04-05 09:29:00,2026-04-05 09:09:00,-20.0,2026-04-05 09:35:00,2026-04-05 09:44:00,B9  A,114.0,10.55,10.81,5.0,1.67,9.0
282,2026-04-05,TB2662,2026-04-05 09:15:00,2026-04-05 09:04:00,-11.0,2026-04-05 09:22:00,2026-04-05 09:30:00,B34 A,90.0,10.58,8.51,5.21,1.98,8.0
282,2026-04-05,TG934,2026-04-05 09:21:00,2026-04-05 09:16:00,-5.0,2026-04-05 09:38:00,2026-04-05 09:58:00,B38 A,249.0,15.05,16.55,5.19,2.25,20.0
282,2026-04-05,UA950,2026-04-05 12:20:00,2026-04-05 11:58:00,-22.0,2026-04-05 12:14:00,2026-04-05 12:42:00,B37 A,127.0,14.08,9.02,4.06,3.0,28.0
282,2026-04-05,UA994,2026-04-05 12:51:00,2026-04-05 12:35:00,-16.0,2026-04-05 12:54:00,2026-04-05 13:24:00,B38 A,109.0,11.39,9.57,4.88,2.39,30.0
282,2026-04-05,XR5402,2026-04-05 07:46:00,2026-04-05 08:56:00,70.0,2026-04-05 09:23:00,2026-04-05 09:26:00,B5  A,88.0,12.6,6.98,4.73,1.76,3.0
283,2026-04-05,AC832,2026-04-05 12:18:00,2026-04-05 11:38:00,-40.0,2026-04-05 11:54:00,2026-04-05 12:17:00,B30 A,100.0,15.3,6.54,5.69,1.57,23.0
283,2026-04-05,ET750,2026-04-05 11:13:00,2026-04-05 11:34:00,21.0,2026-04-05 12:17:00,2026-04-05 13:03:00,B17 A,464.0,14.81,31.33,5.23,1.61,46.0
283,2026-04-05,FH8116,2026-04-05 06:35:00,2026-04-05 06:00:00,-35.0,2026-04-05 06:07:00,2026-04-05 06:09:00,B15 A,22.0,14.39,1.53,6.22,1.24,2.0
283,2026-04-05,LH1004,2026-04-05 09:50:00,2026-04-05 09:53:00,3.0,2026-04-05 10:20:00,2026-04-05 10:27:00,A43 ,33.0,16.81,1.96,4.2,1.99,7.0
283,2026-04-05,SN1122,2026-04-05 08:39:00,2026-04-05 09:08:00,29.0,2026-04-05 09:20:00,2026-04-05 09:21:00,B40 A,13.0,14.56,0.89,6.1,2.04,1.0
283,2026-04-05,SN1124,2026-04-05 07:10:00,2026-04-05 07:19:00,9.0,2026-04-05 07:32:00,2026-04-05 07:48:00,B30 A,138.0,14.69,9.39,4.85,1.84,16.0
283,2026-04-05,SN206,2026-04-05 06:25:00,2026-04-05 06:48:00,23.0,2026-04-05 07:07:00,2026-04-05 07:30:00,B38 A,154.0,10.65,14.46,4.3,2.72,23.0
283,2026-04-05,SN229,2026-04-05 12:06:00,2026-04-05 12:12:00,6.0,2026-04-05 12:39:00,2026-04-05 13:03:00,B28 A,20.0,11.62,1.72,4.98,1.61,24.0
283,2026-04-05,SN278,2026-04-05 10:45:00,2026-04-05 10:42:00,-3.0,2026-04-05 11:04:00,2026-04-05 11:16:00,B28 A,198.0,13.44,14.73,5.44,1.47,12.0
283,2026-04-05,SN2900,2026-04-05 08:46:00,2026-04-05 08:33:00,-13.0,2026-04-05 08:58:00,2026-04-05 09:02:00,B14 A,79.0,12.71,6.21,4.56,1.46,4.0
283,2026-04-05,SN3326,2026-04-05 11:24:00,2026-04-05 11:41:00,17.0,2026-04-05 12:06:00,2026-04-05 12:12:00,B14 A,111.0,13.48,8.24,4.87,1.37,6.0
283,2026-04-05,SN358,2026-04-05 10:21:00,2026-04-05 11:13:00,52.0,2026-04-05 11:43:00,2026-04-05 12:03:00,B38 A,126.0,11.8,10.68,5.37,2.17,20.0
283,2026-04-05,SN379,2026-04-05 08:11:00,2026-04-05 08:40:00,29.0,2026-04-05 08:59:00,2026-04-05 09:27:00,B28 A,76.0,12.66,6.0,5.41,1.48,28.0
283,2026-04-05,SN3800,2026-04-05 06:15:00,2026-04-05 06:16:00,1.0,2026-04-05 06:28:00,2026-04-05 06:30:00,A65 ,27.0,10.69,2.53,5.07,1.64,2.0
283,2026-04-05,TB1552,2026-04-05 10:15:00,2026-04-05 10:31:00,16.0,2026-04-05 10:50:00,2026-04-05 10:59:00,A69 ,164.0,13.16,12.46,6.26,1.33,9.0
283,2026-04-05,TB2632,2026-04-05 09:29:00,2026-04-05 09:09:00,-20.0,2026-04-05 09:35:00,2026-04-05 09:44:00,B9  A,114.0,11.46,9.95,5.04,1.65,9.0
283,2026-04-05,TB2662,2026-04-05 09:15:00,2026-04-05 09:04:00,-11.0,2026-04-05 09:22:00,2026-04-05 09:30:00,B34 A,90.0,15.31,5.88,5.18,1.99,8.0
283,2026-04-05,TG934,2026-04-05 09:21:00,2026-04-05 09:16:00,-5.0,2026-04-05 09:38:00,2026-04-05 09:58:00,B38 A,249.0,12.82,19.43,5.05,2.31,20.0
283,2026-04-05,UA950,2026-04-05 12:20:00,2026-04-05 11:58:00,-22.0,2026-04-05 12:14:00,2026-04-05 12:42:00,B37 A,127.0,12.84,9.89,6.05,2.01,28.0
283,2026-04-05,UA994,2026-04-05 10:51:00,2026-04-05 10:01:00,-50.0,2026-04-05 10:18:00,2026-04-05 10:42:00,B38 A,177.0,13.82,12.81,6.41,1.82,24.0
283,2026-04-05,XR5402,2026-04-05 07:46:00,2026-04-05 08:56:00,70.0,2026-04-05 09:23:00,2026-04-05 09:26:00,B5  A,88.0,13.56,6.49,4.48,1.86,3.0
284,2026-04-05,AC832,2026-04-05 10:17:00,2026-04-05 10:43:00,26.0,2026-04-05 11:00:00,2026-04-05 11:34:00,B14 A,172.0,12.82,13.42,4.36,1.53,34.0
284,2026-04-05,ET750,2026-04-05 09:11:00,2026-04-05 09:13:00,2.0,2026-04-05 09:42:00,2026-04-05 10:46:00,B40 A,421.0,16.94,24.85,4.77,2.6,64.0
284,2026-04-05,FH8116,2026-04-05 12:44:00,2026-04-05 12:48:00,4.0,2026-04-05 13:06:00,2026-04-05 13:13:00,B38 A,140.0,14.58,9.6,5.19,2.25,7.0
284,2026-04-05,LH1004,2026-04-05 12:50:00,2026-04-05 12:50:00,0.0,2026-04-05 13:03:00,2026-04-05 13:30:00,A43 ,40.0,14.72,2.72,5.87,1.42,27.0
284,2026-04-05,SN1122,2026-04-05 08:39:00,2026-04-05 09:08:00,29.0,2026-04-05 09:20:00,2026-04-05 09:21:00,B40 A,13.0,15.21,0.85,3.7,3.35,1.0
284,2026-04-05,SN1124,2026-04-05 07:10:00,2026-04-05 07:19:00,9.0,2026-04-05 07:32:00,2026-04-05 07:48:00,B30 A,138.0,11.92,11.58,6.29,1.42,16.0
284,2026-04-05,SN206,2026-04-05 06:25:00,2026-04-05 06:48:00,23.0,2026-04-05 07:07:00,2026-04-05 07:30:00,B38 A,154.0,15.89,9.69,5.11,2.28,23.0
284,2026-04-05,SN229,2026-04-05 08:06:00,2026-04-05 09:20:00,74.0,2026-04-05 09:41:00,2026-04-05 10:22:00,B14 A,144.0,15.25,9.44,5.97,1.12,41.0
284,2026-04-05,SN278,2026-04-05 10:45:00,2026-04-05 10:42:00,-3.0,2026-04-05 11:04:00,2026-04-05 11:16:00,B28 A,198.0,11.36,17.43,4.34,1.84,12.0
284,2026-04-05,SN2900,2026-04-05 08:46:00,2026-04-05 08:33:00,-13.0,2026-04-05 08:58:00,2026-04-05 09:02:00,B14 A,79.0,13.21,5.98,3.92,1.7,4.0
284,2026-04-05,SN3326,2026-04-05 11:24:00,2026-04-05 11:41:00,17.0,2026-04-05 12:06:00,2026-04-05 12:12:00,B14 A,111.0,9.72,11.42,4.78,1.39,6.0
284,2026-04-05,SN358,2026-04-05 12:21:00,2026-04-05 12:23:00,2.0,2026-04-05 12:43:00,2026-04-05 13:14:00,B28 A,176.0,13.22,13.31,4.15,1.93,31.0
284,2026-04-05,SN379,2026-04-05 08:11:00,2026-04-05 08:40:00,29.0,2026-04-05 08:59:00,2026-04-05 09:27:00,B28 A,76.0,8.13,9.35,6.27,1.28,28.0
284,2026-04-05,SN3800,2026-04-05 06:15:00,2026-04-05 06:16:00,1.0,2026-04-05 06:28:00,2026-04-05 06:30:00,A65 ,27.0,10.05,2.69,4.16,2.0,2.0
284,2026-04-05,TB1552,2026-04-05 07:15:00,2026-04-05 07:08:00,-7.0,2026-04-05 07:38:00,2026-04-05 07:45:00,A61 ,152.0,13.73,11.07,5.18,1.61,7.0
284,2026-04-05,TB2632,2026-04-05 09:29:00,2026-04-05 09:09:00,-20.0,2026-04-05 09:35:00,2026-04-05 09:44:00,B9  A,114.0,14.63,7.79,5.38,1.55,9.0
284,2026-04-05,TB2662,2026-04-05 09:15:00,2026-04-05 09:04:00,-11.0,2026-04-05 09:22:00,2026-04-05 09:30:00,B34 A,90.0,15.29,5.89,4.52,2.29,8.0
284,2026-04-05,TG934,2026-04-05 09:21:00,2026-04-05 09:16:00,-5.0,2026-04-05 09:38:00,2026-04-05 09:58:00,B38 A,249.0,12.53,19.87,7.32,1.59,20.0
284,2026-04-05,UA950,2026-04-05 10:20:00,2026-04-05 09:58:00,-22.0,2026-04-05 10:24:00,2026-04-05 10:51:00,B40 A,188.0,14.17,13.27,4.19,2.96,27.0
284,2026-04-05,UA994,2026-04-05 08:51:00,2026-04-05 08:32:00,-19.0,2026-04-05 08:52:00,2026-04-05 09:25:00,B40 A,171.0,10.93,15.65,5.84,2.13,33.0
284,2026-04-05,XR5402,2026-04-05 07:46:00,2026-04-05 08:56:00,70.0,2026-04-05 09:23:00,2026-04-05 09:26:00,B5  A,88.0,13.57,6.49,3.71,2.25,3.0
285,2026-04-05,AC832,2026-04-05 12:18:00,2026-04-05 11:38:00,-40.0,2026-04-05 11:54:00,2026-04-05 12:17:00,B30 A,100.0,11.34,8.82,4.94,1.8,23.0
285,2026-04-05,ET750,2026-04-05 11:13:00,2026-04-05 11:34:00,21.0,2026-04-05 12:17:00,2026-04-05 13:03:00,B17 A,464.0,12.36,37.55,5.02,1.67,46.0
285,2026-04-05,FH8116,2026-04-05 06:35:00,2026-04-05 06:00:00,-35.0,2026-04-05 06:07:00,2026-04-05 06:09:00,B15 A,22.0,12.82,1.72,4.91,1.57,2.0
285,2026-04-05,LH1004,2026-04-05 09:50:00,2026-04-05 09:53:00,3.0,2026-04-05 10:20:00,2026-04-05 10:27:00,A43 ,33.0,11.92,2.77,4.64,1.8,7.0
285,2026-04-05,SN1122,2026-04-05 08:39:00,2026-04-05 09:08:00,29.0,2026-04-05 09:20:00,2026-04-05 09:21:00,B40 A,13.0,12.26,1.06,5.87,2.12,1.0
285,2026-04-05,SN1124,2026-04-05 07:10:00,2026-04-05 07:19:00,9.0,2026-04-05 07:32:00,2026-04-05 07:48:00,B30 A,138.0,14.18,9.73,4.66,1.91,16.0
285,2026-04-05,SN206,2026-04-05 06:25:00,2026-04-05 06:48:00,23.0,2026-04-05 07:07:00,2026-04-05 07:30:00,B38 A,154.0,12.72,12.11,4.57,2.55,23.0
285,2026-04-05,SN229,2026-04-05 08:06:00,2026-04-05 09:20:00,74.0,2026-04-05 09:41:00,2026-04-05 10:22:00,B14 A,144.0,12.27,11.73,5.12,1.3,41.0
285,2026-04-05,SN278,2026-04-05 08:43:00,2026-04-05 08:27:00,-16.0,2026-04-05 08:40:00,2026-04-05 09:10:00,B37 A,123.0,13.25,9.28,5.09,2.39,30.0
285,2026-04-05,SN2900,2026-04-05 10:44:00,2026-04-05 11:04:00,20.0,2026-04-05 11:13:00,2026-04-05 11:34:00,B32 A,49.0,12.56,3.9,4.39,2.2,21.0
285,2026-04-05,SN3326,2026-04-05 07:45:00,2026-04-05 08:05:00,20.0,2026-04-05 08:16:00,2026-04-05 08:36:00,B28 A,123.0,14.12,8.71,3.99,2.01,20.0
285,2026-04-05,SN358,2026-04-05 12:21:00,2026-04-05 12:23:00,2.0,2026-04-05 12:43:00,2026-04-05 13:14:00,B28 A,176.0,16.28,10.81,5.92,1.35,31.0
285,2026-04-05,SN379,2026-04-05 10:10:00,2026-04-05 11:03:00,53.0,2026-04-05 11:42:00,2026-04-05 12:19:00,B29 A,161.0,11.43,14.09,4.43,2.22,37.0
285,2026-04-05,SN3800,2026-04-05 06:15:00,2026-04-05 06:16:00,1.0,2026-04-05 06:28:00,2026-04-05 06:30:00,A65 ,27.0,14.48,1.86,3.91,2.13,2.0
285,2026-04-05,TB1552,2026-04-05 07:15:00,2026-04-05 07:08:00,-7.0,2026-04-05 07:38:00,2026-04-05 07:45:00,A61 ,152.0,11.65,13.05,4.96,1.68,7.0
285,2026-04-05,TB2632,2026-04-05 09:29:00,2026-04-05 09:09:00,-20.0,2026-04-05 09:35:00,2026-04-05 09:44:00,B9  A,114.0,11.0,10.36,5.56,1.5,9.0
285,2026-04-05,TB2662,2026-04-05 09:15:00,2026-04-05 09:04:00,-11.0,2026-04-05 09:22:00,2026-04-05 09:30:00,B34 A,90.0,10.73,8.39,5.16,2.0,8.0
285,2026-04-05,TG934,2026-04-05 12:22:00,2026-04-05 12:26:00,4.0,2026-04-05 12:46:00,2026-04-05 13:15:00,B34 A,260.0,14.84,17.52,5.34,1.93,29.0
285,2026-04-05,UA950,2026-04-05 12:20:00,2026-04-05 11:58:00,-22.0,2026-04-05 12:14:00,2026-04-05 12:42:00,B37 A,127.0,11.44,11.1,6.21,1.96,28.0
285,2026-04-05,UA994,2026-04-05 09:51:00,2026-04-05 11:28:00,97.0,2026-04-05 11:44:00,2026-04-05 12:09:00,B40 A,135.0,11.47,11.77,3.81,3.26,25.0
285,2026-04-05,XR5402,2026-04-05 07:46:00,2026-04-05 08:56:00,70.0,2026-04-05 09:23:00,2026-04-05 09:26:00,B5  A,88.0,13.19,6.67,5.81,1.44,3.0
286,2026-04-05,AC832,2026-04-05 10:17:00,2026-04-05 10:43:00,26.0,2026-04-05 11:00:00,2026-04-05 11:34:00,B14 A,172.0,13.77,12.49,3.72,1.79,34.0
286,2026-04-05,ET750,2026-04-05 11:13:00,2026-04-05 11:34:00,21.0,2026-04-05 12:17:00,2026-04-05 13:03:00,B17 A,464.0,13.97,33.21,4.25,1.98,46.0
286,2026-04-05,FH8116,2026-04-05 12:44:00,2026-04-05 12:48:00,4.0,2026-04-05 13:06:00,2026-04-05 13:13:00,B38 A,140.0,10.76,13.01,4.15,2.81,7.0
286,2026-04-05,LH1004,2026-04-05 09:50:00,2026-04-05 09:53:00,3.0,2026-04-05 10:20:00,2026-04-05 10:27:00,A43 ,33.0,13.37,2.47,4.4,1.89,7.0
286,2026-04-05,SN1122,2026-04-05 08:39:00,2026-04-05 09:08:00,29.0,2026-04-05 09:20:00,2026-04-05 09:21:00,B40 A,13.0,12.77,1.02,5.99,2.07,1.0
286,2026-04-05,SN1124,2026-04-05 07:10:00,2026-04-05 07:19:00,9.0,2026-04-05 07:32:00,2026-04-05 07:48:00,B30 A,138.0,14.18,9.74,6.07,1.47,16.0
286,2026-04-05,SN206,2026-04-05 06:25:00,2026-04-05 06:48:00,23.0,2026-04-05 07:07:00,2026-04-05 07:30:00,B38 A,154.0,14.41,10.69,5.13,2.27,23.0
286,2026-04-05,SN229,2026-04-05 10:04:00,2026-04-05 10:26:00,22.0,2026-04-05 10:41:00,2026-04-05 11:10:00,B31 A,120.0,14.73,8.15,5.12,2.1,29.0
286,2026-04-05,SN278,2026-04-05 12:46:00,2026-04-05 12:41:00,-5.0,2026-04-05 13:04:00,2026-04-05 13:33:00,B31 A,62.0,11.47,5.41,5.37,2.0,29.0
286,2026-04-05,SN2900,2026-04-05 08:46:00,2026-04-05 08:33:00,-13.0,2026-04-05 08:58:00,2026-04-05 09:02:00,B14 A,79.0,11.28,7.0,5.81,1.15,4.0
286,2026-04-05,SN3326,2026-04-05 11:24:00,2026-04-05 11:41:00,17.0,2026-04-05 12:06:00,2026-04-05 12:12:00,B14 A,111.0,12.44,8.92,5.47,1.22,6.0
286,2026-04-05,SN358,2026-04-05 11:21:00,2026-04-05 11:29:00,8.0,2026-04-05 11:42:00,2026-04-05 12:06:00,B14 A,177.0,14.95,11.84,5.95,1.12,24.0
286,2026-04-05,SN379,2026-04-05 10:10:00,2026-04-05 11:03:00,53.0,2026-04-05 11:42:00,2026-04-05 12:19:00,B29 A,161.0,13.78,11.69,4.35,2.26,37.0
286,2026-04-05,SN3800,2026-04-05 06:15:00,2026-04-05 06:16:00,1.0,2026-04-05 06:28:00,2026-04-05 06:30:00,A65 ,27.0,14.95,1.81,5.81,1.43,2.0
286,2026-04-05,TB1552,2026-04-05 08:29:00,2026-04-05 08:25:00,-4.0,2026-04-05 08:46:00,2026-04-05 08:54:00,A61 ,166.0,13.56,12.24,5.98,1.39,8.0
286,2026-04-05,TB2632,2026-04-05 09:29:00,2026-04-05 09:09:00,-20.0,2026-04-05 09:35:00,2026-04-05 09:44:00,B9  A,114.0,11.8,9.66,5.36,1.55,9.0
286,2026-04-05,TB2662,2026-04-05 09:15:00,2026-04-05 09:04:00,-11.0,2026-04-05 09:22:00,2026-04-05 09:30:00,B34 A,90.0,13.22,6.81,5.56,1.86,8.0
286,2026-04-05,TG934,2026-04-05 09:21:00,2026-04-05 09:16:00,-5.0,2026-04-05 09:38:00,2026-04-05 09:58:00,B38 A,249.0,13.66,18.22,5.9,1.98,20.0
286,2026-04-05,UA950,2026-04-05 08:20:00,2026-04-05 08:20:00,0.0,2026-04-05 08:36:00,2026-04-05 09:25:00,B38 A,176.0,16.1,10.93,4.98,2.34,49.0
286,2026-04-05,UA994,2026-04-05 08:51:00,2026-04-05 08:32:00,-19.0,2026-04-05 08:52:00,2026-04-05 09:25:00,B40 A,171.0,11.68,14.64,5.08,2.45,33.0
286,2026-04-05,XR5402,2026-04-05 07:46:00,2026-04-05 08:56:00,70.0,2026-04-05 09:23:00,2026-04-05 09:26:00,B5  A,88.0,9.92,8.87,5.96,1.4,3.0
287,2026-04-05,AC832,2026-04-05 08:17:00,2026-04-05 07:46:00,-31.0,2026-04-05 08:02:00,2026-04-05 08:29:00,B30 A,122.0,9.87,12.37,4.57,1.95,27.0
287,2026-04-05,ET750,2026-04-05 11:13:00,2026-04-05 11:34:00,21.0,2026-04-05 12:17:00,2026-04-05 13:03:00,B17 A,464.0,14.73,31.51,4.12,2.04,46.0
287,2026-04-05,FH8116,2026-04-05 06:35:00,2026-04-05 06:00:00,-35.0,2026-04-05 06:07:00,2026-04-05 06:09:00,B15 A,22.0,11.03,2.0,5.38,1.44,2.0
287,2026-04-05,LH1004,2026-04-05 11:51:00,2026-04-05 11:47:00,-4.0,2026-04-05 12:07:00,2026-04-05 12:12:00,A43 ,23.0,15.5,1.48,5.3,1.57,5.0
287,2026-04-05,SN1122,2026-04-05 08:39:00,2026-04-05 09:08:00,29.0,2026-04-05 09:20:00,2026-04-05 09:21:00,B40 A,13.0,10.08,1.29,3.92,3.17,1.0
287,2026-04-05,SN1124,2026-04-05 07:10:00,2026-04-05 07:19:00,9.0,2026-04-05 07:32:00,2026-04-05 07:48:00,B30 A,138.0,14.03,9.83,6.36,1.4,16.0
287,2026-04-05,SN206,2026-04-05 06:25:00,2026-04-05 06:48:00,23.0,2026-04-05 07:07:00,2026-04-05 07:30:00,B38 A,154.0,12.15,12.68,4.71,2.48,23.0
287,2026-04-05,SN229,2026-04-05 12:06:00,2026-04-05 12:12:00,6.0,2026-04-05 12:39:00,2026-04-05 13:03:00,B28 A,20.0,9.1,2.2,5.44,1.47,24.0
287,2026-04-05,SN278,2026-04-05 12:46:00,2026-04-05 12:41:00,-5.0,2026-04-05 13:04:00,2026-04-05 13:33:00,B31 A,62.0,13.01,4.77,4.39,2.45,29.0
287,2026-04-05,SN2900,2026-04-05 08:46:00,2026-04-05 08:33:00,-13.0,2026-04-05 08:58:00,2026-04-05 09:02:00,B14 A,79.0,14.84,5.32,4.78,1.4,4.0
287,2026-04-05,SN3326,2026-04-05 07:45:00,2026-04-05 08:05:00,20.0,2026-04-05 08:16:00,2026-04-05 08:36:00,B28 A,123.0,15.95,7.71,4.38,1.83,20.0
287,2026-04-05,SN358,2026-04-05 12:21:00,2026-04-05 12:23:00,2.0,2026-04-05 12:43:00,2026-04-05 13:14:00,B28 A,176.0,10.68,16.47,4.63,1.73,31.0
287,2026-04-05,SN379,2026-04-05 08:11:00,2026-04-05 08:40:00,29.0,2026-04-05 08:59:00,2026-04-05 09:27:00,B28 A,76.0,13.87,5.48,7.59,1.05,28.0
287,2026-04-05,SN3800,2026-04-05 06:15:00,2026-04-05 06:16:00,1.0,2026-04-05 06:28:00,2026-04-05 06:30:00,A65 ,27.0,11.48,2.35,5.35,1.56,2.0
287,2026-04-05,TB1552,2026-04-05 10:15:00,2026-04-05 10:31:00,16.0,2026-04-05 10:50:00,2026-04-05 10:59:00,A69 ,164.0,14.13,11.6,4.04,2.06,9.0
287,2026-04-05,TB2632,2026-04-05 09:29:00,2026-04-05 09:09:00,-20.0,2026-04-05 09:35:00,2026-04-05 09:44:00,B9  A,114.0,12.92,8.82,4.44,1.88,9.0
287,2026-04-05,TB2662,2026-04-05 09:15:00,2026-04-05 09:04:00,-11.0,2026-04-05 09:22:00,2026-04-05 09:30:00,B34 A,90.0,11.81,7.62,4.28,2.42,8.0
287,2026-04-05,TG934,2026-04-05 09:21:00,2026-04-05 09:16:00,-5.0,2026-04-05 09:38:00,2026-04-05 09:58:00,B38 A,249.0,12.53,19.87,5.68,2.06,20.0
287,2026-04-05,UA950,2026-04-05 12:20:00,2026-04-05 11:58:00,-22.0,2026-04-05 12:14:00,2026-04-05 12:42:00,B37 A,127.0,13.09,9.7,5.39,2.26,28.0
287,2026-04-05,UA994,2026-04-05 09:51:00,2026-04-05 11:28:00,97.0,2026-04-05 11:44:00,2026-04-05 12:09:00,B40 A,135.0,13.43,10.05,4.04,3.07,25.0
287,2026-04-05,XR5402,2026-04-05 07:46:00,2026-04-05 08:56:00,70.0,2026-04-05 09:23:00,2026-04-05 09:26:00,B5  A,88.0,12.28,7.17,4.89,1.7,3.0
288,2026-04-05,AC832,2026-04-05 12:18:00,2026-04-05 11:38:00,-40.0,2026-04-05 11:54:00,2026-04-05 12:17:00,B30 A,100.0,15.37,6.51,4.33,2.06,23.0
288,2026-04-05,ET750,2026-04-05 11:13:00,2026-04-05 11:34:00,21.0,2026-04-05 12:17:00,2026-04-05 13:03:00,B17 A,464.0,14.47,32.07,4.56,1.85,46.0
288,2026-04-05,FH8116,2026-04-05 12:44:00,2026-04-05 12:48:00,4.0,2026-04-05 13:06:00,2026-04-05 13:13:00,B38 A,140.0,12.5,11.2,4.83,2.42,7.0
288,2026-04-05,LH1004,2026-04-05 11:51:00,2026-04-05 11:47:00,-4.0,2026-04-05 12:07:00,2026-04-05 12:12:00,A43 ,23.0,15.78,1.46,4.54,1.84,5.0
288,2026-04-05,SN1122,2026-04-05 08:39:00,2026-04-05 09:08:00,29.0,2026-04-05 09:20:00,2026-04-05 09:21:00,B40 A,13.0,12.75,1.02,4.24,2.93,1.0
288,2026-04-05,SN1124,2026-04-05 07:10:00,2026-04-05 07:19:00,9.0,2026-04-05 07:32:00,2026-04-05 07:48:00,B30 A,138.0,16.42,8.4,5.3,1.68,16.0
288,2026-04-05,SN206,2026-04-05 06:25:00,2026-04-05 06:48:00,23.0,2026-04-05 07:07:00,2026-04-05 07:30:00,B38 A,154.0,12.43,12.39,6.24,1.87,23.0
288,2026-04-05,SN229,2026-04-05 08:06:00,2026-04-05 09:20:00,74.0,2026-04-05 09:41:00,2026-04-05 10:22:00,B14 A,144.0,12.13,11.87,5.95,1.12,41.0
288,2026-04-05,SN278,2026-04-05 10:45:00,2026-04-05 10:42:00,-3.0,2026-04-05 11:04:00,2026-04-05 11:16:00,B28 A,198.0,15.47,12.8,5.08,1.57,12.0
288,2026-04-05,SN2900,2026-04-05 08:46:00,2026-04-05 08:33:00,-13.0,2026-04-05 08:58:00,2026-04-05 09:02:00,B14 A,79.0,10.98,7.19,6.35,1.05,4.0
288,2026-04-05,SN3326,2026-04-05 11:24:00,2026-04-05 11:41:00,17.0,2026-04-05 12:06:00,2026-04-05 12:12:00,B14 A,111.0,13.91,7.98,4.29,1.56,6.0
288,2026-04-05,SN358,2026-04-05 10:21:00,2026-04-05 11:13:00,52.0,2026-04-05 11:43:00,2026-04-05 12:03:00,B38 A,126.0,13.39,9.41,5.33,2.19,20.0
288,2026-04-05,SN379,2026-04-05 10:10:00,2026-04-05 11:03:00,53.0,2026-04-05 11:42:00,2026-04-05 12:19:00,B29 A,161.0,10.39,15.49,4.4,2.23,37.0
288,2026-04-05,SN3800,2026-04-05 06:15:00,2026-04-05 06:16:00,1.0,2026-04-05 06:28:00,2026-04-05 06:30:00,A65 ,27.0,9.01,3.0,4.28,1.95,2.0
288,2026-04-05,TB1552,2026-04-05 08:29:00,2026-04-05 08:25:00,-4.0,2026-04-05 08:46:00,2026-04-05 08:54:00,A61 ,166.0,13.81,12.02,4.19,1.99,8.0
288,2026-04-05,TB2632,2026-04-05 09:29:00,2026-04-05 09:09:00,-20.0,2026-04-05 09:35:00,2026-04-05 09:44:00,B9  A,114.0,11.53,9.88,4.87,1.71,9.0
288,2026-04-05,TB2662,2026-04-05 09:15:00,2026-04-05 09:04:00,-11.0,2026-04-05 09:22:00,2026-04-05 09:30:00,B34 A,90.0,9.02,9.97,5.21,1.98,8.0
288,2026-04-05,TG934,2026-04-05 12:22:00,2026-04-05 12:26:00,4.0,2026-04-05 12:46:00,2026-04-05 13:15:00,B34 A,260.0,14.62,17.78,5.25,1.97,29.0
288,2026-04-05,UA950,2026-04-05 10:20:00,2026-04-05 09:58:00,-22.0,2026-04-05 10:24:00,2026-04-05 10:51:00,B40 A,188.0,13.99,13.44,4.75,2.61,27.0
288,2026-04-05,UA994,2026-04-05 09:51:00,2026-04-05 11:28:00,97.0,2026-04-05 11:44:00,2026-04-05 12:09:00,B40 A,135.0,15.58,8.67,4.49,2.77,25.0
288,2026-04-05,XR5402,2026-04-05 07:46:00,2026-04-05 08:56:00,70.0,2026-04-05 09:23:00,2026-04-05 09:26:00,B5  A,88.0,12.95,6.79,5.35,1.56,3.0
289,2026-04-05,AC832,2026-04-05 08:17:00,2026-04-05 07:46:00,-31.0,2026-04-05 08:02:00,2026-04-05 08:29:00,B30 A,122.0,10.98,11.11,4.85,1.84,27.0
289,2026-04-05,ET750,2026-04-05 11:13:00,2026-04-05 11:34:00,21.0,2026-04-05 12:17:00,2026-04-05 13:03:00,B17 A,464.0,13.31,34.86,6.18,1.36,46.0
289,2026-04-05,FH8116,2026-04-05 06:35:00,2026-04-05 06:00:00,-35.0,2026-04-05 06:07:00,2026-04-05 06:09:00,B15 A,22.0,14.8,1.49,4.87,1.59,2.0
289,2026-04-05,LH1004,2026-04-05 11:51:00,2026-04-05 11:47:00,-4.0,2026-04-05 12:07:00,2026-04-05 12:12:00,A43 ,23.0,12.26,1.88,5.12,1.63,5.0
289,2026-04-05,SN1122,2026-04-05 08:39:00,2026-04-05 09:08:00,29.0,2026-04-05 09:20:00,2026-04-05 09:21:00,B40 A,13.0,11.97,1.09,4.23,2.94,1.0
289,2026-04-05,SN1124,2026-04-05 07:10:00,2026-04-05 07:19:00,9.0,2026-04-05 07:32:00,2026-04-05 07:48:00,B30 A,138.0,14.81,9.32,4.13,2.16,16.0
289,2026-04-05,SN206,2026-04-05 06:25:00,2026-04-05 06:48:00,23.0,2026-04-05 07:07:00,2026-04-05 07:30:00,B38 A,154.0,15.34,10.04,5.14,2.27,23.0
289,2026-04-05,SN229,2026-04-05 12:06:00,2026-04-05 12:12:00,6.0,2026-04-05 12:39:00,2026-04-05 13:03:00,B28 A,20.0,12.81,1.56,3.97,2.02,24.0
289,2026-04-05,SN278,2026-04-05 12:46:00,2026-04-05 12:41:00,-5.0,2026-04-05 13:04:00,2026-04-05 13:33:00,B31 A,62.0,14.31,4.33,6.06,1.77,29.0
289,2026-04-05,SN2900,2026-04-05 08:46:00,2026-04-05 08:33:00,-13.0,2026-04-05 08:58:00,2026-04-05 09:02:00,B14 A,79.0,10.38,7.61,4.2,1.59,4.0
289,2026-04-05,SN3326,2026-04-05 11:24:00,2026-04-05 11:41:00,17.0,2026-04-05 12:06:00,2026-04-05 12:12:00,B14 A,111.0,13.46,8.24,5.25,1.27,6.0
289,2026-04-05,SN358,2026-04-05 08:21:00,2026-04-05 08:24:00,3.0,2026-04-05 08:42:00,2026-04-05 09:09:00,B14 A,112.0,12.09,9.26,5.1,1.31,27.0
289,2026-04-05,SN379,2026-04-05 10:10:00,2026-04-05 11:03:00,53.0,2026-04-05 11:42:00,2026-04-05 12:19:00,B29 A,161.0,12.53,12.85,5.22,1.88,37.0
289,2026-04-05,SN3800,2026-04-05 06:15:00,2026-04-05 06:16:00,1.0,2026-04-05 06:28:00,2026-04-05 06:30:00,A65 ,27.0,11.9,2.27,4.59,1.82,2.0
289,2026-04-05,TB1552,2026-04-05 10:15:00,2026-04-05 10:31:00,16.0,2026-04-05 10:50:00,2026-04-05 10:59:00,A69 ,164.0,12.31,13.33,4.97,1.68,9.0
289,2026-04-05,TB2632,2026-04-05 09:29:00,2026-04-05 09:09:00,-20.0,2026-04-05 09:35:00,2026-04-05 09:44:00,B9  A,114.0,11.38,10.02,5.86,1.42,9.0
289,2026-04-05,TB2662,2026-04-05 09:15:00,2026-04-05 09:04:00,-11.0,2026-04-05 09:22:00,2026-04-05 09:30:00,B34 A,90.0,9.88,9.11,4.67,2.21,8.0
289,2026-04-05,TG934,2026-04-05 09:21:00,2026-04-05 09:16:00,-5.0,2026-04-05 09:38:00,2026-04-05 09:58:00,B38 A,249.0,14.26,17.46,5.49,2.13,20.0
289,2026-04-05,UA950,2026-04-05 08:20:00,2026-04-05 08:20:00,0.0,2026-04-05 08:36:00,2026-04-05 09:25:00,B38 A,176.0,14.32,12.29,4.26,2.74,49.0
289,2026-04-05,UA994,2026-04-05 09:51:00,2026-04-05 11:28:00,97.0,2026-04-05 11:44:00,2026-04-05 12:09:00,B40 A,135.0,13.96,9.67,4.86,2.56,25.0
289,2026-04-05,XR5402,2026-04-05 07:46:00,2026-04-05 08:56:00,70.0,2026-04-05 09:23:00,2026-04-05 09:26:00,B5  A,88.0,10.62,8.29,3.59,2.32,3.0
290,2026-04-05,AC832,2026-04-05 10:17:00,2026-04-05 10:43:00,26.0,2026-04-05 11:00:00,2026-04-05 11:34:00,B14 A,172.0,11.6,14.82,4.9,1.36,34.0
290,2026-04-05,ET750,2026-04-05 11:13:00,2026-04-05 11:34:00,21.0,2026-04-05 12:17:00,2026-04-05 13:03:00,B17 A,464.0,14.07,32.99,4.23,1.99,46.0
290,2026-04-05,FH8116,2026-04-05 06:35:00,2026-04-05 06:00:00,-35.0,2026-04-05 06:07:00,2026-04-05 06:09:00,B15 A,22.0,10.6,2.08,5.14,1.5,2.0
290,2026-04-05,LH1004,2026-04-05 11:51:00,2026-04-05 11:47:00,-4.0,2026-04-05 12:07:00,2026-04-05 12:12:00,A43 ,23.0,13.02,1.77,4.78,1.74,5.0
290,2026-04-05,SN1122,2026-04-05 08:39:00,2026-04-05 09:08:00,29.0,2026-04-05 09:20:00,2026-04-05 09:21:00,B40 A,13.0,10.88,1.19,5.11,2.43,1.0
290,2026-04-05,SN1124,2026-04-05 07:10:00,2026-04-05 07:19:00,9.0,2026-04-05 07:32:00,2026-04-05 07:48:00,B30 A,138.0,16.59,8.32,5.76,1.55,16.0
290,2026-04-05,SN206,2026-04-05 06:25:00,2026-04-05 06:48:00,23.0,2026-04-05 07:07:00,2026-04-05 07:30:00,B38 A,154.0,12.79,12.04,5.14,2.27,23.0
290,2026-04-05,SN229,2026-04-05 08:06:00,2026-04-05 09:20:00,74.0,2026-04-05 09:41:00,2026-04-05 10:22:00,B14 A,144.0,12.93,11.14,4.23,1.58,41.0
290,2026-04-05,SN278,2026-04-05 12:46:00,2026-04-05 12:41:00,-5.0,2026-04-05 13:04:00,2026-04-05 13:33:00,B31 A,62.0,10.8,5.74,3.96,2.71,29.0
290,2026-04-05,SN2900,2026-04-05 07:39:00,2026-04-05 07:25:00,-14.0,2026-04-05 07:38:00,2026-04-05 07:53:00,B38 A,55.0,12.32,4.46,5.73,2.04,15.0
290,2026-04-05,SN3326,2026-04-05 07:45:00,2026-04-05 08:05:00,20.0,2026-04-05 08:16:00,2026-04-05 08:36:00,B28 A,123.0,13.43,9.16,4.36,1.83,20.0
290,2026-04-05,SN358,2026-04-05 12:21:00,2026-04-05 12:23:00,2.0,2026-04-05 12:43:00,2026-04-05 13:14:00,B28 A,176.0,12.12,14.52,5.15,1.55,31.0
290,2026-04-05,SN379,2026-04-05 10:10:00,2026-04-05 11:03:00,53.0,2026-04-05 11:42:00,2026-04-05 12:19:00,B29 A,161.0,11.83,13.61,6.59,1.49,37.0
290,2026-04-05,SN3800,2026-04-05 06:15:00,2026-04-05 06:16:00,1.0,2026-04-05 06:28:00,2026-04-05 06:30:00,A65 ,27.0,13.03,2.07,4.25,1.96,2.0
290,2026-04-05,TB1552,2026-04-05 08:29:00,2026-04-05 08:25:00,-4.0,2026-04-05 08:46:00,2026-04-05 08:54:00,A61 ,166.0,14.45,11.49,4.85,1.72,8.0
290,2026-04-05,TB2632,2026-04-05 09:29:00,2026-04-05 09:09:00,-20.0,2026-04-05 09:35:00,2026-04-05 09:44:00,B9  A,114.0,13.04,8.74,4.87,1.71,9.0
290,2026-04-05,TB2662,2026-04-05 09:15:00,2026-04-05 09:04:00,-11.0,2026-04-05 09:22:00,2026-04-05 09:30:00,B34 A,90.0,12.05,7.47,4.56,2.26,8.0
290,2026-04-05,TG934,2026-04-05 09:21:00,2026-04-05 09:16:00,-5.0,2026-04-05 09:38:00,2026-04-05 09:58:00,B38 A,249.0,13.0,19.16,6.31,1.85,20.0
290,2026-04-05,UA950,2026-04-05 10:20:00,2026-04-05 09:58:00,-22.0,2026-04-05 10:24:00,2026-04-05 10:51:00,B40 A,188.0,9.74,19.29,4.78,2.6,27.0
290,2026-04-05,UA994,2026-04-05 10:51:00,2026-04-05 10:01:00,-50.0,2026-04-05 10:18:00,2026-04-05 10:42:00,B38 A,177.0,12.96,13.66,4.87,2.39,24.0
290,2026-04-05,XR5402,2026-04-05 07:46:00,2026-04-05 08:56:00,70.0,2026-04-05 09:23:00,2026-04-05 09:26:00,B5  A,88.0,12.99,6.78,4.49,1.86,3.0
291,2026-04-05,AC832,2026-04-05 10:17:00,2026-04-05 10:43:00,26.0,2026-04-05 11:00:00,2026-04-05 11:34:00,B14 A,172.0,13.28,12.95,4.83,1.38,34.0
291,2026-04-05,ET750,2026-04-05 11:13:00,2026-04-05 11:34:00,21.0,2026-04-05 12:17:00,2026-04-05 13:03:00,B17 A,464.0,12.68,36.59,4.59,1.83,46.0
291,2026-04-05,FH8116,2026-04-05 06:35:00,2026-04-05 06:00:00,-35.0,2026-04-05 06:07:00,2026-04-05 06:09:00,B15 A,22.0,13.72,1.6,5.0,1.55,2.0
291,2026-04-05,LH1004,2026-04-05 08:50:00,2026-04-05 08:53:00,3.0,2026-04-05 09:06:00,2026-04-05 09:12:00,A43 ,29.0,14.1,2.06,3.64,2.29,6.0
291,2026-04-05,SN1122,2026-04-05 08:39:00,2026-04-05 09:08:00,29.0,2026-04-05 09:20:00,2026-04-05 09:21:00,B40 A,13.0,13.72,0.95,4.74,2.62,1.0
291,2026-04-05,SN1124,2026-04-05 07:10:00,2026-04-05 07:19:00,9.0,2026-04-05 07:32:00,2026-04-05 07:48:00,B30 A,138.0,15.25,9.05,5.31,1.68,16.0
291,2026-04-05,SN206,2026-04-05 06:25:00,2026-04-05 06:48:00,23.0,2026-04-05 07:07:00,2026-04-05 07:30:00,B38 A,154.0,11.0,14.0,5.01,2.33,23.0
291,2026-04-05,SN229,2026-04-05 08:06:00,2026-04-05 09:20:00,74.0,2026-04-05 09:41:00,2026-04-05 10:22:00,B14 A,144.0,12.22,11.79,4.15,1.61,41.0
291,2026-04-05,SN278,2026-04-05 12:46:00,2026-04-05 12:41:00,-5.0,2026-04-05 13:04:00,2026-04-05 13:33:00,B31 A,62.0,12.62,4.91,4.43,2.42,29.0
291,2026-04-05,SN2900,2026-04-05 08:46:00,2026-04-05 08:33:00,-13.0,2026-04-05 08:58:00,2026-04-05 09:02:00,B14 A,79.0,11.28,7.0,5.03,1.33,4.0
291,2026-04-05,SN3326,2026-04-05 11:24:00,2026-04-05 11:41:00,17.0,2026-04-05 12:06:00,2026-04-05 12:12:00,B14 A,111.0,13.96,7.95,4.52,1.47,6.0
291,2026-04-05,SN358,2026-04-05 08:21:00,2026-04-05 08:24:00,3.0,2026-04-05 08:42:00,2026-04-05 09:09:00,B14 A,112.0,9.76,11.47,4.93,1.35,27.0
291,2026-04-05,SN379,2026-04-05 10:10:00,2026-04-05 11:03:00,53.0,2026-04-05 11:42:00,2026-04-05 12:19:00,B29 A,161.0,14.08,11.43,5.1,1.93,37.0
291,2026-04-05,SN3800,2026-04-05 06:15:00,2026-04-05 06:16:00,1.0,2026-04-05 06:28:00,2026-04-05 06:30:00,A65 ,27.0,10.88,2.48,4.26,1.95,2.0
291,2026-04-05,TB1552,2026-04-05 08:29:00,2026-04-05 08:25:00,-4.0,2026-04-05 08:46:00,2026-04-05 08:54:00,A61 ,166.0,12.27,13.53,5.82,1.43,8.0
291,2026-04-05,TB2632,2026-04-05 09:29:00,2026-04-05 09:09:00,-20.0,2026-04-05 09:35:00,2026-04-05 09:44:00,B9  A,114.0,11.85,9.62,4.53,1.84,9.0
291,2026-04-05,TB2662,2026-04-05 09:15:00,2026-04-05 09:04:00,-11.0,2026-04-05 09:22:00,2026-04-05 09:30:00,B34 A,90.0,8.72,10.32,4.51,2.29,8.0
291,2026-04-05,TG934,2026-04-05 09:21:00,2026-04-05 09:16:00,-5.0,2026-04-05 09:38:00,2026-04-05 09:58:00,B38 A,249.0,14.81,16.82,4.26,2.74,20.0
291,2026-04-05,UA950,2026-04-05 09:21:00,2026-04-05 08:45:00,-36.0,2026-04-05 09:03:00,2026-04-05 09:29:00,B5  A,163.0,13.6,11.98,4.74,1.76,26.0
291,2026-04-05,UA994,2026-04-05 12:51:00,2026-04-05 12:35:00,-16.0,2026-04-05 12:54:00,2026-04-05 13:24:00,B38 A,109.0,8.56,12.74,5.67,2.06,30.0
291,2026-04-05,XR5402,2026-04-05 07:46:00,2026-04-05 08:56:00,70.0,2026-04-05 09:23:00,2026-04-05 09:26:00,B5  A,88.0,12.34,7.13,6.09,1.37,3.0
292,2026-04-05,AC832,2026-04-05 11:16:00,2026-04-05 10:39:00,-37.0,2026-04-05 10:54:00,2026-04-05 11:24:00,B5  A,101.0,13.01,7.76,5.16,1.62,30.0
292,2026-04-05,ET750,2026-04-05 11:13:00,2026-04-05 11:34:00,21.0,2026-04-05 12:17:00,2026-04-05 13:03:00,B17 A,464.0,13.13,35.33,4.56,1.85,46.0
292,2026-04-05,FH8116,2026-04-05 06:35:00,2026-04-05 06:00:00,-35.0,2026-04-05 06:07:00,2026-04-05 06:09:00,B15 A,22.0,14.06,1.57,4.79,1.61,2.0
292,2026-04-05,LH1004,2026-04-05 12:50:00,2026-04-05 12:50:00,0.0,2026-04-05 13:03:00,2026-04-05 13:30:00,A43 ,40.0,11.84,3.38,4.14,2.01,27.0
292,2026-04-05,SN1122,2026-04-05 08:39:00,2026-04-05 09:08:00,29.0,2026-04-05 09:20:00,2026-04-05 09:21:00,B40 A,13.0,11.25,1.16,4.67,2.66,1.0
292,2026-04-05,SN1124,2026-04-05 07:10:00,2026-04-05 07:19:00,9.0,2026-04-05 07:32:00,2026-04-05 07:48:00,B30 A,138.0,13.05,10.58,4.74,1.88,16.0
292,2026-04-05,SN206,2026-04-05 06:25:00,2026-04-05 06:48:00,23.0,2026-04-05 07:07:00,2026-04-05 07:30:00,B38 A,154.0,15.18,10.15,4.12,2.83,23.0
292,2026-04-05,SN229,2026-04-05 12:06:00,2026-04-05 12:12:00,6.0,2026-04-05 12:39:00,2026-04-05 13:03:00,B28 A,20.0,10.09,1.98,4.14,1.93,24.0
292,2026-04-05,SN278,2026-04-05 08:43:00,2026-04-05 08:27:00,-16.0,2026-04-05 08:40:00,2026-04-05 09:10:00,B37 A,123.0,14.14,8.7,4.54,2.68,30.0
292,2026-04-05,SN2900,2026-04-05 10:44:00,2026-04-05 11:04:00,20.0,2026-04-05 11:13:00,2026-04-05 11:34:00,B32 A,49.0,11.9,4.12,4.23,2.28,21.0
292,2026-04-05,SN3326,2026-04-05 07:45:00,2026-04-05 08:05:00,20.0,2026-04-05 08:16:00,2026-04-05 08:36:00,B28 A,123.0,13.64,9.02,5.99,1.34,20.0
292,2026-04-05,SN358,2026-04-05 11:21:00,2026-04-05 11:29:00,8.0,2026-04-05 11:42:00,2026-04-05 12:06:00,B14 A,177.0,15.65,11.31,4.63,1.44,24.0
292,2026-04-05,SN379,2026-04-05 08:11:00,2026-04-05 08:40:00,29.0,2026-04-05 08:59:00,2026-04-05 09:27:00,B28 A,76.0,11.33,6.71,5.63,1.42,28.0
292,2026-04-05,SN3800,2026-04-05 06:15:00,2026-04-05 06:16:00,1.0,2026-04-05 06:28:00,2026-04-05 06:30:00,A65 ,27.0,12.03,2.24,4.96,1.68,2.0
292,2026-04-05,TB1552,2026-04-05 07:47:00,2026-04-05 07:43:00,-4.0,2026-04-05 07:55:00,2026-04-05 07:59:00,A68 ,66.0,11.88,5.55,4.53,1.84,4.0
292,2026-04-05,TB2632,2026-04-05 09:29:00,2026-04-05 09:09:00,-20.0,2026-04-05 09:35:00,2026-04-05 09:44:00,B9  A,114.0,15.32,7.44,4.85,1.72,9.0
292,2026-04-05,TB2662,2026-04-05 09:15:00,2026-04-05 09:04:00,-11.0,2026-04-05 09:22:00,2026-04-05 09:30:00,B34 A,90.0,9.38,9.59,5.67,1.82,8.0
292,2026-04-05,TG934,2026-04-05 09:21:00,2026-04-05 09:16:00,-5.0,2026-04-05 09:38:00,2026-04-05 09:58:00,B38 A,249.0,13.21,18.85,4.85,2.4,20.0
292,2026-04-05,UA950,2026-04-05 10:20:00,2026-04-05 09:58:00,-22.0,2026-04-05 10:24:00,2026-04-05 10:51:00,B40 A,188.0,12.41,15.15,5.39,2.3,27.0
292,2026-04-05,UA994,2026-04-05 12:51:00,2026-04-05 12:35:00,-16.0,2026-04-05 12:54:00,2026-04-05 13:24:00,B38 A,109.0,10.8,10.09,6.0,1.94,30.0
292,2026-04-05,XR5402,2026-04-05 07:46:00,2026-04-05 08:56:00,70.0,2026-04-05 09:23:00,2026-04-05 09:26:00,B5  A,88.0,16.21,5.43,5.24,1.59,3.0
293,2026-04-05,AC832,2026-04-05 12:18:00,2026-04-05 11:38:00,-40.0,2026-04-05 11:54:00,2026-04-05 12:17:00,B30 A,100.0,9.08,11.01,5.96,1.5,23.0
293,2026-04-05,ET750,2026-04-05 09:11:00,2026-04-05 09:13:00,2.0,2026-04-05 09:42:00,2026-04-05 10:46:00,B40 A,421.0,16.99,24.78,5.3,2.34,64.0
293,2026-04-05,FH8116,2026-04-05 12:44:00,2026-04-05 12:48:00,4.0,2026-04-05 13:06:00,2026-04-05 13:13:00,B38 A,140.0,16.48,8.49,5.41,2.15,7.0
293,2026-04-05,LH1004,2026-04-05 09:50:00,2026-04-05 09:53:00,3.0,2026-04-05 10:20:00,2026-04-05 10:27:00,A43 ,33.0,10.47,3.15,4.06,2.05,7.0
293,2026-04-05,SN1122,2026-04-05 08:39:00,2026-04-05 09:08:00,29.0,2026-04-05 09:20:00,2026-04-05 09:21:00,B40 A,13.0,10.61,1.23,5.88,2.11,1.0
293,2026-04-05,SN1124,2026-04-05 07:10:00,2026-04-05 07:19:00,9.0,2026-04-05 07:32:00,2026-04-05 07:48:00,B30 A,138.0,15.06,9.16,4.63,1.93,16.0
293,2026-04-05,SN206,2026-04-05 06:25:00,2026-04-05 06:48:00,23.0,2026-04-05 07:07:00,2026-04-05 07:30:00,B38 A,154.0,14.05,10.96,4.72,2.47,23.0
293,2026-04-05,SN229,2026-04-05 12:06:00,2026-04-05 12:12:00,6.0,2026-04-05 12:39:00,2026-04-05 13:03:00,B28 A,20.0,14.72,1.36,3.94,2.03,24.0
293,2026-04-05,SN278,2026-04-05 08:43:00,2026-04-05 08:27:00,-16.0,2026-04-05 08:40:00,2026-04-05 09:10:00,B37 A,123.0,12.51,9.83,5.42,2.25,30.0
293,2026-04-05,SN2900,2026-04-05 07:39:00,2026-04-05 07:25:00,-14.0,2026-04-05 07:38:00,2026-04-05 07:53:00,B38 A,55.0,10.6,5.19,5.12,2.28,15.0
293,2026-04-05,SN3326,2026-04-05 11:24:00,2026-04-05 11:41:00,17.0,2026-04-05 12:06:00,2026-04-05 12:12:00,B14 A,111.0,12.17,9.12,5.32,1.25,6.0
293,2026-04-05,SN358,2026-04-05 08:21:00,2026-04-05 08:24:00,3.0,2026-04-05 08:42:00,2026-04-05 09:09:00,B14 A,112.0,11.81,9.48,5.69,1.17,27.0
293,2026-04-05,SN379,2026-04-05 08:11:00,2026-04-05 08:40:00,29.0,2026-04-05 08:59:00,2026-04-05 09:27:00,B28 A,76.0,10.99,6.91,7.5,1.07,28.0
293,2026-04-05,SN3800,2026-04-05 06:15:00,2026-04-05 06:16:00,1.0,2026-04-05 06:28:00,2026-04-05 06:30:00,A65 ,27.0,12.9,2.09,4.24,1.97,2.0
293,2026-04-05,TB1552,2026-04-05 07:47:00,2026-04-05 07:43:00,-4.0,2026-04-05 07:55:00,2026-04-05 07:59:00,A68 ,66.0,10.73,6.15,4.14,2.01,4.0
293,2026-04-05,TB2632,2026-04-05 09:29:00,2026-04-05 09:09:00,-20.0,2026-04-05 09:35:00,2026-04-05 09:44:00,B9  A,114.0,14.9,7.65,4.5,1.85,9.0
293,2026-04-05,TB2662,2026-04-05 09:15:00,2026-04-05 09:04:00,-11.0,2026-04-05 09:22:00,2026-04-05 09:30:00,B34 A,90.0,13.04,6.9,4.08,2.54,8.0
293,2026-04-05,TG934,2026-04-05 09:21:00,2026-04-05 09:16:00,-5.0,2026-04-05 09:38:00,2026-04-05 09:58:00,B38 A,249.0,15.13,16.45,5.38,2.17,20.0
293,2026-04-05,UA950,2026-04-05 09:21:00,2026-04-05 08:45:00,-36.0,2026-04-05 09:03:00,2026-04-05 09:29:00,B5  A,163.0,11.36,14.35,3.83,2.17,26.0
293,2026-04-05,UA994,2026-04-05 09:51:00,2026-04-05 11:28:00,97.0,2026-04-05 11:44:00,2026-04-05 12:09:00,B40 A,135.0,13.38,10.09,4.67,2.66,25.0
293,2026-04-05,XR5402,2026-04-05 07:46:00,2026-04-05 08:56:00,70.0,2026-04-05 09:23:00,2026-04-05 09:26:00,B5  A,88.0,11.54,7.62,5.3,1.57,3.0
294,2026-04-05,AC832,2026-04-05 11:16:00,2026-04-05 10:39:00,-37.0,2026-04-05 10:54:00,2026-04-05 11:24:00,B5  A,101.0,14.03,7.2,4.5,1.85,30.0
294,2026-04-05,ET750,2026-04-05 11:13:00,2026-04-05 11:34:00,21.0,2026-04-05 12:17:00,2026-04-05 13:03:00,B17 A,464.0,12.6,36.82,4.22,2.0,46.0
294,2026-04-05,FH8116,2026-04-05 12:44:00,2026-04-05 12:48:00,4.0,2026-04-05 13:06:00,2026-04-05 13:13:00,B38 A,140.0,12.55,11.16,5.94,1.96,7.0
294,2026-04-05,LH1004,2026-04-05 11:51:00,2026-04-05 11:47:00,-4.0,2026-04-05 12:07:00,2026-04-05 12:12:00,A43 ,23.0,14.33,1.6,6.7,1.24,5.0
294,2026-04-05,SN1122,2026-04-05 08:39:00,2026-04-05 09:08:00,29.0,2026-04-05 09:20:00,2026-04-05 09:21:00,B40 A,13.0,10.87,1.2,3.55,3.5,1.0
294,2026-04-05,SN1124,2026-04-05 07:10:00,2026-04-05 07:19:00,9.0,2026-04-05 07:32:00,2026-04-05 07:48:00,B30 A,138.0,12.68,10.89,5.1,1.75,16.0
294,2026-04-05,SN206,2026-04-05 06:25:00,2026-04-05 06:48:00,23.0,2026-04-05 07:07:00,2026-04-05 07:30:00,B38 A,154.0,13.31,11.57,5.79,2.02,23.0
294,2026-04-05,SN229,2026-04-05 08:06:00,2026-04-05 09:20:00,74.0,2026-04-05 09:41:00,2026-04-05 10:22:00,B14 A,144.0,12.63,11.4,4.55,1.46,41.0
294,2026-04-05,SN278,2026-04-05 08:43:00,2026-04-05 08:27:00,-16.0,2026-04-05 08:40:00,2026-04-05 09:10:00,B37 A,123.0,13.53,9.09,3.84,3.17,30.0
294,2026-04-05,SN2900,2026-04-05 07:39:00,2026-04-05 07:25:00,-14.0,2026-04-05 07:38:00,2026-04-05 07:53:00,B38 A,55.0,9.27,5.93,5.43,2.15,15.0
294,2026-04-05,SN3326,2026-04-05 11:24:00,2026-04-05 11:41:00,17.0,2026-04-05 12:06:00,2026-04-05 12:12:00,B14 A,111.0,13.04,8.51,4.98,1.34,6.0
294,2026-04-05,SN358,2026-04-05 10:21:00,2026-04-05 11:13:00,52.0,2026-04-05 11:43:00,2026-04-05 12:03:00,B38 A,126.0,14.04,8.97,5.33,2.19,20.0
294,2026-04-05,SN379,2026-04-05 08:11:00,2026-04-05 08:40:00,29.0,2026-04-05 08:59:00,2026-04-05 09:27:00,B28 A,76.0,10.16,7.48,4.9,1.63,28.0
294,2026-04-05,SN3800,2026-04-05 06:15:00,2026-04-05 06:16:00,1.0,2026-04-05 06:28:00,2026-04-05 06:30:00,A65 ,27.0,13.9,1.94,4.68,1.78,2.0
294,2026-04-05,TB1552,2026-04-05 07:47:00,2026-04-05 07:43:00,-4.0,2026-04-05 07:55:00,2026-04-05 07:59:00,A68 ,66.0,14.47,4.56,4.25,1.96,4.0
294,2026-04-05,TB2632,2026-04-05 09:29:00,2026-04-05 09:09:00,-20.0,2026-04-05 09:35:00,2026-04-05 09:44:00,B9  A,114.0,15.35,7.43,4.8,1.74,9.0
294,2026-04-05,TB2662,2026-04-05 09:15:00,2026-04-05 09:04:00,-11.0,2026-04-05 09:22:00,2026-04-05 09:30:00,B34 A,90.0,13.29,6.77,4.68,2.21,8.0
294,2026-04-05,TG934,2026-04-05 12:22:00,2026-04-05 12:26:00,4.0,2026-04-05 12:46:00,2026-04-05 13:15:00,B34 A,260.0,14.39,18.07,5.43,1.9,29.0
294,2026-04-05,UA950,2026-04-05 10:20:00,2026-04-05 09:58:00,-22.0,2026-04-05 10:24:00,2026-04-05 10:51:00,B40 A,188.0,15.06,12.48,4.76,2.61,27.0
294,2026-04-05,UA994,2026-04-05 12:51:00,2026-04-05 12:35:00,-16.0,2026-04-05 12:54:00,2026-04-05 13:24:00,B38 A,109.0,11.15,9.78,5.39,2.16,30.0
294,2026-04-05,XR5402,2026-04-05 07:46:00,2026-04-05 08:56:00,70.0,2026-04-05 09:23:00,2026-04-05 09:26:00,B5  A,88.0,10.52,8.37,3.53,2.36,3.0
295,2026-04-05,AC832,2026-04-05 11:16:00,2026-04-05 10:39:00,-37.0,2026-04-05 10:54:00,2026-04-05 11:24:00,B5  A,101.0,14.4,7.02,5.33,1.56,30.0
295,2026-04-05,ET750,2026-04-05 11:13:00,2026-04-05 11:34:00,21.0,2026-04-05 12:17:00,2026-04-05 13:03:00,B17 A,464.0,14.31,32.42,4.77,1.76,46.0
295,2026-04-05,FH8116,2026-04-05 06:35:00,2026-04-05 06:00:00,-35.0,2026-04-05 06:07:00,2026-04-05 06:09:00,B15 A,22.0,14.33,1.53,4.17,1.85,2.0
295,2026-04-05,LH1004,2026-04-05 12:50:00,2026-04-05 12:50:00,0.0,2026-04-05 13:03:00,2026-04-05 13:30:00,A43 ,40.0,13.23,3.02,4.9,1.7,27.0
295,2026-04-05,SN1122,2026-04-05 08:39:00,2026-04-05 09:08:00,29.0,2026-04-05 09:20:00,2026-04-05 09:21:00,B40 A,13.0,13.18,0.99,5.15,2.41,1.0
295,2026-04-05,SN1124,2026-04-05 07:10:00,2026-04-05 07:19:00,9.0,2026-04-05 07:32:00,2026-04-05 07:48:00,B30 A,138.0,15.17,9.09,5.61,1.59,16.0
295,2026-04-05,SN206,2026-04-05 06:25:00,2026-04-05 06:48:00,23.0,2026-04-05 07:07:00,2026-04-05 07:30:00,B38 A,154.0,13.76,11.19,4.45,2.62,23.0
295,2026-04-05,SN229,2026-04-05 10:04:00,2026-04-05 10:26:00,22.0,2026-04-05 10:41:00,2026-04-05 11:10:00,B31 A,120.0,12.76,9.41,5.02,2.14,29.0
295,2026-04-05,SN278,2026-04-05 08:43:00,2026-04-05 08:27:00,-16.0,2026-04-05 08:40:00,2026-04-05 09:10:00,B37 A,123.0,12.44,9.89,6.48,1.88,30.0
295,2026-04-05,SN2900,2026-04-05 07:39:00,2026-04-05 07:25:00,-14.0,2026-04-05 07:38:00,2026-04-05 07:53:00,B38 A,55.0,12.81,4.29,6.76,1.73,15.0
295,2026-04-05,SN3326,2026-04-05 11:24:00,2026-04-05 11:41:00,17.0,2026-04-05 12:06:00,2026-04-05 12:12:00,B14 A,111.0,14.73,7.54,5.82,1.14,6.0
295,2026-04-05,SN358,2026-04-05 08:21:00,2026-04-05 08:24:00,3.0,2026-04-05 08:42:00,2026-04-05 09:09:00,B14 A,112.0,15.34,7.3,4.29,1.56,27.0
295,2026-04-05,SN379,2026-04-05 08:11:00,2026-04-05 08:40:00,29.0,2026-04-05 08:59:00,2026-04-05 09:27:00,B28 A,76.0,13.95,5.45,5.18,1.55,28.0
295,2026-04-05,SN3800,2026-04-05 06:15:00,2026-04-05 06:16:00,1.0,2026-04-05 06:28:00,2026-04-05 06:30:00,A65 ,27.0,14.8,1.82,4.33,1.92,2.0
295,2026-04-05,TB1552,2026-04-05 08:29:00,2026-04-05 08:25:00,-4.0,2026-04-05 08:46:00,2026-04-05 08:54:00,A61 ,166.0,11.97,13.87,5.08,1.64,8.0
295,2026-04-05,TB2632,2026-04-05 09:29:00,2026-04-05 09:09:00,-20.0,2026-04-05 09:35:00,2026-04-05 09:44:00,B9  A,114.0,12.1,9.42,5.58,1.49,9.0
295,2026-04-05,TB2662,2026-04-05 09:15:00,2026-04-05 09:04:00,-11.0,2026-04-05 09:22:00,2026-04-05 09:30:00,B34 A,90.0,10.65,8.45,4.27,2.42,8.0
295,2026-04-05,TG934,2026-04-05 12:22:00,2026-04-05 12:26:00,4.0,2026-04-05 12:46:00,2026-04-05 13:15:00,B34 A,260.0,14.53,17.89,7.61,1.36,29.0
295,2026-04-05,UA950,2026-04-05 11:22:00,2026-04-05 11:02:00,-20.0,2026-04-05 11:22:00,2026-04-05 11:45:00,B28 A,170.0,9.97,17.05,5.25,1.52,23.0
295,2026-04-05,UA994,2026-04-05 11:51:00,2026-04-05 11:37:00,-14.0,2026-04-05 11:55:00,2026-04-05 12:25:00,B40 A,157.0,11.38,13.8,5.69,2.18,30.0
295,2026-04-05,XR5402,2026-04-05 07:46:00,2026-04-05 08:56:00,70.0,2026-04-05 09:23:00,2026-04-05 09:26:00,B5  A,88.0,12.8,6.88,5.39,1.55,3.0
296,2026-04-05,AC832,2026-04-05 11:16:00,2026-04-05 10:39:00,-37.0,2026-04-05 10:54:00,2026-04-05 11:24:00,B5  A,101.0,15.41,6.55,4.58,1.82,30.0
296,2026-04-05,ET750,2026-04-05 11:13:00,2026-04-05 11:34:00,21.0,2026-04-05 12:17:00,2026-04-05 13:03:00,B17 A,464.0,11.91,38.97,4.22,1.99,46.0
296,2026-04-05,FH8116,2026-04-05 12:44:00,2026-04-05 12:48:00,4.0,2026-04-05 13:06:00,2026-04-05 13:13:00,B38 A,140.0,13.8,10.14,4.44,2.63,7.0
296,2026-04-05,LH1004,2026-04-05 11:51:00,2026-04-05 11:47:00,-4.0,2026-04-05 12:07:00,2026-04-05 12:12:00,A43 ,23.0,13.95,1.65,5.36,1.55,5.0
296,2026-04-05,SN1122,2026-04-05 08:39:00,2026-04-05 09:08:00,29.0,2026-04-05 09:20:00,2026-04-05 09:21:00,B40 A,13.0,10.16,1.28,4.44,2.8,1.0
296,2026-04-05,SN1124,2026-04-05 07:10:00,2026-04-05 07:19:00,9.0,2026-04-05 07:32:00,2026-04-05 07:48:00,B30 A,138.0,13.01,10.6,4.54,1.97,16.0
296,2026-04-05,SN206,2026-04-05 06:25:00,2026-04-05 06:48:00,23.0,2026-04-05 07:07:00,2026-04-05 07:30:00,B38 A,154.0,10.51,14.65,5.86,1.99,23.0
296,2026-04-05,SN229,2026-04-05 12:06:00,2026-04-05 12:12:00,6.0,2026-04-05 12:39:00,2026-04-05 13:03:00,B28 A,20.0,11.22,1.78,4.6,1.74,24.0
296,2026-04-05,SN278,2026-04-05 08:43:00,2026-04-05 08:27:00,-16.0,2026-04-05 08:40:00,2026-04-05 09:10:00,B37 A,123.0,13.12,9.38,5.4,2.25,30.0
296,2026-04-05,SN2900,2026-04-05 08:46:00,2026-04-05 08:33:00,-13.0,2026-04-05 08:58:00,2026-04-05 09:02:00,B14 A,79.0,10.77,7.33,4.78,1.39,4.0
296,2026-04-05,SN3326,2026-04-05 11:24:00,2026-04-05 11:41:00,17.0,2026-04-05 12:06:00,2026-04-05 12:12:00,B14 A,111.0,10.86,10.22,5.4,1.23,6.0
296,2026-04-05,SN358,2026-04-05 08:21:00,2026-04-05 08:24:00,3.0,2026-04-05 08:42:00,2026-04-05 09:09:00,B14 A,112.0,14.52,7.72,3.87,1.72,27.0
296,2026-04-05,SN379,2026-04-05 08:11:00,2026-04-05 08:40:00,29.0,2026-04-05 08:59:00,2026-04-05 09:27:00,B28 A,76.0,11.32,6.71,5.99,1.33,28.0
296,2026-04-05,SN3800,2026-04-05 06:15:00,2026-04-05 06:16:00,1.0,2026-04-05 06:28:00,2026-04-05 06:30:00,A65 ,27.0,8.92,3.03,4.43,1.88,2.0
296,2026-04-05,TB1552,2026-04-05 07:15:00,2026-04-05 07:08:00,-7.0,2026-04-05 07:38:00,2026-04-05 07:45:00,A61 ,152.0,14.43,10.54,5.11,1.63,7.0
296,2026-04-05,TB2632,2026-04-05 09:29:00,2026-04-05 09:09:00,-20.0,2026-04-05 09:35:00,2026-04-05 09:44:00,B9  A,114.0,14.27,7.99,4.1,2.03,9.0
296,2026-04-05,TB2662,2026-04-05 09:15:00,2026-04-05 09:04:00,-11.0,2026-04-05 09:22:00,2026-04-05 09:30:00,B34 A,90.0,14.05,6.41,4.71,2.2,8.0
296,2026-04-05,TG934,2026-04-05 09:21:00,2026-04-05 09:16:00,-5.0,2026-04-05 09:38:00,2026-04-05 09:58:00,B38 A,249.0,13.53,18.4,5.22,2.24,20.0
296,2026-04-05,UA950,2026-04-05 12:20:00,2026-04-05 11:58:00,-22.0,2026-04-05 12:14:00,2026-04-05 12:42:00,B37 A,127.0,14.08,9.02,6.45,1.89,28.0
296,2026-04-05,UA994,2026-04-05 12:51:00,2026-04-05 12:35:00,-16.0,2026-04-05 12:54:00,2026-04-05 13:24:00,B38 A,109.0,12.95,8.42,4.14,2.82,30.0
296,2026-04-05,XR5402,2026-04-05 07:46:00,2026-04-05 08:56:00,70.0,2026-04-05 09:23:00,2026-04-05 09:26:00,B5  A,88.0,9.8,8.98,4.27,1.95,3.0
297,2026-04-05,AC832,2026-04-05 08:17:00,2026-04-05 07:46:00,-31.0,2026-04-05 08:02:00,2026-04-05 08:29:00,B30 A,122.0,12.63,9.66,4.86,1.83,27.0
297,2026-04-05,ET750,2026-04-05 11:13:00,2026-04-05 11:34:00,21.0,2026-04-05 12:17:00,2026-04-05 13:03:00,B17 A,464.0,12.8,36.26,4.22,1.99,46.0
297,2026-04-05,FH8116,2026-04-05 12:44:00,2026-04-05 12:48:00,4.0,2026-04-05 13:06:00,2026-04-05 13:13:00,B38 A,140.0,10.07,13.91,4.55,2.56,7.0
297,2026-04-05,LH1004,2026-04-05 09:50:00,2026-04-05 09:53:00,3.0,2026-04-05 10:20:00,2026-04-05 10:27:00,A43 ,33.0,13.15,2.51,5.62,1.48,7.0
297,2026-04-05,SN1122,2026-04-05 08:39:00,2026-04-05 09:08:00,29.0,2026-04-05 09:20:00,2026-04-05 09:21:00,B40 A,13.0,8.94,1.45,4.96,2.5,1.0
297,2026-04-05,SN1124,2026-04-05 07:10:00,2026-04-05 07:19:00,9.0,2026-04-05 07:32:00,2026-04-05 07:48:00,B30 A,138.0,15.21,9.07,5.15,1.73,16.0
297,2026-04-05,SN206,2026-04-05 06:25:00,2026-04-05 06:48:00,23.0,2026-04-05 07:07:00,2026-04-05 07:30:00,B38 A,154.0,11.16,13.8,6.34,1.84,23.0
297,2026-04-05,SN229,2026-04-05 12:06:00,2026-04-05 12:12:00,6.0,2026-04-05 12:39:00,2026-04-05 13:03:00,B28 A,20.0,14.97,1.34,4.38,1.83,24.0
297,2026-04-05,SN278,2026-04-05 08:43:00,2026-04-05 08:27:00,-16.0,2026-04-05 08:40:00,2026-04-05 09:10:00,B37 A,123.0,14.37,8.56,5.93,2.05,30.0
297,2026-04-05,SN2900,2026-04-05 10:44:00,2026-04-05 11:04:00,20.0,2026-04-05 11:13:00,2026-04-05 11:34:00,B32 A,49.0,9.2,5.33,3.56,2.72,21.0
297,2026-04-05,SN3326,2026-04-05 11:24:00,2026-04-05 11:41:00,17.0,2026-04-05 12:06:00,2026-04-05 12:12:00,B14 A,111.0,9.14,12.15,4.98,1.34,6.0
297,2026-04-05,SN358,2026-04-05 12:21:00,2026-04-05 12:23:00,2.0,2026-04-05 12:43:00,2026-04-05 13:14:00,B28 A,176.0,11.66,15.1,4.88,1.64,31.0
297,2026-04-05,SN379,2026-04-05 10:10:00,2026-04-05 11:03:00,53.0,2026-04-05 11:42:00,2026-04-05 12:19:00,B29 A,161.0,11.37,14.16,4.72,2.08,37.0
297,2026-04-05,SN3800,2026-04-05 06:15:00,2026-04-05 06:16:00,1.0,2026-04-05 06:28:00,2026-04-05 06:30:00,A65 ,27.0,14.25,1.89,4.18,1.99,2.0
297,2026-04-05,TB1552,2026-04-05 08:29:00,2026-04-05 08:25:00,-4.0,2026-04-05 08:46:00,2026-04-05 08:54:00,A61 ,166.0,9.97,16.65,4.05,2.06,8.0
297,2026-04-05,TB2632,2026-04-05 09:29:00,2026-04-05 09:09:00,-20.0,2026-04-05 09:35:00,2026-04-05 09:44:00,B9  A,114.0,15.21,7.5,5.51,1.51,9.0
297,2026-04-05,TB2662,2026-04-05 09:15:00,2026-04-05 09:04:00,-11.0,2026-04-05 09:22:00,2026-04-05 09:30:00,B34 A,90.0,14.94,6.02,5.31,1.95,8.0
297,2026-04-05,TG934,2026-04-05 09:21:00,2026-04-05 09:16:00,-5.0,2026-04-05 09:38:00,2026-04-05 09:58:00,B38 A,249.0,16.73,14.89,4.06,2.87,20.0
297,2026-04-05,UA950,2026-04-05 11:22:00,2026-04-05 11:02:00,-20.0,2026-04-05 11:22:00,2026-04-05 11:45:00,B28 A,170.0,12.69,13.4,4.48,1.79,23.0
297,2026-04-05,UA994,2026-04-05 08:51:00,2026-04-05 08:32:00,-19.0,2026-04-05 08:52:00,2026-04-05 09:25:00,B40 A,171.0,10.45,16.36,6.36,1.95,33.0
297,2026-04-05,XR5402,2026-04-05 07:46:00,2026-04-05 08:56:00,70.0,2026-04-05 09:23:00,2026-04-05 09:26:00,B5  A,88.0,13.93,6.32,5.11,1.63,3.0
298,2026-04-05,AC832,2026-04-05 11:16:00,2026-04-05 10:39:00,-37.0,2026-04-05 10:54:00,2026-04-05 11:24:00,B5  A,101.0,15.15,6.67,6.78,1.23,30.0
298,2026-04-05,ET750,2026-04-05 11:13:00,2026-04-05 11:34:00,21.0,2026-04-05 12:17:00,2026-04-05 13:03:00,B17 A,464.0,11.62,39.95,4.69,1.79,46.0
298,2026-04-05,FH8116,2026-04-05 06:35:00,2026-04-05 06:00:00,-35.0,2026-04-05 06:07:00,2026-04-05 06:09:00,B15 A,22.0,10.96,2.01,3.83,2.02,2.0
298,2026-04-05,LH1004,2026-04-05 12:50:00,2026-04-05 12:50:00,0.0,2026-04-05 13:03:00,2026-04-05 13:30:00,A43 ,40.0,12.33,3.24,5.14,1.62,27.0
298,2026-04-05,SN1122,2026-04-05 08:39:00,2026-04-05 09:08:00,29.0,2026-04-05 09:20:00,2026-04-05 09:21:00,B40 A,13.0,13.68,0.95,4.98,2.49,1.0
298,2026-04-05,SN1124,2026-04-05 07:10:00,2026-04-05 07:19:00,9.0,2026-04-05 07:32:00,2026-04-05 07:48:00,B30 A,138.0,12.58,10.97,4.5,1.98,16.0
298,2026-04-05,SN206,2026-04-05 06:25:00,2026-04-05 06:48:00,23.0,2026-04-05 07:07:00,2026-04-05 07:30:00,B38 A,154.0,9.98,15.43,6.03,1.93,23.0
298,2026-04-05,SN229,2026-04-05 10:04:00,2026-04-05 10:26:00,22.0,2026-04-05 10:41:00,2026-04-05 11:10:00,B31 A,120.0,11.17,10.75,4.0,2.69,29.0
298,2026-04-05,SN278,2026-04-05 10:45:00,2026-04-05 10:42:00,-3.0,2026-04-05 11:04:00,2026-04-05 11:16:00,B28 A,198.0,11.5,17.21,5.69,1.4,12.0
298,2026-04-05,SN2900,2026-04-05 08:46:00,2026-04-05 08:33:00,-13.0,2026-04-05 08:58:00,2026-04-05 09:02:00,B14 A,79.0,12.51,6.31,5.2,1.28,4.0
298,2026-04-05,SN3326,2026-04-05 11:24:00,2026-04-05 11:41:00,17.0,2026-04-05 12:06:00,2026-04-05 12:12:00,B14 A,111.0,8.72,12.73,3.76,1.77,6.0
298,2026-04-05,SN358,2026-04-05 08:21:00,2026-04-05 08:24:00,3.0,2026-04-05 08:42:00,2026-04-05 09:09:00,B14 A,112.0,12.4,9.03,4.74,1.41,27.0
298,2026-04-05,SN379,2026-04-05 10:10:00,2026-04-05 11:03:00,53.0,2026-04-05 11:42:00,2026-04-05 12:19:00,B29 A,161.0,14.38,11.19,4.61,2.13,37.0
298,2026-04-05,SN3800,2026-04-05 06:15:00,2026-04-05 06:16:00,1.0,2026-04-05 06:28:00,2026-04-05 06:30:00,A65 ,27.0,13.33,2.03,5.83,1.43,2.0
298,2026-04-05,TB1552,2026-04-05 10:15:00,2026-04-05 10:31:00,16.0,2026-04-05 10:50:00,2026-04-05 10:59:00,A69 ,164.0,13.32,12.32,5.53,1.51,9.0
298,2026-04-05,TB2632,2026-04-05 09:29:00,2026-04-05 09:09:00,-20.0,2026-04-05 09:35:00,2026-04-05 09:44:00,B9  A,114.0,12.0,9.5,6.49,1.28,9.0
298,2026-04-05,TB2662,2026-04-05 09:15:00,2026-04-05 09:04:00,-11.0,2026-04-05 09:22:00,2026-04-05 09:30:00,B34 A,90.0,11.87,7.58,4.54,2.27,8.0
298,2026-04-05,TG934,2026-04-05 09:21:00,2026-04-05 09:16:00,-5.0,2026-04-05 09:38:00,2026-04-05 09:58:00,B38 A,249.0,14.0,17.78,4.35,2.68,20.0
298,2026-04-05,UA950,2026-04-05 12:20:00,2026-04-05 11:58:00,-22.0,2026-04-05 12:14:00,2026-04-05 12:42:00,B37 A,127.0,13.86,9.16,4.14,2.94,28.0
298,2026-04-05,UA994,2026-04-05 10:51:00,2026-04-05 10:01:00,-50.0,2026-04-05 10:18:00,2026-04-05 10:42:00,B38 A,177.0,13.7,12.92,5.81,2.01,24.0
298,2026-04-05,XR5402,2026-04-05 07:46:00,2026-04-05 08:56:00,70.0,2026-04-05 09:23:00,2026-04-05 09:26:00,B5  A,88.0,13.01,6.76,5.73,1.45,3.0
299,2026-04-05,AC832,2026-04-05 12:18:00,2026-04-05 11:38:00,-40.0,2026-04-05 11:54:00,2026-04-05 12:17:00,B30 A,100.0,8.98,11.14,3.54,2.52,23.0
299,2026-04-05,ET750,2026-04-05 11:13:00,2026-04-05 11:34:00,21.0,2026-04-05 12:17:00,2026-04-05 13:03:00,B17 A,464.0,12.15,38.19,5.04,1.67,46.0
299,2026-04-05,FH8116,2026-04-05 06:35:00,2026-04-05 06:00:00,-35.0,2026-04-05 06:07:00,2026-04-05 06:09:00,B15 A,22.0,14.27,1.54,6.03,1.28,2.0
299,2026-04-05,LH1004,2026-04-05 12:50:00,2026-04-05 12:50:00,0.0,2026-04-05 13:03:00,2026-04-05 13:30:00,A43 ,40.0,11.16,3.59,5.59,1.49,27.0
299,2026-04-05,SN1122,2026-04-05 08:39:00,2026-04-05 09:08:00,29.0,2026-04-05 09:20:00,2026-04-05 09:21:00,B40 A,13.0,11.07,1.17,5.69,2.18,1.0
299,2026-04-05,SN1124,2026-04-05 07:10:00,2026-04-05 07:19:00,9.0,2026-04-05 07:32:00,2026-04-05 07:48:00,B30 A,138.0,13.67,10.09,4.25,2.1,16.0
299,2026-04-05,SN206,2026-04-05 06:25:00,2026-04-05 06:48:00,23.0,2026-04-05 07:07:00,2026-04-05 07:30:00,B38 A,154.0,15.4,10.0,5.14,2.27,23.0
299,2026-04-05,SN229,2026-04-05 10:04:00,2026-04-05 10:26:00,22.0,2026-04-05 10:41:00,2026-04-05 11:10:00,B31 A,120.0,12.49,9.61,5.33,2.02,29.0
299,2026-04-05,SN278,2026-04-05 12:46:00,2026-04-05 12:41:00,-5.0,2026-04-05 13:04:00,2026-04-05 13:33:00,B31 A,62.0,14.37,4.31,4.79,2.24,29.0
299,2026-04-05,SN2900,2026-04-05 07:39:00,2026-04-05 07:25:00,-14.0,2026-04-05 07:38:00,2026-04-05 07:53:00,B38 A,55.0,11.39,4.83,4.7,2.48,15.0
299,2026-04-05,SN3326,2026-04-05 11:24:00,2026-04-05 11:41:00,17.0,2026-04-05 12:06:00,2026-04-05 12:12:00,B14 A,111.0,12.56,8.84,4.62,1.44,6.0
299,2026-04-05,SN358,2026-04-05 12:21:00,2026-04-05 12:23:00,2.0,2026-04-05 12:43:00,2026-04-05 13:14:00,B28 A,176.0,14.38,12.24,4.98,1.61,31.0
299,2026-04-05,SN379,2026-04-05 10:10:00,2026-04-05 11:03:00,53.0,2026-04-05 11:42:00,2026-04-05 12:19:00,B29 A,161.0,12.29,13.1,5.86,1.68,37.0
299,2026-04-05,SN3800,2026-04-05 06:15:00,2026-04-05 06:16:00,1.0,2026-04-05 06:28:00,2026-04-05 06:30:00,A65 ,27.0,10.61,2.54,5.42,1.54,2.0
299,2026-04-05,TB1552,2026-04-05 10:15:00,2026-04-05 10:31:00,16.0,2026-04-05 10:50:00,2026-04-05 10:59:00,A69 ,164.0,15.19,10.8,3.39,2.46,9.0
299,2026-04-05,TB2632,2026-04-05 09:29:00,2026-04-05 09:09:00,-20.0,2026-04-05 09:35:00,2026-04-05 09:44:00,B9  A,114.0,15.91,7.16,4.84,1.72,9.0
299,2026-04-05,TB2662,2026-04-05 09:15:00,2026-04-05 09:04:00,-11.0,2026-04-05 09:22:00,2026-04-05 09:30:00,B34 A,90.0,13.47,6.68,5.17,2.0,8.0
299,2026-04-05,TG934,2026-04-05 09:21:00,2026-04-05 09:16:00,-5.0,2026-04-05 09:38:00,2026-04-05 09:58:00,B38 A,249.0,13.47,18.49,4.29,2.72,20.0
299,2026-04-05,UA950,2026-04-05 11:22:00,2026-04-05 11:02:00,-20.0,2026-04-05 11:22:00,2026-04-05 11:45:00,B28 A,170.0,10.81,15.73,3.99,2.0,23.0
299,2026-04-05,UA994,2026-04-05 11:51:00,2026-04-05 11:37:00,-14.0,2026-04-05 11:55:00,2026-04-05 12:25:00,B40 A,157.0,10.95,14.34,4.92,2.52,30.0
299,2026-04-05,XR5402,2026-04-05 07:46:00,2026-04-05 08:56:00,70.0,2026-04-05 09:23:00,2026-04-05 09:26:00,B5  A,88.0,15.17,5.8,4.45,1.87,3.0
300,2026-04-05,AC832,2026-04-05 11:16:00,2026-04-05 10:39:00,-37.0,2026-04-05 10:54:00,2026-04-05 11:24:00,B5  A,101.0,14.8,6.82,6.84,1.22,30.0
300,2026-04-05,ET750,2026-04-05 11:13:00,2026-04-05 11:34:00,21.0,2026-04-05 12:17:00,2026-04-05 13:03:00,B17 A,464.0,12.5,37.12,5.41,1.55,46.0
300,2026-04-05,FH8116,2026-04-05 06:35:00,2026-04-05 06:00:00,-35.0,2026-04-05 06:07:00,2026-04-05 06:09:00,B15 A,22.0,15.15,1.45,5.38,1.44,2.0
300,2026-04-05,LH1004,2026-04-05 11:51:00,2026-04-05 11:47:00,-4.0,2026-04-05 12:07:00,2026-04-05 12:12:00,A43 ,23.0,12.25,1.88,4.98,1.67,5.0
300,2026-04-05,SN1122,2026-04-05 08:39:00,2026-04-05 09:08:00,29.0,2026-04-05 09:20:00,2026-04-05 09:21:00,B40 A,13.0,14.92,0.87,5.77,2.15,1.0
300,2026-04-05,SN1124,2026-04-05 07:10:00,2026-04-05 07:19:00,9.0,2026-04-05 07:32:00,2026-04-05 07:48:00,B30 A,138.0,14.09,9.8,6.06,1.47,16.0
300,2026-04-05,SN206,2026-04-05 06:25:00,2026-04-05 06:48:00,23.0,2026-04-05 07:07:00,2026-04-05 07:30:00,B38 A,154.0,14.24,10.81,5.49,2.13,23.0
300,2026-04-05,SN229,2026-04-05 10:04:00,2026-04-05 10:26:00,22.0,2026-04-05 10:41:00,2026-04-05 11:10:00,B31 A,120.0,14.6,8.22,5.1,2.11,29.0
300,2026-04-05,SN278,2026-04-05 08:43:00,2026-04-05 08:27:00,-16.0,2026-04-05 08:40:00,2026-04-05 09:10:00,B37 A,123.0,14.05,8.75,5.49,2.22,30.0
300,2026-04-05,SN2900,2026-04-05 08:46:00,2026-04-05 08:33:00,-13.0,2026-04-05 08:58:00,2026-04-05 09:02:00,B14 A,79.0,12.19,6.48,4.48,1.49,4.0
300,2026-04-05,SN3326,2026-04-05 11:24:00,2026-04-05 11:41:00,17.0,2026-04-05 12:06:00,2026-04-05 12:12:00,B14 A,111.0,12.58,8.83,4.98,1.34,6.0
300,2026-04-05,SN358,2026-04-05 10:21:00,2026-04-05 11:13:00,52.0,2026-04-05 11:43:00,2026-04-05 12:03:00,B38 A,126.0,8.89,14.17,5.33,2.19,20.0
300,2026-04-05,SN379,2026-04-05 10:10:00,2026-04-05 11:03:00,53.0,2026-04-05 11:42:00,2026-04-05 12:19:00,B29 A,161.0,14.03,11.48,4.65,2.11,37.0
300,2026-04-05,SN3800,2026-04-05 06:15:00,2026-04-05 06:16:00,1.0,2026-04-05 06:28:00,2026-04-05 06:30:00,A65 ,27.0,13.23,2.04,4.76,1.75,2.0
300,2026-04-05,TB1552,2026-04-05 07:47:00,2026-04-05 07:43:00,-4.0,2026-04-05 07:55:00,2026-04-05 07:59:00,A68 ,66.0,9.7,6.81,3.53,2.36,4.0
300,2026-04-05,TB2632,2026-04-05 09:29:00,2026-04-05 09:09:00,-20.0,2026-04-05 09:35:00,2026-04-05 09:44:00,B9  A,114.0,9.42,12.1,4.3,1.94,9.0
300,2026-04-05,TB2662,2026-04-05 09:15:00,2026-04-05 09:04:00,-11.0,2026-04-05 09:22:00,2026-04-05 09:30:00,B34 A,90.0,10.55,8.53,4.86,2.13,8.0
300,2026-04-05,TG934,2026-04-05 09:21:00,2026-04-05 09:16:00,-5.0,2026-04-05 09:38:00,2026-04-05 09:58:00,B38 A,249.0,15.22,16.36,6.95,1.68,20.0
300,2026-04-05,UA950,2026-04-05 10:20:00,2026-04-05 09:58:00,-22.0,2026-04-05 10:24:00,2026-04-05 10:51:00,B40 A,188.0,11.85,15.86,5.54,2.24,27.0
300,2026-04-05,UA994,2026-04-05 08:51:00,2026-04-05 08:32:00,-19.0,2026-04-05 08:52:00,2026-04-05 09:25:00,B40 A,171.0,13.96,12.25,4.86,2.56,33.0
300,2026-04-05,XR5402,2026-04-05 07:46:00,2026-04-05 08:56:00,70.0,2026-04-05 09:23:00,2026-04-05 09:26:00,B5  A,88.0,12.54,7.02,6.78,1.23,3.0
