Scenario_ID,Operational_Day,Flight,Scheduled Ha Block,Ha Block,Delay,From,To,Gate Nr.,Local Total,Unloading_Rate,Duration_S1,Transport_Speed_mps,Duration_S2,Duration_S3
1,2026-04-05,AC832,2026-04-05 10:17:00,2026-04-05 10:43:00,26.0,2026-04-05 11:00:00,2026-04-05 11:34:00,B14 A,172.0,13.99,12.29,4.4,1.52,34.0
1,2026-04-05,ET750,2026-04-05 11:13:00,2026-04-05 11:34:00,21.0,2026-04-05 12:17:00,2026-04-05 13:03:00,B17 A,464.0,12.56,36.93,5.75,1.46,46.0
1,2026-04-05,FH8116,2026-04-05 06:35:00,2026-04-05 06:00:00,-35.0,2026-04-05 06:07:00,2026-04-05 06:09:00,B15 A,22.0,13.42,1.64,4.46,1.73,2.0
1,2026-04-05,LH1004,2026-04-05 09:50:00,2026-04-05 09:53:00,3.0,2026-04-05 10:20:00,2026-04-05 10:27:00,A43 ,33.0,14.19,2.33,4.42,1.89,7.0
1,2026-04-05,SN1122,2026-04-05 08:39:00,2026-04-05 09:08:00,29.0,2026-04-05 09:20:00,2026-04-05 09:21:00,B40 A,13.0,13.72,0.95,5.86,2.12,1.0
1,2026-04-05,SN1124,2026-04-05 07:10:00,2026-04-05 07:19:00,9.0,2026-04-05 07:32:00,2026-04-05 07:48:00,B30 A,138.0,12.49,11.05,6.25,1.43,16.0
1,2026-04-05,SN206,2026-04-05 06:25:00,2026-04-05 06:48:00,23.0,2026-04-05 07:07:00,2026-04-05 07:30:00,B38 A,154.0,12.38,12.44,4.6,2.54,23.0
1,2026-04-05,SN229,2026-04-05 10:04:00,2026-04-05 10:26:00,22.0,2026-04-05 10:41:00,2026-04-05 11:10:00,B31 A,120.0,12.99,9.24,4.63,2.32,29.0
1,2026-04-05,SN278,2026-04-05 08:43:00,2026-04-05 08:27:00,-16.0,2026-04-05 08:40:00,2026-04-05 09:10:00,B37 A,123.0,13.6,9.05,5.82,2.09,30.0
1,2026-04-05,SN2900,2026-04-05 07:39:00,2026-04-05 07:25:00,-14.0,2026-04-05 07:38:00,2026-04-05 07:53:00,B38 A,55.0,13.81,3.98,4.05,2.88,15.0
1,2026-04-05,SN3326,2026-04-05 11:24:00,2026-04-05 11:41:00,17.0,2026-04-05 12:06:00,2026-04-05 12:12:00,B14 A,111.0,14.22,7.81,4.27,1.56,6.0
1,2026-04-05,SN358,2026-04-05 08:21:00,2026-04-05 08:24:00,3.0,2026-04-05 08:42:00,2026-04-05 09:09:00,B14 A,112.0,8.03,13.95,3.78,1.76,27.0
1,2026-04-05,SN379,2026-04-05 08:11:00,2026-04-05 08:40:00,29.0,2026-04-05 08:59:00,2026-04-05 09:27:00,B28 A,76.0,11.51,6.6,4.36,1.84,28.0
1,2026-04-05,SN3800,2026-04-05 06:15:00,2026-04-05 06:16:00,1.0,2026-04-05 06:28:00,2026-04-05 06:30:00,A65 ,27.0,13.5,2.0,4.07,2.05,2.0
1,2026-04-05,TB1552,2026-04-05 07:47:00,2026-04-05 07:43:00,-4.0,2026-04-05 07:55:00,2026-04-05 07:59:00,A68 ,66.0,13.23,4.99,4.55,1.83,4.0
1,2026-04-05,TB2632,2026-04-05 09:29:00,2026-04-05 09:09:00,-20.0,2026-04-05 09:35:00,2026-04-05 09:44:00,B9  A,114.0,13.57,8.4,4.0,2.08,9.0
1,2026-04-05,TB2662,2026-04-05 09:15:00,2026-04-05 09:04:00,-11.0,2026-04-05 09:22:00,2026-04-05 09:30:00,B34 A,90.0,15.92,5.65,4.39,2.35,8.0
1,2026-04-05,TG934,2026-04-05 09:21:00,2026-04-05 09:16:00,-5.0,2026-04-05 09:38:00,2026-04-05 09:58:00,B38 A,249.0,13.68,18.2,4.65,2.51,20.0
1,2026-04-05,UA950,2026-04-05 12:20:00,2026-04-05 11:58:00,-22.0,2026-04-05 12:14:00,2026-04-05 12:42:00,B37 A,127.0,12.87,9.87,4.24,2.87,28.0
1,2026-04-05,UA994,2026-04-05 11:51:00,2026-04-05 11:37:00,-14.0,2026-04-05 11:55:00,2026-04-05 12:25:00,B40 A,157.0,12.31,12.76,5.51,2.25,30.0
1,2026-04-05,XR5402,2026-04-05 07:46:00,2026-04-05 08:56:00,70.0,2026-04-05 09:23:00,2026-04-05 09:26:00,B5  A,88.0,11.48,7.67,4.16,2.0,3.0
2,2026-04-05,AC832,2026-04-05 10:17:00,2026-04-05 10:43:00,26.0,2026-04-05 11:00:00,2026-04-05 11:34:00,B14 A,172.0,14.3,12.03,4.41,1.51,34.0
2,2026-04-05,ET750,2026-04-05 11:13:00,2026-04-05 11:34:00,21.0,2026-04-05 12:17:00,2026-04-05 13:03:00,B17 A,464.0,15.22,30.48,5.47,1.54,46.0
2,2026-04-05,FH8116,2026-04-05 06:35:00,2026-04-05 06:00:00,-35.0,2026-04-05 06:07:00,2026-04-05 06:09:00,B15 A,22.0,14.57,1.51,4.59,1.68,2.0
2,2026-04-05,LH1004,2026-04-05 08:50:00,2026-04-05 08:53:00,3.0,2026-04-05 09:06:00,2026-04-05 09:12:00,A43 ,29.0,11.93,2.43,5.51,1.51,6.0
2,2026-04-05,SN1122,2026-04-05 08:39:00,2026-04-05 09:08:00,29.0,2026-04-05 09:20:00,2026-04-05 09:21:00,B40 A,13.0,11.74,1.11,5.48,2.27,1.0
2,2026-04-05,SN1124,2026-04-05 07:10:00,2026-04-05 07:19:00,9.0,2026-04-05 07:32:00,2026-04-05 07:48:00,B30 A,138.0,14.99,9.21,4.0,2.23,16.0
2,2026-04-05,SN206,2026-04-05 06:25:00,2026-04-05 06:48:00,23.0,2026-04-05 07:07:00,2026-04-05 07:30:00,B38 A,154.0,12.4,12.42,6.27,1.86,23.0
2,2026-04-05,SN229,2026-04-05 08:06:00,2026-04-05 09:20:00,74.0,2026-04-05 09:41:00,2026-04-05 10:22:00,B14 A,144.0,9.78,14.73,4.98,1.34,41.0
2,2026-04-05,SN278,2026-04-05 12:46:00,2026-04-05 12:41:00,-5.0,2026-04-05 13:04:00,2026-04-05 13:33:00,B31 A,62.0,12.43,4.99,4.0,2.69,29.0
2,2026-04-05,SN2900,2026-04-05 08:46:00,2026-04-05 08:33:00,-13.0,2026-04-05 08:58:00,2026-04-05 09:02:00,B14 A,79.0,12.11,6.52,4.32,1.54,4.0
2,2026-04-05,SN3326,2026-04-05 11:24:00,2026-04-05 11:41:00,17.0,2026-04-05 12:06:00,2026-04-05 12:12:00,B14 A,111.0,10.45,10.63,3.53,1.89,6.0
2,2026-04-05,SN358,2026-04-05 08:21:00,2026-04-05 08:24:00,3.0,2026-04-05 08:42:00,2026-04-05 09:09:00,B14 A,112.0,11.41,9.82,3.75,1.78,27.0
2,2026-04-05,SN379,2026-04-05 10:10:00,2026-04-05 11:03:00,53.0,2026-04-05 11:42:00,2026-04-05 12:19:00,B29 A,161.0,10.93,14.73,5.36,1.83,37.0
2,2026-04-05,SN3800,2026-04-05 06:15:00,2026-04-05 06:16:00,1.0,2026-04-05 06:28:00,2026-04-05 06:30:00,A65 ,27.0,14.94,1.81,4.39,1.9,2.0
2,2026-04-05,TB1552,2026-04-05 08:29:00,2026-04-05 08:25:00,-4.0,2026-04-05 08:46:00,2026-04-05 08:54:00,A61 ,166.0,10.14,16.36,5.8,1.44,8.0
2,2026-04-05,TB2632,2026-04-05 09:29:00,2026-04-05 09:09:00,-20.0,2026-04-05 09:35:00,2026-04-05 09:44:00,B9  A,114.0,15.3,7.45,4.77,1.75,9.0
2,2026-04-05,TB2662,2026-04-05 09:15:00,2026-04-05 09:04:00,-11.0,2026-04-05 09:22:00,2026-04-05 09:30:00,B34 A,90.0,11.84,7.6,4.47,2.31,8.0
2,2026-04-05,TG934,2026-04-05 09:21:00,2026-04-05 09:16:00,-5.0,2026-04-05 09:38:00,2026-04-05 09:58:00,B38 A,249.0,13.92,17.89,3.87,3.01,20.0
2,2026-04-05,UA950,2026-04-05 08:20:00,2026-04-05 08:20:00,0.0,2026-04-05 08:36:00,2026-04-05 09:25:00,B38 A,176.0,13.44,13.09,6.66,1.75,49.0
2,2026-04-05,UA994,2026-04-05 11:51:00,2026-04-05 11:37:00,-14.0,2026-04-05 11:55:00,2026-04-05 12:25:00,B40 A,157.0,11.29,13.91,4.83,2.57,30.0
2,2026-04-05,XR5402,2026-04-05 07:46:00,2026-04-05 08:56:00,70.0,2026-04-05 09:23:00,2026-04-05 09:26:00,B5  A,88.0,11.29,7.8,4.49,1.86,3.0
3,2026-04-05,AC832,2026-04-05 08:17:00,2026-04-05 07:46:00,-31.0,2026-04-05 08:02:00,2026-04-05 08:29:00,B30 A,122.0,15.31,7.97,4.79,1.86,27.0
3,2026-04-05,ET750,2026-04-05 11:13:00,2026-04-05 11:34:00,21.0,2026-04-05 12:17:00,2026-04-05 13:03:00,B17 A,464.0,11.55,40.16,4.53,1.86,46.0
3,2026-04-05,FH8116,2026-04-05 12:44:00,2026-04-05 12:48:00,4.0,2026-04-05 13:06:00,2026-04-05 13:13:00,B38 A,140.0,13.19,10.62,5.76,2.02,7.0
3,2026-04-05,LH1004,2026-04-05 08:50:00,2026-04-05 08:53:00,3.0,2026-04-05 09:06:00,2026-04-05 09:12:00,A43 ,29.0,13.83,2.1,4.38,1.9,6.0
3,2026-04-05,SN1122,2026-04-05 08:39:00,2026-04-05 09:08:00,29.0,2026-04-05 09:20:00,2026-04-05 09:21:00,B40 A,13.0,15.53,0.84,4.44,2.79,1.0
3,2026-04-05,SN1124,2026-04-05 07:10:00,2026-04-05 07:19:00,9.0,2026-04-05 07:32:00,2026-04-05 07:48:00,B30 A,138.0,13.02,10.6,5.11,1.75,16.0
3,2026-04-05,SN206,2026-04-05 06:25:00,2026-04-05 06:48:00,23.0,2026-04-05 07:07:00,2026-04-05 07:30:00,B38 A,154.0,11.17,13.79,4.15,2.81,23.0
3,2026-04-05,SN229,2026-04-05 08:06:00,2026-04-05 09:20:00,74.0,2026-04-05 09:41:00,2026-04-05 10:22:00,B14 A,144.0,12.86,11.19,5.36,1.24,41.0
3,2026-04-05,SN278,2026-04-05 08:43:00,2026-04-05 08:27:00,-16.0,2026-04-05 08:40:00,2026-04-05 09:10:00,B37 A,123.0,12.02,10.23,4.91,2.48,30.0
3,2026-04-05,SN2900,2026-04-05 07:39:00,2026-04-05 07:25:00,-14.0,2026-04-05 07:38:00,2026-04-05 07:53:00,B38 A,55.0,12.35,4.45,4.5,2.59,15.0
3,2026-04-05,SN3326,2026-04-05 07:45:00,2026-04-05 08:05:00,20.0,2026-04-05 08:16:00,2026-04-05 08:36:00,B28 A,123.0,13.37,9.2,4.51,1.77,20.0
3,2026-04-05,SN358,2026-04-05 11:21:00,2026-04-05 11:29:00,8.0,2026-04-05 11:42:00,2026-04-05 12:06:00,B14 A,177.0,16.68,10.61,4.48,1.49,24.0
3,2026-04-05,SN379,2026-04-05 10:10:00,2026-04-05 11:03:00,53.0,2026-04-05 11:42:00,2026-04-05 12:19:00,B29 A,161.0,14.9,10.8,4.12,2.39,37.0
3,2026-04-05,SN3800,2026-04-05 06:15:00,2026-04-05 06:16:00,1.0,2026-04-05 06:28:00,2026-04-05 06:30:00,A65 ,27.0,14.71,1.84,3.86,2.16,2.0
3,2026-04-05,TB1552,2026-04-05 07:15:00,2026-04-05 07:08:00,-7.0,2026-04-05 07:38:00,2026-04-05 07:45:00,A61 ,152.0,13.1,11.6,5.12,1.63,7.0
3,2026-04-05,TB2632,2026-04-05 09:29:00,2026-04-05 09:09:00,-20.0,2026-04-05 09:35:00,2026-04-05 09:44:00,B9  A,114.0,9.76,11.68,4.79,1.74,9.0
3,2026-04-05,TB2662,2026-04-05 09:15:00,2026-04-05 09:04:00,-11.0,2026-04-05 09:22:00,2026-04-05 09:30:00,B34 A,90.0,11.23,8.01,3.24,3.19,8.0
3,2026-04-05,TG934,2026-04-05 09:21:00,2026-04-05 09:16:00,-5.0,2026-04-05 09:38:00,2026-04-05 09:58:00,B38 A,249.0,15.81,15.75,4.05,2.88,20.0
3,2026-04-05,UA950,2026-04-05 12:20:00,2026-04-05 11:58:00,-22.0,2026-04-05 12:14:00,2026-04-05 12:42:00,B37 A,127.0,14.37,8.84,5.97,2.04,28.0
3,2026-04-05,UA994,2026-04-05 09:51:00,2026-04-05 11:28:00,97.0,2026-04-05 11:44:00,2026-04-05 12:09:00,B40 A,135.0,12.7,10.63,4.88,2.55,25.0
3,2026-04-05,XR5402,2026-04-05 07:46:00,2026-04-05 08:56:00,70.0,2026-04-05 09:23:00,2026-04-05 09:26:00,B5  A,88.0,13.03,6.76,4.27,1.95,3.0
4,2026-04-05,AC832,2026-04-05 11:16:00,2026-04-05 10:39:00,-37.0,2026-04-05 10:54:00,2026-04-05 11:24:00,B5  A,101.0,12.71,7.95,5.68,1.47,30.0
4,2026-04-05,ET750,2026-04-05 11:13:00,2026-04-05 11:34:00,21.0,2026-04-05 12:17:00,2026-04-05 13:03:00,B17 A,464.0,15.5,29.93,5.56,1.51,46.0
4,2026-04-05,FH8116,2026-04-05 06:35:00,2026-04-05 06:00:00,-35.0,2026-04-05 06:07:00,2026-04-05 06:09:00,B15 A,22.0,15.39,1.43,4.59,1.68,2.0
4,2026-04-05,LH1004,2026-04-05 09:50:00,2026-04-05 09:53:00,3.0,2026-04-05 10:20:00,2026-04-05 10:27:00,A43 ,33.0,12.98,2.54,5.97,1.39,7.0
4,2026-04-05,SN1122,2026-04-05 08:39:00,2026-04-05 09:08:00,29.0,2026-04-05 09:20:00,2026-04-05 09:21:00,B40 A,13.0,11.44,1.14,5.22,2.38,1.0
4,2026-04-05,SN1124,2026-04-05 07:10:00,2026-04-05 07:19:00,9.0,2026-04-05 07:32:00,2026-04-05 07:48:00,B30 A,138.0,15.25,9.05,4.55,1.96,16.0
4,2026-04-05,SN206,2026-04-05 06:25:00,2026-04-05 06:48:00,23.0,2026-04-05 07:07:00,2026-04-05 07:30:00,B38 A,154.0,13.63,11.3,5.38,2.17,23.0
4,2026-04-05,SN229,2026-04-05 08:06:00,2026-04-05 09:20:00,74.0,2026-04-05 09:41:00,2026-04-05 10:22:00,B14 A,144.0,16.38,8.79,5.15,1.29,41.0
4,2026-04-05,SN278,2026-04-05 10:45:00,2026-04-05 10:42:00,-3.0,2026-04-05 11:04:00,2026-04-05 11:16:00,B28 A,198.0,11.45,17.29,5.55,1.44,12.0
4,2026-04-05,SN2900,2026-04-05 07:39:00,2026-04-05 07:25:00,-14.0,2026-04-05 07:38:00,2026-04-05 07:53:00,B38 A,55.0,9.18,5.99,5.92,1.97,15.0
4,2026-04-05,SN3326,2026-04-05 11:24:00,2026-04-05 11:41:00,17.0,2026-04-05 12:06:00,2026-04-05 12:12:00,B14 A,111.0,8.18,13.57,4.98,1.34,6.0
4,2026-04-05,SN358,2026-04-05 12:21:00,2026-04-05 12:23:00,2.0,2026-04-05 12:43:00,2026-04-05 13:14:00,B28 A,176.0,15.37,11.45,5.48,1.46,31.0
4,2026-04-05,SN379,2026-04-05 08:11:00,2026-04-05 08:40:00,29.0,2026-04-05 08:59:00,2026-04-05 09:27:00,B28 A,76.0,15.92,4.77,4.84,1.65,28.0
4,2026-04-05,SN3800,2026-04-05 06:15:00,2026-04-05 06:16:00,1.0,2026-04-05 06:28:00,2026-04-05 06:30:00,A65 ,27.0,12.73,2.12,3.95,2.11,2.0
4,2026-04-05,TB1552,2026-04-05 07:47:00,2026-04-05 07:43:00,-4.0,2026-04-05 07:55:00,2026-04-05 07:59:00,A68 ,66.0,10.65,6.19,5.03,1.66,4.0
4,2026-04-05,TB2632,2026-04-05 09:29:00,2026-04-05 09:09:00,-20.0,2026-04-05 09:35:00,2026-04-05 09:44:00,B9  A,114.0,12.52,9.1,4.36,1.91,9.0
4,2026-04-05,TB2662,2026-04-05 09:15:00,2026-04-05 09:04:00,-11.0,2026-04-05 09:22:00,2026-04-05 09:30:00,B34 A,90.0,11.5,7.83,5.49,1.88,8.0
4,2026-04-05,TG934,2026-04-05 09:21:00,2026-04-05 09:16:00,-5.0,2026-04-05 09:38:00,2026-04-05 09:58:00,B38 A,249.0,14.0,17.78,4.56,2.56,20.0
4,2026-04-05,UA950,2026-04-05 09:21:00,2026-04-05 08:45:00,-36.0,2026-04-05 09:03:00,2026-04-05 09:29:00,B5  A,163.0,12.01,13.57,6.84,1.22,26.0
4,2026-04-05,UA994,2026-04-05 08:51:00,2026-04-05 08:32:00,-19.0,2026-04-05 08:52:00,2026-04-05 09:25:00,B40 A,171.0,15.75,10.86,4.49,2.77,33.0
4,2026-04-05,XR5402,2026-04-05 07:46:00,2026-04-05 08:56:00,70.0,2026-04-05 09:23:00,2026-04-05 09:26:00,B5  A,88.0,12.51,7.04,5.88,1.42,3.0
5,2026-04-05,AC832,2026-04-05 11:16:00,2026-04-05 10:39:00,-37.0,2026-04-05 10:54:00,2026-04-05 11:24:00,B5  A,101.0,12.31,8.2,5.25,1.59,30.0
5,2026-04-05,ET750,2026-04-05 11:13:00,2026-04-05 11:34:00,21.0,2026-04-05 12:17:00,2026-04-05 13:03:00,B17 A,464.0,12.55,36.97,4.93,1.71,46.0
5,2026-04-05,FH8116,2026-04-05 06:35:00,2026-04-05 06:00:00,-35.0,2026-04-05 06:07:00,2026-04-05 06:09:00,B15 A,22.0,12.29,1.79,5.39,1.43,2.0
5,2026-04-05,LH1004,2026-04-05 08:50:00,2026-04-05 08:53:00,3.0,2026-04-05 09:06:00,2026-04-05 09:12:00,A43 ,29.0,14.31,2.03,5.27,1.58,6.0
5,2026-04-05,SN1122,2026-04-05 08:39:00,2026-04-05 09:08:00,29.0,2026-04-05 09:20:00,2026-04-05 09:21:00,B40 A,13.0,13.6,0.96,6.74,1.84,1.0
5,2026-04-05,SN1124,2026-04-05 07:10:00,2026-04-05 07:19:00,9.0,2026-04-05 07:32:00,2026-04-05 07:48:00,B30 A,138.0,13.43,10.27,5.38,1.66,16.0
5,2026-04-05,SN206,2026-04-05 06:25:00,2026-04-05 06:48:00,23.0,2026-04-05 07:07:00,2026-04-05 07:30:00,B38 A,154.0,12.35,12.47,6.0,1.95,23.0
5,2026-04-05,SN229,2026-04-05 12:06:00,2026-04-05 12:12:00,6.0,2026-04-05 12:39:00,2026-04-05 13:03:00,B28 A,20.0,12.01,1.67,4.71,1.7,24.0
5,2026-04-05,SN278,2026-04-05 10:45:00,2026-04-05 10:42:00,-3.0,2026-04-05 11:04:00,2026-04-05 11:16:00,B28 A,198.0,10.83,18.29,4.67,1.71,12.0
5,2026-04-05,SN2900,2026-04-05 08:46:00,2026-04-05 08:33:00,-13.0,2026-04-05 08:58:00,2026-04-05 09:02:00,B14 A,79.0,9.42,8.39,4.75,1.4,4.0
5,2026-04-05,SN3326,2026-04-05 11:24:00,2026-04-05 11:41:00,17.0,2026-04-05 12:06:00,2026-04-05 12:12:00,B14 A,111.0,14.47,7.67,5.74,1.16,6.0
5,2026-04-05,SN358,2026-04-05 08:21:00,2026-04-05 08:24:00,3.0,2026-04-05 08:42:00,2026-04-05 09:09:00,B14 A,112.0,13.77,8.14,5.27,1.26,27.0
5,2026-04-05,SN379,2026-04-05 08:11:00,2026-04-05 08:40:00,29.0,2026-04-05 08:59:00,2026-04-05 09:27:00,B28 A,76.0,14.55,5.22,5.74,1.39,28.0
5,2026-04-05,SN3800,2026-04-05 06:15:00,2026-04-05 06:16:00,1.0,2026-04-05 06:28:00,2026-04-05 06:30:00,A65 ,27.0,14.07,1.92,4.84,1.72,2.0
5,2026-04-05,TB1552,2026-04-05 07:15:00,2026-04-05 07:08:00,-7.0,2026-04-05 07:38:00,2026-04-05 07:45:00,A61 ,152.0,15.1,10.06,4.56,1.83,7.0
5,2026-04-05,TB2632,2026-04-05 09:29:00,2026-04-05 09:09:00,-20.0,2026-04-05 09:35:00,2026-04-05 09:44:00,B9  A,114.0,13.59,8.39,4.99,1.67,9.0
5,2026-04-05,TB2662,2026-04-05 09:15:00,2026-04-05 09:04:00,-11.0,2026-04-05 09:22:00,2026-04-05 09:30:00,B34 A,90.0,14.78,6.09,4.89,2.11,8.0
5,2026-04-05,TG934,2026-04-05 09:21:00,2026-04-05 09:16:00,-5.0,2026-04-05 09:38:00,2026-04-05 09:58:00,B38 A,249.0,13.12,18.98,4.85,2.4,20.0
5,2026-04-05,UA950,2026-04-05 08:20:00,2026-04-05 08:20:00,0.0,2026-04-05 08:36:00,2026-04-05 09:25:00,B38 A,176.0,15.32,11.48,4.12,2.83,49.0
5,2026-04-05,UA994,2026-04-05 11:51:00,2026-04-05 11:37:00,-14.0,2026-04-05 11:55:00,2026-04-05 12:25:00,B40 A,157.0,14.25,11.02,4.93,2.52,30.0
5,2026-04-05,XR5402,2026-04-05 07:46:00,2026-04-05 08:56:00,70.0,2026-04-05 09:23:00,2026-04-05 09:26:00,B5  A,88.0,11.87,7.41,4.74,1.76,3.0
6,2026-04-05,AC832,2026-04-05 08:17:00,2026-04-05 07:46:00,-31.0,2026-04-05 08:02:00,2026-04-05 08:29:00,B30 A,122.0,9.64,12.65,4.1,2.17,27.0
6,2026-04-05,ET750,2026-04-05 11:13:00,2026-04-05 11:34:00,21.0,2026-04-05 12:17:00,2026-04-05 13:03:00,B17 A,464.0,14.58,31.82,6.21,1.36,46.0
6,2026-04-05,FH8116,2026-04-05 12:44:00,2026-04-05 12:48:00,4.0,2026-04-05 13:06:00,2026-04-05 13:13:00,B38 A,140.0,10.3,13.59,4.29,2.72,7.0
6,2026-04-05,LH1004,2026-04-05 11:51:00,2026-04-05 11:47:00,-4.0,2026-04-05 12:07:00,2026-04-05 12:12:00,A43 ,23.0,10.36,2.22,4.84,1.72,5.0
6,2026-04-05,SN1122,2026-04-05 08:39:00,2026-04-05 09:08:00,29.0,2026-04-05 09:20:00,2026-04-05 09:21:00,B40 A,13.0,16.73,0.78,5.17,2.4,1.0
6,2026-04-05,SN1124,2026-04-05 07:10:00,2026-04-05 07:19:00,9.0,2026-04-05 07:32:00,2026-04-05 07:48:00,B30 A,138.0,14.39,9.59,4.38,2.04,16.0
6,2026-04-05,SN206,2026-04-05 06:25:00,2026-04-05 06:48:00,23.0,2026-04-05 07:07:00,2026-04-05 07:30:00,B38 A,154.0,11.84,13.01,5.11,2.28,23.0
6,2026-04-05,SN229,2026-04-05 12:06:00,2026-04-05 12:12:00,6.0,2026-04-05 12:39:00,2026-04-05 13:03:00,B28 A,20.0,14.05,1.42,4.77,1.68,24.0
6,2026-04-05,SN278,2026-04-05 10:45:00,2026-04-05 10:42:00,-3.0,2026-04-05 11:04:00,2026-04-05 11:16:00,B28 A,198.0,13.11,15.1,4.98,1.61,12.0
6,2026-04-05,SN2900,2026-04-05 08:46:00,2026-04-05 08:33:00,-13.0,2026-04-05 08:58:00,2026-04-05 09:02:00,B14 A,79.0,11.79,6.7,4.92,1.36,4.0
6,2026-04-05,SN3326,2026-04-05 11:24:00,2026-04-05 11:41:00,17.0,2026-04-05 12:06:00,2026-04-05 12:12:00,B14 A,111.0,12.48,8.9,4.16,1.6,6.0
6,2026-04-05,SN358,2026-04-05 10:21:00,2026-04-05 11:13:00,52.0,2026-04-05 11:43:00,2026-04-05 12:03:00,B38 A,126.0,12.21,10.32,4.16,2.81,20.0
6,2026-04-05,SN379,2026-04-05 10:10:00,2026-04-05 11:03:00,53.0,2026-04-05 11:42:00,2026-04-05 12:19:00,B29 A,161.0,14.11,11.41,4.02,2.44,37.0
6,2026-04-05,SN3800,2026-04-05 06:15:00,2026-04-05 06:16:00,1.0,2026-04-05 06:28:00,2026-04-05 06:30:00,A65 ,27.0,13.97,1.93,4.46,1.87,2.0
6,2026-04-05,TB1552,2026-04-05 08:29:00,2026-04-05 08:25:00,-4.0,2026-04-05 08:46:00,2026-04-05 08:54:00,A61 ,166.0,14.23,11.66,5.91,1.41,8.0
6,2026-04-05,TB2632,2026-04-05 09:29:00,2026-04-05 09:09:00,-20.0,2026-04-05 09:35:00,2026-04-05 09:44:00,B9  A,114.0,13.31,8.57,5.91,1.41,9.0
6,2026-04-05,TB2662,2026-04-05 09:15:00,2026-04-05 09:04:00,-11.0,2026-04-05 09:22:00,2026-04-05 09:30:00,B34 A,90.0,12.23,7.36,5.88,1.76,8.0
6,2026-04-05,TG934,2026-04-05 12:22:00,2026-04-05 12:26:00,4.0,2026-04-05 12:46:00,2026-04-05 13:15:00,B34 A,260.0,14.84,17.53,5.38,1.92,29.0
6,2026-04-05,UA950,2026-04-05 09:21:00,2026-04-05 08:45:00,-36.0,2026-04-05 09:03:00,2026-04-05 09:29:00,B5  A,163.0,12.15,13.42,7.73,1.08,26.0
6,2026-04-05,UA994,2026-04-05 08:51:00,2026-04-05 08:32:00,-19.0,2026-04-05 08:52:00,2026-04-05 09:25:00,B40 A,171.0,14.61,11.7,4.26,2.91,33.0
6,2026-04-05,XR5402,2026-04-05 07:46:00,2026-04-05 08:56:00,70.0,2026-04-05 09:23:00,2026-04-05 09:26:00,B5  A,88.0,13.68,6.43,4.71,1.77,3.0
7,2026-04-05,AC832,2026-04-05 09:18:00,2026-04-05 08:45:00,-33.0,2026-04-05 09:06:00,2026-04-05 09:59:00,B28 A,110.0,12.77,8.61,3.9,2.05,53.0
7,2026-04-05,ET750,2026-04-05 11:13:00,2026-04-05 11:34:00,21.0,2026-04-05 12:17:00,2026-04-05 13:03:00,B17 A,464.0,12.4,37.43,5.62,1.5,46.0
7,2026-04-05,FH8116,2026-04-05 06:35:00,2026-04-05 06:00:00,-35.0,2026-04-05 06:07:00,2026-04-05 06:09:00,B15 A,22.0,13.19,1.67,5.61,1.38,2.0
7,2026-04-05,LH1004,2026-04-05 11:51:00,2026-04-05 11:47:00,-4.0,2026-04-05 12:07:00,2026-04-05 12:12:00,A43 ,23.0,14.98,1.54,4.7,1.77,5.0
7,2026-04-05,SN1122,2026-04-05 08:39:00,2026-04-05 09:08:00,29.0,2026-04-05 09:20:00,2026-04-05 09:21:00,B40 A,13.0,10.37,1.25,5.77,2.15,1.0
7,2026-04-05,SN1124,2026-04-05 07:10:00,2026-04-05 07:19:00,9.0,2026-04-05 07:32:00,2026-04-05 07:48:00,B30 A,138.0,12.81,10.78,4.33,2.06,16.0
7,2026-04-05,SN206,2026-04-05 06:25:00,2026-04-05 06:48:00,23.0,2026-04-05 07:07:00,2026-04-05 07:30:00,B38 A,154.0,10.74,14.34,3.48,3.35,23.0
7,2026-04-05,SN229,2026-04-05 10:04:00,2026-04-05 10:26:00,22.0,2026-04-05 10:41:00,2026-04-05 11:10:00,B31 A,120.0,10.55,11.37,5.36,2.0,29.0
7,2026-04-05,SN278,2026-04-05 12:46:00,2026-04-05 12:41:00,-5.0,2026-04-05 13:04:00,2026-04-05 13:33:00,B31 A,62.0,13.05,4.75,4.87,2.21,29.0
7,2026-04-05,SN2900,2026-04-05 10:44:00,2026-04-05 11:04:00,20.0,2026-04-05 11:13:00,2026-04-05 11:34:00,B32 A,49.0,13.36,3.67,6.67,1.45,21.0
7,2026-04-05,SN3326,2026-04-05 07:45:00,2026-04-05 08:05:00,20.0,2026-04-05 08:16:00,2026-04-05 08:36:00,B28 A,123.0,13.87,8.87,4.73,1.69,20.0
7,2026-04-05,SN358,2026-04-05 10:21:00,2026-04-05 11:13:00,52.0,2026-04-05 11:43:00,2026-04-05 12:03:00,B38 A,126.0,9.63,13.09,4.72,2.47,20.0
7,2026-04-05,SN379,2026-04-05 08:11:00,2026-04-05 08:40:00,29.0,2026-04-05 08:59:00,2026-04-05 09:27:00,B28 A,76.0,14.11,5.39,5.27,1.52,28.0
7,2026-04-05,SN3800,2026-04-05 06:15:00,2026-04-05 06:16:00,1.0,2026-04-05 06:28:00,2026-04-05 06:30:00,A65 ,27.0,11.46,2.36,4.98,1.67,2.0
7,2026-04-05,TB1552,2026-04-05 08:29:00,2026-04-05 08:25:00,-4.0,2026-04-05 08:46:00,2026-04-05 08:54:00,A61 ,166.0,14.55,11.41,4.62,1.8,8.0
7,2026-04-05,TB2632,2026-04-05 09:29:00,2026-04-05 09:09:00,-20.0,2026-04-05 09:35:00,2026-04-05 09:44:00,B9  A,114.0,12.45,9.15,5.59,1.49,9.0
7,2026-04-05,TB2662,2026-04-05 09:15:00,2026-04-05 09:04:00,-11.0,2026-04-05 09:22:00,2026-04-05 09:30:00,B34 A,90.0,12.03,7.48,6.89,1.5,8.0
7,2026-04-05,TG934,2026-04-05 09:21:00,2026-04-05 09:16:00,-5.0,2026-04-05 09:38:00,2026-04-05 09:58:00,B38 A,249.0,13.27,18.77,5.93,1.97,20.0
7,2026-04-05,UA950,2026-04-05 11:22:00,2026-04-05 11:02:00,-20.0,2026-04-05 11:22:00,2026-04-05 11:45:00,B28 A,170.0,9.68,17.57,4.68,1.71,23.0
7,2026-04-05,UA994,2026-04-05 12:51:00,2026-04-05 12:35:00,-16.0,2026-04-05 12:54:00,2026-04-05 13:24:00,B38 A,109.0,10.62,10.26,4.87,2.39,30.0
7,2026-04-05,XR5402,2026-04-05 07:46:00,2026-04-05 08:56:00,70.0,2026-04-05 09:23:00,2026-04-05 09:26:00,B5  A,88.0,14.15,6.22,4.44,1.88,3.0
8,2026-04-05,AC832,2026-04-05 12:18:00,2026-04-05 11:38:00,-40.0,2026-04-05 11:54:00,2026-04-05 12:17:00,B30 A,100.0,14.78,6.76,6.54,1.36,23.0
8,2026-04-05,ET750,2026-04-05 11:13:00,2026-04-05 11:34:00,21.0,2026-04-05 12:17:00,2026-04-05 13:03:00,B17 A,464.0,13.32,34.83,6.08,1.38,46.0
8,2026-04-05,FH8116,2026-04-05 12:44:00,2026-04-05 12:48:00,4.0,2026-04-05 13:06:00,2026-04-05 13:13:00,B38 A,140.0,11.47,12.2,5.78,2.02,7.0
8,2026-04-05,LH1004,2026-04-05 12:50:00,2026-04-05 12:50:00,0.0,2026-04-05 13:03:00,2026-04-05 13:30:00,A43 ,40.0,11.68,3.42,5.27,1.58,27.0
8,2026-04-05,SN1122,2026-04-05 08:39:00,2026-04-05 09:08:00,29.0,2026-04-05 09:20:00,2026-04-05 09:21:00,B40 A,13.0,13.79,0.94,4.52,2.74,1.0
8,2026-04-05,SN1124,2026-04-05 07:10:00,2026-04-05 07:19:00,9.0,2026-04-05 07:32:00,2026-04-05 07:48:00,B30 A,138.0,16.05,8.6,4.64,1.92,16.0
8,2026-04-05,SN206,2026-04-05 06:25:00,2026-04-05 06:48:00,23.0,2026-04-05 07:07:00,2026-04-05 07:30:00,B38 A,154.0,12.03,12.8,3.91,2.98,23.0
8,2026-04-05,SN229,2026-04-05 10:04:00,2026-04-05 10:26:00,22.0,2026-04-05 10:41:00,2026-04-05 11:10:00,B31 A,120.0,14.04,8.54,4.61,2.33,29.0
8,2026-04-05,SN278,2026-04-05 12:46:00,2026-04-05 12:41:00,-5.0,2026-04-05 13:04:00,2026-04-05 13:33:00,B31 A,62.0,11.22,5.53,5.65,1.9,29.0
8,2026-04-05,SN2900,2026-04-05 08:46:00,2026-04-05 08:33:00,-13.0,2026-04-05 08:58:00,2026-04-05 09:02:00,B14 A,79.0,13.05,6.05,4.52,1.47,4.0
8,2026-04-05,SN3326,2026-04-05 11:24:00,2026-04-05 11:41:00,17.0,2026-04-05 12:06:00,2026-04-05 12:12:00,B14 A,111.0,12.3,9.03,5.14,1.3,6.0
8,2026-04-05,SN358,2026-04-05 12:21:00,2026-04-05 12:23:00,2.0,2026-04-05 12:43:00,2026-04-05 13:14:00,B28 A,176.0,10.1,17.43,5.75,1.39,31.0
8,2026-04-05,SN379,2026-04-05 10:10:00,2026-04-05 11:03:00,53.0,2026-04-05 11:42:00,2026-04-05 12:19:00,B29 A,161.0,11.57,13.92,5.18,1.9,37.0
8,2026-04-05,SN3800,2026-04-05 06:15:00,2026-04-05 06:16:00,1.0,2026-04-05 06:28:00,2026-04-05 06:30:00,A65 ,27.0,14.26,1.89,5.17,1.61,2.0
8,2026-04-05,TB1552,2026-04-05 08:29:00,2026-04-05 08:25:00,-4.0,2026-04-05 08:46:00,2026-04-05 08:54:00,A61 ,166.0,16.03,10.36,4.37,1.91,8.0
8,2026-04-05,TB2632,2026-04-05 09:29:00,2026-04-05 09:09:00,-20.0,2026-04-05 09:35:00,2026-04-05 09:44:00,B9  A,114.0,8.48,13.44,4.96,1.68,9.0
8,2026-04-05,TB2662,2026-04-05 09:15:00,2026-04-05 09:04:00,-11.0,2026-04-05 09:22:00,2026-04-05 09:30:00,B34 A,90.0,12.28,7.33,4.77,2.16,8.0
8,2026-04-05,TG934,2026-04-05 09:21:00,2026-04-05 09:16:00,-5.0,2026-04-05 09:38:00,2026-04-05 09:58:00,B38 A,249.0,13.24,18.81,5.04,2.32,20.0
8,2026-04-05,UA950,2026-04-05 10:20:00,2026-04-05 09:58:00,-22.0,2026-04-05 10:24:00,2026-04-05 10:51:00,B40 A,188.0,14.1,13.34,4.92,2.52,27.0
8,2026-04-05,UA994,2026-04-05 12:51:00,2026-04-05 12:35:00,-16.0,2026-04-05 12:54:00,2026-04-05 13:24:00,B38 A,109.0,11.38,9.58,6.27,1.86,30.0
8,2026-04-05,XR5402,2026-04-05 07:46:00,2026-04-05 08:56:00,70.0,2026-04-05 09:23:00,2026-04-05 09:26:00,B5  A,88.0,13.13,6.7,5.5,1.52,3.0
9,2026-04-05,AC832,2026-04-05 10:17:00,2026-04-05 10:43:00,26.0,2026-04-05 11:00:00,2026-04-05 11:34:00,B14 A,172.0,15.65,10.99,4.91,1.36,34.0
9,2026-04-05,ET750,2026-04-05 11:13:00,2026-04-05 11:34:00,21.0,2026-04-05 12:17:00,2026-04-05 13:03:00,B17 A,464.0,12.3,37.71,3.44,2.45,46.0
9,2026-04-05,FH8116,2026-04-05 12:44:00,2026-04-05 12:48:00,4.0,2026-04-05 13:06:00,2026-04-05 13:13:00,B38 A,140.0,11.93,11.74,5.7,2.05,7.0
9,2026-04-05,LH1004,2026-04-05 11:51:00,2026-04-05 11:47:00,-4.0,2026-04-05 12:07:00,2026-04-05 12:12:00,A43 ,23.0,13.86,1.66,4.5,1.85,5.0
9,2026-04-05,SN1122,2026-04-05 08:39:00,2026-04-05 09:08:00,29.0,2026-04-05 09:20:00,2026-04-05 09:21:00,B40 A,13.0,10.67,1.22,4.74,2.62,1.0
9,2026-04-05,SN1124,2026-04-05 07:10:00,2026-04-05 07:19:00,9.0,2026-04-05 07:32:00,2026-04-05 07:48:00,B30 A,138.0,12.37,11.16,5.45,1.63,16.0
9,2026-04-05,SN206,2026-04-05 06:25:00,2026-04-05 06:48:00,23.0,2026-04-05 07:07:00,2026-04-05 07:30:00,B38 A,154.0,13.64,11.29,6.27,1.86,23.0
9,2026-04-05,SN229,2026-04-05 10:04:00,2026-04-05 10:26:00,22.0,2026-04-05 10:41:00,2026-04-05 11:10:00,B31 A,120.0,10.36,11.59,5.69,1.89,29.0
9,2026-04-05,SN278,2026-04-05 08:43:00,2026-04-05 08:27:00,-16.0,2026-04-05 08:40:00,2026-04-05 09:10:00,B37 A,123.0,12.32,9.98,4.19,2.91,30.0
9,2026-04-05,SN2900,2026-04-05 08:46:00,2026-04-05 08:33:00,-13.0,2026-04-05 08:58:00,2026-04-05 09:02:00,B14 A,79.0,12.2,6.48,3.88,1.72,4.0
9,2026-04-05,SN3326,2026-04-05 11:24:00,2026-04-05 11:41:00,17.0,2026-04-05 12:06:00,2026-04-05 12:12:00,B14 A,111.0,13.43,8.26,6.3,1.06,6.0
9,2026-04-05,SN358,2026-04-05 10:21:00,2026-04-05 11:13:00,52.0,2026-04-05 11:43:00,2026-04-05 12:03:00,B38 A,126.0,12.17,10.36,4.7,2.48,20.0
9,2026-04-05,SN379,2026-04-05 08:11:00,2026-04-05 08:40:00,29.0,2026-04-05 08:59:00,2026-04-05 09:27:00,B28 A,76.0,10.58,7.19,5.38,1.49,28.0
9,2026-04-05,SN3800,2026-04-05 06:15:00,2026-04-05 06:16:00,1.0,2026-04-05 06:28:00,2026-04-05 06:30:00,A65 ,27.0,10.07,2.68,5.15,1.62,2.0
9,2026-04-05,TB1552,2026-04-05 07:15:00,2026-04-05 07:08:00,-7.0,2026-04-05 07:38:00,2026-04-05 07:45:00,A61 ,152.0,12.48,12.18,4.67,1.79,7.0
9,2026-04-05,TB2632,2026-04-05 09:29:00,2026-04-05 09:09:00,-20.0,2026-04-05 09:35:00,2026-04-05 09:44:00,B9  A,114.0,14.74,7.74,5.43,1.53,9.0
9,2026-04-05,TB2662,2026-04-05 09:15:00,2026-04-05 09:04:00,-11.0,2026-04-05 09:22:00,2026-04-05 09:30:00,B34 A,90.0,8.41,10.7,6.96,1.48,8.0
9,2026-04-05,TG934,2026-04-05 09:21:00,2026-04-05 09:16:00,-5.0,2026-04-05 09:38:00,2026-04-05 09:58:00,B38 A,249.0,13.76,18.09,5.39,2.16,20.0
9,2026-04-05,UA950,2026-04-05 08:20:00,2026-04-05 08:20:00,0.0,2026-04-05 08:36:00,2026-04-05 09:25:00,B38 A,176.0,14.48,12.16,4.74,2.46,49.0
9,2026-04-05,UA994,2026-04-05 10:51:00,2026-04-05 10:01:00,-50.0,2026-04-05 10:18:00,2026-04-05 10:42:00,B38 A,177.0,14.42,12.27,6.07,1.92,24.0
9,2026-04-05,XR5402,2026-04-05 07:46:00,2026-04-05 08:56:00,70.0,2026-04-05 09:23:00,2026-04-05 09:26:00,B5  A,88.0,10.51,8.37,4.18,2.0,3.0
10,2026-04-05,AC832,2026-04-05 11:16:00,2026-04-05 10:39:00,-37.0,2026-04-05 10:54:00,2026-04-05 11:24:00,B5  A,101.0,13.55,7.45,4.32,1.93,30.0
10,2026-04-05,ET750,2026-04-05 11:13:00,2026-04-05 11:34:00,21.0,2026-04-05 12:17:00,2026-04-05 13:03:00,B17 A,464.0,13.37,34.71,4.42,1.91,46.0
10,2026-04-05,FH8116,2026-04-05 06:35:00,2026-04-05 06:00:00,-35.0,2026-04-05 06:07:00,2026-04-05 06:09:00,B15 A,22.0,14.31,1.54,6.78,1.14,2.0
10,2026-04-05,LH1004,2026-04-05 12:50:00,2026-04-05 12:50:00,0.0,2026-04-05 13:03:00,2026-04-05 13:30:00,A43 ,40.0,13.66,2.93,4.44,1.88,27.0
10,2026-04-05,SN1122,2026-04-05 08:39:00,2026-04-05 09:08:00,29.0,2026-04-05 09:20:00,2026-04-05 09:21:00,B40 A,13.0,15.88,0.82,4.37,2.84,1.0
10,2026-04-05,SN1124,2026-04-05 07:10:00,2026-04-05 07:19:00,9.0,2026-04-05 07:32:00,2026-04-05 07:48:00,B30 A,138.0,12.58,10.97,4.87,1.83,16.0
10,2026-04-05,SN206,2026-04-05 06:25:00,2026-04-05 06:48:00,23.0,2026-04-05 07:07:00,2026-04-05 07:30:00,B38 A,154.0,12.64,12.19,3.57,3.26,23.0
10,2026-04-05,SN229,2026-04-05 12:06:00,2026-04-05 12:12:00,6.0,2026-04-05 12:39:00,2026-04-05 13:03:00,B28 A,20.0,11.44,1.75,4.28,1.87,24.0
10,2026-04-05,SN278,2026-04-05 08:43:00,2026-04-05 08:27:00,-16.0,2026-04-05 08:40:00,2026-04-05 09:10:00,B37 A,123.0,14.84,8.29,6.23,1.95,30.0
10,2026-04-05,SN2900,2026-04-05 07:39:00,2026-04-05 07:25:00,-14.0,2026-04-05 07:38:00,2026-04-05 07:53:00,B38 A,55.0,13.34,4.12,4.06,2.87,15.0
10,2026-04-05,SN3326,2026-04-05 11:24:00,2026-04-05 11:41:00,17.0,2026-04-05 12:06:00,2026-04-05 12:12:00,B14 A,111.0,11.24,9.87,4.64,1.44,6.0
10,2026-04-05,SN358,2026-04-05 12:21:00,2026-04-05 12:23:00,2.0,2026-04-05 12:43:00,2026-04-05 13:14:00,B28 A,176.0,10.15,17.34,4.89,1.64,31.0
10,2026-04-05,SN379,2026-04-05 08:11:00,2026-04-05 08:40:00,29.0,2026-04-05 08:59:00,2026-04-05 09:27:00,B28 A,76.0,11.73,6.48,5.38,1.49,28.0
10,2026-04-05,SN3800,2026-04-05 06:15:00,2026-04-05 06:16:00,1.0,2026-04-05 06:28:00,2026-04-05 06:30:00,A65 ,27.0,10.71,2.52,5.28,1.58,2.0
10,2026-04-05,TB1552,2026-04-05 08:29:00,2026-04-05 08:25:00,-4.0,2026-04-05 08:46:00,2026-04-05 08:54:00,A61 ,166.0,15.28,10.87,4.93,1.69,8.0
10,2026-04-05,TB2632,2026-04-05 09:29:00,2026-04-05 09:09:00,-20.0,2026-04-05 09:35:00,2026-04-05 09:44:00,B9  A,114.0,14.34,7.95,4.62,1.81,9.0
10,2026-04-05,TB2662,2026-04-05 09:15:00,2026-04-05 09:04:00,-11.0,2026-04-05 09:22:00,2026-04-05 09:30:00,B34 A,90.0,12.94,6.95,4.4,2.35,8.0
10,2026-04-05,TG934,2026-04-05 09:21:00,2026-04-05 09:16:00,-5.0,2026-04-05 09:38:00,2026-04-05 09:58:00,B38 A,249.0,14.59,17.07,5.22,2.23,20.0
10,2026-04-05,UA950,2026-04-05 09:21:00,2026-04-05 08:45:00,-36.0,2026-04-05 09:03:00,2026-04-05 09:29:00,B5  A,163.0,16.3,10.0,4.44,1.87,26.0
10,2026-04-05,UA994,2026-04-05 09:51:00,2026-04-05 11:28:00,97.0,2026-04-05 11:44:00,2026-04-05 12:09:00,B40 A,135.0,11.7,11.54,4.39,2.83,25.0
10,2026-04-05,XR5402,2026-04-05 07:46:00,2026-04-05 08:56:00,70.0,2026-04-05 09:23:00,2026-04-05 09:26:00,B5  A,88.0,14.45,6.09,6.46,1.29,3.0
11,2026-04-05,AC832,2026-04-05 09:18:00,2026-04-05 08:45:00,-33.0,2026-04-05 09:06:00,2026-04-05 09:59:00,B28 A,110.0,14.15,7.77,6.02,1.33,53.0
11,2026-04-05,ET750,2026-04-05 11:13:00,2026-04-05 11:34:00,21.0,2026-04-05 12:17:00,2026-04-05 13:03:00,B17 A,464.0,13.35,34.77,5.93,1.42,46.0
11,2026-04-05,FH8116,2026-04-05 12:44:00,2026-04-05 12:48:00,4.0,2026-04-05 13:06:00,2026-04-05 13:13:00,B38 A,140.0,10.42,13.43,4.89,2.38,7.0
11,2026-04-05,LH1004,2026-04-05 11:51:00,2026-04-05 11:47:00,-4.0,2026-04-05 12:07:00,2026-04-05 12:12:00,A43 ,23.0,12.45,1.85,4.7,1.77,5.0
11,2026-04-05,SN1122,2026-04-05 08:39:00,2026-04-05 09:08:00,29.0,2026-04-05 09:20:00,2026-04-05 09:21:00,B40 A,13.0,13.84,0.94,6.04,2.05,1.0
11,2026-04-05,SN1124,2026-04-05 07:10:00,2026-04-05 07:19:00,9.0,2026-04-05 07:32:00,2026-04-05 07:48:00,B30 A,138.0,12.71,10.86,6.94,1.28,16.0
11,2026-04-05,SN206,2026-04-05 06:25:00,2026-04-05 06:48:00,23.0,2026-04-05 07:07:00,2026-04-05 07:30:00,B38 A,154.0,10.02,15.37,3.9,2.99,23.0
11,2026-04-05,SN229,2026-04-05 12:06:00,2026-04-05 12:12:00,6.0,2026-04-05 12:39:00,2026-04-05 13:03:00,B28 A,20.0,13.09,1.53,5.4,1.48,24.0
11,2026-04-05,SN278,2026-04-05 10:45:00,2026-04-05 10:42:00,-3.0,2026-04-05 11:04:00,2026-04-05 11:16:00,B28 A,198.0,12.74,15.54,5.7,1.4,12.0
11,2026-04-05,SN2900,2026-04-05 08:46:00,2026-04-05 08:33:00,-13.0,2026-04-05 08:58:00,2026-04-05 09:02:00,B14 A,79.0,13.09,6.03,5.59,1.19,4.0
11,2026-04-05,SN3326,2026-04-05 11:24:00,2026-04-05 11:41:00,17.0,2026-04-05 12:06:00,2026-04-05 12:12:00,B14 A,111.0,12.3,9.02,5.58,1.19,6.0
11,2026-04-05,SN358,2026-04-05 10:21:00,2026-04-05 11:13:00,52.0,2026-04-05 11:43:00,2026-04-05 12:03:00,B38 A,126.0,13.18,9.56,5.11,2.28,20.0
11,2026-04-05,SN379,2026-04-05 08:11:00,2026-04-05 08:40:00,29.0,2026-04-05 08:59:00,2026-04-05 09:27:00,B28 A,76.0,9.96,7.63,4.99,1.6,28.0
11,2026-04-05,SN3800,2026-04-05 06:15:00,2026-04-05 06:16:00,1.0,2026-04-05 06:28:00,2026-04-05 06:30:00,A65 ,27.0,12.73,2.12,7.64,1.09,2.0
11,2026-04-05,TB1552,2026-04-05 07:15:00,2026-04-05 07:08:00,-7.0,2026-04-05 07:38:00,2026-04-05 07:45:00,A61 ,152.0,12.06,12.6,5.56,1.5,7.0
11,2026-04-05,TB2632,2026-04-05 09:29:00,2026-04-05 09:09:00,-20.0,2026-04-05 09:35:00,2026-04-05 09:44:00,B9  A,114.0,8.99,12.68,5.58,1.49,9.0
11,2026-04-05,TB2662,2026-04-05 09:15:00,2026-04-05 09:04:00,-11.0,2026-04-05 09:22:00,2026-04-05 09:30:00,B34 A,90.0,15.44,5.83,4.45,2.32,8.0
11,2026-04-05,TG934,2026-04-05 09:21:00,2026-04-05 09:16:00,-5.0,2026-04-05 09:38:00,2026-04-05 09:58:00,B38 A,249.0,14.08,17.69,4.03,2.9,20.0
11,2026-04-05,UA950,2026-04-05 11:22:00,2026-04-05 11:02:00,-20.0,2026-04-05 11:22:00,2026-04-05 11:45:00,B28 A,170.0,12.07,14.08,4.68,1.71,23.0
11,2026-04-05,UA994,2026-04-05 12:51:00,2026-04-05 12:35:00,-16.0,2026-04-05 12:54:00,2026-04-05 13:24:00,B38 A,109.0,14.59,7.47,5.92,1.97,30.0
11,2026-04-05,XR5402,2026-04-05 07:46:00,2026-04-05 08:56:00,70.0,2026-04-05 09:23:00,2026-04-05 09:26:00,B5  A,88.0,16.14,5.45,5.45,1.53,3.0
12,2026-04-05,AC832,2026-04-05 11:16:00,2026-04-05 10:39:00,-37.0,2026-04-05 10:54:00,2026-04-05 11:24:00,B5  A,101.0,14.13,7.15,4.53,1.84,30.0
12,2026-04-05,ET750,2026-04-05 11:13:00,2026-04-05 11:34:00,21.0,2026-04-05 12:17:00,2026-04-05 13:03:00,B17 A,464.0,11.39,40.75,4.26,1.97,46.0
12,2026-04-05,FH8116,2026-04-05 12:44:00,2026-04-05 12:48:00,4.0,2026-04-05 13:06:00,2026-04-05 13:13:00,B38 A,140.0,9.26,15.11,4.85,2.41,7.0
12,2026-04-05,LH1004,2026-04-05 12:50:00,2026-04-05 12:50:00,0.0,2026-04-05 13:03:00,2026-04-05 13:30:00,A43 ,40.0,13.9,2.88,4.96,1.68,27.0
12,2026-04-05,SN1122,2026-04-05 08:39:00,2026-04-05 09:08:00,29.0,2026-04-05 09:20:00,2026-04-05 09:21:00,B40 A,13.0,13.54,0.96,4.3,2.89,1.0
12,2026-04-05,SN1124,2026-04-05 07:10:00,2026-04-05 07:19:00,9.0,2026-04-05 07:32:00,2026-04-05 07:48:00,B30 A,138.0,13.02,10.6,4.94,1.81,16.0
12,2026-04-05,SN206,2026-04-05 06:25:00,2026-04-05 06:48:00,23.0,2026-04-05 07:07:00,2026-04-05 07:30:00,B38 A,154.0,12.32,12.5,5.3,2.2,23.0
12,2026-04-05,SN229,2026-04-05 12:06:00,2026-04-05 12:12:00,6.0,2026-04-05 12:39:00,2026-04-05 13:03:00,B28 A,20.0,13.46,1.49,5.09,1.57,24.0
12,2026-04-05,SN278,2026-04-05 12:46:00,2026-04-05 12:41:00,-5.0,2026-04-05 13:04:00,2026-04-05 13:33:00,B31 A,62.0,10.61,5.84,4.26,2.52,29.0
12,2026-04-05,SN2900,2026-04-05 08:46:00,2026-04-05 08:33:00,-13.0,2026-04-05 08:58:00,2026-04-05 09:02:00,B14 A,79.0,12.48,6.33,4.82,1.38,4.0
12,2026-04-05,SN3326,2026-04-05 11:24:00,2026-04-05 11:41:00,17.0,2026-04-05 12:06:00,2026-04-05 12:12:00,B14 A,111.0,14.58,7.61,4.98,1.34,6.0
12,2026-04-05,SN358,2026-04-05 12:21:00,2026-04-05 12:23:00,2.0,2026-04-05 12:43:00,2026-04-05 13:14:00,B28 A,176.0,11.14,15.8,3.28,2.44,31.0
12,2026-04-05,SN379,2026-04-05 08:11:00,2026-04-05 08:40:00,29.0,2026-04-05 08:59:00,2026-04-05 09:27:00,B28 A,76.0,13.61,5.58,4.97,1.61,28.0
12,2026-04-05,SN3800,2026-04-05 06:15:00,2026-04-05 06:16:00,1.0,2026-04-05 06:28:00,2026-04-05 06:30:00,A65 ,27.0,12.0,2.25,4.47,1.86,2.0
12,2026-04-05,TB1552,2026-04-05 07:15:00,2026-04-05 07:08:00,-7.0,2026-04-05 07:38:00,2026-04-05 07:45:00,A61 ,152.0,15.52,9.8,4.44,1.88,7.0
12,2026-04-05,TB2632,2026-04-05 09:29:00,2026-04-05 09:09:00,-20.0,2026-04-05 09:35:00,2026-04-05 09:44:00,B9  A,114.0,11.16,10.22,4.28,1.95,9.0
12,2026-04-05,TB2662,2026-04-05 09:15:00,2026-04-05 09:04:00,-11.0,2026-04-05 09:22:00,2026-04-05 09:30:00,B34 A,90.0,12.51,7.19,4.72,2.19,8.0
12,2026-04-05,TG934,2026-04-05 09:21:00,2026-04-05 09:16:00,-5.0,2026-04-05 09:38:00,2026-04-05 09:58:00,B38 A,249.0,14.07,17.7,6.54,1.78,20.0
12,2026-04-05,UA950,2026-04-05 10:20:00,2026-04-05 09:58:00,-22.0,2026-04-05 10:24:00,2026-04-05 10:51:00,B40 A,188.0,13.6,13.82,3.95,3.14,27.0
12,2026-04-05,UA994,2026-04-05 09:51:00,2026-04-05 11:28:00,97.0,2026-04-05 11:44:00,2026-04-05 12:09:00,B40 A,135.0,12.69,10.64,3.72,3.34,25.0
12,2026-04-05,XR5402,2026-04-05 07:46:00,2026-04-05 08:56:00,70.0,2026-04-05 09:23:00,2026-04-05 09:26:00,B5  A,88.0,13.28,6.63,4.52,1.84,3.0
13,2026-04-05,AC832,2026-04-05 12:18:00,2026-04-05 11:38:00,-40.0,2026-04-05 11:54:00,2026-04-05 12:17:00,B30 A,100.0,10.69,9.36,4.67,1.91,23.0
13,2026-04-05,ET750,2026-04-05 11:13:00,2026-04-05 11:34:00,21.0,2026-04-05 12:17:00,2026-04-05 13:03:00,B17 A,464.0,11.86,39.12,5.18,1.63,46.0
13,2026-04-05,FH8116,2026-04-05 06:35:00,2026-04-05 06:00:00,-35.0,2026-04-05 06:07:00,2026-04-05 06:09:00,B15 A,22.0,12.14,1.81,5.02,1.54,2.0
13,2026-04-05,LH1004,2026-04-05 09:50:00,2026-04-05 09:53:00,3.0,2026-04-05 10:20:00,2026-04-05 10:27:00,A43 ,33.0,10.97,3.01,5.7,1.46,7.0
13,2026-04-05,SN1122,2026-04-05 08:39:00,2026-04-05 09:08:00,29.0,2026-04-05 09:20:00,2026-04-05 09:21:00,B40 A,13.0,9.87,1.32,5.51,2.25,1.0
13,2026-04-05,SN1124,2026-04-05 07:10:00,2026-04-05 07:19:00,9.0,2026-04-05 07:32:00,2026-04-05 07:48:00,B30 A,138.0,14.81,9.32,6.43,1.39,16.0
13,2026-04-05,SN206,2026-04-05 06:25:00,2026-04-05 06:48:00,23.0,2026-04-05 07:07:00,2026-04-05 07:30:00,B38 A,154.0,14.31,10.76,6.46,1.81,23.0
13,2026-04-05,SN229,2026-04-05 10:04:00,2026-04-05 10:26:00,22.0,2026-04-05 10:41:00,2026-04-05 11:10:00,B31 A,120.0,12.61,9.52,4.08,2.63,29.0
13,2026-04-05,SN278,2026-04-05 08:43:00,2026-04-05 08:27:00,-16.0,2026-04-05 08:40:00,2026-04-05 09:10:00,B37 A,123.0,15.25,8.06,5.01,2.43,30.0
13,2026-04-05,SN2900,2026-04-05 08:46:00,2026-04-05 08:33:00,-13.0,2026-04-05 08:58:00,2026-04-05 09:02:00,B14 A,79.0,9.93,7.96,4.51,1.48,4.0
13,2026-04-05,SN3326,2026-04-05 11:24:00,2026-04-05 11:41:00,17.0,2026-04-05 12:06:00,2026-04-05 12:12:00,B14 A,111.0,15.22,7.29,4.94,1.35,6.0
13,2026-04-05,SN358,2026-04-05 08:21:00,2026-04-05 08:24:00,3.0,2026-04-05 08:42:00,2026-04-05 09:09:00,B14 A,112.0,12.83,8.73,4.76,1.4,27.0
13,2026-04-05,SN379,2026-04-05 08:11:00,2026-04-05 08:40:00,29.0,2026-04-05 08:59:00,2026-04-05 09:27:00,B28 A,76.0,13.62,5.58,4.73,1.69,28.0
13,2026-04-05,SN3800,2026-04-05 06:15:00,2026-04-05 06:16:00,1.0,2026-04-05 06:28:00,2026-04-05 06:30:00,A65 ,27.0,9.96,2.71,5.56,1.5,2.0
13,2026-04-05,TB1552,2026-04-05 08:29:00,2026-04-05 08:25:00,-4.0,2026-04-05 08:46:00,2026-04-05 08:54:00,A61 ,166.0,13.95,11.9,4.66,1.79,8.0
13,2026-04-05,TB2632,2026-04-05 09:29:00,2026-04-05 09:09:00,-20.0,2026-04-05 09:35:00,2026-04-05 09:44:00,B9  A,114.0,9.79,11.65,4.65,1.79,9.0
13,2026-04-05,TB2662,2026-04-05 09:15:00,2026-04-05 09:04:00,-11.0,2026-04-05 09:22:00,2026-04-05 09:30:00,B34 A,90.0,11.51,7.82,5.61,1.84,8.0
13,2026-04-05,TG934,2026-04-05 09:21:00,2026-04-05 09:16:00,-5.0,2026-04-05 09:38:00,2026-04-05 09:58:00,B38 A,249.0,13.23,18.82,5.07,2.3,20.0
13,2026-04-05,UA950,2026-04-05 09:21:00,2026-04-05 08:45:00,-36.0,2026-04-05 09:03:00,2026-04-05 09:29:00,B5  A,163.0,10.64,15.32,4.81,1.73,26.0
13,2026-04-05,UA994,2026-04-05 08:51:00,2026-04-05 08:32:00,-19.0,2026-04-05 08:52:00,2026-04-05 09:25:00,B40 A,171.0,16.86,10.15,4.72,2.63,33.0
13,2026-04-05,XR5402,2026-04-05 07:46:00,2026-04-05 08:56:00,70.0,2026-04-05 09:23:00,2026-04-05 09:26:00,B5  A,88.0,12.81,6.87,4.38,1.9,3.0
14,2026-04-05,AC832,2026-04-05 11:16:00,2026-04-05 10:39:00,-37.0,2026-04-05 10:54:00,2026-04-05 11:24:00,B5  A,101.0,11.53,8.76,5.58,1.49,30.0
14,2026-04-05,ET750,2026-04-05 11:13:00,2026-04-05 11:34:00,21.0,2026-04-05 12:17:00,2026-04-05 13:03:00,B17 A,464.0,14.42,32.18,3.73,2.26,46.0
14,2026-04-05,FH8116,2026-04-05 12:44:00,2026-04-05 12:48:00,4.0,2026-04-05 13:06:00,2026-04-05 13:13:00,B38 A,140.0,8.49,16.49,8.31,1.4,7.0
14,2026-04-05,LH1004,2026-04-05 09:50:00,2026-04-05 09:53:00,3.0,2026-04-05 10:20:00,2026-04-05 10:27:00,A43 ,33.0,11.52,2.86,4.03,2.07,7.0
14,2026-04-05,SN1122,2026-04-05 08:39:00,2026-04-05 09:08:00,29.0,2026-04-05 09:20:00,2026-04-05 09:21:00,B40 A,13.0,14.12,0.92,4.75,2.62,1.0
14,2026-04-05,SN1124,2026-04-05 07:10:00,2026-04-05 07:19:00,9.0,2026-04-05 07:32:00,2026-04-05 07:48:00,B30 A,138.0,13.27,10.4,4.99,1.79,16.0
14,2026-04-05,SN206,2026-04-05 06:25:00,2026-04-05 06:48:00,23.0,2026-04-05 07:07:00,2026-04-05 07:30:00,B38 A,154.0,11.83,13.01,3.61,3.23,23.0
14,2026-04-05,SN229,2026-04-05 12:06:00,2026-04-05 12:12:00,6.0,2026-04-05 12:39:00,2026-04-05 13:03:00,B28 A,20.0,11.98,1.67,4.87,1.64,24.0
14,2026-04-05,SN278,2026-04-05 12:46:00,2026-04-05 12:41:00,-5.0,2026-04-05 13:04:00,2026-04-05 13:33:00,B31 A,62.0,8.35,7.42,4.63,2.32,29.0
14,2026-04-05,SN2900,2026-04-05 08:46:00,2026-04-05 08:33:00,-13.0,2026-04-05 08:58:00,2026-04-05 09:02:00,B14 A,79.0,10.6,7.46,5.63,1.18,4.0
14,2026-04-05,SN3326,2026-04-05 11:24:00,2026-04-05 11:41:00,17.0,2026-04-05 12:06:00,2026-04-05 12:12:00,B14 A,111.0,14.68,7.56,4.92,1.35,6.0
14,2026-04-05,SN358,2026-04-05 08:21:00,2026-04-05 08:24:00,3.0,2026-04-05 08:42:00,2026-04-05 09:09:00,B14 A,112.0,14.05,7.97,6.29,1.06,27.0
14,2026-04-05,SN379,2026-04-05 08:11:00,2026-04-05 08:40:00,29.0,2026-04-05 08:59:00,2026-04-05 09:27:00,B28 A,76.0,12.71,5.98,4.14,1.93,28.0
14,2026-04-05,SN3800,2026-04-05 06:15:00,2026-04-05 06:16:00,1.0,2026-04-05 06:28:00,2026-04-05 06:30:00,A65 ,27.0,14.46,1.87,4.54,1.84,2.0
14,2026-04-05,TB1552,2026-04-05 08:29:00,2026-04-05 08:25:00,-4.0,2026-04-05 08:46:00,2026-04-05 08:54:00,A61 ,166.0,10.22,16.24,4.91,1.7,8.0
14,2026-04-05,TB2632,2026-04-05 09:29:00,2026-04-05 09:09:00,-20.0,2026-04-05 09:35:00,2026-04-05 09:44:00,B9  A,114.0,10.95,10.42,3.96,2.1,9.0
14,2026-04-05,TB2662,2026-04-05 09:15:00,2026-04-05 09:04:00,-11.0,2026-04-05 09:22:00,2026-04-05 09:30:00,B34 A,90.0,12.61,7.14,6.05,1.71,8.0
14,2026-04-05,TG934,2026-04-05 09:21:00,2026-04-05 09:16:00,-5.0,2026-04-05 09:38:00,2026-04-05 09:58:00,B38 A,249.0,14.4,17.3,5.13,2.27,20.0
14,2026-04-05,UA950,2026-04-05 11:22:00,2026-04-05 11:02:00,-20.0,2026-04-05 11:22:00,2026-04-05 11:45:00,B28 A,170.0,15.21,11.17,3.97,2.02,23.0
14,2026-04-05,UA994,2026-04-05 11:51:00,2026-04-05 11:37:00,-14.0,2026-04-05 11:55:00,2026-04-05 12:25:00,B40 A,157.0,11.12,14.12,4.99,2.49,30.0
14,2026-04-05,XR5402,2026-04-05 07:46:00,2026-04-05 08:56:00,70.0,2026-04-05 09:23:00,2026-04-05 09:26:00,B5  A,88.0,14.08,6.25,5.51,1.51,3.0
15,2026-04-05,AC832,2026-04-05 08:17:00,2026-04-05 07:46:00,-31.0,2026-04-05 08:02:00,2026-04-05 08:29:00,B30 A,122.0,15.07,8.09,4.61,1.93,27.0
15,2026-04-05,ET750,2026-04-05 11:13:00,2026-04-05 11:34:00,21.0,2026-04-05 12:17:00,2026-04-05 13:03:00,B17 A,464.0,14.64,31.7,4.88,1.72,46.0
15,2026-04-05,FH8116,2026-04-05 12:44:00,2026-04-05 12:48:00,4.0,2026-04-05 13:06:00,2026-04-05 13:13:00,B38 A,140.0,14.34,9.76,4.42,2.64,7.0
15,2026-04-05,LH1004,2026-04-05 08:50:00,2026-04-05 08:53:00,3.0,2026-04-05 09:06:00,2026-04-05 09:12:00,A43 ,29.0,9.97,2.91,4.87,1.71,6.0
15,2026-04-05,SN1122,2026-04-05 08:39:00,2026-04-05 09:08:00,29.0,2026-04-05 09:20:00,2026-04-05 09:21:00,B40 A,13.0,10.78,1.21,4.79,2.59,1.0
15,2026-04-05,SN1124,2026-04-05 07:10:00,2026-04-05 07:19:00,9.0,2026-04-05 07:32:00,2026-04-05 07:48:00,B30 A,138.0,13.83,9.98,4.86,1.84,16.0
15,2026-04-05,SN206,2026-04-05 06:25:00,2026-04-05 06:48:00,23.0,2026-04-05 07:07:00,2026-04-05 07:30:00,B38 A,154.0,13.05,11.8,5.33,2.19,23.0
15,2026-04-05,SN229,2026-04-05 08:06:00,2026-04-05 09:20:00,74.0,2026-04-05 09:41:00,2026-04-05 10:22:00,B14 A,144.0,14.2,10.14,4.51,1.48,41.0
15,2026-04-05,SN278,2026-04-05 08:43:00,2026-04-05 08:27:00,-16.0,2026-04-05 08:40:00,2026-04-05 09:10:00,B37 A,123.0,13.33,9.23,4.84,2.51,30.0
15,2026-04-05,SN2900,2026-04-05 10:44:00,2026-04-05 11:04:00,20.0,2026-04-05 11:13:00,2026-04-05 11:34:00,B32 A,49.0,10.62,4.61,4.99,1.94,21.0
15,2026-04-05,SN3326,2026-04-05 07:45:00,2026-04-05 08:05:00,20.0,2026-04-05 08:16:00,2026-04-05 08:36:00,B28 A,123.0,13.1,9.39,5.25,1.52,20.0
15,2026-04-05,SN358,2026-04-05 08:21:00,2026-04-05 08:24:00,3.0,2026-04-05 08:42:00,2026-04-05 09:09:00,B14 A,112.0,11.73,9.54,5.23,1.27,27.0
15,2026-04-05,SN379,2026-04-05 10:10:00,2026-04-05 11:03:00,53.0,2026-04-05 11:42:00,2026-04-05 12:19:00,B29 A,161.0,9.95,16.18,4.08,2.41,37.0
15,2026-04-05,SN3800,2026-04-05 06:15:00,2026-04-05 06:16:00,1.0,2026-04-05 06:28:00,2026-04-05 06:30:00,A65 ,27.0,14.23,1.9,3.91,2.13,2.0
15,2026-04-05,TB1552,2026-04-05 10:15:00,2026-04-05 10:31:00,16.0,2026-04-05 10:50:00,2026-04-05 10:59:00,A69 ,164.0,15.48,10.59,6.0,1.39,9.0
15,2026-04-05,TB2632,2026-04-05 09:29:00,2026-04-05 09:09:00,-20.0,2026-04-05 09:35:00,2026-04-05 09:44:00,B9  A,114.0,13.64,8.36,5.47,1.52,9.0
15,2026-04-05,TB2662,2026-04-05 09:15:00,2026-04-05 09:04:00,-11.0,2026-04-05 09:22:00,2026-04-05 09:30:00,B34 A,90.0,15.02,5.99,4.53,2.28,8.0
15,2026-04-05,TG934,2026-04-05 12:22:00,2026-04-05 12:26:00,4.0,2026-04-05 12:46:00,2026-04-05 13:15:00,B34 A,260.0,15.94,16.31,5.14,2.01,29.0
15,2026-04-05,UA950,2026-04-05 11:22:00,2026-04-05 11:02:00,-20.0,2026-04-05 11:22:00,2026-04-05 11:45:00,B28 A,170.0,10.58,16.07,4.49,1.78,23.0
15,2026-04-05,UA994,2026-04-05 11:51:00,2026-04-05 11:37:00,-14.0,2026-04-05 11:55:00,2026-04-05 12:25:00,B40 A,157.0,15.56,10.09,3.01,4.13,30.0
15,2026-04-05,XR5402,2026-04-05 07:46:00,2026-04-05 08:56:00,70.0,2026-04-05 09:23:00,2026-04-05 09:26:00,B5  A,88.0,9.32,9.44,5.24,1.59,3.0
16,2026-04-05,AC832,2026-04-05 08:17:00,2026-04-05 07:46:00,-31.0,2026-04-05 08:02:00,2026-04-05 08:29:00,B30 A,122.0,12.88,9.47,5.31,1.68,27.0
16,2026-04-05,ET750,2026-04-05 11:13:00,2026-04-05 11:34:00,21.0,2026-04-05 12:17:00,2026-04-05 13:03:00,B17 A,464.0,13.53,34.29,4.53,1.86,46.0
16,2026-04-05,FH8116,2026-04-05 06:35:00,2026-04-05 06:00:00,-35.0,2026-04-05 06:07:00,2026-04-05 06:09:00,B15 A,22.0,14.21,1.55,5.48,1.41,2.0
16,2026-04-05,LH1004,2026-04-05 09:50:00,2026-04-05 09:53:00,3.0,2026-04-05 10:20:00,2026-04-05 10:27:00,A43 ,33.0,12.76,2.59,4.52,1.85,7.0
16,2026-04-05,SN1122,2026-04-05 08:39:00,2026-04-05 09:08:00,29.0,2026-04-05 09:20:00,2026-04-05 09:21:00,B40 A,13.0,11.32,1.15,5.72,2.17,1.0
16,2026-04-05,SN1124,2026-04-05 07:10:00,2026-04-05 07:19:00,9.0,2026-04-05 07:32:00,2026-04-05 07:48:00,B30 A,138.0,14.43,9.56,5.42,1.64,16.0
16,2026-04-05,SN206,2026-04-05 06:25:00,2026-04-05 06:48:00,23.0,2026-04-05 07:07:00,2026-04-05 07:30:00,B38 A,154.0,11.25,13.69,6.89,1.69,23.0
16,2026-04-05,SN229,2026-04-05 12:06:00,2026-04-05 12:12:00,6.0,2026-04-05 12:39:00,2026-04-05 13:03:00,B28 A,20.0,13.67,1.46,3.89,2.06,24.0
16,2026-04-05,SN278,2026-04-05 12:46:00,2026-04-05 12:41:00,-5.0,2026-04-05 13:04:00,2026-04-05 13:33:00,B31 A,62.0,9.28,6.68,4.7,2.29,29.0
16,2026-04-05,SN2900,2026-04-05 10:44:00,2026-04-05 11:04:00,20.0,2026-04-05 11:13:00,2026-04-05 11:34:00,B32 A,49.0,8.58,5.71,5.73,1.69,21.0
16,2026-04-05,SN3326,2026-04-05 11:24:00,2026-04-05 11:41:00,17.0,2026-04-05 12:06:00,2026-04-05 12:12:00,B14 A,111.0,13.93,7.97,7.12,0.94,6.0
16,2026-04-05,SN358,2026-04-05 10:21:00,2026-04-05 11:13:00,52.0,2026-04-05 11:43:00,2026-04-05 12:03:00,B38 A,126.0,15.9,7.92,5.51,2.12,20.0
16,2026-04-05,SN379,2026-04-05 08:11:00,2026-04-05 08:40:00,29.0,2026-04-05 08:59:00,2026-04-05 09:27:00,B28 A,76.0,13.48,5.64,6.11,1.31,28.0
16,2026-04-05,SN3800,2026-04-05 06:15:00,2026-04-05 06:16:00,1.0,2026-04-05 06:28:00,2026-04-05 06:30:00,A65 ,27.0,13.99,1.93,5.36,1.56,2.0
16,2026-04-05,TB1552,2026-04-05 10:15:00,2026-04-05 10:31:00,16.0,2026-04-05 10:50:00,2026-04-05 10:59:00,A69 ,164.0,15.38,10.66,6.43,1.3,9.0
16,2026-04-05,TB2632,2026-04-05 09:29:00,2026-04-05 09:09:00,-20.0,2026-04-05 09:35:00,2026-04-05 09:44:00,B9  A,114.0,10.87,10.49,5.55,1.5,9.0
16,2026-04-05,TB2662,2026-04-05 09:15:00,2026-04-05 09:04:00,-11.0,2026-04-05 09:22:00,2026-04-05 09:30:00,B34 A,90.0,14.65,6.14,5.48,1.89,8.0
16,2026-04-05,TG934,2026-04-05 09:21:00,2026-04-05 09:16:00,-5.0,2026-04-05 09:38:00,2026-04-05 09:58:00,B38 A,249.0,12.86,19.37,4.77,2.44,20.0
16,2026-04-05,UA950,2026-04-05 10:20:00,2026-04-05 09:58:00,-22.0,2026-04-05 10:24:00,2026-04-05 10:51:00,B40 A,188.0,11.47,16.38,4.24,2.93,27.0
16,2026-04-05,UA994,2026-04-05 12:51:00,2026-04-05 12:35:00,-16.0,2026-04-05 12:54:00,2026-04-05 13:24:00,B38 A,109.0,11.99,9.09,4.92,2.37,30.0
16,2026-04-05,XR5402,2026-04-05 07:46:00,2026-04-05 08:56:00,70.0,2026-04-05 09:23:00,2026-04-05 09:26:00,B5  A,88.0,10.75,8.18,6.31,1.32,3.0
17,2026-04-05,AC832,2026-04-05 11:16:00,2026-04-05 10:39:00,-37.0,2026-04-05 10:54:00,2026-04-05 11:24:00,B5  A,101.0,14.74,6.85,5.6,1.49,30.0
17,2026-04-05,ET750,2026-04-05 11:13:00,2026-04-05 11:34:00,21.0,2026-04-05 12:17:00,2026-04-05 13:03:00,B17 A,464.0,12.09,38.38,4.84,1.74,46.0
17,2026-04-05,FH8116,2026-04-05 12:44:00,2026-04-05 12:48:00,4.0,2026-04-05 13:06:00,2026-04-05 13:13:00,B38 A,140.0,13.09,10.69,5.61,2.08,7.0
17,2026-04-05,LH1004,2026-04-05 12:50:00,2026-04-05 12:50:00,0.0,2026-04-05 13:03:00,2026-04-05 13:30:00,A43 ,40.0,10.88,3.68,4.0,2.08,27.0
17,2026-04-05,SN1122,2026-04-05 08:39:00,2026-04-05 09:08:00,29.0,2026-04-05 09:20:00,2026-04-05 09:21:00,B40 A,13.0,16.0,0.81,5.67,2.19,1.0
17,2026-04-05,SN1124,2026-04-05 07:10:00,2026-04-05 07:19:00,9.0,2026-04-05 07:32:00,2026-04-05 07:48:00,B30 A,138.0,13.45,10.26,4.74,1.88,16.0
17,2026-04-05,SN206,2026-04-05 06:25:00,2026-04-05 06:48:00,23.0,2026-04-05 07:07:00,2026-04-05 07:30:00,B38 A,154.0,12.77,12.06,5.09,2.29,23.0
17,2026-04-05,SN229,2026-04-05 12:06:00,2026-04-05 12:12:00,6.0,2026-04-05 12:39:00,2026-04-05 13:03:00,B28 A,20.0,10.0,2.0,4.81,1.66,24.0
17,2026-04-05,SN278,2026-04-05 10:45:00,2026-04-05 10:42:00,-3.0,2026-04-05 11:04:00,2026-04-05 11:16:00,B28 A,198.0,10.22,19.37,6.05,1.32,12.0
17,2026-04-05,SN2900,2026-04-05 07:39:00,2026-04-05 07:25:00,-14.0,2026-04-05 07:38:00,2026-04-05 07:53:00,B38 A,55.0,13.73,4.01,5.23,2.23,15.0
17,2026-04-05,SN3326,2026-04-05 11:24:00,2026-04-05 11:41:00,17.0,2026-04-05 12:06:00,2026-04-05 12:12:00,B14 A,111.0,11.54,9.62,4.75,1.4,6.0
17,2026-04-05,SN358,2026-04-05 10:21:00,2026-04-05 11:13:00,52.0,2026-04-05 11:43:00,2026-04-05 12:03:00,B38 A,126.0,13.11,9.61,5.32,2.19,20.0
17,2026-04-05,SN379,2026-04-05 10:10:00,2026-04-05 11:03:00,53.0,2026-04-05 11:42:00,2026-04-05 12:19:00,B29 A,161.0,11.74,13.72,3.98,2.47,37.0
17,2026-04-05,SN3800,2026-04-05 06:15:00,2026-04-05 06:16:00,1.0,2026-04-05 06:28:00,2026-04-05 06:30:00,A65 ,27.0,14.91,1.81,4.77,1.75,2.0
17,2026-04-05,TB1552,2026-04-05 08:29:00,2026-04-05 08:25:00,-4.0,2026-04-05 08:46:00,2026-04-05 08:54:00,A61 ,166.0,14.41,11.52,5.41,1.54,8.0
17,2026-04-05,TB2632,2026-04-05 09:29:00,2026-04-05 09:09:00,-20.0,2026-04-05 09:35:00,2026-04-05 09:44:00,B9  A,114.0,14.64,7.79,5.23,1.59,9.0
17,2026-04-05,TB2662,2026-04-05 09:15:00,2026-04-05 09:04:00,-11.0,2026-04-05 09:22:00,2026-04-05 09:30:00,B34 A,90.0,12.17,7.39,5.43,1.9,8.0
17,2026-04-05,TG934,2026-04-05 12:22:00,2026-04-05 12:26:00,4.0,2026-04-05 12:46:00,2026-04-05 13:15:00,B34 A,260.0,15.65,16.61,4.33,2.39,29.0
17,2026-04-05,UA950,2026-04-05 10:20:00,2026-04-05 09:58:00,-22.0,2026-04-05 10:24:00,2026-04-05 10:51:00,B40 A,188.0,12.76,14.73,4.37,2.84,27.0
17,2026-04-05,UA994,2026-04-05 11:51:00,2026-04-05 11:37:00,-14.0,2026-04-05 11:55:00,2026-04-05 12:25:00,B40 A,157.0,12.37,12.69,5.37,2.31,30.0
17,2026-04-05,XR5402,2026-04-05 07:46:00,2026-04-05 08:56:00,70.0,2026-04-05 09:23:00,2026-04-05 09:26:00,B5  A,88.0,14.38,6.12,5.42,1.54,3.0
18,2026-04-05,AC832,2026-04-05 08:17:00,2026-04-05 07:46:00,-31.0,2026-04-05 08:02:00,2026-04-05 08:29:00,B30 A,122.0,12.61,9.67,5.28,1.69,27.0
18,2026-04-05,ET750,2026-04-05 11:13:00,2026-04-05 11:34:00,21.0,2026-04-05 12:17:00,2026-04-05 13:03:00,B17 A,464.0,13.87,33.45,3.67,2.3,46.0
18,2026-04-05,FH8116,2026-04-05 06:35:00,2026-04-05 06:00:00,-35.0,2026-04-05 06:07:00,2026-04-05 06:09:00,B15 A,22.0,11.15,1.97,5.73,1.35,2.0
18,2026-04-05,LH1004,2026-04-05 09:50:00,2026-04-05 09:53:00,3.0,2026-04-05 10:20:00,2026-04-05 10:27:00,A43 ,33.0,12.91,2.56,6.89,1.21,7.0
18,2026-04-05,SN1122,2026-04-05 08:39:00,2026-04-05 09:08:00,29.0,2026-04-05 09:20:00,2026-04-05 09:21:00,B40 A,13.0,10.85,1.2,4.02,3.09,1.0
18,2026-04-05,SN1124,2026-04-05 07:10:00,2026-04-05 07:19:00,9.0,2026-04-05 07:32:00,2026-04-05 07:48:00,B30 A,138.0,16.24,8.5,4.69,1.9,16.0
18,2026-04-05,SN206,2026-04-05 06:25:00,2026-04-05 06:48:00,23.0,2026-04-05 07:07:00,2026-04-05 07:30:00,B38 A,154.0,12.1,12.73,5.35,2.18,23.0
18,2026-04-05,SN229,2026-04-05 08:06:00,2026-04-05 09:20:00,74.0,2026-04-05 09:41:00,2026-04-05 10:22:00,B14 A,144.0,11.06,13.01,5.22,1.28,41.0
18,2026-04-05,SN278,2026-04-05 12:46:00,2026-04-05 12:41:00,-5.0,2026-04-05 13:04:00,2026-04-05 13:33:00,B31 A,62.0,12.34,5.03,5.96,1.8,29.0
18,2026-04-05,SN2900,2026-04-05 07:39:00,2026-04-05 07:25:00,-14.0,2026-04-05 07:38:00,2026-04-05 07:53:00,B38 A,55.0,16.71,3.29,4.68,2.49,15.0
18,2026-04-05,SN3326,2026-04-05 11:24:00,2026-04-05 11:41:00,17.0,2026-04-05 12:06:00,2026-04-05 12:12:00,B14 A,111.0,10.06,11.03,4.1,1.63,6.0
18,2026-04-05,SN358,2026-04-05 08:21:00,2026-04-05 08:24:00,3.0,2026-04-05 08:42:00,2026-04-05 09:09:00,B14 A,112.0,14.71,7.61,5.33,1.25,27.0
18,2026-04-05,SN379,2026-04-05 10:10:00,2026-04-05 11:03:00,53.0,2026-04-05 11:42:00,2026-04-05 12:19:00,B29 A,161.0,11.52,13.97,4.45,2.21,37.0
18,2026-04-05,SN3800,2026-04-05 06:15:00,2026-04-05 06:16:00,1.0,2026-04-05 06:28:00,2026-04-05 06:30:00,A65 ,27.0,12.71,2.12,4.39,1.9,2.0
18,2026-04-05,TB1552,2026-04-05 07:47:00,2026-04-05 07:43:00,-4.0,2026-04-05 07:55:00,2026-04-05 07:59:00,A68 ,66.0,13.28,4.97,5.08,1.64,4.0
18,2026-04-05,TB2632,2026-04-05 09:29:00,2026-04-05 09:09:00,-20.0,2026-04-05 09:35:00,2026-04-05 09:44:00,B9  A,114.0,9.42,12.1,5.04,1.66,9.0
18,2026-04-05,TB2662,2026-04-05 09:15:00,2026-04-05 09:04:00,-11.0,2026-04-05 09:22:00,2026-04-05 09:30:00,B34 A,90.0,16.73,5.38,5.2,1.99,8.0
18,2026-04-05,TG934,2026-04-05 12:22:00,2026-04-05 12:26:00,4.0,2026-04-05 12:46:00,2026-04-05 13:15:00,B34 A,260.0,16.63,15.63,4.34,2.38,29.0
18,2026-04-05,UA950,2026-04-05 11:22:00,2026-04-05 11:02:00,-20.0,2026-04-05 11:22:00,2026-04-05 11:45:00,B28 A,170.0,12.47,13.63,5.59,1.43,23.0
18,2026-04-05,UA994,2026-04-05 10:51:00,2026-04-05 10:01:00,-50.0,2026-04-05 10:18:00,2026-04-05 10:42:00,B38 A,177.0,12.91,13.71,4.33,2.7,24.0
18,2026-04-05,XR5402,2026-04-05 07:46:00,2026-04-05 08:56:00,70.0,2026-04-05 09:23:00,2026-04-05 09:26:00,B5  A,88.0,9.57,9.19,5.53,1.51,3.0
19,2026-04-05,AC832,2026-04-05 11:16:00,2026-04-05 10:39:00,-37.0,2026-04-05 10:54:00,2026-04-05 11:24:00,B5  A,101.0,15.99,6.32,5.65,1.47,30.0
19,2026-04-05,ET750,2026-04-05 11:13:00,2026-04-05 11:34:00,21.0,2026-04-05 12:17:00,2026-04-05 13:03:00,B17 A,464.0,13.14,35.32,6.08,1.39,46.0
19,2026-04-05,FH8116,2026-04-05 06:35:00,2026-04-05 06:00:00,-35.0,2026-04-05 06:07:00,2026-04-05 06:09:00,B15 A,22.0,10.26,2.14,4.56,1.7,2.0
19,2026-04-05,LH1004,2026-04-05 11:51:00,2026-04-05 11:47:00,-4.0,2026-04-05 12:07:00,2026-04-05 12:12:00,A43 ,23.0,10.96,2.1,4.91,1.7,5.0
19,2026-04-05,SN1122,2026-04-05 08:39:00,2026-04-05 09:08:00,29.0,2026-04-05 09:20:00,2026-04-05 09:21:00,B40 A,13.0,11.7,1.11,4.9,2.53,1.0
19,2026-04-05,SN1124,2026-04-05 07:10:00,2026-04-05 07:19:00,9.0,2026-04-05 07:32:00,2026-04-05 07:48:00,B30 A,138.0,12.82,10.77,5.9,1.51,16.0
19,2026-04-05,SN206,2026-04-05 06:25:00,2026-04-05 06:48:00,23.0,2026-04-05 07:07:00,2026-04-05 07:30:00,B38 A,154.0,12.05,12.78,5.7,2.05,23.0
19,2026-04-05,SN229,2026-04-05 10:04:00,2026-04-05 10:26:00,22.0,2026-04-05 10:41:00,2026-04-05 11:10:00,B31 A,120.0,11.23,10.69,5.3,2.03,29.0
19,2026-04-05,SN278,2026-04-05 12:46:00,2026-04-05 12:41:00,-5.0,2026-04-05 13:04:00,2026-04-05 13:33:00,B31 A,62.0,10.89,5.69,4.68,2.3,29.0
19,2026-04-05,SN2900,2026-04-05 08:46:00,2026-04-05 08:33:00,-13.0,2026-04-05 08:58:00,2026-04-05 09:02:00,B14 A,79.0,15.03,5.25,4.54,1.47,4.0
19,2026-04-05,SN3326,2026-04-05 11:24:00,2026-04-05 11:41:00,17.0,2026-04-05 12:06:00,2026-04-05 12:12:00,B14 A,111.0,13.2,8.41,5.15,1.29,6.0
19,2026-04-05,SN358,2026-04-05 12:21:00,2026-04-05 12:23:00,2.0,2026-04-05 12:43:00,2026-04-05 13:14:00,B28 A,176.0,15.01,11.73,5.45,1.47,31.0
19,2026-04-05,SN379,2026-04-05 10:10:00,2026-04-05 11:03:00,53.0,2026-04-05 11:42:00,2026-04-05 12:19:00,B29 A,161.0,12.2,13.2,5.63,1.75,37.0
19,2026-04-05,SN3800,2026-04-05 06:15:00,2026-04-05 06:16:00,1.0,2026-04-05 06:28:00,2026-04-05 06:30:00,A65 ,27.0,13.7,1.97,5.52,1.51,2.0
19,2026-04-05,TB1552,2026-04-05 07:15:00,2026-04-05 07:08:00,-7.0,2026-04-05 07:38:00,2026-04-05 07:45:00,A61 ,152.0,11.63,13.07,4.46,1.87,7.0
19,2026-04-05,TB2632,2026-04-05 09:29:00,2026-04-05 09:09:00,-20.0,2026-04-05 09:35:00,2026-04-05 09:44:00,B9  A,114.0,15.35,7.43,5.72,1.46,9.0
19,2026-04-05,TB2662,2026-04-05 09:15:00,2026-04-05 09:04:00,-11.0,2026-04-05 09:22:00,2026-04-05 09:30:00,B34 A,90.0,10.89,8.26,4.15,2.49,8.0
19,2026-04-05,TG934,2026-04-05 09:21:00,2026-04-05 09:16:00,-5.0,2026-04-05 09:38:00,2026-04-05 09:58:00,B38 A,249.0,13.78,18.07,5.29,2.2,20.0
19,2026-04-05,UA950,2026-04-05 12:20:00,2026-04-05 11:58:00,-22.0,2026-04-05 12:14:00,2026-04-05 12:42:00,B37 A,127.0,9.87,12.86,5.12,2.38,28.0
19,2026-04-05,UA994,2026-04-05 09:51:00,2026-04-05 11:28:00,97.0,2026-04-05 11:44:00,2026-04-05 12:09:00,B40 A,135.0,10.05,13.44,6.52,1.9,25.0
19,2026-04-05,XR5402,2026-04-05 07:46:00,2026-04-05 08:56:00,70.0,2026-04-05 09:23:00,2026-04-05 09:26:00,B5  A,88.0,8.96,9.82,4.34,1.92,3.0
20,2026-04-05,AC832,2026-04-05 12:18:00,2026-04-05 11:38:00,-40.0,2026-04-05 11:54:00,2026-04-05 12:17:00,B30 A,100.0,13.51,7.4,4.86,1.83,23.0
20,2026-04-05,ET750,2026-04-05 11:13:00,2026-04-05 11:34:00,21.0,2026-04-05 12:17:00,2026-04-05 13:03:00,B17 A,464.0,12.63,36.73,4.27,1.97,46.0
20,2026-04-05,FH8116,2026-04-05 06:35:00,2026-04-05 06:00:00,-35.0,2026-04-05 06:07:00,2026-04-05 06:09:00,B15 A,22.0,10.94,2.01,4.79,1.62,2.0
20,2026-04-05,LH1004,2026-04-05 08:50:00,2026-04-05 08:53:00,3.0,2026-04-05 09:06:00,2026-04-05 09:12:00,A43 ,29.0,12.74,2.28,5.37,1.55,6.0
20,2026-04-05,SN1122,2026-04-05 08:39:00,2026-04-05 09:08:00,29.0,2026-04-05 09:20:00,2026-04-05 09:21:00,B40 A,13.0,15.87,0.82,4.69,2.65,1.0
20,2026-04-05,SN1124,2026-04-05 07:10:00,2026-04-05 07:19:00,9.0,2026-04-05 07:32:00,2026-04-05 07:48:00,B30 A,138.0,13.49,10.23,4.34,2.05,16.0
20,2026-04-05,SN206,2026-04-05 06:25:00,2026-04-05 06:48:00,23.0,2026-04-05 07:07:00,2026-04-05 07:30:00,B38 A,154.0,12.89,11.94,4.91,2.38,23.0
20,2026-04-05,SN229,2026-04-05 08:06:00,2026-04-05 09:20:00,74.0,2026-04-05 09:41:00,2026-04-05 10:22:00,B14 A,144.0,15.11,9.53,4.03,1.66,41.0
20,2026-04-05,SN278,2026-04-05 12:46:00,2026-04-05 12:41:00,-5.0,2026-04-05 13:04:00,2026-04-05 13:33:00,B31 A,62.0,15.22,4.07,4.89,2.2,29.0
20,2026-04-05,SN2900,2026-04-05 07:39:00,2026-04-05 07:25:00,-14.0,2026-04-05 07:38:00,2026-04-05 07:53:00,B38 A,55.0,11.63,4.73,5.14,2.27,15.0
20,2026-04-05,SN3326,2026-04-05 07:45:00,2026-04-05 08:05:00,20.0,2026-04-05 08:16:00,2026-04-05 08:36:00,B28 A,123.0,13.51,9.11,4.66,1.72,20.0
20,2026-04-05,SN358,2026-04-05 10:21:00,2026-04-05 11:13:00,52.0,2026-04-05 11:43:00,2026-04-05 12:03:00,B38 A,126.0,15.77,7.99,6.2,1.88,20.0
20,2026-04-05,SN379,2026-04-05 08:11:00,2026-04-05 08:40:00,29.0,2026-04-05 08:59:00,2026-04-05 09:27:00,B28 A,76.0,13.23,5.75,3.87,2.07,28.0
20,2026-04-05,SN3800,2026-04-05 06:15:00,2026-04-05 06:16:00,1.0,2026-04-05 06:28:00,2026-04-05 06:30:00,A65 ,27.0,14.88,1.81,3.89,2.14,2.0
20,2026-04-05,TB1552,2026-04-05 07:47:00,2026-04-05 07:43:00,-4.0,2026-04-05 07:55:00,2026-04-05 07:59:00,A68 ,66.0,12.42,5.31,4.85,1.72,4.0
20,2026-04-05,TB2632,2026-04-05 09:29:00,2026-04-05 09:09:00,-20.0,2026-04-05 09:35:00,2026-04-05 09:44:00,B9  A,114.0,13.99,8.15,6.04,1.38,9.0
20,2026-04-05,TB2662,2026-04-05 09:15:00,2026-04-05 09:04:00,-11.0,2026-04-05 09:22:00,2026-04-05 09:30:00,B34 A,90.0,13.29,6.77,4.48,2.31,8.0
20,2026-04-05,TG934,2026-04-05 09:21:00,2026-04-05 09:16:00,-5.0,2026-04-05 09:38:00,2026-04-05 09:58:00,B38 A,249.0,13.11,18.99,4.14,2.81,20.0
20,2026-04-05,UA950,2026-04-05 09:21:00,2026-04-05 08:45:00,-36.0,2026-04-05 09:03:00,2026-04-05 09:29:00,B5  A,163.0,12.17,13.39,5.03,1.66,26.0
20,2026-04-05,UA994,2026-04-05 11:51:00,2026-04-05 11:37:00,-14.0,2026-04-05 11:55:00,2026-04-05 12:25:00,B40 A,157.0,14.39,10.91,6.98,1.78,30.0
20,2026-04-05,XR5402,2026-04-05 07:46:00,2026-04-05 08:56:00,70.0,2026-04-05 09:23:00,2026-04-05 09:26:00,B5  A,88.0,12.44,7.07,5.56,1.5,3.0
21,2026-04-05,AC832,2026-04-05 11:16:00,2026-04-05 10:39:00,-37.0,2026-04-05 10:54:00,2026-04-05 11:24:00,B5  A,101.0,11.56,8.74,5.72,1.46,30.0
21,2026-04-05,ET750,2026-04-05 11:13:00,2026-04-05 11:34:00,21.0,2026-04-05 12:17:00,2026-04-05 13:03:00,B17 A,464.0,13.03,35.61,6.14,1.37,46.0
21,2026-04-05,FH8116,2026-04-05 06:35:00,2026-04-05 06:00:00,-35.0,2026-04-05 06:07:00,2026-04-05 06:09:00,B15 A,22.0,12.8,1.72,5.09,1.52,2.0
21,2026-04-05,LH1004,2026-04-05 08:50:00,2026-04-05 08:53:00,3.0,2026-04-05 09:06:00,2026-04-05 09:12:00,A43 ,29.0,11.27,2.57,5.57,1.5,6.0
21,2026-04-05,SN1122,2026-04-05 08:39:00,2026-04-05 09:08:00,29.0,2026-04-05 09:20:00,2026-04-05 09:21:00,B40 A,13.0,11.22,1.16,4.95,2.51,1.0
21,2026-04-05,SN1124,2026-04-05 07:10:00,2026-04-05 07:19:00,9.0,2026-04-05 07:32:00,2026-04-05 07:48:00,B30 A,138.0,15.21,9.07,4.28,2.08,16.0
21,2026-04-05,SN206,2026-04-05 06:25:00,2026-04-05 06:48:00,23.0,2026-04-05 07:07:00,2026-04-05 07:30:00,B38 A,154.0,10.81,14.24,6.07,1.92,23.0
21,2026-04-05,SN229,2026-04-05 12:06:00,2026-04-05 12:12:00,6.0,2026-04-05 12:39:00,2026-04-05 13:03:00,B28 A,20.0,14.74,1.36,5.16,1.55,24.0
21,2026-04-05,SN278,2026-04-05 12:46:00,2026-04-05 12:41:00,-5.0,2026-04-05 13:04:00,2026-04-05 13:33:00,B31 A,62.0,16.37,3.79,5.88,1.83,29.0
21,2026-04-05,SN2900,2026-04-05 08:46:00,2026-04-05 08:33:00,-13.0,2026-04-05 08:58:00,2026-04-05 09:02:00,B14 A,79.0,15.46,5.11,5.53,1.21,4.0
21,2026-04-05,SN3326,2026-04-05 07:45:00,2026-04-05 08:05:00,20.0,2026-04-05 08:16:00,2026-04-05 08:36:00,B28 A,123.0,14.53,8.47,4.63,1.73,20.0
21,2026-04-05,SN358,2026-04-05 10:21:00,2026-04-05 11:13:00,52.0,2026-04-05 11:43:00,2026-04-05 12:03:00,B38 A,126.0,12.13,10.39,5.48,2.13,20.0
21,2026-04-05,SN379,2026-04-05 10:10:00,2026-04-05 11:03:00,53.0,2026-04-05 11:42:00,2026-04-05 12:19:00,B29 A,161.0,10.74,14.99,3.77,2.61,37.0
21,2026-04-05,SN3800,2026-04-05 06:15:00,2026-04-05 06:16:00,1.0,2026-04-05 06:28:00,2026-04-05 06:30:00,A65 ,27.0,10.91,2.47,4.95,1.68,2.0
21,2026-04-05,TB1552,2026-04-05 08:29:00,2026-04-05 08:25:00,-4.0,2026-04-05 08:46:00,2026-04-05 08:54:00,A61 ,166.0,9.9,16.77,4.98,1.67,8.0
21,2026-04-05,TB2632,2026-04-05 09:29:00,2026-04-05 09:09:00,-20.0,2026-04-05 09:35:00,2026-04-05 09:44:00,B9  A,114.0,12.48,9.14,4.64,1.8,9.0
21,2026-04-05,TB2662,2026-04-05 09:15:00,2026-04-05 09:04:00,-11.0,2026-04-05 09:22:00,2026-04-05 09:30:00,B34 A,90.0,8.84,10.18,4.38,2.36,8.0
21,2026-04-05,TG934,2026-04-05 09:21:00,2026-04-05 09:16:00,-5.0,2026-04-05 09:38:00,2026-04-05 09:58:00,B38 A,249.0,14.72,16.92,6.72,1.74,20.0
21,2026-04-05,UA950,2026-04-05 12:20:00,2026-04-05 11:58:00,-22.0,2026-04-05 12:14:00,2026-04-05 12:42:00,B37 A,127.0,13.75,9.24,4.64,2.62,28.0
21,2026-04-05,UA994,2026-04-05 09:51:00,2026-04-05 11:28:00,97.0,2026-04-05 11:44:00,2026-04-05 12:09:00,B40 A,135.0,12.3,10.97,5.08,2.44,25.0
21,2026-04-05,XR5402,2026-04-05 07:46:00,2026-04-05 08:56:00,70.0,2026-04-05 09:23:00,2026-04-05 09:26:00,B5  A,88.0,12.71,6.92,4.83,1.73,3.0
22,2026-04-05,AC832,2026-04-05 12:18:00,2026-04-05 11:38:00,-40.0,2026-04-05 11:54:00,2026-04-05 12:17:00,B30 A,100.0,13.5,7.41,4.85,1.84,23.0
22,2026-04-05,ET750,2026-04-05 11:13:00,2026-04-05 11:34:00,21.0,2026-04-05 12:17:00,2026-04-05 13:03:00,B17 A,464.0,12.22,37.97,5.6,1.5,46.0
22,2026-04-05,FH8116,2026-04-05 06:35:00,2026-04-05 06:00:00,-35.0,2026-04-05 06:07:00,2026-04-05 06:09:00,B15 A,22.0,11.25,1.96,6.45,1.2,2.0
22,2026-04-05,LH1004,2026-04-05 11:51:00,2026-04-05 11:47:00,-4.0,2026-04-05 12:07:00,2026-04-05 12:12:00,A43 ,23.0,8.53,2.7,4.4,1.89,5.0
22,2026-04-05,SN1122,2026-04-05 08:39:00,2026-04-05 09:08:00,29.0,2026-04-05 09:20:00,2026-04-05 09:21:00,B40 A,13.0,13.61,0.96,4.34,2.86,1.0
22,2026-04-05,SN1124,2026-04-05 07:10:00,2026-04-05 07:19:00,9.0,2026-04-05 07:32:00,2026-04-05 07:48:00,B30 A,138.0,12.74,10.83,5.51,1.62,16.0
22,2026-04-05,SN206,2026-04-05 06:25:00,2026-04-05 06:48:00,23.0,2026-04-05 07:07:00,2026-04-05 07:30:00,B38 A,154.0,13.69,11.25,3.91,2.98,23.0
22,2026-04-05,SN229,2026-04-05 08:06:00,2026-04-05 09:20:00,74.0,2026-04-05 09:41:00,2026-04-05 10:22:00,B14 A,144.0,11.49,12.54,4.51,1.48,41.0
22,2026-04-05,SN278,2026-04-05 08:43:00,2026-04-05 08:27:00,-16.0,2026-04-05 08:40:00,2026-04-05 09:10:00,B37 A,123.0,15.08,8.15,5.26,2.31,30.0
22,2026-04-05,SN2900,2026-04-05 07:39:00,2026-04-05 07:25:00,-14.0,2026-04-05 07:38:00,2026-04-05 07:53:00,B38 A,55.0,11.33,4.86,6.26,1.86,15.0
22,2026-04-05,SN3326,2026-04-05 11:24:00,2026-04-05 11:41:00,17.0,2026-04-05 12:06:00,2026-04-05 12:12:00,B14 A,111.0,11.87,9.35,5.06,1.32,6.0
22,2026-04-05,SN358,2026-04-05 11:21:00,2026-04-05 11:29:00,8.0,2026-04-05 11:42:00,2026-04-05 12:06:00,B14 A,177.0,16.17,10.94,4.59,1.45,24.0
22,2026-04-05,SN379,2026-04-05 10:10:00,2026-04-05 11:03:00,53.0,2026-04-05 11:42:00,2026-04-05 12:19:00,B29 A,161.0,9.45,17.03,5.61,1.75,37.0
22,2026-04-05,SN3800,2026-04-05 06:15:00,2026-04-05 06:16:00,1.0,2026-04-05 06:28:00,2026-04-05 06:30:00,A65 ,27.0,13.82,1.95,4.84,1.72,2.0
22,2026-04-05,TB1552,2026-04-05 07:47:00,2026-04-05 07:43:00,-4.0,2026-04-05 07:55:00,2026-04-05 07:59:00,A68 ,66.0,12.35,5.34,5.75,1.45,4.0
22,2026-04-05,TB2632,2026-04-05 09:29:00,2026-04-05 09:09:00,-20.0,2026-04-05 09:35:00,2026-04-05 09:44:00,B9  A,114.0,11.28,10.11,4.91,1.7,9.0
22,2026-04-05,TB2662,2026-04-05 09:15:00,2026-04-05 09:04:00,-11.0,2026-04-05 09:22:00,2026-04-05 09:30:00,B34 A,90.0,14.49,6.21,4.87,2.12,8.0
22,2026-04-05,TG934,2026-04-05 09:21:00,2026-04-05 09:16:00,-5.0,2026-04-05 09:38:00,2026-04-05 09:58:00,B38 A,249.0,13.95,17.85,4.78,2.44,20.0
22,2026-04-05,UA950,2026-04-05 10:20:00,2026-04-05 09:58:00,-22.0,2026-04-05 10:24:00,2026-04-05 10:51:00,B40 A,188.0,12.13,15.49,5.88,2.11,27.0
22,2026-04-05,UA994,2026-04-05 09:51:00,2026-04-05 11:28:00,97.0,2026-04-05 11:44:00,2026-04-05 12:09:00,B40 A,135.0,10.53,12.82,6.26,1.98,25.0
22,2026-04-05,XR5402,2026-04-05 07:46:00,2026-04-05 08:56:00,70.0,2026-04-05 09:23:00,2026-04-05 09:26:00,B5  A,88.0,14.53,6.06,4.42,1.89,3.0
23,2026-04-05,AC832,2026-04-05 12:18:00,2026-04-05 11:38:00,-40.0,2026-04-05 11:54:00,2026-04-05 12:17:00,B30 A,100.0,12.99,7.7,5.13,1.74,23.0
23,2026-04-05,ET750,2026-04-05 11:13:00,2026-04-05 11:34:00,21.0,2026-04-05 12:17:00,2026-04-05 13:03:00,B17 A,464.0,13.83,33.55,3.81,2.21,46.0
23,2026-04-05,FH8116,2026-04-05 06:35:00,2026-04-05 06:00:00,-35.0,2026-04-05 06:07:00,2026-04-05 06:09:00,B15 A,22.0,14.85,1.48,4.37,1.77,2.0
23,2026-04-05,LH1004,2026-04-05 09:50:00,2026-04-05 09:53:00,3.0,2026-04-05 10:20:00,2026-04-05 10:27:00,A43 ,33.0,11.81,2.8,4.99,1.67,7.0
23,2026-04-05,SN1122,2026-04-05 08:39:00,2026-04-05 09:08:00,29.0,2026-04-05 09:20:00,2026-04-05 09:21:00,B40 A,13.0,15.41,0.84,4.83,2.57,1.0
23,2026-04-05,SN1124,2026-04-05 07:10:00,2026-04-05 07:19:00,9.0,2026-04-05 07:32:00,2026-04-05 07:48:00,B30 A,138.0,13.51,10.21,5.28,1.69,16.0
23,2026-04-05,SN206,2026-04-05 06:25:00,2026-04-05 06:48:00,23.0,2026-04-05 07:07:00,2026-04-05 07:30:00,B38 A,154.0,11.62,13.25,5.85,2.0,23.0
23,2026-04-05,SN229,2026-04-05 08:06:00,2026-04-05 09:20:00,74.0,2026-04-05 09:41:00,2026-04-05 10:22:00,B14 A,144.0,12.48,11.54,5.7,1.17,41.0
23,2026-04-05,SN278,2026-04-05 10:45:00,2026-04-05 10:42:00,-3.0,2026-04-05 11:04:00,2026-04-05 11:16:00,B28 A,198.0,14.86,13.32,4.52,1.77,12.0
23,2026-04-05,SN2900,2026-04-05 10:44:00,2026-04-05 11:04:00,20.0,2026-04-05 11:13:00,2026-04-05 11:34:00,B32 A,49.0,13.3,3.68,5.73,1.69,21.0
23,2026-04-05,SN3326,2026-04-05 11:24:00,2026-04-05 11:41:00,17.0,2026-04-05 12:06:00,2026-04-05 12:12:00,B14 A,111.0,12.41,8.95,6.3,1.06,6.0
23,2026-04-05,SN358,2026-04-05 08:21:00,2026-04-05 08:24:00,3.0,2026-04-05 08:42:00,2026-04-05 09:09:00,B14 A,112.0,13.94,8.04,4.48,1.49,27.0
23,2026-04-05,SN379,2026-04-05 08:11:00,2026-04-05 08:40:00,29.0,2026-04-05 08:59:00,2026-04-05 09:27:00,B28 A,76.0,11.86,6.41,5.81,1.38,28.0
23,2026-04-05,SN3800,2026-04-05 06:15:00,2026-04-05 06:16:00,1.0,2026-04-05 06:28:00,2026-04-05 06:30:00,A65 ,27.0,15.88,1.7,5.47,1.52,2.0
23,2026-04-05,TB1552,2026-04-05 07:47:00,2026-04-05 07:43:00,-4.0,2026-04-05 07:55:00,2026-04-05 07:59:00,A68 ,66.0,15.21,4.34,4.5,1.85,4.0
23,2026-04-05,TB2632,2026-04-05 09:29:00,2026-04-05 09:09:00,-20.0,2026-04-05 09:35:00,2026-04-05 09:44:00,B9  A,114.0,14.12,8.07,4.85,1.72,9.0
23,2026-04-05,TB2662,2026-04-05 09:15:00,2026-04-05 09:04:00,-11.0,2026-04-05 09:22:00,2026-04-05 09:30:00,B34 A,90.0,12.54,7.18,5.09,2.03,8.0
23,2026-04-05,TG934,2026-04-05 09:21:00,2026-04-05 09:16:00,-5.0,2026-04-05 09:38:00,2026-04-05 09:58:00,B38 A,249.0,13.89,17.93,5.36,2.17,20.0
23,2026-04-05,UA950,2026-04-05 12:20:00,2026-04-05 11:58:00,-22.0,2026-04-05 12:14:00,2026-04-05 12:42:00,B37 A,127.0,14.82,8.57,5.65,2.16,28.0
23,2026-04-05,UA994,2026-04-05 11:51:00,2026-04-05 11:37:00,-14.0,2026-04-05 11:55:00,2026-04-05 12:25:00,B40 A,157.0,11.51,13.64,3.66,3.39,30.0
23,2026-04-05,XR5402,2026-04-05 07:46:00,2026-04-05 08:56:00,70.0,2026-04-05 09:23:00,2026-04-05 09:26:00,B5  A,88.0,9.57,9.2,5.08,1.64,3.0
24,2026-04-05,AC832,2026-04-05 08:17:00,2026-04-05 07:46:00,-31.0,2026-04-05 08:02:00,2026-04-05 08:29:00,B30 A,122.0,15.59,7.83,3.91,2.28,27.0
24,2026-04-05,ET750,2026-04-05 11:13:00,2026-04-05 11:34:00,21.0,2026-04-05 12:17:00,2026-04-05 13:03:00,B17 A,464.0,12.85,36.12,5.2,1.62,46.0
24,2026-04-05,FH8116,2026-04-05 12:44:00,2026-04-05 12:48:00,4.0,2026-04-05 13:06:00,2026-04-05 13:13:00,B38 A,140.0,11.86,11.8,5.87,1.99,7.0
24,2026-04-05,LH1004,2026-04-05 08:50:00,2026-04-05 08:53:00,3.0,2026-04-05 09:06:00,2026-04-05 09:12:00,A43 ,29.0,9.84,2.95,4.34,1.92,6.0
24,2026-04-05,SN1122,2026-04-05 08:39:00,2026-04-05 09:08:00,29.0,2026-04-05 09:20:00,2026-04-05 09:21:00,B40 A,13.0,10.93,1.19,6.47,1.92,1.0
24,2026-04-05,SN1124,2026-04-05 07:10:00,2026-04-05 07:19:00,9.0,2026-04-05 07:32:00,2026-04-05 07:48:00,B30 A,138.0,13.6,10.15,4.58,1.95,16.0
24,2026-04-05,SN206,2026-04-05 06:25:00,2026-04-05 06:48:00,23.0,2026-04-05 07:07:00,2026-04-05 07:30:00,B38 A,154.0,13.65,11.28,4.43,2.63,23.0
24,2026-04-05,SN229,2026-04-05 12:06:00,2026-04-05 12:12:00,6.0,2026-04-05 12:39:00,2026-04-05 13:03:00,B28 A,20.0,15.19,1.32,4.79,1.67,24.0
24,2026-04-05,SN278,2026-04-05 12:46:00,2026-04-05 12:41:00,-5.0,2026-04-05 13:04:00,2026-04-05 13:33:00,B31 A,62.0,12.47,4.97,4.01,2.68,29.0
24,2026-04-05,SN2900,2026-04-05 08:46:00,2026-04-05 08:33:00,-13.0,2026-04-05 08:58:00,2026-04-05 09:02:00,B14 A,79.0,12.13,6.51,4.75,1.4,4.0
24,2026-04-05,SN3326,2026-04-05 11:24:00,2026-04-05 11:41:00,17.0,2026-04-05 12:06:00,2026-04-05 12:12:00,B14 A,111.0,15.19,7.31,3.98,1.68,6.0
24,2026-04-05,SN358,2026-04-05 12:21:00,2026-04-05 12:23:00,2.0,2026-04-05 12:43:00,2026-04-05 13:14:00,B28 A,176.0,11.25,15.65,4.65,1.72,31.0
24,2026-04-05,SN379,2026-04-05 10:10:00,2026-04-05 11:03:00,53.0,2026-04-05 11:42:00,2026-04-05 12:19:00,B29 A,161.0,12.31,13.08,5.0,1.96,37.0
24,2026-04-05,SN3800,2026-04-05 06:15:00,2026-04-05 06:16:00,1.0,2026-04-05 06:28:00,2026-04-05 06:30:00,A65 ,27.0,14.6,1.85,5.12,1.63,2.0
24,2026-04-05,TB1552,2026-04-05 08:29:00,2026-04-05 08:25:00,-4.0,2026-04-05 08:46:00,2026-04-05 08:54:00,A61 ,166.0,15.41,10.77,5.74,1.45,8.0
24,2026-04-05,TB2632,2026-04-05 09:29:00,2026-04-05 09:09:00,-20.0,2026-04-05 09:35:00,2026-04-05 09:44:00,B9  A,114.0,16.1,7.08,4.94,1.69,9.0
24,2026-04-05,TB2662,2026-04-05 09:15:00,2026-04-05 09:04:00,-11.0,2026-04-05 09:22:00,2026-04-05 09:30:00,B34 A,90.0,10.94,8.23,4.38,2.36,8.0
24,2026-04-05,TG934,2026-04-05 09:21:00,2026-04-05 09:16:00,-5.0,2026-04-05 09:38:00,2026-04-05 09:58:00,B38 A,249.0,12.81,19.44,5.49,2.13,20.0
24,2026-04-05,UA950,2026-04-05 10:20:00,2026-04-05 09:58:00,-22.0,2026-04-05 10:24:00,2026-04-05 10:51:00,B40 A,188.0,11.75,16.01,5.25,2.36,27.0
24,2026-04-05,UA994,2026-04-05 09:51:00,2026-04-05 11:28:00,97.0,2026-04-05 11:44:00,2026-04-05 12:09:00,B40 A,135.0,12.01,11.25,5.32,2.33,25.0
24,2026-04-05,XR5402,2026-04-05 07:46:00,2026-04-05 08:56:00,70.0,2026-04-05 09:23:00,2026-04-05 09:26:00,B5  A,88.0,11.43,7.7,4.19,1.99,3.0
25,2026-04-05,AC832,2026-04-05 11:16:00,2026-04-05 10:39:00,-37.0,2026-04-05 10:54:00,2026-04-05 11:24:00,B5  A,101.0,13.47,7.5,5.61,1.49,30.0
25,2026-04-05,ET750,2026-04-05 11:13:00,2026-04-05 11:34:00,21.0,2026-04-05 12:17:00,2026-04-05 13:03:00,B17 A,464.0,13.67,33.93,5.12,1.64,46.0
25,2026-04-05,FH8116,2026-04-05 12:44:00,2026-04-05 12:48:00,4.0,2026-04-05 13:06:00,2026-04-05 13:13:00,B38 A,140.0,13.37,10.47,4.19,2.79,7.0
25,2026-04-05,LH1004,2026-04-05 09:50:00,2026-04-05 09:53:00,3.0,2026-04-05 10:20:00,2026-04-05 10:27:00,A43 ,33.0,12.71,2.6,5.54,1.51,7.0
25,2026-04-05,SN1122,2026-04-05 08:39:00,2026-04-05 09:08:00,29.0,2026-04-05 09:20:00,2026-04-05 09:21:00,B40 A,13.0,9.44,1.38,4.68,2.65,1.0
25,2026-04-05,SN1124,2026-04-05 07:10:00,2026-04-05 07:19:00,9.0,2026-04-05 07:32:00,2026-04-05 07:48:00,B30 A,138.0,13.17,10.48,5.11,1.75,16.0
25,2026-04-05,SN206,2026-04-05 06:25:00,2026-04-05 06:48:00,23.0,2026-04-05 07:07:00,2026-04-05 07:30:00,B38 A,154.0,12.46,12.36,4.05,2.88,23.0
25,2026-04-05,SN229,2026-04-05 08:06:00,2026-04-05 09:20:00,74.0,2026-04-05 09:41:00,2026-04-05 10:22:00,B14 A,144.0,14.72,9.79,4.55,1.46,41.0
25,2026-04-05,SN278,2026-04-05 12:46:00,2026-04-05 12:41:00,-5.0,2026-04-05 13:04:00,2026-04-05 13:33:00,B31 A,62.0,11.62,5.33,5.07,2.12,29.0
25,2026-04-05,SN2900,2026-04-05 10:44:00,2026-04-05 11:04:00,20.0,2026-04-05 11:13:00,2026-04-05 11:34:00,B32 A,49.0,15.75,3.11,4.87,1.99,21.0
25,2026-04-05,SN3326,2026-04-05 11:24:00,2026-04-05 11:41:00,17.0,2026-04-05 12:06:00,2026-04-05 12:12:00,B14 A,111.0,9.52,11.66,5.5,1.21,6.0
25,2026-04-05,SN358,2026-04-05 12:21:00,2026-04-05 12:23:00,2.0,2026-04-05 12:43:00,2026-04-05 13:14:00,B28 A,176.0,12.53,14.05,7.23,1.11,31.0
25,2026-04-05,SN379,2026-04-05 08:11:00,2026-04-05 08:40:00,29.0,2026-04-05 08:59:00,2026-04-05 09:27:00,B28 A,76.0,12.52,6.07,4.18,1.91,28.0
25,2026-04-05,SN3800,2026-04-05 06:15:00,2026-04-05 06:16:00,1.0,2026-04-05 06:28:00,2026-04-05 06:30:00,A65 ,27.0,13.58,1.99,4.84,1.72,2.0
25,2026-04-05,TB1552,2026-04-05 07:47:00,2026-04-05 07:43:00,-4.0,2026-04-05 07:55:00,2026-04-05 07:59:00,A68 ,66.0,11.32,5.83,5.85,1.42,4.0
25,2026-04-05,TB2632,2026-04-05 09:29:00,2026-04-05 09:09:00,-20.0,2026-04-05 09:35:00,2026-04-05 09:44:00,B9  A,114.0,13.58,8.39,5.2,1.6,9.0
25,2026-04-05,TB2662,2026-04-05 09:15:00,2026-04-05 09:04:00,-11.0,2026-04-05 09:22:00,2026-04-05 09:30:00,B34 A,90.0,12.01,7.49,4.3,2.4,8.0
25,2026-04-05,TG934,2026-04-05 09:21:00,2026-04-05 09:16:00,-5.0,2026-04-05 09:38:00,2026-04-05 09:58:00,B38 A,249.0,13.4,18.58,4.8,2.43,20.0
25,2026-04-05,UA950,2026-04-05 09:21:00,2026-04-05 08:45:00,-36.0,2026-04-05 09:03:00,2026-04-05 09:29:00,B5  A,163.0,14.25,11.44,5.26,1.58,26.0
25,2026-04-05,UA994,2026-04-05 09:51:00,2026-04-05 11:28:00,97.0,2026-04-05 11:44:00,2026-04-05 12:09:00,B40 A,135.0,14.32,9.43,6.07,2.04,25.0
25,2026-04-05,XR5402,2026-04-05 07:46:00,2026-04-05 08:56:00,70.0,2026-04-05 09:23:00,2026-04-05 09:26:00,B5  A,88.0,9.21,9.56,4.31,1.94,3.0
26,2026-04-05,AC832,2026-04-05 08:17:00,2026-04-05 07:46:00,-31.0,2026-04-05 08:02:00,2026-04-05 08:29:00,B30 A,122.0,12.86,9.49,5.19,1.72,27.0
26,2026-04-05,ET750,2026-04-05 11:13:00,2026-04-05 11:34:00,21.0,2026-04-05 12:17:00,2026-04-05 13:03:00,B17 A,464.0,13.94,33.28,4.28,1.97,46.0
26,2026-04-05,FH8116,2026-04-05 12:44:00,2026-04-05 12:48:00,4.0,2026-04-05 13:06:00,2026-04-05 13:13:00,B38 A,140.0,15.59,8.98,5.99,1.95,7.0
26,2026-04-05,LH1004,2026-04-05 11:51:00,2026-04-05 11:47:00,-4.0,2026-04-05 12:07:00,2026-04-05 12:12:00,A43 ,23.0,15.93,1.44,5.18,1.61,5.0
26,2026-04-05,SN1122,2026-04-05 08:39:00,2026-04-05 09:08:00,29.0,2026-04-05 09:20:00,2026-04-05 09:21:00,B40 A,13.0,14.89,0.87,5.1,2.44,1.0
26,2026-04-05,SN1124,2026-04-05 07:10:00,2026-04-05 07:19:00,9.0,2026-04-05 07:32:00,2026-04-05 07:48:00,B30 A,138.0,13.22,10.44,4.93,1.81,16.0
26,2026-04-05,SN206,2026-04-05 06:25:00,2026-04-05 06:48:00,23.0,2026-04-05 07:07:00,2026-04-05 07:30:00,B38 A,154.0,13.37,11.52,4.54,2.57,23.0
26,2026-04-05,SN229,2026-04-05 08:06:00,2026-04-05 09:20:00,74.0,2026-04-05 09:41:00,2026-04-05 10:22:00,B14 A,144.0,15.9,9.06,5.53,1.21,41.0
26,2026-04-05,SN278,2026-04-05 08:43:00,2026-04-05 08:27:00,-16.0,2026-04-05 08:40:00,2026-04-05 09:10:00,B37 A,123.0,12.6,9.76,4.96,2.45,30.0
26,2026-04-05,SN2900,2026-04-05 10:44:00,2026-04-05 11:04:00,20.0,2026-04-05 11:13:00,2026-04-05 11:34:00,B32 A,49.0,10.02,4.89,4.49,2.15,21.0
26,2026-04-05,SN3326,2026-04-05 11:24:00,2026-04-05 11:41:00,17.0,2026-04-05 12:06:00,2026-04-05 12:12:00,B14 A,111.0,12.85,8.64,4.86,1.37,6.0
26,2026-04-05,SN358,2026-04-05 08:21:00,2026-04-05 08:24:00,3.0,2026-04-05 08:42:00,2026-04-05 09:09:00,B14 A,112.0,14.86,7.54,4.25,1.57,27.0
26,2026-04-05,SN379,2026-04-05 08:11:00,2026-04-05 08:40:00,29.0,2026-04-05 08:59:00,2026-04-05 09:27:00,B28 A,76.0,13.28,5.72,4.32,1.85,28.0
26,2026-04-05,SN3800,2026-04-05 06:15:00,2026-04-05 06:16:00,1.0,2026-04-05 06:28:00,2026-04-05 06:30:00,A65 ,27.0,11.56,2.34,5.39,1.55,2.0
26,2026-04-05,TB1552,2026-04-05 07:47:00,2026-04-05 07:43:00,-4.0,2026-04-05 07:55:00,2026-04-05 07:59:00,A68 ,66.0,9.94,6.64,4.76,1.75,4.0
26,2026-04-05,TB2632,2026-04-05 09:29:00,2026-04-05 09:09:00,-20.0,2026-04-05 09:35:00,2026-04-05 09:44:00,B9  A,114.0,10.61,10.74,4.55,1.83,9.0
26,2026-04-05,TB2662,2026-04-05 09:15:00,2026-04-05 09:04:00,-11.0,2026-04-05 09:22:00,2026-04-05 09:30:00,B34 A,90.0,12.13,7.42,5.41,1.91,8.0
26,2026-04-05,TG934,2026-04-05 12:22:00,2026-04-05 12:26:00,4.0,2026-04-05 12:46:00,2026-04-05 13:15:00,B34 A,260.0,15.01,17.32,4.65,2.22,29.0
26,2026-04-05,UA950,2026-04-05 10:20:00,2026-04-05 09:58:00,-22.0,2026-04-05 10:24:00,2026-04-05 10:51:00,B40 A,188.0,12.03,15.63,5.18,2.4,27.0
26,2026-04-05,UA994,2026-04-05 09:51:00,2026-04-05 11:28:00,97.0,2026-04-05 11:44:00,2026-04-05 12:09:00,B40 A,135.0,11.1,12.17,4.86,2.56,25.0
26,2026-04-05,XR5402,2026-04-05 07:46:00,2026-04-05 08:56:00,70.0,2026-04-05 09:23:00,2026-04-05 09:26:00,B5  A,88.0,13.03,6.75,4.56,1.83,3.0
27,2026-04-05,AC832,2026-04-05 08:17:00,2026-04-05 07:46:00,-31.0,2026-04-05 08:02:00,2026-04-05 08:29:00,B30 A,122.0,13.53,9.01,4.42,2.02,27.0
27,2026-04-05,ET750,2026-04-05 11:13:00,2026-04-05 11:34:00,21.0,2026-04-05 12:17:00,2026-04-05 13:03:00,B17 A,464.0,12.01,38.63,6.3,1.34,46.0
27,2026-04-05,FH8116,2026-04-05 06:35:00,2026-04-05 06:00:00,-35.0,2026-04-05 06:07:00,2026-04-05 06:09:00,B15 A,22.0,11.19,1.97,5.02,1.54,2.0
27,2026-04-05,LH1004,2026-04-05 08:50:00,2026-04-05 08:53:00,3.0,2026-04-05 09:06:00,2026-04-05 09:12:00,A43 ,29.0,15.0,1.93,4.38,1.9,6.0
27,2026-04-05,SN1122,2026-04-05 08:39:00,2026-04-05 09:08:00,29.0,2026-04-05 09:20:00,2026-04-05 09:21:00,B40 A,13.0,11.31,1.15,4.92,2.53,1.0
27,2026-04-05,SN1124,2026-04-05 07:10:00,2026-04-05 07:19:00,9.0,2026-04-05 07:32:00,2026-04-05 07:48:00,B30 A,138.0,13.36,10.33,4.73,1.88,16.0
27,2026-04-05,SN206,2026-04-05 06:25:00,2026-04-05 06:48:00,23.0,2026-04-05 07:07:00,2026-04-05 07:30:00,B38 A,154.0,11.6,13.28,4.68,2.49,23.0
27,2026-04-05,SN229,2026-04-05 12:06:00,2026-04-05 12:12:00,6.0,2026-04-05 12:39:00,2026-04-05 13:03:00,B28 A,20.0,8.88,2.25,3.63,2.21,24.0
27,2026-04-05,SN278,2026-04-05 08:43:00,2026-04-05 08:27:00,-16.0,2026-04-05 08:40:00,2026-04-05 09:10:00,B37 A,123.0,12.35,9.96,5.77,2.11,30.0
27,2026-04-05,SN2900,2026-04-05 10:44:00,2026-04-05 11:04:00,20.0,2026-04-05 11:13:00,2026-04-05 11:34:00,B32 A,49.0,12.0,4.08,6.06,1.6,21.0
27,2026-04-05,SN3326,2026-04-05 11:24:00,2026-04-05 11:41:00,17.0,2026-04-05 12:06:00,2026-04-05 12:12:00,B14 A,111.0,13.38,8.3,4.7,1.42,6.0
27,2026-04-05,SN358,2026-04-05 10:21:00,2026-04-05 11:13:00,52.0,2026-04-05 11:43:00,2026-04-05 12:03:00,B38 A,126.0,12.24,10.29,5.32,2.19,20.0
27,2026-04-05,SN379,2026-04-05 10:10:00,2026-04-05 11:03:00,53.0,2026-04-05 11:42:00,2026-04-05 12:19:00,B29 A,161.0,15.78,10.2,6.54,1.5,37.0
27,2026-04-05,SN3800,2026-04-05 06:15:00,2026-04-05 06:16:00,1.0,2026-04-05 06:28:00,2026-04-05 06:30:00,A65 ,27.0,10.5,2.57,6.28,1.33,2.0
27,2026-04-05,TB1552,2026-04-05 07:15:00,2026-04-05 07:08:00,-7.0,2026-04-05 07:38:00,2026-04-05 07:45:00,A61 ,152.0,14.91,10.19,4.15,2.01,7.0
27,2026-04-05,TB2632,2026-04-05 09:29:00,2026-04-05 09:09:00,-20.0,2026-04-05 09:35:00,2026-04-05 09:44:00,B9  A,114.0,10.38,10.98,4.79,1.74,9.0
27,2026-04-05,TB2662,2026-04-05 09:15:00,2026-04-05 09:04:00,-11.0,2026-04-05 09:22:00,2026-04-05 09:30:00,B34 A,90.0,9.86,9.13,5.92,1.75,8.0
27,2026-04-05,TG934,2026-04-05 09:21:00,2026-04-05 09:16:00,-5.0,2026-04-05 09:38:00,2026-04-05 09:58:00,B38 A,249.0,12.67,19.65,5.27,2.22,20.0
27,2026-04-05,UA950,2026-04-05 12:20:00,2026-04-05 11:58:00,-22.0,2026-04-05 12:14:00,2026-04-05 12:42:00,B37 A,127.0,15.83,8.02,5.39,2.26,28.0
27,2026-04-05,UA994,2026-04-05 08:51:00,2026-04-05 08:32:00,-19.0,2026-04-05 08:52:00,2026-04-05 09:25:00,B40 A,171.0,11.56,14.79,5.23,2.38,33.0
27,2026-04-05,XR5402,2026-04-05 07:46:00,2026-04-05 08:56:00,70.0,2026-04-05 09:23:00,2026-04-05 09:26:00,B5  A,88.0,11.51,7.64,5.57,1.5,3.0
28,2026-04-05,AC832,2026-04-05 10:17:00,2026-04-05 10:43:00,26.0,2026-04-05 11:00:00,2026-04-05 11:34:00,B14 A,172.0,12.08,14.24,4.67,1.43,34.0
28,2026-04-05,ET750,2026-04-05 11:13:00,2026-04-05 11:34:00,21.0,2026-04-05 12:17:00,2026-04-05 13:03:00,B17 A,464.0,11.53,40.23,5.52,1.52,46.0
28,2026-04-05,FH8116,2026-04-05 12:44:00,2026-04-05 12:48:00,4.0,2026-04-05 13:06:00,2026-04-05 13:13:00,B38 A,140.0,15.04,9.31,3.05,3.83,7.0
28,2026-04-05,LH1004,2026-04-05 11:51:00,2026-04-05 11:47:00,-4.0,2026-04-05 12:07:00,2026-04-05 12:12:00,A43 ,23.0,11.71,1.96,5.71,1.46,5.0
28,2026-04-05,SN1122,2026-04-05 08:39:00,2026-04-05 09:08:00,29.0,2026-04-05 09:20:00,2026-04-05 09:21:00,B40 A,13.0,13.23,0.98,4.88,2.55,1.0
28,2026-04-05,SN1124,2026-04-05 07:10:00,2026-04-05 07:19:00,9.0,2026-04-05 07:32:00,2026-04-05 07:48:00,B30 A,138.0,15.88,8.69,3.44,2.59,16.0
28,2026-04-05,SN206,2026-04-05 06:25:00,2026-04-05 06:48:00,23.0,2026-04-05 07:07:00,2026-04-05 07:30:00,B38 A,154.0,13.73,11.22,4.29,2.72,23.0
28,2026-04-05,SN229,2026-04-05 10:04:00,2026-04-05 10:26:00,22.0,2026-04-05 10:41:00,2026-04-05 11:10:00,B31 A,120.0,11.82,10.15,3.97,2.71,29.0
28,2026-04-05,SN278,2026-04-05 12:46:00,2026-04-05 12:41:00,-5.0,2026-04-05 13:04:00,2026-04-05 13:33:00,B31 A,62.0,14.17,4.38,4.69,2.29,29.0
28,2026-04-05,SN2900,2026-04-05 07:39:00,2026-04-05 07:25:00,-14.0,2026-04-05 07:38:00,2026-04-05 07:53:00,B38 A,55.0,14.27,3.85,3.59,3.25,15.0
28,2026-04-05,SN3326,2026-04-05 11:24:00,2026-04-05 11:41:00,17.0,2026-04-05 12:06:00,2026-04-05 12:12:00,B14 A,111.0,14.22,7.81,6.59,1.01,6.0
28,2026-04-05,SN358,2026-04-05 10:21:00,2026-04-05 11:13:00,52.0,2026-04-05 11:43:00,2026-04-05 12:03:00,B38 A,126.0,11.17,11.28,3.99,2.93,20.0
28,2026-04-05,SN379,2026-04-05 08:11:00,2026-04-05 08:40:00,29.0,2026-04-05 08:59:00,2026-04-05 09:27:00,B28 A,76.0,12.62,6.02,4.96,1.61,28.0
28,2026-04-05,SN3800,2026-04-05 06:15:00,2026-04-05 06:16:00,1.0,2026-04-05 06:28:00,2026-04-05 06:30:00,A65 ,27.0,14.84,1.82,6.01,1.39,2.0
28,2026-04-05,TB1552,2026-04-05 10:15:00,2026-04-05 10:31:00,16.0,2026-04-05 10:50:00,2026-04-05 10:59:00,A69 ,164.0,12.65,12.97,4.48,1.86,9.0
28,2026-04-05,TB2632,2026-04-05 09:29:00,2026-04-05 09:09:00,-20.0,2026-04-05 09:35:00,2026-04-05 09:44:00,B9  A,114.0,9.79,11.64,5.22,1.6,9.0
28,2026-04-05,TB2662,2026-04-05 09:15:00,2026-04-05 09:04:00,-11.0,2026-04-05 09:22:00,2026-04-05 09:30:00,B34 A,90.0,9.4,9.57,3.82,2.71,8.0
28,2026-04-05,TG934,2026-04-05 09:21:00,2026-04-05 09:16:00,-5.0,2026-04-05 09:38:00,2026-04-05 09:58:00,B38 A,249.0,15.65,15.91,4.08,2.86,20.0
28,2026-04-05,UA950,2026-04-05 11:22:00,2026-04-05 11:02:00,-20.0,2026-04-05 11:22:00,2026-04-05 11:45:00,B28 A,170.0,13.73,12.38,4.25,1.88,23.0
28,2026-04-05,UA994,2026-04-05 12:51:00,2026-04-05 12:35:00,-16.0,2026-04-05 12:54:00,2026-04-05 13:24:00,B38 A,109.0,9.45,11.54,4.23,2.76,30.0
28,2026-04-05,XR5402,2026-04-05 07:46:00,2026-04-05 08:56:00,70.0,2026-04-05 09:23:00,2026-04-05 09:26:00,B5  A,88.0,14.72,5.98,4.38,1.9,3.0
29,2026-04-05,AC832,2026-04-05 10:17:00,2026-04-05 10:43:00,26.0,2026-04-05 11:00:00,2026-04-05 11:34:00,B14 A,172.0,11.57,14.87,6.22,1.07,34.0
29,2026-04-05,ET750,2026-04-05 11:13:00,2026-04-05 11:34:00,21.0,2026-04-05 12:17:00,2026-04-05 13:03:00,B17 A,464.0,12.56,36.94,6.43,1.31,46.0
29,2026-04-05,FH8116,2026-04-05 12:44:00,2026-04-05 12:48:00,4.0,2026-04-05 13:06:00,2026-04-05 13:13:00,B38 A,140.0,12.48,11.22,7.06,1.65,7.0
29,2026-04-05,LH1004,2026-04-05 11:51:00,2026-04-05 11:47:00,-4.0,2026-04-05 12:07:00,2026-04-05 12:12:00,A43 ,23.0,12.92,1.78,3.93,2.12,5.0
29,2026-04-05,SN1122,2026-04-05 08:39:00,2026-04-05 09:08:00,29.0,2026-04-05 09:20:00,2026-04-05 09:21:00,B40 A,13.0,10.15,1.28,4.68,2.65,1.0
29,2026-04-05,SN1124,2026-04-05 07:10:00,2026-04-05 07:19:00,9.0,2026-04-05 07:32:00,2026-04-05 07:48:00,B30 A,138.0,14.93,9.24,4.68,1.91,16.0
29,2026-04-05,SN206,2026-04-05 06:25:00,2026-04-05 06:48:00,23.0,2026-04-05 07:07:00,2026-04-05 07:30:00,B38 A,154.0,14.15,10.89,4.39,2.66,23.0
29,2026-04-05,SN229,2026-04-05 08:06:00,2026-04-05 09:20:00,74.0,2026-04-05 09:41:00,2026-04-05 10:22:00,B14 A,144.0,12.01,11.99,4.73,1.41,41.0
29,2026-04-05,SN278,2026-04-05 08:43:00,2026-04-05 08:27:00,-16.0,2026-04-05 08:40:00,2026-04-05 09:10:00,B37 A,123.0,13.62,9.03,5.13,2.37,30.0
29,2026-04-05,SN2900,2026-04-05 07:39:00,2026-04-05 07:25:00,-14.0,2026-04-05 07:38:00,2026-04-05 07:53:00,B38 A,55.0,8.81,6.24,4.19,2.78,15.0
29,2026-04-05,SN3326,2026-04-05 07:45:00,2026-04-05 08:05:00,20.0,2026-04-05 08:16:00,2026-04-05 08:36:00,B28 A,123.0,14.18,8.68,4.85,1.65,20.0
29,2026-04-05,SN358,2026-04-05 12:21:00,2026-04-05 12:23:00,2.0,2026-04-05 12:43:00,2026-04-05 13:14:00,B28 A,176.0,11.88,14.82,5.43,1.47,31.0
29,2026-04-05,SN379,2026-04-05 10:10:00,2026-04-05 11:03:00,53.0,2026-04-05 11:42:00,2026-04-05 12:19:00,B29 A,161.0,8.2,19.64,5.81,1.69,37.0
29,2026-04-05,SN3800,2026-04-05 06:15:00,2026-04-05 06:16:00,1.0,2026-04-05 06:28:00,2026-04-05 06:30:00,A65 ,27.0,11.98,2.25,4.52,1.84,2.0
29,2026-04-05,TB1552,2026-04-05 08:29:00,2026-04-05 08:25:00,-4.0,2026-04-05 08:46:00,2026-04-05 08:54:00,A61 ,166.0,8.8,18.86,4.76,1.75,8.0
29,2026-04-05,TB2632,2026-04-05 09:29:00,2026-04-05 09:09:00,-20.0,2026-04-05 09:35:00,2026-04-05 09:44:00,B9  A,114.0,11.2,10.18,4.73,1.76,9.0
29,2026-04-05,TB2662,2026-04-05 09:15:00,2026-04-05 09:04:00,-11.0,2026-04-05 09:22:00,2026-04-05 09:30:00,B34 A,90.0,12.41,7.25,4.53,2.28,8.0
29,2026-04-05,TG934,2026-04-05 09:21:00,2026-04-05 09:16:00,-5.0,2026-04-05 09:38:00,2026-04-05 09:58:00,B38 A,249.0,13.16,18.92,6.1,1.91,20.0
29,2026-04-05,UA950,2026-04-05 10:20:00,2026-04-05 09:58:00,-22.0,2026-04-05 10:24:00,2026-04-05 10:51:00,B40 A,188.0,15.09,12.46,3.57,3.48,27.0
29,2026-04-05,UA994,2026-04-05 10:51:00,2026-04-05 10:01:00,-50.0,2026-04-05 10:18:00,2026-04-05 10:42:00,B38 A,177.0,12.76,13.87,6.36,1.83,24.0
29,2026-04-05,XR5402,2026-04-05 07:46:00,2026-04-05 08:56:00,70.0,2026-04-05 09:23:00,2026-04-05 09:26:00,B5  A,88.0,12.72,6.92,4.21,1.98,3.0
30,2026-04-05,AC832,2026-04-05 12:18:00,2026-04-05 11:38:00,-40.0,2026-04-05 11:54:00,2026-04-05 12:17:00,B30 A,100.0,14.6,6.85,4.69,1.9,23.0
30,2026-04-05,ET750,2026-04-05 11:13:00,2026-04-05 11:34:00,21.0,2026-04-05 12:17:00,2026-04-05 13:03:00,B17 A,464.0,14.03,33.07,3.97,2.12,46.0
30,2026-04-05,FH8116,2026-04-05 12:44:00,2026-04-05 12:48:00,4.0,2026-04-05 13:06:00,2026-04-05 13:13:00,B38 A,140.0,13.19,10.61,4.5,2.59,7.0
30,2026-04-05,LH1004,2026-04-05 08:50:00,2026-04-05 08:53:00,3.0,2026-04-05 09:06:00,2026-04-05 09:12:00,A43 ,29.0,10.34,2.8,5.15,1.62,6.0
30,2026-04-05,SN1122,2026-04-05 08:39:00,2026-04-05 09:08:00,29.0,2026-04-05 09:20:00,2026-04-05 09:21:00,B40 A,13.0,13.4,0.97,4.97,2.5,1.0
30,2026-04-05,SN1124,2026-04-05 07:10:00,2026-04-05 07:19:00,9.0,2026-04-05 07:32:00,2026-04-05 07:48:00,B30 A,138.0,16.19,8.52,4.18,2.13,16.0
30,2026-04-05,SN206,2026-04-05 06:25:00,2026-04-05 06:48:00,23.0,2026-04-05 07:07:00,2026-04-05 07:30:00,B38 A,154.0,13.32,11.56,5.99,1.95,23.0
30,2026-04-05,SN229,2026-04-05 10:04:00,2026-04-05 10:26:00,22.0,2026-04-05 10:41:00,2026-04-05 11:10:00,B31 A,120.0,13.94,8.61,4.61,2.33,29.0
30,2026-04-05,SN278,2026-04-05 10:45:00,2026-04-05 10:42:00,-3.0,2026-04-05 11:04:00,2026-04-05 11:16:00,B28 A,198.0,15.7,12.61,5.95,1.34,12.0
30,2026-04-05,SN2900,2026-04-05 08:46:00,2026-04-05 08:33:00,-13.0,2026-04-05 08:58:00,2026-04-05 09:02:00,B14 A,79.0,11.08,7.13,4.68,1.43,4.0
30,2026-04-05,SN3326,2026-04-05 07:45:00,2026-04-05 08:05:00,20.0,2026-04-05 08:16:00,2026-04-05 08:36:00,B28 A,123.0,13.66,9.01,5.3,1.51,20.0
30,2026-04-05,SN358,2026-04-05 08:21:00,2026-04-05 08:24:00,3.0,2026-04-05 08:42:00,2026-04-05 09:09:00,B14 A,112.0,12.2,9.18,5.12,1.3,27.0
30,2026-04-05,SN379,2026-04-05 08:11:00,2026-04-05 08:40:00,29.0,2026-04-05 08:59:00,2026-04-05 09:27:00,B28 A,76.0,13.53,5.62,5.52,1.45,28.0
30,2026-04-05,SN3800,2026-04-05 06:15:00,2026-04-05 06:16:00,1.0,2026-04-05 06:28:00,2026-04-05 06:30:00,A65 ,27.0,16.15,1.67,4.1,2.03,2.0
30,2026-04-05,TB1552,2026-04-05 07:47:00,2026-04-05 07:43:00,-4.0,2026-04-05 07:55:00,2026-04-05 07:59:00,A68 ,66.0,10.93,6.04,4.48,1.86,4.0
30,2026-04-05,TB2632,2026-04-05 09:29:00,2026-04-05 09:09:00,-20.0,2026-04-05 09:35:00,2026-04-05 09:44:00,B9  A,114.0,10.76,10.59,5.04,1.65,9.0
30,2026-04-05,TB2662,2026-04-05 09:15:00,2026-04-05 09:04:00,-11.0,2026-04-05 09:22:00,2026-04-05 09:30:00,B34 A,90.0,14.0,6.43,3.75,2.75,8.0
30,2026-04-05,TG934,2026-04-05 12:22:00,2026-04-05 12:26:00,4.0,2026-04-05 12:46:00,2026-04-05 13:15:00,B34 A,260.0,14.91,17.44,4.15,2.49,29.0
30,2026-04-05,UA950,2026-04-05 11:22:00,2026-04-05 11:02:00,-20.0,2026-04-05 11:22:00,2026-04-05 11:45:00,B28 A,170.0,12.25,13.88,4.88,1.64,23.0
30,2026-04-05,UA994,2026-04-05 09:51:00,2026-04-05 11:28:00,97.0,2026-04-05 11:44:00,2026-04-05 12:09:00,B40 A,135.0,11.09,12.18,4.93,2.52,25.0
30,2026-04-05,XR5402,2026-04-05 07:46:00,2026-04-05 08:56:00,70.0,2026-04-05 09:23:00,2026-04-05 09:26:00,B5  A,88.0,12.4,7.1,4.34,1.92,3.0
31,2026-04-05,AC832,2026-04-05 12:18:00,2026-04-05 11:38:00,-40.0,2026-04-05 11:54:00,2026-04-05 12:17:00,B30 A,100.0,13.09,7.64,4.95,1.8,23.0
31,2026-04-05,ET750,2026-04-05 11:13:00,2026-04-05 11:34:00,21.0,2026-04-05 12:17:00,2026-04-05 13:03:00,B17 A,464.0,12.28,37.78,3.56,2.36,46.0
31,2026-04-05,FH8116,2026-04-05 12:44:00,2026-04-05 12:48:00,4.0,2026-04-05 13:06:00,2026-04-05 13:13:00,B38 A,140.0,15.07,9.29,5.54,2.11,7.0
31,2026-04-05,LH1004,2026-04-05 08:50:00,2026-04-05 08:53:00,3.0,2026-04-05 09:06:00,2026-04-05 09:12:00,A43 ,29.0,12.88,2.25,6.3,1.32,6.0
31,2026-04-05,SN1122,2026-04-05 08:39:00,2026-04-05 09:08:00,29.0,2026-04-05 09:20:00,2026-04-05 09:21:00,B40 A,13.0,11.17,1.16,4.25,2.92,1.0
31,2026-04-05,SN1124,2026-04-05 07:10:00,2026-04-05 07:19:00,9.0,2026-04-05 07:32:00,2026-04-05 07:48:00,B30 A,138.0,12.56,10.98,5.45,1.64,16.0
31,2026-04-05,SN206,2026-04-05 06:25:00,2026-04-05 06:48:00,23.0,2026-04-05 07:07:00,2026-04-05 07:30:00,B38 A,154.0,14.25,10.81,5.76,2.03,23.0
31,2026-04-05,SN229,2026-04-05 12:06:00,2026-04-05 12:12:00,6.0,2026-04-05 12:39:00,2026-04-05 13:03:00,B28 A,20.0,10.18,1.97,4.24,1.89,24.0
31,2026-04-05,SN278,2026-04-05 12:46:00,2026-04-05 12:41:00,-5.0,2026-04-05 13:04:00,2026-04-05 13:33:00,B31 A,62.0,12.74,4.86,4.71,2.28,29.0
31,2026-04-05,SN2900,2026-04-05 07:39:00,2026-04-05 07:25:00,-14.0,2026-04-05 07:38:00,2026-04-05 07:53:00,B38 A,55.0,10.02,5.49,4.61,2.53,15.0
31,2026-04-05,SN3326,2026-04-05 11:24:00,2026-04-05 11:41:00,17.0,2026-04-05 12:06:00,2026-04-05 12:12:00,B14 A,111.0,12.26,9.06,4.85,1.37,6.0
31,2026-04-05,SN358,2026-04-05 08:21:00,2026-04-05 08:24:00,3.0,2026-04-05 08:42:00,2026-04-05 09:09:00,B14 A,112.0,14.74,7.6,4.48,1.49,27.0
31,2026-04-05,SN379,2026-04-05 10:10:00,2026-04-05 11:03:00,53.0,2026-04-05 11:42:00,2026-04-05 12:19:00,B29 A,161.0,12.64,12.74,5.15,1.91,37.0
31,2026-04-05,SN3800,2026-04-05 06:15:00,2026-04-05 06:16:00,1.0,2026-04-05 06:28:00,2026-04-05 06:30:00,A65 ,27.0,10.48,2.58,4.43,1.88,2.0
31,2026-04-05,TB1552,2026-04-05 08:29:00,2026-04-05 08:25:00,-4.0,2026-04-05 08:46:00,2026-04-05 08:54:00,A61 ,166.0,12.26,13.54,5.85,1.42,8.0
31,2026-04-05,TB2632,2026-04-05 09:29:00,2026-04-05 09:09:00,-20.0,2026-04-05 09:35:00,2026-04-05 09:44:00,B9  A,114.0,14.48,7.87,5.04,1.65,9.0
31,2026-04-05,TB2662,2026-04-05 09:15:00,2026-04-05 09:04:00,-11.0,2026-04-05 09:22:00,2026-04-05 09:30:00,B34 A,90.0,13.57,6.63,4.85,2.13,8.0
31,2026-04-05,TG934,2026-04-05 09:21:00,2026-04-05 09:16:00,-5.0,2026-04-05 09:38:00,2026-04-05 09:58:00,B38 A,249.0,13.33,18.67,5.03,2.32,20.0
31,2026-04-05,UA950,2026-04-05 11:22:00,2026-04-05 11:02:00,-20.0,2026-04-05 11:22:00,2026-04-05 11:45:00,B28 A,170.0,13.3,12.78,3.95,2.02,23.0
31,2026-04-05,UA994,2026-04-05 10:51:00,2026-04-05 10:01:00,-50.0,2026-04-05 10:18:00,2026-04-05 10:42:00,B38 A,177.0,14.94,11.85,4.9,2.38,24.0
31,2026-04-05,XR5402,2026-04-05 07:46:00,2026-04-05 08:56:00,70.0,2026-04-05 09:23:00,2026-04-05 09:26:00,B5  A,88.0,10.51,8.37,4.34,1.92,3.0
32,2026-04-05,AC832,2026-04-05 11:16:00,2026-04-05 10:39:00,-37.0,2026-04-05 10:54:00,2026-04-05 11:24:00,B5  A,101.0,10.29,9.82,6.7,1.24,30.0
32,2026-04-05,ET750,2026-04-05 11:13:00,2026-04-05 11:34:00,21.0,2026-04-05 12:17:00,2026-04-05 13:03:00,B17 A,464.0,14.7,31.57,5.54,1.52,46.0
32,2026-04-05,FH8116,2026-04-05 12:44:00,2026-04-05 12:48:00,4.0,2026-04-05 13:06:00,2026-04-05 13:13:00,B38 A,140.0,15.79,8.87,4.5,2.59,7.0
32,2026-04-05,LH1004,2026-04-05 09:50:00,2026-04-05 09:53:00,3.0,2026-04-05 10:20:00,2026-04-05 10:27:00,A43 ,33.0,11.68,2.83,4.17,2.0,7.0
32,2026-04-05,SN1122,2026-04-05 08:39:00,2026-04-05 09:08:00,29.0,2026-04-05 09:20:00,2026-04-05 09:21:00,B40 A,13.0,13.24,0.98,4.57,2.72,1.0
32,2026-04-05,SN1124,2026-04-05 07:10:00,2026-04-05 07:19:00,9.0,2026-04-05 07:32:00,2026-04-05 07:48:00,B30 A,138.0,15.22,9.07,4.46,2.0,16.0
32,2026-04-05,SN206,2026-04-05 06:25:00,2026-04-05 06:48:00,23.0,2026-04-05 07:07:00,2026-04-05 07:30:00,B38 A,154.0,10.82,14.23,5.38,2.17,23.0
32,2026-04-05,SN229,2026-04-05 12:06:00,2026-04-05 12:12:00,6.0,2026-04-05 12:39:00,2026-04-05 13:03:00,B28 A,20.0,14.05,1.42,4.14,1.93,24.0
32,2026-04-05,SN278,2026-04-05 12:46:00,2026-04-05 12:41:00,-5.0,2026-04-05 13:04:00,2026-04-05 13:33:00,B31 A,62.0,9.99,6.2,4.69,2.29,29.0
32,2026-04-05,SN2900,2026-04-05 07:39:00,2026-04-05 07:25:00,-14.0,2026-04-05 07:38:00,2026-04-05 07:53:00,B38 A,55.0,11.12,4.95,4.76,2.45,15.0
32,2026-04-05,SN3326,2026-04-05 11:24:00,2026-04-05 11:41:00,17.0,2026-04-05 12:06:00,2026-04-05 12:12:00,B14 A,111.0,11.99,9.26,4.31,1.55,6.0
32,2026-04-05,SN358,2026-04-05 12:21:00,2026-04-05 12:23:00,2.0,2026-04-05 12:43:00,2026-04-05 13:14:00,B28 A,176.0,12.58,13.99,5.21,1.54,31.0
32,2026-04-05,SN379,2026-04-05 08:11:00,2026-04-05 08:40:00,29.0,2026-04-05 08:59:00,2026-04-05 09:27:00,B28 A,76.0,14.09,5.39,5.55,1.44,28.0
32,2026-04-05,SN3800,2026-04-05 06:15:00,2026-04-05 06:16:00,1.0,2026-04-05 06:28:00,2026-04-05 06:30:00,A65 ,27.0,9.93,2.72,3.56,2.34,2.0
32,2026-04-05,TB1552,2026-04-05 07:47:00,2026-04-05 07:43:00,-4.0,2026-04-05 07:55:00,2026-04-05 07:59:00,A68 ,66.0,10.73,6.15,4.56,1.83,4.0
32,2026-04-05,TB2632,2026-04-05 09:29:00,2026-04-05 09:09:00,-20.0,2026-04-05 09:35:00,2026-04-05 09:44:00,B9  A,114.0,13.28,8.59,5.0,1.67,9.0
32,2026-04-05,TB2662,2026-04-05 09:15:00,2026-04-05 09:04:00,-11.0,2026-04-05 09:22:00,2026-04-05 09:30:00,B34 A,90.0,11.99,7.51,5.42,1.91,8.0
32,2026-04-05,TG934,2026-04-05 09:21:00,2026-04-05 09:16:00,-5.0,2026-04-05 09:38:00,2026-04-05 09:58:00,B38 A,249.0,15.85,15.71,4.36,2.68,20.0
32,2026-04-05,UA950,2026-04-05 11:22:00,2026-04-05 11:02:00,-20.0,2026-04-05 11:22:00,2026-04-05 11:45:00,B28 A,170.0,15.27,11.13,5.77,1.39,23.0
32,2026-04-05,UA994,2026-04-05 11:51:00,2026-04-05 11:37:00,-14.0,2026-04-05 11:55:00,2026-04-05 12:25:00,B40 A,157.0,12.99,12.09,5.19,2.39,30.0
32,2026-04-05,XR5402,2026-04-05 07:46:00,2026-04-05 08:56:00,70.0,2026-04-05 09:23:00,2026-04-05 09:26:00,B5  A,88.0,13.32,6.61,4.24,1.97,3.0
33,2026-04-05,AC832,2026-04-05 10:17:00,2026-04-05 10:43:00,26.0,2026-04-05 11:00:00,2026-04-05 11:34:00,B14 A,172.0,14.5,11.87,3.36,1.98,34.0
33,2026-04-05,ET750,2026-04-05 11:13:00,2026-04-05 11:34:00,21.0,2026-04-05 12:17:00,2026-04-05 13:03:00,B17 A,464.0,12.96,35.8,6.11,1.38,46.0
33,2026-04-05,FH8116,2026-04-05 12:44:00,2026-04-05 12:48:00,4.0,2026-04-05 13:06:00,2026-04-05 13:13:00,B38 A,140.0,13.4,10.45,4.18,2.79,7.0
33,2026-04-05,LH1004,2026-04-05 12:50:00,2026-04-05 12:50:00,0.0,2026-04-05 13:03:00,2026-04-05 13:30:00,A43 ,40.0,15.67,2.55,6.01,1.39,27.0
33,2026-04-05,SN1122,2026-04-05 08:39:00,2026-04-05 09:08:00,29.0,2026-04-05 09:20:00,2026-04-05 09:21:00,B40 A,13.0,16.18,0.8,4.46,2.79,1.0
33,2026-04-05,SN1124,2026-04-05 07:10:00,2026-04-05 07:19:00,9.0,2026-04-05 07:32:00,2026-04-05 07:48:00,B30 A,138.0,12.5,11.04,4.67,1.91,16.0
33,2026-04-05,SN206,2026-04-05 06:25:00,2026-04-05 06:48:00,23.0,2026-04-05 07:07:00,2026-04-05 07:30:00,B38 A,154.0,13.08,11.78,5.34,2.19,23.0
33,2026-04-05,SN229,2026-04-05 08:06:00,2026-04-05 09:20:00,74.0,2026-04-05 09:41:00,2026-04-05 10:22:00,B14 A,144.0,9.89,14.57,3.44,1.94,41.0
33,2026-04-05,SN278,2026-04-05 10:45:00,2026-04-05 10:42:00,-3.0,2026-04-05 11:04:00,2026-04-05 11:16:00,B28 A,198.0,15.13,13.09,3.55,2.25,12.0
33,2026-04-05,SN2900,2026-04-05 10:44:00,2026-04-05 11:04:00,20.0,2026-04-05 11:13:00,2026-04-05 11:34:00,B32 A,49.0,11.96,4.1,5.46,1.77,21.0
33,2026-04-05,SN3326,2026-04-05 07:45:00,2026-04-05 08:05:00,20.0,2026-04-05 08:16:00,2026-04-05 08:36:00,B28 A,123.0,14.58,8.43,4.8,1.67,20.0
33,2026-04-05,SN358,2026-04-05 08:21:00,2026-04-05 08:24:00,3.0,2026-04-05 08:42:00,2026-04-05 09:09:00,B14 A,112.0,11.8,9.49,5.52,1.21,27.0
33,2026-04-05,SN379,2026-04-05 10:10:00,2026-04-05 11:03:00,53.0,2026-04-05 11:42:00,2026-04-05 12:19:00,B29 A,161.0,9.14,17.61,4.41,2.23,37.0
33,2026-04-05,SN3800,2026-04-05 06:15:00,2026-04-05 06:16:00,1.0,2026-04-05 06:28:00,2026-04-05 06:30:00,A65 ,27.0,8.73,3.09,4.59,1.82,2.0
33,2026-04-05,TB1552,2026-04-05 10:15:00,2026-04-05 10:31:00,16.0,2026-04-05 10:50:00,2026-04-05 10:59:00,A69 ,164.0,10.69,15.34,5.28,1.58,9.0
33,2026-04-05,TB2632,2026-04-05 09:29:00,2026-04-05 09:09:00,-20.0,2026-04-05 09:35:00,2026-04-05 09:44:00,B9  A,114.0,8.76,13.02,5.82,1.43,9.0
33,2026-04-05,TB2662,2026-04-05 09:15:00,2026-04-05 09:04:00,-11.0,2026-04-05 09:22:00,2026-04-05 09:30:00,B34 A,90.0,8.13,11.07,5.5,1.88,8.0
33,2026-04-05,TG934,2026-04-05 12:22:00,2026-04-05 12:26:00,4.0,2026-04-05 12:46:00,2026-04-05 13:15:00,B34 A,260.0,16.11,16.14,5.36,1.93,29.0
33,2026-04-05,UA950,2026-04-05 09:21:00,2026-04-05 08:45:00,-36.0,2026-04-05 09:03:00,2026-04-05 09:29:00,B5  A,163.0,13.91,11.72,4.86,1.72,26.0
33,2026-04-05,UA994,2026-04-05 11:51:00,2026-04-05 11:37:00,-14.0,2026-04-05 11:55:00,2026-04-05 12:25:00,B40 A,157.0,10.27,15.28,4.67,2.66,30.0
33,2026-04-05,XR5402,2026-04-05 07:46:00,2026-04-05 08:56:00,70.0,2026-04-05 09:23:00,2026-04-05 09:26:00,B5  A,88.0,9.89,8.9,5.42,1.54,3.0
34,2026-04-05,AC832,2026-04-05 08:17:00,2026-04-05 07:46:00,-31.0,2026-04-05 08:02:00,2026-04-05 08:29:00,B30 A,122.0,12.4,9.84,4.91,1.82,27.0
34,2026-04-05,ET750,2026-04-05 11:13:00,2026-04-05 11:34:00,21.0,2026-04-05 12:17:00,2026-04-05 13:03:00,B17 A,464.0,14.64,31.69,5.02,1.68,46.0
34,2026-04-05,FH8116,2026-04-05 06:35:00,2026-04-05 06:00:00,-35.0,2026-04-05 06:07:00,2026-04-05 06:09:00,B15 A,22.0,16.33,1.35,5.91,1.31,2.0
34,2026-04-05,LH1004,2026-04-05 09:50:00,2026-04-05 09:53:00,3.0,2026-04-05 10:20:00,2026-04-05 10:27:00,A43 ,33.0,13.39,2.46,4.73,1.76,7.0
34,2026-04-05,SN1122,2026-04-05 08:39:00,2026-04-05 09:08:00,29.0,2026-04-05 09:20:00,2026-04-05 09:21:00,B40 A,13.0,11.29,1.15,6.43,1.93,1.0
34,2026-04-05,SN1124,2026-04-05 07:10:00,2026-04-05 07:19:00,9.0,2026-04-05 07:32:00,2026-04-05 07:48:00,B30 A,138.0,14.1,9.79,3.66,2.44,16.0
34,2026-04-05,SN206,2026-04-05 06:25:00,2026-04-05 06:48:00,23.0,2026-04-05 07:07:00,2026-04-05 07:30:00,B38 A,154.0,10.95,14.07,5.24,2.23,23.0
34,2026-04-05,SN229,2026-04-05 10:04:00,2026-04-05 10:26:00,22.0,2026-04-05 10:41:00,2026-04-05 11:10:00,B31 A,120.0,11.41,10.52,4.98,2.16,29.0
34,2026-04-05,SN278,2026-04-05 08:43:00,2026-04-05 08:27:00,-16.0,2026-04-05 08:40:00,2026-04-05 09:10:00,B37 A,123.0,14.67,8.39,4.08,2.98,30.0
34,2026-04-05,SN2900,2026-04-05 10:44:00,2026-04-05 11:04:00,20.0,2026-04-05 11:13:00,2026-04-05 11:34:00,B32 A,49.0,11.65,4.21,4.75,2.04,21.0
34,2026-04-05,SN3326,2026-04-05 11:24:00,2026-04-05 11:41:00,17.0,2026-04-05 12:06:00,2026-04-05 12:12:00,B14 A,111.0,12.62,8.8,5.61,1.19,6.0
34,2026-04-05,SN358,2026-04-05 12:21:00,2026-04-05 12:23:00,2.0,2026-04-05 12:43:00,2026-04-05 13:14:00,B28 A,176.0,11.67,15.08,5.27,1.52,31.0
34,2026-04-05,SN379,2026-04-05 08:11:00,2026-04-05 08:40:00,29.0,2026-04-05 08:59:00,2026-04-05 09:27:00,B28 A,76.0,11.54,6.59,5.24,1.53,28.0
34,2026-04-05,SN3800,2026-04-05 06:15:00,2026-04-05 06:16:00,1.0,2026-04-05 06:28:00,2026-04-05 06:30:00,A65 ,27.0,12.98,2.08,4.84,1.72,2.0
34,2026-04-05,TB1552,2026-04-05 08:29:00,2026-04-05 08:25:00,-4.0,2026-04-05 08:46:00,2026-04-05 08:54:00,A61 ,166.0,14.32,11.59,4.39,1.9,8.0
34,2026-04-05,TB2632,2026-04-05 09:29:00,2026-04-05 09:09:00,-20.0,2026-04-05 09:35:00,2026-04-05 09:44:00,B9  A,114.0,11.35,10.04,5.1,1.63,9.0
34,2026-04-05,TB2662,2026-04-05 09:15:00,2026-04-05 09:04:00,-11.0,2026-04-05 09:22:00,2026-04-05 09:30:00,B34 A,90.0,9.59,9.39,5.61,1.84,8.0
34,2026-04-05,TG934,2026-04-05 09:21:00,2026-04-05 09:16:00,-5.0,2026-04-05 09:38:00,2026-04-05 09:58:00,B38 A,249.0,14.38,17.31,4.62,2.53,20.0
34,2026-04-05,UA950,2026-04-05 12:20:00,2026-04-05 11:58:00,-22.0,2026-04-05 12:14:00,2026-04-05 12:42:00,B37 A,127.0,13.12,9.68,3.54,3.44,28.0
34,2026-04-05,UA994,2026-04-05 08:51:00,2026-04-05 08:32:00,-19.0,2026-04-05 08:52:00,2026-04-05 09:25:00,B40 A,171.0,15.0,11.4,6.26,1.98,33.0
34,2026-04-05,XR5402,2026-04-05 07:46:00,2026-04-05 08:56:00,70.0,2026-04-05 09:23:00,2026-04-05 09:26:00,B5  A,88.0,14.71,5.98,5.86,1.42,3.0
35,2026-04-05,AC832,2026-04-05 09:18:00,2026-04-05 08:45:00,-33.0,2026-04-05 09:06:00,2026-04-05 09:59:00,B28 A,110.0,11.83,9.3,5.91,1.35,53.0
35,2026-04-05,ET750,2026-04-05 11:13:00,2026-04-05 11:34:00,21.0,2026-04-05 12:17:00,2026-04-05 13:03:00,B17 A,464.0,12.78,36.32,5.17,1.63,46.0
35,2026-04-05,FH8116,2026-04-05 12:44:00,2026-04-05 12:48:00,4.0,2026-04-05 13:06:00,2026-04-05 13:13:00,B38 A,140.0,12.28,11.4,4.55,2.56,7.0
35,2026-04-05,LH1004,2026-04-05 08:50:00,2026-04-05 08:53:00,3.0,2026-04-05 09:06:00,2026-04-05 09:12:00,A43 ,29.0,12.98,2.23,4.95,1.68,6.0
35,2026-04-05,SN1122,2026-04-05 08:39:00,2026-04-05 09:08:00,29.0,2026-04-05 09:20:00,2026-04-05 09:21:00,B40 A,13.0,10.4,1.25,6.19,2.01,1.0
35,2026-04-05,SN1124,2026-04-05 07:10:00,2026-04-05 07:19:00,9.0,2026-04-05 07:32:00,2026-04-05 07:48:00,B30 A,138.0,15.6,8.85,5.18,1.72,16.0
35,2026-04-05,SN206,2026-04-05 06:25:00,2026-04-05 06:48:00,23.0,2026-04-05 07:07:00,2026-04-05 07:30:00,B38 A,154.0,13.65,11.28,4.02,2.9,23.0
35,2026-04-05,SN229,2026-04-05 12:06:00,2026-04-05 12:12:00,6.0,2026-04-05 12:39:00,2026-04-05 13:03:00,B28 A,20.0,11.07,1.81,3.4,2.35,24.0
35,2026-04-05,SN278,2026-04-05 08:43:00,2026-04-05 08:27:00,-16.0,2026-04-05 08:40:00,2026-04-05 09:10:00,B37 A,123.0,12.13,10.14,5.88,2.07,30.0
35,2026-04-05,SN2900,2026-04-05 08:46:00,2026-04-05 08:33:00,-13.0,2026-04-05 08:58:00,2026-04-05 09:02:00,B14 A,79.0,12.09,6.53,6.17,1.08,4.0
35,2026-04-05,SN3326,2026-04-05 11:24:00,2026-04-05 11:41:00,17.0,2026-04-05 12:06:00,2026-04-05 12:12:00,B14 A,111.0,13.2,8.41,4.78,1.39,6.0
35,2026-04-05,SN358,2026-04-05 12:21:00,2026-04-05 12:23:00,2.0,2026-04-05 12:43:00,2026-04-05 13:14:00,B28 A,176.0,10.63,16.56,4.24,1.89,31.0
35,2026-04-05,SN379,2026-04-05 10:10:00,2026-04-05 11:03:00,53.0,2026-04-05 11:42:00,2026-04-05 12:19:00,B29 A,161.0,10.34,15.56,4.15,2.37,37.0
35,2026-04-05,SN3800,2026-04-05 06:15:00,2026-04-05 06:16:00,1.0,2026-04-05 06:28:00,2026-04-05 06:30:00,A65 ,27.0,13.65,1.98,5.37,1.55,2.0
35,2026-04-05,TB1552,2026-04-05 07:47:00,2026-04-05 07:43:00,-4.0,2026-04-05 07:55:00,2026-04-05 07:59:00,A68 ,66.0,11.43,5.77,5.38,1.55,4.0
35,2026-04-05,TB2632,2026-04-05 09:29:00,2026-04-05 09:09:00,-20.0,2026-04-05 09:35:00,2026-04-05 09:44:00,B9  A,114.0,9.63,11.84,5.13,1.62,9.0
35,2026-04-05,TB2662,2026-04-05 09:15:00,2026-04-05 09:04:00,-11.0,2026-04-05 09:22:00,2026-04-05 09:30:00,B34 A,90.0,15.12,5.95,5.79,1.78,8.0
35,2026-04-05,TG934,2026-04-05 12:22:00,2026-04-05 12:26:00,4.0,2026-04-05 12:46:00,2026-04-05 13:15:00,B34 A,260.0,15.26,17.03,4.64,2.22,29.0
35,2026-04-05,UA950,2026-04-05 12:20:00,2026-04-05 11:58:00,-22.0,2026-04-05 12:14:00,2026-04-05 12:42:00,B37 A,127.0,11.43,11.11,5.18,2.35,28.0
35,2026-04-05,UA994,2026-04-05 12:51:00,2026-04-05 12:35:00,-16.0,2026-04-05 12:54:00,2026-04-05 13:24:00,B38 A,109.0,15.6,6.99,4.63,2.52,30.0
35,2026-04-05,XR5402,2026-04-05 07:46:00,2026-04-05 08:56:00,70.0,2026-04-05 09:23:00,2026-04-05 09:26:00,B5  A,88.0,10.62,8.28,3.65,2.28,3.0
36,2026-04-05,AC832,2026-04-05 10:17:00,2026-04-05 10:43:00,26.0,2026-04-05 11:00:00,2026-04-05 11:34:00,B14 A,172.0,13.24,12.99,5.18,1.29,34.0
36,2026-04-05,ET750,2026-04-05 11:13:00,2026-04-05 11:34:00,21.0,2026-04-05 12:17:00,2026-04-05 13:03:00,B17 A,464.0,14.1,32.91,4.64,1.81,46.0
36,2026-04-05,FH8116,2026-04-05 06:35:00,2026-04-05 06:00:00,-35.0,2026-04-05 06:07:00,2026-04-05 06:09:00,B15 A,22.0,12.34,1.78,5.03,1.54,2.0
36,2026-04-05,LH1004,2026-04-05 12:50:00,2026-04-05 12:50:00,0.0,2026-04-05 13:03:00,2026-04-05 13:30:00,A43 ,40.0,10.47,3.82,6.32,1.32,27.0
36,2026-04-05,SN1122,2026-04-05 08:39:00,2026-04-05 09:08:00,29.0,2026-04-05 09:20:00,2026-04-05 09:21:00,B40 A,13.0,11.61,1.12,4.04,3.07,1.0
36,2026-04-05,SN1124,2026-04-05 07:10:00,2026-04-05 07:19:00,9.0,2026-04-05 07:32:00,2026-04-05 07:48:00,B30 A,138.0,12.44,11.09,5.0,1.78,16.0
36,2026-04-05,SN206,2026-04-05 06:25:00,2026-04-05 06:48:00,23.0,2026-04-05 07:07:00,2026-04-05 07:30:00,B38 A,154.0,11.79,13.06,4.54,2.57,23.0
36,2026-04-05,SN229,2026-04-05 10:04:00,2026-04-05 10:26:00,22.0,2026-04-05 10:41:00,2026-04-05 11:10:00,B31 A,120.0,13.26,9.05,5.77,1.86,29.0
36,2026-04-05,SN278,2026-04-05 12:46:00,2026-04-05 12:41:00,-5.0,2026-04-05 13:04:00,2026-04-05 13:33:00,B31 A,62.0,11.77,5.27,5.58,1.93,29.0
36,2026-04-05,SN2900,2026-04-05 10:44:00,2026-04-05 11:04:00,20.0,2026-04-05 11:13:00,2026-04-05 11:34:00,B32 A,49.0,14.02,3.5,5.23,1.85,21.0
36,2026-04-05,SN3326,2026-04-05 07:45:00,2026-04-05 08:05:00,20.0,2026-04-05 08:16:00,2026-04-05 08:36:00,B28 A,123.0,14.94,8.23,4.09,1.95,20.0
36,2026-04-05,SN358,2026-04-05 08:21:00,2026-04-05 08:24:00,3.0,2026-04-05 08:42:00,2026-04-05 09:09:00,B14 A,112.0,14.74,7.6,5.14,1.3,27.0
36,2026-04-05,SN379,2026-04-05 08:11:00,2026-04-05 08:40:00,29.0,2026-04-05 08:59:00,2026-04-05 09:27:00,B28 A,76.0,11.22,6.77,4.36,1.83,28.0
36,2026-04-05,SN3800,2026-04-05 06:15:00,2026-04-05 06:16:00,1.0,2026-04-05 06:28:00,2026-04-05 06:30:00,A65 ,27.0,12.85,2.1,5.46,1.53,2.0
36,2026-04-05,TB1552,2026-04-05 07:47:00,2026-04-05 07:43:00,-4.0,2026-04-05 07:55:00,2026-04-05 07:59:00,A68 ,66.0,15.92,4.14,5.15,1.62,4.0
36,2026-04-05,TB2632,2026-04-05 09:29:00,2026-04-05 09:09:00,-20.0,2026-04-05 09:35:00,2026-04-05 09:44:00,B9  A,114.0,11.56,9.86,4.68,1.78,9.0
36,2026-04-05,TB2662,2026-04-05 09:15:00,2026-04-05 09:04:00,-11.0,2026-04-05 09:22:00,2026-04-05 09:30:00,B34 A,90.0,11.36,7.92,4.23,2.44,8.0
36,2026-04-05,TG934,2026-04-05 12:22:00,2026-04-05 12:26:00,4.0,2026-04-05 12:46:00,2026-04-05 13:15:00,B34 A,260.0,15.16,17.15,4.36,2.37,29.0
36,2026-04-05,UA950,2026-04-05 10:20:00,2026-04-05 09:58:00,-22.0,2026-04-05 10:24:00,2026-04-05 10:51:00,B40 A,188.0,9.71,19.37,4.36,2.85,27.0
36,2026-04-05,UA994,2026-04-05 11:51:00,2026-04-05 11:37:00,-14.0,2026-04-05 11:55:00,2026-04-05 12:25:00,B40 A,157.0,13.91,11.29,4.23,2.94,30.0
36,2026-04-05,XR5402,2026-04-05 07:46:00,2026-04-05 08:56:00,70.0,2026-04-05 09:23:00,2026-04-05 09:26:00,B5  A,88.0,12.19,7.22,5.41,1.54,3.0
37,2026-04-05,AC832,2026-04-05 10:17:00,2026-04-05 10:43:00,26.0,2026-04-05 11:00:00,2026-04-05 11:34:00,B14 A,172.0,14.26,12.06,4.31,1.55,34.0
37,2026-04-05,ET750,2026-04-05 11:13:00,2026-04-05 11:34:00,21.0,2026-04-05 12:17:00,2026-04-05 13:03:00,B17 A,464.0,16.89,27.47,4.16,2.02,46.0
37,2026-04-05,FH8116,2026-04-05 06:35:00,2026-04-05 06:00:00,-35.0,2026-04-05 06:07:00,2026-04-05 06:09:00,B15 A,22.0,10.81,2.04,4.19,1.84,2.0
37,2026-04-05,LH1004,2026-04-05 12:50:00,2026-04-05 12:50:00,0.0,2026-04-05 13:03:00,2026-04-05 13:30:00,A43 ,40.0,15.43,2.59,4.85,1.72,27.0
37,2026-04-05,SN1122,2026-04-05 08:39:00,2026-04-05 09:08:00,29.0,2026-04-05 09:20:00,2026-04-05 09:21:00,B40 A,13.0,13.0,1.0,6.56,1.89,1.0
37,2026-04-05,SN1124,2026-04-05 07:10:00,2026-04-05 07:19:00,9.0,2026-04-05 07:32:00,2026-04-05 07:48:00,B30 A,138.0,12.36,11.16,5.04,1.77,16.0
37,2026-04-05,SN206,2026-04-05 06:25:00,2026-04-05 06:48:00,23.0,2026-04-05 07:07:00,2026-04-05 07:30:00,B38 A,154.0,15.68,9.82,4.08,2.86,23.0
37,2026-04-05,SN229,2026-04-05 08:06:00,2026-04-05 09:20:00,74.0,2026-04-05 09:41:00,2026-04-05 10:22:00,B14 A,144.0,12.39,11.62,4.38,1.52,41.0
37,2026-04-05,SN278,2026-04-05 08:43:00,2026-04-05 08:27:00,-16.0,2026-04-05 08:40:00,2026-04-05 09:10:00,B37 A,123.0,14.23,8.64,4.59,2.65,30.0
37,2026-04-05,SN2900,2026-04-05 08:46:00,2026-04-05 08:33:00,-13.0,2026-04-05 08:58:00,2026-04-05 09:02:00,B14 A,79.0,12.43,6.36,4.69,1.42,4.0
37,2026-04-05,SN3326,2026-04-05 11:24:00,2026-04-05 11:41:00,17.0,2026-04-05 12:06:00,2026-04-05 12:12:00,B14 A,111.0,15.46,7.18,4.86,1.37,6.0
37,2026-04-05,SN358,2026-04-05 08:21:00,2026-04-05 08:24:00,3.0,2026-04-05 08:42:00,2026-04-05 09:09:00,B14 A,112.0,16.53,6.78,5.03,1.33,27.0
37,2026-04-05,SN379,2026-04-05 08:11:00,2026-04-05 08:40:00,29.0,2026-04-05 08:59:00,2026-04-05 09:27:00,B28 A,76.0,8.78,8.66,4.71,1.7,28.0
37,2026-04-05,SN3800,2026-04-05 06:15:00,2026-04-05 06:16:00,1.0,2026-04-05 06:28:00,2026-04-05 06:30:00,A65 ,27.0,9.95,2.71,4.95,1.68,2.0
37,2026-04-05,TB1552,2026-04-05 10:15:00,2026-04-05 10:31:00,16.0,2026-04-05 10:50:00,2026-04-05 10:59:00,A69 ,164.0,14.81,11.08,5.09,1.64,9.0
37,2026-04-05,TB2632,2026-04-05 09:29:00,2026-04-05 09:09:00,-20.0,2026-04-05 09:35:00,2026-04-05 09:44:00,B9  A,114.0,11.36,10.04,5.49,1.52,9.0
37,2026-04-05,TB2662,2026-04-05 09:15:00,2026-04-05 09:04:00,-11.0,2026-04-05 09:22:00,2026-04-05 09:30:00,B34 A,90.0,12.34,7.29,5.27,1.96,8.0
37,2026-04-05,TG934,2026-04-05 09:21:00,2026-04-05 09:16:00,-5.0,2026-04-05 09:38:00,2026-04-05 09:58:00,B38 A,249.0,14.13,17.62,3.83,3.04,20.0
37,2026-04-05,UA950,2026-04-05 12:20:00,2026-04-05 11:58:00,-22.0,2026-04-05 12:14:00,2026-04-05 12:42:00,B37 A,127.0,15.44,8.23,5.72,2.13,28.0
37,2026-04-05,UA994,2026-04-05 12:51:00,2026-04-05 12:35:00,-16.0,2026-04-05 12:54:00,2026-04-05 13:24:00,B38 A,109.0,11.78,9.25,4.37,2.67,30.0
37,2026-04-05,XR5402,2026-04-05 07:46:00,2026-04-05 08:56:00,70.0,2026-04-05 09:23:00,2026-04-05 09:26:00,B5  A,88.0,9.0,9.78,5.54,1.5,3.0
38,2026-04-05,AC832,2026-04-05 12:18:00,2026-04-05 11:38:00,-40.0,2026-04-05 11:54:00,2026-04-05 12:17:00,B30 A,100.0,11.76,8.5,5.8,1.54,23.0
38,2026-04-05,ET750,2026-04-05 11:13:00,2026-04-05 11:34:00,21.0,2026-04-05 12:17:00,2026-04-05 13:03:00,B17 A,464.0,12.19,38.05,6.53,1.29,46.0
38,2026-04-05,FH8116,2026-04-05 06:35:00,2026-04-05 06:00:00,-35.0,2026-04-05 06:07:00,2026-04-05 06:09:00,B15 A,22.0,13.61,1.62,4.11,1.88,2.0
38,2026-04-05,LH1004,2026-04-05 08:50:00,2026-04-05 08:53:00,3.0,2026-04-05 09:06:00,2026-04-05 09:12:00,A43 ,29.0,13.65,2.12,5.54,1.5,6.0
38,2026-04-05,SN1122,2026-04-05 08:39:00,2026-04-05 09:08:00,29.0,2026-04-05 09:20:00,2026-04-05 09:21:00,B40 A,13.0,8.19,1.59,6.59,1.88,1.0
38,2026-04-05,SN1124,2026-04-05 07:10:00,2026-04-05 07:19:00,9.0,2026-04-05 07:32:00,2026-04-05 07:48:00,B30 A,138.0,15.06,9.16,4.48,1.99,16.0
38,2026-04-05,SN206,2026-04-05 06:25:00,2026-04-05 06:48:00,23.0,2026-04-05 07:07:00,2026-04-05 07:30:00,B38 A,154.0,9.94,15.5,4.97,2.35,23.0
38,2026-04-05,SN229,2026-04-05 10:04:00,2026-04-05 10:26:00,22.0,2026-04-05 10:41:00,2026-04-05 11:10:00,B31 A,120.0,12.84,9.35,5.0,2.15,29.0
38,2026-04-05,SN278,2026-04-05 12:46:00,2026-04-05 12:41:00,-5.0,2026-04-05 13:04:00,2026-04-05 13:33:00,B31 A,62.0,11.73,5.29,4.78,2.25,29.0
38,2026-04-05,SN2900,2026-04-05 07:39:00,2026-04-05 07:25:00,-14.0,2026-04-05 07:38:00,2026-04-05 07:53:00,B38 A,55.0,10.91,5.04,4.45,2.62,15.0
38,2026-04-05,SN3326,2026-04-05 11:24:00,2026-04-05 11:41:00,17.0,2026-04-05 12:06:00,2026-04-05 12:12:00,B14 A,111.0,12.83,8.65,5.64,1.18,6.0
38,2026-04-05,SN358,2026-04-05 10:21:00,2026-04-05 11:13:00,52.0,2026-04-05 11:43:00,2026-04-05 12:03:00,B38 A,126.0,13.83,9.11,3.2,3.64,20.0
38,2026-04-05,SN379,2026-04-05 10:10:00,2026-04-05 11:03:00,53.0,2026-04-05 11:42:00,2026-04-05 12:19:00,B29 A,161.0,9.3,17.3,4.78,2.06,37.0
38,2026-04-05,SN3800,2026-04-05 06:15:00,2026-04-05 06:16:00,1.0,2026-04-05 06:28:00,2026-04-05 06:30:00,A65 ,27.0,12.18,2.22,4.8,1.74,2.0
38,2026-04-05,TB1552,2026-04-05 07:47:00,2026-04-05 07:43:00,-4.0,2026-04-05 07:55:00,2026-04-05 07:59:00,A68 ,66.0,13.65,4.84,4.82,1.73,4.0
38,2026-04-05,TB2632,2026-04-05 09:29:00,2026-04-05 09:09:00,-20.0,2026-04-05 09:35:00,2026-04-05 09:44:00,B9  A,114.0,11.64,9.8,4.94,1.69,9.0
38,2026-04-05,TB2662,2026-04-05 09:15:00,2026-04-05 09:04:00,-11.0,2026-04-05 09:22:00,2026-04-05 09:30:00,B34 A,90.0,11.17,8.06,4.63,2.23,8.0
38,2026-04-05,TG934,2026-04-05 09:21:00,2026-04-05 09:16:00,-5.0,2026-04-05 09:38:00,2026-04-05 09:58:00,B38 A,249.0,14.82,16.81,6.09,1.92,20.0
38,2026-04-05,UA950,2026-04-05 11:22:00,2026-04-05 11:02:00,-20.0,2026-04-05 11:22:00,2026-04-05 11:45:00,B28 A,170.0,13.11,12.97,6.88,1.16,23.0
38,2026-04-05,UA994,2026-04-05 12:51:00,2026-04-05 12:35:00,-16.0,2026-04-05 12:54:00,2026-04-05 13:24:00,B38 A,109.0,12.46,8.74,4.31,2.71,30.0
38,2026-04-05,XR5402,2026-04-05 07:46:00,2026-04-05 08:56:00,70.0,2026-04-05 09:23:00,2026-04-05 09:26:00,B5  A,88.0,11.09,7.93,6.94,1.2,3.0
39,2026-04-05,AC832,2026-04-05 08:17:00,2026-04-05 07:46:00,-31.0,2026-04-05 08:02:00,2026-04-05 08:29:00,B30 A,122.0,10.56,11.56,4.99,1.79,27.0
39,2026-04-05,ET750,2026-04-05 11:13:00,2026-04-05 11:34:00,21.0,2026-04-05 12:17:00,2026-04-05 13:03:00,B17 A,464.0,11.74,39.51,5.39,1.56,46.0
39,2026-04-05,FH8116,2026-04-05 06:35:00,2026-04-05 06:00:00,-35.0,2026-04-05 06:07:00,2026-04-05 06:09:00,B15 A,22.0,9.44,2.33,5.35,1.45,2.0
39,2026-04-05,LH1004,2026-04-05 09:50:00,2026-04-05 09:53:00,3.0,2026-04-05 10:20:00,2026-04-05 10:27:00,A43 ,33.0,13.03,2.53,6.13,1.36,7.0
39,2026-04-05,SN1122,2026-04-05 08:39:00,2026-04-05 09:08:00,29.0,2026-04-05 09:20:00,2026-04-05 09:21:00,B40 A,13.0,12.79,1.02,4.71,2.64,1.0
39,2026-04-05,SN1124,2026-04-05 07:10:00,2026-04-05 07:19:00,9.0,2026-04-05 07:32:00,2026-04-05 07:48:00,B30 A,138.0,15.19,9.08,5.08,1.76,16.0
39,2026-04-05,SN206,2026-04-05 06:25:00,2026-04-05 06:48:00,23.0,2026-04-05 07:07:00,2026-04-05 07:30:00,B38 A,154.0,12.01,12.82,5.04,2.31,23.0
39,2026-04-05,SN229,2026-04-05 10:04:00,2026-04-05 10:26:00,22.0,2026-04-05 10:41:00,2026-04-05 11:10:00,B31 A,120.0,15.39,7.79,6.73,1.6,29.0
39,2026-04-05,SN278,2026-04-05 08:43:00,2026-04-05 08:27:00,-16.0,2026-04-05 08:40:00,2026-04-05 09:10:00,B37 A,123.0,12.66,9.71,4.78,2.54,30.0
39,2026-04-05,SN2900,2026-04-05 10:44:00,2026-04-05 11:04:00,20.0,2026-04-05 11:13:00,2026-04-05 11:34:00,B32 A,49.0,13.17,3.72,4.2,2.3,21.0
39,2026-04-05,SN3326,2026-04-05 11:24:00,2026-04-05 11:41:00,17.0,2026-04-05 12:06:00,2026-04-05 12:12:00,B14 A,111.0,12.45,8.92,4.74,1.41,6.0
39,2026-04-05,SN358,2026-04-05 10:21:00,2026-04-05 11:13:00,52.0,2026-04-05 11:43:00,2026-04-05 12:03:00,B38 A,126.0,12.67,9.94,4.07,2.87,20.0
39,2026-04-05,SN379,2026-04-05 10:10:00,2026-04-05 11:03:00,53.0,2026-04-05 11:42:00,2026-04-05 12:19:00,B29 A,161.0,13.76,11.7,4.51,2.18,37.0
39,2026-04-05,SN3800,2026-04-05 06:15:00,2026-04-05 06:16:00,1.0,2026-04-05 06:28:00,2026-04-05 06:30:00,A65 ,27.0,14.63,1.85,4.92,1.69,2.0
39,2026-04-05,TB1552,2026-04-05 07:15:00,2026-04-05 07:08:00,-7.0,2026-04-05 07:38:00,2026-04-05 07:45:00,A61 ,152.0,11.38,13.36,4.69,1.78,7.0
39,2026-04-05,TB2632,2026-04-05 09:29:00,2026-04-05 09:09:00,-20.0,2026-04-05 09:35:00,2026-04-05 09:44:00,B9  A,114.0,13.95,8.17,4.76,1.75,9.0
39,2026-04-05,TB2662,2026-04-05 09:15:00,2026-04-05 09:04:00,-11.0,2026-04-05 09:22:00,2026-04-05 09:30:00,B34 A,90.0,8.34,10.79,4.72,2.19,8.0
39,2026-04-05,TG934,2026-04-05 09:21:00,2026-04-05 09:16:00,-5.0,2026-04-05 09:38:00,2026-04-05 09:58:00,B38 A,249.0,13.05,19.08,4.37,2.67,20.0
39,2026-04-05,UA950,2026-04-05 11:22:00,2026-04-05 11:02:00,-20.0,2026-04-05 11:22:00,2026-04-05 11:45:00,B28 A,170.0,12.87,13.21,5.08,1.57,23.0
39,2026-04-05,UA994,2026-04-05 10:51:00,2026-04-05 10:01:00,-50.0,2026-04-05 10:18:00,2026-04-05 10:42:00,B38 A,177.0,13.07,13.54,5.48,2.13,24.0
39,2026-04-05,XR5402,2026-04-05 07:46:00,2026-04-05 08:56:00,70.0,2026-04-05 09:23:00,2026-04-05 09:26:00,B5  A,88.0,9.99,8.81,5.06,1.65,3.0
40,2026-04-05,AC832,2026-04-05 12:18:00,2026-04-05 11:38:00,-40.0,2026-04-05 11:54:00,2026-04-05 12:17:00,B30 A,100.0,11.52,8.68,4.42,2.02,23.0
40,2026-04-05,ET750,2026-04-05 11:13:00,2026-04-05 11:34:00,21.0,2026-04-05 12:17:00,2026-04-05 13:03:00,B17 A,464.0,12.76,36.35,5.44,1.55,46.0
40,2026-04-05,FH8116,2026-04-05 12:44:00,2026-04-05 12:48:00,4.0,2026-04-05 13:06:00,2026-04-05 13:13:00,B38 A,140.0,10.23,13.69,5.02,2.32,7.0
40,2026-04-05,LH1004,2026-04-05 09:50:00,2026-04-05 09:53:00,3.0,2026-04-05 10:20:00,2026-04-05 10:27:00,A43 ,33.0,13.94,2.37,5.09,1.64,7.0
40,2026-04-05,SN1122,2026-04-05 08:39:00,2026-04-05 09:08:00,29.0,2026-04-05 09:20:00,2026-04-05 09:21:00,B40 A,13.0,12.39,1.05,5.23,2.37,1.0
40,2026-04-05,SN1124,2026-04-05 07:10:00,2026-04-05 07:19:00,9.0,2026-04-05 07:32:00,2026-04-05 07:48:00,B30 A,138.0,15.84,8.71,4.78,1.86,16.0
40,2026-04-05,SN206,2026-04-05 06:25:00,2026-04-05 06:48:00,23.0,2026-04-05 07:07:00,2026-04-05 07:30:00,B38 A,154.0,12.49,12.33,4.29,2.72,23.0
40,2026-04-05,SN229,2026-04-05 08:06:00,2026-04-05 09:20:00,74.0,2026-04-05 09:41:00,2026-04-05 10:22:00,B14 A,144.0,13.94,10.33,5.87,1.14,41.0
40,2026-04-05,SN278,2026-04-05 12:46:00,2026-04-05 12:41:00,-5.0,2026-04-05 13:04:00,2026-04-05 13:33:00,B31 A,62.0,11.33,5.47,5.41,1.99,29.0
40,2026-04-05,SN2900,2026-04-05 08:46:00,2026-04-05 08:33:00,-13.0,2026-04-05 08:58:00,2026-04-05 09:02:00,B14 A,79.0,13.6,5.81,6.23,1.07,4.0
40,2026-04-05,SN3326,2026-04-05 11:24:00,2026-04-05 11:41:00,17.0,2026-04-05 12:06:00,2026-04-05 12:12:00,B14 A,111.0,10.05,11.05,4.4,1.51,6.0
40,2026-04-05,SN358,2026-04-05 08:21:00,2026-04-05 08:24:00,3.0,2026-04-05 08:42:00,2026-04-05 09:09:00,B14 A,112.0,12.82,8.73,5.19,1.29,27.0
40,2026-04-05,SN379,2026-04-05 08:11:00,2026-04-05 08:40:00,29.0,2026-04-05 08:59:00,2026-04-05 09:27:00,B28 A,76.0,13.0,5.85,4.3,1.86,28.0
40,2026-04-05,SN3800,2026-04-05 06:15:00,2026-04-05 06:16:00,1.0,2026-04-05 06:28:00,2026-04-05 06:30:00,A65 ,27.0,14.69,1.84,5.06,1.65,2.0
40,2026-04-05,TB1552,2026-04-05 10:15:00,2026-04-05 10:31:00,16.0,2026-04-05 10:50:00,2026-04-05 10:59:00,A69 ,164.0,14.79,11.09,6.0,1.39,9.0
40,2026-04-05,TB2632,2026-04-05 09:29:00,2026-04-05 09:09:00,-20.0,2026-04-05 09:35:00,2026-04-05 09:44:00,B9  A,114.0,10.84,10.52,4.57,1.82,9.0
40,2026-04-05,TB2662,2026-04-05 09:15:00,2026-04-05 09:04:00,-11.0,2026-04-05 09:22:00,2026-04-05 09:30:00,B34 A,90.0,10.8,8.33,5.37,1.93,8.0
40,2026-04-05,TG934,2026-04-05 09:21:00,2026-04-05 09:16:00,-5.0,2026-04-05 09:38:00,2026-04-05 09:58:00,B38 A,249.0,13.4,18.58,6.47,1.8,20.0
40,2026-04-05,UA950,2026-04-05 11:22:00,2026-04-05 11:02:00,-20.0,2026-04-05 11:22:00,2026-04-05 11:45:00,B28 A,170.0,11.8,14.4,6.23,1.28,23.0
40,2026-04-05,UA994,2026-04-05 11:51:00,2026-04-05 11:37:00,-14.0,2026-04-05 11:55:00,2026-04-05 12:25:00,B40 A,157.0,15.36,10.22,4.58,2.71,30.0
40,2026-04-05,XR5402,2026-04-05 07:46:00,2026-04-05 08:56:00,70.0,2026-04-05 09:23:00,2026-04-05 09:26:00,B5  A,88.0,12.46,7.07,3.79,2.2,3.0
41,2026-04-05,AC832,2026-04-05 08:17:00,2026-04-05 07:46:00,-31.0,2026-04-05 08:02:00,2026-04-05 08:29:00,B30 A,122.0,14.29,8.54,4.5,1.98,27.0
41,2026-04-05,ET750,2026-04-05 11:13:00,2026-04-05 11:34:00,21.0,2026-04-05 12:17:00,2026-04-05 13:03:00,B17 A,464.0,12.29,37.75,5.15,1.63,46.0
41,2026-04-05,FH8116,2026-04-05 12:44:00,2026-04-05 12:48:00,4.0,2026-04-05 13:06:00,2026-04-05 13:13:00,B38 A,140.0,14.1,9.93,4.6,2.53,7.0
41,2026-04-05,LH1004,2026-04-05 11:51:00,2026-04-05 11:47:00,-4.0,2026-04-05 12:07:00,2026-04-05 12:12:00,A43 ,23.0,8.42,2.73,5.39,1.54,5.0
41,2026-04-05,SN1122,2026-04-05 08:39:00,2026-04-05 09:08:00,29.0,2026-04-05 09:20:00,2026-04-05 09:21:00,B40 A,13.0,15.16,0.86,5.02,2.47,1.0
41,2026-04-05,SN1124,2026-04-05 07:10:00,2026-04-05 07:19:00,9.0,2026-04-05 07:32:00,2026-04-05 07:48:00,B30 A,138.0,12.71,10.86,5.15,1.73,16.0
41,2026-04-05,SN206,2026-04-05 06:25:00,2026-04-05 06:48:00,23.0,2026-04-05 07:07:00,2026-04-05 07:30:00,B38 A,154.0,15.77,9.77,4.8,2.43,23.0
41,2026-04-05,SN229,2026-04-05 12:06:00,2026-04-05 12:12:00,6.0,2026-04-05 12:39:00,2026-04-05 13:03:00,B28 A,20.0,11.1,1.8,3.74,2.14,24.0
41,2026-04-05,SN278,2026-04-05 12:46:00,2026-04-05 12:41:00,-5.0,2026-04-05 13:04:00,2026-04-05 13:33:00,B31 A,62.0,12.71,4.88,6.89,1.56,29.0
41,2026-04-05,SN2900,2026-04-05 10:44:00,2026-04-05 11:04:00,20.0,2026-04-05 11:13:00,2026-04-05 11:34:00,B32 A,49.0,11.3,4.33,4.32,2.24,21.0
41,2026-04-05,SN3326,2026-04-05 11:24:00,2026-04-05 11:41:00,17.0,2026-04-05 12:06:00,2026-04-05 12:12:00,B14 A,111.0,11.69,9.49,4.96,1.35,6.0
41,2026-04-05,SN358,2026-04-05 12:21:00,2026-04-05 12:23:00,2.0,2026-04-05 12:43:00,2026-04-05 13:14:00,B28 A,176.0,13.81,12.74,6.76,1.18,31.0
41,2026-04-05,SN379,2026-04-05 10:10:00,2026-04-05 11:03:00,53.0,2026-04-05 11:42:00,2026-04-05 12:19:00,B29 A,161.0,14.61,11.02,5.04,1.95,37.0
41,2026-04-05,SN3800,2026-04-05 06:15:00,2026-04-05 06:16:00,1.0,2026-04-05 06:28:00,2026-04-05 06:30:00,A65 ,27.0,16.19,1.67,6.83,1.22,2.0
41,2026-04-05,TB1552,2026-04-05 07:15:00,2026-04-05 07:08:00,-7.0,2026-04-05 07:38:00,2026-04-05 07:45:00,A61 ,152.0,12.22,12.44,4.69,1.78,7.0
41,2026-04-05,TB2632,2026-04-05 09:29:00,2026-04-05 09:09:00,-20.0,2026-04-05 09:35:00,2026-04-05 09:44:00,B9  A,114.0,11.24,10.15,6.25,1.33,9.0
41,2026-04-05,TB2662,2026-04-05 09:15:00,2026-04-05 09:04:00,-11.0,2026-04-05 09:22:00,2026-04-05 09:30:00,B34 A,90.0,13.35,6.74,5.06,2.04,8.0
41,2026-04-05,TG934,2026-04-05 09:21:00,2026-04-05 09:16:00,-5.0,2026-04-05 09:38:00,2026-04-05 09:58:00,B38 A,249.0,13.13,18.96,5.34,2.18,20.0
41,2026-04-05,UA950,2026-04-05 09:21:00,2026-04-05 08:45:00,-36.0,2026-04-05 09:03:00,2026-04-05 09:29:00,B5  A,163.0,11.51,14.16,4.86,1.71,26.0
41,2026-04-05,UA994,2026-04-05 08:51:00,2026-04-05 08:32:00,-19.0,2026-04-05 08:52:00,2026-04-05 09:25:00,B40 A,171.0,11.04,15.49,4.66,2.66,33.0
41,2026-04-05,XR5402,2026-04-05 07:46:00,2026-04-05 08:56:00,70.0,2026-04-05 09:23:00,2026-04-05 09:26:00,B5  A,88.0,12.64,6.96,4.66,1.79,3.0
42,2026-04-05,AC832,2026-04-05 11:16:00,2026-04-05 10:39:00,-37.0,2026-04-05 10:54:00,2026-04-05 11:24:00,B5  A,101.0,12.28,8.23,4.46,1.87,30.0
42,2026-04-05,ET750,2026-04-05 11:13:00,2026-04-05 11:34:00,21.0,2026-04-05 12:17:00,2026-04-05 13:03:00,B17 A,464.0,15.12,30.69,4.64,1.82,46.0
42,2026-04-05,FH8116,2026-04-05 12:44:00,2026-04-05 12:48:00,4.0,2026-04-05 13:06:00,2026-04-05 13:13:00,B38 A,140.0,15.56,9.0,4.84,2.41,7.0
42,2026-04-05,LH1004,2026-04-05 12:50:00,2026-04-05 12:50:00,0.0,2026-04-05 13:03:00,2026-04-05 13:30:00,A43 ,40.0,9.74,4.1,4.69,1.78,27.0
42,2026-04-05,SN1122,2026-04-05 08:39:00,2026-04-05 09:08:00,29.0,2026-04-05 09:20:00,2026-04-05 09:21:00,B40 A,13.0,11.06,1.18,5.51,2.25,1.0
42,2026-04-05,SN1124,2026-04-05 07:10:00,2026-04-05 07:19:00,9.0,2026-04-05 07:32:00,2026-04-05 07:48:00,B30 A,138.0,13.99,9.86,5.22,1.71,16.0
42,2026-04-05,SN206,2026-04-05 06:25:00,2026-04-05 06:48:00,23.0,2026-04-05 07:07:00,2026-04-05 07:30:00,B38 A,154.0,11.73,13.12,5.98,1.95,23.0
42,2026-04-05,SN229,2026-04-05 08:06:00,2026-04-05 09:20:00,74.0,2026-04-05 09:41:00,2026-04-05 10:22:00,B14 A,144.0,12.76,11.29,4.68,1.42,41.0
42,2026-04-05,SN278,2026-04-05 12:46:00,2026-04-05 12:41:00,-5.0,2026-04-05 13:04:00,2026-04-05 13:33:00,B31 A,62.0,8.85,7.0,5.26,2.05,29.0
42,2026-04-05,SN2900,2026-04-05 07:39:00,2026-04-05 07:25:00,-14.0,2026-04-05 07:38:00,2026-04-05 07:53:00,B38 A,55.0,9.47,5.81,5.72,2.04,15.0
42,2026-04-05,SN3326,2026-04-05 11:24:00,2026-04-05 11:41:00,17.0,2026-04-05 12:06:00,2026-04-05 12:12:00,B14 A,111.0,9.83,11.29,5.26,1.27,6.0
42,2026-04-05,SN358,2026-04-05 12:21:00,2026-04-05 12:23:00,2.0,2026-04-05 12:43:00,2026-04-05 13:14:00,B28 A,176.0,13.77,12.78,5.85,1.37,31.0
42,2026-04-05,SN379,2026-04-05 10:10:00,2026-04-05 11:03:00,53.0,2026-04-05 11:42:00,2026-04-05 12:19:00,B29 A,161.0,11.37,14.16,4.98,1.97,37.0
42,2026-04-05,SN3800,2026-04-05 06:15:00,2026-04-05 06:16:00,1.0,2026-04-05 06:28:00,2026-04-05 06:30:00,A65 ,27.0,12.86,2.1,4.98,1.67,2.0
42,2026-04-05,TB1552,2026-04-05 08:29:00,2026-04-05 08:25:00,-4.0,2026-04-05 08:46:00,2026-04-05 08:54:00,A61 ,166.0,13.87,11.97,4.87,1.71,8.0
42,2026-04-05,TB2632,2026-04-05 09:29:00,2026-04-05 09:09:00,-20.0,2026-04-05 09:35:00,2026-04-05 09:44:00,B9  A,114.0,11.38,10.01,4.2,1.99,9.0
42,2026-04-05,TB2662,2026-04-05 09:15:00,2026-04-05 09:04:00,-11.0,2026-04-05 09:22:00,2026-04-05 09:30:00,B34 A,90.0,13.68,6.58,4.18,2.47,8.0
42,2026-04-05,TG934,2026-04-05 09:21:00,2026-04-05 09:16:00,-5.0,2026-04-05 09:38:00,2026-04-05 09:58:00,B38 A,249.0,13.82,18.01,4.51,2.59,20.0
42,2026-04-05,UA950,2026-04-05 11:22:00,2026-04-05 11:02:00,-20.0,2026-04-05 11:22:00,2026-04-05 11:45:00,B28 A,170.0,9.62,17.67,5.6,1.43,23.0
42,2026-04-05,UA994,2026-04-05 12:51:00,2026-04-05 12:35:00,-16.0,2026-04-05 12:54:00,2026-04-05 13:24:00,B38 A,109.0,14.61,7.46,3.45,3.38,30.0
42,2026-04-05,XR5402,2026-04-05 07:46:00,2026-04-05 08:56:00,70.0,2026-04-05 09:23:00,2026-04-05 09:26:00,B5  A,88.0,10.38,8.48,5.42,1.54,3.0
43,2026-04-05,AC832,2026-04-05 09:18:00,2026-04-05 08:45:00,-33.0,2026-04-05 09:06:00,2026-04-05 09:59:00,B28 A,110.0,12.78,8.61,5.46,1.46,53.0
43,2026-04-05,ET750,2026-04-05 11:13:00,2026-04-05 11:34:00,21.0,2026-04-05 12:17:00,2026-04-05 13:03:00,B17 A,464.0,12.74,36.43,3.56,2.36,46.0
43,2026-04-05,FH8116,2026-04-05 06:35:00,2026-04-05 06:00:00,-35.0,2026-04-05 06:07:00,2026-04-05 06:09:00,B15 A,22.0,15.19,1.45,4.48,1.72,2.0
43,2026-04-05,LH1004,2026-04-05 09:50:00,2026-04-05 09:53:00,3.0,2026-04-05 10:20:00,2026-04-05 10:27:00,A43 ,33.0,13.77,2.4,4.8,1.74,7.0
43,2026-04-05,SN1122,2026-04-05 08:39:00,2026-04-05 09:08:00,29.0,2026-04-05 09:20:00,2026-04-05 09:21:00,B40 A,13.0,12.69,1.02,4.62,2.69,1.0
43,2026-04-05,SN1124,2026-04-05 07:10:00,2026-04-05 07:19:00,9.0,2026-04-05 07:32:00,2026-04-05 07:48:00,B30 A,138.0,14.61,9.44,7.09,1.26,16.0
43,2026-04-05,SN206,2026-04-05 06:25:00,2026-04-05 06:48:00,23.0,2026-04-05 07:07:00,2026-04-05 07:30:00,B38 A,154.0,14.78,10.42,3.99,2.93,23.0
43,2026-04-05,SN229,2026-04-05 12:06:00,2026-04-05 12:12:00,6.0,2026-04-05 12:39:00,2026-04-05 13:03:00,B28 A,20.0,12.52,1.6,3.76,2.13,24.0
43,2026-04-05,SN278,2026-04-05 08:43:00,2026-04-05 08:27:00,-16.0,2026-04-05 08:40:00,2026-04-05 09:10:00,B37 A,123.0,14.35,8.57,5.57,2.18,30.0
43,2026-04-05,SN2900,2026-04-05 07:39:00,2026-04-05 07:25:00,-14.0,2026-04-05 07:38:00,2026-04-05 07:53:00,B38 A,55.0,11.86,4.64,4.96,2.35,15.0
43,2026-04-05,SN3326,2026-04-05 11:24:00,2026-04-05 11:41:00,17.0,2026-04-05 12:06:00,2026-04-05 12:12:00,B14 A,111.0,12.46,8.91,4.47,1.49,6.0
43,2026-04-05,SN358,2026-04-05 10:21:00,2026-04-05 11:13:00,52.0,2026-04-05 11:43:00,2026-04-05 12:03:00,B38 A,126.0,12.5,10.08,5.88,1.98,20.0
43,2026-04-05,SN379,2026-04-05 10:10:00,2026-04-05 11:03:00,53.0,2026-04-05 11:42:00,2026-04-05 12:19:00,B29 A,161.0,13.06,12.33,3.93,2.5,37.0
43,2026-04-05,SN3800,2026-04-05 06:15:00,2026-04-05 06:16:00,1.0,2026-04-05 06:28:00,2026-04-05 06:30:00,A65 ,27.0,13.06,2.07,5.07,1.64,2.0
43,2026-04-05,TB1552,2026-04-05 07:15:00,2026-04-05 07:08:00,-7.0,2026-04-05 07:38:00,2026-04-05 07:45:00,A61 ,152.0,11.14,13.64,4.59,1.82,7.0
43,2026-04-05,TB2632,2026-04-05 09:29:00,2026-04-05 09:09:00,-20.0,2026-04-05 09:35:00,2026-04-05 09:44:00,B9  A,114.0,15.07,7.57,4.92,1.69,9.0
43,2026-04-05,TB2662,2026-04-05 09:15:00,2026-04-05 09:04:00,-11.0,2026-04-05 09:22:00,2026-04-05 09:30:00,B34 A,90.0,10.98,8.2,3.92,2.64,8.0
43,2026-04-05,TG934,2026-04-05 09:21:00,2026-04-05 09:16:00,-5.0,2026-04-05 09:38:00,2026-04-05 09:58:00,B38 A,249.0,13.28,18.75,4.32,2.7,20.0
43,2026-04-05,UA950,2026-04-05 11:22:00,2026-04-05 11:02:00,-20.0,2026-04-05 11:22:00,2026-04-05 11:45:00,B28 A,170.0,9.9,17.17,4.78,1.68,23.0
43,2026-04-05,UA994,2026-04-05 12:51:00,2026-04-05 12:35:00,-16.0,2026-04-05 12:54:00,2026-04-05 13:24:00,B38 A,109.0,15.22,7.16,4.52,2.58,30.0
43,2026-04-05,XR5402,2026-04-05 07:46:00,2026-04-05 08:56:00,70.0,2026-04-05 09:23:00,2026-04-05 09:26:00,B5  A,88.0,11.08,7.94,4.22,1.98,3.0
44,2026-04-05,AC832,2026-04-05 10:17:00,2026-04-05 10:43:00,26.0,2026-04-05 11:00:00,2026-04-05 11:34:00,B14 A,172.0,11.95,14.4,5.28,1.26,34.0
44,2026-04-05,ET750,2026-04-05 11:13:00,2026-04-05 11:34:00,21.0,2026-04-05 12:17:00,2026-04-05 13:03:00,B17 A,464.0,14.36,32.31,5.62,1.5,46.0
44,2026-04-05,FH8116,2026-04-05 06:35:00,2026-04-05 06:00:00,-35.0,2026-04-05 06:07:00,2026-04-05 06:09:00,B15 A,22.0,8.24,2.67,4.35,1.78,2.0
44,2026-04-05,LH1004,2026-04-05 12:50:00,2026-04-05 12:50:00,0.0,2026-04-05 13:03:00,2026-04-05 13:30:00,A43 ,40.0,13.36,2.99,4.67,1.78,27.0
44,2026-04-05,SN1122,2026-04-05 08:39:00,2026-04-05 09:08:00,29.0,2026-04-05 09:20:00,2026-04-05 09:21:00,B40 A,13.0,14.07,0.92,4.85,2.56,1.0
44,2026-04-05,SN1124,2026-04-05 07:10:00,2026-04-05 07:19:00,9.0,2026-04-05 07:32:00,2026-04-05 07:48:00,B30 A,138.0,12.69,10.87,5.24,1.7,16.0
44,2026-04-05,SN206,2026-04-05 06:25:00,2026-04-05 06:48:00,23.0,2026-04-05 07:07:00,2026-04-05 07:30:00,B38 A,154.0,12.3,12.52,4.06,2.88,23.0
44,2026-04-05,SN229,2026-04-05 12:06:00,2026-04-05 12:12:00,6.0,2026-04-05 12:39:00,2026-04-05 13:03:00,B28 A,20.0,13.89,1.44,4.65,1.72,24.0
44,2026-04-05,SN278,2026-04-05 12:46:00,2026-04-05 12:41:00,-5.0,2026-04-05 13:04:00,2026-04-05 13:33:00,B31 A,62.0,10.37,5.98,4.76,2.26,29.0
44,2026-04-05,SN2900,2026-04-05 07:39:00,2026-04-05 07:25:00,-14.0,2026-04-05 07:38:00,2026-04-05 07:53:00,B38 A,55.0,11.0,5.0,4.69,2.49,15.0
44,2026-04-05,SN3326,2026-04-05 07:45:00,2026-04-05 08:05:00,20.0,2026-04-05 08:16:00,2026-04-05 08:36:00,B28 A,123.0,13.93,8.83,4.16,1.92,20.0
44,2026-04-05,SN358,2026-04-05 10:21:00,2026-04-05 11:13:00,52.0,2026-04-05 11:43:00,2026-04-05 12:03:00,B38 A,126.0,12.32,10.23,4.71,2.48,20.0
44,2026-04-05,SN379,2026-04-05 10:10:00,2026-04-05 11:03:00,53.0,2026-04-05 11:42:00,2026-04-05 12:19:00,B29 A,161.0,10.2,15.78,3.92,2.51,37.0
44,2026-04-05,SN3800,2026-04-05 06:15:00,2026-04-05 06:16:00,1.0,2026-04-05 06:28:00,2026-04-05 06:30:00,A65 ,27.0,12.62,2.14,4.65,1.79,2.0
44,2026-04-05,TB1552,2026-04-05 07:47:00,2026-04-05 07:43:00,-4.0,2026-04-05 07:55:00,2026-04-05 07:59:00,A68 ,66.0,11.49,5.74,4.87,1.71,4.0
44,2026-04-05,TB2632,2026-04-05 09:29:00,2026-04-05 09:09:00,-20.0,2026-04-05 09:35:00,2026-04-05 09:44:00,B9  A,114.0,12.43,9.17,4.5,1.85,9.0
44,2026-04-05,TB2662,2026-04-05 09:15:00,2026-04-05 09:04:00,-11.0,2026-04-05 09:22:00,2026-04-05 09:30:00,B34 A,90.0,15.69,5.74,4.05,2.55,8.0
44,2026-04-05,TG934,2026-04-05 09:21:00,2026-04-05 09:16:00,-5.0,2026-04-05 09:38:00,2026-04-05 09:58:00,B38 A,249.0,14.16,17.59,4.61,2.53,20.0
44,2026-04-05,UA950,2026-04-05 09:21:00,2026-04-05 08:45:00,-36.0,2026-04-05 09:03:00,2026-04-05 09:29:00,B5  A,163.0,13.38,12.18,6.42,1.3,26.0
44,2026-04-05,UA994,2026-04-05 12:51:00,2026-04-05 12:35:00,-16.0,2026-04-05 12:54:00,2026-04-05 13:24:00,B38 A,109.0,13.01,8.38,4.46,2.62,30.0
44,2026-04-05,XR5402,2026-04-05 07:46:00,2026-04-05 08:56:00,70.0,2026-04-05 09:23:00,2026-04-05 09:26:00,B5  A,88.0,11.24,7.83,4.3,1.94,3.0
45,2026-04-05,AC832,2026-04-05 11:16:00,2026-04-05 10:39:00,-37.0,2026-04-05 10:54:00,2026-04-05 11:24:00,B5  A,101.0,13.66,7.39,4.64,1.8,30.0
45,2026-04-05,ET750,2026-04-05 11:13:00,2026-04-05 11:34:00,21.0,2026-04-05 12:17:00,2026-04-05 13:03:00,B17 A,464.0,13.01,35.66,4.16,2.02,46.0
45,2026-04-05,FH8116,2026-04-05 06:35:00,2026-04-05 06:00:00,-35.0,2026-04-05 06:07:00,2026-04-05 06:09:00,B15 A,22.0,14.13,1.56,5.58,1.39,2.0
45,2026-04-05,LH1004,2026-04-05 12:50:00,2026-04-05 12:50:00,0.0,2026-04-05 13:03:00,2026-04-05 13:30:00,A43 ,40.0,8.07,4.95,5.33,1.56,27.0
45,2026-04-05,SN1122,2026-04-05 08:39:00,2026-04-05 09:08:00,29.0,2026-04-05 09:20:00,2026-04-05 09:21:00,B40 A,13.0,9.78,1.33,5.03,2.47,1.0
45,2026-04-05,SN1124,2026-04-05 07:10:00,2026-04-05 07:19:00,9.0,2026-04-05 07:32:00,2026-04-05 07:48:00,B30 A,138.0,16.19,8.52,4.12,2.16,16.0
45,2026-04-05,SN206,2026-04-05 06:25:00,2026-04-05 06:48:00,23.0,2026-04-05 07:07:00,2026-04-05 07:30:00,B38 A,154.0,10.87,14.17,4.14,2.82,23.0
45,2026-04-05,SN229,2026-04-05 10:04:00,2026-04-05 10:26:00,22.0,2026-04-05 10:41:00,2026-04-05 11:10:00,B31 A,120.0,13.09,9.17,4.37,2.46,29.0
45,2026-04-05,SN278,2026-04-05 12:46:00,2026-04-05 12:41:00,-5.0,2026-04-05 13:04:00,2026-04-05 13:33:00,B31 A,62.0,12.67,4.89,5.04,2.13,29.0
45,2026-04-05,SN2900,2026-04-05 08:46:00,2026-04-05 08:33:00,-13.0,2026-04-05 08:58:00,2026-04-05 09:02:00,B14 A,79.0,13.01,6.07,6.74,0.99,4.0
45,2026-04-05,SN3326,2026-04-05 07:45:00,2026-04-05 08:05:00,20.0,2026-04-05 08:16:00,2026-04-05 08:36:00,B28 A,123.0,16.06,7.66,3.68,2.17,20.0
45,2026-04-05,SN358,2026-04-05 08:21:00,2026-04-05 08:24:00,3.0,2026-04-05 08:42:00,2026-04-05 09:09:00,B14 A,112.0,13.4,8.36,5.96,1.12,27.0
45,2026-04-05,SN379,2026-04-05 10:10:00,2026-04-05 11:03:00,53.0,2026-04-05 11:42:00,2026-04-05 12:19:00,B29 A,161.0,12.01,13.41,5.28,1.86,37.0
45,2026-04-05,SN3800,2026-04-05 06:15:00,2026-04-05 06:16:00,1.0,2026-04-05 06:28:00,2026-04-05 06:30:00,A65 ,27.0,8.33,3.24,4.09,2.04,2.0
45,2026-04-05,TB1552,2026-04-05 07:47:00,2026-04-05 07:43:00,-4.0,2026-04-05 07:55:00,2026-04-05 07:59:00,A68 ,66.0,13.2,5.0,5.44,1.53,4.0
45,2026-04-05,TB2632,2026-04-05 09:29:00,2026-04-05 09:09:00,-20.0,2026-04-05 09:35:00,2026-04-05 09:44:00,B9  A,114.0,11.65,9.79,4.93,1.69,9.0
45,2026-04-05,TB2662,2026-04-05 09:15:00,2026-04-05 09:04:00,-11.0,2026-04-05 09:22:00,2026-04-05 09:30:00,B34 A,90.0,13.13,6.85,6.46,1.6,8.0
45,2026-04-05,TG934,2026-04-05 09:21:00,2026-04-05 09:16:00,-5.0,2026-04-05 09:38:00,2026-04-05 09:58:00,B38 A,249.0,14.92,16.69,4.68,2.49,20.0
45,2026-04-05,UA950,2026-04-05 12:20:00,2026-04-05 11:58:00,-22.0,2026-04-05 12:14:00,2026-04-05 12:42:00,B37 A,127.0,15.25,8.33,4.68,2.6,28.0
45,2026-04-05,UA994,2026-04-05 12:51:00,2026-04-05 12:35:00,-16.0,2026-04-05 12:54:00,2026-04-05 13:24:00,B38 A,109.0,12.47,8.74,6.74,1.73,30.0
45,2026-04-05,XR5402,2026-04-05 07:46:00,2026-04-05 08:56:00,70.0,2026-04-05 09:23:00,2026-04-05 09:26:00,B5  A,88.0,12.39,7.1,4.55,1.83,3.0
46,2026-04-05,AC832,2026-04-05 10:17:00,2026-04-05 10:43:00,26.0,2026-04-05 11:00:00,2026-04-05 11:34:00,B14 A,172.0,10.99,15.64,5.49,1.22,34.0
46,2026-04-05,ET750,2026-04-05 11:13:00,2026-04-05 11:34:00,21.0,2026-04-05 12:17:00,2026-04-05 13:03:00,B17 A,464.0,14.81,31.33,5.98,1.41,46.0
46,2026-04-05,FH8116,2026-04-05 12:44:00,2026-04-05 12:48:00,4.0,2026-04-05 13:06:00,2026-04-05 13:13:00,B38 A,140.0,13.33,10.5,5.75,2.03,7.0
46,2026-04-05,LH1004,2026-04-05 11:51:00,2026-04-05 11:47:00,-4.0,2026-04-05 12:07:00,2026-04-05 12:12:00,A43 ,23.0,11.66,1.97,4.1,2.03,5.0
46,2026-04-05,SN1122,2026-04-05 08:39:00,2026-04-05 09:08:00,29.0,2026-04-05 09:20:00,2026-04-05 09:21:00,B40 A,13.0,14.98,0.87,5.63,2.21,1.0
46,2026-04-05,SN1124,2026-04-05 07:10:00,2026-04-05 07:19:00,9.0,2026-04-05 07:32:00,2026-04-05 07:48:00,B30 A,138.0,15.85,8.71,3.38,2.64,16.0
46,2026-04-05,SN206,2026-04-05 06:25:00,2026-04-05 06:48:00,23.0,2026-04-05 07:07:00,2026-04-05 07:30:00,B38 A,154.0,13.33,11.55,4.08,2.86,23.0
46,2026-04-05,SN229,2026-04-05 12:06:00,2026-04-05 12:12:00,6.0,2026-04-05 12:39:00,2026-04-05 13:03:00,B28 A,20.0,14.38,1.39,5.65,1.42,24.0
46,2026-04-05,SN278,2026-04-05 12:46:00,2026-04-05 12:41:00,-5.0,2026-04-05 13:04:00,2026-04-05 13:33:00,B31 A,62.0,13.79,4.5,5.11,2.1,29.0
46,2026-04-05,SN2900,2026-04-05 08:46:00,2026-04-05 08:33:00,-13.0,2026-04-05 08:58:00,2026-04-05 09:02:00,B14 A,79.0,12.08,6.54,4.67,1.43,4.0
46,2026-04-05,SN3326,2026-04-05 11:24:00,2026-04-05 11:41:00,17.0,2026-04-05 12:06:00,2026-04-05 12:12:00,B14 A,111.0,11.25,9.87,4.89,1.36,6.0
46,2026-04-05,SN358,2026-04-05 08:21:00,2026-04-05 08:24:00,3.0,2026-04-05 08:42:00,2026-04-05 09:09:00,B14 A,112.0,13.25,8.45,4.9,1.36,27.0
46,2026-04-05,SN379,2026-04-05 10:10:00,2026-04-05 11:03:00,53.0,2026-04-05 11:42:00,2026-04-05 12:19:00,B29 A,161.0,9.37,17.19,4.64,2.12,37.0
46,2026-04-05,SN3800,2026-04-05 06:15:00,2026-04-05 06:16:00,1.0,2026-04-05 06:28:00,2026-04-05 06:30:00,A65 ,27.0,12.08,2.23,4.64,1.8,2.0
46,2026-04-05,TB1552,2026-04-05 10:15:00,2026-04-05 10:31:00,16.0,2026-04-05 10:50:00,2026-04-05 10:59:00,A69 ,164.0,15.49,10.59,4.68,1.78,9.0
46,2026-04-05,TB2632,2026-04-05 09:29:00,2026-04-05 09:09:00,-20.0,2026-04-05 09:35:00,2026-04-05 09:44:00,B9  A,114.0,12.05,9.46,5.72,1.46,9.0
46,2026-04-05,TB2662,2026-04-05 09:15:00,2026-04-05 09:04:00,-11.0,2026-04-05 09:22:00,2026-04-05 09:30:00,B34 A,90.0,15.96,5.64,5.28,1.96,8.0
46,2026-04-05,TG934,2026-04-05 09:21:00,2026-04-05 09:16:00,-5.0,2026-04-05 09:38:00,2026-04-05 09:58:00,B38 A,249.0,15.06,16.54,5.87,1.99,20.0
46,2026-04-05,UA950,2026-04-05 11:22:00,2026-04-05 11:02:00,-20.0,2026-04-05 11:22:00,2026-04-05 11:45:00,B28 A,170.0,10.36,16.41,4.73,1.69,23.0
46,2026-04-05,UA994,2026-04-05 12:51:00,2026-04-05 12:35:00,-16.0,2026-04-05 12:54:00,2026-04-05 13:24:00,B38 A,109.0,11.43,9.54,3.74,3.12,30.0
46,2026-04-05,XR5402,2026-04-05 07:46:00,2026-04-05 08:56:00,70.0,2026-04-05 09:23:00,2026-04-05 09:26:00,B5  A,88.0,13.94,6.31,7.63,1.09,3.0
47,2026-04-05,AC832,2026-04-05 10:17:00,2026-04-05 10:43:00,26.0,2026-04-05 11:00:00,2026-04-05 11:34:00,B14 A,172.0,13.21,13.02,4.66,1.43,34.0
47,2026-04-05,ET750,2026-04-05 11:13:00,2026-04-05 11:34:00,21.0,2026-04-05 12:17:00,2026-04-05 13:03:00,B17 A,464.0,11.65,39.83,5.54,1.52,46.0
47,2026-04-05,FH8116,2026-04-05 12:44:00,2026-04-05 12:48:00,4.0,2026-04-05 13:06:00,2026-04-05 13:13:00,B38 A,140.0,13.05,10.72,5.11,2.28,7.0
47,2026-04-05,LH1004,2026-04-05 11:51:00,2026-04-05 11:47:00,-4.0,2026-04-05 12:07:00,2026-04-05 12:12:00,A43 ,23.0,14.24,1.61,5.37,1.55,5.0
47,2026-04-05,SN1122,2026-04-05 08:39:00,2026-04-05 09:08:00,29.0,2026-04-05 09:20:00,2026-04-05 09:21:00,B40 A,13.0,12.73,1.02,4.79,2.59,1.0
47,2026-04-05,SN1124,2026-04-05 07:10:00,2026-04-05 07:19:00,9.0,2026-04-05 07:32:00,2026-04-05 07:48:00,B30 A,138.0,12.88,10.72,5.3,1.68,16.0
47,2026-04-05,SN206,2026-04-05 06:25:00,2026-04-05 06:48:00,23.0,2026-04-05 07:07:00,2026-04-05 07:30:00,B38 A,154.0,10.22,15.06,6.17,1.89,23.0
47,2026-04-05,SN229,2026-04-05 10:04:00,2026-04-05 10:26:00,22.0,2026-04-05 10:41:00,2026-04-05 11:10:00,B31 A,120.0,9.86,12.16,6.23,1.73,29.0
47,2026-04-05,SN278,2026-04-05 12:46:00,2026-04-05 12:41:00,-5.0,2026-04-05 13:04:00,2026-04-05 13:33:00,B31 A,62.0,12.19,5.09,4.01,2.68,29.0
47,2026-04-05,SN2900,2026-04-05 08:46:00,2026-04-05 08:33:00,-13.0,2026-04-05 08:58:00,2026-04-05 09:02:00,B14 A,79.0,11.77,6.71,4.81,1.39,4.0
47,2026-04-05,SN3326,2026-04-05 11:24:00,2026-04-05 11:41:00,17.0,2026-04-05 12:06:00,2026-04-05 12:12:00,B14 A,111.0,10.37,10.71,5.41,1.23,6.0
47,2026-04-05,SN358,2026-04-05 12:21:00,2026-04-05 12:23:00,2.0,2026-04-05 12:43:00,2026-04-05 13:14:00,B28 A,176.0,13.22,13.31,4.07,1.97,31.0
47,2026-04-05,SN379,2026-04-05 10:10:00,2026-04-05 11:03:00,53.0,2026-04-05 11:42:00,2026-04-05 12:19:00,B29 A,161.0,10.79,14.92,4.91,2.0,37.0
47,2026-04-05,SN3800,2026-04-05 06:15:00,2026-04-05 06:16:00,1.0,2026-04-05 06:28:00,2026-04-05 06:30:00,A65 ,27.0,13.3,2.03,4.24,1.96,2.0
47,2026-04-05,TB1552,2026-04-05 07:15:00,2026-04-05 07:08:00,-7.0,2026-04-05 07:38:00,2026-04-05 07:45:00,A61 ,152.0,13.07,11.63,4.17,2.0,7.0
47,2026-04-05,TB2632,2026-04-05 09:29:00,2026-04-05 09:09:00,-20.0,2026-04-05 09:35:00,2026-04-05 09:44:00,B9  A,114.0,12.23,9.32,4.74,1.76,9.0
47,2026-04-05,TB2662,2026-04-05 09:15:00,2026-04-05 09:04:00,-11.0,2026-04-05 09:22:00,2026-04-05 09:30:00,B34 A,90.0,14.15,6.36,6.3,1.64,8.0
47,2026-04-05,TG934,2026-04-05 09:21:00,2026-04-05 09:16:00,-5.0,2026-04-05 09:38:00,2026-04-05 09:58:00,B38 A,249.0,13.54,18.39,6.34,1.84,20.0
47,2026-04-05,UA950,2026-04-05 10:20:00,2026-04-05 09:58:00,-22.0,2026-04-05 10:24:00,2026-04-05 10:51:00,B40 A,188.0,13.58,13.84,5.24,2.37,27.0
47,2026-04-05,UA994,2026-04-05 10:51:00,2026-04-05 10:01:00,-50.0,2026-04-05 10:18:00,2026-04-05 10:42:00,B38 A,177.0,16.29,10.87,5.17,2.25,24.0
47,2026-04-05,XR5402,2026-04-05 07:46:00,2026-04-05 08:56:00,70.0,2026-04-05 09:23:00,2026-04-05 09:26:00,B5  A,88.0,15.29,5.76,4.75,1.76,3.0
48,2026-04-05,AC832,2026-04-05 09:18:00,2026-04-05 08:45:00,-33.0,2026-04-05 09:06:00,2026-04-05 09:59:00,B28 A,110.0,15.26,7.21,5.87,1.36,53.0
48,2026-04-05,ET750,2026-04-05 11:13:00,2026-04-05 11:34:00,21.0,2026-04-05 12:17:00,2026-04-05 13:03:00,B17 A,464.0,13.83,33.55,5.13,1.64,46.0
48,2026-04-05,FH8116,2026-04-05 06:35:00,2026-04-05 06:00:00,-35.0,2026-04-05 06:07:00,2026-04-05 06:09:00,B15 A,22.0,14.0,1.57,5.22,1.48,2.0
48,2026-04-05,LH1004,2026-04-05 08:50:00,2026-04-05 08:53:00,3.0,2026-04-05 09:06:00,2026-04-05 09:12:00,A43 ,29.0,13.81,2.1,3.85,2.16,6.0
48,2026-04-05,SN1122,2026-04-05 08:39:00,2026-04-05 09:08:00,29.0,2026-04-05 09:20:00,2026-04-05 09:21:00,B40 A,13.0,13.5,0.96,5.25,2.36,1.0
48,2026-04-05,SN1124,2026-04-05 07:10:00,2026-04-05 07:19:00,9.0,2026-04-05 07:32:00,2026-04-05 07:48:00,B30 A,138.0,12.46,11.07,5.56,1.6,16.0
48,2026-04-05,SN206,2026-04-05 06:25:00,2026-04-05 06:48:00,23.0,2026-04-05 07:07:00,2026-04-05 07:30:00,B38 A,154.0,11.06,13.92,5.88,1.98,23.0
48,2026-04-05,SN229,2026-04-05 10:04:00,2026-04-05 10:26:00,22.0,2026-04-05 10:41:00,2026-04-05 11:10:00,B31 A,120.0,9.91,12.11,4.9,2.19,29.0
48,2026-04-05,SN278,2026-04-05 10:45:00,2026-04-05 10:42:00,-3.0,2026-04-05 11:04:00,2026-04-05 11:16:00,B28 A,198.0,12.4,15.97,4.48,1.79,12.0
48,2026-04-05,SN2900,2026-04-05 07:39:00,2026-04-05 07:25:00,-14.0,2026-04-05 07:38:00,2026-04-05 07:53:00,B38 A,55.0,12.42,4.43,4.72,2.47,15.0
48,2026-04-05,SN3326,2026-04-05 07:45:00,2026-04-05 08:05:00,20.0,2026-04-05 08:16:00,2026-04-05 08:36:00,B28 A,123.0,14.64,8.4,5.69,1.41,20.0
48,2026-04-05,SN358,2026-04-05 12:21:00,2026-04-05 12:23:00,2.0,2026-04-05 12:43:00,2026-04-05 13:14:00,B28 A,176.0,11.51,15.29,4.54,1.76,31.0
48,2026-04-05,SN379,2026-04-05 10:10:00,2026-04-05 11:03:00,53.0,2026-04-05 11:42:00,2026-04-05 12:19:00,B29 A,161.0,14.52,11.09,5.34,1.84,37.0
48,2026-04-05,SN3800,2026-04-05 06:15:00,2026-04-05 06:16:00,1.0,2026-04-05 06:28:00,2026-04-05 06:30:00,A65 ,27.0,13.54,1.99,3.74,2.23,2.0
48,2026-04-05,TB1552,2026-04-05 08:29:00,2026-04-05 08:25:00,-4.0,2026-04-05 08:46:00,2026-04-05 08:54:00,A61 ,166.0,11.45,14.5,5.53,1.51,8.0
48,2026-04-05,TB2632,2026-04-05 09:29:00,2026-04-05 09:09:00,-20.0,2026-04-05 09:35:00,2026-04-05 09:44:00,B9  A,114.0,11.48,9.93,5.19,1.6,9.0
48,2026-04-05,TB2662,2026-04-05 09:15:00,2026-04-05 09:04:00,-11.0,2026-04-05 09:22:00,2026-04-05 09:30:00,B34 A,90.0,12.88,6.99,4.63,2.23,8.0
48,2026-04-05,TG934,2026-04-05 09:21:00,2026-04-05 09:16:00,-5.0,2026-04-05 09:38:00,2026-04-05 09:58:00,B38 A,249.0,14.85,16.77,5.61,2.08,20.0
48,2026-04-05,UA950,2026-04-05 09:21:00,2026-04-05 08:45:00,-36.0,2026-04-05 09:03:00,2026-04-05 09:29:00,B5  A,163.0,14.79,11.02,3.78,2.21,26.0
48,2026-04-05,UA994,2026-04-05 12:51:00,2026-04-05 12:35:00,-16.0,2026-04-05 12:54:00,2026-04-05 13:24:00,B38 A,109.0,13.91,7.84,4.44,2.63,30.0
48,2026-04-05,XR5402,2026-04-05 07:46:00,2026-04-05 08:56:00,70.0,2026-04-05 09:23:00,2026-04-05 09:26:00,B5  A,88.0,12.97,6.78,5.25,1.59,3.0
49,2026-04-05,AC832,2026-04-05 08:17:00,2026-04-05 07:46:00,-31.0,2026-04-05 08:02:00,2026-04-05 08:29:00,B30 A,122.0,13.84,8.81,5.31,1.68,27.0
49,2026-04-05,ET750,2026-04-05 11:13:00,2026-04-05 11:34:00,21.0,2026-04-05 12:17:00,2026-04-05 13:03:00,B17 A,464.0,11.68,39.71,5.7,1.48,46.0
49,2026-04-05,FH8116,2026-04-05 06:35:00,2026-04-05 06:00:00,-35.0,2026-04-05 06:07:00,2026-04-05 06:09:00,B15 A,22.0,11.63,1.89,5.78,1.34,2.0
49,2026-04-05,LH1004,2026-04-05 09:50:00,2026-04-05 09:53:00,3.0,2026-04-05 10:20:00,2026-04-05 10:27:00,A43 ,33.0,9.4,3.51,5.14,1.62,7.0
49,2026-04-05,SN1122,2026-04-05 08:39:00,2026-04-05 09:08:00,29.0,2026-04-05 09:20:00,2026-04-05 09:21:00,B40 A,13.0,14.61,0.89,3.68,3.38,1.0
49,2026-04-05,SN1124,2026-04-05 07:10:00,2026-04-05 07:19:00,9.0,2026-04-05 07:32:00,2026-04-05 07:48:00,B30 A,138.0,12.46,11.07,4.93,1.81,16.0
49,2026-04-05,SN206,2026-04-05 06:25:00,2026-04-05 06:48:00,23.0,2026-04-05 07:07:00,2026-04-05 07:30:00,B38 A,154.0,16.24,9.48,4.26,2.74,23.0
49,2026-04-05,SN229,2026-04-05 10:04:00,2026-04-05 10:26:00,22.0,2026-04-05 10:41:00,2026-04-05 11:10:00,B31 A,120.0,12.23,9.81,4.66,2.31,29.0
49,2026-04-05,SN278,2026-04-05 12:46:00,2026-04-05 12:41:00,-5.0,2026-04-05 13:04:00,2026-04-05 13:33:00,B31 A,62.0,14.33,4.33,4.77,2.25,29.0
49,2026-04-05,SN2900,2026-04-05 08:46:00,2026-04-05 08:33:00,-13.0,2026-04-05 08:58:00,2026-04-05 09:02:00,B14 A,79.0,13.36,5.91,4.68,1.42,4.0
49,2026-04-05,SN3326,2026-04-05 07:45:00,2026-04-05 08:05:00,20.0,2026-04-05 08:16:00,2026-04-05 08:36:00,B28 A,123.0,16.35,7.52,5.34,1.5,20.0
49,2026-04-05,SN358,2026-04-05 10:21:00,2026-04-05 11:13:00,52.0,2026-04-05 11:43:00,2026-04-05 12:03:00,B38 A,126.0,11.69,10.78,4.63,2.52,20.0
49,2026-04-05,SN379,2026-04-05 08:11:00,2026-04-05 08:40:00,29.0,2026-04-05 08:59:00,2026-04-05 09:27:00,B28 A,76.0,13.72,5.54,3.94,2.03,28.0
49,2026-04-05,SN3800,2026-04-05 06:15:00,2026-04-05 06:16:00,1.0,2026-04-05 06:28:00,2026-04-05 06:30:00,A65 ,27.0,13.31,2.03,5.24,1.59,2.0
49,2026-04-05,TB1552,2026-04-05 08:29:00,2026-04-05 08:25:00,-4.0,2026-04-05 08:46:00,2026-04-05 08:54:00,A61 ,166.0,12.4,13.39,4.99,1.67,8.0
49,2026-04-05,TB2632,2026-04-05 09:29:00,2026-04-05 09:09:00,-20.0,2026-04-05 09:35:00,2026-04-05 09:44:00,B9  A,114.0,9.82,11.61,4.88,1.71,9.0
49,2026-04-05,TB2662,2026-04-05 09:15:00,2026-04-05 09:04:00,-11.0,2026-04-05 09:22:00,2026-04-05 09:30:00,B34 A,90.0,12.26,7.34,4.75,2.17,8.0
49,2026-04-05,TG934,2026-04-05 09:21:00,2026-04-05 09:16:00,-5.0,2026-04-05 09:38:00,2026-04-05 09:58:00,B38 A,249.0,12.54,19.86,5.88,1.99,20.0
49,2026-04-05,UA950,2026-04-05 09:21:00,2026-04-05 08:45:00,-36.0,2026-04-05 09:03:00,2026-04-05 09:29:00,B5  A,163.0,14.45,11.28,4.26,1.96,26.0
49,2026-04-05,UA994,2026-04-05 08:51:00,2026-04-05 08:32:00,-19.0,2026-04-05 08:52:00,2026-04-05 09:25:00,B40 A,171.0,16.15,10.59,5.03,2.47,33.0
49,2026-04-05,XR5402,2026-04-05 07:46:00,2026-04-05 08:56:00,70.0,2026-04-05 09:23:00,2026-04-05 09:26:00,B5  A,88.0,13.35,6.59,6.71,1.24,3.0
50,2026-04-05,AC832,2026-04-05 10:17:00,2026-04-05 10:43:00,26.0,2026-04-05 11:00:00,2026-04-05 11:34:00,B14 A,172.0,13.71,12.54,4.9,1.36,34.0
50,2026-04-05,ET750,2026-04-05 09:11:00,2026-04-05 09:13:00,2.0,2026-04-05 09:42:00,2026-04-05 10:46:00,B40 A,421.0,16.67,25.25,4.87,2.55,64.0
50,2026-04-05,FH8116,2026-04-05 06:35:00,2026-04-05 06:00:00,-35.0,2026-04-05 06:07:00,2026-04-05 06:09:00,B15 A,22.0,14.79,1.49,3.89,1.99,2.0
50,2026-04-05,LH1004,2026-04-05 09:50:00,2026-04-05 09:53:00,3.0,2026-04-05 10:20:00,2026-04-05 10:27:00,A43 ,33.0,9.58,3.44,5.42,1.54,7.0
50,2026-04-05,SN1122,2026-04-05 08:39:00,2026-04-05 09:08:00,29.0,2026-04-05 09:20:00,2026-04-05 09:21:00,B40 A,13.0,13.97,0.93,4.69,2.65,1.0
50,2026-04-05,SN1124,2026-04-05 07:10:00,2026-04-05 07:19:00,9.0,2026-04-05 07:32:00,2026-04-05 07:48:00,B30 A,138.0,13.44,10.26,4.46,2.0,16.0
50,2026-04-05,SN206,2026-04-05 06:25:00,2026-04-05 06:48:00,23.0,2026-04-05 07:07:00,2026-04-05 07:30:00,B38 A,154.0,14.9,10.34,4.86,2.4,23.0
50,2026-04-05,SN229,2026-04-05 10:04:00,2026-04-05 10:26:00,22.0,2026-04-05 10:41:00,2026-04-05 11:10:00,B31 A,120.0,14.29,8.4,5.17,2.08,29.0
50,2026-04-05,SN278,2026-04-05 12:46:00,2026-04-05 12:41:00,-5.0,2026-04-05 13:04:00,2026-04-05 13:33:00,B31 A,62.0,14.02,4.42,4.77,2.25,29.0
50,2026-04-05,SN2900,2026-04-05 10:44:00,2026-04-05 11:04:00,20.0,2026-04-05 11:13:00,2026-04-05 11:34:00,B32 A,49.0,13.21,3.71,5.22,1.85,21.0
50,2026-04-05,SN3326,2026-04-05 11:24:00,2026-04-05 11:41:00,17.0,2026-04-05 12:06:00,2026-04-05 12:12:00,B14 A,111.0,12.07,9.2,5.81,1.15,6.0
50,2026-04-05,SN358,2026-04-05 11:21:00,2026-04-05 11:29:00,8.0,2026-04-05 11:42:00,2026-04-05 12:06:00,B14 A,177.0,16.27,10.88,4.18,1.6,24.0
50,2026-04-05,SN379,2026-04-05 10:10:00,2026-04-05 11:03:00,53.0,2026-04-05 11:42:00,2026-04-05 12:19:00,B29 A,161.0,8.14,19.79,5.06,1.94,37.0
50,2026-04-05,SN3800,2026-04-05 06:15:00,2026-04-05 06:16:00,1.0,2026-04-05 06:28:00,2026-04-05 06:30:00,A65 ,27.0,11.48,2.35,4.67,1.78,2.0
50,2026-04-05,TB1552,2026-04-05 07:47:00,2026-04-05 07:43:00,-4.0,2026-04-05 07:55:00,2026-04-05 07:59:00,A68 ,66.0,9.89,6.67,5.03,1.66,4.0
50,2026-04-05,TB2632,2026-04-05 09:29:00,2026-04-05 09:09:00,-20.0,2026-04-05 09:35:00,2026-04-05 09:44:00,B9  A,114.0,16.55,6.89,4.7,1.77,9.0
50,2026-04-05,TB2662,2026-04-05 09:15:00,2026-04-05 09:04:00,-11.0,2026-04-05 09:22:00,2026-04-05 09:30:00,B34 A,90.0,12.21,7.37,5.64,1.83,8.0
50,2026-04-05,TG934,2026-04-05 12:22:00,2026-04-05 12:26:00,4.0,2026-04-05 12:46:00,2026-04-05 13:15:00,B34 A,260.0,15.13,17.19,3.97,2.6,29.0
50,2026-04-05,UA950,2026-04-05 12:20:00,2026-04-05 11:58:00,-22.0,2026-04-05 12:14:00,2026-04-05 12:42:00,B37 A,127.0,11.33,11.21,4.41,2.76,28.0
50,2026-04-05,UA994,2026-04-05 12:51:00,2026-04-05 12:35:00,-16.0,2026-04-05 12:54:00,2026-04-05 13:24:00,B38 A,109.0,14.32,7.61,4.13,2.82,30.0
50,2026-04-05,XR5402,2026-04-05 07:46:00,2026-04-05 08:56:00,70.0,2026-04-05 09:23:00,2026-04-05 09:26:00,B5  A,88.0,11.11,7.92,5.68,1.47,3.0
51,2026-04-05,AC832,2026-04-05 08:17:00,2026-04-05 07:46:00,-31.0,2026-04-05 08:02:00,2026-04-05 08:29:00,B30 A,122.0,10.22,11.94,4.97,1.79,27.0
51,2026-04-05,ET750,2026-04-05 11:13:00,2026-04-05 11:34:00,21.0,2026-04-05 12:17:00,2026-04-05 13:03:00,B17 A,464.0,13.36,34.74,4.23,1.99,46.0
51,2026-04-05,FH8116,2026-04-05 06:35:00,2026-04-05 06:00:00,-35.0,2026-04-05 06:07:00,2026-04-05 06:09:00,B15 A,22.0,11.71,1.88,5.28,1.47,2.0
51,2026-04-05,LH1004,2026-04-05 08:50:00,2026-04-05 08:53:00,3.0,2026-04-05 09:06:00,2026-04-05 09:12:00,A43 ,29.0,12.96,2.24,4.46,1.87,6.0
51,2026-04-05,SN1122,2026-04-05 08:39:00,2026-04-05 09:08:00,29.0,2026-04-05 09:20:00,2026-04-05 09:21:00,B40 A,13.0,14.15,0.92,6.07,2.04,1.0
51,2026-04-05,SN1124,2026-04-05 07:10:00,2026-04-05 07:19:00,9.0,2026-04-05 07:32:00,2026-04-05 07:48:00,B30 A,138.0,12.82,10.76,5.53,1.61,16.0
51,2026-04-05,SN206,2026-04-05 06:25:00,2026-04-05 06:48:00,23.0,2026-04-05 07:07:00,2026-04-05 07:30:00,B38 A,154.0,14.33,10.75,5.65,2.07,23.0
51,2026-04-05,SN229,2026-04-05 10:04:00,2026-04-05 10:26:00,22.0,2026-04-05 10:41:00,2026-04-05 11:10:00,B31 A,120.0,12.75,9.41,5.43,1.98,29.0
51,2026-04-05,SN278,2026-04-05 10:45:00,2026-04-05 10:42:00,-3.0,2026-04-05 11:04:00,2026-04-05 11:16:00,B28 A,198.0,12.34,16.05,4.75,1.68,12.0
51,2026-04-05,SN2900,2026-04-05 07:39:00,2026-04-05 07:25:00,-14.0,2026-04-05 07:38:00,2026-04-05 07:53:00,B38 A,55.0,11.94,4.61,5.96,1.96,15.0
51,2026-04-05,SN3326,2026-04-05 11:24:00,2026-04-05 11:41:00,17.0,2026-04-05 12:06:00,2026-04-05 12:12:00,B14 A,111.0,10.55,10.52,4.94,1.35,6.0
51,2026-04-05,SN358,2026-04-05 12:21:00,2026-04-05 12:23:00,2.0,2026-04-05 12:43:00,2026-04-05 13:14:00,B28 A,176.0,10.88,16.17,4.22,1.9,31.0
51,2026-04-05,SN379,2026-04-05 08:11:00,2026-04-05 08:40:00,29.0,2026-04-05 08:59:00,2026-04-05 09:27:00,B28 A,76.0,11.86,6.41,4.46,1.8,28.0
51,2026-04-05,SN3800,2026-04-05 06:15:00,2026-04-05 06:16:00,1.0,2026-04-05 06:28:00,2026-04-05 06:30:00,A65 ,27.0,10.63,2.54,4.92,1.69,2.0
51,2026-04-05,TB1552,2026-04-05 08:29:00,2026-04-05 08:25:00,-4.0,2026-04-05 08:46:00,2026-04-05 08:54:00,A61 ,166.0,14.52,11.44,5.24,1.59,8.0
51,2026-04-05,TB2632,2026-04-05 09:29:00,2026-04-05 09:09:00,-20.0,2026-04-05 09:35:00,2026-04-05 09:44:00,B9  A,114.0,14.68,7.76,4.66,1.79,9.0
51,2026-04-05,TB2662,2026-04-05 09:15:00,2026-04-05 09:04:00,-11.0,2026-04-05 09:22:00,2026-04-05 09:30:00,B34 A,90.0,13.63,6.6,5.52,1.87,8.0
51,2026-04-05,TG934,2026-04-05 09:21:00,2026-04-05 09:16:00,-5.0,2026-04-05 09:38:00,2026-04-05 09:58:00,B38 A,249.0,13.22,18.84,4.47,2.61,20.0
51,2026-04-05,UA950,2026-04-05 12:20:00,2026-04-05 11:58:00,-22.0,2026-04-05 12:14:00,2026-04-05 12:42:00,B37 A,127.0,15.13,8.39,4.79,2.54,28.0
51,2026-04-05,UA994,2026-04-05 12:51:00,2026-04-05 12:35:00,-16.0,2026-04-05 12:54:00,2026-04-05 13:24:00,B38 A,109.0,14.12,7.72,3.96,2.95,30.0
51,2026-04-05,XR5402,2026-04-05 07:46:00,2026-04-05 08:56:00,70.0,2026-04-05 09:23:00,2026-04-05 09:26:00,B5  A,88.0,13.2,6.66,4.11,2.03,3.0
52,2026-04-05,AC832,2026-04-05 11:16:00,2026-04-05 10:39:00,-37.0,2026-04-05 10:54:00,2026-04-05 11:24:00,B5  A,101.0,13.79,7.32,3.79,2.2,30.0
52,2026-04-05,ET750,2026-04-05 11:13:00,2026-04-05 11:34:00,21.0,2026-04-05 12:17:00,2026-04-05 13:03:00,B17 A,464.0,11.95,38.83,4.17,2.02,46.0
52,2026-04-05,FH8116,2026-04-05 06:35:00,2026-04-05 06:00:00,-35.0,2026-04-05 06:07:00,2026-04-05 06:09:00,B15 A,22.0,11.16,1.97,4.57,1.69,2.0
52,2026-04-05,LH1004,2026-04-05 08:50:00,2026-04-05 08:53:00,3.0,2026-04-05 09:06:00,2026-04-05 09:12:00,A43 ,29.0,11.7,2.48,5.33,1.56,6.0
52,2026-04-05,SN1122,2026-04-05 08:39:00,2026-04-05 09:08:00,29.0,2026-04-05 09:20:00,2026-04-05 09:21:00,B40 A,13.0,13.43,0.97,6.62,1.88,1.0
52,2026-04-05,SN1124,2026-04-05 07:10:00,2026-04-05 07:19:00,9.0,2026-04-05 07:32:00,2026-04-05 07:48:00,B30 A,138.0,15.32,9.01,4.66,1.92,16.0
52,2026-04-05,SN206,2026-04-05 06:25:00,2026-04-05 06:48:00,23.0,2026-04-05 07:07:00,2026-04-05 07:30:00,B38 A,154.0,14.74,10.45,4.65,2.51,23.0
52,2026-04-05,SN229,2026-04-05 08:06:00,2026-04-05 09:20:00,74.0,2026-04-05 09:41:00,2026-04-05 10:22:00,B14 A,144.0,11.94,12.06,4.67,1.43,41.0
52,2026-04-05,SN278,2026-04-05 10:45:00,2026-04-05 10:42:00,-3.0,2026-04-05 11:04:00,2026-04-05 11:16:00,B28 A,198.0,13.91,14.23,5.35,1.5,12.0
52,2026-04-05,SN2900,2026-04-05 07:39:00,2026-04-05 07:25:00,-14.0,2026-04-05 07:38:00,2026-04-05 07:53:00,B38 A,55.0,11.22,4.9,4.5,2.59,15.0
52,2026-04-05,SN3326,2026-04-05 11:24:00,2026-04-05 11:41:00,17.0,2026-04-05 12:06:00,2026-04-05 12:12:00,B14 A,111.0,13.39,8.29,5.07,1.31,6.0
52,2026-04-05,SN358,2026-04-05 12:21:00,2026-04-05 12:23:00,2.0,2026-04-05 12:43:00,2026-04-05 13:14:00,B28 A,176.0,13.58,12.96,5.31,1.51,31.0
52,2026-04-05,SN379,2026-04-05 08:11:00,2026-04-05 08:40:00,29.0,2026-04-05 08:59:00,2026-04-05 09:27:00,B28 A,76.0,13.16,5.77,5.43,1.47,28.0
52,2026-04-05,SN3800,2026-04-05 06:15:00,2026-04-05 06:16:00,1.0,2026-04-05 06:28:00,2026-04-05 06:30:00,A65 ,27.0,14.99,1.8,6.57,1.27,2.0
52,2026-04-05,TB1552,2026-04-05 07:15:00,2026-04-05 07:08:00,-7.0,2026-04-05 07:38:00,2026-04-05 07:45:00,A61 ,152.0,12.69,11.98,5.11,1.63,7.0
52,2026-04-05,TB2632,2026-04-05 09:29:00,2026-04-05 09:09:00,-20.0,2026-04-05 09:35:00,2026-04-05 09:44:00,B9  A,114.0,11.99,9.51,4.74,1.76,9.0
52,2026-04-05,TB2662,2026-04-05 09:15:00,2026-04-05 09:04:00,-11.0,2026-04-05 09:22:00,2026-04-05 09:30:00,B34 A,90.0,10.51,8.56,4.28,2.41,8.0
52,2026-04-05,TG934,2026-04-05 12:22:00,2026-04-05 12:26:00,4.0,2026-04-05 12:46:00,2026-04-05 13:15:00,B34 A,260.0,15.33,16.96,5.8,1.78,29.0
52,2026-04-05,UA950,2026-04-05 10:20:00,2026-04-05 09:58:00,-22.0,2026-04-05 10:24:00,2026-04-05 10:51:00,B40 A,188.0,13.19,14.25,4.57,2.72,27.0
52,2026-04-05,UA994,2026-04-05 11:51:00,2026-04-05 11:37:00,-14.0,2026-04-05 11:55:00,2026-04-05 12:25:00,B40 A,157.0,13.24,11.86,4.88,2.55,30.0
52,2026-04-05,XR5402,2026-04-05 07:46:00,2026-04-05 08:56:00,70.0,2026-04-05 09:23:00,2026-04-05 09:26:00,B5  A,88.0,11.75,7.49,4.34,1.92,3.0
53,2026-04-05,AC832,2026-04-05 09:18:00,2026-04-05 08:45:00,-33.0,2026-04-05 09:06:00,2026-04-05 09:59:00,B28 A,110.0,13.17,8.35,5.67,1.41,53.0
53,2026-04-05,ET750,2026-04-05 11:13:00,2026-04-05 11:34:00,21.0,2026-04-05 12:17:00,2026-04-05 13:03:00,B17 A,464.0,14.19,32.71,4.69,1.79,46.0
53,2026-04-05,FH8116,2026-04-05 06:35:00,2026-04-05 06:00:00,-35.0,2026-04-05 06:07:00,2026-04-05 06:09:00,B15 A,22.0,11.44,1.92,5.79,1.33,2.0
53,2026-04-05,LH1004,2026-04-05 11:51:00,2026-04-05 11:47:00,-4.0,2026-04-05 12:07:00,2026-04-05 12:12:00,A43 ,23.0,11.94,1.93,5.08,1.64,5.0
53,2026-04-05,SN1122,2026-04-05 08:39:00,2026-04-05 09:08:00,29.0,2026-04-05 09:20:00,2026-04-05 09:21:00,B40 A,13.0,15.08,0.86,5.39,2.3,1.0
53,2026-04-05,SN1124,2026-04-05 07:10:00,2026-04-05 07:19:00,9.0,2026-04-05 07:32:00,2026-04-05 07:48:00,B30 A,138.0,13.65,10.11,4.8,1.86,16.0
53,2026-04-05,SN206,2026-04-05 06:25:00,2026-04-05 06:48:00,23.0,2026-04-05 07:07:00,2026-04-05 07:30:00,B38 A,154.0,13.74,11.2,5.26,2.22,23.0
53,2026-04-05,SN229,2026-04-05 12:06:00,2026-04-05 12:12:00,6.0,2026-04-05 12:39:00,2026-04-05 13:03:00,B28 A,20.0,12.55,1.59,6.76,1.18,24.0
53,2026-04-05,SN278,2026-04-05 12:46:00,2026-04-05 12:41:00,-5.0,2026-04-05 13:04:00,2026-04-05 13:33:00,B31 A,62.0,10.67,5.81,4.68,2.3,29.0
53,2026-04-05,SN2900,2026-04-05 07:39:00,2026-04-05 07:25:00,-14.0,2026-04-05 07:38:00,2026-04-05 07:53:00,B38 A,55.0,9.12,6.03,4.95,2.36,15.0
53,2026-04-05,SN3326,2026-04-05 11:24:00,2026-04-05 11:41:00,17.0,2026-04-05 12:06:00,2026-04-05 12:12:00,B14 A,111.0,11.64,9.54,6.88,0.97,6.0
53,2026-04-05,SN358,2026-04-05 12:21:00,2026-04-05 12:23:00,2.0,2026-04-05 12:43:00,2026-04-05 13:14:00,B28 A,176.0,11.66,15.09,6.21,1.29,31.0
53,2026-04-05,SN379,2026-04-05 10:10:00,2026-04-05 11:03:00,53.0,2026-04-05 11:42:00,2026-04-05 12:19:00,B29 A,161.0,13.43,11.98,4.78,2.06,37.0
53,2026-04-05,SN3800,2026-04-05 06:15:00,2026-04-05 06:16:00,1.0,2026-04-05 06:28:00,2026-04-05 06:30:00,A65 ,27.0,13.4,2.01,4.83,1.72,2.0
53,2026-04-05,TB1552,2026-04-05 10:15:00,2026-04-05 10:31:00,16.0,2026-04-05 10:50:00,2026-04-05 10:59:00,A69 ,164.0,12.13,13.52,5.16,1.61,9.0
53,2026-04-05,TB2632,2026-04-05 09:29:00,2026-04-05 09:09:00,-20.0,2026-04-05 09:35:00,2026-04-05 09:44:00,B9  A,114.0,9.33,12.22,5.24,1.59,9.0
53,2026-04-05,TB2662,2026-04-05 09:15:00,2026-04-05 09:04:00,-11.0,2026-04-05 09:22:00,2026-04-05 09:30:00,B34 A,90.0,15.5,5.8,6.46,1.6,8.0
53,2026-04-05,TG934,2026-04-05 12:22:00,2026-04-05 12:26:00,4.0,2026-04-05 12:46:00,2026-04-05 13:15:00,B34 A,260.0,14.59,17.81,5.43,1.9,29.0
53,2026-04-05,UA950,2026-04-05 11:22:00,2026-04-05 11:02:00,-20.0,2026-04-05 11:22:00,2026-04-05 11:45:00,B28 A,170.0,13.28,12.81,3.86,2.07,23.0
53,2026-04-05,UA994,2026-04-05 08:51:00,2026-04-05 08:32:00,-19.0,2026-04-05 08:52:00,2026-04-05 09:25:00,B40 A,171.0,11.73,14.57,4.54,2.74,33.0
53,2026-04-05,XR5402,2026-04-05 07:46:00,2026-04-05 08:56:00,70.0,2026-04-05 09:23:00,2026-04-05 09:26:00,B5  A,88.0,13.18,6.68,6.43,1.3,3.0
54,2026-04-05,AC832,2026-04-05 09:18:00,2026-04-05 08:45:00,-33.0,2026-04-05 09:06:00,2026-04-05 09:59:00,B28 A,110.0,10.44,10.54,5.09,1.57,53.0
54,2026-04-05,ET750,2026-04-05 11:13:00,2026-04-05 11:34:00,21.0,2026-04-05 12:17:00,2026-04-05 13:03:00,B17 A,464.0,14.78,31.39,5.2,1.62,46.0
54,2026-04-05,FH8116,2026-04-05 12:44:00,2026-04-05 12:48:00,4.0,2026-04-05 13:06:00,2026-04-05 13:13:00,B38 A,140.0,11.28,12.41,3.81,3.06,7.0
54,2026-04-05,LH1004,2026-04-05 09:50:00,2026-04-05 09:53:00,3.0,2026-04-05 10:20:00,2026-04-05 10:27:00,A43 ,33.0,9.73,3.39,3.56,2.34,7.0
54,2026-04-05,SN1122,2026-04-05 08:39:00,2026-04-05 09:08:00,29.0,2026-04-05 09:20:00,2026-04-05 09:21:00,B40 A,13.0,12.56,1.03,4.05,3.07,1.0
54,2026-04-05,SN1124,2026-04-05 07:10:00,2026-04-05 07:19:00,9.0,2026-04-05 07:32:00,2026-04-05 07:48:00,B30 A,138.0,14.21,9.71,4.73,1.89,16.0
54,2026-04-05,SN206,2026-04-05 06:25:00,2026-04-05 06:48:00,23.0,2026-04-05 07:07:00,2026-04-05 07:30:00,B38 A,154.0,12.09,12.74,5.46,2.14,23.0
54,2026-04-05,SN229,2026-04-05 12:06:00,2026-04-05 12:12:00,6.0,2026-04-05 12:39:00,2026-04-05 13:03:00,B28 A,20.0,12.35,1.62,4.11,1.95,24.0
54,2026-04-05,SN278,2026-04-05 12:46:00,2026-04-05 12:41:00,-5.0,2026-04-05 13:04:00,2026-04-05 13:33:00,B31 A,62.0,13.1,4.73,5.65,1.9,29.0
54,2026-04-05,SN2900,2026-04-05 10:44:00,2026-04-05 11:04:00,20.0,2026-04-05 11:13:00,2026-04-05 11:34:00,B32 A,49.0,13.14,3.73,3.96,2.44,21.0
54,2026-04-05,SN3326,2026-04-05 07:45:00,2026-04-05 08:05:00,20.0,2026-04-05 08:16:00,2026-04-05 08:36:00,B28 A,123.0,13.53,9.09,4.69,1.71,20.0
54,2026-04-05,SN358,2026-04-05 10:21:00,2026-04-05 11:13:00,52.0,2026-04-05 11:43:00,2026-04-05 12:03:00,B38 A,126.0,11.57,10.89,4.75,2.46,20.0
54,2026-04-05,SN379,2026-04-05 08:11:00,2026-04-05 08:40:00,29.0,2026-04-05 08:59:00,2026-04-05 09:27:00,B28 A,76.0,15.33,4.96,5.39,1.49,28.0
54,2026-04-05,SN3800,2026-04-05 06:15:00,2026-04-05 06:16:00,1.0,2026-04-05 06:28:00,2026-04-05 06:30:00,A65 ,27.0,12.39,2.18,5.15,1.62,2.0
54,2026-04-05,TB1552,2026-04-05 08:29:00,2026-04-05 08:25:00,-4.0,2026-04-05 08:46:00,2026-04-05 08:54:00,A61 ,166.0,13.3,12.48,5.79,1.44,8.0
54,2026-04-05,TB2632,2026-04-05 09:29:00,2026-04-05 09:09:00,-20.0,2026-04-05 09:35:00,2026-04-05 09:44:00,B9  A,114.0,12.49,9.13,5.01,1.66,9.0
54,2026-04-05,TB2662,2026-04-05 09:15:00,2026-04-05 09:04:00,-11.0,2026-04-05 09:22:00,2026-04-05 09:30:00,B34 A,90.0,12.16,7.4,5.53,1.87,8.0
54,2026-04-05,TG934,2026-04-05 12:22:00,2026-04-05 12:26:00,4.0,2026-04-05 12:46:00,2026-04-05 13:15:00,B34 A,260.0,15.22,17.09,4.11,2.52,29.0
54,2026-04-05,UA950,2026-04-05 09:21:00,2026-04-05 08:45:00,-36.0,2026-04-05 09:03:00,2026-04-05 09:29:00,B5  A,163.0,11.73,13.9,4.85,1.72,26.0
54,2026-04-05,UA994,2026-04-05 09:51:00,2026-04-05 11:28:00,97.0,2026-04-05 11:44:00,2026-04-05 12:09:00,B40 A,135.0,15.16,8.91,5.09,2.44,25.0
54,2026-04-05,XR5402,2026-04-05 07:46:00,2026-04-05 08:56:00,70.0,2026-04-05 09:23:00,2026-04-05 09:26:00,B5  A,88.0,13.11,6.71,5.15,1.62,3.0
55,2026-04-05,AC832,2026-04-05 08:17:00,2026-04-05 07:46:00,-31.0,2026-04-05 08:02:00,2026-04-05 08:29:00,B30 A,122.0,13.48,9.05,4.71,1.89,27.0
55,2026-04-05,ET750,2026-04-05 11:13:00,2026-04-05 11:34:00,21.0,2026-04-05 12:17:00,2026-04-05 13:03:00,B17 A,464.0,14.26,32.53,5.23,1.61,46.0
55,2026-04-05,FH8116,2026-04-05 12:44:00,2026-04-05 12:48:00,4.0,2026-04-05 13:06:00,2026-04-05 13:13:00,B38 A,140.0,11.8,11.86,5.96,1.96,7.0
55,2026-04-05,LH1004,2026-04-05 12:50:00,2026-04-05 12:50:00,0.0,2026-04-05 13:03:00,2026-04-05 13:30:00,A43 ,40.0,13.66,2.93,5.01,1.66,27.0
55,2026-04-05,SN1122,2026-04-05 08:39:00,2026-04-05 09:08:00,29.0,2026-04-05 09:20:00,2026-04-05 09:21:00,B40 A,13.0,15.45,0.84,4.23,2.94,1.0
55,2026-04-05,SN1124,2026-04-05 07:10:00,2026-04-05 07:19:00,9.0,2026-04-05 07:32:00,2026-04-05 07:48:00,B30 A,138.0,13.97,9.88,3.57,2.5,16.0
55,2026-04-05,SN206,2026-04-05 06:25:00,2026-04-05 06:48:00,23.0,2026-04-05 07:07:00,2026-04-05 07:30:00,B38 A,154.0,11.17,13.78,5.65,2.07,23.0
55,2026-04-05,SN229,2026-04-05 10:04:00,2026-04-05 10:26:00,22.0,2026-04-05 10:41:00,2026-04-05 11:10:00,B31 A,120.0,14.86,8.08,4.05,2.65,29.0
55,2026-04-05,SN278,2026-04-05 12:46:00,2026-04-05 12:41:00,-5.0,2026-04-05 13:04:00,2026-04-05 13:33:00,B31 A,62.0,11.88,5.22,7.35,1.46,29.0
55,2026-04-05,SN2900,2026-04-05 10:44:00,2026-04-05 11:04:00,20.0,2026-04-05 11:13:00,2026-04-05 11:34:00,B32 A,49.0,12.16,4.03,5.04,1.92,21.0
55,2026-04-05,SN3326,2026-04-05 07:45:00,2026-04-05 08:05:00,20.0,2026-04-05 08:16:00,2026-04-05 08:36:00,B28 A,123.0,15.02,8.19,6.51,1.23,20.0
55,2026-04-05,SN358,2026-04-05 08:21:00,2026-04-05 08:24:00,3.0,2026-04-05 08:42:00,2026-04-05 09:09:00,B14 A,112.0,11.46,9.77,4.71,1.42,27.0
55,2026-04-05,SN379,2026-04-05 10:10:00,2026-04-05 11:03:00,53.0,2026-04-05 11:42:00,2026-04-05 12:19:00,B29 A,161.0,14.9,10.8,3.93,2.5,37.0
55,2026-04-05,SN3800,2026-04-05 06:15:00,2026-04-05 06:16:00,1.0,2026-04-05 06:28:00,2026-04-05 06:30:00,A65 ,27.0,14.27,1.89,5.01,1.66,2.0
55,2026-04-05,TB1552,2026-04-05 07:47:00,2026-04-05 07:43:00,-4.0,2026-04-05 07:55:00,2026-04-05 07:59:00,A68 ,66.0,13.71,4.81,4.33,1.93,4.0
55,2026-04-05,TB2632,2026-04-05 09:29:00,2026-04-05 09:09:00,-20.0,2026-04-05 09:35:00,2026-04-05 09:44:00,B9  A,114.0,15.1,7.55,3.78,2.2,9.0
55,2026-04-05,TB2662,2026-04-05 09:15:00,2026-04-05 09:04:00,-11.0,2026-04-05 09:22:00,2026-04-05 09:30:00,B34 A,90.0,11.02,8.16,5.91,1.75,8.0
55,2026-04-05,TG934,2026-04-05 09:21:00,2026-04-05 09:16:00,-5.0,2026-04-05 09:38:00,2026-04-05 09:58:00,B38 A,249.0,14.19,17.55,4.89,2.39,20.0
55,2026-04-05,UA950,2026-04-05 11:22:00,2026-04-05 11:02:00,-20.0,2026-04-05 11:22:00,2026-04-05 11:45:00,B28 A,170.0,10.38,16.37,5.41,1.48,23.0
55,2026-04-05,UA994,2026-04-05 08:51:00,2026-04-05 08:32:00,-19.0,2026-04-05 08:52:00,2026-04-05 09:25:00,B40 A,171.0,13.64,12.54,4.34,2.86,33.0
55,2026-04-05,XR5402,2026-04-05 07:46:00,2026-04-05 08:56:00,70.0,2026-04-05 09:23:00,2026-04-05 09:26:00,B5  A,88.0,11.38,7.73,4.18,1.99,3.0
56,2026-04-05,AC832,2026-04-05 12:18:00,2026-04-05 11:38:00,-40.0,2026-04-05 11:54:00,2026-04-05 12:17:00,B30 A,100.0,13.16,7.6,4.92,1.81,23.0
56,2026-04-05,ET750,2026-04-05 11:13:00,2026-04-05 11:34:00,21.0,2026-04-05 12:17:00,2026-04-05 13:03:00,B17 A,464.0,16.08,28.85,3.98,2.11,46.0
56,2026-04-05,FH8116,2026-04-05 06:35:00,2026-04-05 06:00:00,-35.0,2026-04-05 06:07:00,2026-04-05 06:09:00,B15 A,22.0,14.14,1.56,4.99,1.55,2.0
56,2026-04-05,LH1004,2026-04-05 11:51:00,2026-04-05 11:47:00,-4.0,2026-04-05 12:07:00,2026-04-05 12:12:00,A43 ,23.0,9.84,2.34,5.51,1.51,5.0
56,2026-04-05,SN1122,2026-04-05 08:39:00,2026-04-05 09:08:00,29.0,2026-04-05 09:20:00,2026-04-05 09:21:00,B40 A,13.0,12.69,1.02,4.5,2.76,1.0
56,2026-04-05,SN1124,2026-04-05 07:10:00,2026-04-05 07:19:00,9.0,2026-04-05 07:32:00,2026-04-05 07:48:00,B30 A,138.0,14.26,9.68,6.03,1.48,16.0
56,2026-04-05,SN206,2026-04-05 06:25:00,2026-04-05 06:48:00,23.0,2026-04-05 07:07:00,2026-04-05 07:30:00,B38 A,154.0,12.39,12.43,4.59,2.54,23.0
56,2026-04-05,SN229,2026-04-05 10:04:00,2026-04-05 10:26:00,22.0,2026-04-05 10:41:00,2026-04-05 11:10:00,B31 A,120.0,15.69,7.65,4.13,2.61,29.0
56,2026-04-05,SN278,2026-04-05 10:45:00,2026-04-05 10:42:00,-3.0,2026-04-05 11:04:00,2026-04-05 11:16:00,B28 A,198.0,12.88,15.37,4.24,1.89,12.0
56,2026-04-05,SN2900,2026-04-05 07:39:00,2026-04-05 07:25:00,-14.0,2026-04-05 07:38:00,2026-04-05 07:53:00,B38 A,55.0,10.99,5.0,5.01,2.33,15.0
56,2026-04-05,SN3326,2026-04-05 11:24:00,2026-04-05 11:41:00,17.0,2026-04-05 12:06:00,2026-04-05 12:12:00,B14 A,111.0,12.82,8.66,5.35,1.25,6.0
56,2026-04-05,SN358,2026-04-05 12:21:00,2026-04-05 12:23:00,2.0,2026-04-05 12:43:00,2026-04-05 13:14:00,B28 A,176.0,12.92,13.62,3.92,2.04,31.0
56,2026-04-05,SN379,2026-04-05 10:10:00,2026-04-05 11:03:00,53.0,2026-04-05 11:42:00,2026-04-05 12:19:00,B29 A,161.0,13.52,11.91,3.96,2.49,37.0
56,2026-04-05,SN3800,2026-04-05 06:15:00,2026-04-05 06:16:00,1.0,2026-04-05 06:28:00,2026-04-05 06:30:00,A65 ,27.0,13.75,1.96,4.81,1.73,2.0
56,2026-04-05,TB1552,2026-04-05 07:15:00,2026-04-05 07:08:00,-7.0,2026-04-05 07:38:00,2026-04-05 07:45:00,A61 ,152.0,11.6,13.1,5.3,1.57,7.0
56,2026-04-05,TB2632,2026-04-05 09:29:00,2026-04-05 09:09:00,-20.0,2026-04-05 09:35:00,2026-04-05 09:44:00,B9  A,114.0,13.68,8.34,5.76,1.45,9.0
56,2026-04-05,TB2662,2026-04-05 09:15:00,2026-04-05 09:04:00,-11.0,2026-04-05 09:22:00,2026-04-05 09:30:00,B34 A,90.0,10.22,8.8,5.81,1.78,8.0
56,2026-04-05,TG934,2026-04-05 09:21:00,2026-04-05 09:16:00,-5.0,2026-04-05 09:38:00,2026-04-05 09:58:00,B38 A,249.0,14.99,16.61,5.19,2.25,20.0
56,2026-04-05,UA950,2026-04-05 09:21:00,2026-04-05 08:45:00,-36.0,2026-04-05 09:03:00,2026-04-05 09:29:00,B5  A,163.0,13.78,11.82,5.11,1.63,26.0
56,2026-04-05,UA994,2026-04-05 11:51:00,2026-04-05 11:37:00,-14.0,2026-04-05 11:55:00,2026-04-05 12:25:00,B40 A,157.0,14.42,10.89,4.61,2.69,30.0
56,2026-04-05,XR5402,2026-04-05 07:46:00,2026-04-05 08:56:00,70.0,2026-04-05 09:23:00,2026-04-05 09:26:00,B5  A,88.0,12.63,6.97,4.86,1.72,3.0
57,2026-04-05,AC832,2026-04-05 08:17:00,2026-04-05 07:46:00,-31.0,2026-04-05 08:02:00,2026-04-05 08:29:00,B30 A,122.0,12.01,10.15,3.81,2.34,27.0
57,2026-04-05,ET750,2026-04-05 11:13:00,2026-04-05 11:34:00,21.0,2026-04-05 12:17:00,2026-04-05 13:03:00,B17 A,464.0,13.83,33.54,5.4,1.56,46.0
57,2026-04-05,FH8116,2026-04-05 06:35:00,2026-04-05 06:00:00,-35.0,2026-04-05 06:07:00,2026-04-05 06:09:00,B15 A,22.0,11.19,1.97,7.23,1.07,2.0
57,2026-04-05,LH1004,2026-04-05 08:50:00,2026-04-05 08:53:00,3.0,2026-04-05 09:06:00,2026-04-05 09:12:00,A43 ,29.0,14.46,2.01,5.61,1.49,6.0
57,2026-04-05,SN1122,2026-04-05 08:39:00,2026-04-05 09:08:00,29.0,2026-04-05 09:20:00,2026-04-05 09:21:00,B40 A,13.0,13.11,0.99,4.15,2.99,1.0
57,2026-04-05,SN1124,2026-04-05 07:10:00,2026-04-05 07:19:00,9.0,2026-04-05 07:32:00,2026-04-05 07:48:00,B30 A,138.0,12.43,11.1,5.53,1.61,16.0
57,2026-04-05,SN206,2026-04-05 06:25:00,2026-04-05 06:48:00,23.0,2026-04-05 07:07:00,2026-04-05 07:30:00,B38 A,154.0,13.08,11.77,5.03,2.32,23.0
57,2026-04-05,SN229,2026-04-05 08:06:00,2026-04-05 09:20:00,74.0,2026-04-05 09:41:00,2026-04-05 10:22:00,B14 A,144.0,12.63,11.4,5.4,1.23,41.0
57,2026-04-05,SN278,2026-04-05 12:46:00,2026-04-05 12:41:00,-5.0,2026-04-05 13:04:00,2026-04-05 13:33:00,B31 A,62.0,11.43,5.42,5.29,2.03,29.0
57,2026-04-05,SN2900,2026-04-05 07:39:00,2026-04-05 07:25:00,-14.0,2026-04-05 07:38:00,2026-04-05 07:53:00,B38 A,55.0,12.75,4.31,7.33,1.59,15.0
57,2026-04-05,SN3326,2026-04-05 07:45:00,2026-04-05 08:05:00,20.0,2026-04-05 08:16:00,2026-04-05 08:36:00,B28 A,123.0,14.19,8.67,4.67,1.71,20.0
57,2026-04-05,SN358,2026-04-05 11:21:00,2026-04-05 11:29:00,8.0,2026-04-05 11:42:00,2026-04-05 12:06:00,B14 A,177.0,16.55,10.7,4.18,1.6,24.0
57,2026-04-05,SN379,2026-04-05 08:11:00,2026-04-05 08:40:00,29.0,2026-04-05 08:59:00,2026-04-05 09:27:00,B28 A,76.0,14.39,5.28,5.7,1.4,28.0
57,2026-04-05,SN3800,2026-04-05 06:15:00,2026-04-05 06:16:00,1.0,2026-04-05 06:28:00,2026-04-05 06:30:00,A65 ,27.0,12.25,2.2,6.88,1.21,2.0
57,2026-04-05,TB1552,2026-04-05 10:15:00,2026-04-05 10:31:00,16.0,2026-04-05 10:50:00,2026-04-05 10:59:00,A69 ,164.0,11.26,14.57,3.47,2.4,9.0
57,2026-04-05,TB2632,2026-04-05 09:29:00,2026-04-05 09:09:00,-20.0,2026-04-05 09:35:00,2026-04-05 09:44:00,B9  A,114.0,13.3,8.57,4.16,2.0,9.0
57,2026-04-05,TB2662,2026-04-05 09:15:00,2026-04-05 09:04:00,-11.0,2026-04-05 09:22:00,2026-04-05 09:30:00,B34 A,90.0,12.31,7.31,4.35,2.38,8.0
57,2026-04-05,TG934,2026-04-05 09:21:00,2026-04-05 09:16:00,-5.0,2026-04-05 09:38:00,2026-04-05 09:58:00,B38 A,249.0,16.43,15.15,5.0,2.34,20.0
57,2026-04-05,UA950,2026-04-05 11:22:00,2026-04-05 11:02:00,-20.0,2026-04-05 11:22:00,2026-04-05 11:45:00,B28 A,170.0,11.39,14.93,4.37,1.83,23.0
57,2026-04-05,UA994,2026-04-05 09:51:00,2026-04-05 11:28:00,97.0,2026-04-05 11:44:00,2026-04-05 12:09:00,B40 A,135.0,11.31,11.94,4.88,2.54,25.0
57,2026-04-05,XR5402,2026-04-05 07:46:00,2026-04-05 08:56:00,70.0,2026-04-05 09:23:00,2026-04-05 09:26:00,B5  A,88.0,10.37,8.49,5.18,1.61,3.0
58,2026-04-05,AC832,2026-04-05 12:18:00,2026-04-05 11:38:00,-40.0,2026-04-05 11:54:00,2026-04-05 12:17:00,B30 A,100.0,11.16,8.96,7.64,1.17,23.0
58,2026-04-05,ET750,2026-04-05 11:13:00,2026-04-05 11:34:00,21.0,2026-04-05 12:17:00,2026-04-05 13:03:00,B17 A,464.0,16.12,28.79,4.43,1.9,46.0
58,2026-04-05,FH8116,2026-04-05 12:44:00,2026-04-05 12:48:00,4.0,2026-04-05 13:06:00,2026-04-05 13:13:00,B38 A,140.0,9.9,14.14,6.46,1.81,7.0
58,2026-04-05,LH1004,2026-04-05 09:50:00,2026-04-05 09:53:00,3.0,2026-04-05 10:20:00,2026-04-05 10:27:00,A43 ,33.0,10.06,3.28,5.29,1.57,7.0
58,2026-04-05,SN1122,2026-04-05 08:39:00,2026-04-05 09:08:00,29.0,2026-04-05 09:20:00,2026-04-05 09:21:00,B40 A,13.0,11.6,1.12,5.37,2.31,1.0
58,2026-04-05,SN1124,2026-04-05 07:10:00,2026-04-05 07:19:00,9.0,2026-04-05 07:32:00,2026-04-05 07:48:00,B30 A,138.0,12.44,11.09,5.88,1.52,16.0
58,2026-04-05,SN206,2026-04-05 06:25:00,2026-04-05 06:48:00,23.0,2026-04-05 07:07:00,2026-04-05 07:30:00,B38 A,154.0,12.9,11.93,4.98,2.34,23.0
58,2026-04-05,SN229,2026-04-05 12:06:00,2026-04-05 12:12:00,6.0,2026-04-05 12:39:00,2026-04-05 13:03:00,B28 A,20.0,11.71,1.71,5.96,1.34,24.0
58,2026-04-05,SN278,2026-04-05 12:46:00,2026-04-05 12:41:00,-5.0,2026-04-05 13:04:00,2026-04-05 13:33:00,B31 A,62.0,13.44,4.61,5.34,2.01,29.0
58,2026-04-05,SN2900,2026-04-05 08:46:00,2026-04-05 08:33:00,-13.0,2026-04-05 08:58:00,2026-04-05 09:02:00,B14 A,79.0,12.64,6.25,4.95,1.35,4.0
58,2026-04-05,SN3326,2026-04-05 07:45:00,2026-04-05 08:05:00,20.0,2026-04-05 08:16:00,2026-04-05 08:36:00,B28 A,123.0,13.4,9.18,5.22,1.53,20.0
58,2026-04-05,SN358,2026-04-05 10:21:00,2026-04-05 11:13:00,52.0,2026-04-05 11:43:00,2026-04-05 12:03:00,B38 A,126.0,11.19,11.26,5.83,2.0,20.0
58,2026-04-05,SN379,2026-04-05 08:11:00,2026-04-05 08:40:00,29.0,2026-04-05 08:59:00,2026-04-05 09:27:00,B28 A,76.0,12.77,5.95,5.46,1.46,28.0
58,2026-04-05,SN3800,2026-04-05 06:15:00,2026-04-05 06:16:00,1.0,2026-04-05 06:28:00,2026-04-05 06:30:00,A65 ,27.0,13.55,1.99,5.15,1.62,2.0
58,2026-04-05,TB1552,2026-04-05 07:47:00,2026-04-05 07:43:00,-4.0,2026-04-05 07:55:00,2026-04-05 07:59:00,A68 ,66.0,14.99,4.4,4.81,1.73,4.0
58,2026-04-05,TB2632,2026-04-05 09:29:00,2026-04-05 09:09:00,-20.0,2026-04-05 09:35:00,2026-04-05 09:44:00,B9  A,114.0,14.29,7.98,4.05,2.06,9.0
58,2026-04-05,TB2662,2026-04-05 09:15:00,2026-04-05 09:04:00,-11.0,2026-04-05 09:22:00,2026-04-05 09:30:00,B34 A,90.0,11.09,8.12,3.6,2.87,8.0
58,2026-04-05,TG934,2026-04-05 09:21:00,2026-04-05 09:16:00,-5.0,2026-04-05 09:38:00,2026-04-05 09:58:00,B38 A,249.0,14.49,17.18,4.57,2.55,20.0
58,2026-04-05,UA950,2026-04-05 10:20:00,2026-04-05 09:58:00,-22.0,2026-04-05 10:24:00,2026-04-05 10:51:00,B40 A,188.0,12.14,15.49,6.17,2.01,27.0
58,2026-04-05,UA994,2026-04-05 08:51:00,2026-04-05 08:32:00,-19.0,2026-04-05 08:52:00,2026-04-05 09:25:00,B40 A,171.0,13.03,13.13,5.97,2.08,33.0
58,2026-04-05,XR5402,2026-04-05 07:46:00,2026-04-05 08:56:00,70.0,2026-04-05 09:23:00,2026-04-05 09:26:00,B5  A,88.0,11.16,7.89,4.47,1.86,3.0
59,2026-04-05,AC832,2026-04-05 11:16:00,2026-04-05 10:39:00,-37.0,2026-04-05 10:54:00,2026-04-05 11:24:00,B5  A,101.0,13.19,7.65,4.0,2.08,30.0
59,2026-04-05,ET750,2026-04-05 11:13:00,2026-04-05 11:34:00,21.0,2026-04-05 12:17:00,2026-04-05 13:03:00,B17 A,464.0,11.85,39.15,3.42,2.46,46.0
59,2026-04-05,FH8116,2026-04-05 12:44:00,2026-04-05 12:48:00,4.0,2026-04-05 13:06:00,2026-04-05 13:13:00,B38 A,140.0,14.48,9.67,4.69,2.49,7.0
59,2026-04-05,LH1004,2026-04-05 09:50:00,2026-04-05 09:53:00,3.0,2026-04-05 10:20:00,2026-04-05 10:27:00,A43 ,33.0,11.45,2.88,4.71,1.77,7.0
59,2026-04-05,SN1122,2026-04-05 08:39:00,2026-04-05 09:08:00,29.0,2026-04-05 09:20:00,2026-04-05 09:21:00,B40 A,13.0,10.75,1.21,4.17,2.97,1.0
59,2026-04-05,SN1124,2026-04-05 07:10:00,2026-04-05 07:19:00,9.0,2026-04-05 07:32:00,2026-04-05 07:48:00,B30 A,138.0,14.08,9.8,4.03,2.21,16.0
59,2026-04-05,SN206,2026-04-05 06:25:00,2026-04-05 06:48:00,23.0,2026-04-05 07:07:00,2026-04-05 07:30:00,B38 A,154.0,12.17,12.65,5.95,1.96,23.0
59,2026-04-05,SN229,2026-04-05 08:06:00,2026-04-05 09:20:00,74.0,2026-04-05 09:41:00,2026-04-05 10:22:00,B14 A,144.0,14.34,10.05,4.4,1.52,41.0
59,2026-04-05,SN278,2026-04-05 10:45:00,2026-04-05 10:42:00,-3.0,2026-04-05 11:04:00,2026-04-05 11:16:00,B28 A,198.0,9.79,20.23,5.42,1.47,12.0
59,2026-04-05,SN2900,2026-04-05 08:46:00,2026-04-05 08:33:00,-13.0,2026-04-05 08:58:00,2026-04-05 09:02:00,B14 A,79.0,10.31,7.66,5.94,1.12,4.0
59,2026-04-05,SN3326,2026-04-05 07:45:00,2026-04-05 08:05:00,20.0,2026-04-05 08:16:00,2026-04-05 08:36:00,B28 A,123.0,14.05,8.75,4.45,1.8,20.0
59,2026-04-05,SN358,2026-04-05 12:21:00,2026-04-05 12:23:00,2.0,2026-04-05 12:43:00,2026-04-05 13:14:00,B28 A,176.0,13.5,13.04,5.01,1.6,31.0
59,2026-04-05,SN379,2026-04-05 08:11:00,2026-04-05 08:40:00,29.0,2026-04-05 08:59:00,2026-04-05 09:27:00,B28 A,76.0,13.33,5.7,4.92,1.63,28.0
59,2026-04-05,SN3800,2026-04-05 06:15:00,2026-04-05 06:16:00,1.0,2026-04-05 06:28:00,2026-04-05 06:30:00,A65 ,27.0,12.22,2.21,5.4,1.54,2.0
59,2026-04-05,TB1552,2026-04-05 07:47:00,2026-04-05 07:43:00,-4.0,2026-04-05 07:55:00,2026-04-05 07:59:00,A68 ,66.0,11.94,5.53,5.56,1.5,4.0
59,2026-04-05,TB2632,2026-04-05 09:29:00,2026-04-05 09:09:00,-20.0,2026-04-05 09:35:00,2026-04-05 09:44:00,B9  A,114.0,12.9,8.83,5.71,1.46,9.0
59,2026-04-05,TB2662,2026-04-05 09:15:00,2026-04-05 09:04:00,-11.0,2026-04-05 09:22:00,2026-04-05 09:30:00,B34 A,90.0,12.79,7.04,4.78,2.16,8.0
59,2026-04-05,TG934,2026-04-05 09:21:00,2026-04-05 09:16:00,-5.0,2026-04-05 09:38:00,2026-04-05 09:58:00,B38 A,249.0,13.26,18.77,4.91,2.38,20.0
59,2026-04-05,UA950,2026-04-05 10:20:00,2026-04-05 09:58:00,-22.0,2026-04-05 10:24:00,2026-04-05 10:51:00,B40 A,188.0,12.11,15.53,5.0,2.48,27.0
59,2026-04-05,UA994,2026-04-05 11:51:00,2026-04-05 11:37:00,-14.0,2026-04-05 11:55:00,2026-04-05 12:25:00,B40 A,157.0,12.74,12.32,5.3,2.34,30.0
59,2026-04-05,XR5402,2026-04-05 07:46:00,2026-04-05 08:56:00,70.0,2026-04-05 09:23:00,2026-04-05 09:26:00,B5  A,88.0,14.49,6.07,4.38,1.9,3.0
60,2026-04-05,AC832,2026-04-05 08:17:00,2026-04-05 07:46:00,-31.0,2026-04-05 08:02:00,2026-04-05 08:29:00,B30 A,122.0,16.66,7.32,4.87,1.83,27.0
60,2026-04-05,ET750,2026-04-05 11:13:00,2026-04-05 11:34:00,21.0,2026-04-05 12:17:00,2026-04-05 13:03:00,B17 A,464.0,14.83,31.28,4.6,1.83,46.0
60,2026-04-05,FH8116,2026-04-05 06:35:00,2026-04-05 06:00:00,-35.0,2026-04-05 06:07:00,2026-04-05 06:09:00,B15 A,22.0,8.69,2.53,4.05,1.91,2.0
60,2026-04-05,LH1004,2026-04-05 11:51:00,2026-04-05 11:47:00,-4.0,2026-04-05 12:07:00,2026-04-05 12:12:00,A43 ,23.0,15.12,1.52,6.8,1.23,5.0
60,2026-04-05,SN1122,2026-04-05 08:39:00,2026-04-05 09:08:00,29.0,2026-04-05 09:20:00,2026-04-05 09:21:00,B40 A,13.0,12.95,1.0,4.62,2.69,1.0
60,2026-04-05,SN1124,2026-04-05 07:10:00,2026-04-05 07:19:00,9.0,2026-04-05 07:32:00,2026-04-05 07:48:00,B30 A,138.0,14.2,9.72,4.8,1.86,16.0
60,2026-04-05,SN206,2026-04-05 06:25:00,2026-04-05 06:48:00,23.0,2026-04-05 07:07:00,2026-04-05 07:30:00,B38 A,154.0,14.17,10.87,7.04,1.66,23.0
60,2026-04-05,SN229,2026-04-05 08:06:00,2026-04-05 09:20:00,74.0,2026-04-05 09:41:00,2026-04-05 10:22:00,B14 A,144.0,16.19,8.89,4.18,1.59,41.0
60,2026-04-05,SN278,2026-04-05 12:46:00,2026-04-05 12:41:00,-5.0,2026-04-05 13:04:00,2026-04-05 13:33:00,B31 A,62.0,13.54,4.58,5.64,1.91,29.0
60,2026-04-05,SN2900,2026-04-05 10:44:00,2026-04-05 11:04:00,20.0,2026-04-05 11:13:00,2026-04-05 11:34:00,B32 A,49.0,11.2,4.37,5.23,1.85,21.0
60,2026-04-05,SN3326,2026-04-05 07:45:00,2026-04-05 08:05:00,20.0,2026-04-05 08:16:00,2026-04-05 08:36:00,B28 A,123.0,14.14,8.7,4.57,1.75,20.0
60,2026-04-05,SN358,2026-04-05 12:21:00,2026-04-05 12:23:00,2.0,2026-04-05 12:43:00,2026-04-05 13:14:00,B28 A,176.0,10.95,16.08,3.73,2.14,31.0
60,2026-04-05,SN379,2026-04-05 10:10:00,2026-04-05 11:03:00,53.0,2026-04-05 11:42:00,2026-04-05 12:19:00,B29 A,161.0,11.68,13.78,5.02,1.96,37.0
60,2026-04-05,SN3800,2026-04-05 06:15:00,2026-04-05 06:16:00,1.0,2026-04-05 06:28:00,2026-04-05 06:30:00,A65 ,27.0,16.5,1.64,6.15,1.36,2.0
60,2026-04-05,TB1552,2026-04-05 07:47:00,2026-04-05 07:43:00,-4.0,2026-04-05 07:55:00,2026-04-05 07:59:00,A68 ,66.0,8.42,7.84,5.33,1.56,4.0
60,2026-04-05,TB2632,2026-04-05 09:29:00,2026-04-05 09:09:00,-20.0,2026-04-05 09:35:00,2026-04-05 09:44:00,B9  A,114.0,10.38,10.98,5.34,1.56,9.0
60,2026-04-05,TB2662,2026-04-05 09:15:00,2026-04-05 09:04:00,-11.0,2026-04-05 09:22:00,2026-04-05 09:30:00,B34 A,90.0,10.78,8.35,4.25,2.43,8.0
60,2026-04-05,TG934,2026-04-05 09:21:00,2026-04-05 09:16:00,-5.0,2026-04-05 09:38:00,2026-04-05 09:58:00,B38 A,249.0,12.39,20.09,6.21,1.88,20.0
60,2026-04-05,UA950,2026-04-05 10:20:00,2026-04-05 09:58:00,-22.0,2026-04-05 10:24:00,2026-04-05 10:51:00,B40 A,188.0,10.44,18.0,4.5,2.76,27.0
60,2026-04-05,UA994,2026-04-05 11:51:00,2026-04-05 11:37:00,-14.0,2026-04-05 11:55:00,2026-04-05 12:25:00,B40 A,157.0,11.69,13.43,5.09,2.44,30.0
60,2026-04-05,XR5402,2026-04-05 07:46:00,2026-04-05 08:56:00,70.0,2026-04-05 09:23:00,2026-04-05 09:26:00,B5  A,88.0,11.84,7.43,4.58,1.82,3.0
61,2026-04-05,AC832,2026-04-05 11:16:00,2026-04-05 10:39:00,-37.0,2026-04-05 10:54:00,2026-04-05 11:24:00,B5  A,101.0,14.55,6.94,5.25,1.59,30.0
61,2026-04-05,ET750,2026-04-05 11:13:00,2026-04-05 11:34:00,21.0,2026-04-05 12:17:00,2026-04-05 13:03:00,B17 A,464.0,13.74,33.76,5.01,1.68,46.0
61,2026-04-05,FH8116,2026-04-05 06:35:00,2026-04-05 06:00:00,-35.0,2026-04-05 06:07:00,2026-04-05 06:09:00,B15 A,22.0,13.18,1.67,4.87,1.59,2.0
61,2026-04-05,LH1004,2026-04-05 12:50:00,2026-04-05 12:50:00,0.0,2026-04-05 13:03:00,2026-04-05 13:30:00,A43 ,40.0,14.15,2.83,4.65,1.79,27.0
61,2026-04-05,SN1122,2026-04-05 08:39:00,2026-04-05 09:08:00,29.0,2026-04-05 09:20:00,2026-04-05 09:21:00,B40 A,13.0,11.97,1.09,3.86,3.22,1.0
61,2026-04-05,SN1124,2026-04-05 07:10:00,2026-04-05 07:19:00,9.0,2026-04-05 07:32:00,2026-04-05 07:48:00,B30 A,138.0,16.15,8.54,5.01,1.78,16.0
61,2026-04-05,SN206,2026-04-05 06:25:00,2026-04-05 06:48:00,23.0,2026-04-05 07:07:00,2026-04-05 07:30:00,B38 A,154.0,10.89,14.14,3.14,3.72,23.0
61,2026-04-05,SN229,2026-04-05 12:06:00,2026-04-05 12:12:00,6.0,2026-04-05 12:39:00,2026-04-05 13:03:00,B28 A,20.0,13.23,1.51,6.07,1.32,24.0
61,2026-04-05,SN278,2026-04-05 08:43:00,2026-04-05 08:27:00,-16.0,2026-04-05 08:40:00,2026-04-05 09:10:00,B37 A,123.0,12.96,9.49,5.0,2.43,30.0
61,2026-04-05,SN2900,2026-04-05 08:46:00,2026-04-05 08:33:00,-13.0,2026-04-05 08:58:00,2026-04-05 09:02:00,B14 A,79.0,11.72,6.74,4.82,1.38,4.0
61,2026-04-05,SN3326,2026-04-05 11:24:00,2026-04-05 11:41:00,17.0,2026-04-05 12:06:00,2026-04-05 12:12:00,B14 A,111.0,14.63,7.59,4.6,1.45,6.0
61,2026-04-05,SN358,2026-04-05 08:21:00,2026-04-05 08:24:00,3.0,2026-04-05 08:42:00,2026-04-05 09:09:00,B14 A,112.0,9.53,11.76,4.34,1.54,27.0
61,2026-04-05,SN379,2026-04-05 10:10:00,2026-04-05 11:03:00,53.0,2026-04-05 11:42:00,2026-04-05 12:19:00,B29 A,161.0,11.41,14.11,5.57,1.77,37.0
61,2026-04-05,SN3800,2026-04-05 06:15:00,2026-04-05 06:16:00,1.0,2026-04-05 06:28:00,2026-04-05 06:30:00,A65 ,27.0,11.27,2.4,5.34,1.56,2.0
61,2026-04-05,TB1552,2026-04-05 08:29:00,2026-04-05 08:25:00,-4.0,2026-04-05 08:46:00,2026-04-05 08:54:00,A61 ,166.0,12.3,13.49,7.39,1.13,8.0
61,2026-04-05,TB2632,2026-04-05 09:29:00,2026-04-05 09:09:00,-20.0,2026-04-05 09:35:00,2026-04-05 09:44:00,B9  A,114.0,15.65,7.29,3.98,2.09,9.0
61,2026-04-05,TB2662,2026-04-05 09:15:00,2026-04-05 09:04:00,-11.0,2026-04-05 09:22:00,2026-04-05 09:30:00,B34 A,90.0,10.09,8.92,5.59,1.85,8.0
61,2026-04-05,TG934,2026-04-05 09:21:00,2026-04-05 09:16:00,-5.0,2026-04-05 09:38:00,2026-04-05 09:58:00,B38 A,249.0,13.26,18.78,4.71,2.48,20.0
61,2026-04-05,UA950,2026-04-05 10:20:00,2026-04-05 09:58:00,-22.0,2026-04-05 10:24:00,2026-04-05 10:51:00,B40 A,188.0,14.75,12.74,4.97,2.5,27.0
61,2026-04-05,UA994,2026-04-05 11:51:00,2026-04-05 11:37:00,-14.0,2026-04-05 11:55:00,2026-04-05 12:25:00,B40 A,157.0,13.67,11.48,4.89,2.54,30.0
61,2026-04-05,XR5402,2026-04-05 07:46:00,2026-04-05 08:56:00,70.0,2026-04-05 09:23:00,2026-04-05 09:26:00,B5  A,88.0,12.97,6.78,4.26,1.96,3.0
62,2026-04-05,AC832,2026-04-05 11:16:00,2026-04-05 10:39:00,-37.0,2026-04-05 10:54:00,2026-04-05 11:24:00,B5  A,101.0,13.03,7.75,4.74,1.76,30.0
62,2026-04-05,ET750,2026-04-05 11:13:00,2026-04-05 11:34:00,21.0,2026-04-05 12:17:00,2026-04-05 13:03:00,B17 A,464.0,15.64,29.67,4.34,1.94,46.0
62,2026-04-05,FH8116,2026-04-05 12:44:00,2026-04-05 12:48:00,4.0,2026-04-05 13:06:00,2026-04-05 13:13:00,B38 A,140.0,12.67,11.05,3.86,3.02,7.0
62,2026-04-05,LH1004,2026-04-05 11:51:00,2026-04-05 11:47:00,-4.0,2026-04-05 12:07:00,2026-04-05 12:12:00,A43 ,23.0,15.18,1.51,3.55,2.35,5.0
62,2026-04-05,SN1122,2026-04-05 08:39:00,2026-04-05 09:08:00,29.0,2026-04-05 09:20:00,2026-04-05 09:21:00,B40 A,13.0,12.75,1.02,4.0,3.1,1.0
62,2026-04-05,SN1124,2026-04-05 07:10:00,2026-04-05 07:19:00,9.0,2026-04-05 07:32:00,2026-04-05 07:48:00,B30 A,138.0,13.76,10.03,3.84,2.32,16.0
62,2026-04-05,SN206,2026-04-05 06:25:00,2026-04-05 06:48:00,23.0,2026-04-05 07:07:00,2026-04-05 07:30:00,B38 A,154.0,10.54,14.61,5.44,2.14,23.0
62,2026-04-05,SN229,2026-04-05 12:06:00,2026-04-05 12:12:00,6.0,2026-04-05 12:39:00,2026-04-05 13:03:00,B28 A,20.0,13.17,1.52,5.09,1.57,24.0
62,2026-04-05,SN278,2026-04-05 10:45:00,2026-04-05 10:42:00,-3.0,2026-04-05 11:04:00,2026-04-05 11:16:00,B28 A,198.0,11.45,17.3,4.49,1.78,12.0
62,2026-04-05,SN2900,2026-04-05 08:46:00,2026-04-05 08:33:00,-13.0,2026-04-05 08:58:00,2026-04-05 09:02:00,B14 A,79.0,11.42,6.92,5.82,1.14,4.0
62,2026-04-05,SN3326,2026-04-05 11:24:00,2026-04-05 11:41:00,17.0,2026-04-05 12:06:00,2026-04-05 12:12:00,B14 A,111.0,14.51,7.65,5.41,1.23,6.0
62,2026-04-05,SN358,2026-04-05 12:21:00,2026-04-05 12:23:00,2.0,2026-04-05 12:43:00,2026-04-05 13:14:00,B28 A,176.0,14.99,11.74,4.74,1.69,31.0
62,2026-04-05,SN379,2026-04-05 10:10:00,2026-04-05 11:03:00,53.0,2026-04-05 11:42:00,2026-04-05 12:19:00,B29 A,161.0,11.71,13.75,4.25,2.31,37.0
62,2026-04-05,SN3800,2026-04-05 06:15:00,2026-04-05 06:16:00,1.0,2026-04-05 06:28:00,2026-04-05 06:30:00,A65 ,27.0,14.1,1.92,3.92,2.12,2.0
62,2026-04-05,TB1552,2026-04-05 07:47:00,2026-04-05 07:43:00,-4.0,2026-04-05 07:55:00,2026-04-05 07:59:00,A68 ,66.0,13.35,4.94,4.64,1.8,4.0
62,2026-04-05,TB2632,2026-04-05 09:29:00,2026-04-05 09:09:00,-20.0,2026-04-05 09:35:00,2026-04-05 09:44:00,B9  A,114.0,11.97,9.52,4.49,1.85,9.0
62,2026-04-05,TB2662,2026-04-05 09:15:00,2026-04-05 09:04:00,-11.0,2026-04-05 09:22:00,2026-04-05 09:30:00,B34 A,90.0,14.41,6.25,4.49,2.3,8.0
62,2026-04-05,TG934,2026-04-05 09:21:00,2026-04-05 09:16:00,-5.0,2026-04-05 09:38:00,2026-04-05 09:58:00,B38 A,249.0,14.48,17.19,6.83,1.71,20.0
62,2026-04-05,UA950,2026-04-05 09:21:00,2026-04-05 08:45:00,-36.0,2026-04-05 09:03:00,2026-04-05 09:29:00,B5  A,163.0,10.92,14.93,4.15,2.01,26.0
62,2026-04-05,UA994,2026-04-05 09:51:00,2026-04-05 11:28:00,97.0,2026-04-05 11:44:00,2026-04-05 12:09:00,B40 A,135.0,11.56,11.68,4.29,2.89,25.0
62,2026-04-05,XR5402,2026-04-05 07:46:00,2026-04-05 08:56:00,70.0,2026-04-05 09:23:00,2026-04-05 09:26:00,B5  A,88.0,11.19,7.87,5.41,1.54,3.0
63,2026-04-05,AC832,2026-04-05 12:18:00,2026-04-05 11:38:00,-40.0,2026-04-05 11:54:00,2026-04-05 12:17:00,B30 A,100.0,10.01,9.99,6.28,1.42,23.0
63,2026-04-05,ET750,2026-04-05 11:13:00,2026-04-05 11:34:00,21.0,2026-04-05 12:17:00,2026-04-05 13:03:00,B17 A,464.0,12.08,38.41,5.26,1.6,46.0
63,2026-04-05,FH8116,2026-04-05 12:44:00,2026-04-05 12:48:00,4.0,2026-04-05 13:06:00,2026-04-05 13:13:00,B38 A,140.0,11.3,12.39,4.35,2.68,7.0
63,2026-04-05,LH1004,2026-04-05 11:51:00,2026-04-05 11:47:00,-4.0,2026-04-05 12:07:00,2026-04-05 12:12:00,A43 ,23.0,12.56,1.83,5.92,1.41,5.0
63,2026-04-05,SN1122,2026-04-05 08:39:00,2026-04-05 09:08:00,29.0,2026-04-05 09:20:00,2026-04-05 09:21:00,B40 A,13.0,13.11,0.99,5.71,2.18,1.0
63,2026-04-05,SN1124,2026-04-05 07:10:00,2026-04-05 07:19:00,9.0,2026-04-05 07:32:00,2026-04-05 07:48:00,B30 A,138.0,12.98,10.63,5.23,1.7,16.0
63,2026-04-05,SN206,2026-04-05 06:25:00,2026-04-05 06:48:00,23.0,2026-04-05 07:07:00,2026-04-05 07:30:00,B38 A,154.0,16.41,9.38,4.92,2.37,23.0
63,2026-04-05,SN229,2026-04-05 08:06:00,2026-04-05 09:20:00,74.0,2026-04-05 09:41:00,2026-04-05 10:22:00,B14 A,144.0,10.39,13.85,3.79,1.76,41.0
63,2026-04-05,SN278,2026-04-05 12:46:00,2026-04-05 12:41:00,-5.0,2026-04-05 13:04:00,2026-04-05 13:33:00,B31 A,62.0,11.07,5.6,3.79,2.84,29.0
63,2026-04-05,SN2900,2026-04-05 08:46:00,2026-04-05 08:33:00,-13.0,2026-04-05 08:58:00,2026-04-05 09:02:00,B14 A,79.0,12.46,6.34,5.45,1.22,4.0
63,2026-04-05,SN3326,2026-04-05 07:45:00,2026-04-05 08:05:00,20.0,2026-04-05 08:16:00,2026-04-05 08:36:00,B28 A,123.0,15.45,7.96,4.63,1.73,20.0
63,2026-04-05,SN358,2026-04-05 12:21:00,2026-04-05 12:23:00,2.0,2026-04-05 12:43:00,2026-04-05 13:14:00,B28 A,176.0,12.06,14.6,4.71,1.7,31.0
63,2026-04-05,SN379,2026-04-05 08:11:00,2026-04-05 08:40:00,29.0,2026-04-05 08:59:00,2026-04-05 09:27:00,B28 A,76.0,12.96,5.87,4.46,1.8,28.0
63,2026-04-05,SN3800,2026-04-05 06:15:00,2026-04-05 06:16:00,1.0,2026-04-05 06:28:00,2026-04-05 06:30:00,A65 ,27.0,11.11,2.43,4.44,1.88,2.0
63,2026-04-05,TB1552,2026-04-05 07:47:00,2026-04-05 07:43:00,-4.0,2026-04-05 07:55:00,2026-04-05 07:59:00,A68 ,66.0,11.18,5.9,5.91,1.41,4.0
63,2026-04-05,TB2632,2026-04-05 09:29:00,2026-04-05 09:09:00,-20.0,2026-04-05 09:35:00,2026-04-05 09:44:00,B9  A,114.0,13.84,8.24,3.39,2.46,9.0
63,2026-04-05,TB2662,2026-04-05 09:15:00,2026-04-05 09:04:00,-11.0,2026-04-05 09:22:00,2026-04-05 09:30:00,B34 A,90.0,10.52,8.56,5.21,1.98,8.0
63,2026-04-05,TG934,2026-04-05 12:22:00,2026-04-05 12:26:00,4.0,2026-04-05 12:46:00,2026-04-05 13:15:00,B34 A,260.0,15.38,16.91,3.97,2.6,29.0
63,2026-04-05,UA950,2026-04-05 10:20:00,2026-04-05 09:58:00,-22.0,2026-04-05 10:24:00,2026-04-05 10:51:00,B40 A,188.0,12.75,14.75,5.76,2.15,27.0
63,2026-04-05,UA994,2026-04-05 11:51:00,2026-04-05 11:37:00,-14.0,2026-04-05 11:55:00,2026-04-05 12:25:00,B40 A,157.0,12.29,12.77,5.3,2.34,30.0
63,2026-04-05,XR5402,2026-04-05 07:46:00,2026-04-05 08:56:00,70.0,2026-04-05 09:23:00,2026-04-05 09:26:00,B5  A,88.0,12.35,7.13,4.42,1.89,3.0
64,2026-04-05,AC832,2026-04-05 11:16:00,2026-04-05 10:39:00,-37.0,2026-04-05 10:54:00,2026-04-05 11:24:00,B5  A,101.0,12.08,8.36,5.07,1.64,30.0
64,2026-04-05,ET750,2026-04-05 11:13:00,2026-04-05 11:34:00,21.0,2026-04-05 12:17:00,2026-04-05 13:03:00,B17 A,464.0,13.96,33.23,5.02,1.68,46.0
64,2026-04-05,FH8116,2026-04-05 12:44:00,2026-04-05 12:48:00,4.0,2026-04-05 13:06:00,2026-04-05 13:13:00,B38 A,140.0,11.49,12.18,4.76,2.45,7.0
64,2026-04-05,LH1004,2026-04-05 08:50:00,2026-04-05 08:53:00,3.0,2026-04-05 09:06:00,2026-04-05 09:12:00,A43 ,29.0,16.14,1.8,4.81,1.73,6.0
64,2026-04-05,SN1122,2026-04-05 08:39:00,2026-04-05 09:08:00,29.0,2026-04-05 09:20:00,2026-04-05 09:21:00,B40 A,13.0,11.54,1.13,5.46,2.27,1.0
64,2026-04-05,SN1124,2026-04-05 07:10:00,2026-04-05 07:19:00,9.0,2026-04-05 07:32:00,2026-04-05 07:48:00,B30 A,138.0,13.27,10.4,5.1,1.75,16.0
64,2026-04-05,SN206,2026-04-05 06:25:00,2026-04-05 06:48:00,23.0,2026-04-05 07:07:00,2026-04-05 07:30:00,B38 A,154.0,12.59,12.23,4.77,2.44,23.0
64,2026-04-05,SN229,2026-04-05 10:04:00,2026-04-05 10:26:00,22.0,2026-04-05 10:41:00,2026-04-05 11:10:00,B31 A,120.0,13.17,9.11,4.5,2.39,29.0
64,2026-04-05,SN278,2026-04-05 10:45:00,2026-04-05 10:42:00,-3.0,2026-04-05 11:04:00,2026-04-05 11:16:00,B28 A,198.0,10.24,19.33,3.85,2.08,12.0
64,2026-04-05,SN2900,2026-04-05 10:44:00,2026-04-05 11:04:00,20.0,2026-04-05 11:13:00,2026-04-05 11:34:00,B32 A,49.0,13.0,3.77,4.84,2.0,21.0
64,2026-04-05,SN3326,2026-04-05 11:24:00,2026-04-05 11:41:00,17.0,2026-04-05 12:06:00,2026-04-05 12:12:00,B14 A,111.0,14.74,7.53,5.09,1.31,6.0
64,2026-04-05,SN358,2026-04-05 08:21:00,2026-04-05 08:24:00,3.0,2026-04-05 08:42:00,2026-04-05 09:09:00,B14 A,112.0,9.94,11.26,6.29,1.06,27.0
64,2026-04-05,SN379,2026-04-05 10:10:00,2026-04-05 11:03:00,53.0,2026-04-05 11:42:00,2026-04-05 12:19:00,B29 A,161.0,10.83,14.86,4.93,2.0,37.0
64,2026-04-05,SN3800,2026-04-05 06:15:00,2026-04-05 06:16:00,1.0,2026-04-05 06:28:00,2026-04-05 06:30:00,A65 ,27.0,11.38,2.37,4.97,1.68,2.0
64,2026-04-05,TB1552,2026-04-05 10:15:00,2026-04-05 10:31:00,16.0,2026-04-05 10:50:00,2026-04-05 10:59:00,A69 ,164.0,13.32,12.31,6.19,1.35,9.0
64,2026-04-05,TB2632,2026-04-05 09:29:00,2026-04-05 09:09:00,-20.0,2026-04-05 09:35:00,2026-04-05 09:44:00,B9  A,114.0,12.83,8.89,5.56,1.5,9.0
64,2026-04-05,TB2662,2026-04-05 09:15:00,2026-04-05 09:04:00,-11.0,2026-04-05 09:22:00,2026-04-05 09:30:00,B34 A,90.0,10.31,8.73,4.5,2.3,8.0
64,2026-04-05,TG934,2026-04-05 09:21:00,2026-04-05 09:16:00,-5.0,2026-04-05 09:38:00,2026-04-05 09:58:00,B38 A,249.0,13.4,18.58,5.34,2.18,20.0
64,2026-04-05,UA950,2026-04-05 10:20:00,2026-04-05 09:58:00,-22.0,2026-04-05 10:24:00,2026-04-05 10:51:00,B40 A,188.0,12.89,14.58,4.68,2.65,27.0
64,2026-04-05,UA994,2026-04-05 09:51:00,2026-04-05 11:28:00,97.0,2026-04-05 11:44:00,2026-04-05 12:09:00,B40 A,135.0,12.66,10.66,4.65,2.67,25.0
64,2026-04-05,XR5402,2026-04-05 07:46:00,2026-04-05 08:56:00,70.0,2026-04-05 09:23:00,2026-04-05 09:26:00,B5  A,88.0,12.47,7.06,5.04,1.65,3.0
65,2026-04-05,AC832,2026-04-05 09:18:00,2026-04-05 08:45:00,-33.0,2026-04-05 09:06:00,2026-04-05 09:59:00,B28 A,110.0,8.8,12.5,5.22,1.53,53.0
65,2026-04-05,ET750,2026-04-05 11:13:00,2026-04-05 11:34:00,21.0,2026-04-05 12:17:00,2026-04-05 13:03:00,B17 A,464.0,15.33,30.26,5.69,1.48,46.0
65,2026-04-05,FH8116,2026-04-05 12:44:00,2026-04-05 12:48:00,4.0,2026-04-05 13:06:00,2026-04-05 13:13:00,B38 A,140.0,14.99,9.34,5.06,2.3,7.0
65,2026-04-05,LH1004,2026-04-05 08:50:00,2026-04-05 08:53:00,3.0,2026-04-05 09:06:00,2026-04-05 09:12:00,A43 ,29.0,15.84,1.83,3.85,2.16,6.0
65,2026-04-05,SN1122,2026-04-05 08:39:00,2026-04-05 09:08:00,29.0,2026-04-05 09:20:00,2026-04-05 09:21:00,B40 A,13.0,13.16,0.99,5.52,2.25,1.0
65,2026-04-05,SN1124,2026-04-05 07:10:00,2026-04-05 07:19:00,9.0,2026-04-05 07:32:00,2026-04-05 07:48:00,B30 A,138.0,14.52,9.5,6.41,1.39,16.0
65,2026-04-05,SN206,2026-04-05 06:25:00,2026-04-05 06:48:00,23.0,2026-04-05 07:07:00,2026-04-05 07:30:00,B38 A,154.0,13.68,11.26,4.26,2.74,23.0
65,2026-04-05,SN229,2026-04-05 10:04:00,2026-04-05 10:26:00,22.0,2026-04-05 10:41:00,2026-04-05 11:10:00,B31 A,120.0,12.47,9.63,5.1,2.11,29.0
65,2026-04-05,SN278,2026-04-05 08:43:00,2026-04-05 08:27:00,-16.0,2026-04-05 08:40:00,2026-04-05 09:10:00,B37 A,123.0,16.46,7.47,5.43,2.24,30.0
65,2026-04-05,SN2900,2026-04-05 08:46:00,2026-04-05 08:33:00,-13.0,2026-04-05 08:58:00,2026-04-05 09:02:00,B14 A,79.0,13.86,5.7,4.59,1.45,4.0
65,2026-04-05,SN3326,2026-04-05 11:24:00,2026-04-05 11:41:00,17.0,2026-04-05 12:06:00,2026-04-05 12:12:00,B14 A,111.0,11.78,9.42,3.92,1.7,6.0
65,2026-04-05,SN358,2026-04-05 10:21:00,2026-04-05 11:13:00,52.0,2026-04-05 11:43:00,2026-04-05 12:03:00,B38 A,126.0,10.85,11.61,5.54,2.11,20.0
65,2026-04-05,SN379,2026-04-05 08:11:00,2026-04-05 08:40:00,29.0,2026-04-05 08:59:00,2026-04-05 09:27:00,B28 A,76.0,11.86,6.41,5.82,1.37,28.0
65,2026-04-05,SN3800,2026-04-05 06:15:00,2026-04-05 06:16:00,1.0,2026-04-05 06:28:00,2026-04-05 06:30:00,A65 ,27.0,12.68,2.13,5.09,1.64,2.0
65,2026-04-05,TB1552,2026-04-05 10:15:00,2026-04-05 10:31:00,16.0,2026-04-05 10:50:00,2026-04-05 10:59:00,A69 ,164.0,12.21,13.43,5.6,1.49,9.0
65,2026-04-05,TB2632,2026-04-05 09:29:00,2026-04-05 09:09:00,-20.0,2026-04-05 09:35:00,2026-04-05 09:44:00,B9  A,114.0,15.64,7.29,4.41,1.89,9.0
65,2026-04-05,TB2662,2026-04-05 09:15:00,2026-04-05 09:04:00,-11.0,2026-04-05 09:22:00,2026-04-05 09:30:00,B34 A,90.0,12.57,7.16,4.44,2.33,8.0
65,2026-04-05,TG934,2026-04-05 09:21:00,2026-04-05 09:16:00,-5.0,2026-04-05 09:38:00,2026-04-05 09:58:00,B38 A,249.0,13.54,18.39,5.35,2.18,20.0
65,2026-04-05,UA950,2026-04-05 12:20:00,2026-04-05 11:58:00,-22.0,2026-04-05 12:14:00,2026-04-05 12:42:00,B37 A,127.0,15.07,8.43,4.81,2.53,28.0
65,2026-04-05,UA994,2026-04-05 11:51:00,2026-04-05 11:37:00,-14.0,2026-04-05 11:55:00,2026-04-05 12:25:00,B40 A,157.0,12.06,13.02,6.24,1.99,30.0
65,2026-04-05,XR5402,2026-04-05 07:46:00,2026-04-05 08:56:00,70.0,2026-04-05 09:23:00,2026-04-05 09:26:00,B5  A,88.0,11.81,7.45,5.42,1.54,3.0
66,2026-04-05,AC832,2026-04-05 09:18:00,2026-04-05 08:45:00,-33.0,2026-04-05 09:06:00,2026-04-05 09:59:00,B28 A,110.0,15.42,7.13,4.34,1.84,53.0
66,2026-04-05,ET750,2026-04-05 11:13:00,2026-04-05 11:34:00,21.0,2026-04-05 12:17:00,2026-04-05 13:03:00,B17 A,464.0,12.92,35.91,5.08,1.66,46.0
66,2026-04-05,FH8116,2026-04-05 06:35:00,2026-04-05 06:00:00,-35.0,2026-04-05 06:07:00,2026-04-05 06:09:00,B15 A,22.0,13.14,1.67,5.03,1.54,2.0
66,2026-04-05,LH1004,2026-04-05 09:50:00,2026-04-05 09:53:00,3.0,2026-04-05 10:20:00,2026-04-05 10:27:00,A43 ,33.0,12.6,2.62,4.88,1.71,7.0
66,2026-04-05,SN1122,2026-04-05 08:39:00,2026-04-05 09:08:00,29.0,2026-04-05 09:20:00,2026-04-05 09:21:00,B40 A,13.0,12.39,1.05,5.27,2.36,1.0
66,2026-04-05,SN1124,2026-04-05 07:10:00,2026-04-05 07:19:00,9.0,2026-04-05 07:32:00,2026-04-05 07:48:00,B30 A,138.0,14.21,9.71,5.5,1.62,16.0
66,2026-04-05,SN206,2026-04-05 06:25:00,2026-04-05 06:48:00,23.0,2026-04-05 07:07:00,2026-04-05 07:30:00,B38 A,154.0,10.99,14.01,3.49,3.34,23.0
66,2026-04-05,SN229,2026-04-05 08:06:00,2026-04-05 09:20:00,74.0,2026-04-05 09:41:00,2026-04-05 10:22:00,B14 A,144.0,14.55,9.89,7.26,0.92,41.0
66,2026-04-05,SN278,2026-04-05 10:45:00,2026-04-05 10:42:00,-3.0,2026-04-05 11:04:00,2026-04-05 11:16:00,B28 A,198.0,13.22,14.98,4.88,1.64,12.0
66,2026-04-05,SN2900,2026-04-05 08:46:00,2026-04-05 08:33:00,-13.0,2026-04-05 08:58:00,2026-04-05 09:02:00,B14 A,79.0,11.97,6.6,4.5,1.48,4.0
66,2026-04-05,SN3326,2026-04-05 07:45:00,2026-04-05 08:05:00,20.0,2026-04-05 08:16:00,2026-04-05 08:36:00,B28 A,123.0,15.06,8.17,5.08,1.57,20.0
66,2026-04-05,SN358,2026-04-05 08:21:00,2026-04-05 08:24:00,3.0,2026-04-05 08:42:00,2026-04-05 09:09:00,B14 A,112.0,12.61,8.88,3.68,1.81,27.0
66,2026-04-05,SN379,2026-04-05 08:11:00,2026-04-05 08:40:00,29.0,2026-04-05 08:59:00,2026-04-05 09:27:00,B28 A,76.0,10.27,7.4,4.41,1.81,28.0
66,2026-04-05,SN3800,2026-04-05 06:15:00,2026-04-05 06:16:00,1.0,2026-04-05 06:28:00,2026-04-05 06:30:00,A65 ,27.0,11.25,2.4,4.96,1.68,2.0
66,2026-04-05,TB1552,2026-04-05 10:15:00,2026-04-05 10:31:00,16.0,2026-04-05 10:50:00,2026-04-05 10:59:00,A69 ,164.0,14.07,11.66,5.57,1.5,9.0
66,2026-04-05,TB2632,2026-04-05 09:29:00,2026-04-05 09:09:00,-20.0,2026-04-05 09:35:00,2026-04-05 09:44:00,B9  A,114.0,13.34,8.54,5.1,1.63,9.0
66,2026-04-05,TB2662,2026-04-05 09:15:00,2026-04-05 09:04:00,-11.0,2026-04-05 09:22:00,2026-04-05 09:30:00,B34 A,90.0,11.3,7.96,4.45,2.32,8.0
66,2026-04-05,TG934,2026-04-05 09:21:00,2026-04-05 09:16:00,-5.0,2026-04-05 09:38:00,2026-04-05 09:58:00,B38 A,249.0,14.56,17.1,5.52,2.11,20.0
66,2026-04-05,UA950,2026-04-05 10:20:00,2026-04-05 09:58:00,-22.0,2026-04-05 10:24:00,2026-04-05 10:51:00,B40 A,188.0,10.31,18.23,6.56,1.89,27.0
66,2026-04-05,UA994,2026-04-05 12:51:00,2026-04-05 12:35:00,-16.0,2026-04-05 12:54:00,2026-04-05 13:24:00,B38 A,109.0,11.13,9.8,4.35,2.68,30.0
66,2026-04-05,XR5402,2026-04-05 07:46:00,2026-04-05 08:56:00,70.0,2026-04-05 09:23:00,2026-04-05 09:26:00,B5  A,88.0,10.13,8.69,4.7,1.77,3.0
67,2026-04-05,AC832,2026-04-05 09:18:00,2026-04-05 08:45:00,-33.0,2026-04-05 09:06:00,2026-04-05 09:59:00,B28 A,110.0,12.13,9.07,5.05,1.58,53.0
67,2026-04-05,ET750,2026-04-05 11:13:00,2026-04-05 11:34:00,21.0,2026-04-05 12:17:00,2026-04-05 13:03:00,B17 A,464.0,12.76,36.36,5.49,1.53,46.0
67,2026-04-05,FH8116,2026-04-05 12:44:00,2026-04-05 12:48:00,4.0,2026-04-05 13:06:00,2026-04-05 13:13:00,B38 A,140.0,14.78,9.47,4.27,2.73,7.0
67,2026-04-05,LH1004,2026-04-05 08:50:00,2026-04-05 08:53:00,3.0,2026-04-05 09:06:00,2026-04-05 09:12:00,A43 ,29.0,11.55,2.51,5.18,1.61,6.0
67,2026-04-05,SN1122,2026-04-05 08:39:00,2026-04-05 09:08:00,29.0,2026-04-05 09:20:00,2026-04-05 09:21:00,B40 A,13.0,11.28,1.15,5.2,2.39,1.0
67,2026-04-05,SN1124,2026-04-05 07:10:00,2026-04-05 07:19:00,9.0,2026-04-05 07:32:00,2026-04-05 07:48:00,B30 A,138.0,16.86,8.19,4.38,2.04,16.0
67,2026-04-05,SN206,2026-04-05 06:25:00,2026-04-05 06:48:00,23.0,2026-04-05 07:07:00,2026-04-05 07:30:00,B38 A,154.0,13.11,11.75,3.28,3.55,23.0
67,2026-04-05,SN229,2026-04-05 10:04:00,2026-04-05 10:26:00,22.0,2026-04-05 10:41:00,2026-04-05 11:10:00,B31 A,120.0,11.47,10.46,3.93,2.74,29.0
67,2026-04-05,SN278,2026-04-05 12:46:00,2026-04-05 12:41:00,-5.0,2026-04-05 13:04:00,2026-04-05 13:33:00,B31 A,62.0,12.46,4.97,4.18,2.57,29.0
67,2026-04-05,SN2900,2026-04-05 10:44:00,2026-04-05 11:04:00,20.0,2026-04-05 11:13:00,2026-04-05 11:34:00,B32 A,49.0,9.93,4.93,5.16,1.88,21.0
67,2026-04-05,SN3326,2026-04-05 11:24:00,2026-04-05 11:41:00,17.0,2026-04-05 12:06:00,2026-04-05 12:12:00,B14 A,111.0,10.71,10.37,4.66,1.43,6.0
67,2026-04-05,SN358,2026-04-05 08:21:00,2026-04-05 08:24:00,3.0,2026-04-05 08:42:00,2026-04-05 09:09:00,B14 A,112.0,8.82,12.69,4.94,1.35,27.0
67,2026-04-05,SN379,2026-04-05 10:10:00,2026-04-05 11:03:00,53.0,2026-04-05 11:42:00,2026-04-05 12:19:00,B29 A,161.0,11.88,13.56,4.23,2.33,37.0
67,2026-04-05,SN3800,2026-04-05 06:15:00,2026-04-05 06:16:00,1.0,2026-04-05 06:28:00,2026-04-05 06:30:00,A65 ,27.0,14.95,1.81,4.44,1.88,2.0
67,2026-04-05,TB1552,2026-04-05 08:29:00,2026-04-05 08:25:00,-4.0,2026-04-05 08:46:00,2026-04-05 08:54:00,A61 ,166.0,16.72,9.93,4.73,1.76,8.0
67,2026-04-05,TB2632,2026-04-05 09:29:00,2026-04-05 09:09:00,-20.0,2026-04-05 09:35:00,2026-04-05 09:44:00,B9  A,114.0,13.04,8.74,4.19,1.99,9.0
67,2026-04-05,TB2662,2026-04-05 09:15:00,2026-04-05 09:04:00,-11.0,2026-04-05 09:22:00,2026-04-05 09:30:00,B34 A,90.0,10.74,8.38,4.82,2.14,8.0
67,2026-04-05,TG934,2026-04-05 09:21:00,2026-04-05 09:16:00,-5.0,2026-04-05 09:38:00,2026-04-05 09:58:00,B38 A,249.0,12.67,19.65,5.22,2.24,20.0
67,2026-04-05,UA950,2026-04-05 10:20:00,2026-04-05 09:58:00,-22.0,2026-04-05 10:24:00,2026-04-05 10:51:00,B40 A,188.0,14.95,12.58,6.13,2.03,27.0
67,2026-04-05,UA994,2026-04-05 08:51:00,2026-04-05 08:32:00,-19.0,2026-04-05 08:52:00,2026-04-05 09:25:00,B40 A,171.0,11.26,15.18,6.14,2.02,33.0
67,2026-04-05,XR5402,2026-04-05 07:46:00,2026-04-05 08:56:00,70.0,2026-04-05 09:23:00,2026-04-05 09:26:00,B5  A,88.0,12.46,7.06,4.71,1.77,3.0
68,2026-04-05,AC832,2026-04-05 11:16:00,2026-04-05 10:39:00,-37.0,2026-04-05 10:54:00,2026-04-05 11:24:00,B5  A,101.0,15.88,6.36,3.83,2.17,30.0
68,2026-04-05,ET750,2026-04-05 11:13:00,2026-04-05 11:34:00,21.0,2026-04-05 12:17:00,2026-04-05 13:03:00,B17 A,464.0,11.73,39.54,5.35,1.57,46.0
68,2026-04-05,FH8116,2026-04-05 12:44:00,2026-04-05 12:48:00,4.0,2026-04-05 13:06:00,2026-04-05 13:13:00,B38 A,140.0,11.43,12.25,5.76,2.02,7.0
68,2026-04-05,LH1004,2026-04-05 11:51:00,2026-04-05 11:47:00,-4.0,2026-04-05 12:07:00,2026-04-05 12:12:00,A43 ,23.0,10.56,2.18,4.83,1.73,5.0
68,2026-04-05,SN1122,2026-04-05 08:39:00,2026-04-05 09:08:00,29.0,2026-04-05 09:20:00,2026-04-05 09:21:00,B40 A,13.0,15.49,0.84,4.98,2.49,1.0
68,2026-04-05,SN1124,2026-04-05 07:10:00,2026-04-05 07:19:00,9.0,2026-04-05 07:32:00,2026-04-05 07:48:00,B30 A,138.0,12.67,10.89,5.11,1.74,16.0
68,2026-04-05,SN206,2026-04-05 06:25:00,2026-04-05 06:48:00,23.0,2026-04-05 07:07:00,2026-04-05 07:30:00,B38 A,154.0,13.56,11.36,6.14,1.9,23.0
68,2026-04-05,SN229,2026-04-05 08:06:00,2026-04-05 09:20:00,74.0,2026-04-05 09:41:00,2026-04-05 10:22:00,B14 A,144.0,10.72,13.43,5.97,1.12,41.0
68,2026-04-05,SN278,2026-04-05 08:43:00,2026-04-05 08:27:00,-16.0,2026-04-05 08:40:00,2026-04-05 09:10:00,B37 A,123.0,14.49,8.49,4.22,2.88,30.0
68,2026-04-05,SN2900,2026-04-05 10:44:00,2026-04-05 11:04:00,20.0,2026-04-05 11:13:00,2026-04-05 11:34:00,B32 A,49.0,9.6,5.1,3.81,2.54,21.0
68,2026-04-05,SN3326,2026-04-05 11:24:00,2026-04-05 11:41:00,17.0,2026-04-05 12:06:00,2026-04-05 12:12:00,B14 A,111.0,12.22,9.09,5.12,1.3,6.0
68,2026-04-05,SN358,2026-04-05 11:21:00,2026-04-05 11:29:00,8.0,2026-04-05 11:42:00,2026-04-05 12:06:00,B14 A,177.0,15.5,11.42,5.0,1.33,24.0
68,2026-04-05,SN379,2026-04-05 10:10:00,2026-04-05 11:03:00,53.0,2026-04-05 11:42:00,2026-04-05 12:19:00,B29 A,161.0,10.31,15.62,6.1,1.61,37.0
68,2026-04-05,SN3800,2026-04-05 06:15:00,2026-04-05 06:16:00,1.0,2026-04-05 06:28:00,2026-04-05 06:30:00,A65 ,27.0,9.98,2.71,4.53,1.84,2.0
68,2026-04-05,TB1552,2026-04-05 08:29:00,2026-04-05 08:25:00,-4.0,2026-04-05 08:46:00,2026-04-05 08:54:00,A61 ,166.0,12.52,13.26,5.06,1.65,8.0
68,2026-04-05,TB2632,2026-04-05 09:29:00,2026-04-05 09:09:00,-20.0,2026-04-05 09:35:00,2026-04-05 09:44:00,B9  A,114.0,15.34,7.43,4.71,1.77,9.0
68,2026-04-05,TB2662,2026-04-05 09:15:00,2026-04-05 09:04:00,-11.0,2026-04-05 09:22:00,2026-04-05 09:30:00,B34 A,90.0,10.93,8.24,4.19,2.46,8.0
68,2026-04-05,TG934,2026-04-05 09:21:00,2026-04-05 09:16:00,-5.0,2026-04-05 09:38:00,2026-04-05 09:58:00,B38 A,249.0,15.15,16.43,4.5,2.59,20.0
68,2026-04-05,UA950,2026-04-05 12:20:00,2026-04-05 11:58:00,-22.0,2026-04-05 12:14:00,2026-04-05 12:42:00,B37 A,127.0,11.9,10.67,4.38,2.78,28.0
68,2026-04-05,UA994,2026-04-05 10:51:00,2026-04-05 10:01:00,-50.0,2026-04-05 10:18:00,2026-04-05 10:42:00,B38 A,177.0,14.17,12.49,4.26,2.74,24.0
68,2026-04-05,XR5402,2026-04-05 07:46:00,2026-04-05 08:56:00,70.0,2026-04-05 09:23:00,2026-04-05 09:26:00,B5  A,88.0,12.34,7.13,4.98,1.67,3.0
69,2026-04-05,AC832,2026-04-05 11:16:00,2026-04-05 10:39:00,-37.0,2026-04-05 10:54:00,2026-04-05 11:24:00,B5  A,101.0,12.74,7.93,5.39,1.54,30.0
69,2026-04-05,ET750,2026-04-05 11:13:00,2026-04-05 11:34:00,21.0,2026-04-05 12:17:00,2026-04-05 13:03:00,B17 A,464.0,14.29,32.46,4.17,2.02,46.0
69,2026-04-05,FH8116,2026-04-05 12:44:00,2026-04-05 12:48:00,4.0,2026-04-05 13:06:00,2026-04-05 13:13:00,B38 A,140.0,10.16,13.78,6.03,1.93,7.0
69,2026-04-05,LH1004,2026-04-05 11:51:00,2026-04-05 11:47:00,-4.0,2026-04-05 12:07:00,2026-04-05 12:12:00,A43 ,23.0,10.23,2.25,3.77,2.21,5.0
69,2026-04-05,SN1122,2026-04-05 08:39:00,2026-04-05 09:08:00,29.0,2026-04-05 09:20:00,2026-04-05 09:21:00,B40 A,13.0,11.21,1.16,6.39,1.94,1.0
69,2026-04-05,SN1124,2026-04-05 07:10:00,2026-04-05 07:19:00,9.0,2026-04-05 07:32:00,2026-04-05 07:48:00,B30 A,138.0,12.92,10.68,5.13,1.74,16.0
69,2026-04-05,SN206,2026-04-05 06:25:00,2026-04-05 06:48:00,23.0,2026-04-05 07:07:00,2026-04-05 07:30:00,B38 A,154.0,11.63,13.24,4.61,2.53,23.0
69,2026-04-05,SN229,2026-04-05 08:06:00,2026-04-05 09:20:00,74.0,2026-04-05 09:41:00,2026-04-05 10:22:00,B14 A,144.0,12.99,11.09,5.5,1.21,41.0
69,2026-04-05,SN278,2026-04-05 10:45:00,2026-04-05 10:42:00,-3.0,2026-04-05 11:04:00,2026-04-05 11:16:00,B28 A,198.0,15.87,12.47,5.12,1.56,12.0
69,2026-04-05,SN2900,2026-04-05 08:46:00,2026-04-05 08:33:00,-13.0,2026-04-05 08:58:00,2026-04-05 09:02:00,B14 A,79.0,10.79,7.32,5.22,1.28,4.0
69,2026-04-05,SN3326,2026-04-05 11:24:00,2026-04-05 11:41:00,17.0,2026-04-05 12:06:00,2026-04-05 12:12:00,B14 A,111.0,8.85,12.54,6.09,1.1,6.0
69,2026-04-05,SN358,2026-04-05 10:21:00,2026-04-05 11:13:00,52.0,2026-04-05 11:43:00,2026-04-05 12:03:00,B38 A,126.0,14.62,8.62,4.28,2.73,20.0
69,2026-04-05,SN379,2026-04-05 10:10:00,2026-04-05 11:03:00,53.0,2026-04-05 11:42:00,2026-04-05 12:19:00,B29 A,161.0,11.01,14.63,4.11,2.39,37.0
69,2026-04-05,SN3800,2026-04-05 06:15:00,2026-04-05 06:16:00,1.0,2026-04-05 06:28:00,2026-04-05 06:30:00,A65 ,27.0,15.62,1.73,5.22,1.6,2.0
69,2026-04-05,TB1552,2026-04-05 08:29:00,2026-04-05 08:25:00,-4.0,2026-04-05 08:46:00,2026-04-05 08:54:00,A61 ,166.0,12.06,13.76,6.1,1.37,8.0
69,2026-04-05,TB2632,2026-04-05 09:29:00,2026-04-05 09:09:00,-20.0,2026-04-05 09:35:00,2026-04-05 09:44:00,B9  A,114.0,12.11,9.41,5.49,1.52,9.0
69,2026-04-05,TB2662,2026-04-05 09:15:00,2026-04-05 09:04:00,-11.0,2026-04-05 09:22:00,2026-04-05 09:30:00,B34 A,90.0,13.45,6.69,3.94,2.62,8.0
69,2026-04-05,TG934,2026-04-05 09:21:00,2026-04-05 09:16:00,-5.0,2026-04-05 09:38:00,2026-04-05 09:58:00,B38 A,249.0,14.26,17.46,4.42,2.64,20.0
69,2026-04-05,UA950,2026-04-05 09:21:00,2026-04-05 08:45:00,-36.0,2026-04-05 09:03:00,2026-04-05 09:29:00,B5  A,163.0,11.95,13.64,5.31,1.57,26.0
69,2026-04-05,UA994,2026-04-05 08:51:00,2026-04-05 08:32:00,-19.0,2026-04-05 08:52:00,2026-04-05 09:25:00,B40 A,171.0,14.4,11.88,5.1,2.44,33.0
69,2026-04-05,XR5402,2026-04-05 07:46:00,2026-04-05 08:56:00,70.0,2026-04-05 09:23:00,2026-04-05 09:26:00,B5  A,88.0,13.32,6.61,4.06,2.05,3.0
70,2026-04-05,AC832,2026-04-05 08:17:00,2026-04-05 07:46:00,-31.0,2026-04-05 08:02:00,2026-04-05 08:29:00,B30 A,122.0,9.14,13.34,5.06,1.76,27.0
70,2026-04-05,ET750,2026-04-05 11:13:00,2026-04-05 11:34:00,21.0,2026-04-05 12:17:00,2026-04-05 13:03:00,B17 A,464.0,12.95,35.84,5.02,1.68,46.0
70,2026-04-05,FH8116,2026-04-05 06:35:00,2026-04-05 06:00:00,-35.0,2026-04-05 06:07:00,2026-04-05 06:09:00,B15 A,22.0,9.6,2.29,5.39,1.43,2.0
70,2026-04-05,LH1004,2026-04-05 11:51:00,2026-04-05 11:47:00,-4.0,2026-04-05 12:07:00,2026-04-05 12:12:00,A43 ,23.0,13.5,1.7,4.22,1.97,5.0
70,2026-04-05,SN1122,2026-04-05 08:39:00,2026-04-05 09:08:00,29.0,2026-04-05 09:20:00,2026-04-05 09:21:00,B40 A,13.0,11.27,1.15,5.04,2.47,1.0
70,2026-04-05,SN1124,2026-04-05 07:10:00,2026-04-05 07:19:00,9.0,2026-04-05 07:32:00,2026-04-05 07:48:00,B30 A,138.0,14.27,9.67,4.48,1.99,16.0
70,2026-04-05,SN206,2026-04-05 06:25:00,2026-04-05 06:48:00,23.0,2026-04-05 07:07:00,2026-04-05 07:30:00,B38 A,154.0,12.24,12.58,3.84,3.04,23.0
70,2026-04-05,SN229,2026-04-05 08:06:00,2026-04-05 09:20:00,74.0,2026-04-05 09:41:00,2026-04-05 10:22:00,B14 A,144.0,10.98,13.12,4.72,1.41,41.0
70,2026-04-05,SN278,2026-04-05 10:45:00,2026-04-05 10:42:00,-3.0,2026-04-05 11:04:00,2026-04-05 11:16:00,B28 A,198.0,10.57,18.73,5.43,1.47,12.0
70,2026-04-05,SN2900,2026-04-05 08:46:00,2026-04-05 08:33:00,-13.0,2026-04-05 08:58:00,2026-04-05 09:02:00,B14 A,79.0,9.89,7.99,4.5,1.48,4.0
70,2026-04-05,SN3326,2026-04-05 11:24:00,2026-04-05 11:41:00,17.0,2026-04-05 12:06:00,2026-04-05 12:12:00,B14 A,111.0,13.51,8.22,5.18,1.29,6.0
70,2026-04-05,SN358,2026-04-05 12:21:00,2026-04-05 12:23:00,2.0,2026-04-05 12:43:00,2026-04-05 13:14:00,B28 A,176.0,11.66,15.1,4.93,1.62,31.0
70,2026-04-05,SN379,2026-04-05 10:10:00,2026-04-05 11:03:00,53.0,2026-04-05 11:42:00,2026-04-05 12:19:00,B29 A,161.0,12.27,13.12,5.27,1.86,37.0
70,2026-04-05,SN3800,2026-04-05 06:15:00,2026-04-05 06:16:00,1.0,2026-04-05 06:28:00,2026-04-05 06:30:00,A65 ,27.0,14.55,1.86,3.94,2.12,2.0
70,2026-04-05,TB1552,2026-04-05 10:15:00,2026-04-05 10:31:00,16.0,2026-04-05 10:50:00,2026-04-05 10:59:00,A69 ,164.0,15.87,10.33,4.11,2.03,9.0
70,2026-04-05,TB2632,2026-04-05 09:29:00,2026-04-05 09:09:00,-20.0,2026-04-05 09:35:00,2026-04-05 09:44:00,B9  A,114.0,8.51,13.4,5.37,1.55,9.0
70,2026-04-05,TB2662,2026-04-05 09:15:00,2026-04-05 09:04:00,-11.0,2026-04-05 09:22:00,2026-04-05 09:30:00,B34 A,90.0,15.08,5.97,5.72,1.81,8.0
70,2026-04-05,TG934,2026-04-05 09:21:00,2026-04-05 09:16:00,-5.0,2026-04-05 09:38:00,2026-04-05 09:58:00,B38 A,249.0,13.08,19.03,4.5,2.59,20.0
70,2026-04-05,UA950,2026-04-05 12:20:00,2026-04-05 11:58:00,-22.0,2026-04-05 12:14:00,2026-04-05 12:42:00,B37 A,127.0,10.63,11.95,5.71,2.13,28.0
70,2026-04-05,UA994,2026-04-05 11:51:00,2026-04-05 11:37:00,-14.0,2026-04-05 11:55:00,2026-04-05 12:25:00,B40 A,157.0,12.55,12.51,5.61,2.21,30.0
70,2026-04-05,XR5402,2026-04-05 07:46:00,2026-04-05 08:56:00,70.0,2026-04-05 09:23:00,2026-04-05 09:26:00,B5  A,88.0,15.79,5.57,6.29,1.32,3.0
71,2026-04-05,AC832,2026-04-05 11:16:00,2026-04-05 10:39:00,-37.0,2026-04-05 10:54:00,2026-04-05 11:24:00,B5  A,101.0,13.36,7.56,4.26,1.96,30.0
71,2026-04-05,ET750,2026-04-05 11:13:00,2026-04-05 11:34:00,21.0,2026-04-05 12:17:00,2026-04-05 13:03:00,B17 A,464.0,12.51,37.09,5.17,1.63,46.0
71,2026-04-05,FH8116,2026-04-05 06:35:00,2026-04-05 06:00:00,-35.0,2026-04-05 06:07:00,2026-04-05 06:09:00,B15 A,22.0,14.4,1.53,5.66,1.37,2.0
71,2026-04-05,LH1004,2026-04-05 08:50:00,2026-04-05 08:53:00,3.0,2026-04-05 09:06:00,2026-04-05 09:12:00,A43 ,29.0,11.58,2.5,4.32,1.93,6.0
71,2026-04-05,SN1122,2026-04-05 08:39:00,2026-04-05 09:08:00,29.0,2026-04-05 09:20:00,2026-04-05 09:21:00,B40 A,13.0,11.69,1.11,4.67,2.66,1.0
71,2026-04-05,SN1124,2026-04-05 07:10:00,2026-04-05 07:19:00,9.0,2026-04-05 07:32:00,2026-04-05 07:48:00,B30 A,138.0,13.69,10.08,7.13,1.25,16.0
71,2026-04-05,SN206,2026-04-05 06:25:00,2026-04-05 06:48:00,23.0,2026-04-05 07:07:00,2026-04-05 07:30:00,B38 A,154.0,11.7,13.16,5.37,2.17,23.0
71,2026-04-05,SN229,2026-04-05 10:04:00,2026-04-05 10:26:00,22.0,2026-04-05 10:41:00,2026-04-05 11:10:00,B31 A,120.0,10.04,11.95,5.07,2.12,29.0
71,2026-04-05,SN278,2026-04-05 12:46:00,2026-04-05 12:41:00,-5.0,2026-04-05 13:04:00,2026-04-05 13:33:00,B31 A,62.0,14.22,4.36,4.97,2.16,29.0
71,2026-04-05,SN2900,2026-04-05 08:46:00,2026-04-05 08:33:00,-13.0,2026-04-05 08:58:00,2026-04-05 09:02:00,B14 A,79.0,12.07,6.55,7.54,0.88,4.0
71,2026-04-05,SN3326,2026-04-05 11:24:00,2026-04-05 11:41:00,17.0,2026-04-05 12:06:00,2026-04-05 12:12:00,B14 A,111.0,12.34,8.99,6.17,1.08,6.0
71,2026-04-05,SN358,2026-04-05 08:21:00,2026-04-05 08:24:00,3.0,2026-04-05 08:42:00,2026-04-05 09:09:00,B14 A,112.0,14.3,7.83,4.94,1.35,27.0
71,2026-04-05,SN379,2026-04-05 08:11:00,2026-04-05 08:40:00,29.0,2026-04-05 08:59:00,2026-04-05 09:27:00,B28 A,76.0,14.45,5.26,5.21,1.54,28.0
71,2026-04-05,SN3800,2026-04-05 06:15:00,2026-04-05 06:16:00,1.0,2026-04-05 06:28:00,2026-04-05 06:30:00,A65 ,27.0,10.24,2.64,5.8,1.44,2.0
71,2026-04-05,TB1552,2026-04-05 10:15:00,2026-04-05 10:31:00,16.0,2026-04-05 10:50:00,2026-04-05 10:59:00,A69 ,164.0,12.7,12.92,4.77,1.75,9.0
71,2026-04-05,TB2632,2026-04-05 09:29:00,2026-04-05 09:09:00,-20.0,2026-04-05 09:35:00,2026-04-05 09:44:00,B9  A,114.0,12.73,8.95,4.74,1.76,9.0
71,2026-04-05,TB2662,2026-04-05 09:15:00,2026-04-05 09:04:00,-11.0,2026-04-05 09:22:00,2026-04-05 09:30:00,B34 A,90.0,15.17,5.93,5.36,1.93,8.0
71,2026-04-05,TG934,2026-04-05 09:21:00,2026-04-05 09:16:00,-5.0,2026-04-05 09:38:00,2026-04-05 09:58:00,B38 A,249.0,14.23,17.5,4.55,2.56,20.0
71,2026-04-05,UA950,2026-04-05 12:20:00,2026-04-05 11:58:00,-22.0,2026-04-05 12:14:00,2026-04-05 12:42:00,B37 A,127.0,15.72,8.08,5.82,2.09,28.0
71,2026-04-05,UA994,2026-04-05 08:51:00,2026-04-05 08:32:00,-19.0,2026-04-05 08:52:00,2026-04-05 09:25:00,B40 A,171.0,10.35,16.52,4.01,3.1,33.0
71,2026-04-05,XR5402,2026-04-05 07:46:00,2026-04-05 08:56:00,70.0,2026-04-05 09:23:00,2026-04-05 09:26:00,B5  A,88.0,13.1,6.72,4.47,1.87,3.0
72,2026-04-05,AC832,2026-04-05 11:16:00,2026-04-05 10:39:00,-37.0,2026-04-05 10:54:00,2026-04-05 11:24:00,B5  A,101.0,10.97,9.2,6.61,1.26,30.0
72,2026-04-05,ET750,2026-04-05 11:13:00,2026-04-05 11:34:00,21.0,2026-04-05 12:17:00,2026-04-05 13:03:00,B17 A,464.0,12.2,38.04,4.61,1.83,46.0
72,2026-04-05,FH8116,2026-04-05 06:35:00,2026-04-05 06:00:00,-35.0,2026-04-05 06:07:00,2026-04-05 06:09:00,B15 A,22.0,10.56,2.08,5.38,1.44,2.0
72,2026-04-05,LH1004,2026-04-05 11:51:00,2026-04-05 11:47:00,-4.0,2026-04-05 12:07:00,2026-04-05 12:12:00,A43 ,23.0,11.29,2.04,4.64,1.8,5.0
72,2026-04-05,SN1122,2026-04-05 08:39:00,2026-04-05 09:08:00,29.0,2026-04-05 09:20:00,2026-04-05 09:21:00,B40 A,13.0,12.28,1.06,6.25,1.99,1.0
72,2026-04-05,SN1124,2026-04-05 07:10:00,2026-04-05 07:19:00,9.0,2026-04-05 07:32:00,2026-04-05 07:48:00,B30 A,138.0,14.99,9.21,5.82,1.53,16.0
72,2026-04-05,SN206,2026-04-05 06:25:00,2026-04-05 06:48:00,23.0,2026-04-05 07:07:00,2026-04-05 07:30:00,B38 A,154.0,12.95,11.9,5.18,2.25,23.0
72,2026-04-05,SN229,2026-04-05 08:06:00,2026-04-05 09:20:00,74.0,2026-04-05 09:41:00,2026-04-05 10:22:00,B14 A,144.0,11.64,12.37,4.21,1.58,41.0
72,2026-04-05,SN278,2026-04-05 08:43:00,2026-04-05 08:27:00,-16.0,2026-04-05 08:40:00,2026-04-05 09:10:00,B37 A,123.0,15.01,8.19,3.68,3.3,30.0
72,2026-04-05,SN2900,2026-04-05 07:39:00,2026-04-05 07:25:00,-14.0,2026-04-05 07:38:00,2026-04-05 07:53:00,B38 A,55.0,12.41,4.43,4.98,2.34,15.0
72,2026-04-05,SN3326,2026-04-05 11:24:00,2026-04-05 11:41:00,17.0,2026-04-05 12:06:00,2026-04-05 12:12:00,B14 A,111.0,14.64,7.58,5.12,1.3,6.0
72,2026-04-05,SN358,2026-04-05 08:21:00,2026-04-05 08:24:00,3.0,2026-04-05 08:42:00,2026-04-05 09:09:00,B14 A,112.0,10.65,10.51,5.47,1.22,27.0
72,2026-04-05,SN379,2026-04-05 10:10:00,2026-04-05 11:03:00,53.0,2026-04-05 11:42:00,2026-04-05 12:19:00,B29 A,161.0,13.82,11.65,5.69,1.73,37.0
72,2026-04-05,SN3800,2026-04-05 06:15:00,2026-04-05 06:16:00,1.0,2026-04-05 06:28:00,2026-04-05 06:30:00,A65 ,27.0,11.61,2.32,4.43,1.88,2.0
72,2026-04-05,TB1552,2026-04-05 07:47:00,2026-04-05 07:43:00,-4.0,2026-04-05 07:55:00,2026-04-05 07:59:00,A68 ,66.0,12.58,5.25,4.27,1.95,4.0
72,2026-04-05,TB2632,2026-04-05 09:29:00,2026-04-05 09:09:00,-20.0,2026-04-05 09:35:00,2026-04-05 09:44:00,B9  A,114.0,13.7,8.32,4.86,1.71,9.0
72,2026-04-05,TB2662,2026-04-05 09:15:00,2026-04-05 09:04:00,-11.0,2026-04-05 09:22:00,2026-04-05 09:30:00,B34 A,90.0,10.81,8.33,7.27,1.42,8.0
72,2026-04-05,TG934,2026-04-05 09:21:00,2026-04-05 09:16:00,-5.0,2026-04-05 09:38:00,2026-04-05 09:58:00,B38 A,249.0,12.7,19.6,6.09,1.91,20.0
72,2026-04-05,UA950,2026-04-05 11:22:00,2026-04-05 11:02:00,-20.0,2026-04-05 11:22:00,2026-04-05 11:45:00,B28 A,170.0,11.84,14.36,5.96,1.34,23.0
72,2026-04-05,UA994,2026-04-05 10:51:00,2026-04-05 10:01:00,-50.0,2026-04-05 10:18:00,2026-04-05 10:42:00,B38 A,177.0,13.12,13.49,4.24,2.75,24.0
72,2026-04-05,XR5402,2026-04-05 07:46:00,2026-04-05 08:56:00,70.0,2026-04-05 09:23:00,2026-04-05 09:26:00,B5  A,88.0,10.97,8.02,5.3,1.57,3.0
73,2026-04-05,AC832,2026-04-05 09:18:00,2026-04-05 08:45:00,-33.0,2026-04-05 09:06:00,2026-04-05 09:59:00,B28 A,110.0,10.95,10.04,5.2,1.54,53.0
73,2026-04-05,ET750,2026-04-05 11:13:00,2026-04-05 11:34:00,21.0,2026-04-05 12:17:00,2026-04-05 13:03:00,B17 A,464.0,12.31,37.69,5.2,1.62,46.0
73,2026-04-05,FH8116,2026-04-05 12:44:00,2026-04-05 12:48:00,4.0,2026-04-05 13:06:00,2026-04-05 13:13:00,B38 A,140.0,14.44,9.7,4.74,2.46,7.0
73,2026-04-05,LH1004,2026-04-05 09:50:00,2026-04-05 09:53:00,3.0,2026-04-05 10:20:00,2026-04-05 10:27:00,A43 ,33.0,12.36,2.67,5.52,1.51,7.0
73,2026-04-05,SN1122,2026-04-05 08:39:00,2026-04-05 09:08:00,29.0,2026-04-05 09:20:00,2026-04-05 09:21:00,B40 A,13.0,10.46,1.24,5.65,2.2,1.0
73,2026-04-05,SN1124,2026-04-05 07:10:00,2026-04-05 07:19:00,9.0,2026-04-05 07:32:00,2026-04-05 07:48:00,B30 A,138.0,13.31,10.37,5.17,1.73,16.0
73,2026-04-05,SN206,2026-04-05 06:25:00,2026-04-05 06:48:00,23.0,2026-04-05 07:07:00,2026-04-05 07:30:00,B38 A,154.0,15.53,9.92,4.05,2.88,23.0
73,2026-04-05,SN229,2026-04-05 10:04:00,2026-04-05 10:26:00,22.0,2026-04-05 10:41:00,2026-04-05 11:10:00,B31 A,120.0,10.76,11.15,3.87,2.78,29.0
73,2026-04-05,SN278,2026-04-05 10:45:00,2026-04-05 10:42:00,-3.0,2026-04-05 11:04:00,2026-04-05 11:16:00,B28 A,198.0,12.87,15.38,4.2,1.9,12.0
73,2026-04-05,SN2900,2026-04-05 08:46:00,2026-04-05 08:33:00,-13.0,2026-04-05 08:58:00,2026-04-05 09:02:00,B14 A,79.0,10.41,7.59,4.8,1.39,4.0
73,2026-04-05,SN3326,2026-04-05 11:24:00,2026-04-05 11:41:00,17.0,2026-04-05 12:06:00,2026-04-05 12:12:00,B14 A,111.0,11.81,9.4,6.59,1.01,6.0
73,2026-04-05,SN358,2026-04-05 08:21:00,2026-04-05 08:24:00,3.0,2026-04-05 08:42:00,2026-04-05 09:09:00,B14 A,112.0,14.87,7.53,5.48,1.22,27.0
73,2026-04-05,SN379,2026-04-05 10:10:00,2026-04-05 11:03:00,53.0,2026-04-05 11:42:00,2026-04-05 12:19:00,B29 A,161.0,12.58,12.8,4.8,2.05,37.0
73,2026-04-05,SN3800,2026-04-05 06:15:00,2026-04-05 06:16:00,1.0,2026-04-05 06:28:00,2026-04-05 06:30:00,A65 ,27.0,9.85,2.74,4.55,1.83,2.0
73,2026-04-05,TB1552,2026-04-05 08:29:00,2026-04-05 08:25:00,-4.0,2026-04-05 08:46:00,2026-04-05 08:54:00,A61 ,166.0,10.74,15.46,7.05,1.18,8.0
73,2026-04-05,TB2632,2026-04-05 09:29:00,2026-04-05 09:09:00,-20.0,2026-04-05 09:35:00,2026-04-05 09:44:00,B9  A,114.0,12.36,9.23,5.3,1.57,9.0
73,2026-04-05,TB2662,2026-04-05 09:15:00,2026-04-05 09:04:00,-11.0,2026-04-05 09:22:00,2026-04-05 09:30:00,B34 A,90.0,9.14,9.84,5.87,1.76,8.0
73,2026-04-05,TG934,2026-04-05 09:21:00,2026-04-05 09:16:00,-5.0,2026-04-05 09:38:00,2026-04-05 09:58:00,B38 A,249.0,14.03,17.75,5.26,2.22,20.0
73,2026-04-05,UA950,2026-04-05 09:21:00,2026-04-05 08:45:00,-36.0,2026-04-05 09:03:00,2026-04-05 09:29:00,B5  A,163.0,13.8,11.81,4.26,1.96,26.0
73,2026-04-05,UA994,2026-04-05 12:51:00,2026-04-05 12:35:00,-16.0,2026-04-05 12:54:00,2026-04-05 13:24:00,B38 A,109.0,10.8,10.09,3.93,2.97,30.0
73,2026-04-05,XR5402,2026-04-05 07:46:00,2026-04-05 08:56:00,70.0,2026-04-05 09:23:00,2026-04-05 09:26:00,B5  A,88.0,14.22,6.19,7.07,1.18,3.0
74,2026-04-05,AC832,2026-04-05 11:16:00,2026-04-05 10:39:00,-37.0,2026-04-05 10:54:00,2026-04-05 11:24:00,B5  A,101.0,13.52,7.47,4.68,1.78,30.0
74,2026-04-05,ET750,2026-04-05 11:13:00,2026-04-05 11:34:00,21.0,2026-04-05 12:17:00,2026-04-05 13:03:00,B17 A,464.0,11.93,38.89,4.94,1.7,46.0
74,2026-04-05,FH8116,2026-04-05 12:44:00,2026-04-05 12:48:00,4.0,2026-04-05 13:06:00,2026-04-05 13:13:00,B38 A,140.0,13.37,10.47,4.31,2.71,7.0
74,2026-04-05,LH1004,2026-04-05 08:50:00,2026-04-05 08:53:00,3.0,2026-04-05 09:06:00,2026-04-05 09:12:00,A43 ,29.0,14.57,1.99,4.4,1.89,6.0
74,2026-04-05,SN1122,2026-04-05 08:39:00,2026-04-05 09:08:00,29.0,2026-04-05 09:20:00,2026-04-05 09:21:00,B40 A,13.0,15.89,0.82,6.0,2.07,1.0
74,2026-04-05,SN1124,2026-04-05 07:10:00,2026-04-05 07:19:00,9.0,2026-04-05 07:32:00,2026-04-05 07:48:00,B30 A,138.0,15.06,9.16,5.61,1.59,16.0
74,2026-04-05,SN206,2026-04-05 06:25:00,2026-04-05 06:48:00,23.0,2026-04-05 07:07:00,2026-04-05 07:30:00,B38 A,154.0,14.71,10.47,5.08,2.3,23.0
74,2026-04-05,SN229,2026-04-05 10:04:00,2026-04-05 10:26:00,22.0,2026-04-05 10:41:00,2026-04-05 11:10:00,B31 A,120.0,11.74,10.22,3.47,3.1,29.0
74,2026-04-05,SN278,2026-04-05 12:46:00,2026-04-05 12:41:00,-5.0,2026-04-05 13:04:00,2026-04-05 13:33:00,B31 A,62.0,14.65,4.23,6.11,1.76,29.0
74,2026-04-05,SN2900,2026-04-05 08:46:00,2026-04-05 08:33:00,-13.0,2026-04-05 08:58:00,2026-04-05 09:02:00,B14 A,79.0,15.64,5.05,4.49,1.49,4.0
74,2026-04-05,SN3326,2026-04-05 11:24:00,2026-04-05 11:41:00,17.0,2026-04-05 12:06:00,2026-04-05 12:12:00,B14 A,111.0,12.97,8.56,4.73,1.41,6.0
74,2026-04-05,SN358,2026-04-05 10:21:00,2026-04-05 11:13:00,52.0,2026-04-05 11:43:00,2026-04-05 12:03:00,B38 A,126.0,13.21,9.54,4.48,2.6,20.0
74,2026-04-05,SN379,2026-04-05 08:11:00,2026-04-05 08:40:00,29.0,2026-04-05 08:59:00,2026-04-05 09:27:00,B28 A,76.0,14.12,5.38,5.19,1.54,28.0
74,2026-04-05,SN3800,2026-04-05 06:15:00,2026-04-05 06:16:00,1.0,2026-04-05 06:28:00,2026-04-05 06:30:00,A65 ,27.0,12.49,2.16,4.15,2.01,2.0
74,2026-04-05,TB1552,2026-04-05 07:15:00,2026-04-05 07:08:00,-7.0,2026-04-05 07:38:00,2026-04-05 07:45:00,A61 ,152.0,13.82,11.0,6.43,1.3,7.0
74,2026-04-05,TB2632,2026-04-05 09:29:00,2026-04-05 09:09:00,-20.0,2026-04-05 09:35:00,2026-04-05 09:44:00,B9  A,114.0,11.63,9.8,5.55,1.5,9.0
74,2026-04-05,TB2662,2026-04-05 09:15:00,2026-04-05 09:04:00,-11.0,2026-04-05 09:22:00,2026-04-05 09:30:00,B34 A,90.0,9.01,9.99,5.58,1.85,8.0
74,2026-04-05,TG934,2026-04-05 09:21:00,2026-04-05 09:16:00,-5.0,2026-04-05 09:38:00,2026-04-05 09:58:00,B38 A,249.0,12.63,19.71,5.3,2.2,20.0
74,2026-04-05,UA950,2026-04-05 11:22:00,2026-04-05 11:02:00,-20.0,2026-04-05 11:22:00,2026-04-05 11:45:00,B28 A,170.0,11.84,14.35,5.57,1.44,23.0
74,2026-04-05,UA994,2026-04-05 09:51:00,2026-04-05 11:28:00,97.0,2026-04-05 11:44:00,2026-04-05 12:09:00,B40 A,135.0,15.28,8.83,4.6,2.7,25.0
74,2026-04-05,XR5402,2026-04-05 07:46:00,2026-04-05 08:56:00,70.0,2026-04-05 09:23:00,2026-04-05 09:26:00,B5  A,88.0,13.67,6.44,4.88,1.71,3.0
75,2026-04-05,AC832,2026-04-05 12:18:00,2026-04-05 11:38:00,-40.0,2026-04-05 11:54:00,2026-04-05 12:17:00,B30 A,100.0,11.95,8.36,4.74,1.88,23.0
75,2026-04-05,ET750,2026-04-05 11:13:00,2026-04-05 11:34:00,21.0,2026-04-05 12:17:00,2026-04-05 13:03:00,B17 A,464.0,16.15,28.74,4.82,1.75,46.0
75,2026-04-05,FH8116,2026-04-05 12:44:00,2026-04-05 12:48:00,4.0,2026-04-05 13:06:00,2026-04-05 13:13:00,B38 A,140.0,11.48,12.19,7.49,1.56,7.0
75,2026-04-05,LH1004,2026-04-05 09:50:00,2026-04-05 09:53:00,3.0,2026-04-05 10:20:00,2026-04-05 10:27:00,A43 ,33.0,8.62,3.83,5.58,1.49,7.0
75,2026-04-05,SN1122,2026-04-05 08:39:00,2026-04-05 09:08:00,29.0,2026-04-05 09:20:00,2026-04-05 09:21:00,B40 A,13.0,10.61,1.22,5.0,2.48,1.0
75,2026-04-05,SN1124,2026-04-05 07:10:00,2026-04-05 07:19:00,9.0,2026-04-05 07:32:00,2026-04-05 07:48:00,B30 A,138.0,14.86,9.29,5.61,1.59,16.0
75,2026-04-05,SN206,2026-04-05 06:25:00,2026-04-05 06:48:00,23.0,2026-04-05 07:07:00,2026-04-05 07:30:00,B38 A,154.0,13.05,11.8,5.26,2.22,23.0
75,2026-04-05,SN229,2026-04-05 10:04:00,2026-04-05 10:26:00,22.0,2026-04-05 10:41:00,2026-04-05 11:10:00,B31 A,120.0,12.71,9.44,4.02,2.67,29.0
75,2026-04-05,SN278,2026-04-05 10:45:00,2026-04-05 10:42:00,-3.0,2026-04-05 11:04:00,2026-04-05 11:16:00,B28 A,198.0,13.88,14.26,5.56,1.44,12.0
75,2026-04-05,SN2900,2026-04-05 07:39:00,2026-04-05 07:25:00,-14.0,2026-04-05 07:38:00,2026-04-05 07:53:00,B38 A,55.0,14.58,3.77,4.2,2.78,15.0
75,2026-04-05,SN3326,2026-04-05 07:45:00,2026-04-05 08:05:00,20.0,2026-04-05 08:16:00,2026-04-05 08:36:00,B28 A,123.0,15.35,8.01,5.75,1.39,20.0
75,2026-04-05,SN358,2026-04-05 10:21:00,2026-04-05 11:13:00,52.0,2026-04-05 11:43:00,2026-04-05 12:03:00,B38 A,126.0,9.75,12.92,6.14,1.9,20.0
75,2026-04-05,SN379,2026-04-05 10:10:00,2026-04-05 11:03:00,53.0,2026-04-05 11:42:00,2026-04-05 12:19:00,B29 A,161.0,11.69,13.78,6.38,1.54,37.0
75,2026-04-05,SN3800,2026-04-05 06:15:00,2026-04-05 06:16:00,1.0,2026-04-05 06:28:00,2026-04-05 06:30:00,A65 ,27.0,11.67,2.31,5.01,1.66,2.0
75,2026-04-05,TB1552,2026-04-05 10:15:00,2026-04-05 10:31:00,16.0,2026-04-05 10:50:00,2026-04-05 10:59:00,A69 ,164.0,14.69,11.16,5.72,1.46,9.0
75,2026-04-05,TB2632,2026-04-05 09:29:00,2026-04-05 09:09:00,-20.0,2026-04-05 09:35:00,2026-04-05 09:44:00,B9  A,114.0,10.18,11.19,4.6,1.81,9.0
75,2026-04-05,TB2662,2026-04-05 09:15:00,2026-04-05 09:04:00,-11.0,2026-04-05 09:22:00,2026-04-05 09:30:00,B34 A,90.0,11.25,8.0,5.04,2.05,8.0
75,2026-04-05,TG934,2026-04-05 09:21:00,2026-04-05 09:16:00,-5.0,2026-04-05 09:38:00,2026-04-05 09:58:00,B38 A,249.0,13.8,18.05,3.69,3.16,20.0
75,2026-04-05,UA950,2026-04-05 09:21:00,2026-04-05 08:45:00,-36.0,2026-04-05 09:03:00,2026-04-05 09:29:00,B5  A,163.0,12.31,13.24,5.14,1.62,26.0
75,2026-04-05,UA994,2026-04-05 12:51:00,2026-04-05 12:35:00,-16.0,2026-04-05 12:54:00,2026-04-05 13:24:00,B38 A,109.0,11.92,9.14,4.1,2.84,30.0
75,2026-04-05,XR5402,2026-04-05 07:46:00,2026-04-05 08:56:00,70.0,2026-04-05 09:23:00,2026-04-05 09:26:00,B5  A,88.0,9.63,9.14,6.0,1.39,3.0
76,2026-04-05,AC832,2026-04-05 10:17:00,2026-04-05 10:43:00,26.0,2026-04-05 11:00:00,2026-04-05 11:34:00,B14 A,172.0,14.72,11.69,5.1,1.31,34.0
76,2026-04-05,ET750,2026-04-05 11:13:00,2026-04-05 11:34:00,21.0,2026-04-05 12:17:00,2026-04-05 13:03:00,B17 A,464.0,14.27,32.52,4.93,1.71,46.0
76,2026-04-05,FH8116,2026-04-05 06:35:00,2026-04-05 06:00:00,-35.0,2026-04-05 06:07:00,2026-04-05 06:09:00,B15 A,22.0,12.28,1.79,4.26,1.81,2.0
76,2026-04-05,LH1004,2026-04-05 08:50:00,2026-04-05 08:53:00,3.0,2026-04-05 09:06:00,2026-04-05 09:12:00,A43 ,29.0,12.19,2.38,4.59,1.81,6.0
76,2026-04-05,SN1122,2026-04-05 08:39:00,2026-04-05 09:08:00,29.0,2026-04-05 09:20:00,2026-04-05 09:21:00,B40 A,13.0,13.89,0.94,4.22,2.94,1.0
76,2026-04-05,SN1124,2026-04-05 07:10:00,2026-04-05 07:19:00,9.0,2026-04-05 07:32:00,2026-04-05 07:48:00,B30 A,138.0,13.81,10.0,3.97,2.24,16.0
76,2026-04-05,SN206,2026-04-05 06:25:00,2026-04-05 06:48:00,23.0,2026-04-05 07:07:00,2026-04-05 07:30:00,B38 A,154.0,10.77,14.3,5.12,2.28,23.0
76,2026-04-05,SN229,2026-04-05 10:04:00,2026-04-05 10:26:00,22.0,2026-04-05 10:41:00,2026-04-05 11:10:00,B31 A,120.0,9.61,12.49,4.28,2.51,29.0
76,2026-04-05,SN278,2026-04-05 12:46:00,2026-04-05 12:41:00,-5.0,2026-04-05 13:04:00,2026-04-05 13:33:00,B31 A,62.0,12.79,4.85,4.46,2.41,29.0
76,2026-04-05,SN2900,2026-04-05 07:39:00,2026-04-05 07:25:00,-14.0,2026-04-05 07:38:00,2026-04-05 07:53:00,B38 A,55.0,13.15,4.18,4.83,2.41,15.0
76,2026-04-05,SN3326,2026-04-05 11:24:00,2026-04-05 11:41:00,17.0,2026-04-05 12:06:00,2026-04-05 12:12:00,B14 A,111.0,12.91,8.6,5.9,1.13,6.0
76,2026-04-05,SN358,2026-04-05 10:21:00,2026-04-05 11:13:00,52.0,2026-04-05 11:43:00,2026-04-05 12:03:00,B38 A,126.0,13.48,9.35,4.44,2.63,20.0
76,2026-04-05,SN379,2026-04-05 10:10:00,2026-04-05 11:03:00,53.0,2026-04-05 11:42:00,2026-04-05 12:19:00,B29 A,161.0,12.3,13.09,6.29,1.56,37.0
76,2026-04-05,SN3800,2026-04-05 06:15:00,2026-04-05 06:16:00,1.0,2026-04-05 06:28:00,2026-04-05 06:30:00,A65 ,27.0,9.82,2.75,6.55,1.27,2.0
76,2026-04-05,TB1552,2026-04-05 07:47:00,2026-04-05 07:43:00,-4.0,2026-04-05 07:55:00,2026-04-05 07:59:00,A68 ,66.0,13.14,5.02,5.17,1.61,4.0
76,2026-04-05,TB2632,2026-04-05 09:29:00,2026-04-05 09:09:00,-20.0,2026-04-05 09:35:00,2026-04-05 09:44:00,B9  A,114.0,12.66,9.01,5.0,1.67,9.0
76,2026-04-05,TB2662,2026-04-05 09:15:00,2026-04-05 09:04:00,-11.0,2026-04-05 09:22:00,2026-04-05 09:30:00,B34 A,90.0,10.1,8.91,5.73,1.8,8.0
76,2026-04-05,TG934,2026-04-05 09:21:00,2026-04-05 09:16:00,-5.0,2026-04-05 09:38:00,2026-04-05 09:58:00,B38 A,249.0,14.41,17.28,4.22,2.76,20.0
76,2026-04-05,UA950,2026-04-05 11:22:00,2026-04-05 11:02:00,-20.0,2026-04-05 11:22:00,2026-04-05 11:45:00,B28 A,170.0,11.04,15.39,5.1,1.57,23.0
76,2026-04-05,UA994,2026-04-05 11:51:00,2026-04-05 11:37:00,-14.0,2026-04-05 11:55:00,2026-04-05 12:25:00,B40 A,157.0,13.4,11.72,5.25,2.36,30.0
76,2026-04-05,XR5402,2026-04-05 07:46:00,2026-04-05 08:56:00,70.0,2026-04-05 09:23:00,2026-04-05 09:26:00,B5  A,88.0,12.24,7.19,4.46,1.87,3.0
77,2026-04-05,AC832,2026-04-05 11:16:00,2026-04-05 10:39:00,-37.0,2026-04-05 10:54:00,2026-04-05 11:24:00,B5  A,101.0,10.96,9.22,5.9,1.41,30.0
77,2026-04-05,ET750,2026-04-05 11:13:00,2026-04-05 11:34:00,21.0,2026-04-05 12:17:00,2026-04-05 13:03:00,B17 A,464.0,11.63,39.9,4.48,1.88,46.0
77,2026-04-05,FH8116,2026-04-05 06:35:00,2026-04-05 06:00:00,-35.0,2026-04-05 06:07:00,2026-04-05 06:09:00,B15 A,22.0,12.71,1.73,5.79,1.33,2.0
77,2026-04-05,LH1004,2026-04-05 11:51:00,2026-04-05 11:47:00,-4.0,2026-04-05 12:07:00,2026-04-05 12:12:00,A43 ,23.0,10.47,2.2,4.7,1.77,5.0
77,2026-04-05,SN1122,2026-04-05 08:39:00,2026-04-05 09:08:00,29.0,2026-04-05 09:20:00,2026-04-05 09:21:00,B40 A,13.0,11.89,1.09,6.76,1.84,1.0
77,2026-04-05,SN1124,2026-04-05 07:10:00,2026-04-05 07:19:00,9.0,2026-04-05 07:32:00,2026-04-05 07:48:00,B30 A,138.0,13.79,10.01,3.49,2.56,16.0
77,2026-04-05,SN206,2026-04-05 06:25:00,2026-04-05 06:48:00,23.0,2026-04-05 07:07:00,2026-04-05 07:30:00,B38 A,154.0,14.2,10.85,5.13,2.27,23.0
77,2026-04-05,SN229,2026-04-05 10:04:00,2026-04-05 10:26:00,22.0,2026-04-05 10:41:00,2026-04-05 11:10:00,B31 A,120.0,11.38,10.55,5.26,2.04,29.0
77,2026-04-05,SN278,2026-04-05 10:45:00,2026-04-05 10:42:00,-3.0,2026-04-05 11:04:00,2026-04-05 11:16:00,B28 A,198.0,13.8,14.35,4.21,1.9,12.0
77,2026-04-05,SN2900,2026-04-05 10:44:00,2026-04-05 11:04:00,20.0,2026-04-05 11:13:00,2026-04-05 11:34:00,B32 A,49.0,13.23,3.7,4.71,2.05,21.0
77,2026-04-05,SN3326,2026-04-05 07:45:00,2026-04-05 08:05:00,20.0,2026-04-05 08:16:00,2026-04-05 08:36:00,B28 A,123.0,15.24,8.07,4.65,1.72,20.0
77,2026-04-05,SN358,2026-04-05 08:21:00,2026-04-05 08:24:00,3.0,2026-04-05 08:42:00,2026-04-05 09:09:00,B14 A,112.0,14.5,7.73,3.71,1.8,27.0
77,2026-04-05,SN379,2026-04-05 10:10:00,2026-04-05 11:03:00,53.0,2026-04-05 11:42:00,2026-04-05 12:19:00,B29 A,161.0,11.17,14.42,4.85,2.03,37.0
77,2026-04-05,SN3800,2026-04-05 06:15:00,2026-04-05 06:16:00,1.0,2026-04-05 06:28:00,2026-04-05 06:30:00,A65 ,27.0,13.56,1.99,5.97,1.4,2.0
77,2026-04-05,TB1552,2026-04-05 07:47:00,2026-04-05 07:43:00,-4.0,2026-04-05 07:55:00,2026-04-05 07:59:00,A68 ,66.0,15.06,4.38,4.25,1.96,4.0
77,2026-04-05,TB2632,2026-04-05 09:29:00,2026-04-05 09:09:00,-20.0,2026-04-05 09:35:00,2026-04-05 09:44:00,B9  A,114.0,13.98,8.15,4.63,1.8,9.0
77,2026-04-05,TB2662,2026-04-05 09:15:00,2026-04-05 09:04:00,-11.0,2026-04-05 09:22:00,2026-04-05 09:30:00,B34 A,90.0,12.59,7.15,3.81,2.71,8.0
77,2026-04-05,TG934,2026-04-05 12:22:00,2026-04-05 12:26:00,4.0,2026-04-05 12:46:00,2026-04-05 13:15:00,B34 A,260.0,16.45,15.81,3.96,2.61,29.0
77,2026-04-05,UA950,2026-04-05 08:20:00,2026-04-05 08:20:00,0.0,2026-04-05 08:36:00,2026-04-05 09:25:00,B38 A,176.0,14.09,12.49,4.44,2.63,49.0
77,2026-04-05,UA994,2026-04-05 09:51:00,2026-04-05 11:28:00,97.0,2026-04-05 11:44:00,2026-04-05 12:09:00,B40 A,135.0,13.75,9.82,5.29,2.35,25.0
77,2026-04-05,XR5402,2026-04-05 07:46:00,2026-04-05 08:56:00,70.0,2026-04-05 09:23:00,2026-04-05 09:26:00,B5  A,88.0,9.1,9.67,5.46,1.53,3.0
78,2026-04-05,AC832,2026-04-05 10:17:00,2026-04-05 10:43:00,26.0,2026-04-05 11:00:00,2026-04-05 11:34:00,B14 A,172.0,14.08,12.22,4.32,1.54,34.0
78,2026-04-05,ET750,2026-04-05 11:13:00,2026-04-05 11:34:00,21.0,2026-04-05 12:17:00,2026-04-05 13:03:00,B17 A,464.0,11.57,40.11,5.42,1.55,46.0
78,2026-04-05,FH8116,2026-04-05 12:44:00,2026-04-05 12:48:00,4.0,2026-04-05 13:06:00,2026-04-05 13:13:00,B38 A,140.0,13.29,10.53,5.47,2.13,7.0
78,2026-04-05,LH1004,2026-04-05 11:51:00,2026-04-05 11:47:00,-4.0,2026-04-05 12:07:00,2026-04-05 12:12:00,A43 ,23.0,15.3,1.5,5.43,1.54,5.0
78,2026-04-05,SN1122,2026-04-05 08:39:00,2026-04-05 09:08:00,29.0,2026-04-05 09:20:00,2026-04-05 09:21:00,B40 A,13.0,14.86,0.87,5.09,2.44,1.0
78,2026-04-05,SN1124,2026-04-05 07:10:00,2026-04-05 07:19:00,9.0,2026-04-05 07:32:00,2026-04-05 07:48:00,B30 A,138.0,12.52,11.02,5.7,1.56,16.0
78,2026-04-05,SN206,2026-04-05 06:25:00,2026-04-05 06:48:00,23.0,2026-04-05 07:07:00,2026-04-05 07:30:00,B38 A,154.0,13.91,11.07,3.71,3.15,23.0
78,2026-04-05,SN229,2026-04-05 10:04:00,2026-04-05 10:26:00,22.0,2026-04-05 10:41:00,2026-04-05 11:10:00,B31 A,120.0,13.27,9.04,4.04,2.66,29.0
78,2026-04-05,SN278,2026-04-05 12:46:00,2026-04-05 12:41:00,-5.0,2026-04-05 13:04:00,2026-04-05 13:33:00,B31 A,62.0,13.89,4.46,4.85,2.22,29.0
78,2026-04-05,SN2900,2026-04-05 10:44:00,2026-04-05 11:04:00,20.0,2026-04-05 11:13:00,2026-04-05 11:34:00,B32 A,49.0,13.45,3.64,6.31,1.53,21.0
78,2026-04-05,SN3326,2026-04-05 07:45:00,2026-04-05 08:05:00,20.0,2026-04-05 08:16:00,2026-04-05 08:36:00,B28 A,123.0,13.62,9.03,4.55,1.76,20.0
78,2026-04-05,SN358,2026-04-05 10:21:00,2026-04-05 11:13:00,52.0,2026-04-05 11:43:00,2026-04-05 12:03:00,B38 A,126.0,14.73,8.55,4.72,2.47,20.0
78,2026-04-05,SN379,2026-04-05 08:11:00,2026-04-05 08:40:00,29.0,2026-04-05 08:59:00,2026-04-05 09:27:00,B28 A,76.0,13.82,5.5,5.2,1.54,28.0
78,2026-04-05,SN3800,2026-04-05 06:15:00,2026-04-05 06:16:00,1.0,2026-04-05 06:28:00,2026-04-05 06:30:00,A65 ,27.0,11.52,2.34,5.94,1.4,2.0
78,2026-04-05,TB1552,2026-04-05 07:47:00,2026-04-05 07:43:00,-4.0,2026-04-05 07:55:00,2026-04-05 07:59:00,A68 ,66.0,12.59,5.24,3.61,2.31,4.0
78,2026-04-05,TB2632,2026-04-05 09:29:00,2026-04-05 09:09:00,-20.0,2026-04-05 09:35:00,2026-04-05 09:44:00,B9  A,114.0,10.46,10.9,3.89,2.14,9.0
78,2026-04-05,TB2662,2026-04-05 09:15:00,2026-04-05 09:04:00,-11.0,2026-04-05 09:22:00,2026-04-05 09:30:00,B34 A,90.0,13.42,6.71,4.83,2.14,8.0
78,2026-04-05,TG934,2026-04-05 09:21:00,2026-04-05 09:16:00,-5.0,2026-04-05 09:38:00,2026-04-05 09:58:00,B38 A,249.0,13.38,18.61,4.15,2.81,20.0
78,2026-04-05,UA950,2026-04-05 10:20:00,2026-04-05 09:58:00,-22.0,2026-04-05 10:24:00,2026-04-05 10:51:00,B40 A,188.0,13.62,13.8,4.44,2.8,27.0
78,2026-04-05,UA994,2026-04-05 12:51:00,2026-04-05 12:35:00,-16.0,2026-04-05 12:54:00,2026-04-05 13:24:00,B38 A,109.0,14.63,7.45,5.14,2.27,30.0
78,2026-04-05,XR5402,2026-04-05 07:46:00,2026-04-05 08:56:00,70.0,2026-04-05 09:23:00,2026-04-05 09:26:00,B5  A,88.0,13.62,6.46,4.71,1.77,3.0
79,2026-04-05,AC832,2026-04-05 11:16:00,2026-04-05 10:39:00,-37.0,2026-04-05 10:54:00,2026-04-05 11:24:00,B5  A,101.0,13.29,7.6,5.19,1.6,30.0
79,2026-04-05,ET750,2026-04-05 11:13:00,2026-04-05 11:34:00,21.0,2026-04-05 12:17:00,2026-04-05 13:03:00,B17 A,464.0,11.76,39.45,4.51,1.86,46.0
79,2026-04-05,FH8116,2026-04-05 12:44:00,2026-04-05 12:48:00,4.0,2026-04-05 13:06:00,2026-04-05 13:13:00,B38 A,140.0,10.32,13.56,4.22,2.76,7.0
79,2026-04-05,LH1004,2026-04-05 11:51:00,2026-04-05 11:47:00,-4.0,2026-04-05 12:07:00,2026-04-05 12:12:00,A43 ,23.0,14.19,1.62,5.58,1.49,5.0
79,2026-04-05,SN1122,2026-04-05 08:39:00,2026-04-05 09:08:00,29.0,2026-04-05 09:20:00,2026-04-05 09:21:00,B40 A,13.0,14.0,0.93,5.79,2.14,1.0
79,2026-04-05,SN1124,2026-04-05 07:10:00,2026-04-05 07:19:00,9.0,2026-04-05 07:32:00,2026-04-05 07:48:00,B30 A,138.0,14.01,9.85,4.69,1.9,16.0
79,2026-04-05,SN206,2026-04-05 06:25:00,2026-04-05 06:48:00,23.0,2026-04-05 07:07:00,2026-04-05 07:30:00,B38 A,154.0,13.51,11.4,4.9,2.38,23.0
79,2026-04-05,SN229,2026-04-05 10:04:00,2026-04-05 10:26:00,22.0,2026-04-05 10:41:00,2026-04-05 11:10:00,B31 A,120.0,12.02,9.99,4.78,2.25,29.0
79,2026-04-05,SN278,2026-04-05 08:43:00,2026-04-05 08:27:00,-16.0,2026-04-05 08:40:00,2026-04-05 09:10:00,B37 A,123.0,14.76,8.33,4.38,2.78,30.0
79,2026-04-05,SN2900,2026-04-05 10:44:00,2026-04-05 11:04:00,20.0,2026-04-05 11:13:00,2026-04-05 11:34:00,B32 A,49.0,11.52,4.25,4.8,2.02,21.0
79,2026-04-05,SN3326,2026-04-05 11:24:00,2026-04-05 11:41:00,17.0,2026-04-05 12:06:00,2026-04-05 12:12:00,B14 A,111.0,12.15,9.14,4.58,1.45,6.0
79,2026-04-05,SN358,2026-04-05 10:21:00,2026-04-05 11:13:00,52.0,2026-04-05 11:43:00,2026-04-05 12:03:00,B38 A,126.0,12.58,10.02,4.24,2.75,20.0
79,2026-04-05,SN379,2026-04-05 10:10:00,2026-04-05 11:03:00,53.0,2026-04-05 11:42:00,2026-04-05 12:19:00,B29 A,161.0,13.17,12.23,5.92,1.66,37.0
79,2026-04-05,SN3800,2026-04-05 06:15:00,2026-04-05 06:16:00,1.0,2026-04-05 06:28:00,2026-04-05 06:30:00,A65 ,27.0,13.64,1.98,4.72,1.76,2.0
79,2026-04-05,TB1552,2026-04-05 07:47:00,2026-04-05 07:43:00,-4.0,2026-04-05 07:55:00,2026-04-05 07:59:00,A68 ,66.0,13.11,5.03,5.86,1.42,4.0
79,2026-04-05,TB2632,2026-04-05 09:29:00,2026-04-05 09:09:00,-20.0,2026-04-05 09:35:00,2026-04-05 09:44:00,B9  A,114.0,11.41,9.99,5.01,1.66,9.0
79,2026-04-05,TB2662,2026-04-05 09:15:00,2026-04-05 09:04:00,-11.0,2026-04-05 09:22:00,2026-04-05 09:30:00,B34 A,90.0,15.1,5.96,4.61,2.24,8.0
79,2026-04-05,TG934,2026-04-05 12:22:00,2026-04-05 12:26:00,4.0,2026-04-05 12:46:00,2026-04-05 13:15:00,B34 A,260.0,15.49,16.79,4.78,2.16,29.0
79,2026-04-05,UA950,2026-04-05 11:22:00,2026-04-05 11:02:00,-20.0,2026-04-05 11:22:00,2026-04-05 11:45:00,B28 A,170.0,14.25,11.93,5.03,1.59,23.0
79,2026-04-05,UA994,2026-04-05 10:51:00,2026-04-05 10:01:00,-50.0,2026-04-05 10:18:00,2026-04-05 10:42:00,B38 A,177.0,14.73,12.02,6.21,1.88,24.0
79,2026-04-05,XR5402,2026-04-05 07:46:00,2026-04-05 08:56:00,70.0,2026-04-05 09:23:00,2026-04-05 09:26:00,B5  A,88.0,9.62,9.15,5.35,1.56,3.0
80,2026-04-05,AC832,2026-04-05 11:16:00,2026-04-05 10:39:00,-37.0,2026-04-05 10:54:00,2026-04-05 11:24:00,B5  A,101.0,9.08,11.13,6.08,1.37,30.0
80,2026-04-05,ET750,2026-04-05 11:13:00,2026-04-05 11:34:00,21.0,2026-04-05 12:17:00,2026-04-05 13:03:00,B17 A,464.0,12.82,36.18,5.11,1.65,46.0
80,2026-04-05,FH8116,2026-04-05 12:44:00,2026-04-05 12:48:00,4.0,2026-04-05 13:06:00,2026-04-05 13:13:00,B38 A,140.0,9.98,14.02,5.24,2.23,7.0
80,2026-04-05,LH1004,2026-04-05 12:50:00,2026-04-05 12:50:00,0.0,2026-04-05 13:03:00,2026-04-05 13:30:00,A43 ,40.0,12.07,3.31,4.28,1.94,27.0
80,2026-04-05,SN1122,2026-04-05 08:39:00,2026-04-05 09:08:00,29.0,2026-04-05 09:20:00,2026-04-05 09:21:00,B40 A,13.0,11.91,1.09,5.87,2.12,1.0
80,2026-04-05,SN1124,2026-04-05 07:10:00,2026-04-05 07:19:00,9.0,2026-04-05 07:32:00,2026-04-05 07:48:00,B30 A,138.0,12.51,11.03,4.61,1.93,16.0
80,2026-04-05,SN206,2026-04-05 06:25:00,2026-04-05 06:48:00,23.0,2026-04-05 07:07:00,2026-04-05 07:30:00,B38 A,154.0,11.57,13.32,5.22,2.24,23.0
80,2026-04-05,SN229,2026-04-05 08:06:00,2026-04-05 09:20:00,74.0,2026-04-05 09:41:00,2026-04-05 10:22:00,B14 A,144.0,10.15,14.19,3.5,1.9,41.0
80,2026-04-05,SN278,2026-04-05 10:45:00,2026-04-05 10:42:00,-3.0,2026-04-05 11:04:00,2026-04-05 11:16:00,B28 A,198.0,9.87,20.06,5.0,1.6,12.0
80,2026-04-05,SN2900,2026-04-05 07:39:00,2026-04-05 07:25:00,-14.0,2026-04-05 07:38:00,2026-04-05 07:53:00,B38 A,55.0,12.33,4.46,4.19,2.78,15.0
80,2026-04-05,SN3326,2026-04-05 11:24:00,2026-04-05 11:41:00,17.0,2026-04-05 12:06:00,2026-04-05 12:12:00,B14 A,111.0,13.45,8.25,5.3,1.26,6.0
80,2026-04-05,SN358,2026-04-05 08:21:00,2026-04-05 08:24:00,3.0,2026-04-05 08:42:00,2026-04-05 09:09:00,B14 A,112.0,14.82,7.56,4.66,1.43,27.0
80,2026-04-05,SN379,2026-04-05 10:10:00,2026-04-05 11:03:00,53.0,2026-04-05 11:42:00,2026-04-05 12:19:00,B29 A,161.0,12.42,12.96,4.51,2.18,37.0
80,2026-04-05,SN3800,2026-04-05 06:15:00,2026-04-05 06:16:00,1.0,2026-04-05 06:28:00,2026-04-05 06:30:00,A65 ,27.0,10.27,2.63,5.31,1.57,2.0
80,2026-04-05,TB1552,2026-04-05 07:47:00,2026-04-05 07:43:00,-4.0,2026-04-05 07:55:00,2026-04-05 07:59:00,A68 ,66.0,13.68,4.82,4.25,1.96,4.0
80,2026-04-05,TB2632,2026-04-05 09:29:00,2026-04-05 09:09:00,-20.0,2026-04-05 09:35:00,2026-04-05 09:44:00,B9  A,114.0,15.92,7.16,3.8,2.19,9.0
80,2026-04-05,TB2662,2026-04-05 09:15:00,2026-04-05 09:04:00,-11.0,2026-04-05 09:22:00,2026-04-05 09:30:00,B34 A,90.0,14.86,6.06,4.64,2.23,8.0
80,2026-04-05,TG934,2026-04-05 09:21:00,2026-04-05 09:16:00,-5.0,2026-04-05 09:38:00,2026-04-05 09:58:00,B38 A,249.0,13.09,19.02,7.4,1.58,20.0
80,2026-04-05,UA950,2026-04-05 10:20:00,2026-04-05 09:58:00,-22.0,2026-04-05 10:24:00,2026-04-05 10:51:00,B40 A,188.0,8.82,21.33,6.05,2.05,27.0
80,2026-04-05,UA994,2026-04-05 12:51:00,2026-04-05 12:35:00,-16.0,2026-04-05 12:54:00,2026-04-05 13:24:00,B38 A,109.0,10.48,10.4,4.14,2.82,30.0
80,2026-04-05,XR5402,2026-04-05 07:46:00,2026-04-05 08:56:00,70.0,2026-04-05 09:23:00,2026-04-05 09:26:00,B5  A,88.0,12.2,7.21,4.49,1.86,3.0
81,2026-04-05,AC832,2026-04-05 08:17:00,2026-04-05 07:46:00,-31.0,2026-04-05 08:02:00,2026-04-05 08:29:00,B30 A,122.0,12.55,9.72,3.87,2.3,27.0
81,2026-04-05,ET750,2026-04-05 11:13:00,2026-04-05 11:34:00,21.0,2026-04-05 12:17:00,2026-04-05 13:03:00,B17 A,464.0,13.62,34.06,4.72,1.78,46.0
81,2026-04-05,FH8116,2026-04-05 12:44:00,2026-04-05 12:48:00,4.0,2026-04-05 13:06:00,2026-04-05 13:13:00,B38 A,140.0,11.65,12.02,4.99,2.34,7.0
81,2026-04-05,LH1004,2026-04-05 09:50:00,2026-04-05 09:53:00,3.0,2026-04-05 10:20:00,2026-04-05 10:27:00,A43 ,33.0,10.15,3.25,5.01,1.66,7.0
81,2026-04-05,SN1122,2026-04-05 08:39:00,2026-04-05 09:08:00,29.0,2026-04-05 09:20:00,2026-04-05 09:21:00,B40 A,13.0,9.96,1.31,4.88,2.55,1.0
81,2026-04-05,SN1124,2026-04-05 07:10:00,2026-04-05 07:19:00,9.0,2026-04-05 07:32:00,2026-04-05 07:48:00,B30 A,138.0,13.63,10.12,5.38,1.66,16.0
81,2026-04-05,SN206,2026-04-05 06:25:00,2026-04-05 06:48:00,23.0,2026-04-05 07:07:00,2026-04-05 07:30:00,B38 A,154.0,16.65,9.25,5.54,2.1,23.0
81,2026-04-05,SN229,2026-04-05 12:06:00,2026-04-05 12:12:00,6.0,2026-04-05 12:39:00,2026-04-05 13:03:00,B28 A,20.0,15.5,1.29,5.3,1.51,24.0
81,2026-04-05,SN278,2026-04-05 08:43:00,2026-04-05 08:27:00,-16.0,2026-04-05 08:40:00,2026-04-05 09:10:00,B37 A,123.0,11.99,10.26,4.48,2.72,30.0
81,2026-04-05,SN2900,2026-04-05 10:44:00,2026-04-05 11:04:00,20.0,2026-04-05 11:13:00,2026-04-05 11:34:00,B32 A,49.0,12.25,4.0,4.29,2.25,21.0
81,2026-04-05,SN3326,2026-04-05 11:24:00,2026-04-05 11:41:00,17.0,2026-04-05 12:06:00,2026-04-05 12:12:00,B14 A,111.0,10.39,10.68,4.25,1.57,6.0
81,2026-04-05,SN358,2026-04-05 11:21:00,2026-04-05 11:29:00,8.0,2026-04-05 11:42:00,2026-04-05 12:06:00,B14 A,177.0,15.63,11.33,4.84,1.38,24.0
81,2026-04-05,SN379,2026-04-05 08:11:00,2026-04-05 08:40:00,29.0,2026-04-05 08:59:00,2026-04-05 09:27:00,B28 A,76.0,9.53,7.97,4.57,1.75,28.0
81,2026-04-05,SN3800,2026-04-05 06:15:00,2026-04-05 06:16:00,1.0,2026-04-05 06:28:00,2026-04-05 06:30:00,A65 ,27.0,12.2,2.21,5.21,1.6,2.0
81,2026-04-05,TB1552,2026-04-05 08:29:00,2026-04-05 08:25:00,-4.0,2026-04-05 08:46:00,2026-04-05 08:54:00,A61 ,166.0,11.73,14.15,5.62,1.48,8.0
81,2026-04-05,TB2632,2026-04-05 09:29:00,2026-04-05 09:09:00,-20.0,2026-04-05 09:35:00,2026-04-05 09:44:00,B9  A,114.0,11.81,9.65,4.83,1.72,9.0
81,2026-04-05,TB2662,2026-04-05 09:15:00,2026-04-05 09:04:00,-11.0,2026-04-05 09:22:00,2026-04-05 09:30:00,B34 A,90.0,10.17,8.85,4.86,2.12,8.0
81,2026-04-05,TG934,2026-04-05 09:21:00,2026-04-05 09:16:00,-5.0,2026-04-05 09:38:00,2026-04-05 09:58:00,B38 A,249.0,12.68,19.64,5.4,2.16,20.0
81,2026-04-05,UA950,2026-04-05 12:20:00,2026-04-05 11:58:00,-22.0,2026-04-05 12:14:00,2026-04-05 12:42:00,B37 A,127.0,11.13,11.41,4.1,2.97,28.0
81,2026-04-05,UA994,2026-04-05 08:51:00,2026-04-05 08:32:00,-19.0,2026-04-05 08:52:00,2026-04-05 09:25:00,B40 A,171.0,11.45,14.93,4.57,2.71,33.0
81,2026-04-05,XR5402,2026-04-05 07:46:00,2026-04-05 08:56:00,70.0,2026-04-05 09:23:00,2026-04-05 09:26:00,B5  A,88.0,15.08,5.84,3.73,2.24,3.0
82,2026-04-05,AC832,2026-04-05 08:17:00,2026-04-05 07:46:00,-31.0,2026-04-05 08:02:00,2026-04-05 08:29:00,B30 A,122.0,12.29,9.93,5.53,1.61,27.0
82,2026-04-05,ET750,2026-04-05 11:13:00,2026-04-05 11:34:00,21.0,2026-04-05 12:17:00,2026-04-05 13:03:00,B17 A,464.0,12.77,36.33,4.22,1.99,46.0
82,2026-04-05,FH8116,2026-04-05 12:44:00,2026-04-05 12:48:00,4.0,2026-04-05 13:06:00,2026-04-05 13:13:00,B38 A,140.0,13.28,10.54,4.39,2.66,7.0
82,2026-04-05,LH1004,2026-04-05 08:50:00,2026-04-05 08:53:00,3.0,2026-04-05 09:06:00,2026-04-05 09:12:00,A43 ,29.0,12.14,2.39,5.37,1.55,6.0
82,2026-04-05,SN1122,2026-04-05 08:39:00,2026-04-05 09:08:00,29.0,2026-04-05 09:20:00,2026-04-05 09:21:00,B40 A,13.0,14.03,0.93,4.89,2.54,1.0
82,2026-04-05,SN1124,2026-04-05 07:10:00,2026-04-05 07:19:00,9.0,2026-04-05 07:32:00,2026-04-05 07:48:00,B30 A,138.0,13.81,9.99,5.24,1.7,16.0
82,2026-04-05,SN206,2026-04-05 06:25:00,2026-04-05 06:48:00,23.0,2026-04-05 07:07:00,2026-04-05 07:30:00,B38 A,154.0,12.72,12.11,5.21,2.24,23.0
82,2026-04-05,SN229,2026-04-05 10:04:00,2026-04-05 10:26:00,22.0,2026-04-05 10:41:00,2026-04-05 11:10:00,B31 A,120.0,12.34,9.72,5.57,1.93,29.0
82,2026-04-05,SN278,2026-04-05 08:43:00,2026-04-05 08:27:00,-16.0,2026-04-05 08:40:00,2026-04-05 09:10:00,B37 A,123.0,15.51,7.93,5.25,2.32,30.0
82,2026-04-05,SN2900,2026-04-05 10:44:00,2026-04-05 11:04:00,20.0,2026-04-05 11:13:00,2026-04-05 11:34:00,B32 A,49.0,11.67,4.2,5.11,1.89,21.0
82,2026-04-05,SN3326,2026-04-05 11:24:00,2026-04-05 11:41:00,17.0,2026-04-05 12:06:00,2026-04-05 12:12:00,B14 A,111.0,11.17,9.94,6.05,1.1,6.0
82,2026-04-05,SN358,2026-04-05 10:21:00,2026-04-05 11:13:00,52.0,2026-04-05 11:43:00,2026-04-05 12:03:00,B38 A,126.0,16.43,7.67,5.38,2.17,20.0
82,2026-04-05,SN379,2026-04-05 10:10:00,2026-04-05 11:03:00,53.0,2026-04-05 11:42:00,2026-04-05 12:19:00,B29 A,161.0,13.37,12.04,4.86,2.02,37.0
82,2026-04-05,SN3800,2026-04-05 06:15:00,2026-04-05 06:16:00,1.0,2026-04-05 06:28:00,2026-04-05 06:30:00,A65 ,27.0,8.8,3.07,5.65,1.48,2.0
82,2026-04-05,TB1552,2026-04-05 07:15:00,2026-04-05 07:08:00,-7.0,2026-04-05 07:38:00,2026-04-05 07:45:00,A61 ,152.0,10.45,14.55,4.65,1.79,7.0
82,2026-04-05,TB2632,2026-04-05 09:29:00,2026-04-05 09:09:00,-20.0,2026-04-05 09:35:00,2026-04-05 09:44:00,B9  A,114.0,12.49,9.12,4.86,1.72,9.0
82,2026-04-05,TB2662,2026-04-05 09:15:00,2026-04-05 09:04:00,-11.0,2026-04-05 09:22:00,2026-04-05 09:30:00,B34 A,90.0,13.58,6.63,5.57,1.86,8.0
82,2026-04-05,TG934,2026-04-05 09:21:00,2026-04-05 09:16:00,-5.0,2026-04-05 09:38:00,2026-04-05 09:58:00,B38 A,249.0,13.86,17.96,5.98,1.95,20.0
82,2026-04-05,UA950,2026-04-05 12:20:00,2026-04-05 11:58:00,-22.0,2026-04-05 12:14:00,2026-04-05 12:42:00,B37 A,127.0,13.34,9.52,5.85,2.08,28.0
82,2026-04-05,UA994,2026-04-05 11:51:00,2026-04-05 11:37:00,-14.0,2026-04-05 11:55:00,2026-04-05 12:25:00,B40 A,157.0,11.53,13.62,4.86,2.56,30.0
82,2026-04-05,XR5402,2026-04-05 07:46:00,2026-04-05 08:56:00,70.0,2026-04-05 09:23:00,2026-04-05 09:26:00,B5  A,88.0,14.0,6.29,4.42,1.89,3.0
83,2026-04-05,AC832,2026-04-05 12:18:00,2026-04-05 11:38:00,-40.0,2026-04-05 11:54:00,2026-04-05 12:17:00,B30 A,100.0,10.89,9.18,4.32,2.06,23.0
83,2026-04-05,ET750,2026-04-05 11:13:00,2026-04-05 11:34:00,21.0,2026-04-05 12:17:00,2026-04-05 13:03:00,B17 A,464.0,16.12,28.79,5.25,1.6,46.0
83,2026-04-05,FH8116,2026-04-05 12:44:00,2026-04-05 12:48:00,4.0,2026-04-05 13:06:00,2026-04-05 13:13:00,B38 A,140.0,13.11,10.68,5.19,2.25,7.0
83,2026-04-05,LH1004,2026-04-05 12:50:00,2026-04-05 12:50:00,0.0,2026-04-05 13:03:00,2026-04-05 13:30:00,A43 ,40.0,14.18,2.82,4.47,1.86,27.0
83,2026-04-05,SN1122,2026-04-05 08:39:00,2026-04-05 09:08:00,29.0,2026-04-05 09:20:00,2026-04-05 09:21:00,B40 A,13.0,10.69,1.22,5.17,2.4,1.0
83,2026-04-05,SN1124,2026-04-05 07:10:00,2026-04-05 07:19:00,9.0,2026-04-05 07:32:00,2026-04-05 07:48:00,B30 A,138.0,14.52,9.51,5.33,1.67,16.0
83,2026-04-05,SN206,2026-04-05 06:25:00,2026-04-05 06:48:00,23.0,2026-04-05 07:07:00,2026-04-05 07:30:00,B38 A,154.0,12.46,12.36,5.08,2.3,23.0
83,2026-04-05,SN229,2026-04-05 10:04:00,2026-04-05 10:26:00,22.0,2026-04-05 10:41:00,2026-04-05 11:10:00,B31 A,120.0,11.55,10.39,4.84,2.22,29.0
83,2026-04-05,SN278,2026-04-05 12:46:00,2026-04-05 12:41:00,-5.0,2026-04-05 13:04:00,2026-04-05 13:33:00,B31 A,62.0,15.91,3.9,4.51,2.38,29.0
83,2026-04-05,SN2900,2026-04-05 07:39:00,2026-04-05 07:25:00,-14.0,2026-04-05 07:38:00,2026-04-05 07:53:00,B38 A,55.0,12.65,4.35,5.03,2.32,15.0
83,2026-04-05,SN3326,2026-04-05 07:45:00,2026-04-05 08:05:00,20.0,2026-04-05 08:16:00,2026-04-05 08:36:00,B28 A,123.0,13.48,9.13,5.09,1.57,20.0
83,2026-04-05,SN358,2026-04-05 11:21:00,2026-04-05 11:29:00,8.0,2026-04-05 11:42:00,2026-04-05 12:06:00,B14 A,177.0,15.44,11.47,5.23,1.28,24.0
83,2026-04-05,SN379,2026-04-05 08:11:00,2026-04-05 08:40:00,29.0,2026-04-05 08:59:00,2026-04-05 09:27:00,B28 A,76.0,14.36,5.29,6.72,1.19,28.0
83,2026-04-05,SN3800,2026-04-05 06:15:00,2026-04-05 06:16:00,1.0,2026-04-05 06:28:00,2026-04-05 06:30:00,A65 ,27.0,13.76,1.96,4.57,1.83,2.0
83,2026-04-05,TB1552,2026-04-05 08:29:00,2026-04-05 08:25:00,-4.0,2026-04-05 08:46:00,2026-04-05 08:54:00,A61 ,166.0,12.83,12.94,5.07,1.64,8.0
83,2026-04-05,TB2632,2026-04-05 09:29:00,2026-04-05 09:09:00,-20.0,2026-04-05 09:35:00,2026-04-05 09:44:00,B9  A,114.0,12.77,8.93,4.04,2.06,9.0
83,2026-04-05,TB2662,2026-04-05 09:15:00,2026-04-05 09:04:00,-11.0,2026-04-05 09:22:00,2026-04-05 09:30:00,B34 A,90.0,11.33,7.94,4.86,2.13,8.0
83,2026-04-05,TG934,2026-04-05 09:21:00,2026-04-05 09:16:00,-5.0,2026-04-05 09:38:00,2026-04-05 09:58:00,B38 A,249.0,14.9,16.71,5.87,1.99,20.0
83,2026-04-05,UA950,2026-04-05 11:22:00,2026-04-05 11:02:00,-20.0,2026-04-05 11:22:00,2026-04-05 11:45:00,B28 A,170.0,10.79,15.75,4.51,1.78,23.0
83,2026-04-05,UA994,2026-04-05 09:51:00,2026-04-05 11:28:00,97.0,2026-04-05 11:44:00,2026-04-05 12:09:00,B40 A,135.0,13.71,9.84,6.33,1.96,25.0
83,2026-04-05,XR5402,2026-04-05 07:46:00,2026-04-05 08:56:00,70.0,2026-04-05 09:23:00,2026-04-05 09:26:00,B5  A,88.0,13.19,6.67,5.0,1.67,3.0
84,2026-04-05,AC832,2026-04-05 10:17:00,2026-04-05 10:43:00,26.0,2026-04-05 11:00:00,2026-04-05 11:34:00,B14 A,172.0,12.52,13.74,4.76,1.4,34.0
84,2026-04-05,ET750,2026-04-05 11:13:00,2026-04-05 11:34:00,21.0,2026-04-05 12:17:00,2026-04-05 13:03:00,B17 A,464.0,14.56,31.87,4.72,1.78,46.0
84,2026-04-05,FH8116,2026-04-05 12:44:00,2026-04-05 12:48:00,4.0,2026-04-05 13:06:00,2026-04-05 13:13:00,B38 A,140.0,16.62,8.42,4.25,2.75,7.0
84,2026-04-05,LH1004,2026-04-05 08:50:00,2026-04-05 08:53:00,3.0,2026-04-05 09:06:00,2026-04-05 09:12:00,A43 ,29.0,11.27,2.57,4.26,1.96,6.0
84,2026-04-05,SN1122,2026-04-05 08:39:00,2026-04-05 09:08:00,29.0,2026-04-05 09:20:00,2026-04-05 09:21:00,B40 A,13.0,12.31,1.06,4.88,2.54,1.0
84,2026-04-05,SN1124,2026-04-05 07:10:00,2026-04-05 07:19:00,9.0,2026-04-05 07:32:00,2026-04-05 07:48:00,B30 A,138.0,12.97,10.64,4.86,1.83,16.0
84,2026-04-05,SN206,2026-04-05 06:25:00,2026-04-05 06:48:00,23.0,2026-04-05 07:07:00,2026-04-05 07:30:00,B38 A,154.0,10.9,14.13,4.62,2.52,23.0
84,2026-04-05,SN229,2026-04-05 10:04:00,2026-04-05 10:26:00,22.0,2026-04-05 10:41:00,2026-04-05 11:10:00,B31 A,120.0,14.28,8.41,5.32,2.02,29.0
84,2026-04-05,SN278,2026-04-05 10:45:00,2026-04-05 10:42:00,-3.0,2026-04-05 11:04:00,2026-04-05 11:16:00,B28 A,198.0,11.15,17.76,5.41,1.48,12.0
84,2026-04-05,SN2900,2026-04-05 08:46:00,2026-04-05 08:33:00,-13.0,2026-04-05 08:58:00,2026-04-05 09:02:00,B14 A,79.0,10.96,7.21,4.28,1.56,4.0
84,2026-04-05,SN3326,2026-04-05 07:45:00,2026-04-05 08:05:00,20.0,2026-04-05 08:16:00,2026-04-05 08:36:00,B28 A,123.0,13.75,8.94,5.69,1.41,20.0
84,2026-04-05,SN358,2026-04-05 08:21:00,2026-04-05 08:24:00,3.0,2026-04-05 08:42:00,2026-04-05 09:09:00,B14 A,112.0,9.77,11.47,5.17,1.29,27.0
84,2026-04-05,SN379,2026-04-05 10:10:00,2026-04-05 11:03:00,53.0,2026-04-05 11:42:00,2026-04-05 12:19:00,B29 A,161.0,10.48,15.36,6.1,1.61,37.0
84,2026-04-05,SN3800,2026-04-05 06:15:00,2026-04-05 06:16:00,1.0,2026-04-05 06:28:00,2026-04-05 06:30:00,A65 ,27.0,13.51,2.0,5.04,1.65,2.0
84,2026-04-05,TB1552,2026-04-05 07:15:00,2026-04-05 07:08:00,-7.0,2026-04-05 07:38:00,2026-04-05 07:45:00,A61 ,152.0,13.92,10.92,4.31,1.93,7.0
84,2026-04-05,TB2632,2026-04-05 09:29:00,2026-04-05 09:09:00,-20.0,2026-04-05 09:35:00,2026-04-05 09:44:00,B9  A,114.0,14.2,8.03,5.37,1.55,9.0
84,2026-04-05,TB2662,2026-04-05 09:15:00,2026-04-05 09:04:00,-11.0,2026-04-05 09:22:00,2026-04-05 09:30:00,B34 A,90.0,11.67,7.71,6.0,1.72,8.0
84,2026-04-05,TG934,2026-04-05 12:22:00,2026-04-05 12:26:00,4.0,2026-04-05 12:46:00,2026-04-05 13:15:00,B34 A,260.0,16.55,15.71,5.38,1.92,29.0
84,2026-04-05,UA950,2026-04-05 10:20:00,2026-04-05 09:58:00,-22.0,2026-04-05 10:24:00,2026-04-05 10:51:00,B40 A,188.0,8.49,22.15,5.37,2.31,27.0
84,2026-04-05,UA994,2026-04-05 08:51:00,2026-04-05 08:32:00,-19.0,2026-04-05 08:52:00,2026-04-05 09:25:00,B40 A,171.0,13.27,12.89,6.12,2.03,33.0
84,2026-04-05,XR5402,2026-04-05 07:46:00,2026-04-05 08:56:00,70.0,2026-04-05 09:23:00,2026-04-05 09:26:00,B5  A,88.0,10.99,8.01,4.97,1.68,3.0
85,2026-04-05,AC832,2026-04-05 11:16:00,2026-04-05 10:39:00,-37.0,2026-04-05 10:54:00,2026-04-05 11:24:00,B5  A,101.0,11.04,9.14,3.9,2.14,30.0
85,2026-04-05,ET750,2026-04-05 09:11:00,2026-04-05 09:13:00,2.0,2026-04-05 09:42:00,2026-04-05 10:46:00,B40 A,421.0,16.57,25.41,3.61,3.44,64.0
85,2026-04-05,FH8116,2026-04-05 06:35:00,2026-04-05 06:00:00,-35.0,2026-04-05 06:07:00,2026-04-05 06:09:00,B15 A,22.0,9.67,2.27,4.94,1.57,2.0
85,2026-04-05,LH1004,2026-04-05 08:50:00,2026-04-05 08:53:00,3.0,2026-04-05 09:06:00,2026-04-05 09:12:00,A43 ,29.0,12.9,2.25,4.6,1.81,6.0
85,2026-04-05,SN1122,2026-04-05 08:39:00,2026-04-05 09:08:00,29.0,2026-04-05 09:20:00,2026-04-05 09:21:00,B40 A,13.0,13.86,0.94,4.27,2.91,1.0
85,2026-04-05,SN1124,2026-04-05 07:10:00,2026-04-05 07:19:00,9.0,2026-04-05 07:32:00,2026-04-05 07:48:00,B30 A,138.0,12.53,11.01,4.58,1.95,16.0
85,2026-04-05,SN206,2026-04-05 06:25:00,2026-04-05 06:48:00,23.0,2026-04-05 07:07:00,2026-04-05 07:30:00,B38 A,154.0,14.05,10.96,3.98,2.93,23.0
85,2026-04-05,SN229,2026-04-05 08:06:00,2026-04-05 09:20:00,74.0,2026-04-05 09:41:00,2026-04-05 10:22:00,B14 A,144.0,12.44,11.57,4.25,1.57,41.0
85,2026-04-05,SN278,2026-04-05 10:45:00,2026-04-05 10:42:00,-3.0,2026-04-05 11:04:00,2026-04-05 11:16:00,B28 A,198.0,15.43,12.83,4.55,1.76,12.0
85,2026-04-05,SN2900,2026-04-05 07:39:00,2026-04-05 07:25:00,-14.0,2026-04-05 07:38:00,2026-04-05 07:53:00,B38 A,55.0,15.4,3.57,5.75,2.03,15.0
85,2026-04-05,SN3326,2026-04-05 11:24:00,2026-04-05 11:41:00,17.0,2026-04-05 12:06:00,2026-04-05 12:12:00,B14 A,111.0,12.53,8.86,4.31,1.55,6.0
85,2026-04-05,SN358,2026-04-05 10:21:00,2026-04-05 11:13:00,52.0,2026-04-05 11:43:00,2026-04-05 12:03:00,B38 A,126.0,10.6,11.88,4.35,2.68,20.0
85,2026-04-05,SN379,2026-04-05 08:11:00,2026-04-05 08:40:00,29.0,2026-04-05 08:59:00,2026-04-05 09:27:00,B28 A,76.0,13.11,5.8,4.26,1.88,28.0
85,2026-04-05,SN3800,2026-04-05 06:15:00,2026-04-05 06:16:00,1.0,2026-04-05 06:28:00,2026-04-05 06:30:00,A65 ,27.0,12.11,2.23,6.75,1.23,2.0
85,2026-04-05,TB1552,2026-04-05 10:15:00,2026-04-05 10:31:00,16.0,2026-04-05 10:50:00,2026-04-05 10:59:00,A69 ,164.0,15.41,10.64,5.51,1.51,9.0
85,2026-04-05,TB2632,2026-04-05 09:29:00,2026-04-05 09:09:00,-20.0,2026-04-05 09:35:00,2026-04-05 09:44:00,B9  A,114.0,13.32,8.56,3.73,2.23,9.0
85,2026-04-05,TB2662,2026-04-05 09:15:00,2026-04-05 09:04:00,-11.0,2026-04-05 09:22:00,2026-04-05 09:30:00,B34 A,90.0,12.18,7.39,4.81,2.15,8.0
85,2026-04-05,TG934,2026-04-05 09:21:00,2026-04-05 09:16:00,-5.0,2026-04-05 09:38:00,2026-04-05 09:58:00,B38 A,249.0,13.89,17.93,5.26,2.22,20.0
85,2026-04-05,UA950,2026-04-05 11:22:00,2026-04-05 11:02:00,-20.0,2026-04-05 11:22:00,2026-04-05 11:45:00,B28 A,170.0,9.88,17.21,4.25,1.88,23.0
85,2026-04-05,UA994,2026-04-05 12:51:00,2026-04-05 12:35:00,-16.0,2026-04-05 12:54:00,2026-04-05 13:24:00,B38 A,109.0,12.27,8.88,5.52,2.11,30.0
85,2026-04-05,XR5402,2026-04-05 07:46:00,2026-04-05 08:56:00,70.0,2026-04-05 09:23:00,2026-04-05 09:26:00,B5  A,88.0,11.95,7.36,5.23,1.59,3.0
86,2026-04-05,AC832,2026-04-05 12:18:00,2026-04-05 11:38:00,-40.0,2026-04-05 11:54:00,2026-04-05 12:17:00,B30 A,100.0,15.84,6.31,4.38,2.04,23.0
86,2026-04-05,ET750,2026-04-05 11:13:00,2026-04-05 11:34:00,21.0,2026-04-05 12:17:00,2026-04-05 13:03:00,B17 A,464.0,11.7,39.64,5.57,1.51,46.0
86,2026-04-05,FH8116,2026-04-05 12:44:00,2026-04-05 12:48:00,4.0,2026-04-05 13:06:00,2026-04-05 13:13:00,B38 A,140.0,11.57,12.1,6.4,1.82,7.0
86,2026-04-05,LH1004,2026-04-05 09:50:00,2026-04-05 09:53:00,3.0,2026-04-05 10:20:00,2026-04-05 10:27:00,A43 ,33.0,12.11,2.72,4.96,1.68,7.0
86,2026-04-05,SN1122,2026-04-05 08:39:00,2026-04-05 09:08:00,29.0,2026-04-05 09:20:00,2026-04-05 09:21:00,B40 A,13.0,11.44,1.14,5.45,2.28,1.0
86,2026-04-05,SN1124,2026-04-05 07:10:00,2026-04-05 07:19:00,9.0,2026-04-05 07:32:00,2026-04-05 07:48:00,B30 A,138.0,14.06,9.81,4.05,2.2,16.0
86,2026-04-05,SN206,2026-04-05 06:25:00,2026-04-05 06:48:00,23.0,2026-04-05 07:07:00,2026-04-05 07:30:00,B38 A,154.0,9.56,16.1,4.97,2.35,23.0
86,2026-04-05,SN229,2026-04-05 10:04:00,2026-04-05 10:26:00,22.0,2026-04-05 10:41:00,2026-04-05 11:10:00,B31 A,120.0,11.24,10.67,4.4,2.44,29.0
86,2026-04-05,SN278,2026-04-05 12:46:00,2026-04-05 12:41:00,-5.0,2026-04-05 13:04:00,2026-04-05 13:33:00,B31 A,62.0,8.83,7.02,5.68,1.89,29.0
86,2026-04-05,SN2900,2026-04-05 10:44:00,2026-04-05 11:04:00,20.0,2026-04-05 11:13:00,2026-04-05 11:34:00,B32 A,49.0,11.17,4.39,3.85,2.51,21.0
86,2026-04-05,SN3326,2026-04-05 11:24:00,2026-04-05 11:41:00,17.0,2026-04-05 12:06:00,2026-04-05 12:12:00,B14 A,111.0,10.16,10.92,6.28,1.06,6.0
86,2026-04-05,SN358,2026-04-05 10:21:00,2026-04-05 11:13:00,52.0,2026-04-05 11:43:00,2026-04-05 12:03:00,B38 A,126.0,13.7,9.2,4.74,2.46,20.0
86,2026-04-05,SN379,2026-04-05 10:10:00,2026-04-05 11:03:00,53.0,2026-04-05 11:42:00,2026-04-05 12:19:00,B29 A,161.0,15.31,10.51,4.62,2.13,37.0
86,2026-04-05,SN3800,2026-04-05 06:15:00,2026-04-05 06:16:00,1.0,2026-04-05 06:28:00,2026-04-05 06:30:00,A65 ,27.0,14.05,1.92,6.22,1.34,2.0
86,2026-04-05,TB1552,2026-04-05 07:47:00,2026-04-05 07:43:00,-4.0,2026-04-05 07:55:00,2026-04-05 07:59:00,A68 ,66.0,12.76,5.17,3.76,2.22,4.0
86,2026-04-05,TB2632,2026-04-05 09:29:00,2026-04-05 09:09:00,-20.0,2026-04-05 09:35:00,2026-04-05 09:44:00,B9  A,114.0,13.81,8.25,4.05,2.06,9.0
86,2026-04-05,TB2662,2026-04-05 09:15:00,2026-04-05 09:04:00,-11.0,2026-04-05 09:22:00,2026-04-05 09:30:00,B34 A,90.0,12.17,7.39,6.08,1.7,8.0
86,2026-04-05,TG934,2026-04-05 09:21:00,2026-04-05 09:16:00,-5.0,2026-04-05 09:38:00,2026-04-05 09:58:00,B38 A,249.0,14.91,16.71,4.32,2.7,20.0
86,2026-04-05,UA950,2026-04-05 09:21:00,2026-04-05 08:45:00,-36.0,2026-04-05 09:03:00,2026-04-05 09:29:00,B5  A,163.0,14.24,11.45,4.12,2.02,26.0
86,2026-04-05,UA994,2026-04-05 10:51:00,2026-04-05 10:01:00,-50.0,2026-04-05 10:18:00,2026-04-05 10:42:00,B38 A,177.0,13.01,13.6,5.83,2.0,24.0
86,2026-04-05,XR5402,2026-04-05 07:46:00,2026-04-05 08:56:00,70.0,2026-04-05 09:23:00,2026-04-05 09:26:00,B5  A,88.0,13.14,6.7,5.07,1.64,3.0
87,2026-04-05,AC832,2026-04-05 11:16:00,2026-04-05 10:39:00,-37.0,2026-04-05 10:54:00,2026-04-05 11:24:00,B5  A,101.0,15.4,6.56,5.85,1.42,30.0
87,2026-04-05,ET750,2026-04-05 11:13:00,2026-04-05 11:34:00,21.0,2026-04-05 12:17:00,2026-04-05 13:03:00,B17 A,464.0,14.88,31.19,4.14,2.04,46.0
87,2026-04-05,FH8116,2026-04-05 12:44:00,2026-04-05 12:48:00,4.0,2026-04-05 13:06:00,2026-04-05 13:13:00,B38 A,140.0,12.36,11.33,4.64,2.52,7.0
87,2026-04-05,LH1004,2026-04-05 08:50:00,2026-04-05 08:53:00,3.0,2026-04-05 09:06:00,2026-04-05 09:12:00,A43 ,29.0,11.98,2.42,4.58,1.82,6.0
87,2026-04-05,SN1122,2026-04-05 08:39:00,2026-04-05 09:08:00,29.0,2026-04-05 09:20:00,2026-04-05 09:21:00,B40 A,13.0,12.38,1.05,5.21,2.38,1.0
87,2026-04-05,SN1124,2026-04-05 07:10:00,2026-04-05 07:19:00,9.0,2026-04-05 07:32:00,2026-04-05 07:48:00,B30 A,138.0,15.05,9.17,5.05,1.77,16.0
87,2026-04-05,SN206,2026-04-05 06:25:00,2026-04-05 06:48:00,23.0,2026-04-05 07:07:00,2026-04-05 07:30:00,B38 A,154.0,13.96,11.03,4.05,2.88,23.0
87,2026-04-05,SN229,2026-04-05 12:06:00,2026-04-05 12:12:00,6.0,2026-04-05 12:39:00,2026-04-05 13:03:00,B28 A,20.0,9.13,2.19,4.31,1.86,24.0
87,2026-04-05,SN278,2026-04-05 12:46:00,2026-04-05 12:41:00,-5.0,2026-04-05 13:04:00,2026-04-05 13:33:00,B31 A,62.0,11.91,5.21,4.39,2.45,29.0
87,2026-04-05,SN2900,2026-04-05 07:39:00,2026-04-05 07:25:00,-14.0,2026-04-05 07:38:00,2026-04-05 07:53:00,B38 A,55.0,13.59,4.05,5.26,2.22,15.0
87,2026-04-05,SN3326,2026-04-05 11:24:00,2026-04-05 11:41:00,17.0,2026-04-05 12:06:00,2026-04-05 12:12:00,B14 A,111.0,13.08,8.48,5.51,1.21,6.0
87,2026-04-05,SN358,2026-04-05 10:21:00,2026-04-05 11:13:00,52.0,2026-04-05 11:43:00,2026-04-05 12:03:00,B38 A,126.0,13.1,9.61,6.73,1.73,20.0
87,2026-04-05,SN379,2026-04-05 08:11:00,2026-04-05 08:40:00,29.0,2026-04-05 08:59:00,2026-04-05 09:27:00,B28 A,76.0,11.27,6.75,6.15,1.3,28.0
87,2026-04-05,SN3800,2026-04-05 06:15:00,2026-04-05 06:16:00,1.0,2026-04-05 06:28:00,2026-04-05 06:30:00,A65 ,27.0,13.95,1.94,4.64,1.8,2.0
87,2026-04-05,TB1552,2026-04-05 07:47:00,2026-04-05 07:43:00,-4.0,2026-04-05 07:55:00,2026-04-05 07:59:00,A68 ,66.0,9.76,6.76,4.42,1.89,4.0
87,2026-04-05,TB2632,2026-04-05 09:29:00,2026-04-05 09:09:00,-20.0,2026-04-05 09:35:00,2026-04-05 09:44:00,B9  A,114.0,14.0,8.14,4.14,2.01,9.0
87,2026-04-05,TB2662,2026-04-05 09:15:00,2026-04-05 09:04:00,-11.0,2026-04-05 09:22:00,2026-04-05 09:30:00,B34 A,90.0,10.39,8.66,5.13,2.01,8.0
87,2026-04-05,TG934,2026-04-05 09:21:00,2026-04-05 09:16:00,-5.0,2026-04-05 09:38:00,2026-04-05 09:58:00,B38 A,249.0,15.21,16.37,5.73,2.04,20.0
87,2026-04-05,UA950,2026-04-05 08:20:00,2026-04-05 08:20:00,0.0,2026-04-05 08:36:00,2026-04-05 09:25:00,B38 A,176.0,13.66,12.88,5.54,2.1,49.0
87,2026-04-05,UA994,2026-04-05 08:51:00,2026-04-05 08:32:00,-19.0,2026-04-05 08:52:00,2026-04-05 09:25:00,B40 A,171.0,16.38,10.44,5.51,2.26,33.0
87,2026-04-05,XR5402,2026-04-05 07:46:00,2026-04-05 08:56:00,70.0,2026-04-05 09:23:00,2026-04-05 09:26:00,B5  A,88.0,11.44,7.69,4.05,2.06,3.0
88,2026-04-05,AC832,2026-04-05 09:18:00,2026-04-05 08:45:00,-33.0,2026-04-05 09:06:00,2026-04-05 09:59:00,B28 A,110.0,15.72,7.0,4.86,1.64,53.0
88,2026-04-05,ET750,2026-04-05 11:13:00,2026-04-05 11:34:00,21.0,2026-04-05 12:17:00,2026-04-05 13:03:00,B17 A,464.0,12.97,35.78,3.79,2.22,46.0
88,2026-04-05,FH8116,2026-04-05 06:35:00,2026-04-05 06:00:00,-35.0,2026-04-05 06:07:00,2026-04-05 06:09:00,B15 A,22.0,16.77,1.31,3.63,2.13,2.0
88,2026-04-05,LH1004,2026-04-05 11:51:00,2026-04-05 11:47:00,-4.0,2026-04-05 12:07:00,2026-04-05 12:12:00,A43 ,23.0,13.26,1.74,4.93,1.69,5.0
88,2026-04-05,SN1122,2026-04-05 08:39:00,2026-04-05 09:08:00,29.0,2026-04-05 09:20:00,2026-04-05 09:21:00,B40 A,13.0,10.62,1.22,5.1,2.44,1.0
88,2026-04-05,SN1124,2026-04-05 07:10:00,2026-04-05 07:19:00,9.0,2026-04-05 07:32:00,2026-04-05 07:48:00,B30 A,138.0,13.16,10.48,4.16,2.14,16.0
88,2026-04-05,SN206,2026-04-05 06:25:00,2026-04-05 06:48:00,23.0,2026-04-05 07:07:00,2026-04-05 07:30:00,B38 A,154.0,9.98,15.44,5.17,2.26,23.0
88,2026-04-05,SN229,2026-04-05 12:06:00,2026-04-05 12:12:00,6.0,2026-04-05 12:39:00,2026-04-05 13:03:00,B28 A,20.0,13.78,1.45,3.51,2.28,24.0
88,2026-04-05,SN278,2026-04-05 10:45:00,2026-04-05 10:42:00,-3.0,2026-04-05 11:04:00,2026-04-05 11:16:00,B28 A,198.0,13.13,15.08,5.27,1.52,12.0
88,2026-04-05,SN2900,2026-04-05 07:39:00,2026-04-05 07:25:00,-14.0,2026-04-05 07:38:00,2026-04-05 07:53:00,B38 A,55.0,11.12,4.94,4.94,2.36,15.0
88,2026-04-05,SN3326,2026-04-05 11:24:00,2026-04-05 11:41:00,17.0,2026-04-05 12:06:00,2026-04-05 12:12:00,B14 A,111.0,12.9,8.6,5.26,1.27,6.0
88,2026-04-05,SN358,2026-04-05 10:21:00,2026-04-05 11:13:00,52.0,2026-04-05 11:43:00,2026-04-05 12:03:00,B38 A,126.0,14.03,8.98,4.36,2.68,20.0
88,2026-04-05,SN379,2026-04-05 10:10:00,2026-04-05 11:03:00,53.0,2026-04-05 11:42:00,2026-04-05 12:19:00,B29 A,161.0,13.42,12.0,5.96,1.65,37.0
88,2026-04-05,SN3800,2026-04-05 06:15:00,2026-04-05 06:16:00,1.0,2026-04-05 06:28:00,2026-04-05 06:30:00,A65 ,27.0,9.81,2.75,5.62,1.48,2.0
88,2026-04-05,TB1552,2026-04-05 07:15:00,2026-04-05 07:08:00,-7.0,2026-04-05 07:38:00,2026-04-05 07:45:00,A61 ,152.0,10.5,14.47,5.83,1.43,7.0
88,2026-04-05,TB2632,2026-04-05 09:29:00,2026-04-05 09:09:00,-20.0,2026-04-05 09:35:00,2026-04-05 09:44:00,B9  A,114.0,13.25,8.6,5.83,1.43,9.0
88,2026-04-05,TB2662,2026-04-05 09:15:00,2026-04-05 09:04:00,-11.0,2026-04-05 09:22:00,2026-04-05 09:30:00,B34 A,90.0,11.0,8.18,5.19,1.99,8.0
88,2026-04-05,TG934,2026-04-05 09:21:00,2026-04-05 09:16:00,-5.0,2026-04-05 09:38:00,2026-04-05 09:58:00,B38 A,249.0,15.13,16.45,5.42,2.15,20.0
88,2026-04-05,UA950,2026-04-05 11:22:00,2026-04-05 11:02:00,-20.0,2026-04-05 11:22:00,2026-04-05 11:45:00,B28 A,170.0,12.95,13.13,4.97,1.61,23.0
88,2026-04-05,UA994,2026-04-05 12:51:00,2026-04-05 12:35:00,-16.0,2026-04-05 12:54:00,2026-04-05 13:24:00,B38 A,109.0,12.07,9.03,5.73,2.03,30.0
88,2026-04-05,XR5402,2026-04-05 07:46:00,2026-04-05 08:56:00,70.0,2026-04-05 09:23:00,2026-04-05 09:26:00,B5  A,88.0,12.13,7.25,4.68,1.78,3.0
89,2026-04-05,AC832,2026-04-05 11:16:00,2026-04-05 10:39:00,-37.0,2026-04-05 10:54:00,2026-04-05 11:24:00,B5  A,101.0,14.46,6.99,6.28,1.33,30.0
89,2026-04-05,ET750,2026-04-05 11:13:00,2026-04-05 11:34:00,21.0,2026-04-05 12:17:00,2026-04-05 13:03:00,B17 A,464.0,12.87,36.07,4.58,1.84,46.0
89,2026-04-05,FH8116,2026-04-05 12:44:00,2026-04-05 12:48:00,4.0,2026-04-05 13:06:00,2026-04-05 13:13:00,B38 A,140.0,15.27,9.17,5.31,2.2,7.0
89,2026-04-05,LH1004,2026-04-05 11:51:00,2026-04-05 11:47:00,-4.0,2026-04-05 12:07:00,2026-04-05 12:12:00,A43 ,23.0,12.95,1.78,4.69,1.78,5.0
89,2026-04-05,SN1122,2026-04-05 08:39:00,2026-04-05 09:08:00,29.0,2026-04-05 09:20:00,2026-04-05 09:21:00,B40 A,13.0,14.73,0.88,4.28,2.9,1.0
89,2026-04-05,SN1124,2026-04-05 07:10:00,2026-04-05 07:19:00,9.0,2026-04-05 07:32:00,2026-04-05 07:48:00,B30 A,138.0,15.06,9.16,5.8,1.54,16.0
89,2026-04-05,SN206,2026-04-05 06:25:00,2026-04-05 06:48:00,23.0,2026-04-05 07:07:00,2026-04-05 07:30:00,B38 A,154.0,11.52,13.37,4.76,2.45,23.0
89,2026-04-05,SN229,2026-04-05 10:04:00,2026-04-05 10:26:00,22.0,2026-04-05 10:41:00,2026-04-05 11:10:00,B31 A,120.0,12.21,9.83,4.49,2.39,29.0
89,2026-04-05,SN278,2026-04-05 12:46:00,2026-04-05 12:41:00,-5.0,2026-04-05 13:04:00,2026-04-05 13:33:00,B31 A,62.0,10.1,6.14,4.61,2.33,29.0
89,2026-04-05,SN2900,2026-04-05 08:46:00,2026-04-05 08:33:00,-13.0,2026-04-05 08:58:00,2026-04-05 09:02:00,B14 A,79.0,8.21,9.62,4.54,1.47,4.0
89,2026-04-05,SN3326,2026-04-05 11:24:00,2026-04-05 11:41:00,17.0,2026-04-05 12:06:00,2026-04-05 12:12:00,B14 A,111.0,12.43,8.93,4.07,1.64,6.0
89,2026-04-05,SN358,2026-04-05 10:21:00,2026-04-05 11:13:00,52.0,2026-04-05 11:43:00,2026-04-05 12:03:00,B38 A,126.0,12.56,10.03,6.89,1.69,20.0
89,2026-04-05,SN379,2026-04-05 08:11:00,2026-04-05 08:40:00,29.0,2026-04-05 08:59:00,2026-04-05 09:27:00,B28 A,76.0,14.27,5.33,5.26,1.52,28.0
89,2026-04-05,SN3800,2026-04-05 06:15:00,2026-04-05 06:16:00,1.0,2026-04-05 06:28:00,2026-04-05 06:30:00,A65 ,27.0,13.48,2.0,3.83,2.18,2.0
89,2026-04-05,TB1552,2026-04-05 07:15:00,2026-04-05 07:08:00,-7.0,2026-04-05 07:38:00,2026-04-05 07:45:00,A61 ,152.0,11.6,13.11,5.53,1.51,7.0
89,2026-04-05,TB2632,2026-04-05 09:29:00,2026-04-05 09:09:00,-20.0,2026-04-05 09:35:00,2026-04-05 09:44:00,B9  A,114.0,13.39,8.51,4.8,1.74,9.0
89,2026-04-05,TB2662,2026-04-05 09:15:00,2026-04-05 09:04:00,-11.0,2026-04-05 09:22:00,2026-04-05 09:30:00,B34 A,90.0,11.39,7.9,5.24,1.97,8.0
89,2026-04-05,TG934,2026-04-05 09:21:00,2026-04-05 09:16:00,-5.0,2026-04-05 09:38:00,2026-04-05 09:58:00,B38 A,249.0,14.05,17.72,3.95,2.96,20.0
89,2026-04-05,UA950,2026-04-05 10:20:00,2026-04-05 09:58:00,-22.0,2026-04-05 10:24:00,2026-04-05 10:51:00,B40 A,188.0,9.97,18.85,5.22,2.38,27.0
89,2026-04-05,UA994,2026-04-05 08:51:00,2026-04-05 08:32:00,-19.0,2026-04-05 08:52:00,2026-04-05 09:25:00,B40 A,171.0,11.85,14.43,5.11,2.43,33.0
89,2026-04-05,XR5402,2026-04-05 07:46:00,2026-04-05 08:56:00,70.0,2026-04-05 09:23:00,2026-04-05 09:26:00,B5  A,88.0,15.52,5.67,4.5,1.85,3.0
90,2026-04-05,AC832,2026-04-05 12:18:00,2026-04-05 11:38:00,-40.0,2026-04-05 11:54:00,2026-04-05 12:17:00,B30 A,100.0,13.45,7.43,4.78,1.86,23.0
90,2026-04-05,ET750,2026-04-05 11:13:00,2026-04-05 11:34:00,21.0,2026-04-05 12:17:00,2026-04-05 13:03:00,B17 A,464.0,13.86,33.49,5.25,1.6,46.0
90,2026-04-05,FH8116,2026-04-05 12:44:00,2026-04-05 12:48:00,4.0,2026-04-05 13:06:00,2026-04-05 13:13:00,B38 A,140.0,13.83,10.13,5.22,2.23,7.0
90,2026-04-05,LH1004,2026-04-05 09:50:00,2026-04-05 09:53:00,3.0,2026-04-05 10:20:00,2026-04-05 10:27:00,A43 ,33.0,10.29,3.21,4.78,1.74,7.0
90,2026-04-05,SN1122,2026-04-05 08:39:00,2026-04-05 09:08:00,29.0,2026-04-05 09:20:00,2026-04-05 09:21:00,B40 A,13.0,13.79,0.94,5.63,2.21,1.0
90,2026-04-05,SN1124,2026-04-05 07:10:00,2026-04-05 07:19:00,9.0,2026-04-05 07:32:00,2026-04-05 07:48:00,B30 A,138.0,12.5,11.04,4.86,1.83,16.0
90,2026-04-05,SN206,2026-04-05 06:25:00,2026-04-05 06:48:00,23.0,2026-04-05 07:07:00,2026-04-05 07:30:00,B38 A,154.0,12.23,12.59,5.35,2.18,23.0
90,2026-04-05,SN229,2026-04-05 12:06:00,2026-04-05 12:12:00,6.0,2026-04-05 12:39:00,2026-04-05 13:03:00,B28 A,20.0,11.4,1.75,4.32,1.85,24.0
90,2026-04-05,SN278,2026-04-05 08:43:00,2026-04-05 08:27:00,-16.0,2026-04-05 08:40:00,2026-04-05 09:10:00,B37 A,123.0,13.82,8.9,6.04,2.01,30.0
90,2026-04-05,SN2900,2026-04-05 07:39:00,2026-04-05 07:25:00,-14.0,2026-04-05 07:38:00,2026-04-05 07:53:00,B38 A,55.0,10.29,5.34,4.74,2.46,15.0
90,2026-04-05,SN3326,2026-04-05 07:45:00,2026-04-05 08:05:00,20.0,2026-04-05 08:16:00,2026-04-05 08:36:00,B28 A,123.0,13.86,8.88,4.49,1.78,20.0
90,2026-04-05,SN358,2026-04-05 10:21:00,2026-04-05 11:13:00,52.0,2026-04-05 11:43:00,2026-04-05 12:03:00,B38 A,126.0,12.25,10.28,5.3,2.2,20.0
90,2026-04-05,SN379,2026-04-05 10:10:00,2026-04-05 11:03:00,53.0,2026-04-05 11:42:00,2026-04-05 12:19:00,B29 A,161.0,13.21,12.19,5.32,1.85,37.0
90,2026-04-05,SN3800,2026-04-05 06:15:00,2026-04-05 06:16:00,1.0,2026-04-05 06:28:00,2026-04-05 06:30:00,A65 ,27.0,11.64,2.32,6.43,1.3,2.0
90,2026-04-05,TB1552,2026-04-05 08:29:00,2026-04-05 08:25:00,-4.0,2026-04-05 08:46:00,2026-04-05 08:54:00,A61 ,166.0,14.08,11.79,4.79,1.74,8.0
90,2026-04-05,TB2632,2026-04-05 09:29:00,2026-04-05 09:09:00,-20.0,2026-04-05 09:35:00,2026-04-05 09:44:00,B9  A,114.0,12.55,9.08,4.77,1.75,9.0
90,2026-04-05,TB2662,2026-04-05 09:15:00,2026-04-05 09:04:00,-11.0,2026-04-05 09:22:00,2026-04-05 09:30:00,B34 A,90.0,14.49,6.21,5.07,2.04,8.0
90,2026-04-05,TG934,2026-04-05 09:21:00,2026-04-05 09:16:00,-5.0,2026-04-05 09:38:00,2026-04-05 09:58:00,B38 A,249.0,13.27,18.76,4.78,2.44,20.0
90,2026-04-05,UA950,2026-04-05 11:22:00,2026-04-05 11:02:00,-20.0,2026-04-05 11:22:00,2026-04-05 11:45:00,B28 A,170.0,13.5,12.59,4.26,1.88,23.0
90,2026-04-05,UA994,2026-04-05 08:51:00,2026-04-05 08:32:00,-19.0,2026-04-05 08:52:00,2026-04-05 09:25:00,B40 A,171.0,11.39,15.02,5.79,2.14,33.0
90,2026-04-05,XR5402,2026-04-05 07:46:00,2026-04-05 08:56:00,70.0,2026-04-05 09:23:00,2026-04-05 09:26:00,B5  A,88.0,10.32,8.53,3.88,2.15,3.0
91,2026-04-05,AC832,2026-04-05 09:18:00,2026-04-05 08:45:00,-33.0,2026-04-05 09:06:00,2026-04-05 09:59:00,B28 A,110.0,14.48,7.6,5.95,1.34,53.0
91,2026-04-05,ET750,2026-04-05 11:13:00,2026-04-05 11:34:00,21.0,2026-04-05 12:17:00,2026-04-05 13:03:00,B17 A,464.0,11.52,40.26,6.42,1.31,46.0
91,2026-04-05,FH8116,2026-04-05 06:35:00,2026-04-05 06:00:00,-35.0,2026-04-05 06:07:00,2026-04-05 06:09:00,B15 A,22.0,12.98,1.7,4.24,1.82,2.0
91,2026-04-05,LH1004,2026-04-05 09:50:00,2026-04-05 09:53:00,3.0,2026-04-05 10:20:00,2026-04-05 10:27:00,A43 ,33.0,10.77,3.07,4.45,1.87,7.0
91,2026-04-05,SN1122,2026-04-05 08:39:00,2026-04-05 09:08:00,29.0,2026-04-05 09:20:00,2026-04-05 09:21:00,B40 A,13.0,13.69,0.95,5.26,2.36,1.0
91,2026-04-05,SN1124,2026-04-05 07:10:00,2026-04-05 07:19:00,9.0,2026-04-05 07:32:00,2026-04-05 07:48:00,B30 A,138.0,12.98,10.63,5.07,1.76,16.0
91,2026-04-05,SN206,2026-04-05 06:25:00,2026-04-05 06:48:00,23.0,2026-04-05 07:07:00,2026-04-05 07:30:00,B38 A,154.0,15.64,9.85,5.99,1.95,23.0
91,2026-04-05,SN229,2026-04-05 12:06:00,2026-04-05 12:12:00,6.0,2026-04-05 12:39:00,2026-04-05 13:03:00,B28 A,20.0,11.99,1.67,4.64,1.73,24.0
91,2026-04-05,SN278,2026-04-05 08:43:00,2026-04-05 08:27:00,-16.0,2026-04-05 08:40:00,2026-04-05 09:10:00,B37 A,123.0,12.32,9.98,4.41,2.76,30.0
91,2026-04-05,SN2900,2026-04-05 08:46:00,2026-04-05 08:33:00,-13.0,2026-04-05 08:58:00,2026-04-05 09:02:00,B14 A,79.0,11.63,6.79,5.1,1.31,4.0
91,2026-04-05,SN3326,2026-04-05 07:45:00,2026-04-05 08:05:00,20.0,2026-04-05 08:16:00,2026-04-05 08:36:00,B28 A,123.0,13.4,9.18,6.49,1.23,20.0
91,2026-04-05,SN358,2026-04-05 08:21:00,2026-04-05 08:24:00,3.0,2026-04-05 08:42:00,2026-04-05 09:09:00,B14 A,112.0,10.51,10.66,5.49,1.21,27.0
91,2026-04-05,SN379,2026-04-05 10:10:00,2026-04-05 11:03:00,53.0,2026-04-05 11:42:00,2026-04-05 12:19:00,B29 A,161.0,10.37,15.52,6.58,1.49,37.0
91,2026-04-05,SN3800,2026-04-05 06:15:00,2026-04-05 06:16:00,1.0,2026-04-05 06:28:00,2026-04-05 06:30:00,A65 ,27.0,9.72,2.78,3.47,2.4,2.0
91,2026-04-05,TB1552,2026-04-05 10:15:00,2026-04-05 10:31:00,16.0,2026-04-05 10:50:00,2026-04-05 10:59:00,A69 ,164.0,14.57,11.26,4.36,1.91,9.0
91,2026-04-05,TB2632,2026-04-05 09:29:00,2026-04-05 09:09:00,-20.0,2026-04-05 09:35:00,2026-04-05 09:44:00,B9  A,114.0,13.87,8.22,5.37,1.55,9.0
91,2026-04-05,TB2662,2026-04-05 09:15:00,2026-04-05 09:04:00,-11.0,2026-04-05 09:22:00,2026-04-05 09:30:00,B34 A,90.0,11.61,7.75,5.19,1.99,8.0
91,2026-04-05,TG934,2026-04-05 09:21:00,2026-04-05 09:16:00,-5.0,2026-04-05 09:38:00,2026-04-05 09:58:00,B38 A,249.0,12.98,19.18,4.62,2.52,20.0
91,2026-04-05,UA950,2026-04-05 12:20:00,2026-04-05 11:58:00,-22.0,2026-04-05 12:14:00,2026-04-05 12:42:00,B37 A,127.0,13.52,9.39,4.33,2.81,28.0
91,2026-04-05,UA994,2026-04-05 11:51:00,2026-04-05 11:37:00,-14.0,2026-04-05 11:55:00,2026-04-05 12:25:00,B40 A,157.0,15.07,10.42,3.7,3.35,30.0
91,2026-04-05,XR5402,2026-04-05 07:46:00,2026-04-05 08:56:00,70.0,2026-04-05 09:23:00,2026-04-05 09:26:00,B5  A,88.0,12.73,6.91,4.89,1.7,3.0
92,2026-04-05,AC832,2026-04-05 10:17:00,2026-04-05 10:43:00,26.0,2026-04-05 11:00:00,2026-04-05 11:34:00,B14 A,172.0,11.35,15.16,5.51,1.21,34.0
92,2026-04-05,ET750,2026-04-05 11:13:00,2026-04-05 11:34:00,21.0,2026-04-05 12:17:00,2026-04-05 13:03:00,B17 A,464.0,12.77,36.32,5.03,1.67,46.0
92,2026-04-05,FH8116,2026-04-05 06:35:00,2026-04-05 06:00:00,-35.0,2026-04-05 06:07:00,2026-04-05 06:09:00,B15 A,22.0,12.33,1.78,4.79,1.61,2.0
92,2026-04-05,LH1004,2026-04-05 08:50:00,2026-04-05 08:53:00,3.0,2026-04-05 09:06:00,2026-04-05 09:12:00,A43 ,29.0,14.38,2.02,5.47,1.52,6.0
92,2026-04-05,SN1122,2026-04-05 08:39:00,2026-04-05 09:08:00,29.0,2026-04-05 09:20:00,2026-04-05 09:21:00,B40 A,13.0,8.76,1.48,6.0,2.07,1.0
92,2026-04-05,SN1124,2026-04-05 07:10:00,2026-04-05 07:19:00,9.0,2026-04-05 07:32:00,2026-04-05 07:48:00,B30 A,138.0,12.18,11.33,5.46,1.63,16.0
92,2026-04-05,SN206,2026-04-05 06:25:00,2026-04-05 06:48:00,23.0,2026-04-05 07:07:00,2026-04-05 07:30:00,B38 A,154.0,12.1,12.73,4.93,2.37,23.0
92,2026-04-05,SN229,2026-04-05 10:04:00,2026-04-05 10:26:00,22.0,2026-04-05 10:41:00,2026-04-05 11:10:00,B31 A,120.0,12.73,9.43,3.61,2.98,29.0
92,2026-04-05,SN278,2026-04-05 10:45:00,2026-04-05 10:42:00,-3.0,2026-04-05 11:04:00,2026-04-05 11:16:00,B28 A,198.0,13.76,14.39,4.84,1.65,12.0
92,2026-04-05,SN2900,2026-04-05 07:39:00,2026-04-05 07:25:00,-14.0,2026-04-05 07:38:00,2026-04-05 07:53:00,B38 A,55.0,11.59,4.75,6.79,1.72,15.0
92,2026-04-05,SN3326,2026-04-05 11:24:00,2026-04-05 11:41:00,17.0,2026-04-05 12:06:00,2026-04-05 12:12:00,B14 A,111.0,12.45,8.92,5.88,1.13,6.0
92,2026-04-05,SN358,2026-04-05 10:21:00,2026-04-05 11:13:00,52.0,2026-04-05 11:43:00,2026-04-05 12:03:00,B38 A,126.0,9.17,13.74,4.65,2.51,20.0
92,2026-04-05,SN379,2026-04-05 08:11:00,2026-04-05 08:40:00,29.0,2026-04-05 08:59:00,2026-04-05 09:27:00,B28 A,76.0,10.89,6.98,6.45,1.24,28.0
92,2026-04-05,SN3800,2026-04-05 06:15:00,2026-04-05 06:16:00,1.0,2026-04-05 06:28:00,2026-04-05 06:30:00,A65 ,27.0,11.48,2.35,5.15,1.62,2.0
92,2026-04-05,TB1552,2026-04-05 08:29:00,2026-04-05 08:25:00,-4.0,2026-04-05 08:46:00,2026-04-05 08:54:00,A61 ,166.0,13.78,12.05,4.75,1.76,8.0
92,2026-04-05,TB2632,2026-04-05 09:29:00,2026-04-05 09:09:00,-20.0,2026-04-05 09:35:00,2026-04-05 09:44:00,B9  A,114.0,12.67,9.0,6.14,1.36,9.0
92,2026-04-05,TB2662,2026-04-05 09:15:00,2026-04-05 09:04:00,-11.0,2026-04-05 09:22:00,2026-04-05 09:30:00,B34 A,90.0,13.66,6.59,5.78,1.79,8.0
92,2026-04-05,TG934,2026-04-05 09:21:00,2026-04-05 09:16:00,-5.0,2026-04-05 09:38:00,2026-04-05 09:58:00,B38 A,249.0,13.63,18.27,5.73,2.04,20.0
92,2026-04-05,UA950,2026-04-05 09:21:00,2026-04-05 08:45:00,-36.0,2026-04-05 09:03:00,2026-04-05 09:29:00,B5  A,163.0,12.87,12.66,6.5,1.28,26.0
92,2026-04-05,UA994,2026-04-05 08:51:00,2026-04-05 08:32:00,-19.0,2026-04-05 08:52:00,2026-04-05 09:25:00,B40 A,171.0,12.94,13.22,4.71,2.64,33.0
92,2026-04-05,XR5402,2026-04-05 07:46:00,2026-04-05 08:56:00,70.0,2026-04-05 09:23:00,2026-04-05 09:26:00,B5  A,88.0,14.1,6.24,4.66,1.79,3.0
93,2026-04-05,AC832,2026-04-05 09:18:00,2026-04-05 08:45:00,-33.0,2026-04-05 09:06:00,2026-04-05 09:59:00,B28 A,110.0,10.01,10.99,5.51,1.45,53.0
93,2026-04-05,ET750,2026-04-05 11:13:00,2026-04-05 11:34:00,21.0,2026-04-05 12:17:00,2026-04-05 13:03:00,B17 A,464.0,12.86,36.09,5.02,1.68,46.0
93,2026-04-05,FH8116,2026-04-05 12:44:00,2026-04-05 12:48:00,4.0,2026-04-05 13:06:00,2026-04-05 13:13:00,B38 A,140.0,13.12,10.67,6.3,1.85,7.0
93,2026-04-05,LH1004,2026-04-05 08:50:00,2026-04-05 08:53:00,3.0,2026-04-05 09:06:00,2026-04-05 09:12:00,A43 ,29.0,11.38,2.55,4.33,1.92,6.0
93,2026-04-05,SN1122,2026-04-05 08:39:00,2026-04-05 09:08:00,29.0,2026-04-05 09:20:00,2026-04-05 09:21:00,B40 A,13.0,13.56,0.96,5.5,2.26,1.0
93,2026-04-05,SN1124,2026-04-05 07:10:00,2026-04-05 07:19:00,9.0,2026-04-05 07:32:00,2026-04-05 07:48:00,B30 A,138.0,15.87,8.7,4.93,1.81,16.0
93,2026-04-05,SN206,2026-04-05 06:25:00,2026-04-05 06:48:00,23.0,2026-04-05 07:07:00,2026-04-05 07:30:00,B38 A,154.0,14.43,10.67,5.39,2.17,23.0
93,2026-04-05,SN229,2026-04-05 10:04:00,2026-04-05 10:26:00,22.0,2026-04-05 10:41:00,2026-04-05 11:10:00,B31 A,120.0,14.3,8.39,4.87,2.21,29.0
93,2026-04-05,SN278,2026-04-05 12:46:00,2026-04-05 12:41:00,-5.0,2026-04-05 13:04:00,2026-04-05 13:33:00,B31 A,62.0,11.29,5.49,5.79,1.86,29.0
93,2026-04-05,SN2900,2026-04-05 07:39:00,2026-04-05 07:25:00,-14.0,2026-04-05 07:38:00,2026-04-05 07:53:00,B38 A,55.0,10.92,5.04,4.87,2.39,15.0
93,2026-04-05,SN3326,2026-04-05 11:24:00,2026-04-05 11:41:00,17.0,2026-04-05 12:06:00,2026-04-05 12:12:00,B14 A,111.0,13.13,8.46,6.21,1.07,6.0
93,2026-04-05,SN358,2026-04-05 08:21:00,2026-04-05 08:24:00,3.0,2026-04-05 08:42:00,2026-04-05 09:09:00,B14 A,112.0,10.43,10.73,5.03,1.32,27.0
93,2026-04-05,SN379,2026-04-05 10:10:00,2026-04-05 11:03:00,53.0,2026-04-05 11:42:00,2026-04-05 12:19:00,B29 A,161.0,11.46,14.05,5.75,1.71,37.0
93,2026-04-05,SN3800,2026-04-05 06:15:00,2026-04-05 06:16:00,1.0,2026-04-05 06:28:00,2026-04-05 06:30:00,A65 ,27.0,14.28,1.89,5.51,1.51,2.0
93,2026-04-05,TB1552,2026-04-05 08:29:00,2026-04-05 08:25:00,-4.0,2026-04-05 08:46:00,2026-04-05 08:54:00,A61 ,166.0,11.98,13.85,5.45,1.53,8.0
93,2026-04-05,TB2632,2026-04-05 09:29:00,2026-04-05 09:09:00,-20.0,2026-04-05 09:35:00,2026-04-05 09:44:00,B9  A,114.0,12.51,9.11,4.86,1.72,9.0
93,2026-04-05,TB2662,2026-04-05 09:15:00,2026-04-05 09:04:00,-11.0,2026-04-05 09:22:00,2026-04-05 09:30:00,B34 A,90.0,12.48,7.21,5.87,1.76,8.0
93,2026-04-05,TG934,2026-04-05 12:22:00,2026-04-05 12:26:00,4.0,2026-04-05 12:46:00,2026-04-05 13:15:00,B34 A,260.0,16.5,15.76,3.93,2.63,29.0
93,2026-04-05,UA950,2026-04-05 12:20:00,2026-04-05 11:58:00,-22.0,2026-04-05 12:14:00,2026-04-05 12:42:00,B37 A,127.0,13.48,9.42,4.65,2.62,28.0
93,2026-04-05,UA994,2026-04-05 08:51:00,2026-04-05 08:32:00,-19.0,2026-04-05 08:52:00,2026-04-05 09:25:00,B40 A,171.0,13.62,12.56,4.94,2.51,33.0
93,2026-04-05,XR5402,2026-04-05 07:46:00,2026-04-05 08:56:00,70.0,2026-04-05 09:23:00,2026-04-05 09:26:00,B5  A,88.0,13.45,6.55,5.7,1.46,3.0
94,2026-04-05,AC832,2026-04-05 09:18:00,2026-04-05 08:45:00,-33.0,2026-04-05 09:06:00,2026-04-05 09:59:00,B28 A,110.0,13.96,7.88,5.12,1.56,53.0
94,2026-04-05,ET750,2026-04-05 11:13:00,2026-04-05 11:34:00,21.0,2026-04-05 12:17:00,2026-04-05 13:03:00,B17 A,464.0,13.39,34.66,4.79,1.76,46.0
94,2026-04-05,FH8116,2026-04-05 12:44:00,2026-04-05 12:48:00,4.0,2026-04-05 13:06:00,2026-04-05 13:13:00,B38 A,140.0,11.6,12.07,5.56,2.1,7.0
94,2026-04-05,LH1004,2026-04-05 08:50:00,2026-04-05 08:53:00,3.0,2026-04-05 09:06:00,2026-04-05 09:12:00,A43 ,29.0,11.72,2.47,4.63,1.8,6.0
94,2026-04-05,SN1122,2026-04-05 08:39:00,2026-04-05 09:08:00,29.0,2026-04-05 09:20:00,2026-04-05 09:21:00,B40 A,13.0,11.56,1.12,4.88,2.54,1.0
94,2026-04-05,SN1124,2026-04-05 07:10:00,2026-04-05 07:19:00,9.0,2026-04-05 07:32:00,2026-04-05 07:48:00,B30 A,138.0,12.75,10.82,4.39,2.03,16.0
94,2026-04-05,SN206,2026-04-05 06:25:00,2026-04-05 06:48:00,23.0,2026-04-05 07:07:00,2026-04-05 07:30:00,B38 A,154.0,16.05,9.59,6.08,1.92,23.0
94,2026-04-05,SN229,2026-04-05 12:06:00,2026-04-05 12:12:00,6.0,2026-04-05 12:39:00,2026-04-05 13:03:00,B28 A,20.0,11.36,1.76,5.08,1.58,24.0
94,2026-04-05,SN278,2026-04-05 08:43:00,2026-04-05 08:27:00,-16.0,2026-04-05 08:40:00,2026-04-05 09:10:00,B37 A,123.0,15.65,7.86,5.32,2.29,30.0
94,2026-04-05,SN2900,2026-04-05 07:39:00,2026-04-05 07:25:00,-14.0,2026-04-05 07:38:00,2026-04-05 07:53:00,B38 A,55.0,13.66,4.03,5.29,2.21,15.0
94,2026-04-05,SN3326,2026-04-05 11:24:00,2026-04-05 11:41:00,17.0,2026-04-05 12:06:00,2026-04-05 12:12:00,B14 A,111.0,9.18,12.09,5.69,1.17,6.0
94,2026-04-05,SN358,2026-04-05 08:21:00,2026-04-05 08:24:00,3.0,2026-04-05 08:42:00,2026-04-05 09:09:00,B14 A,112.0,11.85,9.45,5.13,1.3,27.0
94,2026-04-05,SN379,2026-04-05 10:10:00,2026-04-05 11:03:00,53.0,2026-04-05 11:42:00,2026-04-05 12:19:00,B29 A,161.0,12.22,13.18,4.73,2.08,37.0
94,2026-04-05,SN3800,2026-04-05 06:15:00,2026-04-05 06:16:00,1.0,2026-04-05 06:28:00,2026-04-05 06:30:00,A65 ,27.0,11.36,2.38,4.28,1.95,2.0
94,2026-04-05,TB1552,2026-04-05 08:29:00,2026-04-05 08:25:00,-4.0,2026-04-05 08:46:00,2026-04-05 08:54:00,A61 ,166.0,12.59,13.18,5.64,1.48,8.0
94,2026-04-05,TB2632,2026-04-05 09:29:00,2026-04-05 09:09:00,-20.0,2026-04-05 09:35:00,2026-04-05 09:44:00,B9  A,114.0,9.18,12.42,5.36,1.55,9.0
94,2026-04-05,TB2662,2026-04-05 09:15:00,2026-04-05 09:04:00,-11.0,2026-04-05 09:22:00,2026-04-05 09:30:00,B34 A,90.0,16.31,5.52,4.06,2.54,8.0
94,2026-04-05,TG934,2026-04-05 09:21:00,2026-04-05 09:16:00,-5.0,2026-04-05 09:38:00,2026-04-05 09:58:00,B38 A,249.0,15.41,16.16,4.19,2.79,20.0
94,2026-04-05,UA950,2026-04-05 11:22:00,2026-04-05 11:02:00,-20.0,2026-04-05 11:22:00,2026-04-05 11:45:00,B28 A,170.0,11.35,14.97,5.31,1.51,23.0
94,2026-04-05,UA994,2026-04-05 08:51:00,2026-04-05 08:32:00,-19.0,2026-04-05 08:52:00,2026-04-05 09:25:00,B40 A,171.0,13.14,13.01,5.24,2.37,33.0
94,2026-04-05,XR5402,2026-04-05 07:46:00,2026-04-05 08:56:00,70.0,2026-04-05 09:23:00,2026-04-05 09:26:00,B5  A,88.0,10.69,8.23,5.37,1.55,3.0
95,2026-04-05,AC832,2026-04-05 11:16:00,2026-04-05 10:39:00,-37.0,2026-04-05 10:54:00,2026-04-05 11:24:00,B5  A,101.0,13.85,7.29,4.67,1.78,30.0
95,2026-04-05,ET750,2026-04-05 11:13:00,2026-04-05 11:34:00,21.0,2026-04-05 12:17:00,2026-04-05 13:03:00,B17 A,464.0,11.82,39.27,4.52,1.86,46.0
95,2026-04-05,FH8116,2026-04-05 06:35:00,2026-04-05 06:00:00,-35.0,2026-04-05 06:07:00,2026-04-05 06:09:00,B15 A,22.0,12.59,1.75,4.35,1.78,2.0
95,2026-04-05,LH1004,2026-04-05 09:50:00,2026-04-05 09:53:00,3.0,2026-04-05 10:20:00,2026-04-05 10:27:00,A43 ,33.0,10.82,3.05,4.93,1.69,7.0
95,2026-04-05,SN1122,2026-04-05 08:39:00,2026-04-05 09:08:00,29.0,2026-04-05 09:20:00,2026-04-05 09:21:00,B40 A,13.0,12.17,1.07,6.53,1.9,1.0
95,2026-04-05,SN1124,2026-04-05 07:10:00,2026-04-05 07:19:00,9.0,2026-04-05 07:32:00,2026-04-05 07:48:00,B30 A,138.0,13.73,10.05,3.98,2.24,16.0
95,2026-04-05,SN206,2026-04-05 06:25:00,2026-04-05 06:48:00,23.0,2026-04-05 07:07:00,2026-04-05 07:30:00,B38 A,154.0,14.07,10.95,5.32,2.19,23.0
95,2026-04-05,SN229,2026-04-05 10:04:00,2026-04-05 10:26:00,22.0,2026-04-05 10:41:00,2026-04-05 11:10:00,B31 A,120.0,13.48,8.9,5.22,2.06,29.0
95,2026-04-05,SN278,2026-04-05 08:43:00,2026-04-05 08:27:00,-16.0,2026-04-05 08:40:00,2026-04-05 09:10:00,B37 A,123.0,14.89,8.26,4.82,2.52,30.0
95,2026-04-05,SN2900,2026-04-05 10:44:00,2026-04-05 11:04:00,20.0,2026-04-05 11:13:00,2026-04-05 11:34:00,B32 A,49.0,16.01,3.06,5.07,1.91,21.0
95,2026-04-05,SN3326,2026-04-05 11:24:00,2026-04-05 11:41:00,17.0,2026-04-05 12:06:00,2026-04-05 12:12:00,B14 A,111.0,13.37,8.3,4.28,1.56,6.0
95,2026-04-05,SN358,2026-04-05 11:21:00,2026-04-05 11:29:00,8.0,2026-04-05 11:42:00,2026-04-05 12:06:00,B14 A,177.0,15.19,11.65,5.49,1.21,24.0
95,2026-04-05,SN379,2026-04-05 10:10:00,2026-04-05 11:03:00,53.0,2026-04-05 11:42:00,2026-04-05 12:19:00,B29 A,161.0,12.16,13.24,5.84,1.68,37.0
95,2026-04-05,SN3800,2026-04-05 06:15:00,2026-04-05 06:16:00,1.0,2026-04-05 06:28:00,2026-04-05 06:30:00,A65 ,27.0,13.77,1.96,4.48,1.86,2.0
95,2026-04-05,TB1552,2026-04-05 08:29:00,2026-04-05 08:25:00,-4.0,2026-04-05 08:46:00,2026-04-05 08:54:00,A61 ,166.0,12.95,12.82,5.42,1.54,8.0
95,2026-04-05,TB2632,2026-04-05 09:29:00,2026-04-05 09:09:00,-20.0,2026-04-05 09:35:00,2026-04-05 09:44:00,B9  A,114.0,11.45,9.96,4.45,1.87,9.0
95,2026-04-05,TB2662,2026-04-05 09:15:00,2026-04-05 09:04:00,-11.0,2026-04-05 09:22:00,2026-04-05 09:30:00,B34 A,90.0,14.56,6.18,5.35,1.93,8.0
95,2026-04-05,TG934,2026-04-05 09:21:00,2026-04-05 09:16:00,-5.0,2026-04-05 09:38:00,2026-04-05 09:58:00,B38 A,249.0,14.68,16.96,5.6,2.08,20.0
95,2026-04-05,UA950,2026-04-05 12:20:00,2026-04-05 11:58:00,-22.0,2026-04-05 12:14:00,2026-04-05 12:42:00,B37 A,127.0,13.17,9.65,4.93,2.47,28.0
95,2026-04-05,UA994,2026-04-05 10:51:00,2026-04-05 10:01:00,-50.0,2026-04-05 10:18:00,2026-04-05 10:42:00,B38 A,177.0,14.29,12.39,4.3,2.71,24.0
95,2026-04-05,XR5402,2026-04-05 07:46:00,2026-04-05 08:56:00,70.0,2026-04-05 09:23:00,2026-04-05 09:26:00,B5  A,88.0,12.5,7.04,4.85,1.72,3.0
96,2026-04-05,AC832,2026-04-05 11:16:00,2026-04-05 10:39:00,-37.0,2026-04-05 10:54:00,2026-04-05 11:24:00,B5  A,101.0,13.42,7.53,6.75,1.23,30.0
96,2026-04-05,ET750,2026-04-05 11:13:00,2026-04-05 11:34:00,21.0,2026-04-05 12:17:00,2026-04-05 13:03:00,B17 A,464.0,14.58,31.82,4.5,1.87,46.0
96,2026-04-05,FH8116,2026-04-05 06:35:00,2026-04-05 06:00:00,-35.0,2026-04-05 06:07:00,2026-04-05 06:09:00,B15 A,22.0,10.02,2.19,3.52,2.2,2.0
96,2026-04-05,LH1004,2026-04-05 11:51:00,2026-04-05 11:47:00,-4.0,2026-04-05 12:07:00,2026-04-05 12:12:00,A43 ,23.0,12.23,1.88,5.14,1.62,5.0
96,2026-04-05,SN1122,2026-04-05 08:39:00,2026-04-05 09:08:00,29.0,2026-04-05 09:20:00,2026-04-05 09:21:00,B40 A,13.0,12.82,1.01,5.61,2.21,1.0
96,2026-04-05,SN1124,2026-04-05 07:10:00,2026-04-05 07:19:00,9.0,2026-04-05 07:32:00,2026-04-05 07:48:00,B30 A,138.0,13.77,10.02,4.18,2.14,16.0
96,2026-04-05,SN206,2026-04-05 06:25:00,2026-04-05 06:48:00,23.0,2026-04-05 07:07:00,2026-04-05 07:30:00,B38 A,154.0,11.33,13.59,5.06,2.31,23.0
96,2026-04-05,SN229,2026-04-05 12:06:00,2026-04-05 12:12:00,6.0,2026-04-05 12:39:00,2026-04-05 13:03:00,B28 A,20.0,10.08,1.98,6.0,1.33,24.0
96,2026-04-05,SN278,2026-04-05 10:45:00,2026-04-05 10:42:00,-3.0,2026-04-05 11:04:00,2026-04-05 11:16:00,B28 A,198.0,14.02,14.12,4.01,1.99,12.0
96,2026-04-05,SN2900,2026-04-05 10:44:00,2026-04-05 11:04:00,20.0,2026-04-05 11:13:00,2026-04-05 11:34:00,B32 A,49.0,10.02,4.89,3.94,2.45,21.0
96,2026-04-05,SN3326,2026-04-05 11:24:00,2026-04-05 11:41:00,17.0,2026-04-05 12:06:00,2026-04-05 12:12:00,B14 A,111.0,12.97,8.56,5.93,1.12,6.0
96,2026-04-05,SN358,2026-04-05 08:21:00,2026-04-05 08:24:00,3.0,2026-04-05 08:42:00,2026-04-05 09:09:00,B14 A,112.0,13.1,8.55,3.95,1.69,27.0
96,2026-04-05,SN379,2026-04-05 08:11:00,2026-04-05 08:40:00,29.0,2026-04-05 08:59:00,2026-04-05 09:27:00,B28 A,76.0,11.57,6.57,5.79,1.38,28.0
96,2026-04-05,SN3800,2026-04-05 06:15:00,2026-04-05 06:16:00,1.0,2026-04-05 06:28:00,2026-04-05 06:30:00,A65 ,27.0,10.79,2.5,5.59,1.49,2.0
96,2026-04-05,TB1552,2026-04-05 07:15:00,2026-04-05 07:08:00,-7.0,2026-04-05 07:38:00,2026-04-05 07:45:00,A61 ,152.0,12.38,12.28,4.4,1.9,7.0
96,2026-04-05,TB2632,2026-04-05 09:29:00,2026-04-05 09:09:00,-20.0,2026-04-05 09:35:00,2026-04-05 09:44:00,B9  A,114.0,10.71,10.64,3.83,2.17,9.0
96,2026-04-05,TB2662,2026-04-05 09:15:00,2026-04-05 09:04:00,-11.0,2026-04-05 09:22:00,2026-04-05 09:30:00,B34 A,90.0,15.03,5.99,4.12,2.51,8.0
96,2026-04-05,TG934,2026-04-05 09:21:00,2026-04-05 09:16:00,-5.0,2026-04-05 09:38:00,2026-04-05 09:58:00,B38 A,249.0,16.93,14.71,5.37,2.17,20.0
96,2026-04-05,UA950,2026-04-05 12:20:00,2026-04-05 11:58:00,-22.0,2026-04-05 12:14:00,2026-04-05 12:42:00,B37 A,127.0,11.47,11.07,4.76,2.56,28.0
96,2026-04-05,UA994,2026-04-05 09:51:00,2026-04-05 11:28:00,97.0,2026-04-05 11:44:00,2026-04-05 12:09:00,B40 A,135.0,14.2,9.5,5.43,2.29,25.0
96,2026-04-05,XR5402,2026-04-05 07:46:00,2026-04-05 08:56:00,70.0,2026-04-05 09:23:00,2026-04-05 09:26:00,B5  A,88.0,9.15,9.62,5.47,1.52,3.0
97,2026-04-05,AC832,2026-04-05 08:17:00,2026-04-05 07:46:00,-31.0,2026-04-05 08:02:00,2026-04-05 08:29:00,B30 A,122.0,14.03,8.7,4.75,1.88,27.0
97,2026-04-05,ET750,2026-04-05 11:13:00,2026-04-05 11:34:00,21.0,2026-04-05 12:17:00,2026-04-05 13:03:00,B17 A,464.0,11.45,40.51,5.77,1.46,46.0
97,2026-04-05,FH8116,2026-04-05 12:44:00,2026-04-05 12:48:00,4.0,2026-04-05 13:06:00,2026-04-05 13:13:00,B38 A,140.0,10.17,13.77,5.39,2.16,7.0
97,2026-04-05,LH1004,2026-04-05 09:50:00,2026-04-05 09:53:00,3.0,2026-04-05 10:20:00,2026-04-05 10:27:00,A43 ,33.0,15.51,2.13,4.8,1.74,7.0
97,2026-04-05,SN1122,2026-04-05 08:39:00,2026-04-05 09:08:00,29.0,2026-04-05 09:20:00,2026-04-05 09:21:00,B40 A,13.0,11.33,1.15,4.13,3.01,1.0
97,2026-04-05,SN1124,2026-04-05 07:10:00,2026-04-05 07:19:00,9.0,2026-04-05 07:32:00,2026-04-05 07:48:00,B30 A,138.0,13.31,10.37,5.3,1.68,16.0
97,2026-04-05,SN206,2026-04-05 06:25:00,2026-04-05 06:48:00,23.0,2026-04-05 07:07:00,2026-04-05 07:30:00,B38 A,154.0,15.32,10.05,4.72,2.47,23.0
97,2026-04-05,SN229,2026-04-05 10:04:00,2026-04-05 10:26:00,22.0,2026-04-05 10:41:00,2026-04-05 11:10:00,B31 A,120.0,10.64,11.27,4.73,2.27,29.0
97,2026-04-05,SN278,2026-04-05 10:45:00,2026-04-05 10:42:00,-3.0,2026-04-05 11:04:00,2026-04-05 11:16:00,B28 A,198.0,12.73,15.55,4.64,1.72,12.0
97,2026-04-05,SN2900,2026-04-05 10:44:00,2026-04-05 11:04:00,20.0,2026-04-05 11:13:00,2026-04-05 11:34:00,B32 A,49.0,10.61,4.62,3.82,2.53,21.0
97,2026-04-05,SN3326,2026-04-05 11:24:00,2026-04-05 11:41:00,17.0,2026-04-05 12:06:00,2026-04-05 12:12:00,B14 A,111.0,11.91,9.32,4.9,1.36,6.0
97,2026-04-05,SN358,2026-04-05 10:21:00,2026-04-05 11:13:00,52.0,2026-04-05 11:43:00,2026-04-05 12:03:00,B38 A,126.0,12.75,9.88,4.77,2.45,20.0
97,2026-04-05,SN379,2026-04-05 08:11:00,2026-04-05 08:40:00,29.0,2026-04-05 08:59:00,2026-04-05 09:27:00,B28 A,76.0,13.94,5.45,3.78,2.12,28.0
97,2026-04-05,SN3800,2026-04-05 06:15:00,2026-04-05 06:16:00,1.0,2026-04-05 06:28:00,2026-04-05 06:30:00,A65 ,27.0,11.46,2.36,4.18,1.99,2.0
97,2026-04-05,TB1552,2026-04-05 10:15:00,2026-04-05 10:31:00,16.0,2026-04-05 10:50:00,2026-04-05 10:59:00,A69 ,164.0,12.11,13.54,4.48,1.86,9.0
97,2026-04-05,TB2632,2026-04-05 09:29:00,2026-04-05 09:09:00,-20.0,2026-04-05 09:35:00,2026-04-05 09:44:00,B9  A,114.0,16.21,7.03,4.69,1.78,9.0
97,2026-04-05,TB2662,2026-04-05 09:15:00,2026-04-05 09:04:00,-11.0,2026-04-05 09:22:00,2026-04-05 09:30:00,B34 A,90.0,12.1,7.44,5.1,2.03,8.0
97,2026-04-05,TG934,2026-04-05 09:21:00,2026-04-05 09:16:00,-5.0,2026-04-05 09:38:00,2026-04-05 09:58:00,B38 A,249.0,13.79,18.06,4.81,2.42,20.0
97,2026-04-05,UA950,2026-04-05 10:20:00,2026-04-05 09:58:00,-22.0,2026-04-05 10:24:00,2026-04-05 10:51:00,B40 A,188.0,10.56,17.8,4.59,2.71,27.0
97,2026-04-05,UA994,2026-04-05 10:51:00,2026-04-05 10:01:00,-50.0,2026-04-05 10:18:00,2026-04-05 10:42:00,B38 A,177.0,12.65,13.99,5.25,2.22,24.0
97,2026-04-05,XR5402,2026-04-05 07:46:00,2026-04-05 08:56:00,70.0,2026-04-05 09:23:00,2026-04-05 09:26:00,B5  A,88.0,11.71,7.52,4.48,1.86,3.0
98,2026-04-05,AC832,2026-04-05 10:17:00,2026-04-05 10:43:00,26.0,2026-04-05 11:00:00,2026-04-05 11:34:00,B14 A,172.0,13.52,12.72,6.19,1.08,34.0
98,2026-04-05,ET750,2026-04-05 11:13:00,2026-04-05 11:34:00,21.0,2026-04-05 12:17:00,2026-04-05 13:03:00,B17 A,464.0,13.1,35.42,4.95,1.7,46.0
98,2026-04-05,FH8116,2026-04-05 12:44:00,2026-04-05 12:48:00,4.0,2026-04-05 13:06:00,2026-04-05 13:13:00,B38 A,140.0,13.56,10.33,6.61,1.76,7.0
98,2026-04-05,LH1004,2026-04-05 08:50:00,2026-04-05 08:53:00,3.0,2026-04-05 09:06:00,2026-04-05 09:12:00,A43 ,29.0,11.61,2.5,5.01,1.66,6.0
98,2026-04-05,SN1122,2026-04-05 08:39:00,2026-04-05 09:08:00,29.0,2026-04-05 09:20:00,2026-04-05 09:21:00,B40 A,13.0,10.77,1.21,4.42,2.81,1.0
98,2026-04-05,SN1124,2026-04-05 07:10:00,2026-04-05 07:19:00,9.0,2026-04-05 07:32:00,2026-04-05 07:48:00,B30 A,138.0,16.21,8.52,5.6,1.59,16.0
98,2026-04-05,SN206,2026-04-05 06:25:00,2026-04-05 06:48:00,23.0,2026-04-05 07:07:00,2026-04-05 07:30:00,B38 A,154.0,12.5,12.32,3.99,2.92,23.0
98,2026-04-05,SN229,2026-04-05 08:06:00,2026-04-05 09:20:00,74.0,2026-04-05 09:41:00,2026-04-05 10:22:00,B14 A,144.0,13.09,11.0,4.77,1.4,41.0
98,2026-04-05,SN278,2026-04-05 12:46:00,2026-04-05 12:41:00,-5.0,2026-04-05 13:04:00,2026-04-05 13:33:00,B31 A,62.0,12.17,5.09,5.67,1.9,29.0
98,2026-04-05,SN2900,2026-04-05 10:44:00,2026-04-05 11:04:00,20.0,2026-04-05 11:13:00,2026-04-05 11:34:00,B32 A,49.0,13.47,3.64,5.01,1.93,21.0
98,2026-04-05,SN3326,2026-04-05 11:24:00,2026-04-05 11:41:00,17.0,2026-04-05 12:06:00,2026-04-05 12:12:00,B14 A,111.0,12.63,8.79,6.9,0.97,6.0
98,2026-04-05,SN358,2026-04-05 08:21:00,2026-04-05 08:24:00,3.0,2026-04-05 08:42:00,2026-04-05 09:09:00,B14 A,112.0,12.0,9.33,4.41,1.51,27.0
98,2026-04-05,SN379,2026-04-05 08:11:00,2026-04-05 08:40:00,29.0,2026-04-05 08:59:00,2026-04-05 09:27:00,B28 A,76.0,14.27,5.32,5.39,1.48,28.0
98,2026-04-05,SN3800,2026-04-05 06:15:00,2026-04-05 06:16:00,1.0,2026-04-05 06:28:00,2026-04-05 06:30:00,A65 ,27.0,11.37,2.38,5.56,1.5,2.0
98,2026-04-05,TB1552,2026-04-05 07:47:00,2026-04-05 07:43:00,-4.0,2026-04-05 07:55:00,2026-04-05 07:59:00,A68 ,66.0,12.51,5.28,5.21,1.6,4.0
98,2026-04-05,TB2632,2026-04-05 09:29:00,2026-04-05 09:09:00,-20.0,2026-04-05 09:35:00,2026-04-05 09:44:00,B9  A,114.0,11.94,9.55,3.79,2.2,9.0
98,2026-04-05,TB2662,2026-04-05 09:15:00,2026-04-05 09:04:00,-11.0,2026-04-05 09:22:00,2026-04-05 09:30:00,B34 A,90.0,11.48,7.84,3.52,2.94,8.0
98,2026-04-05,TG934,2026-04-05 12:22:00,2026-04-05 12:26:00,4.0,2026-04-05 12:46:00,2026-04-05 13:15:00,B34 A,260.0,14.26,18.23,5.96,1.73,29.0
98,2026-04-05,UA950,2026-04-05 11:22:00,2026-04-05 11:02:00,-20.0,2026-04-05 11:22:00,2026-04-05 11:45:00,B28 A,170.0,15.2,11.18,4.79,1.67,23.0
98,2026-04-05,UA994,2026-04-05 10:51:00,2026-04-05 10:01:00,-50.0,2026-04-05 10:18:00,2026-04-05 10:42:00,B38 A,177.0,14.62,12.1,5.4,2.16,24.0
98,2026-04-05,XR5402,2026-04-05 07:46:00,2026-04-05 08:56:00,70.0,2026-04-05 09:23:00,2026-04-05 09:26:00,B5  A,88.0,11.72,7.51,4.64,1.8,3.0
99,2026-04-05,AC832,2026-04-05 12:18:00,2026-04-05 11:38:00,-40.0,2026-04-05 11:54:00,2026-04-05 12:17:00,B30 A,100.0,11.9,8.41,4.0,2.23,23.0
99,2026-04-05,ET750,2026-04-05 11:13:00,2026-04-05 11:34:00,21.0,2026-04-05 12:17:00,2026-04-05 13:03:00,B17 A,464.0,14.27,32.51,5.77,1.46,46.0
99,2026-04-05,FH8116,2026-04-05 06:35:00,2026-04-05 06:00:00,-35.0,2026-04-05 06:07:00,2026-04-05 06:09:00,B15 A,22.0,14.1,1.56,4.85,1.59,2.0
99,2026-04-05,LH1004,2026-04-05 09:50:00,2026-04-05 09:53:00,3.0,2026-04-05 10:20:00,2026-04-05 10:27:00,A43 ,33.0,10.67,3.09,6.33,1.32,7.0
99,2026-04-05,SN1122,2026-04-05 08:39:00,2026-04-05 09:08:00,29.0,2026-04-05 09:20:00,2026-04-05 09:21:00,B40 A,13.0,10.54,1.23,4.92,2.52,1.0
99,2026-04-05,SN1124,2026-04-05 07:10:00,2026-04-05 07:19:00,9.0,2026-04-05 07:32:00,2026-04-05 07:48:00,B30 A,138.0,15.11,9.13,7.0,1.27,16.0
99,2026-04-05,SN206,2026-04-05 06:25:00,2026-04-05 06:48:00,23.0,2026-04-05 07:07:00,2026-04-05 07:30:00,B38 A,154.0,11.77,13.08,5.26,2.22,23.0
99,2026-04-05,SN229,2026-04-05 10:04:00,2026-04-05 10:26:00,22.0,2026-04-05 10:41:00,2026-04-05 11:10:00,B31 A,120.0,14.6,8.22,3.98,2.7,29.0
99,2026-04-05,SN278,2026-04-05 12:46:00,2026-04-05 12:41:00,-5.0,2026-04-05 13:04:00,2026-04-05 13:33:00,B31 A,62.0,12.9,4.81,3.42,3.14,29.0
99,2026-04-05,SN2900,2026-04-05 10:44:00,2026-04-05 11:04:00,20.0,2026-04-05 11:13:00,2026-04-05 11:34:00,B32 A,49.0,11.99,4.09,4.7,2.06,21.0
99,2026-04-05,SN3326,2026-04-05 07:45:00,2026-04-05 08:05:00,20.0,2026-04-05 08:16:00,2026-04-05 08:36:00,B28 A,123.0,13.54,9.09,4.44,1.8,20.0
99,2026-04-05,SN358,2026-04-05 08:21:00,2026-04-05 08:24:00,3.0,2026-04-05 08:42:00,2026-04-05 09:09:00,B14 A,112.0,12.33,9.08,5.64,1.18,27.0
99,2026-04-05,SN379,2026-04-05 10:10:00,2026-04-05 11:03:00,53.0,2026-04-05 11:42:00,2026-04-05 12:19:00,B29 A,161.0,12.03,13.39,6.26,1.57,37.0
99,2026-04-05,SN3800,2026-04-05 06:15:00,2026-04-05 06:16:00,1.0,2026-04-05 06:28:00,2026-04-05 06:30:00,A65 ,27.0,13.99,1.93,6.51,1.28,2.0
99,2026-04-05,TB1552,2026-04-05 10:15:00,2026-04-05 10:31:00,16.0,2026-04-05 10:50:00,2026-04-05 10:59:00,A69 ,164.0,12.4,13.23,6.24,1.34,9.0
99,2026-04-05,TB2632,2026-04-05 09:29:00,2026-04-05 09:09:00,-20.0,2026-04-05 09:35:00,2026-04-05 09:44:00,B9  A,114.0,9.13,12.49,4.8,1.74,9.0
99,2026-04-05,TB2662,2026-04-05 09:15:00,2026-04-05 09:04:00,-11.0,2026-04-05 09:22:00,2026-04-05 09:30:00,B34 A,90.0,14.93,6.03,4.99,2.07,8.0
99,2026-04-05,TG934,2026-04-05 12:22:00,2026-04-05 12:26:00,4.0,2026-04-05 12:46:00,2026-04-05 13:15:00,B34 A,260.0,15.22,17.08,5.22,1.98,29.0
99,2026-04-05,UA950,2026-04-05 09:21:00,2026-04-05 08:45:00,-36.0,2026-04-05 09:03:00,2026-04-05 09:29:00,B5  A,163.0,15.61,10.44,5.29,1.57,26.0
99,2026-04-05,UA994,2026-04-05 08:51:00,2026-04-05 08:32:00,-19.0,2026-04-05 08:52:00,2026-04-05 09:25:00,B40 A,171.0,15.18,11.26,6.11,2.03,33.0
99,2026-04-05,XR5402,2026-04-05 07:46:00,2026-04-05 08:56:00,70.0,2026-04-05 09:23:00,2026-04-05 09:26:00,B5  A,88.0,10.7,8.23,5.71,1.46,3.0
100,2026-04-05,AC832,2026-04-05 11:16:00,2026-04-05 10:39:00,-37.0,2026-04-05 10:54:00,2026-04-05 11:24:00,B5  A,101.0,16.64,6.07,4.28,1.95,30.0
100,2026-04-05,ET750,2026-04-05 11:13:00,2026-04-05 11:34:00,21.0,2026-04-05 12:17:00,2026-04-05 13:03:00,B17 A,464.0,14.17,32.75,5.98,1.41,46.0
100,2026-04-05,FH8116,2026-04-05 12:44:00,2026-04-05 12:48:00,4.0,2026-04-05 13:06:00,2026-04-05 13:13:00,B38 A,140.0,14.89,9.4,5.85,2.0,7.0
100,2026-04-05,LH1004,2026-04-05 11:51:00,2026-04-05 11:47:00,-4.0,2026-04-05 12:07:00,2026-04-05 12:12:00,A43 ,23.0,9.61,2.39,4.58,1.82,5.0
100,2026-04-05,SN1122,2026-04-05 08:39:00,2026-04-05 09:08:00,29.0,2026-04-05 09:20:00,2026-04-05 09:21:00,B40 A,13.0,14.11,0.92,4.12,3.02,1.0
100,2026-04-05,SN1124,2026-04-05 07:10:00,2026-04-05 07:19:00,9.0,2026-04-05 07:32:00,2026-04-05 07:48:00,B30 A,138.0,14.97,9.22,4.09,2.18,16.0
100,2026-04-05,SN206,2026-04-05 06:25:00,2026-04-05 06:48:00,23.0,2026-04-05 07:07:00,2026-04-05 07:30:00,B38 A,154.0,14.9,10.34,5.34,2.18,23.0
100,2026-04-05,SN229,2026-04-05 08:06:00,2026-04-05 09:20:00,74.0,2026-04-05 09:41:00,2026-04-05 10:22:00,B14 A,144.0,15.03,9.58,5.4,1.23,41.0
100,2026-04-05,SN278,2026-04-05 08:43:00,2026-04-05 08:27:00,-16.0,2026-04-05 08:40:00,2026-04-05 09:10:00,B37 A,123.0,11.84,10.39,5.06,2.41,30.0
100,2026-04-05,SN2900,2026-04-05 10:44:00,2026-04-05 11:04:00,20.0,2026-04-05 11:13:00,2026-04-05 11:34:00,B32 A,49.0,13.5,3.63,4.39,2.2,21.0
100,2026-04-05,SN3326,2026-04-05 11:24:00,2026-04-05 11:41:00,17.0,2026-04-05 12:06:00,2026-04-05 12:12:00,B14 A,111.0,13.93,7.97,5.19,1.28,6.0
100,2026-04-05,SN358,2026-04-05 08:21:00,2026-04-05 08:24:00,3.0,2026-04-05 08:42:00,2026-04-05 09:09:00,B14 A,112.0,15.4,7.27,4.95,1.35,27.0
100,2026-04-05,SN379,2026-04-05 08:11:00,2026-04-05 08:40:00,29.0,2026-04-05 08:59:00,2026-04-05 09:27:00,B28 A,76.0,12.79,5.94,5.19,1.54,28.0
100,2026-04-05,SN3800,2026-04-05 06:15:00,2026-04-05 06:16:00,1.0,2026-04-05 06:28:00,2026-04-05 06:30:00,A65 ,27.0,15.67,1.72,5.0,1.67,2.0
100,2026-04-05,TB1552,2026-04-05 07:15:00,2026-04-05 07:08:00,-7.0,2026-04-05 07:38:00,2026-04-05 07:45:00,A61 ,152.0,13.71,11.09,3.6,2.31,7.0
100,2026-04-05,TB2632,2026-04-05 09:29:00,2026-04-05 09:09:00,-20.0,2026-04-05 09:35:00,2026-04-05 09:44:00,B9  A,114.0,10.73,10.62,6.22,1.34,9.0
100,2026-04-05,TB2662,2026-04-05 09:15:00,2026-04-05 09:04:00,-11.0,2026-04-05 09:22:00,2026-04-05 09:30:00,B34 A,90.0,11.02,8.17,5.08,2.04,8.0
100,2026-04-05,TG934,2026-04-05 09:21:00,2026-04-05 09:16:00,-5.0,2026-04-05 09:38:00,2026-04-05 09:58:00,B38 A,249.0,14.37,17.33,6.23,1.87,20.0
100,2026-04-05,UA950,2026-04-05 12:20:00,2026-04-05 11:58:00,-22.0,2026-04-05 12:14:00,2026-04-05 12:42:00,B37 A,127.0,11.91,10.67,5.6,2.17,28.0
100,2026-04-05,UA994,2026-04-05 09:51:00,2026-04-05 11:28:00,97.0,2026-04-05 11:44:00,2026-04-05 12:09:00,B40 A,135.0,13.83,9.76,4.42,2.81,25.0
100,2026-04-05,XR5402,2026-04-05 07:46:00,2026-04-05 08:56:00,70.0,2026-04-05 09:23:00,2026-04-05 09:26:00,B5  A,88.0,14.08,6.25,5.4,1.54,3.0
101,2026-04-05,AC832,2026-04-05 12:18:00,2026-04-05 11:38:00,-40.0,2026-04-05 11:54:00,2026-04-05 12:17:00,B30 A,100.0,12.23,8.18,6.28,1.42,23.0
101,2026-04-05,ET750,2026-04-05 11:13:00,2026-04-05 11:34:00,21.0,2026-04-05 12:17:00,2026-04-05 13:03:00,B17 A,464.0,14.05,33.02,4.36,1.93,46.0
101,2026-04-05,FH8116,2026-04-05 12:44:00,2026-04-05 12:48:00,4.0,2026-04-05 13:06:00,2026-04-05 13:13:00,B38 A,140.0,14.92,9.38,4.62,2.52,7.0
101,2026-04-05,LH1004,2026-04-05 08:50:00,2026-04-05 08:53:00,3.0,2026-04-05 09:06:00,2026-04-05 09:12:00,A43 ,29.0,11.88,2.44,4.54,1.84,6.0
101,2026-04-05,SN1122,2026-04-05 08:39:00,2026-04-05 09:08:00,29.0,2026-04-05 09:20:00,2026-04-05 09:21:00,B40 A,13.0,11.96,1.09,5.18,2.4,1.0
101,2026-04-05,SN1124,2026-04-05 07:10:00,2026-04-05 07:19:00,9.0,2026-04-05 07:32:00,2026-04-05 07:48:00,B30 A,138.0,16.44,8.39,4.62,1.93,16.0
101,2026-04-05,SN206,2026-04-05 06:25:00,2026-04-05 06:48:00,23.0,2026-04-05 07:07:00,2026-04-05 07:30:00,B38 A,154.0,10.45,14.74,4.13,2.82,23.0
101,2026-04-05,SN229,2026-04-05 08:06:00,2026-04-05 09:20:00,74.0,2026-04-05 09:41:00,2026-04-05 10:22:00,B14 A,144.0,13.35,10.79,4.65,1.43,41.0
101,2026-04-05,SN278,2026-04-05 12:46:00,2026-04-05 12:41:00,-5.0,2026-04-05 13:04:00,2026-04-05 13:33:00,B31 A,62.0,12.77,4.85,6.88,1.56,29.0
101,2026-04-05,SN2900,2026-04-05 10:44:00,2026-04-05 11:04:00,20.0,2026-04-05 11:13:00,2026-04-05 11:34:00,B32 A,49.0,12.71,3.86,4.55,2.12,21.0
101,2026-04-05,SN3326,2026-04-05 11:24:00,2026-04-05 11:41:00,17.0,2026-04-05 12:06:00,2026-04-05 12:12:00,B14 A,111.0,12.53,8.86,5.98,1.11,6.0
101,2026-04-05,SN358,2026-04-05 08:21:00,2026-04-05 08:24:00,3.0,2026-04-05 08:42:00,2026-04-05 09:09:00,B14 A,112.0,10.32,10.85,6.61,1.01,27.0
101,2026-04-05,SN379,2026-04-05 10:10:00,2026-04-05 11:03:00,53.0,2026-04-05 11:42:00,2026-04-05 12:19:00,B29 A,161.0,13.91,11.57,6.09,1.62,37.0
101,2026-04-05,SN3800,2026-04-05 06:15:00,2026-04-05 06:16:00,1.0,2026-04-05 06:28:00,2026-04-05 06:30:00,A65 ,27.0,8.32,3.25,5.81,1.43,2.0
101,2026-04-05,TB1552,2026-04-05 08:29:00,2026-04-05 08:25:00,-4.0,2026-04-05 08:46:00,2026-04-05 08:54:00,A61 ,166.0,10.91,15.22,4.19,1.99,8.0
101,2026-04-05,TB2632,2026-04-05 09:29:00,2026-04-05 09:09:00,-20.0,2026-04-05 09:35:00,2026-04-05 09:44:00,B9  A,114.0,12.16,9.38,5.44,1.53,9.0
101,2026-04-05,TB2662,2026-04-05 09:15:00,2026-04-05 09:04:00,-11.0,2026-04-05 09:22:00,2026-04-05 09:30:00,B34 A,90.0,11.65,7.72,5.24,1.97,8.0
101,2026-04-05,TG934,2026-04-05 09:21:00,2026-04-05 09:16:00,-5.0,2026-04-05 09:38:00,2026-04-05 09:58:00,B38 A,249.0,13.24,18.8,4.98,2.34,20.0
101,2026-04-05,UA950,2026-04-05 12:20:00,2026-04-05 11:58:00,-22.0,2026-04-05 12:14:00,2026-04-05 12:42:00,B37 A,127.0,11.11,11.43,4.88,2.49,28.0
101,2026-04-05,UA994,2026-04-05 08:51:00,2026-04-05 08:32:00,-19.0,2026-04-05 08:52:00,2026-04-05 09:25:00,B40 A,171.0,15.04,11.37,4.09,3.03,33.0
101,2026-04-05,XR5402,2026-04-05 07:46:00,2026-04-05 08:56:00,70.0,2026-04-05 09:23:00,2026-04-05 09:26:00,B5  A,88.0,13.1,6.72,5.27,1.58,3.0
102,2026-04-05,AC832,2026-04-05 11:16:00,2026-04-05 10:39:00,-37.0,2026-04-05 10:54:00,2026-04-05 11:24:00,B5  A,101.0,12.65,7.98,6.47,1.29,30.0
102,2026-04-05,ET750,2026-04-05 11:13:00,2026-04-05 11:34:00,21.0,2026-04-05 12:17:00,2026-04-05 13:03:00,B17 A,464.0,14.67,31.63,4.15,2.03,46.0
102,2026-04-05,FH8116,2026-04-05 06:35:00,2026-04-05 06:00:00,-35.0,2026-04-05 06:07:00,2026-04-05 06:09:00,B15 A,22.0,11.86,1.85,5.64,1.37,2.0
102,2026-04-05,LH1004,2026-04-05 11:51:00,2026-04-05 11:47:00,-4.0,2026-04-05 12:07:00,2026-04-05 12:12:00,A43 ,23.0,11.7,1.97,5.17,1.61,5.0
102,2026-04-05,SN1122,2026-04-05 08:39:00,2026-04-05 09:08:00,29.0,2026-04-05 09:20:00,2026-04-05 09:21:00,B40 A,13.0,15.96,0.81,5.21,2.38,1.0
102,2026-04-05,SN1124,2026-04-05 07:10:00,2026-04-05 07:19:00,9.0,2026-04-05 07:32:00,2026-04-05 07:48:00,B30 A,138.0,16.54,8.34,5.15,1.73,16.0
102,2026-04-05,SN206,2026-04-05 06:25:00,2026-04-05 06:48:00,23.0,2026-04-05 07:07:00,2026-04-05 07:30:00,B38 A,154.0,10.1,15.25,5.12,2.28,23.0
102,2026-04-05,SN229,2026-04-05 12:06:00,2026-04-05 12:12:00,6.0,2026-04-05 12:39:00,2026-04-05 13:03:00,B28 A,20.0,10.69,1.87,5.09,1.57,24.0
102,2026-04-05,SN278,2026-04-05 10:45:00,2026-04-05 10:42:00,-3.0,2026-04-05 11:04:00,2026-04-05 11:16:00,B28 A,198.0,13.27,14.92,6.06,1.32,12.0
102,2026-04-05,SN2900,2026-04-05 07:39:00,2026-04-05 07:25:00,-14.0,2026-04-05 07:38:00,2026-04-05 07:53:00,B38 A,55.0,13.01,4.23,4.69,2.49,15.0
102,2026-04-05,SN3326,2026-04-05 11:24:00,2026-04-05 11:41:00,17.0,2026-04-05 12:06:00,2026-04-05 12:12:00,B14 A,111.0,10.71,10.36,5.04,1.32,6.0
102,2026-04-05,SN358,2026-04-05 12:21:00,2026-04-05 12:23:00,2.0,2026-04-05 12:43:00,2026-04-05 13:14:00,B28 A,176.0,13.9,12.66,4.95,1.62,31.0
102,2026-04-05,SN379,2026-04-05 08:11:00,2026-04-05 08:40:00,29.0,2026-04-05 08:59:00,2026-04-05 09:27:00,B28 A,76.0,8.99,8.45,5.3,1.51,28.0
102,2026-04-05,SN3800,2026-04-05 06:15:00,2026-04-05 06:16:00,1.0,2026-04-05 06:28:00,2026-04-05 06:30:00,A65 ,27.0,8.25,3.27,4.39,1.9,2.0
102,2026-04-05,TB1552,2026-04-05 08:29:00,2026-04-05 08:25:00,-4.0,2026-04-05 08:46:00,2026-04-05 08:54:00,A61 ,166.0,11.9,13.94,4.68,1.78,8.0
102,2026-04-05,TB2632,2026-04-05 09:29:00,2026-04-05 09:09:00,-20.0,2026-04-05 09:35:00,2026-04-05 09:44:00,B9  A,114.0,10.72,10.63,3.66,2.28,9.0
102,2026-04-05,TB2662,2026-04-05 09:15:00,2026-04-05 09:04:00,-11.0,2026-04-05 09:22:00,2026-04-05 09:30:00,B34 A,90.0,14.04,6.41,5.01,2.06,8.0
102,2026-04-05,TG934,2026-04-05 09:21:00,2026-04-05 09:16:00,-5.0,2026-04-05 09:38:00,2026-04-05 09:58:00,B38 A,249.0,13.21,18.85,4.79,2.43,20.0
102,2026-04-05,UA950,2026-04-05 09:21:00,2026-04-05 08:45:00,-36.0,2026-04-05 09:03:00,2026-04-05 09:29:00,B5  A,163.0,14.53,11.22,5.17,1.61,26.0
102,2026-04-05,UA994,2026-04-05 11:51:00,2026-04-05 11:37:00,-14.0,2026-04-05 11:55:00,2026-04-05 12:25:00,B40 A,157.0,11.33,13.86,3.96,3.14,30.0
102,2026-04-05,XR5402,2026-04-05 07:46:00,2026-04-05 08:56:00,70.0,2026-04-05 09:23:00,2026-04-05 09:26:00,B5  A,88.0,12.65,6.95,5.89,1.42,3.0
103,2026-04-05,AC832,2026-04-05 10:17:00,2026-04-05 10:43:00,26.0,2026-04-05 11:00:00,2026-04-05 11:34:00,B14 A,172.0,12.2,14.1,4.96,1.34,34.0
103,2026-04-05,ET750,2026-04-05 11:13:00,2026-04-05 11:34:00,21.0,2026-04-05 12:17:00,2026-04-05 13:03:00,B17 A,464.0,11.48,40.41,5.06,1.66,46.0
103,2026-04-05,FH8116,2026-04-05 12:44:00,2026-04-05 12:48:00,4.0,2026-04-05 13:06:00,2026-04-05 13:13:00,B38 A,140.0,14.0,10.0,4.47,2.61,7.0
103,2026-04-05,LH1004,2026-04-05 09:50:00,2026-04-05 09:53:00,3.0,2026-04-05 10:20:00,2026-04-05 10:27:00,A43 ,33.0,13.69,2.41,3.53,2.36,7.0
103,2026-04-05,SN1122,2026-04-05 08:39:00,2026-04-05 09:08:00,29.0,2026-04-05 09:20:00,2026-04-05 09:21:00,B40 A,13.0,14.4,0.9,4.45,2.79,1.0
103,2026-04-05,SN1124,2026-04-05 07:10:00,2026-04-05 07:19:00,9.0,2026-04-05 07:32:00,2026-04-05 07:48:00,B30 A,138.0,12.85,10.74,5.84,1.53,16.0
103,2026-04-05,SN206,2026-04-05 06:25:00,2026-04-05 06:48:00,23.0,2026-04-05 07:07:00,2026-04-05 07:30:00,B38 A,154.0,11.35,13.57,3.73,3.13,23.0
103,2026-04-05,SN229,2026-04-05 08:06:00,2026-04-05 09:20:00,74.0,2026-04-05 09:41:00,2026-04-05 10:22:00,B14 A,144.0,13.57,10.61,5.29,1.26,41.0
103,2026-04-05,SN278,2026-04-05 12:46:00,2026-04-05 12:41:00,-5.0,2026-04-05 13:04:00,2026-04-05 13:33:00,B31 A,62.0,9.67,6.41,5.25,2.05,29.0
103,2026-04-05,SN2900,2026-04-05 07:39:00,2026-04-05 07:25:00,-14.0,2026-04-05 07:38:00,2026-04-05 07:53:00,B38 A,55.0,14.81,3.71,4.76,2.45,15.0
103,2026-04-05,SN3326,2026-04-05 11:24:00,2026-04-05 11:41:00,17.0,2026-04-05 12:06:00,2026-04-05 12:12:00,B14 A,111.0,14.45,7.68,5.03,1.32,6.0
103,2026-04-05,SN358,2026-04-05 11:21:00,2026-04-05 11:29:00,8.0,2026-04-05 11:42:00,2026-04-05 12:06:00,B14 A,177.0,16.51,10.72,4.65,1.43,24.0
103,2026-04-05,SN379,2026-04-05 08:11:00,2026-04-05 08:40:00,29.0,2026-04-05 08:59:00,2026-04-05 09:27:00,B28 A,76.0,10.33,7.36,4.77,1.68,28.0
103,2026-04-05,SN3800,2026-04-05 06:15:00,2026-04-05 06:16:00,1.0,2026-04-05 06:28:00,2026-04-05 06:30:00,A65 ,27.0,10.29,2.63,4.98,1.67,2.0
103,2026-04-05,TB1552,2026-04-05 08:29:00,2026-04-05 08:25:00,-4.0,2026-04-05 08:46:00,2026-04-05 08:54:00,A61 ,166.0,14.3,11.61,5.81,1.43,8.0
103,2026-04-05,TB2632,2026-04-05 09:29:00,2026-04-05 09:09:00,-20.0,2026-04-05 09:35:00,2026-04-05 09:44:00,B9  A,114.0,14.7,7.75,4.24,1.97,9.0
103,2026-04-05,TB2662,2026-04-05 09:15:00,2026-04-05 09:04:00,-11.0,2026-04-05 09:22:00,2026-04-05 09:30:00,B34 A,90.0,13.02,6.91,6.05,1.71,8.0
103,2026-04-05,TG934,2026-04-05 09:21:00,2026-04-05 09:16:00,-5.0,2026-04-05 09:38:00,2026-04-05 09:58:00,B38 A,249.0,12.33,20.2,6.87,1.7,20.0
103,2026-04-05,UA950,2026-04-05 11:22:00,2026-04-05 11:02:00,-20.0,2026-04-05 11:22:00,2026-04-05 11:45:00,B28 A,170.0,13.16,12.92,5.78,1.38,23.0
103,2026-04-05,UA994,2026-04-05 08:51:00,2026-04-05 08:32:00,-19.0,2026-04-05 08:52:00,2026-04-05 09:25:00,B40 A,171.0,13.49,12.68,5.6,2.22,33.0
103,2026-04-05,XR5402,2026-04-05 07:46:00,2026-04-05 08:56:00,70.0,2026-04-05 09:23:00,2026-04-05 09:26:00,B5  A,88.0,13.99,6.29,3.68,2.26,3.0
104,2026-04-05,AC832,2026-04-05 09:18:00,2026-04-05 08:45:00,-33.0,2026-04-05 09:06:00,2026-04-05 09:59:00,B28 A,110.0,8.79,12.51,4.46,1.79,53.0
104,2026-04-05,ET750,2026-04-05 11:13:00,2026-04-05 11:34:00,21.0,2026-04-05 12:17:00,2026-04-05 13:03:00,B17 A,464.0,11.71,39.61,5.8,1.45,46.0
104,2026-04-05,FH8116,2026-04-05 12:44:00,2026-04-05 12:48:00,4.0,2026-04-05 13:06:00,2026-04-05 13:13:00,B38 A,140.0,14.61,9.58,4.89,2.38,7.0
104,2026-04-05,LH1004,2026-04-05 09:50:00,2026-04-05 09:53:00,3.0,2026-04-05 10:20:00,2026-04-05 10:27:00,A43 ,33.0,12.57,2.63,5.65,1.47,7.0
104,2026-04-05,SN1122,2026-04-05 08:39:00,2026-04-05 09:08:00,29.0,2026-04-05 09:20:00,2026-04-05 09:21:00,B40 A,13.0,12.21,1.06,5.54,2.24,1.0
104,2026-04-05,SN1124,2026-04-05 07:10:00,2026-04-05 07:19:00,9.0,2026-04-05 07:32:00,2026-04-05 07:48:00,B30 A,138.0,12.05,11.45,6.23,1.43,16.0
104,2026-04-05,SN206,2026-04-05 06:25:00,2026-04-05 06:48:00,23.0,2026-04-05 07:07:00,2026-04-05 07:30:00,B38 A,154.0,11.47,13.42,5.7,2.05,23.0
104,2026-04-05,SN229,2026-04-05 08:06:00,2026-04-05 09:20:00,74.0,2026-04-05 09:41:00,2026-04-05 10:22:00,B14 A,144.0,12.82,11.23,3.88,1.72,41.0
104,2026-04-05,SN278,2026-04-05 12:46:00,2026-04-05 12:41:00,-5.0,2026-04-05 13:04:00,2026-04-05 13:33:00,B31 A,62.0,13.91,4.46,4.69,2.29,29.0
104,2026-04-05,SN2900,2026-04-05 07:39:00,2026-04-05 07:25:00,-14.0,2026-04-05 07:38:00,2026-04-05 07:53:00,B38 A,55.0,11.35,4.84,4.46,2.61,15.0
104,2026-04-05,SN3326,2026-04-05 07:45:00,2026-04-05 08:05:00,20.0,2026-04-05 08:16:00,2026-04-05 08:36:00,B28 A,123.0,15.31,8.03,5.19,1.54,20.0
104,2026-04-05,SN358,2026-04-05 11:21:00,2026-04-05 11:29:00,8.0,2026-04-05 11:42:00,2026-04-05 12:06:00,B14 A,177.0,16.98,10.42,4.74,1.41,24.0
104,2026-04-05,SN379,2026-04-05 08:11:00,2026-04-05 08:40:00,29.0,2026-04-05 08:59:00,2026-04-05 09:27:00,B28 A,76.0,10.4,7.31,4.57,1.75,28.0
104,2026-04-05,SN3800,2026-04-05 06:15:00,2026-04-05 06:16:00,1.0,2026-04-05 06:28:00,2026-04-05 06:30:00,A65 ,27.0,13.66,1.98,5.33,1.56,2.0
104,2026-04-05,TB1552,2026-04-05 07:15:00,2026-04-05 07:08:00,-7.0,2026-04-05 07:38:00,2026-04-05 07:45:00,A61 ,152.0,12.38,12.28,4.65,1.79,7.0
104,2026-04-05,TB2632,2026-04-05 09:29:00,2026-04-05 09:09:00,-20.0,2026-04-05 09:35:00,2026-04-05 09:44:00,B9  A,114.0,11.28,10.11,5.15,1.62,9.0
104,2026-04-05,TB2662,2026-04-05 09:15:00,2026-04-05 09:04:00,-11.0,2026-04-05 09:22:00,2026-04-05 09:30:00,B34 A,90.0,12.04,7.47,4.26,2.43,8.0
104,2026-04-05,TG934,2026-04-05 09:21:00,2026-04-05 09:16:00,-5.0,2026-04-05 09:38:00,2026-04-05 09:58:00,B38 A,249.0,16.62,14.98,4.69,2.49,20.0
104,2026-04-05,UA950,2026-04-05 11:22:00,2026-04-05 11:02:00,-20.0,2026-04-05 11:22:00,2026-04-05 11:45:00,B28 A,170.0,12.64,13.44,4.4,1.82,23.0
104,2026-04-05,UA994,2026-04-05 12:51:00,2026-04-05 12:35:00,-16.0,2026-04-05 12:54:00,2026-04-05 13:24:00,B38 A,109.0,12.6,8.65,4.6,2.54,30.0
104,2026-04-05,XR5402,2026-04-05 07:46:00,2026-04-05 08:56:00,70.0,2026-04-05 09:23:00,2026-04-05 09:26:00,B5  A,88.0,10.18,8.65,4.55,1.83,3.0
105,2026-04-05,AC832,2026-04-05 10:17:00,2026-04-05 10:43:00,26.0,2026-04-05 11:00:00,2026-04-05 11:34:00,B14 A,172.0,12.59,13.66,5.06,1.32,34.0
105,2026-04-05,ET750,2026-04-05 11:13:00,2026-04-05 11:34:00,21.0,2026-04-05 12:17:00,2026-04-05 13:03:00,B17 A,464.0,11.96,38.8,4.65,1.81,46.0
105,2026-04-05,FH8116,2026-04-05 12:44:00,2026-04-05 12:48:00,4.0,2026-04-05 13:06:00,2026-04-05 13:13:00,B38 A,140.0,14.26,9.81,5.61,2.08,7.0
105,2026-04-05,LH1004,2026-04-05 08:50:00,2026-04-05 08:53:00,3.0,2026-04-05 09:06:00,2026-04-05 09:12:00,A43 ,29.0,14.87,1.95,3.69,2.26,6.0
105,2026-04-05,SN1122,2026-04-05 08:39:00,2026-04-05 09:08:00,29.0,2026-04-05 09:20:00,2026-04-05 09:21:00,B40 A,13.0,10.33,1.26,4.97,2.5,1.0
105,2026-04-05,SN1124,2026-04-05 07:10:00,2026-04-05 07:19:00,9.0,2026-04-05 07:32:00,2026-04-05 07:48:00,B30 A,138.0,13.15,10.5,5.44,1.64,16.0
105,2026-04-05,SN206,2026-04-05 06:25:00,2026-04-05 06:48:00,23.0,2026-04-05 07:07:00,2026-04-05 07:30:00,B38 A,154.0,11.62,13.25,5.31,2.2,23.0
105,2026-04-05,SN229,2026-04-05 08:06:00,2026-04-05 09:20:00,74.0,2026-04-05 09:41:00,2026-04-05 10:22:00,B14 A,144.0,11.89,12.11,6.14,1.09,41.0
105,2026-04-05,SN278,2026-04-05 10:45:00,2026-04-05 10:42:00,-3.0,2026-04-05 11:04:00,2026-04-05 11:16:00,B28 A,198.0,13.15,15.06,4.99,1.6,12.0
105,2026-04-05,SN2900,2026-04-05 07:39:00,2026-04-05 07:25:00,-14.0,2026-04-05 07:38:00,2026-04-05 07:53:00,B38 A,55.0,8.18,6.73,4.82,2.42,15.0
105,2026-04-05,SN3326,2026-04-05 07:45:00,2026-04-05 08:05:00,20.0,2026-04-05 08:16:00,2026-04-05 08:36:00,B28 A,123.0,14.31,8.6,4.74,1.69,20.0
105,2026-04-05,SN358,2026-04-05 10:21:00,2026-04-05 11:13:00,52.0,2026-04-05 11:43:00,2026-04-05 12:03:00,B38 A,126.0,14.56,8.66,5.21,2.24,20.0
105,2026-04-05,SN379,2026-04-05 08:11:00,2026-04-05 08:40:00,29.0,2026-04-05 08:59:00,2026-04-05 09:27:00,B28 A,76.0,11.35,6.7,5.37,1.49,28.0
105,2026-04-05,SN3800,2026-04-05 06:15:00,2026-04-05 06:16:00,1.0,2026-04-05 06:28:00,2026-04-05 06:30:00,A65 ,27.0,10.85,2.49,4.72,1.77,2.0
105,2026-04-05,TB1552,2026-04-05 07:15:00,2026-04-05 07:08:00,-7.0,2026-04-05 07:38:00,2026-04-05 07:45:00,A61 ,152.0,13.63,11.15,5.89,1.41,7.0
105,2026-04-05,TB2632,2026-04-05 09:29:00,2026-04-05 09:09:00,-20.0,2026-04-05 09:35:00,2026-04-05 09:44:00,B9  A,114.0,12.33,9.25,4.92,1.7,9.0
105,2026-04-05,TB2662,2026-04-05 09:15:00,2026-04-05 09:04:00,-11.0,2026-04-05 09:22:00,2026-04-05 09:30:00,B34 A,90.0,13.97,6.44,5.33,1.94,8.0
105,2026-04-05,TG934,2026-04-05 09:21:00,2026-04-05 09:16:00,-5.0,2026-04-05 09:38:00,2026-04-05 09:58:00,B38 A,249.0,13.03,19.11,6.25,1.87,20.0
105,2026-04-05,UA950,2026-04-05 08:20:00,2026-04-05 08:20:00,0.0,2026-04-05 08:36:00,2026-04-05 09:25:00,B38 A,176.0,14.68,11.99,4.46,2.62,49.0
105,2026-04-05,UA994,2026-04-05 08:51:00,2026-04-05 08:32:00,-19.0,2026-04-05 08:52:00,2026-04-05 09:25:00,B40 A,171.0,11.08,15.43,5.07,2.45,33.0
105,2026-04-05,XR5402,2026-04-05 07:46:00,2026-04-05 08:56:00,70.0,2026-04-05 09:23:00,2026-04-05 09:26:00,B5  A,88.0,11.53,7.63,4.33,1.92,3.0
106,2026-04-05,AC832,2026-04-05 11:16:00,2026-04-05 10:39:00,-37.0,2026-04-05 10:54:00,2026-04-05 11:24:00,B5  A,101.0,13.8,7.32,6.16,1.35,30.0
106,2026-04-05,ET750,2026-04-05 11:13:00,2026-04-05 11:34:00,21.0,2026-04-05 12:17:00,2026-04-05 13:03:00,B17 A,464.0,13.88,33.43,5.66,1.49,46.0
106,2026-04-05,FH8116,2026-04-05 12:44:00,2026-04-05 12:48:00,4.0,2026-04-05 13:06:00,2026-04-05 13:13:00,B38 A,140.0,14.08,9.94,4.12,2.83,7.0
106,2026-04-05,LH1004,2026-04-05 09:50:00,2026-04-05 09:53:00,3.0,2026-04-05 10:20:00,2026-04-05 10:27:00,A43 ,33.0,11.44,2.88,5.8,1.44,7.0
106,2026-04-05,SN1122,2026-04-05 08:39:00,2026-04-05 09:08:00,29.0,2026-04-05 09:20:00,2026-04-05 09:21:00,B40 A,13.0,8.19,1.59,4.39,2.83,1.0
106,2026-04-05,SN1124,2026-04-05 07:10:00,2026-04-05 07:19:00,9.0,2026-04-05 07:32:00,2026-04-05 07:48:00,B30 A,138.0,12.64,10.92,4.72,1.89,16.0
106,2026-04-05,SN206,2026-04-05 06:25:00,2026-04-05 06:48:00,23.0,2026-04-05 07:07:00,2026-04-05 07:30:00,B38 A,154.0,16.2,9.51,4.37,2.67,23.0
106,2026-04-05,SN229,2026-04-05 10:04:00,2026-04-05 10:26:00,22.0,2026-04-05 10:41:00,2026-04-05 11:10:00,B31 A,120.0,11.48,10.45,4.89,2.2,29.0
106,2026-04-05,SN278,2026-04-05 12:46:00,2026-04-05 12:41:00,-5.0,2026-04-05 13:04:00,2026-04-05 13:33:00,B31 A,62.0,11.23,5.52,5.09,2.11,29.0
106,2026-04-05,SN2900,2026-04-05 08:46:00,2026-04-05 08:33:00,-13.0,2026-04-05 08:58:00,2026-04-05 09:02:00,B14 A,79.0,9.89,7.99,4.68,1.42,4.0
106,2026-04-05,SN3326,2026-04-05 11:24:00,2026-04-05 11:41:00,17.0,2026-04-05 12:06:00,2026-04-05 12:12:00,B14 A,111.0,13.69,8.11,4.41,1.51,6.0
106,2026-04-05,SN358,2026-04-05 08:21:00,2026-04-05 08:24:00,3.0,2026-04-05 08:42:00,2026-04-05 09:09:00,B14 A,112.0,9.12,12.28,5.62,1.19,27.0
106,2026-04-05,SN379,2026-04-05 10:10:00,2026-04-05 11:03:00,53.0,2026-04-05 11:42:00,2026-04-05 12:19:00,B29 A,161.0,16.57,9.72,3.52,2.79,37.0
106,2026-04-05,SN3800,2026-04-05 06:15:00,2026-04-05 06:16:00,1.0,2026-04-05 06:28:00,2026-04-05 06:30:00,A65 ,27.0,12.19,2.21,5.02,1.66,2.0
106,2026-04-05,TB1552,2026-04-05 07:15:00,2026-04-05 07:08:00,-7.0,2026-04-05 07:38:00,2026-04-05 07:45:00,A61 ,152.0,12.33,12.33,5.88,1.42,7.0
106,2026-04-05,TB2632,2026-04-05 09:29:00,2026-04-05 09:09:00,-20.0,2026-04-05 09:35:00,2026-04-05 09:44:00,B9  A,114.0,12.55,9.09,3.82,2.18,9.0
106,2026-04-05,TB2662,2026-04-05 09:15:00,2026-04-05 09:04:00,-11.0,2026-04-05 09:22:00,2026-04-05 09:30:00,B34 A,90.0,12.81,7.02,4.98,2.08,8.0
106,2026-04-05,TG934,2026-04-05 09:21:00,2026-04-05 09:16:00,-5.0,2026-04-05 09:38:00,2026-04-05 09:58:00,B38 A,249.0,14.51,17.16,4.68,2.49,20.0
106,2026-04-05,UA950,2026-04-05 12:20:00,2026-04-05 11:58:00,-22.0,2026-04-05 12:14:00,2026-04-05 12:42:00,B37 A,127.0,10.63,11.94,5.0,2.44,28.0
106,2026-04-05,UA994,2026-04-05 12:51:00,2026-04-05 12:35:00,-16.0,2026-04-05 12:54:00,2026-04-05 13:24:00,B38 A,109.0,14.49,7.52,4.93,2.37,30.0
106,2026-04-05,XR5402,2026-04-05 07:46:00,2026-04-05 08:56:00,70.0,2026-04-05 09:23:00,2026-04-05 09:26:00,B5  A,88.0,9.27,9.49,5.83,1.43,3.0
107,2026-04-05,AC832,2026-04-05 10:17:00,2026-04-05 10:43:00,26.0,2026-04-05 11:00:00,2026-04-05 11:34:00,B14 A,172.0,12.95,13.28,3.22,2.07,34.0
107,2026-04-05,ET750,2026-04-05 11:13:00,2026-04-05 11:34:00,21.0,2026-04-05 12:17:00,2026-04-05 13:03:00,B17 A,464.0,13.84,33.52,4.17,2.02,46.0
107,2026-04-05,FH8116,2026-04-05 12:44:00,2026-04-05 12:48:00,4.0,2026-04-05 13:06:00,2026-04-05 13:13:00,B38 A,140.0,15.14,9.24,6.8,1.72,7.0
107,2026-04-05,LH1004,2026-04-05 09:50:00,2026-04-05 09:53:00,3.0,2026-04-05 10:20:00,2026-04-05 10:27:00,A43 ,33.0,11.5,2.87,5.38,1.55,7.0
107,2026-04-05,SN1122,2026-04-05 08:39:00,2026-04-05 09:08:00,29.0,2026-04-05 09:20:00,2026-04-05 09:21:00,B40 A,13.0,13.77,0.94,4.46,2.79,1.0
107,2026-04-05,SN1124,2026-04-05 07:10:00,2026-04-05 07:19:00,9.0,2026-04-05 07:32:00,2026-04-05 07:48:00,B30 A,138.0,13.45,10.26,5.94,1.5,16.0
107,2026-04-05,SN206,2026-04-05 06:25:00,2026-04-05 06:48:00,23.0,2026-04-05 07:07:00,2026-04-05 07:30:00,B38 A,154.0,11.88,12.97,5.5,2.12,23.0
107,2026-04-05,SN229,2026-04-05 12:06:00,2026-04-05 12:12:00,6.0,2026-04-05 12:39:00,2026-04-05 13:03:00,B28 A,20.0,9.18,2.18,4.74,1.69,24.0
107,2026-04-05,SN278,2026-04-05 12:46:00,2026-04-05 12:41:00,-5.0,2026-04-05 13:04:00,2026-04-05 13:33:00,B31 A,62.0,8.94,6.93,5.09,2.11,29.0
107,2026-04-05,SN2900,2026-04-05 08:46:00,2026-04-05 08:33:00,-13.0,2026-04-05 08:58:00,2026-04-05 09:02:00,B14 A,79.0,10.85,7.28,4.59,1.45,4.0
107,2026-04-05,SN3326,2026-04-05 07:45:00,2026-04-05 08:05:00,20.0,2026-04-05 08:16:00,2026-04-05 08:36:00,B28 A,123.0,12.86,9.57,6.1,1.31,20.0
107,2026-04-05,SN358,2026-04-05 10:21:00,2026-04-05 11:13:00,52.0,2026-04-05 11:43:00,2026-04-05 12:03:00,B38 A,126.0,14.47,8.71,5.51,2.12,20.0
107,2026-04-05,SN379,2026-04-05 08:11:00,2026-04-05 08:40:00,29.0,2026-04-05 08:59:00,2026-04-05 09:27:00,B28 A,76.0,14.02,5.42,4.37,1.83,28.0
107,2026-04-05,SN3800,2026-04-05 06:15:00,2026-04-05 06:16:00,1.0,2026-04-05 06:28:00,2026-04-05 06:30:00,A65 ,27.0,16.13,1.67,5.1,1.63,2.0
107,2026-04-05,TB1552,2026-04-05 10:15:00,2026-04-05 10:31:00,16.0,2026-04-05 10:50:00,2026-04-05 10:59:00,A69 ,164.0,13.91,11.79,6.83,1.22,9.0
107,2026-04-05,TB2632,2026-04-05 09:29:00,2026-04-05 09:09:00,-20.0,2026-04-05 09:35:00,2026-04-05 09:44:00,B9  A,114.0,10.81,10.55,4.36,1.91,9.0
107,2026-04-05,TB2662,2026-04-05 09:15:00,2026-04-05 09:04:00,-11.0,2026-04-05 09:22:00,2026-04-05 09:30:00,B34 A,90.0,12.74,7.06,6.04,1.71,8.0
107,2026-04-05,TG934,2026-04-05 09:21:00,2026-04-05 09:16:00,-5.0,2026-04-05 09:38:00,2026-04-05 09:58:00,B38 A,249.0,14.97,16.63,4.07,2.86,20.0
107,2026-04-05,UA950,2026-04-05 11:22:00,2026-04-05 11:02:00,-20.0,2026-04-05 11:22:00,2026-04-05 11:45:00,B28 A,170.0,9.65,17.62,5.41,1.48,23.0
107,2026-04-05,UA994,2026-04-05 11:51:00,2026-04-05 11:37:00,-14.0,2026-04-05 11:55:00,2026-04-05 12:25:00,B40 A,157.0,12.78,12.29,5.33,2.33,30.0
107,2026-04-05,XR5402,2026-04-05 07:46:00,2026-04-05 08:56:00,70.0,2026-04-05 09:23:00,2026-04-05 09:26:00,B5  A,88.0,12.08,7.29,4.67,1.78,3.0
108,2026-04-05,AC832,2026-04-05 09:18:00,2026-04-05 08:45:00,-33.0,2026-04-05 09:06:00,2026-04-05 09:59:00,B28 A,110.0,10.18,10.8,6.16,1.3,53.0
108,2026-04-05,ET750,2026-04-05 11:13:00,2026-04-05 11:34:00,21.0,2026-04-05 12:17:00,2026-04-05 13:03:00,B17 A,464.0,11.94,38.87,5.66,1.49,46.0
108,2026-04-05,FH8116,2026-04-05 12:44:00,2026-04-05 12:48:00,4.0,2026-04-05 13:06:00,2026-04-05 13:13:00,B38 A,140.0,15.97,8.77,5.59,2.09,7.0
108,2026-04-05,LH1004,2026-04-05 09:50:00,2026-04-05 09:53:00,3.0,2026-04-05 10:20:00,2026-04-05 10:27:00,A43 ,33.0,14.65,2.25,6.68,1.25,7.0
108,2026-04-05,SN1122,2026-04-05 08:39:00,2026-04-05 09:08:00,29.0,2026-04-05 09:20:00,2026-04-05 09:21:00,B40 A,13.0,10.5,1.24,3.68,3.37,1.0
108,2026-04-05,SN1124,2026-04-05 07:10:00,2026-04-05 07:19:00,9.0,2026-04-05 07:32:00,2026-04-05 07:48:00,B30 A,138.0,14.89,9.27,4.73,1.88,16.0
108,2026-04-05,SN206,2026-04-05 06:25:00,2026-04-05 06:48:00,23.0,2026-04-05 07:07:00,2026-04-05 07:30:00,B38 A,154.0,12.09,12.74,5.15,2.26,23.0
108,2026-04-05,SN229,2026-04-05 12:06:00,2026-04-05 12:12:00,6.0,2026-04-05 12:39:00,2026-04-05 13:03:00,B28 A,20.0,11.42,1.75,5.21,1.53,24.0
108,2026-04-05,SN278,2026-04-05 10:45:00,2026-04-05 10:42:00,-3.0,2026-04-05 11:04:00,2026-04-05 11:16:00,B28 A,198.0,12.34,16.05,4.66,1.71,12.0
108,2026-04-05,SN2900,2026-04-05 10:44:00,2026-04-05 11:04:00,20.0,2026-04-05 11:13:00,2026-04-05 11:34:00,B32 A,49.0,10.86,4.51,3.64,2.65,21.0
108,2026-04-05,SN3326,2026-04-05 11:24:00,2026-04-05 11:41:00,17.0,2026-04-05 12:06:00,2026-04-05 12:12:00,B14 A,111.0,13.12,8.46,5.33,1.25,6.0
108,2026-04-05,SN358,2026-04-05 10:21:00,2026-04-05 11:13:00,52.0,2026-04-05 11:43:00,2026-04-05 12:03:00,B38 A,126.0,14.89,8.46,4.98,2.34,20.0
108,2026-04-05,SN379,2026-04-05 08:11:00,2026-04-05 08:40:00,29.0,2026-04-05 08:59:00,2026-04-05 09:27:00,B28 A,76.0,13.81,5.5,6.03,1.33,28.0
108,2026-04-05,SN3800,2026-04-05 06:15:00,2026-04-05 06:16:00,1.0,2026-04-05 06:28:00,2026-04-05 06:30:00,A65 ,27.0,12.98,2.08,4.39,1.9,2.0
108,2026-04-05,TB1552,2026-04-05 07:47:00,2026-04-05 07:43:00,-4.0,2026-04-05 07:55:00,2026-04-05 07:59:00,A68 ,66.0,11.97,5.51,6.29,1.33,4.0
108,2026-04-05,TB2632,2026-04-05 09:29:00,2026-04-05 09:09:00,-20.0,2026-04-05 09:35:00,2026-04-05 09:44:00,B9  A,114.0,15.93,7.16,5.03,1.66,9.0
108,2026-04-05,TB2662,2026-04-05 09:15:00,2026-04-05 09:04:00,-11.0,2026-04-05 09:22:00,2026-04-05 09:30:00,B34 A,90.0,15.47,5.82,4.72,2.19,8.0
108,2026-04-05,TG934,2026-04-05 09:21:00,2026-04-05 09:16:00,-5.0,2026-04-05 09:38:00,2026-04-05 09:58:00,B38 A,249.0,16.15,15.42,3.99,2.92,20.0
108,2026-04-05,UA950,2026-04-05 11:22:00,2026-04-05 11:02:00,-20.0,2026-04-05 11:22:00,2026-04-05 11:45:00,B28 A,170.0,9.89,17.19,4.46,1.79,23.0
108,2026-04-05,UA994,2026-04-05 08:51:00,2026-04-05 08:32:00,-19.0,2026-04-05 08:52:00,2026-04-05 09:25:00,B40 A,171.0,12.23,13.98,4.54,2.73,33.0
108,2026-04-05,XR5402,2026-04-05 07:46:00,2026-04-05 08:56:00,70.0,2026-04-05 09:23:00,2026-04-05 09:26:00,B5  A,88.0,12.45,7.07,6.47,1.29,3.0
109,2026-04-05,AC832,2026-04-05 11:16:00,2026-04-05 10:39:00,-37.0,2026-04-05 10:54:00,2026-04-05 11:24:00,B5  A,101.0,9.53,10.6,4.04,2.06,30.0
109,2026-04-05,ET750,2026-04-05 09:11:00,2026-04-05 09:13:00,2.0,2026-04-05 09:42:00,2026-04-05 10:46:00,B40 A,421.0,16.19,26.01,4.77,2.6,64.0
109,2026-04-05,FH8116,2026-04-05 12:44:00,2026-04-05 12:48:00,4.0,2026-04-05 13:06:00,2026-04-05 13:13:00,B38 A,140.0,11.25,12.44,4.87,2.4,7.0
109,2026-04-05,LH1004,2026-04-05 08:50:00,2026-04-05 08:53:00,3.0,2026-04-05 09:06:00,2026-04-05 09:12:00,A43 ,29.0,13.51,2.15,5.29,1.58,6.0
109,2026-04-05,SN1122,2026-04-05 08:39:00,2026-04-05 09:08:00,29.0,2026-04-05 09:20:00,2026-04-05 09:21:00,B40 A,13.0,9.34,1.39,5.84,2.13,1.0
109,2026-04-05,SN1124,2026-04-05 07:10:00,2026-04-05 07:19:00,9.0,2026-04-05 07:32:00,2026-04-05 07:48:00,B30 A,138.0,13.6,10.14,5.91,1.51,16.0
109,2026-04-05,SN206,2026-04-05 06:25:00,2026-04-05 06:48:00,23.0,2026-04-05 07:07:00,2026-04-05 07:30:00,B38 A,154.0,10.89,14.14,5.3,2.2,23.0
109,2026-04-05,SN229,2026-04-05 10:04:00,2026-04-05 10:26:00,22.0,2026-04-05 10:41:00,2026-04-05 11:10:00,B31 A,120.0,15.45,7.76,7.05,1.52,29.0
109,2026-04-05,SN278,2026-04-05 08:43:00,2026-04-05 08:27:00,-16.0,2026-04-05 08:40:00,2026-04-05 09:10:00,B37 A,123.0,15.97,7.7,3.76,3.24,30.0
109,2026-04-05,SN2900,2026-04-05 10:44:00,2026-04-05 11:04:00,20.0,2026-04-05 11:13:00,2026-04-05 11:34:00,B32 A,49.0,13.37,3.67,6.61,1.46,21.0
109,2026-04-05,SN3326,2026-04-05 11:24:00,2026-04-05 11:41:00,17.0,2026-04-05 12:06:00,2026-04-05 12:12:00,B14 A,111.0,11.96,9.28,4.87,1.37,6.0
109,2026-04-05,SN358,2026-04-05 10:21:00,2026-04-05 11:13:00,52.0,2026-04-05 11:43:00,2026-04-05 12:03:00,B38 A,126.0,10.5,11.99,4.55,2.56,20.0
109,2026-04-05,SN379,2026-04-05 08:11:00,2026-04-05 08:40:00,29.0,2026-04-05 08:59:00,2026-04-05 09:27:00,B28 A,76.0,15.22,4.99,4.5,1.78,28.0
109,2026-04-05,SN3800,2026-04-05 06:15:00,2026-04-05 06:16:00,1.0,2026-04-05 06:28:00,2026-04-05 06:30:00,A65 ,27.0,12.27,2.2,6.25,1.33,2.0
109,2026-04-05,TB1552,2026-04-05 08:29:00,2026-04-05 08:25:00,-4.0,2026-04-05 08:46:00,2026-04-05 08:54:00,A61 ,166.0,12.67,13.1,4.46,1.87,8.0
109,2026-04-05,TB2632,2026-04-05 09:29:00,2026-04-05 09:09:00,-20.0,2026-04-05 09:35:00,2026-04-05 09:44:00,B9  A,114.0,15.49,7.36,5.0,1.67,9.0
109,2026-04-05,TB2662,2026-04-05 09:15:00,2026-04-05 09:04:00,-11.0,2026-04-05 09:22:00,2026-04-05 09:30:00,B34 A,90.0,13.98,6.44,6.42,1.61,8.0
109,2026-04-05,TG934,2026-04-05 09:21:00,2026-04-05 09:16:00,-5.0,2026-04-05 09:38:00,2026-04-05 09:58:00,B38 A,249.0,15.03,16.57,4.52,2.58,20.0
109,2026-04-05,UA950,2026-04-05 09:21:00,2026-04-05 08:45:00,-36.0,2026-04-05 09:03:00,2026-04-05 09:29:00,B5  A,163.0,12.28,13.27,5.23,1.59,26.0
109,2026-04-05,UA994,2026-04-05 09:51:00,2026-04-05 11:28:00,97.0,2026-04-05 11:44:00,2026-04-05 12:09:00,B40 A,135.0,14.38,9.39,6.66,1.86,25.0
109,2026-04-05,XR5402,2026-04-05 07:46:00,2026-04-05 08:56:00,70.0,2026-04-05 09:23:00,2026-04-05 09:26:00,B5  A,88.0,11.06,7.96,5.34,1.56,3.0
110,2026-04-05,AC832,2026-04-05 10:17:00,2026-04-05 10:43:00,26.0,2026-04-05 11:00:00,2026-04-05 11:34:00,B14 A,172.0,15.83,10.86,5.28,1.26,34.0
110,2026-04-05,ET750,2026-04-05 11:13:00,2026-04-05 11:34:00,21.0,2026-04-05 12:17:00,2026-04-05 13:03:00,B17 A,464.0,15.29,30.34,4.65,1.81,46.0
110,2026-04-05,FH8116,2026-04-05 06:35:00,2026-04-05 06:00:00,-35.0,2026-04-05 06:07:00,2026-04-05 06:09:00,B15 A,22.0,13.09,1.68,5.75,1.34,2.0
110,2026-04-05,LH1004,2026-04-05 11:51:00,2026-04-05 11:47:00,-4.0,2026-04-05 12:07:00,2026-04-05 12:12:00,A43 ,23.0,10.82,2.13,4.98,1.67,5.0
110,2026-04-05,SN1122,2026-04-05 08:39:00,2026-04-05 09:08:00,29.0,2026-04-05 09:20:00,2026-04-05 09:21:00,B40 A,13.0,14.77,0.88,6.91,1.8,1.0
110,2026-04-05,SN1124,2026-04-05 07:10:00,2026-04-05 07:19:00,9.0,2026-04-05 07:32:00,2026-04-05 07:48:00,B30 A,138.0,14.33,9.63,4.87,1.83,16.0
110,2026-04-05,SN206,2026-04-05 06:25:00,2026-04-05 06:48:00,23.0,2026-04-05 07:07:00,2026-04-05 07:30:00,B38 A,154.0,13.76,11.19,4.75,2.46,23.0
110,2026-04-05,SN229,2026-04-05 10:04:00,2026-04-05 10:26:00,22.0,2026-04-05 10:41:00,2026-04-05 11:10:00,B31 A,120.0,9.5,12.63,4.81,2.23,29.0
110,2026-04-05,SN278,2026-04-05 10:45:00,2026-04-05 10:42:00,-3.0,2026-04-05 11:04:00,2026-04-05 11:16:00,B28 A,198.0,13.14,15.06,4.42,1.81,12.0
110,2026-04-05,SN2900,2026-04-05 10:44:00,2026-04-05 11:04:00,20.0,2026-04-05 11:13:00,2026-04-05 11:34:00,B32 A,49.0,12.08,4.05,5.44,1.78,21.0
110,2026-04-05,SN3326,2026-04-05 11:24:00,2026-04-05 11:41:00,17.0,2026-04-05 12:06:00,2026-04-05 12:12:00,B14 A,111.0,12.96,8.56,5.88,1.13,6.0
110,2026-04-05,SN358,2026-04-05 10:21:00,2026-04-05 11:13:00,52.0,2026-04-05 11:43:00,2026-04-05 12:03:00,B38 A,126.0,10.84,11.62,5.96,1.96,20.0
110,2026-04-05,SN379,2026-04-05 08:11:00,2026-04-05 08:40:00,29.0,2026-04-05 08:59:00,2026-04-05 09:27:00,B28 A,76.0,11.98,6.34,5.08,1.57,28.0
110,2026-04-05,SN3800,2026-04-05 06:15:00,2026-04-05 06:16:00,1.0,2026-04-05 06:28:00,2026-04-05 06:30:00,A65 ,27.0,12.91,2.09,4.72,1.77,2.0
110,2026-04-05,TB1552,2026-04-05 10:15:00,2026-04-05 10:31:00,16.0,2026-04-05 10:50:00,2026-04-05 10:59:00,A69 ,164.0,13.2,12.42,5.43,1.53,9.0
110,2026-04-05,TB2632,2026-04-05 09:29:00,2026-04-05 09:09:00,-20.0,2026-04-05 09:35:00,2026-04-05 09:44:00,B9  A,114.0,12.69,8.98,5.34,1.56,9.0
110,2026-04-05,TB2662,2026-04-05 09:15:00,2026-04-05 09:04:00,-11.0,2026-04-05 09:22:00,2026-04-05 09:30:00,B34 A,90.0,14.69,6.13,4.91,2.1,8.0
110,2026-04-05,TG934,2026-04-05 09:21:00,2026-04-05 09:16:00,-5.0,2026-04-05 09:38:00,2026-04-05 09:58:00,B38 A,249.0,14.74,16.9,6.38,1.83,20.0
110,2026-04-05,UA950,2026-04-05 11:22:00,2026-04-05 11:02:00,-20.0,2026-04-05 11:22:00,2026-04-05 11:45:00,B28 A,170.0,15.22,11.17,5.42,1.48,23.0
110,2026-04-05,UA994,2026-04-05 11:51:00,2026-04-05 11:37:00,-14.0,2026-04-05 11:55:00,2026-04-05 12:25:00,B40 A,157.0,15.38,10.21,4.68,2.65,30.0
110,2026-04-05,XR5402,2026-04-05 07:46:00,2026-04-05 08:56:00,70.0,2026-04-05 09:23:00,2026-04-05 09:26:00,B5  A,88.0,16.84,5.23,4.53,1.84,3.0
111,2026-04-05,AC832,2026-04-05 09:18:00,2026-04-05 08:45:00,-33.0,2026-04-05 09:06:00,2026-04-05 09:59:00,B28 A,110.0,10.29,10.69,5.19,1.54,53.0
111,2026-04-05,ET750,2026-04-05 09:11:00,2026-04-05 09:13:00,2.0,2026-04-05 09:42:00,2026-04-05 10:46:00,B40 A,421.0,16.56,25.43,6.48,1.92,64.0
111,2026-04-05,FH8116,2026-04-05 06:35:00,2026-04-05 06:00:00,-35.0,2026-04-05 06:07:00,2026-04-05 06:09:00,B15 A,22.0,11.15,1.97,5.25,1.47,2.0
111,2026-04-05,LH1004,2026-04-05 11:51:00,2026-04-05 11:47:00,-4.0,2026-04-05 12:07:00,2026-04-05 12:12:00,A43 ,23.0,13.42,1.71,5.5,1.51,5.0
111,2026-04-05,SN1122,2026-04-05 08:39:00,2026-04-05 09:08:00,29.0,2026-04-05 09:20:00,2026-04-05 09:21:00,B40 A,13.0,9.79,1.33,5.15,2.41,1.0
111,2026-04-05,SN1124,2026-04-05 07:10:00,2026-04-05 07:19:00,9.0,2026-04-05 07:32:00,2026-04-05 07:48:00,B30 A,138.0,14.2,9.72,5.49,1.63,16.0
111,2026-04-05,SN206,2026-04-05 06:25:00,2026-04-05 06:48:00,23.0,2026-04-05 07:07:00,2026-04-05 07:30:00,B38 A,154.0,11.58,13.3,3.67,3.18,23.0
111,2026-04-05,SN229,2026-04-05 10:04:00,2026-04-05 10:26:00,22.0,2026-04-05 10:41:00,2026-04-05 11:10:00,B31 A,120.0,13.3,9.02,5.49,1.96,29.0
111,2026-04-05,SN278,2026-04-05 08:43:00,2026-04-05 08:27:00,-16.0,2026-04-05 08:40:00,2026-04-05 09:10:00,B37 A,123.0,13.98,8.8,6.99,1.74,30.0
111,2026-04-05,SN2900,2026-04-05 08:46:00,2026-04-05 08:33:00,-13.0,2026-04-05 08:58:00,2026-04-05 09:02:00,B14 A,79.0,11.09,7.13,5.25,1.27,4.0
111,2026-04-05,SN3326,2026-04-05 11:24:00,2026-04-05 11:41:00,17.0,2026-04-05 12:06:00,2026-04-05 12:12:00,B14 A,111.0,12.7,8.74,6.34,1.05,6.0
111,2026-04-05,SN358,2026-04-05 08:21:00,2026-04-05 08:24:00,3.0,2026-04-05 08:42:00,2026-04-05 09:09:00,B14 A,112.0,10.17,11.01,4.93,1.35,27.0
111,2026-04-05,SN379,2026-04-05 08:11:00,2026-04-05 08:40:00,29.0,2026-04-05 08:59:00,2026-04-05 09:27:00,B28 A,76.0,12.73,5.97,5.48,1.46,28.0
111,2026-04-05,SN3800,2026-04-05 06:15:00,2026-04-05 06:16:00,1.0,2026-04-05 06:28:00,2026-04-05 06:30:00,A65 ,27.0,12.84,2.1,6.35,1.31,2.0
111,2026-04-05,TB1552,2026-04-05 08:29:00,2026-04-05 08:25:00,-4.0,2026-04-05 08:46:00,2026-04-05 08:54:00,A61 ,166.0,9.97,16.64,4.53,1.84,8.0
111,2026-04-05,TB2632,2026-04-05 09:29:00,2026-04-05 09:09:00,-20.0,2026-04-05 09:35:00,2026-04-05 09:44:00,B9  A,114.0,13.13,8.68,6.13,1.36,9.0
111,2026-04-05,TB2662,2026-04-05 09:15:00,2026-04-05 09:04:00,-11.0,2026-04-05 09:22:00,2026-04-05 09:30:00,B34 A,90.0,13.54,6.65,5.72,1.81,8.0
111,2026-04-05,TG934,2026-04-05 12:22:00,2026-04-05 12:26:00,4.0,2026-04-05 12:46:00,2026-04-05 13:15:00,B34 A,260.0,16.87,15.41,5.27,1.96,29.0
111,2026-04-05,UA950,2026-04-05 08:20:00,2026-04-05 08:20:00,0.0,2026-04-05 08:36:00,2026-04-05 09:25:00,B38 A,176.0,14.74,11.94,4.79,2.43,49.0
111,2026-04-05,UA994,2026-04-05 08:51:00,2026-04-05 08:32:00,-19.0,2026-04-05 08:52:00,2026-04-05 09:25:00,B40 A,171.0,12.31,13.89,3.94,3.15,33.0
111,2026-04-05,XR5402,2026-04-05 07:46:00,2026-04-05 08:56:00,70.0,2026-04-05 09:23:00,2026-04-05 09:26:00,B5  A,88.0,13.06,6.74,4.93,1.69,3.0
112,2026-04-05,AC832,2026-04-05 09:18:00,2026-04-05 08:45:00,-33.0,2026-04-05 09:06:00,2026-04-05 09:59:00,B28 A,110.0,10.46,10.51,4.07,1.96,53.0
112,2026-04-05,ET750,2026-04-05 11:13:00,2026-04-05 11:34:00,21.0,2026-04-05 12:17:00,2026-04-05 13:03:00,B17 A,464.0,13.62,34.08,4.8,1.75,46.0
112,2026-04-05,FH8116,2026-04-05 12:44:00,2026-04-05 12:48:00,4.0,2026-04-05 13:06:00,2026-04-05 13:13:00,B38 A,140.0,14.0,10.0,5.24,2.23,7.0
112,2026-04-05,LH1004,2026-04-05 09:50:00,2026-04-05 09:53:00,3.0,2026-04-05 10:20:00,2026-04-05 10:27:00,A43 ,33.0,13.49,2.45,5.89,1.41,7.0
112,2026-04-05,SN1122,2026-04-05 08:39:00,2026-04-05 09:08:00,29.0,2026-04-05 09:20:00,2026-04-05 09:21:00,B40 A,13.0,11.14,1.17,6.12,2.03,1.0
112,2026-04-05,SN1124,2026-04-05 07:10:00,2026-04-05 07:19:00,9.0,2026-04-05 07:32:00,2026-04-05 07:48:00,B30 A,138.0,13.76,10.03,4.95,1.8,16.0
112,2026-04-05,SN206,2026-04-05 06:25:00,2026-04-05 06:48:00,23.0,2026-04-05 07:07:00,2026-04-05 07:30:00,B38 A,154.0,10.56,14.59,5.87,1.99,23.0
112,2026-04-05,SN229,2026-04-05 08:06:00,2026-04-05 09:20:00,74.0,2026-04-05 09:41:00,2026-04-05 10:22:00,B14 A,144.0,13.11,10.99,4.8,1.39,41.0
112,2026-04-05,SN278,2026-04-05 10:45:00,2026-04-05 10:42:00,-3.0,2026-04-05 11:04:00,2026-04-05 11:16:00,B28 A,198.0,12.2,16.23,4.37,1.83,12.0
112,2026-04-05,SN2900,2026-04-05 07:39:00,2026-04-05 07:25:00,-14.0,2026-04-05 07:38:00,2026-04-05 07:53:00,B38 A,55.0,13.15,4.18,6.47,1.8,15.0
112,2026-04-05,SN3326,2026-04-05 07:45:00,2026-04-05 08:05:00,20.0,2026-04-05 08:16:00,2026-04-05 08:36:00,B28 A,123.0,15.19,8.1,4.95,1.62,20.0
112,2026-04-05,SN358,2026-04-05 10:21:00,2026-04-05 11:13:00,52.0,2026-04-05 11:43:00,2026-04-05 12:03:00,B38 A,126.0,10.23,12.31,4.94,2.36,20.0
112,2026-04-05,SN379,2026-04-05 10:10:00,2026-04-05 11:03:00,53.0,2026-04-05 11:42:00,2026-04-05 12:19:00,B29 A,161.0,16.72,9.63,5.64,1.74,37.0
112,2026-04-05,SN3800,2026-04-05 06:15:00,2026-04-05 06:16:00,1.0,2026-04-05 06:28:00,2026-04-05 06:30:00,A65 ,27.0,13.69,1.97,4.22,1.98,2.0
112,2026-04-05,TB1552,2026-04-05 08:29:00,2026-04-05 08:25:00,-4.0,2026-04-05 08:46:00,2026-04-05 08:54:00,A61 ,166.0,15.3,10.85,5.28,1.58,8.0
112,2026-04-05,TB2632,2026-04-05 09:29:00,2026-04-05 09:09:00,-20.0,2026-04-05 09:35:00,2026-04-05 09:44:00,B9  A,114.0,12.53,9.1,4.32,1.93,9.0
112,2026-04-05,TB2662,2026-04-05 09:15:00,2026-04-05 09:04:00,-11.0,2026-04-05 09:22:00,2026-04-05 09:30:00,B34 A,90.0,12.69,7.09,4.63,2.23,8.0
112,2026-04-05,TG934,2026-04-05 09:21:00,2026-04-05 09:16:00,-5.0,2026-04-05 09:38:00,2026-04-05 09:58:00,B38 A,249.0,14.23,17.5,4.71,2.48,20.0
112,2026-04-05,UA950,2026-04-05 12:20:00,2026-04-05 11:58:00,-22.0,2026-04-05 12:14:00,2026-04-05 12:42:00,B37 A,127.0,12.81,9.92,4.64,2.62,28.0
112,2026-04-05,UA994,2026-04-05 11:51:00,2026-04-05 11:37:00,-14.0,2026-04-05 11:55:00,2026-04-05 12:25:00,B40 A,157.0,11.41,13.76,4.98,2.49,30.0
112,2026-04-05,XR5402,2026-04-05 07:46:00,2026-04-05 08:56:00,70.0,2026-04-05 09:23:00,2026-04-05 09:26:00,B5  A,88.0,13.09,6.72,4.86,1.71,3.0
113,2026-04-05,AC832,2026-04-05 08:17:00,2026-04-05 07:46:00,-31.0,2026-04-05 08:02:00,2026-04-05 08:29:00,B30 A,122.0,11.05,11.04,5.72,1.56,27.0
113,2026-04-05,ET750,2026-04-05 11:13:00,2026-04-05 11:34:00,21.0,2026-04-05 12:17:00,2026-04-05 13:03:00,B17 A,464.0,11.32,40.99,4.93,1.71,46.0
113,2026-04-05,FH8116,2026-04-05 12:44:00,2026-04-05 12:48:00,4.0,2026-04-05 13:06:00,2026-04-05 13:13:00,B38 A,140.0,10.66,13.13,4.96,2.35,7.0
113,2026-04-05,LH1004,2026-04-05 11:51:00,2026-04-05 11:47:00,-4.0,2026-04-05 12:07:00,2026-04-05 12:12:00,A43 ,23.0,13.33,1.72,6.71,1.24,5.0
113,2026-04-05,SN1122,2026-04-05 08:39:00,2026-04-05 09:08:00,29.0,2026-04-05 09:20:00,2026-04-05 09:21:00,B40 A,13.0,9.42,1.38,5.37,2.31,1.0
113,2026-04-05,SN1124,2026-04-05 07:10:00,2026-04-05 07:19:00,9.0,2026-04-05 07:32:00,2026-04-05 07:48:00,B30 A,138.0,13.59,10.16,4.37,2.04,16.0
113,2026-04-05,SN206,2026-04-05 06:25:00,2026-04-05 06:48:00,23.0,2026-04-05 07:07:00,2026-04-05 07:30:00,B38 A,154.0,14.72,10.46,5.97,1.95,23.0
113,2026-04-05,SN229,2026-04-05 10:04:00,2026-04-05 10:26:00,22.0,2026-04-05 10:41:00,2026-04-05 11:10:00,B31 A,120.0,14.43,8.32,5.35,2.01,29.0
113,2026-04-05,SN278,2026-04-05 10:45:00,2026-04-05 10:42:00,-3.0,2026-04-05 11:04:00,2026-04-05 11:16:00,B28 A,198.0,12.06,16.42,5.45,1.47,12.0
113,2026-04-05,SN2900,2026-04-05 08:46:00,2026-04-05 08:33:00,-13.0,2026-04-05 08:58:00,2026-04-05 09:02:00,B14 A,79.0,13.63,5.79,4.21,1.58,4.0
113,2026-04-05,SN3326,2026-04-05 11:24:00,2026-04-05 11:41:00,17.0,2026-04-05 12:06:00,2026-04-05 12:12:00,B14 A,111.0,11.04,10.06,4.03,1.65,6.0
113,2026-04-05,SN358,2026-04-05 12:21:00,2026-04-05 12:23:00,2.0,2026-04-05 12:43:00,2026-04-05 13:14:00,B28 A,176.0,10.0,17.6,5.15,1.55,31.0
113,2026-04-05,SN379,2026-04-05 08:11:00,2026-04-05 08:40:00,29.0,2026-04-05 08:59:00,2026-04-05 09:27:00,B28 A,76.0,14.31,5.31,6.62,1.21,28.0
113,2026-04-05,SN3800,2026-04-05 06:15:00,2026-04-05 06:16:00,1.0,2026-04-05 06:28:00,2026-04-05 06:30:00,A65 ,27.0,13.01,2.08,4.89,1.7,2.0
113,2026-04-05,TB1552,2026-04-05 07:15:00,2026-04-05 07:08:00,-7.0,2026-04-05 07:38:00,2026-04-05 07:45:00,A61 ,152.0,14.18,10.72,5.2,1.6,7.0
113,2026-04-05,TB2632,2026-04-05 09:29:00,2026-04-05 09:09:00,-20.0,2026-04-05 09:35:00,2026-04-05 09:44:00,B9  A,114.0,15.91,7.17,4.7,1.77,9.0
113,2026-04-05,TB2662,2026-04-05 09:15:00,2026-04-05 09:04:00,-11.0,2026-04-05 09:22:00,2026-04-05 09:30:00,B34 A,90.0,15.32,5.87,4.51,2.29,8.0
113,2026-04-05,TG934,2026-04-05 09:21:00,2026-04-05 09:16:00,-5.0,2026-04-05 09:38:00,2026-04-05 09:58:00,B38 A,249.0,12.54,19.86,5.49,2.12,20.0
113,2026-04-05,UA950,2026-04-05 11:22:00,2026-04-05 11:02:00,-20.0,2026-04-05 11:22:00,2026-04-05 11:45:00,B28 A,170.0,12.35,13.77,5.1,1.57,23.0
113,2026-04-05,UA994,2026-04-05 09:51:00,2026-04-05 11:28:00,97.0,2026-04-05 11:44:00,2026-04-05 12:09:00,B40 A,135.0,15.68,8.61,4.48,2.77,25.0
113,2026-04-05,XR5402,2026-04-05 07:46:00,2026-04-05 08:56:00,70.0,2026-04-05 09:23:00,2026-04-05 09:26:00,B5  A,88.0,11.93,7.38,4.54,1.84,3.0
114,2026-04-05,AC832,2026-04-05 09:18:00,2026-04-05 08:45:00,-33.0,2026-04-05 09:06:00,2026-04-05 09:59:00,B28 A,110.0,12.1,9.09,4.35,1.84,53.0
114,2026-04-05,ET750,2026-04-05 11:13:00,2026-04-05 11:34:00,21.0,2026-04-05 12:17:00,2026-04-05 13:03:00,B17 A,464.0,13.8,33.63,4.55,1.85,46.0
114,2026-04-05,FH8116,2026-04-05 12:44:00,2026-04-05 12:48:00,4.0,2026-04-05 13:06:00,2026-04-05 13:13:00,B38 A,140.0,15.05,9.3,3.82,3.05,7.0
114,2026-04-05,LH1004,2026-04-05 09:50:00,2026-04-05 09:53:00,3.0,2026-04-05 10:20:00,2026-04-05 10:27:00,A43 ,33.0,12.26,2.69,3.95,2.11,7.0
114,2026-04-05,SN1122,2026-04-05 08:39:00,2026-04-05 09:08:00,29.0,2026-04-05 09:20:00,2026-04-05 09:21:00,B40 A,13.0,14.41,0.9,4.38,2.84,1.0
114,2026-04-05,SN1124,2026-04-05 07:10:00,2026-04-05 07:19:00,9.0,2026-04-05 07:32:00,2026-04-05 07:48:00,B30 A,138.0,12.52,11.02,6.12,1.46,16.0
114,2026-04-05,SN206,2026-04-05 06:25:00,2026-04-05 06:48:00,23.0,2026-04-05 07:07:00,2026-04-05 07:30:00,B38 A,154.0,13.0,11.85,6.07,1.92,23.0
114,2026-04-05,SN229,2026-04-05 08:06:00,2026-04-05 09:20:00,74.0,2026-04-05 09:41:00,2026-04-05 10:22:00,B14 A,144.0,10.32,13.95,5.41,1.23,41.0
114,2026-04-05,SN278,2026-04-05 08:43:00,2026-04-05 08:27:00,-16.0,2026-04-05 08:40:00,2026-04-05 09:10:00,B37 A,123.0,11.61,10.6,5.85,2.08,30.0
114,2026-04-05,SN2900,2026-04-05 10:44:00,2026-04-05 11:04:00,20.0,2026-04-05 11:13:00,2026-04-05 11:34:00,B32 A,49.0,9.32,5.26,5.22,1.85,21.0
114,2026-04-05,SN3326,2026-04-05 11:24:00,2026-04-05 11:41:00,17.0,2026-04-05 12:06:00,2026-04-05 12:12:00,B14 A,111.0,10.31,10.77,5.31,1.25,6.0
114,2026-04-05,SN358,2026-04-05 11:21:00,2026-04-05 11:29:00,8.0,2026-04-05 11:42:00,2026-04-05 12:06:00,B14 A,177.0,16.28,10.88,4.04,1.65,24.0
114,2026-04-05,SN379,2026-04-05 08:11:00,2026-04-05 08:40:00,29.0,2026-04-05 08:59:00,2026-04-05 09:27:00,B28 A,76.0,11.91,6.38,5.36,1.49,28.0
114,2026-04-05,SN3800,2026-04-05 06:15:00,2026-04-05 06:16:00,1.0,2026-04-05 06:28:00,2026-04-05 06:30:00,A65 ,27.0,12.58,2.15,4.19,1.99,2.0
114,2026-04-05,TB1552,2026-04-05 08:29:00,2026-04-05 08:25:00,-4.0,2026-04-05 08:46:00,2026-04-05 08:54:00,A61 ,166.0,10.45,15.89,5.07,1.64,8.0
114,2026-04-05,TB2632,2026-04-05 09:29:00,2026-04-05 09:09:00,-20.0,2026-04-05 09:35:00,2026-04-05 09:44:00,B9  A,114.0,10.72,10.63,4.73,1.76,9.0
114,2026-04-05,TB2662,2026-04-05 09:15:00,2026-04-05 09:04:00,-11.0,2026-04-05 09:22:00,2026-04-05 09:30:00,B34 A,90.0,10.14,8.87,5.09,2.03,8.0
114,2026-04-05,TG934,2026-04-05 09:21:00,2026-04-05 09:16:00,-5.0,2026-04-05 09:38:00,2026-04-05 09:58:00,B38 A,249.0,16.83,14.79,3.92,2.97,20.0
114,2026-04-05,UA950,2026-04-05 11:22:00,2026-04-05 11:02:00,-20.0,2026-04-05 11:22:00,2026-04-05 11:45:00,B28 A,170.0,12.82,13.26,5.98,1.34,23.0
114,2026-04-05,UA994,2026-04-05 12:51:00,2026-04-05 12:35:00,-16.0,2026-04-05 12:54:00,2026-04-05 13:24:00,B38 A,109.0,13.01,8.38,5.05,2.31,30.0
114,2026-04-05,XR5402,2026-04-05 07:46:00,2026-04-05 08:56:00,70.0,2026-04-05 09:23:00,2026-04-05 09:26:00,B5  A,88.0,11.73,7.5,4.3,1.94,3.0
115,2026-04-05,AC832,2026-04-05 12:18:00,2026-04-05 11:38:00,-40.0,2026-04-05 11:54:00,2026-04-05 12:17:00,B30 A,100.0,11.54,8.67,5.54,1.61,23.0
115,2026-04-05,ET750,2026-04-05 11:13:00,2026-04-05 11:34:00,21.0,2026-04-05 12:17:00,2026-04-05 13:03:00,B17 A,464.0,13.06,35.54,4.67,1.8,46.0
115,2026-04-05,FH8116,2026-04-05 06:35:00,2026-04-05 06:00:00,-35.0,2026-04-05 06:07:00,2026-04-05 06:09:00,B15 A,22.0,13.52,1.63,5.5,1.41,2.0
115,2026-04-05,LH1004,2026-04-05 09:50:00,2026-04-05 09:53:00,3.0,2026-04-05 10:20:00,2026-04-05 10:27:00,A43 ,33.0,9.52,3.47,5.38,1.55,7.0
115,2026-04-05,SN1122,2026-04-05 08:39:00,2026-04-05 09:08:00,29.0,2026-04-05 09:20:00,2026-04-05 09:21:00,B40 A,13.0,12.72,1.02,4.21,2.95,1.0
115,2026-04-05,SN1124,2026-04-05 07:10:00,2026-04-05 07:19:00,9.0,2026-04-05 07:32:00,2026-04-05 07:48:00,B30 A,138.0,13.9,9.93,4.37,2.04,16.0
115,2026-04-05,SN206,2026-04-05 06:25:00,2026-04-05 06:48:00,23.0,2026-04-05 07:07:00,2026-04-05 07:30:00,B38 A,154.0,11.45,13.45,5.14,2.27,23.0
115,2026-04-05,SN229,2026-04-05 08:06:00,2026-04-05 09:20:00,74.0,2026-04-05 09:41:00,2026-04-05 10:22:00,B14 A,144.0,14.14,10.18,3.71,1.79,41.0
115,2026-04-05,SN278,2026-04-05 12:46:00,2026-04-05 12:41:00,-5.0,2026-04-05 13:04:00,2026-04-05 13:33:00,B31 A,62.0,11.13,5.57,4.67,2.3,29.0
115,2026-04-05,SN2900,2026-04-05 07:39:00,2026-04-05 07:25:00,-14.0,2026-04-05 07:38:00,2026-04-05 07:53:00,B38 A,55.0,14.81,3.71,4.33,2.69,15.0
115,2026-04-05,SN3326,2026-04-05 11:24:00,2026-04-05 11:41:00,17.0,2026-04-05 12:06:00,2026-04-05 12:12:00,B14 A,111.0,14.14,7.85,6.21,1.07,6.0
115,2026-04-05,SN358,2026-04-05 10:21:00,2026-04-05 11:13:00,52.0,2026-04-05 11:43:00,2026-04-05 12:03:00,B38 A,126.0,15.17,8.3,5.26,2.22,20.0
115,2026-04-05,SN379,2026-04-05 08:11:00,2026-04-05 08:40:00,29.0,2026-04-05 08:59:00,2026-04-05 09:27:00,B28 A,76.0,12.47,6.09,6.59,1.21,28.0
115,2026-04-05,SN3800,2026-04-05 06:15:00,2026-04-05 06:16:00,1.0,2026-04-05 06:28:00,2026-04-05 06:30:00,A65 ,27.0,12.46,2.17,3.68,2.27,2.0
115,2026-04-05,TB1552,2026-04-05 08:29:00,2026-04-05 08:25:00,-4.0,2026-04-05 08:46:00,2026-04-05 08:54:00,A61 ,166.0,11.69,14.2,5.12,1.63,8.0
115,2026-04-05,TB2632,2026-04-05 09:29:00,2026-04-05 09:09:00,-20.0,2026-04-05 09:35:00,2026-04-05 09:44:00,B9  A,114.0,12.67,9.0,5.02,1.66,9.0
115,2026-04-05,TB2662,2026-04-05 09:15:00,2026-04-05 09:04:00,-11.0,2026-04-05 09:22:00,2026-04-05 09:30:00,B34 A,90.0,11.58,7.77,5.02,2.06,8.0
115,2026-04-05,TG934,2026-04-05 12:22:00,2026-04-05 12:26:00,4.0,2026-04-05 12:46:00,2026-04-05 13:15:00,B34 A,260.0,15.4,16.88,5.47,1.89,29.0
115,2026-04-05,UA950,2026-04-05 10:20:00,2026-04-05 09:58:00,-22.0,2026-04-05 10:24:00,2026-04-05 10:51:00,B40 A,188.0,15.73,11.95,5.65,2.2,27.0
115,2026-04-05,UA994,2026-04-05 10:51:00,2026-04-05 10:01:00,-50.0,2026-04-05 10:18:00,2026-04-05 10:42:00,B38 A,177.0,13.13,13.48,4.42,2.64,24.0
115,2026-04-05,XR5402,2026-04-05 07:46:00,2026-04-05 08:56:00,70.0,2026-04-05 09:23:00,2026-04-05 09:26:00,B5  A,88.0,12.1,7.27,3.66,2.27,3.0
116,2026-04-05,AC832,2026-04-05 10:17:00,2026-04-05 10:43:00,26.0,2026-04-05 11:00:00,2026-04-05 11:34:00,B14 A,172.0,14.53,11.84,4.8,1.39,34.0
116,2026-04-05,ET750,2026-04-05 11:13:00,2026-04-05 11:34:00,21.0,2026-04-05 12:17:00,2026-04-05 13:03:00,B17 A,464.0,11.55,40.17,5.27,1.6,46.0
116,2026-04-05,FH8116,2026-04-05 06:35:00,2026-04-05 06:00:00,-35.0,2026-04-05 06:07:00,2026-04-05 06:09:00,B15 A,22.0,14.95,1.47,5.47,1.41,2.0
116,2026-04-05,LH1004,2026-04-05 08:50:00,2026-04-05 08:53:00,3.0,2026-04-05 09:06:00,2026-04-05 09:12:00,A43 ,29.0,14.52,2.0,3.79,2.2,6.0
116,2026-04-05,SN1122,2026-04-05 08:39:00,2026-04-05 09:08:00,29.0,2026-04-05 09:20:00,2026-04-05 09:21:00,B40 A,13.0,15.1,0.86,5.31,2.34,1.0
116,2026-04-05,SN1124,2026-04-05 07:10:00,2026-04-05 07:19:00,9.0,2026-04-05 07:32:00,2026-04-05 07:48:00,B30 A,138.0,16.27,8.48,4.34,2.06,16.0
116,2026-04-05,SN206,2026-04-05 06:25:00,2026-04-05 06:48:00,23.0,2026-04-05 07:07:00,2026-04-05 07:30:00,B38 A,154.0,15.36,10.03,4.73,2.47,23.0
116,2026-04-05,SN229,2026-04-05 10:04:00,2026-04-05 10:26:00,22.0,2026-04-05 10:41:00,2026-04-05 11:10:00,B31 A,120.0,10.81,11.1,4.98,2.16,29.0
116,2026-04-05,SN278,2026-04-05 08:43:00,2026-04-05 08:27:00,-16.0,2026-04-05 08:40:00,2026-04-05 09:10:00,B37 A,123.0,15.0,8.2,4.9,2.48,30.0
116,2026-04-05,SN2900,2026-04-05 10:44:00,2026-04-05 11:04:00,20.0,2026-04-05 11:13:00,2026-04-05 11:34:00,B32 A,49.0,11.09,4.42,4.97,1.95,21.0
116,2026-04-05,SN3326,2026-04-05 11:24:00,2026-04-05 11:41:00,17.0,2026-04-05 12:06:00,2026-04-05 12:12:00,B14 A,111.0,13.13,8.45,4.48,1.49,6.0
116,2026-04-05,SN358,2026-04-05 10:21:00,2026-04-05 11:13:00,52.0,2026-04-05 11:43:00,2026-04-05 12:03:00,B38 A,126.0,11.45,11.01,4.56,2.56,20.0
116,2026-04-05,SN379,2026-04-05 10:10:00,2026-04-05 11:03:00,53.0,2026-04-05 11:42:00,2026-04-05 12:19:00,B29 A,161.0,12.99,12.39,5.08,1.94,37.0
116,2026-04-05,SN3800,2026-04-05 06:15:00,2026-04-05 06:16:00,1.0,2026-04-05 06:28:00,2026-04-05 06:30:00,A65 ,27.0,13.51,2.0,5.68,1.47,2.0
116,2026-04-05,TB1552,2026-04-05 10:15:00,2026-04-05 10:31:00,16.0,2026-04-05 10:50:00,2026-04-05 10:59:00,A69 ,164.0,13.12,12.5,4.29,1.94,9.0
116,2026-04-05,TB2632,2026-04-05 09:29:00,2026-04-05 09:09:00,-20.0,2026-04-05 09:35:00,2026-04-05 09:44:00,B9  A,114.0,14.12,8.08,6.8,1.22,9.0
116,2026-04-05,TB2662,2026-04-05 09:15:00,2026-04-05 09:04:00,-11.0,2026-04-05 09:22:00,2026-04-05 09:30:00,B34 A,90.0,8.82,10.21,4.66,2.22,8.0
116,2026-04-05,TG934,2026-04-05 09:21:00,2026-04-05 09:16:00,-5.0,2026-04-05 09:38:00,2026-04-05 09:58:00,B38 A,249.0,14.1,17.66,4.69,2.49,20.0
116,2026-04-05,UA950,2026-04-05 10:20:00,2026-04-05 09:58:00,-22.0,2026-04-05 10:24:00,2026-04-05 10:51:00,B40 A,188.0,11.12,16.91,5.48,2.27,27.0
116,2026-04-05,UA994,2026-04-05 09:51:00,2026-04-05 11:28:00,97.0,2026-04-05 11:44:00,2026-04-05 12:09:00,B40 A,135.0,12.04,11.21,4.51,2.75,25.0
116,2026-04-05,XR5402,2026-04-05 07:46:00,2026-04-05 08:56:00,70.0,2026-04-05 09:23:00,2026-04-05 09:26:00,B5  A,88.0,11.84,7.43,4.33,1.92,3.0
117,2026-04-05,AC832,2026-04-05 10:17:00,2026-04-05 10:43:00,26.0,2026-04-05 11:00:00,2026-04-05 11:34:00,B14 A,172.0,13.4,12.84,4.32,1.54,34.0
117,2026-04-05,ET750,2026-04-05 11:13:00,2026-04-05 11:34:00,21.0,2026-04-05 12:17:00,2026-04-05 13:03:00,B17 A,464.0,13.23,35.07,6.55,1.29,46.0
117,2026-04-05,FH8116,2026-04-05 06:35:00,2026-04-05 06:00:00,-35.0,2026-04-05 06:07:00,2026-04-05 06:09:00,B15 A,22.0,14.59,1.51,4.8,1.61,2.0
117,2026-04-05,LH1004,2026-04-05 08:50:00,2026-04-05 08:53:00,3.0,2026-04-05 09:06:00,2026-04-05 09:12:00,A43 ,29.0,12.35,2.35,5.9,1.41,6.0
117,2026-04-05,SN1122,2026-04-05 08:39:00,2026-04-05 09:08:00,29.0,2026-04-05 09:20:00,2026-04-05 09:21:00,B40 A,13.0,11.48,1.13,3.8,3.27,1.0
117,2026-04-05,SN1124,2026-04-05 07:10:00,2026-04-05 07:19:00,9.0,2026-04-05 07:32:00,2026-04-05 07:48:00,B30 A,138.0,13.96,9.89,4.85,1.84,16.0
117,2026-04-05,SN206,2026-04-05 06:25:00,2026-04-05 06:48:00,23.0,2026-04-05 07:07:00,2026-04-05 07:30:00,B38 A,154.0,11.35,13.57,4.79,2.44,23.0
117,2026-04-05,SN229,2026-04-05 08:06:00,2026-04-05 09:20:00,74.0,2026-04-05 09:41:00,2026-04-05 10:22:00,B14 A,144.0,10.25,14.06,5.05,1.32,41.0
117,2026-04-05,SN278,2026-04-05 10:45:00,2026-04-05 10:42:00,-3.0,2026-04-05 11:04:00,2026-04-05 11:16:00,B28 A,198.0,13.21,14.98,4.21,1.9,12.0
117,2026-04-05,SN2900,2026-04-05 07:39:00,2026-04-05 07:25:00,-14.0,2026-04-05 07:38:00,2026-04-05 07:53:00,B38 A,55.0,14.83,3.71,6.88,1.7,15.0
117,2026-04-05,SN3326,2026-04-05 11:24:00,2026-04-05 11:41:00,17.0,2026-04-05 12:06:00,2026-04-05 12:12:00,B14 A,111.0,14.32,7.75,4.57,1.46,6.0
117,2026-04-05,SN358,2026-04-05 10:21:00,2026-04-05 11:13:00,52.0,2026-04-05 11:43:00,2026-04-05 12:03:00,B38 A,126.0,13.3,9.47,5.18,2.25,20.0
117,2026-04-05,SN379,2026-04-05 08:11:00,2026-04-05 08:40:00,29.0,2026-04-05 08:59:00,2026-04-05 09:27:00,B28 A,76.0,13.14,5.78,5.83,1.37,28.0
117,2026-04-05,SN3800,2026-04-05 06:15:00,2026-04-05 06:16:00,1.0,2026-04-05 06:28:00,2026-04-05 06:30:00,A65 ,27.0,13.24,2.04,6.38,1.31,2.0
117,2026-04-05,TB1552,2026-04-05 08:29:00,2026-04-05 08:25:00,-4.0,2026-04-05 08:46:00,2026-04-05 08:54:00,A61 ,166.0,16.98,9.77,5.61,1.49,8.0
117,2026-04-05,TB2632,2026-04-05 09:29:00,2026-04-05 09:09:00,-20.0,2026-04-05 09:35:00,2026-04-05 09:44:00,B9  A,114.0,12.35,9.23,4.94,1.69,9.0
117,2026-04-05,TB2662,2026-04-05 09:15:00,2026-04-05 09:04:00,-11.0,2026-04-05 09:22:00,2026-04-05 09:30:00,B34 A,90.0,14.63,6.15,5.37,1.92,8.0
117,2026-04-05,TG934,2026-04-05 12:22:00,2026-04-05 12:26:00,4.0,2026-04-05 12:46:00,2026-04-05 13:15:00,B34 A,260.0,14.79,17.57,5.14,2.01,29.0
117,2026-04-05,UA950,2026-04-05 11:22:00,2026-04-05 11:02:00,-20.0,2026-04-05 11:22:00,2026-04-05 11:45:00,B28 A,170.0,12.84,13.24,6.83,1.17,23.0
117,2026-04-05,UA994,2026-04-05 09:51:00,2026-04-05 11:28:00,97.0,2026-04-05 11:44:00,2026-04-05 12:09:00,B40 A,135.0,12.44,10.85,3.99,3.11,25.0
117,2026-04-05,XR5402,2026-04-05 07:46:00,2026-04-05 08:56:00,70.0,2026-04-05 09:23:00,2026-04-05 09:26:00,B5  A,88.0,14.09,6.25,5.1,1.64,3.0
118,2026-04-05,AC832,2026-04-05 08:17:00,2026-04-05 07:46:00,-31.0,2026-04-05 08:02:00,2026-04-05 08:29:00,B30 A,122.0,10.17,11.99,4.77,1.87,27.0
118,2026-04-05,ET750,2026-04-05 11:13:00,2026-04-05 11:34:00,21.0,2026-04-05 12:17:00,2026-04-05 13:03:00,B17 A,464.0,13.45,34.49,3.4,2.48,46.0
118,2026-04-05,FH8116,2026-04-05 12:44:00,2026-04-05 12:48:00,4.0,2026-04-05 13:06:00,2026-04-05 13:13:00,B38 A,140.0,12.67,11.05,5.33,2.19,7.0
118,2026-04-05,LH1004,2026-04-05 12:50:00,2026-04-05 12:50:00,0.0,2026-04-05 13:03:00,2026-04-05 13:30:00,A43 ,40.0,13.06,3.06,4.35,1.92,27.0
118,2026-04-05,SN1122,2026-04-05 08:39:00,2026-04-05 09:08:00,29.0,2026-04-05 09:20:00,2026-04-05 09:21:00,B40 A,13.0,14.3,0.91,4.16,2.98,1.0
118,2026-04-05,SN1124,2026-04-05 07:10:00,2026-04-05 07:19:00,9.0,2026-04-05 07:32:00,2026-04-05 07:48:00,B30 A,138.0,13.18,10.47,5.62,1.59,16.0
118,2026-04-05,SN206,2026-04-05 06:25:00,2026-04-05 06:48:00,23.0,2026-04-05 07:07:00,2026-04-05 07:30:00,B38 A,154.0,10.35,14.88,4.6,2.54,23.0
118,2026-04-05,SN229,2026-04-05 10:04:00,2026-04-05 10:26:00,22.0,2026-04-05 10:41:00,2026-04-05 11:10:00,B31 A,120.0,13.61,8.82,4.93,2.18,29.0
118,2026-04-05,SN278,2026-04-05 10:45:00,2026-04-05 10:42:00,-3.0,2026-04-05 11:04:00,2026-04-05 11:16:00,B28 A,198.0,11.6,17.07,5.37,1.49,12.0
118,2026-04-05,SN2900,2026-04-05 10:44:00,2026-04-05 11:04:00,20.0,2026-04-05 11:13:00,2026-04-05 11:34:00,B32 A,49.0,10.78,4.55,3.89,2.49,21.0
118,2026-04-05,SN3326,2026-04-05 11:24:00,2026-04-05 11:41:00,17.0,2026-04-05 12:06:00,2026-04-05 12:12:00,B14 A,111.0,11.17,9.93,5.18,1.29,6.0
118,2026-04-05,SN358,2026-04-05 08:21:00,2026-04-05 08:24:00,3.0,2026-04-05 08:42:00,2026-04-05 09:09:00,B14 A,112.0,13.38,8.37,4.98,1.34,27.0
118,2026-04-05,SN379,2026-04-05 08:11:00,2026-04-05 08:40:00,29.0,2026-04-05 08:59:00,2026-04-05 09:27:00,B28 A,76.0,12.56,6.05,5.4,1.48,28.0
118,2026-04-05,SN3800,2026-04-05 06:15:00,2026-04-05 06:16:00,1.0,2026-04-05 06:28:00,2026-04-05 06:30:00,A65 ,27.0,10.99,2.46,4.47,1.86,2.0
118,2026-04-05,TB1552,2026-04-05 07:15:00,2026-04-05 07:08:00,-7.0,2026-04-05 07:38:00,2026-04-05 07:45:00,A61 ,152.0,11.65,13.04,5.18,1.61,7.0
118,2026-04-05,TB2632,2026-04-05 09:29:00,2026-04-05 09:09:00,-20.0,2026-04-05 09:35:00,2026-04-05 09:44:00,B9  A,114.0,13.35,8.54,5.18,1.61,9.0
118,2026-04-05,TB2662,2026-04-05 09:15:00,2026-04-05 09:04:00,-11.0,2026-04-05 09:22:00,2026-04-05 09:30:00,B34 A,90.0,13.2,6.82,4.24,2.44,8.0
118,2026-04-05,TG934,2026-04-05 12:22:00,2026-04-05 12:26:00,4.0,2026-04-05 12:46:00,2026-04-05 13:15:00,B34 A,260.0,15.07,17.26,5.8,1.78,29.0
118,2026-04-05,UA950,2026-04-05 12:20:00,2026-04-05 11:58:00,-22.0,2026-04-05 12:14:00,2026-04-05 12:42:00,B37 A,127.0,16.84,7.54,5.54,2.2,28.0
118,2026-04-05,UA994,2026-04-05 08:51:00,2026-04-05 08:32:00,-19.0,2026-04-05 08:52:00,2026-04-05 09:25:00,B40 A,171.0,14.47,11.82,6.21,2.0,33.0
118,2026-04-05,XR5402,2026-04-05 07:46:00,2026-04-05 08:56:00,70.0,2026-04-05 09:23:00,2026-04-05 09:26:00,B5  A,88.0,12.18,7.22,6.06,1.38,3.0
119,2026-04-05,AC832,2026-04-05 08:17:00,2026-04-05 07:46:00,-31.0,2026-04-05 08:02:00,2026-04-05 08:29:00,B30 A,122.0,12.52,9.75,7.14,1.25,27.0
119,2026-04-05,ET750,2026-04-05 11:13:00,2026-04-05 11:34:00,21.0,2026-04-05 12:17:00,2026-04-05 13:03:00,B17 A,464.0,14.75,31.46,5.33,1.58,46.0
119,2026-04-05,FH8116,2026-04-05 12:44:00,2026-04-05 12:48:00,4.0,2026-04-05 13:06:00,2026-04-05 13:13:00,B38 A,140.0,10.35,13.52,4.57,2.55,7.0
119,2026-04-05,LH1004,2026-04-05 12:50:00,2026-04-05 12:50:00,0.0,2026-04-05 13:03:00,2026-04-05 13:30:00,A43 ,40.0,10.12,3.95,6.32,1.32,27.0
119,2026-04-05,SN1122,2026-04-05 08:39:00,2026-04-05 09:08:00,29.0,2026-04-05 09:20:00,2026-04-05 09:21:00,B40 A,13.0,15.68,0.83,4.91,2.53,1.0
119,2026-04-05,SN1124,2026-04-05 07:10:00,2026-04-05 07:19:00,9.0,2026-04-05 07:32:00,2026-04-05 07:48:00,B30 A,138.0,13.17,10.48,4.06,2.2,16.0
119,2026-04-05,SN206,2026-04-05 06:25:00,2026-04-05 06:48:00,23.0,2026-04-05 07:07:00,2026-04-05 07:30:00,B38 A,154.0,12.81,12.02,5.66,2.06,23.0
119,2026-04-05,SN229,2026-04-05 10:04:00,2026-04-05 10:26:00,22.0,2026-04-05 10:41:00,2026-04-05 11:10:00,B31 A,120.0,14.06,8.54,4.8,2.24,29.0
119,2026-04-05,SN278,2026-04-05 08:43:00,2026-04-05 08:27:00,-16.0,2026-04-05 08:40:00,2026-04-05 09:10:00,B37 A,123.0,14.72,8.35,4.45,2.73,30.0
119,2026-04-05,SN2900,2026-04-05 07:39:00,2026-04-05 07:25:00,-14.0,2026-04-05 07:38:00,2026-04-05 07:53:00,B38 A,55.0,14.64,3.76,7.22,1.62,15.0
119,2026-04-05,SN3326,2026-04-05 07:45:00,2026-04-05 08:05:00,20.0,2026-04-05 08:16:00,2026-04-05 08:36:00,B28 A,123.0,14.62,8.42,4.4,1.82,20.0
119,2026-04-05,SN358,2026-04-05 12:21:00,2026-04-05 12:23:00,2.0,2026-04-05 12:43:00,2026-04-05 13:14:00,B28 A,176.0,14.05,12.53,5.04,1.59,31.0
119,2026-04-05,SN379,2026-04-05 08:11:00,2026-04-05 08:40:00,29.0,2026-04-05 08:59:00,2026-04-05 09:27:00,B28 A,76.0,9.12,8.33,4.6,1.74,28.0
119,2026-04-05,SN3800,2026-04-05 06:15:00,2026-04-05 06:16:00,1.0,2026-04-05 06:28:00,2026-04-05 06:30:00,A65 ,27.0,15.25,1.77,4.94,1.69,2.0
119,2026-04-05,TB1552,2026-04-05 07:15:00,2026-04-05 07:08:00,-7.0,2026-04-05 07:38:00,2026-04-05 07:45:00,A61 ,152.0,10.64,14.29,3.92,2.13,7.0
119,2026-04-05,TB2632,2026-04-05 09:29:00,2026-04-05 09:09:00,-20.0,2026-04-05 09:35:00,2026-04-05 09:44:00,B9  A,114.0,13.51,8.44,4.75,1.76,9.0
119,2026-04-05,TB2662,2026-04-05 09:15:00,2026-04-05 09:04:00,-11.0,2026-04-05 09:22:00,2026-04-05 09:30:00,B34 A,90.0,11.83,7.6,5.05,2.05,8.0
119,2026-04-05,TG934,2026-04-05 09:21:00,2026-04-05 09:16:00,-5.0,2026-04-05 09:38:00,2026-04-05 09:58:00,B38 A,249.0,13.81,18.03,5.24,2.22,20.0
119,2026-04-05,UA950,2026-04-05 10:20:00,2026-04-05 09:58:00,-22.0,2026-04-05 10:24:00,2026-04-05 10:51:00,B40 A,188.0,13.33,14.11,4.36,2.85,27.0
119,2026-04-05,UA994,2026-04-05 12:51:00,2026-04-05 12:35:00,-16.0,2026-04-05 12:54:00,2026-04-05 13:24:00,B38 A,109.0,11.66,9.35,5.21,2.24,30.0
119,2026-04-05,XR5402,2026-04-05 07:46:00,2026-04-05 08:56:00,70.0,2026-04-05 09:23:00,2026-04-05 09:26:00,B5  A,88.0,9.03,9.75,5.13,1.62,3.0
120,2026-04-05,AC832,2026-04-05 12:18:00,2026-04-05 11:38:00,-40.0,2026-04-05 11:54:00,2026-04-05 12:17:00,B30 A,100.0,16.58,6.03,4.51,1.98,23.0
120,2026-04-05,ET750,2026-04-05 11:13:00,2026-04-05 11:34:00,21.0,2026-04-05 12:17:00,2026-04-05 13:03:00,B17 A,464.0,13.78,33.68,4.71,1.79,46.0
120,2026-04-05,FH8116,2026-04-05 06:35:00,2026-04-05 06:00:00,-35.0,2026-04-05 06:07:00,2026-04-05 06:09:00,B15 A,22.0,16.37,1.34,5.57,1.39,2.0
120,2026-04-05,LH1004,2026-04-05 08:50:00,2026-04-05 08:53:00,3.0,2026-04-05 09:06:00,2026-04-05 09:12:00,A43 ,29.0,12.96,2.24,6.66,1.25,6.0
120,2026-04-05,SN1122,2026-04-05 08:39:00,2026-04-05 09:08:00,29.0,2026-04-05 09:20:00,2026-04-05 09:21:00,B40 A,13.0,12.84,1.01,5.05,2.46,1.0
120,2026-04-05,SN1124,2026-04-05 07:10:00,2026-04-05 07:19:00,9.0,2026-04-05 07:32:00,2026-04-05 07:48:00,B30 A,138.0,15.0,9.2,5.75,1.55,16.0
120,2026-04-05,SN206,2026-04-05 06:25:00,2026-04-05 06:48:00,23.0,2026-04-05 07:07:00,2026-04-05 07:30:00,B38 A,154.0,12.27,12.55,4.03,2.89,23.0
120,2026-04-05,SN229,2026-04-05 10:04:00,2026-04-05 10:26:00,22.0,2026-04-05 10:41:00,2026-04-05 11:10:00,B31 A,120.0,10.29,11.66,4.49,2.39,29.0
120,2026-04-05,SN278,2026-04-05 08:43:00,2026-04-05 08:27:00,-16.0,2026-04-05 08:40:00,2026-04-05 09:10:00,B37 A,123.0,13.77,8.93,5.37,2.27,30.0
120,2026-04-05,SN2900,2026-04-05 08:46:00,2026-04-05 08:33:00,-13.0,2026-04-05 08:58:00,2026-04-05 09:02:00,B14 A,79.0,13.2,5.98,5.04,1.32,4.0
120,2026-04-05,SN3326,2026-04-05 11:24:00,2026-04-05 11:41:00,17.0,2026-04-05 12:06:00,2026-04-05 12:12:00,B14 A,111.0,8.8,12.61,5.01,1.33,6.0
120,2026-04-05,SN358,2026-04-05 12:21:00,2026-04-05 12:23:00,2.0,2026-04-05 12:43:00,2026-04-05 13:14:00,B28 A,176.0,13.41,13.12,4.91,1.63,31.0
120,2026-04-05,SN379,2026-04-05 08:11:00,2026-04-05 08:40:00,29.0,2026-04-05 08:59:00,2026-04-05 09:27:00,B28 A,76.0,13.57,5.6,5.62,1.42,28.0
120,2026-04-05,SN3800,2026-04-05 06:15:00,2026-04-05 06:16:00,1.0,2026-04-05 06:28:00,2026-04-05 06:30:00,A65 ,27.0,11.16,2.42,5.47,1.52,2.0
120,2026-04-05,TB1552,2026-04-05 08:29:00,2026-04-05 08:25:00,-4.0,2026-04-05 08:46:00,2026-04-05 08:54:00,A61 ,166.0,10.77,15.41,4.28,1.95,8.0
120,2026-04-05,TB2632,2026-04-05 09:29:00,2026-04-05 09:09:00,-20.0,2026-04-05 09:35:00,2026-04-05 09:44:00,B9  A,114.0,9.47,12.04,5.15,1.62,9.0
120,2026-04-05,TB2662,2026-04-05 09:15:00,2026-04-05 09:04:00,-11.0,2026-04-05 09:22:00,2026-04-05 09:30:00,B34 A,90.0,15.2,5.92,5.0,2.07,8.0
120,2026-04-05,TG934,2026-04-05 12:22:00,2026-04-05 12:26:00,4.0,2026-04-05 12:46:00,2026-04-05 13:15:00,B34 A,260.0,16.39,15.87,4.76,2.17,29.0
120,2026-04-05,UA950,2026-04-05 12:20:00,2026-04-05 11:58:00,-22.0,2026-04-05 12:14:00,2026-04-05 12:42:00,B37 A,127.0,11.3,11.23,4.87,2.5,28.0
120,2026-04-05,UA994,2026-04-05 11:51:00,2026-04-05 11:37:00,-14.0,2026-04-05 11:55:00,2026-04-05 12:25:00,B40 A,157.0,11.15,14.08,5.1,2.43,30.0
120,2026-04-05,XR5402,2026-04-05 07:46:00,2026-04-05 08:56:00,70.0,2026-04-05 09:23:00,2026-04-05 09:26:00,B5  A,88.0,13.96,6.3,5.96,1.4,3.0
121,2026-04-05,AC832,2026-04-05 09:18:00,2026-04-05 08:45:00,-33.0,2026-04-05 09:06:00,2026-04-05 09:59:00,B28 A,110.0,12.1,9.09,5.72,1.4,53.0
121,2026-04-05,ET750,2026-04-05 11:13:00,2026-04-05 11:34:00,21.0,2026-04-05 12:17:00,2026-04-05 13:03:00,B17 A,464.0,14.15,32.78,5.06,1.66,46.0
121,2026-04-05,FH8116,2026-04-05 06:35:00,2026-04-05 06:00:00,-35.0,2026-04-05 06:07:00,2026-04-05 06:09:00,B15 A,22.0,11.94,1.84,7.17,1.08,2.0
121,2026-04-05,LH1004,2026-04-05 08:50:00,2026-04-05 08:53:00,3.0,2026-04-05 09:06:00,2026-04-05 09:12:00,A43 ,29.0,14.5,2.0,4.68,1.78,6.0
121,2026-04-05,SN1122,2026-04-05 08:39:00,2026-04-05 09:08:00,29.0,2026-04-05 09:20:00,2026-04-05 09:21:00,B40 A,13.0,12.65,1.03,4.79,2.59,1.0
121,2026-04-05,SN1124,2026-04-05 07:10:00,2026-04-05 07:19:00,9.0,2026-04-05 07:32:00,2026-04-05 07:48:00,B30 A,138.0,13.53,10.2,5.23,1.7,16.0
121,2026-04-05,SN206,2026-04-05 06:25:00,2026-04-05 06:48:00,23.0,2026-04-05 07:07:00,2026-04-05 07:30:00,B38 A,154.0,11.76,13.1,4.7,2.48,23.0
121,2026-04-05,SN229,2026-04-05 08:06:00,2026-04-05 09:20:00,74.0,2026-04-05 09:41:00,2026-04-05 10:22:00,B14 A,144.0,13.44,10.72,5.03,1.33,41.0
121,2026-04-05,SN278,2026-04-05 12:46:00,2026-04-05 12:41:00,-5.0,2026-04-05 13:04:00,2026-04-05 13:33:00,B31 A,62.0,13.21,4.7,4.55,2.36,29.0
121,2026-04-05,SN2900,2026-04-05 08:46:00,2026-04-05 08:33:00,-13.0,2026-04-05 08:58:00,2026-04-05 09:02:00,B14 A,79.0,9.03,8.75,4.73,1.41,4.0
121,2026-04-05,SN3326,2026-04-05 07:45:00,2026-04-05 08:05:00,20.0,2026-04-05 08:16:00,2026-04-05 08:36:00,B28 A,123.0,14.75,8.34,4.35,1.84,20.0
121,2026-04-05,SN358,2026-04-05 08:21:00,2026-04-05 08:24:00,3.0,2026-04-05 08:42:00,2026-04-05 09:09:00,B14 A,112.0,15.4,7.27,4.95,1.35,27.0
121,2026-04-05,SN379,2026-04-05 08:11:00,2026-04-05 08:40:00,29.0,2026-04-05 08:59:00,2026-04-05 09:27:00,B28 A,76.0,11.14,6.82,4.49,1.78,28.0
121,2026-04-05,SN3800,2026-04-05 06:15:00,2026-04-05 06:16:00,1.0,2026-04-05 06:28:00,2026-04-05 06:30:00,A65 ,27.0,10.87,2.48,5.45,1.53,2.0
121,2026-04-05,TB1552,2026-04-05 07:47:00,2026-04-05 07:43:00,-4.0,2026-04-05 07:55:00,2026-04-05 07:59:00,A68 ,66.0,11.21,5.89,6.04,1.38,4.0
121,2026-04-05,TB2632,2026-04-05 09:29:00,2026-04-05 09:09:00,-20.0,2026-04-05 09:35:00,2026-04-05 09:44:00,B9  A,114.0,12.54,9.09,5.26,1.58,9.0
121,2026-04-05,TB2662,2026-04-05 09:15:00,2026-04-05 09:04:00,-11.0,2026-04-05 09:22:00,2026-04-05 09:30:00,B34 A,90.0,13.96,6.45,4.84,2.14,8.0
121,2026-04-05,TG934,2026-04-05 09:21:00,2026-04-05 09:16:00,-5.0,2026-04-05 09:38:00,2026-04-05 09:58:00,B38 A,249.0,15.49,16.08,4.67,2.5,20.0
121,2026-04-05,UA950,2026-04-05 12:20:00,2026-04-05 11:58:00,-22.0,2026-04-05 12:14:00,2026-04-05 12:42:00,B37 A,127.0,9.42,13.49,5.43,2.24,28.0
121,2026-04-05,UA994,2026-04-05 11:51:00,2026-04-05 11:37:00,-14.0,2026-04-05 11:55:00,2026-04-05 12:25:00,B40 A,157.0,14.7,10.68,6.29,1.98,30.0
121,2026-04-05,XR5402,2026-04-05 07:46:00,2026-04-05 08:56:00,70.0,2026-04-05 09:23:00,2026-04-05 09:26:00,B5  A,88.0,11.76,7.48,4.69,1.78,3.0
122,2026-04-05,AC832,2026-04-05 11:16:00,2026-04-05 10:39:00,-37.0,2026-04-05 10:54:00,2026-04-05 11:24:00,B5  A,101.0,11.68,8.64,3.79,2.2,30.0
122,2026-04-05,ET750,2026-04-05 11:13:00,2026-04-05 11:34:00,21.0,2026-04-05 12:17:00,2026-04-05 13:03:00,B17 A,464.0,13.12,35.36,4.8,1.75,46.0
122,2026-04-05,FH8116,2026-04-05 12:44:00,2026-04-05 12:48:00,4.0,2026-04-05 13:06:00,2026-04-05 13:13:00,B38 A,140.0,13.02,10.76,3.77,3.09,7.0
122,2026-04-05,LH1004,2026-04-05 12:50:00,2026-04-05 12:50:00,0.0,2026-04-05 13:03:00,2026-04-05 13:30:00,A43 ,40.0,10.98,3.64,5.63,1.48,27.0
122,2026-04-05,SN1122,2026-04-05 08:39:00,2026-04-05 09:08:00,29.0,2026-04-05 09:20:00,2026-04-05 09:21:00,B40 A,13.0,14.08,0.92,4.5,2.76,1.0
122,2026-04-05,SN1124,2026-04-05 07:10:00,2026-04-05 07:19:00,9.0,2026-04-05 07:32:00,2026-04-05 07:48:00,B30 A,138.0,12.88,10.72,4.17,2.14,16.0
122,2026-04-05,SN206,2026-04-05 06:25:00,2026-04-05 06:48:00,23.0,2026-04-05 07:07:00,2026-04-05 07:30:00,B38 A,154.0,14.15,10.88,4.3,2.71,23.0
122,2026-04-05,SN229,2026-04-05 12:06:00,2026-04-05 12:12:00,6.0,2026-04-05 12:39:00,2026-04-05 13:03:00,B28 A,20.0,14.63,1.37,5.22,1.53,24.0
122,2026-04-05,SN278,2026-04-05 10:45:00,2026-04-05 10:42:00,-3.0,2026-04-05 11:04:00,2026-04-05 11:16:00,B28 A,198.0,11.43,17.33,4.28,1.87,12.0
122,2026-04-05,SN2900,2026-04-05 07:39:00,2026-04-05 07:25:00,-14.0,2026-04-05 07:38:00,2026-04-05 07:53:00,B38 A,55.0,13.41,4.1,5.49,2.13,15.0
122,2026-04-05,SN3326,2026-04-05 07:45:00,2026-04-05 08:05:00,20.0,2026-04-05 08:16:00,2026-04-05 08:36:00,B28 A,123.0,13.95,8.82,5.09,1.57,20.0
122,2026-04-05,SN358,2026-04-05 08:21:00,2026-04-05 08:24:00,3.0,2026-04-05 08:42:00,2026-04-05 09:09:00,B14 A,112.0,8.83,12.68,6.21,1.07,27.0
122,2026-04-05,SN379,2026-04-05 10:10:00,2026-04-05 11:03:00,53.0,2026-04-05 11:42:00,2026-04-05 12:19:00,B29 A,161.0,11.26,14.3,6.15,1.6,37.0
122,2026-04-05,SN3800,2026-04-05 06:15:00,2026-04-05 06:16:00,1.0,2026-04-05 06:28:00,2026-04-05 06:30:00,A65 ,27.0,16.47,1.64,5.73,1.45,2.0
122,2026-04-05,TB1552,2026-04-05 07:47:00,2026-04-05 07:43:00,-4.0,2026-04-05 07:55:00,2026-04-05 07:59:00,A68 ,66.0,11.45,5.77,5.28,1.58,4.0
122,2026-04-05,TB2632,2026-04-05 09:29:00,2026-04-05 09:09:00,-20.0,2026-04-05 09:35:00,2026-04-05 09:44:00,B9  A,114.0,11.68,9.76,6.42,1.3,9.0
122,2026-04-05,TB2662,2026-04-05 09:15:00,2026-04-05 09:04:00,-11.0,2026-04-05 09:22:00,2026-04-05 09:30:00,B34 A,90.0,12.3,7.32,5.66,1.83,8.0
122,2026-04-05,TG934,2026-04-05 12:22:00,2026-04-05 12:26:00,4.0,2026-04-05 12:46:00,2026-04-05 13:15:00,B34 A,260.0,14.82,17.54,5.98,1.73,29.0
122,2026-04-05,UA950,2026-04-05 09:21:00,2026-04-05 08:45:00,-36.0,2026-04-05 09:03:00,2026-04-05 09:29:00,B5  A,163.0,12.39,13.15,4.31,1.93,26.0
122,2026-04-05,UA994,2026-04-05 08:51:00,2026-04-05 08:32:00,-19.0,2026-04-05 08:52:00,2026-04-05 09:25:00,B40 A,171.0,10.91,15.67,4.64,2.68,33.0
122,2026-04-05,XR5402,2026-04-05 07:46:00,2026-04-05 08:56:00,70.0,2026-04-05 09:23:00,2026-04-05 09:26:00,B5  A,88.0,16.81,5.24,5.26,1.58,3.0
123,2026-04-05,AC832,2026-04-05 10:17:00,2026-04-05 10:43:00,26.0,2026-04-05 11:00:00,2026-04-05 11:34:00,B14 A,172.0,12.7,13.54,4.89,1.36,34.0
123,2026-04-05,ET750,2026-04-05 11:13:00,2026-04-05 11:34:00,21.0,2026-04-05 12:17:00,2026-04-05 13:03:00,B17 A,464.0,13.07,35.49,4.41,1.91,46.0
123,2026-04-05,FH8116,2026-04-05 12:44:00,2026-04-05 12:48:00,4.0,2026-04-05 13:06:00,2026-04-05 13:13:00,B38 A,140.0,10.93,12.8,4.19,2.79,7.0
123,2026-04-05,LH1004,2026-04-05 11:51:00,2026-04-05 11:47:00,-4.0,2026-04-05 12:07:00,2026-04-05 12:12:00,A43 ,23.0,11.56,1.99,4.25,1.96,5.0
123,2026-04-05,SN1122,2026-04-05 08:39:00,2026-04-05 09:08:00,29.0,2026-04-05 09:20:00,2026-04-05 09:21:00,B40 A,13.0,13.07,0.99,5.04,2.47,1.0
123,2026-04-05,SN1124,2026-04-05 07:10:00,2026-04-05 07:19:00,9.0,2026-04-05 07:32:00,2026-04-05 07:48:00,B30 A,138.0,12.25,11.27,5.97,1.49,16.0
123,2026-04-05,SN206,2026-04-05 06:25:00,2026-04-05 06:48:00,23.0,2026-04-05 07:07:00,2026-04-05 07:30:00,B38 A,154.0,10.8,14.26,4.58,2.55,23.0
123,2026-04-05,SN229,2026-04-05 12:06:00,2026-04-05 12:12:00,6.0,2026-04-05 12:39:00,2026-04-05 13:03:00,B28 A,20.0,14.57,1.37,5.77,1.39,24.0
123,2026-04-05,SN278,2026-04-05 12:46:00,2026-04-05 12:41:00,-5.0,2026-04-05 13:04:00,2026-04-05 13:33:00,B31 A,62.0,10.66,5.82,4.59,2.34,29.0
123,2026-04-05,SN2900,2026-04-05 08:46:00,2026-04-05 08:33:00,-13.0,2026-04-05 08:58:00,2026-04-05 09:02:00,B14 A,79.0,11.38,6.94,5.51,1.21,4.0
123,2026-04-05,SN3326,2026-04-05 07:45:00,2026-04-05 08:05:00,20.0,2026-04-05 08:16:00,2026-04-05 08:36:00,B28 A,123.0,14.6,8.43,5.07,1.58,20.0
123,2026-04-05,SN358,2026-04-05 12:21:00,2026-04-05 12:23:00,2.0,2026-04-05 12:43:00,2026-04-05 13:14:00,B28 A,176.0,15.13,11.63,4.96,1.61,31.0
123,2026-04-05,SN379,2026-04-05 08:11:00,2026-04-05 08:40:00,29.0,2026-04-05 08:59:00,2026-04-05 09:27:00,B28 A,76.0,10.97,6.93,5.02,1.59,28.0
123,2026-04-05,SN3800,2026-04-05 06:15:00,2026-04-05 06:16:00,1.0,2026-04-05 06:28:00,2026-04-05 06:30:00,A65 ,27.0,13.5,2.0,5.01,1.66,2.0
123,2026-04-05,TB1552,2026-04-05 07:47:00,2026-04-05 07:43:00,-4.0,2026-04-05 07:55:00,2026-04-05 07:59:00,A68 ,66.0,13.06,5.05,3.06,2.73,4.0
123,2026-04-05,TB2632,2026-04-05 09:29:00,2026-04-05 09:09:00,-20.0,2026-04-05 09:35:00,2026-04-05 09:44:00,B9  A,114.0,13.84,8.24,5.56,1.5,9.0
123,2026-04-05,TB2662,2026-04-05 09:15:00,2026-04-05 09:04:00,-11.0,2026-04-05 09:22:00,2026-04-05 09:30:00,B34 A,90.0,11.22,8.02,7.17,1.44,8.0
123,2026-04-05,TG934,2026-04-05 09:21:00,2026-04-05 09:16:00,-5.0,2026-04-05 09:38:00,2026-04-05 09:58:00,B38 A,249.0,12.81,19.45,4.84,2.41,20.0
123,2026-04-05,UA950,2026-04-05 11:22:00,2026-04-05 11:02:00,-20.0,2026-04-05 11:22:00,2026-04-05 11:45:00,B28 A,170.0,10.02,16.96,7.97,1.0,23.0
123,2026-04-05,UA994,2026-04-05 09:51:00,2026-04-05 11:28:00,97.0,2026-04-05 11:44:00,2026-04-05 12:09:00,B40 A,135.0,12.01,11.24,5.19,2.39,25.0
123,2026-04-05,XR5402,2026-04-05 07:46:00,2026-04-05 08:56:00,70.0,2026-04-05 09:23:00,2026-04-05 09:26:00,B5  A,88.0,14.02,6.28,5.8,1.44,3.0
124,2026-04-05,AC832,2026-04-05 08:17:00,2026-04-05 07:46:00,-31.0,2026-04-05 08:02:00,2026-04-05 08:29:00,B30 A,122.0,10.39,11.74,3.92,2.28,27.0
124,2026-04-05,ET750,2026-04-05 11:13:00,2026-04-05 11:34:00,21.0,2026-04-05 12:17:00,2026-04-05 13:03:00,B17 A,464.0,13.21,35.13,3.9,2.16,46.0
124,2026-04-05,FH8116,2026-04-05 06:35:00,2026-04-05 06:00:00,-35.0,2026-04-05 06:07:00,2026-04-05 06:09:00,B15 A,22.0,10.07,2.19,4.5,1.72,2.0
124,2026-04-05,LH1004,2026-04-05 09:50:00,2026-04-05 09:53:00,3.0,2026-04-05 10:20:00,2026-04-05 10:27:00,A43 ,33.0,12.08,2.73,5.9,1.41,7.0
124,2026-04-05,SN1122,2026-04-05 08:39:00,2026-04-05 09:08:00,29.0,2026-04-05 09:20:00,2026-04-05 09:21:00,B40 A,13.0,11.27,1.15,4.38,2.83,1.0
124,2026-04-05,SN1124,2026-04-05 07:10:00,2026-04-05 07:19:00,9.0,2026-04-05 07:32:00,2026-04-05 07:48:00,B30 A,138.0,13.0,10.62,5.58,1.6,16.0
124,2026-04-05,SN206,2026-04-05 06:25:00,2026-04-05 06:48:00,23.0,2026-04-05 07:07:00,2026-04-05 07:30:00,B38 A,154.0,10.41,14.8,4.84,2.41,23.0
124,2026-04-05,SN229,2026-04-05 12:06:00,2026-04-05 12:12:00,6.0,2026-04-05 12:39:00,2026-04-05 13:03:00,B28 A,20.0,10.01,2.0,4.55,1.76,24.0
124,2026-04-05,SN278,2026-04-05 12:46:00,2026-04-05 12:41:00,-5.0,2026-04-05 13:04:00,2026-04-05 13:33:00,B31 A,62.0,12.21,5.08,4.29,2.51,29.0
124,2026-04-05,SN2900,2026-04-05 08:46:00,2026-04-05 08:33:00,-13.0,2026-04-05 08:58:00,2026-04-05 09:02:00,B14 A,79.0,14.48,5.45,4.87,1.37,4.0
124,2026-04-05,SN3326,2026-04-05 11:24:00,2026-04-05 11:41:00,17.0,2026-04-05 12:06:00,2026-04-05 12:12:00,B14 A,111.0,14.65,7.57,6.01,1.11,6.0
124,2026-04-05,SN358,2026-04-05 10:21:00,2026-04-05 11:13:00,52.0,2026-04-05 11:43:00,2026-04-05 12:03:00,B38 A,126.0,12.22,10.31,5.4,2.16,20.0
124,2026-04-05,SN379,2026-04-05 08:11:00,2026-04-05 08:40:00,29.0,2026-04-05 08:59:00,2026-04-05 09:27:00,B28 A,76.0,14.98,5.07,5.04,1.59,28.0
124,2026-04-05,SN3800,2026-04-05 06:15:00,2026-04-05 06:16:00,1.0,2026-04-05 06:28:00,2026-04-05 06:30:00,A65 ,27.0,13.28,2.03,4.63,1.8,2.0
124,2026-04-05,TB1552,2026-04-05 07:15:00,2026-04-05 07:08:00,-7.0,2026-04-05 07:38:00,2026-04-05 07:45:00,A61 ,152.0,8.68,17.51,4.41,1.89,7.0
124,2026-04-05,TB2632,2026-04-05 09:29:00,2026-04-05 09:09:00,-20.0,2026-04-05 09:35:00,2026-04-05 09:44:00,B9  A,114.0,12.58,9.06,4.43,1.88,9.0
124,2026-04-05,TB2662,2026-04-05 09:15:00,2026-04-05 09:04:00,-11.0,2026-04-05 09:22:00,2026-04-05 09:30:00,B34 A,90.0,11.14,8.08,5.88,1.76,8.0
124,2026-04-05,TG934,2026-04-05 09:21:00,2026-04-05 09:16:00,-5.0,2026-04-05 09:38:00,2026-04-05 09:58:00,B38 A,249.0,15.29,16.28,4.15,2.81,20.0
124,2026-04-05,UA950,2026-04-05 09:21:00,2026-04-05 08:45:00,-36.0,2026-04-05 09:03:00,2026-04-05 09:29:00,B5  A,163.0,11.41,14.29,5.3,1.57,26.0
124,2026-04-05,UA994,2026-04-05 11:51:00,2026-04-05 11:37:00,-14.0,2026-04-05 11:55:00,2026-04-05 12:25:00,B40 A,157.0,12.83,12.24,5.39,2.31,30.0
124,2026-04-05,XR5402,2026-04-05 07:46:00,2026-04-05 08:56:00,70.0,2026-04-05 09:23:00,2026-04-05 09:26:00,B5  A,88.0,11.13,7.9,4.93,1.69,3.0
125,2026-04-05,AC832,2026-04-05 09:18:00,2026-04-05 08:45:00,-33.0,2026-04-05 09:06:00,2026-04-05 09:59:00,B28 A,110.0,9.65,11.4,5.48,1.46,53.0
125,2026-04-05,ET750,2026-04-05 11:13:00,2026-04-05 11:34:00,21.0,2026-04-05 12:17:00,2026-04-05 13:03:00,B17 A,464.0,12.93,35.89,5.94,1.42,46.0
125,2026-04-05,FH8116,2026-04-05 12:44:00,2026-04-05 12:48:00,4.0,2026-04-05 13:06:00,2026-04-05 13:13:00,B38 A,140.0,14.84,9.43,5.25,2.22,7.0
125,2026-04-05,LH1004,2026-04-05 09:50:00,2026-04-05 09:53:00,3.0,2026-04-05 10:20:00,2026-04-05 10:27:00,A43 ,33.0,10.06,3.28,5.01,1.66,7.0
125,2026-04-05,SN1122,2026-04-05 08:39:00,2026-04-05 09:08:00,29.0,2026-04-05 09:20:00,2026-04-05 09:21:00,B40 A,13.0,9.7,1.34,4.29,2.9,1.0
125,2026-04-05,SN1124,2026-04-05 07:10:00,2026-04-05 07:19:00,9.0,2026-04-05 07:32:00,2026-04-05 07:48:00,B30 A,138.0,16.9,8.16,4.44,2.01,16.0
125,2026-04-05,SN206,2026-04-05 06:25:00,2026-04-05 06:48:00,23.0,2026-04-05 07:07:00,2026-04-05 07:30:00,B38 A,154.0,11.32,13.6,4.88,2.39,23.0
125,2026-04-05,SN229,2026-04-05 10:04:00,2026-04-05 10:26:00,22.0,2026-04-05 10:41:00,2026-04-05 11:10:00,B31 A,120.0,14.47,8.3,5.79,1.86,29.0
125,2026-04-05,SN278,2026-04-05 12:46:00,2026-04-05 12:41:00,-5.0,2026-04-05 13:04:00,2026-04-05 13:33:00,B31 A,62.0,12.78,4.85,5.47,1.96,29.0
125,2026-04-05,SN2900,2026-04-05 10:44:00,2026-04-05 11:04:00,20.0,2026-04-05 11:13:00,2026-04-05 11:34:00,B32 A,49.0,13.56,3.61,4.31,2.24,21.0
125,2026-04-05,SN3326,2026-04-05 07:45:00,2026-04-05 08:05:00,20.0,2026-04-05 08:16:00,2026-04-05 08:36:00,B28 A,123.0,13.07,9.41,5.48,1.46,20.0
125,2026-04-05,SN358,2026-04-05 10:21:00,2026-04-05 11:13:00,52.0,2026-04-05 11:43:00,2026-04-05 12:03:00,B38 A,126.0,13.96,9.03,4.71,2.48,20.0
125,2026-04-05,SN379,2026-04-05 10:10:00,2026-04-05 11:03:00,53.0,2026-04-05 11:42:00,2026-04-05 12:19:00,B29 A,161.0,12.08,13.33,5.03,1.96,37.0
125,2026-04-05,SN3800,2026-04-05 06:15:00,2026-04-05 06:16:00,1.0,2026-04-05 06:28:00,2026-04-05 06:30:00,A65 ,27.0,11.86,2.28,4.13,2.02,2.0
125,2026-04-05,TB1552,2026-04-05 07:15:00,2026-04-05 07:08:00,-7.0,2026-04-05 07:38:00,2026-04-05 07:45:00,A61 ,152.0,11.51,13.21,5.05,1.65,7.0
125,2026-04-05,TB2632,2026-04-05 09:29:00,2026-04-05 09:09:00,-20.0,2026-04-05 09:35:00,2026-04-05 09:44:00,B9  A,114.0,12.0,9.5,3.84,2.17,9.0
125,2026-04-05,TB2662,2026-04-05 09:15:00,2026-04-05 09:04:00,-11.0,2026-04-05 09:22:00,2026-04-05 09:30:00,B34 A,90.0,12.37,7.28,6.62,1.56,8.0
125,2026-04-05,TG934,2026-04-05 09:21:00,2026-04-05 09:16:00,-5.0,2026-04-05 09:38:00,2026-04-05 09:58:00,B38 A,249.0,12.7,19.61,5.59,2.09,20.0
125,2026-04-05,UA950,2026-04-05 11:22:00,2026-04-05 11:02:00,-20.0,2026-04-05 11:22:00,2026-04-05 11:45:00,B28 A,170.0,10.77,15.78,5.37,1.49,23.0
125,2026-04-05,UA994,2026-04-05 12:51:00,2026-04-05 12:35:00,-16.0,2026-04-05 12:54:00,2026-04-05 13:24:00,B38 A,109.0,11.08,9.83,5.0,2.33,30.0
125,2026-04-05,XR5402,2026-04-05 07:46:00,2026-04-05 08:56:00,70.0,2026-04-05 09:23:00,2026-04-05 09:26:00,B5  A,88.0,12.12,7.26,4.66,1.79,3.0
126,2026-04-05,AC832,2026-04-05 08:17:00,2026-04-05 07:46:00,-31.0,2026-04-05 08:02:00,2026-04-05 08:29:00,B30 A,122.0,14.03,8.69,4.63,1.93,27.0
126,2026-04-05,ET750,2026-04-05 11:13:00,2026-04-05 11:34:00,21.0,2026-04-05 12:17:00,2026-04-05 13:03:00,B17 A,464.0,16.44,28.22,4.45,1.89,46.0
126,2026-04-05,FH8116,2026-04-05 12:44:00,2026-04-05 12:48:00,4.0,2026-04-05 13:06:00,2026-04-05 13:13:00,B38 A,140.0,13.1,10.68,5.95,1.96,7.0
126,2026-04-05,LH1004,2026-04-05 09:50:00,2026-04-05 09:53:00,3.0,2026-04-05 10:20:00,2026-04-05 10:27:00,A43 ,33.0,9.49,3.48,4.99,1.67,7.0
126,2026-04-05,SN1122,2026-04-05 08:39:00,2026-04-05 09:08:00,29.0,2026-04-05 09:20:00,2026-04-05 09:21:00,B40 A,13.0,8.98,1.45,4.17,2.98,1.0
126,2026-04-05,SN1124,2026-04-05 07:10:00,2026-04-05 07:19:00,9.0,2026-04-05 07:32:00,2026-04-05 07:48:00,B30 A,138.0,13.86,9.95,3.78,2.36,16.0
126,2026-04-05,SN206,2026-04-05 06:25:00,2026-04-05 06:48:00,23.0,2026-04-05 07:07:00,2026-04-05 07:30:00,B38 A,154.0,12.47,12.35,5.29,2.2,23.0
126,2026-04-05,SN229,2026-04-05 12:06:00,2026-04-05 12:12:00,6.0,2026-04-05 12:39:00,2026-04-05 13:03:00,B28 A,20.0,8.51,2.35,4.59,1.74,24.0
126,2026-04-05,SN278,2026-04-05 10:45:00,2026-04-05 10:42:00,-3.0,2026-04-05 11:04:00,2026-04-05 11:16:00,B28 A,198.0,13.12,15.09,5.59,1.43,12.0
126,2026-04-05,SN2900,2026-04-05 08:46:00,2026-04-05 08:33:00,-13.0,2026-04-05 08:58:00,2026-04-05 09:02:00,B14 A,79.0,13.43,5.88,5.26,1.27,4.0
126,2026-04-05,SN3326,2026-04-05 11:24:00,2026-04-05 11:41:00,17.0,2026-04-05 12:06:00,2026-04-05 12:12:00,B14 A,111.0,14.15,7.84,4.14,1.61,6.0
126,2026-04-05,SN358,2026-04-05 08:21:00,2026-04-05 08:24:00,3.0,2026-04-05 08:42:00,2026-04-05 09:09:00,B14 A,112.0,15.49,7.23,4.08,1.63,27.0
126,2026-04-05,SN379,2026-04-05 08:11:00,2026-04-05 08:40:00,29.0,2026-04-05 08:59:00,2026-04-05 09:27:00,B28 A,76.0,15.47,4.91,4.08,1.96,28.0
126,2026-04-05,SN3800,2026-04-05 06:15:00,2026-04-05 06:16:00,1.0,2026-04-05 06:28:00,2026-04-05 06:30:00,A65 ,27.0,15.41,1.75,4.61,1.81,2.0
126,2026-04-05,TB1552,2026-04-05 08:29:00,2026-04-05 08:25:00,-4.0,2026-04-05 08:46:00,2026-04-05 08:54:00,A61 ,166.0,13.29,12.49,4.62,1.8,8.0
126,2026-04-05,TB2632,2026-04-05 09:29:00,2026-04-05 09:09:00,-20.0,2026-04-05 09:35:00,2026-04-05 09:44:00,B9  A,114.0,15.39,7.41,5.09,1.64,9.0
126,2026-04-05,TB2662,2026-04-05 09:15:00,2026-04-05 09:04:00,-11.0,2026-04-05 09:22:00,2026-04-05 09:30:00,B34 A,90.0,12.61,7.14,5.51,1.87,8.0
126,2026-04-05,TG934,2026-04-05 09:21:00,2026-04-05 09:16:00,-5.0,2026-04-05 09:38:00,2026-04-05 09:58:00,B38 A,249.0,14.17,17.57,5.67,2.06,20.0
126,2026-04-05,UA950,2026-04-05 11:22:00,2026-04-05 11:02:00,-20.0,2026-04-05 11:22:00,2026-04-05 11:45:00,B28 A,170.0,16.29,10.44,4.18,1.92,23.0
126,2026-04-05,UA994,2026-04-05 11:51:00,2026-04-05 11:37:00,-14.0,2026-04-05 11:55:00,2026-04-05 12:25:00,B40 A,157.0,14.98,10.48,4.86,2.55,30.0
126,2026-04-05,XR5402,2026-04-05 07:46:00,2026-04-05 08:56:00,70.0,2026-04-05 09:23:00,2026-04-05 09:26:00,B5  A,88.0,13.6,6.47,3.78,2.2,3.0
127,2026-04-05,AC832,2026-04-05 09:18:00,2026-04-05 08:45:00,-33.0,2026-04-05 09:06:00,2026-04-05 09:59:00,B28 A,110.0,14.66,7.5,5.95,1.35,53.0
127,2026-04-05,ET750,2026-04-05 11:13:00,2026-04-05 11:34:00,21.0,2026-04-05 12:17:00,2026-04-05 13:03:00,B17 A,464.0,11.7,39.67,5.87,1.43,46.0
127,2026-04-05,FH8116,2026-04-05 06:35:00,2026-04-05 06:00:00,-35.0,2026-04-05 06:07:00,2026-04-05 06:09:00,B15 A,22.0,8.74,2.52,3.02,2.56,2.0
127,2026-04-05,LH1004,2026-04-05 08:50:00,2026-04-05 08:53:00,3.0,2026-04-05 09:06:00,2026-04-05 09:12:00,A43 ,29.0,12.01,2.42,5.42,1.54,6.0
127,2026-04-05,SN1122,2026-04-05 08:39:00,2026-04-05 09:08:00,29.0,2026-04-05 09:20:00,2026-04-05 09:21:00,B40 A,13.0,12.05,1.08,4.62,2.69,1.0
127,2026-04-05,SN1124,2026-04-05 07:10:00,2026-04-05 07:19:00,9.0,2026-04-05 07:32:00,2026-04-05 07:48:00,B30 A,138.0,11.76,11.73,7.08,1.26,16.0
127,2026-04-05,SN206,2026-04-05 06:25:00,2026-04-05 06:48:00,23.0,2026-04-05 07:07:00,2026-04-05 07:30:00,B38 A,154.0,13.75,11.2,3.73,3.13,23.0
127,2026-04-05,SN229,2026-04-05 08:06:00,2026-04-05 09:20:00,74.0,2026-04-05 09:41:00,2026-04-05 10:22:00,B14 A,144.0,12.59,11.44,4.69,1.42,41.0
127,2026-04-05,SN278,2026-04-05 10:45:00,2026-04-05 10:42:00,-3.0,2026-04-05 11:04:00,2026-04-05 11:16:00,B28 A,198.0,12.4,15.97,3.99,2.01,12.0
127,2026-04-05,SN2900,2026-04-05 08:46:00,2026-04-05 08:33:00,-13.0,2026-04-05 08:58:00,2026-04-05 09:02:00,B14 A,79.0,15.81,5.0,5.42,1.23,4.0
127,2026-04-05,SN3326,2026-04-05 07:45:00,2026-04-05 08:05:00,20.0,2026-04-05 08:16:00,2026-04-05 08:36:00,B28 A,123.0,16.46,7.47,5.23,1.53,20.0
127,2026-04-05,SN358,2026-04-05 08:21:00,2026-04-05 08:24:00,3.0,2026-04-05 08:42:00,2026-04-05 09:09:00,B14 A,112.0,12.39,9.04,5.0,1.33,27.0
127,2026-04-05,SN379,2026-04-05 08:11:00,2026-04-05 08:40:00,29.0,2026-04-05 08:59:00,2026-04-05 09:27:00,B28 A,76.0,15.63,4.86,5.82,1.37,28.0
127,2026-04-05,SN3800,2026-04-05 06:15:00,2026-04-05 06:16:00,1.0,2026-04-05 06:28:00,2026-04-05 06:30:00,A65 ,27.0,11.77,2.29,5.15,1.62,2.0
127,2026-04-05,TB1552,2026-04-05 10:15:00,2026-04-05 10:31:00,16.0,2026-04-05 10:50:00,2026-04-05 10:59:00,A69 ,164.0,13.04,12.58,6.26,1.33,9.0
127,2026-04-05,TB2632,2026-04-05 09:29:00,2026-04-05 09:09:00,-20.0,2026-04-05 09:35:00,2026-04-05 09:44:00,B9  A,114.0,15.85,7.19,5.93,1.41,9.0
127,2026-04-05,TB2662,2026-04-05 09:15:00,2026-04-05 09:04:00,-11.0,2026-04-05 09:22:00,2026-04-05 09:30:00,B34 A,90.0,10.8,8.34,5.65,1.83,8.0
127,2026-04-05,TG934,2026-04-05 09:21:00,2026-04-05 09:16:00,-5.0,2026-04-05 09:38:00,2026-04-05 09:58:00,B38 A,249.0,13.74,18.12,4.32,2.7,20.0
127,2026-04-05,UA950,2026-04-05 11:22:00,2026-04-05 11:02:00,-20.0,2026-04-05 11:22:00,2026-04-05 11:45:00,B28 A,170.0,12.68,13.41,4.87,1.64,23.0
127,2026-04-05,UA994,2026-04-05 12:51:00,2026-04-05 12:35:00,-16.0,2026-04-05 12:54:00,2026-04-05 13:24:00,B38 A,109.0,14.62,7.45,5.93,1.97,30.0
127,2026-04-05,XR5402,2026-04-05 07:46:00,2026-04-05 08:56:00,70.0,2026-04-05 09:23:00,2026-04-05 09:26:00,B5  A,88.0,11.85,7.42,4.43,1.88,3.0
128,2026-04-05,AC832,2026-04-05 12:18:00,2026-04-05 11:38:00,-40.0,2026-04-05 11:54:00,2026-04-05 12:17:00,B30 A,100.0,11.81,8.46,5.53,1.61,23.0
128,2026-04-05,ET750,2026-04-05 11:13:00,2026-04-05 11:34:00,21.0,2026-04-05 12:17:00,2026-04-05 13:03:00,B17 A,464.0,12.19,38.05,5.54,1.52,46.0
128,2026-04-05,FH8116,2026-04-05 12:44:00,2026-04-05 12:48:00,4.0,2026-04-05 13:06:00,2026-04-05 13:13:00,B38 A,140.0,12.16,11.51,3.98,2.93,7.0
128,2026-04-05,LH1004,2026-04-05 12:50:00,2026-04-05 12:50:00,0.0,2026-04-05 13:03:00,2026-04-05 13:30:00,A43 ,40.0,10.99,3.64,4.1,2.03,27.0
128,2026-04-05,SN1122,2026-04-05 08:39:00,2026-04-05 09:08:00,29.0,2026-04-05 09:20:00,2026-04-05 09:21:00,B40 A,13.0,9.14,1.42,5.23,2.38,1.0
128,2026-04-05,SN1124,2026-04-05 07:10:00,2026-04-05 07:19:00,9.0,2026-04-05 07:32:00,2026-04-05 07:48:00,B30 A,138.0,13.3,10.38,4.43,2.01,16.0
128,2026-04-05,SN206,2026-04-05 06:25:00,2026-04-05 06:48:00,23.0,2026-04-05 07:07:00,2026-04-05 07:30:00,B38 A,154.0,14.33,10.75,4.13,2.83,23.0
128,2026-04-05,SN229,2026-04-05 10:04:00,2026-04-05 10:26:00,22.0,2026-04-05 10:41:00,2026-04-05 11:10:00,B31 A,120.0,13.04,9.2,4.74,2.27,29.0
128,2026-04-05,SN278,2026-04-05 08:43:00,2026-04-05 08:27:00,-16.0,2026-04-05 08:40:00,2026-04-05 09:10:00,B37 A,123.0,13.88,8.86,4.29,2.84,30.0
128,2026-04-05,SN2900,2026-04-05 10:44:00,2026-04-05 11:04:00,20.0,2026-04-05 11:13:00,2026-04-05 11:34:00,B32 A,49.0,13.0,3.77,4.03,2.4,21.0
128,2026-04-05,SN3326,2026-04-05 11:24:00,2026-04-05 11:41:00,17.0,2026-04-05 12:06:00,2026-04-05 12:12:00,B14 A,111.0,13.07,8.49,5.02,1.33,6.0
128,2026-04-05,SN358,2026-04-05 12:21:00,2026-04-05 12:23:00,2.0,2026-04-05 12:43:00,2026-04-05 13:14:00,B28 A,176.0,12.91,13.63,4.56,1.75,31.0
128,2026-04-05,SN379,2026-04-05 08:11:00,2026-04-05 08:40:00,29.0,2026-04-05 08:59:00,2026-04-05 09:27:00,B28 A,76.0,9.74,7.81,4.65,1.72,28.0
128,2026-04-05,SN3800,2026-04-05 06:15:00,2026-04-05 06:16:00,1.0,2026-04-05 06:28:00,2026-04-05 06:30:00,A65 ,27.0,11.01,2.45,3.41,2.44,2.0
128,2026-04-05,TB1552,2026-04-05 07:15:00,2026-04-05 07:08:00,-7.0,2026-04-05 07:38:00,2026-04-05 07:45:00,A61 ,152.0,13.53,11.24,5.43,1.54,7.0
128,2026-04-05,TB2632,2026-04-05 09:29:00,2026-04-05 09:09:00,-20.0,2026-04-05 09:35:00,2026-04-05 09:44:00,B9  A,114.0,14.64,7.78,5.06,1.65,9.0
128,2026-04-05,TB2662,2026-04-05 09:15:00,2026-04-05 09:04:00,-11.0,2026-04-05 09:22:00,2026-04-05 09:30:00,B34 A,90.0,9.23,9.75,4.17,2.48,8.0
128,2026-04-05,TG934,2026-04-05 09:21:00,2026-04-05 09:16:00,-5.0,2026-04-05 09:38:00,2026-04-05 09:58:00,B38 A,249.0,13.94,17.86,6.69,1.74,20.0
128,2026-04-05,UA950,2026-04-05 12:20:00,2026-04-05 11:58:00,-22.0,2026-04-05 12:14:00,2026-04-05 12:42:00,B37 A,127.0,13.51,9.4,6.56,1.85,28.0
128,2026-04-05,UA994,2026-04-05 09:51:00,2026-04-05 11:28:00,97.0,2026-04-05 11:44:00,2026-04-05 12:09:00,B40 A,135.0,13.28,10.17,4.76,2.61,25.0
128,2026-04-05,XR5402,2026-04-05 07:46:00,2026-04-05 08:56:00,70.0,2026-04-05 09:23:00,2026-04-05 09:26:00,B5  A,88.0,13.32,6.6,5.54,1.51,3.0
129,2026-04-05,AC832,2026-04-05 12:18:00,2026-04-05 11:38:00,-40.0,2026-04-05 11:54:00,2026-04-05 12:17:00,B30 A,100.0,13.97,7.16,6.53,1.37,23.0
129,2026-04-05,ET750,2026-04-05 11:13:00,2026-04-05 11:34:00,21.0,2026-04-05 12:17:00,2026-04-05 13:03:00,B17 A,464.0,14.97,30.99,5.17,1.63,46.0
129,2026-04-05,FH8116,2026-04-05 12:44:00,2026-04-05 12:48:00,4.0,2026-04-05 13:06:00,2026-04-05 13:13:00,B38 A,140.0,10.32,13.56,7.92,1.47,7.0
129,2026-04-05,LH1004,2026-04-05 12:50:00,2026-04-05 12:50:00,0.0,2026-04-05 13:03:00,2026-04-05 13:30:00,A43 ,40.0,12.25,3.26,6.81,1.22,27.0
129,2026-04-05,SN1122,2026-04-05 08:39:00,2026-04-05 09:08:00,29.0,2026-04-05 09:20:00,2026-04-05 09:21:00,B40 A,13.0,15.15,0.86,4.96,2.5,1.0
129,2026-04-05,SN1124,2026-04-05 07:10:00,2026-04-05 07:19:00,9.0,2026-04-05 07:32:00,2026-04-05 07:48:00,B30 A,138.0,12.65,10.91,5.37,1.66,16.0
129,2026-04-05,SN206,2026-04-05 06:25:00,2026-04-05 06:48:00,23.0,2026-04-05 07:07:00,2026-04-05 07:30:00,B38 A,154.0,12.36,12.46,7.0,1.67,23.0
129,2026-04-05,SN229,2026-04-05 08:06:00,2026-04-05 09:20:00,74.0,2026-04-05 09:41:00,2026-04-05 10:22:00,B14 A,144.0,16.47,8.74,5.09,1.31,41.0
129,2026-04-05,SN278,2026-04-05 12:46:00,2026-04-05 12:41:00,-5.0,2026-04-05 13:04:00,2026-04-05 13:33:00,B31 A,62.0,15.12,4.1,6.36,1.69,29.0
129,2026-04-05,SN2900,2026-04-05 07:39:00,2026-04-05 07:25:00,-14.0,2026-04-05 07:38:00,2026-04-05 07:53:00,B38 A,55.0,13.11,4.2,4.74,2.46,15.0
129,2026-04-05,SN3326,2026-04-05 11:24:00,2026-04-05 11:41:00,17.0,2026-04-05 12:06:00,2026-04-05 12:12:00,B14 A,111.0,12.08,9.19,4.93,1.35,6.0
129,2026-04-05,SN358,2026-04-05 12:21:00,2026-04-05 12:23:00,2.0,2026-04-05 12:43:00,2026-04-05 13:14:00,B28 A,176.0,12.07,14.58,4.45,1.8,31.0
129,2026-04-05,SN379,2026-04-05 10:10:00,2026-04-05 11:03:00,53.0,2026-04-05 11:42:00,2026-04-05 12:19:00,B29 A,161.0,15.0,10.73,4.64,2.12,37.0
129,2026-04-05,SN3800,2026-04-05 06:15:00,2026-04-05 06:16:00,1.0,2026-04-05 06:28:00,2026-04-05 06:30:00,A65 ,27.0,13.01,2.08,4.88,1.71,2.0
129,2026-04-05,TB1552,2026-04-05 10:15:00,2026-04-05 10:31:00,16.0,2026-04-05 10:50:00,2026-04-05 10:59:00,A69 ,164.0,14.82,11.07,4.81,1.73,9.0
129,2026-04-05,TB2632,2026-04-05 09:29:00,2026-04-05 09:09:00,-20.0,2026-04-05 09:35:00,2026-04-05 09:44:00,B9  A,114.0,14.78,7.72,5.71,1.46,9.0
129,2026-04-05,TB2662,2026-04-05 09:15:00,2026-04-05 09:04:00,-11.0,2026-04-05 09:22:00,2026-04-05 09:30:00,B34 A,90.0,9.33,9.65,5.23,1.98,8.0
129,2026-04-05,TG934,2026-04-05 09:21:00,2026-04-05 09:16:00,-5.0,2026-04-05 09:38:00,2026-04-05 09:58:00,B38 A,249.0,16.05,15.51,4.34,2.69,20.0
129,2026-04-05,UA950,2026-04-05 12:20:00,2026-04-05 11:58:00,-22.0,2026-04-05 12:14:00,2026-04-05 12:42:00,B37 A,127.0,11.95,10.62,5.14,2.37,28.0
129,2026-04-05,UA994,2026-04-05 10:51:00,2026-04-05 10:01:00,-50.0,2026-04-05 10:18:00,2026-04-05 10:42:00,B38 A,177.0,13.86,12.77,5.86,1.99,24.0
129,2026-04-05,XR5402,2026-04-05 07:46:00,2026-04-05 08:56:00,70.0,2026-04-05 09:23:00,2026-04-05 09:26:00,B5  A,88.0,14.82,5.94,5.81,1.43,3.0
130,2026-04-05,AC832,2026-04-05 12:18:00,2026-04-05 11:38:00,-40.0,2026-04-05 11:54:00,2026-04-05 12:17:00,B30 A,100.0,13.83,7.23,4.59,1.94,23.0
130,2026-04-05,ET750,2026-04-05 11:13:00,2026-04-05 11:34:00,21.0,2026-04-05 12:17:00,2026-04-05 13:03:00,B17 A,464.0,12.62,36.76,4.18,2.01,46.0
130,2026-04-05,FH8116,2026-04-05 06:35:00,2026-04-05 06:00:00,-35.0,2026-04-05 06:07:00,2026-04-05 06:09:00,B15 A,22.0,15.64,1.41,5.49,1.41,2.0
130,2026-04-05,LH1004,2026-04-05 11:51:00,2026-04-05 11:47:00,-4.0,2026-04-05 12:07:00,2026-04-05 12:12:00,A43 ,23.0,10.98,2.09,5.98,1.39,5.0
130,2026-04-05,SN1122,2026-04-05 08:39:00,2026-04-05 09:08:00,29.0,2026-04-05 09:20:00,2026-04-05 09:21:00,B40 A,13.0,12.06,1.08,4.58,2.71,1.0
130,2026-04-05,SN1124,2026-04-05 07:10:00,2026-04-05 07:19:00,9.0,2026-04-05 07:32:00,2026-04-05 07:48:00,B30 A,138.0,14.41,9.57,4.91,1.82,16.0
130,2026-04-05,SN206,2026-04-05 06:25:00,2026-04-05 06:48:00,23.0,2026-04-05 07:07:00,2026-04-05 07:30:00,B38 A,154.0,15.0,10.27,4.48,2.6,23.0
130,2026-04-05,SN229,2026-04-05 08:06:00,2026-04-05 09:20:00,74.0,2026-04-05 09:41:00,2026-04-05 10:22:00,B14 A,144.0,13.61,10.58,5.9,1.13,41.0
130,2026-04-05,SN278,2026-04-05 10:45:00,2026-04-05 10:42:00,-3.0,2026-04-05 11:04:00,2026-04-05 11:16:00,B28 A,198.0,12.81,15.45,6.07,1.32,12.0
130,2026-04-05,SN2900,2026-04-05 08:46:00,2026-04-05 08:33:00,-13.0,2026-04-05 08:58:00,2026-04-05 09:02:00,B14 A,79.0,13.19,5.99,4.56,1.46,4.0
130,2026-04-05,SN3326,2026-04-05 11:24:00,2026-04-05 11:41:00,17.0,2026-04-05 12:06:00,2026-04-05 12:12:00,B14 A,111.0,9.9,11.21,5.53,1.21,6.0
130,2026-04-05,SN358,2026-04-05 12:21:00,2026-04-05 12:23:00,2.0,2026-04-05 12:43:00,2026-04-05 13:14:00,B28 A,176.0,14.33,12.28,4.51,1.77,31.0
130,2026-04-05,SN379,2026-04-05 08:11:00,2026-04-05 08:40:00,29.0,2026-04-05 08:59:00,2026-04-05 09:27:00,B28 A,76.0,15.41,4.93,5.73,1.4,28.0
130,2026-04-05,SN3800,2026-04-05 06:15:00,2026-04-05 06:16:00,1.0,2026-04-05 06:28:00,2026-04-05 06:30:00,A65 ,27.0,10.73,2.52,5.78,1.44,2.0
130,2026-04-05,TB1552,2026-04-05 10:15:00,2026-04-05 10:31:00,16.0,2026-04-05 10:50:00,2026-04-05 10:59:00,A69 ,164.0,11.35,14.45,4.73,1.76,9.0
130,2026-04-05,TB2632,2026-04-05 09:29:00,2026-04-05 09:09:00,-20.0,2026-04-05 09:35:00,2026-04-05 09:44:00,B9  A,114.0,12.92,8.82,4.37,1.91,9.0
130,2026-04-05,TB2662,2026-04-05 09:15:00,2026-04-05 09:04:00,-11.0,2026-04-05 09:22:00,2026-04-05 09:30:00,B34 A,90.0,12.82,7.02,5.79,1.78,8.0
130,2026-04-05,TG934,2026-04-05 09:21:00,2026-04-05 09:16:00,-5.0,2026-04-05 09:38:00,2026-04-05 09:58:00,B38 A,249.0,13.65,18.25,6.27,1.86,20.0
130,2026-04-05,UA950,2026-04-05 12:20:00,2026-04-05 11:58:00,-22.0,2026-04-05 12:14:00,2026-04-05 12:42:00,B37 A,127.0,15.69,8.09,5.24,2.32,28.0
130,2026-04-05,UA994,2026-04-05 10:51:00,2026-04-05 10:01:00,-50.0,2026-04-05 10:18:00,2026-04-05 10:42:00,B38 A,177.0,12.81,13.82,4.37,2.67,24.0
130,2026-04-05,XR5402,2026-04-05 07:46:00,2026-04-05 08:56:00,70.0,2026-04-05 09:23:00,2026-04-05 09:26:00,B5  A,88.0,11.83,7.44,4.91,1.7,3.0
131,2026-04-05,AC832,2026-04-05 11:16:00,2026-04-05 10:39:00,-37.0,2026-04-05 10:54:00,2026-04-05 11:24:00,B5  A,101.0,12.56,8.04,6.08,1.37,30.0
131,2026-04-05,ET750,2026-04-05 11:13:00,2026-04-05 11:34:00,21.0,2026-04-05 12:17:00,2026-04-05 13:03:00,B17 A,464.0,12.23,37.94,4.48,1.88,46.0
131,2026-04-05,FH8116,2026-04-05 12:44:00,2026-04-05 12:48:00,4.0,2026-04-05 13:06:00,2026-04-05 13:13:00,B38 A,140.0,12.93,10.83,3.77,3.1,7.0
131,2026-04-05,LH1004,2026-04-05 08:50:00,2026-04-05 08:53:00,3.0,2026-04-05 09:06:00,2026-04-05 09:12:00,A43 ,29.0,14.62,1.98,5.1,1.63,6.0
131,2026-04-05,SN1122,2026-04-05 08:39:00,2026-04-05 09:08:00,29.0,2026-04-05 09:20:00,2026-04-05 09:21:00,B40 A,13.0,12.72,1.02,4.9,2.53,1.0
131,2026-04-05,SN1124,2026-04-05 07:10:00,2026-04-05 07:19:00,9.0,2026-04-05 07:32:00,2026-04-05 07:48:00,B30 A,138.0,13.66,10.1,5.03,1.77,16.0
131,2026-04-05,SN206,2026-04-05 06:25:00,2026-04-05 06:48:00,23.0,2026-04-05 07:07:00,2026-04-05 07:30:00,B38 A,154.0,12.31,12.51,6.09,1.91,23.0
131,2026-04-05,SN229,2026-04-05 12:06:00,2026-04-05 12:12:00,6.0,2026-04-05 12:39:00,2026-04-05 13:03:00,B28 A,20.0,12.77,1.57,4.34,1.84,24.0
131,2026-04-05,SN278,2026-04-05 10:45:00,2026-04-05 10:42:00,-3.0,2026-04-05 11:04:00,2026-04-05 11:16:00,B28 A,198.0,12.88,15.38,4.36,1.83,12.0
131,2026-04-05,SN2900,2026-04-05 10:44:00,2026-04-05 11:04:00,20.0,2026-04-05 11:13:00,2026-04-05 11:34:00,B32 A,49.0,12.92,3.79,3.97,2.44,21.0
131,2026-04-05,SN3326,2026-04-05 11:24:00,2026-04-05 11:41:00,17.0,2026-04-05 12:06:00,2026-04-05 12:12:00,B14 A,111.0,14.28,7.77,4.9,1.36,6.0
131,2026-04-05,SN358,2026-04-05 10:21:00,2026-04-05 11:13:00,52.0,2026-04-05 11:43:00,2026-04-05 12:03:00,B38 A,126.0,14.71,8.57,4.72,2.47,20.0
131,2026-04-05,SN379,2026-04-05 08:11:00,2026-04-05 08:40:00,29.0,2026-04-05 08:59:00,2026-04-05 09:27:00,B28 A,76.0,13.44,5.66,6.1,1.31,28.0
131,2026-04-05,SN3800,2026-04-05 06:15:00,2026-04-05 06:16:00,1.0,2026-04-05 06:28:00,2026-04-05 06:30:00,A65 ,27.0,12.56,2.15,4.55,1.83,2.0
131,2026-04-05,TB1552,2026-04-05 08:29:00,2026-04-05 08:25:00,-4.0,2026-04-05 08:46:00,2026-04-05 08:54:00,A61 ,166.0,9.31,17.83,4.15,2.01,8.0
131,2026-04-05,TB2632,2026-04-05 09:29:00,2026-04-05 09:09:00,-20.0,2026-04-05 09:35:00,2026-04-05 09:44:00,B9  A,114.0,15.1,7.55,5.15,1.62,9.0
131,2026-04-05,TB2662,2026-04-05 09:15:00,2026-04-05 09:04:00,-11.0,2026-04-05 09:22:00,2026-04-05 09:30:00,B34 A,90.0,12.39,7.27,4.09,2.53,8.0
131,2026-04-05,TG934,2026-04-05 09:21:00,2026-04-05 09:16:00,-5.0,2026-04-05 09:38:00,2026-04-05 09:58:00,B38 A,249.0,14.07,17.69,5.79,2.01,20.0
131,2026-04-05,UA950,2026-04-05 09:21:00,2026-04-05 08:45:00,-36.0,2026-04-05 09:03:00,2026-04-05 09:29:00,B5  A,163.0,11.42,14.28,6.05,1.38,26.0
131,2026-04-05,UA994,2026-04-05 09:51:00,2026-04-05 11:28:00,97.0,2026-04-05 11:44:00,2026-04-05 12:09:00,B40 A,135.0,10.75,12.56,5.54,2.24,25.0
131,2026-04-05,XR5402,2026-04-05 07:46:00,2026-04-05 08:56:00,70.0,2026-04-05 09:23:00,2026-04-05 09:26:00,B5  A,88.0,13.33,6.6,4.2,1.99,3.0
132,2026-04-05,AC832,2026-04-05 11:16:00,2026-04-05 10:39:00,-37.0,2026-04-05 10:54:00,2026-04-05 11:24:00,B5  A,101.0,10.92,9.25,4.83,1.72,30.0
132,2026-04-05,ET750,2026-04-05 11:13:00,2026-04-05 11:34:00,21.0,2026-04-05 12:17:00,2026-04-05 13:03:00,B17 A,464.0,14.14,32.82,4.97,1.69,46.0
132,2026-04-05,FH8116,2026-04-05 12:44:00,2026-04-05 12:48:00,4.0,2026-04-05 13:06:00,2026-04-05 13:13:00,B38 A,140.0,13.89,10.08,5.3,2.2,7.0
132,2026-04-05,LH1004,2026-04-05 12:50:00,2026-04-05 12:50:00,0.0,2026-04-05 13:03:00,2026-04-05 13:30:00,A43 ,40.0,15.11,2.65,3.81,2.19,27.0
132,2026-04-05,SN1122,2026-04-05 08:39:00,2026-04-05 09:08:00,29.0,2026-04-05 09:20:00,2026-04-05 09:21:00,B40 A,13.0,16.21,0.8,5.43,2.29,1.0
132,2026-04-05,SN1124,2026-04-05 07:10:00,2026-04-05 07:19:00,9.0,2026-04-05 07:32:00,2026-04-05 07:48:00,B30 A,138.0,13.16,10.48,5.23,1.7,16.0
132,2026-04-05,SN206,2026-04-05 06:25:00,2026-04-05 06:48:00,23.0,2026-04-05 07:07:00,2026-04-05 07:30:00,B38 A,154.0,11.45,13.45,5.14,2.27,23.0
132,2026-04-05,SN229,2026-04-05 12:06:00,2026-04-05 12:12:00,6.0,2026-04-05 12:39:00,2026-04-05 13:03:00,B28 A,20.0,10.41,1.92,4.28,1.87,24.0
132,2026-04-05,SN278,2026-04-05 12:46:00,2026-04-05 12:41:00,-5.0,2026-04-05 13:04:00,2026-04-05 13:33:00,B31 A,62.0,15.48,4.01,5.05,2.13,29.0
132,2026-04-05,SN2900,2026-04-05 08:46:00,2026-04-05 08:33:00,-13.0,2026-04-05 08:58:00,2026-04-05 09:02:00,B14 A,79.0,12.78,6.18,5.19,1.28,4.0
132,2026-04-05,SN3326,2026-04-05 11:24:00,2026-04-05 11:41:00,17.0,2026-04-05 12:06:00,2026-04-05 12:12:00,B14 A,111.0,12.28,9.04,4.49,1.48,6.0
132,2026-04-05,SN358,2026-04-05 10:21:00,2026-04-05 11:13:00,52.0,2026-04-05 11:43:00,2026-04-05 12:03:00,B38 A,126.0,15.47,8.14,4.51,2.58,20.0
132,2026-04-05,SN379,2026-04-05 08:11:00,2026-04-05 08:40:00,29.0,2026-04-05 08:59:00,2026-04-05 09:27:00,B28 A,76.0,14.64,5.19,5.88,1.36,28.0
132,2026-04-05,SN3800,2026-04-05 06:15:00,2026-04-05 06:16:00,1.0,2026-04-05 06:28:00,2026-04-05 06:30:00,A65 ,27.0,14.21,1.9,4.91,1.7,2.0
132,2026-04-05,TB1552,2026-04-05 10:15:00,2026-04-05 10:31:00,16.0,2026-04-05 10:50:00,2026-04-05 10:59:00,A69 ,164.0,11.83,13.86,5.18,1.61,9.0
132,2026-04-05,TB2632,2026-04-05 09:29:00,2026-04-05 09:09:00,-20.0,2026-04-05 09:35:00,2026-04-05 09:44:00,B9  A,114.0,14.29,7.98,5.21,1.6,9.0
132,2026-04-05,TB2662,2026-04-05 09:15:00,2026-04-05 09:04:00,-11.0,2026-04-05 09:22:00,2026-04-05 09:30:00,B34 A,90.0,12.12,7.42,5.42,1.91,8.0
132,2026-04-05,TG934,2026-04-05 09:21:00,2026-04-05 09:16:00,-5.0,2026-04-05 09:38:00,2026-04-05 09:58:00,B38 A,249.0,12.63,19.72,5.36,2.18,20.0
132,2026-04-05,UA950,2026-04-05 08:20:00,2026-04-05 08:20:00,0.0,2026-04-05 08:36:00,2026-04-05 09:25:00,B38 A,176.0,13.39,13.14,5.28,2.21,49.0
132,2026-04-05,UA994,2026-04-05 08:51:00,2026-04-05 08:32:00,-19.0,2026-04-05 08:52:00,2026-04-05 09:25:00,B40 A,171.0,11.64,14.69,5.23,2.38,33.0
132,2026-04-05,XR5402,2026-04-05 07:46:00,2026-04-05 08:56:00,70.0,2026-04-05 09:23:00,2026-04-05 09:26:00,B5  A,88.0,9.54,9.22,5.31,1.57,3.0
133,2026-04-05,AC832,2026-04-05 08:17:00,2026-04-05 07:46:00,-31.0,2026-04-05 08:02:00,2026-04-05 08:29:00,B30 A,122.0,16.31,7.48,4.44,2.01,27.0
133,2026-04-05,ET750,2026-04-05 11:13:00,2026-04-05 11:34:00,21.0,2026-04-05 12:17:00,2026-04-05 13:03:00,B17 A,464.0,11.88,39.05,4.43,1.9,46.0
133,2026-04-05,FH8116,2026-04-05 12:44:00,2026-04-05 12:48:00,4.0,2026-04-05 13:06:00,2026-04-05 13:13:00,B38 A,140.0,12.65,11.07,5.43,2.15,7.0
133,2026-04-05,LH1004,2026-04-05 09:50:00,2026-04-05 09:53:00,3.0,2026-04-05 10:20:00,2026-04-05 10:27:00,A43 ,33.0,12.63,2.61,4.69,1.78,7.0
133,2026-04-05,SN1122,2026-04-05 08:39:00,2026-04-05 09:08:00,29.0,2026-04-05 09:20:00,2026-04-05 09:21:00,B40 A,13.0,12.29,1.06,4.89,2.54,1.0
133,2026-04-05,SN1124,2026-04-05 07:10:00,2026-04-05 07:19:00,9.0,2026-04-05 07:32:00,2026-04-05 07:48:00,B30 A,138.0,12.81,10.78,4.9,1.82,16.0
133,2026-04-05,SN206,2026-04-05 06:25:00,2026-04-05 06:48:00,23.0,2026-04-05 07:07:00,2026-04-05 07:30:00,B38 A,154.0,12.6,12.22,4.85,2.41,23.0
133,2026-04-05,SN229,2026-04-05 08:06:00,2026-04-05 09:20:00,74.0,2026-04-05 09:41:00,2026-04-05 10:22:00,B14 A,144.0,14.07,10.23,5.23,1.28,41.0
133,2026-04-05,SN278,2026-04-05 10:45:00,2026-04-05 10:42:00,-3.0,2026-04-05 11:04:00,2026-04-05 11:16:00,B28 A,198.0,11.43,17.32,4.99,1.6,12.0
133,2026-04-05,SN2900,2026-04-05 08:46:00,2026-04-05 08:33:00,-13.0,2026-04-05 08:58:00,2026-04-05 09:02:00,B14 A,79.0,15.17,5.21,4.81,1.39,4.0
133,2026-04-05,SN3326,2026-04-05 07:45:00,2026-04-05 08:05:00,20.0,2026-04-05 08:16:00,2026-04-05 08:36:00,B28 A,123.0,16.75,7.34,6.37,1.26,20.0
133,2026-04-05,SN358,2026-04-05 12:21:00,2026-04-05 12:23:00,2.0,2026-04-05 12:43:00,2026-04-05 13:14:00,B28 A,176.0,10.79,16.32,4.73,1.69,31.0
133,2026-04-05,SN379,2026-04-05 10:10:00,2026-04-05 11:03:00,53.0,2026-04-05 11:42:00,2026-04-05 12:19:00,B29 A,161.0,11.16,14.43,5.26,1.87,37.0
133,2026-04-05,SN3800,2026-04-05 06:15:00,2026-04-05 06:16:00,1.0,2026-04-05 06:28:00,2026-04-05 06:30:00,A65 ,27.0,8.41,3.21,4.44,1.88,2.0
133,2026-04-05,TB1552,2026-04-05 07:47:00,2026-04-05 07:43:00,-4.0,2026-04-05 07:55:00,2026-04-05 07:59:00,A68 ,66.0,10.99,6.01,4.09,2.04,4.0
133,2026-04-05,TB2632,2026-04-05 09:29:00,2026-04-05 09:09:00,-20.0,2026-04-05 09:35:00,2026-04-05 09:44:00,B9  A,114.0,16.17,7.05,5.87,1.42,9.0
133,2026-04-05,TB2662,2026-04-05 09:15:00,2026-04-05 09:04:00,-11.0,2026-04-05 09:22:00,2026-04-05 09:30:00,B34 A,90.0,10.65,8.45,4.03,2.56,8.0
133,2026-04-05,TG934,2026-04-05 09:21:00,2026-04-05 09:16:00,-5.0,2026-04-05 09:38:00,2026-04-05 09:58:00,B38 A,249.0,12.75,19.53,5.97,1.96,20.0
133,2026-04-05,UA950,2026-04-05 12:20:00,2026-04-05 11:58:00,-22.0,2026-04-05 12:14:00,2026-04-05 12:42:00,B37 A,127.0,16.16,7.86,3.91,3.11,28.0
133,2026-04-05,UA994,2026-04-05 12:51:00,2026-04-05 12:35:00,-16.0,2026-04-05 12:54:00,2026-04-05 13:24:00,B38 A,109.0,11.03,9.88,4.89,2.39,30.0
133,2026-04-05,XR5402,2026-04-05 07:46:00,2026-04-05 08:56:00,70.0,2026-04-05 09:23:00,2026-04-05 09:26:00,B5  A,88.0,15.11,5.82,5.12,1.63,3.0
134,2026-04-05,AC832,2026-04-05 10:17:00,2026-04-05 10:43:00,26.0,2026-04-05 11:00:00,2026-04-05 11:34:00,B14 A,172.0,11.6,14.83,4.85,1.38,34.0
134,2026-04-05,ET750,2026-04-05 11:13:00,2026-04-05 11:34:00,21.0,2026-04-05 12:17:00,2026-04-05 13:03:00,B17 A,464.0,12.79,36.29,4.85,1.73,46.0
134,2026-04-05,FH8116,2026-04-05 12:44:00,2026-04-05 12:48:00,4.0,2026-04-05 13:06:00,2026-04-05 13:13:00,B38 A,140.0,13.94,10.04,4.96,2.35,7.0
134,2026-04-05,LH1004,2026-04-05 11:51:00,2026-04-05 11:47:00,-4.0,2026-04-05 12:07:00,2026-04-05 12:12:00,A43 ,23.0,10.06,2.29,3.9,2.14,5.0
134,2026-04-05,SN1122,2026-04-05 08:39:00,2026-04-05 09:08:00,29.0,2026-04-05 09:20:00,2026-04-05 09:21:00,B40 A,13.0,10.42,1.25,5.67,2.19,1.0
134,2026-04-05,SN1124,2026-04-05 07:10:00,2026-04-05 07:19:00,9.0,2026-04-05 07:32:00,2026-04-05 07:48:00,B30 A,138.0,15.18,9.09,4.15,2.15,16.0
134,2026-04-05,SN206,2026-04-05 06:25:00,2026-04-05 06:48:00,23.0,2026-04-05 07:07:00,2026-04-05 07:30:00,B38 A,154.0,11.37,13.55,5.85,1.99,23.0
134,2026-04-05,SN229,2026-04-05 08:06:00,2026-04-05 09:20:00,74.0,2026-04-05 09:41:00,2026-04-05 10:22:00,B14 A,144.0,9.7,14.84,5.1,1.31,41.0
134,2026-04-05,SN278,2026-04-05 12:46:00,2026-04-05 12:41:00,-5.0,2026-04-05 13:04:00,2026-04-05 13:33:00,B31 A,62.0,11.55,5.37,4.79,2.25,29.0
134,2026-04-05,SN2900,2026-04-05 10:44:00,2026-04-05 11:04:00,20.0,2026-04-05 11:13:00,2026-04-05 11:34:00,B32 A,49.0,12.17,4.03,5.87,1.65,21.0
134,2026-04-05,SN3326,2026-04-05 11:24:00,2026-04-05 11:41:00,17.0,2026-04-05 12:06:00,2026-04-05 12:12:00,B14 A,111.0,12.93,8.58,5.27,1.26,6.0
134,2026-04-05,SN358,2026-04-05 12:21:00,2026-04-05 12:23:00,2.0,2026-04-05 12:43:00,2026-04-05 13:14:00,B28 A,176.0,12.88,13.66,5.34,1.5,31.0
134,2026-04-05,SN379,2026-04-05 08:11:00,2026-04-05 08:40:00,29.0,2026-04-05 08:59:00,2026-04-05 09:27:00,B28 A,76.0,14.06,5.4,5.43,1.47,28.0
134,2026-04-05,SN3800,2026-04-05 06:15:00,2026-04-05 06:16:00,1.0,2026-04-05 06:28:00,2026-04-05 06:30:00,A65 ,27.0,10.69,2.53,5.85,1.42,2.0
134,2026-04-05,TB1552,2026-04-05 08:29:00,2026-04-05 08:25:00,-4.0,2026-04-05 08:46:00,2026-04-05 08:54:00,A61 ,166.0,12.9,12.87,5.69,1.46,8.0
134,2026-04-05,TB2632,2026-04-05 09:29:00,2026-04-05 09:09:00,-20.0,2026-04-05 09:35:00,2026-04-05 09:44:00,B9  A,114.0,15.85,7.19,3.87,2.15,9.0
134,2026-04-05,TB2662,2026-04-05 09:15:00,2026-04-05 09:04:00,-11.0,2026-04-05 09:22:00,2026-04-05 09:30:00,B34 A,90.0,15.54,5.79,5.81,1.78,8.0
134,2026-04-05,TG934,2026-04-05 09:21:00,2026-04-05 09:16:00,-5.0,2026-04-05 09:38:00,2026-04-05 09:58:00,B38 A,249.0,13.39,18.6,6.03,1.94,20.0
134,2026-04-05,UA950,2026-04-05 11:22:00,2026-04-05 11:02:00,-20.0,2026-04-05 11:22:00,2026-04-05 11:45:00,B28 A,170.0,14.36,11.84,4.35,1.84,23.0
134,2026-04-05,UA994,2026-04-05 09:51:00,2026-04-05 11:28:00,97.0,2026-04-05 11:44:00,2026-04-05 12:09:00,B40 A,135.0,13.37,10.1,4.72,2.63,25.0
134,2026-04-05,XR5402,2026-04-05 07:46:00,2026-04-05 08:56:00,70.0,2026-04-05 09:23:00,2026-04-05 09:26:00,B5  A,88.0,8.98,9.8,5.81,1.43,3.0
135,2026-04-05,AC832,2026-04-05 11:16:00,2026-04-05 10:39:00,-37.0,2026-04-05 10:54:00,2026-04-05 11:24:00,B5  A,101.0,11.27,8.96,5.36,1.55,30.0
135,2026-04-05,ET750,2026-04-05 11:13:00,2026-04-05 11:34:00,21.0,2026-04-05 12:17:00,2026-04-05 13:03:00,B17 A,464.0,13.83,33.56,4.07,2.07,46.0
135,2026-04-05,FH8116,2026-04-05 06:35:00,2026-04-05 06:00:00,-35.0,2026-04-05 06:07:00,2026-04-05 06:09:00,B15 A,22.0,13.82,1.59,5.54,1.4,2.0
135,2026-04-05,LH1004,2026-04-05 09:50:00,2026-04-05 09:53:00,3.0,2026-04-05 10:20:00,2026-04-05 10:27:00,A43 ,33.0,14.77,2.23,4.46,1.87,7.0
135,2026-04-05,SN1122,2026-04-05 08:39:00,2026-04-05 09:08:00,29.0,2026-04-05 09:20:00,2026-04-05 09:21:00,B40 A,13.0,9.54,1.36,4.99,2.49,1.0
135,2026-04-05,SN1124,2026-04-05 07:10:00,2026-04-05 07:19:00,9.0,2026-04-05 07:32:00,2026-04-05 07:48:00,B30 A,138.0,14.31,9.64,4.14,2.15,16.0
135,2026-04-05,SN206,2026-04-05 06:25:00,2026-04-05 06:48:00,23.0,2026-04-05 07:07:00,2026-04-05 07:30:00,B38 A,154.0,12.58,12.24,6.5,1.79,23.0
135,2026-04-05,SN229,2026-04-05 12:06:00,2026-04-05 12:12:00,6.0,2026-04-05 12:39:00,2026-04-05 13:03:00,B28 A,20.0,12.17,1.64,4.45,1.8,24.0
135,2026-04-05,SN278,2026-04-05 08:43:00,2026-04-05 08:27:00,-16.0,2026-04-05 08:40:00,2026-04-05 09:10:00,B37 A,123.0,11.21,10.97,6.15,1.98,30.0
135,2026-04-05,SN2900,2026-04-05 08:46:00,2026-04-05 08:33:00,-13.0,2026-04-05 08:58:00,2026-04-05 09:02:00,B14 A,79.0,11.09,7.13,4.97,1.34,4.0
135,2026-04-05,SN3326,2026-04-05 11:24:00,2026-04-05 11:41:00,17.0,2026-04-05 12:06:00,2026-04-05 12:12:00,B14 A,111.0,12.48,8.9,6.58,1.01,6.0
135,2026-04-05,SN358,2026-04-05 10:21:00,2026-04-05 11:13:00,52.0,2026-04-05 11:43:00,2026-04-05 12:03:00,B38 A,126.0,8.9,14.15,4.99,2.34,20.0
135,2026-04-05,SN379,2026-04-05 10:10:00,2026-04-05 11:03:00,53.0,2026-04-05 11:42:00,2026-04-05 12:19:00,B29 A,161.0,14.51,11.1,4.16,2.36,37.0
135,2026-04-05,SN3800,2026-04-05 06:15:00,2026-04-05 06:16:00,1.0,2026-04-05 06:28:00,2026-04-05 06:30:00,A65 ,27.0,12.47,2.16,4.45,1.87,2.0
135,2026-04-05,TB1552,2026-04-05 08:29:00,2026-04-05 08:25:00,-4.0,2026-04-05 08:46:00,2026-04-05 08:54:00,A61 ,166.0,9.18,18.08,4.36,1.91,8.0
135,2026-04-05,TB2632,2026-04-05 09:29:00,2026-04-05 09:09:00,-20.0,2026-04-05 09:35:00,2026-04-05 09:44:00,B9  A,114.0,13.29,8.58,4.36,1.91,9.0
135,2026-04-05,TB2662,2026-04-05 09:15:00,2026-04-05 09:04:00,-11.0,2026-04-05 09:22:00,2026-04-05 09:30:00,B34 A,90.0,9.07,9.93,4.41,2.34,8.0
135,2026-04-05,TG934,2026-04-05 12:22:00,2026-04-05 12:26:00,4.0,2026-04-05 12:46:00,2026-04-05 13:15:00,B34 A,260.0,14.98,17.36,6.18,1.67,29.0
135,2026-04-05,UA950,2026-04-05 11:22:00,2026-04-05 11:02:00,-20.0,2026-04-05 11:22:00,2026-04-05 11:45:00,B28 A,170.0,14.85,11.45,5.15,1.55,23.0
135,2026-04-05,UA994,2026-04-05 11:51:00,2026-04-05 11:37:00,-14.0,2026-04-05 11:55:00,2026-04-05 12:25:00,B40 A,157.0,13.6,11.55,5.08,2.44,30.0
135,2026-04-05,XR5402,2026-04-05 07:46:00,2026-04-05 08:56:00,70.0,2026-04-05 09:23:00,2026-04-05 09:26:00,B5  A,88.0,11.69,7.53,4.89,1.7,3.0
136,2026-04-05,AC832,2026-04-05 09:18:00,2026-04-05 08:45:00,-33.0,2026-04-05 09:06:00,2026-04-05 09:59:00,B28 A,110.0,14.06,7.82,3.91,2.05,53.0
136,2026-04-05,ET750,2026-04-05 11:13:00,2026-04-05 11:34:00,21.0,2026-04-05 12:17:00,2026-04-05 13:03:00,B17 A,464.0,12.41,37.4,4.15,2.03,46.0
136,2026-04-05,FH8116,2026-04-05 06:35:00,2026-04-05 06:00:00,-35.0,2026-04-05 06:07:00,2026-04-05 06:09:00,B15 A,22.0,12.46,1.77,3.81,2.03,2.0
136,2026-04-05,LH1004,2026-04-05 12:50:00,2026-04-05 12:50:00,0.0,2026-04-05 13:03:00,2026-04-05 13:30:00,A43 ,40.0,15.04,2.66,6.0,1.39,27.0
136,2026-04-05,SN1122,2026-04-05 08:39:00,2026-04-05 09:08:00,29.0,2026-04-05 09:20:00,2026-04-05 09:21:00,B40 A,13.0,10.78,1.21,5.67,2.19,1.0
136,2026-04-05,SN1124,2026-04-05 07:10:00,2026-04-05 07:19:00,9.0,2026-04-05 07:32:00,2026-04-05 07:48:00,B30 A,138.0,15.66,8.81,4.11,2.17,16.0
136,2026-04-05,SN206,2026-04-05 06:25:00,2026-04-05 06:48:00,23.0,2026-04-05 07:07:00,2026-04-05 07:30:00,B38 A,154.0,12.9,11.94,4.19,2.78,23.0
136,2026-04-05,SN229,2026-04-05 08:06:00,2026-04-05 09:20:00,74.0,2026-04-05 09:41:00,2026-04-05 10:22:00,B14 A,144.0,13.92,10.35,5.1,1.31,41.0
136,2026-04-05,SN278,2026-04-05 10:45:00,2026-04-05 10:42:00,-3.0,2026-04-05 11:04:00,2026-04-05 11:16:00,B28 A,198.0,14.89,13.3,5.11,1.57,12.0
136,2026-04-05,SN2900,2026-04-05 08:46:00,2026-04-05 08:33:00,-13.0,2026-04-05 08:58:00,2026-04-05 09:02:00,B14 A,79.0,14.86,5.32,5.1,1.31,4.0
136,2026-04-05,SN3326,2026-04-05 11:24:00,2026-04-05 11:41:00,17.0,2026-04-05 12:06:00,2026-04-05 12:12:00,B14 A,111.0,14.03,7.91,5.55,1.2,6.0
136,2026-04-05,SN358,2026-04-05 08:21:00,2026-04-05 08:24:00,3.0,2026-04-05 08:42:00,2026-04-05 09:09:00,B14 A,112.0,12.47,8.98,5.97,1.12,27.0
136,2026-04-05,SN379,2026-04-05 08:11:00,2026-04-05 08:40:00,29.0,2026-04-05 08:59:00,2026-04-05 09:27:00,B28 A,76.0,12.72,5.97,5.16,1.55,28.0
136,2026-04-05,SN3800,2026-04-05 06:15:00,2026-04-05 06:16:00,1.0,2026-04-05 06:28:00,2026-04-05 06:30:00,A65 ,27.0,11.28,2.39,4.8,1.73,2.0
136,2026-04-05,TB1552,2026-04-05 10:15:00,2026-04-05 10:31:00,16.0,2026-04-05 10:50:00,2026-04-05 10:59:00,A69 ,164.0,11.28,14.54,6.44,1.29,9.0
136,2026-04-05,TB2632,2026-04-05 09:29:00,2026-04-05 09:09:00,-20.0,2026-04-05 09:35:00,2026-04-05 09:44:00,B9  A,114.0,11.84,9.63,4.93,1.69,9.0
136,2026-04-05,TB2662,2026-04-05 09:15:00,2026-04-05 09:04:00,-11.0,2026-04-05 09:22:00,2026-04-05 09:30:00,B34 A,90.0,13.81,6.52,5.16,2.0,8.0
136,2026-04-05,TG934,2026-04-05 09:21:00,2026-04-05 09:16:00,-5.0,2026-04-05 09:38:00,2026-04-05 09:58:00,B38 A,249.0,12.98,19.19,5.54,2.11,20.0
136,2026-04-05,UA950,2026-04-05 10:20:00,2026-04-05 09:58:00,-22.0,2026-04-05 10:24:00,2026-04-05 10:51:00,B40 A,188.0,13.3,14.14,5.23,2.38,27.0
136,2026-04-05,UA994,2026-04-05 09:51:00,2026-04-05 11:28:00,97.0,2026-04-05 11:44:00,2026-04-05 12:09:00,B40 A,135.0,11.75,11.49,4.76,2.61,25.0
136,2026-04-05,XR5402,2026-04-05 07:46:00,2026-04-05 08:56:00,70.0,2026-04-05 09:23:00,2026-04-05 09:26:00,B5  A,88.0,9.63,9.14,5.83,1.43,3.0
137,2026-04-05,AC832,2026-04-05 08:17:00,2026-04-05 07:46:00,-31.0,2026-04-05 08:02:00,2026-04-05 08:29:00,B30 A,122.0,14.31,8.53,7.03,1.27,27.0
137,2026-04-05,ET750,2026-04-05 11:13:00,2026-04-05 11:34:00,21.0,2026-04-05 12:17:00,2026-04-05 13:03:00,B17 A,464.0,13.4,34.62,3.77,2.23,46.0
137,2026-04-05,FH8116,2026-04-05 06:35:00,2026-04-05 06:00:00,-35.0,2026-04-05 06:07:00,2026-04-05 06:09:00,B15 A,22.0,12.64,1.74,4.1,1.89,2.0
137,2026-04-05,LH1004,2026-04-05 09:50:00,2026-04-05 09:53:00,3.0,2026-04-05 10:20:00,2026-04-05 10:27:00,A43 ,33.0,12.17,2.71,6.17,1.35,7.0
137,2026-04-05,SN1122,2026-04-05 08:39:00,2026-04-05 09:08:00,29.0,2026-04-05 09:20:00,2026-04-05 09:21:00,B40 A,13.0,12.68,1.02,4.16,2.98,1.0
137,2026-04-05,SN1124,2026-04-05 07:10:00,2026-04-05 07:19:00,9.0,2026-04-05 07:32:00,2026-04-05 07:48:00,B30 A,138.0,14.85,9.3,4.2,2.12,16.0
137,2026-04-05,SN206,2026-04-05 06:25:00,2026-04-05 06:48:00,23.0,2026-04-05 07:07:00,2026-04-05 07:30:00,B38 A,154.0,12.63,12.19,4.93,2.37,23.0
137,2026-04-05,SN229,2026-04-05 12:06:00,2026-04-05 12:12:00,6.0,2026-04-05 12:39:00,2026-04-05 13:03:00,B28 A,20.0,15.28,1.31,4.46,1.79,24.0
137,2026-04-05,SN278,2026-04-05 10:45:00,2026-04-05 10:42:00,-3.0,2026-04-05 11:04:00,2026-04-05 11:16:00,B28 A,198.0,11.14,17.78,4.52,1.77,12.0
137,2026-04-05,SN2900,2026-04-05 07:39:00,2026-04-05 07:25:00,-14.0,2026-04-05 07:38:00,2026-04-05 07:53:00,B38 A,55.0,8.89,6.19,5.94,1.96,15.0
137,2026-04-05,SN3326,2026-04-05 11:24:00,2026-04-05 11:41:00,17.0,2026-04-05 12:06:00,2026-04-05 12:12:00,B14 A,111.0,11.9,9.33,6.28,1.06,6.0
137,2026-04-05,SN358,2026-04-05 12:21:00,2026-04-05 12:23:00,2.0,2026-04-05 12:43:00,2026-04-05 13:14:00,B28 A,176.0,13.97,12.6,6.09,1.31,31.0
137,2026-04-05,SN379,2026-04-05 08:11:00,2026-04-05 08:40:00,29.0,2026-04-05 08:59:00,2026-04-05 09:27:00,B28 A,76.0,10.82,7.02,5.31,1.51,28.0
137,2026-04-05,SN3800,2026-04-05 06:15:00,2026-04-05 06:16:00,1.0,2026-04-05 06:28:00,2026-04-05 06:30:00,A65 ,27.0,9.63,2.8,3.78,2.2,2.0
137,2026-04-05,TB1552,2026-04-05 10:15:00,2026-04-05 10:31:00,16.0,2026-04-05 10:50:00,2026-04-05 10:59:00,A69 ,164.0,13.98,11.73,7.62,1.09,9.0
137,2026-04-05,TB2632,2026-04-05 09:29:00,2026-04-05 09:09:00,-20.0,2026-04-05 09:35:00,2026-04-05 09:44:00,B9  A,114.0,15.05,7.58,6.33,1.32,9.0
137,2026-04-05,TB2662,2026-04-05 09:15:00,2026-04-05 09:04:00,-11.0,2026-04-05 09:22:00,2026-04-05 09:30:00,B34 A,90.0,13.49,6.67,4.78,2.16,8.0
137,2026-04-05,TG934,2026-04-05 09:21:00,2026-04-05 09:16:00,-5.0,2026-04-05 09:38:00,2026-04-05 09:58:00,B38 A,249.0,13.38,18.61,5.66,2.06,20.0
137,2026-04-05,UA950,2026-04-05 09:21:00,2026-04-05 08:45:00,-36.0,2026-04-05 09:03:00,2026-04-05 09:29:00,B5  A,163.0,13.92,11.71,5.36,1.55,26.0
137,2026-04-05,UA994,2026-04-05 08:51:00,2026-04-05 08:32:00,-19.0,2026-04-05 08:52:00,2026-04-05 09:25:00,B40 A,171.0,10.38,16.48,4.25,2.92,33.0
137,2026-04-05,XR5402,2026-04-05 07:46:00,2026-04-05 08:56:00,70.0,2026-04-05 09:23:00,2026-04-05 09:26:00,B5  A,88.0,15.58,5.65,6.81,1.22,3.0
138,2026-04-05,AC832,2026-04-05 10:17:00,2026-04-05 10:43:00,26.0,2026-04-05 11:00:00,2026-04-05 11:34:00,B14 A,172.0,12.6,13.65,5.7,1.17,34.0
138,2026-04-05,ET750,2026-04-05 11:13:00,2026-04-05 11:34:00,21.0,2026-04-05 12:17:00,2026-04-05 13:03:00,B17 A,464.0,14.33,32.38,5.68,1.48,46.0
138,2026-04-05,FH8116,2026-04-05 12:44:00,2026-04-05 12:48:00,4.0,2026-04-05 13:06:00,2026-04-05 13:13:00,B38 A,140.0,15.45,9.06,3.99,2.92,7.0
138,2026-04-05,LH1004,2026-04-05 12:50:00,2026-04-05 12:50:00,0.0,2026-04-05 13:03:00,2026-04-05 13:30:00,A43 ,40.0,10.19,3.92,3.84,2.17,27.0
138,2026-04-05,SN1122,2026-04-05 08:39:00,2026-04-05 09:08:00,29.0,2026-04-05 09:20:00,2026-04-05 09:21:00,B40 A,13.0,12.01,1.08,5.81,2.14,1.0
138,2026-04-05,SN1124,2026-04-05 07:10:00,2026-04-05 07:19:00,9.0,2026-04-05 07:32:00,2026-04-05 07:48:00,B30 A,138.0,14.69,9.39,4.08,2.18,16.0
138,2026-04-05,SN206,2026-04-05 06:25:00,2026-04-05 06:48:00,23.0,2026-04-05 07:07:00,2026-04-05 07:30:00,B38 A,154.0,11.32,13.61,4.43,2.63,23.0
138,2026-04-05,SN229,2026-04-05 10:04:00,2026-04-05 10:26:00,22.0,2026-04-05 10:41:00,2026-04-05 11:10:00,B31 A,120.0,13.77,8.72,6.69,1.61,29.0
138,2026-04-05,SN278,2026-04-05 12:46:00,2026-04-05 12:41:00,-5.0,2026-04-05 13:04:00,2026-04-05 13:33:00,B31 A,62.0,11.32,5.48,6.19,1.74,29.0
138,2026-04-05,SN2900,2026-04-05 08:46:00,2026-04-05 08:33:00,-13.0,2026-04-05 08:58:00,2026-04-05 09:02:00,B14 A,79.0,13.06,6.05,4.82,1.38,4.0
138,2026-04-05,SN3326,2026-04-05 11:24:00,2026-04-05 11:41:00,17.0,2026-04-05 12:06:00,2026-04-05 12:12:00,B14 A,111.0,10.03,11.06,4.82,1.38,6.0
138,2026-04-05,SN358,2026-04-05 10:21:00,2026-04-05 11:13:00,52.0,2026-04-05 11:43:00,2026-04-05 12:03:00,B38 A,126.0,9.62,13.1,4.32,2.7,20.0
138,2026-04-05,SN379,2026-04-05 10:10:00,2026-04-05 11:03:00,53.0,2026-04-05 11:42:00,2026-04-05 12:19:00,B29 A,161.0,13.92,11.56,4.52,2.17,37.0
138,2026-04-05,SN3800,2026-04-05 06:15:00,2026-04-05 06:16:00,1.0,2026-04-05 06:28:00,2026-04-05 06:30:00,A65 ,27.0,9.78,2.76,4.02,2.08,2.0
138,2026-04-05,TB1552,2026-04-05 10:15:00,2026-04-05 10:31:00,16.0,2026-04-05 10:50:00,2026-04-05 10:59:00,A69 ,164.0,12.25,13.39,5.52,1.51,9.0
138,2026-04-05,TB2632,2026-04-05 09:29:00,2026-04-05 09:09:00,-20.0,2026-04-05 09:35:00,2026-04-05 09:44:00,B9  A,114.0,14.94,7.63,4.64,1.8,9.0
138,2026-04-05,TB2662,2026-04-05 09:15:00,2026-04-05 09:04:00,-11.0,2026-04-05 09:22:00,2026-04-05 09:30:00,B34 A,90.0,14.29,6.3,4.72,2.19,8.0
138,2026-04-05,TG934,2026-04-05 09:21:00,2026-04-05 09:16:00,-5.0,2026-04-05 09:38:00,2026-04-05 09:58:00,B38 A,249.0,15.21,16.37,6.48,1.8,20.0
138,2026-04-05,UA950,2026-04-05 12:20:00,2026-04-05 11:58:00,-22.0,2026-04-05 12:14:00,2026-04-05 12:42:00,B37 A,127.0,14.17,8.96,4.8,2.54,28.0
138,2026-04-05,UA994,2026-04-05 11:51:00,2026-04-05 11:37:00,-14.0,2026-04-05 11:55:00,2026-04-05 12:25:00,B40 A,157.0,10.85,14.47,4.93,2.52,30.0
138,2026-04-05,XR5402,2026-04-05 07:46:00,2026-04-05 08:56:00,70.0,2026-04-05 09:23:00,2026-04-05 09:26:00,B5  A,88.0,15.07,5.84,6.32,1.32,3.0
139,2026-04-05,AC832,2026-04-05 12:18:00,2026-04-05 11:38:00,-40.0,2026-04-05 11:54:00,2026-04-05 12:17:00,B30 A,100.0,8.91,11.22,6.52,1.37,23.0
139,2026-04-05,ET750,2026-04-05 11:13:00,2026-04-05 11:34:00,21.0,2026-04-05 12:17:00,2026-04-05 13:03:00,B17 A,464.0,12.09,38.37,3.74,2.25,46.0
139,2026-04-05,FH8116,2026-04-05 12:44:00,2026-04-05 12:48:00,4.0,2026-04-05 13:06:00,2026-04-05 13:13:00,B38 A,140.0,14.61,9.58,3.78,3.09,7.0
139,2026-04-05,LH1004,2026-04-05 11:51:00,2026-04-05 11:47:00,-4.0,2026-04-05 12:07:00,2026-04-05 12:12:00,A43 ,23.0,11.32,2.03,4.2,1.98,5.0
139,2026-04-05,SN1122,2026-04-05 08:39:00,2026-04-05 09:08:00,29.0,2026-04-05 09:20:00,2026-04-05 09:21:00,B40 A,13.0,11.03,1.18,5.68,2.19,1.0
139,2026-04-05,SN1124,2026-04-05 07:10:00,2026-04-05 07:19:00,9.0,2026-04-05 07:32:00,2026-04-05 07:48:00,B30 A,138.0,13.7,10.07,5.57,1.6,16.0
139,2026-04-05,SN206,2026-04-05 06:25:00,2026-04-05 06:48:00,23.0,2026-04-05 07:07:00,2026-04-05 07:30:00,B38 A,154.0,9.93,15.51,4.79,2.43,23.0
139,2026-04-05,SN229,2026-04-05 12:06:00,2026-04-05 12:12:00,6.0,2026-04-05 12:39:00,2026-04-05 13:03:00,B28 A,20.0,10.53,1.9,5.1,1.57,24.0
139,2026-04-05,SN278,2026-04-05 08:43:00,2026-04-05 08:27:00,-16.0,2026-04-05 08:40:00,2026-04-05 09:10:00,B37 A,123.0,13.96,8.81,5.29,2.3,30.0
139,2026-04-05,SN2900,2026-04-05 08:46:00,2026-04-05 08:33:00,-13.0,2026-04-05 08:58:00,2026-04-05 09:02:00,B14 A,79.0,12.41,6.37,3.78,1.76,4.0
139,2026-04-05,SN3326,2026-04-05 11:24:00,2026-04-05 11:41:00,17.0,2026-04-05 12:06:00,2026-04-05 12:12:00,B14 A,111.0,14.42,7.7,5.19,1.28,6.0
139,2026-04-05,SN358,2026-04-05 10:21:00,2026-04-05 11:13:00,52.0,2026-04-05 11:43:00,2026-04-05 12:03:00,B38 A,126.0,11.12,11.33,4.06,2.87,20.0
139,2026-04-05,SN379,2026-04-05 08:11:00,2026-04-05 08:40:00,29.0,2026-04-05 08:59:00,2026-04-05 09:27:00,B28 A,76.0,8.03,9.47,6.57,1.22,28.0
139,2026-04-05,SN3800,2026-04-05 06:15:00,2026-04-05 06:16:00,1.0,2026-04-05 06:28:00,2026-04-05 06:30:00,A65 ,27.0,11.41,2.37,5.1,1.63,2.0
139,2026-04-05,TB1552,2026-04-05 10:15:00,2026-04-05 10:31:00,16.0,2026-04-05 10:50:00,2026-04-05 10:59:00,A69 ,164.0,10.53,15.58,5.07,1.64,9.0
139,2026-04-05,TB2632,2026-04-05 09:29:00,2026-04-05 09:09:00,-20.0,2026-04-05 09:35:00,2026-04-05 09:44:00,B9  A,114.0,14.62,7.8,5.19,1.61,9.0
139,2026-04-05,TB2662,2026-04-05 09:15:00,2026-04-05 09:04:00,-11.0,2026-04-05 09:22:00,2026-04-05 09:30:00,B34 A,90.0,13.27,6.78,5.17,2.0,8.0
139,2026-04-05,TG934,2026-04-05 09:21:00,2026-04-05 09:16:00,-5.0,2026-04-05 09:38:00,2026-04-05 09:58:00,B38 A,249.0,15.01,16.58,5.4,2.16,20.0
139,2026-04-05,UA950,2026-04-05 12:20:00,2026-04-05 11:58:00,-22.0,2026-04-05 12:14:00,2026-04-05 12:42:00,B37 A,127.0,12.53,10.14,5.97,2.04,28.0
139,2026-04-05,UA994,2026-04-05 10:51:00,2026-04-05 10:01:00,-50.0,2026-04-05 10:18:00,2026-04-05 10:42:00,B38 A,177.0,14.35,12.34,5.09,2.29,24.0
139,2026-04-05,XR5402,2026-04-05 07:46:00,2026-04-05 08:56:00,70.0,2026-04-05 09:23:00,2026-04-05 09:26:00,B5  A,88.0,13.52,6.51,5.63,1.48,3.0
140,2026-04-05,AC832,2026-04-05 08:17:00,2026-04-05 07:46:00,-31.0,2026-04-05 08:02:00,2026-04-05 08:29:00,B30 A,122.0,13.53,9.02,4.6,1.94,27.0
140,2026-04-05,ET750,2026-04-05 09:11:00,2026-04-05 09:13:00,2.0,2026-04-05 09:42:00,2026-04-05 10:46:00,B40 A,421.0,15.67,26.86,5.92,2.1,64.0
140,2026-04-05,FH8116,2026-04-05 12:44:00,2026-04-05 12:48:00,4.0,2026-04-05 13:06:00,2026-04-05 13:13:00,B38 A,140.0,13.91,10.06,4.63,2.52,7.0
140,2026-04-05,LH1004,2026-04-05 12:50:00,2026-04-05 12:50:00,0.0,2026-04-05 13:03:00,2026-04-05 13:30:00,A43 ,40.0,14.12,2.83,4.85,1.72,27.0
140,2026-04-05,SN1122,2026-04-05 08:39:00,2026-04-05 09:08:00,29.0,2026-04-05 09:20:00,2026-04-05 09:21:00,B40 A,13.0,12.97,1.0,5.21,2.38,1.0
140,2026-04-05,SN1124,2026-04-05 07:10:00,2026-04-05 07:19:00,9.0,2026-04-05 07:32:00,2026-04-05 07:48:00,B30 A,138.0,14.72,9.37,5.5,1.62,16.0
140,2026-04-05,SN206,2026-04-05 06:25:00,2026-04-05 06:48:00,23.0,2026-04-05 07:07:00,2026-04-05 07:30:00,B38 A,154.0,11.92,12.92,4.11,2.84,23.0
140,2026-04-05,SN229,2026-04-05 08:06:00,2026-04-05 09:20:00,74.0,2026-04-05 09:41:00,2026-04-05 10:22:00,B14 A,144.0,14.94,9.64,4.42,1.51,41.0
140,2026-04-05,SN278,2026-04-05 12:46:00,2026-04-05 12:41:00,-5.0,2026-04-05 13:04:00,2026-04-05 13:33:00,B31 A,62.0,13.72,4.52,4.6,2.34,29.0
140,2026-04-05,SN2900,2026-04-05 07:39:00,2026-04-05 07:25:00,-14.0,2026-04-05 07:38:00,2026-04-05 07:53:00,B38 A,55.0,14.78,3.72,4.8,2.43,15.0
140,2026-04-05,SN3326,2026-04-05 11:24:00,2026-04-05 11:41:00,17.0,2026-04-05 12:06:00,2026-04-05 12:12:00,B14 A,111.0,13.72,8.09,5.49,1.21,6.0
140,2026-04-05,SN358,2026-04-05 10:21:00,2026-04-05 11:13:00,52.0,2026-04-05 11:43:00,2026-04-05 12:03:00,B38 A,126.0,10.61,11.88,4.9,2.38,20.0
140,2026-04-05,SN379,2026-04-05 10:10:00,2026-04-05 11:03:00,53.0,2026-04-05 11:42:00,2026-04-05 12:19:00,B29 A,161.0,14.39,11.18,4.51,2.18,37.0
140,2026-04-05,SN3800,2026-04-05 06:15:00,2026-04-05 06:16:00,1.0,2026-04-05 06:28:00,2026-04-05 06:30:00,A65 ,27.0,13.62,1.98,4.33,1.93,2.0
140,2026-04-05,TB1552,2026-04-05 07:47:00,2026-04-05 07:43:00,-4.0,2026-04-05 07:55:00,2026-04-05 07:59:00,A68 ,66.0,13.15,5.02,3.94,2.12,4.0
140,2026-04-05,TB2632,2026-04-05 09:29:00,2026-04-05 09:09:00,-20.0,2026-04-05 09:35:00,2026-04-05 09:44:00,B9  A,114.0,12.88,8.85,5.49,1.52,9.0
140,2026-04-05,TB2662,2026-04-05 09:15:00,2026-04-05 09:04:00,-11.0,2026-04-05 09:22:00,2026-04-05 09:30:00,B34 A,90.0,14.11,6.38,4.96,2.08,8.0
140,2026-04-05,TG934,2026-04-05 12:22:00,2026-04-05 12:26:00,4.0,2026-04-05 12:46:00,2026-04-05 13:15:00,B34 A,260.0,16.43,15.82,5.41,1.91,29.0
140,2026-04-05,UA950,2026-04-05 11:22:00,2026-04-05 11:02:00,-20.0,2026-04-05 11:22:00,2026-04-05 11:45:00,B28 A,170.0,13.7,12.4,4.39,1.82,23.0
140,2026-04-05,UA994,2026-04-05 11:51:00,2026-04-05 11:37:00,-14.0,2026-04-05 11:55:00,2026-04-05 12:25:00,B40 A,157.0,10.43,15.05,6.49,1.91,30.0
140,2026-04-05,XR5402,2026-04-05 07:46:00,2026-04-05 08:56:00,70.0,2026-04-05 09:23:00,2026-04-05 09:26:00,B5  A,88.0,9.54,9.22,5.06,1.65,3.0
141,2026-04-05,AC832,2026-04-05 08:17:00,2026-04-05 07:46:00,-31.0,2026-04-05 08:02:00,2026-04-05 08:29:00,B30 A,122.0,12.82,9.52,4.42,2.02,27.0
141,2026-04-05,ET750,2026-04-05 11:13:00,2026-04-05 11:34:00,21.0,2026-04-05 12:17:00,2026-04-05 13:03:00,B17 A,464.0,11.95,38.83,3.88,2.17,46.0
141,2026-04-05,FH8116,2026-04-05 06:35:00,2026-04-05 06:00:00,-35.0,2026-04-05 06:07:00,2026-04-05 06:09:00,B15 A,22.0,14.97,1.47,6.18,1.25,2.0
141,2026-04-05,LH1004,2026-04-05 12:50:00,2026-04-05 12:50:00,0.0,2026-04-05 13:03:00,2026-04-05 13:30:00,A43 ,40.0,12.8,3.12,5.14,1.62,27.0
141,2026-04-05,SN1122,2026-04-05 08:39:00,2026-04-05 09:08:00,29.0,2026-04-05 09:20:00,2026-04-05 09:21:00,B40 A,13.0,11.6,1.12,5.68,2.19,1.0
141,2026-04-05,SN1124,2026-04-05 07:10:00,2026-04-05 07:19:00,9.0,2026-04-05 07:32:00,2026-04-05 07:48:00,B30 A,138.0,16.12,8.56,5.94,1.5,16.0
141,2026-04-05,SN206,2026-04-05 06:25:00,2026-04-05 06:48:00,23.0,2026-04-05 07:07:00,2026-04-05 07:30:00,B38 A,154.0,11.93,12.91,4.85,2.41,23.0
141,2026-04-05,SN229,2026-04-05 08:06:00,2026-04-05 09:20:00,74.0,2026-04-05 09:41:00,2026-04-05 10:22:00,B14 A,144.0,10.99,13.11,5.28,1.26,41.0
141,2026-04-05,SN278,2026-04-05 10:45:00,2026-04-05 10:42:00,-3.0,2026-04-05 11:04:00,2026-04-05 11:16:00,B28 A,198.0,13.99,14.15,5.15,1.55,12.0
141,2026-04-05,SN2900,2026-04-05 08:46:00,2026-04-05 08:33:00,-13.0,2026-04-05 08:58:00,2026-04-05 09:02:00,B14 A,79.0,13.6,5.81,5.23,1.27,4.0
141,2026-04-05,SN3326,2026-04-05 07:45:00,2026-04-05 08:05:00,20.0,2026-04-05 08:16:00,2026-04-05 08:36:00,B28 A,123.0,16.0,7.69,4.8,1.67,20.0
141,2026-04-05,SN358,2026-04-05 10:21:00,2026-04-05 11:13:00,52.0,2026-04-05 11:43:00,2026-04-05 12:03:00,B38 A,126.0,13.97,9.02,3.93,2.97,20.0
141,2026-04-05,SN379,2026-04-05 08:11:00,2026-04-05 08:40:00,29.0,2026-04-05 08:59:00,2026-04-05 09:27:00,B28 A,76.0,12.15,6.25,3.99,2.0,28.0
141,2026-04-05,SN3800,2026-04-05 06:15:00,2026-04-05 06:16:00,1.0,2026-04-05 06:28:00,2026-04-05 06:30:00,A65 ,27.0,9.43,2.86,4.43,1.88,2.0
141,2026-04-05,TB1552,2026-04-05 08:29:00,2026-04-05 08:25:00,-4.0,2026-04-05 08:46:00,2026-04-05 08:54:00,A61 ,166.0,13.9,11.94,5.1,1.64,8.0
141,2026-04-05,TB2632,2026-04-05 09:29:00,2026-04-05 09:09:00,-20.0,2026-04-05 09:35:00,2026-04-05 09:44:00,B9  A,114.0,11.64,9.8,4.88,1.71,9.0
141,2026-04-05,TB2662,2026-04-05 09:15:00,2026-04-05 09:04:00,-11.0,2026-04-05 09:22:00,2026-04-05 09:30:00,B34 A,90.0,15.03,5.99,5.21,1.98,8.0
141,2026-04-05,TG934,2026-04-05 12:22:00,2026-04-05 12:26:00,4.0,2026-04-05 12:46:00,2026-04-05 13:15:00,B34 A,260.0,16.05,16.19,5.15,2.01,29.0
141,2026-04-05,UA950,2026-04-05 11:22:00,2026-04-05 11:02:00,-20.0,2026-04-05 11:22:00,2026-04-05 11:45:00,B28 A,170.0,12.6,13.49,3.52,2.27,23.0
141,2026-04-05,UA994,2026-04-05 12:51:00,2026-04-05 12:35:00,-16.0,2026-04-05 12:54:00,2026-04-05 13:24:00,B38 A,109.0,11.87,9.18,5.95,1.96,30.0
141,2026-04-05,XR5402,2026-04-05 07:46:00,2026-04-05 08:56:00,70.0,2026-04-05 09:23:00,2026-04-05 09:26:00,B5  A,88.0,12.31,7.15,4.06,2.05,3.0
142,2026-04-05,AC832,2026-04-05 10:17:00,2026-04-05 10:43:00,26.0,2026-04-05 11:00:00,2026-04-05 11:34:00,B14 A,172.0,12.59,13.66,4.65,1.43,34.0
142,2026-04-05,ET750,2026-04-05 11:13:00,2026-04-05 11:34:00,21.0,2026-04-05 12:17:00,2026-04-05 13:03:00,B17 A,464.0,12.17,38.13,4.06,2.07,46.0
142,2026-04-05,FH8116,2026-04-05 12:44:00,2026-04-05 12:48:00,4.0,2026-04-05 13:06:00,2026-04-05 13:13:00,B38 A,140.0,12.23,11.45,3.98,2.93,7.0
142,2026-04-05,LH1004,2026-04-05 08:50:00,2026-04-05 08:53:00,3.0,2026-04-05 09:06:00,2026-04-05 09:12:00,A43 ,29.0,16.4,1.77,5.32,1.57,6.0
142,2026-04-05,SN1122,2026-04-05 08:39:00,2026-04-05 09:08:00,29.0,2026-04-05 09:20:00,2026-04-05 09:21:00,B40 A,13.0,14.92,0.87,5.0,2.48,1.0
142,2026-04-05,SN1124,2026-04-05 07:10:00,2026-04-05 07:19:00,9.0,2026-04-05 07:32:00,2026-04-05 07:48:00,B30 A,138.0,14.01,9.85,4.05,2.2,16.0
142,2026-04-05,SN206,2026-04-05 06:25:00,2026-04-05 06:48:00,23.0,2026-04-05 07:07:00,2026-04-05 07:30:00,B38 A,154.0,10.75,14.32,5.18,2.25,23.0
142,2026-04-05,SN229,2026-04-05 08:06:00,2026-04-05 09:20:00,74.0,2026-04-05 09:41:00,2026-04-05 10:22:00,B14 A,144.0,13.27,10.85,5.02,1.33,41.0
142,2026-04-05,SN278,2026-04-05 12:46:00,2026-04-05 12:41:00,-5.0,2026-04-05 13:04:00,2026-04-05 13:33:00,B31 A,62.0,14.17,4.38,5.25,2.05,29.0
142,2026-04-05,SN2900,2026-04-05 08:46:00,2026-04-05 08:33:00,-13.0,2026-04-05 08:58:00,2026-04-05 09:02:00,B14 A,79.0,13.1,6.03,5.41,1.23,4.0
142,2026-04-05,SN3326,2026-04-05 11:24:00,2026-04-05 11:41:00,17.0,2026-04-05 12:06:00,2026-04-05 12:12:00,B14 A,111.0,13.81,8.04,4.82,1.38,6.0
142,2026-04-05,SN358,2026-04-05 08:21:00,2026-04-05 08:24:00,3.0,2026-04-05 08:42:00,2026-04-05 09:09:00,B14 A,112.0,9.77,11.46,4.75,1.4,27.0
142,2026-04-05,SN379,2026-04-05 08:11:00,2026-04-05 08:40:00,29.0,2026-04-05 08:59:00,2026-04-05 09:27:00,B28 A,76.0,10.36,7.34,6.45,1.24,28.0
142,2026-04-05,SN3800,2026-04-05 06:15:00,2026-04-05 06:16:00,1.0,2026-04-05 06:28:00,2026-04-05 06:30:00,A65 ,27.0,11.2,2.41,4.46,1.87,2.0
142,2026-04-05,TB1552,2026-04-05 07:47:00,2026-04-05 07:43:00,-4.0,2026-04-05 07:55:00,2026-04-05 07:59:00,A68 ,66.0,12.1,5.46,5.13,1.62,4.0
142,2026-04-05,TB2632,2026-04-05 09:29:00,2026-04-05 09:09:00,-20.0,2026-04-05 09:35:00,2026-04-05 09:44:00,B9  A,114.0,9.73,11.72,6.0,1.39,9.0
142,2026-04-05,TB2662,2026-04-05 09:15:00,2026-04-05 09:04:00,-11.0,2026-04-05 09:22:00,2026-04-05 09:30:00,B34 A,90.0,12.02,7.49,4.56,2.26,8.0
142,2026-04-05,TG934,2026-04-05 09:21:00,2026-04-05 09:16:00,-5.0,2026-04-05 09:38:00,2026-04-05 09:58:00,B38 A,249.0,14.49,17.19,4.5,2.59,20.0
142,2026-04-05,UA950,2026-04-05 10:20:00,2026-04-05 09:58:00,-22.0,2026-04-05 10:24:00,2026-04-05 10:51:00,B40 A,188.0,8.65,21.73,5.85,2.12,27.0
142,2026-04-05,UA994,2026-04-05 12:51:00,2026-04-05 12:35:00,-16.0,2026-04-05 12:54:00,2026-04-05 13:24:00,B38 A,109.0,13.5,8.07,3.99,2.92,30.0
142,2026-04-05,XR5402,2026-04-05 07:46:00,2026-04-05 08:56:00,70.0,2026-04-05 09:23:00,2026-04-05 09:26:00,B5  A,88.0,13.14,6.7,5.32,1.57,3.0
143,2026-04-05,AC832,2026-04-05 12:18:00,2026-04-05 11:38:00,-40.0,2026-04-05 11:54:00,2026-04-05 12:17:00,B30 A,100.0,15.15,6.6,5.2,1.71,23.0
143,2026-04-05,ET750,2026-04-05 11:13:00,2026-04-05 11:34:00,21.0,2026-04-05 12:17:00,2026-04-05 13:03:00,B17 A,464.0,13.58,34.16,4.76,1.77,46.0
143,2026-04-05,FH8116,2026-04-05 12:44:00,2026-04-05 12:48:00,4.0,2026-04-05 13:06:00,2026-04-05 13:13:00,B38 A,140.0,11.08,12.63,5.59,2.09,7.0
143,2026-04-05,LH1004,2026-04-05 11:51:00,2026-04-05 11:47:00,-4.0,2026-04-05 12:07:00,2026-04-05 12:12:00,A43 ,23.0,11.0,2.09,5.12,1.63,5.0
143,2026-04-05,SN1122,2026-04-05 08:39:00,2026-04-05 09:08:00,29.0,2026-04-05 09:20:00,2026-04-05 09:21:00,B40 A,13.0,10.66,1.22,5.15,2.41,1.0
143,2026-04-05,SN1124,2026-04-05 07:10:00,2026-04-05 07:19:00,9.0,2026-04-05 07:32:00,2026-04-05 07:48:00,B30 A,138.0,13.94,9.9,6.43,1.39,16.0
143,2026-04-05,SN206,2026-04-05 06:25:00,2026-04-05 06:48:00,23.0,2026-04-05 07:07:00,2026-04-05 07:30:00,B38 A,154.0,11.63,13.24,5.4,2.16,23.0
143,2026-04-05,SN229,2026-04-05 12:06:00,2026-04-05 12:12:00,6.0,2026-04-05 12:39:00,2026-04-05 13:03:00,B28 A,20.0,13.29,1.5,4.19,1.91,24.0
143,2026-04-05,SN278,2026-04-05 08:43:00,2026-04-05 08:27:00,-16.0,2026-04-05 08:40:00,2026-04-05 09:10:00,B37 A,123.0,11.7,10.52,4.95,2.46,30.0
143,2026-04-05,SN2900,2026-04-05 08:46:00,2026-04-05 08:33:00,-13.0,2026-04-05 08:58:00,2026-04-05 09:02:00,B14 A,79.0,13.32,5.93,4.96,1.34,4.0
143,2026-04-05,SN3326,2026-04-05 11:24:00,2026-04-05 11:41:00,17.0,2026-04-05 12:06:00,2026-04-05 12:12:00,B14 A,111.0,13.38,8.3,4.93,1.35,6.0
143,2026-04-05,SN358,2026-04-05 08:21:00,2026-04-05 08:24:00,3.0,2026-04-05 08:42:00,2026-04-05 09:09:00,B14 A,112.0,14.96,7.48,5.17,1.29,27.0
143,2026-04-05,SN379,2026-04-05 08:11:00,2026-04-05 08:40:00,29.0,2026-04-05 08:59:00,2026-04-05 09:27:00,B28 A,76.0,13.56,5.6,5.49,1.46,28.0
143,2026-04-05,SN3800,2026-04-05 06:15:00,2026-04-05 06:16:00,1.0,2026-04-05 06:28:00,2026-04-05 06:30:00,A65 ,27.0,12.66,2.13,4.22,1.97,2.0
143,2026-04-05,TB1552,2026-04-05 07:15:00,2026-04-05 07:08:00,-7.0,2026-04-05 07:38:00,2026-04-05 07:45:00,A61 ,152.0,13.6,11.17,5.11,1.63,7.0
143,2026-04-05,TB2632,2026-04-05 09:29:00,2026-04-05 09:09:00,-20.0,2026-04-05 09:35:00,2026-04-05 09:44:00,B9  A,114.0,11.11,10.26,5.48,1.52,9.0
143,2026-04-05,TB2662,2026-04-05 09:15:00,2026-04-05 09:04:00,-11.0,2026-04-05 09:22:00,2026-04-05 09:30:00,B34 A,90.0,16.42,5.48,4.54,2.28,8.0
143,2026-04-05,TG934,2026-04-05 09:21:00,2026-04-05 09:16:00,-5.0,2026-04-05 09:38:00,2026-04-05 09:58:00,B38 A,249.0,14.65,16.99,4.67,2.5,20.0
143,2026-04-05,UA950,2026-04-05 09:21:00,2026-04-05 08:45:00,-36.0,2026-04-05 09:03:00,2026-04-05 09:29:00,B5  A,163.0,15.17,10.74,3.91,2.13,26.0
143,2026-04-05,UA994,2026-04-05 09:51:00,2026-04-05 11:28:00,97.0,2026-04-05 11:44:00,2026-04-05 12:09:00,B40 A,135.0,13.29,10.16,4.57,2.72,25.0
143,2026-04-05,XR5402,2026-04-05 07:46:00,2026-04-05 08:56:00,70.0,2026-04-05 09:23:00,2026-04-05 09:26:00,B5  A,88.0,13.95,6.31,4.75,1.75,3.0
144,2026-04-05,AC832,2026-04-05 08:17:00,2026-04-05 07:46:00,-31.0,2026-04-05 08:02:00,2026-04-05 08:29:00,B30 A,122.0,15.88,7.68,4.81,1.85,27.0
144,2026-04-05,ET750,2026-04-05 11:13:00,2026-04-05 11:34:00,21.0,2026-04-05 12:17:00,2026-04-05 13:03:00,B17 A,464.0,13.42,34.59,4.31,1.95,46.0
144,2026-04-05,FH8116,2026-04-05 12:44:00,2026-04-05 12:48:00,4.0,2026-04-05 13:06:00,2026-04-05 13:13:00,B38 A,140.0,12.55,11.15,5.41,2.16,7.0
144,2026-04-05,LH1004,2026-04-05 11:51:00,2026-04-05 11:47:00,-4.0,2026-04-05 12:07:00,2026-04-05 12:12:00,A43 ,23.0,11.56,1.99,5.1,1.64,5.0
144,2026-04-05,SN1122,2026-04-05 08:39:00,2026-04-05 09:08:00,29.0,2026-04-05 09:20:00,2026-04-05 09:21:00,B40 A,13.0,16.66,0.78,5.86,2.12,1.0
144,2026-04-05,SN1124,2026-04-05 07:10:00,2026-04-05 07:19:00,9.0,2026-04-05 07:32:00,2026-04-05 07:48:00,B30 A,138.0,12.27,11.24,6.17,1.45,16.0
144,2026-04-05,SN206,2026-04-05 06:25:00,2026-04-05 06:48:00,23.0,2026-04-05 07:07:00,2026-04-05 07:30:00,B38 A,154.0,12.97,11.87,5.52,2.11,23.0
144,2026-04-05,SN229,2026-04-05 12:06:00,2026-04-05 12:12:00,6.0,2026-04-05 12:39:00,2026-04-05 13:03:00,B28 A,20.0,13.54,1.48,4.38,1.83,24.0
144,2026-04-05,SN278,2026-04-05 10:45:00,2026-04-05 10:42:00,-3.0,2026-04-05 11:04:00,2026-04-05 11:16:00,B28 A,198.0,13.08,15.13,5.12,1.56,12.0
144,2026-04-05,SN2900,2026-04-05 08:46:00,2026-04-05 08:33:00,-13.0,2026-04-05 08:58:00,2026-04-05 09:02:00,B14 A,79.0,11.52,6.86,4.65,1.43,4.0
144,2026-04-05,SN3326,2026-04-05 07:45:00,2026-04-05 08:05:00,20.0,2026-04-05 08:16:00,2026-04-05 08:36:00,B28 A,123.0,16.18,7.6,5.6,1.43,20.0
144,2026-04-05,SN358,2026-04-05 08:21:00,2026-04-05 08:24:00,3.0,2026-04-05 08:42:00,2026-04-05 09:09:00,B14 A,112.0,9.34,11.99,4.66,1.43,27.0
144,2026-04-05,SN379,2026-04-05 08:11:00,2026-04-05 08:40:00,29.0,2026-04-05 08:59:00,2026-04-05 09:27:00,B28 A,76.0,11.78,6.45,5.34,1.5,28.0
144,2026-04-05,SN3800,2026-04-05 06:15:00,2026-04-05 06:16:00,1.0,2026-04-05 06:28:00,2026-04-05 06:30:00,A65 ,27.0,15.49,1.74,4.69,1.78,2.0
144,2026-04-05,TB1552,2026-04-05 10:15:00,2026-04-05 10:31:00,16.0,2026-04-05 10:50:00,2026-04-05 10:59:00,A69 ,164.0,13.39,12.25,5.49,1.52,9.0
144,2026-04-05,TB2632,2026-04-05 09:29:00,2026-04-05 09:09:00,-20.0,2026-04-05 09:35:00,2026-04-05 09:44:00,B9  A,114.0,10.2,11.18,5.02,1.66,9.0
144,2026-04-05,TB2662,2026-04-05 09:15:00,2026-04-05 09:04:00,-11.0,2026-04-05 09:22:00,2026-04-05 09:30:00,B34 A,90.0,12.98,6.93,5.0,2.07,8.0
144,2026-04-05,TG934,2026-04-05 09:21:00,2026-04-05 09:16:00,-5.0,2026-04-05 09:38:00,2026-04-05 09:58:00,B38 A,249.0,13.4,18.58,4.86,2.4,20.0
144,2026-04-05,UA950,2026-04-05 12:20:00,2026-04-05 11:58:00,-22.0,2026-04-05 12:14:00,2026-04-05 12:42:00,B37 A,127.0,9.59,13.24,5.9,2.06,28.0
144,2026-04-05,UA994,2026-04-05 09:51:00,2026-04-05 11:28:00,97.0,2026-04-05 11:44:00,2026-04-05 12:09:00,B40 A,135.0,16.21,8.33,4.97,2.5,25.0
144,2026-04-05,XR5402,2026-04-05 07:46:00,2026-04-05 08:56:00,70.0,2026-04-05 09:23:00,2026-04-05 09:26:00,B5  A,88.0,11.31,7.78,4.66,1.79,3.0
145,2026-04-05,AC832,2026-04-05 09:18:00,2026-04-05 08:45:00,-33.0,2026-04-05 09:06:00,2026-04-05 09:59:00,B28 A,110.0,15.3,7.19,5.25,1.52,53.0
145,2026-04-05,ET750,2026-04-05 11:13:00,2026-04-05 11:34:00,21.0,2026-04-05 12:17:00,2026-04-05 13:03:00,B17 A,464.0,15.48,29.97,5.2,1.62,46.0
145,2026-04-05,FH8116,2026-04-05 12:44:00,2026-04-05 12:48:00,4.0,2026-04-05 13:06:00,2026-04-05 13:13:00,B38 A,140.0,11.95,11.72,4.46,2.61,7.0
145,2026-04-05,LH1004,2026-04-05 12:50:00,2026-04-05 12:50:00,0.0,2026-04-05 13:03:00,2026-04-05 13:30:00,A43 ,40.0,13.05,3.07,5.46,1.53,27.0
145,2026-04-05,SN1122,2026-04-05 08:39:00,2026-04-05 09:08:00,29.0,2026-04-05 09:20:00,2026-04-05 09:21:00,B40 A,13.0,14.65,0.89,4.24,2.93,1.0
145,2026-04-05,SN1124,2026-04-05 07:10:00,2026-04-05 07:19:00,9.0,2026-04-05 07:32:00,2026-04-05 07:48:00,B30 A,138.0,14.98,9.21,4.58,1.95,16.0
145,2026-04-05,SN206,2026-04-05 06:25:00,2026-04-05 06:48:00,23.0,2026-04-05 07:07:00,2026-04-05 07:30:00,B38 A,154.0,13.1,11.76,4.86,2.4,23.0
145,2026-04-05,SN229,2026-04-05 08:06:00,2026-04-05 09:20:00,74.0,2026-04-05 09:41:00,2026-04-05 10:22:00,B14 A,144.0,11.71,12.3,4.8,1.39,41.0
145,2026-04-05,SN278,2026-04-05 08:43:00,2026-04-05 08:27:00,-16.0,2026-04-05 08:40:00,2026-04-05 09:10:00,B37 A,123.0,14.1,8.72,4.27,2.85,30.0
145,2026-04-05,SN2900,2026-04-05 07:39:00,2026-04-05 07:25:00,-14.0,2026-04-05 07:38:00,2026-04-05 07:53:00,B38 A,55.0,15.67,3.51,6.57,1.78,15.0
145,2026-04-05,SN3326,2026-04-05 11:24:00,2026-04-05 11:41:00,17.0,2026-04-05 12:06:00,2026-04-05 12:12:00,B14 A,111.0,10.64,10.43,5.09,1.31,6.0
145,2026-04-05,SN358,2026-04-05 12:21:00,2026-04-05 12:23:00,2.0,2026-04-05 12:43:00,2026-04-05 13:14:00,B28 A,176.0,12.78,13.77,4.16,1.92,31.0
145,2026-04-05,SN379,2026-04-05 10:10:00,2026-04-05 11:03:00,53.0,2026-04-05 11:42:00,2026-04-05 12:19:00,B29 A,161.0,15.83,10.17,5.15,1.91,37.0
145,2026-04-05,SN3800,2026-04-05 06:15:00,2026-04-05 06:16:00,1.0,2026-04-05 06:28:00,2026-04-05 06:30:00,A65 ,27.0,13.61,1.98,5.98,1.39,2.0
145,2026-04-05,TB1552,2026-04-05 08:29:00,2026-04-05 08:25:00,-4.0,2026-04-05 08:46:00,2026-04-05 08:54:00,A61 ,166.0,11.86,14.0,4.68,1.78,8.0
145,2026-04-05,TB2632,2026-04-05 09:29:00,2026-04-05 09:09:00,-20.0,2026-04-05 09:35:00,2026-04-05 09:44:00,B9  A,114.0,14.34,7.95,5.65,1.47,9.0
145,2026-04-05,TB2662,2026-04-05 09:15:00,2026-04-05 09:04:00,-11.0,2026-04-05 09:22:00,2026-04-05 09:30:00,B34 A,90.0,11.46,7.86,6.13,1.69,8.0
145,2026-04-05,TG934,2026-04-05 09:21:00,2026-04-05 09:16:00,-5.0,2026-04-05 09:38:00,2026-04-05 09:58:00,B38 A,249.0,15.8,15.76,4.68,2.49,20.0
145,2026-04-05,UA950,2026-04-05 08:20:00,2026-04-05 08:20:00,0.0,2026-04-05 08:36:00,2026-04-05 09:25:00,B38 A,176.0,14.23,12.37,4.37,2.67,49.0
145,2026-04-05,UA994,2026-04-05 08:51:00,2026-04-05 08:32:00,-19.0,2026-04-05 08:52:00,2026-04-05 09:25:00,B40 A,171.0,12.21,14.0,6.14,2.02,33.0
145,2026-04-05,XR5402,2026-04-05 07:46:00,2026-04-05 08:56:00,70.0,2026-04-05 09:23:00,2026-04-05 09:26:00,B5  A,88.0,15.55,5.66,4.25,1.96,3.0
146,2026-04-05,AC832,2026-04-05 09:18:00,2026-04-05 08:45:00,-33.0,2026-04-05 09:06:00,2026-04-05 09:59:00,B28 A,110.0,13.53,8.13,5.58,1.43,53.0
146,2026-04-05,ET750,2026-04-05 11:13:00,2026-04-05 11:34:00,21.0,2026-04-05 12:17:00,2026-04-05 13:03:00,B17 A,464.0,16.07,28.88,5.46,1.54,46.0
146,2026-04-05,FH8116,2026-04-05 06:35:00,2026-04-05 06:00:00,-35.0,2026-04-05 06:07:00,2026-04-05 06:09:00,B15 A,22.0,12.76,1.72,4.41,1.75,2.0
146,2026-04-05,LH1004,2026-04-05 12:50:00,2026-04-05 12:50:00,0.0,2026-04-05 13:03:00,2026-04-05 13:30:00,A43 ,40.0,11.39,3.51,4.02,2.07,27.0
146,2026-04-05,SN1122,2026-04-05 08:39:00,2026-04-05 09:08:00,29.0,2026-04-05 09:20:00,2026-04-05 09:21:00,B40 A,13.0,10.68,1.22,4.96,2.5,1.0
146,2026-04-05,SN1124,2026-04-05 07:10:00,2026-04-05 07:19:00,9.0,2026-04-05 07:32:00,2026-04-05 07:48:00,B30 A,138.0,12.96,10.65,4.85,1.84,16.0
146,2026-04-05,SN206,2026-04-05 06:25:00,2026-04-05 06:48:00,23.0,2026-04-05 07:07:00,2026-04-05 07:30:00,B38 A,154.0,9.36,16.45,5.77,2.02,23.0
146,2026-04-05,SN229,2026-04-05 08:06:00,2026-04-05 09:20:00,74.0,2026-04-05 09:41:00,2026-04-05 10:22:00,B14 A,144.0,12.55,11.48,3.9,1.71,41.0
146,2026-04-05,SN278,2026-04-05 12:46:00,2026-04-05 12:41:00,-5.0,2026-04-05 13:04:00,2026-04-05 13:33:00,B31 A,62.0,9.7,6.39,6.22,1.73,29.0
146,2026-04-05,SN2900,2026-04-05 07:39:00,2026-04-05 07:25:00,-14.0,2026-04-05 07:38:00,2026-04-05 07:53:00,B38 A,55.0,9.8,5.61,4.43,2.63,15.0
146,2026-04-05,SN3326,2026-04-05 11:24:00,2026-04-05 11:41:00,17.0,2026-04-05 12:06:00,2026-04-05 12:12:00,B14 A,111.0,10.88,10.2,5.43,1.23,6.0
146,2026-04-05,SN358,2026-04-05 10:21:00,2026-04-05 11:13:00,52.0,2026-04-05 11:43:00,2026-04-05 12:03:00,B38 A,126.0,14.28,8.83,5.65,2.07,20.0
146,2026-04-05,SN379,2026-04-05 10:10:00,2026-04-05 11:03:00,53.0,2026-04-05 11:42:00,2026-04-05 12:19:00,B29 A,161.0,10.1,15.94,5.75,1.71,37.0
146,2026-04-05,SN3800,2026-04-05 06:15:00,2026-04-05 06:16:00,1.0,2026-04-05 06:28:00,2026-04-05 06:30:00,A65 ,27.0,12.58,2.15,5.16,1.61,2.0
146,2026-04-05,TB1552,2026-04-05 08:29:00,2026-04-05 08:25:00,-4.0,2026-04-05 08:46:00,2026-04-05 08:54:00,A61 ,166.0,13.91,11.94,4.67,1.79,8.0
146,2026-04-05,TB2632,2026-04-05 09:29:00,2026-04-05 09:09:00,-20.0,2026-04-05 09:35:00,2026-04-05 09:44:00,B9  A,114.0,11.47,9.94,4.57,1.82,9.0
146,2026-04-05,TB2662,2026-04-05 09:15:00,2026-04-05 09:04:00,-11.0,2026-04-05 09:22:00,2026-04-05 09:30:00,B34 A,90.0,11.94,7.54,5.0,2.07,8.0
146,2026-04-05,TG934,2026-04-05 09:21:00,2026-04-05 09:16:00,-5.0,2026-04-05 09:38:00,2026-04-05 09:58:00,B38 A,249.0,14.12,17.64,5.45,2.14,20.0
146,2026-04-05,UA950,2026-04-05 11:22:00,2026-04-05 11:02:00,-20.0,2026-04-05 11:22:00,2026-04-05 11:45:00,B28 A,170.0,15.19,11.19,6.52,1.23,23.0
146,2026-04-05,UA994,2026-04-05 09:51:00,2026-04-05 11:28:00,97.0,2026-04-05 11:44:00,2026-04-05 12:09:00,B40 A,135.0,11.31,11.94,5.0,2.48,25.0
146,2026-04-05,XR5402,2026-04-05 07:46:00,2026-04-05 08:56:00,70.0,2026-04-05 09:23:00,2026-04-05 09:26:00,B5  A,88.0,11.1,7.93,4.64,1.8,3.0
147,2026-04-05,AC832,2026-04-05 12:18:00,2026-04-05 11:38:00,-40.0,2026-04-05 11:54:00,2026-04-05 12:17:00,B30 A,100.0,12.73,7.86,5.0,1.78,23.0
147,2026-04-05,ET750,2026-04-05 11:13:00,2026-04-05 11:34:00,21.0,2026-04-05 12:17:00,2026-04-05 13:03:00,B17 A,464.0,12.91,35.95,5.4,1.56,46.0
147,2026-04-05,FH8116,2026-04-05 06:35:00,2026-04-05 06:00:00,-35.0,2026-04-05 06:07:00,2026-04-05 06:09:00,B15 A,22.0,9.03,2.44,4.48,1.73,2.0
147,2026-04-05,LH1004,2026-04-05 08:50:00,2026-04-05 08:53:00,3.0,2026-04-05 09:06:00,2026-04-05 09:12:00,A43 ,29.0,13.5,2.15,3.29,2.53,6.0
147,2026-04-05,SN1122,2026-04-05 08:39:00,2026-04-05 09:08:00,29.0,2026-04-05 09:20:00,2026-04-05 09:21:00,B40 A,13.0,12.2,1.07,5.3,2.34,1.0
147,2026-04-05,SN1124,2026-04-05 07:10:00,2026-04-05 07:19:00,9.0,2026-04-05 07:32:00,2026-04-05 07:48:00,B30 A,138.0,12.62,10.94,6.11,1.46,16.0
147,2026-04-05,SN206,2026-04-05 06:25:00,2026-04-05 06:48:00,23.0,2026-04-05 07:07:00,2026-04-05 07:30:00,B38 A,154.0,15.07,10.22,4.49,2.6,23.0
147,2026-04-05,SN229,2026-04-05 08:06:00,2026-04-05 09:20:00,74.0,2026-04-05 09:41:00,2026-04-05 10:22:00,B14 A,144.0,10.18,14.14,4.64,1.44,41.0
147,2026-04-05,SN278,2026-04-05 10:45:00,2026-04-05 10:42:00,-3.0,2026-04-05 11:04:00,2026-04-05 11:16:00,B28 A,198.0,10.83,18.29,4.99,1.6,12.0
147,2026-04-05,SN2900,2026-04-05 08:46:00,2026-04-05 08:33:00,-13.0,2026-04-05 08:58:00,2026-04-05 09:02:00,B14 A,79.0,12.07,6.54,4.69,1.42,4.0
147,2026-04-05,SN3326,2026-04-05 11:24:00,2026-04-05 11:41:00,17.0,2026-04-05 12:06:00,2026-04-05 12:12:00,B14 A,111.0,10.31,10.76,4.44,1.5,6.0
147,2026-04-05,SN358,2026-04-05 12:21:00,2026-04-05 12:23:00,2.0,2026-04-05 12:43:00,2026-04-05 13:14:00,B28 A,176.0,11.98,14.7,5.89,1.36,31.0
147,2026-04-05,SN379,2026-04-05 10:10:00,2026-04-05 11:03:00,53.0,2026-04-05 11:42:00,2026-04-05 12:19:00,B29 A,161.0,8.6,18.71,5.49,1.79,37.0
147,2026-04-05,SN3800,2026-04-05 06:15:00,2026-04-05 06:16:00,1.0,2026-04-05 06:28:00,2026-04-05 06:30:00,A65 ,27.0,12.33,2.19,5.41,1.54,2.0
147,2026-04-05,TB1552,2026-04-05 10:15:00,2026-04-05 10:31:00,16.0,2026-04-05 10:50:00,2026-04-05 10:59:00,A69 ,164.0,15.39,10.66,5.04,1.65,9.0
147,2026-04-05,TB2632,2026-04-05 09:29:00,2026-04-05 09:09:00,-20.0,2026-04-05 09:35:00,2026-04-05 09:44:00,B9  A,114.0,13.08,8.72,4.72,1.77,9.0
147,2026-04-05,TB2662,2026-04-05 09:15:00,2026-04-05 09:04:00,-11.0,2026-04-05 09:22:00,2026-04-05 09:30:00,B34 A,90.0,14.29,6.3,5.17,2.0,8.0
147,2026-04-05,TG934,2026-04-05 12:22:00,2026-04-05 12:26:00,4.0,2026-04-05 12:46:00,2026-04-05 13:15:00,B34 A,260.0,15.63,16.63,4.74,2.18,29.0
147,2026-04-05,UA950,2026-04-05 09:21:00,2026-04-05 08:45:00,-36.0,2026-04-05 09:03:00,2026-04-05 09:29:00,B5  A,163.0,14.57,11.19,4.58,1.82,26.0
147,2026-04-05,UA994,2026-04-05 11:51:00,2026-04-05 11:37:00,-14.0,2026-04-05 11:55:00,2026-04-05 12:25:00,B40 A,157.0,12.25,12.82,4.24,2.93,30.0
147,2026-04-05,XR5402,2026-04-05 07:46:00,2026-04-05 08:56:00,70.0,2026-04-05 09:23:00,2026-04-05 09:26:00,B5  A,88.0,13.93,6.32,6.52,1.28,3.0
148,2026-04-05,AC832,2026-04-05 10:17:00,2026-04-05 10:43:00,26.0,2026-04-05 11:00:00,2026-04-05 11:34:00,B14 A,172.0,11.9,14.46,5.34,1.25,34.0
148,2026-04-05,ET750,2026-04-05 11:13:00,2026-04-05 11:34:00,21.0,2026-04-05 12:17:00,2026-04-05 13:03:00,B17 A,464.0,14.22,32.64,4.19,2.01,46.0
148,2026-04-05,FH8116,2026-04-05 06:35:00,2026-04-05 06:00:00,-35.0,2026-04-05 06:07:00,2026-04-05 06:09:00,B15 A,22.0,13.09,1.68,6.23,1.24,2.0
148,2026-04-05,LH1004,2026-04-05 08:50:00,2026-04-05 08:53:00,3.0,2026-04-05 09:06:00,2026-04-05 09:12:00,A43 ,29.0,10.25,2.83,5.05,1.65,6.0
148,2026-04-05,SN1122,2026-04-05 08:39:00,2026-04-05 09:08:00,29.0,2026-04-05 09:20:00,2026-04-05 09:21:00,B40 A,13.0,11.8,1.1,6.52,1.91,1.0
148,2026-04-05,SN1124,2026-04-05 07:10:00,2026-04-05 07:19:00,9.0,2026-04-05 07:32:00,2026-04-05 07:48:00,B30 A,138.0,16.17,8.53,3.91,2.28,16.0
148,2026-04-05,SN206,2026-04-05 06:25:00,2026-04-05 06:48:00,23.0,2026-04-05 07:07:00,2026-04-05 07:30:00,B38 A,154.0,12.22,12.6,4.77,2.44,23.0
148,2026-04-05,SN229,2026-04-05 12:06:00,2026-04-05 12:12:00,6.0,2026-04-05 12:39:00,2026-04-05 13:03:00,B28 A,20.0,14.05,1.42,5.72,1.4,24.0
148,2026-04-05,SN278,2026-04-05 12:46:00,2026-04-05 12:41:00,-5.0,2026-04-05 13:04:00,2026-04-05 13:33:00,B31 A,62.0,12.26,5.06,5.76,1.87,29.0
148,2026-04-05,SN2900,2026-04-05 08:46:00,2026-04-05 08:33:00,-13.0,2026-04-05 08:58:00,2026-04-05 09:02:00,B14 A,79.0,13.37,5.91,6.04,1.1,4.0
148,2026-04-05,SN3326,2026-04-05 11:24:00,2026-04-05 11:41:00,17.0,2026-04-05 12:06:00,2026-04-05 12:12:00,B14 A,111.0,13.46,8.25,5.54,1.2,6.0
148,2026-04-05,SN358,2026-04-05 12:21:00,2026-04-05 12:23:00,2.0,2026-04-05 12:43:00,2026-04-05 13:14:00,B28 A,176.0,11.44,15.38,5.17,1.55,31.0
148,2026-04-05,SN379,2026-04-05 08:11:00,2026-04-05 08:40:00,29.0,2026-04-05 08:59:00,2026-04-05 09:27:00,B28 A,76.0,11.52,6.6,4.82,1.66,28.0
148,2026-04-05,SN3800,2026-04-05 06:15:00,2026-04-05 06:16:00,1.0,2026-04-05 06:28:00,2026-04-05 06:30:00,A65 ,27.0,12.62,2.14,4.84,1.72,2.0
148,2026-04-05,TB1552,2026-04-05 07:15:00,2026-04-05 07:08:00,-7.0,2026-04-05 07:38:00,2026-04-05 07:45:00,A61 ,152.0,11.42,13.3,4.05,2.06,7.0
148,2026-04-05,TB2632,2026-04-05 09:29:00,2026-04-05 09:09:00,-20.0,2026-04-05 09:35:00,2026-04-05 09:44:00,B9  A,114.0,13.44,8.48,4.84,1.72,9.0
148,2026-04-05,TB2662,2026-04-05 09:15:00,2026-04-05 09:04:00,-11.0,2026-04-05 09:22:00,2026-04-05 09:30:00,B34 A,90.0,11.68,7.71,4.52,2.29,8.0
148,2026-04-05,TG934,2026-04-05 09:21:00,2026-04-05 09:16:00,-5.0,2026-04-05 09:38:00,2026-04-05 09:58:00,B38 A,249.0,13.49,18.46,5.32,2.19,20.0
148,2026-04-05,UA950,2026-04-05 10:20:00,2026-04-05 09:58:00,-22.0,2026-04-05 10:24:00,2026-04-05 10:51:00,B40 A,188.0,14.2,13.24,6.48,1.92,27.0
148,2026-04-05,UA994,2026-04-05 11:51:00,2026-04-05 11:37:00,-14.0,2026-04-05 11:55:00,2026-04-05 12:25:00,B40 A,157.0,11.65,13.48,4.32,2.87,30.0
148,2026-04-05,XR5402,2026-04-05 07:46:00,2026-04-05 08:56:00,70.0,2026-04-05 09:23:00,2026-04-05 09:26:00,B5  A,88.0,12.54,7.02,5.28,1.58,3.0
149,2026-04-05,AC832,2026-04-05 11:16:00,2026-04-05 10:39:00,-37.0,2026-04-05 10:54:00,2026-04-05 11:24:00,B5  A,101.0,11.46,8.82,6.93,1.2,30.0
149,2026-04-05,ET750,2026-04-05 11:13:00,2026-04-05 11:34:00,21.0,2026-04-05 12:17:00,2026-04-05 13:03:00,B17 A,464.0,13.22,35.11,3.94,2.14,46.0
149,2026-04-05,FH8116,2026-04-05 06:35:00,2026-04-05 06:00:00,-35.0,2026-04-05 06:07:00,2026-04-05 06:09:00,B15 A,22.0,11.16,1.97,4.79,1.61,2.0
149,2026-04-05,LH1004,2026-04-05 12:50:00,2026-04-05 12:50:00,0.0,2026-04-05 13:03:00,2026-04-05 13:30:00,A43 ,40.0,8.69,4.61,4.23,1.97,27.0
149,2026-04-05,SN1122,2026-04-05 08:39:00,2026-04-05 09:08:00,29.0,2026-04-05 09:20:00,2026-04-05 09:21:00,B40 A,13.0,13.16,0.99,4.44,2.79,1.0
149,2026-04-05,SN1124,2026-04-05 07:10:00,2026-04-05 07:19:00,9.0,2026-04-05 07:32:00,2026-04-05 07:48:00,B30 A,138.0,12.43,11.1,5.37,1.66,16.0
149,2026-04-05,SN206,2026-04-05 06:25:00,2026-04-05 06:48:00,23.0,2026-04-05 07:07:00,2026-04-05 07:30:00,B38 A,154.0,11.48,13.42,4.52,2.58,23.0
149,2026-04-05,SN229,2026-04-05 12:06:00,2026-04-05 12:12:00,6.0,2026-04-05 12:39:00,2026-04-05 13:03:00,B28 A,20.0,10.56,1.89,5.67,1.41,24.0
149,2026-04-05,SN278,2026-04-05 12:46:00,2026-04-05 12:41:00,-5.0,2026-04-05 13:04:00,2026-04-05 13:33:00,B31 A,62.0,10.53,5.89,5.37,2.0,29.0
149,2026-04-05,SN2900,2026-04-05 07:39:00,2026-04-05 07:25:00,-14.0,2026-04-05 07:38:00,2026-04-05 07:53:00,B38 A,55.0,14.59,3.77,4.28,2.73,15.0
149,2026-04-05,SN3326,2026-04-05 11:24:00,2026-04-05 11:41:00,17.0,2026-04-05 12:06:00,2026-04-05 12:12:00,B14 A,111.0,14.07,7.89,4.1,1.62,6.0
149,2026-04-05,SN358,2026-04-05 08:21:00,2026-04-05 08:24:00,3.0,2026-04-05 08:42:00,2026-04-05 09:09:00,B14 A,112.0,10.75,10.42,3.9,1.71,27.0
149,2026-04-05,SN379,2026-04-05 08:11:00,2026-04-05 08:40:00,29.0,2026-04-05 08:59:00,2026-04-05 09:27:00,B28 A,76.0,14.13,5.38,4.92,1.63,28.0
149,2026-04-05,SN3800,2026-04-05 06:15:00,2026-04-05 06:16:00,1.0,2026-04-05 06:28:00,2026-04-05 06:30:00,A65 ,27.0,14.62,1.85,7.41,1.12,2.0
149,2026-04-05,TB1552,2026-04-05 07:15:00,2026-04-05 07:08:00,-7.0,2026-04-05 07:38:00,2026-04-05 07:45:00,A61 ,152.0,14.52,10.47,4.56,1.83,7.0
149,2026-04-05,TB2632,2026-04-05 09:29:00,2026-04-05 09:09:00,-20.0,2026-04-05 09:35:00,2026-04-05 09:44:00,B9  A,114.0,12.24,9.31,4.98,1.67,9.0
149,2026-04-05,TB2662,2026-04-05 09:15:00,2026-04-05 09:04:00,-11.0,2026-04-05 09:22:00,2026-04-05 09:30:00,B34 A,90.0,8.48,10.62,4.91,2.1,8.0
149,2026-04-05,TG934,2026-04-05 09:21:00,2026-04-05 09:16:00,-5.0,2026-04-05 09:38:00,2026-04-05 09:58:00,B38 A,249.0,14.89,16.72,4.21,2.77,20.0
149,2026-04-05,UA950,2026-04-05 09:21:00,2026-04-05 08:45:00,-36.0,2026-04-05 09:03:00,2026-04-05 09:29:00,B5  A,163.0,13.23,12.32,5.73,1.45,26.0
149,2026-04-05,UA994,2026-04-05 10:51:00,2026-04-05 10:01:00,-50.0,2026-04-05 10:18:00,2026-04-05 10:42:00,B38 A,177.0,14.86,11.91,5.18,2.25,24.0
149,2026-04-05,XR5402,2026-04-05 07:46:00,2026-04-05 08:56:00,70.0,2026-04-05 09:23:00,2026-04-05 09:26:00,B5  A,88.0,11.41,7.71,4.91,1.7,3.0
150,2026-04-05,AC832,2026-04-05 08:17:00,2026-04-05 07:46:00,-31.0,2026-04-05 08:02:00,2026-04-05 08:29:00,B30 A,122.0,12.48,9.77,5.79,1.54,27.0
150,2026-04-05,ET750,2026-04-05 11:13:00,2026-04-05 11:34:00,21.0,2026-04-05 12:17:00,2026-04-05 13:03:00,B17 A,464.0,12.43,37.33,5.08,1.66,46.0
150,2026-04-05,FH8116,2026-04-05 12:44:00,2026-04-05 12:48:00,4.0,2026-04-05 13:06:00,2026-04-05 13:13:00,B38 A,140.0,13.12,10.67,4.7,2.48,7.0
150,2026-04-05,LH1004,2026-04-05 12:50:00,2026-04-05 12:50:00,0.0,2026-04-05 13:03:00,2026-04-05 13:30:00,A43 ,40.0,9.37,4.27,5.1,1.63,27.0
150,2026-04-05,SN1122,2026-04-05 08:39:00,2026-04-05 09:08:00,29.0,2026-04-05 09:20:00,2026-04-05 09:21:00,B40 A,13.0,11.96,1.09,5.84,2.13,1.0
150,2026-04-05,SN1124,2026-04-05 07:10:00,2026-04-05 07:19:00,9.0,2026-04-05 07:32:00,2026-04-05 07:48:00,B30 A,138.0,13.68,10.09,3.85,2.32,16.0
150,2026-04-05,SN206,2026-04-05 06:25:00,2026-04-05 06:48:00,23.0,2026-04-05 07:07:00,2026-04-05 07:30:00,B38 A,154.0,15.04,10.24,6.57,1.77,23.0
150,2026-04-05,SN229,2026-04-05 10:04:00,2026-04-05 10:26:00,22.0,2026-04-05 10:41:00,2026-04-05 11:10:00,B31 A,120.0,12.04,9.97,5.33,2.02,29.0
150,2026-04-05,SN278,2026-04-05 12:46:00,2026-04-05 12:41:00,-5.0,2026-04-05 13:04:00,2026-04-05 13:33:00,B31 A,62.0,12.32,5.03,4.31,2.49,29.0
150,2026-04-05,SN2900,2026-04-05 08:46:00,2026-04-05 08:33:00,-13.0,2026-04-05 08:58:00,2026-04-05 09:02:00,B14 A,79.0,11.52,6.86,4.77,1.4,4.0
150,2026-04-05,SN3326,2026-04-05 11:24:00,2026-04-05 11:41:00,17.0,2026-04-05 12:06:00,2026-04-05 12:12:00,B14 A,111.0,15.89,6.98,4.93,1.35,6.0
150,2026-04-05,SN358,2026-04-05 12:21:00,2026-04-05 12:23:00,2.0,2026-04-05 12:43:00,2026-04-05 13:14:00,B28 A,176.0,10.46,16.83,4.59,1.74,31.0
150,2026-04-05,SN379,2026-04-05 08:11:00,2026-04-05 08:40:00,29.0,2026-04-05 08:59:00,2026-04-05 09:27:00,B28 A,76.0,12.69,5.99,6.81,1.17,28.0
150,2026-04-05,SN3800,2026-04-05 06:15:00,2026-04-05 06:16:00,1.0,2026-04-05 06:28:00,2026-04-05 06:30:00,A65 ,27.0,10.78,2.51,5.65,1.48,2.0
150,2026-04-05,TB1552,2026-04-05 07:47:00,2026-04-05 07:43:00,-4.0,2026-04-05 07:55:00,2026-04-05 07:59:00,A68 ,66.0,12.23,5.4,3.63,2.3,4.0
150,2026-04-05,TB2632,2026-04-05 09:29:00,2026-04-05 09:09:00,-20.0,2026-04-05 09:35:00,2026-04-05 09:44:00,B9  A,114.0,10.41,10.96,7.18,1.16,9.0
150,2026-04-05,TB2662,2026-04-05 09:15:00,2026-04-05 09:04:00,-11.0,2026-04-05 09:22:00,2026-04-05 09:30:00,B34 A,90.0,11.57,7.78,5.27,1.96,8.0
150,2026-04-05,TG934,2026-04-05 12:22:00,2026-04-05 12:26:00,4.0,2026-04-05 12:46:00,2026-04-05 13:15:00,B34 A,260.0,14.83,17.53,5.56,1.86,29.0
150,2026-04-05,UA950,2026-04-05 09:21:00,2026-04-05 08:45:00,-36.0,2026-04-05 09:03:00,2026-04-05 09:29:00,B5  A,163.0,13.33,12.23,5.1,1.64,26.0
150,2026-04-05,UA994,2026-04-05 11:51:00,2026-04-05 11:37:00,-14.0,2026-04-05 11:55:00,2026-04-05 12:25:00,B40 A,157.0,13.85,11.34,6.79,1.83,30.0
150,2026-04-05,XR5402,2026-04-05 07:46:00,2026-04-05 08:56:00,70.0,2026-04-05 09:23:00,2026-04-05 09:26:00,B5  A,88.0,10.33,8.52,6.24,1.34,3.0
