Scenario_ID,Operational_Day,Flight,Scheduled Ha Block,Ha Block,Delay,From,To,Gate Nr.,Local Total,Unloading_Rate,Duration_S1,Transport_Speed_mps,Duration_S2,Duration_S3
1,2026-04-11,BA388,2026-04-11 06:19:00,2026-04-11 05:59:00,-20.0,2026-04-11 06:14:00,2026-04-11 06:18:00,B7  A,90.0,9.3,9.68,5.22,1.6,4.0
1,2026-04-11,FH8116,2026-04-11 12:44:00,2026-04-11 12:48:00,4.0,2026-04-11 13:06:00,2026-04-11 13:13:00,B38 A,140.0,14.91,9.39,5.9,1.98,7.0
1,2026-04-11,HV9078,2026-04-11 10:31:00,2026-04-11 10:29:00,-2.0,2026-04-11 10:47:00,2026-04-11 10:50:00,A42 ,85.0,12.48,6.81,4.15,2.01,3.0
1,2026-04-11,IB1301,2026-04-11 06:06:00,2026-04-11 08:18:00,132.0,2026-04-11 08:38:00,2026-04-11 08:41:00,A61 ,70.0,16.12,4.34,5.88,1.42,3.0
1,2026-04-11,IB603,2026-04-11 08:34:00,2026-04-11 08:35:00,1.0,2026-04-11 08:54:00,2026-04-11 08:58:00,A53 ,132.0,9.87,13.37,4.88,1.71,4.0
1,2026-04-11,KM420,2026-04-11 06:21:00,2026-04-11 05:59:00,-22.0,2026-04-11 06:18:00,2026-04-11 06:23:00,A45 ,138.0,12.77,10.81,5.88,1.42,5.0
1,2026-04-11,LO231,2026-04-11 06:41:00,2026-04-11 06:27:00,-14.0,2026-04-11 06:37:00,2026-04-11 06:38:00,A57 ,23.0,13.08,1.76,4.4,1.89,1.0
1,2026-04-11,OS297,2026-04-11 06:16:00,2026-04-11 06:07:00,-9.0,2026-04-11 06:21:00,2026-04-11 06:24:00,A43 ,85.0,12.1,7.03,6.8,1.22,3.0
1,2026-04-11,SK597,2026-04-11 08:00:00,2026-04-11 07:51:00,-9.0,2026-04-11 08:07:00,2026-04-11 08:11:00,A47 ,68.0,16.53,4.11,4.39,1.9,4.0
1,2026-04-11,SN1138,2026-04-11 10:21:00,2026-04-11 10:01:00,-20.0,2026-04-11 10:21:00,2026-04-11 10:24:00,B28 A,87.0,11.23,7.75,5.06,1.58,3.0
1,2026-04-11,SN1574,2026-04-11 07:29:00,2026-04-11 07:17:00,-12.0,2026-04-11 07:50:00,2026-04-11 07:54:00,A49 ,106.0,15.62,6.79,5.43,1.53,4.0
1,2026-04-11,SN2652,2026-04-11 06:13:00,2026-04-11 05:58:00,-15.0,2026-04-11 06:07:00,2026-04-11 06:08:00,A58 ,9.0,12.64,0.71,4.88,1.71,1.0
1,2026-04-11,SN2906,2026-04-11 08:01:00,2026-04-11 07:53:00,-8.0,2026-04-11 08:10:00,2026-04-11 08:13:00,A50 ,57.0,12.27,4.65,3.79,2.2,3.0
1,2026-04-11,SN3132,2026-04-11 08:19:00,2026-04-11 08:24:00,5.0,2026-04-11 08:52:00,2026-04-11 08:56:00,A62 ,115.0,13.72,8.38,5.44,1.53,4.0
1,2026-04-11,SN3182,2026-04-11 07:23:00,2026-04-11 07:13:00,-10.0,2026-04-11 07:38:00,2026-04-11 07:41:00,A64 ,115.0,14.77,7.79,6.17,1.35,3.0
1,2026-04-11,SN3344,2026-04-11 07:21:00,2026-04-11 07:10:00,-11.0,2026-04-11 07:27:00,2026-04-11 07:29:00,A59 ,37.0,11.86,3.12,5.43,1.53,2.0
1,2026-04-11,SN3738,2026-04-11 06:14:00,2026-04-11 06:01:00,-13.0,2026-04-11 06:16:00,2026-04-11 06:18:00,A46 ,77.0,8.44,9.12,5.07,1.65,2.0
1,2026-04-11,SN3740,2026-04-11 08:13:00,2026-04-11 07:50:00,-23.0,2026-04-11 08:19:00,2026-04-11 08:23:00,A70 ,131.0,10.27,12.76,6.53,1.28,4.0
1,2026-04-11,SN3752,2026-04-11 07:25:00,2026-04-11 07:39:00,14.0,2026-04-11 07:57:00,2026-04-11 08:00:00,A57 ,79.0,13.28,5.95,5.48,1.52,3.0
1,2026-04-11,SN3766,2026-04-11 06:55:00,2026-04-11 06:36:00,-19.0,2026-04-11 07:00:00,2026-04-11 07:05:00,A56 ,129.0,11.12,11.6,3.62,2.31,5.0
1,2026-04-11,SN3768,2026-04-11 07:31:00,2026-04-11 08:38:00,67.0,2026-04-11 08:59:00,2026-04-11 09:07:00,A66 ,129.0,16.55,7.79,5.38,1.55,8.0
1,2026-04-11,SN3774,2026-04-11 08:21:00,2026-04-11 08:11:00,-10.0,2026-04-11 08:34:00,2026-04-11 08:37:00,A52 ,64.0,14.5,4.41,4.17,2.0,3.0
1,2026-04-11,SN3782,2026-04-11 11:35:00,2026-04-11 11:27:00,-8.0,2026-04-11 11:43:00,2026-04-11 13:04:00,A60 ,160.0,13.25,12.07,5.85,1.42,81.0
1,2026-04-11,SN3784,2026-04-11 06:44:00,2026-04-11 06:32:00,-12.0,2026-04-11 08:12:00,2026-04-11 08:22:00,A45 ,113.0,9.74,11.61,4.66,1.79,10.0
1,2026-04-11,SN3806,2026-04-11 09:44:00,2026-04-11 09:37:00,-7.0,2026-04-11 10:02:00,2026-04-11 10:07:00,A54 ,120.0,12.62,9.51,4.63,1.8,5.0
1,2026-04-11,SN3820,2026-04-11 10:45:00,2026-04-11 11:02:00,17.0,2026-04-11 11:28:00,2026-04-11 11:32:00,A50 ,84.0,13.81,6.08,4.25,1.96,4.0
1,2026-04-11,SN3828,2026-04-11 10:54:00,2026-04-11 10:46:00,-8.0,2026-04-11 12:01:00,2026-04-11 12:20:00,A61 ,125.0,14.24,8.78,4.55,1.83,19.0
1,2026-04-11,SN3886,2026-04-11 10:15:00,2026-04-11 10:41:00,26.0,2026-04-11 10:53:00,2026-04-11 12:12:00,B14 A,152.0,15.75,9.65,4.9,1.36,79.0
1,2026-04-11,TB1502,2026-04-11 10:55:00,2026-04-11 12:16:00,81.0,2026-04-11 12:39:00,2026-04-11 12:54:00,A63 ,133.0,13.7,9.71,6.45,1.29,15.0
1,2026-04-11,TB1552,2026-04-11 07:47:00,2026-04-11 07:43:00,-4.0,2026-04-11 07:55:00,2026-04-11 07:59:00,A68 ,66.0,10.98,6.01,5.61,1.48,4.0
1,2026-04-11,TB1702,2026-04-11 09:26:00,2026-04-11 09:29:00,3.0,2026-04-11 09:48:00,2026-04-11 09:54:00,A43 ,151.0,11.95,12.64,4.89,1.7,6.0
1,2026-04-11,TB1704,2026-04-11 08:56:00,2026-04-11 08:41:00,-15.0,2026-04-11 09:04:00,2026-04-11 09:09:00,A65 ,147.0,13.83,10.63,4.87,1.71,5.0
1,2026-04-11,TB1756,2026-04-11 10:30:00,2026-04-11 10:37:00,7.0,2026-04-11 10:58:00,2026-04-11 12:09:00,A65 ,164.0,9.82,16.7,4.63,1.8,71.0
1,2026-04-11,TB1758,2026-04-11 10:32:00,2026-04-11 12:40:00,128.0,2026-04-11 13:03:00,2026-04-11 13:08:00,A72 ,142.0,13.29,10.69,5.1,1.63,5.0
1,2026-04-11,TB2031,2026-04-11 07:32:00,2026-04-11 07:08:00,-24.0,2026-04-11 07:24:00,2026-04-11 07:33:00,B30 A,152.0,12.3,12.36,4.04,2.21,9.0
1,2026-04-11,TB2614,2026-04-11 08:39:00,2026-04-11 08:51:00,12.0,2026-04-11 09:10:00,2026-04-11 09:15:00,B9  A,138.0,15.03,9.18,7.88,1.06,5.0
1,2026-04-11,TK1941,2026-04-11 09:30:00,2026-04-11 09:22:00,-8.0,2026-04-11 09:38:00,2026-04-11 09:46:00,B7  A,161.0,12.87,12.51,5.07,1.64,8.0
1,2026-04-11,TP644,2026-04-11 08:11:00,2026-04-11 08:27:00,16.0,2026-04-11 08:46:00,2026-04-11 08:55:00,A53 ,86.0,10.83,7.94,4.7,1.77,9.0
1,2026-04-11,TP646,2026-04-11 08:01:00,2026-04-11 09:30:00,89.0,2026-04-11 09:51:00,2026-04-11 09:56:00,A59 ,107.0,10.13,10.57,5.06,1.65,5.0
1,2026-04-11,VY1334,2026-04-11 07:06:00,2026-04-11 06:50:00,-16.0,2026-04-11 07:09:00,2026-04-11 07:11:00,A47 ,71.0,13.2,5.38,4.97,1.68,2.0
1,2026-04-11,VY8984,2026-04-11 06:55:00,2026-04-11 07:23:00,28.0,2026-04-11 07:33:00,2026-04-11 07:34:00,A45 ,55.0,15.05,3.65,5.41,1.54,1.0
2,2026-04-11,BA388,2026-04-11 06:19:00,2026-04-11 05:59:00,-20.0,2026-04-11 06:14:00,2026-04-11 06:18:00,B7  A,90.0,9.33,9.64,3.28,2.54,4.0
2,2026-04-11,FH8116,2026-04-11 12:44:00,2026-04-11 12:48:00,4.0,2026-04-11 13:06:00,2026-04-11 13:13:00,B38 A,140.0,13.76,10.17,4.74,2.46,7.0
2,2026-04-11,HV9078,2026-04-11 10:31:00,2026-04-11 10:29:00,-2.0,2026-04-11 10:47:00,2026-04-11 10:50:00,A42 ,85.0,16.01,5.31,5.33,1.56,3.0
2,2026-04-11,IB1301,2026-04-11 07:06:00,2026-04-11 06:41:00,-25.0,2026-04-11 06:55:00,2026-04-11 07:01:00,A55 ,77.0,10.52,7.32,6.59,1.26,6.0
2,2026-04-11,IB603,2026-04-11 07:37:00,2026-04-11 07:50:00,13.0,2026-04-11 08:07:00,2026-04-11 08:10:00,A51 ,81.0,14.13,5.73,4.26,1.96,3.0
2,2026-04-11,KM420,2026-04-11 06:21:00,2026-04-11 05:59:00,-22.0,2026-04-11 06:18:00,2026-04-11 06:23:00,A45 ,138.0,12.54,11.01,4.92,1.69,5.0
2,2026-04-11,LO231,2026-04-11 08:40:00,2026-04-11 08:34:00,-6.0,2026-04-11 08:52:00,2026-04-11 08:54:00,A55 ,22.0,11.14,1.98,4.08,2.04,2.0
2,2026-04-11,OS297,2026-04-11 06:16:00,2026-04-11 06:07:00,-9.0,2026-04-11 06:21:00,2026-04-11 06:24:00,A43 ,85.0,12.62,6.73,6.97,1.2,3.0
2,2026-04-11,SK597,2026-04-11 08:00:00,2026-04-11 07:51:00,-9.0,2026-04-11 08:07:00,2026-04-11 08:11:00,A47 ,68.0,13.76,4.94,4.66,1.79,4.0
2,2026-04-11,SN1138,2026-04-11 10:21:00,2026-04-11 10:01:00,-20.0,2026-04-11 10:21:00,2026-04-11 10:24:00,B28 A,87.0,9.8,8.88,5.45,1.47,3.0
2,2026-04-11,SN1574,2026-04-11 07:29:00,2026-04-11 07:17:00,-12.0,2026-04-11 07:50:00,2026-04-11 07:54:00,A49 ,106.0,12.64,8.38,4.72,1.77,4.0
2,2026-04-11,SN2652,2026-04-11 08:16:00,2026-04-11 08:10:00,-6.0,2026-04-11 08:25:00,2026-04-11 08:27:00,A62 ,22.0,14.38,1.53,3.56,2.34,2.0
2,2026-04-11,SN2906,2026-04-11 08:01:00,2026-04-11 07:53:00,-8.0,2026-04-11 08:10:00,2026-04-11 08:13:00,A50 ,57.0,12.61,4.52,5.36,1.56,3.0
2,2026-04-11,SN3132,2026-04-11 08:19:00,2026-04-11 08:24:00,5.0,2026-04-11 08:52:00,2026-04-11 08:56:00,A62 ,115.0,16.53,6.95,5.56,1.5,4.0
2,2026-04-11,SN3182,2026-04-11 06:23:00,2026-04-11 06:40:00,17.0,2026-04-11 06:59:00,2026-04-11 07:03:00,A64 ,82.0,14.78,5.55,4.54,1.84,4.0
2,2026-04-11,SN3344,2026-04-11 07:21:00,2026-04-11 07:10:00,-11.0,2026-04-11 07:27:00,2026-04-11 07:29:00,A59 ,37.0,9.89,3.74,5.9,1.41,2.0
2,2026-04-11,SN3738,2026-04-11 08:14:00,2026-04-11 10:18:00,124.0,2026-04-11 10:49:00,2026-04-11 10:54:00,A64 ,113.0,11.27,10.03,4.27,1.95,5.0
2,2026-04-11,SN3740,2026-04-11 08:13:00,2026-04-11 07:50:00,-23.0,2026-04-11 08:19:00,2026-04-11 08:23:00,A70 ,131.0,10.22,12.82,4.26,1.96,4.0
2,2026-04-11,SN3752,2026-04-11 07:14:00,2026-04-11 07:18:00,4.0,2026-04-11 07:40:00,2026-04-11 07:43:00,A40 ,54.0,12.77,4.23,4.26,1.95,3.0
2,2026-04-11,SN3766,2026-04-11 06:55:00,2026-04-11 06:36:00,-19.0,2026-04-11 07:00:00,2026-04-11 07:05:00,A56 ,129.0,12.74,10.13,4.21,1.98,5.0
2,2026-04-11,SN3768,2026-04-11 07:31:00,2026-04-11 08:38:00,67.0,2026-04-11 08:59:00,2026-04-11 09:07:00,A66 ,129.0,14.06,9.17,4.55,1.83,8.0
2,2026-04-11,SN3774,2026-04-11 08:21:00,2026-04-11 08:11:00,-10.0,2026-04-11 08:34:00,2026-04-11 08:37:00,A52 ,64.0,15.29,4.19,4.6,1.81,3.0
2,2026-04-11,SN3782,2026-04-11 11:35:00,2026-04-11 11:27:00,-8.0,2026-04-11 11:43:00,2026-04-11 13:04:00,A60 ,160.0,11.37,14.07,5.53,1.51,81.0
2,2026-04-11,SN3784,2026-04-11 10:26:00,2026-04-11 10:13:00,-13.0,2026-04-11 10:35:00,2026-04-11 12:01:00,A50 ,134.0,11.52,11.63,4.56,1.83,86.0
2,2026-04-11,SN3806,2026-04-11 09:44:00,2026-04-11 09:37:00,-7.0,2026-04-11 10:02:00,2026-04-11 10:07:00,A54 ,120.0,12.68,9.47,5.71,1.46,5.0
2,2026-04-11,SN3820,2026-04-11 08:45:00,2026-04-11 09:03:00,18.0,2026-04-11 09:29:00,2026-04-11 09:32:00,A65 ,77.0,8.5,9.06,4.73,1.76,3.0
2,2026-04-11,SN3828,2026-04-11 10:54:00,2026-04-11 10:46:00,-8.0,2026-04-11 12:01:00,2026-04-11 12:20:00,A61 ,125.0,13.1,9.54,5.95,1.4,19.0
2,2026-04-11,SN3886,2026-04-11 10:15:00,2026-04-11 10:41:00,26.0,2026-04-11 10:53:00,2026-04-11 12:12:00,B14 A,152.0,16.66,9.12,5.71,1.17,79.0
2,2026-04-11,TB1502,2026-04-11 10:55:00,2026-04-11 12:16:00,81.0,2026-04-11 12:39:00,2026-04-11 12:54:00,A63 ,133.0,11.55,11.51,5.75,1.45,15.0
2,2026-04-11,TB1552,2026-04-11 10:15:00,2026-04-11 10:31:00,16.0,2026-04-11 10:50:00,2026-04-11 10:59:00,A69 ,164.0,11.09,14.79,4.47,1.86,9.0
2,2026-04-11,TB1702,2026-04-11 09:26:00,2026-04-11 09:29:00,3.0,2026-04-11 09:48:00,2026-04-11 09:54:00,A43 ,151.0,16.82,8.98,4.91,1.7,6.0
2,2026-04-11,TB1704,2026-04-11 08:56:00,2026-04-11 08:41:00,-15.0,2026-04-11 09:04:00,2026-04-11 09:09:00,A65 ,147.0,15.84,9.28,7.3,1.14,5.0
2,2026-04-11,TB1756,2026-04-11 10:30:00,2026-04-11 10:37:00,7.0,2026-04-11 10:58:00,2026-04-11 12:09:00,A65 ,164.0,13.14,12.48,4.94,1.69,71.0
2,2026-04-11,TB1758,2026-04-11 10:32:00,2026-04-11 12:40:00,128.0,2026-04-11 13:03:00,2026-04-11 13:08:00,A72 ,142.0,9.86,14.4,5.61,1.49,5.0
2,2026-04-11,TB2031,2026-04-11 07:32:00,2026-04-11 07:08:00,-24.0,2026-04-11 07:24:00,2026-04-11 07:33:00,B30 A,152.0,13.64,11.14,3.36,2.65,9.0
2,2026-04-11,TB2614,2026-04-11 08:39:00,2026-04-11 08:51:00,12.0,2026-04-11 09:10:00,2026-04-11 09:15:00,B9  A,138.0,15.66,8.81,4.1,2.03,5.0
2,2026-04-11,TK1941,2026-04-11 09:30:00,2026-04-11 09:22:00,-8.0,2026-04-11 09:38:00,2026-04-11 09:46:00,B7  A,161.0,12.84,12.54,5.52,1.51,8.0
2,2026-04-11,TP644,2026-04-11 07:10:00,2026-04-11 07:04:00,-6.0,2026-04-11 07:24:00,2026-04-11 07:31:00,A53 ,123.0,12.21,10.07,4.76,1.75,7.0
2,2026-04-11,TP646,2026-04-11 11:00:00,2026-04-11 12:19:00,79.0,2026-04-11 12:42:00,2026-04-11 12:51:00,A51 ,146.0,10.74,13.6,4.12,2.02,9.0
2,2026-04-11,VY1334,2026-04-11 07:06:00,2026-04-11 06:50:00,-16.0,2026-04-11 07:09:00,2026-04-11 07:11:00,A47 ,71.0,11.74,6.05,5.76,1.45,2.0
2,2026-04-11,VY8984,2026-04-11 07:57:00,2026-04-11 07:35:00,-22.0,2026-04-11 07:48:00,2026-04-11 07:50:00,A43 ,54.0,10.44,5.17,4.32,1.93,2.0
3,2026-04-11,BA388,2026-04-11 06:19:00,2026-04-11 05:59:00,-20.0,2026-04-11 06:14:00,2026-04-11 06:18:00,B7  A,90.0,10.8,8.34,6.08,1.37,4.0
3,2026-04-11,FH8116,2026-04-11 06:35:00,2026-04-11 06:00:00,-35.0,2026-04-11 06:07:00,2026-04-11 06:09:00,B15 A,22.0,10.59,2.08,4.29,1.8,2.0
3,2026-04-11,HV9078,2026-04-11 10:31:00,2026-04-11 10:29:00,-2.0,2026-04-11 10:47:00,2026-04-11 10:50:00,A42 ,85.0,14.15,6.01,5.23,1.59,3.0
3,2026-04-11,IB1301,2026-04-11 07:06:00,2026-04-11 06:41:00,-25.0,2026-04-11 06:55:00,2026-04-11 07:01:00,A55 ,77.0,11.57,6.65,4.59,1.81,6.0
3,2026-04-11,IB603,2026-04-11 10:37:00,2026-04-11 10:16:00,-21.0,2026-04-11 10:34:00,2026-04-11 10:46:00,A45 ,94.0,11.05,8.51,5.38,1.55,12.0
3,2026-04-11,KM420,2026-04-11 07:21:00,2026-04-11 06:52:00,-29.0,2026-04-11 07:07:00,2026-04-11 07:20:00,A62 ,167.0,14.16,11.79,4.09,2.04,13.0
3,2026-04-11,LO231,2026-04-11 09:41:00,2026-04-11 09:36:00,-5.0,2026-04-11 09:51:00,2026-04-11 09:53:00,A53 ,54.0,9.85,5.48,3.68,2.27,2.0
3,2026-04-11,OS297,2026-04-11 07:15:00,2026-04-11 07:12:00,-3.0,2026-04-11 07:26:00,2026-04-11 07:34:00,A49 ,126.0,13.05,9.66,4.57,1.82,8.0
3,2026-04-11,SK597,2026-04-11 08:00:00,2026-04-11 07:51:00,-9.0,2026-04-11 08:07:00,2026-04-11 08:11:00,A47 ,68.0,14.97,4.54,5.4,1.54,4.0
3,2026-04-11,SN1138,2026-04-11 10:21:00,2026-04-11 10:01:00,-20.0,2026-04-11 10:21:00,2026-04-11 10:24:00,B28 A,87.0,11.59,7.51,5.03,1.59,3.0
3,2026-04-11,SN1574,2026-04-11 07:29:00,2026-04-11 07:17:00,-12.0,2026-04-11 07:50:00,2026-04-11 07:54:00,A49 ,106.0,15.52,6.83,3.47,2.4,4.0
3,2026-04-11,SN2652,2026-04-11 09:14:00,2026-04-11 09:02:00,-12.0,2026-04-11 09:22:00,2026-04-11 09:44:00,A54 ,20.0,12.83,1.56,3.96,2.11,22.0
3,2026-04-11,SN2906,2026-04-11 06:58:00,2026-04-11 06:45:00,-13.0,2026-04-11 06:56:00,2026-04-11 06:59:00,A46 ,52.0,10.27,5.07,3.77,2.21,3.0
3,2026-04-11,SN3132,2026-04-11 08:19:00,2026-04-11 08:24:00,5.0,2026-04-11 08:52:00,2026-04-11 08:56:00,A62 ,115.0,14.56,7.9,5.68,1.47,4.0
3,2026-04-11,SN3182,2026-04-11 06:23:00,2026-04-11 06:40:00,17.0,2026-04-11 06:59:00,2026-04-11 07:03:00,A64 ,82.0,9.26,8.86,6.33,1.32,4.0
3,2026-04-11,SN3344,2026-04-11 06:18:00,2026-04-11 06:23:00,5.0,2026-04-11 06:45:00,2026-04-11 06:47:00,A66 ,41.0,11.44,3.59,5.37,1.55,2.0
3,2026-04-11,SN3738,2026-04-11 07:14:00,2026-04-11 07:03:00,-11.0,2026-04-11 07:29:00,2026-04-11 07:32:00,A66 ,92.0,12.76,7.21,5.04,1.65,3.0
3,2026-04-11,SN3740,2026-04-11 08:13:00,2026-04-11 07:50:00,-23.0,2026-04-11 08:19:00,2026-04-11 08:23:00,A70 ,131.0,14.62,8.96,4.69,1.78,4.0
3,2026-04-11,SN3752,2026-04-11 07:14:00,2026-04-11 07:18:00,4.0,2026-04-11 07:40:00,2026-04-11 07:43:00,A40 ,54.0,14.84,3.64,5.38,1.55,3.0
3,2026-04-11,SN3766,2026-04-11 06:55:00,2026-04-11 06:36:00,-19.0,2026-04-11 07:00:00,2026-04-11 07:05:00,A56 ,129.0,14.05,9.18,5.62,1.48,5.0
3,2026-04-11,SN3768,2026-04-11 07:31:00,2026-04-11 08:38:00,67.0,2026-04-11 08:59:00,2026-04-11 09:07:00,A66 ,129.0,11.37,11.34,4.12,2.02,8.0
3,2026-04-11,SN3774,2026-04-11 06:20:00,2026-04-11 07:00:00,40.0,2026-04-11 07:23:00,2026-04-11 07:25:00,A50 ,66.0,12.45,5.3,4.66,1.79,2.0
3,2026-04-11,SN3782,2026-04-11 09:41:00,2026-04-11 10:02:00,21.0,2026-04-11 10:28:00,2026-04-11 10:41:00,A40 ,138.0,14.38,9.6,4.15,2.01,13.0
3,2026-04-11,SN3784,2026-04-11 06:44:00,2026-04-11 06:32:00,-12.0,2026-04-11 08:12:00,2026-04-11 08:22:00,A45 ,113.0,13.22,8.55,5.35,1.56,10.0
3,2026-04-11,SN3806,2026-04-11 09:44:00,2026-04-11 09:37:00,-7.0,2026-04-11 10:02:00,2026-04-11 10:07:00,A54 ,120.0,9.99,12.01,3.88,2.15,5.0
3,2026-04-11,SN3820,2026-04-11 06:45:00,2026-04-11 07:04:00,19.0,2026-04-11 07:29:00,2026-04-11 07:32:00,A40 ,59.0,12.07,4.89,4.84,1.72,3.0
3,2026-04-11,SN3828,2026-04-11 10:54:00,2026-04-11 10:46:00,-8.0,2026-04-11 12:01:00,2026-04-11 12:20:00,A61 ,125.0,11.38,10.99,5.89,1.42,19.0
3,2026-04-11,SN3886,2026-04-11 10:15:00,2026-04-11 10:41:00,26.0,2026-04-11 10:53:00,2026-04-11 12:12:00,B14 A,152.0,15.77,9.64,4.65,1.43,79.0
3,2026-04-11,TB1502,2026-04-11 10:55:00,2026-04-11 12:16:00,81.0,2026-04-11 12:39:00,2026-04-11 12:54:00,A63 ,133.0,14.07,9.45,4.92,1.69,15.0
3,2026-04-11,TB1552,2026-04-11 10:15:00,2026-04-11 10:31:00,16.0,2026-04-11 10:50:00,2026-04-11 10:59:00,A69 ,164.0,13.28,12.35,5.95,1.4,9.0
3,2026-04-11,TB1702,2026-04-11 09:26:00,2026-04-11 09:29:00,3.0,2026-04-11 09:48:00,2026-04-11 09:54:00,A43 ,151.0,13.67,11.05,5.55,1.5,6.0
3,2026-04-11,TB1704,2026-04-11 08:56:00,2026-04-11 08:41:00,-15.0,2026-04-11 09:04:00,2026-04-11 09:09:00,A65 ,147.0,11.25,13.06,4.74,1.76,5.0
3,2026-04-11,TB1756,2026-04-11 10:30:00,2026-04-11 10:37:00,7.0,2026-04-11 10:58:00,2026-04-11 12:09:00,A65 ,164.0,11.15,14.7,6.98,1.19,71.0
3,2026-04-11,TB1758,2026-04-11 10:32:00,2026-04-11 12:40:00,128.0,2026-04-11 13:03:00,2026-04-11 13:08:00,A72 ,142.0,15.78,9.0,4.81,1.73,5.0
3,2026-04-11,TB2031,2026-04-11 07:32:00,2026-04-11 07:08:00,-24.0,2026-04-11 07:24:00,2026-04-11 07:33:00,B30 A,152.0,13.79,11.02,5.12,1.74,9.0
3,2026-04-11,TB2614,2026-04-11 08:39:00,2026-04-11 08:51:00,12.0,2026-04-11 09:10:00,2026-04-11 09:15:00,B9  A,138.0,16.19,8.53,5.49,1.52,5.0
3,2026-04-11,TK1941,2026-04-11 09:30:00,2026-04-11 09:22:00,-8.0,2026-04-11 09:38:00,2026-04-11 09:46:00,B7  A,161.0,11.98,13.44,4.22,1.98,8.0
3,2026-04-11,TP644,2026-04-11 07:10:00,2026-04-11 07:04:00,-6.0,2026-04-11 07:24:00,2026-04-11 07:31:00,A53 ,123.0,13.96,8.81,4.13,2.02,7.0
3,2026-04-11,TP646,2026-04-11 06:01:00,2026-04-11 07:10:00,69.0,2026-04-11 07:24:00,2026-04-11 07:29:00,A59 ,114.0,15.54,7.34,4.49,1.86,5.0
3,2026-04-11,VY1334,2026-04-11 07:06:00,2026-04-11 06:50:00,-16.0,2026-04-11 07:09:00,2026-04-11 07:11:00,A47 ,71.0,14.34,4.95,5.34,1.56,2.0
3,2026-04-11,VY8984,2026-04-11 06:55:00,2026-04-11 07:23:00,28.0,2026-04-11 07:33:00,2026-04-11 07:34:00,A45 ,55.0,12.3,4.47,6.11,1.36,1.0
4,2026-04-11,BA388,2026-04-11 06:19:00,2026-04-11 05:59:00,-20.0,2026-04-11 06:14:00,2026-04-11 06:18:00,B7  A,90.0,13.11,6.86,5.25,1.59,4.0
4,2026-04-11,FH8116,2026-04-11 06:35:00,2026-04-11 06:00:00,-35.0,2026-04-11 06:07:00,2026-04-11 06:09:00,B15 A,22.0,13.49,1.63,3.96,1.95,2.0
4,2026-04-11,HV9078,2026-04-11 10:31:00,2026-04-11 10:29:00,-2.0,2026-04-11 10:47:00,2026-04-11 10:50:00,A42 ,85.0,13.41,6.34,4.32,1.93,3.0
4,2026-04-11,IB1301,2026-04-11 06:06:00,2026-04-11 08:18:00,132.0,2026-04-11 08:38:00,2026-04-11 08:41:00,A61 ,70.0,14.02,4.99,5.52,1.51,3.0
4,2026-04-11,IB603,2026-04-11 10:37:00,2026-04-11 10:16:00,-21.0,2026-04-11 10:34:00,2026-04-11 10:46:00,A45 ,94.0,14.07,6.68,5.54,1.5,12.0
4,2026-04-11,KM420,2026-04-11 07:21:00,2026-04-11 06:52:00,-29.0,2026-04-11 07:07:00,2026-04-11 07:20:00,A62 ,167.0,12.49,13.37,5.39,1.54,13.0
4,2026-04-11,LO231,2026-04-11 10:41:00,2026-04-11 10:45:00,4.0,2026-04-11 11:07:00,2026-04-11 11:09:00,A53 ,33.0,13.97,2.36,5.85,1.42,2.0
4,2026-04-11,OS297,2026-04-11 06:16:00,2026-04-11 06:07:00,-9.0,2026-04-11 06:21:00,2026-04-11 06:24:00,A43 ,85.0,15.43,5.51,4.82,1.73,3.0
4,2026-04-11,SK597,2026-04-11 08:00:00,2026-04-11 07:51:00,-9.0,2026-04-11 08:07:00,2026-04-11 08:11:00,A47 ,68.0,11.57,5.88,5.48,1.52,4.0
4,2026-04-11,SN1138,2026-04-11 10:21:00,2026-04-11 10:01:00,-20.0,2026-04-11 10:21:00,2026-04-11 10:24:00,B28 A,87.0,14.23,6.11,5.44,1.47,3.0
4,2026-04-11,SN1574,2026-04-11 07:29:00,2026-04-11 07:17:00,-12.0,2026-04-11 07:50:00,2026-04-11 07:54:00,A49 ,106.0,8.83,12.01,5.26,1.59,4.0
4,2026-04-11,SN2652,2026-04-11 09:14:00,2026-04-11 09:02:00,-12.0,2026-04-11 09:22:00,2026-04-11 09:44:00,A54 ,20.0,10.9,1.83,4.11,2.03,22.0
4,2026-04-11,SN2906,2026-04-11 06:00:00,2026-04-11 05:57:00,-3.0,2026-04-11 06:15:00,2026-04-11 06:19:00,A68 ,33.0,12.16,2.71,5.69,1.47,4.0
4,2026-04-11,SN3132,2026-04-11 08:19:00,2026-04-11 08:24:00,5.0,2026-04-11 08:52:00,2026-04-11 08:56:00,A62 ,115.0,12.08,9.52,3.4,2.45,4.0
4,2026-04-11,SN3182,2026-04-11 06:23:00,2026-04-11 06:40:00,17.0,2026-04-11 06:59:00,2026-04-11 07:03:00,A64 ,82.0,8.06,10.17,4.59,1.82,4.0
4,2026-04-11,SN3344,2026-04-11 06:18:00,2026-04-11 06:23:00,5.0,2026-04-11 06:45:00,2026-04-11 06:47:00,A66 ,41.0,10.63,3.86,4.97,1.68,2.0
4,2026-04-11,SN3738,2026-04-11 10:16:00,2026-04-11 10:11:00,-5.0,2026-04-11 10:34:00,2026-04-11 10:38:00,A68 ,101.0,11.36,8.89,4.6,1.81,4.0
4,2026-04-11,SN3740,2026-04-11 08:13:00,2026-04-11 07:50:00,-23.0,2026-04-11 08:19:00,2026-04-11 08:23:00,A70 ,131.0,9.51,13.78,5.19,1.61,4.0
4,2026-04-11,SN3752,2026-04-11 07:25:00,2026-04-11 07:39:00,14.0,2026-04-11 07:57:00,2026-04-11 08:00:00,A57 ,79.0,14.49,5.45,3.99,2.09,3.0
4,2026-04-11,SN3766,2026-04-11 06:55:00,2026-04-11 06:36:00,-19.0,2026-04-11 07:00:00,2026-04-11 07:05:00,A56 ,129.0,10.11,12.76,5.85,1.42,5.0
4,2026-04-11,SN3768,2026-04-11 07:31:00,2026-04-11 08:38:00,67.0,2026-04-11 08:59:00,2026-04-11 09:07:00,A66 ,129.0,9.37,13.76,3.79,2.2,8.0
4,2026-04-11,SN3774,2026-04-11 10:44:00,2026-04-11 10:30:00,-14.0,2026-04-11 11:02:00,2026-04-11 11:10:00,A72 ,106.0,11.45,9.26,5.14,1.62,8.0
4,2026-04-11,SN3782,2026-04-11 06:34:00,2026-04-11 06:27:00,-7.0,2026-04-11 06:58:00,2026-04-11 08:03:00,A61 ,88.0,12.67,6.94,4.35,1.92,65.0
4,2026-04-11,SN3784,2026-04-11 10:26:00,2026-04-11 10:13:00,-13.0,2026-04-11 10:35:00,2026-04-11 12:01:00,A50 ,134.0,13.2,10.15,4.09,2.04,86.0
4,2026-04-11,SN3806,2026-04-11 09:44:00,2026-04-11 09:37:00,-7.0,2026-04-11 10:02:00,2026-04-11 10:07:00,A54 ,120.0,8.26,14.53,5.07,1.64,5.0
4,2026-04-11,SN3820,2026-04-11 08:45:00,2026-04-11 09:03:00,18.0,2026-04-11 09:29:00,2026-04-11 09:32:00,A65 ,77.0,9.03,8.53,5.43,1.53,3.0
4,2026-04-11,SN3828,2026-04-11 10:54:00,2026-04-11 10:46:00,-8.0,2026-04-11 12:01:00,2026-04-11 12:20:00,A61 ,125.0,14.06,8.89,4.72,1.77,19.0
4,2026-04-11,SN3886,2026-04-11 10:15:00,2026-04-11 10:41:00,26.0,2026-04-11 10:53:00,2026-04-11 12:12:00,B14 A,152.0,15.22,9.99,4.91,1.36,79.0
4,2026-04-11,TB1502,2026-04-11 10:55:00,2026-04-11 12:16:00,81.0,2026-04-11 12:39:00,2026-04-11 12:54:00,A63 ,133.0,10.44,12.73,6.61,1.26,15.0
4,2026-04-11,TB1552,2026-04-11 07:15:00,2026-04-11 07:08:00,-7.0,2026-04-11 07:38:00,2026-04-11 07:45:00,A61 ,152.0,11.39,13.35,3.92,2.13,7.0
4,2026-04-11,TB1702,2026-04-11 09:26:00,2026-04-11 09:29:00,3.0,2026-04-11 09:48:00,2026-04-11 09:54:00,A43 ,151.0,14.85,10.17,4.26,1.95,6.0
4,2026-04-11,TB1704,2026-04-11 08:56:00,2026-04-11 08:41:00,-15.0,2026-04-11 09:04:00,2026-04-11 09:09:00,A65 ,147.0,13.59,10.82,4.33,1.93,5.0
4,2026-04-11,TB1756,2026-04-11 10:30:00,2026-04-11 10:37:00,7.0,2026-04-11 10:58:00,2026-04-11 12:09:00,A65 ,164.0,15.55,10.55,5.99,1.39,71.0
4,2026-04-11,TB1758,2026-04-11 10:32:00,2026-04-11 12:40:00,128.0,2026-04-11 13:03:00,2026-04-11 13:08:00,A72 ,142.0,10.75,13.22,5.37,1.55,5.0
4,2026-04-11,TB2031,2026-04-11 07:32:00,2026-04-11 07:08:00,-24.0,2026-04-11 07:24:00,2026-04-11 07:33:00,B30 A,152.0,14.15,10.74,4.88,1.83,9.0
4,2026-04-11,TB2614,2026-04-11 08:39:00,2026-04-11 08:51:00,12.0,2026-04-11 09:10:00,2026-04-11 09:15:00,B9  A,138.0,13.57,10.17,4.6,1.81,5.0
4,2026-04-11,TK1941,2026-04-11 09:30:00,2026-04-11 09:22:00,-8.0,2026-04-11 09:38:00,2026-04-11 09:46:00,B7  A,161.0,12.79,12.59,5.49,1.52,8.0
4,2026-04-11,TP644,2026-04-11 07:10:00,2026-04-11 07:04:00,-6.0,2026-04-11 07:24:00,2026-04-11 07:31:00,A53 ,123.0,12.18,10.1,5.42,1.54,7.0
4,2026-04-11,TP646,2026-04-11 08:01:00,2026-04-11 09:30:00,89.0,2026-04-11 09:51:00,2026-04-11 09:56:00,A59 ,107.0,13.15,8.13,4.01,2.08,5.0
4,2026-04-11,VY1334,2026-04-11 07:06:00,2026-04-11 06:50:00,-16.0,2026-04-11 07:09:00,2026-04-11 07:11:00,A47 ,71.0,11.92,5.96,6.08,1.37,2.0
4,2026-04-11,VY8984,2026-04-11 06:55:00,2026-04-11 07:23:00,28.0,2026-04-11 07:33:00,2026-04-11 07:34:00,A45 ,55.0,10.76,5.11,4.73,1.76,1.0
5,2026-04-11,BA388,2026-04-11 06:19:00,2026-04-11 05:59:00,-20.0,2026-04-11 06:14:00,2026-04-11 06:18:00,B7  A,90.0,10.04,8.96,3.97,2.1,4.0
5,2026-04-11,FH8116,2026-04-11 12:44:00,2026-04-11 12:48:00,4.0,2026-04-11 13:06:00,2026-04-11 13:13:00,B38 A,140.0,12.39,11.3,5.27,2.21,7.0
5,2026-04-11,HV9078,2026-04-11 10:31:00,2026-04-11 10:29:00,-2.0,2026-04-11 10:47:00,2026-04-11 10:50:00,A42 ,85.0,15.54,5.47,4.78,1.74,3.0
5,2026-04-11,IB1301,2026-04-11 07:06:00,2026-04-11 06:41:00,-25.0,2026-04-11 06:55:00,2026-04-11 07:01:00,A55 ,77.0,14.19,5.43,4.45,1.87,6.0
5,2026-04-11,IB603,2026-04-11 07:11:00,2026-04-11 07:03:00,-8.0,2026-04-11 07:24:00,2026-04-11 07:27:00,A47 ,87.0,13.81,6.3,6.2,1.34,3.0
5,2026-04-11,KM420,2026-04-11 06:21:00,2026-04-11 05:59:00,-22.0,2026-04-11 06:18:00,2026-04-11 06:23:00,A45 ,138.0,12.03,11.47,6.21,1.34,5.0
5,2026-04-11,LO231,2026-04-11 08:40:00,2026-04-11 08:34:00,-6.0,2026-04-11 08:52:00,2026-04-11 08:54:00,A55 ,22.0,8.74,2.52,4.9,1.7,2.0
5,2026-04-11,OS297,2026-04-11 07:15:00,2026-04-11 07:12:00,-3.0,2026-04-11 07:26:00,2026-04-11 07:34:00,A49 ,126.0,11.76,10.71,3.64,2.29,8.0
5,2026-04-11,SK597,2026-04-11 08:00:00,2026-04-11 07:51:00,-9.0,2026-04-11 08:07:00,2026-04-11 08:11:00,A47 ,68.0,15.19,4.48,3.82,2.18,4.0
5,2026-04-11,SN1138,2026-04-11 10:21:00,2026-04-11 10:01:00,-20.0,2026-04-11 10:21:00,2026-04-11 10:24:00,B28 A,87.0,9.23,9.42,3.88,2.06,3.0
5,2026-04-11,SN1574,2026-04-11 07:29:00,2026-04-11 07:17:00,-12.0,2026-04-11 07:50:00,2026-04-11 07:54:00,A49 ,106.0,10.23,10.36,5.04,1.65,4.0
5,2026-04-11,SN2652,2026-04-11 09:59:00,2026-04-11 09:45:00,-14.0,2026-04-11 10:08:00,2026-04-11 10:11:00,A60 ,89.0,12.76,6.97,4.68,1.78,3.0
5,2026-04-11,SN2906,2026-04-11 08:01:00,2026-04-11 07:53:00,-8.0,2026-04-11 08:10:00,2026-04-11 08:13:00,A50 ,57.0,13.69,4.16,6.08,1.37,3.0
5,2026-04-11,SN3132,2026-04-11 06:23:00,2026-04-11 06:00:00,-23.0,2026-04-11 06:28:00,2026-04-11 06:32:00,A44 ,109.0,11.91,9.16,5.07,1.64,4.0
5,2026-04-11,SN3182,2026-04-11 07:23:00,2026-04-11 07:13:00,-10.0,2026-04-11 07:38:00,2026-04-11 07:41:00,A64 ,115.0,9.72,11.83,4.85,1.72,3.0
5,2026-04-11,SN3344,2026-04-11 06:18:00,2026-04-11 06:23:00,5.0,2026-04-11 06:45:00,2026-04-11 06:47:00,A66 ,41.0,15.49,2.65,4.72,1.77,2.0
5,2026-04-11,SN3738,2026-04-11 06:14:00,2026-04-11 06:01:00,-13.0,2026-04-11 06:16:00,2026-04-11 06:18:00,A46 ,77.0,11.22,6.87,5.64,1.48,2.0
5,2026-04-11,SN3740,2026-04-11 08:13:00,2026-04-11 07:50:00,-23.0,2026-04-11 08:19:00,2026-04-11 08:23:00,A70 ,131.0,12.78,10.25,4.94,1.69,4.0
5,2026-04-11,SN3752,2026-04-11 07:25:00,2026-04-11 07:39:00,14.0,2026-04-11 07:57:00,2026-04-11 08:00:00,A57 ,79.0,13.83,5.71,3.8,2.19,3.0
5,2026-04-11,SN3766,2026-04-11 06:55:00,2026-04-11 06:36:00,-19.0,2026-04-11 07:00:00,2026-04-11 07:05:00,A56 ,129.0,10.27,12.55,5.65,1.47,5.0
5,2026-04-11,SN3768,2026-04-11 07:31:00,2026-04-11 08:38:00,67.0,2026-04-11 08:59:00,2026-04-11 09:07:00,A66 ,129.0,16.58,7.78,4.57,1.82,8.0
5,2026-04-11,SN3774,2026-04-11 10:17:00,2026-04-11 10:10:00,-7.0,2026-04-11 10:31:00,2026-04-11 10:34:00,A52 ,71.0,11.08,6.41,4.05,2.06,3.0
5,2026-04-11,SN3782,2026-04-11 09:41:00,2026-04-11 10:02:00,21.0,2026-04-11 10:28:00,2026-04-11 10:41:00,A40 ,138.0,8.57,16.1,4.84,1.72,13.0
5,2026-04-11,SN3784,2026-04-11 06:44:00,2026-04-11 06:32:00,-12.0,2026-04-11 08:12:00,2026-04-11 08:22:00,A45 ,113.0,14.87,7.6,4.92,1.69,10.0
5,2026-04-11,SN3806,2026-04-11 09:44:00,2026-04-11 09:37:00,-7.0,2026-04-11 10:02:00,2026-04-11 10:07:00,A54 ,120.0,10.97,10.94,3.44,2.42,5.0
5,2026-04-11,SN3820,2026-04-11 08:45:00,2026-04-11 10:48:00,123.0,2026-04-11 11:16:00,2026-04-11 11:19:00,A46 ,84.0,12.02,6.99,4.81,1.73,3.0
5,2026-04-11,SN3828,2026-04-11 10:54:00,2026-04-11 10:46:00,-8.0,2026-04-11 12:01:00,2026-04-11 12:20:00,A61 ,125.0,10.37,12.06,4.31,1.93,19.0
5,2026-04-11,SN3886,2026-04-11 10:15:00,2026-04-11 10:41:00,26.0,2026-04-11 10:53:00,2026-04-11 12:12:00,B14 A,152.0,15.51,9.8,4.78,1.39,79.0
5,2026-04-11,TB1502,2026-04-11 10:55:00,2026-04-11 12:16:00,81.0,2026-04-11 12:39:00,2026-04-11 12:54:00,A63 ,133.0,12.79,10.4,5.92,1.41,15.0
5,2026-04-11,TB1552,2026-04-11 10:15:00,2026-04-11 10:31:00,16.0,2026-04-11 10:50:00,2026-04-11 10:59:00,A69 ,164.0,14.45,11.35,6.03,1.38,9.0
5,2026-04-11,TB1702,2026-04-11 09:26:00,2026-04-11 09:29:00,3.0,2026-04-11 09:48:00,2026-04-11 09:54:00,A43 ,151.0,12.25,12.32,5.0,1.67,6.0
5,2026-04-11,TB1704,2026-04-11 08:56:00,2026-04-11 08:41:00,-15.0,2026-04-11 09:04:00,2026-04-11 09:09:00,A65 ,147.0,11.57,12.7,4.87,1.71,5.0
5,2026-04-11,TB1756,2026-04-11 10:30:00,2026-04-11 10:37:00,7.0,2026-04-11 10:58:00,2026-04-11 12:09:00,A65 ,164.0,9.54,17.19,5.44,1.53,71.0
5,2026-04-11,TB1758,2026-04-11 10:32:00,2026-04-11 12:40:00,128.0,2026-04-11 13:03:00,2026-04-11 13:08:00,A72 ,142.0,11.66,12.18,5.88,1.42,5.0
5,2026-04-11,TB2031,2026-04-11 07:32:00,2026-04-11 07:08:00,-24.0,2026-04-11 07:24:00,2026-04-11 07:33:00,B30 A,152.0,13.7,11.09,5.06,1.76,9.0
5,2026-04-11,TB2614,2026-04-11 08:39:00,2026-04-11 08:51:00,12.0,2026-04-11 09:10:00,2026-04-11 09:15:00,B9  A,138.0,11.46,12.04,3.44,2.42,5.0
5,2026-04-11,TK1941,2026-04-11 09:30:00,2026-04-11 09:22:00,-8.0,2026-04-11 09:38:00,2026-04-11 09:46:00,B7  A,161.0,12.06,13.35,5.6,1.49,8.0
5,2026-04-11,TP644,2026-04-11 07:10:00,2026-04-11 07:04:00,-6.0,2026-04-11 07:24:00,2026-04-11 07:31:00,A53 ,123.0,12.71,9.68,5.28,1.58,7.0
5,2026-04-11,TP646,2026-04-11 08:58:00,2026-04-11 08:50:00,-8.0,2026-04-11 10:28:00,2026-04-11 10:30:00,A44 ,65.0,12.05,5.39,4.38,1.9,2.0
5,2026-04-11,VY1334,2026-04-11 07:06:00,2026-04-11 06:50:00,-16.0,2026-04-11 07:09:00,2026-04-11 07:11:00,A47 ,71.0,10.78,6.58,4.31,1.93,2.0
5,2026-04-11,VY8984,2026-04-11 09:06:00,2026-04-11 08:41:00,-25.0,2026-04-11 08:56:00,2026-04-11 09:00:00,A51 ,58.0,9.79,5.93,6.16,1.35,4.0
6,2026-04-11,BA388,2026-04-11 06:19:00,2026-04-11 05:59:00,-20.0,2026-04-11 06:14:00,2026-04-11 06:18:00,B7  A,90.0,13.26,6.79,4.15,2.01,4.0
6,2026-04-11,FH8116,2026-04-11 06:35:00,2026-04-11 06:00:00,-35.0,2026-04-11 06:07:00,2026-04-11 06:09:00,B15 A,22.0,9.99,2.2,6.23,1.24,2.0
6,2026-04-11,HV9078,2026-04-11 10:31:00,2026-04-11 10:29:00,-2.0,2026-04-11 10:47:00,2026-04-11 10:50:00,A42 ,85.0,12.83,6.63,5.75,1.45,3.0
6,2026-04-11,IB1301,2026-04-11 07:06:00,2026-04-11 06:41:00,-25.0,2026-04-11 06:55:00,2026-04-11 07:01:00,A55 ,77.0,12.78,6.03,6.49,1.28,6.0
6,2026-04-11,IB603,2026-04-11 10:37:00,2026-04-11 10:16:00,-21.0,2026-04-11 10:34:00,2026-04-11 10:46:00,A45 ,94.0,10.94,8.59,4.18,1.99,12.0
6,2026-04-11,KM420,2026-04-11 07:21:00,2026-04-11 06:52:00,-29.0,2026-04-11 07:07:00,2026-04-11 07:20:00,A62 ,167.0,15.0,11.14,4.25,1.96,13.0
6,2026-04-11,LO231,2026-04-11 09:41:00,2026-04-11 09:36:00,-5.0,2026-04-11 09:51:00,2026-04-11 09:53:00,A53 ,54.0,12.24,4.41,6.72,1.24,2.0
6,2026-04-11,OS297,2026-04-11 07:15:00,2026-04-11 07:12:00,-3.0,2026-04-11 07:26:00,2026-04-11 07:34:00,A49 ,126.0,14.03,8.98,5.28,1.58,8.0
6,2026-04-11,SK597,2026-04-11 06:57:00,2026-04-11 06:53:00,-4.0,2026-04-11 07:07:00,2026-04-11 07:15:00,A51 ,89.0,14.79,6.02,4.92,1.69,8.0
6,2026-04-11,SN1138,2026-04-11 10:21:00,2026-04-11 10:01:00,-20.0,2026-04-11 10:21:00,2026-04-11 10:24:00,B28 A,87.0,14.01,6.21,5.63,1.42,3.0
6,2026-04-11,SN1574,2026-04-11 07:29:00,2026-04-11 07:17:00,-12.0,2026-04-11 07:50:00,2026-04-11 07:54:00,A49 ,106.0,11.21,9.46,5.31,1.57,4.0
6,2026-04-11,SN2652,2026-04-11 09:14:00,2026-04-11 09:02:00,-12.0,2026-04-11 09:22:00,2026-04-11 09:44:00,A54 ,20.0,10.87,1.84,4.75,1.75,22.0
6,2026-04-11,SN2906,2026-04-11 06:00:00,2026-04-11 05:57:00,-3.0,2026-04-11 06:15:00,2026-04-11 06:19:00,A68 ,33.0,10.22,3.23,6.16,1.35,4.0
6,2026-04-11,SN3132,2026-04-11 08:19:00,2026-04-11 08:24:00,5.0,2026-04-11 08:52:00,2026-04-11 08:56:00,A62 ,115.0,12.65,9.09,4.45,1.87,4.0
6,2026-04-11,SN3182,2026-04-11 07:23:00,2026-04-11 07:13:00,-10.0,2026-04-11 07:38:00,2026-04-11 07:41:00,A64 ,115.0,11.79,9.75,5.91,1.41,3.0
6,2026-04-11,SN3344,2026-04-11 06:18:00,2026-04-11 06:23:00,5.0,2026-04-11 06:45:00,2026-04-11 06:47:00,A66 ,41.0,11.06,3.71,5.16,1.62,2.0
6,2026-04-11,SN3738,2026-04-11 11:36:00,2026-04-11 11:50:00,14.0,2026-04-11 13:15:00,2026-04-11 13:20:00,A40 ,116.0,13.04,8.89,4.46,1.87,5.0
6,2026-04-11,SN3740,2026-04-11 08:13:00,2026-04-11 07:50:00,-23.0,2026-04-11 08:19:00,2026-04-11 08:23:00,A70 ,131.0,12.6,10.39,5.26,1.58,4.0
6,2026-04-11,SN3752,2026-04-11 07:25:00,2026-04-11 07:39:00,14.0,2026-04-11 07:57:00,2026-04-11 08:00:00,A57 ,79.0,12.69,6.23,5.37,1.55,3.0
6,2026-04-11,SN3766,2026-04-11 06:55:00,2026-04-11 06:36:00,-19.0,2026-04-11 07:00:00,2026-04-11 07:05:00,A56 ,129.0,12.86,10.03,4.74,1.76,5.0
6,2026-04-11,SN3768,2026-04-11 07:31:00,2026-04-11 08:38:00,67.0,2026-04-11 08:59:00,2026-04-11 09:07:00,A66 ,129.0,10.86,11.87,4.14,2.01,8.0
6,2026-04-11,SN3774,2026-04-11 10:44:00,2026-04-11 10:30:00,-14.0,2026-04-11 11:02:00,2026-04-11 11:10:00,A72 ,106.0,12.07,8.78,4.48,1.86,8.0
6,2026-04-11,SN3782,2026-04-11 10:36:00,2026-04-11 12:13:00,97.0,2026-04-11 12:42:00,2026-04-11 12:49:00,A55 ,135.0,10.55,12.79,4.37,1.91,7.0
6,2026-04-11,SN3784,2026-04-11 06:44:00,2026-04-11 06:32:00,-12.0,2026-04-11 08:12:00,2026-04-11 08:22:00,A45 ,113.0,10.49,10.77,5.33,1.56,10.0
6,2026-04-11,SN3806,2026-04-11 09:44:00,2026-04-11 09:37:00,-7.0,2026-04-11 10:02:00,2026-04-11 10:07:00,A54 ,120.0,10.52,11.4,5.2,1.6,5.0
6,2026-04-11,SN3820,2026-04-11 06:45:00,2026-04-11 07:04:00,19.0,2026-04-11 07:29:00,2026-04-11 07:32:00,A40 ,59.0,12.9,4.57,5.21,1.6,3.0
6,2026-04-11,SN3828,2026-04-11 10:54:00,2026-04-11 10:46:00,-8.0,2026-04-11 12:01:00,2026-04-11 12:20:00,A61 ,125.0,9.41,13.28,5.59,1.49,19.0
6,2026-04-11,SN3886,2026-04-11 10:15:00,2026-04-11 10:41:00,26.0,2026-04-11 10:53:00,2026-04-11 12:12:00,B14 A,152.0,14.81,10.26,3.85,1.73,79.0
6,2026-04-11,TB1502,2026-04-11 10:55:00,2026-04-11 12:16:00,81.0,2026-04-11 12:39:00,2026-04-11 12:54:00,A63 ,133.0,16.4,8.11,4.64,1.79,15.0
6,2026-04-11,TB1552,2026-04-11 07:47:00,2026-04-11 07:43:00,-4.0,2026-04-11 07:55:00,2026-04-11 07:59:00,A68 ,66.0,14.24,4.63,4.86,1.72,4.0
6,2026-04-11,TB1702,2026-04-11 09:26:00,2026-04-11 09:29:00,3.0,2026-04-11 09:48:00,2026-04-11 09:54:00,A43 ,151.0,12.96,11.65,5.24,1.59,6.0
6,2026-04-11,TB1704,2026-04-11 08:56:00,2026-04-11 08:41:00,-15.0,2026-04-11 09:04:00,2026-04-11 09:09:00,A65 ,147.0,8.8,16.71,4.95,1.69,5.0
6,2026-04-11,TB1756,2026-04-11 10:30:00,2026-04-11 10:37:00,7.0,2026-04-11 10:58:00,2026-04-11 12:09:00,A65 ,164.0,10.83,15.14,5.58,1.49,71.0
6,2026-04-11,TB1758,2026-04-11 10:32:00,2026-04-11 12:40:00,128.0,2026-04-11 13:03:00,2026-04-11 13:08:00,A72 ,142.0,15.01,9.46,4.98,1.67,5.0
6,2026-04-11,TB2031,2026-04-11 07:32:00,2026-04-11 07:08:00,-24.0,2026-04-11 07:24:00,2026-04-11 07:33:00,B30 A,152.0,11.77,12.92,5.77,1.54,9.0
6,2026-04-11,TB2614,2026-04-11 08:39:00,2026-04-11 08:51:00,12.0,2026-04-11 09:10:00,2026-04-11 09:15:00,B9  A,138.0,12.49,11.05,5.26,1.58,5.0
6,2026-04-11,TK1941,2026-04-11 09:30:00,2026-04-11 09:22:00,-8.0,2026-04-11 09:38:00,2026-04-11 09:46:00,B7  A,161.0,11.5,14.0,4.71,1.77,8.0
6,2026-04-11,TP644,2026-04-11 07:10:00,2026-04-11 07:04:00,-6.0,2026-04-11 07:24:00,2026-04-11 07:31:00,A53 ,123.0,11.06,11.13,5.13,1.62,7.0
6,2026-04-11,TP646,2026-04-11 08:01:00,2026-04-11 09:30:00,89.0,2026-04-11 09:51:00,2026-04-11 09:56:00,A59 ,107.0,15.78,6.78,5.53,1.51,5.0
6,2026-04-11,VY1334,2026-04-11 07:06:00,2026-04-11 06:50:00,-16.0,2026-04-11 07:09:00,2026-04-11 07:11:00,A47 ,71.0,15.74,4.51,4.57,1.82,2.0
6,2026-04-11,VY8984,2026-04-11 07:57:00,2026-04-11 07:35:00,-22.0,2026-04-11 07:48:00,2026-04-11 07:50:00,A43 ,54.0,13.64,3.96,5.72,1.46,2.0
7,2026-04-11,BA388,2026-04-11 06:19:00,2026-04-11 05:59:00,-20.0,2026-04-11 06:14:00,2026-04-11 06:18:00,B7  A,90.0,10.4,8.65,5.66,1.47,4.0
7,2026-04-11,FH8116,2026-04-11 12:44:00,2026-04-11 12:48:00,4.0,2026-04-11 13:06:00,2026-04-11 13:13:00,B38 A,140.0,13.29,10.53,6.2,1.88,7.0
7,2026-04-11,HV9078,2026-04-11 10:31:00,2026-04-11 10:29:00,-2.0,2026-04-11 10:47:00,2026-04-11 10:50:00,A42 ,85.0,8.6,9.88,5.01,1.66,3.0
7,2026-04-11,IB1301,2026-04-11 07:06:00,2026-04-11 06:41:00,-25.0,2026-04-11 06:55:00,2026-04-11 07:01:00,A55 ,77.0,11.88,6.48,4.23,1.97,6.0
7,2026-04-11,IB603,2026-04-11 07:11:00,2026-04-11 07:03:00,-8.0,2026-04-11 07:24:00,2026-04-11 07:27:00,A47 ,87.0,16.4,5.31,4.69,1.78,3.0
7,2026-04-11,KM420,2026-04-11 07:21:00,2026-04-11 06:52:00,-29.0,2026-04-11 07:07:00,2026-04-11 07:20:00,A62 ,167.0,15.83,10.55,4.61,1.81,13.0
7,2026-04-11,LO231,2026-04-11 08:40:00,2026-04-11 08:34:00,-6.0,2026-04-11 08:52:00,2026-04-11 08:54:00,A55 ,22.0,14.51,1.52,5.13,1.63,2.0
7,2026-04-11,OS297,2026-04-11 06:16:00,2026-04-11 06:07:00,-9.0,2026-04-11 06:21:00,2026-04-11 06:24:00,A43 ,85.0,13.59,6.26,6.61,1.26,3.0
7,2026-04-11,SK597,2026-04-11 06:57:00,2026-04-11 06:53:00,-4.0,2026-04-11 07:07:00,2026-04-11 07:15:00,A51 ,89.0,10.12,8.8,5.48,1.52,8.0
7,2026-04-11,SN1138,2026-04-11 10:21:00,2026-04-11 10:01:00,-20.0,2026-04-11 10:21:00,2026-04-11 10:24:00,B28 A,87.0,11.27,7.72,4.2,1.91,3.0
7,2026-04-11,SN1574,2026-04-11 07:29:00,2026-04-11 07:17:00,-12.0,2026-04-11 07:50:00,2026-04-11 07:54:00,A49 ,106.0,11.91,8.9,3.99,2.09,4.0
7,2026-04-11,SN2652,2026-04-11 11:01:00,2026-04-11 10:52:00,-9.0,2026-04-11 11:25:00,2026-04-11 11:27:00,A52 ,52.0,16.99,3.06,6.55,1.27,2.0
7,2026-04-11,SN2906,2026-04-11 06:00:00,2026-04-11 05:57:00,-3.0,2026-04-11 06:15:00,2026-04-11 06:19:00,A68 ,33.0,13.94,2.37,4.81,1.73,4.0
7,2026-04-11,SN3132,2026-04-11 08:19:00,2026-04-11 08:24:00,5.0,2026-04-11 08:52:00,2026-04-11 08:56:00,A62 ,115.0,13.85,8.31,4.66,1.79,4.0
7,2026-04-11,SN3182,2026-04-11 06:23:00,2026-04-11 06:40:00,17.0,2026-04-11 06:59:00,2026-04-11 07:03:00,A64 ,82.0,10.76,7.62,5.43,1.54,4.0
7,2026-04-11,SN3344,2026-04-11 07:21:00,2026-04-11 07:10:00,-11.0,2026-04-11 07:27:00,2026-04-11 07:29:00,A59 ,37.0,13.74,2.69,6.83,1.22,2.0
7,2026-04-11,SN3738,2026-04-11 06:14:00,2026-04-11 06:01:00,-13.0,2026-04-11 06:16:00,2026-04-11 06:18:00,A46 ,77.0,13.36,5.76,4.69,1.78,2.0
7,2026-04-11,SN3740,2026-04-11 08:13:00,2026-04-11 07:50:00,-23.0,2026-04-11 08:19:00,2026-04-11 08:23:00,A70 ,131.0,14.68,8.92,5.49,1.52,4.0
7,2026-04-11,SN3752,2026-04-11 07:25:00,2026-04-11 07:39:00,14.0,2026-04-11 07:57:00,2026-04-11 08:00:00,A57 ,79.0,11.65,6.78,3.67,2.27,3.0
7,2026-04-11,SN3766,2026-04-11 06:55:00,2026-04-11 06:36:00,-19.0,2026-04-11 07:00:00,2026-04-11 07:05:00,A56 ,129.0,8.82,14.63,4.88,1.71,5.0
7,2026-04-11,SN3768,2026-04-11 07:31:00,2026-04-11 08:38:00,67.0,2026-04-11 08:59:00,2026-04-11 09:07:00,A66 ,129.0,11.86,10.88,5.36,1.56,8.0
7,2026-04-11,SN3774,2026-04-11 10:44:00,2026-04-11 10:30:00,-14.0,2026-04-11 11:02:00,2026-04-11 11:10:00,A72 ,106.0,11.71,9.05,4.36,1.91,8.0
7,2026-04-11,SN3782,2026-04-11 09:34:00,2026-04-11 09:27:00,-7.0,2026-04-11 09:52:00,2026-04-11 09:59:00,A56 ,129.0,13.59,9.49,6.04,1.38,7.0
7,2026-04-11,SN3784,2026-04-11 06:44:00,2026-04-11 06:32:00,-12.0,2026-04-11 08:12:00,2026-04-11 08:22:00,A45 ,113.0,11.96,9.45,4.55,1.83,10.0
7,2026-04-11,SN3806,2026-04-11 09:44:00,2026-04-11 09:37:00,-7.0,2026-04-11 10:02:00,2026-04-11 10:07:00,A54 ,120.0,13.01,9.22,4.66,1.79,5.0
7,2026-04-11,SN3820,2026-04-11 08:45:00,2026-04-11 09:03:00,18.0,2026-04-11 09:29:00,2026-04-11 09:32:00,A65 ,77.0,10.99,7.01,4.74,1.76,3.0
7,2026-04-11,SN3828,2026-04-11 10:54:00,2026-04-11 10:46:00,-8.0,2026-04-11 12:01:00,2026-04-11 12:20:00,A61 ,125.0,15.14,8.25,5.23,1.59,19.0
7,2026-04-11,SN3886,2026-04-11 10:15:00,2026-04-11 10:41:00,26.0,2026-04-11 10:53:00,2026-04-11 12:12:00,B14 A,152.0,15.17,10.02,6.75,0.99,79.0
7,2026-04-11,TB1502,2026-04-11 10:55:00,2026-04-11 12:16:00,81.0,2026-04-11 12:39:00,2026-04-11 12:54:00,A63 ,133.0,14.64,9.08,5.02,1.66,15.0
7,2026-04-11,TB1552,2026-04-11 07:15:00,2026-04-11 07:08:00,-7.0,2026-04-11 07:38:00,2026-04-11 07:45:00,A61 ,152.0,11.38,13.35,5.31,1.57,7.0
7,2026-04-11,TB1702,2026-04-11 09:26:00,2026-04-11 09:29:00,3.0,2026-04-11 09:48:00,2026-04-11 09:54:00,A43 ,151.0,11.99,12.59,5.21,1.6,6.0
7,2026-04-11,TB1704,2026-04-11 08:56:00,2026-04-11 08:41:00,-15.0,2026-04-11 09:04:00,2026-04-11 09:09:00,A65 ,147.0,13.27,11.08,5.44,1.53,5.0
7,2026-04-11,TB1756,2026-04-11 10:30:00,2026-04-11 10:37:00,7.0,2026-04-11 10:58:00,2026-04-11 12:09:00,A65 ,164.0,14.48,11.33,6.01,1.39,71.0
7,2026-04-11,TB1758,2026-04-11 10:32:00,2026-04-11 12:40:00,128.0,2026-04-11 13:03:00,2026-04-11 13:08:00,A72 ,142.0,11.82,12.01,5.79,1.44,5.0
7,2026-04-11,TB2031,2026-04-11 07:32:00,2026-04-11 07:08:00,-24.0,2026-04-11 07:24:00,2026-04-11 07:33:00,B30 A,152.0,15.28,9.95,4.93,1.81,9.0
7,2026-04-11,TB2614,2026-04-11 08:39:00,2026-04-11 08:51:00,12.0,2026-04-11 09:10:00,2026-04-11 09:15:00,B9  A,138.0,11.28,12.23,3.65,2.28,5.0
7,2026-04-11,TK1941,2026-04-11 09:30:00,2026-04-11 09:22:00,-8.0,2026-04-11 09:38:00,2026-04-11 09:46:00,B7  A,161.0,14.43,11.16,4.9,1.7,8.0
7,2026-04-11,TP644,2026-04-11 06:10:00,2026-04-11 06:00:00,-10.0,2026-04-11 06:11:00,2026-04-11 06:19:00,A43 ,128.0,14.03,9.13,5.85,1.42,8.0
7,2026-04-11,TP646,2026-04-11 10:02:00,2026-04-11 09:56:00,-6.0,2026-04-11 11:20:00,2026-04-11 11:29:00,A45 ,175.0,14.48,12.09,4.46,1.87,9.0
7,2026-04-11,VY1334,2026-04-11 07:06:00,2026-04-11 06:50:00,-16.0,2026-04-11 07:09:00,2026-04-11 07:11:00,A47 ,71.0,10.86,6.54,5.11,1.63,2.0
7,2026-04-11,VY8984,2026-04-11 06:55:00,2026-04-11 07:23:00,28.0,2026-04-11 07:33:00,2026-04-11 07:34:00,A45 ,55.0,9.83,5.59,6.5,1.28,1.0
8,2026-04-11,BA388,2026-04-11 06:19:00,2026-04-11 05:59:00,-20.0,2026-04-11 06:14:00,2026-04-11 06:18:00,B7  A,90.0,14.19,6.34,5.55,1.5,4.0
8,2026-04-11,FH8116,2026-04-11 06:35:00,2026-04-11 06:00:00,-35.0,2026-04-11 06:07:00,2026-04-11 06:09:00,B15 A,22.0,10.39,2.12,6.32,1.22,2.0
8,2026-04-11,HV9078,2026-04-11 10:31:00,2026-04-11 10:29:00,-2.0,2026-04-11 10:47:00,2026-04-11 10:50:00,A42 ,85.0,14.26,5.96,5.23,1.59,3.0
8,2026-04-11,IB1301,2026-04-11 06:06:00,2026-04-11 08:18:00,132.0,2026-04-11 08:38:00,2026-04-11 08:41:00,A61 ,70.0,13.65,5.13,5.06,1.65,3.0
8,2026-04-11,IB603,2026-04-11 08:34:00,2026-04-11 08:35:00,1.0,2026-04-11 08:54:00,2026-04-11 08:58:00,A53 ,132.0,15.08,8.76,5.99,1.39,4.0
8,2026-04-11,KM420,2026-04-11 06:21:00,2026-04-11 05:59:00,-22.0,2026-04-11 06:18:00,2026-04-11 06:23:00,A45 ,138.0,13.1,10.54,4.37,1.91,5.0
8,2026-04-11,LO231,2026-04-11 06:41:00,2026-04-11 06:27:00,-14.0,2026-04-11 06:37:00,2026-04-11 06:38:00,A57 ,23.0,11.22,2.05,4.97,1.68,1.0
8,2026-04-11,OS297,2026-04-11 07:15:00,2026-04-11 07:12:00,-3.0,2026-04-11 07:26:00,2026-04-11 07:34:00,A49 ,126.0,11.21,11.24,5.29,1.57,8.0
8,2026-04-11,SK597,2026-04-11 06:57:00,2026-04-11 06:53:00,-4.0,2026-04-11 07:07:00,2026-04-11 07:15:00,A51 ,89.0,13.43,6.63,4.27,1.95,8.0
8,2026-04-11,SN1138,2026-04-11 10:21:00,2026-04-11 10:01:00,-20.0,2026-04-11 10:21:00,2026-04-11 10:24:00,B28 A,87.0,13.04,6.67,5.2,1.54,3.0
8,2026-04-11,SN1574,2026-04-11 07:29:00,2026-04-11 07:17:00,-12.0,2026-04-11 07:50:00,2026-04-11 07:54:00,A49 ,106.0,15.73,6.74,4.2,1.98,4.0
8,2026-04-11,SN2652,2026-04-11 09:14:00,2026-04-11 09:02:00,-12.0,2026-04-11 09:22:00,2026-04-11 09:44:00,A54 ,20.0,14.34,1.39,4.83,1.73,22.0
8,2026-04-11,SN2906,2026-04-11 06:00:00,2026-04-11 05:57:00,-3.0,2026-04-11 06:15:00,2026-04-11 06:19:00,A68 ,33.0,15.29,2.16,4.33,1.93,4.0
8,2026-04-11,SN3132,2026-04-11 06:23:00,2026-04-11 06:00:00,-23.0,2026-04-11 06:28:00,2026-04-11 06:32:00,A44 ,109.0,9.85,11.06,5.13,1.62,4.0
8,2026-04-11,SN3182,2026-04-11 06:23:00,2026-04-11 06:40:00,17.0,2026-04-11 06:59:00,2026-04-11 07:03:00,A64 ,82.0,9.9,8.28,4.63,1.8,4.0
8,2026-04-11,SN3344,2026-04-11 07:21:00,2026-04-11 07:10:00,-11.0,2026-04-11 07:27:00,2026-04-11 07:29:00,A59 ,37.0,10.87,3.4,4.75,1.76,2.0
8,2026-04-11,SN3738,2026-04-11 07:14:00,2026-04-11 07:03:00,-11.0,2026-04-11 07:29:00,2026-04-11 07:32:00,A66 ,92.0,9.94,9.26,4.52,1.84,3.0
8,2026-04-11,SN3740,2026-04-11 08:13:00,2026-04-11 07:50:00,-23.0,2026-04-11 08:19:00,2026-04-11 08:23:00,A70 ,131.0,9.3,14.08,5.47,1.52,4.0
8,2026-04-11,SN3752,2026-04-11 07:14:00,2026-04-11 07:18:00,4.0,2026-04-11 07:40:00,2026-04-11 07:43:00,A40 ,54.0,11.53,4.68,4.92,1.69,3.0
8,2026-04-11,SN3766,2026-04-11 06:55:00,2026-04-11 06:36:00,-19.0,2026-04-11 07:00:00,2026-04-11 07:05:00,A56 ,129.0,14.26,9.05,5.46,1.53,5.0
8,2026-04-11,SN3768,2026-04-11 07:31:00,2026-04-11 08:38:00,67.0,2026-04-11 08:59:00,2026-04-11 09:07:00,A66 ,129.0,11.75,10.97,5.37,1.55,8.0
8,2026-04-11,SN3774,2026-04-11 08:21:00,2026-04-11 08:11:00,-10.0,2026-04-11 08:34:00,2026-04-11 08:37:00,A52 ,64.0,13.68,4.68,4.5,1.85,3.0
8,2026-04-11,SN3782,2026-04-11 09:41:00,2026-04-11 10:02:00,21.0,2026-04-11 10:28:00,2026-04-11 10:41:00,A40 ,138.0,12.19,11.32,5.43,1.54,13.0
8,2026-04-11,SN3784,2026-04-11 06:44:00,2026-04-11 06:32:00,-12.0,2026-04-11 08:12:00,2026-04-11 08:22:00,A45 ,113.0,11.27,10.03,5.01,1.66,10.0
8,2026-04-11,SN3806,2026-04-11 09:44:00,2026-04-11 09:37:00,-7.0,2026-04-11 10:02:00,2026-04-11 10:07:00,A54 ,120.0,13.57,8.84,4.42,1.89,5.0
8,2026-04-11,SN3820,2026-04-11 11:50:00,2026-04-11 12:03:00,13.0,2026-04-11 12:22:00,2026-04-11 12:27:00,A44 ,97.0,12.96,7.48,4.41,1.89,5.0
8,2026-04-11,SN3828,2026-04-11 10:54:00,2026-04-11 10:46:00,-8.0,2026-04-11 12:01:00,2026-04-11 12:20:00,A61 ,125.0,12.46,10.03,4.04,2.06,19.0
8,2026-04-11,SN3886,2026-04-11 10:15:00,2026-04-11 10:41:00,26.0,2026-04-11 10:53:00,2026-04-11 12:12:00,B14 A,152.0,14.47,10.5,4.72,1.41,79.0
8,2026-04-11,TB1502,2026-04-11 10:55:00,2026-04-11 12:16:00,81.0,2026-04-11 12:39:00,2026-04-11 12:54:00,A63 ,133.0,11.13,11.95,3.79,2.2,15.0
8,2026-04-11,TB1552,2026-04-11 07:15:00,2026-04-11 07:08:00,-7.0,2026-04-11 07:38:00,2026-04-11 07:45:00,A61 ,152.0,12.77,11.9,4.03,2.07,7.0
8,2026-04-11,TB1702,2026-04-11 09:26:00,2026-04-11 09:29:00,3.0,2026-04-11 09:48:00,2026-04-11 09:54:00,A43 ,151.0,12.83,11.77,4.15,2.01,6.0
8,2026-04-11,TB1704,2026-04-11 08:56:00,2026-04-11 08:41:00,-15.0,2026-04-11 09:04:00,2026-04-11 09:09:00,A65 ,147.0,12.47,11.79,4.81,1.73,5.0
8,2026-04-11,TB1756,2026-04-11 10:30:00,2026-04-11 10:37:00,7.0,2026-04-11 10:58:00,2026-04-11 12:09:00,A65 ,164.0,9.28,17.68,3.97,2.1,71.0
8,2026-04-11,TB1758,2026-04-11 10:32:00,2026-04-11 12:40:00,128.0,2026-04-11 13:03:00,2026-04-11 13:08:00,A72 ,142.0,13.26,10.71,3.56,2.34,5.0
8,2026-04-11,TB2031,2026-04-11 07:32:00,2026-04-11 07:08:00,-24.0,2026-04-11 07:24:00,2026-04-11 07:33:00,B30 A,152.0,14.25,10.67,5.23,1.71,9.0
8,2026-04-11,TB2614,2026-04-11 08:39:00,2026-04-11 08:51:00,12.0,2026-04-11 09:10:00,2026-04-11 09:15:00,B9  A,138.0,11.59,11.9,5.07,1.64,5.0
8,2026-04-11,TK1941,2026-04-11 09:30:00,2026-04-11 09:22:00,-8.0,2026-04-11 09:38:00,2026-04-11 09:46:00,B7  A,161.0,12.33,13.05,6.17,1.35,8.0
8,2026-04-11,TP644,2026-04-11 07:10:00,2026-04-11 07:04:00,-6.0,2026-04-11 07:24:00,2026-04-11 07:31:00,A53 ,123.0,12.82,9.6,3.86,2.16,7.0
8,2026-04-11,TP646,2026-04-11 06:01:00,2026-04-11 07:10:00,69.0,2026-04-11 07:24:00,2026-04-11 07:29:00,A59 ,114.0,14.54,7.84,4.68,1.78,5.0
8,2026-04-11,VY1334,2026-04-11 07:06:00,2026-04-11 06:50:00,-16.0,2026-04-11 07:09:00,2026-04-11 07:11:00,A47 ,71.0,12.81,5.54,5.52,1.51,2.0
8,2026-04-11,VY8984,2026-04-11 06:55:00,2026-04-11 07:23:00,28.0,2026-04-11 07:33:00,2026-04-11 07:34:00,A45 ,55.0,11.53,4.77,5.84,1.43,1.0
9,2026-04-11,BA388,2026-04-11 06:19:00,2026-04-11 05:59:00,-20.0,2026-04-11 06:14:00,2026-04-11 06:18:00,B7  A,90.0,12.89,6.98,4.24,1.96,4.0
9,2026-04-11,FH8116,2026-04-11 06:35:00,2026-04-11 06:00:00,-35.0,2026-04-11 06:07:00,2026-04-11 06:09:00,B15 A,22.0,16.7,1.32,5.36,1.44,2.0
9,2026-04-11,HV9078,2026-04-11 10:31:00,2026-04-11 10:29:00,-2.0,2026-04-11 10:47:00,2026-04-11 10:50:00,A42 ,85.0,13.0,6.54,4.84,1.72,3.0
9,2026-04-11,IB1301,2026-04-11 07:06:00,2026-04-11 06:41:00,-25.0,2026-04-11 06:55:00,2026-04-11 07:01:00,A55 ,77.0,9.86,7.81,5.32,1.57,6.0
9,2026-04-11,IB603,2026-04-11 10:37:00,2026-04-11 10:16:00,-21.0,2026-04-11 10:34:00,2026-04-11 10:46:00,A45 ,94.0,10.41,9.03,4.28,1.95,12.0
9,2026-04-11,KM420,2026-04-11 07:21:00,2026-04-11 06:52:00,-29.0,2026-04-11 07:07:00,2026-04-11 07:20:00,A62 ,167.0,13.47,12.4,4.96,1.68,13.0
9,2026-04-11,LO231,2026-04-11 09:41:00,2026-04-11 09:36:00,-5.0,2026-04-11 09:51:00,2026-04-11 09:53:00,A53 ,54.0,11.22,4.81,4.44,1.88,2.0
9,2026-04-11,OS297,2026-04-11 06:16:00,2026-04-11 06:07:00,-9.0,2026-04-11 06:21:00,2026-04-11 06:24:00,A43 ,85.0,10.81,7.86,4.73,1.76,3.0
9,2026-04-11,SK597,2026-04-11 06:57:00,2026-04-11 06:53:00,-4.0,2026-04-11 07:07:00,2026-04-11 07:15:00,A51 ,89.0,15.3,5.82,4.49,1.86,8.0
9,2026-04-11,SN1138,2026-04-11 10:21:00,2026-04-11 10:01:00,-20.0,2026-04-11 10:21:00,2026-04-11 10:24:00,B28 A,87.0,11.72,7.42,5.03,1.59,3.0
9,2026-04-11,SN1574,2026-04-11 07:29:00,2026-04-11 07:17:00,-12.0,2026-04-11 07:50:00,2026-04-11 07:54:00,A49 ,106.0,12.98,8.17,4.92,1.69,4.0
9,2026-04-11,SN2652,2026-04-11 06:13:00,2026-04-11 05:58:00,-15.0,2026-04-11 06:07:00,2026-04-11 06:08:00,A58 ,9.0,11.52,0.78,5.73,1.46,1.0
9,2026-04-11,SN2906,2026-04-11 08:01:00,2026-04-11 07:53:00,-8.0,2026-04-11 08:10:00,2026-04-11 08:13:00,A50 ,57.0,10.01,5.69,5.55,1.5,3.0
9,2026-04-11,SN3132,2026-04-11 08:19:00,2026-04-11 08:24:00,5.0,2026-04-11 08:52:00,2026-04-11 08:56:00,A62 ,115.0,14.15,8.13,5.35,1.56,4.0
9,2026-04-11,SN3182,2026-04-11 07:23:00,2026-04-11 07:13:00,-10.0,2026-04-11 07:38:00,2026-04-11 07:41:00,A64 ,115.0,9.74,11.81,3.5,2.38,3.0
9,2026-04-11,SN3344,2026-04-11 06:18:00,2026-04-11 06:23:00,5.0,2026-04-11 06:45:00,2026-04-11 06:47:00,A66 ,41.0,13.14,3.12,3.32,2.51,2.0
9,2026-04-11,SN3738,2026-04-11 11:36:00,2026-04-11 11:50:00,14.0,2026-04-11 13:15:00,2026-04-11 13:20:00,A40 ,116.0,10.43,11.12,5.63,1.48,5.0
9,2026-04-11,SN3740,2026-04-11 08:13:00,2026-04-11 07:50:00,-23.0,2026-04-11 08:19:00,2026-04-11 08:23:00,A70 ,131.0,13.12,9.98,4.47,1.87,4.0
9,2026-04-11,SN3752,2026-04-11 07:25:00,2026-04-11 07:39:00,14.0,2026-04-11 07:57:00,2026-04-11 08:00:00,A57 ,79.0,13.03,6.06,4.13,2.02,3.0
9,2026-04-11,SN3766,2026-04-11 06:55:00,2026-04-11 06:36:00,-19.0,2026-04-11 07:00:00,2026-04-11 07:05:00,A56 ,129.0,8.81,14.64,3.92,2.13,5.0
9,2026-04-11,SN3768,2026-04-11 07:31:00,2026-04-11 08:38:00,67.0,2026-04-11 08:59:00,2026-04-11 09:07:00,A66 ,129.0,12.97,9.95,4.69,1.78,8.0
9,2026-04-11,SN3774,2026-04-11 08:21:00,2026-04-11 08:11:00,-10.0,2026-04-11 08:34:00,2026-04-11 08:37:00,A52 ,64.0,13.15,4.87,4.81,1.73,3.0
9,2026-04-11,SN3782,2026-04-11 09:34:00,2026-04-11 09:27:00,-7.0,2026-04-11 09:52:00,2026-04-11 09:59:00,A56 ,129.0,9.26,13.93,4.63,1.8,7.0
9,2026-04-11,SN3784,2026-04-11 10:26:00,2026-04-11 10:13:00,-13.0,2026-04-11 10:35:00,2026-04-11 12:01:00,A50 ,134.0,8.4,15.95,4.84,1.72,86.0
9,2026-04-11,SN3806,2026-04-11 09:44:00,2026-04-11 09:37:00,-7.0,2026-04-11 10:02:00,2026-04-11 10:07:00,A54 ,120.0,12.98,9.24,4.08,2.04,5.0
9,2026-04-11,SN3820,2026-04-11 06:46:00,2026-04-11 06:57:00,11.0,2026-04-11 08:22:00,2026-04-11 08:26:00,A65 ,88.0,10.62,8.29,5.78,1.44,4.0
9,2026-04-11,SN3828,2026-04-11 10:54:00,2026-04-11 10:46:00,-8.0,2026-04-11 12:01:00,2026-04-11 12:20:00,A61 ,125.0,8.01,15.6,4.23,1.97,19.0
9,2026-04-11,SN3886,2026-04-11 10:15:00,2026-04-11 10:41:00,26.0,2026-04-11 10:53:00,2026-04-11 12:12:00,B14 A,152.0,15.67,9.7,4.66,1.43,79.0
9,2026-04-11,TB1502,2026-04-11 10:55:00,2026-04-11 12:16:00,81.0,2026-04-11 12:39:00,2026-04-11 12:54:00,A63 ,133.0,11.4,11.67,4.57,1.82,15.0
9,2026-04-11,TB1552,2026-04-11 07:15:00,2026-04-11 07:08:00,-7.0,2026-04-11 07:38:00,2026-04-11 07:45:00,A61 ,152.0,9.98,15.23,5.26,1.58,7.0
9,2026-04-11,TB1702,2026-04-11 09:26:00,2026-04-11 09:29:00,3.0,2026-04-11 09:48:00,2026-04-11 09:54:00,A43 ,151.0,13.48,11.2,5.77,1.44,6.0
9,2026-04-11,TB1704,2026-04-11 08:56:00,2026-04-11 08:41:00,-15.0,2026-04-11 09:04:00,2026-04-11 09:09:00,A65 ,147.0,13.59,10.82,5.05,1.65,5.0
9,2026-04-11,TB1756,2026-04-11 10:30:00,2026-04-11 10:37:00,7.0,2026-04-11 10:58:00,2026-04-11 12:09:00,A65 ,164.0,13.13,12.49,3.92,2.13,71.0
9,2026-04-11,TB1758,2026-04-11 10:32:00,2026-04-11 12:40:00,128.0,2026-04-11 13:03:00,2026-04-11 13:08:00,A72 ,142.0,13.74,10.33,3.94,2.12,5.0
9,2026-04-11,TB2031,2026-04-11 07:32:00,2026-04-11 07:08:00,-24.0,2026-04-11 07:24:00,2026-04-11 07:33:00,B30 A,152.0,14.11,10.78,5.98,1.49,9.0
9,2026-04-11,TB2614,2026-04-11 08:39:00,2026-04-11 08:51:00,12.0,2026-04-11 09:10:00,2026-04-11 09:15:00,B9  A,138.0,10.25,13.46,4.36,1.91,5.0
9,2026-04-11,TK1941,2026-04-11 09:30:00,2026-04-11 09:22:00,-8.0,2026-04-11 09:38:00,2026-04-11 09:46:00,B7  A,161.0,12.4,12.99,5.24,1.59,8.0
9,2026-04-11,TP644,2026-04-11 06:10:00,2026-04-11 06:00:00,-10.0,2026-04-11 06:11:00,2026-04-11 06:19:00,A43 ,128.0,14.17,9.03,5.62,1.48,8.0
9,2026-04-11,TP646,2026-04-11 07:02:00,2026-04-11 08:12:00,70.0,2026-04-11 08:30:00,2026-04-11 08:35:00,A53 ,101.0,12.16,8.3,5.56,1.5,5.0
9,2026-04-11,VY1334,2026-04-11 07:06:00,2026-04-11 06:50:00,-16.0,2026-04-11 07:09:00,2026-04-11 07:11:00,A47 ,71.0,9.38,7.57,4.78,1.74,2.0
9,2026-04-11,VY8984,2026-04-11 07:57:00,2026-04-11 07:35:00,-22.0,2026-04-11 07:48:00,2026-04-11 07:50:00,A43 ,54.0,10.67,5.06,5.53,1.51,2.0
10,2026-04-11,BA388,2026-04-11 06:19:00,2026-04-11 05:59:00,-20.0,2026-04-11 06:14:00,2026-04-11 06:18:00,B7  A,90.0,13.59,6.62,4.17,2.0,4.0
10,2026-04-11,FH8116,2026-04-11 12:44:00,2026-04-11 12:48:00,4.0,2026-04-11 13:06:00,2026-04-11 13:13:00,B38 A,140.0,13.17,10.63,5.14,2.27,7.0
10,2026-04-11,HV9078,2026-04-11 10:31:00,2026-04-11 10:29:00,-2.0,2026-04-11 10:47:00,2026-04-11 10:50:00,A42 ,85.0,13.17,6.45,4.77,1.75,3.0
10,2026-04-11,IB1301,2026-04-11 06:06:00,2026-04-11 08:18:00,132.0,2026-04-11 08:38:00,2026-04-11 08:41:00,A61 ,70.0,10.45,6.7,6.32,1.32,3.0
10,2026-04-11,IB603,2026-04-11 07:11:00,2026-04-11 07:03:00,-8.0,2026-04-11 07:24:00,2026-04-11 07:27:00,A47 ,87.0,14.32,6.07,5.67,1.47,3.0
10,2026-04-11,KM420,2026-04-11 06:21:00,2026-04-11 05:59:00,-22.0,2026-04-11 06:18:00,2026-04-11 06:23:00,A45 ,138.0,14.51,9.51,6.45,1.29,5.0
10,2026-04-11,LO231,2026-04-11 07:42:00,2026-04-11 07:22:00,-20.0,2026-04-11 07:34:00,2026-04-11 07:36:00,A53 ,24.0,8.45,2.84,4.58,1.82,2.0
10,2026-04-11,OS297,2026-04-11 06:16:00,2026-04-11 06:07:00,-9.0,2026-04-11 06:21:00,2026-04-11 06:24:00,A43 ,85.0,13.63,6.24,5.31,1.57,3.0
10,2026-04-11,SK597,2026-04-11 08:00:00,2026-04-11 07:51:00,-9.0,2026-04-11 08:07:00,2026-04-11 08:11:00,A47 ,68.0,11.19,6.07,5.74,1.45,4.0
10,2026-04-11,SN1138,2026-04-11 10:21:00,2026-04-11 10:01:00,-20.0,2026-04-11 10:21:00,2026-04-11 10:24:00,B28 A,87.0,15.33,5.67,5.71,1.4,3.0
10,2026-04-11,SN1574,2026-04-11 07:29:00,2026-04-11 07:17:00,-12.0,2026-04-11 07:50:00,2026-04-11 07:54:00,A49 ,106.0,13.71,7.73,4.79,1.74,4.0
10,2026-04-11,SN2652,2026-04-11 09:14:00,2026-04-11 09:02:00,-12.0,2026-04-11 09:22:00,2026-04-11 09:44:00,A54 ,20.0,12.95,1.54,6.07,1.37,22.0
10,2026-04-11,SN2906,2026-04-11 06:58:00,2026-04-11 06:45:00,-13.0,2026-04-11 06:56:00,2026-04-11 06:59:00,A46 ,52.0,12.04,4.32,4.39,1.9,3.0
10,2026-04-11,SN3132,2026-04-11 08:19:00,2026-04-11 08:24:00,5.0,2026-04-11 08:52:00,2026-04-11 08:56:00,A62 ,115.0,13.66,8.42,5.93,1.41,4.0
10,2026-04-11,SN3182,2026-04-11 06:23:00,2026-04-11 06:40:00,17.0,2026-04-11 06:59:00,2026-04-11 07:03:00,A64 ,82.0,13.56,6.05,3.95,2.11,4.0
10,2026-04-11,SN3344,2026-04-11 07:21:00,2026-04-11 07:10:00,-11.0,2026-04-11 07:27:00,2026-04-11 07:29:00,A59 ,37.0,13.48,2.75,5.16,1.61,2.0
10,2026-04-11,SN3738,2026-04-11 11:36:00,2026-04-11 11:50:00,14.0,2026-04-11 13:15:00,2026-04-11 13:20:00,A40 ,116.0,14.01,8.28,4.33,1.92,5.0
10,2026-04-11,SN3740,2026-04-11 08:13:00,2026-04-11 07:50:00,-23.0,2026-04-11 08:19:00,2026-04-11 08:23:00,A70 ,131.0,12.78,10.25,4.89,1.7,4.0
10,2026-04-11,SN3752,2026-04-11 07:25:00,2026-04-11 07:39:00,14.0,2026-04-11 07:57:00,2026-04-11 08:00:00,A57 ,79.0,11.66,6.78,5.61,1.49,3.0
10,2026-04-11,SN3766,2026-04-11 06:55:00,2026-04-11 06:36:00,-19.0,2026-04-11 07:00:00,2026-04-11 07:05:00,A56 ,129.0,11.36,11.36,4.85,1.72,5.0
10,2026-04-11,SN3768,2026-04-11 07:31:00,2026-04-11 08:38:00,67.0,2026-04-11 08:59:00,2026-04-11 09:07:00,A66 ,129.0,9.68,13.32,3.9,2.14,8.0
10,2026-04-11,SN3774,2026-04-11 08:21:00,2026-04-11 08:11:00,-10.0,2026-04-11 08:34:00,2026-04-11 08:37:00,A52 ,64.0,11.25,5.69,4.3,1.94,3.0
10,2026-04-11,SN3782,2026-04-11 10:36:00,2026-04-11 12:13:00,97.0,2026-04-11 12:42:00,2026-04-11 12:49:00,A55 ,135.0,14.46,9.33,4.79,1.74,7.0
10,2026-04-11,SN3784,2026-04-11 06:44:00,2026-04-11 06:32:00,-12.0,2026-04-11 08:12:00,2026-04-11 08:22:00,A45 ,113.0,12.01,9.41,5.41,1.54,10.0
10,2026-04-11,SN3806,2026-04-11 09:44:00,2026-04-11 09:37:00,-7.0,2026-04-11 10:02:00,2026-04-11 10:07:00,A54 ,120.0,10.49,11.44,4.46,1.87,5.0
10,2026-04-11,SN3820,2026-04-11 06:45:00,2026-04-11 07:04:00,19.0,2026-04-11 07:29:00,2026-04-11 07:32:00,A40 ,59.0,15.13,3.9,4.63,1.8,3.0
10,2026-04-11,SN3828,2026-04-11 10:54:00,2026-04-11 10:46:00,-8.0,2026-04-11 12:01:00,2026-04-11 12:20:00,A61 ,125.0,11.2,11.16,5.55,1.5,19.0
10,2026-04-11,SN3886,2026-04-11 10:15:00,2026-04-11 10:41:00,26.0,2026-04-11 10:53:00,2026-04-11 12:12:00,B14 A,152.0,14.62,10.39,4.49,1.49,79.0
10,2026-04-11,TB1502,2026-04-11 10:55:00,2026-04-11 12:16:00,81.0,2026-04-11 12:39:00,2026-04-11 12:54:00,A63 ,133.0,8.98,14.81,5.51,1.51,15.0
10,2026-04-11,TB1552,2026-04-11 10:15:00,2026-04-11 10:31:00,16.0,2026-04-11 10:50:00,2026-04-11 10:59:00,A69 ,164.0,11.17,14.68,5.52,1.51,9.0
10,2026-04-11,TB1702,2026-04-11 09:26:00,2026-04-11 09:29:00,3.0,2026-04-11 09:48:00,2026-04-11 09:54:00,A43 ,151.0,11.58,13.04,4.6,1.81,6.0
10,2026-04-11,TB1704,2026-04-11 08:56:00,2026-04-11 08:41:00,-15.0,2026-04-11 09:04:00,2026-04-11 09:09:00,A65 ,147.0,13.85,10.61,5.6,1.49,5.0
10,2026-04-11,TB1756,2026-04-11 10:30:00,2026-04-11 10:37:00,7.0,2026-04-11 10:58:00,2026-04-11 12:09:00,A65 ,164.0,9.58,17.12,4.76,1.75,71.0
10,2026-04-11,TB1758,2026-04-11 10:32:00,2026-04-11 12:40:00,128.0,2026-04-11 13:03:00,2026-04-11 13:08:00,A72 ,142.0,11.29,12.58,4.46,1.87,5.0
10,2026-04-11,TB2031,2026-04-11 07:32:00,2026-04-11 07:08:00,-24.0,2026-04-11 07:24:00,2026-04-11 07:33:00,B30 A,152.0,12.45,12.21,4.41,2.02,9.0
10,2026-04-11,TB2614,2026-04-11 08:39:00,2026-04-11 08:51:00,12.0,2026-04-11 09:10:00,2026-04-11 09:15:00,B9  A,138.0,14.8,9.32,4.91,1.7,5.0
10,2026-04-11,TK1941,2026-04-11 09:30:00,2026-04-11 09:22:00,-8.0,2026-04-11 09:38:00,2026-04-11 09:46:00,B7  A,161.0,14.2,11.34,5.6,1.49,8.0
10,2026-04-11,TP644,2026-04-11 07:10:00,2026-04-11 07:04:00,-6.0,2026-04-11 07:24:00,2026-04-11 07:31:00,A53 ,123.0,16.31,7.54,5.57,1.5,7.0
10,2026-04-11,TP646,2026-04-11 08:01:00,2026-04-11 09:30:00,89.0,2026-04-11 09:51:00,2026-04-11 09:56:00,A59 ,107.0,11.57,9.25,4.46,1.87,5.0
10,2026-04-11,VY1334,2026-04-11 07:06:00,2026-04-11 06:50:00,-16.0,2026-04-11 07:09:00,2026-04-11 07:11:00,A47 ,71.0,9.05,7.84,5.99,1.39,2.0
10,2026-04-11,VY8984,2026-04-11 07:57:00,2026-04-11 07:35:00,-22.0,2026-04-11 07:48:00,2026-04-11 07:50:00,A43 ,54.0,13.22,4.08,4.25,1.96,2.0
11,2026-04-11,BA388,2026-04-11 06:19:00,2026-04-11 05:59:00,-20.0,2026-04-11 06:14:00,2026-04-11 06:18:00,B7  A,90.0,12.51,7.2,4.87,1.71,4.0
11,2026-04-11,FH8116,2026-04-11 06:35:00,2026-04-11 06:00:00,-35.0,2026-04-11 06:07:00,2026-04-11 06:09:00,B15 A,22.0,12.55,1.75,5.3,1.46,2.0
11,2026-04-11,HV9078,2026-04-11 10:31:00,2026-04-11 10:29:00,-2.0,2026-04-11 10:47:00,2026-04-11 10:50:00,A42 ,85.0,10.99,7.73,4.65,1.79,3.0
11,2026-04-11,IB1301,2026-04-11 07:06:00,2026-04-11 06:41:00,-25.0,2026-04-11 06:55:00,2026-04-11 07:01:00,A55 ,77.0,12.67,6.08,4.75,1.75,6.0
11,2026-04-11,IB603,2026-04-11 07:37:00,2026-04-11 07:50:00,13.0,2026-04-11 08:07:00,2026-04-11 08:10:00,A51 ,81.0,14.15,5.72,5.72,1.46,3.0
11,2026-04-11,KM420,2026-04-11 06:21:00,2026-04-11 05:59:00,-22.0,2026-04-11 06:18:00,2026-04-11 06:23:00,A45 ,138.0,13.01,10.61,4.26,1.96,5.0
11,2026-04-11,LO231,2026-04-11 10:41:00,2026-04-11 10:45:00,4.0,2026-04-11 11:07:00,2026-04-11 11:09:00,A53 ,33.0,9.0,3.67,6.34,1.31,2.0
11,2026-04-11,OS297,2026-04-11 06:16:00,2026-04-11 06:07:00,-9.0,2026-04-11 06:21:00,2026-04-11 06:24:00,A43 ,85.0,11.48,7.4,5.99,1.39,3.0
11,2026-04-11,SK597,2026-04-11 08:00:00,2026-04-11 07:51:00,-9.0,2026-04-11 08:07:00,2026-04-11 08:11:00,A47 ,68.0,12.61,5.39,5.01,1.66,4.0
11,2026-04-11,SN1138,2026-04-11 10:21:00,2026-04-11 10:01:00,-20.0,2026-04-11 10:21:00,2026-04-11 10:24:00,B28 A,87.0,12.11,7.18,4.99,1.6,3.0
11,2026-04-11,SN1574,2026-04-11 07:29:00,2026-04-11 07:17:00,-12.0,2026-04-11 07:50:00,2026-04-11 07:54:00,A49 ,106.0,11.9,8.91,6.03,1.38,4.0
11,2026-04-11,SN2652,2026-04-11 11:01:00,2026-04-11 10:52:00,-9.0,2026-04-11 11:25:00,2026-04-11 11:27:00,A52 ,52.0,14.04,3.7,5.94,1.4,2.0
11,2026-04-11,SN2906,2026-04-11 06:00:00,2026-04-11 05:57:00,-3.0,2026-04-11 06:15:00,2026-04-11 06:19:00,A68 ,33.0,13.61,2.42,6.06,1.38,4.0
11,2026-04-11,SN3132,2026-04-11 08:19:00,2026-04-11 08:24:00,5.0,2026-04-11 08:52:00,2026-04-11 08:56:00,A62 ,115.0,10.39,11.07,4.3,1.94,4.0
11,2026-04-11,SN3182,2026-04-11 06:23:00,2026-04-11 06:40:00,17.0,2026-04-11 06:59:00,2026-04-11 07:03:00,A64 ,82.0,13.52,6.06,5.11,1.63,4.0
11,2026-04-11,SN3344,2026-04-11 06:18:00,2026-04-11 06:23:00,5.0,2026-04-11 06:45:00,2026-04-11 06:47:00,A66 ,41.0,11.31,3.63,5.26,1.58,2.0
11,2026-04-11,SN3738,2026-04-11 06:14:00,2026-04-11 06:01:00,-13.0,2026-04-11 06:16:00,2026-04-11 06:18:00,A46 ,77.0,11.78,6.54,3.93,2.12,2.0
11,2026-04-11,SN3740,2026-04-11 08:13:00,2026-04-11 07:50:00,-23.0,2026-04-11 08:19:00,2026-04-11 08:23:00,A70 ,131.0,13.53,9.68,4.66,1.79,4.0
11,2026-04-11,SN3752,2026-04-11 07:25:00,2026-04-11 07:39:00,14.0,2026-04-11 07:57:00,2026-04-11 08:00:00,A57 ,79.0,13.21,5.98,4.27,1.95,3.0
11,2026-04-11,SN3766,2026-04-11 06:55:00,2026-04-11 06:36:00,-19.0,2026-04-11 07:00:00,2026-04-11 07:05:00,A56 ,129.0,13.33,9.68,5.13,1.63,5.0
11,2026-04-11,SN3768,2026-04-11 07:31:00,2026-04-11 08:38:00,67.0,2026-04-11 08:59:00,2026-04-11 09:07:00,A66 ,129.0,15.96,8.08,4.32,1.93,8.0
11,2026-04-11,SN3774,2026-04-11 06:20:00,2026-04-11 07:00:00,40.0,2026-04-11 07:23:00,2026-04-11 07:25:00,A50 ,66.0,14.81,4.46,6.62,1.26,2.0
11,2026-04-11,SN3782,2026-04-11 09:41:00,2026-04-11 10:02:00,21.0,2026-04-11 10:28:00,2026-04-11 10:41:00,A40 ,138.0,13.8,10.0,4.89,1.7,13.0
11,2026-04-11,SN3784,2026-04-11 06:44:00,2026-04-11 06:32:00,-12.0,2026-04-11 08:12:00,2026-04-11 08:22:00,A45 ,113.0,12.48,9.05,4.6,1.81,10.0
11,2026-04-11,SN3806,2026-04-11 09:44:00,2026-04-11 09:37:00,-7.0,2026-04-11 10:02:00,2026-04-11 10:07:00,A54 ,120.0,12.09,9.92,5.4,1.54,5.0
11,2026-04-11,SN3820,2026-04-11 10:45:00,2026-04-11 11:02:00,17.0,2026-04-11 11:28:00,2026-04-11 11:32:00,A50 ,84.0,12.36,6.8,6.62,1.26,4.0
11,2026-04-11,SN3828,2026-04-11 10:54:00,2026-04-11 10:46:00,-8.0,2026-04-11 12:01:00,2026-04-11 12:20:00,A61 ,125.0,10.66,11.72,6.13,1.36,19.0
11,2026-04-11,SN3886,2026-04-11 10:15:00,2026-04-11 10:41:00,26.0,2026-04-11 10:53:00,2026-04-11 12:12:00,B14 A,152.0,14.55,10.45,4.6,1.45,79.0
11,2026-04-11,TB1502,2026-04-11 10:55:00,2026-04-11 12:16:00,81.0,2026-04-11 12:39:00,2026-04-11 12:54:00,A63 ,133.0,13.74,9.68,6.06,1.37,15.0
11,2026-04-11,TB1552,2026-04-11 07:15:00,2026-04-11 07:08:00,-7.0,2026-04-11 07:38:00,2026-04-11 07:45:00,A61 ,152.0,13.99,10.86,4.29,1.94,7.0
11,2026-04-11,TB1702,2026-04-11 09:26:00,2026-04-11 09:29:00,3.0,2026-04-11 09:48:00,2026-04-11 09:54:00,A43 ,151.0,12.79,11.81,4.68,1.78,6.0
11,2026-04-11,TB1704,2026-04-11 08:56:00,2026-04-11 08:41:00,-15.0,2026-04-11 09:04:00,2026-04-11 09:09:00,A65 ,147.0,15.63,9.4,3.99,2.09,5.0
11,2026-04-11,TB1756,2026-04-11 10:30:00,2026-04-11 10:37:00,7.0,2026-04-11 10:58:00,2026-04-11 12:09:00,A65 ,164.0,13.5,12.15,5.0,1.67,71.0
11,2026-04-11,TB1758,2026-04-11 10:32:00,2026-04-11 12:40:00,128.0,2026-04-11 13:03:00,2026-04-11 13:08:00,A72 ,142.0,10.55,13.46,3.88,2.15,5.0
11,2026-04-11,TB2031,2026-04-11 07:32:00,2026-04-11 07:08:00,-24.0,2026-04-11 07:24:00,2026-04-11 07:33:00,B30 A,152.0,12.05,12.61,6.09,1.46,9.0
11,2026-04-11,TB2614,2026-04-11 08:39:00,2026-04-11 08:51:00,12.0,2026-04-11 09:10:00,2026-04-11 09:15:00,B9  A,138.0,12.21,11.3,4.68,1.78,5.0
11,2026-04-11,TK1941,2026-04-11 09:30:00,2026-04-11 09:22:00,-8.0,2026-04-11 09:38:00,2026-04-11 09:46:00,B7  A,161.0,14.96,10.76,5.41,1.54,8.0
11,2026-04-11,TP644,2026-04-11 08:11:00,2026-04-11 08:27:00,16.0,2026-04-11 08:46:00,2026-04-11 08:55:00,A53 ,86.0,12.27,7.01,5.17,1.61,9.0
11,2026-04-11,TP646,2026-04-11 08:01:00,2026-04-11 09:30:00,89.0,2026-04-11 09:51:00,2026-04-11 09:56:00,A59 ,107.0,16.48,6.49,3.77,2.21,5.0
11,2026-04-11,VY1334,2026-04-11 07:06:00,2026-04-11 06:50:00,-16.0,2026-04-11 07:09:00,2026-04-11 07:11:00,A47 ,71.0,11.46,6.2,4.85,1.72,2.0
11,2026-04-11,VY8984,2026-04-11 09:06:00,2026-04-11 08:41:00,-25.0,2026-04-11 08:56:00,2026-04-11 09:00:00,A51 ,58.0,15.17,3.82,3.86,2.16,4.0
12,2026-04-11,BA388,2026-04-11 06:19:00,2026-04-11 05:59:00,-20.0,2026-04-11 06:14:00,2026-04-11 06:18:00,B7  A,90.0,9.18,9.8,5.65,1.48,4.0
12,2026-04-11,FH8116,2026-04-11 06:35:00,2026-04-11 06:00:00,-35.0,2026-04-11 06:07:00,2026-04-11 06:09:00,B15 A,22.0,14.04,1.57,5.89,1.31,2.0
12,2026-04-11,HV9078,2026-04-11 10:31:00,2026-04-11 10:29:00,-2.0,2026-04-11 10:47:00,2026-04-11 10:50:00,A42 ,85.0,12.06,7.05,4.83,1.73,3.0
12,2026-04-11,IB1301,2026-04-11 06:06:00,2026-04-11 08:18:00,132.0,2026-04-11 08:38:00,2026-04-11 08:41:00,A61 ,70.0,8.85,7.91,6.12,1.36,3.0
12,2026-04-11,IB603,2026-04-11 07:37:00,2026-04-11 07:50:00,13.0,2026-04-11 08:07:00,2026-04-11 08:10:00,A51 ,81.0,11.54,7.02,4.22,1.98,3.0
12,2026-04-11,KM420,2026-04-11 06:21:00,2026-04-11 05:59:00,-22.0,2026-04-11 06:18:00,2026-04-11 06:23:00,A45 ,138.0,10.83,12.74,4.57,1.82,5.0
12,2026-04-11,LO231,2026-04-11 09:41:00,2026-04-11 09:36:00,-5.0,2026-04-11 09:51:00,2026-04-11 09:53:00,A53 ,54.0,12.13,4.45,4.85,1.72,2.0
12,2026-04-11,OS297,2026-04-11 06:16:00,2026-04-11 06:07:00,-9.0,2026-04-11 06:21:00,2026-04-11 06:24:00,A43 ,85.0,11.39,7.46,5.01,1.66,3.0
12,2026-04-11,SK597,2026-04-11 08:00:00,2026-04-11 07:51:00,-9.0,2026-04-11 08:07:00,2026-04-11 08:11:00,A47 ,68.0,11.8,5.77,4.37,1.91,4.0
12,2026-04-11,SN1138,2026-04-11 10:21:00,2026-04-11 10:01:00,-20.0,2026-04-11 10:21:00,2026-04-11 10:24:00,B28 A,87.0,12.89,6.75,5.34,1.5,3.0
12,2026-04-11,SN1574,2026-04-11 07:29:00,2026-04-11 07:17:00,-12.0,2026-04-11 07:50:00,2026-04-11 07:54:00,A49 ,106.0,11.69,9.07,3.98,2.1,4.0
12,2026-04-11,SN2652,2026-04-11 09:14:00,2026-04-11 09:02:00,-12.0,2026-04-11 09:22:00,2026-04-11 09:44:00,A54 ,20.0,11.31,1.77,4.67,1.79,22.0
12,2026-04-11,SN2906,2026-04-11 06:58:00,2026-04-11 06:45:00,-13.0,2026-04-11 06:56:00,2026-04-11 06:59:00,A46 ,52.0,12.69,4.1,5.66,1.47,3.0
12,2026-04-11,SN3132,2026-04-11 08:19:00,2026-04-11 08:24:00,5.0,2026-04-11 08:52:00,2026-04-11 08:56:00,A62 ,115.0,16.93,6.79,4.3,1.94,4.0
12,2026-04-11,SN3182,2026-04-11 06:23:00,2026-04-11 06:40:00,17.0,2026-04-11 06:59:00,2026-04-11 07:03:00,A64 ,82.0,12.96,6.33,6.41,1.3,4.0
12,2026-04-11,SN3344,2026-04-11 07:21:00,2026-04-11 07:10:00,-11.0,2026-04-11 07:27:00,2026-04-11 07:29:00,A59 ,37.0,11.21,3.3,4.47,1.87,2.0
12,2026-04-11,SN3738,2026-04-11 08:14:00,2026-04-11 10:18:00,124.0,2026-04-11 10:49:00,2026-04-11 10:54:00,A64 ,113.0,12.14,9.31,6.52,1.28,5.0
12,2026-04-11,SN3740,2026-04-11 08:13:00,2026-04-11 07:50:00,-23.0,2026-04-11 08:19:00,2026-04-11 08:23:00,A70 ,131.0,15.51,8.45,5.21,1.6,4.0
12,2026-04-11,SN3752,2026-04-11 07:14:00,2026-04-11 07:18:00,4.0,2026-04-11 07:40:00,2026-04-11 07:43:00,A40 ,54.0,9.7,5.57,5.13,1.62,3.0
12,2026-04-11,SN3766,2026-04-11 06:55:00,2026-04-11 06:36:00,-19.0,2026-04-11 07:00:00,2026-04-11 07:05:00,A56 ,129.0,11.86,10.87,4.58,1.82,5.0
12,2026-04-11,SN3768,2026-04-11 07:31:00,2026-04-11 08:38:00,67.0,2026-04-11 08:59:00,2026-04-11 09:07:00,A66 ,129.0,10.91,11.82,5.17,1.61,8.0
12,2026-04-11,SN3774,2026-04-11 08:21:00,2026-04-11 08:11:00,-10.0,2026-04-11 08:34:00,2026-04-11 08:37:00,A52 ,64.0,14.86,4.31,5.36,1.56,3.0
12,2026-04-11,SN3782,2026-04-11 11:35:00,2026-04-11 11:27:00,-8.0,2026-04-11 11:43:00,2026-04-11 13:04:00,A60 ,160.0,14.78,10.83,6.68,1.25,81.0
12,2026-04-11,SN3784,2026-04-11 10:26:00,2026-04-11 10:13:00,-13.0,2026-04-11 10:35:00,2026-04-11 12:01:00,A50 ,134.0,14.39,9.31,4.87,1.71,86.0
12,2026-04-11,SN3806,2026-04-11 09:44:00,2026-04-11 09:37:00,-7.0,2026-04-11 10:02:00,2026-04-11 10:07:00,A54 ,120.0,9.95,12.06,4.3,1.94,5.0
12,2026-04-11,SN3820,2026-04-11 06:46:00,2026-04-11 06:57:00,11.0,2026-04-11 08:22:00,2026-04-11 08:26:00,A65 ,88.0,14.94,5.89,5.39,1.55,4.0
12,2026-04-11,SN3828,2026-04-11 10:54:00,2026-04-11 10:46:00,-8.0,2026-04-11 12:01:00,2026-04-11 12:20:00,A61 ,125.0,13.76,9.08,4.58,1.82,19.0
12,2026-04-11,SN3886,2026-04-11 10:15:00,2026-04-11 10:41:00,26.0,2026-04-11 10:53:00,2026-04-11 12:12:00,B14 A,152.0,15.22,9.99,4.36,1.53,79.0
12,2026-04-11,TB1502,2026-04-11 10:55:00,2026-04-11 12:16:00,81.0,2026-04-11 12:39:00,2026-04-11 12:54:00,A63 ,133.0,11.08,12.0,4.35,1.92,15.0
12,2026-04-11,TB1552,2026-04-11 10:15:00,2026-04-11 10:31:00,16.0,2026-04-11 10:50:00,2026-04-11 10:59:00,A69 ,164.0,11.64,14.09,5.31,1.57,9.0
12,2026-04-11,TB1702,2026-04-11 09:26:00,2026-04-11 09:29:00,3.0,2026-04-11 09:48:00,2026-04-11 09:54:00,A43 ,151.0,9.53,15.85,5.83,1.43,6.0
12,2026-04-11,TB1704,2026-04-11 08:56:00,2026-04-11 08:41:00,-15.0,2026-04-11 09:04:00,2026-04-11 09:09:00,A65 ,147.0,12.41,11.85,4.4,1.89,5.0
12,2026-04-11,TB1756,2026-04-11 10:30:00,2026-04-11 10:37:00,7.0,2026-04-11 10:58:00,2026-04-11 12:09:00,A65 ,164.0,13.32,12.32,5.18,1.61,71.0
12,2026-04-11,TB1758,2026-04-11 10:32:00,2026-04-11 12:40:00,128.0,2026-04-11 13:03:00,2026-04-11 13:08:00,A72 ,142.0,12.95,10.96,4.26,1.95,5.0
12,2026-04-11,TB2031,2026-04-11 07:32:00,2026-04-11 07:08:00,-24.0,2026-04-11 07:24:00,2026-04-11 07:33:00,B30 A,152.0,10.61,14.33,5.47,1.63,9.0
12,2026-04-11,TB2614,2026-04-11 08:39:00,2026-04-11 08:51:00,12.0,2026-04-11 09:10:00,2026-04-11 09:15:00,B9  A,138.0,9.22,14.96,5.93,1.41,5.0
12,2026-04-11,TK1941,2026-04-11 09:30:00,2026-04-11 09:22:00,-8.0,2026-04-11 09:38:00,2026-04-11 09:46:00,B7  A,161.0,16.61,9.69,5.01,1.66,8.0
12,2026-04-11,TP644,2026-04-11 06:10:00,2026-04-11 06:00:00,-10.0,2026-04-11 06:11:00,2026-04-11 06:19:00,A43 ,128.0,13.54,9.45,6.39,1.3,8.0
12,2026-04-11,TP646,2026-04-11 08:01:00,2026-04-11 09:30:00,89.0,2026-04-11 09:51:00,2026-04-11 09:56:00,A59 ,107.0,9.77,10.95,4.84,1.72,5.0
12,2026-04-11,VY1334,2026-04-11 07:06:00,2026-04-11 06:50:00,-16.0,2026-04-11 07:09:00,2026-04-11 07:11:00,A47 ,71.0,13.38,5.3,5.75,1.45,2.0
12,2026-04-11,VY8984,2026-04-11 07:57:00,2026-04-11 07:35:00,-22.0,2026-04-11 07:48:00,2026-04-11 07:50:00,A43 ,54.0,10.72,5.04,4.33,1.92,2.0
13,2026-04-11,BA388,2026-04-11 06:19:00,2026-04-11 05:59:00,-20.0,2026-04-11 06:14:00,2026-04-11 06:18:00,B7  A,90.0,16.02,5.62,4.13,2.02,4.0
13,2026-04-11,FH8116,2026-04-11 12:44:00,2026-04-11 12:48:00,4.0,2026-04-11 13:06:00,2026-04-11 13:13:00,B38 A,140.0,11.64,12.02,4.16,2.8,7.0
13,2026-04-11,HV9078,2026-04-11 10:31:00,2026-04-11 10:29:00,-2.0,2026-04-11 10:47:00,2026-04-11 10:50:00,A42 ,85.0,15.15,5.61,5.53,1.51,3.0
13,2026-04-11,IB1301,2026-04-11 06:06:00,2026-04-11 08:18:00,132.0,2026-04-11 08:38:00,2026-04-11 08:41:00,A61 ,70.0,10.72,6.53,5.01,1.66,3.0
13,2026-04-11,IB603,2026-04-11 07:11:00,2026-04-11 07:03:00,-8.0,2026-04-11 07:24:00,2026-04-11 07:27:00,A47 ,87.0,13.51,6.44,3.46,2.41,3.0
13,2026-04-11,KM420,2026-04-11 07:21:00,2026-04-11 06:52:00,-29.0,2026-04-11 07:07:00,2026-04-11 07:20:00,A62 ,167.0,12.73,13.11,6.01,1.39,13.0
13,2026-04-11,LO231,2026-04-11 10:41:00,2026-04-11 10:45:00,4.0,2026-04-11 11:07:00,2026-04-11 11:09:00,A53 ,33.0,11.25,2.93,4.46,1.87,2.0
13,2026-04-11,OS297,2026-04-11 07:15:00,2026-04-11 07:12:00,-3.0,2026-04-11 07:26:00,2026-04-11 07:34:00,A49 ,126.0,14.81,8.51,6.11,1.36,8.0
13,2026-04-11,SK597,2026-04-11 08:00:00,2026-04-11 07:51:00,-9.0,2026-04-11 08:07:00,2026-04-11 08:11:00,A47 ,68.0,10.9,6.24,5.69,1.46,4.0
13,2026-04-11,SN1138,2026-04-11 10:21:00,2026-04-11 10:01:00,-20.0,2026-04-11 10:21:00,2026-04-11 10:24:00,B28 A,87.0,15.81,5.5,5.21,1.54,3.0
13,2026-04-11,SN1574,2026-04-11 07:29:00,2026-04-11 07:17:00,-12.0,2026-04-11 07:50:00,2026-04-11 07:54:00,A49 ,106.0,12.36,8.57,5.3,1.57,4.0
13,2026-04-11,SN2652,2026-04-11 08:16:00,2026-04-11 08:10:00,-6.0,2026-04-11 08:25:00,2026-04-11 08:27:00,A62 ,22.0,11.12,1.98,4.69,1.78,2.0
13,2026-04-11,SN2906,2026-04-11 06:58:00,2026-04-11 06:45:00,-13.0,2026-04-11 06:56:00,2026-04-11 06:59:00,A46 ,52.0,10.74,4.84,5.52,1.51,3.0
13,2026-04-11,SN3132,2026-04-11 08:19:00,2026-04-11 08:24:00,5.0,2026-04-11 08:52:00,2026-04-11 08:56:00,A62 ,115.0,10.29,11.17,4.02,2.07,4.0
13,2026-04-11,SN3182,2026-04-11 06:23:00,2026-04-11 06:40:00,17.0,2026-04-11 06:59:00,2026-04-11 07:03:00,A64 ,82.0,13.65,6.01,4.51,1.85,4.0
13,2026-04-11,SN3344,2026-04-11 07:21:00,2026-04-11 07:10:00,-11.0,2026-04-11 07:27:00,2026-04-11 07:29:00,A59 ,37.0,13.4,2.76,7.37,1.13,2.0
13,2026-04-11,SN3738,2026-04-11 10:16:00,2026-04-11 10:11:00,-5.0,2026-04-11 10:34:00,2026-04-11 10:38:00,A68 ,101.0,15.01,6.73,5.46,1.53,4.0
13,2026-04-11,SN3740,2026-04-11 08:13:00,2026-04-11 07:50:00,-23.0,2026-04-11 08:19:00,2026-04-11 08:23:00,A70 ,131.0,9.58,13.68,5.63,1.48,4.0
13,2026-04-11,SN3752,2026-04-11 07:14:00,2026-04-11 07:18:00,4.0,2026-04-11 07:40:00,2026-04-11 07:43:00,A40 ,54.0,12.23,4.42,5.87,1.42,3.0
13,2026-04-11,SN3766,2026-04-11 06:55:00,2026-04-11 06:36:00,-19.0,2026-04-11 07:00:00,2026-04-11 07:05:00,A56 ,129.0,12.56,10.27,3.86,2.16,5.0
13,2026-04-11,SN3768,2026-04-11 07:31:00,2026-04-11 08:38:00,67.0,2026-04-11 08:59:00,2026-04-11 09:07:00,A66 ,129.0,10.89,11.84,5.69,1.46,8.0
13,2026-04-11,SN3774,2026-04-11 08:21:00,2026-04-11 08:11:00,-10.0,2026-04-11 08:34:00,2026-04-11 08:37:00,A52 ,64.0,13.58,4.71,4.17,2.0,3.0
13,2026-04-11,SN3782,2026-04-11 06:34:00,2026-04-11 06:27:00,-7.0,2026-04-11 06:58:00,2026-04-11 08:03:00,A61 ,88.0,9.36,9.4,3.77,2.21,65.0
13,2026-04-11,SN3784,2026-04-11 06:44:00,2026-04-11 06:32:00,-12.0,2026-04-11 08:12:00,2026-04-11 08:22:00,A45 ,113.0,10.48,10.78,5.27,1.58,10.0
13,2026-04-11,SN3806,2026-04-11 09:44:00,2026-04-11 09:37:00,-7.0,2026-04-11 10:02:00,2026-04-11 10:07:00,A54 ,120.0,11.44,10.48,4.48,1.86,5.0
13,2026-04-11,SN3820,2026-04-11 08:45:00,2026-04-11 10:48:00,123.0,2026-04-11 11:16:00,2026-04-11 11:19:00,A46 ,84.0,16.95,4.95,4.99,1.67,3.0
13,2026-04-11,SN3828,2026-04-11 10:54:00,2026-04-11 10:46:00,-8.0,2026-04-11 12:01:00,2026-04-11 12:20:00,A61 ,125.0,13.35,9.36,5.41,1.54,19.0
13,2026-04-11,SN3886,2026-04-11 10:15:00,2026-04-11 10:41:00,26.0,2026-04-11 10:53:00,2026-04-11 12:12:00,B14 A,152.0,14.9,10.2,5.04,1.32,79.0
13,2026-04-11,TB1502,2026-04-11 10:55:00,2026-04-11 12:16:00,81.0,2026-04-11 12:39:00,2026-04-11 12:54:00,A63 ,133.0,12.8,10.39,7.47,1.11,15.0
13,2026-04-11,TB1552,2026-04-11 10:15:00,2026-04-11 10:31:00,16.0,2026-04-11 10:50:00,2026-04-11 10:59:00,A69 ,164.0,12.41,13.22,4.52,1.85,9.0
13,2026-04-11,TB1702,2026-04-11 09:26:00,2026-04-11 09:29:00,3.0,2026-04-11 09:48:00,2026-04-11 09:54:00,A43 ,151.0,13.0,11.61,4.59,1.81,6.0
13,2026-04-11,TB1704,2026-04-11 08:56:00,2026-04-11 08:41:00,-15.0,2026-04-11 09:04:00,2026-04-11 09:09:00,A65 ,147.0,14.17,10.37,5.72,1.46,5.0
13,2026-04-11,TB1756,2026-04-11 10:30:00,2026-04-11 10:37:00,7.0,2026-04-11 10:58:00,2026-04-11 12:09:00,A65 ,164.0,10.38,15.8,5.57,1.5,71.0
13,2026-04-11,TB1758,2026-04-11 10:32:00,2026-04-11 12:40:00,128.0,2026-04-11 13:03:00,2026-04-11 13:08:00,A72 ,142.0,12.98,10.94,5.9,1.41,5.0
13,2026-04-11,TB2031,2026-04-11 07:32:00,2026-04-11 07:08:00,-24.0,2026-04-11 07:24:00,2026-04-11 07:33:00,B30 A,152.0,14.31,10.62,4.73,1.89,9.0
13,2026-04-11,TB2614,2026-04-11 08:39:00,2026-04-11 08:51:00,12.0,2026-04-11 09:10:00,2026-04-11 09:15:00,B9  A,138.0,14.65,9.42,4.46,1.87,5.0
13,2026-04-11,TK1941,2026-04-11 09:30:00,2026-04-11 09:22:00,-8.0,2026-04-11 09:38:00,2026-04-11 09:46:00,B7  A,161.0,12.52,12.86,5.46,1.53,8.0
13,2026-04-11,TP644,2026-04-11 08:11:00,2026-04-11 08:27:00,16.0,2026-04-11 08:46:00,2026-04-11 08:55:00,A53 ,86.0,10.36,8.3,5.0,1.67,9.0
13,2026-04-11,TP646,2026-04-11 10:02:00,2026-04-11 09:56:00,-6.0,2026-04-11 11:20:00,2026-04-11 11:29:00,A45 ,175.0,13.51,12.95,4.18,1.99,9.0
13,2026-04-11,VY1334,2026-04-11 07:06:00,2026-04-11 06:50:00,-16.0,2026-04-11 07:09:00,2026-04-11 07:11:00,A47 ,71.0,9.51,7.47,4.93,1.69,2.0
13,2026-04-11,VY8984,2026-04-11 07:57:00,2026-04-11 07:35:00,-22.0,2026-04-11 07:48:00,2026-04-11 07:50:00,A43 ,54.0,10.86,4.97,4.35,1.92,2.0
14,2026-04-11,BA388,2026-04-11 06:19:00,2026-04-11 05:59:00,-20.0,2026-04-11 06:14:00,2026-04-11 06:18:00,B7  A,90.0,13.86,6.49,4.12,2.02,4.0
14,2026-04-11,FH8116,2026-04-11 12:44:00,2026-04-11 12:48:00,4.0,2026-04-11 13:06:00,2026-04-11 13:13:00,B38 A,140.0,12.4,11.29,3.95,2.95,7.0
14,2026-04-11,HV9078,2026-04-11 10:31:00,2026-04-11 10:29:00,-2.0,2026-04-11 10:47:00,2026-04-11 10:50:00,A42 ,85.0,12.63,6.73,3.85,2.16,3.0
14,2026-04-11,IB1301,2026-04-11 07:06:00,2026-04-11 06:41:00,-25.0,2026-04-11 06:55:00,2026-04-11 07:01:00,A55 ,77.0,12.14,6.34,4.92,1.69,6.0
14,2026-04-11,IB603,2026-04-11 07:11:00,2026-04-11 07:03:00,-8.0,2026-04-11 07:24:00,2026-04-11 07:27:00,A47 ,87.0,15.24,5.71,4.85,1.72,3.0
14,2026-04-11,KM420,2026-04-11 06:21:00,2026-04-11 05:59:00,-22.0,2026-04-11 06:18:00,2026-04-11 06:23:00,A45 ,138.0,10.99,12.55,4.3,1.94,5.0
14,2026-04-11,LO231,2026-04-11 09:41:00,2026-04-11 09:36:00,-5.0,2026-04-11 09:51:00,2026-04-11 09:53:00,A53 ,54.0,13.48,4.01,4.97,1.68,2.0
14,2026-04-11,OS297,2026-04-11 07:15:00,2026-04-11 07:12:00,-3.0,2026-04-11 07:26:00,2026-04-11 07:34:00,A49 ,126.0,13.15,9.58,4.83,1.73,8.0
14,2026-04-11,SK597,2026-04-11 06:57:00,2026-04-11 06:53:00,-4.0,2026-04-11 07:07:00,2026-04-11 07:15:00,A51 ,89.0,10.74,8.28,4.24,1.97,8.0
14,2026-04-11,SN1138,2026-04-11 10:21:00,2026-04-11 10:01:00,-20.0,2026-04-11 10:21:00,2026-04-11 10:24:00,B28 A,87.0,14.89,5.84,4.88,1.64,3.0
14,2026-04-11,SN1574,2026-04-11 07:29:00,2026-04-11 07:17:00,-12.0,2026-04-11 07:50:00,2026-04-11 07:54:00,A49 ,106.0,13.91,7.62,4.34,1.92,4.0
14,2026-04-11,SN2652,2026-04-11 06:13:00,2026-04-11 05:58:00,-15.0,2026-04-11 06:07:00,2026-04-11 06:08:00,A58 ,9.0,8.11,1.11,5.97,1.4,1.0
14,2026-04-11,SN2906,2026-04-11 06:58:00,2026-04-11 06:45:00,-13.0,2026-04-11 06:56:00,2026-04-11 06:59:00,A46 ,52.0,12.82,4.06,4.81,1.73,3.0
14,2026-04-11,SN3132,2026-04-11 08:19:00,2026-04-11 08:24:00,5.0,2026-04-11 08:52:00,2026-04-11 08:56:00,A62 ,115.0,10.84,10.61,6.34,1.31,4.0
14,2026-04-11,SN3182,2026-04-11 06:23:00,2026-04-11 06:40:00,17.0,2026-04-11 06:59:00,2026-04-11 07:03:00,A64 ,82.0,14.99,5.47,5.24,1.59,4.0
14,2026-04-11,SN3344,2026-04-11 06:18:00,2026-04-11 06:23:00,5.0,2026-04-11 06:45:00,2026-04-11 06:47:00,A66 ,41.0,10.88,3.77,4.83,1.73,2.0
14,2026-04-11,SN3738,2026-04-11 07:14:00,2026-04-11 07:03:00,-11.0,2026-04-11 07:29:00,2026-04-11 07:32:00,A66 ,92.0,10.18,9.04,4.12,2.02,3.0
14,2026-04-11,SN3740,2026-04-11 08:13:00,2026-04-11 07:50:00,-23.0,2026-04-11 08:19:00,2026-04-11 08:23:00,A70 ,131.0,12.74,10.28,4.78,1.74,4.0
14,2026-04-11,SN3752,2026-04-11 07:25:00,2026-04-11 07:39:00,14.0,2026-04-11 07:57:00,2026-04-11 08:00:00,A57 ,79.0,14.22,5.55,4.65,1.79,3.0
14,2026-04-11,SN3766,2026-04-11 06:55:00,2026-04-11 06:36:00,-19.0,2026-04-11 07:00:00,2026-04-11 07:05:00,A56 ,129.0,14.97,8.62,4.47,1.87,5.0
14,2026-04-11,SN3768,2026-04-11 07:31:00,2026-04-11 08:38:00,67.0,2026-04-11 08:59:00,2026-04-11 09:07:00,A66 ,129.0,13.21,9.76,5.17,1.61,8.0
14,2026-04-11,SN3774,2026-04-11 08:21:00,2026-04-11 08:11:00,-10.0,2026-04-11 08:34:00,2026-04-11 08:37:00,A52 ,64.0,14.64,4.37,5.49,1.52,3.0
14,2026-04-11,SN3782,2026-04-11 06:34:00,2026-04-11 06:27:00,-7.0,2026-04-11 06:58:00,2026-04-11 08:03:00,A61 ,88.0,10.89,8.08,6.41,1.3,65.0
14,2026-04-11,SN3784,2026-04-11 10:26:00,2026-04-11 10:13:00,-13.0,2026-04-11 10:35:00,2026-04-11 12:01:00,A50 ,134.0,11.92,11.24,4.9,1.7,86.0
14,2026-04-11,SN3806,2026-04-11 09:44:00,2026-04-11 09:37:00,-7.0,2026-04-11 10:02:00,2026-04-11 10:07:00,A54 ,120.0,14.09,8.52,4.82,1.73,5.0
14,2026-04-11,SN3820,2026-04-11 11:50:00,2026-04-11 12:03:00,13.0,2026-04-11 12:22:00,2026-04-11 12:27:00,A44 ,97.0,12.06,8.05,4.69,1.78,5.0
14,2026-04-11,SN3828,2026-04-11 10:54:00,2026-04-11 10:46:00,-8.0,2026-04-11 12:01:00,2026-04-11 12:20:00,A61 ,125.0,10.53,11.87,4.61,1.81,19.0
14,2026-04-11,SN3886,2026-04-11 10:15:00,2026-04-11 10:41:00,26.0,2026-04-11 10:53:00,2026-04-11 12:12:00,B14 A,152.0,15.82,9.61,6.13,1.09,79.0
14,2026-04-11,TB1502,2026-04-11 10:55:00,2026-04-11 12:16:00,81.0,2026-04-11 12:39:00,2026-04-11 12:54:00,A63 ,133.0,10.75,12.37,5.37,1.55,15.0
14,2026-04-11,TB1552,2026-04-11 07:15:00,2026-04-11 07:08:00,-7.0,2026-04-11 07:38:00,2026-04-11 07:45:00,A61 ,152.0,15.06,10.09,5.13,1.62,7.0
14,2026-04-11,TB1702,2026-04-11 09:26:00,2026-04-11 09:29:00,3.0,2026-04-11 09:48:00,2026-04-11 09:54:00,A43 ,151.0,14.34,10.53,6.02,1.38,6.0
14,2026-04-11,TB1704,2026-04-11 08:56:00,2026-04-11 08:41:00,-15.0,2026-04-11 09:04:00,2026-04-11 09:09:00,A65 ,147.0,9.3,15.8,4.93,1.69,5.0
14,2026-04-11,TB1756,2026-04-11 10:30:00,2026-04-11 10:37:00,7.0,2026-04-11 10:58:00,2026-04-11 12:09:00,A65 ,164.0,11.33,14.47,4.46,1.87,71.0
14,2026-04-11,TB1758,2026-04-11 10:32:00,2026-04-11 12:40:00,128.0,2026-04-11 13:03:00,2026-04-11 13:08:00,A72 ,142.0,14.61,9.72,5.0,1.67,5.0
14,2026-04-11,TB2031,2026-04-11 07:32:00,2026-04-11 07:08:00,-24.0,2026-04-11 07:24:00,2026-04-11 07:33:00,B30 A,152.0,12.4,12.25,4.43,2.01,9.0
14,2026-04-11,TB2614,2026-04-11 08:39:00,2026-04-11 08:51:00,12.0,2026-04-11 09:10:00,2026-04-11 09:15:00,B9  A,138.0,14.39,9.59,4.41,1.89,5.0
14,2026-04-11,TK1941,2026-04-11 09:30:00,2026-04-11 09:22:00,-8.0,2026-04-11 09:38:00,2026-04-11 09:46:00,B7  A,161.0,12.96,12.42,4.97,1.68,8.0
14,2026-04-11,TP644,2026-04-11 07:10:00,2026-04-11 07:04:00,-6.0,2026-04-11 07:24:00,2026-04-11 07:31:00,A53 ,123.0,11.81,10.42,4.18,1.99,7.0
14,2026-04-11,TP646,2026-04-11 06:01:00,2026-04-11 07:10:00,69.0,2026-04-11 07:24:00,2026-04-11 07:29:00,A59 ,114.0,10.22,11.15,7.33,1.14,5.0
14,2026-04-11,VY1334,2026-04-11 07:06:00,2026-04-11 06:50:00,-16.0,2026-04-11 07:09:00,2026-04-11 07:11:00,A47 ,71.0,14.26,4.98,4.33,1.93,2.0
14,2026-04-11,VY8984,2026-04-11 07:57:00,2026-04-11 07:35:00,-22.0,2026-04-11 07:48:00,2026-04-11 07:50:00,A43 ,54.0,10.29,5.25,5.38,1.55,2.0
15,2026-04-11,BA388,2026-04-11 06:19:00,2026-04-11 05:59:00,-20.0,2026-04-11 06:14:00,2026-04-11 06:18:00,B7  A,90.0,12.19,7.38,4.59,1.82,4.0
15,2026-04-11,FH8116,2026-04-11 06:35:00,2026-04-11 06:00:00,-35.0,2026-04-11 06:07:00,2026-04-11 06:09:00,B15 A,22.0,14.5,1.52,5.08,1.52,2.0
15,2026-04-11,HV9078,2026-04-11 10:31:00,2026-04-11 10:29:00,-2.0,2026-04-11 10:47:00,2026-04-11 10:50:00,A42 ,85.0,13.66,6.22,5.39,1.55,3.0
15,2026-04-11,IB1301,2026-04-11 07:06:00,2026-04-11 06:41:00,-25.0,2026-04-11 06:55:00,2026-04-11 07:01:00,A55 ,77.0,14.06,5.48,4.49,1.86,6.0
15,2026-04-11,IB603,2026-04-11 07:37:00,2026-04-11 07:50:00,13.0,2026-04-11 08:07:00,2026-04-11 08:10:00,A51 ,81.0,11.13,7.28,4.18,1.99,3.0
15,2026-04-11,KM420,2026-04-11 06:21:00,2026-04-11 05:59:00,-22.0,2026-04-11 06:18:00,2026-04-11 06:23:00,A45 ,138.0,13.16,10.49,5.9,1.41,5.0
15,2026-04-11,LO231,2026-04-11 07:42:00,2026-04-11 07:22:00,-20.0,2026-04-11 07:34:00,2026-04-11 07:36:00,A53 ,24.0,10.36,2.32,4.9,1.7,2.0
15,2026-04-11,OS297,2026-04-11 07:15:00,2026-04-11 07:12:00,-3.0,2026-04-11 07:26:00,2026-04-11 07:34:00,A49 ,126.0,13.76,9.16,4.66,1.79,8.0
15,2026-04-11,SK597,2026-04-11 08:00:00,2026-04-11 07:51:00,-9.0,2026-04-11 08:07:00,2026-04-11 08:11:00,A47 ,68.0,14.17,4.8,6.59,1.26,4.0
15,2026-04-11,SN1138,2026-04-11 10:21:00,2026-04-11 10:01:00,-20.0,2026-04-11 10:21:00,2026-04-11 10:24:00,B28 A,87.0,11.66,7.46,4.61,1.73,3.0
15,2026-04-11,SN1574,2026-04-11 07:29:00,2026-04-11 07:17:00,-12.0,2026-04-11 07:50:00,2026-04-11 07:54:00,A49 ,106.0,10.18,10.42,5.11,1.63,4.0
15,2026-04-11,SN2652,2026-04-11 09:59:00,2026-04-11 09:45:00,-14.0,2026-04-11 10:08:00,2026-04-11 10:11:00,A60 ,89.0,9.61,9.26,3.85,2.17,3.0
15,2026-04-11,SN2906,2026-04-11 06:00:00,2026-04-11 05:57:00,-3.0,2026-04-11 06:15:00,2026-04-11 06:19:00,A68 ,33.0,11.57,2.85,4.52,1.84,4.0
15,2026-04-11,SN3132,2026-04-11 06:23:00,2026-04-11 06:00:00,-23.0,2026-04-11 06:28:00,2026-04-11 06:32:00,A44 ,109.0,12.67,8.6,5.1,1.63,4.0
15,2026-04-11,SN3182,2026-04-11 06:23:00,2026-04-11 06:40:00,17.0,2026-04-11 06:59:00,2026-04-11 07:03:00,A64 ,82.0,13.7,5.99,4.34,1.92,4.0
15,2026-04-11,SN3344,2026-04-11 06:18:00,2026-04-11 06:23:00,5.0,2026-04-11 06:45:00,2026-04-11 06:47:00,A66 ,41.0,10.66,3.85,5.18,1.61,2.0
15,2026-04-11,SN3738,2026-04-11 09:14:00,2026-04-11 09:05:00,-9.0,2026-04-11 09:30:00,2026-04-11 09:34:00,A46 ,105.0,10.79,9.73,4.03,2.07,4.0
15,2026-04-11,SN3740,2026-04-11 08:13:00,2026-04-11 07:50:00,-23.0,2026-04-11 08:19:00,2026-04-11 08:23:00,A70 ,131.0,12.37,10.59,5.77,1.44,4.0
15,2026-04-11,SN3752,2026-04-11 07:25:00,2026-04-11 07:39:00,14.0,2026-04-11 07:57:00,2026-04-11 08:00:00,A57 ,79.0,12.88,6.13,4.52,1.84,3.0
15,2026-04-11,SN3766,2026-04-11 06:55:00,2026-04-11 06:36:00,-19.0,2026-04-11 07:00:00,2026-04-11 07:05:00,A56 ,129.0,14.48,8.91,6.31,1.32,5.0
15,2026-04-11,SN3768,2026-04-11 07:31:00,2026-04-11 08:38:00,67.0,2026-04-11 08:59:00,2026-04-11 09:07:00,A66 ,129.0,13.24,9.74,4.63,1.8,8.0
15,2026-04-11,SN3774,2026-04-11 08:21:00,2026-04-11 08:11:00,-10.0,2026-04-11 08:34:00,2026-04-11 08:37:00,A52 ,64.0,10.5,6.1,5.68,1.47,3.0
15,2026-04-11,SN3782,2026-04-11 09:41:00,2026-04-11 10:02:00,21.0,2026-04-11 10:28:00,2026-04-11 10:41:00,A40 ,138.0,11.63,11.86,4.11,2.03,13.0
15,2026-04-11,SN3784,2026-04-11 10:26:00,2026-04-11 10:13:00,-13.0,2026-04-11 10:35:00,2026-04-11 12:01:00,A50 ,134.0,12.99,10.31,6.67,1.25,86.0
15,2026-04-11,SN3806,2026-04-11 09:44:00,2026-04-11 09:37:00,-7.0,2026-04-11 10:02:00,2026-04-11 10:07:00,A54 ,120.0,9.6,12.5,4.7,1.77,5.0
15,2026-04-11,SN3820,2026-04-11 08:45:00,2026-04-11 10:48:00,123.0,2026-04-11 11:16:00,2026-04-11 11:19:00,A46 ,84.0,11.93,7.04,4.86,1.72,3.0
15,2026-04-11,SN3828,2026-04-11 10:54:00,2026-04-11 10:46:00,-8.0,2026-04-11 12:01:00,2026-04-11 12:20:00,A61 ,125.0,11.4,10.96,4.65,1.79,19.0
15,2026-04-11,SN3886,2026-04-11 10:15:00,2026-04-11 10:41:00,26.0,2026-04-11 10:53:00,2026-04-11 12:12:00,B14 A,152.0,14.23,10.69,5.62,1.19,79.0
15,2026-04-11,TB1502,2026-04-11 10:55:00,2026-04-11 12:16:00,81.0,2026-04-11 12:39:00,2026-04-11 12:54:00,A63 ,133.0,12.42,10.71,6.37,1.31,15.0
15,2026-04-11,TB1552,2026-04-11 08:29:00,2026-04-11 08:25:00,-4.0,2026-04-11 08:46:00,2026-04-11 08:54:00,A61 ,166.0,10.58,15.69,7.65,1.09,8.0
15,2026-04-11,TB1702,2026-04-11 09:26:00,2026-04-11 09:29:00,3.0,2026-04-11 09:48:00,2026-04-11 09:54:00,A43 ,151.0,16.08,9.39,5.78,1.44,6.0
15,2026-04-11,TB1704,2026-04-11 08:56:00,2026-04-11 08:41:00,-15.0,2026-04-11 09:04:00,2026-04-11 09:09:00,A65 ,147.0,11.79,12.47,5.57,1.5,5.0
15,2026-04-11,TB1756,2026-04-11 10:30:00,2026-04-11 10:37:00,7.0,2026-04-11 10:58:00,2026-04-11 12:09:00,A65 ,164.0,14.9,11.01,3.95,2.11,71.0
15,2026-04-11,TB1758,2026-04-11 10:32:00,2026-04-11 12:40:00,128.0,2026-04-11 13:03:00,2026-04-11 13:08:00,A72 ,142.0,10.86,13.07,4.58,1.82,5.0
15,2026-04-11,TB2031,2026-04-11 07:32:00,2026-04-11 07:08:00,-24.0,2026-04-11 07:24:00,2026-04-11 07:33:00,B30 A,152.0,15.73,9.66,4.89,1.82,9.0
15,2026-04-11,TB2614,2026-04-11 08:39:00,2026-04-11 08:51:00,12.0,2026-04-11 09:10:00,2026-04-11 09:15:00,B9  A,138.0,11.29,12.22,4.47,1.86,5.0
15,2026-04-11,TK1941,2026-04-11 09:30:00,2026-04-11 09:22:00,-8.0,2026-04-11 09:38:00,2026-04-11 09:46:00,B7  A,161.0,16.13,9.98,6.1,1.37,8.0
15,2026-04-11,TP644,2026-04-11 07:10:00,2026-04-11 07:04:00,-6.0,2026-04-11 07:24:00,2026-04-11 07:31:00,A53 ,123.0,15.76,7.8,5.74,1.45,7.0
15,2026-04-11,TP646,2026-04-11 11:00:00,2026-04-11 12:19:00,79.0,2026-04-11 12:42:00,2026-04-11 12:51:00,A51 ,146.0,11.48,12.71,6.26,1.33,9.0
15,2026-04-11,VY1334,2026-04-11 07:06:00,2026-04-11 06:50:00,-16.0,2026-04-11 07:09:00,2026-04-11 07:11:00,A47 ,71.0,10.64,6.67,4.02,2.07,2.0
15,2026-04-11,VY8984,2026-04-11 07:57:00,2026-04-11 07:35:00,-22.0,2026-04-11 07:48:00,2026-04-11 07:50:00,A43 ,54.0,11.61,4.65,5.18,1.61,2.0
16,2026-04-11,BA388,2026-04-11 06:19:00,2026-04-11 05:59:00,-20.0,2026-04-11 06:14:00,2026-04-11 06:18:00,B7  A,90.0,11.3,7.96,6.14,1.36,4.0
16,2026-04-11,FH8116,2026-04-11 12:44:00,2026-04-11 12:48:00,4.0,2026-04-11 13:06:00,2026-04-11 13:13:00,B38 A,140.0,13.76,10.17,5.19,2.25,7.0
16,2026-04-11,HV9078,2026-04-11 10:31:00,2026-04-11 10:29:00,-2.0,2026-04-11 10:47:00,2026-04-11 10:50:00,A42 ,85.0,12.76,6.66,5.03,1.66,3.0
16,2026-04-11,IB1301,2026-04-11 07:06:00,2026-04-11 06:41:00,-25.0,2026-04-11 06:55:00,2026-04-11 07:01:00,A55 ,77.0,9.95,7.74,5.38,1.55,6.0
16,2026-04-11,IB603,2026-04-11 08:34:00,2026-04-11 08:35:00,1.0,2026-04-11 08:54:00,2026-04-11 08:58:00,A53 ,132.0,14.7,8.98,5.96,1.4,4.0
16,2026-04-11,KM420,2026-04-11 07:21:00,2026-04-11 06:52:00,-29.0,2026-04-11 07:07:00,2026-04-11 07:20:00,A62 ,167.0,14.17,11.78,4.09,2.04,13.0
16,2026-04-11,LO231,2026-04-11 09:41:00,2026-04-11 09:36:00,-5.0,2026-04-11 09:51:00,2026-04-11 09:53:00,A53 ,54.0,11.76,4.59,5.57,1.5,2.0
16,2026-04-11,OS297,2026-04-11 07:15:00,2026-04-11 07:12:00,-3.0,2026-04-11 07:26:00,2026-04-11 07:34:00,A49 ,126.0,11.04,11.42,5.05,1.65,8.0
16,2026-04-11,SK597,2026-04-11 06:57:00,2026-04-11 06:53:00,-4.0,2026-04-11 07:07:00,2026-04-11 07:15:00,A51 ,89.0,13.46,6.61,3.87,2.15,8.0
16,2026-04-11,SN1138,2026-04-11 10:21:00,2026-04-11 10:01:00,-20.0,2026-04-11 10:21:00,2026-04-11 10:24:00,B28 A,87.0,11.96,7.28,4.2,1.91,3.0
16,2026-04-11,SN1574,2026-04-11 07:29:00,2026-04-11 07:17:00,-12.0,2026-04-11 07:50:00,2026-04-11 07:54:00,A49 ,106.0,10.36,10.23,4.96,1.68,4.0
16,2026-04-11,SN2652,2026-04-11 11:01:00,2026-04-11 10:52:00,-9.0,2026-04-11 11:25:00,2026-04-11 11:27:00,A52 ,52.0,12.07,4.31,4.62,1.8,2.0
16,2026-04-11,SN2906,2026-04-11 06:58:00,2026-04-11 06:45:00,-13.0,2026-04-11 06:56:00,2026-04-11 06:59:00,A46 ,52.0,12.6,4.13,5.19,1.61,3.0
16,2026-04-11,SN3132,2026-04-11 08:19:00,2026-04-11 08:24:00,5.0,2026-04-11 08:52:00,2026-04-11 08:56:00,A62 ,115.0,13.49,8.53,6.26,1.33,4.0
16,2026-04-11,SN3182,2026-04-11 07:23:00,2026-04-11 07:13:00,-10.0,2026-04-11 07:38:00,2026-04-11 07:41:00,A64 ,115.0,11.23,10.24,4.21,1.98,3.0
16,2026-04-11,SN3344,2026-04-11 07:21:00,2026-04-11 07:10:00,-11.0,2026-04-11 07:27:00,2026-04-11 07:29:00,A59 ,37.0,12.0,3.08,5.02,1.66,2.0
16,2026-04-11,SN3738,2026-04-11 08:14:00,2026-04-11 10:18:00,124.0,2026-04-11 10:49:00,2026-04-11 10:54:00,A64 ,113.0,13.95,8.1,4.86,1.71,5.0
16,2026-04-11,SN3740,2026-04-11 08:13:00,2026-04-11 07:50:00,-23.0,2026-04-11 08:19:00,2026-04-11 08:23:00,A70 ,131.0,13.39,9.78,4.7,1.77,4.0
16,2026-04-11,SN3752,2026-04-11 07:25:00,2026-04-11 07:39:00,14.0,2026-04-11 07:57:00,2026-04-11 08:00:00,A57 ,79.0,14.26,5.54,4.58,1.82,3.0
16,2026-04-11,SN3766,2026-04-11 06:55:00,2026-04-11 06:36:00,-19.0,2026-04-11 07:00:00,2026-04-11 07:05:00,A56 ,129.0,12.1,10.66,5.07,1.64,5.0
16,2026-04-11,SN3768,2026-04-11 07:31:00,2026-04-11 08:38:00,67.0,2026-04-11 08:59:00,2026-04-11 09:07:00,A66 ,129.0,12.45,10.36,4.87,1.71,8.0
16,2026-04-11,SN3774,2026-04-11 10:44:00,2026-04-11 10:30:00,-14.0,2026-04-11 11:02:00,2026-04-11 11:10:00,A72 ,106.0,12.7,8.35,5.39,1.55,8.0
16,2026-04-11,SN3782,2026-04-11 09:34:00,2026-04-11 09:27:00,-7.0,2026-04-11 09:52:00,2026-04-11 09:59:00,A56 ,129.0,15.78,8.18,4.56,1.83,7.0
16,2026-04-11,SN3784,2026-04-11 06:44:00,2026-04-11 06:32:00,-12.0,2026-04-11 08:12:00,2026-04-11 08:22:00,A45 ,113.0,15.2,7.43,3.84,2.17,10.0
16,2026-04-11,SN3806,2026-04-11 09:44:00,2026-04-11 09:37:00,-7.0,2026-04-11 10:02:00,2026-04-11 10:07:00,A54 ,120.0,11.75,10.21,4.7,1.77,5.0
16,2026-04-11,SN3820,2026-04-11 08:45:00,2026-04-11 09:03:00,18.0,2026-04-11 09:29:00,2026-04-11 09:32:00,A65 ,77.0,12.56,6.13,4.87,1.71,3.0
16,2026-04-11,SN3828,2026-04-11 10:54:00,2026-04-11 10:46:00,-8.0,2026-04-11 12:01:00,2026-04-11 12:20:00,A61 ,125.0,10.99,11.38,6.55,1.27,19.0
16,2026-04-11,SN3886,2026-04-11 10:15:00,2026-04-11 10:41:00,26.0,2026-04-11 10:53:00,2026-04-11 12:12:00,B14 A,152.0,15.12,10.06,4.52,1.47,79.0
16,2026-04-11,TB1502,2026-04-11 10:55:00,2026-04-11 12:16:00,81.0,2026-04-11 12:39:00,2026-04-11 12:54:00,A63 ,133.0,11.74,11.33,5.71,1.46,15.0
16,2026-04-11,TB1552,2026-04-11 07:47:00,2026-04-11 07:43:00,-4.0,2026-04-11 07:55:00,2026-04-11 07:59:00,A68 ,66.0,10.53,6.27,4.27,1.95,4.0
16,2026-04-11,TB1702,2026-04-11 09:26:00,2026-04-11 09:29:00,3.0,2026-04-11 09:48:00,2026-04-11 09:54:00,A43 ,151.0,13.25,11.39,4.84,1.72,6.0
16,2026-04-11,TB1704,2026-04-11 08:56:00,2026-04-11 08:41:00,-15.0,2026-04-11 09:04:00,2026-04-11 09:09:00,A65 ,147.0,15.03,9.78,4.74,1.76,5.0
16,2026-04-11,TB1756,2026-04-11 10:30:00,2026-04-11 10:37:00,7.0,2026-04-11 10:58:00,2026-04-11 12:09:00,A65 ,164.0,8.5,19.3,5.33,1.56,71.0
16,2026-04-11,TB1758,2026-04-11 10:32:00,2026-04-11 12:40:00,128.0,2026-04-11 13:03:00,2026-04-11 13:08:00,A72 ,142.0,12.85,11.05,4.41,1.89,5.0
16,2026-04-11,TB2031,2026-04-11 07:32:00,2026-04-11 07:08:00,-24.0,2026-04-11 07:24:00,2026-04-11 07:33:00,B30 A,152.0,11.71,12.98,4.75,1.88,9.0
16,2026-04-11,TB2614,2026-04-11 08:39:00,2026-04-11 08:51:00,12.0,2026-04-11 09:10:00,2026-04-11 09:15:00,B9  A,138.0,15.35,8.99,5.35,1.56,5.0
16,2026-04-11,TK1941,2026-04-11 09:30:00,2026-04-11 09:22:00,-8.0,2026-04-11 09:38:00,2026-04-11 09:46:00,B7  A,161.0,12.52,12.86,5.67,1.47,8.0
16,2026-04-11,TP644,2026-04-11 07:10:00,2026-04-11 07:04:00,-6.0,2026-04-11 07:24:00,2026-04-11 07:31:00,A53 ,123.0,9.59,12.83,5.35,1.56,7.0
16,2026-04-11,TP646,2026-04-11 08:58:00,2026-04-11 08:50:00,-8.0,2026-04-11 10:28:00,2026-04-11 10:30:00,A44 ,65.0,10.59,6.14,3.96,2.11,2.0
16,2026-04-11,VY1334,2026-04-11 07:06:00,2026-04-11 06:50:00,-16.0,2026-04-11 07:09:00,2026-04-11 07:11:00,A47 ,71.0,9.12,7.79,6.02,1.38,2.0
16,2026-04-11,VY8984,2026-04-11 07:57:00,2026-04-11 07:35:00,-22.0,2026-04-11 07:48:00,2026-04-11 07:50:00,A43 ,54.0,8.69,6.22,5.35,1.56,2.0
17,2026-04-11,BA388,2026-04-11 06:19:00,2026-04-11 05:59:00,-20.0,2026-04-11 06:14:00,2026-04-11 06:18:00,B7  A,90.0,13.95,6.45,6.42,1.3,4.0
17,2026-04-11,FH8116,2026-04-11 12:44:00,2026-04-11 12:48:00,4.0,2026-04-11 13:06:00,2026-04-11 13:13:00,B38 A,140.0,10.4,13.47,5.44,2.15,7.0
17,2026-04-11,HV9078,2026-04-11 10:31:00,2026-04-11 10:29:00,-2.0,2026-04-11 10:47:00,2026-04-11 10:50:00,A42 ,85.0,14.76,5.76,4.53,1.84,3.0
17,2026-04-11,IB1301,2026-04-11 06:06:00,2026-04-11 08:18:00,132.0,2026-04-11 08:38:00,2026-04-11 08:41:00,A61 ,70.0,14.24,4.91,3.91,2.13,3.0
17,2026-04-11,IB603,2026-04-11 08:34:00,2026-04-11 08:35:00,1.0,2026-04-11 08:54:00,2026-04-11 08:58:00,A53 ,132.0,8.31,15.88,4.48,1.86,4.0
17,2026-04-11,KM420,2026-04-11 06:21:00,2026-04-11 05:59:00,-22.0,2026-04-11 06:18:00,2026-04-11 06:23:00,A45 ,138.0,13.81,9.99,5.99,1.39,5.0
17,2026-04-11,LO231,2026-04-11 07:42:00,2026-04-11 07:22:00,-20.0,2026-04-11 07:34:00,2026-04-11 07:36:00,A53 ,24.0,10.64,2.26,4.48,1.86,2.0
17,2026-04-11,OS297,2026-04-11 06:16:00,2026-04-11 06:07:00,-9.0,2026-04-11 06:21:00,2026-04-11 06:24:00,A43 ,85.0,9.43,9.01,4.75,1.75,3.0
17,2026-04-11,SK597,2026-04-11 08:00:00,2026-04-11 07:51:00,-9.0,2026-04-11 08:07:00,2026-04-11 08:11:00,A47 ,68.0,14.46,4.7,4.41,1.89,4.0
17,2026-04-11,SN1138,2026-04-11 10:21:00,2026-04-11 10:01:00,-20.0,2026-04-11 10:21:00,2026-04-11 10:24:00,B28 A,87.0,13.68,6.36,5.84,1.37,3.0
17,2026-04-11,SN1574,2026-04-11 07:29:00,2026-04-11 07:17:00,-12.0,2026-04-11 07:50:00,2026-04-11 07:54:00,A49 ,106.0,10.96,9.67,6.53,1.28,4.0
17,2026-04-11,SN2652,2026-04-11 07:16:00,2026-04-11 06:58:00,-18.0,2026-04-11 07:08:00,2026-04-11 07:09:00,A51 ,20.0,15.36,1.3,5.43,1.53,1.0
17,2026-04-11,SN2906,2026-04-11 08:01:00,2026-04-11 07:53:00,-8.0,2026-04-11 08:10:00,2026-04-11 08:13:00,A50 ,57.0,14.18,4.02,5.08,1.64,3.0
17,2026-04-11,SN3132,2026-04-11 06:23:00,2026-04-11 06:00:00,-23.0,2026-04-11 06:28:00,2026-04-11 06:32:00,A44 ,109.0,12.03,9.06,4.32,1.93,4.0
17,2026-04-11,SN3182,2026-04-11 07:23:00,2026-04-11 07:13:00,-10.0,2026-04-11 07:38:00,2026-04-11 07:41:00,A64 ,115.0,13.07,8.8,4.43,1.88,3.0
17,2026-04-11,SN3344,2026-04-11 07:21:00,2026-04-11 07:10:00,-11.0,2026-04-11 07:27:00,2026-04-11 07:29:00,A59 ,37.0,9.36,3.95,4.89,1.7,2.0
17,2026-04-11,SN3738,2026-04-11 09:14:00,2026-04-11 09:05:00,-9.0,2026-04-11 09:30:00,2026-04-11 09:34:00,A46 ,105.0,9.97,10.53,5.16,1.62,4.0
17,2026-04-11,SN3740,2026-04-11 08:13:00,2026-04-11 07:50:00,-23.0,2026-04-11 08:19:00,2026-04-11 08:23:00,A70 ,131.0,13.39,9.78,5.83,1.43,4.0
17,2026-04-11,SN3752,2026-04-11 07:14:00,2026-04-11 07:18:00,4.0,2026-04-11 07:40:00,2026-04-11 07:43:00,A40 ,54.0,12.37,4.37,5.27,1.58,3.0
17,2026-04-11,SN3766,2026-04-11 06:55:00,2026-04-11 06:36:00,-19.0,2026-04-11 07:00:00,2026-04-11 07:05:00,A56 ,129.0,12.99,9.93,5.15,1.62,5.0
17,2026-04-11,SN3768,2026-04-11 07:31:00,2026-04-11 08:38:00,67.0,2026-04-11 08:59:00,2026-04-11 09:07:00,A66 ,129.0,13.03,9.9,5.44,1.53,8.0
17,2026-04-11,SN3774,2026-04-11 06:20:00,2026-04-11 07:00:00,40.0,2026-04-11 07:23:00,2026-04-11 07:25:00,A50 ,66.0,12.6,5.24,5.65,1.48,2.0
17,2026-04-11,SN3782,2026-04-11 10:36:00,2026-04-11 12:13:00,97.0,2026-04-11 12:42:00,2026-04-11 12:49:00,A55 ,135.0,13.63,9.9,5.58,1.49,7.0
17,2026-04-11,SN3784,2026-04-11 06:44:00,2026-04-11 06:32:00,-12.0,2026-04-11 08:12:00,2026-04-11 08:22:00,A45 ,113.0,16.14,7.0,4.64,1.8,10.0
17,2026-04-11,SN3806,2026-04-11 09:44:00,2026-04-11 09:37:00,-7.0,2026-04-11 10:02:00,2026-04-11 10:07:00,A54 ,120.0,10.69,11.23,4.84,1.72,5.0
17,2026-04-11,SN3820,2026-04-11 06:45:00,2026-04-11 07:04:00,19.0,2026-04-11 07:29:00,2026-04-11 07:32:00,A40 ,59.0,13.52,4.36,5.77,1.44,3.0
17,2026-04-11,SN3828,2026-04-11 10:54:00,2026-04-11 10:46:00,-8.0,2026-04-11 12:01:00,2026-04-11 12:20:00,A61 ,125.0,13.04,9.59,4.47,1.87,19.0
17,2026-04-11,SN3886,2026-04-11 10:15:00,2026-04-11 10:41:00,26.0,2026-04-11 10:53:00,2026-04-11 12:12:00,B14 A,152.0,15.63,9.72,4.22,1.58,79.0
17,2026-04-11,TB1502,2026-04-11 10:55:00,2026-04-11 12:16:00,81.0,2026-04-11 12:39:00,2026-04-11 12:54:00,A63 ,133.0,13.37,9.95,4.44,1.88,15.0
17,2026-04-11,TB1552,2026-04-11 07:15:00,2026-04-11 07:08:00,-7.0,2026-04-11 07:38:00,2026-04-11 07:45:00,A61 ,152.0,13.31,11.42,4.08,2.04,7.0
17,2026-04-11,TB1702,2026-04-11 09:26:00,2026-04-11 09:29:00,3.0,2026-04-11 09:48:00,2026-04-11 09:54:00,A43 ,151.0,13.68,11.04,4.98,1.67,6.0
17,2026-04-11,TB1704,2026-04-11 08:56:00,2026-04-11 08:41:00,-15.0,2026-04-11 09:04:00,2026-04-11 09:09:00,A65 ,147.0,13.7,10.73,4.25,1.96,5.0
17,2026-04-11,TB1756,2026-04-11 10:30:00,2026-04-11 10:37:00,7.0,2026-04-11 10:58:00,2026-04-11 12:09:00,A65 ,164.0,15.32,10.7,4.6,1.81,71.0
17,2026-04-11,TB1758,2026-04-11 10:32:00,2026-04-11 12:40:00,128.0,2026-04-11 13:03:00,2026-04-11 13:08:00,A72 ,142.0,16.4,8.66,5.65,1.47,5.0
17,2026-04-11,TB2031,2026-04-11 07:32:00,2026-04-11 07:08:00,-24.0,2026-04-11 07:24:00,2026-04-11 07:33:00,B30 A,152.0,15.47,9.82,4.86,1.84,9.0
17,2026-04-11,TB2614,2026-04-11 08:39:00,2026-04-11 08:51:00,12.0,2026-04-11 09:10:00,2026-04-11 09:15:00,B9  A,138.0,14.68,9.4,5.21,1.6,5.0
17,2026-04-11,TK1941,2026-04-11 09:30:00,2026-04-11 09:22:00,-8.0,2026-04-11 09:38:00,2026-04-11 09:46:00,B7  A,161.0,12.77,12.61,5.37,1.55,8.0
17,2026-04-11,TP644,2026-04-11 08:11:00,2026-04-11 08:27:00,16.0,2026-04-11 08:46:00,2026-04-11 08:55:00,A53 ,86.0,12.37,6.95,4.83,1.73,9.0
17,2026-04-11,TP646,2026-04-11 10:02:00,2026-04-11 09:56:00,-6.0,2026-04-11 11:20:00,2026-04-11 11:29:00,A45 ,175.0,10.91,16.04,6.15,1.36,9.0
17,2026-04-11,VY1334,2026-04-11 07:06:00,2026-04-11 06:50:00,-16.0,2026-04-11 07:09:00,2026-04-11 07:11:00,A47 ,71.0,11.54,6.15,5.77,1.44,2.0
17,2026-04-11,VY8984,2026-04-11 06:55:00,2026-04-11 07:23:00,28.0,2026-04-11 07:33:00,2026-04-11 07:34:00,A45 ,55.0,13.32,4.13,4.9,1.7,1.0
18,2026-04-11,BA388,2026-04-11 06:19:00,2026-04-11 05:59:00,-20.0,2026-04-11 06:14:00,2026-04-11 06:18:00,B7  A,90.0,14.44,6.23,4.57,1.83,4.0
18,2026-04-11,FH8116,2026-04-11 06:35:00,2026-04-11 06:00:00,-35.0,2026-04-11 06:07:00,2026-04-11 06:09:00,B15 A,22.0,11.64,1.89,4.22,1.83,2.0
18,2026-04-11,HV9078,2026-04-11 10:31:00,2026-04-11 10:29:00,-2.0,2026-04-11 10:47:00,2026-04-11 10:50:00,A42 ,85.0,9.56,8.89,4.09,2.04,3.0
18,2026-04-11,IB1301,2026-04-11 06:06:00,2026-04-11 08:18:00,132.0,2026-04-11 08:38:00,2026-04-11 08:41:00,A61 ,70.0,14.69,4.77,4.28,1.95,3.0
18,2026-04-11,IB603,2026-04-11 08:34:00,2026-04-11 08:35:00,1.0,2026-04-11 08:54:00,2026-04-11 08:58:00,A53 ,132.0,12.78,10.33,5.17,1.61,4.0
18,2026-04-11,KM420,2026-04-11 06:21:00,2026-04-11 05:59:00,-22.0,2026-04-11 06:18:00,2026-04-11 06:23:00,A45 ,138.0,12.56,10.99,4.78,1.74,5.0
18,2026-04-11,LO231,2026-04-11 10:41:00,2026-04-11 10:45:00,4.0,2026-04-11 11:07:00,2026-04-11 11:09:00,A53 ,33.0,10.17,3.25,3.67,2.27,2.0
18,2026-04-11,OS297,2026-04-11 07:15:00,2026-04-11 07:12:00,-3.0,2026-04-11 07:26:00,2026-04-11 07:34:00,A49 ,126.0,11.99,10.51,4.6,1.81,8.0
18,2026-04-11,SK597,2026-04-11 06:57:00,2026-04-11 06:53:00,-4.0,2026-04-11 07:07:00,2026-04-11 07:15:00,A51 ,89.0,14.67,6.07,4.49,1.85,8.0
18,2026-04-11,SN1138,2026-04-11 10:21:00,2026-04-11 10:01:00,-20.0,2026-04-11 10:21:00,2026-04-11 10:24:00,B28 A,87.0,12.86,6.77,3.99,2.0,3.0
18,2026-04-11,SN1574,2026-04-11 07:29:00,2026-04-11 07:17:00,-12.0,2026-04-11 07:50:00,2026-04-11 07:54:00,A49 ,106.0,12.16,8.72,4.75,1.75,4.0
18,2026-04-11,SN2652,2026-04-11 07:16:00,2026-04-11 06:58:00,-18.0,2026-04-11 07:08:00,2026-04-11 07:09:00,A51 ,20.0,13.54,1.48,4.58,1.82,1.0
18,2026-04-11,SN2906,2026-04-11 06:58:00,2026-04-11 06:45:00,-13.0,2026-04-11 06:56:00,2026-04-11 06:59:00,A46 ,52.0,12.0,4.33,4.88,1.71,3.0
18,2026-04-11,SN3132,2026-04-11 06:23:00,2026-04-11 06:00:00,-23.0,2026-04-11 06:28:00,2026-04-11 06:32:00,A44 ,109.0,15.0,7.26,3.56,2.34,4.0
18,2026-04-11,SN3182,2026-04-11 07:23:00,2026-04-11 07:13:00,-10.0,2026-04-11 07:38:00,2026-04-11 07:41:00,A64 ,115.0,10.37,11.09,6.48,1.29,3.0
18,2026-04-11,SN3344,2026-04-11 06:18:00,2026-04-11 06:23:00,5.0,2026-04-11 06:45:00,2026-04-11 06:47:00,A66 ,41.0,11.25,3.64,5.12,1.63,2.0
18,2026-04-11,SN3738,2026-04-11 11:36:00,2026-04-11 11:50:00,14.0,2026-04-11 13:15:00,2026-04-11 13:20:00,A40 ,116.0,10.28,11.28,4.48,1.86,5.0
18,2026-04-11,SN3740,2026-04-11 08:13:00,2026-04-11 07:50:00,-23.0,2026-04-11 08:19:00,2026-04-11 08:23:00,A70 ,131.0,9.6,13.64,5.13,1.62,4.0
18,2026-04-11,SN3752,2026-04-11 07:14:00,2026-04-11 07:18:00,4.0,2026-04-11 07:40:00,2026-04-11 07:43:00,A40 ,54.0,12.37,4.37,4.59,1.82,3.0
18,2026-04-11,SN3766,2026-04-11 06:55:00,2026-04-11 06:36:00,-19.0,2026-04-11 07:00:00,2026-04-11 07:05:00,A56 ,129.0,10.86,11.88,4.01,2.08,5.0
18,2026-04-11,SN3768,2026-04-11 07:31:00,2026-04-11 08:38:00,67.0,2026-04-11 08:59:00,2026-04-11 09:07:00,A66 ,129.0,11.66,11.06,4.79,1.74,8.0
18,2026-04-11,SN3774,2026-04-11 10:17:00,2026-04-11 10:10:00,-7.0,2026-04-11 10:31:00,2026-04-11 10:34:00,A52 ,71.0,11.48,6.19,5.68,1.47,3.0
18,2026-04-11,SN3782,2026-04-11 11:35:00,2026-04-11 11:27:00,-8.0,2026-04-11 11:43:00,2026-04-11 13:04:00,A60 ,160.0,11.48,13.94,5.82,1.43,81.0
18,2026-04-11,SN3784,2026-04-11 10:26:00,2026-04-11 10:13:00,-13.0,2026-04-11 10:35:00,2026-04-11 12:01:00,A50 ,134.0,13.47,9.95,6.23,1.34,86.0
18,2026-04-11,SN3806,2026-04-11 09:44:00,2026-04-11 09:37:00,-7.0,2026-04-11 10:02:00,2026-04-11 10:07:00,A54 ,120.0,14.57,8.24,4.69,1.78,5.0
18,2026-04-11,SN3820,2026-04-11 11:50:00,2026-04-11 12:03:00,13.0,2026-04-11 12:22:00,2026-04-11 12:27:00,A44 ,97.0,13.28,7.31,7.02,1.19,5.0
18,2026-04-11,SN3828,2026-04-11 10:54:00,2026-04-11 10:46:00,-8.0,2026-04-11 12:01:00,2026-04-11 12:20:00,A61 ,125.0,15.85,7.89,4.85,1.72,19.0
18,2026-04-11,SN3886,2026-04-11 10:15:00,2026-04-11 10:41:00,26.0,2026-04-11 10:53:00,2026-04-11 12:12:00,B14 A,152.0,14.68,10.35,4.07,1.64,79.0
18,2026-04-11,TB1502,2026-04-11 10:55:00,2026-04-11 12:16:00,81.0,2026-04-11 12:39:00,2026-04-11 12:54:00,A63 ,133.0,13.44,9.89,5.26,1.58,15.0
18,2026-04-11,TB1552,2026-04-11 07:15:00,2026-04-11 07:08:00,-7.0,2026-04-11 07:38:00,2026-04-11 07:45:00,A61 ,152.0,9.9,15.36,5.86,1.42,7.0
18,2026-04-11,TB1702,2026-04-11 09:26:00,2026-04-11 09:29:00,3.0,2026-04-11 09:48:00,2026-04-11 09:54:00,A43 ,151.0,11.02,13.71,4.32,1.93,6.0
18,2026-04-11,TB1704,2026-04-11 08:56:00,2026-04-11 08:41:00,-15.0,2026-04-11 09:04:00,2026-04-11 09:09:00,A65 ,147.0,11.03,13.33,5.02,1.66,5.0
18,2026-04-11,TB1756,2026-04-11 10:30:00,2026-04-11 10:37:00,7.0,2026-04-11 10:58:00,2026-04-11 12:09:00,A65 ,164.0,13.97,11.74,5.3,1.57,71.0
18,2026-04-11,TB1758,2026-04-11 10:32:00,2026-04-11 12:40:00,128.0,2026-04-11 13:03:00,2026-04-11 13:08:00,A72 ,142.0,12.51,11.35,3.68,2.26,5.0
18,2026-04-11,TB2031,2026-04-11 07:32:00,2026-04-11 07:08:00,-24.0,2026-04-11 07:24:00,2026-04-11 07:33:00,B30 A,152.0,13.67,11.12,4.97,1.79,9.0
18,2026-04-11,TB2614,2026-04-11 08:39:00,2026-04-11 08:51:00,12.0,2026-04-11 09:10:00,2026-04-11 09:15:00,B9  A,138.0,14.9,9.26,3.91,2.13,5.0
18,2026-04-11,TK1941,2026-04-11 09:30:00,2026-04-11 09:22:00,-8.0,2026-04-11 09:38:00,2026-04-11 09:46:00,B7  A,161.0,12.99,12.4,5.4,1.54,8.0
18,2026-04-11,TP644,2026-04-11 07:10:00,2026-04-11 07:04:00,-6.0,2026-04-11 07:24:00,2026-04-11 07:31:00,A53 ,123.0,15.4,7.99,5.2,1.6,7.0
18,2026-04-11,TP646,2026-04-11 08:58:00,2026-04-11 08:50:00,-8.0,2026-04-11 10:28:00,2026-04-11 10:30:00,A44 ,65.0,12.17,5.34,4.83,1.72,2.0
18,2026-04-11,VY1334,2026-04-11 07:06:00,2026-04-11 06:50:00,-16.0,2026-04-11 07:09:00,2026-04-11 07:11:00,A47 ,71.0,11.44,6.21,5.48,1.52,2.0
18,2026-04-11,VY8984,2026-04-11 06:55:00,2026-04-11 07:23:00,28.0,2026-04-11 07:33:00,2026-04-11 07:34:00,A45 ,55.0,12.99,4.23,5.56,1.5,1.0
19,2026-04-11,BA388,2026-04-11 06:19:00,2026-04-11 05:59:00,-20.0,2026-04-11 06:14:00,2026-04-11 06:18:00,B7  A,90.0,9.94,9.06,5.18,1.61,4.0
19,2026-04-11,FH8116,2026-04-11 06:35:00,2026-04-11 06:00:00,-35.0,2026-04-11 06:07:00,2026-04-11 06:09:00,B15 A,22.0,10.71,2.05,5.43,1.42,2.0
19,2026-04-11,HV9078,2026-04-11 10:31:00,2026-04-11 10:29:00,-2.0,2026-04-11 10:47:00,2026-04-11 10:50:00,A42 ,85.0,13.9,6.11,4.98,1.68,3.0
19,2026-04-11,IB1301,2026-04-11 07:06:00,2026-04-11 06:41:00,-25.0,2026-04-11 06:55:00,2026-04-11 07:01:00,A55 ,77.0,14.18,5.43,5.63,1.48,6.0
19,2026-04-11,IB603,2026-04-11 08:34:00,2026-04-11 08:35:00,1.0,2026-04-11 08:54:00,2026-04-11 08:58:00,A53 ,132.0,10.88,12.13,4.5,1.85,4.0
19,2026-04-11,KM420,2026-04-11 06:21:00,2026-04-11 05:59:00,-22.0,2026-04-11 06:18:00,2026-04-11 06:23:00,A45 ,138.0,13.28,10.39,4.13,2.02,5.0
19,2026-04-11,LO231,2026-04-11 08:40:00,2026-04-11 08:34:00,-6.0,2026-04-11 08:52:00,2026-04-11 08:54:00,A55 ,22.0,12.47,1.76,4.01,2.08,2.0
19,2026-04-11,OS297,2026-04-11 07:15:00,2026-04-11 07:12:00,-3.0,2026-04-11 07:26:00,2026-04-11 07:34:00,A49 ,126.0,13.5,9.34,5.6,1.49,8.0
19,2026-04-11,SK597,2026-04-11 08:00:00,2026-04-11 07:51:00,-9.0,2026-04-11 08:07:00,2026-04-11 08:11:00,A47 ,68.0,13.82,4.92,3.34,2.5,4.0
19,2026-04-11,SN1138,2026-04-11 10:21:00,2026-04-11 10:01:00,-20.0,2026-04-11 10:21:00,2026-04-11 10:24:00,B28 A,87.0,9.88,8.8,5.54,1.44,3.0
19,2026-04-11,SN1574,2026-04-11 07:29:00,2026-04-11 07:17:00,-12.0,2026-04-11 07:50:00,2026-04-11 07:54:00,A49 ,106.0,14.03,7.56,4.14,2.01,4.0
19,2026-04-11,SN2652,2026-04-11 11:01:00,2026-04-11 10:52:00,-9.0,2026-04-11 11:25:00,2026-04-11 11:27:00,A52 ,52.0,16.18,3.21,4.58,1.82,2.0
19,2026-04-11,SN2906,2026-04-11 06:58:00,2026-04-11 06:45:00,-13.0,2026-04-11 06:56:00,2026-04-11 06:59:00,A46 ,52.0,11.49,4.52,5.44,1.53,3.0
19,2026-04-11,SN3132,2026-04-11 08:19:00,2026-04-11 08:24:00,5.0,2026-04-11 08:52:00,2026-04-11 08:56:00,A62 ,115.0,11.79,9.75,5.17,1.61,4.0
19,2026-04-11,SN3182,2026-04-11 07:23:00,2026-04-11 07:13:00,-10.0,2026-04-11 07:38:00,2026-04-11 07:41:00,A64 ,115.0,10.94,10.51,5.67,1.47,3.0
19,2026-04-11,SN3344,2026-04-11 07:21:00,2026-04-11 07:10:00,-11.0,2026-04-11 07:27:00,2026-04-11 07:29:00,A59 ,37.0,12.14,3.05,3.61,2.31,2.0
19,2026-04-11,SN3738,2026-04-11 08:14:00,2026-04-11 10:18:00,124.0,2026-04-11 10:49:00,2026-04-11 10:54:00,A64 ,113.0,14.99,7.54,5.37,1.55,5.0
19,2026-04-11,SN3740,2026-04-11 08:13:00,2026-04-11 07:50:00,-23.0,2026-04-11 08:19:00,2026-04-11 08:23:00,A70 ,131.0,14.04,9.33,4.16,2.0,4.0
19,2026-04-11,SN3752,2026-04-11 07:14:00,2026-04-11 07:18:00,4.0,2026-04-11 07:40:00,2026-04-11 07:43:00,A40 ,54.0,10.49,5.15,4.81,1.73,3.0
19,2026-04-11,SN3766,2026-04-11 06:55:00,2026-04-11 06:36:00,-19.0,2026-04-11 07:00:00,2026-04-11 07:05:00,A56 ,129.0,11.02,11.71,3.89,2.14,5.0
19,2026-04-11,SN3768,2026-04-11 07:31:00,2026-04-11 08:38:00,67.0,2026-04-11 08:59:00,2026-04-11 09:07:00,A66 ,129.0,14.25,9.05,5.96,1.4,8.0
19,2026-04-11,SN3774,2026-04-11 10:17:00,2026-04-11 10:10:00,-7.0,2026-04-11 10:31:00,2026-04-11 10:34:00,A52 ,71.0,12.92,5.49,6.0,1.39,3.0
19,2026-04-11,SN3782,2026-04-11 11:35:00,2026-04-11 11:27:00,-8.0,2026-04-11 11:43:00,2026-04-11 13:04:00,A60 ,160.0,13.83,11.57,4.65,1.79,81.0
19,2026-04-11,SN3784,2026-04-11 10:26:00,2026-04-11 10:13:00,-13.0,2026-04-11 10:35:00,2026-04-11 12:01:00,A50 ,134.0,16.03,8.36,4.56,1.83,86.0
19,2026-04-11,SN3806,2026-04-11 09:44:00,2026-04-11 09:37:00,-7.0,2026-04-11 10:02:00,2026-04-11 10:07:00,A54 ,120.0,11.24,10.67,5.69,1.47,5.0
19,2026-04-11,SN3820,2026-04-11 08:45:00,2026-04-11 09:03:00,18.0,2026-04-11 09:29:00,2026-04-11 09:32:00,A65 ,77.0,14.53,5.3,7.83,1.06,3.0
19,2026-04-11,SN3828,2026-04-11 10:54:00,2026-04-11 10:46:00,-8.0,2026-04-11 12:01:00,2026-04-11 12:20:00,A61 ,125.0,11.4,10.96,5.55,1.5,19.0
19,2026-04-11,SN3886,2026-04-11 10:15:00,2026-04-11 10:41:00,26.0,2026-04-11 10:53:00,2026-04-11 12:12:00,B14 A,152.0,14.96,10.16,4.58,1.45,79.0
19,2026-04-11,TB1502,2026-04-11 10:55:00,2026-04-11 12:16:00,81.0,2026-04-11 12:39:00,2026-04-11 12:54:00,A63 ,133.0,8.2,16.22,6.45,1.29,15.0
19,2026-04-11,TB1552,2026-04-11 08:29:00,2026-04-11 08:25:00,-4.0,2026-04-11 08:46:00,2026-04-11 08:54:00,A61 ,166.0,9.43,17.61,5.9,1.41,8.0
19,2026-04-11,TB1702,2026-04-11 09:26:00,2026-04-11 09:29:00,3.0,2026-04-11 09:48:00,2026-04-11 09:54:00,A43 ,151.0,11.16,13.54,4.8,1.74,6.0
19,2026-04-11,TB1704,2026-04-11 08:56:00,2026-04-11 08:41:00,-15.0,2026-04-11 09:04:00,2026-04-11 09:09:00,A65 ,147.0,12.06,12.19,5.0,1.67,5.0
19,2026-04-11,TB1756,2026-04-11 10:30:00,2026-04-11 10:37:00,7.0,2026-04-11 10:58:00,2026-04-11 12:09:00,A65 ,164.0,12.3,13.34,4.71,1.77,71.0
19,2026-04-11,TB1758,2026-04-11 10:32:00,2026-04-11 12:40:00,128.0,2026-04-11 13:03:00,2026-04-11 13:08:00,A72 ,142.0,11.1,12.79,4.42,1.89,5.0
19,2026-04-11,TB2031,2026-04-11 07:32:00,2026-04-11 07:08:00,-24.0,2026-04-11 07:24:00,2026-04-11 07:33:00,B30 A,152.0,14.24,10.67,3.57,2.5,9.0
19,2026-04-11,TB2614,2026-04-11 08:39:00,2026-04-11 08:51:00,12.0,2026-04-11 09:10:00,2026-04-11 09:15:00,B9  A,138.0,11.79,11.71,5.5,1.51,5.0
19,2026-04-11,TK1941,2026-04-11 09:30:00,2026-04-11 09:22:00,-8.0,2026-04-11 09:38:00,2026-04-11 09:46:00,B7  A,161.0,11.91,13.52,6.19,1.35,8.0
19,2026-04-11,TP644,2026-04-11 08:11:00,2026-04-11 08:27:00,16.0,2026-04-11 08:46:00,2026-04-11 08:55:00,A53 ,86.0,11.83,7.27,5.92,1.41,9.0
19,2026-04-11,TP646,2026-04-11 06:01:00,2026-04-11 07:10:00,69.0,2026-04-11 07:24:00,2026-04-11 07:29:00,A59 ,114.0,9.95,11.46,4.16,2.0,5.0
19,2026-04-11,VY1334,2026-04-11 07:06:00,2026-04-11 06:50:00,-16.0,2026-04-11 07:09:00,2026-04-11 07:11:00,A47 ,71.0,8.42,8.43,5.28,1.58,2.0
19,2026-04-11,VY8984,2026-04-11 07:57:00,2026-04-11 07:35:00,-22.0,2026-04-11 07:48:00,2026-04-11 07:50:00,A43 ,54.0,11.41,4.73,5.79,1.44,2.0
20,2026-04-11,BA388,2026-04-11 06:19:00,2026-04-11 05:59:00,-20.0,2026-04-11 06:14:00,2026-04-11 06:18:00,B7  A,90.0,12.2,7.37,5.06,1.65,4.0
20,2026-04-11,FH8116,2026-04-11 06:35:00,2026-04-11 06:00:00,-35.0,2026-04-11 06:07:00,2026-04-11 06:09:00,B15 A,22.0,11.93,1.84,4.6,1.68,2.0
20,2026-04-11,HV9078,2026-04-11 10:31:00,2026-04-11 10:29:00,-2.0,2026-04-11 10:47:00,2026-04-11 10:50:00,A42 ,85.0,14.93,5.69,5.76,1.45,3.0
20,2026-04-11,IB1301,2026-04-11 07:06:00,2026-04-11 06:41:00,-25.0,2026-04-11 06:55:00,2026-04-11 07:01:00,A55 ,77.0,9.44,8.16,4.98,1.67,6.0
20,2026-04-11,IB603,2026-04-11 08:34:00,2026-04-11 08:35:00,1.0,2026-04-11 08:54:00,2026-04-11 08:58:00,A53 ,132.0,15.98,8.26,4.25,1.96,4.0
20,2026-04-11,KM420,2026-04-11 06:21:00,2026-04-11 05:59:00,-22.0,2026-04-11 06:18:00,2026-04-11 06:23:00,A45 ,138.0,15.78,8.75,4.62,1.8,5.0
20,2026-04-11,LO231,2026-04-11 10:41:00,2026-04-11 10:45:00,4.0,2026-04-11 11:07:00,2026-04-11 11:09:00,A53 ,33.0,11.53,2.86,4.58,1.82,2.0
20,2026-04-11,OS297,2026-04-11 06:16:00,2026-04-11 06:07:00,-9.0,2026-04-11 06:21:00,2026-04-11 06:24:00,A43 ,85.0,14.08,6.04,4.99,1.67,3.0
20,2026-04-11,SK597,2026-04-11 08:00:00,2026-04-11 07:51:00,-9.0,2026-04-11 08:07:00,2026-04-11 08:11:00,A47 ,68.0,10.68,6.37,4.83,1.72,4.0
20,2026-04-11,SN1138,2026-04-11 10:21:00,2026-04-11 10:01:00,-20.0,2026-04-11 10:21:00,2026-04-11 10:24:00,B28 A,87.0,11.82,7.36,4.22,1.9,3.0
20,2026-04-11,SN1574,2026-04-11 07:29:00,2026-04-11 07:17:00,-12.0,2026-04-11 07:50:00,2026-04-11 07:54:00,A49 ,106.0,13.97,7.59,5.65,1.47,4.0
20,2026-04-11,SN2652,2026-04-11 09:59:00,2026-04-11 09:45:00,-14.0,2026-04-11 10:08:00,2026-04-11 10:11:00,A60 ,89.0,12.39,7.19,4.61,1.81,3.0
20,2026-04-11,SN2906,2026-04-11 06:58:00,2026-04-11 06:45:00,-13.0,2026-04-11 06:56:00,2026-04-11 06:59:00,A46 ,52.0,11.56,4.5,4.12,2.02,3.0
20,2026-04-11,SN3132,2026-04-11 08:19:00,2026-04-11 08:24:00,5.0,2026-04-11 08:52:00,2026-04-11 08:56:00,A62 ,115.0,9.25,12.43,5.4,1.54,4.0
20,2026-04-11,SN3182,2026-04-11 07:23:00,2026-04-11 07:13:00,-10.0,2026-04-11 07:38:00,2026-04-11 07:41:00,A64 ,115.0,14.25,8.07,5.59,1.49,3.0
20,2026-04-11,SN3344,2026-04-11 07:21:00,2026-04-11 07:10:00,-11.0,2026-04-11 07:27:00,2026-04-11 07:29:00,A59 ,37.0,11.4,3.25,4.2,1.98,2.0
20,2026-04-11,SN3738,2026-04-11 10:16:00,2026-04-11 10:11:00,-5.0,2026-04-11 10:34:00,2026-04-11 10:38:00,A68 ,101.0,9.06,11.15,5.14,1.62,4.0
20,2026-04-11,SN3740,2026-04-11 08:13:00,2026-04-11 07:50:00,-23.0,2026-04-11 08:19:00,2026-04-11 08:23:00,A70 ,131.0,11.58,11.31,5.48,1.52,4.0
20,2026-04-11,SN3752,2026-04-11 07:14:00,2026-04-11 07:18:00,4.0,2026-04-11 07:40:00,2026-04-11 07:43:00,A40 ,54.0,10.32,5.23,4.52,1.84,3.0
20,2026-04-11,SN3766,2026-04-11 06:55:00,2026-04-11 06:36:00,-19.0,2026-04-11 07:00:00,2026-04-11 07:05:00,A56 ,129.0,11.36,11.36,4.72,1.77,5.0
20,2026-04-11,SN3768,2026-04-11 07:31:00,2026-04-11 08:38:00,67.0,2026-04-11 08:59:00,2026-04-11 09:07:00,A66 ,129.0,14.44,8.93,3.89,2.14,8.0
20,2026-04-11,SN3774,2026-04-11 10:44:00,2026-04-11 10:30:00,-14.0,2026-04-11 11:02:00,2026-04-11 11:10:00,A72 ,106.0,11.23,9.44,3.91,2.13,8.0
20,2026-04-11,SN3782,2026-04-11 10:36:00,2026-04-11 12:13:00,97.0,2026-04-11 12:42:00,2026-04-11 12:49:00,A55 ,135.0,13.88,9.73,4.48,1.86,7.0
20,2026-04-11,SN3784,2026-04-11 06:44:00,2026-04-11 06:32:00,-12.0,2026-04-11 08:12:00,2026-04-11 08:22:00,A45 ,113.0,9.57,11.8,6.58,1.27,10.0
20,2026-04-11,SN3806,2026-04-11 09:44:00,2026-04-11 09:37:00,-7.0,2026-04-11 10:02:00,2026-04-11 10:07:00,A54 ,120.0,9.12,13.16,4.63,1.8,5.0
20,2026-04-11,SN3820,2026-04-11 10:45:00,2026-04-11 11:02:00,17.0,2026-04-11 11:28:00,2026-04-11 11:32:00,A50 ,84.0,16.09,5.22,5.15,1.62,4.0
20,2026-04-11,SN3828,2026-04-11 10:54:00,2026-04-11 10:46:00,-8.0,2026-04-11 12:01:00,2026-04-11 12:20:00,A61 ,125.0,12.72,9.82,4.35,1.92,19.0
20,2026-04-11,SN3886,2026-04-11 10:15:00,2026-04-11 10:41:00,26.0,2026-04-11 10:53:00,2026-04-11 12:12:00,B14 A,152.0,15.35,9.9,3.95,1.69,79.0
20,2026-04-11,TB1502,2026-04-11 10:55:00,2026-04-11 12:16:00,81.0,2026-04-11 12:39:00,2026-04-11 12:54:00,A63 ,133.0,13.57,9.8,4.53,1.84,15.0
20,2026-04-11,TB1552,2026-04-11 07:15:00,2026-04-11 07:08:00,-7.0,2026-04-11 07:38:00,2026-04-11 07:45:00,A61 ,152.0,13.96,10.89,4.52,1.84,7.0
20,2026-04-11,TB1702,2026-04-11 09:26:00,2026-04-11 09:29:00,3.0,2026-04-11 09:48:00,2026-04-11 09:54:00,A43 ,151.0,12.64,11.94,3.23,2.58,6.0
20,2026-04-11,TB1704,2026-04-11 08:56:00,2026-04-11 08:41:00,-15.0,2026-04-11 09:04:00,2026-04-11 09:09:00,A65 ,147.0,13.09,11.23,4.88,1.71,5.0
20,2026-04-11,TB1756,2026-04-11 10:30:00,2026-04-11 10:37:00,7.0,2026-04-11 10:58:00,2026-04-11 12:09:00,A65 ,164.0,13.29,12.34,5.38,1.55,71.0
20,2026-04-11,TB1758,2026-04-11 10:32:00,2026-04-11 12:40:00,128.0,2026-04-11 13:03:00,2026-04-11 13:08:00,A72 ,142.0,12.02,11.82,5.05,1.65,5.0
20,2026-04-11,TB2031,2026-04-11 07:32:00,2026-04-11 07:08:00,-24.0,2026-04-11 07:24:00,2026-04-11 07:33:00,B30 A,152.0,13.48,11.28,5.81,1.53,9.0
20,2026-04-11,TB2614,2026-04-11 08:39:00,2026-04-11 08:51:00,12.0,2026-04-11 09:10:00,2026-04-11 09:15:00,B9  A,138.0,11.76,11.73,5.23,1.59,5.0
20,2026-04-11,TK1941,2026-04-11 09:30:00,2026-04-11 09:22:00,-8.0,2026-04-11 09:38:00,2026-04-11 09:46:00,B7  A,161.0,13.97,11.52,3.67,2.27,8.0
20,2026-04-11,TP644,2026-04-11 06:10:00,2026-04-11 06:00:00,-10.0,2026-04-11 06:11:00,2026-04-11 06:19:00,A43 ,128.0,14.86,8.61,4.84,1.72,8.0
20,2026-04-11,TP646,2026-04-11 08:58:00,2026-04-11 08:50:00,-8.0,2026-04-11 10:28:00,2026-04-11 10:30:00,A44 ,65.0,11.84,5.49,4.76,1.75,2.0
20,2026-04-11,VY1334,2026-04-11 07:06:00,2026-04-11 06:50:00,-16.0,2026-04-11 07:09:00,2026-04-11 07:11:00,A47 ,71.0,8.76,8.1,5.96,1.4,2.0
20,2026-04-11,VY8984,2026-04-11 06:55:00,2026-04-11 07:23:00,28.0,2026-04-11 07:33:00,2026-04-11 07:34:00,A45 ,55.0,9.06,6.07,5.11,1.63,1.0
21,2026-04-11,BA388,2026-04-11 06:19:00,2026-04-11 05:59:00,-20.0,2026-04-11 06:14:00,2026-04-11 06:18:00,B7  A,90.0,11.21,8.03,3.78,2.2,4.0
21,2026-04-11,FH8116,2026-04-11 12:44:00,2026-04-11 12:48:00,4.0,2026-04-11 13:06:00,2026-04-11 13:13:00,B38 A,140.0,12.85,10.9,4.0,2.91,7.0
21,2026-04-11,HV9078,2026-04-11 10:31:00,2026-04-11 10:29:00,-2.0,2026-04-11 10:47:00,2026-04-11 10:50:00,A42 ,85.0,13.82,6.15,4.68,1.78,3.0
21,2026-04-11,IB1301,2026-04-11 07:06:00,2026-04-11 06:41:00,-25.0,2026-04-11 06:55:00,2026-04-11 07:01:00,A55 ,77.0,13.52,5.7,4.59,1.81,6.0
21,2026-04-11,IB603,2026-04-11 07:11:00,2026-04-11 07:03:00,-8.0,2026-04-11 07:24:00,2026-04-11 07:27:00,A47 ,87.0,15.56,5.59,4.82,1.73,3.0
21,2026-04-11,KM420,2026-04-11 07:21:00,2026-04-11 06:52:00,-29.0,2026-04-11 07:07:00,2026-04-11 07:20:00,A62 ,167.0,15.72,10.62,4.08,2.04,13.0
21,2026-04-11,LO231,2026-04-11 07:42:00,2026-04-11 07:22:00,-20.0,2026-04-11 07:34:00,2026-04-11 07:36:00,A53 ,24.0,12.67,1.89,5.01,1.66,2.0
21,2026-04-11,OS297,2026-04-11 06:16:00,2026-04-11 06:07:00,-9.0,2026-04-11 06:21:00,2026-04-11 06:24:00,A43 ,85.0,9.45,8.99,5.52,1.51,3.0
21,2026-04-11,SK597,2026-04-11 06:57:00,2026-04-11 06:53:00,-4.0,2026-04-11 07:07:00,2026-04-11 07:15:00,A51 ,89.0,11.66,7.63,5.6,1.49,8.0
21,2026-04-11,SN1138,2026-04-11 10:21:00,2026-04-11 10:01:00,-20.0,2026-04-11 10:21:00,2026-04-11 10:24:00,B28 A,87.0,14.72,5.91,4.5,1.78,3.0
21,2026-04-11,SN1574,2026-04-11 07:29:00,2026-04-11 07:17:00,-12.0,2026-04-11 07:50:00,2026-04-11 07:54:00,A49 ,106.0,14.02,7.56,4.93,1.69,4.0
21,2026-04-11,SN2652,2026-04-11 09:59:00,2026-04-11 09:45:00,-14.0,2026-04-11 10:08:00,2026-04-11 10:11:00,A60 ,89.0,15.43,5.77,6.67,1.25,3.0
21,2026-04-11,SN2906,2026-04-11 06:00:00,2026-04-11 05:57:00,-3.0,2026-04-11 06:15:00,2026-04-11 06:19:00,A68 ,33.0,13.83,2.39,5.44,1.53,4.0
21,2026-04-11,SN3132,2026-04-11 06:23:00,2026-04-11 06:00:00,-23.0,2026-04-11 06:28:00,2026-04-11 06:32:00,A44 ,109.0,13.23,8.24,4.85,1.72,4.0
21,2026-04-11,SN3182,2026-04-11 06:23:00,2026-04-11 06:40:00,17.0,2026-04-11 06:59:00,2026-04-11 07:03:00,A64 ,82.0,10.64,7.7,4.58,1.82,4.0
21,2026-04-11,SN3344,2026-04-11 07:21:00,2026-04-11 07:10:00,-11.0,2026-04-11 07:27:00,2026-04-11 07:29:00,A59 ,37.0,10.67,3.47,4.42,1.89,2.0
21,2026-04-11,SN3738,2026-04-11 09:14:00,2026-04-11 09:05:00,-9.0,2026-04-11 09:30:00,2026-04-11 09:34:00,A46 ,105.0,12.46,8.43,4.82,1.73,4.0
21,2026-04-11,SN3740,2026-04-11 08:13:00,2026-04-11 07:50:00,-23.0,2026-04-11 08:19:00,2026-04-11 08:23:00,A70 ,131.0,14.67,8.93,5.47,1.52,4.0
21,2026-04-11,SN3752,2026-04-11 07:14:00,2026-04-11 07:18:00,4.0,2026-04-11 07:40:00,2026-04-11 07:43:00,A40 ,54.0,13.56,3.98,5.13,1.63,3.0
21,2026-04-11,SN3766,2026-04-11 06:55:00,2026-04-11 06:36:00,-19.0,2026-04-11 07:00:00,2026-04-11 07:05:00,A56 ,129.0,10.26,12.58,5.01,1.66,5.0
21,2026-04-11,SN3768,2026-04-11 07:31:00,2026-04-11 08:38:00,67.0,2026-04-11 08:59:00,2026-04-11 09:07:00,A66 ,129.0,9.48,13.61,5.72,1.46,8.0
21,2026-04-11,SN3774,2026-04-11 08:21:00,2026-04-11 08:11:00,-10.0,2026-04-11 08:34:00,2026-04-11 08:37:00,A52 ,64.0,8.88,7.2,6.66,1.25,3.0
21,2026-04-11,SN3782,2026-04-11 06:34:00,2026-04-11 06:27:00,-7.0,2026-04-11 06:58:00,2026-04-11 08:03:00,A61 ,88.0,13.36,6.59,4.87,1.71,65.0
21,2026-04-11,SN3784,2026-04-11 10:26:00,2026-04-11 10:13:00,-13.0,2026-04-11 10:35:00,2026-04-11 12:01:00,A50 ,134.0,16.22,8.26,5.99,1.39,86.0
21,2026-04-11,SN3806,2026-04-11 09:44:00,2026-04-11 09:37:00,-7.0,2026-04-11 10:02:00,2026-04-11 10:07:00,A54 ,120.0,12.43,9.65,5.14,1.62,5.0
21,2026-04-11,SN3820,2026-04-11 06:45:00,2026-04-11 07:04:00,19.0,2026-04-11 07:29:00,2026-04-11 07:32:00,A40 ,59.0,14.29,4.13,6.64,1.25,3.0
21,2026-04-11,SN3828,2026-04-11 10:54:00,2026-04-11 10:46:00,-8.0,2026-04-11 12:01:00,2026-04-11 12:20:00,A61 ,125.0,16.18,7.73,4.69,1.78,19.0
21,2026-04-11,SN3886,2026-04-11 10:15:00,2026-04-11 10:41:00,26.0,2026-04-11 10:53:00,2026-04-11 12:12:00,B14 A,152.0,14.96,10.16,5.64,1.18,79.0
21,2026-04-11,TB1502,2026-04-11 10:55:00,2026-04-11 12:16:00,81.0,2026-04-11 12:39:00,2026-04-11 12:54:00,A63 ,133.0,10.71,12.42,4.74,1.76,15.0
21,2026-04-11,TB1552,2026-04-11 10:15:00,2026-04-11 10:31:00,16.0,2026-04-11 10:50:00,2026-04-11 10:59:00,A69 ,164.0,11.68,14.04,5.87,1.42,9.0
21,2026-04-11,TB1702,2026-04-11 09:26:00,2026-04-11 09:29:00,3.0,2026-04-11 09:48:00,2026-04-11 09:54:00,A43 ,151.0,14.72,10.26,6.05,1.38,6.0
21,2026-04-11,TB1704,2026-04-11 08:56:00,2026-04-11 08:41:00,-15.0,2026-04-11 09:04:00,2026-04-11 09:09:00,A65 ,147.0,12.38,11.87,4.97,1.68,5.0
21,2026-04-11,TB1756,2026-04-11 10:30:00,2026-04-11 10:37:00,7.0,2026-04-11 10:58:00,2026-04-11 12:09:00,A65 ,164.0,9.6,17.08,5.19,1.61,71.0
21,2026-04-11,TB1758,2026-04-11 10:32:00,2026-04-11 12:40:00,128.0,2026-04-11 13:03:00,2026-04-11 13:08:00,A72 ,142.0,12.16,11.68,6.91,1.21,5.0
21,2026-04-11,TB2031,2026-04-11 07:32:00,2026-04-11 07:08:00,-24.0,2026-04-11 07:24:00,2026-04-11 07:33:00,B30 A,152.0,13.96,10.89,4.27,2.09,9.0
21,2026-04-11,TB2614,2026-04-11 08:39:00,2026-04-11 08:51:00,12.0,2026-04-11 09:10:00,2026-04-11 09:15:00,B9  A,138.0,14.78,9.34,4.67,1.78,5.0
21,2026-04-11,TK1941,2026-04-11 09:30:00,2026-04-11 09:22:00,-8.0,2026-04-11 09:38:00,2026-04-11 09:46:00,B7  A,161.0,12.56,12.82,6.8,1.22,8.0
21,2026-04-11,TP644,2026-04-11 06:10:00,2026-04-11 06:00:00,-10.0,2026-04-11 06:11:00,2026-04-11 06:19:00,A43 ,128.0,15.61,8.2,4.32,1.93,8.0
21,2026-04-11,TP646,2026-04-11 08:58:00,2026-04-11 08:50:00,-8.0,2026-04-11 10:28:00,2026-04-11 10:30:00,A44 ,65.0,13.7,4.75,4.57,1.82,2.0
21,2026-04-11,VY1334,2026-04-11 07:06:00,2026-04-11 06:50:00,-16.0,2026-04-11 07:09:00,2026-04-11 07:11:00,A47 ,71.0,9.62,7.38,5.81,1.43,2.0
21,2026-04-11,VY8984,2026-04-11 06:55:00,2026-04-11 07:23:00,28.0,2026-04-11 07:33:00,2026-04-11 07:34:00,A45 ,55.0,12.09,4.55,4.13,2.02,1.0
22,2026-04-11,BA388,2026-04-11 06:19:00,2026-04-11 05:59:00,-20.0,2026-04-11 06:14:00,2026-04-11 06:18:00,B7  A,90.0,11.31,7.96,3.27,2.55,4.0
22,2026-04-11,FH8116,2026-04-11 12:44:00,2026-04-11 12:48:00,4.0,2026-04-11 13:06:00,2026-04-11 13:13:00,B38 A,140.0,12.15,11.52,4.78,2.44,7.0
22,2026-04-11,HV9078,2026-04-11 10:31:00,2026-04-11 10:29:00,-2.0,2026-04-11 10:47:00,2026-04-11 10:50:00,A42 ,85.0,13.37,6.36,5.59,1.49,3.0
22,2026-04-11,IB1301,2026-04-11 06:06:00,2026-04-11 08:18:00,132.0,2026-04-11 08:38:00,2026-04-11 08:41:00,A61 ,70.0,13.09,5.35,5.25,1.59,3.0
22,2026-04-11,IB603,2026-04-11 07:11:00,2026-04-11 07:03:00,-8.0,2026-04-11 07:24:00,2026-04-11 07:27:00,A47 ,87.0,12.46,6.98,5.27,1.58,3.0
22,2026-04-11,KM420,2026-04-11 06:21:00,2026-04-11 05:59:00,-22.0,2026-04-11 06:18:00,2026-04-11 06:23:00,A45 ,138.0,9.88,13.97,4.57,1.82,5.0
22,2026-04-11,LO231,2026-04-11 09:41:00,2026-04-11 09:36:00,-5.0,2026-04-11 09:51:00,2026-04-11 09:53:00,A53 ,54.0,13.83,3.9,6.12,1.36,2.0
22,2026-04-11,OS297,2026-04-11 06:16:00,2026-04-11 06:07:00,-9.0,2026-04-11 06:21:00,2026-04-11 06:24:00,A43 ,85.0,14.25,5.96,5.26,1.58,3.0
22,2026-04-11,SK597,2026-04-11 08:00:00,2026-04-11 07:51:00,-9.0,2026-04-11 08:07:00,2026-04-11 08:11:00,A47 ,68.0,13.02,5.22,4.95,1.68,4.0
22,2026-04-11,SN1138,2026-04-11 10:21:00,2026-04-11 10:01:00,-20.0,2026-04-11 10:21:00,2026-04-11 10:24:00,B28 A,87.0,14.12,6.16,4.25,1.88,3.0
22,2026-04-11,SN1574,2026-04-11 07:29:00,2026-04-11 07:17:00,-12.0,2026-04-11 07:50:00,2026-04-11 07:54:00,A49 ,106.0,14.6,7.26,4.49,1.85,4.0
22,2026-04-11,SN2652,2026-04-11 11:01:00,2026-04-11 10:52:00,-9.0,2026-04-11 11:25:00,2026-04-11 11:27:00,A52 ,52.0,9.87,5.27,4.51,1.85,2.0
22,2026-04-11,SN2906,2026-04-11 06:00:00,2026-04-11 05:57:00,-3.0,2026-04-11 06:15:00,2026-04-11 06:19:00,A68 ,33.0,14.37,2.3,3.8,2.19,4.0
22,2026-04-11,SN3132,2026-04-11 08:19:00,2026-04-11 08:24:00,5.0,2026-04-11 08:52:00,2026-04-11 08:56:00,A62 ,115.0,10.69,10.76,4.17,2.0,4.0
22,2026-04-11,SN3182,2026-04-11 07:23:00,2026-04-11 07:13:00,-10.0,2026-04-11 07:38:00,2026-04-11 07:41:00,A64 ,115.0,12.53,9.17,5.85,1.43,3.0
22,2026-04-11,SN3344,2026-04-11 07:21:00,2026-04-11 07:10:00,-11.0,2026-04-11 07:27:00,2026-04-11 07:29:00,A59 ,37.0,14.99,2.47,4.27,1.95,2.0
22,2026-04-11,SN3738,2026-04-11 06:14:00,2026-04-11 06:01:00,-13.0,2026-04-11 06:16:00,2026-04-11 06:18:00,A46 ,77.0,9.56,8.05,4.87,1.71,2.0
22,2026-04-11,SN3740,2026-04-11 08:13:00,2026-04-11 07:50:00,-23.0,2026-04-11 08:19:00,2026-04-11 08:23:00,A70 ,131.0,11.67,11.22,4.19,1.99,4.0
22,2026-04-11,SN3752,2026-04-11 07:25:00,2026-04-11 07:39:00,14.0,2026-04-11 07:57:00,2026-04-11 08:00:00,A57 ,79.0,14.24,5.55,5.19,1.61,3.0
22,2026-04-11,SN3766,2026-04-11 06:55:00,2026-04-11 06:36:00,-19.0,2026-04-11 07:00:00,2026-04-11 07:05:00,A56 ,129.0,8.81,14.65,4.08,2.04,5.0
22,2026-04-11,SN3768,2026-04-11 07:31:00,2026-04-11 08:38:00,67.0,2026-04-11 08:59:00,2026-04-11 09:07:00,A66 ,129.0,12.95,9.96,5.55,1.5,8.0
22,2026-04-11,SN3774,2026-04-11 08:21:00,2026-04-11 08:11:00,-10.0,2026-04-11 08:34:00,2026-04-11 08:37:00,A52 ,64.0,14.9,4.3,5.23,1.59,3.0
22,2026-04-11,SN3782,2026-04-11 06:34:00,2026-04-11 06:27:00,-7.0,2026-04-11 06:58:00,2026-04-11 08:03:00,A61 ,88.0,12.8,6.88,4.98,1.67,65.0
22,2026-04-11,SN3784,2026-04-11 10:26:00,2026-04-11 10:13:00,-13.0,2026-04-11 10:35:00,2026-04-11 12:01:00,A50 ,134.0,13.26,10.11,5.41,1.54,86.0
22,2026-04-11,SN3806,2026-04-11 09:44:00,2026-04-11 09:37:00,-7.0,2026-04-11 10:02:00,2026-04-11 10:07:00,A54 ,120.0,9.93,12.08,5.24,1.59,5.0
22,2026-04-11,SN3820,2026-04-11 06:46:00,2026-04-11 06:57:00,11.0,2026-04-11 08:22:00,2026-04-11 08:26:00,A65 ,88.0,13.54,6.5,4.45,1.87,4.0
22,2026-04-11,SN3828,2026-04-11 10:54:00,2026-04-11 10:46:00,-8.0,2026-04-11 12:01:00,2026-04-11 12:20:00,A61 ,125.0,13.4,9.33,6.21,1.34,19.0
22,2026-04-11,SN3886,2026-04-11 10:15:00,2026-04-11 10:41:00,26.0,2026-04-11 10:53:00,2026-04-11 12:12:00,B14 A,152.0,14.79,10.28,4.21,1.58,79.0
22,2026-04-11,TB1502,2026-04-11 10:55:00,2026-04-11 12:16:00,81.0,2026-04-11 12:39:00,2026-04-11 12:54:00,A63 ,133.0,13.13,10.13,4.7,1.77,15.0
22,2026-04-11,TB1552,2026-04-11 07:15:00,2026-04-11 07:08:00,-7.0,2026-04-11 07:38:00,2026-04-11 07:45:00,A61 ,152.0,10.76,14.13,5.07,1.64,7.0
22,2026-04-11,TB1702,2026-04-11 09:26:00,2026-04-11 09:29:00,3.0,2026-04-11 09:48:00,2026-04-11 09:54:00,A43 ,151.0,14.25,10.6,4.71,1.77,6.0
22,2026-04-11,TB1704,2026-04-11 08:56:00,2026-04-11 08:41:00,-15.0,2026-04-11 09:04:00,2026-04-11 09:09:00,A65 ,147.0,12.97,11.33,4.16,2.0,5.0
22,2026-04-11,TB1756,2026-04-11 10:30:00,2026-04-11 10:37:00,7.0,2026-04-11 10:58:00,2026-04-11 12:09:00,A65 ,164.0,10.89,15.06,4.56,1.83,71.0
22,2026-04-11,TB1758,2026-04-11 10:32:00,2026-04-11 12:40:00,128.0,2026-04-11 13:03:00,2026-04-11 13:08:00,A72 ,142.0,12.32,11.52,5.32,1.57,5.0
22,2026-04-11,TB2031,2026-04-11 07:32:00,2026-04-11 07:08:00,-24.0,2026-04-11 07:24:00,2026-04-11 07:33:00,B30 A,152.0,12.38,12.27,4.89,1.82,9.0
22,2026-04-11,TB2614,2026-04-11 08:39:00,2026-04-11 08:51:00,12.0,2026-04-11 09:10:00,2026-04-11 09:15:00,B9  A,138.0,12.33,11.19,5.67,1.47,5.0
22,2026-04-11,TK1941,2026-04-11 09:30:00,2026-04-11 09:22:00,-8.0,2026-04-11 09:38:00,2026-04-11 09:46:00,B7  A,161.0,13.98,11.51,4.75,1.75,8.0
22,2026-04-11,TP644,2026-04-11 08:11:00,2026-04-11 08:27:00,16.0,2026-04-11 08:46:00,2026-04-11 08:55:00,A53 ,86.0,12.06,7.13,5.79,1.44,9.0
22,2026-04-11,TP646,2026-04-11 11:00:00,2026-04-11 12:19:00,79.0,2026-04-11 12:42:00,2026-04-11 12:51:00,A51 ,146.0,11.82,12.35,4.1,2.03,9.0
22,2026-04-11,VY1334,2026-04-11 07:06:00,2026-04-11 06:50:00,-16.0,2026-04-11 07:09:00,2026-04-11 07:11:00,A47 ,71.0,13.33,5.33,5.68,1.47,2.0
22,2026-04-11,VY8984,2026-04-11 06:55:00,2026-04-11 07:23:00,28.0,2026-04-11 07:33:00,2026-04-11 07:34:00,A45 ,55.0,14.46,3.8,5.55,1.5,1.0
23,2026-04-11,BA388,2026-04-11 06:19:00,2026-04-11 05:59:00,-20.0,2026-04-11 06:14:00,2026-04-11 06:18:00,B7  A,90.0,13.86,6.49,4.72,1.77,4.0
23,2026-04-11,FH8116,2026-04-11 12:44:00,2026-04-11 12:48:00,4.0,2026-04-11 13:06:00,2026-04-11 13:13:00,B38 A,140.0,13.33,10.51,4.12,2.83,7.0
23,2026-04-11,HV9078,2026-04-11 10:31:00,2026-04-11 10:29:00,-2.0,2026-04-11 10:47:00,2026-04-11 10:50:00,A42 ,85.0,11.9,7.15,4.24,1.97,3.0
23,2026-04-11,IB1301,2026-04-11 07:06:00,2026-04-11 06:41:00,-25.0,2026-04-11 06:55:00,2026-04-11 07:01:00,A55 ,77.0,13.66,5.64,3.63,2.3,6.0
23,2026-04-11,IB603,2026-04-11 08:34:00,2026-04-11 08:35:00,1.0,2026-04-11 08:54:00,2026-04-11 08:58:00,A53 ,132.0,10.18,12.97,6.66,1.25,4.0
23,2026-04-11,KM420,2026-04-11 06:21:00,2026-04-11 05:59:00,-22.0,2026-04-11 06:18:00,2026-04-11 06:23:00,A45 ,138.0,10.78,12.8,4.47,1.86,5.0
23,2026-04-11,LO231,2026-04-11 06:41:00,2026-04-11 06:27:00,-14.0,2026-04-11 06:37:00,2026-04-11 06:38:00,A57 ,23.0,12.11,1.9,4.8,1.74,1.0
23,2026-04-11,OS297,2026-04-11 06:16:00,2026-04-11 06:07:00,-9.0,2026-04-11 06:21:00,2026-04-11 06:24:00,A43 ,85.0,12.17,6.98,6.36,1.31,3.0
23,2026-04-11,SK597,2026-04-11 08:00:00,2026-04-11 07:51:00,-9.0,2026-04-11 08:07:00,2026-04-11 08:11:00,A47 ,68.0,13.92,4.88,4.76,1.75,4.0
23,2026-04-11,SN1138,2026-04-11 10:21:00,2026-04-11 10:01:00,-20.0,2026-04-11 10:21:00,2026-04-11 10:24:00,B28 A,87.0,15.07,5.77,4.67,1.71,3.0
23,2026-04-11,SN1574,2026-04-11 07:29:00,2026-04-11 07:17:00,-12.0,2026-04-11 07:50:00,2026-04-11 07:54:00,A49 ,106.0,11.12,9.53,4.5,1.85,4.0
23,2026-04-11,SN2652,2026-04-11 09:14:00,2026-04-11 09:02:00,-12.0,2026-04-11 09:22:00,2026-04-11 09:44:00,A54 ,20.0,11.41,1.75,5.44,1.53,22.0
23,2026-04-11,SN2906,2026-04-11 06:00:00,2026-04-11 05:57:00,-3.0,2026-04-11 06:15:00,2026-04-11 06:19:00,A68 ,33.0,13.01,2.54,4.88,1.71,4.0
23,2026-04-11,SN3132,2026-04-11 06:23:00,2026-04-11 06:00:00,-23.0,2026-04-11 06:28:00,2026-04-11 06:32:00,A44 ,109.0,14.36,7.59,6.59,1.26,4.0
23,2026-04-11,SN3182,2026-04-11 07:23:00,2026-04-11 07:13:00,-10.0,2026-04-11 07:38:00,2026-04-11 07:41:00,A64 ,115.0,12.05,9.54,4.57,1.82,3.0
23,2026-04-11,SN3344,2026-04-11 06:18:00,2026-04-11 06:23:00,5.0,2026-04-11 06:45:00,2026-04-11 06:47:00,A66 ,41.0,11.55,3.55,5.67,1.47,2.0
23,2026-04-11,SN3738,2026-04-11 07:14:00,2026-04-11 07:03:00,-11.0,2026-04-11 07:29:00,2026-04-11 07:32:00,A66 ,92.0,14.41,6.38,7.2,1.16,3.0
23,2026-04-11,SN3740,2026-04-11 08:13:00,2026-04-11 07:50:00,-23.0,2026-04-11 08:19:00,2026-04-11 08:23:00,A70 ,131.0,11.32,11.57,4.74,1.76,4.0
23,2026-04-11,SN3752,2026-04-11 07:14:00,2026-04-11 07:18:00,4.0,2026-04-11 07:40:00,2026-04-11 07:43:00,A40 ,54.0,14.21,3.8,5.09,1.64,3.0
23,2026-04-11,SN3766,2026-04-11 06:55:00,2026-04-11 06:36:00,-19.0,2026-04-11 07:00:00,2026-04-11 07:05:00,A56 ,129.0,12.95,9.96,5.07,1.64,5.0
23,2026-04-11,SN3768,2026-04-11 07:31:00,2026-04-11 08:38:00,67.0,2026-04-11 08:59:00,2026-04-11 09:07:00,A66 ,129.0,14.68,8.79,3.98,2.09,8.0
23,2026-04-11,SN3774,2026-04-11 10:44:00,2026-04-11 10:30:00,-14.0,2026-04-11 11:02:00,2026-04-11 11:10:00,A72 ,106.0,9.42,11.25,4.88,1.71,8.0
23,2026-04-11,SN3782,2026-04-11 06:34:00,2026-04-11 06:27:00,-7.0,2026-04-11 06:58:00,2026-04-11 08:03:00,A61 ,88.0,12.14,7.25,4.52,1.84,65.0
23,2026-04-11,SN3784,2026-04-11 06:44:00,2026-04-11 06:32:00,-12.0,2026-04-11 08:12:00,2026-04-11 08:22:00,A45 ,113.0,12.6,8.97,6.01,1.39,10.0
23,2026-04-11,SN3806,2026-04-11 09:44:00,2026-04-11 09:37:00,-7.0,2026-04-11 10:02:00,2026-04-11 10:07:00,A54 ,120.0,11.5,10.43,4.62,1.8,5.0
23,2026-04-11,SN3820,2026-04-11 10:45:00,2026-04-11 11:02:00,17.0,2026-04-11 11:28:00,2026-04-11 11:32:00,A50 ,84.0,13.16,6.38,6.62,1.26,4.0
23,2026-04-11,SN3828,2026-04-11 10:54:00,2026-04-11 10:46:00,-8.0,2026-04-11 12:01:00,2026-04-11 12:20:00,A61 ,125.0,11.5,10.87,4.12,2.02,19.0
23,2026-04-11,SN3886,2026-04-11 10:15:00,2026-04-11 10:41:00,26.0,2026-04-11 10:53:00,2026-04-11 12:12:00,B14 A,152.0,15.6,9.74,4.07,1.64,79.0
23,2026-04-11,TB1502,2026-04-11 10:55:00,2026-04-11 12:16:00,81.0,2026-04-11 12:39:00,2026-04-11 12:54:00,A63 ,133.0,15.1,8.81,4.5,1.85,15.0
23,2026-04-11,TB1552,2026-04-11 08:29:00,2026-04-11 08:25:00,-4.0,2026-04-11 08:46:00,2026-04-11 08:54:00,A61 ,166.0,13.23,12.55,6.71,1.24,8.0
23,2026-04-11,TB1702,2026-04-11 09:26:00,2026-04-11 09:29:00,3.0,2026-04-11 09:48:00,2026-04-11 09:54:00,A43 ,151.0,13.51,11.18,4.76,1.75,6.0
23,2026-04-11,TB1704,2026-04-11 08:56:00,2026-04-11 08:41:00,-15.0,2026-04-11 09:04:00,2026-04-11 09:09:00,A65 ,147.0,13.82,10.64,5.56,1.5,5.0
23,2026-04-11,TB1756,2026-04-11 10:30:00,2026-04-11 10:37:00,7.0,2026-04-11 10:58:00,2026-04-11 12:09:00,A65 ,164.0,14.16,11.58,7.16,1.16,71.0
23,2026-04-11,TB1758,2026-04-11 10:32:00,2026-04-11 12:40:00,128.0,2026-04-11 13:03:00,2026-04-11 13:08:00,A72 ,142.0,12.06,11.77,4.19,1.99,5.0
23,2026-04-11,TB2031,2026-04-11 07:32:00,2026-04-11 07:08:00,-24.0,2026-04-11 07:24:00,2026-04-11 07:33:00,B30 A,152.0,15.65,9.71,4.95,1.8,9.0
23,2026-04-11,TB2614,2026-04-11 08:39:00,2026-04-11 08:51:00,12.0,2026-04-11 09:10:00,2026-04-11 09:15:00,B9  A,138.0,9.29,14.85,4.58,1.82,5.0
23,2026-04-11,TK1941,2026-04-11 09:30:00,2026-04-11 09:22:00,-8.0,2026-04-11 09:38:00,2026-04-11 09:46:00,B7  A,161.0,14.25,11.3,4.36,1.91,8.0
23,2026-04-11,TP644,2026-04-11 08:11:00,2026-04-11 08:27:00,16.0,2026-04-11 08:46:00,2026-04-11 08:55:00,A53 ,86.0,9.52,9.04,5.01,1.66,9.0
23,2026-04-11,TP646,2026-04-11 06:01:00,2026-04-11 07:10:00,69.0,2026-04-11 07:24:00,2026-04-11 07:29:00,A59 ,114.0,15.59,7.31,4.1,2.03,5.0
23,2026-04-11,VY1334,2026-04-11 07:06:00,2026-04-11 06:50:00,-16.0,2026-04-11 07:09:00,2026-04-11 07:11:00,A47 ,71.0,12.87,5.51,5.73,1.45,2.0
23,2026-04-11,VY8984,2026-04-11 09:06:00,2026-04-11 08:41:00,-25.0,2026-04-11 08:56:00,2026-04-11 09:00:00,A51 ,58.0,10.67,5.44,5.11,1.63,4.0
24,2026-04-11,BA388,2026-04-11 06:19:00,2026-04-11 05:59:00,-20.0,2026-04-11 06:14:00,2026-04-11 06:18:00,B7  A,90.0,10.08,8.93,3.87,2.15,4.0
24,2026-04-11,FH8116,2026-04-11 06:35:00,2026-04-11 06:00:00,-35.0,2026-04-11 06:07:00,2026-04-11 06:09:00,B15 A,22.0,13.54,1.62,4.8,1.61,2.0
24,2026-04-11,HV9078,2026-04-11 10:31:00,2026-04-11 10:29:00,-2.0,2026-04-11 10:47:00,2026-04-11 10:50:00,A42 ,85.0,13.96,6.09,3.99,2.09,3.0
24,2026-04-11,IB1301,2026-04-11 06:06:00,2026-04-11 08:18:00,132.0,2026-04-11 08:38:00,2026-04-11 08:41:00,A61 ,70.0,14.41,4.86,5.2,1.6,3.0
24,2026-04-11,IB603,2026-04-11 08:34:00,2026-04-11 08:35:00,1.0,2026-04-11 08:54:00,2026-04-11 08:58:00,A53 ,132.0,13.91,9.49,4.43,1.88,4.0
24,2026-04-11,KM420,2026-04-11 06:21:00,2026-04-11 05:59:00,-22.0,2026-04-11 06:18:00,2026-04-11 06:23:00,A45 ,138.0,11.69,11.81,3.4,2.45,5.0
24,2026-04-11,LO231,2026-04-11 08:40:00,2026-04-11 08:34:00,-6.0,2026-04-11 08:52:00,2026-04-11 08:54:00,A55 ,22.0,14.57,1.51,6.11,1.36,2.0
24,2026-04-11,OS297,2026-04-11 06:16:00,2026-04-11 06:07:00,-9.0,2026-04-11 06:21:00,2026-04-11 06:24:00,A43 ,85.0,10.1,8.42,3.95,2.11,3.0
24,2026-04-11,SK597,2026-04-11 06:57:00,2026-04-11 06:53:00,-4.0,2026-04-11 07:07:00,2026-04-11 07:15:00,A51 ,89.0,10.56,8.43,5.32,1.57,8.0
24,2026-04-11,SN1138,2026-04-11 10:21:00,2026-04-11 10:01:00,-20.0,2026-04-11 10:21:00,2026-04-11 10:24:00,B28 A,87.0,13.23,6.58,6.03,1.33,3.0
24,2026-04-11,SN1574,2026-04-11 07:29:00,2026-04-11 07:17:00,-12.0,2026-04-11 07:50:00,2026-04-11 07:54:00,A49 ,106.0,13.22,8.02,5.12,1.63,4.0
24,2026-04-11,SN2652,2026-04-11 07:16:00,2026-04-11 06:58:00,-18.0,2026-04-11 07:08:00,2026-04-11 07:09:00,A51 ,20.0,11.99,1.67,4.93,1.69,1.0
24,2026-04-11,SN2906,2026-04-11 06:00:00,2026-04-11 05:57:00,-3.0,2026-04-11 06:15:00,2026-04-11 06:19:00,A68 ,33.0,13.48,2.45,4.41,1.89,4.0
24,2026-04-11,SN3132,2026-04-11 06:23:00,2026-04-11 06:00:00,-23.0,2026-04-11 06:28:00,2026-04-11 06:32:00,A44 ,109.0,13.45,8.1,6.55,1.27,4.0
24,2026-04-11,SN3182,2026-04-11 07:23:00,2026-04-11 07:13:00,-10.0,2026-04-11 07:38:00,2026-04-11 07:41:00,A64 ,115.0,15.67,7.34,7.05,1.18,3.0
24,2026-04-11,SN3344,2026-04-11 07:21:00,2026-04-11 07:10:00,-11.0,2026-04-11 07:27:00,2026-04-11 07:29:00,A59 ,37.0,14.86,2.49,4.83,1.72,2.0
24,2026-04-11,SN3738,2026-04-11 09:14:00,2026-04-11 09:05:00,-9.0,2026-04-11 09:30:00,2026-04-11 09:34:00,A46 ,105.0,10.44,10.06,4.84,1.72,4.0
24,2026-04-11,SN3740,2026-04-11 08:13:00,2026-04-11 07:50:00,-23.0,2026-04-11 08:19:00,2026-04-11 08:23:00,A70 ,131.0,14.82,8.84,5.14,1.62,4.0
24,2026-04-11,SN3752,2026-04-11 07:14:00,2026-04-11 07:18:00,4.0,2026-04-11 07:40:00,2026-04-11 07:43:00,A40 ,54.0,10.13,5.33,4.41,1.89,3.0
24,2026-04-11,SN3766,2026-04-11 06:55:00,2026-04-11 06:36:00,-19.0,2026-04-11 07:00:00,2026-04-11 07:05:00,A56 ,129.0,13.2,9.77,5.56,1.5,5.0
24,2026-04-11,SN3768,2026-04-11 07:31:00,2026-04-11 08:38:00,67.0,2026-04-11 08:59:00,2026-04-11 09:07:00,A66 ,129.0,13.91,9.27,4.63,1.8,8.0
24,2026-04-11,SN3774,2026-04-11 10:44:00,2026-04-11 10:30:00,-14.0,2026-04-11 11:02:00,2026-04-11 11:10:00,A72 ,106.0,13.37,7.93,3.71,2.24,8.0
24,2026-04-11,SN3782,2026-04-11 10:36:00,2026-04-11 12:13:00,97.0,2026-04-11 12:42:00,2026-04-11 12:49:00,A55 ,135.0,15.71,8.59,4.9,1.7,7.0
24,2026-04-11,SN3784,2026-04-11 06:44:00,2026-04-11 06:32:00,-12.0,2026-04-11 08:12:00,2026-04-11 08:22:00,A45 ,113.0,15.19,7.44,5.45,1.53,10.0
24,2026-04-11,SN3806,2026-04-11 09:44:00,2026-04-11 09:37:00,-7.0,2026-04-11 10:02:00,2026-04-11 10:07:00,A54 ,120.0,13.97,8.59,5.73,1.45,5.0
24,2026-04-11,SN3820,2026-04-11 06:46:00,2026-04-11 06:57:00,11.0,2026-04-11 08:22:00,2026-04-11 08:26:00,A65 ,88.0,9.64,9.13,4.97,1.68,4.0
24,2026-04-11,SN3828,2026-04-11 10:54:00,2026-04-11 10:46:00,-8.0,2026-04-11 12:01:00,2026-04-11 12:20:00,A61 ,125.0,12.09,10.34,5.96,1.4,19.0
24,2026-04-11,SN3886,2026-04-11 10:15:00,2026-04-11 10:41:00,26.0,2026-04-11 10:53:00,2026-04-11 12:12:00,B14 A,152.0,14.68,10.35,4.99,1.33,79.0
24,2026-04-11,TB1502,2026-04-11 10:55:00,2026-04-11 12:16:00,81.0,2026-04-11 12:39:00,2026-04-11 12:54:00,A63 ,133.0,12.06,11.03,4.36,1.91,15.0
24,2026-04-11,TB1552,2026-04-11 07:15:00,2026-04-11 07:08:00,-7.0,2026-04-11 07:38:00,2026-04-11 07:45:00,A61 ,152.0,12.32,12.34,4.77,1.75,7.0
24,2026-04-11,TB1702,2026-04-11 09:26:00,2026-04-11 09:29:00,3.0,2026-04-11 09:48:00,2026-04-11 09:54:00,A43 ,151.0,12.29,12.28,5.56,1.5,6.0
24,2026-04-11,TB1704,2026-04-11 08:56:00,2026-04-11 08:41:00,-15.0,2026-04-11 09:04:00,2026-04-11 09:09:00,A65 ,147.0,13.68,10.75,5.61,1.48,5.0
24,2026-04-11,TB1756,2026-04-11 10:30:00,2026-04-11 10:37:00,7.0,2026-04-11 10:58:00,2026-04-11 12:09:00,A65 ,164.0,9.63,17.03,4.99,1.67,71.0
24,2026-04-11,TB1758,2026-04-11 10:32:00,2026-04-11 12:40:00,128.0,2026-04-11 13:03:00,2026-04-11 13:08:00,A72 ,142.0,14.0,10.14,4.53,1.84,5.0
24,2026-04-11,TB2031,2026-04-11 07:32:00,2026-04-11 07:08:00,-24.0,2026-04-11 07:24:00,2026-04-11 07:33:00,B30 A,152.0,12.68,11.99,5.13,1.74,9.0
24,2026-04-11,TB2614,2026-04-11 08:39:00,2026-04-11 08:51:00,12.0,2026-04-11 09:10:00,2026-04-11 09:15:00,B9  A,138.0,15.1,9.14,4.16,2.0,5.0
24,2026-04-11,TK1941,2026-04-11 09:30:00,2026-04-11 09:22:00,-8.0,2026-04-11 09:38:00,2026-04-11 09:46:00,B7  A,161.0,14.59,11.04,4.9,1.7,8.0
24,2026-04-11,TP644,2026-04-11 08:11:00,2026-04-11 08:27:00,16.0,2026-04-11 08:46:00,2026-04-11 08:55:00,A53 ,86.0,13.23,6.5,5.29,1.58,9.0
24,2026-04-11,TP646,2026-04-11 08:58:00,2026-04-11 08:50:00,-8.0,2026-04-11 10:28:00,2026-04-11 10:30:00,A44 ,65.0,9.05,7.18,5.49,1.52,2.0
24,2026-04-11,VY1334,2026-04-11 07:06:00,2026-04-11 06:50:00,-16.0,2026-04-11 07:09:00,2026-04-11 07:11:00,A47 ,71.0,11.23,6.32,4.89,1.7,2.0
24,2026-04-11,VY8984,2026-04-11 07:57:00,2026-04-11 07:35:00,-22.0,2026-04-11 07:48:00,2026-04-11 07:50:00,A43 ,54.0,9.28,5.82,4.6,1.81,2.0
25,2026-04-11,BA388,2026-04-11 06:19:00,2026-04-11 05:59:00,-20.0,2026-04-11 06:14:00,2026-04-11 06:18:00,B7  A,90.0,12.44,7.24,5.66,1.47,4.0
25,2026-04-11,FH8116,2026-04-11 06:35:00,2026-04-11 06:00:00,-35.0,2026-04-11 06:07:00,2026-04-11 06:09:00,B15 A,22.0,11.02,2.0,4.06,1.9,2.0
25,2026-04-11,HV9078,2026-04-11 10:31:00,2026-04-11 10:29:00,-2.0,2026-04-11 10:47:00,2026-04-11 10:50:00,A42 ,85.0,11.59,7.34,4.12,2.02,3.0
25,2026-04-11,IB1301,2026-04-11 07:06:00,2026-04-11 06:41:00,-25.0,2026-04-11 06:55:00,2026-04-11 07:01:00,A55 ,77.0,11.53,6.68,4.53,1.84,6.0
25,2026-04-11,IB603,2026-04-11 10:37:00,2026-04-11 10:16:00,-21.0,2026-04-11 10:34:00,2026-04-11 10:46:00,A45 ,94.0,11.44,8.22,3.98,2.1,12.0
25,2026-04-11,KM420,2026-04-11 06:21:00,2026-04-11 05:59:00,-22.0,2026-04-11 06:18:00,2026-04-11 06:23:00,A45 ,138.0,13.44,10.26,5.53,1.51,5.0
25,2026-04-11,LO231,2026-04-11 10:41:00,2026-04-11 10:45:00,4.0,2026-04-11 11:07:00,2026-04-11 11:09:00,A53 ,33.0,11.81,2.79,5.46,1.53,2.0
25,2026-04-11,OS297,2026-04-11 07:15:00,2026-04-11 07:12:00,-3.0,2026-04-11 07:26:00,2026-04-11 07:34:00,A49 ,126.0,14.95,8.43,4.12,2.02,8.0
25,2026-04-11,SK597,2026-04-11 06:57:00,2026-04-11 06:53:00,-4.0,2026-04-11 07:07:00,2026-04-11 07:15:00,A51 ,89.0,8.93,9.96,4.39,1.9,8.0
25,2026-04-11,SN1138,2026-04-11 10:21:00,2026-04-11 10:01:00,-20.0,2026-04-11 10:21:00,2026-04-11 10:24:00,B28 A,87.0,10.74,8.1,5.26,1.52,3.0
25,2026-04-11,SN1574,2026-04-11 07:29:00,2026-04-11 07:17:00,-12.0,2026-04-11 07:50:00,2026-04-11 07:54:00,A49 ,106.0,16.21,6.54,6.89,1.21,4.0
25,2026-04-11,SN2652,2026-04-11 09:14:00,2026-04-11 09:02:00,-12.0,2026-04-11 09:22:00,2026-04-11 09:44:00,A54 ,20.0,14.92,1.34,4.14,2.02,22.0
25,2026-04-11,SN2906,2026-04-11 08:01:00,2026-04-11 07:53:00,-8.0,2026-04-11 08:10:00,2026-04-11 08:13:00,A50 ,57.0,10.25,5.56,4.83,1.73,3.0
25,2026-04-11,SN3132,2026-04-11 06:23:00,2026-04-11 06:00:00,-23.0,2026-04-11 06:28:00,2026-04-11 06:32:00,A44 ,109.0,10.39,10.49,4.1,2.03,4.0
25,2026-04-11,SN3182,2026-04-11 07:23:00,2026-04-11 07:13:00,-10.0,2026-04-11 07:38:00,2026-04-11 07:41:00,A64 ,115.0,11.1,10.36,4.76,1.75,3.0
25,2026-04-11,SN3344,2026-04-11 07:21:00,2026-04-11 07:10:00,-11.0,2026-04-11 07:27:00,2026-04-11 07:29:00,A59 ,37.0,13.51,2.74,5.96,1.4,2.0
25,2026-04-11,SN3738,2026-04-11 06:14:00,2026-04-11 06:01:00,-13.0,2026-04-11 06:16:00,2026-04-11 06:18:00,A46 ,77.0,13.05,5.9,5.43,1.53,2.0
25,2026-04-11,SN3740,2026-04-11 08:13:00,2026-04-11 07:50:00,-23.0,2026-04-11 08:19:00,2026-04-11 08:23:00,A70 ,131.0,11.18,11.71,5.86,1.42,4.0
25,2026-04-11,SN3752,2026-04-11 07:14:00,2026-04-11 07:18:00,4.0,2026-04-11 07:40:00,2026-04-11 07:43:00,A40 ,54.0,9.28,5.82,4.1,2.03,3.0
25,2026-04-11,SN3766,2026-04-11 06:55:00,2026-04-11 06:36:00,-19.0,2026-04-11 07:00:00,2026-04-11 07:05:00,A56 ,129.0,14.11,9.14,3.98,2.09,5.0
25,2026-04-11,SN3768,2026-04-11 07:31:00,2026-04-11 08:38:00,67.0,2026-04-11 08:59:00,2026-04-11 09:07:00,A66 ,129.0,14.1,9.15,4.74,1.76,8.0
25,2026-04-11,SN3774,2026-04-11 10:44:00,2026-04-11 10:30:00,-14.0,2026-04-11 11:02:00,2026-04-11 11:10:00,A72 ,106.0,13.07,8.11,4.7,1.77,8.0
25,2026-04-11,SN3782,2026-04-11 09:41:00,2026-04-11 10:02:00,21.0,2026-04-11 10:28:00,2026-04-11 10:41:00,A40 ,138.0,12.59,10.96,4.88,1.71,13.0
25,2026-04-11,SN3784,2026-04-11 10:26:00,2026-04-11 10:13:00,-13.0,2026-04-11 10:35:00,2026-04-11 12:01:00,A50 ,134.0,9.25,14.48,4.53,1.84,86.0
25,2026-04-11,SN3806,2026-04-11 09:44:00,2026-04-11 09:37:00,-7.0,2026-04-11 10:02:00,2026-04-11 10:07:00,A54 ,120.0,13.15,9.13,4.53,1.84,5.0
25,2026-04-11,SN3820,2026-04-11 06:46:00,2026-04-11 06:57:00,11.0,2026-04-11 08:22:00,2026-04-11 08:26:00,A65 ,88.0,10.43,8.43,4.56,1.83,4.0
25,2026-04-11,SN3828,2026-04-11 10:54:00,2026-04-11 10:46:00,-8.0,2026-04-11 12:01:00,2026-04-11 12:20:00,A61 ,125.0,13.09,9.55,5.59,1.49,19.0
25,2026-04-11,SN3886,2026-04-11 10:15:00,2026-04-11 10:41:00,26.0,2026-04-11 10:53:00,2026-04-11 12:12:00,B14 A,152.0,15.02,10.12,4.91,1.36,79.0
25,2026-04-11,TB1502,2026-04-11 10:55:00,2026-04-11 12:16:00,81.0,2026-04-11 12:39:00,2026-04-11 12:54:00,A63 ,133.0,11.95,11.13,4.55,1.83,15.0
25,2026-04-11,TB1552,2026-04-11 08:29:00,2026-04-11 08:25:00,-4.0,2026-04-11 08:46:00,2026-04-11 08:54:00,A61 ,166.0,10.43,15.91,5.08,1.64,8.0
25,2026-04-11,TB1702,2026-04-11 09:26:00,2026-04-11 09:29:00,3.0,2026-04-11 09:48:00,2026-04-11 09:54:00,A43 ,151.0,14.53,10.39,6.46,1.29,6.0
25,2026-04-11,TB1704,2026-04-11 08:56:00,2026-04-11 08:41:00,-15.0,2026-04-11 09:04:00,2026-04-11 09:09:00,A65 ,147.0,12.84,11.45,4.27,1.95,5.0
25,2026-04-11,TB1756,2026-04-11 10:30:00,2026-04-11 10:37:00,7.0,2026-04-11 10:58:00,2026-04-11 12:09:00,A65 ,164.0,10.15,16.16,4.21,1.98,71.0
25,2026-04-11,TB1758,2026-04-11 10:32:00,2026-04-11 12:40:00,128.0,2026-04-11 13:03:00,2026-04-11 13:08:00,A72 ,142.0,11.51,12.33,3.74,2.23,5.0
25,2026-04-11,TB2031,2026-04-11 07:32:00,2026-04-11 07:08:00,-24.0,2026-04-11 07:24:00,2026-04-11 07:33:00,B30 A,152.0,13.13,11.58,5.0,1.78,9.0
25,2026-04-11,TB2614,2026-04-11 08:39:00,2026-04-11 08:51:00,12.0,2026-04-11 09:10:00,2026-04-11 09:15:00,B9  A,138.0,10.14,13.61,5.96,1.4,5.0
25,2026-04-11,TK1941,2026-04-11 09:30:00,2026-04-11 09:22:00,-8.0,2026-04-11 09:38:00,2026-04-11 09:46:00,B7  A,161.0,11.84,13.6,6.75,1.23,8.0
25,2026-04-11,TP644,2026-04-11 08:11:00,2026-04-11 08:27:00,16.0,2026-04-11 08:46:00,2026-04-11 08:55:00,A53 ,86.0,14.06,6.12,4.98,1.67,9.0
25,2026-04-11,TP646,2026-04-11 07:02:00,2026-04-11 08:12:00,70.0,2026-04-11 08:30:00,2026-04-11 08:35:00,A53 ,101.0,12.75,7.92,5.58,1.49,5.0
25,2026-04-11,VY1334,2026-04-11 07:06:00,2026-04-11 06:50:00,-16.0,2026-04-11 07:09:00,2026-04-11 07:11:00,A47 ,71.0,14.94,4.75,4.57,1.82,2.0
25,2026-04-11,VY8984,2026-04-11 09:06:00,2026-04-11 08:41:00,-25.0,2026-04-11 08:56:00,2026-04-11 09:00:00,A51 ,58.0,14.71,3.94,5.39,1.54,4.0
26,2026-04-11,BA388,2026-04-11 06:19:00,2026-04-11 05:59:00,-20.0,2026-04-11 06:14:00,2026-04-11 06:18:00,B7  A,90.0,12.46,7.22,4.59,1.81,4.0
26,2026-04-11,FH8116,2026-04-11 12:44:00,2026-04-11 12:48:00,4.0,2026-04-11 13:06:00,2026-04-11 13:13:00,B38 A,140.0,11.01,12.72,6.55,1.78,7.0
26,2026-04-11,HV9078,2026-04-11 10:31:00,2026-04-11 10:29:00,-2.0,2026-04-11 10:47:00,2026-04-11 10:50:00,A42 ,85.0,15.16,5.61,4.21,1.98,3.0
26,2026-04-11,IB1301,2026-04-11 06:06:00,2026-04-11 08:18:00,132.0,2026-04-11 08:38:00,2026-04-11 08:41:00,A61 ,70.0,10.76,6.5,4.59,1.82,3.0
26,2026-04-11,IB603,2026-04-11 10:37:00,2026-04-11 10:16:00,-21.0,2026-04-11 10:34:00,2026-04-11 10:46:00,A45 ,94.0,9.67,9.72,4.73,1.76,12.0
26,2026-04-11,KM420,2026-04-11 06:21:00,2026-04-11 05:59:00,-22.0,2026-04-11 06:18:00,2026-04-11 06:23:00,A45 ,138.0,12.06,11.44,5.55,1.5,5.0
26,2026-04-11,LO231,2026-04-11 08:40:00,2026-04-11 08:34:00,-6.0,2026-04-11 08:52:00,2026-04-11 08:54:00,A55 ,22.0,12.49,1.76,5.64,1.48,2.0
26,2026-04-11,OS297,2026-04-11 07:15:00,2026-04-11 07:12:00,-3.0,2026-04-11 07:26:00,2026-04-11 07:34:00,A49 ,126.0,10.93,11.53,5.19,1.61,8.0
26,2026-04-11,SK597,2026-04-11 06:57:00,2026-04-11 06:53:00,-4.0,2026-04-11 07:07:00,2026-04-11 07:15:00,A51 ,89.0,12.56,7.08,4.27,1.95,8.0
26,2026-04-11,SN1138,2026-04-11 10:21:00,2026-04-11 10:01:00,-20.0,2026-04-11 10:21:00,2026-04-11 10:24:00,B28 A,87.0,11.95,7.28,5.57,1.44,3.0
26,2026-04-11,SN1574,2026-04-11 07:29:00,2026-04-11 07:17:00,-12.0,2026-04-11 07:50:00,2026-04-11 07:54:00,A49 ,106.0,10.06,10.54,5.29,1.58,4.0
26,2026-04-11,SN2652,2026-04-11 08:16:00,2026-04-11 08:10:00,-6.0,2026-04-11 08:25:00,2026-04-11 08:27:00,A62 ,22.0,11.08,1.99,3.96,2.1,2.0
26,2026-04-11,SN2906,2026-04-11 08:01:00,2026-04-11 07:53:00,-8.0,2026-04-11 08:10:00,2026-04-11 08:13:00,A50 ,57.0,13.12,4.34,5.02,1.66,3.0
26,2026-04-11,SN3132,2026-04-11 06:23:00,2026-04-11 06:00:00,-23.0,2026-04-11 06:28:00,2026-04-11 06:32:00,A44 ,109.0,14.09,7.73,5.59,1.49,4.0
26,2026-04-11,SN3182,2026-04-11 06:23:00,2026-04-11 06:40:00,17.0,2026-04-11 06:59:00,2026-04-11 07:03:00,A64 ,82.0,16.9,4.85,5.8,1.44,4.0
26,2026-04-11,SN3344,2026-04-11 07:21:00,2026-04-11 07:10:00,-11.0,2026-04-11 07:27:00,2026-04-11 07:29:00,A59 ,37.0,10.74,3.44,5.79,1.44,2.0
26,2026-04-11,SN3738,2026-04-11 08:14:00,2026-04-11 10:18:00,124.0,2026-04-11 10:49:00,2026-04-11 10:54:00,A64 ,113.0,11.38,9.93,4.03,2.07,5.0
26,2026-04-11,SN3740,2026-04-11 08:13:00,2026-04-11 07:50:00,-23.0,2026-04-11 08:19:00,2026-04-11 08:23:00,A70 ,131.0,10.52,12.45,3.96,2.1,4.0
26,2026-04-11,SN3752,2026-04-11 07:14:00,2026-04-11 07:18:00,4.0,2026-04-11 07:40:00,2026-04-11 07:43:00,A40 ,54.0,13.96,3.87,4.53,1.84,3.0
26,2026-04-11,SN3766,2026-04-11 06:55:00,2026-04-11 06:36:00,-19.0,2026-04-11 07:00:00,2026-04-11 07:05:00,A56 ,129.0,12.56,10.27,6.99,1.19,5.0
26,2026-04-11,SN3768,2026-04-11 07:31:00,2026-04-11 08:38:00,67.0,2026-04-11 08:59:00,2026-04-11 09:07:00,A66 ,129.0,9.94,12.98,4.83,1.72,8.0
26,2026-04-11,SN3774,2026-04-11 08:21:00,2026-04-11 08:11:00,-10.0,2026-04-11 08:34:00,2026-04-11 08:37:00,A52 ,64.0,13.53,4.73,4.71,1.77,3.0
26,2026-04-11,SN3782,2026-04-11 06:34:00,2026-04-11 06:27:00,-7.0,2026-04-11 06:58:00,2026-04-11 08:03:00,A61 ,88.0,15.4,5.71,4.46,1.87,65.0
26,2026-04-11,SN3784,2026-04-11 10:26:00,2026-04-11 10:13:00,-13.0,2026-04-11 10:35:00,2026-04-11 12:01:00,A50 ,134.0,14.0,9.57,4.94,1.69,86.0
26,2026-04-11,SN3806,2026-04-11 09:44:00,2026-04-11 09:37:00,-7.0,2026-04-11 10:02:00,2026-04-11 10:07:00,A54 ,120.0,12.05,9.96,5.26,1.58,5.0
26,2026-04-11,SN3820,2026-04-11 06:45:00,2026-04-11 07:04:00,19.0,2026-04-11 07:29:00,2026-04-11 07:32:00,A40 ,59.0,11.54,5.11,4.53,1.84,3.0
26,2026-04-11,SN3828,2026-04-11 10:54:00,2026-04-11 10:46:00,-8.0,2026-04-11 12:01:00,2026-04-11 12:20:00,A61 ,125.0,11.62,10.76,5.55,1.5,19.0
26,2026-04-11,SN3886,2026-04-11 10:15:00,2026-04-11 10:41:00,26.0,2026-04-11 10:53:00,2026-04-11 12:12:00,B14 A,152.0,16.97,8.95,6.02,1.11,79.0
26,2026-04-11,TB1502,2026-04-11 10:55:00,2026-04-11 12:16:00,81.0,2026-04-11 12:39:00,2026-04-11 12:54:00,A63 ,133.0,12.55,10.6,4.76,1.75,15.0
26,2026-04-11,TB1552,2026-04-11 08:29:00,2026-04-11 08:25:00,-4.0,2026-04-11 08:46:00,2026-04-11 08:54:00,A61 ,166.0,14.02,11.84,4.21,1.98,8.0
26,2026-04-11,TB1702,2026-04-11 09:26:00,2026-04-11 09:29:00,3.0,2026-04-11 09:48:00,2026-04-11 09:54:00,A43 ,151.0,11.09,13.61,3.99,2.09,6.0
26,2026-04-11,TB1704,2026-04-11 08:56:00,2026-04-11 08:41:00,-15.0,2026-04-11 09:04:00,2026-04-11 09:09:00,A65 ,147.0,9.58,15.34,4.6,1.81,5.0
26,2026-04-11,TB1756,2026-04-11 10:30:00,2026-04-11 10:37:00,7.0,2026-04-11 10:58:00,2026-04-11 12:09:00,A65 ,164.0,12.88,12.73,3.17,2.63,71.0
26,2026-04-11,TB1758,2026-04-11 10:32:00,2026-04-11 12:40:00,128.0,2026-04-11 13:03:00,2026-04-11 13:08:00,A72 ,142.0,15.89,8.94,6.14,1.36,5.0
26,2026-04-11,TB2031,2026-04-11 07:32:00,2026-04-11 07:08:00,-24.0,2026-04-11 07:24:00,2026-04-11 07:33:00,B30 A,152.0,12.35,12.31,4.12,2.16,9.0
26,2026-04-11,TB2614,2026-04-11 08:39:00,2026-04-11 08:51:00,12.0,2026-04-11 09:10:00,2026-04-11 09:15:00,B9  A,138.0,12.43,11.1,5.62,1.48,5.0
26,2026-04-11,TK1941,2026-04-11 09:30:00,2026-04-11 09:22:00,-8.0,2026-04-11 09:38:00,2026-04-11 09:46:00,B7  A,161.0,12.95,12.43,6.31,1.32,8.0
26,2026-04-11,TP644,2026-04-11 08:11:00,2026-04-11 08:27:00,16.0,2026-04-11 08:46:00,2026-04-11 08:55:00,A53 ,86.0,14.41,5.97,5.31,1.57,9.0
26,2026-04-11,TP646,2026-04-11 08:58:00,2026-04-11 08:50:00,-8.0,2026-04-11 10:28:00,2026-04-11 10:30:00,A44 ,65.0,12.22,5.32,5.44,1.53,2.0
26,2026-04-11,VY1334,2026-04-11 07:06:00,2026-04-11 06:50:00,-16.0,2026-04-11 07:09:00,2026-04-11 07:11:00,A47 ,71.0,11.26,6.3,4.31,1.93,2.0
26,2026-04-11,VY8984,2026-04-11 09:06:00,2026-04-11 08:41:00,-25.0,2026-04-11 08:56:00,2026-04-11 09:00:00,A51 ,58.0,14.26,4.07,4.11,2.03,4.0
27,2026-04-11,BA388,2026-04-11 06:19:00,2026-04-11 05:59:00,-20.0,2026-04-11 06:14:00,2026-04-11 06:18:00,B7  A,90.0,15.53,5.79,6.68,1.25,4.0
27,2026-04-11,FH8116,2026-04-11 06:35:00,2026-04-11 06:00:00,-35.0,2026-04-11 06:07:00,2026-04-11 06:09:00,B15 A,22.0,11.85,1.86,6.04,1.28,2.0
27,2026-04-11,HV9078,2026-04-11 10:31:00,2026-04-11 10:29:00,-2.0,2026-04-11 10:47:00,2026-04-11 10:50:00,A42 ,85.0,14.03,6.06,3.82,2.18,3.0
27,2026-04-11,IB1301,2026-04-11 07:06:00,2026-04-11 06:41:00,-25.0,2026-04-11 06:55:00,2026-04-11 07:01:00,A55 ,77.0,12.02,6.41,5.86,1.42,6.0
27,2026-04-11,IB603,2026-04-11 07:11:00,2026-04-11 07:03:00,-8.0,2026-04-11 07:24:00,2026-04-11 07:27:00,A47 ,87.0,14.72,5.91,4.98,1.67,3.0
27,2026-04-11,KM420,2026-04-11 06:21:00,2026-04-11 05:59:00,-22.0,2026-04-11 06:18:00,2026-04-11 06:23:00,A45 ,138.0,11.81,11.69,5.28,1.58,5.0
27,2026-04-11,LO231,2026-04-11 10:41:00,2026-04-11 10:45:00,4.0,2026-04-11 11:07:00,2026-04-11 11:09:00,A53 ,33.0,12.18,2.71,5.03,1.66,2.0
27,2026-04-11,OS297,2026-04-11 07:15:00,2026-04-11 07:12:00,-3.0,2026-04-11 07:26:00,2026-04-11 07:34:00,A49 ,126.0,13.87,9.08,5.31,1.57,8.0
27,2026-04-11,SK597,2026-04-11 08:00:00,2026-04-11 07:51:00,-9.0,2026-04-11 08:07:00,2026-04-11 08:11:00,A47 ,68.0,10.73,6.34,5.97,1.4,4.0
27,2026-04-11,SN1138,2026-04-11 10:21:00,2026-04-11 10:01:00,-20.0,2026-04-11 10:21:00,2026-04-11 10:24:00,B28 A,87.0,12.73,6.83,5.67,1.41,3.0
27,2026-04-11,SN1574,2026-04-11 07:29:00,2026-04-11 07:17:00,-12.0,2026-04-11 07:50:00,2026-04-11 07:54:00,A49 ,106.0,13.1,8.09,5.04,1.65,4.0
27,2026-04-11,SN2652,2026-04-11 09:59:00,2026-04-11 09:45:00,-14.0,2026-04-11 10:08:00,2026-04-11 10:11:00,A60 ,89.0,14.07,6.33,5.95,1.4,3.0
27,2026-04-11,SN2906,2026-04-11 06:58:00,2026-04-11 06:45:00,-13.0,2026-04-11 06:56:00,2026-04-11 06:59:00,A46 ,52.0,13.69,3.8,5.05,1.65,3.0
27,2026-04-11,SN3132,2026-04-11 06:23:00,2026-04-11 06:00:00,-23.0,2026-04-11 06:28:00,2026-04-11 06:32:00,A44 ,109.0,11.99,9.09,4.71,1.77,4.0
27,2026-04-11,SN3182,2026-04-11 06:23:00,2026-04-11 06:40:00,17.0,2026-04-11 06:59:00,2026-04-11 07:03:00,A64 ,82.0,14.09,5.82,5.78,1.44,4.0
27,2026-04-11,SN3344,2026-04-11 06:18:00,2026-04-11 06:23:00,5.0,2026-04-11 06:45:00,2026-04-11 06:47:00,A66 ,41.0,15.39,2.66,4.68,1.78,2.0
27,2026-04-11,SN3738,2026-04-11 09:14:00,2026-04-11 09:05:00,-9.0,2026-04-11 09:30:00,2026-04-11 09:34:00,A46 ,105.0,12.05,8.72,5.43,1.53,4.0
27,2026-04-11,SN3740,2026-04-11 08:13:00,2026-04-11 07:50:00,-23.0,2026-04-11 08:19:00,2026-04-11 08:23:00,A70 ,131.0,12.86,10.19,5.64,1.48,4.0
27,2026-04-11,SN3752,2026-04-11 07:25:00,2026-04-11 07:39:00,14.0,2026-04-11 07:57:00,2026-04-11 08:00:00,A57 ,79.0,9.46,8.35,5.69,1.46,3.0
27,2026-04-11,SN3766,2026-04-11 06:55:00,2026-04-11 06:36:00,-19.0,2026-04-11 07:00:00,2026-04-11 07:05:00,A56 ,129.0,11.35,11.37,5.39,1.55,5.0
27,2026-04-11,SN3768,2026-04-11 07:31:00,2026-04-11 08:38:00,67.0,2026-04-11 08:59:00,2026-04-11 09:07:00,A66 ,129.0,12.21,10.57,4.9,1.7,8.0
27,2026-04-11,SN3774,2026-04-11 10:44:00,2026-04-11 10:30:00,-14.0,2026-04-11 11:02:00,2026-04-11 11:10:00,A72 ,106.0,13.06,8.12,6.07,1.37,8.0
27,2026-04-11,SN3782,2026-04-11 11:35:00,2026-04-11 11:27:00,-8.0,2026-04-11 11:43:00,2026-04-11 13:04:00,A60 ,160.0,14.38,11.13,4.03,2.07,81.0
27,2026-04-11,SN3784,2026-04-11 06:44:00,2026-04-11 06:32:00,-12.0,2026-04-11 08:12:00,2026-04-11 08:22:00,A45 ,113.0,14.26,7.92,4.7,1.77,10.0
27,2026-04-11,SN3806,2026-04-11 09:44:00,2026-04-11 09:37:00,-7.0,2026-04-11 10:02:00,2026-04-11 10:07:00,A54 ,120.0,12.85,9.34,5.38,1.55,5.0
27,2026-04-11,SN3820,2026-04-11 08:45:00,2026-04-11 09:03:00,18.0,2026-04-11 09:29:00,2026-04-11 09:32:00,A65 ,77.0,8.36,9.21,4.45,1.87,3.0
27,2026-04-11,SN3828,2026-04-11 10:54:00,2026-04-11 10:46:00,-8.0,2026-04-11 12:01:00,2026-04-11 12:20:00,A61 ,125.0,13.82,9.04,6.08,1.37,19.0
27,2026-04-11,SN3886,2026-04-11 10:15:00,2026-04-11 10:41:00,26.0,2026-04-11 10:53:00,2026-04-11 12:12:00,B14 A,152.0,14.49,10.49,4.87,1.37,79.0
27,2026-04-11,TB1502,2026-04-11 10:55:00,2026-04-11 12:16:00,81.0,2026-04-11 12:39:00,2026-04-11 12:54:00,A63 ,133.0,15.37,8.66,3.58,2.33,15.0
27,2026-04-11,TB1552,2026-04-11 10:15:00,2026-04-11 10:31:00,16.0,2026-04-11 10:50:00,2026-04-11 10:59:00,A69 ,164.0,9.74,16.84,5.24,1.59,9.0
27,2026-04-11,TB1702,2026-04-11 09:26:00,2026-04-11 09:29:00,3.0,2026-04-11 09:48:00,2026-04-11 09:54:00,A43 ,151.0,11.69,12.92,5.17,1.61,6.0
27,2026-04-11,TB1704,2026-04-11 08:56:00,2026-04-11 08:41:00,-15.0,2026-04-11 09:04:00,2026-04-11 09:09:00,A65 ,147.0,14.41,10.2,4.84,1.72,5.0
27,2026-04-11,TB1756,2026-04-11 10:30:00,2026-04-11 10:37:00,7.0,2026-04-11 10:58:00,2026-04-11 12:09:00,A65 ,164.0,12.54,13.08,5.44,1.53,71.0
27,2026-04-11,TB1758,2026-04-11 10:32:00,2026-04-11 12:40:00,128.0,2026-04-11 13:03:00,2026-04-11 13:08:00,A72 ,142.0,13.73,10.34,5.11,1.63,5.0
27,2026-04-11,TB2031,2026-04-11 07:32:00,2026-04-11 07:08:00,-24.0,2026-04-11 07:24:00,2026-04-11 07:33:00,B30 A,152.0,12.42,12.24,5.2,1.71,9.0
27,2026-04-11,TB2614,2026-04-11 08:39:00,2026-04-11 08:51:00,12.0,2026-04-11 09:10:00,2026-04-11 09:15:00,B9  A,138.0,11.69,11.81,5.44,1.53,5.0
27,2026-04-11,TK1941,2026-04-11 09:30:00,2026-04-11 09:22:00,-8.0,2026-04-11 09:38:00,2026-04-11 09:46:00,B7  A,161.0,12.22,13.17,4.18,1.99,8.0
27,2026-04-11,TP644,2026-04-11 08:11:00,2026-04-11 08:27:00,16.0,2026-04-11 08:46:00,2026-04-11 08:55:00,A53 ,86.0,10.79,7.97,5.65,1.47,9.0
27,2026-04-11,TP646,2026-04-11 10:02:00,2026-04-11 09:56:00,-6.0,2026-04-11 11:20:00,2026-04-11 11:29:00,A45 ,175.0,13.6,12.87,4.43,1.88,9.0
27,2026-04-11,VY1334,2026-04-11 07:06:00,2026-04-11 06:50:00,-16.0,2026-04-11 07:09:00,2026-04-11 07:11:00,A47 ,71.0,14.86,4.78,4.35,1.92,2.0
27,2026-04-11,VY8984,2026-04-11 07:57:00,2026-04-11 07:35:00,-22.0,2026-04-11 07:48:00,2026-04-11 07:50:00,A43 ,54.0,13.47,4.01,4.57,1.82,2.0
28,2026-04-11,BA388,2026-04-11 06:19:00,2026-04-11 05:59:00,-20.0,2026-04-11 06:14:00,2026-04-11 06:18:00,B7  A,90.0,10.09,8.92,5.0,1.67,4.0
28,2026-04-11,FH8116,2026-04-11 12:44:00,2026-04-11 12:48:00,4.0,2026-04-11 13:06:00,2026-04-11 13:13:00,B38 A,140.0,12.2,11.47,3.87,3.02,7.0
28,2026-04-11,HV9078,2026-04-11 10:31:00,2026-04-11 10:29:00,-2.0,2026-04-11 10:47:00,2026-04-11 10:50:00,A42 ,85.0,12.37,6.87,5.79,1.44,3.0
28,2026-04-11,IB1301,2026-04-11 06:06:00,2026-04-11 08:18:00,132.0,2026-04-11 08:38:00,2026-04-11 08:41:00,A61 ,70.0,11.93,5.87,5.59,1.49,3.0
28,2026-04-11,IB603,2026-04-11 07:11:00,2026-04-11 07:03:00,-8.0,2026-04-11 07:24:00,2026-04-11 07:27:00,A47 ,87.0,12.9,6.74,4.76,1.75,3.0
28,2026-04-11,KM420,2026-04-11 07:21:00,2026-04-11 06:52:00,-29.0,2026-04-11 07:07:00,2026-04-11 07:20:00,A62 ,167.0,14.43,11.57,5.29,1.58,13.0
28,2026-04-11,LO231,2026-04-11 07:42:00,2026-04-11 07:22:00,-20.0,2026-04-11 07:34:00,2026-04-11 07:36:00,A53 ,24.0,10.11,2.37,4.93,1.69,2.0
28,2026-04-11,OS297,2026-04-11 06:16:00,2026-04-11 06:07:00,-9.0,2026-04-11 06:21:00,2026-04-11 06:24:00,A43 ,85.0,11.57,7.35,7.27,1.15,3.0
28,2026-04-11,SK597,2026-04-11 08:00:00,2026-04-11 07:51:00,-9.0,2026-04-11 08:07:00,2026-04-11 08:11:00,A47 ,68.0,13.24,5.14,6.4,1.3,4.0
28,2026-04-11,SN1138,2026-04-11 10:21:00,2026-04-11 10:01:00,-20.0,2026-04-11 10:21:00,2026-04-11 10:24:00,B28 A,87.0,11.92,7.3,4.44,1.8,3.0
28,2026-04-11,SN1574,2026-04-11 07:29:00,2026-04-11 07:17:00,-12.0,2026-04-11 07:50:00,2026-04-11 07:54:00,A49 ,106.0,10.51,10.08,3.95,2.11,4.0
28,2026-04-11,SN2652,2026-04-11 06:13:00,2026-04-11 05:58:00,-15.0,2026-04-11 06:07:00,2026-04-11 06:08:00,A58 ,9.0,10.7,0.84,5.86,1.42,1.0
28,2026-04-11,SN2906,2026-04-11 06:58:00,2026-04-11 06:45:00,-13.0,2026-04-11 06:56:00,2026-04-11 06:59:00,A46 ,52.0,14.67,3.54,4.64,1.79,3.0
28,2026-04-11,SN3132,2026-04-11 08:19:00,2026-04-11 08:24:00,5.0,2026-04-11 08:52:00,2026-04-11 08:56:00,A62 ,115.0,11.73,9.8,5.3,1.57,4.0
28,2026-04-11,SN3182,2026-04-11 07:23:00,2026-04-11 07:13:00,-10.0,2026-04-11 07:38:00,2026-04-11 07:41:00,A64 ,115.0,13.06,8.81,4.82,1.73,3.0
28,2026-04-11,SN3344,2026-04-11 07:21:00,2026-04-11 07:10:00,-11.0,2026-04-11 07:27:00,2026-04-11 07:29:00,A59 ,37.0,11.35,3.26,4.59,1.82,2.0
28,2026-04-11,SN3738,2026-04-11 11:36:00,2026-04-11 11:50:00,14.0,2026-04-11 13:15:00,2026-04-11 13:20:00,A40 ,116.0,9.65,12.03,5.25,1.59,5.0
28,2026-04-11,SN3740,2026-04-11 08:13:00,2026-04-11 07:50:00,-23.0,2026-04-11 08:19:00,2026-04-11 08:23:00,A70 ,131.0,13.42,9.76,5.34,1.56,4.0
28,2026-04-11,SN3752,2026-04-11 07:14:00,2026-04-11 07:18:00,4.0,2026-04-11 07:40:00,2026-04-11 07:43:00,A40 ,54.0,10.62,5.08,4.5,1.85,3.0
28,2026-04-11,SN3766,2026-04-11 06:55:00,2026-04-11 06:36:00,-19.0,2026-04-11 07:00:00,2026-04-11 07:05:00,A56 ,129.0,10.84,11.9,4.0,2.08,5.0
28,2026-04-11,SN3768,2026-04-11 07:31:00,2026-04-11 08:38:00,67.0,2026-04-11 08:59:00,2026-04-11 09:07:00,A66 ,129.0,12.8,10.08,5.02,1.66,8.0
28,2026-04-11,SN3774,2026-04-11 06:20:00,2026-04-11 07:00:00,40.0,2026-04-11 07:23:00,2026-04-11 07:25:00,A50 ,66.0,11.32,5.83,4.42,1.88,2.0
28,2026-04-11,SN3782,2026-04-11 06:34:00,2026-04-11 06:27:00,-7.0,2026-04-11 06:58:00,2026-04-11 08:03:00,A61 ,88.0,11.53,7.63,4.36,1.91,65.0
28,2026-04-11,SN3784,2026-04-11 06:44:00,2026-04-11 06:32:00,-12.0,2026-04-11 08:12:00,2026-04-11 08:22:00,A45 ,113.0,14.33,7.89,5.1,1.63,10.0
28,2026-04-11,SN3806,2026-04-11 09:44:00,2026-04-11 09:37:00,-7.0,2026-04-11 10:02:00,2026-04-11 10:07:00,A54 ,120.0,14.5,8.27,4.76,1.75,5.0
28,2026-04-11,SN3820,2026-04-11 10:45:00,2026-04-11 11:02:00,17.0,2026-04-11 11:28:00,2026-04-11 11:32:00,A50 ,84.0,14.05,5.98,4.95,1.68,4.0
28,2026-04-11,SN3828,2026-04-11 10:54:00,2026-04-11 10:46:00,-8.0,2026-04-11 12:01:00,2026-04-11 12:20:00,A61 ,125.0,12.73,9.82,4.44,1.88,19.0
28,2026-04-11,SN3886,2026-04-11 10:15:00,2026-04-11 10:41:00,26.0,2026-04-11 10:53:00,2026-04-11 12:12:00,B14 A,152.0,15.22,9.99,4.26,1.57,79.0
28,2026-04-11,TB1502,2026-04-11 10:55:00,2026-04-11 12:16:00,81.0,2026-04-11 12:39:00,2026-04-11 12:54:00,A63 ,133.0,12.13,10.97,5.08,1.64,15.0
28,2026-04-11,TB1552,2026-04-11 07:47:00,2026-04-11 07:43:00,-4.0,2026-04-11 07:55:00,2026-04-11 07:59:00,A68 ,66.0,11.84,5.57,5.02,1.66,4.0
28,2026-04-11,TB1702,2026-04-11 09:26:00,2026-04-11 09:29:00,3.0,2026-04-11 09:48:00,2026-04-11 09:54:00,A43 ,151.0,11.76,12.84,5.32,1.57,6.0
28,2026-04-11,TB1704,2026-04-11 08:56:00,2026-04-11 08:41:00,-15.0,2026-04-11 09:04:00,2026-04-11 09:09:00,A65 ,147.0,11.61,12.67,5.13,1.63,5.0
28,2026-04-11,TB1756,2026-04-11 10:30:00,2026-04-11 10:37:00,7.0,2026-04-11 10:58:00,2026-04-11 12:09:00,A65 ,164.0,12.74,12.88,5.63,1.48,71.0
28,2026-04-11,TB1758,2026-04-11 10:32:00,2026-04-11 12:40:00,128.0,2026-04-11 13:03:00,2026-04-11 13:08:00,A72 ,142.0,11.09,12.8,5.36,1.56,5.0
28,2026-04-11,TB2031,2026-04-11 07:32:00,2026-04-11 07:08:00,-24.0,2026-04-11 07:24:00,2026-04-11 07:33:00,B30 A,152.0,11.69,13.0,4.96,1.8,9.0
28,2026-04-11,TB2614,2026-04-11 08:39:00,2026-04-11 08:51:00,12.0,2026-04-11 09:10:00,2026-04-11 09:15:00,B9  A,138.0,11.04,12.5,4.95,1.68,5.0
28,2026-04-11,TK1941,2026-04-11 09:30:00,2026-04-11 09:22:00,-8.0,2026-04-11 09:38:00,2026-04-11 09:46:00,B7  A,161.0,16.96,9.49,4.59,1.81,8.0
28,2026-04-11,TP644,2026-04-11 08:11:00,2026-04-11 08:27:00,16.0,2026-04-11 08:46:00,2026-04-11 08:55:00,A53 ,86.0,14.88,5.78,4.51,1.85,9.0
28,2026-04-11,TP646,2026-04-11 08:58:00,2026-04-11 08:50:00,-8.0,2026-04-11 10:28:00,2026-04-11 10:30:00,A44 ,65.0,13.95,4.66,4.12,2.02,2.0
28,2026-04-11,VY1334,2026-04-11 07:06:00,2026-04-11 06:50:00,-16.0,2026-04-11 07:09:00,2026-04-11 07:11:00,A47 ,71.0,12.05,5.89,4.89,1.7,2.0
28,2026-04-11,VY8984,2026-04-11 06:55:00,2026-04-11 07:23:00,28.0,2026-04-11 07:33:00,2026-04-11 07:34:00,A45 ,55.0,14.8,3.72,4.25,1.96,1.0
29,2026-04-11,BA388,2026-04-11 06:19:00,2026-04-11 05:59:00,-20.0,2026-04-11 06:14:00,2026-04-11 06:18:00,B7  A,90.0,9.98,9.02,4.44,1.88,4.0
29,2026-04-11,FH8116,2026-04-11 06:35:00,2026-04-11 06:00:00,-35.0,2026-04-11 06:07:00,2026-04-11 06:09:00,B15 A,22.0,10.86,2.03,5.28,1.46,2.0
29,2026-04-11,HV9078,2026-04-11 10:31:00,2026-04-11 10:29:00,-2.0,2026-04-11 10:47:00,2026-04-11 10:50:00,A42 ,85.0,11.65,7.29,6.49,1.28,3.0
29,2026-04-11,IB1301,2026-04-11 07:06:00,2026-04-11 06:41:00,-25.0,2026-04-11 06:55:00,2026-04-11 07:01:00,A55 ,77.0,13.21,5.83,4.04,2.06,6.0
29,2026-04-11,IB603,2026-04-11 10:37:00,2026-04-11 10:16:00,-21.0,2026-04-11 10:34:00,2026-04-11 10:46:00,A45 ,94.0,16.18,5.81,4.6,1.81,12.0
29,2026-04-11,KM420,2026-04-11 07:21:00,2026-04-11 06:52:00,-29.0,2026-04-11 07:07:00,2026-04-11 07:20:00,A62 ,167.0,13.68,12.21,5.08,1.64,13.0
29,2026-04-11,LO231,2026-04-11 09:41:00,2026-04-11 09:36:00,-5.0,2026-04-11 09:51:00,2026-04-11 09:53:00,A53 ,54.0,12.84,4.2,4.19,1.99,2.0
29,2026-04-11,OS297,2026-04-11 07:15:00,2026-04-11 07:12:00,-3.0,2026-04-11 07:26:00,2026-04-11 07:34:00,A49 ,126.0,13.16,9.57,4.22,1.98,8.0
29,2026-04-11,SK597,2026-04-11 06:57:00,2026-04-11 06:53:00,-4.0,2026-04-11 07:07:00,2026-04-11 07:15:00,A51 ,89.0,14.91,5.97,5.0,1.67,8.0
29,2026-04-11,SN1138,2026-04-11 10:21:00,2026-04-11 10:01:00,-20.0,2026-04-11 10:21:00,2026-04-11 10:24:00,B28 A,87.0,12.56,6.93,4.74,1.69,3.0
29,2026-04-11,SN1574,2026-04-11 07:29:00,2026-04-11 07:17:00,-12.0,2026-04-11 07:50:00,2026-04-11 07:54:00,A49 ,106.0,11.57,9.16,4.09,2.04,4.0
29,2026-04-11,SN2652,2026-04-11 06:13:00,2026-04-11 05:58:00,-15.0,2026-04-11 06:07:00,2026-04-11 06:08:00,A58 ,9.0,12.21,0.74,4.19,1.99,1.0
29,2026-04-11,SN2906,2026-04-11 08:01:00,2026-04-11 07:53:00,-8.0,2026-04-11 08:10:00,2026-04-11 08:13:00,A50 ,57.0,12.32,4.63,4.27,1.95,3.0
29,2026-04-11,SN3132,2026-04-11 08:19:00,2026-04-11 08:24:00,5.0,2026-04-11 08:52:00,2026-04-11 08:56:00,A62 ,115.0,14.99,7.67,3.95,2.11,4.0
29,2026-04-11,SN3182,2026-04-11 07:23:00,2026-04-11 07:13:00,-10.0,2026-04-11 07:38:00,2026-04-11 07:41:00,A64 ,115.0,14.1,8.16,4.47,1.86,3.0
29,2026-04-11,SN3344,2026-04-11 06:18:00,2026-04-11 06:23:00,5.0,2026-04-11 06:45:00,2026-04-11 06:47:00,A66 ,41.0,13.86,2.96,4.91,1.7,2.0
29,2026-04-11,SN3738,2026-04-11 08:14:00,2026-04-11 10:18:00,124.0,2026-04-11 10:49:00,2026-04-11 10:54:00,A64 ,113.0,15.49,7.29,4.75,1.76,5.0
29,2026-04-11,SN3740,2026-04-11 08:13:00,2026-04-11 07:50:00,-23.0,2026-04-11 08:19:00,2026-04-11 08:23:00,A70 ,131.0,8.87,14.78,5.66,1.47,4.0
29,2026-04-11,SN3752,2026-04-11 07:25:00,2026-04-11 07:39:00,14.0,2026-04-11 07:57:00,2026-04-11 08:00:00,A57 ,79.0,11.22,7.04,4.5,1.85,3.0
29,2026-04-11,SN3766,2026-04-11 06:55:00,2026-04-11 06:36:00,-19.0,2026-04-11 07:00:00,2026-04-11 07:05:00,A56 ,129.0,16.77,7.69,4.32,1.93,5.0
29,2026-04-11,SN3768,2026-04-11 07:31:00,2026-04-11 08:38:00,67.0,2026-04-11 08:59:00,2026-04-11 09:07:00,A66 ,129.0,10.69,12.06,5.3,1.57,8.0
29,2026-04-11,SN3774,2026-04-11 08:21:00,2026-04-11 08:11:00,-10.0,2026-04-11 08:34:00,2026-04-11 08:37:00,A52 ,64.0,16.81,3.81,4.71,1.77,3.0
29,2026-04-11,SN3782,2026-04-11 09:41:00,2026-04-11 10:02:00,21.0,2026-04-11 10:28:00,2026-04-11 10:41:00,A40 ,138.0,10.93,12.63,4.39,1.9,13.0
29,2026-04-11,SN3784,2026-04-11 10:26:00,2026-04-11 10:13:00,-13.0,2026-04-11 10:35:00,2026-04-11 12:01:00,A50 ,134.0,10.57,12.68,6.14,1.36,86.0
29,2026-04-11,SN3806,2026-04-11 09:44:00,2026-04-11 09:37:00,-7.0,2026-04-11 10:02:00,2026-04-11 10:07:00,A54 ,120.0,10.81,11.1,5.12,1.63,5.0
29,2026-04-11,SN3820,2026-04-11 06:45:00,2026-04-11 07:04:00,19.0,2026-04-11 07:29:00,2026-04-11 07:32:00,A40 ,59.0,11.48,5.14,5.73,1.45,3.0
29,2026-04-11,SN3828,2026-04-11 10:54:00,2026-04-11 10:46:00,-8.0,2026-04-11 12:01:00,2026-04-11 12:20:00,A61 ,125.0,13.91,8.99,4.22,1.98,19.0
29,2026-04-11,SN3886,2026-04-11 10:15:00,2026-04-11 10:41:00,26.0,2026-04-11 10:53:00,2026-04-11 12:12:00,B14 A,152.0,15.46,9.83,4.64,1.44,79.0
29,2026-04-11,TB1502,2026-04-11 10:55:00,2026-04-11 12:16:00,81.0,2026-04-11 12:39:00,2026-04-11 12:54:00,A63 ,133.0,13.19,10.08,4.67,1.79,15.0
29,2026-04-11,TB1552,2026-04-11 10:15:00,2026-04-11 10:31:00,16.0,2026-04-11 10:50:00,2026-04-11 10:59:00,A69 ,164.0,14.87,11.03,4.77,1.75,9.0
29,2026-04-11,TB1702,2026-04-11 09:26:00,2026-04-11 09:29:00,3.0,2026-04-11 09:48:00,2026-04-11 09:54:00,A43 ,151.0,13.24,11.4,4.82,1.73,6.0
29,2026-04-11,TB1704,2026-04-11 08:56:00,2026-04-11 08:41:00,-15.0,2026-04-11 09:04:00,2026-04-11 09:09:00,A65 ,147.0,14.66,10.03,3.67,2.27,5.0
29,2026-04-11,TB1756,2026-04-11 10:30:00,2026-04-11 10:37:00,7.0,2026-04-11 10:58:00,2026-04-11 12:09:00,A65 ,164.0,11.11,14.77,4.49,1.85,71.0
29,2026-04-11,TB1758,2026-04-11 10:32:00,2026-04-11 12:40:00,128.0,2026-04-11 13:03:00,2026-04-11 13:08:00,A72 ,142.0,16.37,8.67,6.05,1.38,5.0
29,2026-04-11,TB2031,2026-04-11 07:32:00,2026-04-11 07:08:00,-24.0,2026-04-11 07:24:00,2026-04-11 07:33:00,B30 A,152.0,14.43,10.53,6.19,1.44,9.0
29,2026-04-11,TB2614,2026-04-11 08:39:00,2026-04-11 08:51:00,12.0,2026-04-11 09:10:00,2026-04-11 09:15:00,B9  A,138.0,14.75,9.35,4.57,1.82,5.0
29,2026-04-11,TK1941,2026-04-11 09:30:00,2026-04-11 09:22:00,-8.0,2026-04-11 09:38:00,2026-04-11 09:46:00,B7  A,161.0,12.53,12.85,8.38,0.99,8.0
29,2026-04-11,TP644,2026-04-11 07:10:00,2026-04-11 07:04:00,-6.0,2026-04-11 07:24:00,2026-04-11 07:31:00,A53 ,123.0,16.48,7.46,5.34,1.56,7.0
29,2026-04-11,TP646,2026-04-11 07:02:00,2026-04-11 08:12:00,70.0,2026-04-11 08:30:00,2026-04-11 08:35:00,A53 ,101.0,15.8,6.39,5.6,1.49,5.0
29,2026-04-11,VY1334,2026-04-11 07:06:00,2026-04-11 06:50:00,-16.0,2026-04-11 07:09:00,2026-04-11 07:11:00,A47 ,71.0,12.73,5.58,5.28,1.58,2.0
29,2026-04-11,VY8984,2026-04-11 09:06:00,2026-04-11 08:41:00,-25.0,2026-04-11 08:56:00,2026-04-11 09:00:00,A51 ,58.0,11.78,4.92,4.78,1.74,4.0
30,2026-04-11,BA388,2026-04-11 06:19:00,2026-04-11 05:59:00,-20.0,2026-04-11 06:14:00,2026-04-11 06:18:00,B7  A,90.0,11.93,7.55,5.05,1.65,4.0
30,2026-04-11,FH8116,2026-04-11 12:44:00,2026-04-11 12:48:00,4.0,2026-04-11 13:06:00,2026-04-11 13:13:00,B38 A,140.0,16.06,8.72,6.58,1.77,7.0
30,2026-04-11,HV9078,2026-04-11 10:31:00,2026-04-11 10:29:00,-2.0,2026-04-11 10:47:00,2026-04-11 10:50:00,A42 ,85.0,11.11,7.65,4.55,1.83,3.0
30,2026-04-11,IB1301,2026-04-11 06:06:00,2026-04-11 08:18:00,132.0,2026-04-11 08:38:00,2026-04-11 08:41:00,A61 ,70.0,10.78,6.49,5.67,1.47,3.0
30,2026-04-11,IB603,2026-04-11 07:37:00,2026-04-11 07:50:00,13.0,2026-04-11 08:07:00,2026-04-11 08:10:00,A51 ,81.0,10.74,7.54,5.32,1.57,3.0
30,2026-04-11,KM420,2026-04-11 07:21:00,2026-04-11 06:52:00,-29.0,2026-04-11 07:07:00,2026-04-11 07:20:00,A62 ,167.0,12.82,13.02,5.16,1.61,13.0
30,2026-04-11,LO231,2026-04-11 07:42:00,2026-04-11 07:22:00,-20.0,2026-04-11 07:34:00,2026-04-11 07:36:00,A53 ,24.0,12.44,1.93,5.54,1.5,2.0
30,2026-04-11,OS297,2026-04-11 06:16:00,2026-04-11 06:07:00,-9.0,2026-04-11 06:21:00,2026-04-11 06:24:00,A43 ,85.0,12.38,6.87,4.25,1.96,3.0
30,2026-04-11,SK597,2026-04-11 06:57:00,2026-04-11 06:53:00,-4.0,2026-04-11 07:07:00,2026-04-11 07:15:00,A51 ,89.0,13.71,6.49,4.73,1.76,8.0
30,2026-04-11,SN1138,2026-04-11 10:21:00,2026-04-11 10:01:00,-20.0,2026-04-11 10:21:00,2026-04-11 10:24:00,B28 A,87.0,13.01,6.69,4.35,1.84,3.0
30,2026-04-11,SN1574,2026-04-11 07:29:00,2026-04-11 07:17:00,-12.0,2026-04-11 07:50:00,2026-04-11 07:54:00,A49 ,106.0,13.99,7.58,5.65,1.47,4.0
30,2026-04-11,SN2652,2026-04-11 07:16:00,2026-04-11 06:58:00,-18.0,2026-04-11 07:08:00,2026-04-11 07:09:00,A51 ,20.0,11.9,1.68,5.23,1.59,1.0
30,2026-04-11,SN2906,2026-04-11 08:01:00,2026-04-11 07:53:00,-8.0,2026-04-11 08:10:00,2026-04-11 08:13:00,A50 ,57.0,14.82,3.85,5.63,1.48,3.0
30,2026-04-11,SN3132,2026-04-11 06:23:00,2026-04-11 06:00:00,-23.0,2026-04-11 06:28:00,2026-04-11 06:32:00,A44 ,109.0,13.46,8.1,4.64,1.8,4.0
30,2026-04-11,SN3182,2026-04-11 07:23:00,2026-04-11 07:13:00,-10.0,2026-04-11 07:38:00,2026-04-11 07:41:00,A64 ,115.0,10.55,10.9,4.46,1.87,3.0
30,2026-04-11,SN3344,2026-04-11 07:21:00,2026-04-11 07:10:00,-11.0,2026-04-11 07:27:00,2026-04-11 07:29:00,A59 ,37.0,14.32,2.58,4.67,1.78,2.0
30,2026-04-11,SN3738,2026-04-11 10:16:00,2026-04-11 10:11:00,-5.0,2026-04-11 10:34:00,2026-04-11 10:38:00,A68 ,101.0,13.2,7.65,4.54,1.84,4.0
30,2026-04-11,SN3740,2026-04-11 08:13:00,2026-04-11 07:50:00,-23.0,2026-04-11 08:19:00,2026-04-11 08:23:00,A70 ,131.0,11.7,11.2,3.84,2.17,4.0
30,2026-04-11,SN3752,2026-04-11 07:25:00,2026-04-11 07:39:00,14.0,2026-04-11 07:57:00,2026-04-11 08:00:00,A57 ,79.0,14.58,5.42,4.93,1.69,3.0
30,2026-04-11,SN3766,2026-04-11 06:55:00,2026-04-11 06:36:00,-19.0,2026-04-11 07:00:00,2026-04-11 07:05:00,A56 ,129.0,12.33,10.47,6.17,1.35,5.0
30,2026-04-11,SN3768,2026-04-11 07:31:00,2026-04-11 08:38:00,67.0,2026-04-11 08:59:00,2026-04-11 09:07:00,A66 ,129.0,10.86,11.88,6.31,1.32,8.0
30,2026-04-11,SN3774,2026-04-11 10:17:00,2026-04-11 10:10:00,-7.0,2026-04-11 10:31:00,2026-04-11 10:34:00,A52 ,71.0,10.47,6.78,5.42,1.54,3.0
30,2026-04-11,SN3782,2026-04-11 09:41:00,2026-04-11 10:02:00,21.0,2026-04-11 10:28:00,2026-04-11 10:41:00,A40 ,138.0,10.27,13.43,4.6,1.81,13.0
30,2026-04-11,SN3784,2026-04-11 10:26:00,2026-04-11 10:13:00,-13.0,2026-04-11 10:35:00,2026-04-11 12:01:00,A50 ,134.0,10.36,12.93,4.04,2.06,86.0
30,2026-04-11,SN3806,2026-04-11 09:44:00,2026-04-11 09:37:00,-7.0,2026-04-11 10:02:00,2026-04-11 10:07:00,A54 ,120.0,16.25,7.38,4.73,1.76,5.0
30,2026-04-11,SN3820,2026-04-11 08:45:00,2026-04-11 09:03:00,18.0,2026-04-11 09:29:00,2026-04-11 09:32:00,A65 ,77.0,14.36,5.36,4.37,1.91,3.0
30,2026-04-11,SN3828,2026-04-11 10:54:00,2026-04-11 10:46:00,-8.0,2026-04-11 12:01:00,2026-04-11 12:20:00,A61 ,125.0,9.04,13.83,5.79,1.44,19.0
30,2026-04-11,SN3886,2026-04-11 10:15:00,2026-04-11 10:41:00,26.0,2026-04-11 10:53:00,2026-04-11 12:12:00,B14 A,152.0,15.4,9.87,5.67,1.18,79.0
30,2026-04-11,TB1502,2026-04-11 10:55:00,2026-04-11 12:16:00,81.0,2026-04-11 12:39:00,2026-04-11 12:54:00,A63 ,133.0,14.26,9.32,5.99,1.39,15.0
30,2026-04-11,TB1552,2026-04-11 10:15:00,2026-04-11 10:31:00,16.0,2026-04-11 10:50:00,2026-04-11 10:59:00,A69 ,164.0,14.23,11.52,4.91,1.7,9.0
30,2026-04-11,TB1702,2026-04-11 09:26:00,2026-04-11 09:29:00,3.0,2026-04-11 09:48:00,2026-04-11 09:54:00,A43 ,151.0,12.41,12.17,4.2,1.98,6.0
30,2026-04-11,TB1704,2026-04-11 08:56:00,2026-04-11 08:41:00,-15.0,2026-04-11 09:04:00,2026-04-11 09:09:00,A65 ,147.0,13.86,10.6,6.38,1.31,5.0
30,2026-04-11,TB1756,2026-04-11 10:30:00,2026-04-11 10:37:00,7.0,2026-04-11 10:58:00,2026-04-11 12:09:00,A65 ,164.0,16.76,9.78,5.38,1.55,71.0
30,2026-04-11,TB1758,2026-04-11 10:32:00,2026-04-11 12:40:00,128.0,2026-04-11 13:03:00,2026-04-11 13:08:00,A72 ,142.0,14.01,10.13,5.39,1.55,5.0
30,2026-04-11,TB2031,2026-04-11 07:32:00,2026-04-11 07:08:00,-24.0,2026-04-11 07:24:00,2026-04-11 07:33:00,B30 A,152.0,13.31,11.42,5.15,1.73,9.0
30,2026-04-11,TB2614,2026-04-11 08:39:00,2026-04-11 08:51:00,12.0,2026-04-11 09:10:00,2026-04-11 09:15:00,B9  A,138.0,11.48,12.02,4.49,1.85,5.0
30,2026-04-11,TK1941,2026-04-11 09:30:00,2026-04-11 09:22:00,-8.0,2026-04-11 09:38:00,2026-04-11 09:46:00,B7  A,161.0,12.0,13.42,4.24,1.96,8.0
30,2026-04-11,TP644,2026-04-11 07:10:00,2026-04-11 07:04:00,-6.0,2026-04-11 07:24:00,2026-04-11 07:31:00,A53 ,123.0,15.29,8.05,3.62,2.3,7.0
30,2026-04-11,TP646,2026-04-11 11:00:00,2026-04-11 12:19:00,79.0,2026-04-11 12:42:00,2026-04-11 12:51:00,A51 ,146.0,10.69,13.65,5.46,1.53,9.0
30,2026-04-11,VY1334,2026-04-11 07:06:00,2026-04-11 06:50:00,-16.0,2026-04-11 07:09:00,2026-04-11 07:11:00,A47 ,71.0,10.52,6.75,4.07,2.05,2.0
30,2026-04-11,VY8984,2026-04-11 07:57:00,2026-04-11 07:35:00,-22.0,2026-04-11 07:48:00,2026-04-11 07:50:00,A43 ,54.0,12.88,4.19,5.53,1.51,2.0
31,2026-04-11,BA388,2026-04-11 06:19:00,2026-04-11 05:59:00,-20.0,2026-04-11 06:14:00,2026-04-11 06:18:00,B7  A,90.0,12.37,7.28,5.04,1.65,4.0
31,2026-04-11,FH8116,2026-04-11 12:44:00,2026-04-11 12:48:00,4.0,2026-04-11 13:06:00,2026-04-11 13:13:00,B38 A,140.0,9.41,14.88,5.32,2.19,7.0
31,2026-04-11,HV9078,2026-04-11 10:31:00,2026-04-11 10:29:00,-2.0,2026-04-11 10:47:00,2026-04-11 10:50:00,A42 ,85.0,15.09,5.63,4.48,1.86,3.0
31,2026-04-11,IB1301,2026-04-11 07:06:00,2026-04-11 06:41:00,-25.0,2026-04-11 06:55:00,2026-04-11 07:01:00,A55 ,77.0,11.1,6.94,3.93,2.12,6.0
31,2026-04-11,IB603,2026-04-11 07:37:00,2026-04-11 07:50:00,13.0,2026-04-11 08:07:00,2026-04-11 08:10:00,A51 ,81.0,12.69,6.38,5.99,1.39,3.0
31,2026-04-11,KM420,2026-04-11 06:21:00,2026-04-11 05:59:00,-22.0,2026-04-11 06:18:00,2026-04-11 06:23:00,A45 ,138.0,9.24,14.93,3.93,2.12,5.0
31,2026-04-11,LO231,2026-04-11 06:41:00,2026-04-11 06:27:00,-14.0,2026-04-11 06:37:00,2026-04-11 06:38:00,A57 ,23.0,10.09,2.28,3.84,2.17,1.0
31,2026-04-11,OS297,2026-04-11 07:15:00,2026-04-11 07:12:00,-3.0,2026-04-11 07:26:00,2026-04-11 07:34:00,A49 ,126.0,13.43,9.38,6.6,1.26,8.0
31,2026-04-11,SK597,2026-04-11 06:57:00,2026-04-11 06:53:00,-4.0,2026-04-11 07:07:00,2026-04-11 07:15:00,A51 ,89.0,10.53,8.45,4.49,1.85,8.0
31,2026-04-11,SN1138,2026-04-11 10:21:00,2026-04-11 10:01:00,-20.0,2026-04-11 10:21:00,2026-04-11 10:24:00,B28 A,87.0,10.19,8.54,4.7,1.7,3.0
31,2026-04-11,SN1574,2026-04-11 07:29:00,2026-04-11 07:17:00,-12.0,2026-04-11 07:50:00,2026-04-11 07:54:00,A49 ,106.0,15.64,6.78,5.05,1.65,4.0
31,2026-04-11,SN2652,2026-04-11 09:59:00,2026-04-11 09:45:00,-14.0,2026-04-11 10:08:00,2026-04-11 10:11:00,A60 ,89.0,12.49,7.12,4.06,2.05,3.0
31,2026-04-11,SN2906,2026-04-11 08:01:00,2026-04-11 07:53:00,-8.0,2026-04-11 08:10:00,2026-04-11 08:13:00,A50 ,57.0,9.72,5.86,5.71,1.46,3.0
31,2026-04-11,SN3132,2026-04-11 06:23:00,2026-04-11 06:00:00,-23.0,2026-04-11 06:28:00,2026-04-11 06:32:00,A44 ,109.0,9.36,11.64,5.44,1.53,4.0
31,2026-04-11,SN3182,2026-04-11 07:23:00,2026-04-11 07:13:00,-10.0,2026-04-11 07:38:00,2026-04-11 07:41:00,A64 ,115.0,14.3,8.04,4.98,1.67,3.0
31,2026-04-11,SN3344,2026-04-11 06:18:00,2026-04-11 06:23:00,5.0,2026-04-11 06:45:00,2026-04-11 06:47:00,A66 ,41.0,11.58,3.54,6.24,1.34,2.0
31,2026-04-11,SN3738,2026-04-11 09:14:00,2026-04-11 09:05:00,-9.0,2026-04-11 09:30:00,2026-04-11 09:34:00,A46 ,105.0,13.67,7.68,4.82,1.73,4.0
31,2026-04-11,SN3740,2026-04-11 08:13:00,2026-04-11 07:50:00,-23.0,2026-04-11 08:19:00,2026-04-11 08:23:00,A70 ,131.0,13.54,9.67,4.83,1.73,4.0
31,2026-04-11,SN3752,2026-04-11 07:14:00,2026-04-11 07:18:00,4.0,2026-04-11 07:40:00,2026-04-11 07:43:00,A40 ,54.0,16.97,3.18,3.82,2.18,3.0
31,2026-04-11,SN3766,2026-04-11 06:55:00,2026-04-11 06:36:00,-19.0,2026-04-11 07:00:00,2026-04-11 07:05:00,A56 ,129.0,13.3,9.7,4.41,1.89,5.0
31,2026-04-11,SN3768,2026-04-11 07:31:00,2026-04-11 08:38:00,67.0,2026-04-11 08:59:00,2026-04-11 09:07:00,A66 ,129.0,14.11,9.14,4.42,1.89,8.0
31,2026-04-11,SN3774,2026-04-11 10:44:00,2026-04-11 10:30:00,-14.0,2026-04-11 11:02:00,2026-04-11 11:10:00,A72 ,106.0,13.49,7.86,3.91,2.13,8.0
31,2026-04-11,SN3782,2026-04-11 09:34:00,2026-04-11 09:27:00,-7.0,2026-04-11 09:52:00,2026-04-11 09:59:00,A56 ,129.0,16.8,7.68,4.09,2.04,7.0
31,2026-04-11,SN3784,2026-04-11 10:26:00,2026-04-11 10:13:00,-13.0,2026-04-11 10:35:00,2026-04-11 12:01:00,A50 ,134.0,11.53,11.62,4.87,1.71,86.0
31,2026-04-11,SN3806,2026-04-11 09:44:00,2026-04-11 09:37:00,-7.0,2026-04-11 10:02:00,2026-04-11 10:07:00,A54 ,120.0,12.4,9.68,4.87,1.71,5.0
31,2026-04-11,SN3820,2026-04-11 06:45:00,2026-04-11 07:04:00,19.0,2026-04-11 07:29:00,2026-04-11 07:32:00,A40 ,59.0,11.09,5.32,6.32,1.32,3.0
31,2026-04-11,SN3828,2026-04-11 10:54:00,2026-04-11 10:46:00,-8.0,2026-04-11 12:01:00,2026-04-11 12:20:00,A61 ,125.0,10.38,12.04,5.44,1.53,19.0
31,2026-04-11,SN3886,2026-04-11 10:15:00,2026-04-11 10:41:00,26.0,2026-04-11 10:53:00,2026-04-11 12:12:00,B14 A,152.0,14.86,10.23,3.96,1.68,79.0
31,2026-04-11,TB1502,2026-04-11 10:55:00,2026-04-11 12:16:00,81.0,2026-04-11 12:39:00,2026-04-11 12:54:00,A63 ,133.0,9.95,13.37,4.3,1.94,15.0
31,2026-04-11,TB1552,2026-04-11 08:29:00,2026-04-11 08:25:00,-4.0,2026-04-11 08:46:00,2026-04-11 08:54:00,A61 ,166.0,8.91,18.63,5.04,1.65,8.0
31,2026-04-11,TB1702,2026-04-11 09:26:00,2026-04-11 09:29:00,3.0,2026-04-11 09:48:00,2026-04-11 09:54:00,A43 ,151.0,12.63,11.95,4.89,1.71,6.0
31,2026-04-11,TB1704,2026-04-11 08:56:00,2026-04-11 08:41:00,-15.0,2026-04-11 09:04:00,2026-04-11 09:09:00,A65 ,147.0,9.24,15.91,4.54,1.84,5.0
31,2026-04-11,TB1756,2026-04-11 10:30:00,2026-04-11 10:37:00,7.0,2026-04-11 10:58:00,2026-04-11 12:09:00,A65 ,164.0,15.29,10.73,4.19,1.99,71.0
31,2026-04-11,TB1758,2026-04-11 10:32:00,2026-04-11 12:40:00,128.0,2026-04-11 13:03:00,2026-04-11 13:08:00,A72 ,142.0,13.29,10.69,4.81,1.73,5.0
31,2026-04-11,TB2031,2026-04-11 07:32:00,2026-04-11 07:08:00,-24.0,2026-04-11 07:24:00,2026-04-11 07:33:00,B30 A,152.0,13.01,11.69,5.57,1.6,9.0
31,2026-04-11,TB2614,2026-04-11 08:39:00,2026-04-11 08:51:00,12.0,2026-04-11 09:10:00,2026-04-11 09:15:00,B9  A,138.0,10.97,12.58,4.65,1.79,5.0
31,2026-04-11,TK1941,2026-04-11 09:30:00,2026-04-11 09:22:00,-8.0,2026-04-11 09:38:00,2026-04-11 09:46:00,B7  A,161.0,13.23,12.17,5.05,1.65,8.0
31,2026-04-11,TP644,2026-04-11 07:10:00,2026-04-11 07:04:00,-6.0,2026-04-11 07:24:00,2026-04-11 07:31:00,A53 ,123.0,13.98,8.8,4.56,1.83,7.0
31,2026-04-11,TP646,2026-04-11 11:00:00,2026-04-11 12:19:00,79.0,2026-04-11 12:42:00,2026-04-11 12:51:00,A51 ,146.0,10.17,14.36,5.22,1.6,9.0
31,2026-04-11,VY1334,2026-04-11 07:06:00,2026-04-11 06:50:00,-16.0,2026-04-11 07:09:00,2026-04-11 07:11:00,A47 ,71.0,15.63,4.54,5.23,1.59,2.0
31,2026-04-11,VY8984,2026-04-11 09:06:00,2026-04-11 08:41:00,-25.0,2026-04-11 08:56:00,2026-04-11 09:00:00,A51 ,58.0,11.18,5.19,5.95,1.4,4.0
32,2026-04-11,BA388,2026-04-11 06:19:00,2026-04-11 05:59:00,-20.0,2026-04-11 06:14:00,2026-04-11 06:18:00,B7  A,90.0,11.41,7.89,4.11,2.03,4.0
32,2026-04-11,FH8116,2026-04-11 06:35:00,2026-04-11 06:00:00,-35.0,2026-04-11 06:07:00,2026-04-11 06:09:00,B15 A,22.0,11.21,1.96,4.38,1.76,2.0
32,2026-04-11,HV9078,2026-04-11 10:31:00,2026-04-11 10:29:00,-2.0,2026-04-11 10:47:00,2026-04-11 10:50:00,A42 ,85.0,11.62,7.31,4.5,1.85,3.0
32,2026-04-11,IB1301,2026-04-11 07:06:00,2026-04-11 06:41:00,-25.0,2026-04-11 06:55:00,2026-04-11 07:01:00,A55 ,77.0,13.94,5.52,4.86,1.71,6.0
32,2026-04-11,IB603,2026-04-11 10:37:00,2026-04-11 10:16:00,-21.0,2026-04-11 10:34:00,2026-04-11 10:46:00,A45 ,94.0,10.5,8.95,4.7,1.77,12.0
32,2026-04-11,KM420,2026-04-11 07:21:00,2026-04-11 06:52:00,-29.0,2026-04-11 07:07:00,2026-04-11 07:20:00,A62 ,167.0,13.87,12.04,4.9,1.7,13.0
32,2026-04-11,LO231,2026-04-11 09:41:00,2026-04-11 09:36:00,-5.0,2026-04-11 09:51:00,2026-04-11 09:53:00,A53 ,54.0,13.34,4.05,5.52,1.51,2.0
32,2026-04-11,OS297,2026-04-11 07:15:00,2026-04-11 07:12:00,-3.0,2026-04-11 07:26:00,2026-04-11 07:34:00,A49 ,126.0,13.44,9.37,6.29,1.33,8.0
32,2026-04-11,SK597,2026-04-11 06:57:00,2026-04-11 06:53:00,-4.0,2026-04-11 07:07:00,2026-04-11 07:15:00,A51 ,89.0,12.35,7.21,4.6,1.81,8.0
32,2026-04-11,SN1138,2026-04-11 10:21:00,2026-04-11 10:01:00,-20.0,2026-04-11 10:21:00,2026-04-11 10:24:00,B28 A,87.0,11.36,7.66,5.06,1.58,3.0
32,2026-04-11,SN1574,2026-04-11 07:29:00,2026-04-11 07:17:00,-12.0,2026-04-11 07:50:00,2026-04-11 07:54:00,A49 ,106.0,12.82,8.27,4.77,1.75,4.0
32,2026-04-11,SN2652,2026-04-11 09:59:00,2026-04-11 09:45:00,-14.0,2026-04-11 10:08:00,2026-04-11 10:11:00,A60 ,89.0,13.57,6.56,4.69,1.78,3.0
32,2026-04-11,SN2906,2026-04-11 06:00:00,2026-04-11 05:57:00,-3.0,2026-04-11 06:15:00,2026-04-11 06:19:00,A68 ,33.0,12.51,2.64,4.93,1.69,4.0
32,2026-04-11,SN3132,2026-04-11 08:19:00,2026-04-11 08:24:00,5.0,2026-04-11 08:52:00,2026-04-11 08:56:00,A62 ,115.0,11.48,10.02,5.12,1.63,4.0
32,2026-04-11,SN3182,2026-04-11 07:23:00,2026-04-11 07:13:00,-10.0,2026-04-11 07:38:00,2026-04-11 07:41:00,A64 ,115.0,10.8,10.65,6.29,1.33,3.0
32,2026-04-11,SN3344,2026-04-11 06:18:00,2026-04-11 06:23:00,5.0,2026-04-11 06:45:00,2026-04-11 06:47:00,A66 ,41.0,12.96,3.16,5.1,1.63,2.0
32,2026-04-11,SN3738,2026-04-11 10:16:00,2026-04-11 10:11:00,-5.0,2026-04-11 10:34:00,2026-04-11 10:38:00,A68 ,101.0,10.54,9.58,5.65,1.47,4.0
32,2026-04-11,SN3740,2026-04-11 08:13:00,2026-04-11 07:50:00,-23.0,2026-04-11 08:19:00,2026-04-11 08:23:00,A70 ,131.0,11.22,11.68,5.06,1.65,4.0
32,2026-04-11,SN3752,2026-04-11 07:25:00,2026-04-11 07:39:00,14.0,2026-04-11 07:57:00,2026-04-11 08:00:00,A57 ,79.0,11.62,6.8,4.6,1.81,3.0
32,2026-04-11,SN3766,2026-04-11 06:55:00,2026-04-11 06:36:00,-19.0,2026-04-11 07:00:00,2026-04-11 07:05:00,A56 ,129.0,13.59,9.5,4.15,2.01,5.0
32,2026-04-11,SN3768,2026-04-11 07:31:00,2026-04-11 08:38:00,67.0,2026-04-11 08:59:00,2026-04-11 09:07:00,A66 ,129.0,11.56,11.16,5.54,1.5,8.0
32,2026-04-11,SN3774,2026-04-11 10:44:00,2026-04-11 10:30:00,-14.0,2026-04-11 11:02:00,2026-04-11 11:10:00,A72 ,106.0,12.3,8.62,4.13,2.02,8.0
32,2026-04-11,SN3782,2026-04-11 06:34:00,2026-04-11 06:27:00,-7.0,2026-04-11 06:58:00,2026-04-11 08:03:00,A61 ,88.0,8.63,10.19,6.46,1.29,65.0
32,2026-04-11,SN3784,2026-04-11 06:44:00,2026-04-11 06:32:00,-12.0,2026-04-11 08:12:00,2026-04-11 08:22:00,A45 ,113.0,9.11,12.4,4.77,1.75,10.0
32,2026-04-11,SN3806,2026-04-11 09:44:00,2026-04-11 09:37:00,-7.0,2026-04-11 10:02:00,2026-04-11 10:07:00,A54 ,120.0,10.88,11.03,3.6,2.32,5.0
32,2026-04-11,SN3820,2026-04-11 11:50:00,2026-04-11 12:03:00,13.0,2026-04-11 12:22:00,2026-04-11 12:27:00,A44 ,97.0,10.21,9.5,5.49,1.52,5.0
32,2026-04-11,SN3828,2026-04-11 10:54:00,2026-04-11 10:46:00,-8.0,2026-04-11 12:01:00,2026-04-11 12:20:00,A61 ,125.0,12.67,9.86,5.29,1.57,19.0
32,2026-04-11,SN3886,2026-04-11 10:15:00,2026-04-11 10:41:00,26.0,2026-04-11 10:53:00,2026-04-11 12:12:00,B14 A,152.0,16.1,9.44,4.73,1.41,79.0
32,2026-04-11,TB1502,2026-04-11 10:55:00,2026-04-11 12:16:00,81.0,2026-04-11 12:39:00,2026-04-11 12:54:00,A63 ,133.0,12.36,10.76,5.04,1.65,15.0
32,2026-04-11,TB1552,2026-04-11 07:47:00,2026-04-11 07:43:00,-4.0,2026-04-11 07:55:00,2026-04-11 07:59:00,A68 ,66.0,14.48,4.56,5.4,1.54,4.0
32,2026-04-11,TB1702,2026-04-11 09:26:00,2026-04-11 09:29:00,3.0,2026-04-11 09:48:00,2026-04-11 09:54:00,A43 ,151.0,12.67,11.92,5.03,1.66,6.0
32,2026-04-11,TB1704,2026-04-11 08:56:00,2026-04-11 08:41:00,-15.0,2026-04-11 09:04:00,2026-04-11 09:09:00,A65 ,147.0,14.6,10.07,4.9,1.7,5.0
32,2026-04-11,TB1756,2026-04-11 10:30:00,2026-04-11 10:37:00,7.0,2026-04-11 10:58:00,2026-04-11 12:09:00,A65 ,164.0,12.23,13.41,5.29,1.57,71.0
32,2026-04-11,TB1758,2026-04-11 10:32:00,2026-04-11 12:40:00,128.0,2026-04-11 13:03:00,2026-04-11 13:08:00,A72 ,142.0,13.84,10.26,5.84,1.43,5.0
32,2026-04-11,TB2031,2026-04-11 07:32:00,2026-04-11 07:08:00,-24.0,2026-04-11 07:24:00,2026-04-11 07:33:00,B30 A,152.0,13.36,11.38,4.64,1.92,9.0
32,2026-04-11,TB2614,2026-04-11 08:39:00,2026-04-11 08:51:00,12.0,2026-04-11 09:10:00,2026-04-11 09:15:00,B9  A,138.0,12.26,11.25,4.21,1.98,5.0
32,2026-04-11,TK1941,2026-04-11 09:30:00,2026-04-11 09:22:00,-8.0,2026-04-11 09:38:00,2026-04-11 09:46:00,B7  A,161.0,12.62,12.76,4.48,1.86,8.0
32,2026-04-11,TP644,2026-04-11 08:11:00,2026-04-11 08:27:00,16.0,2026-04-11 08:46:00,2026-04-11 08:55:00,A53 ,86.0,9.64,8.92,6.15,1.36,9.0
32,2026-04-11,TP646,2026-04-11 11:00:00,2026-04-11 12:19:00,79.0,2026-04-11 12:42:00,2026-04-11 12:51:00,A51 ,146.0,13.63,10.71,4.53,1.84,9.0
32,2026-04-11,VY1334,2026-04-11 07:06:00,2026-04-11 06:50:00,-16.0,2026-04-11 07:09:00,2026-04-11 07:11:00,A47 ,71.0,11.34,6.26,4.27,1.95,2.0
32,2026-04-11,VY8984,2026-04-11 06:55:00,2026-04-11 07:23:00,28.0,2026-04-11 07:33:00,2026-04-11 07:34:00,A45 ,55.0,12.87,4.27,4.53,1.84,1.0
33,2026-04-11,BA388,2026-04-11 06:19:00,2026-04-11 05:59:00,-20.0,2026-04-11 06:14:00,2026-04-11 06:18:00,B7  A,90.0,10.45,8.61,5.08,1.64,4.0
33,2026-04-11,FH8116,2026-04-11 12:44:00,2026-04-11 12:48:00,4.0,2026-04-11 13:06:00,2026-04-11 13:13:00,B38 A,140.0,12.64,11.08,4.34,2.69,7.0
33,2026-04-11,HV9078,2026-04-11 10:31:00,2026-04-11 10:29:00,-2.0,2026-04-11 10:47:00,2026-04-11 10:50:00,A42 ,85.0,14.2,5.99,5.21,1.6,3.0
33,2026-04-11,IB1301,2026-04-11 06:06:00,2026-04-11 08:18:00,132.0,2026-04-11 08:38:00,2026-04-11 08:41:00,A61 ,70.0,11.38,6.15,3.95,2.11,3.0
33,2026-04-11,IB603,2026-04-11 07:37:00,2026-04-11 07:50:00,13.0,2026-04-11 08:07:00,2026-04-11 08:10:00,A51 ,81.0,10.15,7.98,4.74,1.76,3.0
33,2026-04-11,KM420,2026-04-11 06:21:00,2026-04-11 05:59:00,-22.0,2026-04-11 06:18:00,2026-04-11 06:23:00,A45 ,138.0,12.06,11.44,4.39,1.9,5.0
33,2026-04-11,LO231,2026-04-11 07:42:00,2026-04-11 07:22:00,-20.0,2026-04-11 07:34:00,2026-04-11 07:36:00,A53 ,24.0,16.23,1.48,4.47,1.87,2.0
33,2026-04-11,OS297,2026-04-11 07:15:00,2026-04-11 07:12:00,-3.0,2026-04-11 07:26:00,2026-04-11 07:34:00,A49 ,126.0,11.69,10.78,5.07,1.64,8.0
33,2026-04-11,SK597,2026-04-11 06:57:00,2026-04-11 06:53:00,-4.0,2026-04-11 07:07:00,2026-04-11 07:15:00,A51 ,89.0,10.86,8.2,5.67,1.47,8.0
33,2026-04-11,SN1138,2026-04-11 10:21:00,2026-04-11 10:01:00,-20.0,2026-04-11 10:21:00,2026-04-11 10:24:00,B28 A,87.0,10.64,8.17,4.52,1.77,3.0
33,2026-04-11,SN1574,2026-04-11 07:29:00,2026-04-11 07:17:00,-12.0,2026-04-11 07:50:00,2026-04-11 07:54:00,A49 ,106.0,11.27,9.4,3.29,2.53,4.0
33,2026-04-11,SN2652,2026-04-11 09:14:00,2026-04-11 09:02:00,-12.0,2026-04-11 09:22:00,2026-04-11 09:44:00,A54 ,20.0,10.61,1.89,4.22,1.97,22.0
33,2026-04-11,SN2906,2026-04-11 06:58:00,2026-04-11 06:45:00,-13.0,2026-04-11 06:56:00,2026-04-11 06:59:00,A46 ,52.0,9.86,5.27,5.54,1.51,3.0
33,2026-04-11,SN3132,2026-04-11 06:23:00,2026-04-11 06:00:00,-23.0,2026-04-11 06:28:00,2026-04-11 06:32:00,A44 ,109.0,12.63,8.63,5.88,1.42,4.0
33,2026-04-11,SN3182,2026-04-11 06:23:00,2026-04-11 06:40:00,17.0,2026-04-11 06:59:00,2026-04-11 07:03:00,A64 ,82.0,15.09,5.43,6.3,1.32,4.0
33,2026-04-11,SN3344,2026-04-11 07:21:00,2026-04-11 07:10:00,-11.0,2026-04-11 07:27:00,2026-04-11 07:29:00,A59 ,37.0,11.44,3.23,5.22,1.6,2.0
33,2026-04-11,SN3738,2026-04-11 07:14:00,2026-04-11 07:03:00,-11.0,2026-04-11 07:29:00,2026-04-11 07:32:00,A66 ,92.0,12.62,7.29,5.19,1.61,3.0
33,2026-04-11,SN3740,2026-04-11 08:13:00,2026-04-11 07:50:00,-23.0,2026-04-11 08:19:00,2026-04-11 08:23:00,A70 ,131.0,14.74,8.89,4.58,1.82,4.0
33,2026-04-11,SN3752,2026-04-11 07:25:00,2026-04-11 07:39:00,14.0,2026-04-11 07:57:00,2026-04-11 08:00:00,A57 ,79.0,11.63,6.79,4.56,1.83,3.0
33,2026-04-11,SN3766,2026-04-11 06:55:00,2026-04-11 06:36:00,-19.0,2026-04-11 07:00:00,2026-04-11 07:05:00,A56 ,129.0,12.62,10.22,4.49,1.85,5.0
33,2026-04-11,SN3768,2026-04-11 07:31:00,2026-04-11 08:38:00,67.0,2026-04-11 08:59:00,2026-04-11 09:07:00,A66 ,129.0,11.44,11.28,5.75,1.45,8.0
33,2026-04-11,SN3774,2026-04-11 10:17:00,2026-04-11 10:10:00,-7.0,2026-04-11 10:31:00,2026-04-11 10:34:00,A52 ,71.0,12.5,5.68,4.93,1.69,3.0
33,2026-04-11,SN3782,2026-04-11 09:41:00,2026-04-11 10:02:00,21.0,2026-04-11 10:28:00,2026-04-11 10:41:00,A40 ,138.0,11.41,12.09,4.59,1.82,13.0
33,2026-04-11,SN3784,2026-04-11 06:44:00,2026-04-11 06:32:00,-12.0,2026-04-11 08:12:00,2026-04-11 08:22:00,A45 ,113.0,9.02,12.53,4.69,1.78,10.0
33,2026-04-11,SN3806,2026-04-11 09:44:00,2026-04-11 09:37:00,-7.0,2026-04-11 10:02:00,2026-04-11 10:07:00,A54 ,120.0,14.07,8.53,4.76,1.75,5.0
33,2026-04-11,SN3820,2026-04-11 10:45:00,2026-04-11 11:02:00,17.0,2026-04-11 11:28:00,2026-04-11 11:32:00,A50 ,84.0,11.7,7.18,4.51,1.85,4.0
33,2026-04-11,SN3828,2026-04-11 10:54:00,2026-04-11 10:46:00,-8.0,2026-04-11 12:01:00,2026-04-11 12:20:00,A61 ,125.0,11.56,10.82,4.59,1.82,19.0
33,2026-04-11,SN3886,2026-04-11 10:15:00,2026-04-11 10:41:00,26.0,2026-04-11 10:53:00,2026-04-11 12:12:00,B14 A,152.0,14.72,10.33,4.37,1.53,79.0
33,2026-04-11,TB1502,2026-04-11 10:55:00,2026-04-11 12:16:00,81.0,2026-04-11 12:39:00,2026-04-11 12:54:00,A63 ,133.0,12.35,10.77,4.99,1.67,15.0
33,2026-04-11,TB1552,2026-04-11 07:15:00,2026-04-11 07:08:00,-7.0,2026-04-11 07:38:00,2026-04-11 07:45:00,A61 ,152.0,12.28,12.38,5.84,1.43,7.0
33,2026-04-11,TB1702,2026-04-11 09:26:00,2026-04-11 09:29:00,3.0,2026-04-11 09:48:00,2026-04-11 09:54:00,A43 ,151.0,9.74,15.5,4.53,1.84,6.0
33,2026-04-11,TB1704,2026-04-11 08:56:00,2026-04-11 08:41:00,-15.0,2026-04-11 09:04:00,2026-04-11 09:09:00,A65 ,147.0,16.17,9.09,5.88,1.42,5.0
33,2026-04-11,TB1756,2026-04-11 10:30:00,2026-04-11 10:37:00,7.0,2026-04-11 10:58:00,2026-04-11 12:09:00,A65 ,164.0,14.03,11.69,4.89,1.7,71.0
33,2026-04-11,TB1758,2026-04-11 10:32:00,2026-04-11 12:40:00,128.0,2026-04-11 13:03:00,2026-04-11 13:08:00,A72 ,142.0,8.94,15.88,5.32,1.57,5.0
33,2026-04-11,TB2031,2026-04-11 07:32:00,2026-04-11 07:08:00,-24.0,2026-04-11 07:24:00,2026-04-11 07:33:00,B30 A,152.0,14.82,10.26,4.76,1.87,9.0
33,2026-04-11,TB2614,2026-04-11 08:39:00,2026-04-11 08:51:00,12.0,2026-04-11 09:10:00,2026-04-11 09:15:00,B9  A,138.0,12.93,10.67,5.01,1.66,5.0
33,2026-04-11,TK1941,2026-04-11 09:30:00,2026-04-11 09:22:00,-8.0,2026-04-11 09:38:00,2026-04-11 09:46:00,B7  A,161.0,14.26,11.29,4.66,1.79,8.0
33,2026-04-11,TP644,2026-04-11 07:10:00,2026-04-11 07:04:00,-6.0,2026-04-11 07:24:00,2026-04-11 07:31:00,A53 ,123.0,10.52,11.69,4.66,1.79,7.0
33,2026-04-11,TP646,2026-04-11 08:01:00,2026-04-11 09:30:00,89.0,2026-04-11 09:51:00,2026-04-11 09:56:00,A59 ,107.0,11.37,9.41,5.43,1.53,5.0
33,2026-04-11,VY1334,2026-04-11 07:06:00,2026-04-11 06:50:00,-16.0,2026-04-11 07:09:00,2026-04-11 07:11:00,A47 ,71.0,13.28,5.35,6.86,1.21,2.0
33,2026-04-11,VY8984,2026-04-11 09:06:00,2026-04-11 08:41:00,-25.0,2026-04-11 08:56:00,2026-04-11 09:00:00,A51 ,58.0,10.8,5.37,4.37,1.91,4.0
34,2026-04-11,BA388,2026-04-11 06:19:00,2026-04-11 05:59:00,-20.0,2026-04-11 06:14:00,2026-04-11 06:18:00,B7  A,90.0,9.07,9.93,5.45,1.53,4.0
34,2026-04-11,FH8116,2026-04-11 12:44:00,2026-04-11 12:48:00,4.0,2026-04-11 13:06:00,2026-04-11 13:13:00,B38 A,140.0,15.66,8.94,4.94,2.36,7.0
34,2026-04-11,HV9078,2026-04-11 10:31:00,2026-04-11 10:29:00,-2.0,2026-04-11 10:47:00,2026-04-11 10:50:00,A42 ,85.0,10.87,7.82,5.34,1.56,3.0
34,2026-04-11,IB1301,2026-04-11 06:06:00,2026-04-11 08:18:00,132.0,2026-04-11 08:38:00,2026-04-11 08:41:00,A61 ,70.0,12.03,5.82,4.83,1.72,3.0
34,2026-04-11,IB603,2026-04-11 10:37:00,2026-04-11 10:16:00,-21.0,2026-04-11 10:34:00,2026-04-11 10:46:00,A45 ,94.0,15.6,6.03,4.82,1.73,12.0
34,2026-04-11,KM420,2026-04-11 07:21:00,2026-04-11 06:52:00,-29.0,2026-04-11 07:07:00,2026-04-11 07:20:00,A62 ,167.0,13.56,12.32,5.49,1.52,13.0
34,2026-04-11,LO231,2026-04-11 07:42:00,2026-04-11 07:22:00,-20.0,2026-04-11 07:34:00,2026-04-11 07:36:00,A53 ,24.0,9.48,2.53,4.49,1.86,2.0
34,2026-04-11,OS297,2026-04-11 06:16:00,2026-04-11 06:07:00,-9.0,2026-04-11 06:21:00,2026-04-11 06:24:00,A43 ,85.0,16.64,5.11,5.02,1.66,3.0
34,2026-04-11,SK597,2026-04-11 08:00:00,2026-04-11 07:51:00,-9.0,2026-04-11 08:07:00,2026-04-11 08:11:00,A47 ,68.0,15.2,4.47,4.57,1.82,4.0
34,2026-04-11,SN1138,2026-04-11 10:21:00,2026-04-11 10:01:00,-20.0,2026-04-11 10:21:00,2026-04-11 10:24:00,B28 A,87.0,14.18,6.13,5.37,1.49,3.0
34,2026-04-11,SN1574,2026-04-11 07:29:00,2026-04-11 07:17:00,-12.0,2026-04-11 07:50:00,2026-04-11 07:54:00,A49 ,106.0,13.92,7.61,5.23,1.59,4.0
34,2026-04-11,SN2652,2026-04-11 06:13:00,2026-04-11 05:58:00,-15.0,2026-04-11 06:07:00,2026-04-11 06:08:00,A58 ,9.0,10.5,0.86,5.13,1.62,1.0
34,2026-04-11,SN2906,2026-04-11 06:00:00,2026-04-11 05:57:00,-3.0,2026-04-11 06:15:00,2026-04-11 06:19:00,A68 ,33.0,10.35,3.19,4.55,1.83,4.0
34,2026-04-11,SN3132,2026-04-11 08:19:00,2026-04-11 08:24:00,5.0,2026-04-11 08:52:00,2026-04-11 08:56:00,A62 ,115.0,11.9,9.66,4.15,2.01,4.0
34,2026-04-11,SN3182,2026-04-11 07:23:00,2026-04-11 07:13:00,-10.0,2026-04-11 07:38:00,2026-04-11 07:41:00,A64 ,115.0,9.12,12.61,4.59,1.81,3.0
34,2026-04-11,SN3344,2026-04-11 06:18:00,2026-04-11 06:23:00,5.0,2026-04-11 06:45:00,2026-04-11 06:47:00,A66 ,41.0,13.06,3.14,4.77,1.75,2.0
34,2026-04-11,SN3738,2026-04-11 10:16:00,2026-04-11 10:11:00,-5.0,2026-04-11 10:34:00,2026-04-11 10:38:00,A68 ,101.0,10.5,9.61,6.42,1.3,4.0
34,2026-04-11,SN3740,2026-04-11 08:13:00,2026-04-11 07:50:00,-23.0,2026-04-11 08:19:00,2026-04-11 08:23:00,A70 ,131.0,11.22,11.68,4.89,1.71,4.0
34,2026-04-11,SN3752,2026-04-11 07:25:00,2026-04-11 07:39:00,14.0,2026-04-11 07:57:00,2026-04-11 08:00:00,A57 ,79.0,11.19,7.06,4.65,1.79,3.0
34,2026-04-11,SN3766,2026-04-11 06:55:00,2026-04-11 06:36:00,-19.0,2026-04-11 07:00:00,2026-04-11 07:05:00,A56 ,129.0,10.16,12.69,4.37,1.91,5.0
34,2026-04-11,SN3768,2026-04-11 07:31:00,2026-04-11 08:38:00,67.0,2026-04-11 08:59:00,2026-04-11 09:07:00,A66 ,129.0,15.37,8.39,5.08,1.64,8.0
34,2026-04-11,SN3774,2026-04-11 10:44:00,2026-04-11 10:30:00,-14.0,2026-04-11 11:02:00,2026-04-11 11:10:00,A72 ,106.0,11.48,9.23,6.24,1.34,8.0
34,2026-04-11,SN3782,2026-04-11 06:34:00,2026-04-11 06:27:00,-7.0,2026-04-11 06:58:00,2026-04-11 08:03:00,A61 ,88.0,15.07,5.84,4.36,1.91,65.0
34,2026-04-11,SN3784,2026-04-11 10:26:00,2026-04-11 10:13:00,-13.0,2026-04-11 10:35:00,2026-04-11 12:01:00,A50 ,134.0,9.36,14.31,5.06,1.65,86.0
34,2026-04-11,SN3806,2026-04-11 09:44:00,2026-04-11 09:37:00,-7.0,2026-04-11 10:02:00,2026-04-11 10:07:00,A54 ,120.0,9.59,12.51,5.75,1.45,5.0
34,2026-04-11,SN3820,2026-04-11 10:45:00,2026-04-11 11:02:00,17.0,2026-04-11 11:28:00,2026-04-11 11:32:00,A50 ,84.0,15.37,5.47,5.34,1.56,4.0
34,2026-04-11,SN3828,2026-04-11 10:54:00,2026-04-11 10:46:00,-8.0,2026-04-11 12:01:00,2026-04-11 12:20:00,A61 ,125.0,11.16,11.2,4.8,1.74,19.0
34,2026-04-11,SN3886,2026-04-11 10:15:00,2026-04-11 10:41:00,26.0,2026-04-11 10:53:00,2026-04-11 12:12:00,B14 A,152.0,14.66,10.37,5.71,1.17,79.0
34,2026-04-11,TB1502,2026-04-11 10:55:00,2026-04-11 12:16:00,81.0,2026-04-11 12:39:00,2026-04-11 12:54:00,A63 ,133.0,11.68,11.38,5.1,1.64,15.0
34,2026-04-11,TB1552,2026-04-11 07:15:00,2026-04-11 07:08:00,-7.0,2026-04-11 07:38:00,2026-04-11 07:45:00,A61 ,152.0,15.21,9.99,4.64,1.79,7.0
34,2026-04-11,TB1702,2026-04-11 09:26:00,2026-04-11 09:29:00,3.0,2026-04-11 09:48:00,2026-04-11 09:54:00,A43 ,151.0,12.08,12.5,5.33,1.56,6.0
34,2026-04-11,TB1704,2026-04-11 08:56:00,2026-04-11 08:41:00,-15.0,2026-04-11 09:04:00,2026-04-11 09:09:00,A65 ,147.0,10.97,13.4,4.59,1.82,5.0
34,2026-04-11,TB1756,2026-04-11 10:30:00,2026-04-11 10:37:00,7.0,2026-04-11 10:58:00,2026-04-11 12:09:00,A65 ,164.0,10.84,15.12,4.25,1.96,71.0
34,2026-04-11,TB1758,2026-04-11 10:32:00,2026-04-11 12:40:00,128.0,2026-04-11 13:03:00,2026-04-11 13:08:00,A72 ,142.0,8.66,16.4,5.17,1.61,5.0
34,2026-04-11,TB2031,2026-04-11 07:32:00,2026-04-11 07:08:00,-24.0,2026-04-11 07:24:00,2026-04-11 07:33:00,B30 A,152.0,12.26,12.4,5.03,1.77,9.0
34,2026-04-11,TB2614,2026-04-11 08:39:00,2026-04-11 08:51:00,12.0,2026-04-11 09:10:00,2026-04-11 09:15:00,B9  A,138.0,11.89,11.6,3.99,2.09,5.0
34,2026-04-11,TK1941,2026-04-11 09:30:00,2026-04-11 09:22:00,-8.0,2026-04-11 09:38:00,2026-04-11 09:46:00,B7  A,161.0,15.78,10.2,5.35,1.56,8.0
34,2026-04-11,TP644,2026-04-11 08:11:00,2026-04-11 08:27:00,16.0,2026-04-11 08:46:00,2026-04-11 08:55:00,A53 ,86.0,11.32,7.6,5.88,1.42,9.0
34,2026-04-11,TP646,2026-04-11 06:01:00,2026-04-11 07:10:00,69.0,2026-04-11 07:24:00,2026-04-11 07:29:00,A59 ,114.0,12.62,9.03,5.24,1.59,5.0
34,2026-04-11,VY1334,2026-04-11 07:06:00,2026-04-11 06:50:00,-16.0,2026-04-11 07:09:00,2026-04-11 07:11:00,A47 ,71.0,11.6,6.12,4.33,1.92,2.0
34,2026-04-11,VY8984,2026-04-11 07:57:00,2026-04-11 07:35:00,-22.0,2026-04-11 07:48:00,2026-04-11 07:50:00,A43 ,54.0,12.29,4.39,5.74,1.45,2.0
35,2026-04-11,BA388,2026-04-11 06:19:00,2026-04-11 05:59:00,-20.0,2026-04-11 06:14:00,2026-04-11 06:18:00,B7  A,90.0,11.51,7.82,4.17,2.0,4.0
35,2026-04-11,FH8116,2026-04-11 12:44:00,2026-04-11 12:48:00,4.0,2026-04-11 13:06:00,2026-04-11 13:13:00,B38 A,140.0,12.37,11.32,5.44,2.14,7.0
35,2026-04-11,HV9078,2026-04-11 10:31:00,2026-04-11 10:29:00,-2.0,2026-04-11 10:47:00,2026-04-11 10:50:00,A42 ,85.0,11.95,7.11,5.28,1.58,3.0
35,2026-04-11,IB1301,2026-04-11 07:06:00,2026-04-11 06:41:00,-25.0,2026-04-11 06:55:00,2026-04-11 07:01:00,A55 ,77.0,10.53,7.31,4.19,1.99,6.0
35,2026-04-11,IB603,2026-04-11 08:34:00,2026-04-11 08:35:00,1.0,2026-04-11 08:54:00,2026-04-11 08:58:00,A53 ,132.0,14.1,9.36,4.26,1.96,4.0
35,2026-04-11,KM420,2026-04-11 07:21:00,2026-04-11 06:52:00,-29.0,2026-04-11 07:07:00,2026-04-11 07:20:00,A62 ,167.0,13.83,12.08,4.53,1.84,13.0
35,2026-04-11,LO231,2026-04-11 10:41:00,2026-04-11 10:45:00,4.0,2026-04-11 11:07:00,2026-04-11 11:09:00,A53 ,33.0,9.0,3.67,4.77,1.75,2.0
35,2026-04-11,OS297,2026-04-11 07:15:00,2026-04-11 07:12:00,-3.0,2026-04-11 07:26:00,2026-04-11 07:34:00,A49 ,126.0,14.4,8.75,4.67,1.78,8.0
35,2026-04-11,SK597,2026-04-11 06:57:00,2026-04-11 06:53:00,-4.0,2026-04-11 07:07:00,2026-04-11 07:15:00,A51 ,89.0,11.32,7.86,4.86,1.71,8.0
35,2026-04-11,SN1138,2026-04-11 10:21:00,2026-04-11 10:01:00,-20.0,2026-04-11 10:21:00,2026-04-11 10:24:00,B28 A,87.0,12.58,6.92,3.32,2.41,3.0
35,2026-04-11,SN1574,2026-04-11 07:29:00,2026-04-11 07:17:00,-12.0,2026-04-11 07:50:00,2026-04-11 07:54:00,A49 ,106.0,11.37,9.32,4.51,1.85,4.0
35,2026-04-11,SN2652,2026-04-11 07:16:00,2026-04-11 06:58:00,-18.0,2026-04-11 07:08:00,2026-04-11 07:09:00,A51 ,20.0,10.66,1.88,4.19,1.99,1.0
35,2026-04-11,SN2906,2026-04-11 08:01:00,2026-04-11 07:53:00,-8.0,2026-04-11 08:10:00,2026-04-11 08:13:00,A50 ,57.0,14.06,4.06,5.35,1.56,3.0
35,2026-04-11,SN3132,2026-04-11 08:19:00,2026-04-11 08:24:00,5.0,2026-04-11 08:52:00,2026-04-11 08:56:00,A62 ,115.0,12.88,8.93,4.34,1.92,4.0
35,2026-04-11,SN3182,2026-04-11 06:23:00,2026-04-11 06:40:00,17.0,2026-04-11 06:59:00,2026-04-11 07:03:00,A64 ,82.0,12.0,6.83,4.32,1.93,4.0
35,2026-04-11,SN3344,2026-04-11 06:18:00,2026-04-11 06:23:00,5.0,2026-04-11 06:45:00,2026-04-11 06:47:00,A66 ,41.0,8.96,4.58,5.91,1.41,2.0
35,2026-04-11,SN3738,2026-04-11 09:14:00,2026-04-11 09:05:00,-9.0,2026-04-11 09:30:00,2026-04-11 09:34:00,A46 ,105.0,12.37,8.49,4.22,1.97,4.0
35,2026-04-11,SN3740,2026-04-11 08:13:00,2026-04-11 07:50:00,-23.0,2026-04-11 08:19:00,2026-04-11 08:23:00,A70 ,131.0,13.55,9.67,4.03,2.07,4.0
35,2026-04-11,SN3752,2026-04-11 07:25:00,2026-04-11 07:39:00,14.0,2026-04-11 07:57:00,2026-04-11 08:00:00,A57 ,79.0,9.39,8.42,4.6,1.81,3.0
35,2026-04-11,SN3766,2026-04-11 06:55:00,2026-04-11 06:36:00,-19.0,2026-04-11 07:00:00,2026-04-11 07:05:00,A56 ,129.0,12.43,10.38,5.36,1.56,5.0
35,2026-04-11,SN3768,2026-04-11 07:31:00,2026-04-11 08:38:00,67.0,2026-04-11 08:59:00,2026-04-11 09:07:00,A66 ,129.0,11.88,10.86,4.05,2.06,8.0
35,2026-04-11,SN3774,2026-04-11 08:21:00,2026-04-11 08:11:00,-10.0,2026-04-11 08:34:00,2026-04-11 08:37:00,A52 ,64.0,14.48,4.42,5.14,1.62,3.0
35,2026-04-11,SN3782,2026-04-11 09:41:00,2026-04-11 10:02:00,21.0,2026-04-11 10:28:00,2026-04-11 10:41:00,A40 ,138.0,12.03,11.47,6.98,1.19,13.0
35,2026-04-11,SN3784,2026-04-11 10:26:00,2026-04-11 10:13:00,-13.0,2026-04-11 10:35:00,2026-04-11 12:01:00,A50 ,134.0,11.24,11.92,4.47,1.86,86.0
35,2026-04-11,SN3806,2026-04-11 09:44:00,2026-04-11 09:37:00,-7.0,2026-04-11 10:02:00,2026-04-11 10:07:00,A54 ,120.0,8.97,13.38,5.27,1.58,5.0
35,2026-04-11,SN3820,2026-04-11 08:45:00,2026-04-11 10:48:00,123.0,2026-04-11 11:16:00,2026-04-11 11:19:00,A46 ,84.0,13.32,6.31,5.86,1.42,3.0
35,2026-04-11,SN3828,2026-04-11 10:54:00,2026-04-11 10:46:00,-8.0,2026-04-11 12:01:00,2026-04-11 12:20:00,A61 ,125.0,12.54,9.97,4.76,1.75,19.0
35,2026-04-11,SN3886,2026-04-11 10:15:00,2026-04-11 10:41:00,26.0,2026-04-11 10:53:00,2026-04-11 12:12:00,B14 A,152.0,14.7,10.34,5.05,1.32,79.0
35,2026-04-11,TB1502,2026-04-11 10:55:00,2026-04-11 12:16:00,81.0,2026-04-11 12:39:00,2026-04-11 12:54:00,A63 ,133.0,10.51,12.65,6.36,1.31,15.0
35,2026-04-11,TB1552,2026-04-11 08:29:00,2026-04-11 08:25:00,-4.0,2026-04-11 08:46:00,2026-04-11 08:54:00,A61 ,166.0,13.52,12.27,4.7,1.77,8.0
35,2026-04-11,TB1702,2026-04-11 09:26:00,2026-04-11 09:29:00,3.0,2026-04-11 09:48:00,2026-04-11 09:54:00,A43 ,151.0,11.64,12.97,5.05,1.65,6.0
35,2026-04-11,TB1704,2026-04-11 08:56:00,2026-04-11 08:41:00,-15.0,2026-04-11 09:04:00,2026-04-11 09:09:00,A65 ,147.0,14.78,9.95,5.97,1.39,5.0
35,2026-04-11,TB1756,2026-04-11 10:30:00,2026-04-11 10:37:00,7.0,2026-04-11 10:58:00,2026-04-11 12:09:00,A65 ,164.0,13.05,12.57,3.37,2.48,71.0
35,2026-04-11,TB1758,2026-04-11 10:32:00,2026-04-11 12:40:00,128.0,2026-04-11 13:03:00,2026-04-11 13:08:00,A72 ,142.0,9.82,14.47,5.18,1.61,5.0
35,2026-04-11,TB2031,2026-04-11 07:32:00,2026-04-11 07:08:00,-24.0,2026-04-11 07:24:00,2026-04-11 07:33:00,B30 A,152.0,13.28,11.45,5.36,1.66,9.0
35,2026-04-11,TB2614,2026-04-11 08:39:00,2026-04-11 08:51:00,12.0,2026-04-11 09:10:00,2026-04-11 09:15:00,B9  A,138.0,12.94,10.66,5.01,1.66,5.0
35,2026-04-11,TK1941,2026-04-11 09:30:00,2026-04-11 09:22:00,-8.0,2026-04-11 09:38:00,2026-04-11 09:46:00,B7  A,161.0,11.93,13.49,4.5,1.85,8.0
35,2026-04-11,TP644,2026-04-11 06:10:00,2026-04-11 06:00:00,-10.0,2026-04-11 06:11:00,2026-04-11 06:19:00,A43 ,128.0,14.37,8.91,4.98,1.67,8.0
35,2026-04-11,TP646,2026-04-11 06:01:00,2026-04-11 07:10:00,69.0,2026-04-11 07:24:00,2026-04-11 07:29:00,A59 ,114.0,10.23,11.15,5.77,1.44,5.0
35,2026-04-11,VY1334,2026-04-11 07:06:00,2026-04-11 06:50:00,-16.0,2026-04-11 07:09:00,2026-04-11 07:11:00,A47 ,71.0,12.32,5.76,4.43,1.88,2.0
35,2026-04-11,VY8984,2026-04-11 09:06:00,2026-04-11 08:41:00,-25.0,2026-04-11 08:56:00,2026-04-11 09:00:00,A51 ,58.0,13.56,4.28,3.86,2.16,4.0
36,2026-04-11,BA388,2026-04-11 06:19:00,2026-04-11 05:59:00,-20.0,2026-04-11 06:14:00,2026-04-11 06:18:00,B7  A,90.0,13.64,6.6,5.41,1.54,4.0
36,2026-04-11,FH8116,2026-04-11 06:35:00,2026-04-11 06:00:00,-35.0,2026-04-11 06:07:00,2026-04-11 06:09:00,B15 A,22.0,13.25,1.66,6.42,1.2,2.0
36,2026-04-11,HV9078,2026-04-11 10:31:00,2026-04-11 10:29:00,-2.0,2026-04-11 10:47:00,2026-04-11 10:50:00,A42 ,85.0,10.88,7.81,4.33,1.93,3.0
36,2026-04-11,IB1301,2026-04-11 07:06:00,2026-04-11 06:41:00,-25.0,2026-04-11 06:55:00,2026-04-11 07:01:00,A55 ,77.0,13.84,5.56,5.13,1.62,6.0
36,2026-04-11,IB603,2026-04-11 08:34:00,2026-04-11 08:35:00,1.0,2026-04-11 08:54:00,2026-04-11 08:58:00,A53 ,132.0,13.81,9.56,4.61,1.81,4.0
36,2026-04-11,KM420,2026-04-11 06:21:00,2026-04-11 05:59:00,-22.0,2026-04-11 06:18:00,2026-04-11 06:23:00,A45 ,138.0,12.2,11.31,5.42,1.54,5.0
36,2026-04-11,LO231,2026-04-11 06:41:00,2026-04-11 06:27:00,-14.0,2026-04-11 06:37:00,2026-04-11 06:38:00,A57 ,23.0,10.72,2.15,3.77,2.21,1.0
36,2026-04-11,OS297,2026-04-11 06:16:00,2026-04-11 06:07:00,-9.0,2026-04-11 06:21:00,2026-04-11 06:24:00,A43 ,85.0,10.66,7.97,5.43,1.53,3.0
36,2026-04-11,SK597,2026-04-11 08:00:00,2026-04-11 07:51:00,-9.0,2026-04-11 08:07:00,2026-04-11 08:11:00,A47 ,68.0,12.46,5.46,4.72,1.77,4.0
36,2026-04-11,SN1138,2026-04-11 10:21:00,2026-04-11 10:01:00,-20.0,2026-04-11 10:21:00,2026-04-11 10:24:00,B28 A,87.0,12.04,7.23,4.51,1.77,3.0
36,2026-04-11,SN1574,2026-04-11 07:29:00,2026-04-11 07:17:00,-12.0,2026-04-11 07:50:00,2026-04-11 07:54:00,A49 ,106.0,11.03,9.61,5.52,1.51,4.0
36,2026-04-11,SN2652,2026-04-11 11:01:00,2026-04-11 10:52:00,-9.0,2026-04-11 11:25:00,2026-04-11 11:27:00,A52 ,52.0,12.68,4.1,4.52,1.84,2.0
36,2026-04-11,SN2906,2026-04-11 06:00:00,2026-04-11 05:57:00,-3.0,2026-04-11 06:15:00,2026-04-11 06:19:00,A68 ,33.0,11.84,2.79,5.41,1.54,4.0
36,2026-04-11,SN3132,2026-04-11 08:19:00,2026-04-11 08:24:00,5.0,2026-04-11 08:52:00,2026-04-11 08:56:00,A62 ,115.0,11.75,9.79,4.95,1.68,4.0
36,2026-04-11,SN3182,2026-04-11 06:23:00,2026-04-11 06:40:00,17.0,2026-04-11 06:59:00,2026-04-11 07:03:00,A64 ,82.0,13.5,6.07,6.03,1.38,4.0
36,2026-04-11,SN3344,2026-04-11 07:21:00,2026-04-11 07:10:00,-11.0,2026-04-11 07:27:00,2026-04-11 07:29:00,A59 ,37.0,12.0,3.08,5.54,1.5,2.0
36,2026-04-11,SN3738,2026-04-11 11:36:00,2026-04-11 11:50:00,14.0,2026-04-11 13:15:00,2026-04-11 13:20:00,A40 ,116.0,11.13,10.42,5.53,1.51,5.0
36,2026-04-11,SN3740,2026-04-11 08:13:00,2026-04-11 07:50:00,-23.0,2026-04-11 08:19:00,2026-04-11 08:23:00,A70 ,131.0,11.11,11.8,4.73,1.76,4.0
36,2026-04-11,SN3752,2026-04-11 07:25:00,2026-04-11 07:39:00,14.0,2026-04-11 07:57:00,2026-04-11 08:00:00,A57 ,79.0,13.59,5.81,3.95,2.11,3.0
36,2026-04-11,SN3766,2026-04-11 06:55:00,2026-04-11 06:36:00,-19.0,2026-04-11 07:00:00,2026-04-11 07:05:00,A56 ,129.0,11.9,10.84,4.84,1.72,5.0
36,2026-04-11,SN3768,2026-04-11 07:31:00,2026-04-11 08:38:00,67.0,2026-04-11 08:59:00,2026-04-11 09:07:00,A66 ,129.0,10.98,11.75,4.61,1.81,8.0
36,2026-04-11,SN3774,2026-04-11 06:20:00,2026-04-11 07:00:00,40.0,2026-04-11 07:23:00,2026-04-11 07:25:00,A50 ,66.0,12.14,5.43,3.59,2.32,2.0
36,2026-04-11,SN3782,2026-04-11 10:36:00,2026-04-11 12:13:00,97.0,2026-04-11 12:42:00,2026-04-11 12:49:00,A55 ,135.0,9.96,13.56,4.54,1.84,7.0
36,2026-04-11,SN3784,2026-04-11 06:44:00,2026-04-11 06:32:00,-12.0,2026-04-11 08:12:00,2026-04-11 08:22:00,A45 ,113.0,15.28,7.39,4.83,1.73,10.0
36,2026-04-11,SN3806,2026-04-11 09:44:00,2026-04-11 09:37:00,-7.0,2026-04-11 10:02:00,2026-04-11 10:07:00,A54 ,120.0,16.39,7.32,5.45,1.53,5.0
36,2026-04-11,SN3820,2026-04-11 08:45:00,2026-04-11 10:48:00,123.0,2026-04-11 11:16:00,2026-04-11 11:19:00,A46 ,84.0,9.83,8.54,4.68,1.78,3.0
36,2026-04-11,SN3828,2026-04-11 10:54:00,2026-04-11 10:46:00,-8.0,2026-04-11 12:01:00,2026-04-11 12:20:00,A61 ,125.0,11.4,10.96,5.23,1.59,19.0
36,2026-04-11,SN3886,2026-04-11 10:15:00,2026-04-11 10:41:00,26.0,2026-04-11 10:53:00,2026-04-11 12:12:00,B14 A,152.0,14.31,10.62,5.47,1.22,79.0
36,2026-04-11,TB1502,2026-04-11 10:55:00,2026-04-11 12:16:00,81.0,2026-04-11 12:39:00,2026-04-11 12:54:00,A63 ,133.0,13.32,9.99,4.88,1.71,15.0
36,2026-04-11,TB1552,2026-04-11 10:15:00,2026-04-11 10:31:00,16.0,2026-04-11 10:50:00,2026-04-11 10:59:00,A69 ,164.0,14.76,11.11,5.21,1.6,9.0
36,2026-04-11,TB1702,2026-04-11 09:26:00,2026-04-11 09:29:00,3.0,2026-04-11 09:48:00,2026-04-11 09:54:00,A43 ,151.0,13.62,11.08,5.02,1.66,6.0
36,2026-04-11,TB1704,2026-04-11 08:56:00,2026-04-11 08:41:00,-15.0,2026-04-11 09:04:00,2026-04-11 09:09:00,A65 ,147.0,10.74,13.69,5.21,1.6,5.0
36,2026-04-11,TB1756,2026-04-11 10:30:00,2026-04-11 10:37:00,7.0,2026-04-11 10:58:00,2026-04-11 12:09:00,A65 ,164.0,15.16,10.82,5.15,1.62,71.0
36,2026-04-11,TB1758,2026-04-11 10:32:00,2026-04-11 12:40:00,128.0,2026-04-11 13:03:00,2026-04-11 13:08:00,A72 ,142.0,10.76,13.2,3.75,2.22,5.0
36,2026-04-11,TB2031,2026-04-11 07:32:00,2026-04-11 07:08:00,-24.0,2026-04-11 07:24:00,2026-04-11 07:33:00,B30 A,152.0,12.0,12.67,5.44,1.64,9.0
36,2026-04-11,TB2614,2026-04-11 08:39:00,2026-04-11 08:51:00,12.0,2026-04-11 09:10:00,2026-04-11 09:15:00,B9  A,138.0,13.74,10.04,5.38,1.55,5.0
36,2026-04-11,TK1941,2026-04-11 09:30:00,2026-04-11 09:22:00,-8.0,2026-04-11 09:38:00,2026-04-11 09:46:00,B7  A,161.0,11.75,13.71,5.36,1.56,8.0
36,2026-04-11,TP644,2026-04-11 08:11:00,2026-04-11 08:27:00,16.0,2026-04-11 08:46:00,2026-04-11 08:55:00,A53 ,86.0,13.97,6.16,6.36,1.31,9.0
36,2026-04-11,TP646,2026-04-11 10:02:00,2026-04-11 09:56:00,-6.0,2026-04-11 11:20:00,2026-04-11 11:29:00,A45 ,175.0,10.46,16.74,4.39,1.9,9.0
36,2026-04-11,VY1334,2026-04-11 07:06:00,2026-04-11 06:50:00,-16.0,2026-04-11 07:09:00,2026-04-11 07:11:00,A47 ,71.0,16.87,4.21,5.98,1.39,2.0
36,2026-04-11,VY8984,2026-04-11 09:06:00,2026-04-11 08:41:00,-25.0,2026-04-11 08:56:00,2026-04-11 09:00:00,A51 ,58.0,11.76,4.93,5.88,1.42,4.0
37,2026-04-11,BA388,2026-04-11 06:19:00,2026-04-11 05:59:00,-20.0,2026-04-11 06:14:00,2026-04-11 06:18:00,B7  A,90.0,14.48,6.21,4.74,1.76,4.0
37,2026-04-11,FH8116,2026-04-11 06:35:00,2026-04-11 06:00:00,-35.0,2026-04-11 06:07:00,2026-04-11 06:09:00,B15 A,22.0,10.93,2.01,4.76,1.63,2.0
37,2026-04-11,HV9078,2026-04-11 10:31:00,2026-04-11 10:29:00,-2.0,2026-04-11 10:47:00,2026-04-11 10:50:00,A42 ,85.0,10.87,7.82,6.44,1.29,3.0
37,2026-04-11,IB1301,2026-04-11 06:06:00,2026-04-11 08:18:00,132.0,2026-04-11 08:38:00,2026-04-11 08:41:00,A61 ,70.0,13.09,5.35,5.22,1.6,3.0
37,2026-04-11,IB603,2026-04-11 10:37:00,2026-04-11 10:16:00,-21.0,2026-04-11 10:34:00,2026-04-11 10:46:00,A45 ,94.0,12.62,7.45,3.31,2.52,12.0
37,2026-04-11,KM420,2026-04-11 07:21:00,2026-04-11 06:52:00,-29.0,2026-04-11 07:07:00,2026-04-11 07:20:00,A62 ,167.0,13.81,12.09,5.42,1.54,13.0
37,2026-04-11,LO231,2026-04-11 10:41:00,2026-04-11 10:45:00,4.0,2026-04-11 11:07:00,2026-04-11 11:09:00,A53 ,33.0,11.39,2.9,4.26,1.96,2.0
37,2026-04-11,OS297,2026-04-11 06:16:00,2026-04-11 06:07:00,-9.0,2026-04-11 06:21:00,2026-04-11 06:24:00,A43 ,85.0,15.78,5.39,4.88,1.71,3.0
37,2026-04-11,SK597,2026-04-11 08:00:00,2026-04-11 07:51:00,-9.0,2026-04-11 08:07:00,2026-04-11 08:11:00,A47 ,68.0,14.03,4.85,4.66,1.79,4.0
37,2026-04-11,SN1138,2026-04-11 10:21:00,2026-04-11 10:01:00,-20.0,2026-04-11 10:21:00,2026-04-11 10:24:00,B28 A,87.0,11.55,7.53,5.02,1.59,3.0
37,2026-04-11,SN1574,2026-04-11 07:29:00,2026-04-11 07:17:00,-12.0,2026-04-11 07:50:00,2026-04-11 07:54:00,A49 ,106.0,12.34,8.59,4.57,1.83,4.0
37,2026-04-11,SN2652,2026-04-11 11:01:00,2026-04-11 10:52:00,-9.0,2026-04-11 11:25:00,2026-04-11 11:27:00,A52 ,52.0,13.49,3.86,6.01,1.39,2.0
37,2026-04-11,SN2906,2026-04-11 06:58:00,2026-04-11 06:45:00,-13.0,2026-04-11 06:56:00,2026-04-11 06:59:00,A46 ,52.0,11.51,4.52,4.55,1.83,3.0
37,2026-04-11,SN3132,2026-04-11 08:19:00,2026-04-11 08:24:00,5.0,2026-04-11 08:52:00,2026-04-11 08:56:00,A62 ,115.0,12.21,9.42,4.71,1.77,4.0
37,2026-04-11,SN3182,2026-04-11 06:23:00,2026-04-11 06:40:00,17.0,2026-04-11 06:59:00,2026-04-11 07:03:00,A64 ,82.0,12.6,6.51,4.77,1.75,4.0
37,2026-04-11,SN3344,2026-04-11 06:18:00,2026-04-11 06:23:00,5.0,2026-04-11 06:45:00,2026-04-11 06:47:00,A66 ,41.0,10.95,3.74,5.15,1.62,2.0
37,2026-04-11,SN3738,2026-04-11 07:14:00,2026-04-11 07:03:00,-11.0,2026-04-11 07:29:00,2026-04-11 07:32:00,A66 ,92.0,12.7,7.25,5.77,1.45,3.0
37,2026-04-11,SN3740,2026-04-11 08:13:00,2026-04-11 07:50:00,-23.0,2026-04-11 08:19:00,2026-04-11 08:23:00,A70 ,131.0,9.18,14.27,4.06,2.05,4.0
37,2026-04-11,SN3752,2026-04-11 07:25:00,2026-04-11 07:39:00,14.0,2026-04-11 07:57:00,2026-04-11 08:00:00,A57 ,79.0,9.02,8.75,5.87,1.42,3.0
37,2026-04-11,SN3766,2026-04-11 06:55:00,2026-04-11 06:36:00,-19.0,2026-04-11 07:00:00,2026-04-11 07:05:00,A56 ,129.0,11.45,11.26,6.44,1.29,5.0
37,2026-04-11,SN3768,2026-04-11 07:31:00,2026-04-11 08:38:00,67.0,2026-04-11 08:59:00,2026-04-11 09:07:00,A66 ,129.0,9.14,14.11,4.19,1.99,8.0
37,2026-04-11,SN3774,2026-04-11 06:20:00,2026-04-11 07:00:00,40.0,2026-04-11 07:23:00,2026-04-11 07:25:00,A50 ,66.0,9.38,7.04,4.26,1.95,2.0
37,2026-04-11,SN3782,2026-04-11 06:34:00,2026-04-11 06:27:00,-7.0,2026-04-11 06:58:00,2026-04-11 08:03:00,A61 ,88.0,12.59,6.99,4.29,1.94,65.0
37,2026-04-11,SN3784,2026-04-11 06:44:00,2026-04-11 06:32:00,-12.0,2026-04-11 08:12:00,2026-04-11 08:22:00,A45 ,113.0,10.62,10.64,4.44,1.88,10.0
37,2026-04-11,SN3806,2026-04-11 09:44:00,2026-04-11 09:37:00,-7.0,2026-04-11 10:02:00,2026-04-11 10:07:00,A54 ,120.0,12.71,9.44,4.13,2.02,5.0
37,2026-04-11,SN3820,2026-04-11 06:46:00,2026-04-11 06:57:00,11.0,2026-04-11 08:22:00,2026-04-11 08:26:00,A65 ,88.0,12.14,7.25,3.54,2.36,4.0
37,2026-04-11,SN3828,2026-04-11 10:54:00,2026-04-11 10:46:00,-8.0,2026-04-11 12:01:00,2026-04-11 12:20:00,A61 ,125.0,14.46,8.65,5.66,1.47,19.0
37,2026-04-11,SN3886,2026-04-11 10:15:00,2026-04-11 10:41:00,26.0,2026-04-11 10:53:00,2026-04-11 12:12:00,B14 A,152.0,14.22,10.69,5.82,1.15,79.0
37,2026-04-11,TB1502,2026-04-11 10:55:00,2026-04-11 12:16:00,81.0,2026-04-11 12:39:00,2026-04-11 12:54:00,A63 ,133.0,9.0,14.78,7.3,1.14,15.0
37,2026-04-11,TB1552,2026-04-11 07:47:00,2026-04-11 07:43:00,-4.0,2026-04-11 07:55:00,2026-04-11 07:59:00,A68 ,66.0,10.44,6.32,7.7,1.08,4.0
37,2026-04-11,TB1702,2026-04-11 09:26:00,2026-04-11 09:29:00,3.0,2026-04-11 09:48:00,2026-04-11 09:54:00,A43 ,151.0,9.31,16.22,4.53,1.84,6.0
37,2026-04-11,TB1704,2026-04-11 08:56:00,2026-04-11 08:41:00,-15.0,2026-04-11 09:04:00,2026-04-11 09:09:00,A65 ,147.0,9.26,15.88,5.22,1.6,5.0
37,2026-04-11,TB1756,2026-04-11 10:30:00,2026-04-11 10:37:00,7.0,2026-04-11 10:58:00,2026-04-11 12:09:00,A65 ,164.0,13.86,11.83,5.71,1.46,71.0
37,2026-04-11,TB1758,2026-04-11 10:32:00,2026-04-11 12:40:00,128.0,2026-04-11 13:03:00,2026-04-11 13:08:00,A72 ,142.0,15.18,9.35,4.09,2.04,5.0
37,2026-04-11,TB2031,2026-04-11 07:32:00,2026-04-11 07:08:00,-24.0,2026-04-11 07:24:00,2026-04-11 07:33:00,B30 A,152.0,14.01,10.85,4.43,2.01,9.0
37,2026-04-11,TB2614,2026-04-11 08:39:00,2026-04-11 08:51:00,12.0,2026-04-11 09:10:00,2026-04-11 09:15:00,B9  A,138.0,13.01,10.61,4.69,1.78,5.0
37,2026-04-11,TK1941,2026-04-11 09:30:00,2026-04-11 09:22:00,-8.0,2026-04-11 09:38:00,2026-04-11 09:46:00,B7  A,161.0,14.75,10.91,5.78,1.44,8.0
37,2026-04-11,TP644,2026-04-11 08:11:00,2026-04-11 08:27:00,16.0,2026-04-11 08:46:00,2026-04-11 08:55:00,A53 ,86.0,12.99,6.62,5.02,1.66,9.0
37,2026-04-11,TP646,2026-04-11 08:01:00,2026-04-11 09:30:00,89.0,2026-04-11 09:51:00,2026-04-11 09:56:00,A59 ,107.0,10.39,10.3,4.56,1.83,5.0
37,2026-04-11,VY1334,2026-04-11 07:06:00,2026-04-11 06:50:00,-16.0,2026-04-11 07:09:00,2026-04-11 07:11:00,A47 ,71.0,13.27,5.35,4.88,1.71,2.0
37,2026-04-11,VY8984,2026-04-11 06:55:00,2026-04-11 07:23:00,28.0,2026-04-11 07:33:00,2026-04-11 07:34:00,A45 ,55.0,15.25,3.61,5.51,1.51,1.0
38,2026-04-11,BA388,2026-04-11 06:19:00,2026-04-11 05:59:00,-20.0,2026-04-11 06:14:00,2026-04-11 06:18:00,B7  A,90.0,13.37,6.73,6.57,1.27,4.0
38,2026-04-11,FH8116,2026-04-11 06:35:00,2026-04-11 06:00:00,-35.0,2026-04-11 06:07:00,2026-04-11 06:09:00,B15 A,22.0,11.4,1.93,4.02,1.93,2.0
38,2026-04-11,HV9078,2026-04-11 10:31:00,2026-04-11 10:29:00,-2.0,2026-04-11 10:47:00,2026-04-11 10:50:00,A42 ,85.0,13.05,6.52,4.83,1.72,3.0
38,2026-04-11,IB1301,2026-04-11 06:06:00,2026-04-11 08:18:00,132.0,2026-04-11 08:38:00,2026-04-11 08:41:00,A61 ,70.0,11.54,6.06,4.41,1.89,3.0
38,2026-04-11,IB603,2026-04-11 10:37:00,2026-04-11 10:16:00,-21.0,2026-04-11 10:34:00,2026-04-11 10:46:00,A45 ,94.0,12.71,7.4,6.26,1.33,12.0
38,2026-04-11,KM420,2026-04-11 06:21:00,2026-04-11 05:59:00,-22.0,2026-04-11 06:18:00,2026-04-11 06:23:00,A45 ,138.0,12.11,11.39,5.09,1.64,5.0
38,2026-04-11,LO231,2026-04-11 10:41:00,2026-04-11 10:45:00,4.0,2026-04-11 11:07:00,2026-04-11 11:09:00,A53 ,33.0,9.17,3.6,4.75,1.75,2.0
38,2026-04-11,OS297,2026-04-11 06:16:00,2026-04-11 06:07:00,-9.0,2026-04-11 06:21:00,2026-04-11 06:24:00,A43 ,85.0,13.04,6.52,4.89,1.7,3.0
38,2026-04-11,SK597,2026-04-11 06:57:00,2026-04-11 06:53:00,-4.0,2026-04-11 07:07:00,2026-04-11 07:15:00,A51 ,89.0,12.57,7.08,4.18,2.0,8.0
38,2026-04-11,SN1138,2026-04-11 10:21:00,2026-04-11 10:01:00,-20.0,2026-04-11 10:21:00,2026-04-11 10:24:00,B28 A,87.0,15.72,5.53,6.0,1.33,3.0
38,2026-04-11,SN1574,2026-04-11 07:29:00,2026-04-11 07:17:00,-12.0,2026-04-11 07:50:00,2026-04-11 07:54:00,A49 ,106.0,15.66,6.77,5.04,1.65,4.0
38,2026-04-11,SN2652,2026-04-11 09:14:00,2026-04-11 09:02:00,-12.0,2026-04-11 09:22:00,2026-04-11 09:44:00,A54 ,20.0,9.95,2.01,4.76,1.75,22.0
38,2026-04-11,SN2906,2026-04-11 06:00:00,2026-04-11 05:57:00,-3.0,2026-04-11 06:15:00,2026-04-11 06:19:00,A68 ,33.0,14.53,2.27,5.04,1.65,4.0
38,2026-04-11,SN3132,2026-04-11 08:19:00,2026-04-11 08:24:00,5.0,2026-04-11 08:52:00,2026-04-11 08:56:00,A62 ,115.0,9.83,11.69,5.08,1.64,4.0
38,2026-04-11,SN3182,2026-04-11 07:23:00,2026-04-11 07:13:00,-10.0,2026-04-11 07:38:00,2026-04-11 07:41:00,A64 ,115.0,11.56,9.95,4.65,1.79,3.0
38,2026-04-11,SN3344,2026-04-11 06:18:00,2026-04-11 06:23:00,5.0,2026-04-11 06:45:00,2026-04-11 06:47:00,A66 ,41.0,13.31,3.08,4.79,1.74,2.0
38,2026-04-11,SN3738,2026-04-11 11:36:00,2026-04-11 11:50:00,14.0,2026-04-11 13:15:00,2026-04-11 13:20:00,A40 ,116.0,13.21,8.78,5.28,1.58,5.0
38,2026-04-11,SN3740,2026-04-11 08:13:00,2026-04-11 07:50:00,-23.0,2026-04-11 08:19:00,2026-04-11 08:23:00,A70 ,131.0,11.16,11.74,4.51,1.85,4.0
38,2026-04-11,SN3752,2026-04-11 07:25:00,2026-04-11 07:39:00,14.0,2026-04-11 07:57:00,2026-04-11 08:00:00,A57 ,79.0,12.96,6.1,5.86,1.42,3.0
38,2026-04-11,SN3766,2026-04-11 06:55:00,2026-04-11 06:36:00,-19.0,2026-04-11 07:00:00,2026-04-11 07:05:00,A56 ,129.0,11.18,11.53,5.12,1.63,5.0
38,2026-04-11,SN3768,2026-04-11 07:31:00,2026-04-11 08:38:00,67.0,2026-04-11 08:59:00,2026-04-11 09:07:00,A66 ,129.0,11.95,10.8,5.01,1.66,8.0
38,2026-04-11,SN3774,2026-04-11 08:21:00,2026-04-11 08:11:00,-10.0,2026-04-11 08:34:00,2026-04-11 08:37:00,A52 ,64.0,11.02,5.81,5.46,1.53,3.0
38,2026-04-11,SN3782,2026-04-11 09:41:00,2026-04-11 10:02:00,21.0,2026-04-11 10:28:00,2026-04-11 10:41:00,A40 ,138.0,14.54,9.49,4.6,1.81,13.0
38,2026-04-11,SN3784,2026-04-11 06:44:00,2026-04-11 06:32:00,-12.0,2026-04-11 08:12:00,2026-04-11 08:22:00,A45 ,113.0,9.19,12.3,5.86,1.42,10.0
38,2026-04-11,SN3806,2026-04-11 09:44:00,2026-04-11 09:37:00,-7.0,2026-04-11 10:02:00,2026-04-11 10:07:00,A54 ,120.0,12.59,9.53,5.11,1.63,5.0
38,2026-04-11,SN3820,2026-04-11 06:46:00,2026-04-11 06:57:00,11.0,2026-04-11 08:22:00,2026-04-11 08:26:00,A65 ,88.0,12.59,6.99,4.39,1.9,4.0
38,2026-04-11,SN3828,2026-04-11 10:54:00,2026-04-11 10:46:00,-8.0,2026-04-11 12:01:00,2026-04-11 12:20:00,A61 ,125.0,13.42,9.31,5.55,1.5,19.0
38,2026-04-11,SN3886,2026-04-11 10:15:00,2026-04-11 10:41:00,26.0,2026-04-11 10:53:00,2026-04-11 12:12:00,B14 A,152.0,14.59,10.42,4.75,1.4,79.0
38,2026-04-11,TB1502,2026-04-11 10:55:00,2026-04-11 12:16:00,81.0,2026-04-11 12:39:00,2026-04-11 12:54:00,A63 ,133.0,10.67,12.46,5.31,1.57,15.0
38,2026-04-11,TB1552,2026-04-11 08:29:00,2026-04-11 08:25:00,-4.0,2026-04-11 08:46:00,2026-04-11 08:54:00,A61 ,166.0,11.73,14.15,2.78,3.0,8.0
38,2026-04-11,TB1702,2026-04-11 09:26:00,2026-04-11 09:29:00,3.0,2026-04-11 09:48:00,2026-04-11 09:54:00,A43 ,151.0,12.45,12.12,4.49,1.85,6.0
38,2026-04-11,TB1704,2026-04-11 08:56:00,2026-04-11 08:41:00,-15.0,2026-04-11 09:04:00,2026-04-11 09:09:00,A65 ,147.0,11.78,12.48,4.26,1.96,5.0
38,2026-04-11,TB1756,2026-04-11 10:30:00,2026-04-11 10:37:00,7.0,2026-04-11 10:58:00,2026-04-11 12:09:00,A65 ,164.0,14.05,11.68,4.44,1.88,71.0
38,2026-04-11,TB1758,2026-04-11 10:32:00,2026-04-11 12:40:00,128.0,2026-04-11 13:03:00,2026-04-11 13:08:00,A72 ,142.0,14.2,10.0,5.22,1.6,5.0
38,2026-04-11,TB2031,2026-04-11 07:32:00,2026-04-11 07:08:00,-24.0,2026-04-11 07:24:00,2026-04-11 07:33:00,B30 A,152.0,12.94,11.74,4.65,1.92,9.0
38,2026-04-11,TB2614,2026-04-11 08:39:00,2026-04-11 08:51:00,12.0,2026-04-11 09:10:00,2026-04-11 09:15:00,B9  A,138.0,15.87,8.69,6.59,1.26,5.0
38,2026-04-11,TK1941,2026-04-11 09:30:00,2026-04-11 09:22:00,-8.0,2026-04-11 09:38:00,2026-04-11 09:46:00,B7  A,161.0,14.91,10.8,5.74,1.45,8.0
38,2026-04-11,TP644,2026-04-11 08:11:00,2026-04-11 08:27:00,16.0,2026-04-11 08:46:00,2026-04-11 08:55:00,A53 ,86.0,16.41,5.24,5.59,1.49,9.0
38,2026-04-11,TP646,2026-04-11 10:02:00,2026-04-11 09:56:00,-6.0,2026-04-11 11:20:00,2026-04-11 11:29:00,A45 ,175.0,11.62,15.07,5.57,1.5,9.0
38,2026-04-11,VY1334,2026-04-11 07:06:00,2026-04-11 06:50:00,-16.0,2026-04-11 07:09:00,2026-04-11 07:11:00,A47 ,71.0,12.84,5.53,4.39,1.9,2.0
38,2026-04-11,VY8984,2026-04-11 07:57:00,2026-04-11 07:35:00,-22.0,2026-04-11 07:48:00,2026-04-11 07:50:00,A43 ,54.0,12.78,4.23,5.11,1.63,2.0
39,2026-04-11,BA388,2026-04-11 06:19:00,2026-04-11 05:59:00,-20.0,2026-04-11 06:14:00,2026-04-11 06:18:00,B7  A,90.0,9.6,9.38,4.8,1.74,4.0
39,2026-04-11,FH8116,2026-04-11 12:44:00,2026-04-11 12:48:00,4.0,2026-04-11 13:06:00,2026-04-11 13:13:00,B38 A,140.0,14.94,9.37,4.75,2.46,7.0
39,2026-04-11,HV9078,2026-04-11 10:31:00,2026-04-11 10:29:00,-2.0,2026-04-11 10:47:00,2026-04-11 10:50:00,A42 ,85.0,15.58,5.46,5.07,1.64,3.0
39,2026-04-11,IB1301,2026-04-11 07:06:00,2026-04-11 06:41:00,-25.0,2026-04-11 06:55:00,2026-04-11 07:01:00,A55 ,77.0,12.91,5.96,4.81,1.73,6.0
39,2026-04-11,IB603,2026-04-11 07:11:00,2026-04-11 07:03:00,-8.0,2026-04-11 07:24:00,2026-04-11 07:27:00,A47 ,87.0,9.98,8.72,4.31,1.94,3.0
39,2026-04-11,KM420,2026-04-11 06:21:00,2026-04-11 05:59:00,-22.0,2026-04-11 06:18:00,2026-04-11 06:23:00,A45 ,138.0,15.71,8.78,6.28,1.33,5.0
39,2026-04-11,LO231,2026-04-11 06:41:00,2026-04-11 06:27:00,-14.0,2026-04-11 06:37:00,2026-04-11 06:38:00,A57 ,23.0,11.41,2.02,4.62,1.8,1.0
39,2026-04-11,OS297,2026-04-11 07:15:00,2026-04-11 07:12:00,-3.0,2026-04-11 07:26:00,2026-04-11 07:34:00,A49 ,126.0,12.46,10.12,5.13,1.62,8.0
39,2026-04-11,SK597,2026-04-11 08:00:00,2026-04-11 07:51:00,-9.0,2026-04-11 08:07:00,2026-04-11 08:11:00,A47 ,68.0,16.62,4.09,4.26,1.96,4.0
39,2026-04-11,SN1138,2026-04-11 10:21:00,2026-04-11 10:01:00,-20.0,2026-04-11 10:21:00,2026-04-11 10:24:00,B28 A,87.0,12.01,7.24,5.9,1.36,3.0
39,2026-04-11,SN1574,2026-04-11 07:29:00,2026-04-11 07:17:00,-12.0,2026-04-11 07:50:00,2026-04-11 07:54:00,A49 ,106.0,13.91,7.62,6.76,1.23,4.0
39,2026-04-11,SN2652,2026-04-11 11:01:00,2026-04-11 10:52:00,-9.0,2026-04-11 11:25:00,2026-04-11 11:27:00,A52 ,52.0,13.25,3.92,4.54,1.83,2.0
39,2026-04-11,SN2906,2026-04-11 06:00:00,2026-04-11 05:57:00,-3.0,2026-04-11 06:15:00,2026-04-11 06:19:00,A68 ,33.0,8.52,3.87,4.54,1.84,4.0
39,2026-04-11,SN3132,2026-04-11 08:19:00,2026-04-11 08:24:00,5.0,2026-04-11 08:52:00,2026-04-11 08:56:00,A62 ,115.0,11.76,9.78,4.53,1.84,4.0
39,2026-04-11,SN3182,2026-04-11 06:23:00,2026-04-11 06:40:00,17.0,2026-04-11 06:59:00,2026-04-11 07:03:00,A64 ,82.0,12.86,6.38,4.34,1.92,4.0
39,2026-04-11,SN3344,2026-04-11 06:18:00,2026-04-11 06:23:00,5.0,2026-04-11 06:45:00,2026-04-11 06:47:00,A66 ,41.0,10.79,3.8,4.51,1.85,2.0
39,2026-04-11,SN3738,2026-04-11 06:14:00,2026-04-11 06:01:00,-13.0,2026-04-11 06:16:00,2026-04-11 06:18:00,A46 ,77.0,13.69,5.63,5.24,1.59,2.0
39,2026-04-11,SN3740,2026-04-11 08:13:00,2026-04-11 07:50:00,-23.0,2026-04-11 08:19:00,2026-04-11 08:23:00,A70 ,131.0,12.29,10.66,4.62,1.8,4.0
39,2026-04-11,SN3752,2026-04-11 07:25:00,2026-04-11 07:39:00,14.0,2026-04-11 07:57:00,2026-04-11 08:00:00,A57 ,79.0,12.22,6.47,5.18,1.61,3.0
39,2026-04-11,SN3766,2026-04-11 06:55:00,2026-04-11 06:36:00,-19.0,2026-04-11 07:00:00,2026-04-11 07:05:00,A56 ,129.0,12.78,10.09,3.93,2.12,5.0
39,2026-04-11,SN3768,2026-04-11 07:31:00,2026-04-11 08:38:00,67.0,2026-04-11 08:59:00,2026-04-11 09:07:00,A66 ,129.0,14.11,9.14,4.8,1.73,8.0
39,2026-04-11,SN3774,2026-04-11 10:44:00,2026-04-11 10:30:00,-14.0,2026-04-11 11:02:00,2026-04-11 11:10:00,A72 ,106.0,12.88,8.23,4.34,1.92,8.0
39,2026-04-11,SN3782,2026-04-11 06:34:00,2026-04-11 06:27:00,-7.0,2026-04-11 06:58:00,2026-04-11 08:03:00,A61 ,88.0,9.78,9.0,6.17,1.35,65.0
39,2026-04-11,SN3784,2026-04-11 06:44:00,2026-04-11 06:32:00,-12.0,2026-04-11 08:12:00,2026-04-11 08:22:00,A45 ,113.0,13.98,8.08,4.03,2.07,10.0
39,2026-04-11,SN3806,2026-04-11 09:44:00,2026-04-11 09:37:00,-7.0,2026-04-11 10:02:00,2026-04-11 10:07:00,A54 ,120.0,14.27,8.41,4.07,2.05,5.0
39,2026-04-11,SN3820,2026-04-11 06:46:00,2026-04-11 06:57:00,11.0,2026-04-11 08:22:00,2026-04-11 08:26:00,A65 ,88.0,12.13,7.25,5.16,1.61,4.0
39,2026-04-11,SN3828,2026-04-11 10:54:00,2026-04-11 10:46:00,-8.0,2026-04-11 12:01:00,2026-04-11 12:20:00,A61 ,125.0,12.0,10.42,5.87,1.42,19.0
39,2026-04-11,SN3886,2026-04-11 10:15:00,2026-04-11 10:41:00,26.0,2026-04-11 10:53:00,2026-04-11 12:12:00,B14 A,152.0,15.75,9.65,5.85,1.14,79.0
39,2026-04-11,TB1502,2026-04-11 10:55:00,2026-04-11 12:16:00,81.0,2026-04-11 12:39:00,2026-04-11 12:54:00,A63 ,133.0,9.05,14.69,4.38,1.9,15.0
39,2026-04-11,TB1552,2026-04-11 07:47:00,2026-04-11 07:43:00,-4.0,2026-04-11 07:55:00,2026-04-11 07:59:00,A68 ,66.0,11.71,5.64,4.32,1.93,4.0
39,2026-04-11,TB1702,2026-04-11 09:26:00,2026-04-11 09:29:00,3.0,2026-04-11 09:48:00,2026-04-11 09:54:00,A43 ,151.0,12.69,11.9,4.43,1.88,6.0
39,2026-04-11,TB1704,2026-04-11 08:56:00,2026-04-11 08:41:00,-15.0,2026-04-11 09:04:00,2026-04-11 09:09:00,A65 ,147.0,11.62,12.65,5.57,1.5,5.0
39,2026-04-11,TB1756,2026-04-11 10:30:00,2026-04-11 10:37:00,7.0,2026-04-11 10:58:00,2026-04-11 12:09:00,A65 ,164.0,10.92,15.02,4.78,1.74,71.0
39,2026-04-11,TB1758,2026-04-11 10:32:00,2026-04-11 12:40:00,128.0,2026-04-11 13:03:00,2026-04-11 13:08:00,A72 ,142.0,12.73,11.15,3.79,2.2,5.0
39,2026-04-11,TB2031,2026-04-11 07:32:00,2026-04-11 07:08:00,-24.0,2026-04-11 07:24:00,2026-04-11 07:33:00,B30 A,152.0,13.37,11.37,4.47,2.0,9.0
39,2026-04-11,TB2614,2026-04-11 08:39:00,2026-04-11 08:51:00,12.0,2026-04-11 09:10:00,2026-04-11 09:15:00,B9  A,138.0,12.93,10.67,4.64,1.8,5.0
39,2026-04-11,TK1941,2026-04-11 09:30:00,2026-04-11 09:22:00,-8.0,2026-04-11 09:38:00,2026-04-11 09:46:00,B7  A,161.0,12.41,12.97,5.89,1.42,8.0
39,2026-04-11,TP644,2026-04-11 08:11:00,2026-04-11 08:27:00,16.0,2026-04-11 08:46:00,2026-04-11 08:55:00,A53 ,86.0,11.53,7.46,5.33,1.56,9.0
39,2026-04-11,TP646,2026-04-11 06:01:00,2026-04-11 07:10:00,69.0,2026-04-11 07:24:00,2026-04-11 07:29:00,A59 ,114.0,12.87,8.86,5.12,1.63,5.0
39,2026-04-11,VY1334,2026-04-11 07:06:00,2026-04-11 06:50:00,-16.0,2026-04-11 07:09:00,2026-04-11 07:11:00,A47 ,71.0,14.48,4.9,6.26,1.33,2.0
39,2026-04-11,VY8984,2026-04-11 07:57:00,2026-04-11 07:35:00,-22.0,2026-04-11 07:48:00,2026-04-11 07:50:00,A43 ,54.0,15.92,3.39,6.49,1.28,2.0
40,2026-04-11,BA388,2026-04-11 06:19:00,2026-04-11 05:59:00,-20.0,2026-04-11 06:14:00,2026-04-11 06:18:00,B7  A,90.0,14.34,6.28,4.43,1.88,4.0
40,2026-04-11,FH8116,2026-04-11 06:35:00,2026-04-11 06:00:00,-35.0,2026-04-11 06:07:00,2026-04-11 06:09:00,B15 A,22.0,11.59,1.9,4.81,1.61,2.0
40,2026-04-11,HV9078,2026-04-11 10:31:00,2026-04-11 10:29:00,-2.0,2026-04-11 10:47:00,2026-04-11 10:50:00,A42 ,85.0,11.6,7.33,4.79,1.74,3.0
40,2026-04-11,IB1301,2026-04-11 07:06:00,2026-04-11 06:41:00,-25.0,2026-04-11 06:55:00,2026-04-11 07:01:00,A55 ,77.0,9.97,7.73,4.83,1.73,6.0
40,2026-04-11,IB603,2026-04-11 07:37:00,2026-04-11 07:50:00,13.0,2026-04-11 08:07:00,2026-04-11 08:10:00,A51 ,81.0,11.61,6.98,5.22,1.6,3.0
40,2026-04-11,KM420,2026-04-11 06:21:00,2026-04-11 05:59:00,-22.0,2026-04-11 06:18:00,2026-04-11 06:23:00,A45 ,138.0,14.08,9.8,5.04,1.65,5.0
40,2026-04-11,LO231,2026-04-11 07:42:00,2026-04-11 07:22:00,-20.0,2026-04-11 07:34:00,2026-04-11 07:36:00,A53 ,24.0,11.5,2.09,5.18,1.61,2.0
40,2026-04-11,OS297,2026-04-11 07:15:00,2026-04-11 07:12:00,-3.0,2026-04-11 07:26:00,2026-04-11 07:34:00,A49 ,126.0,12.88,9.78,4.97,1.68,8.0
40,2026-04-11,SK597,2026-04-11 06:57:00,2026-04-11 06:53:00,-4.0,2026-04-11 07:07:00,2026-04-11 07:15:00,A51 ,89.0,9.36,9.51,4.29,1.94,8.0
40,2026-04-11,SN1138,2026-04-11 10:21:00,2026-04-11 10:01:00,-20.0,2026-04-11 10:21:00,2026-04-11 10:24:00,B28 A,87.0,13.36,6.51,3.77,2.12,3.0
40,2026-04-11,SN1574,2026-04-11 07:29:00,2026-04-11 07:17:00,-12.0,2026-04-11 07:50:00,2026-04-11 07:54:00,A49 ,106.0,10.73,9.88,4.58,1.82,4.0
40,2026-04-11,SN2652,2026-04-11 09:14:00,2026-04-11 09:02:00,-12.0,2026-04-11 09:22:00,2026-04-11 09:44:00,A54 ,20.0,13.73,1.46,4.67,1.79,22.0
40,2026-04-11,SN2906,2026-04-11 06:00:00,2026-04-11 05:57:00,-3.0,2026-04-11 06:15:00,2026-04-11 06:19:00,A68 ,33.0,16.56,1.99,6.13,1.36,4.0
40,2026-04-11,SN3132,2026-04-11 08:19:00,2026-04-11 08:24:00,5.0,2026-04-11 08:52:00,2026-04-11 08:56:00,A62 ,115.0,12.88,8.93,3.72,2.24,4.0
40,2026-04-11,SN3182,2026-04-11 06:23:00,2026-04-11 06:40:00,17.0,2026-04-11 06:59:00,2026-04-11 07:03:00,A64 ,82.0,14.31,5.73,6.19,1.35,4.0
40,2026-04-11,SN3344,2026-04-11 06:18:00,2026-04-11 06:23:00,5.0,2026-04-11 06:45:00,2026-04-11 06:47:00,A66 ,41.0,14.72,2.79,4.84,1.72,2.0
40,2026-04-11,SN3738,2026-04-11 11:36:00,2026-04-11 11:50:00,14.0,2026-04-11 13:15:00,2026-04-11 13:20:00,A40 ,116.0,10.53,11.02,5.46,1.53,5.0
40,2026-04-11,SN3740,2026-04-11 08:13:00,2026-04-11 07:50:00,-23.0,2026-04-11 08:19:00,2026-04-11 08:23:00,A70 ,131.0,13.02,10.06,4.4,1.89,4.0
40,2026-04-11,SN3752,2026-04-11 07:14:00,2026-04-11 07:18:00,4.0,2026-04-11 07:40:00,2026-04-11 07:43:00,A40 ,54.0,11.33,4.77,5.7,1.46,3.0
40,2026-04-11,SN3766,2026-04-11 06:55:00,2026-04-11 06:36:00,-19.0,2026-04-11 07:00:00,2026-04-11 07:05:00,A56 ,129.0,13.51,9.55,4.17,2.0,5.0
40,2026-04-11,SN3768,2026-04-11 07:31:00,2026-04-11 08:38:00,67.0,2026-04-11 08:59:00,2026-04-11 09:07:00,A66 ,129.0,13.23,9.75,4.28,1.95,8.0
40,2026-04-11,SN3774,2026-04-11 10:44:00,2026-04-11 10:30:00,-14.0,2026-04-11 11:02:00,2026-04-11 11:10:00,A72 ,106.0,10.99,9.64,4.45,1.87,8.0
40,2026-04-11,SN3782,2026-04-11 11:35:00,2026-04-11 11:27:00,-8.0,2026-04-11 11:43:00,2026-04-11 13:04:00,A60 ,160.0,12.0,13.33,3.96,2.1,81.0
40,2026-04-11,SN3784,2026-04-11 06:44:00,2026-04-11 06:32:00,-12.0,2026-04-11 08:12:00,2026-04-11 08:22:00,A45 ,113.0,15.87,7.12,5.67,1.47,10.0
40,2026-04-11,SN3806,2026-04-11 09:44:00,2026-04-11 09:37:00,-7.0,2026-04-11 10:02:00,2026-04-11 10:07:00,A54 ,120.0,9.23,13.0,4.77,1.75,5.0
40,2026-04-11,SN3820,2026-04-11 08:45:00,2026-04-11 09:03:00,18.0,2026-04-11 09:29:00,2026-04-11 09:32:00,A65 ,77.0,14.78,5.21,6.11,1.36,3.0
40,2026-04-11,SN3828,2026-04-11 10:54:00,2026-04-11 10:46:00,-8.0,2026-04-11 12:01:00,2026-04-11 12:20:00,A61 ,125.0,8.66,14.43,5.48,1.52,19.0
40,2026-04-11,SN3886,2026-04-11 10:15:00,2026-04-11 10:41:00,26.0,2026-04-11 10:53:00,2026-04-11 12:12:00,B14 A,152.0,15.31,9.93,4.38,1.52,79.0
40,2026-04-11,TB1502,2026-04-11 10:55:00,2026-04-11 12:16:00,81.0,2026-04-11 12:39:00,2026-04-11 12:54:00,A63 ,133.0,9.54,13.95,4.83,1.73,15.0
40,2026-04-11,TB1552,2026-04-11 10:15:00,2026-04-11 10:31:00,16.0,2026-04-11 10:50:00,2026-04-11 10:59:00,A69 ,164.0,15.11,10.85,3.91,2.13,9.0
40,2026-04-11,TB1702,2026-04-11 09:26:00,2026-04-11 09:29:00,3.0,2026-04-11 09:48:00,2026-04-11 09:54:00,A43 ,151.0,13.06,11.56,5.27,1.58,6.0
40,2026-04-11,TB1704,2026-04-11 08:56:00,2026-04-11 08:41:00,-15.0,2026-04-11 09:04:00,2026-04-11 09:09:00,A65 ,147.0,14.41,10.2,4.41,1.89,5.0
40,2026-04-11,TB1756,2026-04-11 10:30:00,2026-04-11 10:37:00,7.0,2026-04-11 10:58:00,2026-04-11 12:09:00,A65 ,164.0,13.33,12.31,3.89,2.14,71.0
40,2026-04-11,TB1758,2026-04-11 10:32:00,2026-04-11 12:40:00,128.0,2026-04-11 13:03:00,2026-04-11 13:08:00,A72 ,142.0,9.93,14.31,5.03,1.66,5.0
40,2026-04-11,TB2031,2026-04-11 07:32:00,2026-04-11 07:08:00,-24.0,2026-04-11 07:24:00,2026-04-11 07:33:00,B30 A,152.0,13.41,11.34,4.73,1.89,9.0
40,2026-04-11,TB2614,2026-04-11 08:39:00,2026-04-11 08:51:00,12.0,2026-04-11 09:10:00,2026-04-11 09:15:00,B9  A,138.0,14.21,9.71,4.91,1.7,5.0
40,2026-04-11,TK1941,2026-04-11 09:30:00,2026-04-11 09:22:00,-8.0,2026-04-11 09:38:00,2026-04-11 09:46:00,B7  A,161.0,12.12,13.29,5.1,1.64,8.0
40,2026-04-11,TP644,2026-04-11 07:10:00,2026-04-11 07:04:00,-6.0,2026-04-11 07:24:00,2026-04-11 07:31:00,A53 ,123.0,14.31,8.6,5.74,1.45,7.0
40,2026-04-11,TP646,2026-04-11 08:58:00,2026-04-11 08:50:00,-8.0,2026-04-11 10:28:00,2026-04-11 10:30:00,A44 ,65.0,13.56,4.8,5.81,1.44,2.0
40,2026-04-11,VY1334,2026-04-11 07:06:00,2026-04-11 06:50:00,-16.0,2026-04-11 07:09:00,2026-04-11 07:11:00,A47 ,71.0,10.73,6.62,6.85,1.22,2.0
40,2026-04-11,VY8984,2026-04-11 06:55:00,2026-04-11 07:23:00,28.0,2026-04-11 07:33:00,2026-04-11 07:34:00,A45 ,55.0,12.35,4.45,5.55,1.5,1.0
41,2026-04-11,BA388,2026-04-11 06:19:00,2026-04-11 05:59:00,-20.0,2026-04-11 06:14:00,2026-04-11 06:18:00,B7  A,90.0,11.86,7.59,5.17,1.61,4.0
41,2026-04-11,FH8116,2026-04-11 12:44:00,2026-04-11 12:48:00,4.0,2026-04-11 13:06:00,2026-04-11 13:13:00,B38 A,140.0,10.85,12.9,5.08,2.3,7.0
41,2026-04-11,HV9078,2026-04-11 10:31:00,2026-04-11 10:29:00,-2.0,2026-04-11 10:47:00,2026-04-11 10:50:00,A42 ,85.0,13.67,6.22,3.63,2.3,3.0
41,2026-04-11,IB1301,2026-04-11 07:06:00,2026-04-11 06:41:00,-25.0,2026-04-11 06:55:00,2026-04-11 07:01:00,A55 ,77.0,15.33,5.02,5.58,1.49,6.0
41,2026-04-11,IB603,2026-04-11 07:11:00,2026-04-11 07:03:00,-8.0,2026-04-11 07:24:00,2026-04-11 07:27:00,A47 ,87.0,13.84,6.29,5.23,1.59,3.0
41,2026-04-11,KM420,2026-04-11 06:21:00,2026-04-11 05:59:00,-22.0,2026-04-11 06:18:00,2026-04-11 06:23:00,A45 ,138.0,13.35,10.34,4.35,1.92,5.0
41,2026-04-11,LO231,2026-04-11 06:41:00,2026-04-11 06:27:00,-14.0,2026-04-11 06:37:00,2026-04-11 06:38:00,A57 ,23.0,12.02,1.91,4.67,1.79,1.0
41,2026-04-11,OS297,2026-04-11 07:15:00,2026-04-11 07:12:00,-3.0,2026-04-11 07:26:00,2026-04-11 07:34:00,A49 ,126.0,14.83,8.5,5.51,1.51,8.0
41,2026-04-11,SK597,2026-04-11 08:00:00,2026-04-11 07:51:00,-9.0,2026-04-11 08:07:00,2026-04-11 08:11:00,A47 ,68.0,9.99,6.81,5.92,1.41,4.0
41,2026-04-11,SN1138,2026-04-11 10:21:00,2026-04-11 10:01:00,-20.0,2026-04-11 10:21:00,2026-04-11 10:24:00,B28 A,87.0,8.33,10.44,6.33,1.26,3.0
41,2026-04-11,SN1574,2026-04-11 07:29:00,2026-04-11 07:17:00,-12.0,2026-04-11 07:50:00,2026-04-11 07:54:00,A49 ,106.0,12.55,8.45,4.63,1.8,4.0
41,2026-04-11,SN2652,2026-04-11 07:16:00,2026-04-11 06:58:00,-18.0,2026-04-11 07:08:00,2026-04-11 07:09:00,A51 ,20.0,12.04,1.66,4.55,1.83,1.0
41,2026-04-11,SN2906,2026-04-11 06:00:00,2026-04-11 05:57:00,-3.0,2026-04-11 06:15:00,2026-04-11 06:19:00,A68 ,33.0,13.95,2.37,4.93,1.69,4.0
41,2026-04-11,SN3132,2026-04-11 06:23:00,2026-04-11 06:00:00,-23.0,2026-04-11 06:28:00,2026-04-11 06:32:00,A44 ,109.0,12.79,8.52,4.25,1.96,4.0
41,2026-04-11,SN3182,2026-04-11 07:23:00,2026-04-11 07:13:00,-10.0,2026-04-11 07:38:00,2026-04-11 07:41:00,A64 ,115.0,9.28,12.4,5.33,1.56,3.0
41,2026-04-11,SN3344,2026-04-11 06:18:00,2026-04-11 06:23:00,5.0,2026-04-11 06:45:00,2026-04-11 06:47:00,A66 ,41.0,14.24,2.88,5.31,1.57,2.0
41,2026-04-11,SN3738,2026-04-11 11:36:00,2026-04-11 11:50:00,14.0,2026-04-11 13:15:00,2026-04-11 13:20:00,A40 ,116.0,16.05,7.23,4.84,1.72,5.0
41,2026-04-11,SN3740,2026-04-11 08:13:00,2026-04-11 07:50:00,-23.0,2026-04-11 08:19:00,2026-04-11 08:23:00,A70 ,131.0,14.21,9.22,4.84,1.72,4.0
41,2026-04-11,SN3752,2026-04-11 07:14:00,2026-04-11 07:18:00,4.0,2026-04-11 07:40:00,2026-04-11 07:43:00,A40 ,54.0,10.01,5.39,5.1,1.64,3.0
41,2026-04-11,SN3766,2026-04-11 06:55:00,2026-04-11 06:36:00,-19.0,2026-04-11 07:00:00,2026-04-11 07:05:00,A56 ,129.0,15.42,8.37,3.96,2.1,5.0
41,2026-04-11,SN3768,2026-04-11 07:31:00,2026-04-11 08:38:00,67.0,2026-04-11 08:59:00,2026-04-11 09:07:00,A66 ,129.0,11.35,11.36,5.85,1.42,8.0
41,2026-04-11,SN3774,2026-04-11 10:17:00,2026-04-11 10:10:00,-7.0,2026-04-11 10:31:00,2026-04-11 10:34:00,A52 ,71.0,16.16,4.39,4.72,1.76,3.0
41,2026-04-11,SN3782,2026-04-11 09:34:00,2026-04-11 09:27:00,-7.0,2026-04-11 09:52:00,2026-04-11 09:59:00,A56 ,129.0,11.25,11.47,3.6,2.32,7.0
41,2026-04-11,SN3784,2026-04-11 10:26:00,2026-04-11 10:13:00,-13.0,2026-04-11 10:35:00,2026-04-11 12:01:00,A50 ,134.0,13.8,9.71,4.78,1.74,86.0
41,2026-04-11,SN3806,2026-04-11 09:44:00,2026-04-11 09:37:00,-7.0,2026-04-11 10:02:00,2026-04-11 10:07:00,A54 ,120.0,10.29,11.66,4.18,1.99,5.0
41,2026-04-11,SN3820,2026-04-11 11:50:00,2026-04-11 12:03:00,13.0,2026-04-11 12:22:00,2026-04-11 12:27:00,A44 ,97.0,11.15,8.7,4.51,1.85,5.0
41,2026-04-11,SN3828,2026-04-11 10:54:00,2026-04-11 10:46:00,-8.0,2026-04-11 12:01:00,2026-04-11 12:20:00,A61 ,125.0,14.48,8.63,4.01,2.08,19.0
41,2026-04-11,SN3886,2026-04-11 10:15:00,2026-04-11 10:41:00,26.0,2026-04-11 10:53:00,2026-04-11 12:12:00,B14 A,152.0,15.61,9.74,5.41,1.23,79.0
41,2026-04-11,TB1502,2026-04-11 10:55:00,2026-04-11 12:16:00,81.0,2026-04-11 12:39:00,2026-04-11 12:54:00,A63 ,133.0,10.94,12.16,5.52,1.51,15.0
41,2026-04-11,TB1552,2026-04-11 07:47:00,2026-04-11 07:43:00,-4.0,2026-04-11 07:55:00,2026-04-11 07:59:00,A68 ,66.0,12.09,5.46,5.04,1.65,4.0
41,2026-04-11,TB1702,2026-04-11 09:26:00,2026-04-11 09:29:00,3.0,2026-04-11 09:48:00,2026-04-11 09:54:00,A43 ,151.0,10.78,14.01,5.8,1.44,6.0
41,2026-04-11,TB1704,2026-04-11 08:56:00,2026-04-11 08:41:00,-15.0,2026-04-11 09:04:00,2026-04-11 09:09:00,A65 ,147.0,12.93,11.37,5.61,1.49,5.0
41,2026-04-11,TB1756,2026-04-11 10:30:00,2026-04-11 10:37:00,7.0,2026-04-11 10:58:00,2026-04-11 12:09:00,A65 ,164.0,12.47,13.15,5.28,1.58,71.0
41,2026-04-11,TB1758,2026-04-11 10:32:00,2026-04-11 12:40:00,128.0,2026-04-11 13:03:00,2026-04-11 13:08:00,A72 ,142.0,13.79,10.3,5.18,1.61,5.0
41,2026-04-11,TB2031,2026-04-11 07:32:00,2026-04-11 07:08:00,-24.0,2026-04-11 07:24:00,2026-04-11 07:33:00,B30 A,152.0,12.7,11.97,3.8,2.35,9.0
41,2026-04-11,TB2614,2026-04-11 08:39:00,2026-04-11 08:51:00,12.0,2026-04-11 09:10:00,2026-04-11 09:15:00,B9  A,138.0,13.29,10.38,5.07,1.64,5.0
41,2026-04-11,TK1941,2026-04-11 09:30:00,2026-04-11 09:22:00,-8.0,2026-04-11 09:38:00,2026-04-11 09:46:00,B7  A,161.0,12.9,12.48,5.0,1.67,8.0
41,2026-04-11,TP644,2026-04-11 07:10:00,2026-04-11 07:04:00,-6.0,2026-04-11 07:24:00,2026-04-11 07:31:00,A53 ,123.0,10.94,11.24,5.88,1.42,7.0
41,2026-04-11,TP646,2026-04-11 10:02:00,2026-04-11 09:56:00,-6.0,2026-04-11 11:20:00,2026-04-11 11:29:00,A45 ,175.0,12.92,13.55,4.95,1.68,9.0
41,2026-04-11,VY1334,2026-04-11 07:06:00,2026-04-11 06:50:00,-16.0,2026-04-11 07:09:00,2026-04-11 07:11:00,A47 ,71.0,14.97,4.74,5.67,1.47,2.0
41,2026-04-11,VY8984,2026-04-11 07:57:00,2026-04-11 07:35:00,-22.0,2026-04-11 07:48:00,2026-04-11 07:50:00,A43 ,54.0,14.35,3.76,4.5,1.85,2.0
42,2026-04-11,BA388,2026-04-11 06:19:00,2026-04-11 05:59:00,-20.0,2026-04-11 06:14:00,2026-04-11 06:18:00,B7  A,90.0,12.4,7.26,4.72,1.77,4.0
42,2026-04-11,FH8116,2026-04-11 06:35:00,2026-04-11 06:00:00,-35.0,2026-04-11 06:07:00,2026-04-11 06:09:00,B15 A,22.0,13.43,1.64,3.7,2.09,2.0
42,2026-04-11,HV9078,2026-04-11 10:31:00,2026-04-11 10:29:00,-2.0,2026-04-11 10:47:00,2026-04-11 10:50:00,A42 ,85.0,13.87,6.13,5.46,1.53,3.0
42,2026-04-11,IB1301,2026-04-11 06:06:00,2026-04-11 08:18:00,132.0,2026-04-11 08:38:00,2026-04-11 08:41:00,A61 ,70.0,11.26,6.22,4.51,1.85,3.0
42,2026-04-11,IB603,2026-04-11 10:37:00,2026-04-11 10:16:00,-21.0,2026-04-11 10:34:00,2026-04-11 10:46:00,A45 ,94.0,15.07,6.24,4.41,1.89,12.0
42,2026-04-11,KM420,2026-04-11 06:21:00,2026-04-11 05:59:00,-22.0,2026-04-11 06:18:00,2026-04-11 06:23:00,A45 ,138.0,12.07,11.43,5.85,1.42,5.0
42,2026-04-11,LO231,2026-04-11 10:41:00,2026-04-11 10:45:00,4.0,2026-04-11 11:07:00,2026-04-11 11:09:00,A53 ,33.0,9.75,3.39,4.9,1.7,2.0
42,2026-04-11,OS297,2026-04-11 06:16:00,2026-04-11 06:07:00,-9.0,2026-04-11 06:21:00,2026-04-11 06:24:00,A43 ,85.0,10.58,8.03,4.69,1.78,3.0
42,2026-04-11,SK597,2026-04-11 08:00:00,2026-04-11 07:51:00,-9.0,2026-04-11 08:07:00,2026-04-11 08:11:00,A47 ,68.0,9.91,6.86,4.62,1.8,4.0
42,2026-04-11,SN1138,2026-04-11 10:21:00,2026-04-11 10:01:00,-20.0,2026-04-11 10:21:00,2026-04-11 10:24:00,B28 A,87.0,11.09,7.85,4.49,1.78,3.0
42,2026-04-11,SN1574,2026-04-11 07:29:00,2026-04-11 07:17:00,-12.0,2026-04-11 07:50:00,2026-04-11 07:54:00,A49 ,106.0,12.01,8.83,3.63,2.3,4.0
42,2026-04-11,SN2652,2026-04-11 11:01:00,2026-04-11 10:52:00,-9.0,2026-04-11 11:25:00,2026-04-11 11:27:00,A52 ,52.0,12.54,4.15,6.18,1.35,2.0
42,2026-04-11,SN2906,2026-04-11 06:58:00,2026-04-11 06:45:00,-13.0,2026-04-11 06:56:00,2026-04-11 06:59:00,A46 ,52.0,12.32,4.22,5.1,1.63,3.0
42,2026-04-11,SN3132,2026-04-11 06:23:00,2026-04-11 06:00:00,-23.0,2026-04-11 06:28:00,2026-04-11 06:32:00,A44 ,109.0,12.51,8.71,3.74,2.23,4.0
42,2026-04-11,SN3182,2026-04-11 07:23:00,2026-04-11 07:13:00,-10.0,2026-04-11 07:38:00,2026-04-11 07:41:00,A64 ,115.0,11.14,10.32,4.25,1.96,3.0
42,2026-04-11,SN3344,2026-04-11 07:21:00,2026-04-11 07:10:00,-11.0,2026-04-11 07:27:00,2026-04-11 07:29:00,A59 ,37.0,12.7,2.91,4.79,1.74,2.0
42,2026-04-11,SN3738,2026-04-11 10:16:00,2026-04-11 10:11:00,-5.0,2026-04-11 10:34:00,2026-04-11 10:38:00,A68 ,101.0,13.92,7.26,5.06,1.65,4.0
42,2026-04-11,SN3740,2026-04-11 08:13:00,2026-04-11 07:50:00,-23.0,2026-04-11 08:19:00,2026-04-11 08:23:00,A70 ,131.0,13.18,9.94,3.84,2.17,4.0
42,2026-04-11,SN3752,2026-04-11 07:14:00,2026-04-11 07:18:00,4.0,2026-04-11 07:40:00,2026-04-11 07:43:00,A40 ,54.0,9.46,5.71,4.3,1.94,3.0
42,2026-04-11,SN3766,2026-04-11 06:55:00,2026-04-11 06:36:00,-19.0,2026-04-11 07:00:00,2026-04-11 07:05:00,A56 ,129.0,10.16,12.7,5.88,1.42,5.0
42,2026-04-11,SN3768,2026-04-11 07:31:00,2026-04-11 08:38:00,67.0,2026-04-11 08:59:00,2026-04-11 09:07:00,A66 ,129.0,10.77,11.98,4.68,1.78,8.0
42,2026-04-11,SN3774,2026-04-11 10:44:00,2026-04-11 10:30:00,-14.0,2026-04-11 11:02:00,2026-04-11 11:10:00,A72 ,106.0,11.31,9.38,5.77,1.44,8.0
42,2026-04-11,SN3782,2026-04-11 09:41:00,2026-04-11 10:02:00,21.0,2026-04-11 10:28:00,2026-04-11 10:41:00,A40 ,138.0,15.45,8.93,5.89,1.41,13.0
42,2026-04-11,SN3784,2026-04-11 06:44:00,2026-04-11 06:32:00,-12.0,2026-04-11 08:12:00,2026-04-11 08:22:00,A45 ,113.0,11.37,9.94,4.4,1.9,10.0
42,2026-04-11,SN3806,2026-04-11 09:44:00,2026-04-11 09:37:00,-7.0,2026-04-11 10:02:00,2026-04-11 10:07:00,A54 ,120.0,12.32,9.74,5.43,1.54,5.0
42,2026-04-11,SN3820,2026-04-11 10:45:00,2026-04-11 11:02:00,17.0,2026-04-11 11:28:00,2026-04-11 11:32:00,A50 ,84.0,8.76,9.59,6.19,1.35,4.0
42,2026-04-11,SN3828,2026-04-11 10:54:00,2026-04-11 10:46:00,-8.0,2026-04-11 12:01:00,2026-04-11 12:20:00,A61 ,125.0,13.24,9.44,4.58,1.82,19.0
42,2026-04-11,SN3886,2026-04-11 10:15:00,2026-04-11 10:41:00,26.0,2026-04-11 10:53:00,2026-04-11 12:12:00,B14 A,152.0,14.84,10.24,4.26,1.56,79.0
42,2026-04-11,TB1502,2026-04-11 10:55:00,2026-04-11 12:16:00,81.0,2026-04-11 12:39:00,2026-04-11 12:54:00,A63 ,133.0,11.44,11.62,4.19,1.99,15.0
42,2026-04-11,TB1552,2026-04-11 08:29:00,2026-04-11 08:25:00,-4.0,2026-04-11 08:46:00,2026-04-11 08:54:00,A61 ,166.0,13.62,12.19,6.0,1.39,8.0
42,2026-04-11,TB1702,2026-04-11 09:26:00,2026-04-11 09:29:00,3.0,2026-04-11 09:48:00,2026-04-11 09:54:00,A43 ,151.0,12.18,12.4,3.97,2.1,6.0
42,2026-04-11,TB1704,2026-04-11 08:56:00,2026-04-11 08:41:00,-15.0,2026-04-11 09:04:00,2026-04-11 09:09:00,A65 ,147.0,13.54,10.86,5.29,1.57,5.0
42,2026-04-11,TB1756,2026-04-11 10:30:00,2026-04-11 10:37:00,7.0,2026-04-11 10:58:00,2026-04-11 12:09:00,A65 ,164.0,13.45,12.2,4.53,1.84,71.0
42,2026-04-11,TB1758,2026-04-11 10:32:00,2026-04-11 12:40:00,128.0,2026-04-11 13:03:00,2026-04-11 13:08:00,A72 ,142.0,9.16,15.5,6.01,1.39,5.0
42,2026-04-11,TB2031,2026-04-11 07:32:00,2026-04-11 07:08:00,-24.0,2026-04-11 07:24:00,2026-04-11 07:33:00,B30 A,152.0,13.58,11.2,5.51,1.62,9.0
42,2026-04-11,TB2614,2026-04-11 08:39:00,2026-04-11 08:51:00,12.0,2026-04-11 09:10:00,2026-04-11 09:15:00,B9  A,138.0,8.51,16.22,3.53,2.36,5.0
42,2026-04-11,TK1941,2026-04-11 09:30:00,2026-04-11 09:22:00,-8.0,2026-04-11 09:38:00,2026-04-11 09:46:00,B7  A,161.0,15.67,10.28,5.19,1.61,8.0
42,2026-04-11,TP644,2026-04-11 07:10:00,2026-04-11 07:04:00,-6.0,2026-04-11 07:24:00,2026-04-11 07:31:00,A53 ,123.0,16.43,7.49,4.08,2.04,7.0
42,2026-04-11,TP646,2026-04-11 08:01:00,2026-04-11 09:30:00,89.0,2026-04-11 09:51:00,2026-04-11 09:56:00,A59 ,107.0,12.51,8.56,5.87,1.42,5.0
42,2026-04-11,VY1334,2026-04-11 07:06:00,2026-04-11 06:50:00,-16.0,2026-04-11 07:09:00,2026-04-11 07:11:00,A47 ,71.0,11.6,6.12,5.34,1.56,2.0
42,2026-04-11,VY8984,2026-04-11 06:55:00,2026-04-11 07:23:00,28.0,2026-04-11 07:33:00,2026-04-11 07:34:00,A45 ,55.0,11.52,4.78,4.01,2.08,1.0
43,2026-04-11,BA388,2026-04-11 06:19:00,2026-04-11 05:59:00,-20.0,2026-04-11 06:14:00,2026-04-11 06:18:00,B7  A,90.0,13.11,6.87,4.12,2.02,4.0
43,2026-04-11,FH8116,2026-04-11 06:35:00,2026-04-11 06:00:00,-35.0,2026-04-11 06:07:00,2026-04-11 06:09:00,B15 A,22.0,15.88,1.39,4.44,1.74,2.0
43,2026-04-11,HV9078,2026-04-11 10:31:00,2026-04-11 10:29:00,-2.0,2026-04-11 10:47:00,2026-04-11 10:50:00,A42 ,85.0,9.05,9.39,4.0,2.08,3.0
43,2026-04-11,IB1301,2026-04-11 07:06:00,2026-04-11 06:41:00,-25.0,2026-04-11 06:55:00,2026-04-11 07:01:00,A55 ,77.0,12.34,6.24,4.95,1.68,6.0
43,2026-04-11,IB603,2026-04-11 10:37:00,2026-04-11 10:16:00,-21.0,2026-04-11 10:34:00,2026-04-11 10:46:00,A45 ,94.0,16.45,5.71,5.81,1.43,12.0
43,2026-04-11,KM420,2026-04-11 07:21:00,2026-04-11 06:52:00,-29.0,2026-04-11 07:07:00,2026-04-11 07:20:00,A62 ,167.0,14.84,11.26,4.24,1.97,13.0
43,2026-04-11,LO231,2026-04-11 09:41:00,2026-04-11 09:36:00,-5.0,2026-04-11 09:51:00,2026-04-11 09:53:00,A53 ,54.0,10.64,5.08,4.89,1.7,2.0
43,2026-04-11,OS297,2026-04-11 06:16:00,2026-04-11 06:07:00,-9.0,2026-04-11 06:21:00,2026-04-11 06:24:00,A43 ,85.0,12.35,6.88,5.05,1.65,3.0
43,2026-04-11,SK597,2026-04-11 08:00:00,2026-04-11 07:51:00,-9.0,2026-04-11 08:07:00,2026-04-11 08:11:00,A47 ,68.0,10.65,6.39,6.1,1.37,4.0
43,2026-04-11,SN1138,2026-04-11 10:21:00,2026-04-11 10:01:00,-20.0,2026-04-11 10:21:00,2026-04-11 10:24:00,B28 A,87.0,13.87,6.27,5.02,1.59,3.0
43,2026-04-11,SN1574,2026-04-11 07:29:00,2026-04-11 07:17:00,-12.0,2026-04-11 07:50:00,2026-04-11 07:54:00,A49 ,106.0,10.32,10.28,3.16,2.64,4.0
43,2026-04-11,SN2652,2026-04-11 09:59:00,2026-04-11 09:45:00,-14.0,2026-04-11 10:08:00,2026-04-11 10:11:00,A60 ,89.0,11.46,7.77,4.16,2.0,3.0
43,2026-04-11,SN2906,2026-04-11 06:58:00,2026-04-11 06:45:00,-13.0,2026-04-11 06:56:00,2026-04-11 06:59:00,A46 ,52.0,16.33,3.18,4.61,1.81,3.0
43,2026-04-11,SN3132,2026-04-11 08:19:00,2026-04-11 08:24:00,5.0,2026-04-11 08:52:00,2026-04-11 08:56:00,A62 ,115.0,14.91,7.71,4.43,1.88,4.0
43,2026-04-11,SN3182,2026-04-11 07:23:00,2026-04-11 07:13:00,-10.0,2026-04-11 07:38:00,2026-04-11 07:41:00,A64 ,115.0,9.08,12.67,4.38,1.9,3.0
43,2026-04-11,SN3344,2026-04-11 06:18:00,2026-04-11 06:23:00,5.0,2026-04-11 06:45:00,2026-04-11 06:47:00,A66 ,41.0,11.44,3.58,4.12,2.02,2.0
43,2026-04-11,SN3738,2026-04-11 10:16:00,2026-04-11 10:11:00,-5.0,2026-04-11 10:34:00,2026-04-11 10:38:00,A68 ,101.0,13.8,7.32,4.36,1.91,4.0
43,2026-04-11,SN3740,2026-04-11 08:13:00,2026-04-11 07:50:00,-23.0,2026-04-11 08:19:00,2026-04-11 08:23:00,A70 ,131.0,9.67,13.54,5.17,1.61,4.0
43,2026-04-11,SN3752,2026-04-11 07:25:00,2026-04-11 07:39:00,14.0,2026-04-11 07:57:00,2026-04-11 08:00:00,A57 ,79.0,9.02,8.76,4.56,1.83,3.0
43,2026-04-11,SN3766,2026-04-11 06:55:00,2026-04-11 06:36:00,-19.0,2026-04-11 07:00:00,2026-04-11 07:05:00,A56 ,129.0,13.44,9.6,6.15,1.36,5.0
43,2026-04-11,SN3768,2026-04-11 07:31:00,2026-04-11 08:38:00,67.0,2026-04-11 08:59:00,2026-04-11 09:07:00,A66 ,129.0,11.88,10.86,5.62,1.48,8.0
43,2026-04-11,SN3774,2026-04-11 10:17:00,2026-04-11 10:10:00,-7.0,2026-04-11 10:31:00,2026-04-11 10:34:00,A52 ,71.0,12.19,5.82,5.34,1.56,3.0
43,2026-04-11,SN3782,2026-04-11 10:36:00,2026-04-11 12:13:00,97.0,2026-04-11 12:42:00,2026-04-11 12:49:00,A55 ,135.0,13.54,9.97,5.78,1.44,7.0
43,2026-04-11,SN3784,2026-04-11 10:26:00,2026-04-11 10:13:00,-13.0,2026-04-11 10:35:00,2026-04-11 12:01:00,A50 ,134.0,10.71,12.51,4.69,1.78,86.0
43,2026-04-11,SN3806,2026-04-11 09:44:00,2026-04-11 09:37:00,-7.0,2026-04-11 10:02:00,2026-04-11 10:07:00,A54 ,120.0,15.92,7.54,4.7,1.77,5.0
43,2026-04-11,SN3820,2026-04-11 08:45:00,2026-04-11 10:48:00,123.0,2026-04-11 11:16:00,2026-04-11 11:19:00,A46 ,84.0,12.95,6.49,5.59,1.49,3.0
43,2026-04-11,SN3828,2026-04-11 10:54:00,2026-04-11 10:46:00,-8.0,2026-04-11 12:01:00,2026-04-11 12:20:00,A61 ,125.0,13.46,9.28,4.32,1.93,19.0
43,2026-04-11,SN3886,2026-04-11 10:15:00,2026-04-11 10:41:00,26.0,2026-04-11 10:53:00,2026-04-11 12:12:00,B14 A,152.0,15.05,10.1,5.75,1.16,79.0
43,2026-04-11,TB1502,2026-04-11 10:55:00,2026-04-11 12:16:00,81.0,2026-04-11 12:39:00,2026-04-11 12:54:00,A63 ,133.0,14.88,8.94,4.96,1.68,15.0
43,2026-04-11,TB1552,2026-04-11 07:15:00,2026-04-11 07:08:00,-7.0,2026-04-11 07:38:00,2026-04-11 07:45:00,A61 ,152.0,12.15,12.51,5.35,1.56,7.0
43,2026-04-11,TB1702,2026-04-11 09:26:00,2026-04-11 09:29:00,3.0,2026-04-11 09:48:00,2026-04-11 09:54:00,A43 ,151.0,12.02,12.56,4.65,1.79,6.0
43,2026-04-11,TB1704,2026-04-11 08:56:00,2026-04-11 08:41:00,-15.0,2026-04-11 09:04:00,2026-04-11 09:09:00,A65 ,147.0,16.11,9.12,4.21,1.98,5.0
43,2026-04-11,TB1756,2026-04-11 10:30:00,2026-04-11 10:37:00,7.0,2026-04-11 10:58:00,2026-04-11 12:09:00,A65 ,164.0,16.37,10.02,6.48,1.29,71.0
43,2026-04-11,TB1758,2026-04-11 10:32:00,2026-04-11 12:40:00,128.0,2026-04-11 13:03:00,2026-04-11 13:08:00,A72 ,142.0,12.47,11.39,5.18,1.61,5.0
43,2026-04-11,TB2031,2026-04-11 07:32:00,2026-04-11 07:08:00,-24.0,2026-04-11 07:24:00,2026-04-11 07:33:00,B30 A,152.0,12.37,12.29,3.85,2.31,9.0
43,2026-04-11,TB2614,2026-04-11 08:39:00,2026-04-11 08:51:00,12.0,2026-04-11 09:10:00,2026-04-11 09:15:00,B9  A,138.0,12.72,10.85,4.98,1.67,5.0
43,2026-04-11,TK1941,2026-04-11 09:30:00,2026-04-11 09:22:00,-8.0,2026-04-11 09:38:00,2026-04-11 09:46:00,B7  A,161.0,12.9,12.48,6.36,1.31,8.0
43,2026-04-11,TP644,2026-04-11 07:10:00,2026-04-11 07:04:00,-6.0,2026-04-11 07:24:00,2026-04-11 07:31:00,A53 ,123.0,12.05,10.21,4.73,1.76,7.0
43,2026-04-11,TP646,2026-04-11 08:01:00,2026-04-11 09:30:00,89.0,2026-04-11 09:51:00,2026-04-11 09:56:00,A59 ,107.0,10.07,10.63,4.47,1.86,5.0
43,2026-04-11,VY1334,2026-04-11 07:06:00,2026-04-11 06:50:00,-16.0,2026-04-11 07:09:00,2026-04-11 07:11:00,A47 ,71.0,13.44,5.28,4.34,1.92,2.0
43,2026-04-11,VY8984,2026-04-11 06:55:00,2026-04-11 07:23:00,28.0,2026-04-11 07:33:00,2026-04-11 07:34:00,A45 ,55.0,10.41,5.28,4.36,1.91,1.0
44,2026-04-11,BA388,2026-04-11 06:19:00,2026-04-11 05:59:00,-20.0,2026-04-11 06:14:00,2026-04-11 06:18:00,B7  A,90.0,15.36,5.86,4.5,1.85,4.0
44,2026-04-11,FH8116,2026-04-11 12:44:00,2026-04-11 12:48:00,4.0,2026-04-11 13:06:00,2026-04-11 13:13:00,B38 A,140.0,11.41,12.27,5.39,2.17,7.0
44,2026-04-11,HV9078,2026-04-11 10:31:00,2026-04-11 10:29:00,-2.0,2026-04-11 10:47:00,2026-04-11 10:50:00,A42 ,85.0,10.76,7.9,5.32,1.57,3.0
44,2026-04-11,IB1301,2026-04-11 07:06:00,2026-04-11 06:41:00,-25.0,2026-04-11 06:55:00,2026-04-11 07:01:00,A55 ,77.0,12.35,6.24,4.9,1.7,6.0
44,2026-04-11,IB603,2026-04-11 10:37:00,2026-04-11 10:16:00,-21.0,2026-04-11 10:34:00,2026-04-11 10:46:00,A45 ,94.0,9.78,9.61,4.3,1.94,12.0
44,2026-04-11,KM420,2026-04-11 07:21:00,2026-04-11 06:52:00,-29.0,2026-04-11 07:07:00,2026-04-11 07:20:00,A62 ,167.0,15.5,10.77,4.42,1.88,13.0
44,2026-04-11,LO231,2026-04-11 06:41:00,2026-04-11 06:27:00,-14.0,2026-04-11 06:37:00,2026-04-11 06:38:00,A57 ,23.0,13.74,1.67,4.73,1.76,1.0
44,2026-04-11,OS297,2026-04-11 07:15:00,2026-04-11 07:12:00,-3.0,2026-04-11 07:26:00,2026-04-11 07:34:00,A49 ,126.0,14.37,8.77,6.48,1.29,8.0
44,2026-04-11,SK597,2026-04-11 08:00:00,2026-04-11 07:51:00,-9.0,2026-04-11 08:07:00,2026-04-11 08:11:00,A47 ,68.0,11.7,5.81,4.78,1.74,4.0
44,2026-04-11,SN1138,2026-04-11 10:21:00,2026-04-11 10:01:00,-20.0,2026-04-11 10:21:00,2026-04-11 10:24:00,B28 A,87.0,13.33,6.53,5.29,1.51,3.0
44,2026-04-11,SN1574,2026-04-11 07:29:00,2026-04-11 07:17:00,-12.0,2026-04-11 07:50:00,2026-04-11 07:54:00,A49 ,106.0,11.68,9.08,5.02,1.66,4.0
44,2026-04-11,SN2652,2026-04-11 09:59:00,2026-04-11 09:45:00,-14.0,2026-04-11 10:08:00,2026-04-11 10:11:00,A60 ,89.0,9.81,9.08,4.77,1.75,3.0
44,2026-04-11,SN2906,2026-04-11 08:01:00,2026-04-11 07:53:00,-8.0,2026-04-11 08:10:00,2026-04-11 08:13:00,A50 ,57.0,10.67,5.34,4.75,1.75,3.0
44,2026-04-11,SN3132,2026-04-11 08:19:00,2026-04-11 08:24:00,5.0,2026-04-11 08:52:00,2026-04-11 08:56:00,A62 ,115.0,12.11,9.49,3.83,2.18,4.0
44,2026-04-11,SN3182,2026-04-11 06:23:00,2026-04-11 06:40:00,17.0,2026-04-11 06:59:00,2026-04-11 07:03:00,A64 ,82.0,10.92,7.51,5.81,1.44,4.0
44,2026-04-11,SN3344,2026-04-11 06:18:00,2026-04-11 06:23:00,5.0,2026-04-11 06:45:00,2026-04-11 06:47:00,A66 ,41.0,14.65,2.8,5.99,1.39,2.0
44,2026-04-11,SN3738,2026-04-11 08:14:00,2026-04-11 10:18:00,124.0,2026-04-11 10:49:00,2026-04-11 10:54:00,A64 ,113.0,12.04,9.39,6.53,1.28,5.0
44,2026-04-11,SN3740,2026-04-11 08:13:00,2026-04-11 07:50:00,-23.0,2026-04-11 08:19:00,2026-04-11 08:23:00,A70 ,131.0,13.29,9.86,3.68,2.26,4.0
44,2026-04-11,SN3752,2026-04-11 07:25:00,2026-04-11 07:39:00,14.0,2026-04-11 07:57:00,2026-04-11 08:00:00,A57 ,79.0,11.86,6.66,5.21,1.6,3.0
44,2026-04-11,SN3766,2026-04-11 06:55:00,2026-04-11 06:36:00,-19.0,2026-04-11 07:00:00,2026-04-11 07:05:00,A56 ,129.0,11.83,10.91,4.69,1.78,5.0
44,2026-04-11,SN3768,2026-04-11 07:31:00,2026-04-11 08:38:00,67.0,2026-04-11 08:59:00,2026-04-11 09:07:00,A66 ,129.0,10.42,12.37,5.11,1.63,8.0
44,2026-04-11,SN3774,2026-04-11 10:44:00,2026-04-11 10:30:00,-14.0,2026-04-11 11:02:00,2026-04-11 11:10:00,A72 ,106.0,13.33,7.95,5.28,1.58,8.0
44,2026-04-11,SN3782,2026-04-11 10:36:00,2026-04-11 12:13:00,97.0,2026-04-11 12:42:00,2026-04-11 12:49:00,A55 ,135.0,11.97,11.28,4.01,2.08,7.0
44,2026-04-11,SN3784,2026-04-11 06:44:00,2026-04-11 06:32:00,-12.0,2026-04-11 08:12:00,2026-04-11 08:22:00,A45 ,113.0,9.66,11.7,4.04,2.06,10.0
44,2026-04-11,SN3806,2026-04-11 09:44:00,2026-04-11 09:37:00,-7.0,2026-04-11 10:02:00,2026-04-11 10:07:00,A54 ,120.0,12.34,9.73,5.12,1.63,5.0
44,2026-04-11,SN3820,2026-04-11 06:45:00,2026-04-11 07:04:00,19.0,2026-04-11 07:29:00,2026-04-11 07:32:00,A40 ,59.0,11.84,4.98,6.86,1.21,3.0
44,2026-04-11,SN3828,2026-04-11 10:54:00,2026-04-11 10:46:00,-8.0,2026-04-11 12:01:00,2026-04-11 12:20:00,A61 ,125.0,13.15,9.51,4.1,2.03,19.0
44,2026-04-11,SN3886,2026-04-11 10:15:00,2026-04-11 10:41:00,26.0,2026-04-11 10:53:00,2026-04-11 12:12:00,B14 A,152.0,16.25,9.36,5.56,1.2,79.0
44,2026-04-11,TB1502,2026-04-11 10:55:00,2026-04-11 12:16:00,81.0,2026-04-11 12:39:00,2026-04-11 12:54:00,A63 ,133.0,11.18,11.9,5.51,1.51,15.0
44,2026-04-11,TB1552,2026-04-11 07:15:00,2026-04-11 07:08:00,-7.0,2026-04-11 07:38:00,2026-04-11 07:45:00,A61 ,152.0,13.5,11.26,4.58,1.82,7.0
44,2026-04-11,TB1702,2026-04-11 09:26:00,2026-04-11 09:29:00,3.0,2026-04-11 09:48:00,2026-04-11 09:54:00,A43 ,151.0,10.82,13.96,4.89,1.7,6.0
44,2026-04-11,TB1704,2026-04-11 08:56:00,2026-04-11 08:41:00,-15.0,2026-04-11 09:04:00,2026-04-11 09:09:00,A65 ,147.0,13.75,10.69,4.21,1.98,5.0
44,2026-04-11,TB1756,2026-04-11 10:30:00,2026-04-11 10:37:00,7.0,2026-04-11 10:58:00,2026-04-11 12:09:00,A65 ,164.0,14.12,11.61,5.35,1.56,71.0
44,2026-04-11,TB1758,2026-04-11 10:32:00,2026-04-11 12:40:00,128.0,2026-04-11 13:03:00,2026-04-11 13:08:00,A72 ,142.0,13.05,10.88,4.69,1.78,5.0
44,2026-04-11,TB2031,2026-04-11 07:32:00,2026-04-11 07:08:00,-24.0,2026-04-11 07:24:00,2026-04-11 07:33:00,B30 A,152.0,15.76,9.64,5.19,1.72,9.0
44,2026-04-11,TB2614,2026-04-11 08:39:00,2026-04-11 08:51:00,12.0,2026-04-11 09:10:00,2026-04-11 09:15:00,B9  A,138.0,11.36,12.14,5.09,1.64,5.0
44,2026-04-11,TK1941,2026-04-11 09:30:00,2026-04-11 09:22:00,-8.0,2026-04-11 09:38:00,2026-04-11 09:46:00,B7  A,161.0,13.21,12.19,4.76,1.75,8.0
44,2026-04-11,TP644,2026-04-11 07:10:00,2026-04-11 07:04:00,-6.0,2026-04-11 07:24:00,2026-04-11 07:31:00,A53 ,123.0,11.22,10.96,4.84,1.72,7.0
44,2026-04-11,TP646,2026-04-11 08:01:00,2026-04-11 09:30:00,89.0,2026-04-11 09:51:00,2026-04-11 09:56:00,A59 ,107.0,14.08,7.6,4.76,1.75,5.0
44,2026-04-11,VY1334,2026-04-11 07:06:00,2026-04-11 06:50:00,-16.0,2026-04-11 07:09:00,2026-04-11 07:11:00,A47 ,71.0,10.48,6.78,4.62,1.8,2.0
44,2026-04-11,VY8984,2026-04-11 06:55:00,2026-04-11 07:23:00,28.0,2026-04-11 07:33:00,2026-04-11 07:34:00,A45 ,55.0,15.22,3.61,5.13,1.62,1.0
45,2026-04-11,BA388,2026-04-11 06:19:00,2026-04-11 05:59:00,-20.0,2026-04-11 06:14:00,2026-04-11 06:18:00,B7  A,90.0,10.34,8.7,4.3,1.94,4.0
45,2026-04-11,FH8116,2026-04-11 12:44:00,2026-04-11 12:48:00,4.0,2026-04-11 13:06:00,2026-04-11 13:13:00,B38 A,140.0,12.07,11.6,5.09,2.29,7.0
45,2026-04-11,HV9078,2026-04-11 10:31:00,2026-04-11 10:29:00,-2.0,2026-04-11 10:47:00,2026-04-11 10:50:00,A42 ,85.0,12.88,6.6,5.46,1.52,3.0
45,2026-04-11,IB1301,2026-04-11 06:06:00,2026-04-11 08:18:00,132.0,2026-04-11 08:38:00,2026-04-11 08:41:00,A61 ,70.0,12.47,5.61,4.87,1.71,3.0
45,2026-04-11,IB603,2026-04-11 10:37:00,2026-04-11 10:16:00,-21.0,2026-04-11 10:34:00,2026-04-11 10:46:00,A45 ,94.0,11.56,8.13,5.02,1.66,12.0
45,2026-04-11,KM420,2026-04-11 07:21:00,2026-04-11 06:52:00,-29.0,2026-04-11 07:07:00,2026-04-11 07:20:00,A62 ,167.0,15.04,11.1,4.99,1.67,13.0
45,2026-04-11,LO231,2026-04-11 10:41:00,2026-04-11 10:45:00,4.0,2026-04-11 11:07:00,2026-04-11 11:09:00,A53 ,33.0,9.44,3.5,5.72,1.46,2.0
45,2026-04-11,OS297,2026-04-11 07:15:00,2026-04-11 07:12:00,-3.0,2026-04-11 07:26:00,2026-04-11 07:34:00,A49 ,126.0,10.5,12.0,4.86,1.71,8.0
45,2026-04-11,SK597,2026-04-11 06:57:00,2026-04-11 06:53:00,-4.0,2026-04-11 07:07:00,2026-04-11 07:15:00,A51 ,89.0,12.78,6.97,4.09,2.04,8.0
45,2026-04-11,SN1138,2026-04-11 10:21:00,2026-04-11 10:01:00,-20.0,2026-04-11 10:21:00,2026-04-11 10:24:00,B28 A,87.0,13.65,6.37,5.06,1.58,3.0
45,2026-04-11,SN1574,2026-04-11 07:29:00,2026-04-11 07:17:00,-12.0,2026-04-11 07:50:00,2026-04-11 07:54:00,A49 ,106.0,12.29,8.62,6.12,1.36,4.0
45,2026-04-11,SN2652,2026-04-11 09:59:00,2026-04-11 09:45:00,-14.0,2026-04-11 10:08:00,2026-04-11 10:11:00,A60 ,89.0,12.8,6.95,4.52,1.84,3.0
45,2026-04-11,SN2906,2026-04-11 06:58:00,2026-04-11 06:45:00,-13.0,2026-04-11 06:56:00,2026-04-11 06:59:00,A46 ,52.0,16.47,3.16,5.03,1.66,3.0
45,2026-04-11,SN3132,2026-04-11 06:23:00,2026-04-11 06:00:00,-23.0,2026-04-11 06:28:00,2026-04-11 06:32:00,A44 ,109.0,10.63,10.25,6.6,1.26,4.0
45,2026-04-11,SN3182,2026-04-11 07:23:00,2026-04-11 07:13:00,-10.0,2026-04-11 07:38:00,2026-04-11 07:41:00,A64 ,115.0,11.45,10.04,4.94,1.69,3.0
45,2026-04-11,SN3344,2026-04-11 07:21:00,2026-04-11 07:10:00,-11.0,2026-04-11 07:27:00,2026-04-11 07:29:00,A59 ,37.0,11.67,3.17,4.15,2.01,2.0
45,2026-04-11,SN3738,2026-04-11 06:14:00,2026-04-11 06:01:00,-13.0,2026-04-11 06:16:00,2026-04-11 06:18:00,A46 ,77.0,11.58,6.65,5.63,1.48,2.0
45,2026-04-11,SN3740,2026-04-11 08:13:00,2026-04-11 07:50:00,-23.0,2026-04-11 08:19:00,2026-04-11 08:23:00,A70 ,131.0,12.47,10.5,4.5,1.85,4.0
45,2026-04-11,SN3752,2026-04-11 07:14:00,2026-04-11 07:18:00,4.0,2026-04-11 07:40:00,2026-04-11 07:43:00,A40 ,54.0,12.14,4.45,5.47,1.52,3.0
45,2026-04-11,SN3766,2026-04-11 06:55:00,2026-04-11 06:36:00,-19.0,2026-04-11 07:00:00,2026-04-11 07:05:00,A56 ,129.0,16.71,7.72,5.17,1.61,5.0
45,2026-04-11,SN3768,2026-04-11 07:31:00,2026-04-11 08:38:00,67.0,2026-04-11 08:59:00,2026-04-11 09:07:00,A66 ,129.0,11.42,11.3,4.9,1.7,8.0
45,2026-04-11,SN3774,2026-04-11 10:44:00,2026-04-11 10:30:00,-14.0,2026-04-11 11:02:00,2026-04-11 11:10:00,A72 ,106.0,10.64,9.96,4.69,1.78,8.0
45,2026-04-11,SN3782,2026-04-11 09:41:00,2026-04-11 10:02:00,21.0,2026-04-11 10:28:00,2026-04-11 10:41:00,A40 ,138.0,11.49,12.01,5.96,1.4,13.0
45,2026-04-11,SN3784,2026-04-11 06:44:00,2026-04-11 06:32:00,-12.0,2026-04-11 08:12:00,2026-04-11 08:22:00,A45 ,113.0,12.55,9.01,6.56,1.27,10.0
45,2026-04-11,SN3806,2026-04-11 09:44:00,2026-04-11 09:37:00,-7.0,2026-04-11 10:02:00,2026-04-11 10:07:00,A54 ,120.0,12.6,9.53,5.08,1.64,5.0
45,2026-04-11,SN3820,2026-04-11 08:45:00,2026-04-11 10:48:00,123.0,2026-04-11 11:16:00,2026-04-11 11:19:00,A46 ,84.0,10.29,8.17,4.87,1.71,3.0
45,2026-04-11,SN3828,2026-04-11 10:54:00,2026-04-11 10:46:00,-8.0,2026-04-11 12:01:00,2026-04-11 12:20:00,A61 ,125.0,12.78,9.78,6.01,1.39,19.0
45,2026-04-11,SN3886,2026-04-11 10:15:00,2026-04-11 10:41:00,26.0,2026-04-11 10:53:00,2026-04-11 12:12:00,B14 A,152.0,14.45,10.52,6.53,1.02,79.0
45,2026-04-11,TB1502,2026-04-11 10:55:00,2026-04-11 12:16:00,81.0,2026-04-11 12:39:00,2026-04-11 12:54:00,A63 ,133.0,14.66,9.07,6.34,1.31,15.0
45,2026-04-11,TB1552,2026-04-11 10:15:00,2026-04-11 10:31:00,16.0,2026-04-11 10:50:00,2026-04-11 10:59:00,A69 ,164.0,11.53,14.23,4.73,1.76,9.0
45,2026-04-11,TB1702,2026-04-11 09:26:00,2026-04-11 09:29:00,3.0,2026-04-11 09:48:00,2026-04-11 09:54:00,A43 ,151.0,9.44,16.0,6.5,1.28,6.0
45,2026-04-11,TB1704,2026-04-11 08:56:00,2026-04-11 08:41:00,-15.0,2026-04-11 09:04:00,2026-04-11 09:09:00,A65 ,147.0,16.0,9.19,4.13,2.02,5.0
45,2026-04-11,TB1756,2026-04-11 10:30:00,2026-04-11 10:37:00,7.0,2026-04-11 10:58:00,2026-04-11 12:09:00,A65 ,164.0,13.69,11.98,4.68,1.78,71.0
45,2026-04-11,TB1758,2026-04-11 10:32:00,2026-04-11 12:40:00,128.0,2026-04-11 13:03:00,2026-04-11 13:08:00,A72 ,142.0,11.89,11.94,5.37,1.55,5.0
45,2026-04-11,TB2031,2026-04-11 07:32:00,2026-04-11 07:08:00,-24.0,2026-04-11 07:24:00,2026-04-11 07:33:00,B30 A,152.0,13.87,10.96,4.76,1.87,9.0
45,2026-04-11,TB2614,2026-04-11 08:39:00,2026-04-11 08:51:00,12.0,2026-04-11 09:10:00,2026-04-11 09:15:00,B9  A,138.0,12.07,11.44,4.72,1.77,5.0
45,2026-04-11,TK1941,2026-04-11 09:30:00,2026-04-11 09:22:00,-8.0,2026-04-11 09:38:00,2026-04-11 09:46:00,B7  A,161.0,13.03,12.36,5.18,1.61,8.0
45,2026-04-11,TP644,2026-04-11 07:10:00,2026-04-11 07:04:00,-6.0,2026-04-11 07:24:00,2026-04-11 07:31:00,A53 ,123.0,11.74,10.48,4.73,1.76,7.0
45,2026-04-11,TP646,2026-04-11 10:02:00,2026-04-11 09:56:00,-6.0,2026-04-11 11:20:00,2026-04-11 11:29:00,A45 ,175.0,14.45,12.11,5.76,1.45,9.0
45,2026-04-11,VY1334,2026-04-11 07:06:00,2026-04-11 06:50:00,-16.0,2026-04-11 07:09:00,2026-04-11 07:11:00,A47 ,71.0,14.87,4.78,6.08,1.37,2.0
45,2026-04-11,VY8984,2026-04-11 09:06:00,2026-04-11 08:41:00,-25.0,2026-04-11 08:56:00,2026-04-11 09:00:00,A51 ,58.0,8.62,6.73,5.93,1.41,4.0
46,2026-04-11,BA388,2026-04-11 06:19:00,2026-04-11 05:59:00,-20.0,2026-04-11 06:14:00,2026-04-11 06:18:00,B7  A,90.0,11.9,7.56,5.79,1.44,4.0
46,2026-04-11,FH8116,2026-04-11 06:35:00,2026-04-11 06:00:00,-35.0,2026-04-11 06:07:00,2026-04-11 06:09:00,B15 A,22.0,13.85,1.59,4.23,1.83,2.0
46,2026-04-11,HV9078,2026-04-11 10:31:00,2026-04-11 10:29:00,-2.0,2026-04-11 10:47:00,2026-04-11 10:50:00,A42 ,85.0,13.15,6.47,5.7,1.46,3.0
46,2026-04-11,IB1301,2026-04-11 06:06:00,2026-04-11 08:18:00,132.0,2026-04-11 08:38:00,2026-04-11 08:41:00,A61 ,70.0,15.0,4.67,4.02,2.07,3.0
46,2026-04-11,IB603,2026-04-11 07:11:00,2026-04-11 07:03:00,-8.0,2026-04-11 07:24:00,2026-04-11 07:27:00,A47 ,87.0,13.72,6.34,5.18,1.61,3.0
46,2026-04-11,KM420,2026-04-11 06:21:00,2026-04-11 05:59:00,-22.0,2026-04-11 06:18:00,2026-04-11 06:23:00,A45 ,138.0,10.21,13.51,5.15,1.62,5.0
46,2026-04-11,LO231,2026-04-11 10:41:00,2026-04-11 10:45:00,4.0,2026-04-11 11:07:00,2026-04-11 11:09:00,A53 ,33.0,12.63,2.61,4.69,1.78,2.0
46,2026-04-11,OS297,2026-04-11 06:16:00,2026-04-11 06:07:00,-9.0,2026-04-11 06:21:00,2026-04-11 06:24:00,A43 ,85.0,10.57,8.04,4.93,1.69,3.0
46,2026-04-11,SK597,2026-04-11 08:00:00,2026-04-11 07:51:00,-9.0,2026-04-11 08:07:00,2026-04-11 08:11:00,A47 ,68.0,12.54,5.42,5.17,1.61,4.0
46,2026-04-11,SN1138,2026-04-11 10:21:00,2026-04-11 10:01:00,-20.0,2026-04-11 10:21:00,2026-04-11 10:24:00,B28 A,87.0,15.7,5.54,3.58,2.24,3.0
46,2026-04-11,SN1574,2026-04-11 07:29:00,2026-04-11 07:17:00,-12.0,2026-04-11 07:50:00,2026-04-11 07:54:00,A49 ,106.0,12.14,8.73,4.5,1.85,4.0
46,2026-04-11,SN2652,2026-04-11 09:14:00,2026-04-11 09:02:00,-12.0,2026-04-11 09:22:00,2026-04-11 09:44:00,A54 ,20.0,10.2,1.96,5.16,1.61,22.0
46,2026-04-11,SN2906,2026-04-11 06:00:00,2026-04-11 05:57:00,-3.0,2026-04-11 06:15:00,2026-04-11 06:19:00,A68 ,33.0,13.22,2.5,6.45,1.29,4.0
46,2026-04-11,SN3132,2026-04-11 06:23:00,2026-04-11 06:00:00,-23.0,2026-04-11 06:28:00,2026-04-11 06:32:00,A44 ,109.0,12.01,9.07,5.32,1.57,4.0
46,2026-04-11,SN3182,2026-04-11 06:23:00,2026-04-11 06:40:00,17.0,2026-04-11 06:59:00,2026-04-11 07:03:00,A64 ,82.0,9.8,8.36,4.7,1.77,4.0
46,2026-04-11,SN3344,2026-04-11 07:21:00,2026-04-11 07:10:00,-11.0,2026-04-11 07:27:00,2026-04-11 07:29:00,A59 ,37.0,12.91,2.87,3.98,2.1,2.0
46,2026-04-11,SN3738,2026-04-11 09:14:00,2026-04-11 09:05:00,-9.0,2026-04-11 09:30:00,2026-04-11 09:34:00,A46 ,105.0,10.49,10.01,4.69,1.78,4.0
46,2026-04-11,SN3740,2026-04-11 08:13:00,2026-04-11 07:50:00,-23.0,2026-04-11 08:19:00,2026-04-11 08:23:00,A70 ,131.0,14.11,9.28,5.35,1.56,4.0
46,2026-04-11,SN3752,2026-04-11 07:14:00,2026-04-11 07:18:00,4.0,2026-04-11 07:40:00,2026-04-11 07:43:00,A40 ,54.0,14.46,3.74,5.23,1.59,3.0
46,2026-04-11,SN3766,2026-04-11 06:55:00,2026-04-11 06:36:00,-19.0,2026-04-11 07:00:00,2026-04-11 07:05:00,A56 ,129.0,12.55,10.28,4.6,1.81,5.0
46,2026-04-11,SN3768,2026-04-11 07:31:00,2026-04-11 08:38:00,67.0,2026-04-11 08:59:00,2026-04-11 09:07:00,A66 ,129.0,14.33,9.0,5.13,1.62,8.0
46,2026-04-11,SN3774,2026-04-11 10:44:00,2026-04-11 10:30:00,-14.0,2026-04-11 11:02:00,2026-04-11 11:10:00,A72 ,106.0,11.89,8.92,5.89,1.41,8.0
46,2026-04-11,SN3782,2026-04-11 09:41:00,2026-04-11 10:02:00,21.0,2026-04-11 10:28:00,2026-04-11 10:41:00,A40 ,138.0,9.88,13.96,5.97,1.4,13.0
46,2026-04-11,SN3784,2026-04-11 10:26:00,2026-04-11 10:13:00,-13.0,2026-04-11 10:35:00,2026-04-11 12:01:00,A50 ,134.0,10.6,12.64,5.31,1.57,86.0
46,2026-04-11,SN3806,2026-04-11 09:44:00,2026-04-11 09:37:00,-7.0,2026-04-11 10:02:00,2026-04-11 10:07:00,A54 ,120.0,16.82,7.13,4.13,2.02,5.0
46,2026-04-11,SN3820,2026-04-11 10:45:00,2026-04-11 11:02:00,17.0,2026-04-11 11:28:00,2026-04-11 11:32:00,A50 ,84.0,10.54,7.97,5.39,1.55,4.0
46,2026-04-11,SN3828,2026-04-11 10:54:00,2026-04-11 10:46:00,-8.0,2026-04-11 12:01:00,2026-04-11 12:20:00,A61 ,125.0,13.24,9.44,4.19,1.99,19.0
46,2026-04-11,SN3886,2026-04-11 10:15:00,2026-04-11 10:41:00,26.0,2026-04-11 10:53:00,2026-04-11 12:12:00,B14 A,152.0,15.34,9.91,4.84,1.38,79.0
46,2026-04-11,TB1502,2026-04-11 10:55:00,2026-04-11 12:16:00,81.0,2026-04-11 12:39:00,2026-04-11 12:54:00,A63 ,133.0,14.12,9.42,3.94,2.12,15.0
46,2026-04-11,TB1552,2026-04-11 10:15:00,2026-04-11 10:31:00,16.0,2026-04-11 10:50:00,2026-04-11 10:59:00,A69 ,164.0,12.94,12.67,5.38,1.55,9.0
46,2026-04-11,TB1702,2026-04-11 09:26:00,2026-04-11 09:29:00,3.0,2026-04-11 09:48:00,2026-04-11 09:54:00,A43 ,151.0,14.98,10.08,4.55,1.83,6.0
46,2026-04-11,TB1704,2026-04-11 08:56:00,2026-04-11 08:41:00,-15.0,2026-04-11 09:04:00,2026-04-11 09:09:00,A65 ,147.0,13.41,10.96,4.21,1.98,5.0
46,2026-04-11,TB1756,2026-04-11 10:30:00,2026-04-11 10:37:00,7.0,2026-04-11 10:58:00,2026-04-11 12:09:00,A65 ,164.0,10.08,16.28,4.15,2.01,71.0
46,2026-04-11,TB1758,2026-04-11 10:32:00,2026-04-11 12:40:00,128.0,2026-04-11 13:03:00,2026-04-11 13:08:00,A72 ,142.0,16.8,8.45,6.26,1.33,5.0
46,2026-04-11,TB2031,2026-04-11 07:32:00,2026-04-11 07:08:00,-24.0,2026-04-11 07:24:00,2026-04-11 07:33:00,B30 A,152.0,13.76,11.05,6.09,1.46,9.0
46,2026-04-11,TB2614,2026-04-11 08:39:00,2026-04-11 08:51:00,12.0,2026-04-11 09:10:00,2026-04-11 09:15:00,B9  A,138.0,14.88,9.27,5.48,1.52,5.0
46,2026-04-11,TK1941,2026-04-11 09:30:00,2026-04-11 09:22:00,-8.0,2026-04-11 09:38:00,2026-04-11 09:46:00,B7  A,161.0,11.05,14.56,6.15,1.35,8.0
46,2026-04-11,TP644,2026-04-11 07:10:00,2026-04-11 07:04:00,-6.0,2026-04-11 07:24:00,2026-04-11 07:31:00,A53 ,123.0,13.84,8.88,5.16,1.61,7.0
46,2026-04-11,TP646,2026-04-11 07:02:00,2026-04-11 08:12:00,70.0,2026-04-11 08:30:00,2026-04-11 08:35:00,A53 ,101.0,15.49,6.52,5.07,1.65,5.0
46,2026-04-11,VY1334,2026-04-11 07:06:00,2026-04-11 06:50:00,-16.0,2026-04-11 07:09:00,2026-04-11 07:11:00,A47 ,71.0,14.14,5.02,3.73,2.23,2.0
46,2026-04-11,VY8984,2026-04-11 09:06:00,2026-04-11 08:41:00,-25.0,2026-04-11 08:56:00,2026-04-11 09:00:00,A51 ,58.0,14.85,3.91,4.1,2.03,4.0
47,2026-04-11,BA388,2026-04-11 06:19:00,2026-04-11 05:59:00,-20.0,2026-04-11 06:14:00,2026-04-11 06:18:00,B7  A,90.0,12.76,7.06,3.85,2.16,4.0
47,2026-04-11,FH8116,2026-04-11 12:44:00,2026-04-11 12:48:00,4.0,2026-04-11 13:06:00,2026-04-11 13:13:00,B38 A,140.0,11.16,12.55,5.18,2.25,7.0
47,2026-04-11,HV9078,2026-04-11 10:31:00,2026-04-11 10:29:00,-2.0,2026-04-11 10:47:00,2026-04-11 10:50:00,A42 ,85.0,10.62,8.0,7.34,1.14,3.0
47,2026-04-11,IB1301,2026-04-11 06:06:00,2026-04-11 08:18:00,132.0,2026-04-11 08:38:00,2026-04-11 08:41:00,A61 ,70.0,13.36,5.24,6.27,1.33,3.0
47,2026-04-11,IB603,2026-04-11 08:34:00,2026-04-11 08:35:00,1.0,2026-04-11 08:54:00,2026-04-11 08:58:00,A53 ,132.0,9.24,14.28,6.12,1.36,4.0
47,2026-04-11,KM420,2026-04-11 06:21:00,2026-04-11 05:59:00,-22.0,2026-04-11 06:18:00,2026-04-11 06:23:00,A45 ,138.0,15.63,8.83,4.6,1.81,5.0
47,2026-04-11,LO231,2026-04-11 06:41:00,2026-04-11 06:27:00,-14.0,2026-04-11 06:37:00,2026-04-11 06:38:00,A57 ,23.0,13.52,1.7,6.31,1.32,1.0
47,2026-04-11,OS297,2026-04-11 06:16:00,2026-04-11 06:07:00,-9.0,2026-04-11 06:21:00,2026-04-11 06:24:00,A43 ,85.0,14.75,5.76,4.53,1.84,3.0
47,2026-04-11,SK597,2026-04-11 06:57:00,2026-04-11 06:53:00,-4.0,2026-04-11 07:07:00,2026-04-11 07:15:00,A51 ,89.0,13.81,6.45,5.17,1.61,8.0
47,2026-04-11,SN1138,2026-04-11 10:21:00,2026-04-11 10:01:00,-20.0,2026-04-11 10:21:00,2026-04-11 10:24:00,B28 A,87.0,11.23,7.75,6.59,1.21,3.0
47,2026-04-11,SN1574,2026-04-11 07:29:00,2026-04-11 07:17:00,-12.0,2026-04-11 07:50:00,2026-04-11 07:54:00,A49 ,106.0,13.31,7.96,5.29,1.58,4.0
47,2026-04-11,SN2652,2026-04-11 09:14:00,2026-04-11 09:02:00,-12.0,2026-04-11 09:22:00,2026-04-11 09:44:00,A54 ,20.0,11.64,1.72,4.78,1.74,22.0
47,2026-04-11,SN2906,2026-04-11 08:01:00,2026-04-11 07:53:00,-8.0,2026-04-11 08:10:00,2026-04-11 08:13:00,A50 ,57.0,11.81,4.83,5.51,1.51,3.0
47,2026-04-11,SN3132,2026-04-11 06:23:00,2026-04-11 06:00:00,-23.0,2026-04-11 06:28:00,2026-04-11 06:32:00,A44 ,109.0,10.82,10.07,5.03,1.66,4.0
47,2026-04-11,SN3182,2026-04-11 06:23:00,2026-04-11 06:40:00,17.0,2026-04-11 06:59:00,2026-04-11 07:03:00,A64 ,82.0,12.5,6.56,4.59,1.82,4.0
47,2026-04-11,SN3344,2026-04-11 07:21:00,2026-04-11 07:10:00,-11.0,2026-04-11 07:27:00,2026-04-11 07:29:00,A59 ,37.0,10.74,3.44,4.72,1.77,2.0
47,2026-04-11,SN3738,2026-04-11 11:36:00,2026-04-11 11:50:00,14.0,2026-04-11 13:15:00,2026-04-11 13:20:00,A40 ,116.0,12.29,9.44,3.91,2.13,5.0
47,2026-04-11,SN3740,2026-04-11 08:13:00,2026-04-11 07:50:00,-23.0,2026-04-11 08:19:00,2026-04-11 08:23:00,A70 ,131.0,14.67,8.93,4.73,1.76,4.0
47,2026-04-11,SN3752,2026-04-11 07:25:00,2026-04-11 07:39:00,14.0,2026-04-11 07:57:00,2026-04-11 08:00:00,A57 ,79.0,12.89,6.13,5.96,1.4,3.0
47,2026-04-11,SN3766,2026-04-11 06:55:00,2026-04-11 06:36:00,-19.0,2026-04-11 07:00:00,2026-04-11 07:05:00,A56 ,129.0,9.94,12.97,5.17,1.61,5.0
47,2026-04-11,SN3768,2026-04-11 07:31:00,2026-04-11 08:38:00,67.0,2026-04-11 08:59:00,2026-04-11 09:07:00,A66 ,129.0,13.37,9.65,5.38,1.55,8.0
47,2026-04-11,SN3774,2026-04-11 06:20:00,2026-04-11 07:00:00,40.0,2026-04-11 07:23:00,2026-04-11 07:25:00,A50 ,66.0,11.12,5.94,5.75,1.45,2.0
47,2026-04-11,SN3782,2026-04-11 06:34:00,2026-04-11 06:27:00,-7.0,2026-04-11 06:58:00,2026-04-11 08:03:00,A61 ,88.0,11.46,7.68,4.56,1.83,65.0
47,2026-04-11,SN3784,2026-04-11 06:44:00,2026-04-11 06:32:00,-12.0,2026-04-11 08:12:00,2026-04-11 08:22:00,A45 ,113.0,14.32,7.89,4.53,1.84,10.0
47,2026-04-11,SN3806,2026-04-11 09:44:00,2026-04-11 09:37:00,-7.0,2026-04-11 10:02:00,2026-04-11 10:07:00,A54 ,120.0,13.99,8.58,4.47,1.86,5.0
47,2026-04-11,SN3820,2026-04-11 11:50:00,2026-04-11 12:03:00,13.0,2026-04-11 12:22:00,2026-04-11 12:27:00,A44 ,97.0,11.64,8.33,4.08,2.04,5.0
47,2026-04-11,SN3828,2026-04-11 10:54:00,2026-04-11 10:46:00,-8.0,2026-04-11 12:01:00,2026-04-11 12:20:00,A61 ,125.0,10.67,11.71,5.82,1.43,19.0
47,2026-04-11,SN3886,2026-04-11 10:15:00,2026-04-11 10:41:00,26.0,2026-04-11 10:53:00,2026-04-11 12:12:00,B14 A,152.0,15.8,9.62,4.98,1.34,79.0
47,2026-04-11,TB1502,2026-04-11 10:55:00,2026-04-11 12:16:00,81.0,2026-04-11 12:39:00,2026-04-11 12:54:00,A63 ,133.0,13.33,9.98,5.07,1.64,15.0
47,2026-04-11,TB1552,2026-04-11 07:47:00,2026-04-11 07:43:00,-4.0,2026-04-11 07:55:00,2026-04-11 07:59:00,A68 ,66.0,10.33,6.39,4.56,1.83,4.0
47,2026-04-11,TB1702,2026-04-11 09:26:00,2026-04-11 09:29:00,3.0,2026-04-11 09:48:00,2026-04-11 09:54:00,A43 ,151.0,11.76,12.84,5.86,1.42,6.0
47,2026-04-11,TB1704,2026-04-11 08:56:00,2026-04-11 08:41:00,-15.0,2026-04-11 09:04:00,2026-04-11 09:09:00,A65 ,147.0,9.75,15.08,4.67,1.79,5.0
47,2026-04-11,TB1756,2026-04-11 10:30:00,2026-04-11 10:37:00,7.0,2026-04-11 10:58:00,2026-04-11 12:09:00,A65 ,164.0,11.03,14.87,4.55,1.83,71.0
47,2026-04-11,TB1758,2026-04-11 10:32:00,2026-04-11 12:40:00,128.0,2026-04-11 13:03:00,2026-04-11 13:08:00,A72 ,142.0,11.15,12.73,6.69,1.25,5.0
47,2026-04-11,TB2031,2026-04-11 07:32:00,2026-04-11 07:08:00,-24.0,2026-04-11 07:24:00,2026-04-11 07:33:00,B30 A,152.0,14.48,10.5,4.29,2.08,9.0
47,2026-04-11,TB2614,2026-04-11 08:39:00,2026-04-11 08:51:00,12.0,2026-04-11 09:10:00,2026-04-11 09:15:00,B9  A,138.0,8.81,15.66,4.09,2.04,5.0
47,2026-04-11,TK1941,2026-04-11 09:30:00,2026-04-11 09:22:00,-8.0,2026-04-11 09:38:00,2026-04-11 09:46:00,B7  A,161.0,11.95,13.47,5.66,1.47,8.0
47,2026-04-11,TP644,2026-04-11 07:10:00,2026-04-11 07:04:00,-6.0,2026-04-11 07:24:00,2026-04-11 07:31:00,A53 ,123.0,12.02,10.24,6.16,1.35,7.0
47,2026-04-11,TP646,2026-04-11 08:58:00,2026-04-11 08:50:00,-8.0,2026-04-11 10:28:00,2026-04-11 10:30:00,A44 ,65.0,11.31,5.75,4.07,2.05,2.0
47,2026-04-11,VY1334,2026-04-11 07:06:00,2026-04-11 06:50:00,-16.0,2026-04-11 07:09:00,2026-04-11 07:11:00,A47 ,71.0,12.34,5.75,5.22,1.6,2.0
47,2026-04-11,VY8984,2026-04-11 06:55:00,2026-04-11 07:23:00,28.0,2026-04-11 07:33:00,2026-04-11 07:34:00,A45 ,55.0,12.13,4.53,4.63,1.8,1.0
48,2026-04-11,BA388,2026-04-11 06:19:00,2026-04-11 05:59:00,-20.0,2026-04-11 06:14:00,2026-04-11 06:18:00,B7  A,90.0,11.82,7.61,5.69,1.46,4.0
48,2026-04-11,FH8116,2026-04-11 12:44:00,2026-04-11 12:48:00,4.0,2026-04-11 13:06:00,2026-04-11 13:13:00,B38 A,140.0,15.91,8.8,4.03,2.89,7.0
48,2026-04-11,HV9078,2026-04-11 10:31:00,2026-04-11 10:29:00,-2.0,2026-04-11 10:47:00,2026-04-11 10:50:00,A42 ,85.0,14.01,6.07,6.17,1.35,3.0
48,2026-04-11,IB1301,2026-04-11 06:06:00,2026-04-11 08:18:00,132.0,2026-04-11 08:38:00,2026-04-11 08:41:00,A61 ,70.0,14.15,4.95,4.05,2.06,3.0
48,2026-04-11,IB603,2026-04-11 07:37:00,2026-04-11 07:50:00,13.0,2026-04-11 08:07:00,2026-04-11 08:10:00,A51 ,81.0,16.6,4.88,4.34,1.92,3.0
48,2026-04-11,KM420,2026-04-11 06:21:00,2026-04-11 05:59:00,-22.0,2026-04-11 06:18:00,2026-04-11 06:23:00,A45 ,138.0,15.25,9.05,5.61,1.49,5.0
48,2026-04-11,LO231,2026-04-11 08:40:00,2026-04-11 08:34:00,-6.0,2026-04-11 08:52:00,2026-04-11 08:54:00,A55 ,22.0,13.46,1.63,5.79,1.44,2.0
48,2026-04-11,OS297,2026-04-11 07:15:00,2026-04-11 07:12:00,-3.0,2026-04-11 07:26:00,2026-04-11 07:34:00,A49 ,126.0,14.32,8.8,3.9,2.14,8.0
48,2026-04-11,SK597,2026-04-11 08:00:00,2026-04-11 07:51:00,-9.0,2026-04-11 08:07:00,2026-04-11 08:11:00,A47 ,68.0,10.22,6.65,6.38,1.31,4.0
48,2026-04-11,SN1138,2026-04-11 10:21:00,2026-04-11 10:01:00,-20.0,2026-04-11 10:21:00,2026-04-11 10:24:00,B28 A,87.0,12.87,6.76,5.01,1.6,3.0
48,2026-04-11,SN1574,2026-04-11 07:29:00,2026-04-11 07:17:00,-12.0,2026-04-11 07:50:00,2026-04-11 07:54:00,A49 ,106.0,12.56,8.44,5.15,1.62,4.0
48,2026-04-11,SN2652,2026-04-11 06:13:00,2026-04-11 05:58:00,-15.0,2026-04-11 06:07:00,2026-04-11 06:08:00,A58 ,9.0,13.35,0.67,4.41,1.89,1.0
48,2026-04-11,SN2906,2026-04-11 06:58:00,2026-04-11 06:45:00,-13.0,2026-04-11 06:56:00,2026-04-11 06:59:00,A46 ,52.0,12.95,4.02,6.75,1.24,3.0
48,2026-04-11,SN3132,2026-04-11 06:23:00,2026-04-11 06:00:00,-23.0,2026-04-11 06:28:00,2026-04-11 06:32:00,A44 ,109.0,8.97,12.15,5.46,1.53,4.0
48,2026-04-11,SN3182,2026-04-11 07:23:00,2026-04-11 07:13:00,-10.0,2026-04-11 07:38:00,2026-04-11 07:41:00,A64 ,115.0,8.53,13.49,3.35,2.49,3.0
48,2026-04-11,SN3344,2026-04-11 06:18:00,2026-04-11 06:23:00,5.0,2026-04-11 06:45:00,2026-04-11 06:47:00,A66 ,41.0,11.04,3.71,4.3,1.94,2.0
48,2026-04-11,SN3738,2026-04-11 07:14:00,2026-04-11 07:03:00,-11.0,2026-04-11 07:29:00,2026-04-11 07:32:00,A66 ,92.0,12.27,7.5,5.05,1.65,3.0
48,2026-04-11,SN3740,2026-04-11 08:13:00,2026-04-11 07:50:00,-23.0,2026-04-11 08:19:00,2026-04-11 08:23:00,A70 ,131.0,14.24,9.2,4.82,1.73,4.0
48,2026-04-11,SN3752,2026-04-11 07:14:00,2026-04-11 07:18:00,4.0,2026-04-11 07:40:00,2026-04-11 07:43:00,A40 ,54.0,15.28,3.53,4.76,1.75,3.0
48,2026-04-11,SN3766,2026-04-11 06:55:00,2026-04-11 06:36:00,-19.0,2026-04-11 07:00:00,2026-04-11 07:05:00,A56 ,129.0,12.14,10.63,5.05,1.65,5.0
48,2026-04-11,SN3768,2026-04-11 07:31:00,2026-04-11 08:38:00,67.0,2026-04-11 08:59:00,2026-04-11 09:07:00,A66 ,129.0,11.94,10.8,5.34,1.56,8.0
48,2026-04-11,SN3774,2026-04-11 08:21:00,2026-04-11 08:11:00,-10.0,2026-04-11 08:34:00,2026-04-11 08:37:00,A52 ,64.0,14.7,4.35,4.41,1.89,3.0
48,2026-04-11,SN3782,2026-04-11 06:34:00,2026-04-11 06:27:00,-7.0,2026-04-11 06:58:00,2026-04-11 08:03:00,A61 ,88.0,11.89,7.4,5.35,1.56,65.0
48,2026-04-11,SN3784,2026-04-11 10:26:00,2026-04-11 10:13:00,-13.0,2026-04-11 10:35:00,2026-04-11 12:01:00,A50 ,134.0,15.32,8.75,5.5,1.52,86.0
48,2026-04-11,SN3806,2026-04-11 09:44:00,2026-04-11 09:37:00,-7.0,2026-04-11 10:02:00,2026-04-11 10:07:00,A54 ,120.0,12.29,9.76,5.66,1.47,5.0
48,2026-04-11,SN3820,2026-04-11 06:46:00,2026-04-11 06:57:00,11.0,2026-04-11 08:22:00,2026-04-11 08:26:00,A65 ,88.0,14.46,6.09,4.65,1.79,4.0
48,2026-04-11,SN3828,2026-04-11 10:54:00,2026-04-11 10:46:00,-8.0,2026-04-11 12:01:00,2026-04-11 12:20:00,A61 ,125.0,13.91,8.98,6.23,1.34,19.0
48,2026-04-11,SN3886,2026-04-11 10:15:00,2026-04-11 10:41:00,26.0,2026-04-11 10:53:00,2026-04-11 12:12:00,B14 A,152.0,15.57,9.76,6.51,1.02,79.0
48,2026-04-11,TB1502,2026-04-11 10:55:00,2026-04-11 12:16:00,81.0,2026-04-11 12:39:00,2026-04-11 12:54:00,A63 ,133.0,13.53,9.83,5.37,1.55,15.0
48,2026-04-11,TB1552,2026-04-11 10:15:00,2026-04-11 10:31:00,16.0,2026-04-11 10:50:00,2026-04-11 10:59:00,A69 ,164.0,13.52,12.13,3.66,2.28,9.0
48,2026-04-11,TB1702,2026-04-11 09:26:00,2026-04-11 09:29:00,3.0,2026-04-11 09:48:00,2026-04-11 09:54:00,A43 ,151.0,14.08,10.72,4.23,1.97,6.0
48,2026-04-11,TB1704,2026-04-11 08:56:00,2026-04-11 08:41:00,-15.0,2026-04-11 09:04:00,2026-04-11 09:09:00,A65 ,147.0,12.99,11.32,5.57,1.5,5.0
48,2026-04-11,TB1756,2026-04-11 10:30:00,2026-04-11 10:37:00,7.0,2026-04-11 10:58:00,2026-04-11 12:09:00,A65 ,164.0,11.79,13.91,5.25,1.59,71.0
48,2026-04-11,TB1758,2026-04-11 10:32:00,2026-04-11 12:40:00,128.0,2026-04-11 13:03:00,2026-04-11 13:08:00,A72 ,142.0,14.04,10.11,4.2,1.99,5.0
48,2026-04-11,TB2031,2026-04-11 07:32:00,2026-04-11 07:08:00,-24.0,2026-04-11 07:24:00,2026-04-11 07:33:00,B30 A,152.0,10.83,14.03,4.62,1.93,9.0
48,2026-04-11,TB2614,2026-04-11 08:39:00,2026-04-11 08:51:00,12.0,2026-04-11 09:10:00,2026-04-11 09:15:00,B9  A,138.0,11.7,11.79,5.03,1.66,5.0
48,2026-04-11,TK1941,2026-04-11 09:30:00,2026-04-11 09:22:00,-8.0,2026-04-11 09:38:00,2026-04-11 09:46:00,B7  A,161.0,14.32,11.25,5.09,1.64,8.0
48,2026-04-11,TP644,2026-04-11 07:10:00,2026-04-11 07:04:00,-6.0,2026-04-11 07:24:00,2026-04-11 07:31:00,A53 ,123.0,13.14,9.36,5.07,1.64,7.0
48,2026-04-11,TP646,2026-04-11 11:00:00,2026-04-11 12:19:00,79.0,2026-04-11 12:42:00,2026-04-11 12:51:00,A51 ,146.0,14.15,10.32,5.58,1.49,9.0
48,2026-04-11,VY1334,2026-04-11 07:06:00,2026-04-11 06:50:00,-16.0,2026-04-11 07:09:00,2026-04-11 07:11:00,A47 ,71.0,15.37,4.62,5.1,1.63,2.0
48,2026-04-11,VY8984,2026-04-11 06:55:00,2026-04-11 07:23:00,28.0,2026-04-11 07:33:00,2026-04-11 07:34:00,A45 ,55.0,12.92,4.26,5.6,1.49,1.0
49,2026-04-11,BA388,2026-04-11 06:19:00,2026-04-11 05:59:00,-20.0,2026-04-11 06:14:00,2026-04-11 06:18:00,B7  A,90.0,13.03,6.91,5.27,1.58,4.0
49,2026-04-11,FH8116,2026-04-11 06:35:00,2026-04-11 06:00:00,-35.0,2026-04-11 06:07:00,2026-04-11 06:09:00,B15 A,22.0,16.87,1.3,4.65,1.66,2.0
49,2026-04-11,HV9078,2026-04-11 10:31:00,2026-04-11 10:29:00,-2.0,2026-04-11 10:47:00,2026-04-11 10:50:00,A42 ,85.0,12.61,6.74,3.57,2.33,3.0
49,2026-04-11,IB1301,2026-04-11 06:06:00,2026-04-11 08:18:00,132.0,2026-04-11 08:38:00,2026-04-11 08:41:00,A61 ,70.0,13.39,5.23,5.25,1.59,3.0
49,2026-04-11,IB603,2026-04-11 10:37:00,2026-04-11 10:16:00,-21.0,2026-04-11 10:34:00,2026-04-11 10:46:00,A45 ,94.0,11.77,7.98,4.87,1.71,12.0
49,2026-04-11,KM420,2026-04-11 07:21:00,2026-04-11 06:52:00,-29.0,2026-04-11 07:07:00,2026-04-11 07:20:00,A62 ,167.0,14.56,11.47,5.04,1.66,13.0
49,2026-04-11,LO231,2026-04-11 06:41:00,2026-04-11 06:27:00,-14.0,2026-04-11 06:37:00,2026-04-11 06:38:00,A57 ,23.0,13.57,1.69,4.51,1.85,1.0
49,2026-04-11,OS297,2026-04-11 06:16:00,2026-04-11 06:07:00,-9.0,2026-04-11 06:21:00,2026-04-11 06:24:00,A43 ,85.0,11.34,7.5,3.59,2.32,3.0
49,2026-04-11,SK597,2026-04-11 08:00:00,2026-04-11 07:51:00,-9.0,2026-04-11 08:07:00,2026-04-11 08:11:00,A47 ,68.0,13.1,5.19,6.2,1.34,4.0
49,2026-04-11,SN1138,2026-04-11 10:21:00,2026-04-11 10:01:00,-20.0,2026-04-11 10:21:00,2026-04-11 10:24:00,B28 A,87.0,9.8,8.88,5.32,1.5,3.0
49,2026-04-11,SN1574,2026-04-11 07:29:00,2026-04-11 07:17:00,-12.0,2026-04-11 07:50:00,2026-04-11 07:54:00,A49 ,106.0,11.36,9.33,4.4,1.89,4.0
49,2026-04-11,SN2652,2026-04-11 11:01:00,2026-04-11 10:52:00,-9.0,2026-04-11 11:25:00,2026-04-11 11:27:00,A52 ,52.0,12.1,4.3,4.08,2.04,2.0
49,2026-04-11,SN2906,2026-04-11 08:01:00,2026-04-11 07:53:00,-8.0,2026-04-11 08:10:00,2026-04-11 08:13:00,A50 ,57.0,10.82,5.27,5.11,1.63,3.0
49,2026-04-11,SN3132,2026-04-11 06:23:00,2026-04-11 06:00:00,-23.0,2026-04-11 06:28:00,2026-04-11 06:32:00,A44 ,109.0,12.45,8.76,3.61,2.31,4.0
49,2026-04-11,SN3182,2026-04-11 06:23:00,2026-04-11 06:40:00,17.0,2026-04-11 06:59:00,2026-04-11 07:03:00,A64 ,82.0,12.66,6.48,4.5,1.85,4.0
49,2026-04-11,SN3344,2026-04-11 07:21:00,2026-04-11 07:10:00,-11.0,2026-04-11 07:27:00,2026-04-11 07:29:00,A59 ,37.0,13.49,2.74,6.03,1.38,2.0
49,2026-04-11,SN3738,2026-04-11 09:14:00,2026-04-11 09:05:00,-9.0,2026-04-11 09:30:00,2026-04-11 09:34:00,A46 ,105.0,14.94,7.03,5.33,1.56,4.0
49,2026-04-11,SN3740,2026-04-11 08:13:00,2026-04-11 07:50:00,-23.0,2026-04-11 08:19:00,2026-04-11 08:23:00,A70 ,131.0,10.12,12.94,4.04,2.06,4.0
49,2026-04-11,SN3752,2026-04-11 07:25:00,2026-04-11 07:39:00,14.0,2026-04-11 07:57:00,2026-04-11 08:00:00,A57 ,79.0,9.12,8.67,5.5,1.51,3.0
49,2026-04-11,SN3766,2026-04-11 06:55:00,2026-04-11 06:36:00,-19.0,2026-04-11 07:00:00,2026-04-11 07:05:00,A56 ,129.0,13.74,9.39,4.56,1.83,5.0
49,2026-04-11,SN3768,2026-04-11 07:31:00,2026-04-11 08:38:00,67.0,2026-04-11 08:59:00,2026-04-11 09:07:00,A66 ,129.0,15.62,8.26,5.38,1.55,8.0
49,2026-04-11,SN3774,2026-04-11 10:44:00,2026-04-11 10:30:00,-14.0,2026-04-11 11:02:00,2026-04-11 11:10:00,A72 ,106.0,12.36,8.58,5.1,1.63,8.0
49,2026-04-11,SN3782,2026-04-11 09:34:00,2026-04-11 09:27:00,-7.0,2026-04-11 09:52:00,2026-04-11 09:59:00,A56 ,129.0,9.4,13.72,5.56,1.5,7.0
49,2026-04-11,SN3784,2026-04-11 06:44:00,2026-04-11 06:32:00,-12.0,2026-04-11 08:12:00,2026-04-11 08:22:00,A45 ,113.0,13.01,8.68,6.39,1.3,10.0
49,2026-04-11,SN3806,2026-04-11 09:44:00,2026-04-11 09:37:00,-7.0,2026-04-11 10:02:00,2026-04-11 10:07:00,A54 ,120.0,14.03,8.55,6.36,1.31,5.0
49,2026-04-11,SN3820,2026-04-11 11:50:00,2026-04-11 12:03:00,13.0,2026-04-11 12:22:00,2026-04-11 12:27:00,A44 ,97.0,9.89,9.81,7.1,1.17,5.0
49,2026-04-11,SN3828,2026-04-11 10:54:00,2026-04-11 10:46:00,-8.0,2026-04-11 12:01:00,2026-04-11 12:20:00,A61 ,125.0,14.78,8.46,7.64,1.09,19.0
49,2026-04-11,SN3886,2026-04-11 10:15:00,2026-04-11 10:41:00,26.0,2026-04-11 10:53:00,2026-04-11 12:12:00,B14 A,152.0,14.75,10.31,4.01,1.66,79.0
49,2026-04-11,TB1502,2026-04-11 10:55:00,2026-04-11 12:16:00,81.0,2026-04-11 12:39:00,2026-04-11 12:54:00,A63 ,133.0,14.93,8.91,5.93,1.4,15.0
49,2026-04-11,TB1552,2026-04-11 07:15:00,2026-04-11 07:08:00,-7.0,2026-04-11 07:38:00,2026-04-11 07:45:00,A61 ,152.0,14.51,10.48,4.1,2.03,7.0
49,2026-04-11,TB1702,2026-04-11 09:26:00,2026-04-11 09:29:00,3.0,2026-04-11 09:48:00,2026-04-11 09:54:00,A43 ,151.0,11.74,12.87,4.04,2.06,6.0
49,2026-04-11,TB1704,2026-04-11 08:56:00,2026-04-11 08:41:00,-15.0,2026-04-11 09:04:00,2026-04-11 09:09:00,A65 ,147.0,12.48,11.78,4.84,1.72,5.0
49,2026-04-11,TB1756,2026-04-11 10:30:00,2026-04-11 10:37:00,7.0,2026-04-11 10:58:00,2026-04-11 12:09:00,A65 ,164.0,10.83,15.14,4.97,1.68,71.0
49,2026-04-11,TB1758,2026-04-11 10:32:00,2026-04-11 12:40:00,128.0,2026-04-11 13:03:00,2026-04-11 13:08:00,A72 ,142.0,12.98,10.94,4.25,1.96,5.0
49,2026-04-11,TB2031,2026-04-11 07:32:00,2026-04-11 07:08:00,-24.0,2026-04-11 07:24:00,2026-04-11 07:33:00,B30 A,152.0,11.48,13.24,4.7,1.9,9.0
49,2026-04-11,TB2614,2026-04-11 08:39:00,2026-04-11 08:51:00,12.0,2026-04-11 09:10:00,2026-04-11 09:15:00,B9  A,138.0,12.43,11.1,4.74,1.76,5.0
49,2026-04-11,TK1941,2026-04-11 09:30:00,2026-04-11 09:22:00,-8.0,2026-04-11 09:38:00,2026-04-11 09:46:00,B7  A,161.0,14.04,11.46,4.81,1.73,8.0
49,2026-04-11,TP644,2026-04-11 07:10:00,2026-04-11 07:04:00,-6.0,2026-04-11 07:24:00,2026-04-11 07:31:00,A53 ,123.0,12.46,9.87,4.44,1.88,7.0
49,2026-04-11,TP646,2026-04-11 10:02:00,2026-04-11 09:56:00,-6.0,2026-04-11 11:20:00,2026-04-11 11:29:00,A45 ,175.0,13.36,13.1,4.83,1.73,9.0
49,2026-04-11,VY1334,2026-04-11 07:06:00,2026-04-11 06:50:00,-16.0,2026-04-11 07:09:00,2026-04-11 07:11:00,A47 ,71.0,14.8,4.8,4.51,1.85,2.0
49,2026-04-11,VY8984,2026-04-11 06:55:00,2026-04-11 07:23:00,28.0,2026-04-11 07:33:00,2026-04-11 07:34:00,A45 ,55.0,8.98,6.12,4.47,1.86,1.0
50,2026-04-11,BA388,2026-04-11 06:19:00,2026-04-11 05:59:00,-20.0,2026-04-11 06:14:00,2026-04-11 06:18:00,B7  A,90.0,12.79,7.04,6.39,1.3,4.0
50,2026-04-11,FH8116,2026-04-11 06:35:00,2026-04-11 06:00:00,-35.0,2026-04-11 06:07:00,2026-04-11 06:09:00,B15 A,22.0,9.69,2.27,4.79,1.62,2.0
50,2026-04-11,HV9078,2026-04-11 10:31:00,2026-04-11 10:29:00,-2.0,2026-04-11 10:47:00,2026-04-11 10:50:00,A42 ,85.0,12.44,6.84,4.33,1.93,3.0
50,2026-04-11,IB1301,2026-04-11 06:06:00,2026-04-11 08:18:00,132.0,2026-04-11 08:38:00,2026-04-11 08:41:00,A61 ,70.0,12.26,5.71,5.56,1.5,3.0
50,2026-04-11,IB603,2026-04-11 07:37:00,2026-04-11 07:50:00,13.0,2026-04-11 08:07:00,2026-04-11 08:10:00,A51 ,81.0,11.35,7.14,4.31,1.94,3.0
50,2026-04-11,KM420,2026-04-11 07:21:00,2026-04-11 06:52:00,-29.0,2026-04-11 07:07:00,2026-04-11 07:20:00,A62 ,167.0,13.34,12.52,4.0,2.08,13.0
50,2026-04-11,LO231,2026-04-11 08:40:00,2026-04-11 08:34:00,-6.0,2026-04-11 08:52:00,2026-04-11 08:54:00,A55 ,22.0,10.5,2.1,5.26,1.58,2.0
50,2026-04-11,OS297,2026-04-11 06:16:00,2026-04-11 06:07:00,-9.0,2026-04-11 06:21:00,2026-04-11 06:24:00,A43 ,85.0,13.04,6.52,4.47,1.86,3.0
50,2026-04-11,SK597,2026-04-11 08:00:00,2026-04-11 07:51:00,-9.0,2026-04-11 08:07:00,2026-04-11 08:11:00,A47 ,68.0,11.42,5.96,4.56,1.83,4.0
50,2026-04-11,SN1138,2026-04-11 10:21:00,2026-04-11 10:01:00,-20.0,2026-04-11 10:21:00,2026-04-11 10:24:00,B28 A,87.0,11.48,7.58,5.0,1.6,3.0
50,2026-04-11,SN1574,2026-04-11 07:29:00,2026-04-11 07:17:00,-12.0,2026-04-11 07:50:00,2026-04-11 07:54:00,A49 ,106.0,16.26,6.52,5.65,1.48,4.0
50,2026-04-11,SN2652,2026-04-11 09:59:00,2026-04-11 09:45:00,-14.0,2026-04-11 10:08:00,2026-04-11 10:11:00,A60 ,89.0,12.3,7.24,3.78,2.21,3.0
50,2026-04-11,SN2906,2026-04-11 06:00:00,2026-04-11 05:57:00,-3.0,2026-04-11 06:15:00,2026-04-11 06:19:00,A68 ,33.0,10.94,3.02,4.34,1.92,4.0
50,2026-04-11,SN3132,2026-04-11 06:23:00,2026-04-11 06:00:00,-23.0,2026-04-11 06:28:00,2026-04-11 06:32:00,A44 ,109.0,11.86,9.19,4.67,1.78,4.0
50,2026-04-11,SN3182,2026-04-11 06:23:00,2026-04-11 06:40:00,17.0,2026-04-11 06:59:00,2026-04-11 07:03:00,A64 ,82.0,11.22,7.31,4.56,1.83,4.0
50,2026-04-11,SN3344,2026-04-11 06:18:00,2026-04-11 06:23:00,5.0,2026-04-11 06:45:00,2026-04-11 06:47:00,A66 ,41.0,11.7,3.5,5.63,1.48,2.0
50,2026-04-11,SN3738,2026-04-11 06:14:00,2026-04-11 06:01:00,-13.0,2026-04-11 06:16:00,2026-04-11 06:18:00,A46 ,77.0,9.43,8.17,6.23,1.34,2.0
50,2026-04-11,SN3740,2026-04-11 08:13:00,2026-04-11 07:50:00,-23.0,2026-04-11 08:19:00,2026-04-11 08:23:00,A70 ,131.0,13.01,10.07,5.5,1.51,4.0
50,2026-04-11,SN3752,2026-04-11 07:14:00,2026-04-11 07:18:00,4.0,2026-04-11 07:40:00,2026-04-11 07:43:00,A40 ,54.0,11.05,4.89,5.14,1.62,3.0
50,2026-04-11,SN3766,2026-04-11 06:55:00,2026-04-11 06:36:00,-19.0,2026-04-11 07:00:00,2026-04-11 07:05:00,A56 ,129.0,14.24,9.06,4.17,2.0,5.0
50,2026-04-11,SN3768,2026-04-11 07:31:00,2026-04-11 08:38:00,67.0,2026-04-11 08:59:00,2026-04-11 09:07:00,A66 ,129.0,15.25,8.46,4.85,1.72,8.0
50,2026-04-11,SN3774,2026-04-11 08:21:00,2026-04-11 08:11:00,-10.0,2026-04-11 08:34:00,2026-04-11 08:37:00,A52 ,64.0,10.65,6.01,5.03,1.66,3.0
50,2026-04-11,SN3782,2026-04-11 09:34:00,2026-04-11 09:27:00,-7.0,2026-04-11 09:52:00,2026-04-11 09:59:00,A56 ,129.0,12.47,10.34,5.79,1.44,7.0
50,2026-04-11,SN3784,2026-04-11 10:26:00,2026-04-11 10:13:00,-13.0,2026-04-11 10:35:00,2026-04-11 12:01:00,A50 ,134.0,14.32,9.36,4.78,1.74,86.0
50,2026-04-11,SN3806,2026-04-11 09:44:00,2026-04-11 09:37:00,-7.0,2026-04-11 10:02:00,2026-04-11 10:07:00,A54 ,120.0,12.2,9.83,5.29,1.58,5.0
50,2026-04-11,SN3820,2026-04-11 10:45:00,2026-04-11 11:02:00,17.0,2026-04-11 11:28:00,2026-04-11 11:32:00,A50 ,84.0,10.13,8.29,5.23,1.59,4.0
50,2026-04-11,SN3828,2026-04-11 10:54:00,2026-04-11 10:46:00,-8.0,2026-04-11 12:01:00,2026-04-11 12:20:00,A61 ,125.0,14.29,8.74,4.24,1.97,19.0
50,2026-04-11,SN3886,2026-04-11 10:15:00,2026-04-11 10:41:00,26.0,2026-04-11 10:53:00,2026-04-11 12:12:00,B14 A,152.0,14.71,10.33,4.59,1.45,79.0
50,2026-04-11,TB1502,2026-04-11 10:55:00,2026-04-11 12:16:00,81.0,2026-04-11 12:39:00,2026-04-11 12:54:00,A63 ,133.0,16.71,7.96,4.85,1.72,15.0
50,2026-04-11,TB1552,2026-04-11 10:15:00,2026-04-11 10:31:00,16.0,2026-04-11 10:50:00,2026-04-11 10:59:00,A69 ,164.0,11.36,14.44,4.46,1.87,9.0
50,2026-04-11,TB1702,2026-04-11 09:26:00,2026-04-11 09:29:00,3.0,2026-04-11 09:48:00,2026-04-11 09:54:00,A43 ,151.0,11.3,13.37,5.17,1.61,6.0
50,2026-04-11,TB1704,2026-04-11 08:56:00,2026-04-11 08:41:00,-15.0,2026-04-11 09:04:00,2026-04-11 09:09:00,A65 ,147.0,11.5,12.78,3.24,2.57,5.0
50,2026-04-11,TB1756,2026-04-11 10:30:00,2026-04-11 10:37:00,7.0,2026-04-11 10:58:00,2026-04-11 12:09:00,A65 ,164.0,11.58,14.16,4.62,1.8,71.0
50,2026-04-11,TB1758,2026-04-11 10:32:00,2026-04-11 12:40:00,128.0,2026-04-11 13:03:00,2026-04-11 13:08:00,A72 ,142.0,12.63,11.24,4.9,1.7,5.0
50,2026-04-11,TB2031,2026-04-11 07:32:00,2026-04-11 07:08:00,-24.0,2026-04-11 07:24:00,2026-04-11 07:33:00,B30 A,152.0,12.74,11.93,5.48,1.63,9.0
50,2026-04-11,TB2614,2026-04-11 08:39:00,2026-04-11 08:51:00,12.0,2026-04-11 09:10:00,2026-04-11 09:15:00,B9  A,138.0,15.06,9.16,3.91,2.13,5.0
50,2026-04-11,TK1941,2026-04-11 09:30:00,2026-04-11 09:22:00,-8.0,2026-04-11 09:38:00,2026-04-11 09:46:00,B7  A,161.0,15.43,10.44,3.85,2.17,8.0
50,2026-04-11,TP644,2026-04-11 07:10:00,2026-04-11 07:04:00,-6.0,2026-04-11 07:24:00,2026-04-11 07:31:00,A53 ,123.0,10.34,11.89,6.14,1.36,7.0
50,2026-04-11,TP646,2026-04-11 11:00:00,2026-04-11 12:19:00,79.0,2026-04-11 12:42:00,2026-04-11 12:51:00,A51 ,146.0,14.06,10.38,5.04,1.65,9.0
50,2026-04-11,VY1334,2026-04-11 07:06:00,2026-04-11 06:50:00,-16.0,2026-04-11 07:09:00,2026-04-11 07:11:00,A47 ,71.0,11.29,6.29,3.66,2.28,2.0
50,2026-04-11,VY8984,2026-04-11 09:06:00,2026-04-11 08:41:00,-25.0,2026-04-11 08:56:00,2026-04-11 09:00:00,A51 ,58.0,13.1,4.43,4.81,1.73,4.0
