Date,Flight,Scheduled Time,E/A Time,Delay,Scheduled Ha Block,Ha Block,From,To,Gate Nr.,Local Total
2026-04-01,AC832,2026-04-01 08:10:00,2026-04-01 07:39:00,-31.0,2026-04-01 08:17:00,2026-04-01 07:46:00,2026-04-01 08:02:00,2026-04-01 08:29:00,B30 A,122.0
2026-04-01,AY1541,2026-04-01 10:20:00,2026-04-01 10:05:00,-15.0,2026-04-01 10:27:00,2026-04-01 10:12:00,2026-04-01 10:30:00,2026-04-01 10:33:00,A56 ,57.0
2026-04-01,AY1545,2026-04-01 19:20:00,2026-04-01 19:07:00,-13.0,2026-04-01 19:25:00,2026-04-01 19:12:00,2026-04-01 19:27:00,2026-04-01 19:30:00,A45 ,34.0
2026-04-01,AY1549,2026-04-01 23:35:00,2026-04-01 23:05:00,-30.0,2026-04-01 23:40:00,2026-04-01 23:10:00,2026-04-01 23:22:00,2026-04-01 23:23:00,A53 ,32.0
2026-04-01,AZ148,2026-04-01 09:35:00,2026-04-01 09:24:00,-11.0,2026-04-01 09:40:00,2026-04-01 09:29:00,2026-04-01 09:50:00,2026-04-01 09:51:00,A55 ,1.0
2026-04-01,AZ154,2026-04-01 20:05:00,2026-04-01 19:52:00,-13.0,2026-04-01 20:10:00,2026-04-01 19:57:00,2026-04-01 20:16:00,2026-04-01 20:17:00,A49 ,15.0
2026-04-01,AZ156,2026-04-01 11:45:00,2026-04-01 11:30:00,-15.0,2026-04-01 11:53:00,2026-04-01 11:38:00,2026-04-01 11:53:00,2026-04-01 11:56:00,A49 ,35.0
2026-04-01,AZ160,2026-04-01 19:00:00,2026-04-01 19:03:00,3.0,2026-04-01 19:07:00,2026-04-01 19:10:00,2026-04-01 19:24:00,2026-04-01 19:26:00,A54 ,21.0
2026-04-01,BA384,2026-04-01 10:55:00,2026-04-01 10:44:00,-11.0,2026-04-01 10:59:00,2026-04-01 10:48:00,2026-04-01 11:07:00,2026-04-01 11:11:00,B29 A,36.0
2026-04-01,BA386,2026-04-01 16:15:00,2026-04-01 16:06:00,-9.0,2026-04-01 16:22:00,2026-04-01 16:13:00,2026-04-01 16:32:00,2026-04-01 16:37:00,B7  A,124.0
2026-04-01,BA390,2026-04-01 21:25:00,2026-04-01 21:10:00,-15.0,2026-04-01 21:29:00,2026-04-01 21:14:00,2026-04-01 21:31:00,2026-04-01 21:36:00,B30 A,86.0
2026-04-01,BT601,2026-04-01 09:55:00,2026-04-01 09:44:00,-11.0,2026-04-01 10:00:00,2026-04-01 09:49:00,2026-04-01 10:06:00,2026-04-01 10:11:00,A51 ,8.0
2026-04-01,BT603,2026-04-01 19:50:00,2026-04-01 19:29:00,-21.0,2026-04-01 19:58:00,2026-04-01 19:37:00,2026-04-01 19:47:00,2026-04-01 19:49:00,A68 ,12.0
2026-04-01,EI630,2026-04-01 10:40:00,2026-04-01 10:36:00,-4.0,2026-04-01 10:45:00,2026-04-01 10:41:00,2026-04-01 10:58:00,2026-04-01 11:03:00,B27 A,93.0
2026-04-01,EI638,2026-04-01 21:45:00,2026-04-01 21:21:00,-24.0,2026-04-01 21:50:00,2026-04-01 21:26:00,2026-04-01 21:44:00,2026-04-01 21:48:00,B38 A,91.0
2026-04-01,EK181,2026-04-01 20:30:00,2026-04-01 20:30:00,0.0,2026-04-01 20:35:00,2026-04-01 20:35:00,2026-04-01 20:49:00,2026-04-01 21:23:00,B37 A,214.0
2026-04-01,ET750,2026-04-01 08:05:00,2026-04-01 08:21:00,16.0,2026-04-01 08:10:00,2026-04-01 08:26:00,2026-04-01 08:46:00,2026-04-01 09:28:00,B11 A,391.0
2026-04-01,EY57,2026-04-01 09:00:00,2026-04-01 09:16:00,16.0,2026-04-01 09:06:00,2026-04-01 09:22:00,2026-04-01 09:35:00,2026-04-01 10:08:00,B5  A,121.0
2026-04-01,FB407,2026-04-01 20:45:00,2026-04-01 20:55:00,10.0,2026-04-01 20:49:00,2026-04-01 20:59:00,2026-04-01 21:15:00,2026-04-01 21:16:00,A45 ,13.0
2026-04-01,GQ1800,2026-04-01 08:50:00,2026-04-01 08:34:00,-16.0,2026-04-01 08:56:00,2026-04-01 08:40:00,2026-04-01 08:56:00,2026-04-01 09:09:00,A53 ,228.0
2026-04-01,GQ800,2026-04-01 14:05:00,2026-04-01 14:15:00,10.0,2026-04-01 14:11:00,2026-04-01 14:21:00,2026-04-01 14:39:00,2026-04-01 14:43:00,A51 ,32.0
2026-04-01,HV9004,2026-04-02 00:15:00,2026-04-02 00:13:00,-2.0,2026-04-02 00:20:00,2026-04-02 00:18:00,2026-04-02 00:32:00,2026-04-02 00:34:00,A52 ,77.0
2026-04-01,HV9012,2026-04-01 22:40:00,2026-04-01 22:41:00,1.0,2026-04-01 22:45:00,2026-04-01 22:46:00,2026-04-01 23:01:00,2026-04-01 23:03:00,A59 ,38.0
2026-04-01,IB597,2026-04-01 12:25:00,2026-04-01 12:22:00,-3.0,2026-04-01 12:31:00,2026-04-01 12:28:00,2026-04-01 12:39:00,2026-04-01 12:43:00,A43 ,74.0
2026-04-01,IB601,2026-04-01 20:00:00,2026-04-01 19:58:00,-2.0,2026-04-01 20:07:00,2026-04-01 20:05:00,2026-04-01 20:22:00,2026-04-01 20:31:00,A60 ,103.0
2026-04-01,IB603,2026-04-01 23:30:00,2026-04-01 23:26:00,-4.0,2026-04-01 23:35:00,2026-04-01 23:31:00,2026-04-01 23:46:00,2026-04-01 23:49:00,A51 ,61.0
2026-04-01,JU272,2026-04-01 21:25:00,2026-04-01 20:59:00,-26.0,2026-04-01 21:30:00,2026-04-01 21:04:00,2026-04-01 21:20:00,2026-04-01 21:21:00,B28 A,53.0
2026-04-01,KM420,2026-04-01 20:15:00,2026-04-01 19:57:00,-18.0,2026-04-01 20:20:00,2026-04-01 20:02:00,2026-04-01 20:20:00,2026-04-01 20:25:00,A63 ,66.0
2026-04-01,LH1004,2026-04-01 08:45:00,2026-04-01 08:48:00,3.0,2026-04-01 08:50:00,2026-04-01 08:53:00,2026-04-01 09:06:00,2026-04-01 09:12:00,A43 ,29.0
2026-04-01,LH2282,2026-04-01 08:55:00,2026-04-01 08:41:00,-14.0,2026-04-01 08:59:00,2026-04-01 08:45:00,2026-04-01 09:02:00,2026-04-01 09:04:00,A47 ,8.0
2026-04-01,LO231,2026-04-01 23:35:00,2026-04-01 23:21:00,-14.0,2026-04-01 23:40:00,2026-04-01 23:26:00,2026-04-01 23:44:00,2026-04-01 23:45:00,A57 ,12.0
2026-04-01,LO233,2026-04-01 19:40:00,2026-04-01 19:27:00,-13.0,2026-04-01 19:49:00,2026-04-01 19:36:00,2026-04-01 19:53:00,2026-04-01 19:54:00,A64 ,39.0
2026-04-01,LO235,2026-04-01 10:25:00,2026-04-01 09:54:00,-31.0,2026-04-01 10:34:00,2026-04-01 10:03:00,2026-04-01 10:15:00,2026-04-01 10:16:00,A60 ,9.0
2026-04-01,LO237,2026-04-01 13:30:00,2026-04-01 13:06:00,-24.0,2026-04-01 13:35:00,2026-04-01 13:11:00,2026-04-01 13:29:00,2026-04-01 13:31:00,A47 ,20.0
2026-04-01,LX780,2026-04-01 15:15:00,2026-04-01 15:19:00,4.0,2026-04-01 15:20:00,2026-04-01 15:24:00,2026-04-01 15:44:00,2026-04-01 15:46:00,A43 ,65.0
2026-04-01,LX786,2026-04-01 09:50:00,2026-04-01 10:18:00,28.0,2026-04-01 09:55:00,2026-04-01 10:23:00,2026-04-01 10:41:00,2026-04-01 10:48:00,A49 ,44.0
2026-04-01,LX788,2026-04-01 19:35:00,2026-04-01 19:38:00,3.0,2026-04-01 19:40:00,2026-04-01 19:43:00,2026-04-01 19:56:00,2026-04-01 20:26:00,A47 ,37.0
2026-04-01,ME215,2026-04-01 11:35:00,2026-04-01 11:14:00,-21.0,2026-04-01 11:39:00,2026-04-01 11:18:00,2026-04-01 11:45:00,2026-04-01 11:56:00,B31 A,128.0
2026-04-01,NH231,2026-04-01 18:35:00,2026-04-01 18:24:00,-11.0,2026-04-01 18:40:00,2026-04-01 18:29:00,2026-04-01 18:42:00,2026-04-01 19:12:00,B5  A,200.0
2026-04-01,OS291,2026-04-01 10:05:00,2026-04-01 09:49:00,-16.0,2026-04-01 10:11:00,2026-04-01 09:55:00,2026-04-01 10:06:00,2026-04-01 10:11:00,A47 ,13.0
2026-04-01,OS295,2026-04-01 17:45:00,2026-04-01 17:32:00,-13.0,2026-04-01 17:50:00,2026-04-01 17:37:00,2026-04-01 17:49:00,2026-04-01 17:51:00,A51 ,22.0
2026-04-01,OS297,2026-04-01 20:10:00,2026-04-01 20:02:00,-8.0,2026-04-01 20:14:00,2026-04-01 20:06:00,2026-04-01 20:26:00,2026-04-01 20:27:00,A51 ,14.0
2026-04-01,OU4456,2026-04-01 20:50:00,2026-04-01 20:52:00,2.0,2026-04-01 21:01:00,2026-04-01 21:03:00,2026-04-01 21:21:00,2026-04-01 21:23:00,A56 ,13.0
2026-04-01,OU456,2026-04-01 09:40:00,2026-04-01 09:22:00,-18.0,2026-04-01 09:47:00,2026-04-01 09:29:00,2026-04-01 09:51:00,2026-04-01 09:54:00,A49 ,4.0
2026-04-01,QS1002,2026-04-01 19:45:00,2026-04-01 19:25:00,-20.0,2026-04-01 19:51:00,2026-04-01 19:31:00,2026-04-01 19:42:00,2026-04-01 19:43:00,A62 ,13.0
2026-04-01,RO373,2026-04-01 19:35:00,2026-04-01 20:22:00,47.0,2026-04-01 19:45:00,2026-04-01 20:32:00,2026-04-01 20:50:00,2026-04-01 20:52:00,A66 ,12.0
2026-04-01,SK1589,2026-04-01 19:15:00,2026-04-01 19:01:00,-14.0,2026-04-01 19:20:00,2026-04-01 19:06:00,2026-04-01 19:24:00,2026-04-01 19:28:00,A43 ,67.0
2026-04-01,SK1593,2026-04-01 15:35:00,2026-04-01 15:35:00,0.0,2026-04-01 15:41:00,2026-04-01 15:41:00,2026-04-01 15:55:00,2026-04-01 15:59:00,A45 ,40.0
2026-04-01,SK4745,2026-04-01 21:30:00,2026-04-01 21:12:00,-18.0,2026-04-01 21:35:00,2026-04-01 21:17:00,2026-04-01 21:39:00,2026-04-01 21:44:00,A43 ,110.0
2026-04-01,SK589,2026-04-01 11:15:00,2026-04-01 10:48:00,-27.0,2026-04-01 11:26:00,2026-04-01 10:59:00,2026-04-01 11:09:00,2026-04-01 11:12:00,A40 ,53.0
2026-04-01,SK593,2026-04-01 10:40:00,2026-04-01 10:29:00,-11.0,2026-04-01 10:45:00,2026-04-01 10:34:00,2026-04-01 10:46:00,2026-04-01 10:47:00,A55 ,29.0
2026-04-01,SK597,2026-04-01 20:50:00,2026-04-01 20:43:00,-7.0,2026-04-01 20:56:00,2026-04-01 20:49:00,2026-04-01 21:05:00,2026-04-01 21:09:00,A47 ,64.0
2026-04-01,SN1154,2026-04-01 17:00:00,2026-04-01 17:07:00,7.0,2026-04-01 17:06:00,2026-04-01 17:13:00,2026-04-01 17:28:00,2026-04-01 18:00:00,B17 A,197.0
2026-04-01,SN206,2026-04-01 06:20:00,2026-04-01 06:43:00,23.0,2026-04-01 06:25:00,2026-04-01 06:48:00,2026-04-01 07:07:00,2026-04-01 07:30:00,B38 A,154.0
2026-04-01,SN2096,2026-04-01 21:00:00,2026-04-01 20:53:00,-7.0,2026-04-01 21:03:00,2026-04-01 20:56:00,2026-04-01 21:18:00,2026-04-01 21:20:00,B31 A,45.0
2026-04-01,SN2104,2026-04-01 09:55:00,2026-04-01 09:47:00,-8.0,2026-04-01 09:59:00,2026-04-01 09:51:00,2026-04-01 10:25:00,2026-04-01 10:48:00,B9  A,25.0
2026-04-01,SN2184,2026-04-01 09:30:00,2026-04-01 09:51:00,21.0,2026-04-01 09:35:00,2026-04-01 09:56:00,2026-04-01 10:25:00,2026-04-01 10:28:00,B36 A,17.0
2026-04-01,SN2258,2026-04-01 14:25:00,2026-04-01 14:21:00,-4.0,2026-04-01 14:28:00,2026-04-01 14:24:00,2026-04-01 14:41:00,2026-04-01 14:44:00,A42 ,25.0
2026-04-01,SN2260,2026-04-01 20:45:00,2026-04-01 20:45:00,0.0,2026-04-01 20:55:00,2026-04-01 20:55:00,2026-04-01 21:13:00,2026-04-01 21:16:00,A62 ,33.0
2026-04-01,SN2288,2026-04-01 09:45:00,2026-04-01 09:19:00,-26.0,2026-04-01 09:49:00,2026-04-01 09:23:00,2026-04-01 09:40:00,2026-04-01 09:41:00,A57 ,13.0
2026-04-01,SN2292,2026-04-01 16:05:00,2026-04-01 15:50:00,-15.0,2026-04-01 16:08:00,2026-04-01 15:53:00,2026-04-01 16:15:00,2026-04-01 16:16:00,A46 ,19.0
2026-04-01,SN2294,2026-04-01 20:50:00,2026-04-01 20:33:00,-17.0,2026-04-01 20:56:00,2026-04-01 20:39:00,2026-04-01 20:56:00,2026-04-01 21:00:00,A58 ,17.0
2026-04-01,SN2298,2026-04-01 09:45:00,2026-04-01 09:39:00,-6.0,2026-04-01 09:48:00,2026-04-01 09:42:00,2026-04-01 10:22:00,2026-04-01 10:23:00,A44 ,8.0
2026-04-01,SN2318,2026-04-01 21:00:00,2026-04-01 21:56:00,56.0,2026-04-01 21:05:00,2026-04-01 22:01:00,2026-04-01 22:21:00,2026-04-01 22:26:00,A57 ,20.0
2026-04-01,SN2324,2026-04-01 09:40:00,2026-04-01 09:28:00,-12.0,2026-04-01 09:43:00,2026-04-01 09:31:00,2026-04-01 10:08:00,2026-04-01 10:10:00,A46 ,3.0
2026-04-01,SN2372,2026-04-01 18:50:00,2026-04-01 18:27:00,-23.0,2026-04-01 18:57:00,2026-04-01 18:34:00,2026-04-01 18:47:00,2026-04-01 18:49:00,A48 ,13.0
2026-04-01,SN245,2026-04-01 06:50:00,2026-04-01 07:17:00,27.0,2026-04-01 06:54:00,2026-04-01 07:21:00,2026-04-01 07:44:00,2026-04-01 07:58:00,B37 A,13.0
2026-04-01,SN2548,2026-04-01 21:05:00,2026-04-01 20:41:00,-24.0,2026-04-01 21:18:00,2026-04-01 20:54:00,2026-04-01 21:05:00,2026-04-01 21:06:00,A68 ,13.0
2026-04-01,SN2556,2026-04-01 21:10:00,2026-04-01 20:47:00,-23.0,2026-04-01 21:19:00,2026-04-01 20:56:00,2026-04-01 21:15:00,2026-04-01 21:18:00,A70 ,71.0
2026-04-01,SN2560,2026-04-01 09:55:00,2026-04-01 09:41:00,-14.0,2026-04-01 10:00:00,2026-04-01 09:46:00,2026-04-01 10:04:00,2026-04-01 10:05:00,A59 ,2.0
2026-04-01,SN2580,2026-04-01 10:55:00,2026-04-01 10:46:00,-9.0,2026-04-01 11:06:00,2026-04-01 10:57:00,2026-04-01 11:15:00,2026-04-01 11:20:00,A52 ,5.0
2026-04-01,SN2582,2026-04-01 14:05:00,2026-04-01 14:45:00,40.0,2026-04-01 14:08:00,2026-04-01 14:48:00,2026-04-01 15:08:00,2026-04-01 15:11:00,A58 ,44.0
2026-04-01,SN2588,2026-04-01 21:10:00,2026-04-01 21:01:00,-9.0,2026-04-01 21:18:00,2026-04-01 21:09:00,2026-04-01 21:30:00,2026-04-01 21:31:00,A64 ,31.0
2026-04-01,SN2608,2026-04-01 11:10:00,2026-04-01 11:00:00,-10.0,2026-04-01 11:20:00,2026-04-01 11:10:00,2026-04-01 11:46:00,2026-04-01 11:50:00,A44 ,47.0
2026-04-01,SN2612,2026-04-01 14:40:00,2026-04-01 14:38:00,-2.0,2026-04-01 14:43:00,2026-04-01 14:41:00,2026-04-01 15:03:00,2026-04-01 15:06:00,A44 ,91.0
2026-04-01,SN2614,2026-04-01 18:30:00,2026-04-01 18:15:00,-15.0,2026-04-01 18:38:00,2026-04-01 18:23:00,2026-04-01 18:42:00,2026-04-01 18:44:00,A46 ,32.0
2026-04-01,SN2616,2026-04-01 21:40:00,2026-04-01 21:23:00,-17.0,2026-04-01 21:46:00,2026-04-01 21:29:00,2026-04-01 21:39:00,2026-04-01 21:40:00,A60 ,14.0
2026-04-01,SN2618,2026-04-01 23:35:00,2026-04-01 23:20:00,-15.0,2026-04-01 23:38:00,2026-04-01 23:23:00,2026-04-01 23:41:00,2026-04-01 23:44:00,A54 ,59.0
2026-04-01,SN2624,2026-04-01 13:50:00,2026-04-01 13:41:00,-9.0,2026-04-01 13:57:00,2026-04-01 13:48:00,2026-04-01 14:09:00,2026-04-01 14:10:00,A50 ,9.0
2026-04-01,SN2630,2026-04-01 09:15:00,2026-04-01 08:59:00,-16.0,2026-04-01 09:19:00,2026-04-01 09:03:00,2026-04-01 09:21:00,2026-04-01 09:28:00,A40 ,2.0
2026-04-01,SN2648,2026-04-01 18:15:00,2026-04-01 18:19:00,4.0,2026-04-01 18:25:00,2026-04-01 18:29:00,2026-04-01 18:42:00,2026-04-01 18:44:00,A42 ,30.0
2026-04-01,SN2652,2026-04-02 00:10:00,2026-04-01 23:51:00,-19.0,2026-04-02 00:13:00,2026-04-01 23:54:00,2026-04-02 00:12:00,2026-04-02 00:14:00,A60 ,47.0
2026-04-01,SN2714,2026-04-01 13:45:00,2026-04-01 14:03:00,18.0,2026-04-01 13:48:00,2026-04-01 14:06:00,2026-04-01 14:33:00,2026-04-01 14:35:00,A46 ,33.0
2026-04-01,SN2722,2026-04-01 19:30:00,2026-04-01 19:20:00,-10.0,2026-04-01 19:33:00,2026-04-01 19:23:00,2026-04-01 19:39:00,2026-04-01 19:40:00,A50 ,31.0
2026-04-01,SN2724,2026-04-01 23:30:00,2026-04-02 00:00:00,30.0,2026-04-01 23:35:00,2026-04-02 00:05:00,2026-04-02 00:29:00,2026-04-02 00:31:00,A47 ,41.0
2026-04-01,SN2726,2026-04-01 09:20:00,2026-04-01 09:46:00,26.0,2026-04-01 09:25:00,2026-04-01 09:51:00,2026-04-01 10:22:00,2026-04-01 10:24:00,A43 ,21.0
2026-04-01,SN2730,2026-04-01 11:15:00,2026-04-01 11:17:00,2.0,2026-04-01 11:23:00,2026-04-01 11:25:00,2026-04-01 12:06:00,2026-04-01 12:11:00,A46 ,47.0
2026-04-01,SN2810,2026-04-01 14:20:00,2026-04-01 14:05:00,-15.0,2026-04-01 14:23:00,2026-04-01 14:08:00,2026-04-01 14:26:00,2026-04-01 14:29:00,A56 ,35.0
2026-04-01,SN2812,2026-04-01 21:15:00,2026-04-01 20:56:00,-19.0,2026-04-01 21:23:00,2026-04-01 21:04:00,2026-04-01 21:22:00,2026-04-01 21:25:00,A40 ,30.0
2026-04-01,SN2816,2026-04-01 09:20:00,2026-04-01 08:58:00,-22.0,2026-04-01 09:24:00,2026-04-01 09:02:00,2026-04-01 09:20:00,2026-04-01 09:24:00,A58 ,2.0
2026-04-01,SN2826,2026-04-01 21:05:00,2026-04-01 20:39:00,-26.0,2026-04-01 21:14:00,2026-04-01 20:48:00,2026-04-01 21:02:00,2026-04-01 21:03:00,A54 ,17.0
2026-04-01,SN2830,2026-04-01 09:35:00,2026-04-01 09:10:00,-25.0,2026-04-01 09:38:00,2026-04-01 09:13:00,2026-04-01 10:25:00,2026-04-01 10:28:00,A48 ,9.0
2026-04-01,SN2902,2026-04-01 12:05:00,2026-04-01 11:52:00,-13.0,2026-04-01 12:17:00,2026-04-01 12:04:00,2026-04-01 12:18:00,2026-04-01 12:20:00,A50 ,23.0
2026-04-01,SN2906,2026-04-01 20:55:00,2026-04-01 20:50:00,-5.0,2026-04-01 21:00:00,2026-04-01 20:55:00,2026-04-01 21:16:00,2026-04-01 21:20:00,A53 ,66.0
2026-04-01,SN2908,2026-04-01 23:50:00,2026-04-01 23:48:00,-2.0,2026-04-01 23:55:00,2026-04-01 23:53:00,2026-04-02 00:05:00,2026-04-02 00:06:00,A55 ,12.0
2026-04-01,SN3126,2026-04-01 19:55:00,2026-04-01 20:00:00,5.0,2026-04-01 20:08:00,2026-04-01 20:13:00,2026-04-01 20:27:00,2026-04-01 20:28:00,A52 ,55.0
2026-04-01,SN3146,2026-04-01 12:00:00,2026-04-01 11:35:00,-25.0,2026-04-01 12:06:00,2026-04-01 11:41:00,2026-04-01 11:48:00,2026-04-01 11:50:00,A53 ,4.0
2026-04-01,SN3150,2026-04-01 21:20:00,2026-04-01 21:25:00,5.0,2026-04-01 21:23:00,2026-04-01 21:28:00,2026-04-01 21:41:00,2026-04-01 21:43:00,A44 ,11.0
2026-04-01,SN3154,2026-04-01 11:10:00,2026-04-01 11:10:00,0.0,2026-04-01 11:16:00,2026-04-01 11:16:00,2026-04-01 11:28:00,2026-04-01 11:42:00,A42 ,10.0
2026-04-01,SN3160,2026-04-02 00:15:00,2026-04-02 00:09:00,-6.0,2026-04-02 00:21:00,2026-04-02 00:15:00,2026-04-02 00:27:00,2026-04-02 00:28:00,A49 ,19.0
2026-04-01,SN3170,2026-04-01 16:20:00,2026-04-01 16:32:00,12.0,2026-04-01 16:23:00,2026-04-01 16:35:00,2026-04-01 16:53:00,2026-04-01 16:55:00,A42 ,12.0
2026-04-01,SN3176,2026-04-01 13:25:00,2026-04-01 13:36:00,11.0,2026-04-01 13:33:00,2026-04-01 13:44:00,2026-04-01 14:01:00,2026-04-01 14:03:00,A48 ,35.0
2026-04-01,SN3182,2026-04-01 21:20:00,2026-04-01 22:23:00,63.0,2026-04-01 21:25:00,2026-04-01 22:28:00,2026-04-01 22:47:00,2026-04-01 22:53:00,A47 ,35.0
2026-04-01,SN3184,2026-04-02 00:15:00,2026-04-02 02:47:00,152.0,2026-04-02 00:20:00,2026-04-02 02:52:00,2026-04-02 03:10:00,2026-04-02 03:13:00,A48 ,51.0
2026-04-01,SN319,2026-04-01 06:00:00,2026-04-01 06:31:00,31.0,2026-04-01 06:06:00,2026-04-01 06:37:00,2026-04-01 06:51:00,2026-04-01 07:11:00,B28 A,83.0
2026-04-01,SN3246,2026-04-01 18:50:00,2026-04-01 18:45:00,-5.0,2026-04-01 18:54:00,2026-04-01 18:49:00,2026-04-01 19:04:00,2026-04-01 19:06:00,A58 ,27.0
2026-04-01,SN3344,2026-04-01 21:15:00,2026-04-01 21:04:00,-11.0,2026-04-01 21:24:00,2026-04-01 21:13:00,2026-04-01 21:26:00,2026-04-01 21:27:00,A42 ,10.0
2026-04-01,SN3594,2026-04-01 09:30:00,2026-04-01 09:20:00,-10.0,2026-04-01 09:33:00,2026-04-01 09:23:00,2026-04-01 09:41:00,2026-04-01 09:48:00,A42 ,2.0
2026-04-01,SN3598,2026-04-01 16:15:00,2026-04-01 16:16:00,1.0,2026-04-01 16:18:00,2026-04-01 16:19:00,2026-04-01 16:32:00,2026-04-01 16:46:00,A40 ,37.0
2026-04-01,SN3604,2026-04-01 09:25:00,2026-04-01 09:07:00,-18.0,2026-04-01 09:32:00,2026-04-01 09:14:00,2026-04-01 09:32:00,2026-04-01 09:34:00,A50 ,6.0
2026-04-01,SN3618,2026-04-01 16:30:00,2026-04-01 16:23:00,-7.0,2026-04-01 16:35:00,2026-04-01 16:28:00,2026-04-01 16:39:00,2026-04-01 16:40:00,A44 ,23.0
2026-04-01,SN3622,2026-04-01 19:10:00,2026-04-01 19:11:00,1.0,2026-04-01 19:18:00,2026-04-01 19:19:00,2026-04-01 19:32:00,2026-04-01 19:33:00,A40 ,26.0
2026-04-01,SN3632,2026-04-01 10:30:00,2026-04-01 10:11:00,-19.0,2026-04-01 10:45:00,2026-04-01 10:26:00,2026-04-01 10:44:00,2026-04-01 10:52:00,A58 ,4.0
2026-04-01,SN3634,2026-04-01 11:55:00,2026-04-01 12:02:00,7.0,2026-04-01 12:04:00,2026-04-01 12:11:00,2026-04-01 12:40:00,2026-04-01 12:41:00,A60 ,10.0
2026-04-01,SN3668,2026-04-01 14:50:00,2026-04-01 14:53:00,3.0,2026-04-01 14:53:00,2026-04-01 14:56:00,2026-04-01 15:21:00,2026-04-01 15:22:00,A62 ,15.0
2026-04-01,SN3676,2026-04-01 09:35:00,2026-04-01 09:38:00,3.0,2026-04-01 09:41:00,2026-04-01 09:44:00,2026-04-01 10:02:00,2026-04-01 10:05:00,A45 ,9.0
2026-04-01,SN3698,2026-04-01 15:30:00,2026-04-01 16:12:00,42.0,2026-04-01 15:33:00,2026-04-01 16:15:00,2026-04-01 16:34:00,2026-04-01 16:37:00,A50 ,26.0
2026-04-01,SN3704,2026-04-01 18:15:00,2026-04-01 19:50:00,95.0,2026-04-01 18:18:00,2026-04-01 19:53:00,2026-04-01 20:11:00,2026-04-01 20:14:00,A44 ,18.0
2026-04-01,SN3706,2026-04-02 00:25:00,2026-04-02 00:35:00,10.0,2026-04-02 00:29:00,2026-04-02 00:39:00,2026-04-02 00:57:00,2026-04-02 00:59:00,A56 ,8.0
2026-04-01,SN3712,2026-04-01 19:40:00,2026-04-01 20:15:00,35.0,2026-04-01 19:46:00,2026-04-01 20:21:00,2026-04-01 20:49:00,2026-04-01 20:52:00,A46 ,57.0
2026-04-01,SN3722,2026-04-01 15:55:00,2026-04-01 17:15:00,80.0,2026-04-01 15:58:00,2026-04-01 17:18:00,2026-04-01 17:40:00,2026-04-01 17:43:00,A48 ,40.0
2026-04-01,SN3728,2026-04-01 20:55:00,2026-04-01 21:26:00,31.0,2026-04-01 21:00:00,2026-04-01 21:31:00,2026-04-01 22:02:00,2026-04-01 22:04:00,A59 ,24.0
2026-04-01,SN3736,2026-04-01 19:25:00,2026-04-01 19:36:00,11.0,2026-04-01 19:31:00,2026-04-01 19:42:00,2026-04-01 20:10:00,2026-04-01 20:13:00,A56 ,68.0
2026-04-01,SN3738,2026-04-02 00:10:00,2026-04-02 00:18:00,8.0,2026-04-02 00:13:00,2026-04-02 00:21:00,2026-04-02 02:06:00,2026-04-02 02:11:00,A50 ,47.0
2026-04-01,SN3752,2026-04-02 00:10:00,2026-04-02 00:54:00,44.0,2026-04-02 01:17:00,2026-04-02 02:01:00,2026-04-02 02:21:00,2026-04-02 02:26:00,A62 ,48.0
2026-04-01,SN3772,2026-04-01 12:35:00,2026-04-01 12:42:00,7.0,2026-04-01 12:38:00,2026-04-01 12:45:00,2026-04-01 13:02:00,2026-04-01 13:04:00,A42 ,44.0
2026-04-01,SN3782,2026-04-01 17:40:00,2026-04-01 17:43:00,3.0,2026-04-01 17:46:00,2026-04-01 17:49:00,2026-04-01 18:23:00,2026-04-01 18:28:00,A60 ,107.0
2026-04-01,SN3788,2026-04-01 01:05:00,2026-04-01 01:08:00,3.0,2026-04-01 01:10:00,2026-04-01 01:13:00,2026-04-01 01:40:00,2026-04-01 01:56:00,A45 ,138.0
2026-04-01,SN3802,2026-04-01 17:00:00,2026-04-01 16:55:00,-5.0,2026-04-01 17:04:00,2026-04-01 16:59:00,2026-04-01 17:19:00,2026-04-01 17:21:00,A54 ,42.0
2026-04-01,SN3804,2026-04-01 19:30:00,2026-04-01 20:58:00,88.0,2026-04-01 19:33:00,2026-04-01 21:01:00,2026-04-01 21:25:00,2026-04-01 21:27:00,A50 ,8.0
2026-04-01,SN3810,2026-04-01 21:10:00,2026-04-01 21:16:00,6.0,2026-04-01 21:14:00,2026-04-01 21:20:00,2026-04-01 21:41:00,2026-04-01 21:43:00,A48 ,45.0
2026-04-01,SN3812,2026-04-01 17:15:00,2026-04-01 17:25:00,10.0,2026-04-01 17:18:00,2026-04-01 17:28:00,2026-04-01 17:57:00,2026-04-01 18:00:00,A56 ,103.0
2026-04-01,SN3816,2026-04-01 16:40:00,2026-04-01 17:13:00,33.0,2026-04-01 16:43:00,2026-04-01 17:16:00,2026-04-01 17:37:00,2026-04-01 17:41:00,A46 ,43.0
2026-04-01,SN3820,2026-04-02 00:40:00,2026-04-02 00:40:00,0.0,2026-04-02 00:45:00,2026-04-02 00:45:00,2026-04-02 02:00:00,2026-04-02 02:02:00,A64 ,21.0
2026-04-01,SN465,2026-04-01 07:45:00,2026-04-01 07:46:00,1.0,2026-04-01 07:51:00,2026-04-01 07:52:00,2026-04-01 08:12:00,2026-04-01 08:36:00,B34 A,66.0
2026-04-01,TB1012,2026-04-01 13:30:00,2026-04-01 13:43:00,13.0,2026-04-01 13:35:00,2026-04-01 13:48:00,2026-04-01 14:04:00,2026-04-01 14:07:00,A57 ,73.0
2026-04-01,TB1552,2026-04-01 16:40:00,2026-04-01 16:53:00,13.0,2026-04-01 16:44:00,2026-04-01 16:57:00,2026-04-01 17:20:00,2026-04-01 17:27:00,A65 ,157.0
2026-04-01,TB1711,2026-04-01 18:10:00,2026-04-01 18:06:00,-4.0,2026-04-01 18:15:00,2026-04-01 18:11:00,2026-04-01 18:29:00,2026-04-01 18:33:00,A61 ,156.0
2026-04-01,TB1754,2026-04-01 23:25:00,2026-04-01 23:37:00,12.0,2026-04-01 23:29:00,2026-04-01 23:41:00,2026-04-02 00:01:00,2026-04-02 00:09:00,A63 ,167.0
2026-04-01,TB2511,2026-04-01 17:40:00,2026-04-01 18:01:00,21.0,2026-04-01 17:45:00,2026-04-01 18:06:00,2026-04-01 18:31:00,2026-04-01 18:37:00,B32 A,160.0
2026-04-01,TB2634,2026-04-01 22:20:00,2026-04-01 22:32:00,12.0,2026-04-01 22:26:00,2026-04-01 22:38:00,2026-04-01 22:57:00,2026-04-01 23:02:00,B14 A,133.0
2026-04-01,TG934,2026-04-01 08:15:00,2026-04-01 08:06:00,-9.0,2026-04-01 08:20:00,2026-04-01 08:11:00,2026-04-01 08:24:00,2026-04-01 08:56:00,B29 A,264.0
2026-04-01,TK1937,2026-04-01 11:10:00,2026-04-01 11:12:00,2.0,2026-04-01 11:17:00,2026-04-01 11:19:00,2026-04-01 11:38:00,2026-04-01 11:46:00,B30 A,148.0
2026-04-01,TK1939,2026-04-01 18:50:00,2026-04-01 18:34:00,-16.0,2026-04-01 18:56:00,2026-04-01 18:40:00,2026-04-01 18:58:00,2026-04-01 19:13:00,B11 A,149.0
2026-04-01,TK1941,2026-04-01 22:25:00,2026-04-01 21:49:00,-36.0,2026-04-01 22:30:00,2026-04-01 21:54:00,2026-04-01 22:28:00,2026-04-01 22:34:00,B9  A,143.0
2026-04-01,TK1943,2026-04-01 14:25:00,2026-04-01 14:00:00,-25.0,2026-04-01 14:33:00,2026-04-01 14:08:00,2026-04-01 14:20:00,2026-04-01 14:25:00,B7  A,72.0
2026-04-01,TP640,2026-04-01 12:00:00,2026-04-01 12:01:00,1.0,2026-04-01 12:06:00,2026-04-01 12:07:00,2026-04-01 12:28:00,2026-04-01 12:32:00,A51 ,118.0
2026-04-01,TP642,2026-04-01 16:05:00,2026-04-01 16:17:00,12.0,2026-04-01 16:12:00,2026-04-01 16:24:00,2026-04-01 16:36:00,2026-04-01 16:52:00,A57 ,118.0
2026-04-01,TP644,2026-04-01 21:05:00,2026-04-01 21:41:00,36.0,2026-04-01 21:12:00,2026-04-01 21:48:00,2026-04-01 22:03:00,2026-04-01 22:06:00,A51 ,63.0
2026-04-01,TP646,2026-04-02 00:55:00,2026-04-02 02:23:00,88.0,2026-04-02 01:04:00,2026-04-02 02:32:00,2026-04-02 02:46:00,2026-04-02 02:50:00,A59 ,30.0
2026-04-01,TU954,2026-04-01 12:25:00,2026-04-01 18:39:00,374.0,2026-04-01 12:29:00,2026-04-01 18:43:00,2026-04-01 18:59:00,2026-04-01 19:04:00,B29 A,114.0
2026-04-01,UA950,2026-04-01 08:15:00,2026-04-01 08:15:00,0.0,2026-04-01 08:20:00,2026-04-01 08:20:00,2026-04-01 08:36:00,2026-04-01 09:25:00,B38 A,176.0
2026-04-01,UA972,2026-04-01 10:00:00,2026-04-01 10:09:00,9.0,2026-04-01 10:06:00,2026-04-01 10:15:00,2026-04-01 10:33:00,2026-04-01 10:55:00,B38 A,101.0
2026-04-01,UA994,2026-04-01 08:45:00,2026-04-01 08:26:00,-19.0,2026-04-01 08:51:00,2026-04-01 08:32:00,2026-04-01 08:52:00,2026-04-01 09:25:00,B40 A,171.0
2026-04-01,UX1171,2026-04-01 10:45:00,2026-04-01 11:07:00,22.0,2026-04-01 10:52:00,2026-04-01 11:14:00,2026-04-01 11:33:00,2026-04-01 11:35:00,A48 ,66.0
2026-04-01,UX1173,2026-04-01 18:40:00,2026-04-01 18:52:00,12.0,2026-04-01 18:46:00,2026-04-01 18:58:00,2026-04-01 19:16:00,2026-04-01 19:19:00,A53 ,64.0
2026-04-01,VF65,2026-04-01 12:15:00,2026-04-01 11:48:00,-27.0,2026-04-01 12:21:00,2026-04-01 11:54:00,2026-04-01 12:11:00,2026-04-01 12:18:00,B27 A,117.0
2026-04-01,VY1334,2026-04-01 21:25:00,2026-04-01 21:38:00,13.0,2026-04-01 21:29:00,2026-04-01 21:42:00,2026-04-01 21:54:00,2026-04-01 21:56:00,A49 ,37.0
2026-04-01,VY2150,2026-04-01 20:40:00,2026-04-01 20:34:00,-6.0,2026-04-01 20:45:00,2026-04-01 20:39:00,2026-04-01 20:53:00,2026-04-01 20:55:00,A57 ,37.0
2026-04-01,VY3650,2026-04-01 18:45:00,2026-04-01 18:43:00,-2.0,2026-04-01 18:49:00,2026-04-01 18:47:00,2026-04-01 18:59:00,2026-04-01 19:03:00,A57 ,15.0
2026-04-01,VY8980,2026-04-01 10:45:00,2026-04-01 10:42:00,-3.0,2026-04-01 10:56:00,2026-04-01 10:53:00,2026-04-01 11:02:00,2026-04-01 11:03:00,A54 ,19.0
2026-04-01,VY8982,2026-04-01 18:25:00,2026-04-01 18:21:00,-4.0,2026-04-01 18:30:00,2026-04-01 18:26:00,2026-04-01 18:51:00,2026-04-01 18:53:00,A63 ,45.0
2026-04-01,VY8984,2026-04-01 21:15:00,2026-04-01 21:19:00,4.0,2026-04-01 21:21:00,2026-04-01 21:25:00,2026-04-01 21:42:00,2026-04-01 21:43:00,A55 ,38.0
2026-04-01,VY8986,2026-04-01 15:30:00,2026-04-01 15:15:00,-15.0,2026-04-01 15:35:00,2026-04-01 15:20:00,2026-04-01 15:34:00,2026-04-01 15:43:00,A53 ,38.0
2026-04-02,AC826,2026-04-02 09:50:00,2026-04-02 09:09:00,-41.0,2026-04-02 09:55:00,2026-04-02 09:14:00,2026-04-02 09:26:00,2026-04-02 09:54:00,B29 A,112.0
2026-04-02,AC832,2026-04-02 09:10:00,2026-04-02 08:37:00,-33.0,2026-04-02 09:18:00,2026-04-02 08:45:00,2026-04-02 09:06:00,2026-04-02 09:59:00,B28 A,110.0
2026-04-02,AY1541,2026-04-02 11:20:00,2026-04-02 10:59:00,-21.0,2026-04-02 11:25:00,2026-04-02 11:04:00,2026-04-02 11:19:00,2026-04-02 11:32:00,A55 ,89.0
2026-04-02,AY1545,2026-04-02 20:20:00,2026-04-02 20:18:00,-2.0,2026-04-02 20:25:00,2026-04-02 20:23:00,2026-04-02 20:37:00,2026-04-02 20:40:00,A57 ,48.0
2026-04-02,AY1549,2026-04-03 00:35:00,2026-04-03 00:10:00,-25.0,2026-04-03 00:40:00,2026-04-03 00:15:00,2026-04-03 00:26:00,2026-04-03 00:28:00,A57 ,20.0
2026-04-02,AZ148,2026-04-02 10:35:00,2026-04-02 10:25:00,-10.0,2026-04-02 10:41:00,2026-04-02 10:31:00,2026-04-02 10:48:00,2026-04-02 10:51:00,A47 ,23.0
2026-04-02,AZ154,2026-04-02 21:05:00,2026-04-02 21:00:00,-5.0,2026-04-02 21:10:00,2026-04-02 21:05:00,2026-04-02 21:33:00,2026-04-02 21:35:00,A55 ,33.0
2026-04-02,AZ160,2026-04-02 20:00:00,2026-04-02 19:57:00,-3.0,2026-04-02 20:06:00,2026-04-02 20:03:00,2026-04-02 20:31:00,2026-04-02 20:39:00,A47 ,80.0
2026-04-02,BA384,2026-04-02 11:55:00,2026-04-02 11:46:00,-9.0,2026-04-02 12:00:00,2026-04-02 11:51:00,2026-04-02 12:21:00,2026-04-02 12:37:00,B32 A,67.0
2026-04-02,BA386,2026-04-02 17:05:00,2026-04-02 16:59:00,-6.0,2026-04-02 17:10:00,2026-04-02 17:04:00,2026-04-02 17:29:00,2026-04-02 17:38:00,B7  A,122.0
2026-04-02,BA390,2026-04-02 22:25:00,2026-04-02 22:15:00,-10.0,2026-04-02 22:31:00,2026-04-02 22:21:00,2026-04-02 22:35:00,2026-04-02 22:37:00,B14 A,81.0
2026-04-02,BT603,2026-04-02 20:30:00,2026-04-02 20:44:00,14.0,2026-04-02 20:42:00,2026-04-02 20:56:00,2026-04-02 21:08:00,2026-04-02 21:11:00,A62 ,16.0
2026-04-02,CX275,2026-04-02 10:25:00,2026-04-02 10:15:00,-10.0,2026-04-02 10:29:00,2026-04-02 10:19:00,2026-04-02 10:39:00,2026-04-02 11:38:00,B31 A,264.0
2026-04-02,DL140,2026-04-02 09:40:00,2026-04-02 09:27:00,-13.0,2026-04-02 09:45:00,2026-04-02 09:32:00,2026-04-02 09:49:00,2026-04-02 10:26:00,B30 A,175.0
2026-04-02,EI638,2026-04-02 22:45:00,2026-04-02 22:39:00,-6.0,2026-04-02 22:49:00,2026-04-02 22:43:00,2026-04-02 23:11:00,2026-04-02 23:17:00,B40 A,127.0
2026-04-02,EK181,2026-04-02 21:30:00,2026-04-02 21:20:00,-10.0,2026-04-02 21:34:00,2026-04-02 21:24:00,2026-04-02 21:37:00,2026-04-02 22:04:00,B31 A,185.0
2026-04-02,ET750,2026-04-02 09:05:00,2026-04-02 09:07:00,2.0,2026-04-02 09:11:00,2026-04-02 09:13:00,2026-04-02 09:42:00,2026-04-02 10:46:00,B40 A,421.0
2026-04-02,EY57,2026-04-02 10:00:00,2026-04-02 11:37:00,97.0,2026-04-02 10:07:00,2026-04-02 11:44:00,2026-04-02 12:31:00,2026-04-02 12:43:00,B5  A,159.0
2026-04-02,FB407,2026-04-02 21:45:00,2026-04-02 21:33:00,-12.0,2026-04-02 21:50:00,2026-04-02 21:38:00,2026-04-02 22:00:00,2026-04-02 22:01:00,A57 ,8.0
2026-04-02,FI554,2026-04-02 14:55:00,2026-04-02 15:41:00,46.0,2026-04-02 14:59:00,2026-04-02 15:45:00,2026-04-02 16:03:00,2026-04-02 16:06:00,A59 ,83.0
2026-04-02,GQ800,2026-04-02 15:05:00,2026-04-02 15:04:00,-1.0,2026-04-02 15:11:00,2026-04-02 15:10:00,2026-04-02 15:21:00,2026-04-02 15:23:00,A57 ,27.0
2026-04-02,HV9034,2026-04-03 01:20:00,2026-04-03 01:55:00,35.0,2026-04-03 02:25:00,2026-04-03 03:00:00,2026-04-03 03:16:00,2026-04-03 03:20:00,A65 ,60.0
2026-04-02,HV9078,2026-04-03 01:15:00,2026-04-03 01:48:00,33.0,2026-04-03 01:21:00,2026-04-03 01:54:00,2026-04-03 03:10:00,2026-04-03 03:12:00,A62 ,29.0
2026-04-02,IB597,2026-04-02 13:25:00,2026-04-02 13:18:00,-7.0,2026-04-02 13:31:00,2026-04-02 13:24:00,2026-04-02 13:37:00,2026-04-02 13:39:00,A59 ,69.0
2026-04-02,IB601,2026-04-02 21:00:00,2026-04-02 20:56:00,-4.0,2026-04-02 21:06:00,2026-04-02 21:02:00,2026-04-02 21:16:00,2026-04-02 21:21:00,A51 ,92.0
2026-04-02,IB603,2026-04-03 00:30:00,2026-04-03 00:26:00,-4.0,2026-04-03 00:35:00,2026-04-03 00:31:00,2026-04-03 00:47:00,2026-04-03 00:49:00,A49 ,63.0
2026-04-02,KM420,2026-04-02 21:15:00,2026-04-02 20:52:00,-23.0,2026-04-02 21:20:00,2026-04-02 20:57:00,2026-04-02 21:20:00,2026-04-02 21:26:00,A67 ,156.0
2026-04-02,LH1004,2026-04-02 09:45:00,2026-04-02 09:48:00,3.0,2026-04-02 09:50:00,2026-04-02 09:53:00,2026-04-02 10:20:00,2026-04-02 10:27:00,A43 ,33.0
2026-04-02,LH2282,2026-04-02 09:55:00,2026-04-02 09:50:00,-5.0,2026-04-02 10:01:00,2026-04-02 09:56:00,2026-04-02 10:14:00,2026-04-02 10:17:00,A45 ,4.0
2026-04-02,LO231,2026-04-03 00:35:00,2026-04-03 00:24:00,-11.0,2026-04-03 00:40:00,2026-04-03 00:29:00,2026-04-03 00:47:00,2026-04-03 00:49:00,A53 ,14.0
2026-04-02,LO233,2026-04-02 20:40:00,2026-04-02 20:50:00,10.0,2026-04-02 20:48:00,2026-04-02 20:58:00,2026-04-02 21:14:00,2026-04-02 21:16:00,A44 ,33.0
2026-04-02,LO235,2026-04-02 11:25:00,2026-04-02 11:06:00,-19.0,2026-04-02 11:31:00,2026-04-02 11:12:00,2026-04-02 11:25:00,2026-04-02 11:27:00,A57 ,13.0
2026-04-02,LO237,2026-04-02 18:00:00,2026-04-02 17:41:00,-19.0,2026-04-02 18:05:00,2026-04-02 17:46:00,2026-04-02 18:04:00,2026-04-02 18:06:00,A53 ,34.0
2026-04-02,LX780,2026-04-02 16:15:00,2026-04-02 16:12:00,-3.0,2026-04-02 16:21:00,2026-04-02 16:18:00,2026-04-02 16:33:00,2026-04-02 16:35:00,A43 ,60.0
2026-04-02,LX786,2026-04-02 10:50:00,2026-04-02 10:49:00,-1.0,2026-04-02 10:56:00,2026-04-02 10:55:00,2026-04-02 11:22:00,2026-04-02 11:34:00,A43 ,65.0
2026-04-02,LX788,2026-04-02 20:35:00,2026-04-02 20:29:00,-6.0,2026-04-02 20:39:00,2026-04-02 20:33:00,2026-04-02 20:53:00,2026-04-02 20:56:00,A45 ,66.0
2026-04-02,MS725,2026-04-02 16:45:00,2026-04-02 16:48:00,3.0,2026-04-02 16:50:00,2026-04-02 16:53:00,2026-04-02 17:09:00,2026-04-02 17:26:00,B5  A,178.0
2026-04-02,OS291,2026-04-02 11:05:00,2026-04-02 10:55:00,-10.0,2026-04-02 11:10:00,2026-04-02 11:00:00,2026-04-02 11:14:00,2026-04-02 11:17:00,A45 ,36.0
2026-04-02,OS295,2026-04-02 18:45:00,2026-04-02 18:32:00,-13.0,2026-04-02 18:50:00,2026-04-02 18:37:00,2026-04-02 18:49:00,2026-04-02 18:51:00,A45 ,18.0
2026-04-02,OS297,2026-04-02 21:10:00,2026-04-02 20:58:00,-12.0,2026-04-02 21:15:00,2026-04-02 21:03:00,2026-04-02 21:19:00,2026-04-02 21:22:00,A43 ,20.0
2026-04-02,OU4456,2026-04-02 21:50:00,2026-04-02 21:31:00,-19.0,2026-04-02 21:56:00,2026-04-02 21:37:00,2026-04-02 21:46:00,2026-04-02 21:47:00,A53 ,4.0
2026-04-02,QS1002,2026-04-02 20:45:00,2026-04-02 20:38:00,-7.0,2026-04-02 20:50:00,2026-04-02 20:43:00,2026-04-02 20:54:00,2026-04-02 21:05:00,A59 ,13.0
2026-04-02,RJ141,2026-04-02 17:15:00,2026-04-02 16:46:00,-29.0,2026-04-02 17:21:00,2026-04-02 16:52:00,2026-04-02 17:13:00,2026-04-02 17:23:00,B11 A,159.0
2026-04-02,RO373,2026-04-02 20:05:00,2026-04-02 20:09:00,4.0,2026-04-02 20:10:00,2026-04-02 20:14:00,2026-04-02 20:35:00,2026-04-02 20:37:00,A49 ,16.0
2026-04-02,SK1589,2026-04-02 20:15:00,2026-04-02 19:59:00,-16.0,2026-04-02 20:20:00,2026-04-02 20:04:00,2026-04-02 20:20:00,2026-04-02 20:28:00,A61 ,91.0
2026-04-02,SK1593,2026-04-02 16:35:00,2026-04-02 16:26:00,-9.0,2026-04-02 16:41:00,2026-04-02 16:32:00,2026-04-02 16:50:00,2026-04-02 16:53:00,A53 ,72.0
2026-04-02,SK4743,2026-04-02 12:40:00,2026-04-02 12:37:00,-3.0,2026-04-02 12:46:00,2026-04-02 12:43:00,2026-04-02 13:05:00,2026-04-02 13:07:00,A53 ,66.0
2026-04-02,SK589,2026-04-02 12:15:00,2026-04-02 11:53:00,-22.0,2026-04-02 12:23:00,2026-04-02 12:01:00,2026-04-02 12:25:00,2026-04-02 12:43:00,A52 ,65.0
2026-04-02,SK593,2026-04-02 11:40:00,2026-04-02 11:31:00,-9.0,2026-04-02 11:54:00,2026-04-02 11:45:00,2026-04-02 11:59:00,2026-04-02 12:02:00,A53 ,61.0
2026-04-02,SK597,2026-04-02 21:50:00,2026-04-02 21:38:00,-12.0,2026-04-02 21:55:00,2026-04-02 21:43:00,2026-04-02 21:57:00,2026-04-02 21:58:00,A65 ,16.0
2026-04-02,SN1028,2026-04-02 21:05:00,2026-04-02 20:35:00,-30.0,2026-04-02 21:09:00,2026-04-02 20:39:00,2026-04-02 21:03:00,2026-04-02 21:09:00,A54 ,112.0
2026-04-02,SN2096,2026-04-02 22:00:00,2026-04-02 22:18:00,18.0,2026-04-02 22:05:00,2026-04-02 22:23:00,2026-04-02 22:58:00,2026-04-02 23:04:00,B28 A,39.0
2026-04-02,SN2258,2026-04-02 15:25:00,2026-04-02 15:20:00,-5.0,2026-04-02 15:32:00,2026-04-02 15:27:00,2026-04-02 15:45:00,2026-04-02 15:47:00,A56 ,51.0
2026-04-02,SN2260,2026-04-02 21:45:00,2026-04-02 21:23:00,-22.0,2026-04-02 21:55:00,2026-04-02 21:33:00,2026-04-02 21:44:00,2026-04-02 21:46:00,A40 ,17.0
2026-04-02,SN2264,2026-04-03 01:10:00,2026-04-03 03:52:00,162.0,2026-04-03 01:13:00,2026-04-03 03:55:00,2026-04-03 04:13:00,2026-04-03 04:14:00,A46 ,5.0
2026-04-02,SN2268,2026-04-02 10:25:00,2026-04-02 10:06:00,-19.0,2026-04-02 10:30:00,2026-04-02 10:11:00,2026-04-02 10:29:00,2026-04-02 10:33:00,A59 ,1.0
2026-04-02,SN2288,2026-04-02 10:45:00,2026-04-02 10:50:00,5.0,2026-04-02 10:49:00,2026-04-02 10:54:00,2026-04-02 11:23:00,2026-04-02 11:25:00,A40 ,36.0
2026-04-02,SN2292,2026-04-02 17:05:00,2026-04-02 17:01:00,-4.0,2026-04-02 17:13:00,2026-04-02 17:09:00,2026-04-02 17:33:00,2026-04-02 17:36:00,A56 ,40.0
2026-04-02,SN2294,2026-04-02 21:50:00,2026-04-02 21:53:00,3.0,2026-04-02 21:58:00,2026-04-02 22:01:00,2026-04-02 22:27:00,2026-04-02 22:35:00,A46 ,7.0
2026-04-02,SN2298,2026-04-02 10:45:00,2026-04-02 10:45:00,0.0,2026-04-02 10:51:00,2026-04-02 10:51:00,2026-04-02 11:16:00,2026-04-02 11:17:00,A51 ,7.0
2026-04-02,SN2318,2026-04-02 22:00:00,2026-04-02 22:08:00,8.0,2026-04-02 22:13:00,2026-04-02 22:21:00,2026-04-02 22:42:00,2026-04-02 22:46:00,A54 ,33.0
2026-04-02,SN2324,2026-04-02 10:40:00,2026-04-02 10:43:00,3.0,2026-04-02 10:43:00,2026-04-02 10:46:00,2026-04-02 11:27:00,2026-04-02 11:28:00,A50 ,16.0
2026-04-02,SN241,2026-04-02 07:50:00,2026-04-02 07:36:00,-14.0,2026-04-02 07:57:00,2026-04-02 07:43:00,2026-04-02 08:29:00,2026-04-02 08:41:00,B30 A,11.0
2026-04-02,SN2556,2026-04-02 22:10:00,2026-04-02 21:58:00,-12.0,2026-04-02 22:24:00,2026-04-02 22:12:00,2026-04-02 22:30:00,2026-04-02 22:32:00,A62 ,12.0
2026-04-02,SN2580,2026-04-02 11:55:00,2026-04-02 11:51:00,-4.0,2026-04-02 12:01:00,2026-04-02 11:57:00,2026-04-02 12:15:00,2026-04-02 12:18:00,A49 ,6.0
2026-04-02,SN2582,2026-04-02 15:05:00,2026-04-02 14:51:00,-14.0,2026-04-02 15:10:00,2026-04-02 14:56:00,2026-04-02 15:24:00,2026-04-02 15:26:00,A55 ,23.0
2026-04-02,SN2588,2026-04-02 22:10:00,2026-04-02 21:47:00,-23.0,2026-04-02 22:15:00,2026-04-02 21:52:00,2026-04-02 22:06:00,2026-04-02 22:07:00,A61 ,23.0
2026-04-02,SN2590,2026-04-03 00:15:00,2026-04-02 23:45:00,-30.0,2026-04-03 00:22:00,2026-04-02 23:52:00,2026-04-03 00:20:00,2026-04-03 00:21:00,A60 ,11.0
2026-04-02,SN2592,2026-04-02 10:20:00,2026-04-02 10:33:00,13.0,2026-04-02 10:27:00,2026-04-02 10:40:00,2026-04-02 11:04:00,2026-04-02 11:05:00,A42 ,2.0
2026-04-02,SN2608,2026-04-02 12:10:00,2026-04-02 12:08:00,-2.0,2026-04-02 12:21:00,2026-04-02 12:19:00,2026-04-02 12:44:00,2026-04-02 12:47:00,A50 ,31.0
2026-04-02,SN2610,2026-04-02 14:45:00,2026-04-02 14:33:00,-12.0,2026-04-02 14:53:00,2026-04-02 14:41:00,2026-04-02 14:56:00,2026-04-02 14:59:00,A50 ,48.0
2026-04-02,SN2612,2026-04-02 15:40:00,2026-04-02 15:33:00,-7.0,2026-04-02 15:45:00,2026-04-02 15:38:00,2026-04-02 15:55:00,2026-04-02 15:57:00,A61 ,56.0
2026-04-02,SN2614,2026-04-02 19:30:00,2026-04-02 19:42:00,12.0,2026-04-02 19:36:00,2026-04-02 19:48:00,2026-04-02 20:18:00,2026-04-02 20:20:00,A60 ,33.0
2026-04-02,SN2618,2026-04-03 00:35:00,2026-04-03 00:28:00,-7.0,2026-04-03 00:39:00,2026-04-03 00:32:00,2026-04-03 00:43:00,2026-04-03 00:45:00,A61 ,42.0
2026-04-02,SN2624,2026-04-02 14:50:00,2026-04-02 14:38:00,-12.0,2026-04-02 14:56:00,2026-04-02 14:44:00,2026-04-02 15:03:00,2026-04-02 15:05:00,A60 ,27.0
2026-04-02,SN2630,2026-04-02 10:15:00,2026-04-02 10:08:00,-7.0,2026-04-02 10:18:00,2026-04-02 10:11:00,2026-04-02 10:29:00,2026-04-02 10:36:00,A48 ,6.0
2026-04-02,SN2642,2026-04-02 12:20:00,2026-04-02 12:15:00,-5.0,2026-04-02 12:27:00,2026-04-02 12:22:00,2026-04-02 12:46:00,2026-04-02 12:47:00,A60 ,19.0
2026-04-02,SN2644,2026-04-02 15:10:00,2026-04-02 15:02:00,-8.0,2026-04-02 15:13:00,2026-04-02 15:05:00,2026-04-02 15:17:00,2026-04-02 15:21:00,A46 ,36.0
2026-04-02,SN2648,2026-04-02 19:15:00,2026-04-02 19:08:00,-7.0,2026-04-02 19:21:00,2026-04-02 19:14:00,2026-04-02 19:28:00,2026-04-02 19:31:00,A42 ,67.0
2026-04-02,SN2650,2026-04-02 21:55:00,2026-04-02 21:45:00,-10.0,2026-04-02 22:02:00,2026-04-02 21:52:00,2026-04-02 22:04:00,2026-04-02 22:07:00,A52 ,28.0
2026-04-02,SN2652,2026-04-03 01:10:00,2026-04-03 01:12:00,2.0,2026-04-03 01:15:00,2026-04-03 01:17:00,2026-04-03 01:30:00,2026-04-03 01:31:00,A59 ,27.0
2026-04-02,SN2712,2026-04-02 11:35:00,2026-04-02 11:44:00,9.0,2026-04-02 11:47:00,2026-04-02 11:56:00,2026-04-02 12:32:00,2026-04-02 12:33:00,A46 ,11.0
2026-04-02,SN2714,2026-04-02 14:45:00,2026-04-02 14:49:00,4.0,2026-04-02 14:49:00,2026-04-02 14:53:00,2026-04-02 15:18:00,2026-04-02 15:21:00,A44 ,61.0
2026-04-02,SN2722,2026-04-02 20:30:00,2026-04-02 20:22:00,-8.0,2026-04-02 20:34:00,2026-04-02 20:26:00,2026-04-02 20:40:00,2026-04-02 20:42:00,A52 ,35.0
2026-04-02,SN2724,2026-04-03 00:30:00,2026-04-03 01:06:00,36.0,2026-04-03 00:34:00,2026-04-03 01:10:00,2026-04-03 01:47:00,2026-04-03 01:50:00,A69 ,49.0
2026-04-02,SN2726,2026-04-02 10:20:00,2026-04-02 10:17:00,-3.0,2026-04-02 10:24:00,2026-04-02 10:21:00,2026-04-02 10:47:00,2026-04-02 10:49:00,A52 ,14.0
2026-04-02,SN2730,2026-04-02 12:15:00,2026-04-02 12:06:00,-9.0,2026-04-02 12:26:00,2026-04-02 12:17:00,2026-04-02 12:41:00,2026-04-02 12:47:00,A58 ,44.0
2026-04-02,SN2732,2026-04-02 23:30:00,2026-04-02 23:17:00,-13.0,2026-04-02 23:35:00,2026-04-02 23:22:00,2026-04-02 23:35:00,2026-04-02 23:41:00,A51 ,72.0
2026-04-02,SN2810,2026-04-02 15:20:00,2026-04-02 15:09:00,-11.0,2026-04-02 15:24:00,2026-04-02 15:13:00,2026-04-02 15:29:00,2026-04-02 15:30:00,A54 ,13.0
2026-04-02,SN2812,2026-04-02 22:15:00,2026-04-02 21:51:00,-24.0,2026-04-02 22:22:00,2026-04-02 21:58:00,2026-04-02 22:10:00,2026-04-02 22:12:00,A58 ,34.0
2026-04-02,SN2814,2026-04-03 00:45:00,2026-04-03 00:22:00,-23.0,2026-04-03 00:50:00,2026-04-03 00:27:00,2026-04-03 00:34:00,2026-04-03 00:35:00,A55 ,9.0
2026-04-02,SN2816,2026-04-02 10:20:00,2026-04-02 10:20:00,0.0,2026-04-02 10:28:00,2026-04-02 10:28:00,2026-04-02 10:56:00,2026-04-02 10:57:00,A60 ,10.0
2026-04-02,SN2826,2026-04-02 22:05:00,2026-04-02 22:06:00,1.0,2026-04-02 22:19:00,2026-04-02 22:20:00,2026-04-02 22:36:00,2026-04-02 22:38:00,A56 ,46.0
2026-04-02,SN2830,2026-04-02 10:35:00,2026-04-02 10:35:00,0.0,2026-04-02 10:43:00,2026-04-02 10:43:00,2026-04-02 11:04:00,2026-04-02 11:05:00,A46 ,20.0
2026-04-02,SN2902,2026-04-02 13:05:00,2026-04-02 12:41:00,-24.0,2026-04-02 13:14:00,2026-04-02 12:50:00,2026-04-02 13:02:00,2026-04-02 13:05:00,A56 ,29.0
2026-04-02,SN2906,2026-04-02 21:55:00,2026-04-02 21:36:00,-19.0,2026-04-02 22:02:00,2026-04-02 21:43:00,2026-04-02 22:04:00,2026-04-02 22:06:00,A50 ,66.0
2026-04-02,SN2908,2026-04-03 00:50:00,2026-04-03 00:38:00,-12.0,2026-04-03 00:53:00,2026-04-03 00:41:00,2026-04-03 00:55:00,2026-04-03 00:57:00,A66 ,38.0
2026-04-02,SN3126,2026-04-02 20:00:00,2026-04-02 20:48:00,48.0,2026-04-02 20:04:00,2026-04-02 20:52:00,2026-04-02 21:17:00,2026-04-02 21:21:00,A48 ,70.0
2026-04-02,SN3132,2026-04-02 19:40:00,2026-04-02 19:26:00,-14.0,2026-04-02 19:43:00,2026-04-02 19:29:00,2026-04-02 19:53:00,2026-04-02 19:55:00,A44 ,31.0
2026-04-02,SN3140,2026-04-02 15:40:00,2026-04-02 16:00:00,20.0,2026-04-02 15:44:00,2026-04-02 16:04:00,2026-04-02 16:16:00,2026-04-02 16:18:00,A58 ,23.0
2026-04-02,SN3146,2026-04-02 13:00:00,2026-04-02 12:54:00,-6.0,2026-04-02 13:08:00,2026-04-02 13:02:00,2026-04-02 13:20:00,2026-04-02 13:22:00,A48 ,6.0
2026-04-02,SN3148,2026-04-02 16:45:00,2026-04-02 16:36:00,-9.0,2026-04-02 16:52:00,2026-04-02 16:43:00,2026-04-02 16:57:00,2026-04-02 17:00:00,A44 ,63.0
2026-04-02,SN3150,2026-04-02 22:20:00,2026-04-02 22:36:00,16.0,2026-04-02 22:27:00,2026-04-02 22:43:00,2026-04-02 23:05:00,2026-04-02 23:07:00,A66 ,35.0
2026-04-02,SN3154,2026-04-02 12:10:00,2026-04-02 11:56:00,-14.0,2026-04-02 12:19:00,2026-04-02 12:05:00,2026-04-02 12:22:00,2026-04-02 12:24:00,A44 ,24.0
2026-04-02,SN3160,2026-04-03 01:15:00,2026-04-03 00:57:00,-18.0,2026-04-03 01:18:00,2026-04-03 01:00:00,2026-04-03 01:08:00,2026-04-03 01:09:00,A54 ,14.0
2026-04-02,SN3170,2026-04-02 17:20:00,2026-04-02 17:20:00,0.0,2026-04-02 17:24:00,2026-04-02 17:24:00,2026-04-02 17:43:00,2026-04-02 17:56:00,A52 ,52.0
2026-04-02,SN3176,2026-04-02 14:25:00,2026-04-02 16:13:00,108.0,2026-04-02 14:33:00,2026-04-02 16:21:00,2026-04-02 16:46:00,2026-04-02 16:49:00,A40 ,81.0
2026-04-02,SN3182,2026-04-02 22:20:00,2026-04-02 22:19:00,-1.0,2026-04-02 22:27:00,2026-04-02 22:26:00,2026-04-02 22:56:00,2026-04-02 22:57:00,A48 ,37.0
2026-04-02,SN3184,2026-04-03 01:15:00,2026-04-03 01:28:00,13.0,2026-04-03 01:19:00,2026-04-03 01:32:00,2026-04-03 01:47:00,2026-04-03 01:51:00,A64 ,19.0
2026-04-02,SN3202,2026-04-02 16:20:00,2026-04-02 16:30:00,10.0,2026-04-02 16:23:00,2026-04-02 16:33:00,2026-04-02 17:07:00,2026-04-02 17:14:00,A48 ,89.0
2026-04-02,SN3208,2026-04-02 10:40:00,2026-04-02 10:30:00,-10.0,2026-04-02 10:45:00,2026-04-02 10:35:00,2026-04-02 10:53:00,2026-04-02 10:58:00,A53 ,4.0
2026-04-02,SN3246,2026-04-02 19:50:00,2026-04-02 19:39:00,-11.0,2026-04-02 19:53:00,2026-04-02 19:42:00,2026-04-02 20:08:00,2026-04-02 20:11:00,A46 ,16.0
2026-04-02,SN3326,2026-04-02 04:20:00,2026-04-02 04:25:00,5.0,2026-04-02 04:23:00,2026-04-02 04:28:00,2026-04-02 04:41:00,2026-04-02 05:06:00,B37 A,140.0
2026-04-02,SN3344,2026-04-02 22:15:00,2026-04-02 22:05:00,-10.0,2026-04-02 22:23:00,2026-04-02 22:13:00,2026-04-02 22:37:00,2026-04-02 22:41:00,A64 ,66.0
2026-04-02,SN358,2026-04-02 08:15:00,2026-04-02 08:18:00,3.0,2026-04-02 08:21:00,2026-04-02 08:24:00,2026-04-02 08:42:00,2026-04-02 09:09:00,B14 A,112.0
2026-04-02,SN3588,2026-04-02 16:35:00,2026-04-02 16:41:00,6.0,2026-04-02 16:42:00,2026-04-02 16:48:00,2026-04-02 17:06:00,2026-04-02 17:09:00,A54 ,4.0
2026-04-02,SN3594,2026-04-02 10:30:00,2026-04-02 10:29:00,-1.0,2026-04-02 10:33:00,2026-04-02 10:32:00,2026-04-02 10:50:00,2026-04-02 10:58:00,A56 ,6.0
2026-04-02,SN3598,2026-04-02 17:15:00,2026-04-02 17:04:00,-11.0,2026-04-02 17:18:00,2026-04-02 17:07:00,2026-04-02 17:19:00,2026-04-02 17:20:00,A42 ,25.0
2026-04-02,SN3618,2026-04-02 17:30:00,2026-04-02 17:22:00,-8.0,2026-04-02 17:35:00,2026-04-02 17:27:00,2026-04-02 17:42:00,2026-04-02 17:44:00,A43 ,61.0
2026-04-02,SN3622,2026-04-02 20:10:00,2026-04-02 19:53:00,-17.0,2026-04-02 20:17:00,2026-04-02 20:00:00,2026-04-02 20:15:00,2026-04-02 20:16:00,A50 ,35.0
2026-04-02,SN3632,2026-04-02 11:30:00,2026-04-02 11:26:00,-4.0,2026-04-02 11:36:00,2026-04-02 11:32:00,2026-04-02 11:50:00,2026-04-02 12:00:00,A47 ,3.0
2026-04-02,SN3634,2026-04-02 12:55:00,2026-04-02 12:29:00,-26.0,2026-04-02 13:04:00,2026-04-02 12:38:00,2026-04-02 12:57:00,2026-04-02 12:59:00,A54 ,9.0
2026-04-02,SN3668,2026-04-02 15:50:00,2026-04-02 16:10:00,20.0,2026-04-02 15:58:00,2026-04-02 16:18:00,2026-04-02 16:30:00,2026-04-02 16:33:00,A62 ,35.0
2026-04-02,SN3676,2026-04-02 10:35:00,2026-04-02 10:27:00,-8.0,2026-04-02 10:40:00,2026-04-02 10:32:00,2026-04-02 10:50:00,2026-04-02 10:54:00,A49 ,7.0
2026-04-02,SN369,2026-04-02 07:05:00,2026-04-02 07:23:00,18.0,2026-04-02 07:08:00,2026-04-02 07:26:00,2026-04-02 07:45:00,2026-04-02 08:28:00,B37 A,68.0
2026-04-02,SN3698,2026-04-02 16:30:00,2026-04-02 16:34:00,4.0,2026-04-02 16:38:00,2026-04-02 16:42:00,2026-04-02 17:05:00,2026-04-02 17:10:00,A50 ,63.0
2026-04-02,SN3704,2026-04-02 19:15:00,2026-04-02 19:12:00,-3.0,2026-04-02 19:25:00,2026-04-02 19:22:00,2026-04-02 19:38:00,2026-04-02 19:40:00,A40 ,43.0
2026-04-02,SN3706,2026-04-03 01:25:00,2026-04-03 01:44:00,19.0,2026-04-03 01:29:00,2026-04-03 01:48:00,2026-04-03 03:03:00,2026-04-03 03:05:00,A58 ,35.0
2026-04-02,SN3708,2026-04-02 09:40:00,2026-04-02 09:33:00,-7.0,2026-04-02 09:47:00,2026-04-02 09:40:00,2026-04-02 09:53:00,2026-04-02 09:54:00,A58 ,33.0
2026-04-02,SN3712,2026-04-02 20:40:00,2026-04-02 20:47:00,7.0,2026-04-02 20:51:00,2026-04-02 20:58:00,2026-04-02 21:16:00,2026-04-02 21:19:00,A42 ,20.0
2026-04-02,SN3728,2026-04-02 21:55:00,2026-04-02 22:53:00,58.0,2026-04-02 22:00:00,2026-04-02 22:58:00,2026-04-02 23:16:00,2026-04-02 23:18:00,A59 ,17.0
2026-04-02,SN3730,2026-04-03 01:10:00,2026-04-03 01:32:00,22.0,2026-04-03 01:13:00,2026-04-03 01:35:00,2026-04-03 01:46:00,2026-04-03 01:47:00,A52 ,15.0
2026-04-02,SN3732,2026-04-02 10:35:00,2026-04-02 10:34:00,-1.0,2026-04-02 10:38:00,2026-04-02 10:37:00,2026-04-02 11:02:00,2026-04-02 11:11:00,A54 ,30.0
2026-04-02,SN3734,2026-04-02 14:50:00,2026-04-02 14:57:00,7.0,2026-04-02 14:53:00,2026-04-02 15:00:00,2026-04-02 15:29:00,2026-04-02 15:30:00,A48 ,63.0
2026-04-02,SN3736,2026-04-02 20:25:00,2026-04-02 22:13:00,108.0,2026-04-02 20:33:00,2026-04-02 22:21:00,2026-04-02 22:57:00,2026-04-02 23:02:00,A68 ,58.0
2026-04-02,SN3738,2026-04-03 01:10:00,2026-04-03 01:02:00,-8.0,2026-04-03 01:14:00,2026-04-03 01:06:00,2026-04-03 01:28:00,2026-04-03 01:30:00,A67 ,67.0
2026-04-02,SN3752,2026-04-02 21:20:00,2026-04-02 21:59:00,39.0,2026-04-02 21:34:00,2026-04-02 22:13:00,2026-04-02 22:34:00,2026-04-02 22:37:00,A60 ,71.0
2026-04-02,SN3772,2026-04-02 13:30:00,2026-04-02 14:32:00,62.0,2026-04-02 13:33:00,2026-04-02 14:35:00,2026-04-02 14:45:00,2026-04-02 14:47:00,A40 ,11.0
2026-04-02,SN3774,2026-04-02 19:55:00,2026-04-02 20:01:00,6.0,2026-04-02 20:00:00,2026-04-02 20:06:00,2026-04-02 20:25:00,2026-04-02 20:28:00,A64 ,33.0
2026-04-02,SN3782,2026-04-03 01:30:00,2026-04-03 03:13:00,103.0,2026-04-03 01:35:00,2026-04-03 03:18:00,2026-04-03 03:43:00,2026-04-03 03:50:00,A56 ,115.0
2026-04-02,SN3810,2026-04-02 23:50:00,2026-04-02 23:48:00,-2.0,2026-04-02 23:54:00,2026-04-02 23:52:00,2026-04-03 00:03:00,2026-04-03 00:08:00,A63 ,15.0
2026-04-02,SN3812,2026-04-02 18:15:00,2026-04-02 18:27:00,12.0,2026-04-02 18:23:00,2026-04-02 18:35:00,2026-04-02 19:01:00,2026-04-02 19:05:00,A48 ,80.0
2026-04-02,SN3816,2026-04-02 17:40:00,2026-04-02 17:56:00,16.0,2026-04-02 17:47:00,2026-04-02 18:03:00,2026-04-02 18:30:00,2026-04-02 18:33:00,A46 ,35.0
2026-04-02,SN3820,2026-04-03 01:40:00,2026-04-03 03:05:00,85.0,2026-04-03 01:43:00,2026-04-03 03:08:00,2026-04-03 03:24:00,2026-04-03 03:26:00,A48 ,36.0
2026-04-02,SQ304,2026-04-02 09:25:00,2026-04-02 09:42:00,17.0,2026-04-02 09:31:00,2026-04-02 09:48:00,2026-04-02 10:03:00,2026-04-02 10:50:00,B11 A,248.0
2026-04-02,TB1012,2026-04-02 14:30:00,2026-04-02 14:41:00,11.0,2026-04-02 14:35:00,2026-04-02 14:46:00,2026-04-02 15:03:00,2026-04-02 15:05:00,A47 ,46.0
2026-04-02,TB1112,2026-04-02 14:00:00,2026-04-02 14:10:00,10.0,2026-04-02 14:06:00,2026-04-02 14:16:00,2026-04-02 14:33:00,2026-04-02 14:37:00,A53 ,78.0
2026-04-02,TB1552,2026-04-02 17:45:00,2026-04-02 17:37:00,-8.0,2026-04-02 17:49:00,2026-04-02 17:41:00,2026-04-02 17:53:00,2026-04-02 17:55:00,A63 ,36.0
2026-04-02,TB2524,2026-04-03 01:30:00,2026-04-03 01:52:00,22.0,2026-04-03 01:34:00,2026-04-03 01:56:00,2026-04-03 03:28:00,2026-04-03 03:31:00,B40 A,119.0
2026-04-02,TB2534,2026-04-02 19:30:00,2026-04-02 20:04:00,34.0,2026-04-02 19:34:00,2026-04-02 20:08:00,2026-04-02 20:32:00,2026-04-02 20:42:00,B27 A,151.0
2026-04-02,TB2582,2026-04-02 16:30:00,2026-04-02 16:38:00,8.0,2026-04-02 16:34:00,2026-04-02 16:42:00,2026-04-02 16:56:00,2026-04-02 16:58:00,B29 A,43.0
2026-04-02,TB2654,2026-04-02 23:10:00,2026-04-02 23:06:00,-4.0,2026-04-02 23:14:00,2026-04-02 23:10:00,2026-04-02 23:26:00,2026-04-02 23:40:00,B9  A,151.0
2026-04-02,TB2662,2026-04-03 00:30:00,2026-04-03 00:59:00,29.0,2026-04-03 00:35:00,2026-04-03 01:04:00,2026-04-03 01:31:00,2026-04-03 01:36:00,B28 A,180.0
2026-04-02,TB3202,2026-04-02 16:40:00,2026-04-02 19:02:00,142.0,2026-04-02 16:44:00,2026-04-02 19:06:00,2026-04-02 19:23:00,2026-04-02 19:26:00,B11 A,128.0
2026-04-02,TG934,2026-04-02 09:15:00,2026-04-02 09:10:00,-5.0,2026-04-02 09:21:00,2026-04-02 09:16:00,2026-04-02 09:38:00,2026-04-02 09:58:00,B38 A,249.0
2026-04-02,TK1937,2026-04-02 12:10:00,2026-04-02 11:40:00,-30.0,2026-04-02 12:20:00,2026-04-02 11:50:00,2026-04-02 12:11:00,2026-04-02 12:18:00,B30 A,123.0
2026-04-02,TK1939,2026-04-02 19:30:00,2026-04-02 19:46:00,16.0,2026-04-02 19:38:00,2026-04-02 19:54:00,2026-04-02 20:13:00,2026-04-02 20:34:00,B28 A,169.0
2026-04-02,TK1941,2026-04-02 23:25:00,2026-04-02 23:32:00,7.0,2026-04-02 23:34:00,2026-04-02 23:41:00,2026-04-02 23:50:00,2026-04-02 23:58:00,B7  A,127.0
2026-04-02,TK1943,2026-04-02 15:25:00,2026-04-02 14:59:00,-26.0,2026-04-02 15:30:00,2026-04-02 15:04:00,2026-04-02 15:19:00,2026-04-02 15:26:00,B15 A,97.0
2026-04-02,TP640,2026-04-02 13:00:00,2026-04-02 12:45:00,-15.0,2026-04-02 13:06:00,2026-04-02 12:51:00,2026-04-02 13:13:00,2026-04-02 13:20:00,A57 ,48.0
2026-04-02,TP642,2026-04-02 17:05:00,2026-04-02 17:06:00,1.0,2026-04-02 17:11:00,2026-04-02 17:12:00,2026-04-02 17:31:00,2026-04-02 17:41:00,A59 ,130.0
2026-04-02,TP644,2026-04-02 22:05:00,2026-04-02 22:03:00,-2.0,2026-04-02 22:10:00,2026-04-02 22:08:00,2026-04-02 22:21:00,2026-04-02 22:30:00,A51 ,128.0
2026-04-02,TP646,2026-04-03 01:55:00,2026-04-03 03:19:00,84.0,2026-04-03 02:02:00,2026-04-03 03:26:00,2026-04-03 04:00:00,2026-04-03 04:05:00,A51 ,54.0
2026-04-02,TU954,2026-04-02 12:35:00,2026-04-02 12:19:00,-16.0,2026-04-02 12:41:00,2026-04-02 12:25:00,2026-04-02 13:09:00,2026-04-02 13:11:00,B28 A,52.0
2026-04-02,UA950,2026-04-02 09:15:00,2026-04-02 08:39:00,-36.0,2026-04-02 09:21:00,2026-04-02 08:45:00,2026-04-02 09:03:00,2026-04-02 09:29:00,B5  A,163.0
2026-04-02,UA972,2026-04-02 11:00:00,2026-04-02 10:41:00,-19.0,2026-04-02 11:05:00,2026-04-02 10:46:00,2026-04-02 11:00:00,2026-04-02 11:39:00,B38 A,171.0
2026-04-02,UA994,2026-04-02 09:45:00,2026-04-02 11:22:00,97.0,2026-04-02 09:51:00,2026-04-02 11:28:00,2026-04-02 11:44:00,2026-04-02 12:09:00,B40 A,135.0
2026-04-02,UX1171,2026-04-02 11:45:00,2026-04-02 12:21:00,36.0,2026-04-02 11:53:00,2026-04-02 12:29:00,2026-04-02 12:44:00,2026-04-02 12:50:00,A47 ,53.0
2026-04-02,UX1173,2026-04-02 19:40:00,2026-04-02 20:06:00,26.0,2026-04-02 19:46:00,2026-04-02 20:12:00,2026-04-02 20:33:00,2026-04-02 20:37:00,A53 ,44.0
2026-04-02,VF67,2026-04-02 18:10:00,2026-04-02 17:40:00,-30.0,2026-04-02 18:15:00,2026-04-02 17:45:00,2026-04-02 18:00:00,2026-04-02 18:09:00,B15 A,164.0
2026-04-02,VY1334,2026-04-02 13:10:00,2026-04-02 13:15:00,5.0,2026-04-02 13:16:00,2026-04-02 13:21:00,2026-04-02 13:52:00,2026-04-02 13:53:00,A43 ,23.0
2026-04-02,VY1470,2026-04-02 21:25:00,2026-04-02 21:12:00,-13.0,2026-04-02 21:30:00,2026-04-02 21:17:00,2026-04-02 21:35:00,2026-04-02 21:37:00,A47 ,12.0
2026-04-02,VY2150,2026-04-02 12:25:00,2026-04-02 12:13:00,-12.0,2026-04-02 12:31:00,2026-04-02 12:19:00,2026-04-02 12:40:00,2026-04-02 12:42:00,A59 ,13.0
2026-04-02,VY2152,2026-04-02 23:20:00,2026-04-02 23:38:00,18.0,2026-04-02 23:26:00,2026-04-02 23:44:00,2026-04-02 23:50:00,2026-04-02 23:51:00,A45 ,15.0
2026-04-02,VY6814,2026-04-02 16:40:00,2026-04-02 16:52:00,12.0,2026-04-02 16:45:00,2026-04-02 16:57:00,2026-04-02 17:10:00,2026-04-02 17:11:00,A47 ,23.0
2026-04-02,VY8978,2026-04-02 12:00:00,2026-04-02 11:54:00,-6.0,2026-04-02 12:07:00,2026-04-02 12:01:00,2026-04-02 12:12:00,2026-04-02 12:15:00,A43 ,26.0
2026-04-02,VY8980,2026-04-02 11:45:00,2026-04-02 11:34:00,-11.0,2026-04-02 11:54:00,2026-04-02 11:43:00,2026-04-02 11:53:00,2026-04-02 11:54:00,A42 ,7.0
2026-04-02,VY8982,2026-04-02 19:25:00,2026-04-02 19:40:00,15.0,2026-04-02 19:30:00,2026-04-02 19:45:00,2026-04-02 19:57:00,2026-04-02 20:00:00,A43 ,75.0
2026-04-02,VY8984,2026-04-02 22:50:00,2026-04-02 22:50:00,0.0,2026-04-02 22:55:00,2026-04-02 22:55:00,2026-04-02 23:03:00,2026-04-02 23:04:00,A43 ,28.0
2026-04-02,VY8986,2026-04-02 16:30:00,2026-04-02 16:40:00,10.0,2026-04-02 16:35:00,2026-04-02 16:45:00,2026-04-02 16:58:00,2026-04-02 16:59:00,A45 ,20.0
2026-04-03,AC832,2026-04-03 10:10:00,2026-04-03 10:36:00,26.0,2026-04-03 10:17:00,2026-04-03 10:43:00,2026-04-03 11:00:00,2026-04-03 11:34:00,B14 A,172.0
2026-04-03,AY1541,2026-04-03 12:20:00,2026-04-03 12:09:00,-11.0,2026-04-03 12:26:00,2026-04-03 12:15:00,2026-04-03 12:20:00,2026-04-03 12:32:00,A57 ,56.0
2026-04-03,AY1545,2026-04-03 21:20:00,2026-04-03 21:11:00,-9.0,2026-04-03 21:24:00,2026-04-03 21:15:00,2026-04-03 21:27:00,2026-04-03 21:30:00,A45 ,47.0
2026-04-03,AZ148,2026-04-03 11:35:00,2026-04-03 11:26:00,-9.0,2026-04-03 11:42:00,2026-04-03 11:33:00,2026-04-03 11:51:00,2026-04-03 11:52:00,A58 ,15.0
2026-04-03,AZ154,2026-04-03 22:05:00,2026-04-03 22:33:00,28.0,2026-04-03 22:09:00,2026-04-03 22:37:00,2026-04-03 22:50:00,2026-04-03 22:52:00,A67 ,25.0
2026-04-03,AZ156,2026-04-03 13:45:00,2026-04-03 13:56:00,11.0,2026-04-03 13:50:00,2026-04-03 14:01:00,2026-04-03 14:13:00,2026-04-03 14:34:00,A53 ,24.0
2026-04-03,AZ160,2026-04-03 21:00:00,2026-04-03 21:05:00,5.0,2026-04-03 21:07:00,2026-04-03 21:12:00,2026-04-03 21:26:00,2026-04-03 21:31:00,A64 ,79.0
2026-04-03,BA384,2026-04-03 12:55:00,2026-04-03 12:50:00,-5.0,2026-04-03 13:02:00,2026-04-03 12:57:00,2026-04-03 13:15:00,2026-04-03 13:20:00,B30 A,92.0
2026-04-03,BA386,2026-04-03 19:10:00,2026-04-03 19:05:00,-5.0,2026-04-03 19:14:00,2026-04-03 19:09:00,2026-04-03 19:33:00,2026-04-03 19:37:00,B27 A,90.0
2026-04-03,BA390,2026-04-03 23:40:00,2026-04-03 23:22:00,-18.0,2026-04-03 23:45:00,2026-04-03 23:27:00,2026-04-03 23:43:00,2026-04-03 23:47:00,B28 A,85.0
2026-04-03,BT601,2026-04-03 11:55:00,2026-04-03 11:55:00,0.0,2026-04-03 12:00:00,2026-04-03 12:00:00,2026-04-03 12:18:00,2026-04-03 12:20:00,A51 ,12.0
2026-04-03,BT603,2026-04-03 21:30:00,2026-04-03 21:39:00,9.0,2026-04-03 21:38:00,2026-04-03 21:47:00,2026-04-03 22:01:00,2026-04-03 22:02:00,A60 ,23.0
2026-04-03,DN403,2026-04-03 16:30:00,2026-04-03 16:29:00,-1.0,2026-04-03 16:37:00,2026-04-03 16:36:00,2026-04-03 16:48:00,2026-04-03 16:49:00,A58 ,29.0
2026-04-03,EI630,2026-04-03 12:40:00,2026-04-03 12:18:00,-22.0,2026-04-03 12:45:00,2026-04-03 12:23:00,2026-04-03 12:41:00,2026-04-03 12:46:00,B32 A,138.0
2026-04-03,EI638,2026-04-03 23:45:00,2026-04-03 23:47:00,2.0,2026-04-03 23:50:00,2026-04-03 23:52:00,2026-04-04 00:14:00,2026-04-04 00:17:00,B14 A,96.0
2026-04-03,EK181,2026-04-03 22:30:00,2026-04-03 22:45:00,15.0,2026-04-03 22:35:00,2026-04-03 22:50:00,2026-04-03 23:03:00,2026-04-03 23:34:00,B31 A,195.0
2026-04-03,ET750,2026-04-03 10:05:00,2026-04-03 10:08:00,3.0,2026-04-03 10:10:00,2026-04-03 10:13:00,2026-04-03 10:31:00,2026-04-03 11:28:00,B31 A,412.0
2026-04-03,EY57,2026-04-03 11:00:00,2026-04-03 11:06:00,6.0,2026-04-03 11:06:00,2026-04-03 11:12:00,2026-04-03 11:32:00,2026-04-03 11:44:00,B5  A,194.0
2026-04-03,FB407,2026-04-03 22:45:00,2026-04-03 23:44:00,59.0,2026-04-03 22:51:00,2026-04-03 23:50:00,2026-04-03 23:59:00,2026-04-04 00:00:00,A49 ,7.0
2026-04-03,FH8014,2026-04-03 18:15:00,2026-04-03 17:47:00,-28.0,2026-04-03 18:20:00,2026-04-03 17:52:00,2026-04-03 18:04:00,2026-04-03 18:06:00,B9  A,25.0
2026-04-03,FI554,2026-04-03 15:55:00,2026-04-03 16:44:00,49.0,2026-04-03 16:03:00,2026-04-03 16:52:00,2026-04-03 17:07:00,2026-04-03 17:10:00,A50 ,60.0
2026-04-03,GQ800,2026-04-03 16:05:00,2026-04-03 16:16:00,11.0,2026-04-03 16:11:00,2026-04-03 16:22:00,2026-04-03 16:39:00,2026-04-03 16:43:00,A54 ,125.0
2026-04-03,HV9024,2026-04-04 00:35:00,2026-04-04 00:35:00,0.0,2026-04-04 00:40:00,2026-04-04 00:40:00,2026-04-04 00:58:00,2026-04-04 01:01:00,A65 ,32.0
2026-04-03,IB1299,2026-04-03 17:45:00,2026-04-03 17:41:00,-4.0,2026-04-03 17:51:00,2026-04-03 17:47:00,2026-04-03 18:01:00,2026-04-03 18:02:00,A51 ,37.0
2026-04-03,IB597,2026-04-03 14:25:00,2026-04-03 14:16:00,-9.0,2026-04-03 14:29:00,2026-04-03 14:20:00,2026-04-03 14:33:00,2026-04-03 14:37:00,A49 ,73.0
2026-04-03,IB601,2026-04-03 22:00:00,2026-04-03 23:11:00,71.0,2026-04-03 22:07:00,2026-04-03 23:18:00,2026-04-03 23:28:00,2026-04-03 23:30:00,A45 ,57.0
2026-04-03,IB603,2026-04-04 01:30:00,2026-04-04 01:24:00,-6.0,2026-04-04 01:36:00,2026-04-04 01:30:00,2026-04-04 01:43:00,2026-04-04 01:45:00,A45 ,36.0
2026-04-03,JU270,2026-04-03 12:05:00,2026-04-03 12:03:00,-2.0,2026-04-03 12:11:00,2026-04-03 12:09:00,2026-04-03 12:21:00,2026-04-03 12:24:00,B7  A,27.0
2026-04-03,KM420,2026-04-03 22:15:00,2026-04-03 21:52:00,-23.0,2026-04-03 22:21:00,2026-04-03 21:58:00,2026-04-03 22:13:00,2026-04-03 22:16:00,A53 ,104.0
2026-04-03,LO231,2026-04-04 01:35:00,2026-04-04 01:28:00,-7.0,2026-04-04 01:41:00,2026-04-04 01:34:00,2026-04-04 01:46:00,2026-04-04 01:47:00,A59 ,12.0
2026-04-03,LO233,2026-04-03 21:40:00,2026-04-03 21:30:00,-10.0,2026-04-03 21:44:00,2026-04-03 21:34:00,2026-04-03 21:50:00,2026-04-03 21:52:00,A56 ,31.0
2026-04-03,LO235,2026-04-03 12:25:00,2026-04-03 11:58:00,-27.0,2026-04-03 12:31:00,2026-04-03 12:04:00,2026-04-03 12:22:00,2026-04-03 12:24:00,A49 ,6.0
2026-04-03,LO237,2026-04-03 19:00:00,2026-04-03 18:42:00,-18.0,2026-04-03 19:06:00,2026-04-03 18:48:00,2026-04-03 19:00:00,2026-04-03 19:02:00,A52 ,27.0
2026-04-03,LX780,2026-04-03 17:15:00,2026-04-03 17:23:00,8.0,2026-04-03 17:19:00,2026-04-03 17:27:00,2026-04-03 17:42:00,2026-04-03 17:44:00,A53 ,57.0
2026-04-03,LX786,2026-04-03 11:50:00,2026-04-03 12:15:00,25.0,2026-04-03 12:05:00,2026-04-03 12:30:00,2026-04-03 12:42:00,2026-04-03 12:52:00,A52 ,44.0
2026-04-03,LX788,2026-04-03 21:35:00,2026-04-03 21:41:00,6.0,2026-04-03 21:39:00,2026-04-03 21:45:00,2026-04-03 22:04:00,2026-04-03 22:16:00,A43 ,77.0
2026-04-03,MS725,2026-04-03 18:15:00,2026-04-03 18:27:00,12.0,2026-04-03 18:19:00,2026-04-03 18:31:00,2026-04-03 18:46:00,2026-04-03 19:01:00,B11 A,176.0
2026-04-03,OS291,2026-04-03 12:05:00,2026-04-03 11:53:00,-12.0,2026-04-03 12:10:00,2026-04-03 11:58:00,2026-04-03 12:12:00,2026-04-03 12:13:00,A53 ,30.0
2026-04-03,OS295,2026-04-03 19:45:00,2026-04-03 19:32:00,-13.0,2026-04-03 19:50:00,2026-04-03 19:37:00,2026-04-03 19:51:00,2026-04-03 19:56:00,A45 ,59.0
2026-04-03,OS297,2026-04-03 22:10:00,2026-04-03 22:00:00,-10.0,2026-04-03 22:16:00,2026-04-03 22:06:00,2026-04-03 22:24:00,2026-04-03 22:26:00,A47 ,22.0
2026-04-03,OU4456,2026-04-03 22:50:00,2026-04-03 22:43:00,-7.0,2026-04-03 22:55:00,2026-04-03 22:48:00,2026-04-03 23:05:00,2026-04-03 23:06:00,A57 ,34.0
2026-04-03,OU456,2026-04-03 11:40:00,2026-04-03 11:39:00,-1.0,2026-04-03 11:50:00,2026-04-03 11:49:00,2026-04-03 11:59:00,2026-04-03 12:00:00,A60 ,6.0
2026-04-03,QS1002,2026-04-03 21:45:00,2026-04-03 21:28:00,-17.0,2026-04-03 21:51:00,2026-04-03 21:34:00,2026-04-03 21:44:00,2026-04-03 21:45:00,A65 ,14.0
2026-04-03,RO373,2026-04-03 20:25:00,2026-04-03 20:11:00,-14.0,2026-04-03 20:30:00,2026-04-03 20:16:00,2026-04-03 20:30:00,2026-04-03 20:33:00,A53 ,39.0
2026-04-03,SK1589,2026-04-03 21:15:00,2026-04-03 21:07:00,-8.0,2026-04-03 21:20:00,2026-04-03 21:12:00,2026-04-03 21:30:00,2026-04-03 21:33:00,A47 ,21.0
2026-04-03,SK1593,2026-04-03 17:35:00,2026-04-03 17:30:00,-5.0,2026-04-03 17:40:00,2026-04-03 17:35:00,2026-04-03 17:49:00,2026-04-03 17:51:00,A45 ,51.0
2026-04-03,SK1595,2026-04-03 21:30:00,2026-04-03 21:21:00,-9.0,2026-04-03 21:34:00,2026-04-03 21:25:00,2026-04-03 21:36:00,2026-04-03 21:38:00,A49 ,30.0
2026-04-03,SK4743,2026-04-03 13:40:00,2026-04-03 13:44:00,4.0,2026-04-03 13:46:00,2026-04-03 13:50:00,2026-04-03 14:08:00,2026-04-03 14:12:00,A51 ,55.0
2026-04-03,SK589,2026-04-03 13:15:00,2026-04-03 12:58:00,-17.0,2026-04-03 13:21:00,2026-04-03 13:04:00,2026-04-03 13:23:00,2026-04-03 13:30:00,A43 ,100.0
2026-04-03,SK593,2026-04-03 12:40:00,2026-04-03 12:20:00,-20.0,2026-04-03 12:56:00,2026-04-03 12:36:00,2026-04-03 12:53:00,2026-04-03 12:57:00,A60 ,35.0
2026-04-03,SK597,2026-04-03 22:50:00,2026-04-03 22:50:00,0.0,2026-04-03 22:57:00,2026-04-03 22:57:00,2026-04-03 23:15:00,2026-04-03 23:18:00,A43 ,28.0
2026-04-03,SN2096,2026-04-03 23:00:00,2026-04-03 23:08:00,8.0,2026-04-03 23:04:00,2026-04-03 23:12:00,2026-04-03 23:40:00,2026-04-03 23:45:00,B30 A,86.0
2026-04-03,SN2184,2026-04-03 11:30:00,2026-04-03 11:24:00,-6.0,2026-04-03 11:34:00,2026-04-03 11:28:00,2026-04-03 11:50:00,2026-04-03 12:03:00,B29 A,20.0
2026-04-03,SN2258,2026-04-03 16:25:00,2026-04-03 16:20:00,-5.0,2026-04-03 16:31:00,2026-04-03 16:26:00,2026-04-03 16:48:00,2026-04-03 16:49:00,A47 ,32.0
2026-04-03,SN2260,2026-04-03 22:45:00,2026-04-03 22:48:00,3.0,2026-04-03 22:53:00,2026-04-03 22:56:00,2026-04-03 23:06:00,2026-04-03 23:08:00,A40 ,34.0
2026-04-03,SN2264,2026-04-04 02:10:00,2026-04-04 02:53:00,43.0,2026-04-04 03:18:00,2026-04-04 04:01:00,2026-04-04 04:19:00,2026-04-04 04:20:00,A47 ,3.0
2026-04-03,SN2284,2026-04-03 23:05:00,2026-04-03 22:59:00,-6.0,2026-04-03 23:11:00,2026-04-03 23:05:00,2026-04-03 23:26:00,2026-04-03 23:28:00,A56 ,32.0
2026-04-03,SN229,2026-04-03 08:00:00,2026-04-03 09:14:00,74.0,2026-04-03 08:06:00,2026-04-03 09:20:00,2026-04-03 09:41:00,2026-04-03 10:22:00,B14 A,144.0
2026-04-03,SN2292,2026-04-03 18:05:00,2026-04-03 17:53:00,-12.0,2026-04-03 18:08:00,2026-04-03 17:56:00,2026-04-03 18:12:00,2026-04-03 18:14:00,A46 ,44.0
2026-04-03,SN2294,2026-04-03 22:50:00,2026-04-03 22:28:00,-22.0,2026-04-03 22:57:00,2026-04-03 22:35:00,2026-04-03 22:47:00,2026-04-03 22:49:00,A64 ,41.0
2026-04-03,SN2318,2026-04-03 23:00:00,2026-04-03 22:51:00,-9.0,2026-04-03 23:04:00,2026-04-03 22:55:00,2026-04-03 23:14:00,2026-04-03 23:16:00,A46 ,29.0
2026-04-03,SN2324,2026-04-03 11:40:00,2026-04-03 11:35:00,-5.0,2026-04-03 11:43:00,2026-04-03 11:38:00,2026-04-03 12:05:00,2026-04-03 12:07:00,A48 ,13.0
2026-04-03,SN2372,2026-04-03 20:50:00,2026-04-03 20:29:00,-21.0,2026-04-03 20:58:00,2026-04-03 20:37:00,2026-04-03 20:52:00,2026-04-03 20:53:00,A54 ,29.0
2026-04-03,SN2548,2026-04-03 20:20:00,2026-04-03 20:53:00,33.0,2026-04-03 20:26:00,2026-04-03 20:59:00,2026-04-03 21:10:00,2026-04-03 21:12:00,A40 ,43.0
2026-04-03,SN2556,2026-04-03 23:10:00,2026-04-03 23:04:00,-6.0,2026-04-03 23:14:00,2026-04-03 23:08:00,2026-04-03 23:25:00,2026-04-03 23:26:00,A60 ,27.0
2026-04-03,SN2580,2026-04-03 12:55:00,2026-04-03 12:30:00,-25.0,2026-04-03 13:10:00,2026-04-03 12:45:00,2026-04-03 13:03:00,2026-04-03 13:05:00,A42 ,38.0
2026-04-03,SN2582,2026-04-03 16:05:00,2026-04-03 16:05:00,0.0,2026-04-03 16:10:00,2026-04-03 16:10:00,2026-04-03 16:30:00,2026-04-03 16:32:00,A60 ,62.0
2026-04-03,SN2588,2026-04-03 23:10:00,2026-04-03 23:15:00,5.0,2026-04-03 23:20:00,2026-04-03 23:25:00,2026-04-03 23:36:00,2026-04-03 23:37:00,A68 ,18.0
2026-04-03,SN2590,2026-04-04 01:15:00,2026-04-04 01:42:00,27.0,2026-04-04 01:19:00,2026-04-04 01:46:00,2026-04-04 02:02:00,2026-04-04 02:03:00,A50 ,5.0
2026-04-03,SN2608,2026-04-03 13:10:00,2026-04-03 13:08:00,-2.0,2026-04-03 13:27:00,2026-04-03 13:25:00,2026-04-03 13:52:00,2026-04-03 13:55:00,A50 ,48.0
2026-04-03,SN2612,2026-04-03 16:40:00,2026-04-03 16:23:00,-17.0,2026-04-03 16:45:00,2026-04-03 16:28:00,2026-04-03 16:42:00,2026-04-03 16:44:00,A55 ,47.0
2026-04-03,SN2614,2026-04-03 20:30:00,2026-04-03 20:18:00,-12.0,2026-04-03 20:36:00,2026-04-03 20:24:00,2026-04-03 20:38:00,2026-04-03 20:40:00,A62 ,41.0
2026-04-03,SN2616,2026-04-03 23:40:00,2026-04-03 23:24:00,-16.0,2026-04-03 23:45:00,2026-04-03 23:29:00,2026-04-03 23:40:00,2026-04-03 23:45:00,A47 ,33.0
2026-04-03,SN2618,2026-04-04 01:35:00,2026-04-04 01:37:00,2.0,2026-04-04 01:40:00,2026-04-04 01:42:00,2026-04-04 02:03:00,2026-04-04 02:05:00,A47 ,76.0
2026-04-03,SN2624,2026-04-03 15:50:00,2026-04-03 15:42:00,-8.0,2026-04-03 15:55:00,2026-04-03 15:47:00,2026-04-03 16:00:00,2026-04-03 16:01:00,A45 ,14.0
2026-04-03,SN2630,2026-04-03 11:15:00,2026-04-03 11:11:00,-4.0,2026-04-03 11:18:00,2026-04-03 11:14:00,2026-04-03 12:29:00,2026-04-03 12:30:00,A50 ,3.0
2026-04-03,SN2644,2026-04-03 16:10:00,2026-04-03 15:57:00,-13.0,2026-04-03 16:13:00,2026-04-03 16:00:00,2026-04-03 16:18:00,2026-04-03 16:20:00,A44 ,67.0
2026-04-03,SN2646,2026-04-03 19:15:00,2026-04-03 19:22:00,7.0,2026-04-03 19:18:00,2026-04-03 19:25:00,2026-04-03 19:37:00,2026-04-03 19:40:00,A44 ,43.0
2026-04-03,SN2648,2026-04-03 20:15:00,2026-04-03 20:22:00,7.0,2026-04-03 20:23:00,2026-04-03 20:30:00,2026-04-03 20:46:00,2026-04-03 20:49:00,A46 ,94.0
2026-04-03,SN2650,2026-04-03 22:55:00,2026-04-03 23:01:00,6.0,2026-04-03 23:01:00,2026-04-03 23:07:00,2026-04-03 23:28:00,2026-04-03 23:31:00,A48 ,43.0
2026-04-03,SN2652,2026-04-04 02:10:00,2026-04-04 02:03:00,-7.0,2026-04-04 02:13:00,2026-04-04 02:06:00,2026-04-04 02:21:00,2026-04-04 02:23:00,A60 ,18.0
2026-04-03,SN2714,2026-04-03 15:45:00,2026-04-03 15:53:00,8.0,2026-04-03 15:48:00,2026-04-03 15:56:00,2026-04-03 16:28:00,2026-04-03 16:30:00,A46 ,60.0
2026-04-03,SN2722,2026-04-03 21:30:00,2026-04-03 21:32:00,2.0,2026-04-03 21:38:00,2026-04-03 21:40:00,2026-04-03 22:01:00,2026-04-03 22:05:00,A44 ,80.0
2026-04-03,SN2724,2026-04-04 01:30:00,2026-04-04 01:39:00,9.0,2026-04-04 01:34:00,2026-04-04 01:43:00,2026-04-04 02:06:00,2026-04-04 02:08:00,A66 ,61.0
2026-04-03,SN2726,2026-04-03 11:20:00,2026-04-03 11:12:00,-8.0,2026-04-03 11:27:00,2026-04-03 11:19:00,2026-04-03 11:48:00,2026-04-03 11:49:00,A42 ,15.0
2026-04-03,SN2730,2026-04-03 13:15:00,2026-04-03 13:37:00,22.0,2026-04-03 13:24:00,2026-04-03 13:46:00,2026-04-03 14:05:00,2026-04-03 14:07:00,A40 ,38.0
2026-04-03,SN278,2026-04-03 08:40:00,2026-04-03 08:24:00,-16.0,2026-04-03 08:43:00,2026-04-03 08:27:00,2026-04-03 08:40:00,2026-04-03 09:10:00,B37 A,123.0
2026-04-03,SN2810,2026-04-03 16:20:00,2026-04-03 16:11:00,-9.0,2026-04-03 16:24:00,2026-04-03 16:15:00,2026-04-03 16:30:00,2026-04-03 16:33:00,A56 ,23.0
2026-04-03,SN2812,2026-04-03 23:15:00,2026-04-03 23:32:00,17.0,2026-04-03 23:24:00,2026-04-03 23:41:00,2026-04-04 00:03:00,2026-04-04 00:06:00,A50 ,73.0
2026-04-03,SN2814,2026-04-04 01:45:00,2026-04-04 01:35:00,-10.0,2026-04-04 01:48:00,2026-04-04 01:38:00,2026-04-04 01:56:00,2026-04-04 01:57:00,A62 ,3.0
2026-04-03,SN2816,2026-04-03 11:20:00,2026-04-03 11:09:00,-11.0,2026-04-03 11:24:00,2026-04-03 11:13:00,2026-04-03 11:31:00,2026-04-03 11:36:00,A56 ,42.0
2026-04-03,SN2824,2026-04-03 17:05:00,2026-04-03 18:12:00,67.0,2026-04-03 17:09:00,2026-04-03 18:16:00,2026-04-03 18:32:00,2026-04-03 18:34:00,A48 ,55.0
2026-04-03,SN2826,2026-04-03 23:05:00,2026-04-03 23:26:00,21.0,2026-04-03 23:12:00,2026-04-03 23:33:00,2026-04-03 23:46:00,2026-04-03 23:49:00,A44 ,36.0
2026-04-03,SN2830,2026-04-03 11:35:00,2026-04-03 11:29:00,-6.0,2026-04-03 11:39:00,2026-04-03 11:33:00,2026-04-03 11:58:00,2026-04-03 12:01:00,A47 ,15.0
2026-04-03,SN2900,2026-04-03 07:35:00,2026-04-03 07:21:00,-14.0,2026-04-03 07:39:00,2026-04-03 07:25:00,2026-04-03 07:38:00,2026-04-03 07:53:00,B38 A,55.0
2026-04-03,SN2906,2026-04-03 22:55:00,2026-04-03 22:38:00,-17.0,2026-04-03 23:02:00,2026-04-03 22:45:00,2026-04-03 22:56:00,2026-04-03 22:57:00,A54 ,26.0
2026-04-03,SN2908,2026-04-04 01:50:00,2026-04-04 02:05:00,15.0,2026-04-04 01:53:00,2026-04-04 02:08:00,2026-04-04 02:16:00,2026-04-04 02:17:00,A48 ,9.0
2026-04-03,SN3126,2026-04-03 21:00:00,2026-04-03 20:55:00,-5.0,2026-04-03 21:08:00,2026-04-03 21:03:00,2026-04-03 21:31:00,2026-04-03 21:35:00,A48 ,68.0
2026-04-03,SN3146,2026-04-03 14:00:00,2026-04-03 13:51:00,-9.0,2026-04-03 14:12:00,2026-04-03 14:03:00,2026-04-03 14:19:00,2026-04-03 14:20:00,A52 ,19.0
2026-04-03,SN3148,2026-04-03 17:45:00,2026-04-03 17:35:00,-10.0,2026-04-03 17:49:00,2026-04-03 17:39:00,2026-04-03 17:59:00,2026-04-03 18:01:00,A54 ,36.0
2026-04-03,SN3154,2026-04-03 13:10:00,2026-04-03 13:05:00,-5.0,2026-04-03 13:20:00,2026-04-03 13:15:00,2026-04-03 13:32:00,2026-04-03 13:34:00,A48 ,33.0
2026-04-03,SN3160,2026-04-04 02:15:00,2026-04-04 02:25:00,10.0,2026-04-04 02:18:00,2026-04-04 02:28:00,2026-04-04 02:46:00,2026-04-04 02:48:00,A64 ,21.0
2026-04-03,SN3176,2026-04-03 15:25:00,2026-04-03 15:39:00,14.0,2026-04-03 15:29:00,2026-04-03 15:43:00,2026-04-03 16:10:00,2026-04-03 16:13:00,A48 ,87.0
2026-04-03,SN3182,2026-04-03 23:20:00,2026-04-03 23:34:00,14.0,2026-04-03 23:29:00,2026-04-03 23:43:00,2026-04-04 00:06:00,2026-04-04 00:07:00,A58 ,42.0
2026-04-03,SN3184,2026-04-04 02:15:00,2026-04-04 02:15:00,0.0,2026-04-04 02:22:00,2026-04-04 02:22:00,2026-04-04 02:40:00,2026-04-04 02:43:00,A49 ,97.0
2026-04-03,SN3202,2026-04-03 17:20:00,2026-04-03 17:11:00,-9.0,2026-04-03 17:24:00,2026-04-03 17:15:00,2026-04-03 17:38:00,2026-04-03 17:41:00,A42 ,70.0
2026-04-03,SN3208,2026-04-03 11:40:00,2026-04-03 11:30:00,-10.0,2026-04-03 11:44:00,2026-04-03 11:34:00,2026-04-03 12:03:00,2026-04-03 12:05:00,A54 ,41.0
2026-04-03,SN3246,2026-04-03 20:50:00,2026-04-03 21:16:00,26.0,2026-04-03 20:54:00,2026-04-03 21:20:00,2026-04-03 21:41:00,2026-04-03 21:44:00,A61 ,79.0
2026-04-03,SN3588,2026-04-03 17:35:00,2026-04-03 17:40:00,5.0,2026-04-03 17:39:00,2026-04-03 17:44:00,2026-04-03 18:09:00,2026-04-03 18:11:00,A58 ,35.0
2026-04-03,SN3594,2026-04-03 11:30:00,2026-04-03 11:27:00,-3.0,2026-04-03 11:34:00,2026-04-03 11:31:00,2026-04-03 12:20:00,2026-04-03 12:21:00,A46 ,1.0
2026-04-03,SN3598,2026-04-03 18:15:00,2026-04-03 18:16:00,1.0,2026-04-03 18:19:00,2026-04-03 18:20:00,2026-04-03 18:36:00,2026-04-03 18:39:00,A63 ,63.0
2026-04-03,SN3604,2026-04-03 11:25:00,2026-04-03 11:22:00,-3.0,2026-04-03 11:31:00,2026-04-03 11:28:00,2026-04-03 11:43:00,2026-04-03 11:45:00,A43 ,16.0
2026-04-03,SN3618,2026-04-03 18:30:00,2026-04-03 18:44:00,14.0,2026-04-03 18:35:00,2026-04-03 18:49:00,2026-04-03 19:07:00,2026-04-03 19:10:00,A65 ,67.0
2026-04-03,SN3622,2026-04-03 21:10:00,2026-04-03 21:35:00,25.0,2026-04-03 21:13:00,2026-04-03 21:38:00,2026-04-03 21:58:00,2026-04-03 22:00:00,A58 ,28.0
2026-04-03,SN3632,2026-04-03 12:30:00,2026-04-03 12:27:00,-3.0,2026-04-03 12:47:00,2026-04-03 12:44:00,2026-04-03 13:03:00,2026-04-03 13:14:00,A44 ,4.0
2026-04-03,SN3634,2026-04-03 13:55:00,2026-04-03 14:03:00,8.0,2026-04-03 14:04:00,2026-04-03 14:12:00,2026-04-03 14:30:00,2026-04-03 14:40:00,A60 ,3.0
2026-04-03,SN3668,2026-04-03 16:50:00,2026-04-03 16:46:00,-4.0,2026-04-03 16:55:00,2026-04-03 16:51:00,2026-04-03 17:13:00,2026-04-03 17:15:00,A57 ,45.0
2026-04-03,SN3676,2026-04-03 11:35:00,2026-04-03 11:35:00,0.0,2026-04-03 11:41:00,2026-04-03 11:41:00,2026-04-03 12:12:00,2026-04-03 12:13:00,A45 ,15.0
2026-04-03,SN3698,2026-04-03 17:30:00,2026-04-03 18:09:00,39.0,2026-04-03 17:36:00,2026-04-03 18:15:00,2026-04-03 18:35:00,2026-04-03 18:37:00,A60 ,46.0
2026-04-03,SN3704,2026-04-03 20:15:00,2026-04-03 21:44:00,89.0,2026-04-03 20:18:00,2026-04-03 21:47:00,2026-04-03 22:10:00,2026-04-03 22:12:00,A50 ,96.0
2026-04-03,SN3706,2026-04-04 02:25:00,2026-04-04 02:44:00,19.0,2026-04-04 02:29:00,2026-04-04 02:48:00,2026-04-04 04:07:00,2026-04-04 04:12:00,A58 ,62.0
2026-04-03,SN3708,2026-04-03 10:40:00,2026-04-03 11:14:00,34.0,2026-04-03 10:44:00,2026-04-03 11:18:00,2026-04-03 11:45:00,2026-04-03 11:51:00,A52 ,38.0
2026-04-03,SN3712,2026-04-03 21:40:00,2026-04-03 21:47:00,7.0,2026-04-03 21:47:00,2026-04-03 21:54:00,2026-04-03 22:14:00,2026-04-03 22:15:00,A66 ,15.0
2026-04-03,SN3722,2026-04-03 17:55:00,2026-04-03 17:56:00,1.0,2026-04-03 17:59:00,2026-04-03 18:00:00,2026-04-03 18:18:00,2026-04-03 18:20:00,A40 ,20.0
2026-04-03,SN3728,2026-04-03 22:55:00,2026-04-03 23:13:00,18.0,2026-04-03 23:03:00,2026-04-03 23:21:00,2026-04-03 23:40:00,2026-04-03 23:42:00,A42 ,28.0
2026-04-03,SN3732,2026-04-03 11:35:00,2026-04-03 11:45:00,10.0,2026-04-03 11:38:00,2026-04-03 11:48:00,2026-04-03 12:01:00,2026-04-03 12:04:00,A40 ,9.0
2026-04-03,SN3734,2026-04-03 15:50:00,2026-04-03 15:59:00,9.0,2026-04-03 15:59:00,2026-04-03 16:08:00,2026-04-03 16:21:00,2026-04-03 16:22:00,A40 ,22.0
2026-04-03,SN3738,2026-04-04 02:10:00,2026-04-04 01:52:00,-18.0,2026-04-04 02:13:00,2026-04-04 01:55:00,2026-04-04 02:09:00,2026-04-04 02:11:00,A56 ,34.0
2026-04-03,SN3752,2026-04-03 17:35:00,2026-04-03 17:50:00,15.0,2026-04-03 17:39:00,2026-04-03 17:54:00,2026-04-03 18:21:00,2026-04-03 18:24:00,A61 ,67.0
2026-04-03,SN3772,2026-04-03 14:35:00,2026-04-03 14:34:00,-1.0,2026-04-03 14:43:00,2026-04-03 14:42:00,2026-04-03 14:57:00,2026-04-03 15:00:00,A42 ,39.0
2026-04-03,SN3774,2026-04-04 01:15:00,2026-04-04 01:16:00,1.0,2026-04-04 01:24:00,2026-04-04 01:25:00,2026-04-04 01:39:00,2026-04-04 01:41:00,A54 ,49.0
2026-04-03,SN3782,2026-04-04 02:30:00,2026-04-04 02:17:00,-13.0,2026-04-04 02:37:00,2026-04-04 02:24:00,2026-04-04 02:55:00,2026-04-04 04:11:00,A61 ,104.0
2026-04-03,SN379,2026-04-03 08:05:00,2026-04-03 08:34:00,29.0,2026-04-03 08:11:00,2026-04-03 08:40:00,2026-04-03 08:59:00,2026-04-03 09:27:00,B28 A,76.0
2026-04-03,SN3802,2026-04-03 19:00:00,2026-04-03 18:56:00,-4.0,2026-04-03 19:08:00,2026-04-03 19:04:00,2026-04-03 19:27:00,2026-04-03 19:30:00,A40 ,32.0
2026-04-03,SN3810,2026-04-03 23:10:00,2026-04-03 23:06:00,-4.0,2026-04-03 23:15:00,2026-04-03 23:11:00,2026-04-03 23:31:00,2026-04-03 23:34:00,A61 ,65.0
2026-04-03,SN3812,2026-04-03 19:15:00,2026-04-03 19:34:00,19.0,2026-04-03 19:21:00,2026-04-03 19:40:00,2026-04-03 20:00:00,2026-04-03 20:02:00,A43 ,35.0
2026-04-03,SN3816,2026-04-03 18:40:00,2026-04-03 18:50:00,10.0,2026-04-03 18:43:00,2026-04-03 18:53:00,2026-04-03 19:21:00,2026-04-03 19:24:00,A50 ,72.0
2026-04-03,SN3820,2026-04-04 02:40:00,2026-04-04 02:39:00,-1.0,2026-04-04 02:47:00,2026-04-04 02:46:00,2026-04-04 04:06:00,2026-04-04 04:09:00,A67 ,66.0
2026-04-03,SN465,2026-04-03 09:45:00,2026-04-03 10:12:00,27.0,2026-04-03 09:52:00,2026-04-03 10:19:00,2026-04-03 10:45:00,2026-04-03 11:00:00,B28 A,78.0
2026-04-03,SN502,2026-04-03 10:40:00,2026-04-03 10:55:00,15.0,2026-04-03 10:46:00,2026-04-03 11:01:00,2026-04-03 11:13:00,2026-04-03 11:41:00,B30 A,116.0
2026-04-03,SN516,2026-04-03 10:25:00,2026-04-03 09:50:00,-35.0,2026-04-03 10:30:00,2026-04-03 09:55:00,2026-04-03 10:08:00,2026-04-03 10:23:00,B29 A,21.0
2026-04-03,TB1012,2026-04-03 15:40:00,2026-04-04 00:49:00,549.0,2026-04-03 15:45:00,2026-04-04 00:54:00,2026-04-04 01:08:00,2026-04-04 01:10:00,A53 ,37.0
2026-04-03,TB1014,2026-04-04 00:20:00,2026-04-04 01:31:00,71.0,2026-04-04 00:26:00,2026-04-04 01:37:00,2026-04-04 01:57:00,2026-04-04 02:01:00,A69 ,138.0
2026-04-03,TB1114,2026-04-04 00:20:00,2026-04-04 00:25:00,5.0,2026-04-04 00:26:00,2026-04-04 00:31:00,2026-04-04 00:56:00,2026-04-04 01:00:00,A55 ,99.0
2026-04-03,TB1419,2026-04-03 17:05:00,2026-04-03 17:33:00,28.0,2026-04-03 17:11:00,2026-04-03 17:39:00,2026-04-03 17:58:00,2026-04-03 18:01:00,A67 ,46.0
2026-04-03,TB1552,2026-04-04 01:25:00,2026-04-04 01:29:00,4.0,2026-04-04 01:31:00,2026-04-04 01:35:00,2026-04-04 01:48:00,2026-04-04 01:52:00,A63 ,88.0
2026-04-03,TB1754,2026-04-04 02:25:00,2026-04-04 02:31:00,6.0,2026-04-04 02:34:00,2026-04-04 02:40:00,2026-04-04 04:02:00,2026-04-04 04:06:00,A65 ,127.0
2026-04-03,TB1912,2026-04-04 00:50:00,2026-04-04 00:23:00,-27.0,2026-04-04 00:57:00,2026-04-04 00:30:00,2026-04-04 00:48:00,2026-04-04 00:51:00,A51 ,111.0
2026-04-03,TB2042,2026-04-03 22:10:00,2026-04-03 22:02:00,-8.0,2026-04-03 22:14:00,2026-04-03 22:06:00,2026-04-03 22:25:00,2026-04-03 22:30:00,B9  A,136.0
2026-04-03,TB2582,2026-04-03 17:20:00,2026-04-03 17:44:00,24.0,2026-04-03 17:24:00,2026-04-03 17:48:00,2026-04-03 18:07:00,2026-04-03 18:09:00,B27 A,65.0
2026-04-03,TB3012,2026-04-03 21:30:00,2026-04-03 21:33:00,3.0,2026-04-03 21:35:00,2026-04-03 21:38:00,2026-04-03 21:55:00,2026-04-03 22:07:00,B7  A,180.0
2026-04-03,TB3102,2026-04-03 21:25:00,2026-04-03 21:37:00,12.0,2026-04-03 21:29:00,2026-04-03 21:41:00,2026-04-03 21:59:00,2026-04-03 22:07:00,B38 A,112.0
2026-04-03,TG934,2026-04-03 10:15:00,2026-04-03 09:57:00,-18.0,2026-04-03 10:19:00,2026-04-03 10:01:00,2026-04-03 10:17:00,2026-04-03 10:52:00,B37 A,269.0
2026-04-03,TK1937,2026-04-03 13:10:00,2026-04-03 12:54:00,-16.0,2026-04-03 13:29:00,2026-04-03 13:13:00,2026-04-03 13:44:00,2026-04-03 13:46:00,B29 A,141.0
2026-04-03,TK1939,2026-04-03 20:50:00,2026-04-03 20:51:00,1.0,2026-04-03 20:57:00,2026-04-03 20:58:00,2026-04-03 21:17:00,2026-04-03 21:26:00,B28 A,110.0
2026-04-03,TK1941,2026-04-04 00:25:00,2026-04-04 00:44:00,19.0,2026-04-04 00:32:00,2026-04-04 00:51:00,2026-04-04 01:03:00,2026-04-04 01:12:00,B7  A,176.0
2026-04-03,TK1943,2026-04-03 16:25:00,2026-04-03 16:08:00,-17.0,2026-04-03 16:32:00,2026-04-03 16:15:00,2026-04-03 16:23:00,2026-04-03 16:35:00,B9  A,101.0
2026-04-03,TK1945,2026-04-03 18:15:00,2026-04-03 18:01:00,-14.0,2026-04-03 18:19:00,2026-04-03 18:05:00,2026-04-03 18:19:00,2026-04-03 18:24:00,B7  A,115.0
2026-04-03,TP640,2026-04-03 14:00:00,2026-04-03 14:01:00,1.0,2026-04-03 14:07:00,2026-04-03 14:08:00,2026-04-03 14:19:00,2026-04-03 14:26:00,A47 ,72.0
2026-04-03,TP642,2026-04-03 18:05:00,2026-04-03 18:36:00,31.0,2026-04-03 18:10:00,2026-04-03 18:41:00,2026-04-03 18:51:00,2026-04-03 19:05:00,A59 ,107.0
2026-04-03,TP644,2026-04-03 23:05:00,2026-04-03 23:02:00,-3.0,2026-04-03 23:12:00,2026-04-03 23:09:00,2026-04-03 23:24:00,2026-04-03 23:29:00,A51 ,69.0
2026-04-03,TP646,2026-04-04 02:55:00,2026-04-04 04:01:00,66.0,2026-04-04 03:02:00,2026-04-04 04:08:00,2026-04-04 04:22:00,2026-04-04 04:28:00,A53 ,84.0
2026-04-03,TU954,2026-04-03 15:20:00,2026-04-03 16:00:00,40.0,2026-04-03 15:26:00,2026-04-03 16:06:00,2026-04-03 16:24:00,2026-04-03 16:30:00,B7  A,102.0
2026-04-03,UA950,2026-04-03 10:15:00,2026-04-03 09:53:00,-22.0,2026-04-03 10:20:00,2026-04-03 09:58:00,2026-04-03 10:24:00,2026-04-03 10:51:00,B40 A,188.0
2026-04-03,UA972,2026-04-03 12:00:00,2026-04-03 11:33:00,-27.0,2026-04-03 12:06:00,2026-04-03 11:39:00,2026-04-03 11:58:00,2026-04-03 12:28:00,B40 A,91.0
2026-04-03,UA994,2026-04-03 10:45:00,2026-04-03 09:55:00,-50.0,2026-04-03 10:51:00,2026-04-03 10:01:00,2026-04-03 10:18:00,2026-04-03 10:42:00,B38 A,177.0
2026-04-03,UX1171,2026-04-03 12:45:00,2026-04-03 13:10:00,25.0,2026-04-03 12:58:00,2026-04-03 13:23:00,2026-04-03 13:41:00,2026-04-03 13:46:00,A56 ,85.0
2026-04-03,UX1173,2026-04-03 20:40:00,2026-04-03 20:47:00,7.0,2026-04-03 20:47:00,2026-04-03 20:54:00,2026-04-03 21:08:00,2026-04-03 21:10:00,A51 ,57.0
2026-04-03,VF65,2026-04-03 14:15:00,2026-04-03 14:07:00,-8.0,2026-04-03 14:20:00,2026-04-03 14:12:00,2026-04-03 14:27:00,2026-04-03 14:32:00,B27 A,85.0
2026-04-03,VF67,2026-04-03 19:10:00,2026-04-03 18:54:00,-16.0,2026-04-03 19:16:00,2026-04-03 19:00:00,2026-04-03 19:21:00,2026-04-03 19:28:00,B28 A,113.0
2026-04-03,VY1332,2026-04-03 12:05:00,2026-04-03 12:06:00,1.0,2026-04-03 12:10:00,2026-04-03 12:11:00,2026-04-03 12:19:00,2026-04-03 12:20:00,A59 ,14.0
2026-04-03,VY3650,2026-04-03 20:10:00,2026-04-03 19:57:00,-13.0,2026-04-03 20:16:00,2026-04-03 20:03:00,2026-04-03 20:16:00,2026-04-03 20:17:00,A47 ,28.0
2026-04-03,VY8980,2026-04-03 12:45:00,2026-04-03 12:53:00,8.0,2026-04-03 12:51:00,2026-04-03 12:59:00,2026-04-03 13:17:00,2026-04-03 13:20:00,A45 ,16.0
2026-04-03,VY8982,2026-04-03 20:25:00,2026-04-03 20:20:00,-5.0,2026-04-03 20:30:00,2026-04-03 20:25:00,2026-04-03 20:50:00,2026-04-03 20:56:00,A59 ,115.0
2026-04-03,VY8984,2026-04-04 00:00:00,2026-04-03 23:50:00,-10.0,2026-04-04 00:06:00,2026-04-03 23:56:00,2026-04-04 00:09:00,2026-04-04 00:16:00,A43 ,90.0
2026-04-03,VY8986,2026-04-03 17:30:00,2026-04-03 17:37:00,7.0,2026-04-03 17:36:00,2026-04-03 17:43:00,2026-04-03 18:14:00,2026-04-03 18:15:00,A43 ,35.0
2026-04-04,AC826,2026-04-04 11:50:00,2026-04-04 11:12:00,-38.0,2026-04-04 11:57:00,2026-04-04 11:19:00,2026-04-04 11:42:00,2026-04-04 12:11:00,B14 A,129.0
2026-04-04,AC832,2026-04-04 11:10:00,2026-04-04 10:33:00,-37.0,2026-04-04 11:16:00,2026-04-04 10:39:00,2026-04-04 10:54:00,2026-04-04 11:24:00,B5  A,101.0
2026-04-04,AY1541,2026-04-04 13:20:00,2026-04-04 13:14:00,-6.0,2026-04-04 13:26:00,2026-04-04 13:20:00,2026-04-04 13:36:00,2026-04-04 13:40:00,A60 ,73.0
2026-04-04,AY1545,2026-04-04 22:20:00,2026-04-04 22:33:00,13.0,2026-04-04 22:26:00,2026-04-04 22:39:00,2026-04-04 23:03:00,2026-04-04 23:08:00,A57 ,87.0
2026-04-04,AZ148,2026-04-04 12:35:00,2026-04-04 12:30:00,-5.0,2026-04-04 12:41:00,2026-04-04 12:36:00,2026-04-04 12:47:00,2026-04-04 13:02:00,A47 ,4.0
2026-04-04,AZ156,2026-04-04 14:45:00,2026-04-04 14:33:00,-12.0,2026-04-04 14:52:00,2026-04-04 14:40:00,2026-04-04 14:53:00,2026-04-04 14:54:00,A45 ,16.0
2026-04-04,AZ160,2026-04-04 22:00:00,2026-04-04 22:01:00,1.0,2026-04-04 22:07:00,2026-04-04 22:08:00,2026-04-04 22:26:00,2026-04-04 22:30:00,A47 ,50.0
2026-04-04,BA384,2026-04-04 13:55:00,2026-04-04 13:50:00,-5.0,2026-04-04 14:00:00,2026-04-04 13:55:00,2026-04-04 14:05:00,2026-04-04 14:11:00,B27 A,62.0
2026-04-04,BA388,2026-04-04 23:15:00,2026-04-04 22:58:00,-17.0,2026-04-04 23:22:00,2026-04-04 23:05:00,2026-04-04 23:23:00,2026-04-04 23:35:00,B7  A,106.0
2026-04-04,CX275,2026-04-04 12:25:00,2026-04-04 12:10:00,-15.0,2026-04-04 12:31:00,2026-04-04 12:16:00,2026-04-04 12:27:00,2026-04-04 13:06:00,B11 A,305.0
2026-04-04,DL140,2026-04-04 11:40:00,2026-04-04 10:49:00,-51.0,2026-04-04 11:47:00,2026-04-04 10:56:00,2026-04-04 11:22:00,2026-04-04 11:52:00,B34 A,203.0
2026-04-04,EI630,2026-04-04 13:40:00,2026-04-04 13:29:00,-11.0,2026-04-04 13:45:00,2026-04-04 13:34:00,2026-04-04 13:45:00,2026-04-04 13:50:00,B17 A,72.0
2026-04-04,EK181,2026-04-04 23:30:00,2026-04-04 23:28:00,-2.0,2026-04-04 23:35:00,2026-04-04 23:33:00,2026-04-04 23:47:00,2026-04-05 00:17:00,B31 A,250.0
2026-04-04,ET750,2026-04-04 11:05:00,2026-04-04 11:26:00,21.0,2026-04-04 11:13:00,2026-04-04 11:34:00,2026-04-04 12:17:00,2026-04-04 13:03:00,B17 A,464.0
2026-04-04,FH8014,2026-04-04 19:20:00,2026-04-04 18:53:00,-27.0,2026-04-04 19:25:00,2026-04-04 18:58:00,2026-04-04 19:09:00,2026-04-04 19:10:00,B9  A,19.0
2026-04-04,FH8116,2026-04-04 05:35:00,2026-04-04 05:11:00,-24.0,2026-04-04 05:43:00,2026-04-04 05:19:00,2026-04-04 05:28:00,2026-04-04 05:30:00,B27 A,15.0
2026-04-04,GQ800,2026-04-04 17:05:00,2026-04-04 17:19:00,14.0,2026-04-04 17:10:00,2026-04-04 17:24:00,2026-04-04 17:35:00,2026-04-04 17:36:00,A53 ,32.0
2026-04-04,GQ802,2026-04-05 00:00:00,2026-04-04 23:59:00,-1.0,2026-04-05 00:06:00,2026-04-05 00:05:00,2026-04-05 00:15:00,2026-04-05 00:17:00,A57 ,28.0
2026-04-04,GQ850,2026-04-04 13:50:00,2026-04-04 13:41:00,-9.0,2026-04-04 13:59:00,2026-04-04 13:50:00,2026-04-04 14:06:00,2026-04-04 14:09:00,A46 ,6.0
2026-04-04,HV9078,2026-04-05 03:25:00,2026-04-05 03:10:00,-15.0,2026-04-05 03:30:00,2026-04-05 03:15:00,2026-04-05 03:24:00,2026-04-05 03:26:00,A65 ,30.0
2026-04-04,HV9264,2026-04-04 18:55:00,2026-04-04 19:20:00,25.0,2026-04-04 19:01:00,2026-04-04 19:26:00,2026-04-04 19:46:00,2026-04-04 19:51:00,B36 A,112.0
2026-04-04,IB1299,2026-04-04 18:45:00,2026-04-04 18:35:00,-10.0,2026-04-04 18:49:00,2026-04-04 18:39:00,2026-04-04 18:52:00,2026-04-04 18:54:00,A61 ,39.0
2026-04-04,IB597,2026-04-04 15:25:00,2026-04-04 15:22:00,-3.0,2026-04-04 15:31:00,2026-04-04 15:28:00,2026-04-04 15:39:00,2026-04-04 15:42:00,A53 ,35.0
2026-04-04,IB601,2026-04-04 23:00:00,2026-04-04 22:48:00,-12.0,2026-04-04 23:06:00,2026-04-04 22:54:00,2026-04-04 23:09:00,2026-04-04 23:13:00,A51 ,67.0
2026-04-04,IB603,2026-04-05 02:30:00,2026-04-05 02:15:00,-15.0,2026-04-05 02:36:00,2026-04-05 02:21:00,2026-04-05 02:30:00,2026-04-05 02:33:00,A51 ,33.0
2026-04-04,KM3422,2026-04-04 21:10:00,2026-04-04 20:58:00,-12.0,2026-04-04 21:17:00,2026-04-04 21:05:00,2026-04-04 21:17:00,2026-04-04 21:19:00,A51 ,24.0
2026-04-04,KM420,2026-04-04 23:15:00,2026-04-04 22:54:00,-21.0,2026-04-04 23:21:00,2026-04-04 23:00:00,2026-04-04 23:17:00,2026-04-04 23:20:00,A61 ,107.0
2026-04-04,LH1004,2026-04-04 11:45:00,2026-04-04 11:41:00,-4.0,2026-04-04 11:51:00,2026-04-04 11:47:00,2026-04-04 12:07:00,2026-04-04 12:12:00,A43 ,23.0
2026-04-04,LO231,2026-04-05 02:35:00,2026-04-05 02:29:00,-6.0,2026-04-05 02:42:00,2026-04-05 02:36:00,2026-04-05 02:54:00,2026-04-05 02:56:00,A57 ,4.0
2026-04-04,LO233,2026-04-04 22:40:00,2026-04-04 22:39:00,-1.0,2026-04-04 22:46:00,2026-04-04 22:45:00,2026-04-04 23:03:00,2026-04-04 23:05:00,A49 ,40.0
2026-04-04,LO235,2026-04-04 13:25:00,2026-04-04 13:28:00,3.0,2026-04-04 13:30:00,2026-04-04 13:33:00,2026-04-04 13:51:00,2026-04-04 13:53:00,A47 ,10.0
2026-04-04,LX780,2026-04-04 18:15:00,2026-04-04 18:05:00,-10.0,2026-04-04 18:20:00,2026-04-04 18:10:00,2026-04-04 18:26:00,2026-04-04 18:27:00,A45 ,48.0
2026-04-04,LX786,2026-04-04 12:50:00,2026-04-04 12:47:00,-3.0,2026-04-04 12:56:00,2026-04-04 12:53:00,2026-04-04 13:08:00,2026-04-04 13:16:00,A45 ,41.0
2026-04-04,LX788,2026-04-04 22:35:00,2026-04-04 22:23:00,-12.0,2026-04-04 22:42:00,2026-04-04 22:30:00,2026-04-04 22:43:00,2026-04-04 22:48:00,A43 ,77.0
2026-04-04,ME215,2026-04-04 14:35:00,2026-04-04 14:22:00,-13.0,2026-04-04 14:40:00,2026-04-04 14:27:00,2026-04-04 14:47:00,2026-04-04 15:00:00,B5  A,146.0
2026-04-04,MS725,2026-04-04 18:45:00,2026-04-04 19:21:00,36.0,2026-04-04 18:50:00,2026-04-04 19:26:00,2026-04-04 19:48:00,2026-04-04 20:00:00,B7  A,215.0
2026-04-04,NH231,2026-04-04 21:35:00,2026-04-04 22:12:00,37.0,2026-04-04 21:40:00,2026-04-04 22:17:00,2026-04-04 22:34:00,2026-04-04 23:07:00,B5  A,255.0
2026-04-04,OS291,2026-04-04 13:05:00,2026-04-04 12:54:00,-11.0,2026-04-04 13:10:00,2026-04-04 12:59:00,2026-04-04 13:08:00,2026-04-04 13:10:00,A43 ,14.0
2026-04-04,OS293,2026-04-04 18:05:00,2026-04-04 18:00:00,-5.0,2026-04-04 18:09:00,2026-04-04 18:04:00,2026-04-04 18:14:00,2026-04-04 18:17:00,A47 ,29.0
2026-04-04,OS297,2026-04-04 23:10:00,2026-04-04 23:11:00,1.0,2026-04-04 23:16:00,2026-04-04 23:17:00,2026-04-04 23:27:00,2026-04-04 23:28:00,A45 ,21.0
2026-04-04,QS1000,2026-04-04 12:10:00,2026-04-04 11:50:00,-20.0,2026-04-04 12:16:00,2026-04-04 11:56:00,2026-04-04 12:14:00,2026-04-04 12:15:00,A51 ,2.0
2026-04-04,SK1593,2026-04-04 18:35:00,2026-04-04 18:44:00,9.0,2026-04-04 18:41:00,2026-04-04 18:50:00,2026-04-04 19:03:00,2026-04-04 19:05:00,A63 ,35.0
2026-04-04,SK593,2026-04-04 13:40:00,2026-04-04 13:19:00,-21.0,2026-04-04 13:45:00,2026-04-04 13:24:00,2026-04-04 13:37:00,2026-04-04 13:38:00,A51 ,35.0
2026-04-04,SK597,2026-04-04 23:50:00,2026-04-04 23:43:00,-7.0,2026-04-04 23:58:00,2026-04-04 23:51:00,2026-04-05 00:02:00,2026-04-05 00:04:00,A53 ,33.0
2026-04-04,SN1138,2026-04-05 03:15:00,2026-04-05 03:19:00,4.0,2026-04-05 03:20:00,2026-04-05 03:24:00,2026-04-05 03:37:00,2026-04-05 03:39:00,B28 A,63.0
2026-04-04,SN1574,2026-04-05 00:25:00,2026-04-05 00:29:00,4.0,2026-04-05 00:30:00,2026-04-05 00:34:00,2026-04-05 00:58:00,2026-04-05 01:03:00,A49 ,80.0
2026-04-04,SN2094,2026-04-04 17:15:00,2026-04-04 17:38:00,23.0,2026-04-04 17:21:00,2026-04-04 17:44:00,2026-04-04 18:09:00,2026-04-04 18:11:00,B14 A,48.0
2026-04-04,SN2104,2026-04-04 12:55:00,2026-04-04 12:52:00,-3.0,2026-04-04 12:59:00,2026-04-04 12:56:00,2026-04-04 13:26:00,2026-04-04 13:43:00,B7  A,10.0
2026-04-04,SN2258,2026-04-04 17:25:00,2026-04-04 18:08:00,43.0,2026-04-04 17:32:00,2026-04-04 18:15:00,2026-04-04 18:33:00,2026-04-04 18:34:00,A44 ,47.0
2026-04-04,SN2288,2026-04-04 12:45:00,2026-04-04 13:20:00,35.0,2026-04-04 12:49:00,2026-04-04 13:24:00,2026-04-04 13:37:00,2026-04-04 13:52:00,A54 ,18.0
2026-04-04,SN2298,2026-04-04 12:45:00,2026-04-04 12:46:00,1.0,2026-04-04 12:49:00,2026-04-04 12:50:00,2026-04-04 13:08:00,2026-04-04 13:11:00,A40 ,5.0
2026-04-04,SN241,2026-04-04 09:50:00,2026-04-04 09:35:00,-15.0,2026-04-04 09:57:00,2026-04-04 09:42:00,2026-04-04 09:58:00,2026-04-04 10:43:00,B37 A,48.0
2026-04-04,SN256,2026-04-04 09:10:00,2026-04-04 09:40:00,30.0,2026-04-04 09:20:00,2026-04-04 09:50:00,2026-04-04 10:17:00,2026-04-04 10:41:00,B40 A,93.0
2026-04-04,SN2582,2026-04-04 17:05:00,2026-04-04 16:59:00,-6.0,2026-04-04 17:08:00,2026-04-04 17:02:00,2026-04-04 17:15:00,2026-04-04 17:18:00,A42 ,45.0
2026-04-04,SN2592,2026-04-04 12:20:00,2026-04-04 12:05:00,-15.0,2026-04-04 12:24:00,2026-04-04 12:09:00,2026-04-04 12:21:00,2026-04-04 12:22:00,A59 ,8.0
2026-04-04,SN2608,2026-04-04 14:10:00,2026-04-04 14:00:00,-10.0,2026-04-04 14:17:00,2026-04-04 14:07:00,2026-04-04 14:55:00,2026-04-04 14:59:00,A50 ,41.0
2026-04-04,SN2614,2026-04-04 21:30:00,2026-04-04 21:22:00,-8.0,2026-04-04 21:33:00,2026-04-04 21:25:00,2026-04-04 21:45:00,2026-04-04 21:47:00,A44 ,42.0
2026-04-04,SN2624,2026-04-04 16:50:00,2026-04-04 16:42:00,-8.0,2026-04-04 16:59:00,2026-04-04 16:51:00,2026-04-04 17:00:00,2026-04-04 17:02:00,A48 ,12.0
2026-04-04,SN2630,2026-04-04 12:15:00,2026-04-04 12:07:00,-8.0,2026-04-04 12:18:00,2026-04-04 12:10:00,2026-04-04 12:29:00,2026-04-04 12:30:00,A48 ,2.0
2026-04-04,SN2644,2026-04-04 17:10:00,2026-04-04 16:56:00,-14.0,2026-04-04 17:13:00,2026-04-04 16:59:00,2026-04-04 17:18:00,2026-04-04 17:20:00,A46 ,55.0
2026-04-04,SN2646,2026-04-04 20:15:00,2026-04-04 20:12:00,-3.0,2026-04-04 20:22:00,2026-04-04 20:19:00,2026-04-04 20:35:00,2026-04-04 20:37:00,A47 ,26.0
2026-04-04,SN2652,2026-04-05 02:55:00,2026-04-05 03:08:00,13.0,2026-04-05 03:03:00,2026-04-05 03:16:00,2026-04-05 03:34:00,2026-04-05 03:37:00,A48 ,65.0
2026-04-04,SN2712,2026-04-04 13:35:00,2026-04-04 13:31:00,-4.0,2026-04-04 13:40:00,2026-04-04 13:36:00,2026-04-04 14:05:00,2026-04-04 14:06:00,A59 ,28.0
2026-04-04,SN2714,2026-04-04 16:45:00,2026-04-04 16:44:00,-1.0,2026-04-04 16:53:00,2026-04-04 16:52:00,2026-04-04 17:21:00,2026-04-04 17:23:00,A54 ,43.0
2026-04-04,SN2722,2026-04-04 22:30:00,2026-04-04 22:56:00,26.0,2026-04-04 22:33:00,2026-04-04 22:59:00,2026-04-04 23:27:00,2026-04-04 23:36:00,A40 ,62.0
2026-04-04,SN2726,2026-04-04 12:20:00,2026-04-04 12:20:00,0.0,2026-04-04 12:23:00,2026-04-04 12:23:00,2026-04-04 12:54:00,2026-04-04 12:56:00,A50 ,14.0
2026-04-04,SN2810,2026-04-04 17:20:00,2026-04-04 17:10:00,-10.0,2026-04-04 17:26:00,2026-04-04 17:16:00,2026-04-04 17:34:00,2026-04-04 17:36:00,A56 ,29.0
2026-04-04,SN2816,2026-04-04 12:20:00,2026-04-04 11:58:00,-22.0,2026-04-04 12:23:00,2026-04-04 12:01:00,2026-04-04 12:18:00,2026-04-04 12:20:00,A42 ,1.0
2026-04-04,SN2830,2026-04-04 12:35:00,2026-04-04 12:36:00,1.0,2026-04-04 12:39:00,2026-04-04 12:40:00,2026-04-04 12:58:00,2026-04-04 12:59:00,A58 ,14.0
2026-04-04,SN2902,2026-04-04 15:05:00,2026-04-04 15:17:00,12.0,2026-04-04 15:15:00,2026-04-04 15:27:00,2026-04-04 15:45:00,2026-04-04 15:47:00,A52 ,18.0
2026-04-04,SN3132,2026-04-05 01:15:00,2026-04-05 01:59:00,44.0,2026-04-05 01:18:00,2026-04-05 02:02:00,2026-04-05 02:12:00,2026-04-05 02:14:00,A54 ,29.0
2026-04-04,SN3140,2026-04-04 18:05:00,2026-04-04 17:52:00,-13.0,2026-04-04 18:09:00,2026-04-04 17:56:00,2026-04-04 18:05:00,2026-04-04 18:06:00,A64 ,17.0
2026-04-04,SN3148,2026-04-04 18:45:00,2026-04-04 18:47:00,2.0,2026-04-04 18:53:00,2026-04-04 18:55:00,2026-04-04 19:11:00,2026-04-04 19:14:00,A48 ,43.0
2026-04-04,SN3154,2026-04-04 14:10:00,2026-04-04 14:06:00,-4.0,2026-04-04 14:18:00,2026-04-04 14:14:00,2026-04-04 14:35:00,2026-04-04 14:37:00,A40 ,17.0
2026-04-04,SN3176,2026-04-04 16:25:00,2026-04-04 21:41:00,316.0,2026-04-04 16:29:00,2026-04-04 21:45:00,2026-04-04 22:05:00,2026-04-04 22:09:00,A56 ,64.0
2026-04-04,SN3182,2026-04-05 00:20:00,2026-04-05 00:16:00,-4.0,2026-04-05 00:24:00,2026-04-05 00:20:00,2026-04-05 00:38:00,2026-04-05 00:41:00,A58 ,57.0
2026-04-04,SN3202,2026-04-04 18:20:00,2026-04-04 18:18:00,-2.0,2026-04-04 18:26:00,2026-04-04 18:24:00,2026-04-04 18:45:00,2026-04-04 18:49:00,A62 ,43.0
2026-04-04,SN3208,2026-04-04 12:40:00,2026-04-04 12:33:00,-7.0,2026-04-04 12:46:00,2026-04-04 12:39:00,2026-04-04 12:57:00,2026-04-04 12:58:00,A49 ,6.0
2026-04-04,SN3238,2026-04-04 22:30:00,2026-04-04 21:54:00,-36.0,2026-04-04 22:34:00,2026-04-04 21:58:00,2026-04-04 22:10:00,2026-04-04 22:11:00,A65 ,20.0
2026-04-04,SN3246,2026-04-04 17:25:00,2026-04-04 17:24:00,-1.0,2026-04-04 17:33:00,2026-04-04 17:32:00,2026-04-04 17:48:00,2026-04-04 17:49:00,A52 ,37.0
2026-04-04,SN3256,2026-04-04 18:00:00,2026-04-04 17:45:00,-15.0,2026-04-04 18:04:00,2026-04-04 17:49:00,2026-04-04 18:07:00,2026-04-04 18:08:00,A59 ,15.0
2026-04-04,SN3344,2026-04-05 00:15:00,2026-04-05 01:05:00,50.0,2026-04-05 00:19:00,2026-04-05 01:09:00,2026-04-05 01:18:00,2026-04-05 01:19:00,A56 ,5.0
2026-04-04,SN358,2026-04-04 10:15:00,2026-04-04 11:07:00,52.0,2026-04-04 10:21:00,2026-04-04 11:13:00,2026-04-04 11:43:00,2026-04-04 12:03:00,B38 A,126.0
2026-04-04,SN3588,2026-04-04 18:35:00,2026-04-04 18:58:00,23.0,2026-04-04 18:42:00,2026-04-04 19:05:00,2026-04-04 19:29:00,2026-04-04 19:35:00,A46 ,33.0
2026-04-04,SN3598,2026-04-04 19:15:00,2026-04-04 19:31:00,16.0,2026-04-04 19:22:00,2026-04-04 19:38:00,2026-04-04 19:57:00,2026-04-04 19:58:00,A56 ,55.0
2026-04-04,SN3604,2026-04-04 12:25:00,2026-04-04 12:14:00,-11.0,2026-04-04 12:28:00,2026-04-04 12:17:00,2026-04-04 12:36:00,2026-04-04 12:40:00,A52 ,10.0
2026-04-04,SN3618,2026-04-04 19:30:00,2026-04-04 19:11:00,-19.0,2026-04-04 19:38:00,2026-04-04 19:19:00,2026-04-04 19:36:00,2026-04-04 19:38:00,A40 ,86.0
2026-04-04,SN3622,2026-04-04 22:10:00,2026-04-04 21:58:00,-12.0,2026-04-04 22:14:00,2026-04-04 22:02:00,2026-04-04 22:20:00,2026-04-04 22:23:00,A50 ,71.0
2026-04-04,SN3632,2026-04-04 13:30:00,2026-04-04 13:26:00,-4.0,2026-04-04 13:35:00,2026-04-04 13:31:00,2026-04-04 13:49:00,2026-04-04 14:00:00,A57 ,9.0
2026-04-04,SN3634,2026-04-04 14:55:00,2026-04-04 14:53:00,-2.0,2026-04-04 14:59:00,2026-04-04 14:57:00,2026-04-04 15:28:00,2026-04-04 15:29:00,A59 ,7.0
2026-04-04,SN3668,2026-04-04 17:50:00,2026-04-04 17:48:00,-2.0,2026-04-04 17:57:00,2026-04-04 17:55:00,2026-04-04 18:13:00,2026-04-04 18:16:00,A40 ,62.0
2026-04-04,SN3704,2026-04-04 21:15:00,2026-04-04 21:14:00,-1.0,2026-04-04 21:18:00,2026-04-04 21:17:00,2026-04-04 21:33:00,2026-04-04 21:36:00,A46 ,76.0
2026-04-04,SN3712,2026-04-04 18:00:00,2026-04-04 17:42:00,-18.0,2026-04-04 18:06:00,2026-04-04 17:48:00,2026-04-04 17:58:00,2026-04-04 17:59:00,A58 ,24.0
2026-04-04,SN3734,2026-04-04 16:50:00,2026-04-04 16:39:00,-11.0,2026-04-04 16:57:00,2026-04-04 16:46:00,2026-04-04 17:00:00,2026-04-04 17:02:00,A50 ,32.0
2026-04-04,SN3736,2026-04-04 22:25:00,2026-04-04 22:53:00,28.0,2026-04-04 22:29:00,2026-04-04 22:57:00,2026-04-04 23:25:00,2026-04-04 23:34:00,A48 ,99.0
2026-04-04,SN3738,2026-04-05 03:10:00,2026-04-05 03:05:00,-5.0,2026-04-05 03:14:00,2026-04-05 03:09:00,2026-04-05 03:30:00,2026-04-05 03:34:00,A67 ,77.0
2026-04-04,SN3740,2026-04-05 01:10:00,2026-04-05 01:40:00,30.0,2026-04-05 01:14:00,2026-04-05 01:44:00,2026-04-05 02:06:00,2026-04-05 02:09:00,A68 ,80.0
2026-04-04,SN3766,2026-04-04 23:50:00,2026-04-04 23:34:00,-16.0,2026-04-04 23:53:00,2026-04-04 23:37:00,2026-04-05 00:01:00,2026-04-05 00:38:00,A44 ,96.0
2026-04-04,SN3768,2026-04-05 00:25:00,2026-04-05 00:14:00,-11.0,2026-04-05 00:29:00,2026-04-05 00:18:00,2026-04-05 00:32:00,2026-04-05 00:38:00,A66 ,37.0
2026-04-04,SN3772,2026-04-04 15:35:00,2026-04-04 15:30:00,-5.0,2026-04-04 15:43:00,2026-04-04 15:38:00,2026-04-04 15:58:00,2026-04-04 16:01:00,A40 ,45.0
2026-04-04,SN3774,2026-04-05 03:10:00,2026-04-05 03:13:00,3.0,2026-04-05 03:17:00,2026-04-05 03:20:00,2026-04-05 03:34:00,2026-04-05 03:36:00,A44 ,36.0
2026-04-04,SN3780,2026-04-04 22:00:00,2026-04-04 21:43:00,-17.0,2026-04-04 22:04:00,2026-04-04 21:47:00,2026-04-04 22:11:00,2026-04-04 22:15:00,A52 ,63.0
2026-04-04,SN3782,2026-04-05 03:30:00,2026-04-05 03:44:00,14.0,2026-04-05 03:37:00,2026-04-05 03:51:00,2026-04-05 05:15:00,2026-04-05 05:18:00,A68 ,113.0
2026-04-04,SN3784,2026-04-05 03:20:00,2026-04-05 03:15:00,-5.0,2026-04-05 03:25:00,2026-04-05 03:20:00,2026-04-05 03:34:00,2026-04-05 03:37:00,A59 ,61.0
2026-04-04,SN3802,2026-04-04 20:00:00,2026-04-04 19:51:00,-9.0,2026-04-04 20:06:00,2026-04-04 19:57:00,2026-04-04 20:18:00,2026-04-04 20:21:00,A54 ,75.0
2026-04-04,SN3806,2026-04-05 02:40:00,2026-04-05 02:25:00,-15.0,2026-04-05 02:44:00,2026-04-05 02:29:00,2026-04-05 02:40:00,2026-04-05 02:42:00,A62 ,27.0
2026-04-04,SN3816,2026-04-04 19:40:00,2026-04-04 19:45:00,5.0,2026-04-04 19:46:00,2026-04-04 19:51:00,2026-04-04 20:09:00,2026-04-04 20:13:00,A44 ,72.0
2026-04-04,SN3820,2026-04-05 03:40:00,2026-04-05 03:42:00,2.0,2026-04-05 03:47:00,2026-04-05 03:49:00,2026-04-05 03:56:00,2026-04-05 03:58:00,A60 ,18.0
2026-04-04,SN3828,2026-04-05 03:50:00,2026-04-05 03:39:00,-11.0,2026-04-05 03:55:00,2026-04-05 03:44:00,2026-04-05 05:07:00,2026-04-05 05:13:00,A63 ,83.0
2026-04-04,SN3886,2026-04-05 03:10:00,2026-04-05 02:58:00,-12.0,2026-04-05 03:16:00,2026-04-05 03:04:00,2026-04-05 03:22:00,2026-04-05 03:23:00,B14 A,10.0
2026-04-04,SN467,2026-04-04 10:45:00,2026-04-04 11:00:00,15.0,2026-04-04 10:49:00,2026-04-04 11:04:00,2026-04-04 11:20:00,2026-04-04 11:48:00,B11 A,79.0
2026-04-04,SN502,2026-04-04 11:40:00,2026-04-04 10:52:00,-48.0,2026-04-04 11:44:00,2026-04-04 10:56:00,2026-04-04 11:09:00,2026-04-04 11:30:00,B37 A,97.0
2026-04-04,SQ304,2026-04-04 11:25:00,2026-04-04 11:09:00,-16.0,2026-04-04 11:30:00,2026-04-04 11:14:00,2026-04-04 11:31:00,2026-04-04 12:29:00,B31 A,306.0
2026-04-04,TB1014,2026-04-04 16:45:00,2026-04-04 16:35:00,-10.0,2026-04-04 16:51:00,2026-04-04 16:41:00,2026-04-04 16:52:00,2026-04-04 16:54:00,A51 ,35.0
2026-04-04,TB1112,2026-04-04 15:50:00,2026-04-04 16:05:00,15.0,2026-04-04 15:57:00,2026-04-04 16:12:00,2026-04-04 16:37:00,2026-04-04 16:40:00,A57 ,93.0
2026-04-04,TB1135,2026-04-04 17:25:00,2026-04-04 17:28:00,3.0,2026-04-04 17:30:00,2026-04-04 17:33:00,2026-04-04 18:14:00,2026-04-04 18:17:00,A57 ,38.0
2026-04-04,TB1502,2026-04-05 03:50:00,2026-04-05 05:59:00,129.0,2026-04-05 03:55:00,2026-04-05 06:04:00,2026-04-05 06:21:00,2026-04-05 06:25:00,A61 ,74.0
2026-04-04,TB1554,2026-04-04 20:45:00,2026-04-04 20:47:00,2.0,2026-04-04 20:50:00,2026-04-04 20:52:00,2026-04-04 21:14:00,2026-04-04 21:19:00,A64 ,109.0
2026-04-04,TB1702,2026-04-05 02:20:00,2026-04-05 02:09:00,-11.0,2026-04-05 02:29:00,2026-04-05 02:18:00,2026-04-05 02:41:00,2026-04-05 02:44:00,A43 ,104.0
2026-04-04,TB1704,2026-04-05 02:50:00,2026-04-05 02:51:00,1.0,2026-04-05 02:56:00,2026-04-05 02:57:00,2026-04-05 03:17:00,2026-04-05 03:23:00,A53 ,76.0
2026-04-04,TB1756,2026-04-04 20:10:00,2026-04-04 20:06:00,-4.0,2026-04-04 20:17:00,2026-04-04 20:13:00,2026-04-04 20:29:00,2026-04-04 20:36:00,A43 ,137.0
2026-04-04,TB1758,2026-04-05 03:25:00,2026-04-05 03:34:00,9.0,2026-04-05 03:33:00,2026-04-05 03:42:00,2026-04-05 05:14:00,2026-04-05 05:18:00,A66 ,123.0
2026-04-04,TB2031,2026-04-05 00:25:00,2026-04-05 00:02:00,-23.0,2026-04-05 00:32:00,2026-04-05 00:09:00,2026-04-05 00:26:00,2026-04-05 00:30:00,B36 A,170.0
2026-04-04,TB2612,2026-04-04 06:40:00,2026-04-04 06:31:00,-9.0,2026-04-04 06:49:00,2026-04-04 06:40:00,2026-04-04 06:47:00,2026-04-04 06:48:00,B15 A,35.0
2026-04-04,TB2614,2026-04-05 01:35:00,2026-04-05 01:21:00,-14.0,2026-04-05 01:40:00,2026-04-05 01:26:00,2026-04-05 01:46:00,2026-04-05 01:49:00,B11 A,118.0
2026-04-04,TB2654,2026-04-05 01:55:00,2026-04-05 01:47:00,-8.0,2026-04-05 02:00:00,2026-04-05 01:52:00,2026-04-05 02:16:00,2026-04-05 02:21:00,B27 A,113.0
2026-04-04,TB2752,2026-04-04 16:45:00,2026-04-04 16:33:00,-12.0,2026-04-04 16:49:00,2026-04-04 16:37:00,2026-04-04 16:53:00,2026-04-04 16:56:00,B40 A,74.0
2026-04-04,TB3012,2026-04-04 22:30:00,2026-04-04 22:41:00,11.0,2026-04-04 22:35:00,2026-04-04 22:46:00,2026-04-04 23:06:00,2026-04-04 23:11:00,B30 A,129.0
2026-04-04,TK1937,2026-04-04 14:10:00,2026-04-04 14:09:00,-1.0,2026-04-04 14:16:00,2026-04-04 14:15:00,2026-04-04 14:31:00,2026-04-04 14:45:00,B34 A,138.0
2026-04-04,TK1939,2026-04-04 21:50:00,2026-04-04 21:52:00,2.0,2026-04-04 21:59:00,2026-04-04 22:01:00,2026-04-04 22:11:00,2026-04-04 22:28:00,B14 A,155.0
2026-04-04,TK1941,2026-04-05 01:25:00,2026-04-05 01:12:00,-13.0,2026-04-05 01:31:00,2026-04-05 01:18:00,2026-04-05 01:37:00,2026-04-05 01:44:00,B7  A,117.0
2026-04-04,TK1943,2026-04-04 17:25:00,2026-04-04 17:26:00,1.0,2026-04-04 17:31:00,2026-04-04 17:32:00,2026-04-04 17:49:00,2026-04-04 17:58:00,B32 A,116.0
2026-04-04,TP640,2026-04-04 15:00:00,2026-04-04 14:38:00,-22.0,2026-04-04 15:07:00,2026-04-04 14:45:00,2026-04-04 15:15:00,2026-04-04 15:16:00,A47 ,62.0
2026-04-04,TP642,2026-04-04 19:05:00,2026-04-04 18:38:00,-27.0,2026-04-04 19:11:00,2026-04-04 18:44:00,2026-04-04 18:57:00,2026-04-04 19:06:00,A49 ,96.0
2026-04-04,TP644,2026-04-05 00:05:00,2026-04-04 23:45:00,-20.0,2026-04-05 00:12:00,2026-04-04 23:52:00,2026-04-05 00:09:00,2026-04-05 00:30:00,A47 ,73.0
2026-04-04,TP646,2026-04-05 03:55:00,2026-04-05 05:06:00,71.0,2026-04-05 04:01:00,2026-04-05 05:12:00,2026-04-05 05:25:00,2026-04-05 05:30:00,A45 ,102.0
2026-04-04,TU954,2026-04-04 15:25:00,2026-04-04 15:34:00,9.0,2026-04-04 15:30:00,2026-04-04 15:39:00,2026-04-04 15:56:00,2026-04-04 16:02:00,B14 A,88.0
2026-04-04,UA950,2026-04-04 11:15:00,2026-04-04 10:55:00,-20.0,2026-04-04 11:22:00,2026-04-04 11:02:00,2026-04-04 11:22:00,2026-04-04 11:45:00,B28 A,170.0
2026-04-04,UA972,2026-04-04 13:00:00,2026-04-04 12:49:00,-11.0,2026-04-04 13:07:00,2026-04-04 12:56:00,2026-04-04 13:16:00,2026-04-04 13:38:00,B38 A,134.0
2026-04-04,UA994,2026-04-04 11:45:00,2026-04-04 11:31:00,-14.0,2026-04-04 11:51:00,2026-04-04 11:37:00,2026-04-04 11:55:00,2026-04-04 12:25:00,B40 A,157.0
2026-04-04,UX1171,2026-04-04 13:45:00,2026-04-04 13:33:00,-12.0,2026-04-04 13:55:00,2026-04-04 13:43:00,2026-04-04 14:00:00,2026-04-04 14:03:00,A48 ,34.0
2026-04-04,UX1173,2026-04-04 21:40:00,2026-04-04 21:21:00,-19.0,2026-04-04 21:46:00,2026-04-04 21:27:00,2026-04-04 21:45:00,2026-04-04 21:49:00,A53 ,70.0
2026-04-04,UX1175,2026-04-04 22:10:00,2026-04-04 21:49:00,-21.0,2026-04-04 22:17:00,2026-04-04 21:56:00,2026-04-04 22:09:00,2026-04-04 22:11:00,A59 ,39.0
2026-04-04,VF65,2026-04-04 15:15:00,2026-04-04 14:56:00,-19.0,2026-04-04 15:21:00,2026-04-04 15:02:00,2026-04-04 15:21:00,2026-04-04 15:26:00,B36 A,133.0
2026-04-04,VF67,2026-04-04 20:10:00,2026-04-04 20:03:00,-7.0,2026-04-04 20:16:00,2026-04-04 20:09:00,2026-04-04 20:28:00,2026-04-04 20:32:00,B11 A,149.0
2026-04-04,VY1332,2026-04-04 13:25:00,2026-04-04 13:06:00,-19.0,2026-04-04 13:30:00,2026-04-04 13:11:00,2026-04-04 13:29:00,2026-04-04 13:33:00,A55 ,9.0
2026-04-04,VY1334,2026-04-05 00:00:00,2026-04-04 23:52:00,-8.0,2026-04-05 00:07:00,2026-04-04 23:59:00,2026-04-05 00:10:00,2026-04-05 00:12:00,A43 ,31.0
2026-04-04,VY1470,2026-04-04 12:45:00,2026-04-04 12:26:00,-19.0,2026-04-04 12:50:00,2026-04-04 12:31:00,2026-04-04 12:52:00,2026-04-04 12:53:00,A53 ,19.0
2026-04-04,VY2150,2026-04-04 14:25:00,2026-04-04 14:02:00,-23.0,2026-04-04 14:30:00,2026-04-04 14:07:00,2026-04-04 14:18:00,2026-04-04 14:20:00,A43 ,38.0
2026-04-04,VY6814,2026-04-04 18:40:00,2026-04-04 19:09:00,29.0,2026-04-04 18:44:00,2026-04-04 19:13:00,2026-04-04 19:31:00,2026-04-04 19:34:00,A53 ,18.0
2026-04-04,VY8978,2026-04-04 16:45:00,2026-04-04 16:30:00,-15.0,2026-04-04 16:51:00,2026-04-04 16:36:00,2026-04-04 16:44:00,2026-04-04 16:46:00,A45 ,18.0
2026-04-04,VY8980,2026-04-04 13:45:00,2026-04-04 13:35:00,-10.0,2026-04-04 13:50:00,2026-04-04 13:40:00,2026-04-04 13:58:00,2026-04-04 14:02:00,A53 ,10.0
2026-04-04,VY8982,2026-04-04 21:15:00,2026-04-04 21:18:00,3.0,2026-04-04 21:22:00,2026-04-04 21:25:00,2026-04-04 21:41:00,2026-04-04 21:45:00,A45 ,52.0
2026-04-04,VY8984,2026-04-05 01:00:00,2026-04-05 00:42:00,-18.0,2026-04-05 01:06:00,2026-04-05 00:48:00,2026-04-05 01:00:00,2026-04-05 01:02:00,A45 ,56.0
2026-04-04,VY8986,2026-04-04 18:30:00,2026-04-04 18:15:00,-15.0,2026-04-04 18:36:00,2026-04-04 18:21:00,2026-04-04 18:36:00,2026-04-04 18:40:00,A51 ,41.0
2026-04-05,A34382,2026-04-05 14:45:00,2026-04-05 14:27:00,-18.0,2026-04-05 14:50:00,2026-04-05 14:32:00,2026-04-05 14:52:00,2026-04-05 15:11:00,A57 ,185.0
2026-04-05,AC832,2026-04-05 12:10:00,2026-04-05 11:30:00,-40.0,2026-04-05 12:18:00,2026-04-05 11:38:00,2026-04-05 11:54:00,2026-04-05 12:17:00,B30 A,100.0
2026-04-05,AY1541,2026-04-05 15:35:00,2026-04-05 15:28:00,-7.0,2026-04-05 15:41:00,2026-04-05 15:34:00,2026-04-05 15:46:00,2026-04-05 15:48:00,A51 ,58.0
2026-04-05,AY1545,2026-04-05 23:20:00,2026-04-05 23:20:00,0.0,2026-04-05 23:27:00,2026-04-05 23:27:00,2026-04-05 23:37:00,2026-04-05 23:38:00,A43 ,27.0
2026-04-05,AY1549,2026-04-06 03:35:00,2026-04-06 03:53:00,18.0,2026-04-06 03:41:00,2026-04-06 03:59:00,2026-04-06 04:08:00,2026-04-06 04:09:00,A49 ,19.0
2026-04-05,AZ154,2026-04-06 00:05:00,2026-04-05 23:42:00,-23.0,2026-04-06 00:11:00,2026-04-05 23:48:00,2026-04-05 23:58:00,2026-04-06 00:00:00,A64 ,17.0
2026-04-05,AZ156,2026-04-05 15:45:00,2026-04-05 15:34:00,-11.0,2026-04-05 15:51:00,2026-04-05 15:40:00,2026-04-05 15:56:00,2026-04-05 16:02:00,A54 ,36.0
2026-04-05,AZ160,2026-04-05 23:00:00,2026-04-05 22:56:00,-4.0,2026-04-05 23:04:00,2026-04-05 23:00:00,2026-04-05 23:12:00,2026-04-05 23:16:00,A62 ,40.0
2026-04-05,BA384,2026-04-05 14:50:00,2026-04-05 14:33:00,-17.0,2026-04-05 14:54:00,2026-04-05 14:37:00,2026-04-05 14:47:00,2026-04-05 14:50:00,B29 A,23.0
2026-04-05,BA386,2026-04-05 19:20:00,2026-04-05 18:59:00,-21.0,2026-04-05 19:26:00,2026-04-05 19:05:00,2026-04-05 19:20:00,2026-04-05 19:23:00,B7  A,110.0
2026-04-05,BA390,2026-04-06 00:55:00,2026-04-06 00:51:00,-4.0,2026-04-06 01:00:00,2026-04-06 00:56:00,2026-04-06 01:12:00,2026-04-06 01:14:00,B9  A,60.0
2026-04-05,BT853,2026-04-06 01:00:00,2026-04-06 00:53:00,-7.0,2026-04-06 01:05:00,2026-04-06 00:58:00,2026-04-06 01:10:00,2026-04-06 01:11:00,A69 ,1.0
2026-04-05,EI630,2026-04-05 14:40:00,2026-04-05 14:13:00,-27.0,2026-04-05 14:48:00,2026-04-05 14:21:00,2026-04-05 14:36:00,2026-04-05 14:42:00,B27 A,99.0
2026-04-05,EI638,2026-04-06 01:45:00,2026-04-06 01:31:00,-14.0,2026-04-06 01:50:00,2026-04-06 01:36:00,2026-04-06 01:49:00,2026-04-06 01:52:00,B11 A,88.0
2026-04-05,EK181,2026-04-06 00:30:00,2026-04-06 00:36:00,6.0,2026-04-06 00:35:00,2026-04-06 00:41:00,2026-04-06 00:55:00,2026-04-06 01:26:00,B31 A,213.0
2026-04-05,ET750,2026-04-05 12:05:00,2026-04-05 12:08:00,3.0,2026-04-05 12:10:00,2026-04-05 12:13:00,2026-04-05 12:32:00,2026-04-05 13:13:00,B29 A,422.0
2026-04-05,EY57,2026-04-05 13:00:00,2026-04-05 13:15:00,15.0,2026-04-05 13:10:00,2026-04-05 13:25:00,2026-04-05 13:43:00,2026-04-05 14:19:00,B5  A,244.0
2026-04-05,FB407,2026-04-06 00:45:00,2026-04-06 00:41:00,-4.0,2026-04-06 00:50:00,2026-04-06 00:46:00,2026-04-06 00:55:00,2026-04-06 00:57:00,A49 ,30.0
2026-04-05,FH8116,2026-04-05 06:30:00,2026-04-05 05:55:00,-35.0,2026-04-05 06:35:00,2026-04-05 06:00:00,2026-04-05 06:07:00,2026-04-05 06:09:00,B15 A,22.0
2026-04-05,FI554,2026-04-05 17:55:00,2026-04-05 17:42:00,-13.0,2026-04-05 18:04:00,2026-04-05 17:51:00,2026-04-05 18:18:00,2026-04-05 18:21:00,A43 ,80.0
2026-04-05,GQ800,2026-04-05 23:55:00,2026-04-05 23:43:00,-12.0,2026-04-06 00:01:00,2026-04-05 23:49:00,2026-04-06 00:07:00,2026-04-06 00:09:00,A67 ,64.0
2026-04-05,IB1301,2026-04-06 00:00:00,2026-04-05 23:37:00,-23.0,2026-04-06 00:05:00,2026-04-05 23:42:00,2026-04-05 23:55:00,2026-04-05 23:56:00,A61 ,38.0
2026-04-05,IB597,2026-04-05 16:25:00,2026-04-05 16:08:00,-17.0,2026-04-05 16:31:00,2026-04-05 16:14:00,2026-04-05 16:23:00,2026-04-05 16:26:00,A43 ,83.0
2026-04-05,IB603,2026-04-06 03:30:00,2026-04-06 03:22:00,-8.0,2026-04-06 03:36:00,2026-04-06 03:28:00,2026-04-06 03:39:00,2026-04-06 03:42:00,A47 ,77.0
2026-04-05,KM420,2026-04-06 00:15:00,2026-04-06 00:09:00,-6.0,2026-04-06 00:20:00,2026-04-06 00:14:00,2026-04-06 00:27:00,2026-04-06 00:30:00,A59 ,54.0
2026-04-05,LH1004,2026-04-05 12:45:00,2026-04-05 12:45:00,0.0,2026-04-05 12:50:00,2026-04-05 12:50:00,2026-04-05 13:03:00,2026-04-05 13:30:00,A43 ,40.0
2026-04-05,LO231,2026-04-06 03:35:00,2026-04-06 03:37:00,2.0,2026-04-06 03:41:00,2026-04-06 03:43:00,2026-04-06 04:00:00,2026-04-06 04:01:00,A53 ,13.0
2026-04-05,LO233,2026-04-05 23:40:00,2026-04-05 23:32:00,-8.0,2026-04-05 23:48:00,2026-04-05 23:40:00,2026-04-05 23:58:00,2026-04-06 00:01:00,A46 ,31.0
2026-04-05,LO235,2026-04-05 14:25:00,2026-04-05 14:09:00,-16.0,2026-04-05 14:32:00,2026-04-05 14:16:00,2026-04-05 14:28:00,2026-04-05 14:30:00,A56 ,37.0
2026-04-05,LX780,2026-04-05 19:15:00,2026-04-05 19:12:00,-3.0,2026-04-05 19:22:00,2026-04-05 19:19:00,2026-04-05 19:34:00,2026-04-05 19:35:00,A43 ,42.0
2026-04-05,LX786,2026-04-05 13:50:00,2026-04-05 13:29:00,-21.0,2026-04-05 13:55:00,2026-04-05 13:34:00,2026-04-05 13:56:00,2026-04-05 14:01:00,A45 ,45.0
2026-04-05,LX788,2026-04-05 23:35:00,2026-04-05 23:47:00,12.0,2026-04-05 23:40:00,2026-04-05 23:52:00,2026-04-06 00:07:00,2026-04-06 00:26:00,A45 ,52.0
2026-04-05,MS725,2026-04-05 20:15:00,2026-04-05 20:06:00,-9.0,2026-04-05 20:22:00,2026-04-05 20:13:00,2026-04-05 20:31:00,2026-04-05 20:39:00,B9  A,172.0
2026-04-05,OS291,2026-04-05 14:05:00,2026-04-05 13:56:00,-9.0,2026-04-05 14:10:00,2026-04-05 14:01:00,2026-04-05 14:10:00,2026-04-05 14:15:00,A43 ,3.0
2026-04-05,OS295,2026-04-05 21:45:00,2026-04-05 21:33:00,-12.0,2026-04-05 21:50:00,2026-04-05 21:38:00,2026-04-05 21:48:00,2026-04-05 21:50:00,A43 ,26.0
2026-04-05,OU4456,2026-04-06 00:50:00,2026-04-06 00:47:00,-3.0,2026-04-06 00:56:00,2026-04-06 00:53:00,2026-04-06 01:10:00,2026-04-06 01:11:00,A53 ,25.0
2026-04-05,QS1002,2026-04-05 23:45:00,2026-04-05 23:40:00,-5.0,2026-04-05 23:49:00,2026-04-05 23:44:00,2026-04-05 23:55:00,2026-04-05 23:56:00,A65 ,27.0
2026-04-05,RJ141,2026-04-05 20:15:00,2026-04-05 20:31:00,16.0,2026-04-05 20:23:00,2026-04-05 20:39:00,2026-04-05 20:53:00,2026-04-05 21:17:00,B5  A,214.0
2026-04-05,RO373,2026-04-05 23:45:00,2026-04-06 00:06:00,21.0,2026-04-05 23:54:00,2026-04-06 00:15:00,2026-04-06 00:26:00,2026-04-06 00:28:00,A48 ,35.0
2026-04-05,SK1593,2026-04-05 19:35:00,2026-04-05 19:31:00,-4.0,2026-04-05 19:44:00,2026-04-05 19:40:00,2026-04-05 19:53:00,2026-04-05 19:55:00,A47 ,27.0
2026-04-05,SK1595,2026-04-05 23:30:00,2026-04-05 23:22:00,-8.0,2026-04-05 23:36:00,2026-04-05 23:28:00,2026-04-05 23:39:00,2026-04-05 23:41:00,A57 ,16.0
2026-04-05,SK2591,2026-04-06 01:40:00,2026-04-06 01:45:00,5.0,2026-04-06 01:46:00,2026-04-06 01:51:00,2026-04-06 02:01:00,2026-04-06 02:02:00,A59 ,33.0
2026-04-05,SK4745,2026-04-05 23:20:00,2026-04-05 23:15:00,-5.0,2026-04-05 23:24:00,2026-04-05 23:19:00,2026-04-05 23:35:00,2026-04-05 23:39:00,A51 ,71.0
2026-04-05,SK589,2026-04-05 15:15:00,2026-04-05 15:19:00,4.0,2026-04-05 15:22:00,2026-04-05 15:26:00,2026-04-05 15:34:00,2026-04-05 15:36:00,A46 ,27.0
2026-04-05,SK597,2026-04-06 00:50:00,2026-04-06 00:40:00,-10.0,2026-04-06 00:55:00,2026-04-06 00:45:00,2026-04-06 00:58:00,2026-04-06 01:06:00,A51 ,10.0
2026-04-05,SN1122,2026-04-05 08:35:00,2026-04-05 09:04:00,29.0,2026-04-05 08:39:00,2026-04-05 09:08:00,2026-04-05 09:20:00,2026-04-05 09:21:00,B40 A,13.0
2026-04-05,SN1124,2026-04-05 07:05:00,2026-04-05 07:14:00,9.0,2026-04-05 07:10:00,2026-04-05 07:19:00,2026-04-05 07:32:00,2026-04-05 07:48:00,B30 A,138.0
2026-04-05,SN1652,2026-04-05 22:20:00,2026-04-05 22:11:00,-9.0,2026-04-05 22:27:00,2026-04-05 22:18:00,2026-04-05 22:42:00,2026-04-05 22:44:00,A54 ,22.0
2026-04-05,SN206,2026-04-05 10:20:00,2026-04-05 10:25:00,5.0,2026-04-05 10:25:00,2026-04-05 10:30:00,2026-04-05 10:47:00,2026-04-05 11:32:00,B38 A,320.0
2026-04-05,SN2064,2026-04-05 20:20:00,2026-04-05 20:15:00,-5.0,2026-04-05 20:31:00,2026-04-05 20:26:00,2026-04-05 20:38:00,2026-04-05 20:41:00,B29 A,61.0
2026-04-05,SN2094,2026-04-05 18:15:00,2026-04-05 18:10:00,-5.0,2026-04-05 18:20:00,2026-04-05 18:15:00,2026-04-05 18:39:00,2026-04-05 18:43:00,B28 A,81.0
2026-04-05,SN2096,2026-04-06 01:00:00,2026-04-06 00:43:00,-17.0,2026-04-06 01:04:00,2026-04-06 00:47:00,2026-04-06 01:06:00,2026-04-06 01:09:00,B30 A,55.0
2026-04-05,SN2104,2026-04-05 13:55:00,2026-04-05 13:44:00,-11.0,2026-04-05 13:59:00,2026-04-05 13:48:00,2026-04-05 14:06:00,2026-04-05 14:17:00,B9  A,10.0
2026-04-05,SN2258,2026-04-05 18:25:00,2026-04-05 18:17:00,-8.0,2026-04-05 18:29:00,2026-04-05 18:21:00,2026-04-05 18:39:00,2026-04-05 18:42:00,A58 ,34.0
2026-04-05,SN2260,2026-04-06 00:45:00,2026-04-06 00:32:00,-13.0,2026-04-06 00:48:00,2026-04-06 00:35:00,2026-04-06 00:51:00,2026-04-06 00:55:00,A50 ,27.0
2026-04-05,SN2268,2026-04-05 13:25:00,2026-04-05 13:22:00,-3.0,2026-04-05 13:31:00,2026-04-05 13:28:00,2026-04-05 13:46:00,2026-04-05 13:48:00,A53 ,4.0
2026-04-05,SN2284,2026-04-06 01:05:00,2026-04-06 01:06:00,1.0,2026-04-06 01:08:00,2026-04-06 01:09:00,2026-04-06 01:27:00,2026-04-06 01:29:00,A46 ,10.0
2026-04-05,SN229,2026-04-05 10:00:00,2026-04-05 10:22:00,22.0,2026-04-05 10:04:00,2026-04-05 10:26:00,2026-04-05 10:41:00,2026-04-05 11:10:00,B31 A,120.0
2026-04-05,SN2294,2026-04-06 00:50:00,2026-04-06 00:45:00,-5.0,2026-04-06 00:55:00,2026-04-06 00:50:00,2026-04-06 01:01:00,2026-04-06 01:03:00,A55 ,34.0
2026-04-05,SN2372,2026-04-06 01:25:00,2026-04-06 01:16:00,-9.0,2026-04-06 01:28:00,2026-04-06 01:19:00,2026-04-06 01:33:00,2026-04-06 01:36:00,A54 ,24.0
2026-04-05,SN2548,2026-04-06 01:15:00,2026-04-06 01:04:00,-11.0,2026-04-06 01:20:00,2026-04-06 01:09:00,2026-04-06 01:25:00,2026-04-06 01:27:00,A47 ,32.0
2026-04-05,SN2556,2026-04-06 01:10:00,2026-04-06 00:57:00,-13.0,2026-04-06 01:14:00,2026-04-06 01:01:00,2026-04-06 01:09:00,2026-04-06 01:12:00,A60 ,28.0
2026-04-05,SN2582,2026-04-05 18:05:00,2026-04-05 17:53:00,-12.0,2026-04-05 18:08:00,2026-04-05 17:56:00,2026-04-05 18:11:00,2026-04-05 18:12:00,A48 ,15.0
2026-04-05,SN2588,2026-04-06 01:10:00,2026-04-06 01:02:00,-8.0,2026-04-06 01:16:00,2026-04-06 01:08:00,2026-04-06 01:20:00,2026-04-06 01:21:00,A56 ,24.0
2026-04-05,SN2590,2026-04-06 03:15:00,2026-04-06 03:03:00,-12.0,2026-04-06 03:18:00,2026-04-06 03:06:00,2026-04-06 03:15:00,2026-04-06 03:16:00,A62 ,14.0
2026-04-05,SN2592,2026-04-05 13:20:00,2026-04-05 13:07:00,-13.0,2026-04-05 13:27:00,2026-04-05 13:14:00,2026-04-05 13:32:00,2026-04-05 13:34:00,A42 ,1.0
2026-04-05,SN2608,2026-04-05 15:10:00,2026-04-05 14:52:00,-18.0,2026-04-05 15:18:00,2026-04-05 15:00:00,2026-04-05 15:17:00,2026-04-05 15:19:00,A42 ,26.0
2026-04-05,SN2610,2026-04-05 17:45:00,2026-04-05 17:41:00,-4.0,2026-04-05 17:48:00,2026-04-05 17:44:00,2026-04-05 18:11:00,2026-04-05 18:13:00,A50 ,46.0
2026-04-05,SN2614,2026-04-05 22:30:00,2026-04-05 22:17:00,-13.0,2026-04-05 22:39:00,2026-04-05 22:26:00,2026-04-05 22:38:00,2026-04-05 22:40:00,A40 ,50.0
2026-04-05,SN2618,2026-04-06 03:35:00,2026-04-06 03:18:00,-17.0,2026-04-06 03:42:00,2026-04-06 03:25:00,2026-04-06 03:36:00,2026-04-06 03:38:00,A64 ,32.0
2026-04-05,SN2644,2026-04-05 18:10:00,2026-04-05 18:04:00,-6.0,2026-04-05 18:13:00,2026-04-05 18:07:00,2026-04-05 18:18:00,2026-04-05 18:21:00,A46 ,38.0
2026-04-05,SN2646,2026-04-05 21:15:00,2026-04-05 21:15:00,0.0,2026-04-05 21:23:00,2026-04-05 21:23:00,2026-04-05 21:36:00,2026-04-05 21:40:00,A44 ,36.0
2026-04-05,SN2650,2026-04-06 00:55:00,2026-04-06 00:55:00,0.0,2026-04-06 01:02:00,2026-04-06 01:02:00,2026-04-06 01:13:00,2026-04-06 01:16:00,A58 ,40.0
2026-04-05,SN2652,2026-04-06 03:55:00,2026-04-06 03:42:00,-13.0,2026-04-06 04:02:00,2026-04-06 03:49:00,2026-04-06 04:01:00,2026-04-06 04:03:00,A60 ,21.0
2026-04-05,SN2712,2026-04-05 14:35:00,2026-04-05 14:25:00,-10.0,2026-04-05 14:39:00,2026-04-05 14:29:00,2026-04-05 14:54:00,2026-04-05 14:57:00,A50 ,28.0
2026-04-05,SN2714,2026-04-05 17:45:00,2026-04-05 17:44:00,-1.0,2026-04-05 17:49:00,2026-04-05 17:48:00,2026-04-05 18:14:00,2026-04-05 18:16:00,A42 ,50.0
2026-04-05,SN2722,2026-04-05 23:30:00,2026-04-05 23:24:00,-6.0,2026-04-05 23:38:00,2026-04-05 23:32:00,2026-04-05 23:56:00,2026-04-06 00:01:00,A44 ,93.0
2026-04-05,SN2724,2026-04-06 03:30:00,2026-04-06 03:44:00,14.0,2026-04-06 03:38:00,2026-04-06 03:52:00,2026-04-06 04:16:00,2026-04-06 04:17:00,A46 ,77.0
2026-04-05,SN2726,2026-04-05 13:20:00,2026-04-05 13:20:00,0.0,2026-04-05 13:23:00,2026-04-05 13:23:00,2026-04-05 13:41:00,2026-04-05 13:51:00,A40 ,9.0
2026-04-05,SN278,2026-04-05 10:40:00,2026-04-05 10:37:00,-3.0,2026-04-05 10:45:00,2026-04-05 10:42:00,2026-04-05 11:04:00,2026-04-05 11:16:00,B28 A,198.0
2026-04-05,SN2812,2026-04-06 01:15:00,2026-04-06 01:23:00,8.0,2026-04-06 01:23:00,2026-04-06 01:31:00,2026-04-06 01:46:00,2026-04-06 01:48:00,A48 ,22.0
2026-04-05,SN2826,2026-04-06 01:05:00,2026-04-06 00:49:00,-16.0,2026-04-06 01:10:00,2026-04-06 00:54:00,2026-04-06 01:06:00,2026-04-06 01:07:00,A66 ,26.0
2026-04-05,SN2900,2026-04-05 08:40:00,2026-04-05 08:27:00,-13.0,2026-04-05 08:46:00,2026-04-05 08:33:00,2026-04-05 08:58:00,2026-04-05 09:02:00,B14 A,79.0
2026-04-05,SN2902,2026-04-05 16:05:00,2026-04-05 16:07:00,2.0,2026-04-05 16:15:00,2026-04-05 16:17:00,2026-04-05 16:29:00,2026-04-05 16:31:00,A52 ,25.0
2026-04-05,SN2906,2026-04-06 00:55:00,2026-04-06 01:00:00,5.0,2026-04-06 01:02:00,2026-04-06 01:07:00,2026-04-06 01:21:00,2026-04-06 01:24:00,A62 ,53.0
2026-04-05,SN3126,2026-04-05 22:55:00,2026-04-05 23:01:00,6.0,2026-04-05 23:02:00,2026-04-05 23:08:00,2026-04-05 23:22:00,2026-04-05 23:23:00,A56 ,18.0
2026-04-05,SN3132,2026-04-05 23:20:00,2026-04-05 23:12:00,-8.0,2026-04-05 23:27:00,2026-04-05 23:19:00,2026-04-05 23:36:00,2026-04-05 23:38:00,A42 ,36.0
2026-04-05,SN3140,2026-04-05 19:05:00,2026-04-05 18:50:00,-15.0,2026-04-05 19:10:00,2026-04-05 18:55:00,2026-04-05 19:09:00,2026-04-05 19:10:00,A61 ,29.0
2026-04-05,SN3154,2026-04-05 15:10:00,2026-04-05 15:13:00,3.0,2026-04-05 15:18:00,2026-04-05 15:21:00,2026-04-05 15:38:00,2026-04-05 15:41:00,A40 ,3.0
2026-04-05,SN3160,2026-04-06 04:15:00,2026-04-06 04:04:00,-11.0,2026-04-06 04:22:00,2026-04-06 04:11:00,2026-04-06 04:23:00,2026-04-06 04:25:00,A44 ,23.0
2026-04-05,SN3170,2026-04-05 20:20:00,2026-04-05 20:18:00,-2.0,2026-04-05 20:24:00,2026-04-05 20:22:00,2026-04-05 20:45:00,2026-04-05 20:48:00,A56 ,61.0
2026-04-05,SN3182,2026-04-06 01:20:00,2026-04-06 01:11:00,-9.0,2026-04-06 01:26:00,2026-04-06 01:17:00,2026-04-06 01:28:00,2026-04-06 01:31:00,A45 ,45.0
2026-04-05,SN3184,2026-04-06 04:15:00,2026-04-06 04:09:00,-6.0,2026-04-06 04:22:00,2026-04-06 04:16:00,2026-04-06 04:46:00,2026-04-06 04:49:00,A68 ,74.0
2026-04-05,SN3202,2026-04-05 19:20:00,2026-04-05 18:55:00,-25.0,2026-04-05 19:24:00,2026-04-05 18:59:00,2026-04-05 19:20:00,2026-04-05 19:22:00,A52 ,41.0
2026-04-05,SN3246,2026-04-05 21:05:00,2026-04-05 20:51:00,-14.0,2026-04-05 21:08:00,2026-04-05 20:54:00,2026-04-05 21:15:00,2026-04-05 21:17:00,A48 ,55.0
2026-04-05,SN3256,2026-04-05 21:00:00,2026-04-05 20:45:00,-15.0,2026-04-05 21:04:00,2026-04-05 20:49:00,2026-04-05 21:00:00,2026-04-05 21:02:00,A58 ,6.0
2026-04-05,SN3326,2026-04-05 07:40:00,2026-04-05 08:00:00,20.0,2026-04-05 07:45:00,2026-04-05 08:05:00,2026-04-05 08:16:00,2026-04-05 08:36:00,B28 A,123.0
2026-04-05,SN3344,2026-04-05 19:15:00,2026-04-05 21:02:00,107.0,2026-04-05 19:19:00,2026-04-05 21:06:00,2026-04-05 21:24:00,2026-04-05 21:26:00,A46 ,16.0
2026-04-05,SN358,2026-04-05 11:15:00,2026-04-05 11:23:00,8.0,2026-04-05 11:21:00,2026-04-05 11:29:00,2026-04-05 11:42:00,2026-04-05 12:06:00,B14 A,177.0
2026-04-05,SN3588,2026-04-05 19:35:00,2026-04-05 19:40:00,5.0,2026-04-05 19:38:00,2026-04-05 19:43:00,2026-04-05 20:04:00,2026-04-05 20:05:00,A62 ,20.0
2026-04-05,SN3598,2026-04-05 20:15:00,2026-04-05 19:57:00,-18.0,2026-04-05 20:19:00,2026-04-05 20:01:00,2026-04-05 20:22:00,2026-04-05 20:24:00,A63 ,48.0
2026-04-05,SN3618,2026-04-05 20:00:00,2026-04-05 19:50:00,-10.0,2026-04-05 20:04:00,2026-04-05 19:54:00,2026-04-05 20:20:00,2026-04-05 20:21:00,A46 ,45.0
2026-04-05,SN3622,2026-04-05 23:10:00,2026-04-05 23:04:00,-6.0,2026-04-05 23:19:00,2026-04-05 23:13:00,2026-04-05 23:29:00,2026-04-05 23:31:00,A58 ,33.0
2026-04-05,SN3632,2026-04-05 14:30:00,2026-04-05 14:30:00,0.0,2026-04-05 14:37:00,2026-04-05 14:37:00,2026-04-05 14:55:00,2026-04-05 15:08:00,A60 ,4.0
2026-04-05,SN3634,2026-04-05 15:55:00,2026-04-05 16:11:00,16.0,2026-04-05 16:02:00,2026-04-05 16:18:00,2026-04-05 16:37:00,2026-04-05 16:49:00,A58 ,5.0
2026-04-05,SN3698,2026-04-05 19:30:00,2026-04-05 19:43:00,13.0,2026-04-05 19:33:00,2026-04-05 19:46:00,2026-04-05 20:02:00,2026-04-05 20:03:00,A44 ,21.0
2026-04-05,SN3704,2026-04-05 22:15:00,2026-04-05 22:34:00,19.0,2026-04-05 22:18:00,2026-04-05 22:37:00,2026-04-05 22:59:00,2026-04-05 23:02:00,A50 ,61.0
2026-04-05,SN3706,2026-04-06 04:25:00,2026-04-06 04:32:00,7.0,2026-04-06 04:33:00,2026-04-06 04:40:00,2026-04-06 04:57:00,2026-04-06 04:58:00,A50 ,35.0
2026-04-05,SN3712,2026-04-05 19:00:00,2026-04-05 18:52:00,-8.0,2026-04-05 19:04:00,2026-04-05 18:56:00,2026-04-05 19:15:00,2026-04-05 19:18:00,A56 ,64.0
2026-04-05,SN3722,2026-04-05 19:55:00,2026-04-05 19:58:00,3.0,2026-04-05 19:59:00,2026-04-05 20:02:00,2026-04-05 20:16:00,2026-04-05 20:17:00,A42 ,29.0
2026-04-05,SN3728,2026-04-06 00:55:00,2026-04-06 00:53:00,-2.0,2026-04-06 00:58:00,2026-04-06 00:56:00,2026-04-06 01:17:00,2026-04-06 01:19:00,A68 ,42.0
2026-04-05,SN3730,2026-04-06 04:10:00,2026-04-06 04:30:00,20.0,2026-04-06 04:17:00,2026-04-06 04:37:00,2026-04-06 04:55:00,2026-04-06 04:56:00,A58 ,20.0
2026-04-05,SN3734,2026-04-05 17:50:00,2026-04-05 17:38:00,-12.0,2026-04-05 17:53:00,2026-04-05 17:41:00,2026-04-05 18:09:00,2026-04-05 18:10:00,A40 ,46.0
2026-04-05,SN3736,2026-04-05 23:25:00,2026-04-05 23:59:00,34.0,2026-04-05 23:29:00,2026-04-06 00:03:00,2026-04-06 00:30:00,2026-04-06 00:33:00,A52 ,67.0
2026-04-05,SN3738,2026-04-06 04:30:00,2026-04-06 04:22:00,-8.0,2026-04-06 04:39:00,2026-04-06 04:31:00,2026-04-06 06:06:00,2026-04-06 06:11:00,A42 ,43.0
2026-04-05,SN3752,2026-04-05 18:40:00,2026-04-05 18:45:00,5.0,2026-04-05 18:43:00,2026-04-05 18:48:00,2026-04-05 19:09:00,2026-04-05 19:12:00,A54 ,37.0
2026-04-05,SN3772,2026-04-05 16:35:00,2026-04-05 16:34:00,-1.0,2026-04-05 16:42:00,2026-04-05 16:41:00,2026-04-05 17:01:00,2026-04-05 17:03:00,A44 ,59.0
2026-04-05,SN3774,2026-04-06 03:40:00,2026-04-06 03:46:00,6.0,2026-04-06 03:44:00,2026-04-06 03:50:00,2026-04-06 04:19:00,2026-04-06 04:23:00,A52 ,84.0
2026-04-05,SN3776,2026-04-05 19:50:00,2026-04-05 19:37:00,-13.0,2026-04-05 19:54:00,2026-04-05 19:41:00,2026-04-05 20:07:00,2026-04-05 20:09:00,A40 ,42.0
2026-04-05,SN3780,2026-04-05 20:55:00,2026-04-05 20:39:00,-16.0,2026-04-05 20:58:00,2026-04-05 20:42:00,2026-04-05 21:05:00,2026-04-05 21:09:00,A52 ,73.0
2026-04-05,SN3782,2026-04-06 04:30:00,2026-04-06 04:34:00,4.0,2026-04-06 04:38:00,2026-04-06 04:42:00,2026-04-06 06:03:00,2026-04-06 06:09:00,A40 ,119.0
2026-04-05,SN3784,2026-04-05 22:05:00,2026-04-05 21:56:00,-9.0,2026-04-05 22:10:00,2026-04-05 22:01:00,2026-04-05 22:24:00,2026-04-05 22:28:00,A59 ,84.0
2026-04-05,SN3788,2026-04-05 05:05:00,2026-04-05 03:36:00,-89.0,2026-04-05 05:12:00,2026-04-05 03:43:00,2026-04-05 05:03:00,2026-04-05 05:08:00,A40 ,82.0
2026-04-05,SN379,2026-04-05 10:05:00,2026-04-05 10:58:00,53.0,2026-04-05 10:10:00,2026-04-05 11:03:00,2026-04-05 11:42:00,2026-04-05 12:19:00,B29 A,161.0
2026-04-05,SN3800,2026-04-05 06:10:00,2026-04-05 06:11:00,1.0,2026-04-05 06:15:00,2026-04-05 06:16:00,2026-04-05 06:28:00,2026-04-05 06:30:00,A65 ,27.0
2026-04-05,SN3802,2026-04-05 20:20:00,2026-04-05 20:08:00,-12.0,2026-04-05 20:24:00,2026-04-05 20:12:00,2026-04-05 20:38:00,2026-04-05 20:41:00,A54 ,60.0
2026-04-05,SN3810,2026-04-06 01:10:00,2026-04-06 01:09:00,-1.0,2026-04-06 01:16:00,2026-04-06 01:15:00,2026-04-06 01:35:00,2026-04-06 01:37:00,A44 ,55.0
2026-04-05,SN3812,2026-04-05 21:15:00,2026-04-05 21:13:00,-2.0,2026-04-05 21:22:00,2026-04-05 21:20:00,2026-04-05 21:36:00,2026-04-05 21:41:00,A60 ,78.0
2026-04-05,SN3820,2026-04-06 04:40:00,2026-04-06 04:44:00,4.0,2026-04-06 04:47:00,2026-04-06 04:51:00,2026-04-06 06:16:00,2026-04-06 06:18:00,A56 ,78.0
2026-04-05,TB1112,2026-04-05 17:00:00,2026-04-05 16:56:00,-4.0,2026-04-05 17:05:00,2026-04-05 17:01:00,2026-04-05 17:19:00,2026-04-05 17:21:00,A47 ,74.0
2026-04-05,TB1114,2026-04-06 01:55:00,2026-04-06 02:06:00,11.0,2026-04-06 02:00:00,2026-04-06 02:11:00,2026-04-06 02:24:00,2026-04-06 02:26:00,A61 ,67.0
2026-04-05,TB1417,2026-04-05 18:00:00,2026-04-05 17:50:00,-10.0,2026-04-05 18:07:00,2026-04-05 17:57:00,2026-04-05 18:12:00,2026-04-05 18:16:00,A51 ,90.0
2026-04-05,TB1552,2026-04-05 07:40:00,2026-04-05 07:36:00,-4.0,2026-04-05 07:47:00,2026-04-05 07:43:00,2026-04-05 07:55:00,2026-04-05 07:59:00,A68 ,66.0
2026-04-05,TB1554,2026-04-06 03:35:00,2026-04-06 03:39:00,4.0,2026-04-06 03:41:00,2026-04-06 03:45:00,2026-04-06 04:09:00,2026-04-06 04:13:00,A65 ,102.0
2026-04-05,TB1752,2026-04-06 04:40:00,2026-04-06 04:39:00,-1.0,2026-04-06 04:44:00,2026-04-06 04:43:00,2026-04-06 06:03:00,2026-04-06 06:08:00,A63 ,117.0
2026-04-05,TB1754,2026-04-05 20:45:00,2026-04-05 20:43:00,-2.0,2026-04-05 20:55:00,2026-04-05 20:53:00,2026-04-06 05:29:00,2026-04-06 05:36:00,A70 ,35.0
2026-04-05,TB2045,2026-04-06 02:05:00,2026-04-06 01:33:00,-32.0,2026-04-06 02:13:00,2026-04-06 01:41:00,2026-04-06 01:55:00,2026-04-06 02:03:00,B34 A,162.0
2026-04-05,TB2502,2026-04-05 19:45:00,2026-04-05 21:53:00,128.0,2026-04-05 19:50:00,2026-04-05 21:58:00,2026-04-05 22:27:00,2026-04-05 22:34:00,B40 A,169.0
2026-04-05,TB2632,2026-04-05 09:25:00,2026-04-05 09:05:00,-20.0,2026-04-05 09:29:00,2026-04-05 09:09:00,2026-04-05 09:35:00,2026-04-05 09:44:00,B9  A,114.0
2026-04-05,TB2662,2026-04-05 09:10:00,2026-04-05 08:59:00,-11.0,2026-04-05 09:15:00,2026-04-05 09:04:00,2026-04-05 09:22:00,2026-04-05 09:30:00,B34 A,90.0
2026-04-05,TB2711,2026-04-06 03:10:00,2026-04-06 02:49:00,-21.0,2026-04-06 03:14:00,2026-04-06 02:53:00,2026-04-06 03:08:00,2026-04-06 03:16:00,B9  A,39.0
2026-04-05,TB3016,2026-04-06 00:15:00,2026-04-06 00:04:00,-11.0,2026-04-06 00:18:00,2026-04-06 00:07:00,2026-04-06 00:26:00,2026-04-06 00:31:00,B29 A,128.0
2026-04-05,TB3102,2026-04-05 05:40:00,2026-04-05 05:52:00,12.0,2026-04-05 05:44:00,2026-04-05 05:56:00,2026-04-05 06:14:00,2026-04-05 06:21:00,B17 A,101.0
2026-04-05,TG934,2026-04-05 12:15:00,2026-04-05 12:19:00,4.0,2026-04-05 12:22:00,2026-04-05 12:26:00,2026-04-05 12:46:00,2026-04-05 13:15:00,B34 A,260.0
2026-04-05,TK1937,2026-04-05 15:10:00,2026-04-05 14:59:00,-11.0,2026-04-05 15:18:00,2026-04-05 15:07:00,2026-04-05 15:21:00,2026-04-05 15:40:00,B7  A,144.0
2026-04-05,TK1939,2026-04-05 22:55:00,2026-04-05 22:40:00,-15.0,2026-04-05 23:02:00,2026-04-05 22:47:00,2026-04-05 23:01:00,2026-04-05 23:19:00,B14 A,174.0
2026-04-05,TK1941,2026-04-06 02:25:00,2026-04-06 02:23:00,-2.0,2026-04-06 02:31:00,2026-04-06 02:29:00,2026-04-06 02:46:00,2026-04-06 03:09:00,B7  A,137.0
2026-04-05,TK1943,2026-04-05 18:25:00,2026-04-05 18:12:00,-13.0,2026-04-05 18:30:00,2026-04-05 18:17:00,2026-04-05 18:33:00,2026-04-05 18:44:00,B15 A,96.0
2026-04-05,TK1945,2026-04-05 20:15:00,2026-04-05 20:11:00,-4.0,2026-04-05 20:25:00,2026-04-05 20:21:00,2026-04-05 20:41:00,2026-04-05 20:55:00,B14 A,98.0
2026-04-05,TP640,2026-04-05 16:00:00,2026-04-05 15:43:00,-17.0,2026-04-05 16:06:00,2026-04-05 15:49:00,2026-04-05 16:09:00,2026-04-05 16:12:00,A45 ,66.0
2026-04-05,TP642,2026-04-05 20:05:00,2026-04-05 19:47:00,-18.0,2026-04-05 20:13:00,2026-04-05 19:55:00,2026-04-05 20:11:00,2026-04-05 20:17:00,A53 ,121.0
2026-04-05,TP644,2026-04-06 01:05:00,2026-04-06 00:59:00,-6.0,2026-04-06 01:11:00,2026-04-06 01:05:00,2026-04-06 01:22:00,2026-04-06 01:24:00,A57 ,21.0
2026-04-05,TP646,2026-04-06 04:55:00,2026-04-06 04:49:00,-6.0,2026-04-06 05:04:00,2026-04-06 04:58:00,2026-04-06 06:10:00,2026-04-06 06:38:00,A45 ,102.0
2026-04-05,TU954,2026-04-05 16:25:00,2026-04-05 16:16:00,-9.0,2026-04-05 16:31:00,2026-04-05 16:22:00,2026-04-05 16:40:00,2026-04-05 16:47:00,B30 A,120.0
2026-04-05,UA950,2026-04-05 12:15:00,2026-04-05 11:53:00,-22.0,2026-04-05 12:20:00,2026-04-05 11:58:00,2026-04-05 12:14:00,2026-04-05 12:42:00,B37 A,127.0
2026-04-05,UA972,2026-04-05 14:00:00,2026-04-05 13:32:00,-28.0,2026-04-05 14:05:00,2026-04-05 13:37:00,2026-04-05 14:03:00,2026-04-05 14:40:00,B40 A,141.0
2026-04-05,UA994,2026-04-05 12:45:00,2026-04-05 12:29:00,-16.0,2026-04-05 12:51:00,2026-04-05 12:35:00,2026-04-05 12:54:00,2026-04-05 13:24:00,B38 A,109.0
2026-04-05,UX1171,2026-04-05 14:45:00,2026-04-05 14:22:00,-23.0,2026-04-05 14:49:00,2026-04-05 14:26:00,2026-04-05 14:45:00,2026-04-05 14:49:00,A59 ,52.0
2026-04-05,UX1173,2026-04-05 22:40:00,2026-04-05 22:37:00,-3.0,2026-04-05 22:46:00,2026-04-05 22:43:00,2026-04-05 22:58:00,2026-04-05 23:01:00,A47 ,68.0
2026-04-05,VF65,2026-04-05 16:15:00,2026-04-05 17:32:00,77.0,2026-04-05 16:20:00,2026-04-05 17:37:00,2026-04-05 17:59:00,2026-04-05 18:19:00,B29 A,126.0
2026-04-05,VF67,2026-04-05 21:45:00,2026-04-05 22:06:00,21.0,2026-04-05 21:50:00,2026-04-05 22:11:00,2026-04-05 22:30:00,2026-04-05 22:37:00,B30 A,187.0
2026-04-05,VY1332,2026-04-05 17:55:00,2026-04-05 18:21:00,26.0,2026-04-05 18:01:00,2026-04-05 18:27:00,2026-04-05 18:35:00,2026-04-05 18:36:00,A45 ,23.0
2026-04-05,VY2150,2026-04-06 02:00:00,2026-04-06 01:49:00,-11.0,2026-04-06 02:06:00,2026-04-06 01:55:00,2026-04-06 02:17:00,2026-04-06 02:18:00,A53 ,52.0
2026-04-05,VY3650,2026-04-05 22:45:00,2026-04-05 22:22:00,-23.0,2026-04-05 22:50:00,2026-04-05 22:27:00,2026-04-05 22:48:00,2026-04-05 22:51:00,A53 ,62.0
2026-04-05,VY8978,2026-04-05 15:15:00,2026-04-05 15:02:00,-13.0,2026-04-05 15:22:00,2026-04-05 15:09:00,2026-04-05 15:19:00,2026-04-05 15:20:00,A43 ,21.0
2026-04-05,VY8980,2026-04-05 14:55:00,2026-04-05 14:39:00,-16.0,2026-04-05 15:00:00,2026-04-05 14:44:00,2026-04-05 14:51:00,2026-04-05 14:53:00,A47 ,13.0
2026-04-05,VY8982,2026-04-05 22:25:00,2026-04-05 22:20:00,-5.0,2026-04-05 22:31:00,2026-04-05 22:26:00,2026-04-05 22:43:00,2026-04-05 22:46:00,A45 ,55.0
2026-04-05,VY8984,2026-04-06 02:00:00,2026-04-06 01:51:00,-9.0,2026-04-06 02:05:00,2026-04-06 01:56:00,2026-04-06 02:10:00,2026-04-06 02:11:00,A51 ,40.0
2026-04-05,VY8986,2026-04-05 19:30:00,2026-04-05 19:25:00,-5.0,2026-04-05 19:39:00,2026-04-05 19:34:00,2026-04-05 19:44:00,2026-04-05 19:45:00,A45 ,27.0
2026-04-05,XR5402,2026-04-05 07:40:00,2026-04-05 08:50:00,70.0,2026-04-05 07:46:00,2026-04-05 08:56:00,2026-04-05 09:23:00,2026-04-05 09:26:00,B5  A,88.0
2026-04-06,AC826,2026-04-06 13:50:00,2026-04-06 13:46:00,-4.0,2026-04-06 13:57:00,2026-04-06 13:53:00,2026-04-06 14:07:00,2026-04-06 14:41:00,B28 A,62.0
2026-04-06,AC832,2026-04-06 13:10:00,2026-04-06 12:36:00,-34.0,2026-04-06 13:17:00,2026-04-06 12:43:00,2026-04-06 12:55:00,2026-04-06 13:21:00,B30 A,80.0
2026-04-06,AY1541,2026-04-06 15:20:00,2026-04-06 14:56:00,-24.0,2026-04-06 15:25:00,2026-04-06 15:01:00,2026-04-06 15:11:00,2026-04-06 15:14:00,A45 ,43.0
2026-04-06,AY1545,2026-04-07 00:20:00,2026-04-07 00:13:00,-7.0,2026-04-07 00:25:00,2026-04-07 00:18:00,2026-04-07 00:34:00,2026-04-07 00:44:00,A61 ,38.0
2026-04-06,AY1549,2026-04-07 04:35:00,2026-04-07 04:20:00,-15.0,2026-04-07 04:41:00,2026-04-07 04:26:00,2026-04-07 04:42:00,2026-04-07 04:45:00,A49 ,27.0
2026-04-06,AZ148,2026-04-06 14:35:00,2026-04-06 14:18:00,-17.0,2026-04-06 14:41:00,2026-04-06 14:24:00,2026-04-06 14:42:00,2026-04-06 14:44:00,A51 ,12.0
2026-04-06,AZ154,2026-04-07 01:05:00,2026-04-07 00:59:00,-6.0,2026-04-07 01:08:00,2026-04-07 01:02:00,2026-04-07 01:18:00,2026-04-07 01:21:00,A62 ,60.0
2026-04-06,AZ156,2026-04-06 16:45:00,2026-04-06 16:26:00,-19.0,2026-04-06 16:52:00,2026-04-06 16:33:00,2026-04-06 16:57:00,2026-04-06 16:59:00,A58 ,47.0
2026-04-06,AZ160,2026-04-07 00:00:00,2026-04-07 00:09:00,9.0,2026-04-07 00:03:00,2026-04-07 00:12:00,2026-04-07 00:27:00,2026-04-07 00:29:00,A64 ,56.0
2026-04-06,BA384,2026-04-06 15:55:00,2026-04-06 15:47:00,-8.0,2026-04-06 15:59:00,2026-04-06 15:51:00,2026-04-06 16:06:00,2026-04-06 16:08:00,B27 A,40.0
2026-04-06,BA386,2026-04-06 20:10:00,2026-04-06 19:50:00,-20.0,2026-04-06 20:16:00,2026-04-06 19:56:00,2026-04-06 20:14:00,2026-04-06 20:22:00,B9  A,121.0
2026-04-06,BA388,2026-04-06 23:05:00,2026-04-06 22:44:00,-21.0,2026-04-06 23:10:00,2026-04-06 22:49:00,2026-04-06 23:02:00,2026-04-06 23:06:00,B36 A,85.0
2026-04-06,BA390,2026-04-07 02:00:00,2026-04-07 01:43:00,-17.0,2026-04-07 02:03:00,2026-04-07 01:46:00,2026-04-07 02:17:00,2026-04-07 02:23:00,B38 A,80.0
2026-04-06,BT601,2026-04-06 14:55:00,2026-04-06 14:49:00,-6.0,2026-04-06 15:00:00,2026-04-06 14:54:00,2026-04-06 15:07:00,2026-04-06 15:09:00,A55 ,12.0
2026-04-06,BT851,2026-04-06 15:00:00,2026-04-06 14:51:00,-9.0,2026-04-06 15:03:00,2026-04-06 14:54:00,2026-04-06 15:05:00,2026-04-06 15:06:00,A57 ,17.0
2026-04-06,CX275,2026-04-06 14:25:00,2026-04-06 13:58:00,-27.0,2026-04-06 14:31:00,2026-04-06 14:04:00,2026-04-06 14:24:00,2026-04-06 15:00:00,B31 A,268.0
2026-04-06,DL140,2026-04-06 13:40:00,2026-04-06 13:16:00,-24.0,2026-04-06 13:48:00,2026-04-06 13:24:00,2026-04-06 13:42:00,2026-04-06 14:12:00,B34 A,203.0
2026-04-06,DN403,2026-04-06 19:30:00,2026-04-06 19:43:00,13.0,2026-04-06 19:36:00,2026-04-06 19:49:00,2026-04-06 20:01:00,2026-04-06 20:03:00,A57 ,39.0
2026-04-06,EI630,2026-04-06 15:40:00,2026-04-06 15:29:00,-11.0,2026-04-06 15:44:00,2026-04-06 15:33:00,2026-04-06 15:47:00,2026-04-06 15:51:00,B29 A,104.0
2026-04-06,EI638,2026-04-07 02:45:00,2026-04-07 02:39:00,-6.0,2026-04-07 02:50:00,2026-04-07 02:44:00,2026-04-07 03:02:00,2026-04-07 03:08:00,B7  A,115.0
2026-04-06,EK181,2026-04-07 01:30:00,2026-04-07 01:49:00,19.0,2026-04-07 01:35:00,2026-04-07 01:54:00,2026-04-07 02:09:00,2026-04-07 02:43:00,B31 A,247.0
2026-04-06,ET750,2026-04-06 13:05:00,2026-04-06 13:03:00,-2.0,2026-04-06 13:12:00,2026-04-06 13:10:00,2026-04-06 13:30:00,2026-04-06 14:14:00,B29 A,453.0
2026-04-06,EY57,2026-04-06 14:00:00,2026-04-06 15:07:00,67.0,2026-04-06 14:05:00,2026-04-06 15:12:00,2026-04-06 15:39:00,2026-04-06 16:17:00,B5  A,190.0
2026-04-06,FH8014,2026-04-06 21:10:00,2026-04-06 21:17:00,7.0,2026-04-06 21:17:00,2026-04-06 21:24:00,2026-04-06 21:35:00,2026-04-06 21:36:00,B36 A,21.0
2026-04-06,FI554,2026-04-06 18:55:00,2026-04-06 18:38:00,-17.0,2026-04-06 19:02:00,2026-04-06 18:45:00,2026-04-06 18:59:00,2026-04-06 19:02:00,A49 ,53.0
2026-04-06,GQ800,2026-04-06 19:05:00,2026-04-06 19:07:00,2.0,2026-04-06 19:11:00,2026-04-06 19:13:00,2026-04-06 19:22:00,2026-04-06 19:24:00,A47 ,35.0
2026-04-06,GQ850,2026-04-06 15:50:00,2026-04-06 15:32:00,-18.0,2026-04-06 16:03:00,2026-04-06 15:45:00,2026-04-06 16:03:00,2026-04-06 16:07:00,A56 ,18.0
2026-04-06,IB597,2026-04-06 17:25:00,2026-04-06 17:04:00,-21.0,2026-04-06 17:30:00,2026-04-06 17:09:00,2026-04-06 17:27:00,2026-04-06 17:33:00,A43 ,87.0
2026-04-06,IB601,2026-04-07 01:00:00,2026-04-07 00:57:00,-3.0,2026-04-07 01:06:00,2026-04-07 01:03:00,2026-04-07 01:18:00,2026-04-07 01:22:00,A45 ,70.0
2026-04-06,IB603,2026-04-07 04:30:00,2026-04-07 04:11:00,-19.0,2026-04-07 04:36:00,2026-04-07 04:17:00,2026-04-07 04:41:00,2026-04-07 04:43:00,A47 ,73.0
2026-04-06,JU272,2026-04-07 02:25:00,2026-04-07 02:14:00,-11.0,2026-04-07 02:28:00,2026-04-07 02:17:00,2026-04-07 02:33:00,2026-04-07 02:37:00,B14 A,34.0
2026-04-06,KM420,2026-04-07 01:15:00,2026-04-07 01:06:00,-9.0,2026-04-07 01:20:00,2026-04-07 01:11:00,2026-04-07 01:27:00,2026-04-07 01:32:00,A51 ,142.0
2026-04-06,LO231,2026-04-07 04:35:00,2026-04-07 04:41:00,6.0,2026-04-07 04:42:00,2026-04-07 04:48:00,2026-04-07 04:59:00,2026-04-07 05:01:00,A51 ,37.0
2026-04-06,LO233,2026-04-07 01:00:00,2026-04-07 01:20:00,20.0,2026-04-07 01:03:00,2026-04-07 01:23:00,2026-04-07 01:46:00,2026-04-07 01:49:00,A60 ,73.0
2026-04-06,LO235,2026-04-06 15:25:00,2026-04-06 15:10:00,-15.0,2026-04-06 15:35:00,2026-04-06 15:20:00,2026-04-06 15:28:00,2026-04-06 15:30:00,A46 ,15.0
2026-04-06,LO237,2026-04-06 18:30:00,2026-04-06 18:14:00,-16.0,2026-04-06 18:36:00,2026-04-06 18:20:00,2026-04-06 18:37:00,2026-04-06 18:41:00,A43 ,8.0
2026-04-06,LX780,2026-04-06 20:15:00,2026-04-06 20:09:00,-6.0,2026-04-06 20:20:00,2026-04-06 20:14:00,2026-04-06 20:33:00,2026-04-06 20:35:00,A45 ,65.0
2026-04-06,LX786,2026-04-06 14:50:00,2026-04-06 14:35:00,-15.0,2026-04-06 14:56:00,2026-04-06 14:41:00,2026-04-06 14:55:00,2026-04-06 15:01:00,A43 ,22.0
2026-04-06,LX788,2026-04-07 00:35:00,2026-04-07 00:39:00,4.0,2026-04-07 00:40:00,2026-04-07 00:44:00,2026-04-07 01:00:00,2026-04-07 01:04:00,A43 ,55.0
2026-04-06,ME215,2026-04-06 16:35:00,2026-04-06 16:24:00,-11.0,2026-04-06 16:40:00,2026-04-06 16:29:00,2026-04-06 16:39:00,2026-04-06 16:58:00,B9  A,128.0
2026-04-06,MI7214,2026-04-06 16:20:00,2026-04-06 16:16:00,-4.0,2026-04-06 16:27:00,2026-04-06 16:23:00,2026-04-06 16:42:00,2026-04-06 16:48:00,B28 A,157.0
2026-04-06,MS725,2026-04-06 20:45:00,2026-04-06 21:27:00,42.0,2026-04-06 20:51:00,2026-04-06 21:33:00,2026-04-06 21:45:00,2026-04-06 21:57:00,B34 A,138.0
2026-04-06,NH231,2026-04-06 23:35:00,2026-04-06 22:55:00,-40.0,2026-04-06 23:42:00,2026-04-06 23:02:00,2026-04-06 23:14:00,2026-04-06 23:39:00,B11 A,180.0
2026-04-06,OS293,2026-04-06 20:05:00,2026-04-06 19:59:00,-6.0,2026-04-06 20:11:00,2026-04-06 20:05:00,2026-04-06 20:17:00,2026-04-06 20:19:00,A43 ,54.0
2026-04-06,OS295,2026-04-06 22:45:00,2026-04-06 22:39:00,-6.0,2026-04-06 22:51:00,2026-04-06 22:45:00,2026-04-06 22:58:00,2026-04-06 22:59:00,A43 ,71.0
2026-04-06,OS297,2026-04-07 01:10:00,2026-04-07 01:09:00,-1.0,2026-04-07 01:17:00,2026-04-07 01:16:00,2026-04-07 01:34:00,2026-04-07 01:37:00,A47 ,37.0
2026-04-06,OU4456,2026-04-07 01:50:00,2026-04-07 02:01:00,11.0,2026-04-07 01:53:00,2026-04-07 02:04:00,2026-04-07 02:23:00,2026-04-07 02:27:00,A65 ,68.0
2026-04-06,OU456,2026-04-06 14:40:00,2026-04-06 14:44:00,4.0,2026-04-06 14:46:00,2026-04-06 14:50:00,2026-04-06 15:01:00,2026-04-06 15:03:00,A49 ,5.0
2026-04-06,QS1000,2026-04-06 14:10:00,2026-04-06 13:56:00,-14.0,2026-04-06 14:17:00,2026-04-06 14:03:00,2026-04-06 14:12:00,2026-04-06 14:14:00,A47 ,13.0
2026-04-06,QS1002,2026-04-07 00:45:00,2026-04-07 00:49:00,4.0,2026-04-07 00:52:00,2026-04-07 00:56:00,2026-04-07 01:13:00,2026-04-07 01:14:00,A63 ,19.0
2026-04-06,RO371,2026-04-06 15:45:00,2026-04-06 17:13:00,88.0,2026-04-06 15:52:00,2026-04-06 17:20:00,2026-04-06 17:42:00,2026-04-06 17:45:00,A50 ,23.0
2026-04-06,SK1589,2026-04-07 00:15:00,2026-04-07 00:00:00,-15.0,2026-04-07 00:21:00,2026-04-07 00:06:00,2026-04-07 00:20:00,2026-04-07 00:23:00,A51 ,82.0
2026-04-06,SK1593,2026-04-06 20:35:00,2026-04-06 20:54:00,19.0,2026-04-06 20:41:00,2026-04-06 21:00:00,2026-04-06 21:14:00,2026-04-06 21:16:00,A53 ,58.0
2026-04-06,SK1595,2026-04-07 00:30:00,2026-04-07 00:44:00,14.0,2026-04-07 00:36:00,2026-04-07 00:50:00,2026-04-07 01:06:00,2026-04-07 01:09:00,A53 ,50.0
2026-04-06,SK4743,2026-04-06 16:40:00,2026-04-06 16:31:00,-9.0,2026-04-06 16:46:00,2026-04-06 16:37:00,2026-04-06 16:55:00,2026-04-06 17:00:00,A52 ,13.0
2026-04-06,SK4745,2026-04-07 02:30:00,2026-04-07 02:43:00,13.0,2026-04-07 02:34:00,2026-04-07 02:47:00,2026-04-07 03:00:00,2026-04-07 03:03:00,A51 ,67.0
2026-04-06,SK589,2026-04-06 16:15:00,2026-04-06 15:49:00,-26.0,2026-04-06 16:25:00,2026-04-06 15:59:00,2026-04-06 16:08:00,2026-04-06 16:10:00,A43 ,42.0
2026-04-06,SK593,2026-04-06 15:40:00,2026-04-06 15:21:00,-19.0,2026-04-06 15:48:00,2026-04-06 15:29:00,2026-04-06 15:38:00,2026-04-06 15:39:00,A51 ,10.0
2026-04-06,SN204,2026-04-06 11:00:00,2026-04-06 11:01:00,1.0,2026-04-06 11:05:00,2026-04-06 11:06:00,2026-04-06 11:24:00,2026-04-06 11:53:00,B30 A,195.0
2026-04-06,SN2096,2026-04-07 02:00:00,2026-04-07 02:33:00,33.0,2026-04-07 02:03:00,2026-04-07 02:36:00,2026-04-07 02:57:00,2026-04-07 02:59:00,B34 A,59.0
2026-04-06,SN2104,2026-04-06 14:55:00,2026-04-06 14:45:00,-10.0,2026-04-06 14:59:00,2026-04-06 14:49:00,2026-04-06 15:22:00,2026-04-06 15:23:00,B11 A,9.0
2026-04-06,SN2174,2026-04-06 19:30:00,2026-04-06 19:33:00,3.0,2026-04-06 19:34:00,2026-04-06 19:37:00,2026-04-06 19:52:00,2026-04-06 19:57:00,B29 A,57.0
2026-04-06,SN2184,2026-04-06 14:30:00,2026-04-06 14:24:00,-6.0,2026-04-06 14:35:00,2026-04-06 14:29:00,2026-04-06 14:52:00,2026-04-06 14:53:00,B7  A,13.0
2026-04-06,SN2258,2026-04-06 19:25:00,2026-04-06 19:30:00,5.0,2026-04-06 19:32:00,2026-04-06 19:37:00,2026-04-06 19:49:00,2026-04-06 19:52:00,A40 ,43.0
2026-04-06,SN2260,2026-04-07 01:45:00,2026-04-07 03:04:00,79.0,2026-04-07 01:50:00,2026-04-07 03:09:00,2026-04-07 03:32:00,2026-04-07 03:35:00,A62 ,60.0
2026-04-06,SN2268,2026-04-06 14:25:00,2026-04-06 14:05:00,-20.0,2026-04-06 14:29:00,2026-04-06 14:09:00,2026-04-06 14:26:00,2026-04-06 14:28:00,A54 ,8.0
2026-04-06,SN2284,2026-04-07 02:05:00,2026-04-07 02:03:00,-2.0,2026-04-07 02:08:00,2026-04-07 02:06:00,2026-04-07 02:24:00,2026-04-07 02:28:00,A67 ,42.0
2026-04-06,SN2288,2026-04-06 14:45:00,2026-04-06 14:26:00,-19.0,2026-04-06 14:50:00,2026-04-06 14:31:00,2026-04-06 14:49:00,2026-04-06 14:51:00,A53 ,3.0
2026-04-06,SN2292,2026-04-06 21:05:00,2026-04-06 21:06:00,1.0,2026-04-06 21:08:00,2026-04-06 21:09:00,2026-04-06 21:20:00,2026-04-06 21:22:00,A48 ,44.0
2026-04-06,SN2294,2026-04-07 01:50:00,2026-04-07 01:46:00,-4.0,2026-04-07 01:55:00,2026-04-07 01:51:00,2026-04-07 02:02:00,2026-04-07 02:05:00,A58 ,34.0
2026-04-06,SN2318,2026-04-07 02:00:00,2026-04-07 04:02:00,122.0,2026-04-07 02:04:00,2026-04-07 04:06:00,2026-04-07 04:38:00,2026-04-07 04:41:00,A66 ,73.0
2026-04-06,SN2372,2026-04-06 23:50:00,2026-04-06 23:37:00,-13.0,2026-04-06 23:54:00,2026-04-06 23:41:00,2026-04-06 23:59:00,2026-04-07 00:03:00,A42 ,53.0
2026-04-06,SN241,2026-04-06 11:50:00,2026-04-06 11:54:00,4.0,2026-04-06 11:54:00,2026-04-06 11:58:00,2026-04-06 12:17:00,2026-04-06 12:43:00,B37 A,32.0
2026-04-06,SN2548,2026-04-07 01:10:00,2026-04-07 01:02:00,-8.0,2026-04-07 01:13:00,2026-04-07 01:05:00,2026-04-07 01:22:00,2026-04-07 01:24:00,A48 ,52.0
2026-04-06,SN2556,2026-04-07 02:10:00,2026-04-07 02:10:00,0.0,2026-04-07 02:14:00,2026-04-07 02:14:00,2026-04-07 02:25:00,2026-04-07 02:27:00,A45 ,23.0
2026-04-06,SN2582,2026-04-06 19:05:00,2026-04-06 19:25:00,20.0,2026-04-06 19:08:00,2026-04-06 19:28:00,2026-04-06 19:51:00,2026-04-06 19:53:00,A52 ,63.0
2026-04-06,SN2588,2026-04-07 02:10:00,2026-04-07 02:25:00,15.0,2026-04-07 02:14:00,2026-04-07 02:29:00,2026-04-07 02:40:00,2026-04-07 02:44:00,A64 ,72.0
2026-04-06,SN2592,2026-04-06 14:20:00,2026-04-06 14:01:00,-19.0,2026-04-06 14:28:00,2026-04-06 14:09:00,2026-04-06 14:27:00,2026-04-06 14:29:00,A44 ,2.0
2026-04-06,SN2608,2026-04-06 16:10:00,2026-04-06 15:55:00,-15.0,2026-04-06 16:16:00,2026-04-06 16:01:00,2026-04-06 16:24:00,2026-04-06 16:27:00,A42 ,32.0
2026-04-06,SN2610,2026-04-06 18:45:00,2026-04-06 18:23:00,-22.0,2026-04-06 18:53:00,2026-04-06 18:31:00,2026-04-06 18:47:00,2026-04-06 18:49:00,A46 ,35.0
2026-04-06,SN2612,2026-04-06 19:40:00,2026-04-06 19:23:00,-17.0,2026-04-06 19:46:00,2026-04-06 19:29:00,2026-04-06 19:39:00,2026-04-06 19:40:00,A60 ,27.0
2026-04-06,SN2614,2026-04-06 23:30:00,2026-04-06 23:31:00,1.0,2026-04-06 23:33:00,2026-04-06 23:34:00,2026-04-06 23:48:00,2026-04-06 23:52:00,A56 ,17.0
2026-04-06,SN2618,2026-04-07 04:35:00,2026-04-07 04:34:00,-1.0,2026-04-07 04:38:00,2026-04-07 04:37:00,2026-04-07 04:48:00,2026-04-07 04:49:00,A60 ,22.0
2026-04-06,SN2624,2026-04-06 18:50:00,2026-04-06 18:27:00,-23.0,2026-04-06 18:59:00,2026-04-06 18:36:00,2026-04-06 18:46:00,2026-04-06 18:49:00,A54 ,29.0
2026-04-06,SN2644,2026-04-06 19:10:00,2026-04-06 19:04:00,-6.0,2026-04-06 19:13:00,2026-04-06 19:07:00,2026-04-06 19:26:00,2026-04-06 19:29:00,A50 ,44.0
2026-04-06,SN2650,2026-04-07 01:55:00,2026-04-07 01:58:00,3.0,2026-04-07 02:01:00,2026-04-07 02:04:00,2026-04-07 02:21:00,2026-04-07 02:26:00,A42 ,47.0
2026-04-06,SN2714,2026-04-06 18:45:00,2026-04-06 18:37:00,-8.0,2026-04-06 18:53:00,2026-04-06 18:45:00,2026-04-06 19:07:00,2026-04-06 19:09:00,A44 ,41.0
2026-04-06,SN2722,2026-04-07 00:30:00,2026-04-07 00:46:00,16.0,2026-04-07 00:33:00,2026-04-07 00:49:00,2026-04-07 01:14:00,2026-04-07 01:18:00,A54 ,63.0
2026-04-06,SN2724,2026-04-07 04:30:00,2026-04-07 04:30:00,0.0,2026-04-07 04:34:00,2026-04-07 04:34:00,2026-04-07 04:54:00,2026-04-07 04:57:00,A44 ,87.0
2026-04-06,SN2726,2026-04-06 14:20:00,2026-04-06 14:15:00,-5.0,2026-04-06 14:23:00,2026-04-06 14:18:00,2026-04-06 14:47:00,2026-04-06 14:50:00,A50 ,20.0
2026-04-06,SN2730,2026-04-06 16:15:00,2026-04-06 16:09:00,-6.0,2026-04-06 16:22:00,2026-04-06 16:16:00,2026-04-06 16:33:00,2026-04-06 16:35:00,A44 ,8.0
2026-04-06,SN2732,2026-04-07 03:30:00,2026-04-07 03:30:00,0.0,2026-04-07 03:34:00,2026-04-07 03:34:00,2026-04-07 03:51:00,2026-04-07 03:53:00,A46 ,35.0
2026-04-06,SN2810,2026-04-06 19:20:00,2026-04-06 19:12:00,-8.0,2026-04-06 19:28:00,2026-04-06 19:20:00,2026-04-06 19:40:00,2026-04-06 19:42:00,A56 ,40.0
2026-04-06,SN2812,2026-04-07 02:15:00,2026-04-07 02:06:00,-9.0,2026-04-07 02:18:00,2026-04-07 02:09:00,2026-04-07 02:21:00,2026-04-07 02:25:00,A69 ,51.0
2026-04-06,SN2816,2026-04-06 14:20:00,2026-04-06 13:54:00,-26.0,2026-04-06 14:23:00,2026-04-06 13:57:00,2026-04-06 14:15:00,2026-04-06 14:16:00,A40 ,1.0
2026-04-06,SN2902,2026-04-06 17:05:00,2026-04-06 17:00:00,-5.0,2026-04-06 17:14:00,2026-04-06 17:09:00,2026-04-06 17:20:00,2026-04-06 17:22:00,A54 ,23.0
2026-04-06,SN2906,2026-04-07 01:55:00,2026-04-07 01:54:00,-1.0,2026-04-07 01:58:00,2026-04-07 01:57:00,2026-04-07 02:11:00,2026-04-07 02:15:00,A57 ,59.0
2026-04-06,SN2908,2026-04-07 04:50:00,2026-04-07 04:51:00,1.0,2026-04-07 04:55:00,2026-04-07 04:56:00,2026-04-07 05:15:00,2026-04-07 05:17:00,A67 ,45.0
2026-04-06,SN3126,2026-04-07 00:00:00,2026-04-06 23:50:00,-10.0,2026-04-07 00:03:00,2026-04-06 23:53:00,2026-04-07 00:04:00,2026-04-07 00:05:00,A50 ,31.0
2026-04-06,SN3140,2026-04-06 19:40:00,2026-04-06 19:28:00,-12.0,2026-04-06 19:44:00,2026-04-06 19:32:00,2026-04-06 19:46:00,2026-04-06 19:54:00,A62 ,36.0
2026-04-06,SN3146,2026-04-06 17:00:00,2026-04-06 16:55:00,-5.0,2026-04-06 17:09:00,2026-04-06 17:04:00,2026-04-06 17:18:00,2026-04-06 17:20:00,A40 ,24.0
2026-04-06,SN3148,2026-04-06 20:45:00,2026-04-06 20:42:00,-3.0,2026-04-06 20:52:00,2026-04-06 20:49:00,2026-04-06 21:05:00,2026-04-06 21:08:00,A58 ,53.0
2026-04-06,SN3150,2026-04-07 02:20:00,2026-04-07 02:27:00,7.0,2026-04-07 02:24:00,2026-04-07 02:31:00,2026-04-07 02:48:00,2026-04-07 02:50:00,A68 ,62.0
2026-04-06,SN3154,2026-04-06 16:10:00,2026-04-06 16:05:00,-5.0,2026-04-06 16:18:00,2026-04-06 16:13:00,2026-04-06 16:31:00,2026-04-06 16:32:00,A50 ,9.0
2026-04-06,SN3160,2026-04-07 05:15:00,2026-04-07 05:09:00,-6.0,2026-04-07 05:18:00,2026-04-07 05:12:00,2026-04-07 05:34:00,2026-04-07 05:37:00,A64 ,56.0
2026-04-06,SN3170,2026-04-06 21:20:00,2026-04-06 21:19:00,-1.0,2026-04-06 21:23:00,2026-04-06 21:22:00,2026-04-06 21:42:00,2026-04-06 21:45:00,A44 ,46.0
2026-04-06,SN3176,2026-04-06 18:25:00,2026-04-06 18:40:00,15.0,2026-04-06 18:29:00,2026-04-06 18:44:00,2026-04-06 19:07:00,2026-04-06 19:10:00,A42 ,72.0
2026-04-06,SN3182,2026-04-07 02:20:00,2026-04-07 02:29:00,9.0,2026-04-07 02:23:00,2026-04-07 02:32:00,2026-04-07 02:56:00,2026-04-07 02:59:00,A47 ,55.0
2026-04-06,SN3184,2026-04-07 05:15:00,2026-04-07 05:14:00,-1.0,2026-04-07 05:18:00,2026-04-07 05:17:00,2026-04-07 05:44:00,2026-04-07 05:47:00,A62 ,86.0
2026-04-06,SN3202,2026-04-06 20:20:00,2026-04-06 20:04:00,-16.0,2026-04-06 20:23:00,2026-04-06 20:07:00,2026-04-06 20:29:00,2026-04-06 20:32:00,A54 ,90.0
2026-04-06,SN3208,2026-04-06 14:40:00,2026-04-06 14:30:00,-10.0,2026-04-06 14:47:00,2026-04-06 14:37:00,2026-04-06 14:53:00,2026-04-06 14:54:00,A58 ,7.0
2026-04-06,SN3246,2026-04-06 23:50:00,2026-04-06 23:44:00,-6.0,2026-04-06 23:53:00,2026-04-06 23:47:00,2026-04-07 00:13:00,2026-04-07 00:17:00,A44 ,57.0
2026-04-06,SN3334,2026-04-06 07:35:00,2026-04-06 07:29:00,-6.0,2026-04-06 07:42:00,2026-04-06 07:36:00,2026-04-06 07:55:00,2026-04-06 08:03:00,B14 A,158.0
2026-04-06,SN3344,2026-04-07 02:15:00,2026-04-07 02:22:00,7.0,2026-04-07 02:19:00,2026-04-07 02:26:00,2026-04-07 02:45:00,2026-04-07 02:46:00,A43 ,29.0
2026-04-06,SN358,2026-04-06 12:15:00,2026-04-06 12:17:00,2.0,2026-04-06 12:21:00,2026-04-06 12:23:00,2026-04-06 12:43:00,2026-04-06 13:14:00,B28 A,176.0
2026-04-06,SN3588,2026-04-06 20:35:00,2026-04-06 20:26:00,-9.0,2026-04-06 20:39:00,2026-04-06 20:30:00,2026-04-06 20:53:00,2026-04-06 20:57:00,A61 ,35.0
2026-04-06,SN3594,2026-04-06 14:30:00,2026-04-06 14:29:00,-1.0,2026-04-06 14:33:00,2026-04-06 14:32:00,2026-04-06 14:51:00,2026-04-06 14:57:00,A56 ,3.0
2026-04-06,SN3598,2026-04-06 21:15:00,2026-04-06 20:52:00,-23.0,2026-04-06 21:18:00,2026-04-06 20:55:00,2026-04-06 21:09:00,2026-04-06 21:11:00,A60 ,48.0
2026-04-06,SN3604,2026-04-06 14:25:00,2026-04-06 14:20:00,-5.0,2026-04-06 14:29:00,2026-04-06 14:24:00,2026-04-06 14:40:00,2026-04-06 14:41:00,A48 ,8.0
2026-04-06,SN3618,2026-04-06 21:30:00,2026-04-06 21:23:00,-7.0,2026-04-06 21:33:00,2026-04-06 21:26:00,2026-04-06 21:36:00,2026-04-06 21:39:00,A56 ,54.0
2026-04-06,SN3632,2026-04-06 15:30:00,2026-04-06 15:25:00,-5.0,2026-04-06 15:34:00,2026-04-06 15:29:00,2026-04-06 15:47:00,2026-04-06 16:00:00,A60 ,2.0
2026-04-06,SN3634,2026-04-06 16:55:00,2026-04-06 16:58:00,3.0,2026-04-06 17:02:00,2026-04-06 17:05:00,2026-04-06 17:32:00,2026-04-06 17:33:00,A60 ,4.0
2026-04-06,SN3668,2026-04-06 19:50:00,2026-04-06 19:46:00,-4.0,2026-04-06 19:57:00,2026-04-06 19:53:00,2026-04-06 20:16:00,2026-04-06 20:18:00,A64 ,44.0
2026-04-06,SN3676,2026-04-06 14:35:00,2026-04-06 14:34:00,-1.0,2026-04-06 14:38:00,2026-04-06 14:37:00,2026-04-06 14:57:00,2026-04-06 14:58:00,A42 ,15.0
2026-04-06,SN3698,2026-04-06 20:30:00,2026-04-06 21:21:00,51.0,2026-04-06 20:34:00,2026-04-06 21:25:00,2026-04-06 21:44:00,2026-04-06 21:46:00,A50 ,28.0
2026-04-06,SN3704,2026-04-06 23:20:00,2026-04-06 23:39:00,19.0,2026-04-06 23:23:00,2026-04-06 23:42:00,2026-04-07 00:06:00,2026-04-07 00:09:00,A58 ,80.0
2026-04-06,SN3706,2026-04-07 05:25:00,2026-04-07 05:31:00,6.0,2026-04-07 05:31:00,2026-04-07 05:37:00,2026-04-07 05:59:00,2026-04-07 07:01:00,A56 ,63.0
2026-04-06,SN3708,2026-04-06 13:40:00,2026-04-06 13:28:00,-12.0,2026-04-06 13:48:00,2026-04-06 13:36:00,2026-04-06 13:53:00,2026-04-06 13:54:00,A60 ,15.0
2026-04-06,SN3712,2026-04-07 00:40:00,2026-04-07 01:07:00,27.0,2026-04-07 00:43:00,2026-04-07 01:10:00,2026-04-07 01:37:00,2026-04-07 01:41:00,A46 ,68.0
2026-04-06,SN3722,2026-04-06 20:55:00,2026-04-06 21:29:00,34.0,2026-04-06 20:59:00,2026-04-06 21:33:00,2026-04-06 21:54:00,2026-04-06 21:57:00,A40 ,72.0
2026-04-06,SN3728,2026-04-07 01:55:00,2026-04-07 01:55:00,0.0,2026-04-07 02:00:00,2026-04-07 02:00:00,2026-04-07 02:21:00,2026-04-07 02:24:00,A50 ,67.0
2026-04-06,SN3730,2026-04-07 05:10:00,2026-04-07 05:57:00,47.0,2026-04-07 06:15:00,2026-04-07 07:02:00,2026-04-07 07:25:00,2026-04-07 07:29:00,A58 ,75.0
2026-04-06,SN3732,2026-04-06 14:35:00,2026-04-06 14:37:00,2.0,2026-04-06 14:39:00,2026-04-06 14:41:00,2026-04-06 15:01:00,2026-04-06 15:02:00,A52 ,35.0
2026-04-06,SN3734,2026-04-06 18:50:00,2026-04-06 18:48:00,-2.0,2026-04-06 18:53:00,2026-04-06 18:51:00,2026-04-06 19:16:00,2026-04-06 19:18:00,A48 ,38.0
2026-04-06,SN3736,2026-04-07 00:25:00,2026-04-07 00:20:00,-5.0,2026-04-07 00:29:00,2026-04-07 00:24:00,2026-04-07 00:52:00,2026-04-07 00:55:00,A40 ,65.0
2026-04-06,SN3738,2026-04-07 05:10:00,2026-04-07 05:12:00,2.0,2026-04-07 05:13:00,2026-04-07 05:15:00,2026-04-07 05:32:00,2026-04-07 05:34:00,A50 ,55.0
2026-04-06,SN3740,2026-04-07 03:10:00,2026-04-07 03:06:00,-4.0,2026-04-07 03:17:00,2026-04-07 03:13:00,2026-04-07 03:35:00,2026-04-07 03:36:00,A52 ,62.0
2026-04-06,SN3752,2026-04-06 21:10:00,2026-04-06 21:33:00,23.0,2026-04-06 21:14:00,2026-04-06 21:37:00,2026-04-06 22:01:00,2026-04-06 22:04:00,A67 ,78.0
2026-04-06,SN3772,2026-04-06 17:35:00,2026-04-06 17:30:00,-5.0,2026-04-06 17:42:00,2026-04-06 17:37:00,2026-04-06 18:05:00,2026-04-06 18:07:00,A56 ,18.0
2026-04-06,SN3774,2026-04-07 04:15:00,2026-04-07 04:23:00,8.0,2026-04-07 04:20:00,2026-04-07 04:28:00,2026-04-07 04:55:00,2026-04-07 04:59:00,A61 ,41.0
2026-04-06,SN3780,2026-04-06 23:20:00,2026-04-06 22:49:00,-31.0,2026-04-06 23:23:00,2026-04-06 22:52:00,2026-04-06 23:10:00,2026-04-06 23:14:00,A48 ,11.0
2026-04-06,SN3802,2026-04-06 22:00:00,2026-04-06 21:55:00,-5.0,2026-04-06 22:03:00,2026-04-06 21:58:00,2026-04-06 22:22:00,2026-04-06 22:26:00,A54 ,31.0
2026-04-06,SN3812,2026-04-06 22:15:00,2026-04-06 22:31:00,16.0,2026-04-06 22:19:00,2026-04-06 22:35:00,2026-04-06 22:55:00,2026-04-06 22:58:00,A46 ,68.0
2026-04-06,SN3820,2026-04-07 05:40:00,2026-04-07 05:59:00,19.0,2026-04-07 06:45:00,2026-04-07 07:04:00,2026-04-07 07:29:00,2026-04-07 07:32:00,A40 ,59.0
2026-04-06,SN383,2026-04-06 11:05:00,2026-04-06 11:23:00,18.0,2026-04-06 11:11:00,2026-04-06 11:29:00,2026-04-06 11:43:00,2026-04-06 12:19:00,B14 A,176.0
2026-04-06,SN502,2026-04-06 13:40:00,2026-04-06 13:20:00,-20.0,2026-04-06 13:45:00,2026-04-06 13:25:00,2026-04-06 13:37:00,2026-04-06 14:02:00,B40 A,85.0
2026-04-06,SQ304,2026-04-06 13:25:00,2026-04-06 13:22:00,-3.0,2026-04-06 13:30:00,2026-04-06 13:27:00,2026-04-06 13:44:00,2026-04-06 14:25:00,B37 A,205.0
2026-04-06,TB1012,2026-04-06 18:30:00,2026-04-06 18:20:00,-10.0,2026-04-06 18:35:00,2026-04-06 18:25:00,2026-04-06 18:42:00,2026-04-06 18:45:00,A51 ,72.0
2026-04-06,TB1112,2026-04-06 17:55:00,2026-04-06 17:53:00,-2.0,2026-04-06 18:00:00,2026-04-06 17:58:00,2026-04-06 18:19:00,2026-04-06 18:22:00,A59 ,75.0
2026-04-06,TB1114,2026-04-06 17:55:00,2026-04-06 18:05:00,10.0,2026-04-06 18:01:00,2026-04-06 18:11:00,2026-04-06 18:29:00,2026-04-06 18:35:00,A55 ,47.0
2026-04-06,TB1412,2026-04-06 17:30:00,2026-04-06 17:28:00,-2.0,2026-04-06 17:35:00,2026-04-06 17:33:00,2026-04-06 17:42:00,2026-04-06 17:44:00,A57 ,28.0
2026-04-06,TB1552,2026-04-07 04:05:00,2026-04-07 04:17:00,12.0,2026-04-07 04:10:00,2026-04-07 04:22:00,2026-04-07 04:44:00,2026-04-07 04:50:00,A53 ,120.0
2026-04-06,TB1752,2026-04-06 21:50:00,2026-04-06 21:52:00,2.0,2026-04-06 21:55:00,2026-04-06 21:57:00,2026-04-06 22:29:00,2026-04-06 22:37:00,A59 ,128.0
2026-04-06,TB1754,2026-04-07 04:30:00,2026-04-07 04:13:00,-17.0,2026-04-07 04:34:00,2026-04-07 04:17:00,2026-04-07 04:36:00,2026-04-07 04:44:00,A65 ,129.0
2026-04-06,TB1912,2026-04-07 04:15:00,2026-04-07 04:08:00,-7.0,2026-04-07 04:21:00,2026-04-07 04:14:00,2026-04-07 04:28:00,2026-04-07 04:31:00,A57 ,55.0
2026-04-06,TB2534,2026-04-07 04:00:00,2026-04-07 04:15:00,15.0,2026-04-07 04:11:00,2026-04-07 04:26:00,2026-04-07 04:47:00,2026-04-07 04:51:00,B14 A,103.0
2026-04-06,TB2654,2026-04-07 03:00:00,2026-04-07 02:45:00,-15.0,2026-04-07 03:05:00,2026-04-07 02:50:00,2026-04-07 03:14:00,2026-04-07 03:21:00,B11 A,163.0
2026-04-06,TB2664,2026-04-07 05:45:00,2026-04-07 05:36:00,-9.0,2026-04-07 05:50:00,2026-04-07 05:41:00,2026-04-07 07:00:00,2026-04-07 07:04:00,B31 A,98.0
2026-04-06,TB2952,2026-04-06 18:10:00,2026-04-06 18:09:00,-1.0,2026-04-06 18:15:00,2026-04-06 18:14:00,2026-04-06 18:32:00,2026-04-06 18:37:00,B34 A,5.0
2026-04-06,TB3012,2026-04-06 07:30:00,2026-04-06 07:22:00,-8.0,2026-04-06 07:33:00,2026-04-06 07:25:00,2026-04-06 07:43:00,2026-04-06 07:48:00,B27 A,105.0
2026-04-06,TB3042,2026-04-06 07:15:00,2026-04-06 06:54:00,-21.0,2026-04-06 07:19:00,2026-04-06 06:58:00,2026-04-06 07:18:00,2026-04-06 07:24:00,B9  A,144.0
2026-04-06,TB3102,2026-04-07 00:25:00,2026-04-07 00:41:00,16.0,2026-04-07 00:34:00,2026-04-07 00:50:00,2026-04-07 01:07:00,2026-04-07 01:12:00,B27 A,128.0
2026-04-06,TB3202,2026-04-06 06:20:00,2026-04-06 07:43:00,83.0,2026-04-06 06:26:00,2026-04-06 07:49:00,2026-04-06 08:02:00,2026-04-06 08:03:00,B28 A,48.0
2026-04-06,TG934,2026-04-06 13:15:00,2026-04-06 13:14:00,-1.0,2026-04-06 13:24:00,2026-04-06 13:23:00,2026-04-06 13:39:00,2026-04-06 14:12:00,B14 A,262.0
2026-04-06,TK1937,2026-04-06 16:10:00,2026-04-06 16:03:00,-7.0,2026-04-06 16:16:00,2026-04-06 16:09:00,2026-04-06 16:24:00,2026-04-06 16:43:00,B34 A,208.0
2026-04-06,TK1939,2026-04-06 23:50:00,2026-04-06 23:55:00,5.0,2026-04-06 23:56:00,2026-04-07 00:01:00,2026-04-07 00:14:00,2026-04-07 00:53:00,B14 A,177.0
2026-04-06,TK1941,2026-04-07 03:25:00,2026-04-07 03:24:00,-1.0,2026-04-07 03:42:00,2026-04-07 03:41:00,2026-04-07 03:52:00,2026-04-07 04:10:00,B30 A,251.0
2026-04-06,TK1943,2026-04-06 19:25:00,2026-04-06 19:21:00,-4.0,2026-04-06 19:32:00,2026-04-06 19:28:00,2026-04-06 19:41:00,2026-04-06 19:51:00,B14 A,128.0
2026-04-06,TP640,2026-04-06 17:00:00,2026-04-06 17:06:00,6.0,2026-04-06 17:05:00,2026-04-06 17:11:00,2026-04-06 17:32:00,2026-04-06 17:35:00,A49 ,106.0
2026-04-06,TP642,2026-04-06 21:05:00,2026-04-06 20:50:00,-15.0,2026-04-06 21:11:00,2026-04-06 20:56:00,2026-04-06 21:09:00,2026-04-06 21:12:00,A47 ,73.0
2026-04-06,TP644,2026-04-07 02:05:00,2026-04-07 01:52:00,-13.0,2026-04-07 02:08:00,2026-04-07 01:55:00,2026-04-07 02:11:00,2026-04-07 02:20:00,A49 ,100.0
2026-04-06,TP646,2026-04-07 05:55:00,2026-04-07 07:04:00,69.0,2026-04-07 06:01:00,2026-04-07 07:10:00,2026-04-07 07:24:00,2026-04-07 07:29:00,A59 ,114.0
2026-04-06,TU954,2026-04-06 17:25:00,2026-04-06 17:21:00,-4.0,2026-04-06 17:30:00,2026-04-06 17:26:00,2026-04-06 17:42:00,2026-04-06 17:46:00,B36 A,72.0
2026-04-06,UA950,2026-04-06 13:15:00,2026-04-06 12:39:00,-36.0,2026-04-06 13:20:00,2026-04-06 12:44:00,2026-04-06 13:07:00,2026-04-06 13:29:00,B31 A,97.0
2026-04-06,UA972,2026-04-06 15:00:00,2026-04-06 14:41:00,-19.0,2026-04-06 15:07:00,2026-04-06 14:48:00,2026-04-06 15:04:00,2026-04-06 15:26:00,B40 A,50.0
2026-04-06,UA994,2026-04-06 13:45:00,2026-04-06 13:00:00,-45.0,2026-04-06 13:51:00,2026-04-06 13:06:00,2026-04-06 13:25:00,2026-04-06 13:49:00,B38 A,135.0
2026-04-06,UX1171,2026-04-06 15:45:00,2026-04-06 15:45:00,0.0,2026-04-06 15:54:00,2026-04-06 15:54:00,2026-04-06 16:16:00,2026-04-06 16:19:00,A48 ,91.0
2026-04-06,UX1173,2026-04-06 23:40:00,2026-04-06 23:32:00,-8.0,2026-04-06 23:46:00,2026-04-06 23:38:00,2026-04-06 23:56:00,2026-04-07 00:02:00,A49 ,84.0
2026-04-06,VF65,2026-04-06 17:15:00,2026-04-06 17:09:00,-6.0,2026-04-06 17:20:00,2026-04-06 17:14:00,2026-04-06 17:29:00,2026-04-06 17:34:00,B27 A,105.0
2026-04-06,VF67,2026-04-06 22:10:00,2026-04-06 22:14:00,4.0,2026-04-06 22:17:00,2026-04-06 22:21:00,2026-04-06 22:38:00,2026-04-06 22:51:00,B15 A,215.0
2026-04-06,VY1334,2026-04-07 02:25:00,2026-04-07 02:11:00,-14.0,2026-04-07 02:30:00,2026-04-07 02:16:00,2026-04-07 02:32:00,2026-04-07 02:33:00,A61 ,36.0
2026-04-06,VY3650,2026-04-06 23:45:00,2026-04-07 00:07:00,22.0,2026-04-06 23:50:00,2026-04-07 00:12:00,2026-04-07 00:24:00,2026-04-07 00:27:00,A57 ,61.0
2026-04-06,VY8980,2026-04-06 15:50:00,2026-04-06 15:43:00,-7.0,2026-04-06 15:55:00,2026-04-06 15:48:00,2026-04-06 15:59:00,2026-04-06 16:00:00,A57 ,47.0
2026-04-06,VY8982,2026-04-06 23:25:00,2026-04-06 23:24:00,-1.0,2026-04-06 23:29:00,2026-04-06 23:28:00,2026-04-06 23:46:00,2026-04-06 23:49:00,A45 ,30.0
2026-04-06,VY8984,2026-04-07 02:50:00,2026-04-07 02:37:00,-13.0,2026-04-07 02:54:00,2026-04-07 02:41:00,2026-04-07 02:51:00,2026-04-07 02:52:00,A63 ,28.0
2026-04-06,VY8986,2026-04-06 20:30:00,2026-04-06 20:38:00,8.0,2026-04-06 20:35:00,2026-04-06 20:43:00,2026-04-06 20:58:00,2026-04-06 21:00:00,A51 ,78.0
2026-04-07,AC826,2026-04-07 14:50:00,2026-04-07 14:25:00,-25.0,2026-04-07 14:57:00,2026-04-07 14:32:00,2026-04-07 14:48:00,2026-04-07 15:12:00,B30 A,72.0
2026-04-07,AC832,2026-04-07 14:10:00,2026-04-07 14:01:00,-9.0,2026-04-07 14:18:00,2026-04-07 14:09:00,2026-04-07 14:27:00,2026-04-07 14:45:00,,93.0
2026-04-07,AY1541,2026-04-07 16:20:00,2026-04-07 16:15:00,-5.0,2026-04-07 16:26:00,2026-04-07 16:21:00,2026-04-07 16:38:00,2026-04-07 16:54:00,A49 ,72.0
2026-04-07,AY1545,2026-04-08 01:20:00,2026-04-08 01:15:00,-5.0,2026-04-08 01:27:00,2026-04-08 01:22:00,2026-04-08 01:41:00,2026-04-08 01:44:00,A69 ,48.0
2026-04-07,AY1549,2026-04-08 05:35:00,2026-04-08 05:15:00,-20.0,2026-04-08 05:41:00,2026-04-08 05:21:00,2026-04-08 05:39:00,2026-04-08 05:40:00,A51 ,26.0
2026-04-07,AZ148,2026-04-07 15:35:00,2026-04-07 15:35:00,0.0,2026-04-07 15:42:00,2026-04-07 15:42:00,2026-04-07 15:55:00,2026-04-07 15:57:00,A51 ,6.0
2026-04-07,AZ154,2026-04-08 02:05:00,2026-04-08 01:56:00,-9.0,2026-04-08 02:09:00,2026-04-08 02:00:00,2026-04-08 02:15:00,2026-04-08 02:17:00,A56 ,41.0
2026-04-07,AZ156,2026-04-07 17:45:00,2026-04-07 17:59:00,14.0,2026-04-07 17:50:00,2026-04-07 18:04:00,2026-04-07 18:24:00,2026-04-07 18:27:00,A43 ,31.0
2026-04-07,AZ160,2026-04-08 01:00:00,2026-04-08 00:45:00,-15.0,2026-04-08 01:03:00,2026-04-08 00:48:00,2026-04-08 01:12:00,2026-04-08 01:15:00,A60 ,60.0
2026-04-07,BA384,2026-04-07 17:05:00,2026-04-07 16:51:00,-14.0,2026-04-07 17:12:00,2026-04-07 16:58:00,2026-04-07 17:31:00,2026-04-07 17:34:00,B32 A,34.0
2026-04-07,BA386,2026-04-07 21:25:00,2026-04-07 21:07:00,-18.0,2026-04-07 21:30:00,2026-04-07 21:12:00,2026-04-07 21:32:00,2026-04-07 21:37:00,B14 A,122.0
2026-04-07,BA390,2026-04-08 02:10:00,2026-04-08 01:46:00,-24.0,2026-04-08 02:16:00,2026-04-08 01:52:00,2026-04-08 02:11:00,2026-04-08 02:14:00,B9  A,72.0
2026-04-07,BT601,2026-04-07 15:55:00,2026-04-07 16:02:00,7.0,2026-04-07 16:01:00,2026-04-07 16:08:00,2026-04-07 16:20:00,2026-04-07 16:28:00,A59 ,30.0
2026-04-07,CX275,2026-04-07 15:25:00,2026-04-07 15:25:00,0.0,2026-04-07 15:32:00,2026-04-07 15:32:00,2026-04-07 15:47:00,2026-04-07 16:23:00,B17 A,303.0
2026-04-07,DL140,2026-04-07 14:40:00,2026-04-07 13:58:00,-42.0,2026-04-07 14:48:00,2026-04-07 14:06:00,2026-04-07 14:29:00,2026-04-07 14:56:00,B28 A,199.0
2026-04-07,EI630,2026-04-07 16:40:00,2026-04-07 16:57:00,17.0,2026-04-07 16:46:00,2026-04-07 17:03:00,2026-04-07 17:36:00,2026-04-07 17:45:00,B17 A,138.0
2026-04-07,EK181,2026-04-08 02:30:00,2026-04-08 02:32:00,2.0,2026-04-08 02:35:00,2026-04-08 02:37:00,2026-04-08 02:52:00,2026-04-08 03:26:00,B31 A,276.0
2026-04-07,ET750,2026-04-07 14:05:00,2026-04-07 14:10:00,5.0,2026-04-07 14:11:00,2026-04-07 14:16:00,2026-04-07 14:37:00,2026-04-07 15:16:00,B29 A,405.0
2026-04-07,FB407,2026-04-08 02:45:00,2026-04-08 03:36:00,51.0,2026-04-08 02:51:00,2026-04-08 03:42:00,2026-04-08 03:57:00,2026-04-08 03:59:00,A55 ,54.0
2026-04-07,GQ800,2026-04-07 20:05:00,2026-04-07 20:26:00,21.0,2026-04-07 20:12:00,2026-04-07 20:33:00,2026-04-07 20:43:00,2026-04-07 20:44:00,A45 ,39.0
2026-04-07,HV9102,2026-04-08 05:15:00,2026-04-08 04:51:00,-24.0,2026-04-08 05:21:00,2026-04-08 04:57:00,2026-04-08 05:14:00,2026-04-08 05:17:00,B29 A,89.0
2026-04-07,IB1299,2026-04-07 21:45:00,2026-04-07 21:27:00,-18.0,2026-04-07 21:49:00,2026-04-07 21:31:00,2026-04-07 21:45:00,2026-04-07 21:49:00,A47 ,33.0
2026-04-07,IB597,2026-04-07 18:25:00,2026-04-07 18:04:00,-21.0,2026-04-07 18:28:00,2026-04-07 18:07:00,2026-04-07 18:20:00,2026-04-07 18:28:00,A42 ,68.0
2026-04-07,IB601,2026-04-08 02:00:00,2026-04-08 01:48:00,-12.0,2026-04-08 02:05:00,2026-04-08 01:53:00,2026-04-08 02:20:00,2026-04-08 02:26:00,A53 ,111.0
2026-04-07,IB603,2026-04-08 05:30:00,2026-04-08 05:07:00,-23.0,2026-04-08 05:36:00,2026-04-08 05:13:00,2026-04-08 05:31:00,2026-04-08 05:35:00,A47 ,81.0
2026-04-07,JU270,2026-04-07 16:05:00,2026-04-07 16:11:00,6.0,2026-04-07 16:10:00,2026-04-07 16:16:00,2026-04-07 16:28:00,2026-04-07 16:30:00,B27 A,17.0
2026-04-07,KM420,2026-04-08 02:15:00,2026-04-08 02:01:00,-14.0,2026-04-08 02:21:00,2026-04-08 02:07:00,2026-04-08 02:28:00,2026-04-08 02:33:00,A55 ,130.0
2026-04-07,KM422,2026-04-07 16:15:00,2026-04-07 16:01:00,-14.0,2026-04-07 16:22:00,2026-04-07 16:08:00,2026-04-07 16:17:00,2026-04-07 16:20:00,A45 ,37.0
2026-04-07,LH1004,2026-04-07 14:45:00,2026-04-07 14:44:00,-1.0,2026-04-07 14:51:00,2026-04-07 14:50:00,2026-04-07 15:06:00,2026-04-07 15:12:00,A43 ,7.0
2026-04-07,LH2282,2026-04-07 14:55:00,2026-04-07 14:52:00,-3.0,2026-04-07 15:01:00,2026-04-07 14:58:00,2026-04-07 15:09:00,2026-04-07 15:11:00,A47 ,6.0
2026-04-07,LO231,2026-04-08 05:35:00,2026-04-08 06:02:00,27.0,2026-04-08 05:41:00,2026-04-08 06:08:00,2026-04-08 06:28:00,2026-04-08 06:30:00,A49 ,49.0
2026-04-07,LO235,2026-04-07 16:25:00,2026-04-07 16:23:00,-2.0,2026-04-07 16:31:00,2026-04-07 16:29:00,2026-04-07 16:48:00,2026-04-07 16:50:00,A43 ,49.0
2026-04-07,LX780,2026-04-07 21:15:00,2026-04-07 21:14:00,-1.0,2026-04-07 21:21:00,2026-04-07 21:20:00,2026-04-07 21:35:00,2026-04-07 21:45:00,A43 ,69.0
2026-04-07,LX786,2026-04-07 15:50:00,2026-04-07 15:59:00,9.0,2026-04-07 15:54:00,2026-04-07 16:03:00,2026-04-07 16:21:00,2026-04-07 16:27:00,A55 ,20.0
2026-04-07,LX788,2026-04-08 01:35:00,2026-04-08 01:30:00,-5.0,2026-04-08 01:40:00,2026-04-08 01:35:00,2026-04-08 01:48:00,2026-04-08 01:51:00,A43 ,31.0
2026-04-07,OS291,2026-04-07 16:05:00,2026-04-07 16:07:00,2.0,2026-04-07 16:10:00,2026-04-07 16:12:00,2026-04-07 16:24:00,2026-04-07 16:27:00,A57 ,19.0
2026-04-07,OS295,2026-04-07 23:45:00,2026-04-07 23:41:00,-4.0,2026-04-07 23:51:00,2026-04-07 23:47:00,2026-04-08 00:02:00,2026-04-08 00:13:00,A47 ,35.0
2026-04-07,OS297,2026-04-08 02:10:00,2026-04-08 02:13:00,3.0,2026-04-08 02:16:00,2026-04-08 02:19:00,2026-04-08 02:31:00,2026-04-08 02:36:00,A45 ,45.0
2026-04-07,OU4456,2026-04-08 02:50:00,2026-04-08 03:15:00,25.0,2026-04-08 02:56:00,2026-04-08 03:21:00,2026-04-08 03:38:00,2026-04-08 03:41:00,A65 ,59.0
2026-04-07,QS1000,2026-04-07 15:10:00,2026-04-07 14:55:00,-15.0,2026-04-07 15:17:00,2026-04-07 15:02:00,2026-04-07 15:19:00,2026-04-07 15:20:00,A55 ,7.0
2026-04-07,QS1002,2026-04-08 01:45:00,2026-04-08 02:11:00,26.0,2026-04-08 01:50:00,2026-04-08 02:16:00,2026-04-08 02:34:00,2026-04-08 02:35:00,A59 ,27.0
2026-04-07,RJ141,2026-04-07 22:15:00,2026-04-07 22:18:00,3.0,2026-04-07 22:20:00,2026-04-07 22:23:00,2026-04-07 22:38:00,2026-04-07 22:48:00,B30 A,110.0
2026-04-07,SK1589,2026-04-08 01:15:00,2026-04-08 01:08:00,-7.0,2026-04-08 01:21:00,2026-04-08 01:14:00,2026-04-08 01:30:00,2026-04-08 01:32:00,A49 ,86.0
2026-04-07,SK1593,2026-04-07 21:35:00,2026-04-07 21:38:00,3.0,2026-04-07 21:38:00,2026-04-07 21:41:00,2026-04-07 21:57:00,2026-04-07 21:59:00,A50 ,44.0
2026-04-07,SK1595,2026-04-08 01:30:00,2026-04-08 01:33:00,3.0,2026-04-08 01:35:00,2026-04-08 01:38:00,2026-04-08 01:51:00,2026-04-08 01:53:00,A51 ,40.0
2026-04-07,SK4743,2026-04-07 17:40:00,2026-04-07 17:29:00,-11.0,2026-04-07 17:47:00,2026-04-07 17:36:00,2026-04-07 17:49:00,2026-04-07 18:07:00,A45 ,60.0
2026-04-07,SK593,2026-04-07 16:40:00,2026-04-07 16:38:00,-2.0,2026-04-07 16:48:00,2026-04-07 16:46:00,2026-04-07 16:59:00,2026-04-07 17:03:00,A53 ,53.0
2026-04-07,SK597,2026-04-08 02:50:00,2026-04-08 03:01:00,11.0,2026-04-08 02:55:00,2026-04-08 03:06:00,2026-04-08 03:21:00,2026-04-08 03:24:00,A57 ,41.0
2026-04-07,SN204,2026-04-07 12:00:00,2026-04-07 11:39:00,-21.0,2026-04-07 12:05:00,2026-04-07 11:44:00,2026-04-07 12:03:00,2026-04-07 12:27:00,B14 A,58.0
2026-04-07,SN2094,2026-04-07 20:15:00,2026-04-07 21:22:00,67.0,2026-04-07 20:21:00,2026-04-07 21:28:00,2026-04-07 21:48:00,2026-04-07 21:52:00,B7  A,69.0
2026-04-07,SN2096,2026-04-08 03:00:00,2026-04-08 03:48:00,48.0,2026-04-08 03:05:00,2026-04-08 03:53:00,2026-04-08 04:14:00,2026-04-08 04:18:00,B7  A,71.0
2026-04-07,SN2104,2026-04-07 15:55:00,2026-04-07 16:36:00,41.0,2026-04-07 16:03:00,2026-04-07 16:44:00,2026-04-07 17:04:00,2026-04-07 17:05:00,B28 A,12.0
2026-04-07,SN2184,2026-04-07 15:30:00,2026-04-07 15:27:00,-3.0,2026-04-07 15:34:00,2026-04-07 15:31:00,2026-04-07 15:50:00,2026-04-07 15:51:00,B34 A,10.0
2026-04-07,SN2260,2026-04-08 02:45:00,2026-04-08 02:44:00,-1.0,2026-04-08 02:48:00,2026-04-08 02:47:00,2026-04-08 02:58:00,2026-04-08 03:00:00,A70 ,37.0
2026-04-07,SN2268,2026-04-07 15:25:00,2026-04-07 15:21:00,-4.0,2026-04-07 15:28:00,2026-04-07 15:24:00,2026-04-07 15:42:00,2026-04-07 15:44:00,A48 ,6.0
2026-04-07,SN2284,2026-04-08 03:05:00,2026-04-08 02:49:00,-16.0,2026-04-08 03:12:00,2026-04-08 02:56:00,2026-04-08 03:06:00,2026-04-08 03:09:00,A50 ,32.0
2026-04-07,SN229,2026-04-07 12:00:00,2026-04-07 12:06:00,6.0,2026-04-07 12:06:00,2026-04-07 12:12:00,2026-04-07 12:39:00,2026-04-07 13:03:00,B28 A,20.0
2026-04-07,SN2294,2026-04-08 02:50:00,2026-04-08 02:46:00,-4.0,2026-04-08 02:54:00,2026-04-08 02:50:00,2026-04-08 03:05:00,2026-04-08 03:09:00,A64 ,41.0
2026-04-07,SN2318,2026-04-08 03:00:00,2026-04-08 03:12:00,12.0,2026-04-08 03:03:00,2026-04-08 03:15:00,2026-04-08 03:38:00,2026-04-08 03:39:00,A60 ,31.0
2026-04-07,SN2324,2026-04-07 15:40:00,2026-04-07 16:18:00,38.0,2026-04-07 15:45:00,2026-04-07 16:23:00,2026-04-07 16:46:00,2026-04-07 16:48:00,A52 ,18.0
2026-04-07,SN2556,2026-04-08 03:10:00,2026-04-08 03:23:00,13.0,2026-04-08 03:14:00,2026-04-08 03:27:00,2026-04-08 03:45:00,2026-04-08 03:48:00,A69 ,47.0
2026-04-07,SN2582,2026-04-07 20:05:00,2026-04-07 20:57:00,52.0,2026-04-07 20:09:00,2026-04-07 21:01:00,2026-04-07 21:26:00,2026-04-07 21:29:00,A49 ,70.0
2026-04-07,SN2588,2026-04-08 03:10:00,2026-04-08 03:03:00,-7.0,2026-04-08 03:14:00,2026-04-08 03:07:00,2026-04-08 03:26:00,2026-04-08 03:30:00,A62 ,58.0
2026-04-07,SN2608,2026-04-07 17:10:00,2026-04-07 17:27:00,17.0,2026-04-07 17:13:00,2026-04-07 17:30:00,2026-04-07 17:48:00,2026-04-07 17:54:00,A46 ,43.0
2026-04-07,SN2610,2026-04-07 19:45:00,2026-04-07 19:39:00,-6.0,2026-04-07 19:48:00,2026-04-07 19:42:00,2026-04-07 20:03:00,2026-04-07 20:04:00,A44 ,22.0
2026-04-07,SN2618,2026-04-08 05:35:00,2026-04-08 05:28:00,-7.0,2026-04-08 05:38:00,2026-04-08 05:31:00,2026-04-08 05:43:00,2026-04-08 05:46:00,A52 ,52.0
2026-04-07,SN2624,2026-04-07 19:50:00,2026-04-07 19:41:00,-9.0,2026-04-07 19:54:00,2026-04-07 19:45:00,2026-04-07 20:03:00,2026-04-07 20:05:00,A48 ,8.0
2026-04-07,SN2630,2026-04-07 15:15:00,2026-04-07 15:05:00,-10.0,2026-04-07 15:17:00,2026-04-07 15:07:00,2026-04-07 15:26:00,2026-04-07 15:30:00,A56 ,7.0
2026-04-07,SN2644,2026-04-07 20:10:00,2026-04-07 20:12:00,2.0,2026-04-07 20:13:00,2026-04-07 20:15:00,2026-04-07 20:30:00,2026-04-07 20:35:00,A54 ,49.0
2026-04-07,SN2646,2026-04-07 23:15:00,2026-04-07 23:23:00,8.0,2026-04-07 23:18:00,2026-04-07 23:26:00,2026-04-07 23:44:00,2026-04-07 23:46:00,A54 ,35.0
2026-04-07,SN2650,2026-04-08 02:55:00,2026-04-08 02:56:00,1.0,2026-04-08 02:58:00,2026-04-08 02:59:00,2026-04-08 03:10:00,2026-04-08 03:11:00,A42 ,23.0
2026-04-07,SN2652,2026-04-08 06:10:00,2026-04-08 05:55:00,-15.0,2026-04-08 06:13:00,2026-04-08 05:58:00,2026-04-08 06:07:00,2026-04-08 06:08:00,A58 ,9.0
2026-04-07,SN2714,2026-04-07 19:45:00,2026-04-07 19:56:00,11.0,2026-04-07 19:49:00,2026-04-07 20:00:00,2026-04-07 20:22:00,2026-04-07 20:24:00,A46 ,53.0
2026-04-07,SN2722,2026-04-08 01:30:00,2026-04-08 01:26:00,-4.0,2026-04-08 01:33:00,2026-04-08 01:29:00,2026-04-08 01:48:00,2026-04-08 01:50:00,A44 ,34.0
2026-04-07,SN2726,2026-04-07 15:20:00,2026-04-07 15:55:00,35.0,2026-04-07 15:23:00,2026-04-07 15:58:00,2026-04-07 16:34:00,2026-04-07 16:36:00,A42 ,24.0
2026-04-07,SN2730,2026-04-07 17:15:00,2026-04-07 17:16:00,1.0,2026-04-07 17:20:00,2026-04-07 17:21:00,2026-04-07 17:40:00,2026-04-07 17:42:00,A40 ,24.0
2026-04-07,SN2732,2026-04-08 04:30:00,2026-04-08 04:25:00,-5.0,2026-04-08 04:33:00,2026-04-08 04:28:00,2026-04-08 04:39:00,2026-04-08 04:41:00,A66 ,35.0
2026-04-07,SN278,2026-04-07 12:40:00,2026-04-07 12:35:00,-5.0,2026-04-07 12:46:00,2026-04-07 12:41:00,2026-04-07 13:04:00,2026-04-07 13:33:00,B31 A,62.0
2026-04-07,SN2810,2026-04-07 20:20:00,2026-04-07 20:07:00,-13.0,2026-04-07 20:24:00,2026-04-07 20:11:00,2026-04-07 20:24:00,2026-04-07 20:26:00,A40 ,33.0
2026-04-07,SN2812,2026-04-08 03:15:00,2026-04-08 03:16:00,1.0,2026-04-08 03:18:00,2026-04-08 03:19:00,2026-04-08 03:31:00,2026-04-08 03:32:00,A68 ,34.0
2026-04-07,SN2826,2026-04-08 03:05:00,2026-04-08 03:09:00,4.0,2026-04-08 03:09:00,2026-04-08 03:13:00,2026-04-08 03:35:00,2026-04-08 03:38:00,A40 ,68.0
2026-04-07,SN2900,2026-04-07 10:40:00,2026-04-07 11:00:00,20.0,2026-04-07 10:44:00,2026-04-07 11:04:00,2026-04-07 11:13:00,2026-04-07 11:34:00,B32 A,49.0
2026-04-07,SN2902,2026-04-07 18:05:00,2026-04-07 18:06:00,1.0,2026-04-07 18:08:00,2026-04-07 18:09:00,2026-04-07 18:29:00,2026-04-07 18:34:00,A54 ,51.0
2026-04-07,SN2906,2026-04-08 02:55:00,2026-04-08 02:52:00,-3.0,2026-04-08 03:00:00,2026-04-08 02:57:00,2026-04-08 03:15:00,2026-04-08 03:17:00,A61 ,56.0
2026-04-07,SN3126,2026-04-08 01:00:00,2026-04-08 01:35:00,35.0,2026-04-08 01:03:00,2026-04-08 01:38:00,2026-04-08 02:02:00,2026-04-08 02:05:00,A58 ,68.0
2026-04-07,SN3132,2026-04-08 01:35:00,2026-04-08 01:50:00,15.0,2026-04-08 01:39:00,2026-04-08 01:54:00,2026-04-08 02:12:00,2026-04-08 02:14:00,A46 ,34.0
2026-04-07,SN3146,2026-04-07 18:00:00,2026-04-07 18:01:00,1.0,2026-04-07 18:03:00,2026-04-07 18:04:00,2026-04-07 18:15:00,2026-04-07 18:18:00,A58 ,24.0
2026-04-07,SN3148,2026-04-07 21:45:00,2026-04-07 22:03:00,18.0,2026-04-07 21:49:00,2026-04-07 22:07:00,2026-04-07 22:25:00,2026-04-07 22:27:00,A55 ,59.0
2026-04-07,SN3150,2026-04-08 03:20:00,2026-04-08 03:24:00,4.0,2026-04-08 03:26:00,2026-04-08 03:30:00,2026-04-08 03:47:00,2026-04-08 03:50:00,A53 ,59.0
2026-04-07,SN3154,2026-04-07 17:10:00,2026-04-07 17:11:00,1.0,2026-04-07 17:13:00,2026-04-07 17:14:00,2026-04-07 17:30:00,2026-04-07 17:31:00,A44 ,38.0
2026-04-07,SN3160,2026-04-08 06:15:00,2026-04-08 06:14:00,-1.0,2026-04-08 06:19:00,2026-04-08 06:18:00,2026-04-08 06:50:00,2026-04-08 06:53:00,A55 ,59.0
2026-04-07,SN3170,2026-04-07 20:10:00,2026-04-07 20:00:00,-10.0,2026-04-07 20:14:00,2026-04-07 20:04:00,2026-04-07 20:31:00,2026-04-07 20:34:00,A56 ,85.0
2026-04-07,SN3176,2026-04-07 19:25:00,2026-04-07 20:22:00,57.0,2026-04-07 19:28:00,2026-04-07 20:25:00,2026-04-07 20:45:00,2026-04-07 20:48:00,A42 ,79.0
2026-04-07,SN3182,2026-04-08 03:20:00,2026-04-08 03:28:00,8.0,2026-04-08 03:24:00,2026-04-08 03:32:00,2026-04-08 03:56:00,2026-04-08 04:01:00,A46 ,65.0
2026-04-07,SN3184,2026-04-08 06:15:00,2026-04-08 06:17:00,2.0,2026-04-08 06:18:00,2026-04-08 06:20:00,2026-04-08 06:42:00,2026-04-08 06:46:00,A50 ,90.0
2026-04-07,SN3202,2026-04-07 21:20:00,2026-04-07 21:31:00,11.0,2026-04-07 21:24:00,2026-04-07 21:35:00,2026-04-07 22:05:00,2026-04-07 22:08:00,A64 ,94.0
2026-04-07,SN3208,2026-04-07 15:40:00,2026-04-07 15:29:00,-11.0,2026-04-07 15:43:00,2026-04-07 15:32:00,2026-04-07 15:44:00,2026-04-07 15:48:00,A54 ,18.0
2026-04-07,SN3344,2026-04-08 03:15:00,2026-04-08 03:05:00,-10.0,2026-04-08 03:20:00,2026-04-08 03:10:00,2026-04-08 03:27:00,2026-04-08 03:30:00,A59 ,35.0
2026-04-07,SN358,2026-04-07 13:15:00,2026-04-07 13:10:00,-5.0,2026-04-07 13:20:00,2026-04-07 13:15:00,2026-04-07 13:26:00,2026-04-07 13:59:00,B38 A,143.0
2026-04-07,SN3598,2026-04-07 22:15:00,2026-04-07 22:49:00,34.0,2026-04-07 22:18:00,2026-04-07 22:52:00,2026-04-07 23:15:00,2026-04-07 23:17:00,A58 ,61.0
2026-04-07,SN3618,2026-04-07 22:30:00,2026-04-07 22:42:00,12.0,2026-04-07 22:33:00,2026-04-07 22:45:00,2026-04-07 23:04:00,2026-04-07 23:06:00,A52 ,57.0
2026-04-07,SN3632,2026-04-07 16:30:00,2026-04-07 16:25:00,-5.0,2026-04-07 16:33:00,2026-04-07 16:28:00,2026-04-07 16:46:00,2026-04-07 16:56:00,A60 ,5.0
2026-04-07,SN3634,2026-04-07 17:55:00,2026-04-07 17:54:00,-1.0,2026-04-07 17:58:00,2026-04-07 17:57:00,2026-04-07 18:25:00,2026-04-07 18:27:00,A56 ,8.0
2026-04-07,SN3668,2026-04-07 20:50:00,2026-04-07 20:43:00,-7.0,2026-04-07 20:54:00,2026-04-07 20:47:00,2026-04-07 21:18:00,2026-04-07 21:20:00,A55 ,29.0
2026-04-07,SN3676,2026-04-07 15:35:00,2026-04-07 15:16:00,-19.0,2026-04-07 15:39:00,2026-04-07 15:20:00,2026-04-07 15:43:00,2026-04-07 15:44:00,A50 ,14.0
2026-04-07,SN369,2026-04-07 12:05:00,2026-04-07 12:21:00,16.0,2026-04-07 12:10:00,2026-04-07 12:26:00,2026-04-07 12:45:00,2026-04-07 13:25:00,B37 A,64.0
2026-04-07,SN3704,2026-04-08 00:20:00,2026-04-08 00:30:00,10.0,2026-04-08 00:24:00,2026-04-08 00:34:00,2026-04-08 01:00:00,2026-04-08 01:05:00,A42 ,103.0
2026-04-07,SN3708,2026-04-07 14:40:00,2026-04-07 14:22:00,-18.0,2026-04-07 14:44:00,2026-04-07 14:26:00,2026-04-07 14:37:00,2026-04-07 14:39:00,A40 ,7.0
2026-04-07,SN3712,2026-04-08 01:40:00,2026-04-08 02:03:00,23.0,2026-04-08 01:43:00,2026-04-08 02:06:00,2026-04-08 02:25:00,2026-04-08 02:27:00,A54 ,54.0
2026-04-07,SN3722,2026-04-07 21:55:00,2026-04-07 22:25:00,30.0,2026-04-07 21:58:00,2026-04-07 22:28:00,2026-04-07 22:56:00,2026-04-07 22:59:00,A66 ,76.0
2026-04-07,SN3728,2026-04-08 02:55:00,2026-04-08 02:58:00,3.0,2026-04-08 02:58:00,2026-04-08 03:01:00,2026-04-08 03:26:00,2026-04-08 03:29:00,A44 ,54.0
2026-04-07,SN3732,2026-04-07 15:35:00,2026-04-07 15:23:00,-12.0,2026-04-07 15:38:00,2026-04-07 15:26:00,2026-04-07 15:48:00,2026-04-07 15:49:00,A46 ,35.0
2026-04-07,SN3734,2026-04-07 19:50:00,2026-04-07 19:36:00,-14.0,2026-04-07 19:57:00,2026-04-07 19:43:00,2026-04-07 20:08:00,2026-04-07 20:09:00,A50 ,32.0
2026-04-07,SN3736,2026-04-08 01:25:00,2026-04-08 01:24:00,-1.0,2026-04-08 01:28:00,2026-04-08 01:27:00,2026-04-08 01:54:00,2026-04-08 01:56:00,A66 ,43.0
2026-04-07,SN3738,2026-04-08 06:10:00,2026-04-08 05:57:00,-13.0,2026-04-08 06:14:00,2026-04-08 06:01:00,2026-04-08 06:16:00,2026-04-08 06:18:00,A46 ,77.0
2026-04-07,SN3772,2026-04-07 18:35:00,2026-04-07 18:44:00,9.0,2026-04-07 18:38:00,2026-04-07 18:47:00,2026-04-07 19:18:00,2026-04-07 19:21:00,A40 ,32.0
2026-04-07,SN3782,2026-04-08 06:30:00,2026-04-08 06:23:00,-7.0,2026-04-08 06:34:00,2026-04-08 06:27:00,2026-04-08 06:58:00,2026-04-08 08:03:00,A61 ,88.0
2026-04-07,SN3784,2026-04-08 06:40:00,2026-04-08 06:28:00,-12.0,2026-04-08 06:44:00,2026-04-08 06:32:00,2026-04-08 08:12:00,2026-04-08 08:22:00,A45 ,113.0
2026-04-07,SN3802,2026-04-07 23:00:00,2026-04-07 22:57:00,-3.0,2026-04-07 23:03:00,2026-04-07 23:00:00,2026-04-07 23:22:00,2026-04-07 23:24:00,A48 ,38.0
2026-04-07,SN3812,2026-04-07 23:15:00,2026-04-07 23:01:00,-14.0,2026-04-07 23:18:00,2026-04-07 23:04:00,2026-04-07 23:26:00,2026-04-07 23:28:00,A40 ,63.0
2026-04-07,SN3820,2026-04-08 06:40:00,2026-04-08 06:51:00,11.0,2026-04-08 06:46:00,2026-04-08 06:57:00,2026-04-08 08:22:00,2026-04-08 08:26:00,A65 ,88.0
2026-04-07,SN3894,2026-04-08 05:30:00,2026-04-08 05:18:00,-12.0,2026-04-08 05:36:00,2026-04-08 05:24:00,2026-04-08 05:42:00,2026-04-08 05:43:00,B32 A,15.0
2026-04-07,SQ304,2026-04-07 14:25:00,2026-04-07 14:41:00,16.0,2026-04-07 14:32:00,2026-04-07 14:48:00,2026-04-07 15:04:00,2026-04-07 15:35:00,B14 A,235.0
2026-04-07,TB1012,2026-04-07 19:40:00,2026-04-07 19:30:00,-10.0,2026-04-07 19:46:00,2026-04-07 19:36:00,2026-04-07 20:00:00,2026-04-07 20:02:00,A53 ,51.0
2026-04-07,TB1243,2026-04-08 05:20:00,2026-04-08 04:59:00,-21.0,2026-04-08 05:25:00,2026-04-08 05:04:00,2026-04-08 05:19:00,2026-04-08 05:21:00,A69 ,20.0
2026-04-07,TB1412,2026-04-07 18:30:00,2026-04-07 18:27:00,-3.0,2026-04-07 18:35:00,2026-04-07 18:32:00,2026-04-07 18:50:00,2026-04-07 18:55:00,A59 ,19.0
2026-04-07,TB1752,2026-04-07 22:45:00,2026-04-07 22:46:00,1.0,2026-04-07 22:48:00,2026-04-07 22:49:00,2026-04-07 23:14:00,2026-04-07 23:20:00,A67 ,108.0
2026-04-07,TB2042,2026-04-08 02:10:00,2026-04-08 04:12:00,122.0,2026-04-08 02:15:00,2026-04-08 04:17:00,2026-04-08 04:35:00,2026-04-08 04:42:00,B27 A,170.0
2026-04-07,TB2524,2026-04-07 09:20:00,2026-04-07 09:35:00,15.0,2026-04-07 09:25:00,2026-04-07 09:40:00,2026-04-07 09:57:00,2026-04-07 10:03:00,B7  A,149.0
2026-04-07,TB2612,2026-04-08 04:35:00,2026-04-08 04:33:00,-2.0,2026-04-08 04:40:00,2026-04-08 04:38:00,2026-04-08 04:55:00,2026-04-08 05:01:00,B38 A,156.0
2026-04-07,TB2634,2026-04-08 01:45:00,2026-04-08 01:28:00,-17.0,2026-04-08 01:51:00,2026-04-08 01:34:00,2026-04-08 01:50:00,2026-04-08 01:57:00,B5  A,185.0
2026-04-07,TB2662,2026-04-08 04:55:00,2026-04-08 04:35:00,-20.0,2026-04-08 04:59:00,2026-04-08 04:39:00,2026-04-08 05:00:00,2026-04-08 05:04:00,B40 A,144.0
2026-04-07,TB3042,2026-04-08 04:20:00,2026-04-08 04:14:00,-6.0,2026-04-08 04:26:00,2026-04-08 04:20:00,2026-04-08 05:06:00,2026-04-08 05:13:00,B9  A,178.0
2026-04-07,TB3102,2026-04-08 01:45:00,2026-04-08 01:57:00,12.0,2026-04-08 01:50:00,2026-04-08 02:02:00,2026-04-08 02:21:00,2026-04-08 02:31:00,B11 A,141.0
2026-04-07,TB3202,2026-04-07 21:35:00,2026-04-07 21:29:00,-6.0,2026-04-07 21:40:00,2026-04-07 21:34:00,2026-04-07 21:45:00,2026-04-07 21:46:00,B5  A,40.0
2026-04-07,TG934,2026-04-07 14:15:00,2026-04-07 14:27:00,12.0,2026-04-07 14:23:00,2026-04-07 14:35:00,2026-04-07 14:55:00,2026-04-07 15:30:00,B11 A,259.0
2026-04-07,TK1937,2026-04-07 16:55:00,2026-04-07 17:19:00,24.0,2026-04-07 17:03:00,2026-04-07 17:27:00,2026-04-07 17:46:00,2026-04-07 18:03:00,B30 A,168.0
2026-04-07,TK1939,2026-04-08 00:55:00,2026-04-08 01:17:00,22.0,2026-04-08 01:01:00,2026-04-08 01:23:00,2026-04-08 01:36:00,2026-04-08 01:50:00,B28 A,166.0
2026-04-07,TK1941,2026-04-08 04:25:00,2026-04-08 04:21:00,-4.0,2026-04-08 04:31:00,2026-04-08 04:27:00,2026-04-08 04:39:00,2026-04-08 04:54:00,B14 A,143.0
2026-04-07,TK1943,2026-04-07 20:25:00,2026-04-07 20:34:00,9.0,2026-04-07 20:32:00,2026-04-07 20:41:00,2026-04-07 20:57:00,2026-04-07 21:04:00,B32 A,120.0
2026-04-07,TP640,2026-04-07 18:00:00,2026-04-07 17:42:00,-18.0,2026-04-07 18:05:00,2026-04-07 17:47:00,2026-04-07 18:06:00,2026-04-07 18:17:00,A53 ,109.0
2026-04-07,TP642,2026-04-07 22:05:00,2026-04-07 22:00:00,-5.0,2026-04-07 22:12:00,2026-04-07 22:07:00,2026-04-07 22:21:00,2026-04-07 22:25:00,A51 ,90.0
2026-04-07,TP644,2026-04-08 03:05:00,2026-04-08 03:58:00,53.0,2026-04-08 03:15:00,2026-04-08 04:08:00,2026-04-08 04:24:00,2026-04-08 04:29:00,A43 ,58.0
2026-04-07,TP646,2026-04-08 06:55:00,2026-04-08 08:05:00,70.0,2026-04-08 07:02:00,2026-04-08 08:12:00,2026-04-08 08:30:00,2026-04-08 08:35:00,A53 ,101.0
2026-04-07,TU954,2026-04-07 18:25:00,2026-04-07 18:30:00,5.0,2026-04-07 18:30:00,2026-04-07 18:35:00,2026-04-07 18:50:00,2026-04-07 18:54:00,B32 A,101.0
2026-04-07,UA950,2026-04-07 14:15:00,2026-04-07 13:50:00,-25.0,2026-04-07 14:21:00,2026-04-07 13:56:00,2026-04-07 14:24:00,2026-04-07 14:54:00,B40 A,121.0
2026-04-07,UA972,2026-04-07 16:00:00,2026-04-07 15:39:00,-21.0,2026-04-07 16:05:00,2026-04-07 15:44:00,2026-04-07 16:10:00,2026-04-07 16:32:00,B40 A,106.0
2026-04-07,UA994,2026-04-07 14:45:00,2026-04-07 14:32:00,-13.0,2026-04-07 14:51:00,2026-04-07 14:38:00,2026-04-07 14:55:00,2026-04-07 15:30:00,B38 A,159.0
2026-04-07,UX1171,2026-04-07 16:45:00,2026-04-07 16:31:00,-14.0,2026-04-07 16:53:00,2026-04-07 16:39:00,2026-04-07 17:01:00,2026-04-07 17:06:00,A51 ,43.0
2026-04-07,UX1173,2026-04-08 00:40:00,2026-04-08 00:26:00,-14.0,2026-04-08 00:45:00,2026-04-08 00:31:00,2026-04-08 00:52:00,2026-04-08 00:57:00,A61 ,85.0
2026-04-07,VF65,2026-04-07 18:15:00,2026-04-07 18:16:00,1.0,2026-04-07 18:23:00,2026-04-07 18:24:00,2026-04-07 18:48:00,2026-04-07 18:54:00,B36 A,152.0
2026-04-07,VF67,2026-04-07 23:10:00,2026-04-07 23:26:00,16.0,2026-04-07 23:17:00,2026-04-07 23:33:00,2026-04-08 00:06:00,2026-04-08 00:13:00,B5  A,161.0
2026-04-07,VY1332,2026-04-07 15:55:00,2026-04-07 15:42:00,-13.0,2026-04-07 16:00:00,2026-04-07 15:47:00,2026-04-07 15:56:00,2026-04-07 15:57:00,A53 ,10.0
2026-04-07,VY1334,2026-04-08 03:25:00,2026-04-08 03:11:00,-14.0,2026-04-08 03:31:00,2026-04-08 03:17:00,2026-04-08 03:24:00,2026-04-08 03:25:00,A45 ,21.0
2026-04-07,VY1470,2026-04-08 01:55:00,2026-04-08 02:07:00,12.0,2026-04-08 01:59:00,2026-04-08 02:11:00,2026-04-08 02:21:00,2026-04-08 02:24:00,A57 ,24.0
2026-04-07,VY2150,2026-04-08 04:00:00,2026-04-08 03:41:00,-19.0,2026-04-08 04:05:00,2026-04-08 03:46:00,2026-04-08 04:04:00,2026-04-08 04:10:00,A51 ,42.0
2026-04-07,VY2152,2026-04-07 23:50:00,2026-04-07 23:30:00,-20.0,2026-04-07 23:54:00,2026-04-07 23:34:00,2026-04-07 23:44:00,2026-04-07 23:46:00,A43 ,47.0
2026-04-07,VY6814,2026-04-08 03:40:00,2026-04-08 03:55:00,15.0,2026-04-08 03:46:00,2026-04-08 04:01:00,2026-04-08 04:11:00,2026-04-08 04:13:00,A49 ,36.0
2026-04-07,VY8978,2026-04-07 19:45:00,2026-04-07 19:35:00,-10.0,2026-04-07 19:50:00,2026-04-07 19:40:00,2026-04-07 19:56:00,2026-04-07 19:59:00,A43 ,72.0
2026-04-07,VY8980,2026-04-07 16:45:00,2026-04-07 16:27:00,-18.0,2026-04-07 16:56:00,2026-04-07 16:38:00,2026-04-07 17:01:00,2026-04-07 17:03:00,A48 ,23.0
2026-04-07,VY8982,2026-04-08 00:25:00,2026-04-08 00:02:00,-23.0,2026-04-08 00:30:00,2026-04-08 00:07:00,2026-04-08 00:24:00,2026-04-08 00:26:00,A45 ,45.0
2026-04-07,VY8984,2026-04-08 03:30:00,2026-04-08 03:20:00,-10.0,2026-04-08 03:37:00,2026-04-08 03:27:00,2026-04-08 03:37:00,2026-04-08 03:38:00,A47 ,41.0
2026-04-07,VY8986,2026-04-07 21:30:00,2026-04-07 21:09:00,-21.0,2026-04-07 21:35:00,2026-04-07 21:14:00,2026-04-07 21:33:00,2026-04-07 21:37:00,A61 ,63.0
2026-04-08,AC832,2026-04-08 15:10:00,2026-04-08 14:36:00,-34.0,2026-04-08 15:19:00,2026-04-08 14:45:00,2026-04-08 15:01:00,2026-04-08 15:30:00,B28 A,86.0
2026-04-08,AY1541,2026-04-08 17:20:00,2026-04-08 16:59:00,-21.0,2026-04-08 17:25:00,2026-04-08 17:04:00,2026-04-08 17:22:00,2026-04-08 17:25:00,A57 ,28.0
2026-04-08,AY1545,2026-04-09 02:20:00,2026-04-09 02:19:00,-1.0,2026-04-09 02:25:00,2026-04-09 02:24:00,2026-04-09 02:38:00,2026-04-09 02:42:00,A59 ,67.0
2026-04-08,AY1549,2026-04-09 06:35:00,2026-04-09 06:10:00,-25.0,2026-04-09 06:41:00,2026-04-09 06:16:00,2026-04-09 06:31:00,2026-04-09 06:33:00,A53 ,29.0
2026-04-08,AZ148,2026-04-08 16:35:00,2026-04-08 16:15:00,-20.0,2026-04-08 16:41:00,2026-04-08 16:21:00,2026-04-08 16:31:00,2026-04-08 16:33:00,A51 ,1.0
2026-04-08,AZ154,2026-04-09 03:05:00,2026-04-09 03:03:00,-2.0,2026-04-09 03:11:00,2026-04-09 03:09:00,2026-04-09 03:19:00,2026-04-09 03:21:00,A49 ,34.0
2026-04-08,AZ156,2026-04-08 18:45:00,2026-04-08 19:37:00,52.0,2026-04-08 18:51:00,2026-04-08 19:43:00,2026-04-08 20:02:00,2026-04-08 20:06:00,A53 ,36.0
2026-04-08,AZ160,2026-04-09 02:00:00,2026-04-09 01:55:00,-5.0,2026-04-09 02:03:00,2026-04-09 01:58:00,2026-04-09 02:14:00,2026-04-09 02:19:00,A56 ,107.0
2026-04-08,BA384,2026-04-08 17:55:00,2026-04-08 17:38:00,-17.0,2026-04-08 17:59:00,2026-04-08 17:42:00,2026-04-08 18:00:00,2026-04-08 18:04:00,B29 A,38.0
2026-04-08,BA386,2026-04-08 23:15:00,2026-04-08 23:34:00,19.0,2026-04-08 23:19:00,2026-04-08 23:38:00,2026-04-09 00:02:00,2026-04-09 00:06:00,B14 A,111.0
2026-04-08,BA390,2026-04-09 04:25:00,2026-04-09 04:19:00,-6.0,2026-04-09 04:29:00,2026-04-09 04:23:00,2026-04-09 04:45:00,2026-04-09 04:46:00,B30 A,65.0
2026-04-08,BT601,2026-04-08 16:55:00,2026-04-08 16:40:00,-15.0,2026-04-08 17:01:00,2026-04-08 16:46:00,2026-04-08 16:58:00,2026-04-08 17:01:00,A45 ,13.0
2026-04-08,BT603,2026-04-09 02:50:00,2026-04-09 02:47:00,-3.0,2026-04-09 02:54:00,2026-04-09 02:51:00,2026-04-09 03:06:00,2026-04-09 03:08:00,A67 ,15.0
2026-04-08,EI630,2026-04-08 17:40:00,2026-04-08 17:25:00,-15.0,2026-04-08 17:43:00,2026-04-08 17:28:00,2026-04-08 18:09:00,2026-04-08 18:14:00,B31 A,100.0
2026-04-08,EI638,2026-04-09 04:45:00,2026-04-09 04:24:00,-21.0,2026-04-09 04:51:00,2026-04-09 04:30:00,2026-04-09 04:49:00,2026-04-09 04:55:00,B28 A,121.0
2026-04-08,EK181,2026-04-09 03:30:00,2026-04-09 03:49:00,19.0,2026-04-09 03:35:00,2026-04-09 03:54:00,2026-04-09 04:08:00,2026-04-09 04:44:00,B31 A,261.0
2026-04-08,ET750,2026-04-08 15:05:00,2026-04-08 14:56:00,-9.0,2026-04-08 15:13:00,2026-04-08 15:04:00,2026-04-08 15:25:00,2026-04-08 16:03:00,B34 A,384.0
2026-04-08,EY57,2026-04-08 16:00:00,2026-04-08 16:12:00,12.0,2026-04-08 16:05:00,2026-04-08 16:17:00,2026-04-08 16:40:00,2026-04-08 17:07:00,B5  A,218.0
2026-04-08,FH8116,2026-04-08 23:05:00,2026-04-08 23:10:00,5.0,2026-04-08 23:11:00,2026-04-08 23:16:00,2026-04-08 23:27:00,2026-04-08 23:28:00,B15 A,30.0
2026-04-08,GQ800,2026-04-08 21:05:00,2026-04-08 21:48:00,43.0,2026-04-08 21:10:00,2026-04-08 21:53:00,2026-04-08 22:10:00,2026-04-08 22:14:00,A53 ,53.0
2026-04-08,GQ850,2026-04-08 17:50:00,2026-04-08 17:36:00,-14.0,2026-04-08 18:06:00,2026-04-08 17:52:00,2026-04-08 18:02:00,2026-04-08 18:03:00,A58 ,7.0
2026-04-08,HV9012,2026-04-09 05:40:00,2026-04-09 05:47:00,7.0,2026-04-09 05:46:00,2026-04-09 05:53:00,2026-04-09 06:20:00,2026-04-09 06:24:00,A59 ,102.0
2026-04-08,IB597,2026-04-08 19:25:00,2026-04-08 19:18:00,-7.0,2026-04-08 19:30:00,2026-04-08 19:23:00,2026-04-08 19:42:00,2026-04-08 19:43:00,A59 ,95.0
2026-04-08,IB601,2026-04-09 03:00:00,2026-04-09 02:43:00,-17.0,2026-04-09 03:05:00,2026-04-09 02:48:00,2026-04-09 03:03:00,2026-04-09 03:12:00,A65 ,114.0
2026-04-08,IB603,2026-04-09 07:05:00,2026-04-09 06:57:00,-8.0,2026-04-09 07:11:00,2026-04-09 07:03:00,2026-04-09 07:24:00,2026-04-09 07:27:00,A47 ,87.0
2026-04-08,JU272,2026-04-09 04:25:00,2026-04-09 04:32:00,7.0,2026-04-09 04:32:00,2026-04-09 04:39:00,2026-04-09 04:57:00,2026-04-09 04:59:00,B7  A,23.0
2026-04-08,KM420,2026-04-09 03:15:00,2026-04-09 03:15:00,0.0,2026-04-09 03:21:00,2026-04-09 03:21:00,2026-04-09 03:40:00,2026-04-09 03:48:00,A57 ,116.0
2026-04-08,LH1004,2026-04-08 15:45:00,2026-04-08 15:32:00,-13.0,2026-04-08 15:50:00,2026-04-08 15:37:00,2026-04-08 15:49:00,2026-04-08 15:50:00,A43 ,20.0
2026-04-08,LH2282,2026-04-08 15:55:00,2026-04-08 15:45:00,-10.0,2026-04-08 16:00:00,2026-04-08 15:50:00,2026-04-08 16:03:00,2026-04-08 16:04:00,A47 ,3.0
2026-04-08,LO231,2026-04-09 06:35:00,2026-04-09 06:21:00,-14.0,2026-04-09 06:41:00,2026-04-09 06:27:00,2026-04-09 06:37:00,2026-04-09 06:38:00,A57 ,23.0
2026-04-08,LO233,2026-04-09 02:40:00,2026-04-09 02:45:00,5.0,2026-04-09 02:43:00,2026-04-09 02:48:00,2026-04-09 03:07:00,2026-04-09 03:09:00,A50 ,70.0
2026-04-08,LO235,2026-04-08 17:25:00,2026-04-08 17:12:00,-13.0,2026-04-08 17:33:00,2026-04-08 17:20:00,2026-04-08 17:31:00,2026-04-08 17:33:00,A55 ,13.0
2026-04-08,LO237,2026-04-08 20:30:00,2026-04-08 20:23:00,-7.0,2026-04-08 20:35:00,2026-04-08 20:28:00,2026-04-08 20:38:00,2026-04-08 20:40:00,A47 ,23.0
2026-04-08,LX780,2026-04-08 22:15:00,2026-04-08 22:26:00,11.0,2026-04-08 22:21:00,2026-04-08 22:32:00,2026-04-08 22:49:00,2026-04-08 22:51:00,A47 ,60.0
2026-04-08,LX786,2026-04-08 16:50:00,2026-04-08 16:36:00,-14.0,2026-04-08 16:56:00,2026-04-08 16:42:00,2026-04-08 17:04:00,2026-04-08 17:05:00,A43 ,14.0
2026-04-08,LX788,2026-04-09 02:35:00,2026-04-09 02:38:00,3.0,2026-04-09 02:38:00,2026-04-09 02:41:00,2026-04-09 02:52:00,2026-04-09 02:55:00,A43 ,31.0
2026-04-08,ME215,2026-04-08 18:35:00,2026-04-08 18:42:00,7.0,2026-04-08 18:42:00,2026-04-08 18:49:00,2026-04-08 19:08:00,2026-04-08 19:11:00,B9  A,136.0
2026-04-08,NH231,2026-04-09 01:35:00,2026-04-09 01:07:00,-28.0,2026-04-09 01:42:00,2026-04-09 01:14:00,2026-04-09 01:27:00,2026-04-09 01:53:00,B5  A,136.0
2026-04-08,OS291,2026-04-08 17:05:00,2026-04-08 16:58:00,-7.0,2026-04-08 17:10:00,2026-04-08 17:03:00,2026-04-08 17:18:00,2026-04-08 17:20:00,A47 ,18.0
2026-04-08,OS295,2026-04-09 00:45:00,2026-04-09 00:36:00,-9.0,2026-04-09 00:53:00,2026-04-09 00:44:00,2026-04-09 00:53:00,2026-04-09 01:00:00,A43 ,45.0
2026-04-08,OS297,2026-04-09 03:10:00,2026-04-09 03:11:00,1.0,2026-04-09 03:15:00,2026-04-09 03:16:00,2026-04-09 03:26:00,2026-04-09 03:28:00,A45 ,41.0
2026-04-08,OU4456,2026-04-09 03:50:00,2026-04-09 03:56:00,6.0,2026-04-09 03:56:00,2026-04-09 04:02:00,2026-04-09 04:19:00,2026-04-09 04:20:00,A59 ,21.0
2026-04-08,OU456,2026-04-08 16:40:00,2026-04-08 16:33:00,-7.0,2026-04-08 16:47:00,2026-04-08 16:40:00,2026-04-08 16:53:00,2026-04-08 16:54:00,A59 ,4.0
2026-04-08,RO373,2026-04-09 02:35:00,2026-04-09 03:01:00,26.0,2026-04-09 02:38:00,2026-04-09 03:04:00,2026-04-09 03:25:00,2026-04-09 03:26:00,A44 ,21.0
2026-04-08,SK1589,2026-04-09 02:15:00,2026-04-09 02:07:00,-8.0,2026-04-09 02:22:00,2026-04-09 02:14:00,2026-04-09 02:29:00,2026-04-09 02:33:00,A47 ,93.0
2026-04-08,SK1593,2026-04-08 22:35:00,2026-04-08 22:43:00,8.0,2026-04-08 22:41:00,2026-04-08 22:49:00,2026-04-08 22:59:00,2026-04-08 23:00:00,A51 ,33.0
2026-04-08,SK1595,2026-04-09 02:30:00,2026-04-09 02:41:00,11.0,2026-04-09 02:35:00,2026-04-09 02:46:00,2026-04-09 02:59:00,2026-04-09 03:01:00,A51 ,37.0
2026-04-08,SK4743,2026-04-08 18:40:00,2026-04-08 18:39:00,-1.0,2026-04-08 18:47:00,2026-04-08 18:46:00,2026-04-08 18:59:00,2026-04-08 19:01:00,A43 ,38.0
2026-04-08,SK4745,2026-04-09 04:30:00,2026-04-09 04:26:00,-4.0,2026-04-09 04:35:00,2026-04-09 04:31:00,2026-04-09 04:53:00,2026-04-09 04:55:00,A57 ,61.0
2026-04-08,SK593,2026-04-08 17:40:00,2026-04-08 17:29:00,-11.0,2026-04-08 17:47:00,2026-04-08 17:36:00,2026-04-08 17:52:00,2026-04-08 17:53:00,A59 ,15.0
2026-04-08,SN206,2026-04-08 13:20:00,2026-04-08 13:06:00,-14.0,2026-04-08 13:26:00,2026-04-08 13:12:00,2026-04-08 13:35:00,2026-04-08 14:12:00,B31 A,126.0
2026-04-08,SN2096,2026-04-09 04:00:00,2026-04-09 03:59:00,-1.0,2026-04-09 04:05:00,2026-04-09 04:04:00,2026-04-09 04:22:00,2026-04-09 04:34:00,B14 A,50.0
2026-04-08,SN2104,2026-04-08 16:55:00,2026-04-08 16:38:00,-17.0,2026-04-08 16:59:00,2026-04-08 16:42:00,2026-04-08 17:03:00,2026-04-08 17:04:00,B36 A,17.0
2026-04-08,SN2184,2026-04-08 16:30:00,2026-04-08 16:26:00,-4.0,2026-04-08 16:33:00,2026-04-08 16:29:00,2026-04-08 16:40:00,2026-04-08 16:41:00,B11 A,7.0
2026-04-08,SN2268,2026-04-08 16:25:00,2026-04-08 16:10:00,-15.0,2026-04-08 16:28:00,2026-04-08 16:13:00,2026-04-08 16:31:00,2026-04-08 16:34:00,A44 ,5.0
2026-04-08,SN2284,2026-04-09 04:05:00,2026-04-09 04:01:00,-4.0,2026-04-09 04:08:00,2026-04-09 04:04:00,2026-04-09 04:17:00,2026-04-09 04:22:00,A40 ,24.0
2026-04-08,SN2294,2026-04-09 03:50:00,2026-04-09 03:45:00,-5.0,2026-04-09 03:54:00,2026-04-09 03:49:00,2026-04-09 04:00:00,2026-04-09 04:02:00,A66 ,34.0
2026-04-08,SN2298,2026-04-08 16:45:00,2026-04-08 16:24:00,-21.0,2026-04-08 16:49:00,2026-04-08 16:28:00,2026-04-08 16:46:00,2026-04-08 16:48:00,A58 ,5.0
2026-04-08,SN2318,2026-04-09 04:00:00,2026-04-09 04:15:00,15.0,2026-04-09 04:03:00,2026-04-09 04:18:00,2026-04-09 04:42:00,2026-04-09 04:44:00,A44 ,32.0
2026-04-08,SN2324,2026-04-08 16:40:00,2026-04-08 16:35:00,-5.0,2026-04-08 16:43:00,2026-04-08 16:38:00,2026-04-08 16:56:00,2026-04-08 17:02:00,A42 ,4.0
2026-04-08,SN2372,2026-04-09 01:50:00,2026-04-09 01:35:00,-15.0,2026-04-09 01:54:00,2026-04-09 01:39:00,2026-04-09 01:59:00,2026-04-09 02:01:00,A52 ,39.0
2026-04-08,SN2548,2026-04-09 04:05:00,2026-04-09 04:09:00,4.0,2026-04-09 04:11:00,2026-04-09 04:15:00,2026-04-09 04:34:00,2026-04-09 04:37:00,A53 ,58.0
2026-04-08,SN2582,2026-04-08 21:05:00,2026-04-08 21:00:00,-5.0,2026-04-08 21:09:00,2026-04-08 21:04:00,2026-04-08 21:18:00,2026-04-08 21:19:00,A50 ,32.0
2026-04-08,SN2588,2026-04-09 04:10:00,2026-04-09 04:28:00,18.0,2026-04-09 04:12:00,2026-04-09 04:30:00,2026-04-09 05:00:00,2026-04-09 05:05:00,A70 ,23.0
2026-04-08,SN2592,2026-04-08 16:20:00,2026-04-08 16:08:00,-12.0,2026-04-08 16:26:00,2026-04-08 16:14:00,2026-04-08 16:32:00,2026-04-08 16:36:00,A56 ,5.0
2026-04-08,SN2610,2026-04-08 20:45:00,2026-04-08 20:30:00,-15.0,2026-04-08 20:48:00,2026-04-08 20:33:00,2026-04-08 20:51:00,2026-04-08 20:54:00,A56 ,51.0
2026-04-08,SN2612,2026-04-08 21:40:00,2026-04-08 21:20:00,-20.0,2026-04-08 21:43:00,2026-04-08 21:23:00,2026-04-08 21:35:00,2026-04-08 21:36:00,A40 ,27.0
2026-04-08,SN2614,2026-04-09 01:30:00,2026-04-09 01:29:00,-1.0,2026-04-09 01:33:00,2026-04-09 01:32:00,2026-04-09 01:42:00,2026-04-09 01:44:00,A46 ,32.0
2026-04-08,SN2618,2026-04-09 06:35:00,2026-04-09 06:32:00,-3.0,2026-04-09 06:43:00,2026-04-09 06:40:00,2026-04-09 06:55:00,2026-04-09 06:57:00,A56 ,50.0
2026-04-08,SN2624,2026-04-08 20:50:00,2026-04-08 20:54:00,4.0,2026-04-08 20:53:00,2026-04-08 20:57:00,2026-04-08 21:06:00,2026-04-08 21:07:00,A52 ,7.0
2026-04-08,SN2630,2026-04-08 16:15:00,2026-04-08 16:03:00,-12.0,2026-04-08 16:19:00,2026-04-08 16:07:00,2026-04-08 16:29:00,2026-04-08 16:30:00,A52 ,7.0
2026-04-08,SN2644,2026-04-08 21:10:00,2026-04-08 21:15:00,5.0,2026-04-08 21:13:00,2026-04-08 21:18:00,2026-04-08 21:27:00,2026-04-08 21:29:00,A44 ,33.0
2026-04-08,SN2646,2026-04-09 00:15:00,2026-04-09 00:09:00,-6.0,2026-04-09 00:18:00,2026-04-09 00:12:00,2026-04-09 00:22:00,2026-04-09 00:24:00,A54 ,21.0
2026-04-08,SN2650,2026-04-09 03:55:00,2026-04-09 03:52:00,-3.0,2026-04-09 03:59:00,2026-04-09 03:56:00,2026-04-09 04:15:00,2026-04-09 04:22:00,A51 ,76.0
2026-04-08,SN2652,2026-04-09 07:10:00,2026-04-09 06:52:00,-18.0,2026-04-09 07:16:00,2026-04-09 06:58:00,2026-04-09 07:08:00,2026-04-09 07:09:00,A51 ,20.0
2026-04-08,SN2714,2026-04-08 20:45:00,2026-04-08 20:36:00,-9.0,2026-04-08 20:47:00,2026-04-08 20:38:00,2026-04-08 20:50:00,2026-04-08 20:52:00,A48 ,53.0
2026-04-08,SN2722,2026-04-09 02:30:00,2026-04-09 02:22:00,-8.0,2026-04-09 02:33:00,2026-04-09 02:25:00,2026-04-09 02:43:00,2026-04-09 02:46:00,A58 ,58.0
2026-04-08,SN2730,2026-04-08 18:15:00,2026-04-08 18:09:00,-6.0,2026-04-08 18:23:00,2026-04-08 18:17:00,2026-04-08 18:43:00,2026-04-08 18:47:00,A42 ,85.0
2026-04-08,SN2732,2026-04-09 05:30:00,2026-04-09 05:18:00,-12.0,2026-04-09 05:38:00,2026-04-09 05:26:00,2026-04-09 05:42:00,2026-04-09 05:44:00,A62 ,41.0
2026-04-08,SN2810,2026-04-08 21:20:00,2026-04-08 21:22:00,2.0,2026-04-08 21:23:00,2026-04-08 21:25:00,2026-04-08 21:39:00,2026-04-08 21:41:00,A54 ,32.0
2026-04-08,SN2812,2026-04-09 04:15:00,2026-04-09 04:03:00,-12.0,2026-04-09 04:19:00,2026-04-09 04:07:00,2026-04-09 04:27:00,2026-04-09 04:29:00,A65 ,29.0
2026-04-08,SN2816,2026-04-08 16:20:00,2026-04-08 16:01:00,-19.0,2026-04-08 16:23:00,2026-04-08 16:04:00,2026-04-08 16:19:00,2026-04-08 16:20:00,A48 ,6.0
2026-04-08,SN2826,2026-04-09 04:05:00,2026-04-09 04:05:00,0.0,2026-04-09 04:08:00,2026-04-09 04:08:00,2026-04-09 04:34:00,2026-04-09 04:41:00,A52 ,56.0
2026-04-08,SN2902,2026-04-08 19:05:00,2026-04-08 18:57:00,-8.0,2026-04-08 19:08:00,2026-04-08 19:00:00,2026-04-08 19:12:00,2026-04-08 19:14:00,A44 ,29.0
2026-04-08,SN2906,2026-04-09 03:55:00,2026-04-09 03:41:00,-14.0,2026-04-09 03:58:00,2026-04-09 03:44:00,2026-04-09 03:55:00,2026-04-09 03:58:00,A42 ,46.0
2026-04-08,SN3126,2026-04-09 02:55:00,2026-04-09 02:50:00,-5.0,2026-04-09 02:59:00,2026-04-09 02:54:00,2026-04-09 03:09:00,2026-04-09 03:16:00,A63 ,68.0
2026-04-08,SN3146,2026-04-08 19:00:00,2026-04-08 18:41:00,-19.0,2026-04-08 19:07:00,2026-04-08 18:48:00,2026-04-08 19:05:00,2026-04-08 19:07:00,A54 ,19.0
2026-04-08,SN3148,2026-04-08 22:45:00,2026-04-08 22:50:00,5.0,2026-04-08 22:49:00,2026-04-08 22:54:00,2026-04-08 23:05:00,2026-04-08 23:08:00,A48 ,37.0
2026-04-08,SN3150,2026-04-09 04:20:00,2026-04-09 04:13:00,-7.0,2026-04-09 04:26:00,2026-04-09 04:19:00,2026-04-09 04:40:00,2026-04-09 04:41:00,A45 ,40.0
2026-04-08,SN3160,2026-04-09 07:15:00,2026-04-09 07:01:00,-14.0,2026-04-09 07:18:00,2026-04-09 07:04:00,2026-04-09 07:23:00,2026-04-09 07:25:00,A64 ,15.0
2026-04-08,SN3170,2026-04-08 23:20:00,2026-04-08 23:12:00,-8.0,2026-04-08 23:25:00,2026-04-08 23:17:00,2026-04-08 23:39:00,2026-04-08 23:43:00,A52 ,109.0
2026-04-08,SN3176,2026-04-08 20:25:00,2026-04-08 21:16:00,51.0,2026-04-08 20:29:00,2026-04-08 21:20:00,2026-04-08 21:33:00,2026-04-08 21:34:00,A42 ,90.0
2026-04-08,SN3182,2026-04-09 04:20:00,2026-04-09 04:34:00,14.0,2026-04-09 04:25:00,2026-04-09 04:39:00,2026-04-09 05:03:00,2026-04-09 05:09:00,A49 ,110.0
2026-04-08,SN3184,2026-04-09 07:15:00,2026-04-09 07:24:00,9.0,2026-04-09 07:20:00,2026-04-09 07:29:00,2026-04-09 07:55:00,2026-04-09 07:58:00,A44 ,87.0
2026-04-08,SN319,2026-04-08 13:00:00,2026-04-08 13:00:00,0.0,2026-04-08 13:05:00,2026-04-08 13:05:00,2026-04-08 13:23:00,2026-04-08 13:46:00,B38 A,66.0
2026-04-08,SN3202,2026-04-08 22:20:00,2026-04-08 22:07:00,-13.0,2026-04-08 22:24:00,2026-04-08 22:11:00,2026-04-08 22:41:00,2026-04-08 22:43:00,A57 ,70.0
2026-04-08,SN3334,2026-04-08 10:05:00,2026-04-08 10:21:00,16.0,2026-04-08 10:10:00,2026-04-08 10:26:00,2026-04-08 10:41:00,2026-04-08 10:57:00,B9  A,93.0
2026-04-08,SN3344,2026-04-09 04:15:00,2026-04-09 04:20:00,5.0,2026-04-09 04:19:00,2026-04-09 04:24:00,2026-04-09 04:47:00,2026-04-09 04:48:00,A50 ,31.0
2026-04-08,SN3588,2026-04-08 22:35:00,2026-04-08 23:07:00,32.0,2026-04-08 22:38:00,2026-04-08 23:10:00,2026-04-08 23:23:00,2026-04-08 23:24:00,A56 ,12.0
2026-04-08,SN3594,2026-04-08 16:30:00,2026-04-08 16:27:00,-3.0,2026-04-08 16:35:00,2026-04-08 16:32:00,2026-04-08 16:50:00,2026-04-08 16:58:00,A49 ,4.0
2026-04-08,SN3598,2026-04-08 23:15:00,2026-04-08 23:02:00,-13.0,2026-04-08 23:19:00,2026-04-08 23:06:00,2026-04-08 23:26:00,2026-04-08 23:27:00,A58 ,26.0
2026-04-08,SN3604,2026-04-08 16:25:00,2026-04-08 16:13:00,-12.0,2026-04-08 16:29:00,2026-04-08 16:17:00,2026-04-08 16:41:00,2026-04-08 16:42:00,A54 ,6.0
2026-04-08,SN3618,2026-04-08 23:30:00,2026-04-08 23:47:00,17.0,2026-04-08 23:33:00,2026-04-08 23:50:00,2026-04-09 00:06:00,2026-04-09 00:09:00,A50 ,75.0
2026-04-08,SN3632,2026-04-08 17:30:00,2026-04-08 17:11:00,-19.0,2026-04-08 17:34:00,2026-04-08 17:15:00,2026-04-08 17:52:00,2026-04-08 17:54:00,A60 ,5.0
2026-04-08,SN3634,2026-04-08 18:55:00,2026-04-08 19:20:00,25.0,2026-04-08 18:58:00,2026-04-08 19:23:00,2026-04-08 19:54:00,2026-04-08 19:56:00,A58 ,8.0
2026-04-08,SN3668,2026-04-08 21:50:00,2026-04-08 21:36:00,-14.0,2026-04-08 21:54:00,2026-04-08 21:40:00,2026-04-08 22:05:00,2026-04-08 22:07:00,A63 ,20.0
2026-04-08,SN3676,2026-04-08 16:35:00,2026-04-08 16:31:00,-4.0,2026-04-08 16:38:00,2026-04-08 16:34:00,2026-04-08 16:51:00,2026-04-08 16:52:00,A50 ,12.0
2026-04-08,SN3698,2026-04-08 22:30:00,2026-04-08 22:56:00,26.0,2026-04-08 22:34:00,2026-04-08 23:00:00,2026-04-08 23:21:00,2026-04-08 23:23:00,A49 ,48.0
2026-04-08,SN3704,2026-04-09 01:15:00,2026-04-09 01:18:00,3.0,2026-04-09 01:21:00,2026-04-09 01:24:00,2026-04-09 01:46:00,2026-04-09 01:48:00,A55 ,59.0
2026-04-08,SN3706,2026-04-09 07:25:00,2026-04-09 07:27:00,2.0,2026-04-09 07:30:00,2026-04-09 07:32:00,2026-04-09 09:01:00,2026-04-09 09:04:00,A52 ,49.0
2026-04-08,SN3708,2026-04-08 15:40:00,2026-04-08 15:24:00,-16.0,2026-04-08 15:46:00,2026-04-08 15:30:00,2026-04-08 15:48:00,2026-04-08 15:50:00,A53 ,6.0
2026-04-08,SN3712,2026-04-09 02:40:00,2026-04-09 02:39:00,-1.0,2026-04-09 02:43:00,2026-04-09 02:42:00,2026-04-09 03:14:00,2026-04-09 03:16:00,A68 ,76.0
2026-04-08,SN3722,2026-04-08 22:55:00,2026-04-08 23:36:00,41.0,2026-04-08 22:58:00,2026-04-08 23:39:00,2026-04-09 00:06:00,2026-04-09 00:09:00,A46 ,66.0
2026-04-08,SN3728,2026-04-09 03:55:00,2026-04-09 03:43:00,-12.0,2026-04-09 03:58:00,2026-04-09 03:46:00,2026-04-09 04:10:00,2026-04-09 04:14:00,A58 ,38.0
2026-04-08,SN3732,2026-04-08 16:35:00,2026-04-08 16:29:00,-6.0,2026-04-08 16:42:00,2026-04-08 16:36:00,2026-04-08 17:00:00,2026-04-08 17:01:00,A46 ,20.0
2026-04-08,SN3734,2026-04-08 20:50:00,2026-04-08 20:47:00,-3.0,2026-04-08 20:53:00,2026-04-08 20:50:00,2026-04-08 21:20:00,2026-04-08 21:22:00,A46 ,72.0
2026-04-08,SN3736,2026-04-09 02:25:00,2026-04-09 02:33:00,8.0,2026-04-09 02:29:00,2026-04-09 02:37:00,2026-04-09 03:00:00,2026-04-09 03:07:00,A40 ,113.0
2026-04-08,SN3738,2026-04-09 07:10:00,2026-04-09 06:59:00,-11.0,2026-04-09 07:14:00,2026-04-09 07:03:00,2026-04-09 07:29:00,2026-04-09 07:32:00,A66 ,92.0
2026-04-08,SN3752,2026-04-09 07:10:00,2026-04-09 07:14:00,4.0,2026-04-09 07:14:00,2026-04-09 07:18:00,2026-04-09 07:40:00,2026-04-09 07:43:00,A40 ,54.0
2026-04-08,SN3772,2026-04-08 19:35:00,2026-04-08 19:27:00,-8.0,2026-04-08 19:38:00,2026-04-08 19:30:00,2026-04-08 19:56:00,2026-04-08 20:01:00,A40 ,39.0
2026-04-08,SN3774,2026-04-09 06:15:00,2026-04-09 06:55:00,40.0,2026-04-09 06:20:00,2026-04-09 07:00:00,2026-04-09 07:23:00,2026-04-09 07:25:00,A50 ,66.0
2026-04-08,SN3782,2026-04-09 00:40:00,2026-04-09 00:19:00,-21.0,2026-04-09 00:43:00,2026-04-09 00:22:00,2026-04-09 00:47:00,2026-04-09 00:50:00,A40 ,77.0
2026-04-08,SN3788,2026-04-08 08:05:00,2026-04-08 06:57:00,-68.0,2026-04-08 09:10:00,2026-04-08 08:02:00,2026-04-08 08:29:00,2026-04-08 08:36:00,A60 ,124.0
2026-04-08,SN379,2026-04-08 13:05:00,2026-04-08 13:24:00,19.0,2026-04-08 13:10:00,2026-04-08 13:29:00,2026-04-08 13:54:00,2026-04-08 14:34:00,B40 A,67.0
2026-04-08,SN3802,2026-04-09 00:00:00,2026-04-08 23:52:00,-8.0,2026-04-09 00:03:00,2026-04-08 23:55:00,2026-04-09 00:20:00,2026-04-09 00:25:00,A44 ,64.0
2026-04-08,SN3804,2026-04-09 02:30:00,2026-04-09 02:17:00,-13.0,2026-04-09 02:34:00,2026-04-09 02:21:00,2026-04-09 02:47:00,2026-04-09 02:48:00,A64 ,58.0
2026-04-08,SN3810,2026-04-09 04:10:00,2026-04-09 04:11:00,1.0,2026-04-09 04:15:00,2026-04-09 04:16:00,2026-04-09 04:43:00,2026-04-09 04:45:00,A46 ,61.0
2026-04-08,SN3812,2026-04-09 00:15:00,2026-04-09 00:07:00,-8.0,2026-04-09 00:20:00,2026-04-09 00:12:00,2026-04-09 00:36:00,2026-04-09 00:39:00,A47 ,47.0
2026-04-08,SN3816,2026-04-08 23:40:00,2026-04-08 23:44:00,4.0,2026-04-08 23:44:00,2026-04-08 23:48:00,2026-04-09 00:14:00,2026-04-09 00:17:00,A42 ,49.0
2026-04-08,SN3820,2026-04-09 07:40:00,2026-04-09 07:58:00,18.0,2026-04-09 08:45:00,2026-04-09 09:03:00,2026-04-09 09:29:00,2026-04-09 09:32:00,A65 ,77.0
2026-04-08,SN502,2026-04-08 15:40:00,2026-04-08 14:54:00,-46.0,2026-04-08 15:45:00,2026-04-08 14:59:00,2026-04-08 15:14:00,2026-04-08 15:43:00,B30 A,65.0
2026-04-08,SN516,2026-04-08 15:25:00,2026-04-08 15:04:00,-21.0,2026-04-08 15:30:00,2026-04-08 15:09:00,2026-04-08 15:31:00,2026-04-08 16:01:00,B37 A,41.0
2026-04-08,TB1012,2026-04-08 20:30:00,2026-04-08 20:44:00,14.0,2026-04-08 20:34:00,2026-04-08 20:48:00,2026-04-08 21:04:00,2026-04-08 21:07:00,A60 ,81.0
2026-04-08,TB1552,2026-04-09 07:10:00,2026-04-09 07:03:00,-7.0,2026-04-09 07:15:00,2026-04-09 07:08:00,2026-04-09 07:38:00,2026-04-09 07:45:00,A61 ,152.0
2026-04-08,TB1754,2026-04-09 06:25:00,2026-04-09 06:26:00,1.0,2026-04-09 06:32:00,2026-04-09 06:33:00,2026-04-09 07:00:00,2026-04-09 07:08:00,A43 ,140.0
2026-04-08,TB2502,2026-04-08 22:30:00,2026-04-08 22:52:00,22.0,2026-04-08 22:35:00,2026-04-08 22:57:00,2026-04-08 23:18:00,2026-04-08 23:23:00,B7  A,115.0
2026-04-08,TB2534,2026-04-09 07:20:00,2026-04-09 07:21:00,1.0,2026-04-09 07:24:00,2026-04-09 07:25:00,2026-04-09 07:40:00,2026-04-09 07:46:00,B30 A,146.0
2026-04-08,TB2582,2026-04-08 23:30:00,2026-04-08 23:16:00,-14.0,2026-04-08 23:35:00,2026-04-08 23:21:00,2026-04-08 23:44:00,2026-04-08 23:50:00,B27 A,142.0
2026-04-08,TB2634,2026-04-09 05:20:00,2026-04-09 07:51:00,151.0,2026-04-09 05:24:00,2026-04-09 07:55:00,2026-04-09 09:22:00,2026-04-09 09:31:00,B11 A,198.0
2026-04-08,TB2752,2026-04-09 02:25:00,2026-04-09 02:29:00,4.0,2026-04-09 02:31:00,2026-04-09 02:35:00,2026-04-09 02:48:00,2026-04-09 02:51:00,B7  A,70.0
2026-04-08,TB3012,2026-04-08 09:00:00,2026-04-08 09:12:00,12.0,2026-04-08 09:05:00,2026-04-08 09:17:00,2026-04-08 09:32:00,2026-04-08 09:42:00,B29 A,176.0
2026-04-08,TG934,2026-04-08 15:15:00,2026-04-08 15:21:00,6.0,2026-04-08 15:20:00,2026-04-08 15:26:00,2026-04-08 16:04:00,2026-04-08 16:38:00,B31 A,260.0
2026-04-08,TK1937,2026-04-08 18:10:00,2026-04-08 18:19:00,9.0,2026-04-08 18:16:00,2026-04-08 18:25:00,2026-04-08 18:38:00,2026-04-08 18:50:00,B30 A,158.0
2026-04-08,TK1939,2026-04-09 01:50:00,2026-04-09 01:53:00,3.0,2026-04-09 01:56:00,2026-04-09 01:59:00,2026-04-09 02:13:00,2026-04-09 02:25:00,B28 A,146.0
2026-04-08,TK1941,2026-04-09 05:25:00,2026-04-09 05:23:00,-2.0,2026-04-09 05:30:00,2026-04-09 05:28:00,2026-04-09 05:42:00,2026-04-09 05:53:00,B40 A,201.0
2026-04-08,TK1943,2026-04-08 21:25:00,2026-04-08 21:32:00,7.0,2026-04-08 21:31:00,2026-04-08 21:38:00,2026-04-08 21:56:00,2026-04-08 22:13:00,B32 A,97.0
2026-04-08,TP640,2026-04-08 19:00:00,2026-04-08 18:54:00,-6.0,2026-04-08 19:06:00,2026-04-08 19:00:00,2026-04-08 19:19:00,2026-04-08 19:24:00,A51 ,67.0
2026-04-08,TP642,2026-04-08 23:05:00,2026-04-08 23:15:00,10.0,2026-04-08 23:09:00,2026-04-08 23:19:00,2026-04-08 23:33:00,2026-04-08 23:47:00,A65 ,88.0
2026-04-08,TP644,2026-04-09 04:05:00,2026-04-09 03:54:00,-11.0,2026-04-09 04:09:00,2026-04-09 03:58:00,2026-04-09 04:11:00,2026-04-09 04:18:00,A67 ,87.0
2026-04-08,TP646,2026-04-09 07:55:00,2026-04-09 09:24:00,89.0,2026-04-09 08:01:00,2026-04-09 09:30:00,2026-04-09 09:51:00,2026-04-09 09:56:00,A59 ,107.0
2026-04-08,TU954,2026-04-08 19:25:00,2026-04-08 19:22:00,-3.0,2026-04-08 19:30:00,2026-04-08 19:27:00,2026-04-08 19:43:00,2026-04-08 19:47:00,B29 A,87.0
2026-04-08,UA950,2026-04-08 15:15:00,2026-04-08 14:39:00,-36.0,2026-04-08 15:21:00,2026-04-08 14:45:00,2026-04-08 15:03:00,2026-04-08 15:50:00,B11 A,149.0
2026-04-08,UA972,2026-04-08 17:00:00,2026-04-08 17:15:00,15.0,2026-04-08 17:06:00,2026-04-08 17:21:00,2026-04-08 17:55:00,2026-04-08 18:22:00,B38 A,109.0
2026-04-08,UA994,2026-04-08 15:45:00,2026-04-08 14:59:00,-46.0,2026-04-08 15:55:00,2026-04-08 15:09:00,2026-04-08 15:28:00,2026-04-08 15:54:00,B40 A,191.0
2026-04-08,UX1171,2026-04-08 17:45:00,2026-04-08 17:27:00,-18.0,2026-04-08 17:53:00,2026-04-08 17:35:00,2026-04-08 17:54:00,2026-04-08 17:56:00,A52 ,62.0
2026-04-08,UX1173,2026-04-09 01:40:00,2026-04-09 01:26:00,-14.0,2026-04-09 01:45:00,2026-04-09 01:31:00,2026-04-09 01:58:00,2026-04-09 02:00:00,A57 ,77.0
2026-04-08,VF65,2026-04-08 19:15:00,2026-04-08 19:26:00,11.0,2026-04-08 19:22:00,2026-04-08 19:33:00,2026-04-08 19:52:00,2026-04-08 19:58:00,B31 A,154.0
2026-04-08,VY1334,2026-04-09 04:25:00,2026-04-09 04:50:00,25.0,2026-04-09 04:31:00,2026-04-09 04:56:00,2026-04-09 05:07:00,2026-04-09 05:08:00,A47 ,31.0
2026-04-08,VY2150,2026-04-09 03:40:00,2026-04-09 03:08:00,-32.0,2026-04-09 03:44:00,2026-04-09 03:12:00,2026-04-09 03:26:00,2026-04-09 03:28:00,A47 ,57.0
2026-04-08,VY3650,2026-04-09 01:45:00,2026-04-09 01:48:00,3.0,2026-04-09 01:50:00,2026-04-09 01:53:00,2026-04-09 02:13:00,2026-04-09 02:17:00,A53 ,78.0
2026-04-08,VY8980,2026-04-08 17:45:00,2026-04-08 17:23:00,-22.0,2026-04-08 17:50:00,2026-04-08 17:28:00,2026-04-08 17:43:00,2026-04-08 17:44:00,A51 ,8.0
2026-04-08,VY8982,2026-04-09 01:25:00,2026-04-09 01:16:00,-9.0,2026-04-09 01:32:00,2026-04-09 01:23:00,2026-04-09 01:37:00,2026-04-09 01:53:00,A45 ,29.0
2026-04-08,VY8984,2026-04-09 04:10:00,2026-04-09 03:57:00,-13.0,2026-04-09 04:17:00,2026-04-09 04:04:00,2026-04-09 04:13:00,2026-04-09 04:15:00,A43 ,39.0
2026-04-08,VY8986,2026-04-08 22:30:00,2026-04-08 22:32:00,2.0,2026-04-08 22:36:00,2026-04-08 22:38:00,2026-04-08 22:55:00,2026-04-08 22:57:00,A45 ,33.0
2026-04-08,XR5402,2026-04-09 04:00:00,2026-04-09 04:22:00,22.0,2026-04-09 04:07:00,2026-04-09 04:29:00,2026-04-09 04:50:00,2026-04-09 04:54:00,B5  A,89.0
2026-04-09,AC826,2026-04-09 16:50:00,2026-04-09 16:32:00,-18.0,2026-04-09 16:58:00,2026-04-09 16:40:00,2026-04-09 16:59:00,2026-04-09 17:49:00,B30 A,97.0
2026-04-09,AC832,2026-04-09 16:10:00,2026-04-09 15:21:00,-49.0,2026-04-09 16:17:00,2026-04-09 15:28:00,2026-04-09 15:44:00,2026-04-09 16:12:00,B34 A,119.0
2026-04-09,AY1541,2026-04-09 18:20:00,2026-04-09 17:55:00,-25.0,2026-04-09 18:28:00,2026-04-09 18:03:00,2026-04-09 18:21:00,2026-04-09 18:28:00,A56 ,84.0
2026-04-09,AY1545,2026-04-10 03:20:00,2026-04-10 03:11:00,-9.0,2026-04-10 03:25:00,2026-04-10 03:16:00,2026-04-10 03:33:00,2026-04-10 03:36:00,A63 ,66.0
2026-04-09,AY1549,2026-04-10 07:35:00,2026-04-10 07:04:00,-31.0,2026-04-10 07:40:00,2026-04-10 07:09:00,2026-04-10 07:17:00,2026-04-10 07:19:00,A45 ,16.0
2026-04-09,AZ148,2026-04-09 17:35:00,2026-04-09 17:18:00,-17.0,2026-04-09 17:40:00,2026-04-09 17:23:00,2026-04-09 17:41:00,2026-04-09 17:43:00,A57 ,3.0
2026-04-09,AZ154,2026-04-10 04:05:00,2026-04-10 04:08:00,3.0,2026-04-10 04:11:00,2026-04-10 04:14:00,2026-04-10 04:24:00,2026-04-10 04:26:00,A56 ,28.0
2026-04-09,AZ160,2026-04-10 03:00:00,2026-04-10 02:51:00,-9.0,2026-04-10 03:05:00,2026-04-10 02:56:00,2026-04-10 03:09:00,2026-04-10 03:19:00,A53 ,59.0
2026-04-09,BA384,2026-04-09 18:55:00,2026-04-09 18:44:00,-11.0,2026-04-09 19:08:00,2026-04-09 18:57:00,2026-04-09 19:11:00,2026-04-09 19:15:00,B30 A,14.0
2026-04-09,BA386,2026-04-10 00:05:00,2026-04-09 23:48:00,-17.0,2026-04-10 00:10:00,2026-04-09 23:53:00,2026-04-10 00:26:00,2026-04-10 00:29:00,B28 A,81.0
2026-04-09,BA390,2026-04-10 05:25:00,2026-04-10 05:17:00,-8.0,2026-04-10 05:30:00,2026-04-10 05:22:00,2026-04-10 05:37:00,2026-04-10 05:40:00,B28 A,47.0
2026-04-09,BT603,2026-04-10 03:30:00,2026-04-10 03:20:00,-10.0,2026-04-10 03:36:00,2026-04-10 03:26:00,2026-04-10 03:40:00,2026-04-10 03:43:00,A60 ,34.0
2026-04-09,CX275,2026-04-09 17:25:00,2026-04-09 17:13:00,-12.0,2026-04-09 17:31:00,2026-04-09 17:19:00,2026-04-09 17:40:00,2026-04-09 18:40:00,B5  A,242.0
2026-04-09,DL140,2026-04-09 16:40:00,2026-04-09 16:41:00,1.0,2026-04-09 16:46:00,2026-04-09 16:47:00,2026-04-09 17:07:00,2026-04-09 17:42:00,B28 A,193.0
2026-04-09,EI630,2026-04-09 18:40:00,2026-04-09 18:46:00,6.0,2026-04-09 18:45:00,2026-04-09 18:51:00,2026-04-09 19:01:00,2026-04-09 19:04:00,B9  A,77.0
2026-04-09,EI638,2026-04-10 05:45:00,2026-04-10 05:31:00,-14.0,2026-04-10 05:50:00,2026-04-10 05:36:00,2026-04-10 05:48:00,2026-04-10 05:52:00,B34 A,106.0
2026-04-09,EK181,2026-04-10 04:30:00,2026-04-10 04:56:00,26.0,2026-04-10 04:35:00,2026-04-10 05:01:00,2026-04-10 05:13:00,2026-04-10 05:44:00,B31 A,219.0
2026-04-09,EY57,2026-04-09 17:00:00,2026-04-09 17:36:00,36.0,2026-04-09 17:06:00,2026-04-09 17:42:00,2026-04-09 18:01:00,2026-04-09 18:24:00,B29 A,124.0
2026-04-09,FB407,2026-04-10 04:45:00,2026-04-10 05:00:00,15.0,2026-04-10 04:50:00,2026-04-10 05:05:00,2026-04-10 05:16:00,2026-04-10 05:30:00,A59 ,10.0
2026-04-09,FH8014,2026-04-10 00:20:00,2026-04-09 23:56:00,-24.0,2026-04-10 00:25:00,2026-04-10 00:01:00,2026-04-10 00:19:00,2026-04-10 00:24:00,B9  A,88.0
2026-04-09,FI554,2026-04-09 21:55:00,2026-04-09 22:36:00,41.0,2026-04-09 22:02:00,2026-04-09 22:43:00,2026-04-09 23:06:00,2026-04-09 23:11:00,A45 ,132.0
2026-04-09,GQ800,2026-04-09 22:05:00,2026-04-09 22:29:00,24.0,2026-04-09 22:17:00,2026-04-09 22:41:00,2026-04-09 22:53:00,2026-04-09 22:55:00,A43 ,47.0
2026-04-09,HV9034,2026-04-10 08:20:00,2026-04-10 08:12:00,-8.0,2026-04-10 08:26:00,2026-04-10 08:18:00,2026-04-10 08:40:00,2026-04-10 08:42:00,A47 ,66.0
2026-04-09,IB597,2026-04-09 20:25:00,2026-04-09 20:16:00,-9.0,2026-04-09 20:32:00,2026-04-09 20:23:00,2026-04-09 20:41:00,2026-04-09 20:47:00,A45 ,87.0
2026-04-09,IB601,2026-04-10 04:00:00,2026-04-10 03:44:00,-16.0,2026-04-10 04:05:00,2026-04-10 03:49:00,2026-04-10 04:09:00,2026-04-10 04:18:00,A67 ,151.0
2026-04-09,IB603,2026-04-10 07:30:00,2026-04-10 07:43:00,13.0,2026-04-10 07:37:00,2026-04-10 07:50:00,2026-04-10 08:07:00,2026-04-10 08:10:00,A51 ,81.0
2026-04-09,KM420,2026-04-10 04:15:00,2026-04-10 04:02:00,-13.0,2026-04-10 04:22:00,2026-04-10 04:09:00,2026-04-10 04:32:00,2026-04-10 04:35:00,A57 ,89.0
2026-04-09,LH1004,2026-04-09 16:45:00,2026-04-09 16:37:00,-8.0,2026-04-09 16:52:00,2026-04-09 16:44:00,2026-04-09 16:58:00,2026-04-09 17:00:00,A47 ,11.0
2026-04-09,LO231,2026-04-10 07:35:00,2026-04-10 07:15:00,-20.0,2026-04-10 07:42:00,2026-04-10 07:22:00,2026-04-10 07:34:00,2026-04-10 07:36:00,A53 ,24.0
2026-04-09,LO233,2026-04-10 03:40:00,2026-04-10 03:28:00,-12.0,2026-04-10 03:48:00,2026-04-10 03:36:00,2026-04-10 03:50:00,2026-04-10 03:51:00,A44 ,24.0
2026-04-09,LO237,2026-04-10 01:00:00,2026-04-10 00:42:00,-18.0,2026-04-10 01:05:00,2026-04-10 00:47:00,2026-04-10 01:05:00,2026-04-10 01:06:00,A43 ,29.0
2026-04-09,LX780,2026-04-09 23:15:00,2026-04-09 23:17:00,2.0,2026-04-09 23:20:00,2026-04-09 23:22:00,2026-04-09 23:45:00,2026-04-09 23:48:00,A47 ,73.0
2026-04-09,LX786,2026-04-09 17:50:00,2026-04-09 17:40:00,-10.0,2026-04-09 18:05:00,2026-04-09 17:55:00,2026-04-09 18:23:00,2026-04-09 18:25:00,A47 ,32.0
2026-04-09,LX788,2026-04-10 03:35:00,2026-04-10 03:40:00,5.0,2026-04-10 03:40:00,2026-04-10 03:45:00,2026-04-10 04:04:00,2026-04-10 04:07:00,A47 ,71.0
2026-04-09,MS725,2026-04-09 23:45:00,2026-04-10 00:02:00,17.0,2026-04-09 23:50:00,2026-04-10 00:07:00,2026-04-10 00:17:00,2026-04-10 00:34:00,B32 A,142.0
2026-04-09,OS291,2026-04-09 18:05:00,2026-04-09 17:50:00,-15.0,2026-04-09 18:10:00,2026-04-09 17:55:00,2026-04-09 18:11:00,2026-04-09 18:13:00,A51 ,12.0
2026-04-09,OS295,2026-04-10 01:45:00,2026-04-10 01:37:00,-8.0,2026-04-10 01:50:00,2026-04-10 01:42:00,2026-04-10 01:56:00,2026-04-10 01:59:00,A47 ,79.0
2026-04-09,OS297,2026-04-10 04:10:00,2026-04-10 06:06:00,116.0,2026-04-10 04:16:00,2026-04-10 06:12:00,2026-04-10 06:30:00,2026-04-10 06:33:00,A67 ,18.0
2026-04-09,OU4456,2026-04-10 04:50:00,2026-04-10 04:50:00,0.0,2026-04-10 04:57:00,2026-04-10 04:57:00,2026-04-10 05:07:00,2026-04-10 05:10:00,A53 ,8.0
2026-04-09,OU456,2026-04-09 17:40:00,2026-04-09 17:42:00,2.0,2026-04-09 17:48:00,2026-04-09 17:50:00,2026-04-09 18:08:00,2026-04-09 18:10:00,A54 ,3.0
2026-04-09,QS1000,2026-04-09 17:10:00,2026-04-09 16:58:00,-12.0,2026-04-09 17:17:00,2026-04-09 17:05:00,2026-04-09 17:23:00,2026-04-09 17:24:00,A56 ,2.0
2026-04-09,QS1002,2026-04-10 03:45:00,2026-04-10 03:25:00,-20.0,2026-04-10 03:50:00,2026-04-10 03:30:00,2026-04-10 03:41:00,2026-04-10 03:45:00,A61 ,21.0
2026-04-09,RJ141,2026-04-10 00:15:00,2026-04-10 00:24:00,9.0,2026-04-10 00:21:00,2026-04-10 00:30:00,2026-04-10 00:53:00,2026-04-10 00:58:00,B30 A,69.0
2026-04-09,RO373,2026-04-10 03:05:00,2026-04-10 03:31:00,26.0,2026-04-10 03:14:00,2026-04-10 03:40:00,2026-04-10 03:52:00,2026-04-10 03:54:00,A48 ,37.0
2026-04-09,SK1589,2026-04-10 03:15:00,2026-04-10 03:15:00,0.0,2026-04-10 03:20:00,2026-04-10 03:20:00,2026-04-10 03:39:00,2026-04-10 03:42:00,A59 ,78.0
2026-04-09,SK1593,2026-04-09 23:35:00,2026-04-09 23:25:00,-10.0,2026-04-09 23:42:00,2026-04-09 23:32:00,2026-04-09 23:44:00,2026-04-09 23:47:00,A49 ,54.0
2026-04-09,SK1595,2026-04-10 03:30:00,2026-04-10 03:22:00,-8.0,2026-04-10 03:35:00,2026-04-10 03:27:00,2026-04-10 03:43:00,2026-04-10 03:46:00,A45 ,29.0
2026-04-09,SK4743,2026-04-09 19:40:00,2026-04-09 19:24:00,-16.0,2026-04-09 19:46:00,2026-04-09 19:30:00,2026-04-09 19:58:00,2026-04-09 20:08:00,A47 ,84.0
2026-04-09,SK4745,2026-04-10 05:30:00,2026-04-10 05:21:00,-9.0,2026-04-10 05:36:00,2026-04-10 05:27:00,2026-04-10 05:46:00,2026-04-10 05:53:00,A43 ,93.0
2026-04-09,SK593,2026-04-09 18:40:00,2026-04-09 18:51:00,11.0,2026-04-09 18:47:00,2026-04-09 18:58:00,2026-04-09 19:12:00,2026-04-09 19:14:00,A45 ,23.0
2026-04-09,SK597,2026-04-10 04:50:00,2026-04-10 04:33:00,-17.0,2026-04-10 04:55:00,2026-04-10 04:38:00,2026-04-10 04:51:00,2026-04-10 04:54:00,A45 ,54.0
2026-04-09,SN1028,2026-04-10 04:05:00,2026-04-10 03:38:00,-27.0,2026-04-10 04:09:00,2026-04-10 03:42:00,2026-04-10 04:04:00,2026-04-10 04:10:00,A66 ,130.0
2026-04-09,SN204,2026-04-09 14:00:00,2026-04-09 13:50:00,-10.0,2026-04-09 14:06:00,2026-04-09 13:56:00,2026-04-09 14:13:00,2026-04-09 14:34:00,B28 A,97.0
2026-04-09,SN2064,2026-04-10 00:20:00,2026-04-10 00:06:00,-14.0,2026-04-10 00:24:00,2026-04-10 00:10:00,2026-04-10 00:22:00,2026-04-10 00:26:00,B40 A,38.0
2026-04-09,SN2096,2026-04-10 05:00:00,2026-04-10 05:09:00,9.0,2026-04-10 05:05:00,2026-04-10 05:14:00,2026-04-10 05:32:00,2026-04-10 05:34:00,B36 A,40.0
2026-04-09,SN2104,2026-04-09 17:55:00,2026-04-09 17:46:00,-9.0,2026-04-09 17:59:00,2026-04-09 17:50:00,2026-04-09 18:08:00,2026-04-09 18:14:00,B7  A,6.0
2026-04-09,SN2258,2026-04-09 22:25:00,2026-04-09 22:14:00,-11.0,2026-04-09 22:28:00,2026-04-09 22:17:00,2026-04-09 22:28:00,2026-04-09 22:29:00,A40 ,12.0
2026-04-09,SN2260,2026-04-10 04:45:00,2026-04-10 04:21:00,-24.0,2026-04-10 04:53:00,2026-04-10 04:29:00,2026-04-10 04:47:00,2026-04-10 04:50:00,A50 ,30.0
2026-04-09,SN2284,2026-04-10 05:05:00,2026-04-10 04:42:00,-23.0,2026-04-10 05:13:00,2026-04-10 04:50:00,2026-04-10 05:02:00,2026-04-10 05:04:00,A58 ,24.0
2026-04-09,SN2288,2026-04-09 17:45:00,2026-04-09 17:44:00,-1.0,2026-04-09 17:54:00,2026-04-09 17:53:00,2026-04-09 18:09:00,2026-04-09 18:11:00,A59 ,14.0
2026-04-09,SN2292,2026-04-10 00:05:00,2026-04-10 00:05:00,0.0,2026-04-10 00:08:00,2026-04-10 00:08:00,2026-04-10 00:20:00,2026-04-10 00:22:00,A40 ,18.0
2026-04-09,SN2298,2026-04-09 17:45:00,2026-04-09 17:35:00,-10.0,2026-04-09 17:49:00,2026-04-09 17:39:00,2026-04-09 17:46:00,2026-04-09 17:47:00,A46 ,1.0
2026-04-09,SN2318,2026-04-10 05:00:00,2026-04-10 04:40:00,-20.0,2026-04-10 05:08:00,2026-04-10 04:48:00,2026-04-10 05:00:00,2026-04-10 05:01:00,A68 ,9.0
2026-04-09,SN241,2026-04-09 14:50:00,2026-04-09 15:13:00,23.0,2026-04-09 14:54:00,2026-04-09 15:17:00,2026-04-09 15:59:00,2026-04-09 16:14:00,B31 A,22.0
2026-04-09,SN2556,2026-04-10 05:10:00,2026-04-10 04:53:00,-17.0,2026-04-10 05:14:00,2026-04-10 04:57:00,2026-04-10 05:23:00,2026-04-10 05:26:00,A65 ,50.0
2026-04-09,SN256,2026-04-09 14:10:00,2026-04-09 15:15:00,65.0,2026-04-09 14:14:00,2026-04-09 15:19:00,2026-04-09 15:32:00,2026-04-09 15:57:00,B37 A,73.0
2026-04-09,SN2582,2026-04-09 22:05:00,2026-04-09 21:53:00,-12.0,2026-04-09 22:08:00,2026-04-09 21:56:00,2026-04-09 22:16:00,2026-04-09 22:18:00,A54 ,32.0
2026-04-09,SN2588,2026-04-10 05:10:00,2026-04-10 05:03:00,-7.0,2026-04-10 05:18:00,2026-04-10 05:11:00,2026-04-10 05:34:00,2026-04-10 05:36:00,A42 ,21.0
2026-04-09,SN2592,2026-04-09 17:20:00,2026-04-09 17:10:00,-10.0,2026-04-09 17:24:00,2026-04-09 17:14:00,2026-04-09 17:30:00,2026-04-09 17:31:00,A44 ,7.0
2026-04-09,SN2608,2026-04-09 19:10:00,2026-04-09 19:06:00,-4.0,2026-04-09 19:14:00,2026-04-09 19:10:00,2026-04-09 19:42:00,2026-04-09 19:47:00,A53 ,27.0
2026-04-09,SN2610,2026-04-09 21:45:00,2026-04-09 21:38:00,-7.0,2026-04-09 21:48:00,2026-04-09 21:41:00,2026-04-09 21:55:00,2026-04-09 21:57:00,A46 ,33.0
2026-04-09,SN2612,2026-04-09 22:40:00,2026-04-09 22:19:00,-21.0,2026-04-09 22:45:00,2026-04-09 22:24:00,2026-04-09 22:37:00,2026-04-09 22:40:00,A58 ,30.0
2026-04-09,SN2614,2026-04-10 02:30:00,2026-04-10 02:19:00,-11.0,2026-04-10 02:36:00,2026-04-10 02:25:00,2026-04-10 02:46:00,2026-04-10 02:48:00,A64 ,13.0
2026-04-09,SN2618,2026-04-10 07:35:00,2026-04-10 07:23:00,-12.0,2026-04-10 07:39:00,2026-04-10 07:27:00,2026-04-10 07:45:00,2026-04-10 07:46:00,A52 ,19.0
2026-04-09,SN2624,2026-04-09 21:50:00,2026-04-09 21:35:00,-15.0,2026-04-09 21:53:00,2026-04-09 21:38:00,2026-04-09 21:49:00,2026-04-09 21:54:00,A48 ,17.0
2026-04-09,SN2630,2026-04-09 17:15:00,2026-04-09 17:00:00,-15.0,2026-04-09 17:20:00,2026-04-09 17:05:00,2026-04-09 17:23:00,2026-04-09 17:26:00,A43 ,5.0
2026-04-09,SN2644,2026-04-09 22:10:00,2026-04-09 21:55:00,-15.0,2026-04-09 22:16:00,2026-04-09 22:01:00,2026-04-09 22:26:00,2026-04-09 22:28:00,A47 ,34.0
2026-04-09,SN2646,2026-04-10 01:15:00,2026-04-10 01:43:00,28.0,2026-04-10 01:22:00,2026-04-10 01:50:00,2026-04-10 01:59:00,2026-04-10 02:00:00,A50 ,11.0
2026-04-09,SN2650,2026-04-10 04:55:00,2026-04-10 04:46:00,-9.0,2026-04-10 05:04:00,2026-04-10 04:55:00,2026-04-10 05:11:00,2026-04-10 05:12:00,A48 ,41.0
2026-04-09,SN2652,2026-04-10 08:10:00,2026-04-10 08:04:00,-6.0,2026-04-10 08:16:00,2026-04-10 08:10:00,2026-04-10 08:25:00,2026-04-10 08:27:00,A62 ,22.0
2026-04-09,SN2714,2026-04-09 21:45:00,2026-04-09 21:48:00,3.0,2026-04-09 21:49:00,2026-04-09 21:52:00,2026-04-09 22:12:00,2026-04-09 22:15:00,A42 ,49.0
2026-04-09,SN2722,2026-04-10 03:30:00,2026-04-10 03:32:00,2.0,2026-04-10 03:38:00,2026-04-10 03:40:00,2026-04-10 04:10:00,2026-04-10 04:12:00,A62 ,46.0
2026-04-09,SN2724,2026-04-10 07:30:00,2026-04-10 07:26:00,-4.0,2026-04-10 07:36:00,2026-04-10 07:32:00,2026-04-10 07:53:00,2026-04-10 07:59:00,A55 ,57.0
2026-04-09,SN2726,2026-04-09 17:20:00,2026-04-09 17:15:00,-5.0,2026-04-09 17:23:00,2026-04-09 17:18:00,2026-04-09 17:36:00,2026-04-09 17:42:00,A42 ,14.0
2026-04-09,SN2730,2026-04-09 19:15:00,2026-04-09 19:04:00,-11.0,2026-04-09 19:23:00,2026-04-09 19:12:00,2026-04-09 19:34:00,2026-04-09 19:37:00,A44 ,39.0
2026-04-09,SN2732,2026-04-10 06:30:00,2026-04-10 06:14:00,-16.0,2026-04-10 06:36:00,2026-04-10 06:20:00,2026-04-10 06:30:00,2026-04-10 06:34:00,A59 ,43.0
2026-04-09,SN2810,2026-04-09 22:20:00,2026-04-09 22:03:00,-17.0,2026-04-09 22:24:00,2026-04-09 22:07:00,2026-04-09 22:25:00,2026-04-09 22:27:00,A56 ,12.0
2026-04-09,SN2812,2026-04-10 05:15:00,2026-04-10 05:05:00,-10.0,2026-04-10 05:22:00,2026-04-10 05:12:00,2026-04-10 05:31:00,2026-04-10 05:32:00,A60 ,18.0
2026-04-09,SN2816,2026-04-09 17:20:00,2026-04-09 17:01:00,-19.0,2026-04-09 17:23:00,2026-04-09 17:04:00,2026-04-09 17:17:00,2026-04-09 17:18:00,A50 ,2.0
2026-04-09,SN2830,2026-04-09 17:35:00,2026-04-09 17:39:00,4.0,2026-04-09 17:40:00,2026-04-09 17:44:00,2026-04-09 17:51:00,2026-04-09 17:52:00,A55 ,8.0
2026-04-09,SN2902,2026-04-09 20:05:00,2026-04-09 19:54:00,-11.0,2026-04-09 20:16:00,2026-04-09 20:05:00,2026-04-09 20:21:00,2026-04-09 20:23:00,A46 ,31.0
2026-04-09,SN2906,2026-04-10 04:55:00,2026-04-10 04:43:00,-12.0,2026-04-10 05:01:00,2026-04-10 04:49:00,2026-04-10 05:19:00,2026-04-10 05:23:00,A49 ,80.0
2026-04-09,SN3126,2026-04-10 03:00:00,2026-04-10 03:02:00,2.0,2026-04-10 03:06:00,2026-04-10 03:08:00,2026-04-10 03:20:00,2026-04-10 03:27:00,A68 ,26.0
2026-04-09,SN3132,2026-04-10 02:40:00,2026-04-10 02:44:00,4.0,2026-04-10 02:46:00,2026-04-10 02:50:00,2026-04-10 03:20:00,2026-04-10 03:27:00,A58 ,145.0
2026-04-09,SN3140,2026-04-09 22:40:00,2026-04-09 22:32:00,-8.0,2026-04-09 22:44:00,2026-04-09 22:36:00,2026-04-09 22:48:00,2026-04-09 22:54:00,A64 ,24.0
2026-04-09,SN3146,2026-04-09 20:00:00,2026-04-09 19:48:00,-12.0,2026-04-09 20:07:00,2026-04-09 19:55:00,2026-04-09 20:10:00,2026-04-09 20:12:00,A50 ,16.0
2026-04-09,SN3148,2026-04-09 23:45:00,2026-04-09 23:30:00,-15.0,2026-04-09 23:51:00,2026-04-09 23:36:00,2026-04-09 23:48:00,2026-04-09 23:49:00,A58 ,26.0
2026-04-09,SN3150,2026-04-10 05:20:00,2026-04-10 05:19:00,-1.0,2026-04-10 05:27:00,2026-04-10 05:26:00,2026-04-10 05:47:00,2026-04-10 05:50:00,A44 ,45.0
2026-04-09,SN3154,2026-04-09 19:10:00,2026-04-09 18:53:00,-17.0,2026-04-09 19:20:00,2026-04-09 19:03:00,2026-04-09 19:21:00,2026-04-09 19:23:00,A42 ,7.0
2026-04-09,SN3170,2026-04-10 00:20:00,2026-04-10 00:15:00,-5.0,2026-04-10 00:27:00,2026-04-10 00:22:00,2026-04-10 00:46:00,2026-04-10 00:50:00,A46 ,109.0
2026-04-09,SN3176,2026-04-09 21:25:00,2026-04-09 21:40:00,15.0,2026-04-09 21:28:00,2026-04-09 21:43:00,2026-04-09 22:06:00,2026-04-09 22:08:00,A44 ,81.0
2026-04-09,SN3182,2026-04-10 05:20:00,2026-04-10 05:13:00,-7.0,2026-04-10 05:24:00,2026-04-10 05:17:00,2026-04-10 05:40:00,2026-04-10 05:45:00,A61 ,93.0
2026-04-09,SN3184,2026-04-10 08:15:00,2026-04-10 08:40:00,25.0,2026-04-10 08:18:00,2026-04-10 08:43:00,2026-04-10 10:12:00,2026-04-10 10:16:00,A42 ,77.0
2026-04-09,SN3202,2026-04-09 23:20:00,2026-04-09 23:15:00,-5.0,2026-04-09 23:27:00,2026-04-09 23:22:00,2026-04-09 23:44:00,2026-04-09 23:47:00,A62 ,76.0
2026-04-09,SN3208,2026-04-09 17:40:00,2026-04-09 17:33:00,-7.0,2026-04-09 17:43:00,2026-04-09 17:36:00,2026-04-09 17:54:00,2026-04-09 17:56:00,A40 ,4.0
2026-04-09,SN3246,2026-04-10 02:50:00,2026-04-10 03:13:00,23.0,2026-04-10 02:56:00,2026-04-10 03:19:00,2026-04-10 03:44:00,2026-04-10 03:47:00,A46 ,91.0
2026-04-09,SN3326,2026-04-09 11:20:00,2026-04-09 11:37:00,17.0,2026-04-09 11:24:00,2026-04-09 11:41:00,2026-04-09 12:06:00,2026-04-09 12:12:00,B14 A,111.0
2026-04-09,SN3344,2026-04-10 05:15:00,2026-04-10 05:08:00,-7.0,2026-04-10 05:21:00,2026-04-10 05:14:00,2026-04-10 05:39:00,2026-04-10 05:41:00,A64 ,16.0
2026-04-09,SN3588,2026-04-09 23:35:00,2026-04-09 23:24:00,-11.0,2026-04-09 23:41:00,2026-04-09 23:30:00,2026-04-09 23:59:00,2026-04-10 00:01:00,A44 ,24.0
2026-04-09,SN3594,2026-04-09 17:30:00,2026-04-09 17:22:00,-8.0,2026-04-09 17:34:00,2026-04-09 17:26:00,2026-04-09 17:44:00,2026-04-09 17:51:00,A45 ,1.0
2026-04-09,SN3598,2026-04-10 00:15:00,2026-04-10 00:11:00,-4.0,2026-04-10 00:20:00,2026-04-10 00:16:00,2026-04-10 00:31:00,2026-04-10 00:33:00,A45 ,41.0
2026-04-09,SN3604,2026-04-09 17:25:00,2026-04-09 17:27:00,2.0,2026-04-09 17:30:00,2026-04-09 17:32:00,2026-04-09 17:51:00,2026-04-09 17:54:00,A48 ,7.0
2026-04-09,SN3622,2026-04-10 03:10:00,2026-04-10 03:18:00,8.0,2026-04-10 03:15:00,2026-04-10 03:23:00,2026-04-10 03:38:00,2026-04-10 03:41:00,A55 ,61.0
2026-04-09,SN3632,2026-04-09 18:30:00,2026-04-09 18:13:00,-17.0,2026-04-09 18:48:00,2026-04-09 18:31:00,2026-04-09 18:49:00,2026-04-09 19:03:00,A57 ,8.0
2026-04-09,SN3634,2026-04-09 19:55:00,2026-04-09 19:36:00,-19.0,2026-04-09 20:01:00,2026-04-09 19:42:00,2026-04-09 20:13:00,2026-04-09 20:14:00,A54 ,5.0
2026-04-09,SN3668,2026-04-09 22:50:00,2026-04-09 22:38:00,-12.0,2026-04-09 22:54:00,2026-04-09 22:42:00,2026-04-09 22:59:00,2026-04-09 23:00:00,A60 ,28.0
2026-04-09,SN369,2026-04-09 14:05:00,2026-04-09 14:12:00,7.0,2026-04-09 14:12:00,2026-04-09 14:19:00,2026-04-09 14:39:00,2026-04-09 15:24:00,B14 A,96.0
2026-04-09,SN3698,2026-04-09 23:30:00,2026-04-09 23:51:00,21.0,2026-04-09 23:33:00,2026-04-09 23:54:00,2026-04-10 00:24:00,2026-04-10 00:28:00,A42 ,46.0
2026-04-09,SN3704,2026-04-10 02:15:00,2026-04-10 02:20:00,5.0,2026-04-10 02:22:00,2026-04-10 02:27:00,2026-04-10 02:51:00,2026-04-10 02:54:00,A44 ,62.0
2026-04-09,SN3706,2026-04-10 08:25:00,2026-04-10 08:43:00,18.0,2026-04-10 08:29:00,2026-04-10 08:47:00,2026-04-10 10:12:00,2026-04-10 10:16:00,A54 ,47.0
2026-04-09,SN3712,2026-04-10 03:40:00,2026-04-10 03:27:00,-13.0,2026-04-10 03:47:00,2026-04-10 03:34:00,2026-04-10 03:52:00,2026-04-10 03:55:00,A52 ,50.0
2026-04-09,SN3722,2026-04-09 23:55:00,2026-04-10 00:17:00,22.0,2026-04-10 00:02:00,2026-04-10 00:24:00,2026-04-10 00:53:00,2026-04-10 00:55:00,A52 ,71.0
2026-04-09,SN3728,2026-04-10 04:55:00,2026-04-10 04:49:00,-6.0,2026-04-10 05:00:00,2026-04-10 04:54:00,2026-04-10 05:20:00,2026-04-10 05:23:00,A51 ,43.0
2026-04-09,SN3730,2026-04-10 08:10:00,2026-04-10 08:30:00,20.0,2026-04-10 08:15:00,2026-04-10 08:35:00,2026-04-10 08:46:00,2026-04-10 08:47:00,A56 ,42.0
2026-04-09,SN3732,2026-04-09 17:35:00,2026-04-09 17:31:00,-4.0,2026-04-09 17:40:00,2026-04-09 17:36:00,2026-04-09 17:54:00,2026-04-09 17:57:00,A53 ,5.0
2026-04-09,SN3734,2026-04-09 21:50:00,2026-04-09 21:42:00,-8.0,2026-04-09 21:54:00,2026-04-09 21:46:00,2026-04-09 22:10:00,2026-04-09 22:12:00,A52 ,35.0
2026-04-09,SN3736,2026-04-10 03:25:00,2026-04-10 03:24:00,-1.0,2026-04-10 03:29:00,2026-04-10 03:28:00,2026-04-10 03:50:00,2026-04-10 03:52:00,A42 ,61.0
2026-04-09,SN3738,2026-04-10 08:10:00,2026-04-10 10:14:00,124.0,2026-04-10 08:14:00,2026-04-10 10:18:00,2026-04-10 10:49:00,2026-04-10 10:54:00,A64 ,113.0
2026-04-09,SN3752,2026-04-10 04:20:00,2026-04-10 04:15:00,-5.0,2026-04-10 04:26:00,2026-04-10 04:21:00,2026-04-10 04:49:00,2026-04-10 04:52:00,A70 ,101.0
2026-04-09,SN3772,2026-04-09 20:30:00,2026-04-09 20:21:00,-9.0,2026-04-09 20:37:00,2026-04-09 20:28:00,2026-04-09 20:53:00,2026-04-09 20:58:00,A40 ,109.0
2026-04-09,SN3774,2026-04-10 02:55:00,2026-04-10 02:53:00,-2.0,2026-04-10 03:02:00,2026-04-10 03:00:00,2026-04-10 03:19:00,2026-04-10 03:22:00,A40 ,55.0
2026-04-09,SN3782,2026-04-10 08:30:00,2026-04-10 08:51:00,21.0,2026-04-10 09:41:00,2026-04-10 10:02:00,2026-04-10 10:28:00,2026-04-10 10:41:00,A40 ,138.0
2026-04-09,SN3802,2026-04-10 01:00:00,2026-04-10 01:17:00,17.0,2026-04-10 01:07:00,2026-04-10 01:24:00,2026-04-10 01:56:00,2026-04-10 01:59:00,A42 ,84.0
2026-04-09,SN3810,2026-04-10 06:50:00,2026-04-10 06:38:00,-12.0,2026-04-10 06:56:00,2026-04-10 06:44:00,2026-04-10 07:08:00,2026-04-10 07:10:00,A48 ,55.0
2026-04-09,SN3812,2026-04-10 01:15:00,2026-04-10 01:54:00,39.0,2026-04-10 01:22:00,2026-04-10 02:01:00,2026-04-10 02:28:00,2026-04-10 02:32:00,A56 ,75.0
2026-04-09,SN3820,2026-04-10 08:40:00,2026-04-10 10:43:00,123.0,2026-04-10 08:45:00,2026-04-10 10:48:00,2026-04-10 11:16:00,2026-04-10 11:19:00,A46 ,84.0
2026-04-09,SN502,2026-04-09 16:40:00,2026-04-09 15:27:00,-73.0,2026-04-09 16:48:00,2026-04-09 15:35:00,2026-04-09 15:46:00,2026-04-09 16:09:00,B11 A,92.0
2026-04-09,SQ304,2026-04-09 16:25:00,2026-04-09 16:43:00,18.0,2026-04-09 16:31:00,2026-04-09 16:49:00,2026-04-09 17:07:00,2026-04-09 18:05:00,B17 A,250.0
2026-04-09,TB1012,2026-04-09 21:30:00,2026-04-09 21:15:00,-15.0,2026-04-09 21:36:00,2026-04-09 21:21:00,2026-04-09 21:41:00,2026-04-09 21:45:00,A53 ,77.0
2026-04-09,TB1014,2026-04-10 05:55:00,2026-04-10 06:11:00,16.0,2026-04-10 06:01:00,2026-04-10 06:17:00,2026-04-10 06:42:00,2026-04-10 06:46:00,A63 ,116.0
2026-04-09,TB1112,2026-04-09 21:00:00,2026-04-09 21:05:00,5.0,2026-04-09 21:06:00,2026-04-09 21:11:00,2026-04-09 21:24:00,2026-04-09 21:27:00,A57 ,75.0
2026-04-09,TB1114,2026-04-10 06:20:00,2026-04-10 06:25:00,5.0,2026-04-10 06:25:00,2026-04-10 06:30:00,2026-04-10 06:49:00,2026-04-10 06:52:00,A57 ,84.0
2026-04-09,TB1242,2026-04-10 06:20:00,2026-04-10 06:28:00,8.0,2026-04-10 06:24:00,2026-04-10 06:32:00,2026-04-10 06:42:00,2026-04-10 06:43:00,A69 ,17.0
2026-04-09,TB1417,2026-04-09 22:15:00,2026-04-09 22:05:00,-10.0,2026-04-09 22:21:00,2026-04-09 22:11:00,2026-04-09 22:25:00,2026-04-09 22:27:00,A51 ,41.0
2026-04-09,TB1552,2026-04-10 00:45:00,2026-04-10 00:28:00,-17.0,2026-04-10 00:50:00,2026-04-10 00:33:00,2026-04-10 00:52:00,2026-04-10 01:00:00,A61 ,132.0
2026-04-09,TB1752,2026-04-10 00:45:00,2026-04-10 00:25:00,-20.0,2026-04-10 00:50:00,2026-04-10 00:30:00,2026-04-10 00:51:00,2026-04-10 01:05:00,A57 ,134.0
2026-04-09,TB2524,2026-04-10 08:30:00,2026-04-10 08:24:00,-6.0,2026-04-10 08:38:00,2026-04-10 08:32:00,2026-04-10 08:57:00,2026-04-10 10:06:00,B38 A,196.0
2026-04-09,TB2534,2026-04-10 07:00:00,2026-04-10 07:00:00,0.0,2026-04-10 07:06:00,2026-04-10 07:06:00,2026-04-10 07:29:00,2026-04-10 07:35:00,B30 A,142.0
2026-04-09,TB2612,2026-04-09 13:10:00,2026-04-09 12:53:00,-17.0,2026-04-09 13:14:00,2026-04-09 12:57:00,2026-04-09 13:09:00,2026-04-09 13:12:00,B29 A,77.0
2026-04-09,TB2654,2026-04-10 06:10:00,2026-04-10 06:09:00,-1.0,2026-04-10 06:15:00,2026-04-10 06:14:00,2026-04-10 06:34:00,2026-04-10 06:40:00,B27 A,198.0
2026-04-09,TB2662,2026-04-09 13:20:00,2026-04-09 13:11:00,-9.0,2026-04-09 13:25:00,2026-04-09 13:16:00,2026-04-09 13:31:00,2026-04-09 13:36:00,B9  A,89.0
2026-04-09,TB2664,2026-04-10 06:55:00,2026-04-10 07:02:00,7.0,2026-04-10 06:59:00,2026-04-10 07:06:00,2026-04-10 07:24:00,2026-04-10 07:33:00,B5  A,154.0
2026-04-09,TG934,2026-04-09 16:15:00,2026-04-09 16:55:00,40.0,2026-04-09 16:22:00,2026-04-09 17:02:00,2026-04-09 17:31:00,2026-04-09 18:28:00,B11 A,257.0
2026-04-09,TK1937,2026-04-09 19:10:00,2026-04-09 19:02:00,-8.0,2026-04-09 19:18:00,2026-04-09 19:10:00,2026-04-09 19:25:00,2026-04-09 19:42:00,B28 A,167.0
2026-04-09,TK1939,2026-04-10 02:30:00,2026-04-10 02:22:00,-8.0,2026-04-10 02:37:00,2026-04-10 02:29:00,2026-04-10 02:50:00,2026-04-10 03:14:00,B28 A,187.0
2026-04-09,TK1941,2026-04-10 06:25:00,2026-04-10 06:41:00,16.0,2026-04-10 06:32:00,2026-04-10 06:48:00,2026-04-10 06:56:00,2026-04-10 07:07:00,B7  A,113.0
2026-04-09,TK1943,2026-04-09 22:25:00,2026-04-09 22:24:00,-1.0,2026-04-09 22:30:00,2026-04-09 22:29:00,2026-04-09 22:47:00,2026-04-09 23:07:00,B40 A,114.0
2026-04-09,TP640,2026-04-09 20:00:00,2026-04-09 19:58:00,-2.0,2026-04-09 20:07:00,2026-04-09 20:05:00,2026-04-09 20:20:00,2026-04-09 20:24:00,A43 ,59.0
2026-04-09,TP642,2026-04-10 00:05:00,2026-04-10 00:40:00,35.0,2026-04-10 00:10:00,2026-04-10 00:45:00,2026-04-10 01:01:00,2026-04-10 01:08:00,A53 ,127.0
2026-04-09,TP644,2026-04-10 05:05:00,2026-04-10 04:58:00,-7.0,2026-04-10 05:12:00,2026-04-10 05:05:00,2026-04-10 05:23:00,2026-04-10 05:31:00,A47 ,56.0
2026-04-09,TP646,2026-04-10 08:55:00,2026-04-10 08:47:00,-8.0,2026-04-10 08:58:00,2026-04-10 08:50:00,2026-04-10 10:28:00,2026-04-10 10:30:00,A44 ,65.0
2026-04-09,TU954,2026-04-09 20:25:00,2026-04-09 20:48:00,23.0,2026-04-09 20:29:00,2026-04-09 20:52:00,2026-04-09 21:10:00,2026-04-09 21:16:00,B9  A,108.0
2026-04-09,UA950,2026-04-09 16:15:00,2026-04-09 16:03:00,-12.0,2026-04-09 16:21:00,2026-04-09 16:09:00,2026-04-09 16:28:00,2026-04-09 16:50:00,B38 A,114.0
2026-04-09,UA972,2026-04-09 18:00:00,2026-04-09 18:25:00,25.0,2026-04-09 18:06:00,2026-04-09 18:31:00,2026-04-09 18:43:00,2026-04-09 19:09:00,B38 A,93.0
2026-04-09,UA994,2026-04-09 16:45:00,2026-04-09 16:28:00,-17.0,2026-04-09 16:51:00,2026-04-09 16:34:00,2026-04-09 16:53:00,2026-04-09 17:20:00,B40 A,145.0
2026-04-09,UX1171,2026-04-09 18:45:00,2026-04-09 18:30:00,-15.0,2026-04-09 18:54:00,2026-04-09 18:39:00,2026-04-09 19:04:00,2026-04-09 19:08:00,A60 ,78.0
2026-04-09,UX1173,2026-04-10 02:40:00,2026-04-10 02:25:00,-15.0,2026-04-10 02:44:00,2026-04-10 02:29:00,2026-04-10 02:51:00,2026-04-10 02:55:00,A51 ,94.0
2026-04-09,VF65,2026-04-09 20:15:00,2026-04-09 21:19:00,64.0,2026-04-09 20:21:00,2026-04-09 21:25:00,2026-04-09 21:46:00,2026-04-09 21:50:00,B34 A,125.0
2026-04-09,VF67,2026-04-10 01:10:00,2026-04-10 01:23:00,13.0,2026-04-10 01:15:00,2026-04-10 01:28:00,2026-04-10 01:46:00,2026-04-10 01:56:00,B11 A,143.0
2026-04-09,VY2150,2026-04-09 19:25:00,2026-04-09 19:07:00,-18.0,2026-04-09 19:30:00,2026-04-09 19:12:00,2026-04-09 19:34:00,2026-04-09 19:36:00,A51 ,28.0
2026-04-09,VY6814,2026-04-09 23:40:00,2026-04-09 23:31:00,-9.0,2026-04-09 23:48:00,2026-04-09 23:39:00,2026-04-09 23:49:00,2026-04-09 23:51:00,A56 ,27.0
2026-04-09,VY8978,2026-04-09 19:00:00,2026-04-09 18:41:00,-19.0,2026-04-09 19:07:00,2026-04-09 18:48:00,2026-04-09 19:06:00,2026-04-09 19:08:00,A58 ,34.0
2026-04-09,VY8980,2026-04-09 18:45:00,2026-04-09 18:21:00,-24.0,2026-04-09 19:01:00,2026-04-09 18:37:00,2026-04-09 18:48:00,2026-04-09 18:49:00,A54 ,47.0
2026-04-09,VY8982,2026-04-10 02:25:00,2026-04-10 02:12:00,-13.0,2026-04-10 02:31:00,2026-04-10 02:18:00,2026-04-10 02:30:00,2026-04-10 02:31:00,A45 ,35.0
2026-04-09,VY8984,2026-04-10 05:50:00,2026-04-10 05:44:00,-6.0,2026-04-10 05:55:00,2026-04-10 05:49:00,2026-04-10 06:01:00,2026-04-10 06:03:00,A45 ,53.0
2026-04-09,VY8986,2026-04-09 23:30:00,2026-04-09 23:22:00,-8.0,2026-04-09 23:34:00,2026-04-09 23:26:00,2026-04-09 23:37:00,2026-04-09 23:39:00,A67 ,45.0
2026-04-09,XC5016,2026-04-09 23:35:00,2026-04-09 23:37:00,2.0,2026-04-09 23:48:00,2026-04-09 23:50:00,2026-04-10 00:11:00,2026-04-10 00:25:00,B29 A,176.0
2026-04-10,AC832,2026-04-10 17:10:00,2026-04-10 16:20:00,-50.0,2026-04-10 17:17:00,2026-04-10 16:27:00,2026-04-10 16:45:00,2026-04-10 17:14:00,B28 A,159.0
2026-04-10,AY1541,2026-04-10 19:20:00,2026-04-10 19:05:00,-15.0,2026-04-10 19:26:00,2026-04-10 19:11:00,2026-04-10 19:34:00,2026-04-10 19:51:00,A45 ,126.0
2026-04-10,AY1545,2026-04-11 04:20:00,2026-04-11 04:08:00,-12.0,2026-04-11 04:25:00,2026-04-11 04:13:00,2026-04-11 04:29:00,2026-04-11 04:34:00,A62 ,80.0
2026-04-10,AZ148,2026-04-10 18:35:00,2026-04-10 18:15:00,-20.0,2026-04-10 18:40:00,2026-04-10 18:20:00,2026-04-10 18:31:00,2026-04-10 18:32:00,A47 ,3.0
2026-04-10,AZ154,2026-04-11 05:05:00,2026-04-11 04:58:00,-7.0,2026-04-11 05:10:00,2026-04-11 05:03:00,2026-04-11 05:20:00,2026-04-11 05:24:00,A70 ,49.0
2026-04-10,AZ156,2026-04-10 20:45:00,2026-04-10 20:44:00,-1.0,2026-04-10 20:52:00,2026-04-10 20:51:00,2026-04-10 21:08:00,2026-04-10 21:17:00,A49 ,125.0
2026-04-10,BA384,2026-04-10 19:55:00,2026-04-10 19:34:00,-21.0,2026-04-10 20:00:00,2026-04-10 19:39:00,2026-04-10 20:03:00,2026-04-10 20:07:00,B27 A,36.0
2026-04-10,BA386,2026-04-11 02:10:00,2026-04-11 01:54:00,-16.0,2026-04-11 02:15:00,2026-04-11 01:59:00,2026-04-11 02:15:00,2026-04-11 02:21:00,B14 A,98.0
2026-04-10,BA390,2026-04-11 06:40:00,2026-04-11 06:24:00,-16.0,2026-04-11 06:45:00,2026-04-11 06:29:00,2026-04-11 07:37:00,2026-04-11 07:50:00,B15 A,77.0
2026-04-10,BT601,2026-04-10 18:55:00,2026-04-10 19:01:00,6.0,2026-04-10 19:00:00,2026-04-10 19:06:00,2026-04-10 19:25:00,2026-04-10 19:27:00,A59 ,41.0
2026-04-10,BT603,2026-04-11 04:30:00,2026-04-11 04:23:00,-7.0,2026-04-11 04:34:00,2026-04-11 04:27:00,2026-04-11 04:41:00,2026-04-11 04:44:00,A64 ,20.0
2026-04-10,BT851,2026-04-11 06:00:00,2026-04-11 06:08:00,8.0,2026-04-11 06:04:00,2026-04-11 06:12:00,2026-04-11 06:24:00,2026-04-11 06:26:00,A61 ,26.0
2026-04-10,DN403,2026-04-10 23:30:00,2026-04-11 00:13:00,43.0,2026-04-10 23:34:00,2026-04-11 00:17:00,2026-04-11 00:27:00,2026-04-11 00:28:00,A59 ,21.0
2026-04-10,EI630,2026-04-10 19:40:00,2026-04-10 19:29:00,-11.0,2026-04-10 19:45:00,2026-04-10 19:34:00,2026-04-10 19:55:00,2026-04-10 20:00:00,B30 A,93.0
2026-04-10,EI638,2026-04-11 06:45:00,2026-04-11 06:35:00,-10.0,2026-04-11 06:49:00,2026-04-11 06:39:00,2026-04-11 06:54:00,2026-04-11 06:59:00,B9  A,100.0
2026-04-10,EK181,2026-04-11 05:30:00,2026-04-11 05:44:00,14.0,2026-04-11 05:35:00,2026-04-11 05:49:00,2026-04-11 06:02:00,2026-04-11 06:30:00,B31 A,219.0
2026-04-10,ET750,2026-04-10 17:05:00,2026-04-10 17:44:00,39.0,2026-04-10 17:11:00,2026-04-10 17:50:00,2026-04-10 18:08:00,2026-04-10 18:45:00,B29 A,363.0
2026-04-10,EY57,2026-04-10 18:00:00,2026-04-10 18:36:00,36.0,2026-04-10 18:06:00,2026-04-10 18:42:00,2026-04-10 18:56:00,2026-04-10 19:28:00,B5  A,200.0
2026-04-10,FB407,2026-04-11 05:45:00,2026-04-11 06:26:00,41.0,2026-04-11 05:51:00,2026-04-11 06:32:00,2026-04-11 06:55:00,2026-04-11 06:58:00,A51 ,68.0
2026-04-10,FH8014,2026-04-11 01:15:00,2026-04-11 01:05:00,-10.0,2026-04-11 01:20:00,2026-04-11 01:10:00,2026-04-11 01:27:00,2026-04-11 01:31:00,B7  A,104.0
2026-04-10,FI554,2026-04-10 22:55:00,2026-04-10 22:55:00,0.0,2026-04-10 23:01:00,2026-04-10 23:01:00,2026-04-10 23:24:00,2026-04-10 23:29:00,A43 ,102.0
2026-04-10,GQ800,2026-04-10 23:05:00,2026-04-10 23:49:00,44.0,2026-04-10 23:10:00,2026-04-10 23:54:00,2026-04-11 00:08:00,2026-04-11 00:11:00,A69 ,75.0
2026-04-10,IB1299,2026-04-11 00:45:00,2026-04-11 00:36:00,-9.0,2026-04-11 00:50:00,2026-04-11 00:41:00,2026-04-11 01:01:00,2026-04-11 01:06:00,A63 ,46.0
2026-04-10,IB597,2026-04-10 21:25:00,2026-04-10 21:19:00,-6.0,2026-04-10 21:35:00,2026-04-10 21:29:00,2026-04-10 21:49:00,2026-04-10 21:53:00,A54 ,90.0
2026-04-10,IB601,2026-04-11 05:00:00,2026-04-11 04:44:00,-16.0,2026-04-11 05:06:00,2026-04-11 04:50:00,2026-04-11 05:10:00,2026-04-11 05:16:00,A57 ,97.0
2026-04-10,IB603,2026-04-11 08:30:00,2026-04-11 08:31:00,1.0,2026-04-11 08:34:00,2026-04-11 08:35:00,2026-04-11 08:54:00,2026-04-11 08:58:00,A53 ,132.0
2026-04-10,JU270,2026-04-10 19:05:00,2026-04-10 19:12:00,7.0,2026-04-10 19:09:00,2026-04-10 19:16:00,2026-04-10 19:31:00,2026-04-10 19:34:00,B34 A,55.0
2026-04-10,KM420,2026-04-11 05:15:00,2026-04-11 05:01:00,-14.0,2026-04-11 05:20:00,2026-04-11 05:06:00,2026-04-11 05:27:00,2026-04-11 05:33:00,A63 ,129.0
2026-04-10,LO231,2026-04-11 08:35:00,2026-04-11 08:29:00,-6.0,2026-04-11 08:40:00,2026-04-11 08:34:00,2026-04-11 08:52:00,2026-04-11 08:54:00,A55 ,22.0
2026-04-10,LO233,2026-04-11 04:40:00,2026-04-11 04:42:00,2.0,2026-04-11 04:47:00,2026-04-11 04:49:00,2026-04-11 05:08:00,2026-04-11 05:10:00,A66 ,47.0
2026-04-10,LO235,2026-04-10 19:25:00,2026-04-10 19:14:00,-11.0,2026-04-10 19:37:00,2026-04-10 19:26:00,2026-04-10 19:38:00,2026-04-10 19:40:00,A51 ,16.0
2026-04-10,LO237,2026-04-11 02:00:00,2026-04-11 01:58:00,-2.0,2026-04-11 02:06:00,2026-04-11 02:04:00,2026-04-11 02:18:00,2026-04-11 02:20:00,A47 ,37.0
2026-04-10,LX780,2026-04-11 00:15:00,2026-04-11 00:46:00,31.0,2026-04-11 00:20:00,2026-04-11 00:51:00,2026-04-11 01:16:00,2026-04-11 01:20:00,A45 ,94.0
2026-04-10,LX786,2026-04-10 18:50:00,2026-04-10 18:58:00,8.0,2026-04-10 18:56:00,2026-04-10 19:04:00,2026-04-10 19:21:00,2026-04-10 19:24:00,A57 ,33.0
2026-04-10,LX788,2026-04-11 04:35:00,2026-04-11 04:19:00,-16.0,2026-04-11 04:40:00,2026-04-11 04:24:00,2026-04-11 04:45:00,2026-04-11 04:48:00,A43 ,43.0
2026-04-10,MS725,2026-04-11 01:15:00,2026-04-11 01:51:00,36.0,2026-04-11 01:20:00,2026-04-11 01:56:00,2026-04-11 02:18:00,2026-04-11 02:23:00,B9  A,141.0
2026-04-10,OS291,2026-04-10 19:05:00,2026-04-10 19:08:00,3.0,2026-04-10 19:21:00,2026-04-10 19:24:00,2026-04-10 19:43:00,2026-04-10 19:44:00,A47 ,27.0
2026-04-10,OS295,2026-04-11 02:45:00,2026-04-11 02:44:00,-1.0,2026-04-11 02:50:00,2026-04-11 02:49:00,2026-04-11 03:02:00,2026-04-11 03:06:00,A43 ,43.0
2026-04-10,OS297,2026-04-11 05:10:00,2026-04-11 05:30:00,20.0,2026-04-11 05:16:00,2026-04-11 05:36:00,2026-04-11 05:53:00,2026-04-11 05:57:00,A45 ,85.0
2026-04-10,OU4456,2026-04-11 05:50:00,2026-04-11 06:18:00,28.0,2026-04-11 05:56:00,2026-04-11 06:24:00,2026-04-11 06:37:00,2026-04-11 06:39:00,A53 ,64.0
2026-04-10,OU456,2026-04-10 18:40:00,2026-04-10 18:52:00,12.0,2026-04-10 18:46:00,2026-04-10 18:58:00,2026-04-10 19:15:00,2026-04-10 19:22:00,A49 ,27.0
2026-04-10,QS1000,2026-04-10 18:10:00,2026-04-10 17:58:00,-12.0,2026-04-10 18:16:00,2026-04-10 18:04:00,2026-04-10 18:14:00,2026-04-10 18:15:00,A57 ,5.0
2026-04-10,QS1002,2026-04-11 04:45:00,2026-04-11 04:39:00,-6.0,2026-04-11 04:50:00,2026-04-11 04:44:00,2026-04-11 05:02:00,2026-04-11 05:04:00,A68 ,22.0
2026-04-10,SK1589,2026-04-11 04:15:00,2026-04-11 04:01:00,-14.0,2026-04-11 04:20:00,2026-04-11 04:06:00,2026-04-11 04:19:00,2026-04-11 04:20:00,A51 ,35.0
2026-04-10,SK1593,2026-04-11 00:35:00,2026-04-11 00:43:00,8.0,2026-04-11 00:40:00,2026-04-11 00:48:00,2026-04-11 01:02:00,2026-04-11 01:06:00,A47 ,76.0
2026-04-10,SK1595,2026-04-11 04:30:00,2026-04-11 04:21:00,-9.0,2026-04-11 04:34:00,2026-04-11 04:25:00,2026-04-11 04:37:00,2026-04-11 04:40:00,A53 ,55.0
2026-04-10,SK593,2026-04-10 19:40:00,2026-04-10 19:26:00,-14.0,2026-04-10 19:54:00,2026-04-10 19:40:00,2026-04-10 19:52:00,2026-04-10 19:55:00,A54 ,60.0
2026-04-10,SK597,2026-04-11 05:50:00,2026-04-11 05:35:00,-15.0,2026-04-11 05:55:00,2026-04-11 05:40:00,2026-04-11 05:50:00,2026-04-11 05:51:00,A47 ,36.0
2026-04-10,SN206,2026-04-10 15:20:00,2026-04-10 15:16:00,-4.0,2026-04-10 15:24:00,2026-04-10 15:20:00,2026-04-10 15:33:00,2026-04-10 16:16:00,B40 A,198.0
2026-04-10,SN2104,2026-04-10 18:55:00,2026-04-10 18:54:00,-1.0,2026-04-10 18:58:00,2026-04-10 18:57:00,2026-04-10 19:22:00,2026-04-10 19:33:00,B7  A,8.0
2026-04-10,SN2184,2026-04-10 18:30:00,2026-04-10 18:25:00,-5.0,2026-04-10 18:35:00,2026-04-10 18:30:00,2026-04-10 18:47:00,2026-04-10 18:49:00,B36 A,17.0
2026-04-10,SN2258,2026-04-10 23:25:00,2026-04-10 23:24:00,-1.0,2026-04-10 23:32:00,2026-04-10 23:31:00,2026-04-10 23:50:00,2026-04-10 23:52:00,A60 ,51.0
2026-04-10,SN2260,2026-04-11 05:45:00,2026-04-11 06:01:00,16.0,2026-04-11 05:48:00,2026-04-11 06:04:00,2026-04-11 06:31:00,2026-04-11 06:34:00,A52 ,52.0
2026-04-10,SN229,2026-04-10 15:00:00,2026-04-10 14:57:00,-3.0,2026-04-10 15:06:00,2026-04-10 15:03:00,2026-04-10 15:20:00,2026-04-10 15:56:00,B17 A,118.0
2026-04-10,SN2292,2026-04-11 01:05:00,2026-04-11 00:56:00,-9.0,2026-04-11 01:10:00,2026-04-11 01:01:00,2026-04-11 01:15:00,2026-04-11 01:17:00,A67 ,44.0
2026-04-10,SN2294,2026-04-11 05:50:00,2026-04-11 05:39:00,-11.0,2026-04-11 05:54:00,2026-04-11 05:43:00,2026-04-11 06:02:00,2026-04-11 06:05:00,A62 ,50.0
2026-04-10,SN2318,2026-04-11 06:00:00,2026-04-11 05:58:00,-2.0,2026-04-11 06:03:00,2026-04-11 06:01:00,2026-04-11 06:17:00,2026-04-11 06:21:00,A46 ,31.0
2026-04-10,SN2372,2026-04-11 03:50:00,2026-04-11 03:51:00,1.0,2026-04-11 03:55:00,2026-04-11 03:56:00,2026-04-11 04:15:00,2026-04-11 04:17:00,A58 ,50.0
2026-04-10,SN2548,2026-04-11 03:20:00,2026-04-11 03:26:00,6.0,2026-04-11 03:23:00,2026-04-11 03:29:00,2026-04-11 03:42:00,2026-04-11 03:44:00,A48 ,69.0
2026-04-10,SN2556,2026-04-11 06:10:00,2026-04-11 06:02:00,-8.0,2026-04-11 06:17:00,2026-04-11 06:09:00,2026-04-11 06:23:00,2026-04-11 06:26:00,A56 ,63.0
2026-04-10,SN2582,2026-04-10 23:05:00,2026-04-10 22:59:00,-6.0,2026-04-10 23:13:00,2026-04-10 23:07:00,2026-04-10 23:33:00,2026-04-10 23:40:00,A50 ,67.0
2026-04-10,SN2588,2026-04-11 06:10:00,2026-04-11 06:07:00,-3.0,2026-04-11 06:13:00,2026-04-11 06:10:00,2026-04-11 06:31:00,2026-04-11 06:34:00,A40 ,73.0
2026-04-10,SN2592,2026-04-10 18:20:00,2026-04-10 18:07:00,-13.0,2026-04-10 18:23:00,2026-04-10 18:10:00,2026-04-10 18:28:00,2026-04-10 18:33:00,A40 ,3.0
2026-04-10,SN2608,2026-04-10 20:10:00,2026-04-10 20:08:00,-2.0,2026-04-10 20:17:00,2026-04-10 20:15:00,2026-04-10 20:35:00,2026-04-10 20:37:00,A44 ,27.0
2026-04-10,SN2610,2026-04-10 22:45:00,2026-04-10 22:30:00,-15.0,2026-04-10 22:51:00,2026-04-10 22:36:00,2026-04-10 22:51:00,2026-04-10 22:54:00,A56 ,33.0
2026-04-10,SN2612,2026-04-10 23:40:00,2026-04-11 00:01:00,21.0,2026-04-10 23:45:00,2026-04-11 00:06:00,2026-04-11 00:40:00,2026-04-11 00:43:00,A62 ,30.0
2026-04-10,SN2614,2026-04-11 03:30:00,2026-04-11 03:22:00,-8.0,2026-04-11 03:34:00,2026-04-11 03:26:00,2026-04-11 03:47:00,2026-04-11 03:48:00,A52 ,12.0
2026-04-10,SN2630,2026-04-10 18:15:00,2026-04-10 17:52:00,-23.0,2026-04-10 18:18:00,2026-04-10 17:55:00,2026-04-10 18:13:00,2026-04-10 18:18:00,A46 ,3.0
2026-04-10,SN2644,2026-04-10 23:10:00,2026-04-10 23:04:00,-6.0,2026-04-10 23:13:00,2026-04-10 23:07:00,2026-04-10 23:37:00,2026-04-10 23:39:00,A40 ,18.0
2026-04-10,SN2646,2026-04-11 02:15:00,2026-04-11 02:12:00,-3.0,2026-04-11 02:18:00,2026-04-11 02:15:00,2026-04-11 02:29:00,2026-04-11 02:30:00,A46 ,41.0
2026-04-10,SN2650,2026-04-11 05:55:00,2026-04-11 05:53:00,-2.0,2026-04-11 05:59:00,2026-04-11 05:57:00,2026-04-11 06:15:00,2026-04-11 06:18:00,A49 ,17.0
2026-04-10,SN2652,2026-04-11 09:10:00,2026-04-11 08:58:00,-12.0,2026-04-11 09:14:00,2026-04-11 09:02:00,2026-04-11 09:22:00,2026-04-11 09:44:00,A54 ,20.0
2026-04-10,SN2712,2026-04-10 19:35:00,2026-04-10 19:36:00,1.0,2026-04-10 19:41:00,2026-04-10 19:42:00,2026-04-10 20:06:00,2026-04-10 20:07:00,A56 ,34.0
2026-04-10,SN2714,2026-04-10 22:45:00,2026-04-10 22:41:00,-4.0,2026-04-10 22:52:00,2026-04-10 22:48:00,2026-04-10 23:06:00,2026-04-10 23:07:00,A42 ,32.0
2026-04-10,SN2722,2026-04-11 04:30:00,2026-04-11 04:26:00,-4.0,2026-04-11 04:34:00,2026-04-11 04:30:00,2026-04-11 04:51:00,2026-04-11 04:54:00,A56 ,60.0
2026-04-10,SN2724,2026-04-11 08:30:00,2026-04-11 08:24:00,-6.0,2026-04-11 08:35:00,2026-04-11 08:29:00,2026-04-11 08:47:00,2026-04-11 08:48:00,A69 ,54.0
2026-04-10,SN2726,2026-04-10 18:20:00,2026-04-10 18:20:00,0.0,2026-04-10 18:27:00,2026-04-10 18:27:00,2026-04-10 18:45:00,2026-04-10 18:52:00,A54 ,14.0
2026-04-10,SN2730,2026-04-10 20:15:00,2026-04-10 20:10:00,-5.0,2026-04-10 20:23:00,2026-04-10 20:18:00,2026-04-10 20:30:00,2026-04-10 20:33:00,A58 ,18.0
2026-04-10,SN2732,2026-04-11 07:30:00,2026-04-11 07:26:00,-4.0,2026-04-11 07:35:00,2026-04-11 07:31:00,2026-04-11 07:47:00,2026-04-11 07:49:00,A47 ,45.0
2026-04-10,SN278,2026-04-10 15:40:00,2026-04-10 15:30:00,-10.0,2026-04-10 15:44:00,2026-04-10 15:34:00,2026-04-10 15:52:00,2026-04-10 16:27:00,B37 A,175.0
2026-04-10,SN2810,2026-04-10 23:20:00,2026-04-10 23:18:00,-2.0,2026-04-10 23:23:00,2026-04-10 23:21:00,2026-04-10 23:33:00,2026-04-10 23:35:00,A54 ,31.0
2026-04-10,SN2812,2026-04-11 06:15:00,2026-04-11 06:10:00,-5.0,2026-04-11 06:18:00,2026-04-11 06:13:00,2026-04-11 06:30:00,2026-04-11 06:32:00,A44 ,41.0
2026-04-10,SN2814,2026-04-11 08:45:00,2026-04-11 08:19:00,-26.0,2026-04-11 08:53:00,2026-04-11 08:27:00,2026-04-11 08:38:00,2026-04-11 08:39:00,A48 ,33.0
2026-04-10,SN2816,2026-04-10 18:20:00,2026-04-10 18:14:00,-6.0,2026-04-10 18:23:00,2026-04-10 18:17:00,2026-04-10 18:45:00,2026-04-10 18:47:00,A52 ,12.0
2026-04-10,SN2826,2026-04-11 06:05:00,2026-04-11 05:56:00,-9.0,2026-04-11 06:11:00,2026-04-11 06:02:00,2026-04-11 06:25:00,2026-04-11 06:30:00,A58 ,124.0
2026-04-10,SN2830,2026-04-10 18:35:00,2026-04-10 18:47:00,12.0,2026-04-10 18:38:00,2026-04-10 18:50:00,2026-04-10 19:25:00,2026-04-10 19:26:00,A44 ,9.0
2026-04-10,SN2902,2026-04-10 21:05:00,2026-04-10 21:12:00,7.0,2026-04-10 21:12:00,2026-04-10 21:19:00,2026-04-10 21:40:00,2026-04-10 21:43:00,A42 ,60.0
2026-04-10,SN2906,2026-04-11 05:55:00,2026-04-11 05:52:00,-3.0,2026-04-11 06:00:00,2026-04-11 05:57:00,2026-04-11 06:15:00,2026-04-11 06:19:00,A68 ,33.0
2026-04-10,SN3140,2026-04-10 23:40:00,2026-04-10 23:41:00,1.0,2026-04-10 23:46:00,2026-04-10 23:47:00,2026-04-11 00:05:00,2026-04-11 00:09:00,A70 ,80.0
2026-04-10,SN3146,2026-04-10 21:00:00,2026-04-10 21:32:00,32.0,2026-04-10 21:06:00,2026-04-10 21:38:00,2026-04-10 22:06:00,2026-04-10 22:10:00,A50 ,103.0
2026-04-10,SN3150,2026-04-11 06:20:00,2026-04-11 06:48:00,28.0,2026-04-11 06:25:00,2026-04-11 06:53:00,2026-04-11 07:16:00,2026-04-11 07:18:00,A59 ,59.0
2026-04-10,SN3154,2026-04-10 20:10:00,2026-04-10 20:14:00,4.0,2026-04-10 20:18:00,2026-04-10 20:22:00,2026-04-10 20:44:00,2026-04-10 20:46:00,A40 ,16.0
2026-04-10,SN3160,2026-04-11 09:15:00,2026-04-11 09:08:00,-7.0,2026-04-11 09:19:00,2026-04-11 09:12:00,2026-04-11 09:25:00,2026-04-11 09:27:00,A66 ,43.0
2026-04-10,SN3176,2026-04-10 22:25:00,2026-04-10 22:34:00,9.0,2026-04-10 22:32:00,2026-04-10 22:41:00,2026-04-10 23:03:00,2026-04-10 23:04:00,A44 ,59.0
2026-04-10,SN3182,2026-04-11 06:20:00,2026-04-11 06:37:00,17.0,2026-04-11 06:23:00,2026-04-11 06:40:00,2026-04-11 06:59:00,2026-04-11 07:03:00,A64 ,82.0
2026-04-10,SN3184,2026-04-11 09:15:00,2026-04-11 11:02:00,107.0,2026-04-11 09:19:00,2026-04-11 11:06:00,2026-04-11 11:34:00,2026-04-11 11:37:00,A42 ,78.0
2026-04-10,SN3202,2026-04-11 00:20:00,2026-04-11 00:16:00,-4.0,2026-04-11 00:25:00,2026-04-11 00:21:00,2026-04-11 00:47:00,2026-04-11 00:50:00,A55 ,89.0
2026-04-10,SN3246,2026-04-11 03:50:00,2026-04-11 03:57:00,7.0,2026-04-11 03:53:00,2026-04-11 04:00:00,2026-04-11 04:33:00,2026-04-11 04:37:00,A40 ,111.0
2026-04-10,SN3344,2026-04-11 06:15:00,2026-04-11 06:20:00,5.0,2026-04-11 06:18:00,2026-04-11 06:23:00,2026-04-11 06:45:00,2026-04-11 06:47:00,A66 ,41.0
2026-04-10,SN3588,2026-04-11 00:35:00,2026-04-11 00:40:00,5.0,2026-04-11 00:42:00,2026-04-11 00:47:00,2026-04-11 01:05:00,2026-04-11 01:07:00,A50 ,13.0
2026-04-10,SN3594,2026-04-10 18:30:00,2026-04-10 18:17:00,-13.0,2026-04-10 18:37:00,2026-04-10 18:24:00,2026-04-10 18:54:00,2026-04-10 18:56:00,A48 ,6.0
2026-04-10,SN3598,2026-04-11 01:15:00,2026-04-11 01:18:00,3.0,2026-04-11 01:19:00,2026-04-11 01:22:00,2026-04-11 01:35:00,2026-04-11 01:37:00,A58 ,47.0
2026-04-10,SN3604,2026-04-10 18:25:00,2026-04-10 18:25:00,0.0,2026-04-10 18:28:00,2026-04-10 18:28:00,2026-04-10 18:46:00,2026-04-10 18:52:00,A58 ,6.0
2026-04-10,SN3618,2026-04-11 01:30:00,2026-04-11 02:19:00,49.0,2026-04-11 01:33:00,2026-04-11 02:22:00,2026-04-11 02:46:00,2026-04-11 02:50:00,A40 ,86.0
2026-04-10,SN3622,2026-04-11 04:10:00,2026-04-11 04:06:00,-4.0,2026-04-11 04:13:00,2026-04-11 04:09:00,2026-04-11 04:24:00,2026-04-11 04:26:00,A60 ,61.0
2026-04-10,SN3634,2026-04-10 20:55:00,2026-04-10 21:03:00,8.0,2026-04-10 20:58:00,2026-04-10 21:06:00,2026-04-10 21:40:00,2026-04-10 21:41:00,A60 ,8.0
2026-04-10,SN3668,2026-04-10 23:50:00,2026-04-10 23:53:00,3.0,2026-04-10 23:54:00,2026-04-10 23:57:00,2026-04-11 00:30:00,2026-04-11 00:32:00,A44 ,44.0
2026-04-10,SN3676,2026-04-10 18:35:00,2026-04-10 18:31:00,-4.0,2026-04-10 18:38:00,2026-04-10 18:34:00,2026-04-10 19:03:00,2026-04-10 19:04:00,A50 ,21.0
2026-04-10,SN3698,2026-04-11 00:30:00,2026-04-11 00:23:00,-7.0,2026-04-11 00:34:00,2026-04-11 00:27:00,2026-04-11 00:52:00,2026-04-11 00:56:00,A68 ,87.0
2026-04-10,SN3706,2026-04-11 09:25:00,2026-04-11 09:44:00,19.0,2026-04-11 09:29:00,2026-04-11 09:48:00,2026-04-11 11:10:00,2026-04-11 11:15:00,A58 ,86.0
2026-04-10,SN3708,2026-04-10 17:40:00,2026-04-10 17:57:00,17.0,2026-04-10 17:44:00,2026-04-10 18:01:00,2026-04-10 18:24:00,2026-04-10 18:27:00,A56 ,57.0
2026-04-10,SN3722,2026-04-11 00:55:00,2026-04-11 01:03:00,8.0,2026-04-11 00:59:00,2026-04-11 01:07:00,2026-04-11 01:30:00,2026-04-11 01:32:00,A64 ,72.0
2026-04-10,SN3728,2026-04-11 05:55:00,2026-04-11 05:42:00,-13.0,2026-04-11 05:59:00,2026-04-11 05:46:00,2026-04-11 06:04:00,2026-04-11 06:08:00,A54 ,69.0
2026-04-10,SN3730,2026-04-11 09:10:00,2026-04-11 09:13:00,3.0,2026-04-11 09:16:00,2026-04-11 09:19:00,2026-04-11 09:45:00,2026-04-11 09:48:00,A59 ,71.0
2026-04-10,SN3732,2026-04-10 18:35:00,2026-04-10 18:35:00,0.0,2026-04-10 18:39:00,2026-04-10 18:39:00,2026-04-10 19:13:00,2026-04-10 19:15:00,A42 ,34.0
2026-04-10,SN3734,2026-04-10 22:50:00,2026-04-10 22:31:00,-19.0,2026-04-10 22:58:00,2026-04-10 22:39:00,2026-04-10 23:06:00,2026-04-10 23:11:00,A48 ,84.0
2026-04-10,SN3736,2026-04-11 04:25:00,2026-04-11 04:37:00,12.0,2026-04-11 04:29:00,2026-04-11 04:41:00,2026-04-11 05:09:00,2026-04-11 05:14:00,A50 ,84.0
2026-04-10,SN3738,2026-04-11 09:10:00,2026-04-11 09:01:00,-9.0,2026-04-11 09:14:00,2026-04-11 09:05:00,2026-04-11 09:30:00,2026-04-11 09:34:00,A46 ,105.0
2026-04-10,SN3752,2026-04-11 00:35:00,2026-04-11 01:06:00,31.0,2026-04-11 00:39:00,2026-04-11 01:10:00,2026-04-11 01:34:00,2026-04-11 01:37:00,A48 ,99.0
2026-04-10,SN3772,2026-04-10 21:35:00,2026-04-10 21:28:00,-7.0,2026-04-10 21:42:00,2026-04-10 21:35:00,2026-04-10 22:09:00,2026-04-10 22:11:00,A46 ,69.0
2026-04-10,SN3774,2026-04-11 08:15:00,2026-04-11 08:05:00,-10.0,2026-04-11 08:21:00,2026-04-11 08:11:00,2026-04-11 08:34:00,2026-04-11 08:37:00,A52 ,64.0
2026-04-10,SN3782,2026-04-11 09:30:00,2026-04-11 09:23:00,-7.0,2026-04-11 09:34:00,2026-04-11 09:27:00,2026-04-11 09:52:00,2026-04-11 09:59:00,A56 ,129.0
2026-04-10,SN379,2026-04-10 15:05:00,2026-04-10 15:19:00,14.0,2026-04-10 15:11:00,2026-04-10 15:25:00,2026-04-10 15:52:00,2026-04-10 16:29:00,B14 A,47.0
2026-04-10,SN3802,2026-04-11 02:00:00,2026-04-11 01:59:00,-1.0,2026-04-11 02:08:00,2026-04-11 02:07:00,2026-04-11 02:32:00,2026-04-11 02:34:00,A42 ,67.0
2026-04-10,SN3810,2026-04-11 06:10:00,2026-04-11 06:12:00,2.0,2026-04-11 06:14:00,2026-04-11 06:16:00,2026-04-11 06:34:00,2026-04-11 06:38:00,A60 ,50.0
2026-04-10,SN3812,2026-04-11 02:15:00,2026-04-11 02:31:00,16.0,2026-04-11 02:20:00,2026-04-11 02:36:00,2026-04-11 02:58:00,2026-04-11 03:01:00,A55 ,48.0
2026-04-10,SN3820,2026-04-11 09:40:00,2026-04-11 09:57:00,17.0,2026-04-11 10:45:00,2026-04-11 11:02:00,2026-04-11 11:28:00,2026-04-11 11:32:00,A50 ,84.0
2026-04-10,SN516,2026-04-10 17:25:00,2026-04-10 16:32:00,-53.0,2026-04-10 17:30:00,2026-04-10 16:37:00,2026-04-10 16:50:00,2026-04-10 17:04:00,B11 A,32.0
2026-04-10,TB1012,2026-04-10 22:40:00,2026-04-10 22:22:00,-18.0,2026-04-10 22:46:00,2026-04-10 22:28:00,2026-04-10 22:46:00,2026-04-10 22:50:00,A45 ,83.0
2026-04-10,TB1014,2026-04-11 07:20:00,2026-04-11 07:56:00,36.0,2026-04-11 07:26:00,2026-04-11 08:02:00,2026-04-11 08:18:00,2026-04-11 08:22:00,A63 ,108.0
2026-04-10,TB1114,2026-04-11 07:20:00,2026-04-11 07:13:00,-7.0,2026-04-11 07:26:00,2026-04-11 07:19:00,2026-04-11 07:45:00,2026-04-11 07:50:00,A67 ,92.0
2026-04-10,TB1419,2026-04-11 00:05:00,2026-04-11 00:15:00,10.0,2026-04-11 00:10:00,2026-04-11 00:20:00,2026-04-11 00:42:00,2026-04-11 00:45:00,A61 ,104.0
2026-04-10,TB1552,2026-04-11 08:25:00,2026-04-11 08:21:00,-4.0,2026-04-11 08:29:00,2026-04-11 08:25:00,2026-04-11 08:46:00,2026-04-11 08:54:00,A61 ,166.0
2026-04-10,TB1754,2026-04-11 09:25:00,2026-04-11 09:15:00,-10.0,2026-04-11 09:32:00,2026-04-11 09:22:00,2026-04-11 09:41:00,2026-04-11 09:46:00,A57 ,125.0
2026-04-10,TB1912,2026-04-11 07:50:00,2026-04-11 07:45:00,-5.0,2026-04-11 07:56:00,2026-04-11 07:51:00,2026-04-11 08:06:00,2026-04-11 08:13:00,A43 ,140.0
2026-04-10,TB2042,2026-04-11 05:10:00,2026-04-11 05:21:00,11.0,2026-04-11 05:14:00,2026-04-11 05:25:00,2026-04-11 05:40:00,2026-04-11 05:44:00,B17 A,134.0
2026-04-10,TB2502,2026-04-11 00:35:00,2026-04-11 00:32:00,-3.0,2026-04-11 00:41:00,2026-04-11 00:38:00,2026-04-11 00:56:00,2026-04-11 01:09:00,B28 A,178.0
2026-04-10,TB2612,2026-04-11 08:00:00,2026-04-11 07:59:00,-1.0,2026-04-11 08:05:00,2026-04-11 08:04:00,2026-04-11 08:22:00,2026-04-11 08:26:00,B28 A,129.0
2026-04-10,TB2632,2026-04-10 20:45:00,2026-04-10 21:07:00,22.0,2026-04-10 20:49:00,2026-04-10 21:11:00,2026-04-10 21:32:00,2026-04-10 21:38:00,B27 A,152.0
2026-04-10,TB2952,2026-04-10 22:05:00,2026-04-10 22:05:00,0.0,2026-04-10 22:09:00,2026-04-10 22:09:00,2026-04-10 22:22:00,2026-04-10 22:23:00,B29 A,22.0
2026-04-10,TB3012,2026-04-11 04:30:00,2026-04-11 04:55:00,25.0,2026-04-11 04:34:00,2026-04-11 04:59:00,2026-04-11 05:37:00,2026-04-11 05:44:00,B27 A,158.0
2026-04-10,TB3102,2026-04-11 04:25:00,2026-04-11 04:51:00,26.0,2026-04-11 04:29:00,2026-04-11 04:55:00,2026-04-11 05:15:00,2026-04-11 05:22:00,B29 A,146.0
2026-04-10,TG934,2026-04-10 17:15:00,2026-04-10 17:50:00,35.0,2026-04-10 17:21:00,2026-04-10 17:56:00,2026-04-10 18:10:00,2026-04-10 18:46:00,B11 A,265.0
2026-04-10,TK1937,2026-04-10 20:10:00,2026-04-10 20:06:00,-4.0,2026-04-10 20:16:00,2026-04-10 20:12:00,2026-04-10 20:27:00,2026-04-10 20:37:00,B34 A,100.0
2026-04-10,TK1939,2026-04-11 03:50:00,2026-04-11 04:17:00,27.0,2026-04-11 03:55:00,2026-04-11 04:22:00,2026-04-11 04:35:00,2026-04-11 04:49:00,B9  A,130.0
2026-04-10,TK1941,2026-04-11 07:25:00,2026-04-11 07:37:00,12.0,2026-04-11 07:31:00,2026-04-11 07:43:00,2026-04-11 07:52:00,2026-04-11 08:14:00,B7  A,146.0
2026-04-10,TK1943,2026-04-10 23:25:00,2026-04-10 23:22:00,-3.0,2026-04-10 23:30:00,2026-04-10 23:27:00,2026-04-10 23:43:00,2026-04-10 23:48:00,B7  A,99.0
2026-04-10,TK1945,2026-04-11 01:15:00,2026-04-11 01:13:00,-2.0,2026-04-11 01:20:00,2026-04-11 01:18:00,2026-04-11 01:40:00,2026-04-11 01:46:00,B5  A,150.0
2026-04-10,TP640,2026-04-10 21:00:00,2026-04-10 21:10:00,10.0,2026-04-10 21:06:00,2026-04-10 21:16:00,2026-04-10 21:35:00,2026-04-10 21:44:00,A47 ,96.0
2026-04-10,TP642,2026-04-11 01:05:00,2026-04-11 01:01:00,-4.0,2026-04-11 01:10:00,2026-04-11 01:06:00,2026-04-11 01:37:00,2026-04-11 02:05:00,A57 ,122.0
2026-04-10,TP644,2026-04-11 06:05:00,2026-04-11 05:55:00,-10.0,2026-04-11 06:10:00,2026-04-11 06:00:00,2026-04-11 06:11:00,2026-04-11 06:19:00,A43 ,128.0
2026-04-10,TP646,2026-04-11 09:55:00,2026-04-11 09:49:00,-6.0,2026-04-11 10:02:00,2026-04-11 09:56:00,2026-04-11 11:20:00,2026-04-11 11:29:00,A45 ,175.0
2026-04-10,TU954,2026-04-10 21:25:00,2026-04-10 21:42:00,17.0,2026-04-10 21:34:00,2026-04-10 21:51:00,2026-04-10 22:05:00,2026-04-10 22:11:00,B34 A,96.0
2026-04-10,UA950,2026-04-10 17:15:00,2026-04-10 16:50:00,-25.0,2026-04-10 17:19:00,2026-04-10 16:54:00,2026-04-10 17:11:00,2026-04-10 17:35:00,B31 A,160.0
2026-04-10,UA972,2026-04-10 19:00:00,2026-04-10 18:41:00,-19.0,2026-04-10 19:11:00,2026-04-10 18:52:00,2026-04-10 19:14:00,2026-04-10 19:32:00,B38 A,151.0
2026-04-10,UA994,2026-04-10 17:45:00,2026-04-10 17:12:00,-33.0,2026-04-10 17:51:00,2026-04-10 17:18:00,2026-04-10 17:36:00,2026-04-10 18:10:00,B40 A,189.0
2026-04-10,UX1171,2026-04-10 19:45:00,2026-04-10 19:40:00,-5.0,2026-04-10 19:57:00,2026-04-10 19:52:00,2026-04-10 20:18:00,2026-04-10 20:23:00,A48 ,99.0
2026-04-10,UX1173,2026-04-11 03:40:00,2026-04-11 03:37:00,-3.0,2026-04-11 03:45:00,2026-04-11 03:42:00,2026-04-11 04:01:00,2026-04-11 04:04:00,A47 ,94.0
2026-04-10,VF65,2026-04-10 21:15:00,2026-04-10 21:17:00,2.0,2026-04-10 21:24:00,2026-04-10 21:26:00,2026-04-10 21:38:00,2026-04-10 21:49:00,B30 A,133.0
2026-04-10,VF67,2026-04-11 02:10:00,2026-04-11 02:36:00,26.0,2026-04-11 02:16:00,2026-04-11 02:42:00,2026-04-11 02:55:00,2026-04-11 03:07:00,B30 A,161.0
2026-04-10,VY1332,2026-04-10 19:05:00,2026-04-10 19:03:00,-2.0,2026-04-10 19:09:00,2026-04-10 19:07:00,2026-04-10 19:26:00,2026-04-10 19:27:00,A53 ,25.0
2026-04-10,VY2150,2026-04-10 18:40:00,2026-04-10 18:29:00,-11.0,2026-04-10 18:45:00,2026-04-10 18:34:00,2026-04-10 18:46:00,2026-04-10 18:47:00,A51 ,36.0
2026-04-10,VY3650,2026-04-11 03:10:00,2026-04-11 02:42:00,-28.0,2026-04-11 03:15:00,2026-04-11 02:47:00,2026-04-11 02:59:00,2026-04-11 03:04:00,A51 ,97.0
2026-04-10,VY8980,2026-04-10 19:45:00,2026-04-10 19:32:00,-13.0,2026-04-10 19:56:00,2026-04-10 19:43:00,2026-04-10 19:54:00,2026-04-10 19:55:00,A46 ,18.0
2026-04-10,VY8982,2026-04-11 03:25:00,2026-04-11 03:14:00,-11.0,2026-04-11 03:30:00,2026-04-11 03:19:00,2026-04-11 03:32:00,2026-04-11 03:33:00,A53 ,46.0
2026-04-10,VY8984,2026-04-11 06:50:00,2026-04-11 07:18:00,28.0,2026-04-11 06:55:00,2026-04-11 07:23:00,2026-04-11 07:33:00,2026-04-11 07:34:00,A45 ,55.0
2026-04-10,VY8986,2026-04-11 00:30:00,2026-04-11 00:31:00,1.0,2026-04-11 00:35:00,2026-04-11 00:36:00,2026-04-11 00:58:00,2026-04-11 01:01:00,A51 ,62.0
2026-04-10,XR5402,2026-04-11 03:20:00,2026-04-11 03:35:00,15.0,2026-04-11 03:26:00,2026-04-11 03:41:00,2026-04-11 04:00:00,2026-04-11 04:04:00,B36 A,105.0
2026-04-11,AC826,2026-04-11 18:50:00,2026-04-11 18:22:00,-28.0,2026-04-11 18:56:00,2026-04-11 18:28:00,2026-04-11 18:47:00,2026-04-11 19:33:00,B34 A,207.0
2026-04-11,AC832,2026-04-11 18:10:00,2026-04-11 17:23:00,-47.0,2026-04-11 18:17:00,2026-04-11 17:30:00,2026-04-11 17:48:00,2026-04-11 18:16:00,B30 A,168.0
2026-04-11,AY1541,2026-04-11 20:20:00,2026-04-11 20:23:00,3.0,2026-04-11 20:26:00,2026-04-11 20:29:00,2026-04-11 20:46:00,2026-04-11 20:53:00,A60 ,114.0
2026-04-11,AY1545,2026-04-12 05:20:00,2026-04-12 05:38:00,18.0,2026-04-12 05:26:00,2026-04-12 05:44:00,2026-04-12 05:59:00,2026-04-12 06:10:00,A53 ,106.0
2026-04-11,AZ148,2026-04-11 19:35:00,2026-04-11 19:11:00,-24.0,2026-04-11 19:41:00,2026-04-11 19:17:00,2026-04-11 19:28:00,2026-04-11 19:32:00,A49 ,40.0
2026-04-11,AZ156,2026-04-11 21:45:00,2026-04-11 21:32:00,-13.0,2026-04-11 21:52:00,2026-04-11 21:39:00,2026-04-11 22:11:00,2026-04-11 22:15:00,A55 ,103.0
2026-04-11,AZ160,2026-04-12 05:00:00,2026-04-12 04:37:00,-23.0,2026-04-12 05:05:00,2026-04-12 04:42:00,2026-04-12 05:00:00,2026-04-12 05:04:00,A51 ,91.0
2026-04-11,BA384,2026-04-11 20:20:00,2026-04-11 20:24:00,4.0,2026-04-11 20:26:00,2026-04-11 20:30:00,2026-04-11 20:54:00,2026-04-11 21:17:00,B17 A,40.0
2026-04-11,BA388,2026-04-12 06:15:00,2026-04-12 05:55:00,-20.0,2026-04-12 06:19:00,2026-04-12 05:59:00,2026-04-12 06:14:00,2026-04-12 06:18:00,B7  A,90.0
2026-04-11,BT601,2026-04-11 19:55:00,2026-04-11 19:47:00,-8.0,2026-04-11 20:00:00,2026-04-11 19:52:00,2026-04-11 20:03:00,2026-04-11 20:06:00,A53 ,17.0
2026-04-11,CX275,2026-04-11 19:25:00,2026-04-11 19:25:00,0.0,2026-04-11 19:31:00,2026-04-11 19:31:00,2026-04-11 19:44:00,2026-04-11 20:20:00,B31 A,231.0
2026-04-11,DL140,2026-04-11 18:40:00,2026-04-11 18:42:00,2.0,2026-04-11 18:46:00,2026-04-11 18:48:00,2026-04-11 19:17:00,2026-04-11 19:56:00,B37 A,199.0
2026-04-11,EI630,2026-04-11 20:40:00,2026-04-11 20:17:00,-23.0,2026-04-11 20:45:00,2026-04-11 20:22:00,2026-04-11 20:32:00,2026-04-11 20:38:00,B11 A,77.0
2026-04-11,EK181,2026-04-12 06:30:00,2026-04-12 06:35:00,5.0,2026-04-12 06:36:00,2026-04-12 06:41:00,2026-04-12 06:54:00,2026-04-12 07:26:00,B31 A,238.0
2026-04-11,FH8014,2026-04-12 02:20:00,2026-04-12 02:09:00,-11.0,2026-04-12 02:26:00,2026-04-12 02:15:00,2026-04-12 02:33:00,2026-04-12 02:38:00,B14 A,156.0
2026-04-11,FH8116,2026-04-11 12:35:00,2026-04-11 12:39:00,4.0,2026-04-11 12:44:00,2026-04-11 12:48:00,2026-04-11 13:06:00,2026-04-11 13:13:00,B38 A,140.0
2026-04-11,GQ800,2026-04-12 00:05:00,2026-04-12 00:28:00,23.0,2026-04-12 00:11:00,2026-04-12 00:34:00,2026-04-12 00:51:00,2026-04-12 00:57:00,A58 ,121.0
2026-04-11,GQ850,2026-04-11 20:50:00,2026-04-11 20:54:00,4.0,2026-04-11 20:58:00,2026-04-11 21:02:00,2026-04-11 21:19:00,2026-04-11 21:23:00,A51 ,114.0
2026-04-11,HV9078,2026-04-12 10:25:00,2026-04-12 10:23:00,-2.0,2026-04-12 10:31:00,2026-04-12 10:29:00,2026-04-12 10:47:00,2026-04-12 10:50:00,A42 ,85.0
2026-04-11,HV9264,2026-04-12 01:55:00,2026-04-12 01:42:00,-13.0,2026-04-12 02:00:00,2026-04-12 01:47:00,2026-04-12 02:11:00,2026-04-12 02:20:00,B34 A,153.0
2026-04-11,IB1299,2026-04-12 01:45:00,2026-04-12 01:21:00,-24.0,2026-04-12 01:51:00,2026-04-12 01:27:00,2026-04-12 01:42:00,2026-04-12 01:43:00,A55 ,43.0
2026-04-11,IB1301,2026-04-12 06:00:00,2026-04-12 08:12:00,132.0,2026-04-12 06:06:00,2026-04-12 08:18:00,2026-04-12 08:38:00,2026-04-12 08:41:00,A61 ,70.0
2026-04-11,IB597,2026-04-11 22:25:00,2026-04-11 22:13:00,-12.0,2026-04-11 22:32:00,2026-04-11 22:20:00,2026-04-11 22:46:00,2026-04-11 22:55:00,A43 ,114.0
2026-04-11,IB603,2026-04-12 09:30:00,2026-04-12 09:26:00,-4.0,2026-04-12 09:37:00,2026-04-12 09:33:00,2026-04-12 09:42:00,2026-04-12 09:51:00,A45 ,131.0
2026-04-11,KM420,2026-04-12 06:15:00,2026-04-12 05:53:00,-22.0,2026-04-12 06:21:00,2026-04-12 05:59:00,2026-04-12 06:18:00,2026-04-12 06:23:00,A45 ,138.0
2026-04-11,LH1004,2026-04-11 18:45:00,2026-04-11 18:57:00,12.0,2026-04-11 18:50:00,2026-04-11 19:02:00,2026-04-11 19:19:00,2026-04-11 19:22:00,A45 ,6.0
2026-04-11,LH2282,2026-04-11 18:55:00,2026-04-11 18:47:00,-8.0,2026-04-11 19:01:00,2026-04-11 18:53:00,2026-04-11 19:08:00,2026-04-11 19:12:00,A47 ,3.0
2026-04-11,LO231,2026-04-12 09:35:00,2026-04-12 09:30:00,-5.0,2026-04-12 09:41:00,2026-04-12 09:36:00,2026-04-12 09:51:00,2026-04-12 09:53:00,A53 ,54.0
2026-04-11,LO233,2026-04-12 05:40:00,2026-04-12 05:31:00,-9.0,2026-04-12 05:47:00,2026-04-12 05:38:00,2026-04-12 05:56:00,2026-04-12 06:01:00,A55 ,111.0
2026-04-11,LO235,2026-04-11 20:25:00,2026-04-11 20:20:00,-5.0,2026-04-11 20:30:00,2026-04-11 20:25:00,2026-04-11 20:39:00,2026-04-11 20:41:00,A59 ,23.0
2026-04-11,LX780,2026-04-12 01:15:00,2026-04-12 01:11:00,-4.0,2026-04-12 01:20:00,2026-04-12 01:16:00,2026-04-12 01:30:00,2026-04-12 01:33:00,A43 ,53.0
2026-04-11,LX786,2026-04-11 19:50:00,2026-04-11 19:34:00,-16.0,2026-04-11 19:56:00,2026-04-11 19:40:00,2026-04-11 20:16:00,2026-04-11 20:22:00,A43 ,42.0
2026-04-11,LX788,2026-04-12 05:35:00,2026-04-12 05:50:00,15.0,2026-04-12 05:40:00,2026-04-12 05:55:00,2026-04-12 06:30:00,2026-04-12 06:35:00,A74 ,121.0
2026-04-11,ME215,2026-04-11 21:35:00,2026-04-11 22:08:00,33.0,2026-04-11 21:42:00,2026-04-11 22:15:00,2026-04-11 22:28:00,2026-04-11 22:44:00,B36 A,184.0
2026-04-11,MS725,2026-04-12 01:45:00,2026-04-12 02:16:00,31.0,2026-04-12 01:50:00,2026-04-12 02:21:00,2026-04-12 02:36:00,2026-04-12 02:44:00,B9  A,162.0
2026-04-11,NH231,2026-04-12 04:35:00,2026-04-12 04:03:00,-32.0,2026-04-12 04:41:00,2026-04-12 04:09:00,2026-04-12 04:22:00,2026-04-12 04:47:00,B5  A,191.0
2026-04-11,OS291,2026-04-11 20:05:00,2026-04-11 20:04:00,-1.0,2026-04-11 20:12:00,2026-04-11 20:11:00,2026-04-11 20:28:00,2026-04-11 20:31:00,A45 ,49.0
2026-04-11,OS297,2026-04-12 06:10:00,2026-04-12 06:01:00,-9.0,2026-04-12 06:16:00,2026-04-12 06:07:00,2026-04-12 06:21:00,2026-04-12 06:24:00,A43 ,85.0
2026-04-11,SK1593,2026-04-12 01:35:00,2026-04-12 01:39:00,4.0,2026-04-12 01:40:00,2026-04-12 01:44:00,2026-04-12 02:02:00,2026-04-12 02:05:00,A47 ,34.0
2026-04-11,SK593,2026-04-11 20:40:00,2026-04-11 20:27:00,-13.0,2026-04-11 20:47:00,2026-04-11 20:34:00,2026-04-11 20:43:00,2026-04-11 20:44:00,A55 ,18.0
2026-04-11,SK597,2026-04-12 06:50:00,2026-04-12 06:46:00,-4.0,2026-04-12 06:57:00,2026-04-12 06:53:00,2026-04-12 07:07:00,2026-04-12 07:15:00,A51 ,89.0
2026-04-11,SN1138,2026-04-12 10:15:00,2026-04-12 09:55:00,-20.0,2026-04-12 10:21:00,2026-04-12 10:01:00,2026-04-12 10:21:00,2026-04-12 10:24:00,B28 A,87.0
2026-04-11,SN1574,2026-04-12 07:25:00,2026-04-12 07:13:00,-12.0,2026-04-12 07:29:00,2026-04-12 07:17:00,2026-04-12 07:50:00,2026-04-12 07:54:00,A49 ,106.0
2026-04-11,SN204,2026-04-11 16:00:00,2026-04-11 15:55:00,-5.0,2026-04-11 16:08:00,2026-04-11 16:03:00,2026-04-11 16:24:00,2026-04-11 16:48:00,B14 A,115.0
2026-04-11,SN2094,2026-04-12 00:15:00,2026-04-12 00:30:00,15.0,2026-04-12 00:20:00,2026-04-12 00:35:00,2026-04-12 01:15:00,2026-04-12 01:17:00,B36 A,62.0
2026-04-11,SN2104,2026-04-11 19:55:00,2026-04-11 19:46:00,-9.0,2026-04-11 19:58:00,2026-04-11 19:49:00,2026-04-11 19:59:00,2026-04-11 20:07:00,B27 A,8.0
2026-04-11,SN2258,2026-04-12 00:25:00,2026-04-12 00:21:00,-4.0,2026-04-12 00:30:00,2026-04-12 00:26:00,2026-04-12 00:39:00,2026-04-12 00:40:00,A54 ,38.0
2026-04-11,SN2298,2026-04-11 19:45:00,2026-04-11 19:43:00,-2.0,2026-04-11 19:48:00,2026-04-11 19:46:00,2026-04-11 20:03:00,2026-04-11 20:04:00,A42 ,15.0
2026-04-11,SN2324,2026-04-11 19:40:00,2026-04-11 19:33:00,-7.0,2026-04-11 19:44:00,2026-04-11 19:37:00,2026-04-11 19:55:00,2026-04-11 19:56:00,A54 ,9.0
2026-04-11,SN241,2026-04-11 16:50:00,2026-04-11 16:39:00,-11.0,2026-04-11 16:58:00,2026-04-11 16:47:00,2026-04-11 17:09:00,2026-04-11 17:29:00,B31 A,31.0
2026-04-11,SN2582,2026-04-12 00:05:00,2026-04-12 00:14:00,9.0,2026-04-12 00:11:00,2026-04-12 00:20:00,2026-04-12 00:44:00,2026-04-12 00:48:00,A56 ,91.0
2026-04-11,SN2592,2026-04-11 19:20:00,2026-04-11 19:07:00,-13.0,2026-04-11 19:24:00,2026-04-11 19:11:00,2026-04-11 19:31:00,2026-04-11 19:33:00,A50 ,16.0
2026-04-11,SN2608,2026-04-11 21:10:00,2026-04-11 21:04:00,-6.0,2026-04-11 21:17:00,2026-04-11 21:11:00,2026-04-11 21:42:00,2026-04-11 21:44:00,A46 ,32.0
2026-04-11,SN2612,2026-04-12 00:40:00,2026-04-12 00:18:00,-22.0,2026-04-12 00:43:00,2026-04-12 00:21:00,2026-04-12 00:41:00,2026-04-12 00:43:00,A61 ,39.0
2026-04-11,SN2614,2026-04-12 04:30:00,2026-04-12 04:13:00,-17.0,2026-04-12 04:33:00,2026-04-12 04:16:00,2026-04-12 04:25:00,2026-04-12 04:27:00,A58 ,19.0
2026-04-11,SN2624,2026-04-11 23:50:00,2026-04-11 23:41:00,-9.0,2026-04-11 23:56:00,2026-04-11 23:47:00,2026-04-11 23:58:00,2026-04-12 00:01:00,A46 ,11.0
2026-04-11,SN2644,2026-04-12 00:10:00,2026-04-12 00:11:00,1.0,2026-04-12 00:17:00,2026-04-12 00:18:00,2026-04-12 00:34:00,2026-04-12 00:35:00,A50 ,31.0
2026-04-11,SN2646,2026-04-12 03:15:00,2026-04-12 03:12:00,-3.0,2026-04-12 03:18:00,2026-04-12 03:15:00,2026-04-12 03:30:00,2026-04-12 03:32:00,A42 ,45.0
2026-04-11,SN2652,2026-04-12 09:55:00,2026-04-12 09:41:00,-14.0,2026-04-12 09:59:00,2026-04-12 09:45:00,2026-04-12 10:08:00,2026-04-12 10:11:00,A60 ,89.0
2026-04-11,SN2714,2026-04-11 23:45:00,2026-04-11 23:45:00,0.0,2026-04-11 23:51:00,2026-04-11 23:51:00,2026-04-12 00:10:00,2026-04-12 00:13:00,A44 ,49.0
2026-04-11,SN2722,2026-04-12 05:30:00,2026-04-12 05:25:00,-5.0,2026-04-12 05:33:00,2026-04-12 05:28:00,2026-04-12 05:46:00,2026-04-12 05:50:00,A50 ,82.0
2026-04-11,SN2726,2026-04-11 19:20:00,2026-04-11 19:15:00,-5.0,2026-04-11 19:27:00,2026-04-11 19:22:00,2026-04-11 19:40:00,2026-04-11 19:44:00,A46 ,7.0
2026-04-11,SN2810,2026-04-12 00:20:00,2026-04-12 00:23:00,3.0,2026-04-12 00:24:00,2026-04-12 00:27:00,2026-04-12 00:42:00,2026-04-12 00:45:00,A40 ,78.0
2026-04-11,SN2816,2026-04-11 19:20:00,2026-04-11 19:44:00,24.0,2026-04-11 19:25:00,2026-04-11 19:49:00,2026-04-11 20:10:00,2026-04-11 20:11:00,A55 ,12.0
2026-04-11,SN2830,2026-04-11 19:35:00,2026-04-11 19:39:00,4.0,2026-04-11 19:42:00,2026-04-11 19:46:00,2026-04-11 20:13:00,2026-04-11 20:15:00,A52 ,29.0
2026-04-11,SN2902,2026-04-11 22:05:00,2026-04-11 22:03:00,-2.0,2026-04-11 22:15:00,2026-04-11 22:13:00,2026-04-11 22:33:00,2026-04-11 22:36:00,A42 ,61.0
2026-04-11,SN2906,2026-04-12 06:55:00,2026-04-12 06:42:00,-13.0,2026-04-12 06:58:00,2026-04-12 06:45:00,2026-04-12 06:56:00,2026-04-12 06:59:00,A46 ,52.0
2026-04-11,SN3132,2026-04-12 08:15:00,2026-04-12 08:20:00,5.0,2026-04-12 08:19:00,2026-04-12 08:24:00,2026-04-12 08:52:00,2026-04-12 08:56:00,A62 ,115.0
2026-04-11,SN3140,2026-04-12 01:05:00,2026-04-12 01:28:00,23.0,2026-04-12 01:09:00,2026-04-12 01:32:00,2026-04-12 01:56:00,2026-04-12 01:59:00,A65 ,62.0
2026-04-11,SN3148,2026-04-12 01:45:00,2026-04-12 01:41:00,-4.0,2026-04-12 01:52:00,2026-04-12 01:48:00,2026-04-12 02:15:00,2026-04-12 02:18:00,A50 ,114.0
2026-04-11,SN3154,2026-04-11 21:10:00,2026-04-11 21:08:00,-2.0,2026-04-11 21:17:00,2026-04-11 21:15:00,2026-04-11 21:30:00,2026-04-11 21:31:00,A56 ,24.0
2026-04-11,SN3176,2026-04-11 23:25:00,2026-04-11 23:17:00,-8.0,2026-04-11 23:32:00,2026-04-11 23:24:00,2026-04-11 23:45:00,2026-04-11 23:49:00,A52 ,99.0
2026-04-11,SN3182,2026-04-12 07:20:00,2026-04-12 07:10:00,-10.0,2026-04-12 07:23:00,2026-04-12 07:13:00,2026-04-12 07:38:00,2026-04-12 07:41:00,A64 ,115.0
2026-04-11,SN3202,2026-04-12 01:20:00,2026-04-12 01:19:00,-1.0,2026-04-12 01:23:00,2026-04-12 01:22:00,2026-04-12 01:49:00,2026-04-12 01:55:00,A44 ,88.0
2026-04-11,SN3238,2026-04-12 05:30:00,2026-04-12 05:09:00,-21.0,2026-04-12 05:34:00,2026-04-12 05:13:00,2026-04-12 05:36:00,2026-04-12 05:39:00,A44 ,95.0
2026-04-11,SN3246,2026-04-12 00:25:00,2026-04-12 00:33:00,8.0,2026-04-12 00:31:00,2026-04-12 00:39:00,2026-04-12 01:04:00,2026-04-12 01:09:00,A42 ,118.0
2026-04-11,SN3256,2026-04-12 01:00:00,2026-04-12 00:53:00,-7.0,2026-04-12 01:06:00,2026-04-12 00:59:00,2026-04-12 01:28:00,2026-04-12 01:33:00,A52 ,116.0
2026-04-11,SN3344,2026-04-12 07:15:00,2026-04-12 07:04:00,-11.0,2026-04-12 07:21:00,2026-04-12 07:10:00,2026-04-12 07:27:00,2026-04-12 07:29:00,A59 ,37.0
2026-04-11,SN358,2026-04-11 17:15:00,2026-04-11 18:02:00,47.0,2026-04-11 17:19:00,2026-04-11 18:06:00,2026-04-11 18:25:00,2026-04-11 19:07:00,B29 A,196.0
2026-04-11,SN3588,2026-04-12 01:35:00,2026-04-12 01:44:00,9.0,2026-04-12 01:41:00,2026-04-12 01:50:00,2026-04-12 02:25:00,2026-04-12 02:31:00,A58 ,63.0
2026-04-11,SN3604,2026-04-11 19:25:00,2026-04-11 19:55:00,30.0,2026-04-11 19:29:00,2026-04-11 19:59:00,2026-04-11 20:35:00,2026-04-11 20:36:00,A58 ,25.0
2026-04-11,SN3618,2026-04-12 02:30:00,2026-04-12 02:13:00,-17.0,2026-04-12 02:37:00,2026-04-12 02:20:00,2026-04-12 02:36:00,2026-04-12 02:39:00,A48 ,89.0
2026-04-11,SN3622,2026-04-12 05:10:00,2026-04-12 05:02:00,-8.0,2026-04-12 05:14:00,2026-04-12 05:06:00,2026-04-12 05:24:00,2026-04-12 05:27:00,A52 ,63.0
2026-04-11,SN3632,2026-04-11 20:30:00,2026-04-11 20:03:00,-27.0,2026-04-11 20:35:00,2026-04-11 20:08:00,2026-04-11 20:26:00,2026-04-11 20:41:00,A57 ,4.0
2026-04-11,SN3634,2026-04-11 21:55:00,2026-04-11 22:29:00,34.0,2026-04-11 22:01:00,2026-04-11 22:35:00,2026-04-11 22:53:00,2026-04-11 23:07:00,A58 ,2.0
2026-04-11,SN3668,2026-04-12 00:50:00,2026-04-12 00:45:00,-5.0,2026-04-12 00:55:00,2026-04-12 00:50:00,2026-04-12 01:05:00,2026-04-12 01:08:00,A63 ,59.0
2026-04-11,SN369,2026-04-11 16:05:00,2026-04-11 16:10:00,5.0,2026-04-11 16:13:00,2026-04-11 16:18:00,2026-04-11 16:38:00,2026-04-11 17:02:00,B40 A,78.0
2026-04-11,SN3698,2026-04-12 01:30:00,2026-04-12 01:26:00,-4.0,2026-04-12 01:36:00,2026-04-12 01:32:00,2026-04-12 02:00:00,2026-04-12 02:03:00,A62 ,102.0
2026-04-11,SN3704,2026-04-12 04:15:00,2026-04-12 04:09:00,-6.0,2026-04-12 04:20:00,2026-04-12 04:14:00,2026-04-12 04:34:00,2026-04-12 04:39:00,A57 ,86.0
2026-04-11,SN3708,2026-04-11 18:40:00,2026-04-11 18:27:00,-13.0,2026-04-11 18:43:00,2026-04-11 18:30:00,2026-04-11 18:49:00,2026-04-11 19:00:00,A40 ,35.0
2026-04-11,SN3712,2026-04-12 01:00:00,2026-04-12 00:55:00,-5.0,2026-04-12 01:05:00,2026-04-12 01:00:00,2026-04-12 01:18:00,2026-04-12 01:20:00,A64 ,60.0
2026-04-11,SN3722,2026-04-12 01:55:00,2026-04-12 02:35:00,40.0,2026-04-12 01:58:00,2026-04-12 02:38:00,2026-04-12 03:01:00,2026-04-12 03:05:00,A46 ,116.0
2026-04-11,SN3732,2026-04-11 19:35:00,2026-04-11 19:23:00,-12.0,2026-04-11 19:38:00,2026-04-11 19:26:00,2026-04-11 20:01:00,2026-04-11 20:11:00,A56 ,15.0
2026-04-11,SN3734,2026-04-11 23:50:00,2026-04-11 23:48:00,-2.0,2026-04-11 23:55:00,2026-04-11 23:53:00,2026-04-12 00:21:00,2026-04-12 00:24:00,A48 ,88.0
2026-04-11,SN3736,2026-04-12 05:25:00,2026-04-12 06:03:00,38.0,2026-04-12 05:29:00,2026-04-12 06:07:00,2026-04-12 06:38:00,2026-04-12 06:41:00,A42 ,96.0
2026-04-11,SN3738,2026-04-12 10:10:00,2026-04-12 10:05:00,-5.0,2026-04-12 10:16:00,2026-04-12 10:11:00,2026-04-12 10:34:00,2026-04-12 10:38:00,A68 ,101.0
2026-04-11,SN3740,2026-04-12 08:10:00,2026-04-12 07:47:00,-23.0,2026-04-12 08:13:00,2026-04-12 07:50:00,2026-04-12 08:19:00,2026-04-12 08:23:00,A70 ,131.0
2026-04-11,SN3752,2026-04-12 07:20:00,2026-04-12 07:34:00,14.0,2026-04-12 07:25:00,2026-04-12 07:39:00,2026-04-12 07:57:00,2026-04-12 08:00:00,A57 ,79.0
2026-04-11,SN3766,2026-04-12 06:50:00,2026-04-12 06:31:00,-19.0,2026-04-12 06:55:00,2026-04-12 06:36:00,2026-04-12 07:00:00,2026-04-12 07:05:00,A56 ,129.0
2026-04-11,SN3768,2026-04-12 07:25:00,2026-04-12 08:32:00,67.0,2026-04-12 07:31:00,2026-04-12 08:38:00,2026-04-12 08:59:00,2026-04-12 09:07:00,A66 ,129.0
2026-04-11,SN3772,2026-04-11 22:35:00,2026-04-11 22:10:00,-25.0,2026-04-11 22:42:00,2026-04-11 22:17:00,2026-04-11 22:37:00,2026-04-11 22:39:00,A40 ,88.0
2026-04-11,SN3774,2026-04-12 10:10:00,2026-04-12 10:03:00,-7.0,2026-04-12 10:17:00,2026-04-12 10:10:00,2026-04-12 10:31:00,2026-04-12 10:34:00,A52 ,71.0
2026-04-11,SN3780,2026-04-12 05:00:00,2026-04-12 04:46:00,-14.0,2026-04-12 05:03:00,2026-04-12 04:49:00,2026-04-12 05:12:00,2026-04-12 05:19:00,A40 ,71.0
2026-04-11,SN3782,2026-04-12 10:30:00,2026-04-12 12:07:00,97.0,2026-04-12 10:36:00,2026-04-12 12:13:00,2026-04-12 12:42:00,2026-04-12 12:49:00,A55 ,135.0
2026-04-11,SN3784,2026-04-12 10:20:00,2026-04-12 10:07:00,-13.0,2026-04-12 10:26:00,2026-04-12 10:13:00,2026-04-12 10:35:00,2026-04-12 12:01:00,A50 ,134.0
2026-04-11,SN3802,2026-04-12 03:00:00,2026-04-12 02:59:00,-1.0,2026-04-12 03:03:00,2026-04-12 03:02:00,2026-04-12 03:19:00,2026-04-12 03:38:00,A44 ,152.0
2026-04-11,SN3806,2026-04-12 09:40:00,2026-04-12 09:33:00,-7.0,2026-04-12 09:44:00,2026-04-12 09:37:00,2026-04-12 10:02:00,2026-04-12 10:07:00,A54 ,120.0
2026-04-11,SN3820,2026-04-12 10:40:00,2026-04-12 10:53:00,13.0,2026-04-12 11:50:00,2026-04-12 12:03:00,2026-04-12 12:22:00,2026-04-12 12:27:00,A44 ,97.0
2026-04-11,SN3828,2026-04-12 10:50:00,2026-04-12 10:42:00,-8.0,2026-04-12 10:54:00,2026-04-12 10:46:00,2026-04-12 12:01:00,2026-04-12 12:20:00,A61 ,125.0
2026-04-11,SN3886,2026-04-12 10:10:00,2026-04-12 10:36:00,26.0,2026-04-12 10:15:00,2026-04-12 10:41:00,2026-04-12 10:53:00,2026-04-12 12:12:00,B14 A,152.0
2026-04-11,SN3894,2026-04-11 23:30:00,2026-04-11 23:25:00,-5.0,2026-04-11 23:34:00,2026-04-11 23:29:00,2026-04-11 23:47:00,2026-04-11 23:55:00,B34 A,115.0
2026-04-11,SN467,2026-04-11 17:45:00,2026-04-11 17:33:00,-12.0,2026-04-11 17:51:00,2026-04-11 17:39:00,2026-04-11 18:03:00,2026-04-11 18:28:00,B28 A,63.0
2026-04-11,SN502,2026-04-11 18:40:00,2026-04-11 17:56:00,-44.0,2026-04-11 18:45:00,2026-04-11 18:01:00,2026-04-11 18:10:00,2026-04-11 18:38:00,B5  A,176.0
2026-04-11,SN516,2026-04-11 18:25:00,2026-04-11 18:08:00,-17.0,2026-04-11 18:31:00,2026-04-11 18:14:00,2026-04-11 18:27:00,2026-04-11 18:58:00,B38 A,37.0
2026-04-11,SQ304,2026-04-11 18:25:00,2026-04-11 18:40:00,15.0,2026-04-11 18:30:00,2026-04-11 18:45:00,2026-04-11 19:00:00,2026-04-11 19:34:00,B11 A,223.0
2026-04-11,TB1012,2026-04-11 23:35:00,2026-04-11 23:34:00,-1.0,2026-04-11 23:40:00,2026-04-11 23:39:00,2026-04-12 00:02:00,2026-04-12 00:07:00,A57 ,123.0
2026-04-11,TB1014,2026-04-11 23:45:00,2026-04-11 23:57:00,12.0,2026-04-11 23:50:00,2026-04-12 00:02:00,2026-04-12 00:25:00,2026-04-12 00:30:00,A43 ,112.0
2026-04-11,TB1112,2026-04-11 23:30:00,2026-04-11 23:13:00,-17.0,2026-04-11 23:35:00,2026-04-11 23:18:00,2026-04-11 23:39:00,2026-04-11 23:42:00,A47 ,76.0
2026-04-11,TB1135,2026-04-12 00:25:00,2026-04-12 01:00:00,35.0,2026-04-12 00:31:00,2026-04-12 01:06:00,2026-04-12 01:21:00,2026-04-12 01:24:00,A53 ,68.0
2026-04-11,TB1312,2026-04-11 23:30:00,2026-04-11 23:28:00,-2.0,2026-04-11 23:36:00,2026-04-11 23:34:00,2026-04-11 23:51:00,2026-04-11 23:54:00,A45 ,92.0
2026-04-11,TB1502,2026-04-12 10:50:00,2026-04-12 12:11:00,81.0,2026-04-12 10:55:00,2026-04-12 12:16:00,2026-04-12 12:39:00,2026-04-12 12:54:00,A63 ,133.0
2026-04-11,TB1552,2026-04-12 10:10:00,2026-04-12 10:26:00,16.0,2026-04-12 10:15:00,2026-04-12 10:31:00,2026-04-12 10:50:00,2026-04-12 10:59:00,A69 ,164.0
2026-04-11,TB1554,2026-04-12 03:45:00,2026-04-12 03:37:00,-8.0,2026-04-12 03:54:00,2026-04-12 03:46:00,2026-04-12 04:03:00,2026-04-12 04:12:00,A55 ,145.0
2026-04-11,TB1702,2026-04-12 09:20:00,2026-04-12 09:23:00,3.0,2026-04-12 09:26:00,2026-04-12 09:29:00,2026-04-12 09:48:00,2026-04-12 09:54:00,A43 ,151.0
2026-04-11,TB1704,2026-04-12 08:50:00,2026-04-12 08:35:00,-15.0,2026-04-12 08:56:00,2026-04-12 08:41:00,2026-04-12 09:04:00,2026-04-12 09:09:00,A65 ,147.0
2026-04-11,TB1756,2026-04-12 10:25:00,2026-04-12 10:32:00,7.0,2026-04-12 10:30:00,2026-04-12 10:37:00,2026-04-12 10:58:00,2026-04-12 12:09:00,A65 ,164.0
2026-04-11,TB1758,2026-04-12 10:25:00,2026-04-12 12:33:00,128.0,2026-04-12 10:32:00,2026-04-12 12:40:00,2026-04-12 13:03:00,2026-04-12 13:08:00,A72 ,142.0
2026-04-11,TB2031,2026-04-12 07:25:00,2026-04-12 07:01:00,-24.0,2026-04-12 07:32:00,2026-04-12 07:08:00,2026-04-12 07:24:00,2026-04-12 07:33:00,B30 A,152.0
2026-04-11,TB2614,2026-04-12 08:35:00,2026-04-12 08:47:00,12.0,2026-04-12 08:39:00,2026-04-12 08:51:00,2026-04-12 09:10:00,2026-04-12 09:15:00,B9  A,138.0
2026-04-11,TB2752,2026-04-11 23:45:00,2026-04-11 23:22:00,-23.0,2026-04-11 23:49:00,2026-04-11 23:26:00,2026-04-11 23:40:00,2026-04-11 23:44:00,B27 A,79.0
2026-04-11,TB3012,2026-04-12 05:30:00,2026-04-12 05:27:00,-3.0,2026-04-12 05:37:00,2026-04-12 05:34:00,2026-04-12 05:51:00,2026-04-12 05:58:00,B36 A,155.0
2026-04-11,TG934,2026-04-11 18:15:00,2026-04-11 18:44:00,29.0,2026-04-11 18:22:00,2026-04-11 18:51:00,2026-04-11 19:11:00,2026-04-11 19:46:00,B17 A,245.0
2026-04-11,TK1937,2026-04-11 21:10:00,2026-04-11 21:26:00,16.0,2026-04-11 21:16:00,2026-04-11 21:32:00,2026-04-11 21:49:00,2026-04-11 22:10:00,B34 A,237.0
2026-04-11,TK1939,2026-04-12 04:50:00,2026-04-12 04:54:00,4.0,2026-04-12 04:56:00,2026-04-12 05:00:00,2026-04-12 05:13:00,2026-04-12 05:26:00,B28 A,169.0
2026-04-11,TK1941,2026-04-12 08:25:00,2026-04-12 08:36:00,11.0,2026-04-12 08:33:00,2026-04-12 08:44:00,2026-04-12 08:54:00,2026-04-12 09:10:00,B7  A,161.0
2026-04-11,TK1943,2026-04-12 00:25:00,2026-04-12 00:31:00,6.0,2026-04-12 00:32:00,2026-04-12 00:38:00,2026-04-12 00:57:00,2026-04-12 01:09:00,B28 A,136.0
2026-04-11,TP640,2026-04-11 22:00:00,2026-04-11 22:57:00,57.0,2026-04-11 22:06:00,2026-04-11 23:03:00,2026-04-11 23:13:00,2026-04-11 23:20:00,A49 ,61.0
2026-04-11,TP642,2026-04-12 02:05:00,2026-04-12 01:52:00,-13.0,2026-04-12 02:11:00,2026-04-12 01:58:00,2026-04-12 02:11:00,2026-04-12 02:20:00,A57 ,123.0
2026-04-11,TP644,2026-04-12 07:05:00,2026-04-12 06:59:00,-6.0,2026-04-12 07:10:00,2026-04-12 07:04:00,2026-04-12 07:24:00,2026-04-12 07:31:00,A53 ,123.0
2026-04-11,TP646,2026-04-12 10:55:00,2026-04-12 12:14:00,79.0,2026-04-12 11:00:00,2026-04-12 12:19:00,2026-04-12 12:42:00,2026-04-12 12:51:00,A51 ,146.0
2026-04-11,TU954,2026-04-11 22:25:00,2026-04-11 22:05:00,-20.0,2026-04-11 22:31:00,2026-04-11 22:11:00,2026-04-11 22:33:00,2026-04-11 22:44:00,B29 A,115.0
2026-04-11,UA950,2026-04-11 18:15:00,2026-04-11 18:17:00,2.0,2026-04-11 18:19:00,2026-04-11 18:21:00,2026-04-11 18:50:00,2026-04-11 19:18:00,B31 A,241.0
2026-04-11,UA972,2026-04-11 20:00:00,2026-04-11 19:50:00,-10.0,2026-04-11 20:05:00,2026-04-11 19:55:00,2026-04-11 20:08:00,2026-04-11 20:39:00,B38 A,168.0
2026-04-11,UA994,2026-04-11 18:45:00,2026-04-11 18:14:00,-31.0,2026-04-11 18:49:00,2026-04-11 18:18:00,2026-04-11 18:38:00,2026-04-11 19:09:00,B40 A,186.0
2026-04-11,UX1171,2026-04-11 20:45:00,2026-04-11 20:50:00,5.0,2026-04-11 20:51:00,2026-04-11 20:56:00,2026-04-11 21:38:00,2026-04-11 21:40:00,A50 ,51.0
2026-04-11,UX1173,2026-04-12 04:40:00,2026-04-12 04:21:00,-19.0,2026-04-12 04:46:00,2026-04-12 04:27:00,2026-04-12 04:47:00,2026-04-12 04:51:00,A47 ,85.0
2026-04-11,VF65,2026-04-11 22:15:00,2026-04-11 22:15:00,0.0,2026-04-11 22:22:00,2026-04-11 22:22:00,2026-04-11 22:48:00,2026-04-11 22:52:00,B11 A,108.0
2026-04-11,VF67,2026-04-12 03:10:00,2026-04-12 03:25:00,15.0,2026-04-12 03:19:00,2026-04-12 03:34:00,2026-04-12 03:53:00,2026-04-12 04:02:00,B28 A,186.0
2026-04-11,VY1332,2026-04-11 20:25:00,2026-04-11 20:00:00,-25.0,2026-04-11 20:29:00,2026-04-11 20:04:00,2026-04-11 20:21:00,2026-04-11 20:22:00,A47 ,16.0
2026-04-11,VY1334,2026-04-12 07:00:00,2026-04-12 06:44:00,-16.0,2026-04-12 07:06:00,2026-04-12 06:50:00,2026-04-12 07:09:00,2026-04-12 07:11:00,A47 ,71.0
2026-04-11,VY1470,2026-04-11 19:45:00,2026-04-11 19:53:00,8.0,2026-04-11 19:51:00,2026-04-11 19:59:00,2026-04-11 20:13:00,2026-04-11 20:14:00,A51 ,20.0
2026-04-11,VY2150,2026-04-11 21:25:00,2026-04-11 21:01:00,-24.0,2026-04-11 21:30:00,2026-04-11 21:06:00,2026-04-11 21:27:00,2026-04-11 21:29:00,A53 ,52.0
2026-04-11,VY6814,2026-04-12 01:40:00,2026-04-12 01:49:00,9.0,2026-04-12 01:44:00,2026-04-12 01:53:00,2026-04-12 02:11:00,2026-04-12 02:14:00,A51 ,48.0
2026-04-11,VY8978,2026-04-11 23:45:00,2026-04-11 23:23:00,-22.0,2026-04-11 23:51:00,2026-04-11 23:29:00,2026-04-11 23:41:00,2026-04-11 23:43:00,A51 ,49.0
2026-04-11,VY8980,2026-04-11 20:45:00,2026-04-11 20:33:00,-12.0,2026-04-11 20:50:00,2026-04-11 20:38:00,2026-04-11 20:56:00,2026-04-11 21:00:00,A49 ,28.0
2026-04-11,VY8982,2026-04-12 04:15:00,2026-04-12 04:06:00,-9.0,2026-04-12 04:21:00,2026-04-12 04:12:00,2026-04-12 04:24:00,2026-04-12 04:27:00,A43 ,82.0
2026-04-11,VY8984,2026-04-12 07:50:00,2026-04-12 07:28:00,-22.0,2026-04-12 07:57:00,2026-04-12 07:35:00,2026-04-12 07:48:00,2026-04-12 07:50:00,A43 ,54.0
2026-04-11,VY8986,2026-04-12 01:30:00,2026-04-12 01:14:00,-16.0,2026-04-12 01:36:00,2026-04-12 01:20:00,2026-04-12 01:34:00,2026-04-12 01:40:00,A45 ,75.0
2026-04-11,XC5016,2026-04-12 01:35:00,2026-04-12 01:37:00,2.0,2026-04-12 01:40:00,2026-04-12 01:42:00,2026-04-12 02:04:00,2026-04-12 02:16:00,B5  A,147.0
2026-04-12,AC832,2026-04-12 19:10:00,2026-04-12 18:29:00,-41.0,2026-04-12 19:16:00,2026-04-12 18:35:00,2026-04-12 18:52:00,2026-04-12 19:20:00,B34 A,211.0
2026-04-12,AY1541,2026-04-12 22:35:00,2026-04-12 22:25:00,-10.0,2026-04-12 22:40:00,2026-04-12 22:30:00,2026-04-12 22:48:00,2026-04-12 22:52:00,A55 ,80.0
2026-04-12,AY1545,2026-04-13 06:20:00,2026-04-13 06:20:00,0.0,2026-04-13 06:24:00,2026-04-13 06:24:00,2026-04-13 06:44:00,2026-04-13 06:47:00,A69 ,60.0
2026-04-12,AY1549,2026-04-13 10:35:00,2026-04-13 10:29:00,-6.0,2026-04-13 10:41:00,2026-04-13 10:35:00,2026-04-13 10:49:00,2026-04-13 10:52:00,A57 ,54.0
2026-04-12,AZ154,2026-04-13 07:05:00,2026-04-13 07:16:00,11.0,2026-04-13 07:10:00,2026-04-13 07:21:00,2026-04-13 07:44:00,2026-04-13 07:52:00,A63 ,69.0
2026-04-12,AZ156,2026-04-12 22:45:00,2026-04-12 22:27:00,-18.0,2026-04-12 22:51:00,2026-04-12 22:33:00,2026-04-12 22:58:00,2026-04-12 23:00:00,A45 ,84.0
2026-04-12,AZ160,2026-04-13 06:00:00,2026-04-13 05:40:00,-20.0,2026-04-13 06:05:00,2026-04-13 05:45:00,2026-04-13 06:01:00,2026-04-13 06:07:00,A45 ,114.0
2026-04-12,BA384,2026-04-12 21:50:00,2026-04-12 21:40:00,-10.0,2026-04-12 21:57:00,2026-04-12 21:47:00,2026-04-12 21:55:00,2026-04-12 21:58:00,B11 A,47.0
2026-04-12,BA386,2026-04-13 02:20:00,2026-04-13 02:54:00,34.0,2026-04-13 02:25:00,2026-04-13 02:59:00,2026-04-13 03:13:00,2026-04-13 03:21:00,B28 A,94.0
2026-04-12,BA390,2026-04-13 07:55:00,2026-04-13 08:00:00,5.0,2026-04-13 07:59:00,2026-04-13 08:04:00,2026-04-13 08:25:00,2026-04-13 08:28:00,B7  A,79.0
2026-04-12,BT853,2026-04-13 08:00:00,2026-04-13 08:02:00,2.0,2026-04-13 08:05:00,2026-04-13 08:07:00,2026-04-13 08:25:00,2026-04-13 08:27:00,A65 ,23.0
2026-04-12,EI630,2026-04-12 21:40:00,2026-04-12 21:26:00,-14.0,2026-04-12 21:48:00,2026-04-12 21:34:00,2026-04-12 21:50:00,2026-04-12 21:54:00,B32 A,105.0
2026-04-12,EI638,2026-04-13 08:45:00,2026-04-13 08:27:00,-18.0,2026-04-13 08:49:00,2026-04-13 08:31:00,2026-04-13 08:44:00,2026-04-13 08:50:00,B9  A,126.0
2026-04-12,EK181,2026-04-13 07:30:00,2026-04-13 07:36:00,6.0,2026-04-13 07:35:00,2026-04-13 07:41:00,2026-04-13 07:54:00,2026-04-13 08:44:00,B31 A,248.0
2026-04-12,ET750,2026-04-12 19:05:00,2026-04-12 20:18:00,73.0,2026-04-12 19:11:00,2026-04-12 20:24:00,2026-04-12 20:42:00,2026-04-12 21:21:00,B11 A,301.0
2026-04-12,EY57,2026-04-12 20:00:00,2026-04-12 19:59:00,-1.0,2026-04-12 20:07:00,2026-04-12 20:06:00,2026-04-12 20:24:00,2026-04-12 21:25:00,B5  A,309.0
2026-04-12,FB407,2026-04-13 07:45:00,2026-04-13 07:56:00,11.0,2026-04-13 07:50:00,2026-04-13 08:01:00,2026-04-13 08:15:00,2026-04-13 08:18:00,A45 ,83.0
2026-04-12,FI554,2026-04-13 00:55:00,2026-04-13 01:11:00,16.0,2026-04-13 01:01:00,2026-04-13 01:17:00,2026-04-13 01:36:00,2026-04-13 01:41:00,A49 ,119.0
2026-04-12,GQ800,2026-04-13 06:55:00,2026-04-13 06:44:00,-11.0,2026-04-13 07:00:00,2026-04-13 06:49:00,2026-04-13 07:07:00,2026-04-13 07:11:00,A56 ,119.0
2026-04-12,IB1301,2026-04-13 07:00:00,2026-04-13 06:35:00,-25.0,2026-04-13 07:06:00,2026-04-13 06:41:00,2026-04-13 06:55:00,2026-04-13 07:01:00,A55 ,77.0
2026-04-12,IB597,2026-04-12 23:25:00,2026-04-12 23:01:00,-24.0,2026-04-12 23:33:00,2026-04-12 23:09:00,2026-04-12 23:27:00,2026-04-12 23:35:00,A43 ,137.0
2026-04-12,IB603,2026-04-13 10:30:00,2026-04-13 10:09:00,-21.0,2026-04-13 10:37:00,2026-04-13 10:16:00,2026-04-13 10:34:00,2026-04-13 10:46:00,A45 ,94.0
2026-04-12,KM420,2026-04-13 07:15:00,2026-04-13 06:46:00,-29.0,2026-04-13 07:21:00,2026-04-13 06:52:00,2026-04-13 07:07:00,2026-04-13 07:20:00,A62 ,167.0
2026-04-12,LH1004,2026-04-12 19:45:00,2026-04-12 19:35:00,-10.0,2026-04-12 19:51:00,2026-04-12 19:41:00,2026-04-12 19:56:00,2026-04-12 20:06:00,A43 ,18.0
2026-04-12,LH2282,2026-04-12 19:55:00,2026-04-12 19:47:00,-8.0,2026-04-12 20:02:00,2026-04-12 19:54:00,2026-04-12 20:12:00,2026-04-12 20:15:00,A45 ,3.0
2026-04-12,LO231,2026-04-13 10:35:00,2026-04-13 10:39:00,4.0,2026-04-13 10:41:00,2026-04-13 10:45:00,2026-04-13 11:07:00,2026-04-13 11:09:00,A53 ,33.0
2026-04-12,LO233,2026-04-13 06:40:00,2026-04-13 06:51:00,11.0,2026-04-13 06:46:00,2026-04-13 06:57:00,2026-04-13 07:19:00,2026-04-13 07:25:00,A53 ,80.0
2026-04-12,LO235,2026-04-12 21:25:00,2026-04-12 21:57:00,32.0,2026-04-12 21:29:00,2026-04-12 22:01:00,2026-04-12 22:24:00,2026-04-12 22:26:00,A50 ,52.0
2026-04-12,LX780,2026-04-13 02:15:00,2026-04-13 02:09:00,-6.0,2026-04-13 02:21:00,2026-04-13 02:15:00,2026-04-13 02:34:00,2026-04-13 02:38:00,A45 ,120.0
2026-04-12,LX786,2026-04-12 20:50:00,2026-04-12 20:47:00,-3.0,2026-04-12 20:56:00,2026-04-12 20:53:00,2026-04-12 21:15:00,2026-04-12 21:20:00,A43 ,29.0
2026-04-12,LX788,2026-04-13 06:35:00,2026-04-13 06:39:00,4.0,2026-04-13 06:39:00,2026-04-13 06:43:00,2026-04-13 06:54:00,2026-04-13 07:10:00,A47 ,112.0
2026-04-12,MS725,2026-04-13 03:15:00,2026-04-13 03:37:00,22.0,2026-04-13 03:26:00,2026-04-13 03:48:00,2026-04-13 03:58:00,2026-04-13 04:19:00,B14 A,136.0
2026-04-12,OS291,2026-04-12 21:05:00,2026-04-12 21:06:00,1.0,2026-04-12 21:11:00,2026-04-12 21:12:00,2026-04-12 21:29:00,2026-04-12 21:34:00,A45 ,43.0
2026-04-12,OS293,2026-04-13 02:05:00,2026-04-13 02:11:00,6.0,2026-04-13 02:10:00,2026-04-13 02:16:00,2026-04-13 02:32:00,2026-04-13 02:35:00,A47 ,94.0
2026-04-12,OS295,2026-04-13 04:45:00,2026-04-13 04:43:00,-2.0,2026-04-13 04:50:00,2026-04-13 04:48:00,2026-04-13 05:02:00,2026-04-13 05:06:00,A45 ,87.0
2026-04-12,OS297,2026-04-13 07:10:00,2026-04-13 07:07:00,-3.0,2026-04-13 07:15:00,2026-04-13 07:12:00,2026-04-13 07:26:00,2026-04-13 07:34:00,A49 ,126.0
2026-04-12,OU4456,2026-04-13 07:50:00,2026-04-13 10:59:00,189.0,2026-04-13 07:56:00,2026-04-13 11:05:00,2026-04-13 11:27:00,2026-04-13 11:31:00,A49 ,91.0
2026-04-12,QS1002,2026-04-13 06:45:00,2026-04-13 06:33:00,-12.0,2026-04-13 06:51:00,2026-04-13 06:39:00,2026-04-13 06:58:00,2026-04-13 07:01:00,A51 ,90.0
2026-04-12,RJ141,2026-04-13 03:15:00,2026-04-13 02:58:00,-17.0,2026-04-13 03:21:00,2026-04-13 03:04:00,2026-04-13 03:19:00,2026-04-13 03:29:00,B5  A,180.0
2026-04-12,RO373,2026-04-13 06:45:00,2026-04-13 07:28:00,43.0,2026-04-13 06:52:00,2026-04-13 07:35:00,2026-04-13 07:52:00,2026-04-13 07:56:00,A52 ,61.0
2026-04-12,SK1595,2026-04-13 06:30:00,2026-04-13 06:41:00,11.0,2026-04-13 06:35:00,2026-04-13 06:46:00,2026-04-13 07:10:00,2026-04-13 07:12:00,A67 ,73.0
2026-04-12,SK2591,2026-04-13 08:40:00,2026-04-13 08:40:00,0.0,2026-04-13 08:46:00,2026-04-13 08:46:00,2026-04-13 09:01:00,2026-04-13 09:13:00,A45 ,102.0
2026-04-12,SK4743,2026-04-13 00:00:00,2026-04-13 00:05:00,5.0,2026-04-13 00:07:00,2026-04-13 00:12:00,2026-04-13 00:42:00,2026-04-13 00:45:00,A45 ,107.0
2026-04-12,SK589,2026-04-12 23:25:00,2026-04-12 23:17:00,-8.0,2026-04-12 23:32:00,2026-04-12 23:24:00,2026-04-12 23:40:00,2026-04-12 23:42:00,A47 ,50.0
2026-04-12,SK597,2026-04-13 07:50:00,2026-04-13 07:41:00,-9.0,2026-04-13 08:00:00,2026-04-13 07:51:00,2026-04-13 08:07:00,2026-04-13 08:11:00,A47 ,68.0
2026-04-12,SN1028,2026-04-13 07:30:00,2026-04-13 06:54:00,-36.0,2026-04-13 07:34:00,2026-04-13 06:58:00,2026-04-13 07:22:00,2026-04-13 07:26:00,A40 ,107.0
2026-04-12,SN1122,2026-04-12 15:35:00,2026-04-12 15:34:00,-1.0,2026-04-12 15:39:00,2026-04-12 15:38:00,2026-04-12 15:53:00,2026-04-12 16:19:00,B5  A,155.0
2026-04-12,SN1124,2026-04-12 14:05:00,2026-04-12 13:41:00,-24.0,2026-04-12 14:10:00,2026-04-12 13:46:00,2026-04-12 13:58:00,2026-04-12 14:15:00,B14 A,154.0
2026-04-12,SN1652,2026-04-13 05:20:00,2026-04-13 05:07:00,-13.0,2026-04-13 05:27:00,2026-04-13 05:14:00,2026-04-13 05:29:00,2026-04-13 05:33:00,A42 ,66.0
2026-04-12,SN206,2026-04-12 17:20:00,2026-04-12 17:02:00,-18.0,2026-04-12 17:26:00,2026-04-12 17:08:00,2026-04-12 17:21:00,2026-04-12 18:04:00,B14 A,155.0
2026-04-12,SN2094,2026-04-13 01:15:00,2026-04-13 01:18:00,3.0,2026-04-13 01:18:00,2026-04-13 01:21:00,2026-04-13 01:39:00,2026-04-13 01:44:00,B29 A,97.0
2026-04-12,SN2096,2026-04-13 08:00:00,2026-04-13 08:17:00,17.0,2026-04-13 08:05:00,2026-04-13 08:22:00,2026-04-13 08:43:00,2026-04-13 08:48:00,B28 A,76.0
2026-04-12,SN2258,2026-04-13 01:25:00,2026-04-13 01:20:00,-5.0,2026-04-13 01:29:00,2026-04-13 01:24:00,2026-04-13 01:49:00,2026-04-13 01:52:00,A56 ,63.0
2026-04-12,SN2260,2026-04-13 07:45:00,2026-04-13 07:38:00,-7.0,2026-04-13 07:52:00,2026-04-13 07:45:00,2026-04-13 07:56:00,2026-04-13 08:03:00,A44 ,69.0
2026-04-12,SN2268,2026-04-12 20:25:00,2026-04-12 20:25:00,0.0,2026-04-12 20:30:00,2026-04-12 20:30:00,2026-04-12 20:45:00,2026-04-12 20:46:00,A59 ,28.0
2026-04-12,SN2284,2026-04-13 08:05:00,2026-04-13 07:58:00,-7.0,2026-04-13 08:08:00,2026-04-13 08:01:00,2026-04-13 08:13:00,2026-04-13 08:17:00,A46 ,56.0
2026-04-12,SN229,2026-04-12 17:00:00,2026-04-12 17:11:00,11.0,2026-04-12 17:04:00,2026-04-12 17:15:00,2026-04-12 17:54:00,2026-04-12 18:13:00,B37 A,91.0
2026-04-12,SN2294,2026-04-13 07:50:00,2026-04-13 07:42:00,-8.0,2026-04-13 07:55:00,2026-04-13 07:47:00,2026-04-13 08:03:00,2026-04-13 08:08:00,A57 ,80.0
2026-04-12,SN2318,2026-04-13 08:00:00,2026-04-13 07:49:00,-11.0,2026-04-13 08:03:00,2026-04-13 07:52:00,2026-04-13 08:11:00,2026-04-13 08:21:00,A48 ,46.0
2026-04-12,SN2372,2026-04-13 08:25:00,2026-04-13 08:18:00,-7.0,2026-04-13 08:31:00,2026-04-13 08:24:00,2026-04-13 08:50:00,2026-04-13 08:55:00,A64 ,78.0
2026-04-12,SN2548,2026-04-13 08:15:00,2026-04-13 08:14:00,-1.0,2026-04-13 08:19:00,2026-04-13 08:18:00,2026-04-13 08:39:00,2026-04-13 08:47:00,A67 ,62.0
2026-04-12,SN2582,2026-04-13 01:05:00,2026-04-13 01:00:00,-5.0,2026-04-13 01:09:00,2026-04-13 01:04:00,2026-04-13 01:29:00,2026-04-13 01:32:00,A48 ,82.0
2026-04-12,SN2588,2026-04-13 08:10:00,2026-04-13 07:59:00,-11.0,2026-04-13 08:17:00,2026-04-13 08:06:00,2026-04-13 08:31:00,2026-04-13 08:36:00,A42 ,86.0
2026-04-12,SN2590,2026-04-13 10:15:00,2026-04-13 10:03:00,-12.0,2026-04-13 10:18:00,2026-04-13 10:06:00,2026-04-13 10:16:00,2026-04-13 10:18:00,A50 ,35.0
2026-04-12,SN2592,2026-04-12 20:20:00,2026-04-12 20:03:00,-17.0,2026-04-12 20:25:00,2026-04-12 20:08:00,2026-04-12 20:20:00,2026-04-12 20:21:00,A56 ,1.0
2026-04-12,SN2608,2026-04-12 22:10:00,2026-04-12 21:52:00,-18.0,2026-04-12 22:13:00,2026-04-12 21:55:00,2026-04-12 22:19:00,2026-04-12 22:22:00,A46 ,24.0
2026-04-12,SN2610,2026-04-13 00:45:00,2026-04-13 00:29:00,-16.0,2026-04-13 00:48:00,2026-04-13 00:32:00,2026-04-13 00:47:00,2026-04-13 00:50:00,A44 ,49.0
2026-04-12,SN2614,2026-04-13 05:30:00,2026-04-13 05:19:00,-11.0,2026-04-13 05:35:00,2026-04-13 05:24:00,2026-04-13 05:40:00,2026-04-13 05:45:00,A40 ,77.0
2026-04-12,SN2618,2026-04-13 10:35:00,2026-04-13 10:32:00,-3.0,2026-04-13 10:43:00,2026-04-13 10:40:00,2026-04-13 11:02:00,2026-04-13 11:07:00,A44 ,104.0
2026-04-12,SN2644,2026-04-13 01:10:00,2026-04-13 01:16:00,6.0,2026-04-13 01:14:00,2026-04-13 01:20:00,2026-04-13 01:34:00,2026-04-13 01:36:00,A46 ,51.0
2026-04-12,SN2646,2026-04-13 04:15:00,2026-04-13 04:19:00,4.0,2026-04-13 04:18:00,2026-04-13 04:22:00,2026-04-13 04:38:00,2026-04-13 04:41:00,A56 ,51.0
2026-04-12,SN2650,2026-04-13 07:55:00,2026-04-13 07:51:00,-4.0,2026-04-13 08:00:00,2026-04-13 07:56:00,2026-04-13 08:10:00,2026-04-13 08:17:00,A66 ,51.0
2026-04-12,SN2652,2026-04-13 10:55:00,2026-04-13 10:46:00,-9.0,2026-04-13 11:01:00,2026-04-13 10:52:00,2026-04-13 11:25:00,2026-04-13 11:27:00,A52 ,52.0
2026-04-12,SN2712,2026-04-12 21:35:00,2026-04-12 21:34:00,-1.0,2026-04-12 21:39:00,2026-04-12 21:38:00,2026-04-12 22:02:00,2026-04-12 22:04:00,A44 ,26.0
2026-04-12,SN2714,2026-04-13 00:45:00,2026-04-13 00:33:00,-12.0,2026-04-13 00:48:00,2026-04-13 00:36:00,2026-04-13 00:59:00,2026-04-13 01:03:00,A42 ,102.0
2026-04-12,SN2722,2026-04-13 06:30:00,2026-04-13 06:23:00,-7.0,2026-04-13 06:33:00,2026-04-13 06:26:00,2026-04-13 06:39:00,2026-04-13 06:43:00,A50 ,72.0
2026-04-12,SN2724,2026-04-13 10:30:00,2026-04-13 10:34:00,4.0,2026-04-13 10:38:00,2026-04-13 10:42:00,2026-04-13 11:03:00,2026-04-13 11:05:00,A46 ,97.0
2026-04-12,SN2726,2026-04-12 20:20:00,2026-04-12 20:12:00,-8.0,2026-04-12 20:23:00,2026-04-12 20:15:00,2026-04-12 20:30:00,2026-04-12 20:32:00,A54 ,11.0
2026-04-12,SN278,2026-04-12 17:40:00,2026-04-12 17:14:00,-26.0,2026-04-12 17:45:00,2026-04-12 17:19:00,2026-04-12 17:42:00,2026-04-12 18:08:00,B38 A,136.0
2026-04-12,SN2812,2026-04-13 08:15:00,2026-04-13 08:08:00,-7.0,2026-04-13 08:20:00,2026-04-13 08:13:00,2026-04-13 08:24:00,2026-04-13 08:31:00,A55 ,48.0
2026-04-12,SN2814,2026-04-13 10:45:00,2026-04-13 10:42:00,-3.0,2026-04-13 10:49:00,2026-04-13 10:46:00,2026-04-13 11:11:00,2026-04-13 11:13:00,A67 ,54.0
2026-04-12,SN2826,2026-04-13 08:05:00,2026-04-13 07:52:00,-13.0,2026-04-13 08:13:00,2026-04-13 08:00:00,2026-04-13 08:22:00,2026-04-13 08:27:00,A54 ,85.0
2026-04-12,SN2900,2026-04-12 15:40:00,2026-04-12 15:58:00,18.0,2026-04-12 15:43:00,2026-04-12 16:01:00,2026-04-12 16:21:00,2026-04-12 16:24:00,B31 A,62.0
2026-04-12,SN2902,2026-04-12 23:05:00,2026-04-12 23:04:00,-1.0,2026-04-12 23:08:00,2026-04-12 23:07:00,2026-04-12 23:24:00,2026-04-12 23:30:00,A54 ,86.0
2026-04-12,SN2906,2026-04-13 07:55:00,2026-04-13 07:47:00,-8.0,2026-04-13 08:01:00,2026-04-13 07:53:00,2026-04-13 08:10:00,2026-04-13 08:13:00,A50 ,57.0
2026-04-12,SN2908,2026-04-13 10:50:00,2026-04-13 10:37:00,-13.0,2026-04-13 10:55:00,2026-04-13 10:42:00,2026-04-13 11:07:00,2026-04-13 11:10:00,A66 ,78.0
2026-04-12,SN3126,2026-04-13 05:55:00,2026-04-13 05:49:00,-6.0,2026-04-13 05:59:00,2026-04-13 05:53:00,2026-04-13 06:19:00,2026-04-13 06:22:00,A64 ,85.0
2026-04-12,SN3132,2026-04-13 06:20:00,2026-04-13 05:57:00,-23.0,2026-04-13 06:23:00,2026-04-13 06:00:00,2026-04-13 06:28:00,2026-04-13 06:32:00,A44 ,109.0
2026-04-12,SN3140,2026-04-13 02:05:00,2026-04-13 01:42:00,-23.0,2026-04-13 02:08:00,2026-04-13 01:45:00,2026-04-13 02:06:00,2026-04-13 02:09:00,A52 ,78.0
2026-04-12,SN3150,2026-04-13 08:20:00,2026-04-13 08:23:00,3.0,2026-04-13 08:26:00,2026-04-13 08:29:00,2026-04-13 08:54:00,2026-04-13 08:58:00,A56 ,112.0
2026-04-12,SN3154,2026-04-12 22:10:00,2026-04-12 22:07:00,-3.0,2026-04-12 22:15:00,2026-04-12 22:12:00,2026-04-12 22:37:00,2026-04-12 22:41:00,A52 ,65.0
2026-04-12,SN3160,2026-04-13 11:15:00,2026-04-13 11:13:00,-2.0,2026-04-13 11:19:00,2026-04-13 11:17:00,2026-04-13 11:41:00,2026-04-13 11:43:00,A61 ,66.0
2026-04-12,SN3170,2026-04-13 03:20:00,2026-04-13 03:14:00,-6.0,2026-04-13 03:23:00,2026-04-13 03:17:00,2026-04-13 03:44:00,2026-04-13 03:49:00,A64 ,115.0
2026-04-12,SN3184,2026-04-13 11:15:00,2026-04-13 10:50:00,-25.0,2026-04-13 11:18:00,2026-04-13 10:53:00,2026-04-13 11:24:00,2026-04-13 11:27:00,A42 ,85.0
2026-04-12,SN3202,2026-04-13 02:20:00,2026-04-13 02:08:00,-12.0,2026-04-13 02:23:00,2026-04-13 02:11:00,2026-04-13 02:27:00,2026-04-13 02:31:00,A54 ,83.0
2026-04-12,SN3246,2026-04-13 04:05:00,2026-04-13 04:02:00,-3.0,2026-04-13 04:09:00,2026-04-13 04:06:00,2026-04-13 04:33:00,2026-04-13 04:38:00,A54 ,140.0
2026-04-12,SN3256,2026-04-13 04:00:00,2026-04-13 03:52:00,-8.0,2026-04-13 04:03:00,2026-04-13 03:55:00,2026-04-13 04:20:00,2026-04-13 04:25:00,A50 ,126.0
2026-04-12,SN3326,2026-04-12 14:40:00,2026-04-12 14:46:00,6.0,2026-04-12 14:45:00,2026-04-12 14:51:00,2026-04-12 15:05:00,2026-04-12 15:23:00,B28 A,138.0
2026-04-12,SN3344,2026-04-13 02:15:00,2026-04-13 01:57:00,-18.0,2026-04-13 02:21:00,2026-04-13 02:03:00,2026-04-13 02:18:00,2026-04-13 02:22:00,A51 ,78.0
2026-04-12,SN358,2026-04-12 18:15:00,2026-04-12 19:28:00,73.0,2026-04-12 18:24:00,2026-04-12 19:37:00,2026-04-12 19:58:00,2026-04-12 20:24:00,B28 A,189.0
2026-04-12,SN3588,2026-04-13 02:35:00,2026-04-13 02:38:00,3.0,2026-04-13 02:41:00,2026-04-13 02:44:00,2026-04-13 03:02:00,2026-04-13 03:04:00,A55 ,24.0
2026-04-12,SN3598,2026-04-13 03:15:00,2026-04-13 02:47:00,-28.0,2026-04-13 03:19:00,2026-04-13 02:51:00,2026-04-13 03:08:00,2026-04-13 03:12:00,A66 ,93.0
2026-04-12,SN3618,2026-04-13 03:00:00,2026-04-13 02:44:00,-16.0,2026-04-13 03:04:00,2026-04-13 02:48:00,2026-04-13 03:06:00,2026-04-13 03:10:00,A46 ,81.0
2026-04-12,SN3622,2026-04-13 06:10:00,2026-04-13 06:10:00,0.0,2026-04-13 06:14:00,2026-04-13 06:14:00,2026-04-13 06:29:00,2026-04-13 06:33:00,A48 ,64.0
2026-04-12,SN3632,2026-04-12 21:30:00,2026-04-12 21:14:00,-16.0,2026-04-12 21:34:00,2026-04-12 21:18:00,2026-04-12 21:36:00,2026-04-12 21:50:00,A60 ,3.0
2026-04-12,SN3634,2026-04-12 22:55:00,2026-04-12 22:43:00,-12.0,2026-04-12 22:59:00,2026-04-12 22:47:00,2026-04-12 23:01:00,2026-04-12 23:04:00,A60 ,27.0
2026-04-12,SN3698,2026-04-13 02:30:00,2026-04-13 03:01:00,31.0,2026-04-13 02:33:00,2026-04-13 03:04:00,2026-04-13 03:17:00,2026-04-13 03:27:00,A44 ,69.0
2026-04-12,SN3704,2026-04-13 05:15:00,2026-04-13 05:06:00,-9.0,2026-04-13 05:19:00,2026-04-13 05:10:00,2026-04-13 05:32:00,2026-04-13 05:37:00,A58 ,59.0
2026-04-12,SN3706,2026-04-13 11:25:00,2026-04-13 11:15:00,-10.0,2026-04-13 11:30:00,2026-04-13 11:20:00,2026-04-13 11:44:00,2026-04-13 11:47:00,A63 ,75.0
2026-04-12,SN3712,2026-04-13 02:00:00,2026-04-13 02:01:00,1.0,2026-04-13 02:04:00,2026-04-13 02:05:00,2026-04-13 02:29:00,2026-04-13 02:33:00,A50 ,103.0
2026-04-12,SN3722,2026-04-13 02:55:00,2026-04-13 03:06:00,11.0,2026-04-13 02:59:00,2026-04-13 03:10:00,2026-04-13 03:34:00,2026-04-13 03:38:00,A48 ,73.0
2026-04-12,SN3728,2026-04-13 07:55:00,2026-04-13 08:25:00,30.0,2026-04-13 07:59:00,2026-04-13 08:29:00,2026-04-13 08:58:00,2026-04-13 09:00:00,A70 ,91.0
2026-04-12,SN3730,2026-04-13 11:10:00,2026-04-13 11:06:00,-4.0,2026-04-13 11:15:00,2026-04-13 11:11:00,2026-04-13 11:27:00,2026-04-13 11:30:00,A51 ,60.0
2026-04-12,SN3734,2026-04-13 00:50:00,2026-04-13 00:34:00,-16.0,2026-04-13 00:54:00,2026-04-13 00:38:00,2026-04-13 01:05:00,2026-04-13 01:08:00,A53 ,99.0
2026-04-12,SN3736,2026-04-13 06:25:00,2026-04-13 06:43:00,18.0,2026-04-13 06:29:00,2026-04-13 06:47:00,2026-04-13 07:18:00,2026-04-13 07:23:00,A68 ,105.0
2026-04-12,SN3738,2026-04-13 11:30:00,2026-04-13 11:44:00,14.0,2026-04-13 11:36:00,2026-04-13 11:50:00,2026-04-13 13:15:00,2026-04-13 13:20:00,A40 ,116.0
2026-04-12,SN3752,2026-04-13 01:40:00,2026-04-13 01:30:00,-10.0,2026-04-13 01:44:00,2026-04-13 01:34:00,2026-04-13 02:04:00,2026-04-13 02:14:00,A40 ,62.0
2026-04-12,SN3772,2026-04-12 23:35:00,2026-04-12 23:20:00,-15.0,2026-04-12 23:38:00,2026-04-12 23:23:00,2026-04-12 23:47:00,2026-04-12 23:51:00,A40 ,84.0
2026-04-12,SN3774,2026-04-13 10:40:00,2026-04-13 10:26:00,-14.0,2026-04-13 10:44:00,2026-04-13 10:30:00,2026-04-13 11:02:00,2026-04-13 11:10:00,A72 ,106.0
2026-04-12,SN3776,2026-04-13 02:50:00,2026-04-13 02:48:00,-2.0,2026-04-13 02:54:00,2026-04-13 02:52:00,2026-04-13 03:19:00,2026-04-13 03:27:00,A62 ,82.0
2026-04-12,SN3780,2026-04-13 03:55:00,2026-04-13 03:40:00,-15.0,2026-04-13 03:59:00,2026-04-13 03:44:00,2026-04-13 04:11:00,2026-04-13 04:16:00,A68 ,109.0
2026-04-12,SN3782,2026-04-13 11:30:00,2026-04-13 11:22:00,-8.0,2026-04-13 11:35:00,2026-04-13 11:27:00,2026-04-13 11:43:00,2026-04-13 13:04:00,A60 ,160.0
2026-04-12,SN3784,2026-04-13 05:05:00,2026-04-13 04:51:00,-14.0,2026-04-13 05:12:00,2026-04-13 04:58:00,2026-04-13 05:24:00,2026-04-13 05:30:00,A46 ,145.0
2026-04-12,SN379,2026-04-12 17:05:00,2026-04-12 17:16:00,11.0,2026-04-12 17:11:00,2026-04-12 17:22:00,2026-04-12 17:36:00,2026-04-12 18:10:00,B28 A,74.0
2026-04-12,SN3794,2026-04-13 03:55:00,2026-04-13 03:55:00,0.0,2026-04-13 03:58:00,2026-04-13 03:58:00,2026-04-13 04:27:00,2026-04-13 04:31:00,A40 ,93.0
2026-04-12,SN3800,2026-04-12 13:10:00,2026-04-12 13:06:00,-4.0,2026-04-12 13:17:00,2026-04-12 13:13:00,2026-04-12 13:36:00,2026-04-12 13:39:00,A58 ,96.0
2026-04-12,SN3802,2026-04-13 03:20:00,2026-04-13 03:18:00,-2.0,2026-04-13 03:24:00,2026-04-13 03:22:00,2026-04-13 03:47:00,2026-04-13 03:56:00,A58 ,106.0
2026-04-12,SN3812,2026-04-13 04:15:00,2026-04-13 04:09:00,-6.0,2026-04-13 04:21:00,2026-04-13 04:15:00,2026-04-13 04:41:00,2026-04-13 04:46:00,A60 ,85.0
2026-04-12,SN3816,2026-04-13 03:40:00,2026-04-13 04:03:00,23.0,2026-04-13 03:47:00,2026-04-13 04:10:00,2026-04-13 04:34:00,2026-04-13 04:38:00,A52 ,42.0
2026-04-12,SN465,2026-04-12 18:45:00,2026-04-12 18:24:00,-21.0,2026-04-12 18:52:00,2026-04-12 18:31:00,2026-04-12 18:43:00,2026-04-12 19:11:00,B14 A,78.0
2026-04-12,SN502,2026-04-12 19:40:00,2026-04-12 19:05:00,-35.0,2026-04-12 19:45:00,2026-04-12 19:10:00,2026-04-12 19:24:00,2026-04-12 19:52:00,B38 A,141.0
2026-04-12,TB1012,2026-04-13 00:30:00,2026-04-13 00:57:00,27.0,2026-04-13 00:37:00,2026-04-13 01:04:00,2026-04-13 01:24:00,2026-04-13 01:29:00,A55 ,132.0
2026-04-12,TB1014,2026-04-13 00:50:00,2026-04-13 01:13:00,23.0,2026-04-13 00:56:00,2026-04-13 01:19:00,2026-04-13 01:42:00,2026-04-13 01:49:00,A59 ,109.0
2026-04-12,TB1112,2026-04-13 00:00:00,2026-04-12 23:54:00,-6.0,2026-04-13 00:07:00,2026-04-13 00:01:00,2026-04-13 00:27:00,2026-04-13 00:32:00,A51 ,110.0
2026-04-12,TB1114,2026-04-13 08:55:00,2026-04-13 08:31:00,-24.0,2026-04-13 09:00:00,2026-04-13 08:36:00,2026-04-13 08:59:00,2026-04-13 09:05:00,A61 ,124.0
2026-04-12,TB1417,2026-04-13 01:00:00,2026-04-13 01:03:00,3.0,2026-04-13 01:07:00,2026-04-13 01:10:00,2026-04-13 01:35:00,2026-04-13 01:41:00,A43 ,129.0
2026-04-12,TB1554,2026-04-13 10:35:00,2026-04-13 10:48:00,13.0,2026-04-13 10:41:00,2026-04-13 10:54:00,2026-04-13 11:20:00,2026-04-13 11:27:00,A68 ,150.0
2026-04-12,TB1752,2026-04-13 11:40:00,2026-04-13 11:42:00,2.0,2026-04-13 11:44:00,2026-04-13 11:46:00,2026-04-13 13:07:00,2026-04-13 13:13:00,A65 ,150.0
2026-04-12,TB1754,2026-04-13 03:45:00,2026-04-13 03:58:00,13.0,2026-04-13 03:53:00,2026-04-13 04:06:00,2026-04-13 04:27:00,2026-04-13 04:36:00,A43 ,142.0
2026-04-12,TB2045,2026-04-13 09:05:00,2026-04-13 09:27:00,22.0,2026-04-13 09:09:00,2026-04-13 09:31:00,2026-04-13 09:48:00,2026-04-13 09:56:00,B27 A,179.0
2026-04-12,TB2502,2026-04-13 02:45:00,2026-04-13 02:59:00,14.0,2026-04-13 02:50:00,2026-04-13 03:04:00,2026-04-13 03:27:00,2026-04-13 03:36:00,B9  A,203.0
2026-04-12,TB2582,2026-04-13 02:05:00,2026-04-13 02:03:00,-2.0,2026-04-13 02:09:00,2026-04-13 02:07:00,2026-04-13 02:28:00,2026-04-13 02:37:00,B27 A,173.0
2026-04-12,TB2632,2026-04-12 16:25:00,2026-04-12 17:08:00,43.0,2026-04-12 16:31:00,2026-04-12 17:14:00,2026-04-12 17:40:00,2026-04-12 17:45:00,B32 A,162.0
2026-04-12,TB2662,2026-04-12 16:10:00,2026-04-12 15:54:00,-16.0,2026-04-12 16:14:00,2026-04-12 15:58:00,2026-04-12 16:27:00,2026-04-12 16:33:00,B33 A,142.0
2026-04-12,TB2711,2026-04-13 10:10:00,2026-04-13 09:45:00,-25.0,2026-04-13 10:16:00,2026-04-13 09:51:00,2026-04-13 10:08:00,2026-04-13 10:11:00,B5  A,29.0
2026-04-12,TB3016,2026-04-13 07:15:00,2026-04-13 06:56:00,-19.0,2026-04-13 07:20:00,2026-04-13 07:01:00,2026-04-13 07:16:00,2026-04-13 07:28:00,B36 A,170.0
2026-04-12,TB3102,2026-04-12 12:40:00,2026-04-12 12:39:00,-1.0,2026-04-12 12:45:00,2026-04-12 12:44:00,2026-04-12 12:59:00,2026-04-12 13:10:00,B27 A,144.0
2026-04-12,TB3202,2026-04-13 09:55:00,2026-04-13 09:50:00,-5.0,2026-04-13 09:59:00,2026-04-13 09:54:00,2026-04-13 10:14:00,2026-04-13 10:20:00,B29 A,158.0
2026-04-12,TG934,2026-04-12 19:15:00,2026-04-12 19:38:00,23.0,2026-04-12 19:19:00,2026-04-12 19:42:00,2026-04-12 20:00:00,2026-04-12 20:44:00,B37 A,263.0
2026-04-12,TK1937,2026-04-12 22:10:00,2026-04-12 23:12:00,62.0,2026-04-12 22:15:00,2026-04-12 23:17:00,2026-04-12 23:33:00,2026-04-13 00:27:00,B9  A,195.0
2026-04-12,TK1939,2026-04-13 05:55:00,2026-04-13 05:38:00,-17.0,2026-04-13 06:00:00,2026-04-13 05:43:00,2026-04-13 05:54:00,2026-04-13 06:03:00,B9  A,174.0
2026-04-12,TK1941,2026-04-13 09:25:00,2026-04-13 09:17:00,-8.0,2026-04-13 09:30:00,2026-04-13 09:22:00,2026-04-13 09:38:00,2026-04-13 09:46:00,B7  A,161.0
2026-04-12,TK1943,2026-04-13 01:25:00,2026-04-13 01:24:00,-1.0,2026-04-13 01:31:00,2026-04-13 01:30:00,2026-04-13 01:49:00,2026-04-13 02:06:00,B7  A,224.0
2026-04-12,TK1945,2026-04-13 03:15:00,2026-04-13 03:16:00,1.0,2026-04-13 03:25:00,2026-04-13 03:26:00,2026-04-13 03:41:00,2026-04-13 03:45:00,B7  A,119.0
2026-04-12,TP640,2026-04-12 23:00:00,2026-04-12 22:50:00,-10.0,2026-04-12 23:05:00,2026-04-12 22:55:00,2026-04-12 23:09:00,2026-04-12 23:20:00,A48 ,111.0
2026-04-12,TP642,2026-04-13 02:40:00,2026-04-13 02:42:00,2.0,2026-04-13 02:49:00,2026-04-13 02:51:00,2026-04-13 03:09:00,2026-04-13 03:20:00,A65 ,147.0
2026-04-12,TP644,2026-04-13 08:05:00,2026-04-13 08:21:00,16.0,2026-04-13 08:11:00,2026-04-13 08:27:00,2026-04-13 08:46:00,2026-04-13 08:55:00,A53 ,86.0
2026-04-12,TU954,2026-04-12 23:25:00,2026-04-12 23:24:00,-1.0,2026-04-12 23:29:00,2026-04-12 23:28:00,2026-04-12 23:43:00,2026-04-13 00:42:00,B7  A,104.0
2026-04-12,UA950,2026-04-12 19:15:00,2026-04-12 18:47:00,-28.0,2026-04-12 19:22:00,2026-04-12 18:54:00,2026-04-12 19:16:00,2026-04-12 19:56:00,B5  A,180.0
2026-04-12,UA972,2026-04-12 21:00:00,2026-04-12 20:27:00,-33.0,2026-04-12 21:07:00,2026-04-12 20:34:00,2026-04-12 20:51:00,2026-04-12 21:28:00,B38 A,175.0
2026-04-12,UA994,2026-04-12 19:45:00,2026-04-12 19:15:00,-30.0,2026-04-12 19:55:00,2026-04-12 19:25:00,2026-04-12 19:52:00,2026-04-12 20:18:00,B40 A,221.0
2026-04-12,UX1171,2026-04-12 21:45:00,2026-04-12 21:22:00,-23.0,2026-04-12 21:51:00,2026-04-12 21:28:00,2026-04-12 21:58:00,2026-04-12 22:05:00,A51 ,120.0
2026-04-12,UX1173,2026-04-13 05:40:00,2026-04-13 05:25:00,-15.0,2026-04-13 05:45:00,2026-04-13 05:30:00,2026-04-13 05:50:00,2026-04-13 05:55:00,A57 ,108.0
2026-04-12,VF65,2026-04-12 23:15:00,2026-04-12 23:11:00,-4.0,2026-04-12 23:23:00,2026-04-12 23:19:00,2026-04-12 23:35:00,2026-04-12 23:46:00,B28 A,178.0
2026-04-12,VF67,2026-04-13 04:45:00,2026-04-13 04:46:00,1.0,2026-04-13 04:50:00,2026-04-13 04:51:00,2026-04-13 05:05:00,2026-04-13 05:12:00,B5  A,176.0
2026-04-12,VY1332,2026-04-13 00:55:00,2026-04-13 00:36:00,-19.0,2026-04-13 00:59:00,2026-04-13 00:40:00,2026-04-13 00:53:00,2026-04-13 00:56:00,A47 ,52.0
2026-04-12,VY2150,2026-04-13 09:00:00,2026-04-13 08:38:00,-22.0,2026-04-13 09:04:00,2026-04-13 08:42:00,2026-04-13 08:54:00,2026-04-13 08:58:00,A49 ,63.0
2026-04-12,VY3650,2026-04-13 05:45:00,2026-04-13 05:15:00,-30.0,2026-04-13 05:50:00,2026-04-13 05:20:00,2026-04-13 05:43:00,2026-04-13 05:46:00,A49 ,93.0
2026-04-12,VY8978,2026-04-12 22:15:00,2026-04-12 21:41:00,-34.0,2026-04-12 22:21:00,2026-04-12 21:47:00,2026-04-12 22:05:00,2026-04-12 22:06:00,A49 ,29.0
2026-04-12,VY8980,2026-04-12 21:55:00,2026-04-12 21:19:00,-36.0,2026-04-12 22:03:00,2026-04-12 21:27:00,2026-04-12 21:36:00,2026-04-12 21:38:00,A47 ,38.0
2026-04-12,VY8982,2026-04-13 05:25:00,2026-04-13 05:02:00,-23.0,2026-04-13 05:30:00,2026-04-13 05:07:00,2026-04-13 05:21:00,2026-04-13 05:23:00,A47 ,49.0
2026-04-12,VY8984,2026-04-13 09:00:00,2026-04-13 08:35:00,-25.0,2026-04-13 09:06:00,2026-04-13 08:41:00,2026-04-13 08:56:00,2026-04-13 09:00:00,A51 ,58.0
2026-04-12,VY8986,2026-04-13 02:30:00,2026-04-13 02:13:00,-17.0,2026-04-13 02:36:00,2026-04-13 02:19:00,2026-04-13 02:38:00,2026-04-13 02:42:00,A57 ,81.0
2026-04-12,XC5016,2026-04-13 02:40:00,2026-04-13 02:29:00,-11.0,2026-04-13 02:45:00,2026-04-13 02:34:00,2026-04-13 02:49:00,2026-04-13 03:05:00,B11 A,136.0
2026-04-12,XR5402,2026-04-12 14:40:00,2026-04-12 15:16:00,36.0,2026-04-12 14:48:00,2026-04-12 15:24:00,2026-04-12 15:35:00,2026-04-12 15:58:00,B11 A,128.0
