Scenario_ID,Flight,Scheduled Ha Block,Delay,From,To,Gate Nr.,Local Total,Actual_Window,D_s1_Unloading,D_s2_Transport,D_s3_Infeed,Total_Duration
2026-04-01_rep_1,AC832,08:17:00,-31.0,08:02:00,08:29:00,B30 A,122.0,23.0,11.51,0.1,27.0,38.61
2026-04-01_rep_1,AY1541,10:27:00,-15.0,10:30:00,10:33:00,A56 ,57.0,25.0,4.15,1.5,3.0,8.65
2026-04-01_rep_1,AY1545,19:25:00,-13.0,19:27:00,19:30:00,A45 ,34.0,20.0,2.67,1.16,3.0,6.83
2026-04-01_rep_1,AY1549,23:40:00,-30.0,23:22:00,23:23:00,A53 ,32.0,17.0,2.57,1.84,1.0,5.41
2026-04-01_rep_1,AZ148,09:40:00,-11.0,09:50:00,09:51:00,A55 ,1.0,26.0,0.09,1.73,1.0,2.82
2026-04-01_rep_1,AZ154,20:10:00,-13.0,20:16:00,20:17:00,A49 ,15.0,24.0,1.3,2.1,1.0,4.39
2026-04-01_rep_1,AZ156,11:53:00,-15.0,11:53:00,11:56:00,A49 ,35.0,23.0,2.3,1.66,3.0,6.95
2026-04-01_rep_1,AZ160,19:07:00,3.0,19:24:00,19:26:00,A54 ,21.0,21.0,2.17,2.1,2.0,6.28
2026-04-01_rep_1,BA384,10:59:00,-11.0,11:07:00,11:11:00,B29 A,36.0,23.0,3.28,0.09,4.0,7.37
2026-04-01_rep_1,BA386,16:22:00,-9.0,16:32:00,16:37:00,B7  A,124.0,26.0,7.69,1.28,5.0,13.97
2026-04-01_rep_1,BA390,21:29:00,-15.0,21:31:00,21:36:00,B30 A,86.0,21.0,7.37,0.13,5.0,12.5
2026-04-01_rep_1,BT601,10:00:00,-11.0,10:06:00,10:11:00,A51 ,8.0,22.0,0.76,1.76,5.0,7.51
2026-04-01_rep_1,BT603,19:58:00,-21.0,19:47:00,19:49:00,A68 ,12.0,18.0,0.98,1.71,2.0,4.69
2026-04-01_rep_1,EI630,10:45:00,-4.0,10:58:00,11:03:00,B27 A,93.0,22.0,7.6,0.1,5.0,12.7
2026-04-01_rep_1,EI638,21:50:00,-24.0,21:44:00,21:48:00,B38 A,91.0,23.0,6.19,0.09,4.0,10.28
2026-04-01_rep_1,EK181,20:35:00,0.0,20:49:00,21:23:00,B37 A,214.0,19.0,18.75,0.08,34.0,52.83
2026-04-01_rep_1,ET750,08:10:00,16.0,08:46:00,09:28:00,B11 A,391.0,25.0,24.35,0.11,42.0,66.46
2026-04-01_rep_1,EY57,09:06:00,16.0,09:35:00,10:08:00,B5  A,121.0,19.0,11.1,1.2,33.0,45.3
2026-04-01_rep_1,FB407,20:49:00,10.0,21:15:00,21:16:00,A45 ,13.0,20.0,1.17,2.14,1.0,4.31
2026-04-01_rep_1,GQ1800,08:56:00,-16.0,08:56:00,09:09:00,A53 ,228.0,22.0,19.32,1.48,13.0,33.8
2026-04-01_rep_1,GQ800,14:11:00,10.0,14:39:00,14:43:00,A51 ,32.0,24.0,2.42,1.84,4.0,8.26
2026-04-01_rep_1,HV9004,00:20:00,-2.0,00:32:00,00:34:00,A52 ,77.0,19.0,5.37,1.47,2.0,8.83
2026-04-01_rep_1,HV9012,22:45:00,1.0,23:01:00,23:03:00,A59 ,38.0,20.0,3.27,1.62,2.0,6.88
2026-04-01_rep_1,IB597,12:31:00,-3.0,12:39:00,12:43:00,A43 ,74.0,17.0,7.69,1.79,4.0,13.47
2026-04-01_rep_1,IB601,20:07:00,-2.0,20:22:00,20:31:00,A60 ,103.0,24.0,6.11,1.91,9.0,17.03
2026-04-01_rep_1,IB603,23:35:00,-4.0,23:46:00,23:49:00,A51 ,61.0,20.0,5.78,1.74,3.0,10.51
2026-04-01_rep_1,JU272,21:30:00,-26.0,21:20:00,21:21:00,B28 A,53.0,21.0,4.04,0.1,1.0,5.14
2026-04-01_rep_1,KM420,20:20:00,-18.0,20:20:00,20:25:00,A63 ,66.0,23.0,4.67,1.61,5.0,11.27
2026-04-01_rep_1,LH1004,08:50:00,3.0,09:06:00,09:12:00,A43 ,29.0,18.0,1.93,1.94,6.0,9.87
2026-04-01_rep_1,LH2282,08:59:00,-14.0,09:02:00,09:04:00,A47 ,8.0,21.0,0.71,2.0,2.0,4.71
2026-04-01_rep_1,LO231,23:40:00,-14.0,23:44:00,23:45:00,A57 ,12.0,23.0,0.86,1.58,1.0,3.45
2026-04-01_rep_1,LO233,19:49:00,-13.0,19:53:00,19:54:00,A64 ,39.0,26.0,3.66,1.42,1.0,6.08
2026-04-01_rep_1,LO235,10:34:00,-31.0,10:15:00,10:16:00,A60 ,9.0,21.0,0.65,1.59,1.0,3.25
2026-04-01_rep_1,LO237,13:35:00,-24.0,13:29:00,13:31:00,A47 ,20.0,23.0,1.39,1.73,2.0,5.12
2026-04-01_rep_1,LX780,15:20:00,4.0,15:44:00,15:46:00,A43 ,65.0,25.0,5.36,1.67,2.0,9.03
2026-04-01_rep_1,LX786,09:55:00,28.0,10:41:00,10:48:00,A49 ,44.0,23.0,4.32,1.62,7.0,12.94
2026-04-01_rep_1,LX788,19:40:00,3.0,19:56:00,20:26:00,A47 ,37.0,18.0,2.54,1.64,30.0,34.18
2026-04-01_rep_1,ME215,11:39:00,-21.0,11:45:00,11:56:00,B31 A,128.0,31.0,11.2,0.1,11.0,22.3
2026-04-01_rep_1,NH231,18:40:00,-11.0,18:42:00,19:12:00,B5  A,200.0,18.0,15.81,2.12,30.0,47.93
2026-04-01_rep_1,OS291,10:11:00,-16.0,10:06:00,10:11:00,A47 ,13.0,17.0,1.34,1.86,5.0,8.21
2026-04-01_rep_1,OS295,17:50:00,-13.0,17:49:00,17:51:00,A51 ,22.0,17.0,1.55,1.52,2.0,5.06
2026-04-01_rep_1,OS297,20:14:00,-8.0,20:26:00,20:27:00,A51 ,14.0,24.0,1.1,1.44,1.0,3.54
2026-04-01_rep_1,OU4456,21:01:00,2.0,21:21:00,21:23:00,A56 ,13.0,29.0,1.16,2.13,2.0,5.29
2026-04-01_rep_1,OU456,09:47:00,-18.0,09:51:00,09:54:00,A49 ,4.0,29.0,0.32,1.57,3.0,4.89
2026-04-01_rep_1,QS1002,19:51:00,-20.0,19:42:00,19:43:00,A62 ,13.0,17.0,1.02,1.81,1.0,3.82
2026-04-01_rep_1,RO373,19:45:00,47.0,20:50:00,20:52:00,A66 ,12.0,28.0,0.82,1.42,2.0,4.24
2026-04-01_rep_1,SK1589,19:20:00,-14.0,19:24:00,19:28:00,A43 ,67.0,23.0,5.64,1.56,4.0,11.2
2026-04-01_rep_1,SK1593,15:41:00,0.0,15:55:00,15:59:00,A45 ,40.0,20.0,2.81,1.81,4.0,8.63
2026-04-01_rep_1,SK4745,21:35:00,-18.0,21:39:00,21:44:00,A43 ,110.0,27.0,12.42,1.46,5.0,18.88
2026-04-01_rep_1,SK589,11:26:00,-27.0,11:09:00,11:12:00,A40 ,53.0,21.0,4.65,1.2,3.0,8.85
2026-04-01_rep_1,SK593,10:45:00,-11.0,10:46:00,10:47:00,A55 ,29.0,17.0,2.75,1.53,1.0,5.28
2026-04-01_rep_1,SK597,20:56:00,-7.0,21:05:00,21:09:00,A47 ,64.0,22.0,4.91,1.52,4.0,10.43
2026-04-01_rep_1,SN1154,17:06:00,7.0,17:28:00,18:00:00,B17 A,197.0,21.0,19.8,0.11,32.0,51.92
2026-04-01_rep_1,SN206,06:25:00,23.0,07:07:00,07:30:00,B38 A,154.0,24.0,14.2,0.1,23.0,37.3
2026-04-01_rep_1,SN2096,21:03:00,-7.0,21:18:00,21:20:00,B31 A,45.0,25.0,3.78,0.08,2.0,5.87
2026-04-01_rep_1,SN2104,09:59:00,-8.0,10:25:00,10:48:00,B9  A,25.0,38.0,2.58,1.64,23.0,27.21
2026-04-01_rep_1,SN2184,09:35:00,21.0,10:25:00,10:28:00,B36 A,17.0,34.0,1.56,0.08,3.0,4.64
2026-04-01_rep_1,SN2258,14:28:00,-4.0,14:41:00,14:44:00,A42 ,25.0,20.0,2.29,2.05,3.0,7.34
2026-04-01_rep_1,SN2260,20:55:00,0.0,21:13:00,21:16:00,A62 ,33.0,28.0,2.26,1.86,3.0,7.12
2026-04-01_rep_1,SN2288,09:49:00,-26.0,09:40:00,09:41:00,A57 ,13.0,21.0,1.13,1.8,1.0,3.94
2026-04-01_rep_1,SN2292,16:08:00,-15.0,16:15:00,16:16:00,A46 ,19.0,25.0,1.23,1.48,1.0,3.71
2026-04-01_rep_1,SN2294,20:56:00,-17.0,20:56:00,21:00:00,A58 ,17.0,23.0,1.42,1.76,4.0,7.18
2026-04-01_rep_1,SN2298,09:48:00,-6.0,10:22:00,10:23:00,A44 ,8.0,43.0,0.58,1.67,1.0,3.25
2026-04-01_rep_1,SN2318,21:05:00,56.0,22:21:00,22:26:00,A57 ,20.0,25.0,1.47,2.25,5.0,8.72
2026-04-01_rep_1,SN2324,09:43:00,-12.0,10:08:00,10:10:00,A46 ,3.0,40.0,0.3,1.59,2.0,3.89
2026-04-01_rep_1,SN2372,18:57:00,-23.0,18:47:00,18:49:00,A48 ,13.0,20.0,1.01,1.8,2.0,4.81
2026-04-01_rep_1,SN245,06:54:00,27.0,07:44:00,07:58:00,B37 A,13.0,27.0,1.23,0.09,14.0,15.32
2026-04-01_rep_1,SN2548,21:18:00,-24.0,21:05:00,21:06:00,A68 ,13.0,24.0,0.96,1.98,1.0,3.94
2026-04-01_rep_1,SN2556,21:19:00,-23.0,21:15:00,21:18:00,A70 ,71.0,28.0,5.85,1.46,3.0,10.31
2026-04-01_rep_1,SN2560,10:00:00,-14.0,10:04:00,10:05:00,A59 ,2.0,23.0,0.14,1.48,1.0,2.62
2026-04-01_rep_1,SN2580,11:06:00,-9.0,11:15:00,11:20:00,A52 ,5.0,29.0,0.48,1.75,5.0,7.23
2026-04-01_rep_1,SN2582,14:08:00,40.0,15:08:00,15:11:00,A58 ,44.0,23.0,3.38,1.52,3.0,7.9
2026-04-01_rep_1,SN2588,21:18:00,-9.0,21:30:00,21:31:00,A64 ,31.0,29.0,2.1,1.71,1.0,4.81
2026-04-01_rep_1,SN2608,11:20:00,-10.0,11:46:00,11:50:00,A44 ,47.0,46.0,3.45,1.26,4.0,8.72
2026-04-01_rep_1,SN2612,14:43:00,-2.0,15:03:00,15:06:00,A44 ,91.0,25.0,7.39,1.62,3.0,12.01
2026-04-01_rep_1,SN2614,18:38:00,-15.0,18:42:00,18:44:00,A46 ,32.0,27.0,2.39,2.03,2.0,6.42
2026-04-01_rep_1,SN2616,21:46:00,-17.0,21:39:00,21:40:00,A60 ,14.0,16.0,0.9,1.69,1.0,3.59
2026-04-01_rep_1,SN2618,23:38:00,-15.0,23:41:00,23:44:00,A54 ,59.0,21.0,4.38,2.1,3.0,9.48
2026-04-01_rep_1,SN2624,13:57:00,-9.0,14:09:00,14:10:00,A50 ,9.0,28.0,0.58,1.79,1.0,3.37
2026-04-01_rep_1,SN2630,09:19:00,-16.0,09:21:00,09:28:00,A40 ,2.0,22.0,0.15,1.05,7.0,8.2
2026-04-01_rep_1,SN2648,18:25:00,4.0,18:42:00,18:44:00,A42 ,30.0,23.0,2.43,2.05,2.0,6.48
2026-04-01_rep_1,SN2652,00:13:00,-19.0,00:12:00,00:14:00,A60 ,47.0,21.0,3.31,1.51,2.0,6.82
2026-04-01_rep_1,SN2714,13:48:00,18.0,14:33:00,14:35:00,A46 ,33.0,30.0,2.65,1.79,2.0,6.44
2026-04-01_rep_1,SN2722,19:33:00,-10.0,19:39:00,19:40:00,A50 ,31.0,19.0,3.03,2.02,1.0,6.05
2026-04-01_rep_1,SN2724,23:35:00,30.0,00:29:00,00:31:00,A47 ,41.0,29.0,2.97,2.13,2.0,7.09
2026-04-01_rep_1,SN2726,09:25:00,26.0,10:22:00,10:24:00,A43 ,21.0,36.0,1.97,1.26,2.0,5.24
2026-04-01_rep_1,SN2730,11:23:00,2.0,12:06:00,12:11:00,A46 ,47.0,49.0,3.38,1.89,5.0,10.27
2026-04-01_rep_1,SN2810,14:23:00,-15.0,14:26:00,14:29:00,A56 ,35.0,21.0,4.34,1.28,3.0,8.62
2026-04-01_rep_1,SN2812,21:23:00,-19.0,21:22:00,21:25:00,A40 ,30.0,26.0,2.13,1.64,3.0,6.77
2026-04-01_rep_1,SN2816,09:24:00,-22.0,09:20:00,09:24:00,A58 ,2.0,22.0,0.22,1.87,4.0,6.09
2026-04-01_rep_1,SN2826,21:14:00,-26.0,21:02:00,21:03:00,A54 ,17.0,23.0,1.21,1.68,1.0,3.89
2026-04-01_rep_1,SN2830,09:38:00,-25.0,10:25:00,10:28:00,A48 ,9.0,75.0,0.66,1.77,3.0,5.43
2026-04-01_rep_1,SN2902,12:17:00,-13.0,12:18:00,12:20:00,A50 ,23.0,26.0,1.82,1.39,2.0,5.21
2026-04-01_rep_1,SN2906,21:00:00,-5.0,21:16:00,21:20:00,A53 ,66.0,26.0,5.86,1.32,4.0,11.18
2026-04-01_rep_1,SN2908,23:55:00,-2.0,00:05:00,00:06:00,A55 ,12.0,17.0,1.07,1.96,1.0,4.02
2026-04-01_rep_1,SN3126,20:08:00,5.0,20:27:00,20:28:00,A52 ,55.0,27.0,4.86,1.91,1.0,7.77
2026-04-01_rep_1,SN3146,12:06:00,-25.0,11:48:00,11:50:00,A53 ,4.0,13.0,0.25,1.9,2.0,4.15
2026-04-01_rep_1,SN3150,21:23:00,5.0,21:41:00,21:43:00,A44 ,11.0,16.0,0.93,1.58,2.0,4.52
2026-04-01_rep_1,SN3154,11:16:00,0.0,11:28:00,11:42:00,A42 ,10.0,18.0,0.82,1.61,14.0,16.43
2026-04-01_rep_1,SN3160,00:21:00,-6.0,00:27:00,00:28:00,A49 ,19.0,18.0,1.39,1.59,1.0,3.99
2026-04-01_rep_1,SN3170,16:23:00,12.0,16:53:00,16:55:00,A42 ,12.0,21.0,1.08,1.68,2.0,4.76
2026-04-01_rep_1,SN3176,13:33:00,11.0,14:01:00,14:03:00,A48 ,35.0,25.0,2.35,1.85,2.0,6.2
2026-04-01_rep_1,SN3182,21:25:00,63.0,22:47:00,22:53:00,A47 ,35.0,24.0,2.88,2.3,6.0,11.18
2026-04-01_rep_1,SN3184,00:20:00,152.0,03:10:00,03:13:00,A48 ,51.0,23.0,4.04,1.44,3.0,8.47
2026-04-01_rep_1,SN319,06:06:00,31.0,06:51:00,07:11:00,B28 A,83.0,20.0,5.95,0.12,20.0,26.08
2026-04-01_rep_1,SN3246,18:54:00,-5.0,19:04:00,19:06:00,A58 ,27.0,19.0,1.96,1.7,2.0,5.66
2026-04-01_rep_1,SN3344,21:24:00,-11.0,21:26:00,21:27:00,A42 ,10.0,22.0,0.65,1.68,1.0,3.33
2026-04-01_rep_1,SN3594,09:33:00,-10.0,09:41:00,09:48:00,A42 ,2.0,21.0,0.17,1.58,7.0,8.75
2026-04-01_rep_1,SN3598,16:18:00,1.0,16:32:00,16:46:00,A40 ,37.0,16.0,2.95,1.43,14.0,18.38
2026-04-01_rep_1,SN3604,09:32:00,-18.0,09:32:00,09:34:00,A50 ,6.0,25.0,0.53,1.49,2.0,4.02
2026-04-01_rep_1,SN3618,16:35:00,-7.0,16:39:00,16:40:00,A44 ,23.0,16.0,2.24,1.35,1.0,4.58
2026-04-01_rep_1,SN3622,19:18:00,1.0,19:32:00,19:33:00,A40 ,26.0,21.0,2.09,1.56,1.0,4.65
2026-04-01_rep_1,SN3632,10:45:00,-19.0,10:44:00,10:52:00,A58 ,4.0,33.0,0.35,1.76,8.0,10.12
2026-04-01_rep_1,SN3634,12:04:00,7.0,12:40:00,12:41:00,A60 ,10.0,38.0,0.67,1.27,1.0,2.94
2026-04-01_rep_1,SN3668,14:53:00,3.0,15:21:00,15:22:00,A62 ,15.0,28.0,0.97,1.66,1.0,3.63
2026-04-01_rep_1,SN3676,09:41:00,3.0,10:02:00,10:05:00,A45 ,9.0,24.0,0.7,1.98,3.0,5.68
2026-04-01_rep_1,SN3698,15:33:00,42.0,16:34:00,16:37:00,A50 ,26.0,22.0,2.08,1.75,3.0,6.84
2026-04-01_rep_1,SN3704,18:18:00,95.0,20:11:00,20:14:00,A44 ,18.0,21.0,1.52,1.72,3.0,6.24
2026-04-01_rep_1,SN3706,00:29:00,10.0,00:57:00,00:59:00,A56 ,8.0,22.0,0.48,1.92,2.0,4.4
2026-04-01_rep_1,SN3712,19:46:00,35.0,20:49:00,20:52:00,A46 ,57.0,34.0,3.63,1.99,3.0,8.62
2026-04-01_rep_1,SN3722,15:58:00,80.0,17:40:00,17:43:00,A48 ,40.0,25.0,3.5,1.36,3.0,7.86
2026-04-01_rep_1,SN3728,21:00:00,31.0,22:02:00,22:04:00,A59 ,24.0,36.0,2.22,1.64,2.0,5.86
2026-04-01_rep_1,SN3736,19:31:00,11.0,20:10:00,20:13:00,A56 ,68.0,34.0,5.22,1.77,3.0,9.99
2026-04-01_rep_1,SN3738,00:13:00,8.0,02:06:00,02:11:00,A50 ,47.0,108.0,3.49,2.12,5.0,10.61
2026-04-01_rep_1,SN3752,01:17:00,44.0,02:21:00,02:26:00,A62 ,48.0,87.0,3.77,1.78,5.0,10.55
2026-04-01_rep_1,SN3772,12:38:00,7.0,13:02:00,13:04:00,A42 ,44.0,20.0,3.86,1.33,2.0,7.19
2026-04-01_rep_1,SN3782,17:46:00,3.0,18:23:00,18:28:00,A60 ,107.0,40.0,7.96,2.02,5.0,14.98
2026-04-01_rep_1,SN3788,01:10:00,3.0,01:40:00,01:56:00,A45 ,138.0,32.0,11.63,1.63,16.0,29.26
2026-04-01_rep_1,SN3802,17:04:00,-5.0,17:19:00,17:21:00,A54 ,42.0,24.0,4.53,1.35,2.0,7.88
2026-04-01_rep_1,SN3804,19:33:00,88.0,21:25:00,21:27:00,A50 ,8.0,27.0,0.63,1.75,2.0,4.39
2026-04-01_rep_1,SN3810,21:14:00,6.0,21:41:00,21:43:00,A48 ,45.0,25.0,3.63,1.38,2.0,7.01
2026-04-01_rep_1,SN3812,17:18:00,10.0,17:57:00,18:00:00,A56 ,103.0,32.0,9.5,1.81,3.0,14.31
2026-04-01_rep_1,SN3816,16:43:00,33.0,17:37:00,17:41:00,A46 ,43.0,24.0,3.25,1.77,4.0,9.02
2026-04-01_rep_1,SN3820,00:45:00,0.0,02:00:00,02:02:00,A64 ,21.0,80.0,1.59,1.54,2.0,5.13
2026-04-01_rep_1,SN465,07:51:00,1.0,08:12:00,08:36:00,B34 A,66.0,26.0,5.6,0.11,24.0,29.71
2026-04-01_rep_1,TB1012,13:35:00,13.0,14:04:00,14:07:00,A57 ,73.0,21.0,4.92,1.7,3.0,9.63
2026-04-01_rep_1,TB1552,16:44:00,13.0,17:20:00,17:27:00,A65 ,157.0,27.0,10.47,1.47,7.0,18.95
2026-04-01_rep_1,TB1711,18:15:00,-4.0,18:29:00,18:33:00,A61 ,156.0,23.0,10.78,1.87,4.0,16.65
2026-04-01_rep_1,TB1754,23:29:00,12.0,00:01:00,00:09:00,A63 ,167.0,24.0,12.96,2.0,8.0,22.96
2026-04-01_rep_1,TB2511,17:45:00,21.0,18:31:00,18:37:00,B32 A,160.0,30.0,16.96,0.08,6.0,23.04
2026-04-01_rep_1,TB2634,22:26:00,12.0,22:57:00,23:02:00,B14 A,133.0,25.0,11.28,0.1,5.0,16.38
2026-04-01_rep_1,TG934,08:20:00,-9.0,08:24:00,08:56:00,B29 A,264.0,18.0,17.7,0.1,32.0,49.79
2026-04-01_rep_1,TK1937,11:17:00,2.0,11:38:00,11:46:00,B30 A,148.0,26.0,9.24,0.09,8.0,17.32
2026-04-01_rep_1,TK1939,18:56:00,-16.0,18:58:00,19:13:00,B11 A,149.0,24.0,9.88,0.1,15.0,24.98
2026-04-01_rep_1,TK1941,22:30:00,-36.0,22:28:00,22:34:00,B9  A,143.0,39.0,8.84,1.78,6.0,16.62
2026-04-01_rep_1,TK1943,14:33:00,-25.0,14:20:00,14:25:00,B7  A,72.0,20.0,5.01,1.58,5.0,11.59
2026-04-01_rep_1,TP640,12:06:00,1.0,12:28:00,12:32:00,A51 ,118.0,27.0,9.93,2.25,4.0,16.18
2026-04-01_rep_1,TP642,16:12:00,12.0,16:36:00,16:52:00,A57 ,118.0,19.0,9.27,1.74,16.0,27.01
2026-04-01_rep_1,TP644,21:12:00,36.0,22:03:00,22:06:00,A51 ,63.0,22.0,4.37,1.89,3.0,9.26
2026-04-01_rep_1,TP646,01:04:00,88.0,02:46:00,02:50:00,A59 ,30.0,23.0,2.55,1.56,4.0,8.11
2026-04-01_rep_1,TU954,12:29:00,374.0,18:59:00,19:04:00,B29 A,114.0,20.0,7.29,0.07,5.0,12.36
2026-04-01_rep_1,UA950,08:20:00,0.0,08:36:00,09:25:00,B38 A,176.0,21.0,12.29,0.11,49.0,61.39
2026-04-01_rep_1,UA972,10:06:00,9.0,10:33:00,10:55:00,B38 A,101.0,24.0,7.16,0.11,22.0,29.26
2026-04-01_rep_1,UA994,08:51:00,-19.0,08:52:00,09:25:00,B40 A,171.0,26.0,12.65,0.1,33.0,45.75
2026-04-01_rep_1,UX1171,10:52:00,22.0,11:33:00,11:35:00,A48 ,66.0,26.0,6.12,1.99,2.0,10.11
2026-04-01_rep_1,UX1173,18:46:00,12.0,19:16:00,19:19:00,A53 ,64.0,24.0,4.35,1.56,3.0,8.92
2026-04-01_rep_1,VF65,12:21:00,-27.0,12:11:00,12:18:00,B27 A,117.0,23.0,9.26,0.11,7.0,16.37
2026-04-01_rep_1,VY1334,21:29:00,13.0,21:54:00,21:56:00,A49 ,37.0,16.0,2.85,1.79,2.0,6.64
2026-04-01_rep_1,VY2150,20:45:00,-6.0,20:53:00,20:55:00,A57 ,37.0,19.0,3.78,2.19,2.0,7.97
2026-04-01_rep_1,VY3650,18:49:00,-2.0,18:59:00,19:03:00,A57 ,15.0,16.0,1.14,1.6,4.0,6.74
2026-04-01_rep_1,VY8980,10:56:00,-3.0,11:02:00,11:03:00,A54 ,19.0,20.0,1.63,1.59,1.0,4.22
2026-04-01_rep_1,VY8982,18:30:00,-4.0,18:51:00,18:53:00,A63 ,45.0,30.0,3.37,1.82,2.0,7.18
2026-04-01_rep_1,VY8984,21:21:00,4.0,21:42:00,21:43:00,A55 ,38.0,23.0,2.43,1.88,1.0,5.3
2026-04-01_rep_1,VY8986,15:35:00,-15.0,15:34:00,15:43:00,A53 ,38.0,19.0,2.88,1.64,9.0,13.52
2026-04-01_rep_2,AC832,08:17:00,-31.0,08:02:00,08:29:00,B30 A,122.0,23.0,9.92,0.12,27.0,37.03
2026-04-01_rep_2,AY1541,10:27:00,-15.0,10:30:00,10:33:00,A56 ,57.0,25.0,4.52,1.68,3.0,9.2
2026-04-01_rep_2,AY1545,19:25:00,-13.0,19:27:00,19:30:00,A45 ,34.0,20.0,3.11,1.55,3.0,7.66
2026-04-01_rep_2,AY1549,23:40:00,-30.0,23:22:00,23:23:00,A53 ,32.0,17.0,1.93,1.48,1.0,4.41
2026-04-01_rep_2,AZ148,09:40:00,-11.0,09:50:00,09:51:00,A55 ,1.0,26.0,0.08,1.83,1.0,2.91
2026-04-01_rep_2,AZ154,20:10:00,-13.0,20:16:00,20:17:00,A49 ,15.0,24.0,1.25,1.91,1.0,4.17
2026-04-01_rep_2,AZ156,11:53:00,-15.0,11:53:00,11:56:00,A49 ,35.0,23.0,3.0,1.91,3.0,7.91
2026-04-01_rep_2,AZ160,19:07:00,3.0,19:24:00,19:26:00,A54 ,21.0,21.0,1.62,1.91,2.0,5.53
2026-04-01_rep_2,BA384,10:59:00,-11.0,11:07:00,11:11:00,B29 A,36.0,23.0,2.43,0.08,4.0,6.51
2026-04-01_rep_2,BA386,16:22:00,-9.0,16:32:00,16:37:00,B7  A,124.0,26.0,13.26,1.28,5.0,19.54
2026-04-01_rep_2,BA390,21:29:00,-15.0,21:31:00,21:36:00,B30 A,86.0,21.0,7.48,0.1,5.0,12.58
2026-04-01_rep_2,BT601,10:00:00,-11.0,10:06:00,10:11:00,A51 ,8.0,22.0,0.59,1.42,5.0,7.0
2026-04-01_rep_2,BT603,19:58:00,-21.0,19:47:00,19:49:00,A68 ,12.0,18.0,0.8,1.3,2.0,4.1
2026-04-01_rep_2,EI630,10:45:00,-4.0,10:58:00,11:03:00,B27 A,93.0,22.0,8.79,0.11,5.0,13.89
2026-04-01_rep_2,EI638,21:50:00,-24.0,21:44:00,21:48:00,B38 A,91.0,23.0,8.46,0.1,4.0,12.56
2026-04-01_rep_2,EK181,20:35:00,0.0,20:49:00,21:23:00,B37 A,214.0,19.0,14.11,0.07,34.0,48.18
2026-04-01_rep_2,ET750,08:10:00,16.0,08:46:00,09:28:00,B11 A,391.0,25.0,23.98,0.11,42.0,66.09
2026-04-01_rep_2,EY57,09:06:00,16.0,09:35:00,10:08:00,B5  A,121.0,19.0,11.89,2.1,33.0,46.99
2026-04-01_rep_2,FB407,20:49:00,10.0,21:15:00,21:16:00,A45 ,13.0,20.0,1.17,1.7,1.0,3.87
2026-04-01_rep_2,GQ1800,08:56:00,-16.0,08:56:00,09:09:00,A53 ,228.0,22.0,19.86,1.66,13.0,34.52
2026-04-01_rep_2,GQ800,14:11:00,10.0,14:39:00,14:43:00,A51 ,32.0,24.0,2.69,2.05,4.0,8.73
2026-04-01_rep_2,HV9004,00:20:00,-2.0,00:32:00,00:34:00,A52 ,77.0,19.0,5.49,2.24,2.0,9.73
2026-04-01_rep_2,HV9012,22:45:00,1.0,23:01:00,23:03:00,A59 ,38.0,20.0,2.34,1.63,2.0,5.97
2026-04-01_rep_2,IB597,12:31:00,-3.0,12:39:00,12:43:00,A43 ,74.0,17.0,4.82,2.03,4.0,10.85
2026-04-01_rep_2,IB601,20:07:00,-2.0,20:22:00,20:31:00,A60 ,103.0,24.0,7.92,1.75,9.0,18.67
2026-04-01_rep_2,IB603,23:35:00,-4.0,23:46:00,23:49:00,A51 ,61.0,20.0,5.2,1.49,3.0,9.69
2026-04-01_rep_2,JU272,21:30:00,-26.0,21:20:00,21:21:00,B28 A,53.0,21.0,4.27,0.11,1.0,5.38
2026-04-01_rep_2,KM420,20:20:00,-18.0,20:20:00,20:25:00,A63 ,66.0,23.0,4.77,1.8,5.0,11.56
2026-04-01_rep_2,LH1004,08:50:00,3.0,09:06:00,09:12:00,A43 ,29.0,18.0,2.18,1.76,6.0,9.94
2026-04-01_rep_2,LH2282,08:59:00,-14.0,09:02:00,09:04:00,A47 ,8.0,21.0,0.67,1.33,2.0,4.0
2026-04-01_rep_2,LO231,23:40:00,-14.0,23:44:00,23:45:00,A57 ,12.0,23.0,1.08,1.88,1.0,3.96
2026-04-01_rep_2,LO233,19:49:00,-13.0,19:53:00,19:54:00,A64 ,39.0,26.0,2.34,1.54,1.0,4.88
2026-04-01_rep_2,LO235,10:34:00,-31.0,10:15:00,10:16:00,A60 ,9.0,21.0,0.76,2.06,1.0,3.82
2026-04-01_rep_2,LO237,13:35:00,-24.0,13:29:00,13:31:00,A47 ,20.0,23.0,1.33,1.88,2.0,5.21
2026-04-01_rep_2,LX780,15:20:00,4.0,15:44:00,15:46:00,A43 ,65.0,25.0,4.24,1.53,2.0,7.76
2026-04-01_rep_2,LX786,09:55:00,28.0,10:41:00,10:48:00,A49 ,44.0,23.0,3.06,1.83,7.0,11.89
2026-04-01_rep_2,LX788,19:40:00,3.0,19:56:00,20:26:00,A47 ,37.0,18.0,2.84,1.52,30.0,34.36
2026-04-01_rep_2,ME215,11:39:00,-21.0,11:45:00,11:56:00,B31 A,128.0,31.0,10.27,0.09,11.0,21.36
2026-04-01_rep_2,NH231,18:40:00,-11.0,18:42:00,19:12:00,B5  A,200.0,18.0,13.74,1.85,30.0,45.59
2026-04-01_rep_2,OS291,10:11:00,-16.0,10:06:00,10:11:00,A47 ,13.0,17.0,1.42,1.79,5.0,8.21
2026-04-01_rep_2,OS295,17:50:00,-13.0,17:49:00,17:51:00,A51 ,22.0,17.0,2.37,1.9,2.0,6.27
2026-04-01_rep_2,OS297,20:14:00,-8.0,20:26:00,20:27:00,A51 ,14.0,24.0,1.27,1.7,1.0,3.98
2026-04-01_rep_2,OU4456,21:01:00,2.0,21:21:00,21:23:00,A56 ,13.0,29.0,1.08,1.42,2.0,4.5
2026-04-01_rep_2,OU456,09:47:00,-18.0,09:51:00,09:54:00,A49 ,4.0,29.0,0.29,1.47,3.0,4.76
2026-04-01_rep_2,QS1002,19:51:00,-20.0,19:42:00,19:43:00,A62 ,13.0,17.0,0.93,1.64,1.0,3.58
2026-04-01_rep_2,RO373,19:45:00,47.0,20:50:00,20:52:00,A66 ,12.0,28.0,1.06,1.61,2.0,4.67
2026-04-01_rep_2,SK1589,19:20:00,-14.0,19:24:00,19:28:00,A43 ,67.0,23.0,5.17,1.81,4.0,10.98
2026-04-01_rep_2,SK1593,15:41:00,0.0,15:55:00,15:59:00,A45 ,40.0,20.0,3.47,1.99,4.0,9.46
2026-04-01_rep_2,SK4745,21:35:00,-18.0,21:39:00,21:44:00,A43 ,110.0,27.0,6.81,1.6,5.0,13.42
2026-04-01_rep_2,SK589,11:26:00,-27.0,11:09:00,11:12:00,A40 ,53.0,21.0,4.46,1.27,3.0,8.73
2026-04-01_rep_2,SK593,10:45:00,-11.0,10:46:00,10:47:00,A55 ,29.0,17.0,2.42,1.57,1.0,4.98
2026-04-01_rep_2,SK597,20:56:00,-7.0,21:05:00,21:09:00,A47 ,64.0,22.0,5.16,1.83,4.0,11.0
2026-04-01_rep_2,SN1154,17:06:00,7.0,17:28:00,18:00:00,B17 A,197.0,21.0,12.03,0.11,32.0,44.14
2026-04-01_rep_2,SN206,06:25:00,23.0,07:07:00,07:30:00,B38 A,154.0,24.0,11.38,0.1,23.0,34.49
2026-04-01_rep_2,SN2096,21:03:00,-7.0,21:18:00,21:20:00,B31 A,45.0,25.0,4.03,0.12,2.0,6.15
2026-04-01_rep_2,SN2104,09:59:00,-8.0,10:25:00,10:48:00,B9  A,25.0,38.0,1.57,1.7,23.0,26.28
2026-04-01_rep_2,SN2184,09:35:00,21.0,10:25:00,10:28:00,B36 A,17.0,34.0,1.59,0.08,3.0,4.68
2026-04-01_rep_2,SN2258,14:28:00,-4.0,14:41:00,14:44:00,A42 ,25.0,20.0,1.89,1.37,3.0,6.27
2026-04-01_rep_2,SN2260,20:55:00,0.0,21:13:00,21:16:00,A62 ,33.0,28.0,3.19,2.51,3.0,8.71
2026-04-01_rep_2,SN2288,09:49:00,-26.0,09:40:00,09:41:00,A57 ,13.0,21.0,1.45,1.28,1.0,3.73
2026-04-01_rep_2,SN2292,16:08:00,-15.0,16:15:00,16:16:00,A46 ,19.0,25.0,1.58,1.78,1.0,4.36
2026-04-01_rep_2,SN2294,20:56:00,-17.0,20:56:00,21:00:00,A58 ,17.0,23.0,1.71,1.71,4.0,7.42
2026-04-01_rep_2,SN2298,09:48:00,-6.0,10:22:00,10:23:00,A44 ,8.0,43.0,0.59,1.31,1.0,2.9
2026-04-01_rep_2,SN2318,21:05:00,56.0,22:21:00,22:26:00,A57 ,20.0,25.0,1.67,1.79,5.0,8.45
2026-04-01_rep_2,SN2324,09:43:00,-12.0,10:08:00,10:10:00,A46 ,3.0,40.0,0.23,2.04,2.0,4.28
2026-04-01_rep_2,SN2372,18:57:00,-23.0,18:47:00,18:49:00,A48 ,13.0,20.0,1.0,1.45,2.0,4.45
2026-04-01_rep_2,SN245,06:54:00,27.0,07:44:00,07:58:00,B37 A,13.0,27.0,0.88,0.1,14.0,14.98
2026-04-01_rep_2,SN2548,21:18:00,-24.0,21:05:00,21:06:00,A68 ,13.0,24.0,0.95,2.0,1.0,3.95
2026-04-01_rep_2,SN2556,21:19:00,-23.0,21:15:00,21:18:00,A70 ,71.0,28.0,6.59,1.34,3.0,10.93
2026-04-01_rep_2,SN2560,10:00:00,-14.0,10:04:00,10:05:00,A59 ,2.0,23.0,0.14,2.42,1.0,3.56
2026-04-01_rep_2,SN2580,11:06:00,-9.0,11:15:00,11:20:00,A52 ,5.0,29.0,0.53,1.73,5.0,7.25
2026-04-01_rep_2,SN2582,14:08:00,40.0,15:08:00,15:11:00,A58 ,44.0,23.0,3.96,1.98,3.0,8.94
2026-04-01_rep_2,SN2588,21:18:00,-9.0,21:30:00,21:31:00,A64 ,31.0,29.0,2.26,1.68,1.0,4.94
2026-04-01_rep_2,SN2608,11:20:00,-10.0,11:46:00,11:50:00,A44 ,47.0,46.0,3.27,1.62,4.0,8.89
2026-04-01_rep_2,SN2612,14:43:00,-2.0,15:03:00,15:06:00,A44 ,91.0,25.0,6.21,1.61,3.0,10.82
2026-04-01_rep_2,SN2614,18:38:00,-15.0,18:42:00,18:44:00,A46 ,32.0,27.0,2.37,1.9,2.0,6.27
2026-04-01_rep_2,SN2616,21:46:00,-17.0,21:39:00,21:40:00,A60 ,14.0,16.0,1.3,2.06,1.0,4.36
2026-04-01_rep_2,SN2618,23:38:00,-15.0,23:41:00,23:44:00,A54 ,59.0,21.0,4.64,1.64,3.0,9.27
2026-04-01_rep_2,SN2624,13:57:00,-9.0,14:09:00,14:10:00,A50 ,9.0,28.0,0.7,1.53,1.0,3.24
2026-04-01_rep_2,SN2630,09:19:00,-16.0,09:21:00,09:28:00,A40 ,2.0,22.0,0.2,1.59,7.0,8.78
2026-04-01_rep_2,SN2648,18:25:00,4.0,18:42:00,18:44:00,A42 ,30.0,23.0,2.9,1.61,2.0,6.52
2026-04-01_rep_2,SN2652,00:13:00,-19.0,00:12:00,00:14:00,A60 ,47.0,21.0,3.13,1.91,2.0,7.03
2026-04-01_rep_2,SN2714,13:48:00,18.0,14:33:00,14:35:00,A46 ,33.0,30.0,2.54,1.96,2.0,6.5
2026-04-01_rep_2,SN2722,19:33:00,-10.0,19:39:00,19:40:00,A50 ,31.0,19.0,2.6,1.97,1.0,5.57
2026-04-01_rep_2,SN2724,23:35:00,30.0,00:29:00,00:31:00,A47 ,41.0,29.0,3.21,2.08,2.0,7.29
2026-04-01_rep_2,SN2726,09:25:00,26.0,10:22:00,10:24:00,A43 ,21.0,36.0,1.54,1.76,2.0,5.3
2026-04-01_rep_2,SN2730,11:23:00,2.0,12:06:00,12:11:00,A46 ,47.0,49.0,5.5,1.48,5.0,11.98
2026-04-01_rep_2,SN2810,14:23:00,-15.0,14:26:00,14:29:00,A56 ,35.0,21.0,3.66,1.4,3.0,8.06
2026-04-01_rep_2,SN2812,21:23:00,-19.0,21:22:00,21:25:00,A40 ,30.0,26.0,2.47,1.33,3.0,6.8
2026-04-01_rep_2,SN2816,09:24:00,-22.0,09:20:00,09:24:00,A58 ,2.0,22.0,0.17,1.68,4.0,5.86
2026-04-01_rep_2,SN2826,21:14:00,-26.0,21:02:00,21:03:00,A54 ,17.0,23.0,1.31,2.41,1.0,4.71
2026-04-01_rep_2,SN2830,09:38:00,-25.0,10:25:00,10:28:00,A48 ,9.0,75.0,0.64,2.11,3.0,5.74
2026-04-01_rep_2,SN2902,12:17:00,-13.0,12:18:00,12:20:00,A50 ,23.0,26.0,1.84,2.02,2.0,5.86
2026-04-01_rep_2,SN2906,21:00:00,-5.0,21:16:00,21:20:00,A53 ,66.0,26.0,4.21,1.34,4.0,9.54
2026-04-01_rep_2,SN2908,23:55:00,-2.0,00:05:00,00:06:00,A55 ,12.0,17.0,0.83,2.07,1.0,3.9
2026-04-01_rep_2,SN3126,20:08:00,5.0,20:27:00,20:28:00,A52 ,55.0,27.0,4.6,2.05,1.0,7.65
2026-04-01_rep_2,SN3146,12:06:00,-25.0,11:48:00,11:50:00,A53 ,4.0,13.0,0.35,1.52,2.0,3.87
2026-04-01_rep_2,SN3150,21:23:00,5.0,21:41:00,21:43:00,A44 ,11.0,16.0,0.97,1.29,2.0,4.26
2026-04-01_rep_2,SN3154,11:16:00,0.0,11:28:00,11:42:00,A42 ,10.0,18.0,0.68,1.7,14.0,16.38
2026-04-01_rep_2,SN3160,00:21:00,-6.0,00:27:00,00:28:00,A49 ,19.0,18.0,1.5,1.89,1.0,4.38
2026-04-01_rep_2,SN3170,16:23:00,12.0,16:53:00,16:55:00,A42 ,12.0,21.0,0.95,1.67,2.0,4.61
2026-04-01_rep_2,SN3176,13:33:00,11.0,14:01:00,14:03:00,A48 ,35.0,25.0,2.61,1.21,2.0,5.82
2026-04-01_rep_2,SN3182,21:25:00,63.0,22:47:00,22:53:00,A47 ,35.0,24.0,2.84,1.55,6.0,10.39
2026-04-01_rep_2,SN3184,00:20:00,152.0,03:10:00,03:13:00,A48 ,51.0,23.0,3.71,2.05,3.0,8.76
2026-04-01_rep_2,SN319,06:06:00,31.0,06:51:00,07:11:00,B28 A,83.0,20.0,8.8,0.1,20.0,28.9
2026-04-01_rep_2,SN3246,18:54:00,-5.0,19:04:00,19:06:00,A58 ,27.0,19.0,1.9,1.36,2.0,5.25
2026-04-01_rep_2,SN3344,21:24:00,-11.0,21:26:00,21:27:00,A42 ,10.0,22.0,0.65,1.41,1.0,3.05
2026-04-01_rep_2,SN3594,09:33:00,-10.0,09:41:00,09:48:00,A42 ,2.0,21.0,0.19,1.64,7.0,8.82
2026-04-01_rep_2,SN3598,16:18:00,1.0,16:32:00,16:46:00,A40 ,37.0,16.0,2.71,2.07,14.0,18.78
2026-04-01_rep_2,SN3604,09:32:00,-18.0,09:32:00,09:34:00,A50 ,6.0,25.0,0.5,1.44,2.0,3.94
2026-04-01_rep_2,SN3618,16:35:00,-7.0,16:39:00,16:40:00,A44 ,23.0,16.0,1.79,1.65,1.0,4.45
2026-04-01_rep_2,SN3622,19:18:00,1.0,19:32:00,19:33:00,A40 ,26.0,21.0,1.75,1.17,1.0,3.92
2026-04-01_rep_2,SN3632,10:45:00,-19.0,10:44:00,10:52:00,A58 ,4.0,33.0,0.36,1.58,8.0,9.93
2026-04-01_rep_2,SN3634,12:04:00,7.0,12:40:00,12:41:00,A60 ,10.0,38.0,0.85,1.59,1.0,3.44
2026-04-01_rep_2,SN3668,14:53:00,3.0,15:21:00,15:22:00,A62 ,15.0,28.0,1.01,1.47,1.0,3.48
2026-04-01_rep_2,SN3676,09:41:00,3.0,10:02:00,10:05:00,A45 ,9.0,24.0,0.71,1.38,3.0,5.09
2026-04-01_rep_2,SN3698,15:33:00,42.0,16:34:00,16:37:00,A50 ,26.0,22.0,2.01,1.69,3.0,6.7
2026-04-01_rep_2,SN3704,18:18:00,95.0,20:11:00,20:14:00,A44 ,18.0,21.0,1.35,1.84,3.0,6.2
2026-04-01_rep_2,SN3706,00:29:00,10.0,00:57:00,00:59:00,A56 ,8.0,22.0,0.7,1.61,2.0,4.32
2026-04-01_rep_2,SN3712,19:46:00,35.0,20:49:00,20:52:00,A46 ,57.0,34.0,3.5,1.92,3.0,8.42
2026-04-01_rep_2,SN3722,15:58:00,80.0,17:40:00,17:43:00,A48 ,40.0,25.0,2.87,1.5,3.0,7.37
2026-04-01_rep_2,SN3728,21:00:00,31.0,22:02:00,22:04:00,A59 ,24.0,36.0,1.7,1.6,2.0,5.3
2026-04-01_rep_2,SN3736,19:31:00,11.0,20:10:00,20:13:00,A56 ,68.0,34.0,5.55,1.85,3.0,10.4
2026-04-01_rep_2,SN3738,00:13:00,8.0,02:06:00,02:11:00,A50 ,47.0,108.0,3.3,1.52,5.0,9.82
2026-04-01_rep_2,SN3752,01:17:00,44.0,02:21:00,02:26:00,A62 ,48.0,87.0,3.77,1.82,5.0,10.59
2026-04-01_rep_2,SN3772,12:38:00,7.0,13:02:00,13:04:00,A42 ,44.0,20.0,3.51,1.85,2.0,7.36
2026-04-01_rep_2,SN3782,17:46:00,3.0,18:23:00,18:28:00,A60 ,107.0,40.0,6.72,1.53,5.0,13.25
2026-04-01_rep_2,SN3788,01:10:00,3.0,01:40:00,01:56:00,A45 ,138.0,32.0,10.63,1.94,16.0,28.56
2026-04-01_rep_2,SN3802,17:04:00,-5.0,17:19:00,17:21:00,A54 ,42.0,24.0,3.22,1.8,2.0,7.02
2026-04-01_rep_2,SN3804,19:33:00,88.0,21:25:00,21:27:00,A50 ,8.0,27.0,0.5,2.2,2.0,4.7
2026-04-01_rep_2,SN3810,21:14:00,6.0,21:41:00,21:43:00,A48 ,45.0,25.0,3.33,1.36,2.0,6.69
2026-04-01_rep_2,SN3812,17:18:00,10.0,17:57:00,18:00:00,A56 ,103.0,32.0,9.66,1.57,3.0,14.23
2026-04-01_rep_2,SN3816,16:43:00,33.0,17:37:00,17:41:00,A46 ,43.0,24.0,3.2,1.76,4.0,8.96
2026-04-01_rep_2,SN3820,00:45:00,0.0,02:00:00,02:02:00,A64 ,21.0,80.0,1.74,1.37,2.0,5.11
2026-04-01_rep_2,SN465,07:51:00,1.0,08:12:00,08:36:00,B34 A,66.0,26.0,5.12,0.1,24.0,29.21
2026-04-01_rep_2,TB1012,13:35:00,13.0,14:04:00,14:07:00,A57 ,73.0,21.0,4.86,1.59,3.0,9.44
2026-04-01_rep_2,TB1552,16:44:00,13.0,17:20:00,17:27:00,A65 ,157.0,27.0,14.09,2.25,7.0,23.35
2026-04-01_rep_2,TB1711,18:15:00,-4.0,18:29:00,18:33:00,A61 ,156.0,23.0,15.63,1.61,4.0,21.24
2026-04-01_rep_2,TB1754,23:29:00,12.0,00:01:00,00:09:00,A63 ,167.0,24.0,10.81,1.59,8.0,20.4
2026-04-01_rep_2,TB2511,17:45:00,21.0,18:31:00,18:37:00,B32 A,160.0,30.0,12.71,0.11,6.0,18.82
2026-04-01_rep_2,TB2634,22:26:00,12.0,22:57:00,23:02:00,B14 A,133.0,25.0,12.5,0.07,5.0,17.57
2026-04-01_rep_2,TG934,08:20:00,-9.0,08:24:00,08:56:00,B29 A,264.0,18.0,16.43,0.1,32.0,48.53
2026-04-01_rep_2,TK1937,11:17:00,2.0,11:38:00,11:46:00,B30 A,148.0,26.0,12.85,0.09,8.0,20.94
2026-04-01_rep_2,TK1939,18:56:00,-16.0,18:58:00,19:13:00,B11 A,149.0,24.0,16.8,0.1,15.0,31.9
2026-04-01_rep_2,TK1941,22:30:00,-36.0,22:28:00,22:34:00,B9  A,143.0,39.0,12.4,1.63,6.0,20.04
2026-04-01_rep_2,TK1943,14:33:00,-25.0,14:20:00,14:25:00,B7  A,72.0,20.0,5.57,1.74,5.0,12.31
2026-04-01_rep_2,TP640,12:06:00,1.0,12:28:00,12:32:00,A51 ,118.0,27.0,9.34,1.58,4.0,14.92
2026-04-01_rep_2,TP642,16:12:00,12.0,16:36:00,16:52:00,A57 ,118.0,19.0,10.69,2.06,16.0,28.76
2026-04-01_rep_2,TP644,21:12:00,36.0,22:03:00,22:06:00,A51 ,63.0,22.0,4.35,1.54,3.0,8.9
2026-04-01_rep_2,TP646,01:04:00,88.0,02:46:00,02:50:00,A59 ,30.0,23.0,3.35,1.57,4.0,8.92
2026-04-01_rep_2,TU954,12:29:00,374.0,18:59:00,19:04:00,B29 A,114.0,20.0,9.53,0.07,5.0,14.6
2026-04-01_rep_2,UA950,08:20:00,0.0,08:36:00,09:25:00,B38 A,176.0,21.0,13.69,0.09,49.0,62.78
2026-04-01_rep_2,UA972,10:06:00,9.0,10:33:00,10:55:00,B38 A,101.0,24.0,7.28,0.1,22.0,29.38
2026-04-01_rep_2,UA994,08:51:00,-19.0,08:52:00,09:25:00,B40 A,171.0,26.0,15.89,0.12,33.0,49.01
2026-04-01_rep_2,UX1171,10:52:00,22.0,11:33:00,11:35:00,A48 ,66.0,26.0,5.37,1.77,2.0,9.14
2026-04-01_rep_2,UX1173,18:46:00,12.0,19:16:00,19:19:00,A53 ,64.0,24.0,7.25,1.76,3.0,12.01
2026-04-01_rep_2,VF65,12:21:00,-27.0,12:11:00,12:18:00,B27 A,117.0,23.0,7.79,0.11,7.0,14.9
2026-04-01_rep_2,VY1334,21:29:00,13.0,21:54:00,21:56:00,A49 ,37.0,16.0,3.13,1.55,2.0,6.68
2026-04-01_rep_2,VY2150,20:45:00,-6.0,20:53:00,20:55:00,A57 ,37.0,19.0,2.58,1.63,2.0,6.21
2026-04-01_rep_2,VY3650,18:49:00,-2.0,18:59:00,19:03:00,A57 ,15.0,16.0,1.12,1.53,4.0,6.65
2026-04-01_rep_2,VY8980,10:56:00,-3.0,11:02:00,11:03:00,A54 ,19.0,20.0,1.4,1.59,1.0,3.99
2026-04-01_rep_2,VY8982,18:30:00,-4.0,18:51:00,18:53:00,A63 ,45.0,30.0,2.93,1.62,2.0,6.54
2026-04-01_rep_2,VY8984,21:21:00,4.0,21:42:00,21:43:00,A55 ,38.0,23.0,2.24,1.65,1.0,4.89
2026-04-01_rep_2,VY8986,15:35:00,-15.0,15:34:00,15:43:00,A53 ,38.0,19.0,3.01,1.86,9.0,13.87
2026-04-01_rep_3,AC832,08:17:00,-31.0,08:02:00,08:29:00,B30 A,122.0,23.0,11.2,0.1,27.0,38.31
2026-04-01_rep_3,AY1541,10:27:00,-15.0,10:30:00,10:33:00,A56 ,57.0,25.0,4.35,1.59,3.0,8.94
2026-04-01_rep_3,AY1545,19:25:00,-13.0,19:27:00,19:30:00,A45 ,34.0,20.0,2.69,1.62,3.0,7.31
2026-04-01_rep_3,AY1549,23:40:00,-30.0,23:22:00,23:23:00,A53 ,32.0,17.0,2.53,1.6,1.0,5.13
2026-04-01_rep_3,AZ148,09:40:00,-11.0,09:50:00,09:51:00,A55 ,1.0,26.0,0.1,1.33,1.0,2.43
2026-04-01_rep_3,AZ154,20:10:00,-13.0,20:16:00,20:17:00,A49 ,15.0,24.0,1.17,1.55,1.0,3.72
2026-04-01_rep_3,AZ156,11:53:00,-15.0,11:53:00,11:56:00,A49 ,35.0,23.0,3.25,1.6,3.0,7.85
2026-04-01_rep_3,AZ160,19:07:00,3.0,19:24:00,19:26:00,A54 ,21.0,21.0,1.74,1.47,2.0,5.2
2026-04-01_rep_3,BA384,10:59:00,-11.0,11:07:00,11:11:00,B29 A,36.0,23.0,3.26,0.11,4.0,7.36
2026-04-01_rep_3,BA386,16:22:00,-9.0,16:32:00,16:37:00,B7  A,124.0,26.0,9.43,1.94,5.0,16.38
2026-04-01_rep_3,BA390,21:29:00,-15.0,21:31:00,21:36:00,B30 A,86.0,21.0,8.35,0.11,5.0,13.46
2026-04-01_rep_3,BT601,10:00:00,-11.0,10:06:00,10:11:00,A51 ,8.0,22.0,0.63,2.3,5.0,7.94
2026-04-01_rep_3,BT603,19:58:00,-21.0,19:47:00,19:49:00,A68 ,12.0,18.0,0.93,1.71,2.0,4.64
2026-04-01_rep_3,EI630,10:45:00,-4.0,10:58:00,11:03:00,B27 A,93.0,22.0,8.12,0.1,5.0,13.23
2026-04-01_rep_3,EI638,21:50:00,-24.0,21:44:00,21:48:00,B38 A,91.0,23.0,8.29,0.08,4.0,12.36
2026-04-01_rep_3,EK181,20:35:00,0.0,20:49:00,21:23:00,B37 A,214.0,19.0,15.57,0.08,34.0,49.66
2026-04-01_rep_3,ET750,08:10:00,16.0,08:46:00,09:28:00,B11 A,391.0,25.0,24.84,0.1,42.0,66.95
2026-04-01_rep_3,EY57,09:06:00,16.0,09:35:00,10:08:00,B5  A,121.0,19.0,9.52,1.61,33.0,44.14
2026-04-01_rep_3,FB407,20:49:00,10.0,21:15:00,21:16:00,A45 ,13.0,20.0,0.77,2.09,1.0,3.86
2026-04-01_rep_3,GQ1800,08:56:00,-16.0,08:56:00,09:09:00,A53 ,228.0,22.0,15.26,2.02,13.0,30.28
2026-04-01_rep_3,GQ800,14:11:00,10.0,14:39:00,14:43:00,A51 ,32.0,24.0,2.47,1.74,4.0,8.21
2026-04-01_rep_3,HV9004,00:20:00,-2.0,00:32:00,00:34:00,A52 ,77.0,19.0,5.71,2.01,2.0,9.72
2026-04-01_rep_3,HV9012,22:45:00,1.0,23:01:00,23:03:00,A59 ,38.0,20.0,2.79,1.32,2.0,6.11
2026-04-01_rep_3,IB597,12:31:00,-3.0,12:39:00,12:43:00,A43 ,74.0,17.0,6.57,1.92,4.0,12.49
2026-04-01_rep_3,IB601,20:07:00,-2.0,20:22:00,20:31:00,A60 ,103.0,24.0,9.29,1.88,9.0,20.17
2026-04-01_rep_3,IB603,23:35:00,-4.0,23:46:00,23:49:00,A51 ,61.0,20.0,4.66,1.26,3.0,8.92
2026-04-01_rep_3,JU272,21:30:00,-26.0,21:20:00,21:21:00,B28 A,53.0,21.0,3.98,0.08,1.0,5.06
2026-04-01_rep_3,KM420,20:20:00,-18.0,20:20:00,20:25:00,A63 ,66.0,23.0,5.03,1.9,5.0,11.93
2026-04-01_rep_3,LH1004,08:50:00,3.0,09:06:00,09:12:00,A43 ,29.0,18.0,2.41,2.39,6.0,10.8
2026-04-01_rep_3,LH2282,08:59:00,-14.0,09:02:00,09:04:00,A47 ,8.0,21.0,0.58,1.63,2.0,4.21
2026-04-01_rep_3,LO231,23:40:00,-14.0,23:44:00,23:45:00,A57 ,12.0,23.0,1.08,1.66,1.0,3.74
2026-04-01_rep_3,LO233,19:49:00,-13.0,19:53:00,19:54:00,A64 ,39.0,26.0,3.17,1.55,1.0,5.71
2026-04-01_rep_3,LO235,10:34:00,-31.0,10:15:00,10:16:00,A60 ,9.0,21.0,0.69,1.75,1.0,3.44
2026-04-01_rep_3,LO237,13:35:00,-24.0,13:29:00,13:31:00,A47 ,20.0,23.0,1.52,1.32,2.0,4.84
2026-04-01_rep_3,LX780,15:20:00,4.0,15:44:00,15:46:00,A43 ,65.0,25.0,6.67,1.86,2.0,10.54
2026-04-01_rep_3,LX786,09:55:00,28.0,10:41:00,10:48:00,A49 ,44.0,23.0,2.68,1.79,7.0,11.47
2026-04-01_rep_3,LX788,19:40:00,3.0,19:56:00,20:26:00,A47 ,37.0,18.0,3.19,1.54,30.0,34.73
2026-04-01_rep_3,ME215,11:39:00,-21.0,11:45:00,11:56:00,B31 A,128.0,31.0,11.29,0.1,11.0,22.39
2026-04-01_rep_3,NH231,18:40:00,-11.0,18:42:00,19:12:00,B5  A,200.0,18.0,13.04,1.76,30.0,44.8
2026-04-01_rep_3,OS291,10:11:00,-16.0,10:06:00,10:11:00,A47 ,13.0,17.0,1.01,1.98,5.0,8.0
2026-04-01_rep_3,OS295,17:50:00,-13.0,17:49:00,17:51:00,A51 ,22.0,17.0,2.01,1.57,2.0,5.58
2026-04-01_rep_3,OS297,20:14:00,-8.0,20:26:00,20:27:00,A51 ,14.0,24.0,1.57,1.49,1.0,4.06
2026-04-01_rep_3,OU4456,21:01:00,2.0,21:21:00,21:23:00,A56 ,13.0,29.0,0.84,1.52,2.0,4.36
2026-04-01_rep_3,OU456,09:47:00,-18.0,09:51:00,09:54:00,A49 ,4.0,29.0,0.3,1.49,3.0,4.79
2026-04-01_rep_3,QS1002,19:51:00,-20.0,19:42:00,19:43:00,A62 ,13.0,17.0,1.09,1.41,1.0,3.5
2026-04-01_rep_3,RO373,19:45:00,47.0,20:50:00,20:52:00,A66 ,12.0,28.0,0.95,2.01,2.0,4.96
2026-04-01_rep_3,SK1589,19:20:00,-14.0,19:24:00,19:28:00,A43 ,67.0,23.0,4.86,1.59,4.0,10.45
2026-04-01_rep_3,SK1593,15:41:00,0.0,15:55:00,15:59:00,A45 ,40.0,20.0,3.43,1.9,4.0,9.32
2026-04-01_rep_3,SK4745,21:35:00,-18.0,21:39:00,21:44:00,A43 ,110.0,27.0,8.72,1.91,5.0,15.63
2026-04-01_rep_3,SK589,11:26:00,-27.0,11:09:00,11:12:00,A40 ,53.0,21.0,3.85,1.71,3.0,8.56
2026-04-01_rep_3,SK593,10:45:00,-11.0,10:46:00,10:47:00,A55 ,29.0,17.0,3.25,1.6,1.0,5.86
2026-04-01_rep_3,SK597,20:56:00,-7.0,21:05:00,21:09:00,A47 ,64.0,22.0,4.71,1.97,4.0,10.68
2026-04-01_rep_3,SN1154,17:06:00,7.0,17:28:00,18:00:00,B17 A,197.0,21.0,20.39,0.12,32.0,52.51
2026-04-01_rep_3,SN206,06:25:00,23.0,07:07:00,07:30:00,B38 A,154.0,24.0,12.99,0.12,23.0,36.11
2026-04-01_rep_3,SN2096,21:03:00,-7.0,21:18:00,21:20:00,B31 A,45.0,25.0,5.38,0.12,2.0,7.5
2026-04-01_rep_3,SN2104,09:59:00,-8.0,10:25:00,10:48:00,B9  A,25.0,38.0,2.11,1.59,23.0,26.7
2026-04-01_rep_3,SN2184,09:35:00,21.0,10:25:00,10:28:00,B36 A,17.0,34.0,1.25,0.1,3.0,4.35
2026-04-01_rep_3,SN2258,14:28:00,-4.0,14:41:00,14:44:00,A42 ,25.0,20.0,1.76,1.5,3.0,6.26
2026-04-01_rep_3,SN2260,20:55:00,0.0,21:13:00,21:16:00,A62 ,33.0,28.0,2.95,1.8,3.0,7.75
2026-04-01_rep_3,SN2288,09:49:00,-26.0,09:40:00,09:41:00,A57 ,13.0,21.0,1.04,1.51,1.0,3.55
2026-04-01_rep_3,SN2292,16:08:00,-15.0,16:15:00,16:16:00,A46 ,19.0,25.0,1.29,1.57,1.0,3.87
2026-04-01_rep_3,SN2294,20:56:00,-17.0,20:56:00,21:00:00,A58 ,17.0,23.0,1.7,1.76,4.0,7.46
2026-04-01_rep_3,SN2298,09:48:00,-6.0,10:22:00,10:23:00,A44 ,8.0,43.0,0.85,2.02,1.0,3.87
2026-04-01_rep_3,SN2318,21:05:00,56.0,22:21:00,22:26:00,A57 ,20.0,25.0,1.62,1.6,5.0,8.22
2026-04-01_rep_3,SN2324,09:43:00,-12.0,10:08:00,10:10:00,A46 ,3.0,40.0,0.26,1.4,2.0,3.66
2026-04-01_rep_3,SN2372,18:57:00,-23.0,18:47:00,18:49:00,A48 ,13.0,20.0,1.48,1.52,2.0,4.99
2026-04-01_rep_3,SN245,06:54:00,27.0,07:44:00,07:58:00,B37 A,13.0,27.0,0.9,0.1,14.0,14.99
2026-04-01_rep_3,SN2548,21:18:00,-24.0,21:05:00,21:06:00,A68 ,13.0,24.0,1.09,1.61,1.0,3.7
2026-04-01_rep_3,SN2556,21:19:00,-23.0,21:15:00,21:18:00,A70 ,71.0,28.0,5.48,1.45,3.0,9.92
2026-04-01_rep_3,SN2560,10:00:00,-14.0,10:04:00,10:05:00,A59 ,2.0,23.0,0.2,1.54,1.0,2.73
2026-04-01_rep_3,SN2580,11:06:00,-9.0,11:15:00,11:20:00,A52 ,5.0,29.0,0.36,1.53,5.0,6.89
2026-04-01_rep_3,SN2582,14:08:00,40.0,15:08:00,15:11:00,A58 ,44.0,23.0,3.8,1.57,3.0,8.37
2026-04-01_rep_3,SN2588,21:18:00,-9.0,21:30:00,21:31:00,A64 ,31.0,29.0,2.21,1.85,1.0,5.06
2026-04-01_rep_3,SN2608,11:20:00,-10.0,11:46:00,11:50:00,A44 ,47.0,46.0,4.3,1.52,4.0,9.81
2026-04-01_rep_3,SN2612,14:43:00,-2.0,15:03:00,15:06:00,A44 ,91.0,25.0,8.21,1.8,3.0,13.01
2026-04-01_rep_3,SN2614,18:38:00,-15.0,18:42:00,18:44:00,A46 ,32.0,27.0,2.53,1.36,2.0,5.89
2026-04-01_rep_3,SN2616,21:46:00,-17.0,21:39:00,21:40:00,A60 ,14.0,16.0,0.92,2.07,1.0,3.99
2026-04-01_rep_3,SN2618,23:38:00,-15.0,23:41:00,23:44:00,A54 ,59.0,21.0,3.78,1.75,3.0,8.54
2026-04-01_rep_3,SN2624,13:57:00,-9.0,14:09:00,14:10:00,A50 ,9.0,28.0,0.68,2.27,1.0,3.96
2026-04-01_rep_3,SN2630,09:19:00,-16.0,09:21:00,09:28:00,A40 ,2.0,22.0,0.17,1.95,7.0,9.12
2026-04-01_rep_3,SN2648,18:25:00,4.0,18:42:00,18:44:00,A42 ,30.0,23.0,2.22,1.79,2.0,6.01
2026-04-01_rep_3,SN2652,00:13:00,-19.0,00:12:00,00:14:00,A60 ,47.0,21.0,4.98,1.74,2.0,8.72
2026-04-01_rep_3,SN2714,13:48:00,18.0,14:33:00,14:35:00,A46 ,33.0,30.0,2.65,1.73,2.0,6.38
2026-04-01_rep_3,SN2722,19:33:00,-10.0,19:39:00,19:40:00,A50 ,31.0,19.0,2.39,1.59,1.0,4.98
2026-04-01_rep_3,SN2724,23:35:00,30.0,00:29:00,00:31:00,A47 ,41.0,29.0,3.28,1.95,2.0,7.23
2026-04-01_rep_3,SN2726,09:25:00,26.0,10:22:00,10:24:00,A43 ,21.0,36.0,1.46,1.72,2.0,5.18
2026-04-01_rep_3,SN2730,11:23:00,2.0,12:06:00,12:11:00,A46 ,47.0,49.0,5.73,1.18,5.0,11.91
2026-04-01_rep_3,SN2810,14:23:00,-15.0,14:26:00,14:29:00,A56 ,35.0,21.0,3.28,1.43,3.0,7.7
2026-04-01_rep_3,SN2812,21:23:00,-19.0,21:22:00,21:25:00,A40 ,30.0,26.0,2.88,1.95,3.0,7.83
2026-04-01_rep_3,SN2816,09:24:00,-22.0,09:20:00,09:24:00,A58 ,2.0,22.0,0.15,1.56,4.0,5.71
2026-04-01_rep_3,SN2826,21:14:00,-26.0,21:02:00,21:03:00,A54 ,17.0,23.0,1.33,1.43,1.0,3.76
2026-04-01_rep_3,SN2830,09:38:00,-25.0,10:25:00,10:28:00,A48 ,9.0,75.0,0.82,1.5,3.0,5.32
2026-04-01_rep_3,SN2902,12:17:00,-13.0,12:18:00,12:20:00,A50 ,23.0,26.0,2.1,1.49,2.0,5.59
2026-04-01_rep_3,SN2906,21:00:00,-5.0,21:16:00,21:20:00,A53 ,66.0,26.0,5.11,1.83,4.0,10.94
2026-04-01_rep_3,SN2908,23:55:00,-2.0,00:05:00,00:06:00,A55 ,12.0,17.0,0.84,1.54,1.0,3.38
2026-04-01_rep_3,SN3126,20:08:00,5.0,20:27:00,20:28:00,A52 ,55.0,27.0,4.77,1.49,1.0,7.26
2026-04-01_rep_3,SN3146,12:06:00,-25.0,11:48:00,11:50:00,A53 ,4.0,13.0,0.26,1.52,2.0,3.78
2026-04-01_rep_3,SN3150,21:23:00,5.0,21:41:00,21:43:00,A44 ,11.0,16.0,0.86,1.93,2.0,4.79
2026-04-01_rep_3,SN3154,11:16:00,0.0,11:28:00,11:42:00,A42 ,10.0,18.0,1.04,1.47,14.0,16.51
2026-04-01_rep_3,SN3160,00:21:00,-6.0,00:27:00,00:28:00,A49 ,19.0,18.0,1.42,1.57,1.0,4.0
2026-04-01_rep_3,SN3170,16:23:00,12.0,16:53:00,16:55:00,A42 ,12.0,21.0,0.94,1.26,2.0,4.19
2026-04-01_rep_3,SN3176,13:33:00,11.0,14:01:00,14:03:00,A48 ,35.0,25.0,2.69,1.07,2.0,5.76
2026-04-01_rep_3,SN3182,21:25:00,63.0,22:47:00,22:53:00,A47 ,35.0,24.0,3.48,1.6,6.0,11.08
2026-04-01_rep_3,SN3184,00:20:00,152.0,03:10:00,03:13:00,A48 ,51.0,23.0,3.4,2.56,3.0,8.96
2026-04-01_rep_3,SN319,06:06:00,31.0,06:51:00,07:11:00,B28 A,83.0,20.0,6.11,0.11,20.0,26.22
2026-04-01_rep_3,SN3246,18:54:00,-5.0,19:04:00,19:06:00,A58 ,27.0,19.0,2.0,1.76,2.0,5.76
2026-04-01_rep_3,SN3344,21:24:00,-11.0,21:26:00,21:27:00,A42 ,10.0,22.0,0.76,1.63,1.0,3.39
2026-04-01_rep_3,SN3594,09:33:00,-10.0,09:41:00,09:48:00,A42 ,2.0,21.0,0.14,1.58,7.0,8.73
2026-04-01_rep_3,SN3598,16:18:00,1.0,16:32:00,16:46:00,A40 ,37.0,16.0,3.02,2.06,14.0,19.08
2026-04-01_rep_3,SN3604,09:32:00,-18.0,09:32:00,09:34:00,A50 ,6.0,25.0,0.64,1.46,2.0,4.1
2026-04-01_rep_3,SN3618,16:35:00,-7.0,16:39:00,16:40:00,A44 ,23.0,16.0,1.96,1.65,1.0,4.6
2026-04-01_rep_3,SN3622,19:18:00,1.0,19:32:00,19:33:00,A40 ,26.0,21.0,2.16,1.71,1.0,4.86
2026-04-01_rep_3,SN3632,10:45:00,-19.0,10:44:00,10:52:00,A58 ,4.0,33.0,0.31,1.97,8.0,10.27
2026-04-01_rep_3,SN3634,12:04:00,7.0,12:40:00,12:41:00,A60 ,10.0,38.0,1.02,2.3,1.0,4.33
2026-04-01_rep_3,SN3668,14:53:00,3.0,15:21:00,15:22:00,A62 ,15.0,28.0,1.22,1.75,1.0,3.97
2026-04-01_rep_3,SN3676,09:41:00,3.0,10:02:00,10:05:00,A45 ,9.0,24.0,0.72,1.53,3.0,5.25
2026-04-01_rep_3,SN3698,15:33:00,42.0,16:34:00,16:37:00,A50 ,26.0,22.0,2.02,1.67,3.0,6.69
2026-04-01_rep_3,SN3704,18:18:00,95.0,20:11:00,20:14:00,A44 ,18.0,21.0,1.23,1.36,3.0,5.59
2026-04-01_rep_3,SN3706,00:29:00,10.0,00:57:00,00:59:00,A56 ,8.0,22.0,0.78,1.87,2.0,4.65
2026-04-01_rep_3,SN3712,19:46:00,35.0,20:49:00,20:52:00,A46 ,57.0,34.0,4.18,1.57,3.0,8.76
2026-04-01_rep_3,SN3722,15:58:00,80.0,17:40:00,17:43:00,A48 ,40.0,25.0,2.69,1.71,3.0,7.4
2026-04-01_rep_3,SN3728,21:00:00,31.0,22:02:00,22:04:00,A59 ,24.0,36.0,2.1,1.38,2.0,5.48
2026-04-01_rep_3,SN3736,19:31:00,11.0,20:10:00,20:13:00,A56 ,68.0,34.0,4.67,2.05,3.0,9.72
2026-04-01_rep_3,SN3738,00:13:00,8.0,02:06:00,02:11:00,A50 ,47.0,108.0,3.78,1.42,5.0,10.2
2026-04-01_rep_3,SN3752,01:17:00,44.0,02:21:00,02:26:00,A62 ,48.0,87.0,4.57,1.98,5.0,11.55
2026-04-01_rep_3,SN3772,12:38:00,7.0,13:02:00,13:04:00,A42 ,44.0,20.0,3.59,1.43,2.0,7.01
2026-04-01_rep_3,SN3782,17:46:00,3.0,18:23:00,18:28:00,A60 ,107.0,40.0,10.79,1.56,5.0,17.35
2026-04-01_rep_3,SN3788,01:10:00,3.0,01:40:00,01:56:00,A45 ,138.0,32.0,11.1,1.51,16.0,28.61
2026-04-01_rep_3,SN3802,17:04:00,-5.0,17:19:00,17:21:00,A54 ,42.0,24.0,2.73,1.74,2.0,6.47
2026-04-01_rep_3,SN3804,19:33:00,88.0,21:25:00,21:27:00,A50 ,8.0,27.0,0.7,1.32,2.0,4.02
2026-04-01_rep_3,SN3810,21:14:00,6.0,21:41:00,21:43:00,A48 ,45.0,25.0,3.38,1.62,2.0,7.0
2026-04-01_rep_3,SN3812,17:18:00,10.0,17:57:00,18:00:00,A56 ,103.0,32.0,8.69,1.98,3.0,13.66
2026-04-01_rep_3,SN3816,16:43:00,33.0,17:37:00,17:41:00,A46 ,43.0,24.0,4.76,2.04,4.0,10.8
2026-04-01_rep_3,SN3820,00:45:00,0.0,02:00:00,02:02:00,A64 ,21.0,80.0,1.64,1.85,2.0,5.49
2026-04-01_rep_3,SN465,07:51:00,1.0,08:12:00,08:36:00,B34 A,66.0,26.0,5.7,0.12,24.0,29.82
2026-04-01_rep_3,TB1012,13:35:00,13.0,14:04:00,14:07:00,A57 ,73.0,21.0,4.96,1.48,3.0,9.44
2026-04-01_rep_3,TB1552,16:44:00,13.0,17:20:00,17:27:00,A65 ,157.0,27.0,10.82,1.56,7.0,19.38
2026-04-01_rep_3,TB1711,18:15:00,-4.0,18:29:00,18:33:00,A61 ,156.0,23.0,9.78,1.69,4.0,15.47
2026-04-01_rep_3,TB1754,23:29:00,12.0,00:01:00,00:09:00,A63 ,167.0,24.0,11.15,1.57,8.0,20.72
2026-04-01_rep_3,TB2511,17:45:00,21.0,18:31:00,18:37:00,B32 A,160.0,30.0,11.07,0.1,6.0,17.17
2026-04-01_rep_3,TB2634,22:26:00,12.0,22:57:00,23:02:00,B14 A,133.0,25.0,10.55,0.09,5.0,15.64
2026-04-01_rep_3,TG934,08:20:00,-9.0,08:24:00,08:56:00,B29 A,264.0,18.0,17.16,0.1,32.0,49.25
2026-04-01_rep_3,TK1937,11:17:00,2.0,11:38:00,11:46:00,B30 A,148.0,26.0,12.52,0.11,8.0,20.63
2026-04-01_rep_3,TK1939,18:56:00,-16.0,18:58:00,19:13:00,B11 A,149.0,24.0,11.2,0.12,15.0,26.32
2026-04-01_rep_3,TK1941,22:30:00,-36.0,22:28:00,22:34:00,B9  A,143.0,39.0,8.59,1.58,6.0,16.18
2026-04-01_rep_3,TK1943,14:33:00,-25.0,14:20:00,14:25:00,B7  A,72.0,20.0,4.73,1.3,5.0,11.03
2026-04-01_rep_3,TP640,12:06:00,1.0,12:28:00,12:32:00,A51 ,118.0,27.0,10.66,1.59,4.0,16.25
2026-04-01_rep_3,TP642,16:12:00,12.0,16:36:00,16:52:00,A57 ,118.0,19.0,8.34,1.95,16.0,26.3
2026-04-01_rep_3,TP644,21:12:00,36.0,22:03:00,22:06:00,A51 ,63.0,22.0,4.49,1.93,3.0,9.43
2026-04-01_rep_3,TP646,01:04:00,88.0,02:46:00,02:50:00,A59 ,30.0,23.0,2.28,1.48,4.0,7.75
2026-04-01_rep_3,TU954,12:29:00,374.0,18:59:00,19:04:00,B29 A,114.0,20.0,10.52,0.1,5.0,15.61
2026-04-01_rep_3,UA950,08:20:00,0.0,08:36:00,09:25:00,B38 A,176.0,21.0,17.49,0.11,49.0,66.6
2026-04-01_rep_3,UA972,10:06:00,9.0,10:33:00,10:55:00,B38 A,101.0,24.0,6.95,0.13,22.0,29.08
2026-04-01_rep_3,UA994,08:51:00,-19.0,08:52:00,09:25:00,B40 A,171.0,26.0,15.35,0.11,33.0,48.46
2026-04-01_rep_3,UX1171,10:52:00,22.0,11:33:00,11:35:00,A48 ,66.0,26.0,4.54,1.69,2.0,8.22
2026-04-01_rep_3,UX1173,18:46:00,12.0,19:16:00,19:19:00,A53 ,64.0,24.0,6.07,1.67,3.0,10.74
2026-04-01_rep_3,VF65,12:21:00,-27.0,12:11:00,12:18:00,B27 A,117.0,23.0,10.44,0.09,7.0,17.53
2026-04-01_rep_3,VY1334,21:29:00,13.0,21:54:00,21:56:00,A49 ,37.0,16.0,2.48,1.64,2.0,6.12
2026-04-01_rep_3,VY2150,20:45:00,-6.0,20:53:00,20:55:00,A57 ,37.0,19.0,2.49,1.87,2.0,6.36
2026-04-01_rep_3,VY3650,18:49:00,-2.0,18:59:00,19:03:00,A57 ,15.0,16.0,1.21,1.56,4.0,6.77
2026-04-01_rep_3,VY8980,10:56:00,-3.0,11:02:00,11:03:00,A54 ,19.0,20.0,1.79,1.56,1.0,4.35
2026-04-01_rep_3,VY8982,18:30:00,-4.0,18:51:00,18:53:00,A63 ,45.0,30.0,4.14,1.79,2.0,7.93
2026-04-01_rep_3,VY8984,21:21:00,4.0,21:42:00,21:43:00,A55 ,38.0,23.0,3.93,1.93,1.0,6.86
2026-04-01_rep_3,VY8986,15:35:00,-15.0,15:34:00,15:43:00,A53 ,38.0,19.0,3.69,1.36,9.0,14.05
2026-04-01_rep_4,AC832,08:17:00,-31.0,08:02:00,08:29:00,B30 A,122.0,23.0,10.69,0.1,27.0,37.78
2026-04-01_rep_4,AY1541,10:27:00,-15.0,10:30:00,10:33:00,A56 ,57.0,25.0,4.47,1.98,3.0,9.44
2026-04-01_rep_4,AY1545,19:25:00,-13.0,19:27:00,19:30:00,A45 ,34.0,20.0,2.26,1.51,3.0,6.77
2026-04-01_rep_4,AY1549,23:40:00,-30.0,23:22:00,23:23:00,A53 ,32.0,17.0,2.58,1.71,1.0,5.29
2026-04-01_rep_4,AZ148,09:40:00,-11.0,09:50:00,09:51:00,A55 ,1.0,26.0,0.07,2.03,1.0,3.1
2026-04-01_rep_4,AZ154,20:10:00,-13.0,20:16:00,20:17:00,A49 ,15.0,24.0,1.1,1.3,1.0,3.4
2026-04-01_rep_4,AZ156,11:53:00,-15.0,11:53:00,11:56:00,A49 ,35.0,23.0,2.56,1.6,3.0,7.15
2026-04-01_rep_4,AZ160,19:07:00,3.0,19:24:00,19:26:00,A54 ,21.0,21.0,2.06,1.52,2.0,5.58
2026-04-01_rep_4,BA384,10:59:00,-11.0,11:07:00,11:11:00,B29 A,36.0,23.0,2.87,0.11,4.0,6.98
2026-04-01_rep_4,BA386,16:22:00,-9.0,16:32:00,16:37:00,B7  A,124.0,26.0,11.11,1.45,5.0,17.56
2026-04-01_rep_4,BA390,21:29:00,-15.0,21:31:00,21:36:00,B30 A,86.0,21.0,5.71,0.08,5.0,10.79
2026-04-01_rep_4,BT601,10:00:00,-11.0,10:06:00,10:11:00,A51 ,8.0,22.0,0.64,1.63,5.0,7.26
2026-04-01_rep_4,BT603,19:58:00,-21.0,19:47:00,19:49:00,A68 ,12.0,18.0,0.85,1.68,2.0,4.53
2026-04-01_rep_4,EI630,10:45:00,-4.0,10:58:00,11:03:00,B27 A,93.0,22.0,7.34,0.1,5.0,12.44
2026-04-01_rep_4,EI638,21:50:00,-24.0,21:44:00,21:48:00,B38 A,91.0,23.0,7.36,0.08,4.0,11.44
2026-04-01_rep_4,EK181,20:35:00,0.0,20:49:00,21:23:00,B37 A,214.0,19.0,17.72,0.13,34.0,51.84
2026-04-01_rep_4,ET750,08:10:00,16.0,08:46:00,09:28:00,B11 A,391.0,25.0,24.43,0.16,42.0,66.59
2026-04-01_rep_4,EY57,09:06:00,16.0,09:35:00,10:08:00,B5  A,121.0,19.0,9.77,1.6,33.0,44.36
2026-04-01_rep_4,FB407,20:49:00,10.0,21:15:00,21:16:00,A45 ,13.0,20.0,1.27,1.74,1.0,4.01
2026-04-01_rep_4,GQ1800,08:56:00,-16.0,08:56:00,09:09:00,A53 ,228.0,22.0,19.21,1.82,13.0,34.04
2026-04-01_rep_4,GQ800,14:11:00,10.0,14:39:00,14:43:00,A51 ,32.0,24.0,2.83,1.82,4.0,8.65
2026-04-01_rep_4,HV9004,00:20:00,-2.0,00:32:00,00:34:00,A52 ,77.0,19.0,4.96,1.68,2.0,8.64
2026-04-01_rep_4,HV9012,22:45:00,1.0,23:01:00,23:03:00,A59 ,38.0,20.0,2.39,2.09,2.0,6.48
2026-04-01_rep_4,IB597,12:31:00,-3.0,12:39:00,12:43:00,A43 ,74.0,17.0,9.22,1.49,4.0,14.71
2026-04-01_rep_4,IB601,20:07:00,-2.0,20:22:00,20:31:00,A60 ,103.0,24.0,9.4,1.88,9.0,20.28
2026-04-01_rep_4,IB603,23:35:00,-4.0,23:46:00,23:49:00,A51 ,61.0,20.0,6.09,1.45,3.0,10.54
2026-04-01_rep_4,JU272,21:30:00,-26.0,21:20:00,21:21:00,B28 A,53.0,21.0,4.71,0.1,1.0,5.81
2026-04-01_rep_4,KM420,20:20:00,-18.0,20:20:00,20:25:00,A63 ,66.0,23.0,5.85,1.59,5.0,12.45
2026-04-01_rep_4,LH1004,08:50:00,3.0,09:06:00,09:12:00,A43 ,29.0,18.0,2.19,1.35,6.0,9.54
2026-04-01_rep_4,LH2282,08:59:00,-14.0,09:02:00,09:04:00,A47 ,8.0,21.0,0.57,1.95,2.0,4.51
2026-04-01_rep_4,LO231,23:40:00,-14.0,23:44:00,23:45:00,A57 ,12.0,23.0,1.03,1.78,1.0,3.81
2026-04-01_rep_4,LO233,19:49:00,-13.0,19:53:00,19:54:00,A64 ,39.0,26.0,3.53,1.84,1.0,6.37
2026-04-01_rep_4,LO235,10:34:00,-31.0,10:15:00,10:16:00,A60 ,9.0,21.0,0.58,1.61,1.0,3.2
2026-04-01_rep_4,LO237,13:35:00,-24.0,13:29:00,13:31:00,A47 ,20.0,23.0,1.62,1.9,2.0,5.52
2026-04-01_rep_4,LX780,15:20:00,4.0,15:44:00,15:46:00,A43 ,65.0,25.0,5.88,1.64,2.0,9.52
2026-04-01_rep_4,LX786,09:55:00,28.0,10:41:00,10:48:00,A49 ,44.0,23.0,3.72,1.37,7.0,12.09
2026-04-01_rep_4,LX788,19:40:00,3.0,19:56:00,20:26:00,A47 ,37.0,18.0,2.73,1.95,30.0,34.68
2026-04-01_rep_4,ME215,11:39:00,-21.0,11:45:00,11:56:00,B31 A,128.0,31.0,9.62,0.12,11.0,20.74
2026-04-01_rep_4,NH231,18:40:00,-11.0,18:42:00,19:12:00,B5  A,200.0,18.0,15.31,1.35,30.0,46.66
2026-04-01_rep_4,OS291,10:11:00,-16.0,10:06:00,10:11:00,A47 ,13.0,17.0,0.88,1.72,5.0,7.6
2026-04-01_rep_4,OS295,17:50:00,-13.0,17:49:00,17:51:00,A51 ,22.0,17.0,1.42,1.67,2.0,5.09
2026-04-01_rep_4,OS297,20:14:00,-8.0,20:26:00,20:27:00,A51 ,14.0,24.0,1.38,1.98,1.0,4.36
2026-04-01_rep_4,OU4456,21:01:00,2.0,21:21:00,21:23:00,A56 ,13.0,29.0,1.0,1.49,2.0,4.49
2026-04-01_rep_4,OU456,09:47:00,-18.0,09:51:00,09:54:00,A49 ,4.0,29.0,0.3,1.73,3.0,5.03
2026-04-01_rep_4,QS1002,19:51:00,-20.0,19:42:00,19:43:00,A62 ,13.0,17.0,0.92,1.56,1.0,3.48
2026-04-01_rep_4,RO373,19:45:00,47.0,20:50:00,20:52:00,A66 ,12.0,28.0,0.9,1.7,2.0,4.6
2026-04-01_rep_4,SK1589,19:20:00,-14.0,19:24:00,19:28:00,A43 ,67.0,23.0,5.04,1.82,4.0,10.86
2026-04-01_rep_4,SK1593,15:41:00,0.0,15:55:00,15:59:00,A45 ,40.0,20.0,3.59,1.51,4.0,9.1
2026-04-01_rep_4,SK4745,21:35:00,-18.0,21:39:00,21:44:00,A43 ,110.0,27.0,9.1,1.61,5.0,15.71
2026-04-01_rep_4,SK589,11:26:00,-27.0,11:09:00,11:12:00,A40 ,53.0,21.0,4.65,1.45,3.0,9.1
2026-04-01_rep_4,SK593,10:45:00,-11.0,10:46:00,10:47:00,A55 ,29.0,17.0,3.04,1.28,1.0,5.32
2026-04-01_rep_4,SK597,20:56:00,-7.0,21:05:00,21:09:00,A47 ,64.0,22.0,6.57,2.05,4.0,12.61
2026-04-01_rep_4,SN1154,17:06:00,7.0,17:28:00,18:00:00,B17 A,197.0,21.0,16.81,0.13,32.0,48.94
2026-04-01_rep_4,SN206,06:25:00,23.0,07:07:00,07:30:00,B38 A,154.0,24.0,12.89,0.12,23.0,36.01
2026-04-01_rep_4,SN2096,21:03:00,-7.0,21:18:00,21:20:00,B31 A,45.0,25.0,3.07,0.09,2.0,5.16
2026-04-01_rep_4,SN2104,09:59:00,-8.0,10:25:00,10:48:00,B9  A,25.0,38.0,1.9,1.68,23.0,26.58
2026-04-01_rep_4,SN2184,09:35:00,21.0,10:25:00,10:28:00,B36 A,17.0,34.0,1.46,0.13,3.0,4.59
2026-04-01_rep_4,SN2258,14:28:00,-4.0,14:41:00,14:44:00,A42 ,25.0,20.0,2.3,1.76,3.0,7.06
2026-04-01_rep_4,SN2260,20:55:00,0.0,21:13:00,21:16:00,A62 ,33.0,28.0,2.68,1.6,3.0,7.28
2026-04-01_rep_4,SN2288,09:49:00,-26.0,09:40:00,09:41:00,A57 ,13.0,21.0,0.83,1.97,1.0,3.81
2026-04-01_rep_4,SN2292,16:08:00,-15.0,16:15:00,16:16:00,A46 ,19.0,25.0,1.76,1.51,1.0,4.27
2026-04-01_rep_4,SN2294,20:56:00,-17.0,20:56:00,21:00:00,A58 ,17.0,23.0,1.28,1.87,4.0,7.15
2026-04-01_rep_4,SN2298,09:48:00,-6.0,10:22:00,10:23:00,A44 ,8.0,43.0,0.51,1.21,1.0,2.72
2026-04-01_rep_4,SN2318,21:05:00,56.0,22:21:00,22:26:00,A57 ,20.0,25.0,1.64,1.85,5.0,8.49
2026-04-01_rep_4,SN2324,09:43:00,-12.0,10:08:00,10:10:00,A46 ,3.0,40.0,0.27,1.69,2.0,3.96
2026-04-01_rep_4,SN2372,18:57:00,-23.0,18:47:00,18:49:00,A48 ,13.0,20.0,0.95,1.43,2.0,4.38
2026-04-01_rep_4,SN245,06:54:00,27.0,07:44:00,07:58:00,B37 A,13.0,27.0,1.33,0.1,14.0,15.43
2026-04-01_rep_4,SN2548,21:18:00,-24.0,21:05:00,21:06:00,A68 ,13.0,24.0,1.04,1.53,1.0,3.57
2026-04-01_rep_4,SN2556,21:19:00,-23.0,21:15:00,21:18:00,A70 ,71.0,28.0,6.25,1.89,3.0,11.14
2026-04-01_rep_4,SN2560,10:00:00,-14.0,10:04:00,10:05:00,A59 ,2.0,23.0,0.15,1.7,1.0,2.85
2026-04-01_rep_4,SN2580,11:06:00,-9.0,11:15:00,11:20:00,A52 ,5.0,29.0,0.53,1.75,5.0,7.28
2026-04-01_rep_4,SN2582,14:08:00,40.0,15:08:00,15:11:00,A58 ,44.0,23.0,3.63,1.4,3.0,8.03
2026-04-01_rep_4,SN2588,21:18:00,-9.0,21:30:00,21:31:00,A64 ,31.0,29.0,2.24,1.26,1.0,4.49
2026-04-01_rep_4,SN2608,11:20:00,-10.0,11:46:00,11:50:00,A44 ,47.0,46.0,3.29,2.3,4.0,9.59
2026-04-01_rep_4,SN2612,14:43:00,-2.0,15:03:00,15:06:00,A44 ,91.0,25.0,7.04,1.74,3.0,11.78
2026-04-01_rep_4,SN2614,18:38:00,-15.0,18:42:00,18:44:00,A46 ,32.0,27.0,2.9,2.14,2.0,7.04
2026-04-01_rep_4,SN2616,21:46:00,-17.0,21:39:00,21:40:00,A60 ,14.0,16.0,1.28,1.52,1.0,3.8
2026-04-01_rep_4,SN2618,23:38:00,-15.0,23:41:00,23:44:00,A54 ,59.0,21.0,4.63,1.53,3.0,9.16
2026-04-01_rep_4,SN2624,13:57:00,-9.0,14:09:00,14:10:00,A50 ,9.0,28.0,0.75,1.7,1.0,3.45
2026-04-01_rep_4,SN2630,09:19:00,-16.0,09:21:00,09:28:00,A40 ,2.0,22.0,0.14,1.76,7.0,8.9
2026-04-01_rep_4,SN2648,18:25:00,4.0,18:42:00,18:44:00,A42 ,30.0,23.0,2.11,1.93,2.0,6.05
2026-04-01_rep_4,SN2652,00:13:00,-19.0,00:12:00,00:14:00,A60 ,47.0,21.0,4.4,1.89,2.0,8.29
2026-04-01_rep_4,SN2714,13:48:00,18.0,14:33:00,14:35:00,A46 ,33.0,30.0,2.57,1.75,2.0,6.32
2026-04-01_rep_4,SN2722,19:33:00,-10.0,19:39:00,19:40:00,A50 ,31.0,19.0,3.28,1.52,1.0,5.79
2026-04-01_rep_4,SN2724,23:35:00,30.0,00:29:00,00:31:00,A47 ,41.0,29.0,3.1,2.03,2.0,7.12
2026-04-01_rep_4,SN2726,09:25:00,26.0,10:22:00,10:24:00,A43 ,21.0,36.0,1.76,1.44,2.0,5.2
2026-04-01_rep_4,SN2730,11:23:00,2.0,12:06:00,12:11:00,A46 ,47.0,49.0,3.44,1.63,5.0,10.06
2026-04-01_rep_4,SN2810,14:23:00,-15.0,14:26:00,14:29:00,A56 ,35.0,21.0,3.02,1.83,3.0,7.85
2026-04-01_rep_4,SN2812,21:23:00,-19.0,21:22:00,21:25:00,A40 ,30.0,26.0,2.52,1.35,3.0,6.87
2026-04-01_rep_4,SN2816,09:24:00,-22.0,09:20:00,09:24:00,A58 ,2.0,22.0,0.19,1.29,4.0,5.48
2026-04-01_rep_4,SN2826,21:14:00,-26.0,21:02:00,21:03:00,A54 ,17.0,23.0,1.27,1.74,1.0,4.0
2026-04-01_rep_4,SN2830,09:38:00,-25.0,10:25:00,10:28:00,A48 ,9.0,75.0,0.64,1.86,3.0,5.5
2026-04-01_rep_4,SN2902,12:17:00,-13.0,12:18:00,12:20:00,A50 ,23.0,26.0,1.72,1.55,2.0,5.27
2026-04-01_rep_4,SN2906,21:00:00,-5.0,21:16:00,21:20:00,A53 ,66.0,26.0,4.62,1.31,4.0,9.94
2026-04-01_rep_4,SN2908,23:55:00,-2.0,00:05:00,00:06:00,A55 ,12.0,17.0,1.08,2.0,1.0,4.08
2026-04-01_rep_4,SN3126,20:08:00,5.0,20:27:00,20:28:00,A52 ,55.0,27.0,4.35,1.87,1.0,7.22
2026-04-01_rep_4,SN3146,12:06:00,-25.0,11:48:00,11:50:00,A53 ,4.0,13.0,0.4,1.48,2.0,3.89
2026-04-01_rep_4,SN3150,21:23:00,5.0,21:41:00,21:43:00,A44 ,11.0,16.0,1.0,1.79,2.0,4.79
2026-04-01_rep_4,SN3154,11:16:00,0.0,11:28:00,11:42:00,A42 ,10.0,18.0,0.71,1.65,14.0,16.36
2026-04-01_rep_4,SN3160,00:21:00,-6.0,00:27:00,00:28:00,A49 ,19.0,18.0,1.6,1.53,1.0,4.13
2026-04-01_rep_4,SN3170,16:23:00,12.0,16:53:00,16:55:00,A42 ,12.0,21.0,1.03,1.79,2.0,4.82
2026-04-01_rep_4,SN3176,13:33:00,11.0,14:01:00,14:03:00,A48 ,35.0,25.0,2.67,1.39,2.0,6.07
2026-04-01_rep_4,SN3182,21:25:00,63.0,22:47:00,22:53:00,A47 ,35.0,24.0,2.87,1.46,6.0,10.33
2026-04-01_rep_4,SN3184,00:20:00,152.0,03:10:00,03:13:00,A48 ,51.0,23.0,4.1,1.29,3.0,8.39
2026-04-01_rep_4,SN319,06:06:00,31.0,06:51:00,07:11:00,B28 A,83.0,20.0,6.55,0.11,20.0,26.66
2026-04-01_rep_4,SN3246,18:54:00,-5.0,19:04:00,19:06:00,A58 ,27.0,19.0,1.95,1.41,2.0,5.36
2026-04-01_rep_4,SN3344,21:24:00,-11.0,21:26:00,21:27:00,A42 ,10.0,22.0,0.66,1.62,1.0,3.29
2026-04-01_rep_4,SN3594,09:33:00,-10.0,09:41:00,09:48:00,A42 ,2.0,21.0,0.14,1.52,7.0,8.66
2026-04-01_rep_4,SN3598,16:18:00,1.0,16:32:00,16:46:00,A40 ,37.0,16.0,3.03,1.82,14.0,18.84
2026-04-01_rep_4,SN3604,09:32:00,-18.0,09:32:00,09:34:00,A50 ,6.0,25.0,0.37,1.81,2.0,4.18
2026-04-01_rep_4,SN3618,16:35:00,-7.0,16:39:00,16:40:00,A44 ,23.0,16.0,1.4,1.66,1.0,4.06
2026-04-01_rep_4,SN3622,19:18:00,1.0,19:32:00,19:33:00,A40 ,26.0,21.0,2.12,1.69,1.0,4.81
2026-04-01_rep_4,SN3632,10:45:00,-19.0,10:44:00,10:52:00,A58 ,4.0,33.0,0.43,1.52,8.0,9.94
2026-04-01_rep_4,SN3634,12:04:00,7.0,12:40:00,12:41:00,A60 ,10.0,38.0,1.09,1.96,1.0,4.05
2026-04-01_rep_4,SN3668,14:53:00,3.0,15:21:00,15:22:00,A62 ,15.0,28.0,1.13,1.34,1.0,3.47
2026-04-01_rep_4,SN3676,09:41:00,3.0,10:02:00,10:05:00,A45 ,9.0,24.0,0.77,1.67,3.0,5.44
2026-04-01_rep_4,SN3698,15:33:00,42.0,16:34:00,16:37:00,A50 ,26.0,22.0,2.96,1.49,3.0,7.45
2026-04-01_rep_4,SN3704,18:18:00,95.0,20:11:00,20:14:00,A44 ,18.0,21.0,1.25,1.51,3.0,5.76
2026-04-01_rep_4,SN3706,00:29:00,10.0,00:57:00,00:59:00,A56 ,8.0,22.0,0.61,2.12,2.0,4.72
2026-04-01_rep_4,SN3712,19:46:00,35.0,20:49:00,20:52:00,A46 ,57.0,34.0,3.48,1.38,3.0,7.87
2026-04-01_rep_4,SN3722,15:58:00,80.0,17:40:00,17:43:00,A48 ,40.0,25.0,3.25,1.55,3.0,7.8
2026-04-01_rep_4,SN3728,21:00:00,31.0,22:02:00,22:04:00,A59 ,24.0,36.0,1.55,1.71,2.0,5.26
2026-04-01_rep_4,SN3736,19:31:00,11.0,20:10:00,20:13:00,A56 ,68.0,34.0,4.63,2.1,3.0,9.73
2026-04-01_rep_4,SN3738,00:13:00,8.0,02:06:00,02:11:00,A50 ,47.0,108.0,3.42,1.41,5.0,9.83
2026-04-01_rep_4,SN3752,01:17:00,44.0,02:21:00,02:26:00,A62 ,48.0,87.0,4.57,1.39,5.0,10.96
2026-04-01_rep_4,SN3772,12:38:00,7.0,13:02:00,13:04:00,A42 ,44.0,20.0,2.81,1.48,2.0,6.29
2026-04-01_rep_4,SN3782,17:46:00,3.0,18:23:00,18:28:00,A60 ,107.0,40.0,11.18,1.25,5.0,17.43
2026-04-01_rep_4,SN3788,01:10:00,3.0,01:40:00,01:56:00,A45 ,138.0,32.0,9.46,1.63,16.0,27.09
2026-04-01_rep_4,SN3802,17:04:00,-5.0,17:19:00,17:21:00,A54 ,42.0,24.0,2.69,1.52,2.0,6.21
2026-04-01_rep_4,SN3804,19:33:00,88.0,21:25:00,21:27:00,A50 ,8.0,27.0,0.69,1.77,2.0,4.46
2026-04-01_rep_4,SN3810,21:14:00,6.0,21:41:00,21:43:00,A48 ,45.0,25.0,3.01,1.32,2.0,6.33
2026-04-01_rep_4,SN3812,17:18:00,10.0,17:57:00,18:00:00,A56 ,103.0,32.0,6.53,1.76,3.0,11.29
2026-04-01_rep_4,SN3816,16:43:00,33.0,17:37:00,17:41:00,A46 ,43.0,24.0,3.68,1.75,4.0,9.43
2026-04-01_rep_4,SN3820,00:45:00,0.0,02:00:00,02:02:00,A64 ,21.0,80.0,1.64,1.45,2.0,5.1
2026-04-01_rep_4,SN465,07:51:00,1.0,08:12:00,08:36:00,B34 A,66.0,26.0,4.75,0.09,24.0,28.84
2026-04-01_rep_4,TB1012,13:35:00,13.0,14:04:00,14:07:00,A57 ,73.0,21.0,5.14,1.82,3.0,9.96
2026-04-01_rep_4,TB1552,16:44:00,13.0,17:20:00,17:27:00,A65 ,157.0,27.0,11.23,1.33,7.0,19.56
2026-04-01_rep_4,TB1711,18:15:00,-4.0,18:29:00,18:33:00,A61 ,156.0,23.0,14.69,1.43,4.0,20.12
2026-04-01_rep_4,TB1754,23:29:00,12.0,00:01:00,00:09:00,A63 ,167.0,24.0,12.22,2.17,8.0,22.39
2026-04-01_rep_4,TB2511,17:45:00,21.0,18:31:00,18:37:00,B32 A,160.0,30.0,11.81,0.1,6.0,17.91
2026-04-01_rep_4,TB2634,22:26:00,12.0,22:57:00,23:02:00,B14 A,133.0,25.0,8.25,0.1,5.0,13.36
2026-04-01_rep_4,TG934,08:20:00,-9.0,08:24:00,08:56:00,B29 A,264.0,18.0,17.68,0.11,32.0,49.78
2026-04-01_rep_4,TK1937,11:17:00,2.0,11:38:00,11:46:00,B30 A,148.0,26.0,9.57,0.09,8.0,17.67
2026-04-01_rep_4,TK1939,18:56:00,-16.0,18:58:00,19:13:00,B11 A,149.0,24.0,14.75,0.11,15.0,29.86
2026-04-01_rep_4,TK1941,22:30:00,-36.0,22:28:00,22:34:00,B9  A,143.0,39.0,15.44,1.65,6.0,23.09
2026-04-01_rep_4,TK1943,14:33:00,-25.0,14:20:00,14:25:00,B7  A,72.0,20.0,4.52,1.52,5.0,11.04
2026-04-01_rep_4,TP640,12:06:00,1.0,12:28:00,12:32:00,A51 ,118.0,27.0,7.91,1.23,4.0,13.14
2026-04-01_rep_4,TP642,16:12:00,12.0,16:36:00,16:52:00,A57 ,118.0,19.0,10.73,1.52,16.0,28.25
2026-04-01_rep_4,TP644,21:12:00,36.0,22:03:00,22:06:00,A51 ,63.0,22.0,4.05,1.25,3.0,8.3
2026-04-01_rep_4,TP646,01:04:00,88.0,02:46:00,02:50:00,A59 ,30.0,23.0,2.04,1.61,4.0,7.65
2026-04-01_rep_4,TU954,12:29:00,374.0,18:59:00,19:04:00,B29 A,114.0,20.0,9.57,0.1,5.0,14.67
2026-04-01_rep_4,UA950,08:20:00,0.0,08:36:00,09:25:00,B38 A,176.0,21.0,11.29,0.15,49.0,60.44
2026-04-01_rep_4,UA972,10:06:00,9.0,10:33:00,10:55:00,B38 A,101.0,24.0,8.82,0.1,22.0,30.92
2026-04-01_rep_4,UA994,08:51:00,-19.0,08:52:00,09:25:00,B40 A,171.0,26.0,13.61,0.1,33.0,46.71
2026-04-01_rep_4,UX1171,10:52:00,22.0,11:33:00,11:35:00,A48 ,66.0,26.0,5.13,2.46,2.0,9.59
2026-04-01_rep_4,UX1173,18:46:00,12.0,19:16:00,19:19:00,A53 ,64.0,24.0,3.99,1.65,3.0,8.64
2026-04-01_rep_4,VF65,12:21:00,-27.0,12:11:00,12:18:00,B27 A,117.0,23.0,7.37,0.13,7.0,14.5
2026-04-01_rep_4,VY1334,21:29:00,13.0,21:54:00,21:56:00,A49 ,37.0,16.0,3.85,1.51,2.0,7.36
2026-04-01_rep_4,VY2150,20:45:00,-6.0,20:53:00,20:55:00,A57 ,37.0,19.0,2.99,1.54,2.0,6.53
2026-04-01_rep_4,VY3650,18:49:00,-2.0,18:59:00,19:03:00,A57 ,15.0,16.0,0.99,1.8,4.0,6.79
2026-04-01_rep_4,VY8980,10:56:00,-3.0,11:02:00,11:03:00,A54 ,19.0,20.0,1.29,1.69,1.0,3.98
2026-04-01_rep_4,VY8982,18:30:00,-4.0,18:51:00,18:53:00,A63 ,45.0,30.0,3.75,2.23,2.0,7.98
2026-04-01_rep_4,VY8984,21:21:00,4.0,21:42:00,21:43:00,A55 ,38.0,23.0,2.7,1.86,1.0,5.56
2026-04-01_rep_4,VY8986,15:35:00,-15.0,15:34:00,15:43:00,A53 ,38.0,19.0,2.6,1.87,9.0,13.47
2026-04-01_rep_5,AC832,08:17:00,-31.0,08:02:00,08:29:00,B30 A,122.0,23.0,7.75,0.09,27.0,34.85
2026-04-01_rep_5,AY1541,10:27:00,-15.0,10:30:00,10:33:00,A56 ,57.0,25.0,4.5,1.73,3.0,9.23
2026-04-01_rep_5,AY1545,19:25:00,-13.0,19:27:00,19:30:00,A45 ,34.0,20.0,2.3,1.39,3.0,6.69
2026-04-01_rep_5,AY1549,23:40:00,-30.0,23:22:00,23:23:00,A53 ,32.0,17.0,2.96,1.59,1.0,5.55
2026-04-01_rep_5,AZ148,09:40:00,-11.0,09:50:00,09:51:00,A55 ,1.0,26.0,0.08,1.5,1.0,2.58
2026-04-01_rep_5,AZ154,20:10:00,-13.0,20:16:00,20:17:00,A49 ,15.0,24.0,1.53,1.5,1.0,4.02
2026-04-01_rep_5,AZ156,11:53:00,-15.0,11:53:00,11:56:00,A49 ,35.0,23.0,3.52,2.14,3.0,8.66
2026-04-01_rep_5,AZ160,19:07:00,3.0,19:24:00,19:26:00,A54 ,21.0,21.0,1.57,1.91,2.0,5.49
2026-04-01_rep_5,BA384,10:59:00,-11.0,11:07:00,11:11:00,B29 A,36.0,23.0,3.04,0.07,4.0,7.1
2026-04-01_rep_5,BA386,16:22:00,-9.0,16:32:00,16:37:00,B7  A,124.0,26.0,10.28,1.55,5.0,16.83
2026-04-01_rep_5,BA390,21:29:00,-15.0,21:31:00,21:36:00,B30 A,86.0,21.0,8.33,0.11,5.0,13.44
2026-04-01_rep_5,BT601,10:00:00,-11.0,10:06:00,10:11:00,A51 ,8.0,22.0,0.56,1.53,5.0,7.09
2026-04-01_rep_5,BT603,19:58:00,-21.0,19:47:00,19:49:00,A68 ,12.0,18.0,0.83,1.46,2.0,4.3
2026-04-01_rep_5,EI630,10:45:00,-4.0,10:58:00,11:03:00,B27 A,93.0,22.0,7.09,0.11,5.0,12.2
2026-04-01_rep_5,EI638,21:50:00,-24.0,21:44:00,21:48:00,B38 A,91.0,23.0,9.23,0.11,4.0,13.34
2026-04-01_rep_5,EK181,20:35:00,0.0,20:49:00,21:23:00,B37 A,214.0,19.0,17.95,0.14,34.0,52.09
2026-04-01_rep_5,ET750,08:10:00,16.0,08:46:00,09:28:00,B11 A,391.0,25.0,24.31,0.1,42.0,66.41
2026-04-01_rep_5,EY57,09:06:00,16.0,09:35:00,10:08:00,B5  A,121.0,19.0,11.62,2.05,33.0,46.67
2026-04-01_rep_5,FB407,20:49:00,10.0,21:15:00,21:16:00,A45 ,13.0,20.0,1.18,1.71,1.0,3.9
2026-04-01_rep_5,GQ1800,08:56:00,-16.0,08:56:00,09:09:00,A53 ,228.0,22.0,15.51,1.85,13.0,30.36
2026-04-01_rep_5,GQ800,14:11:00,10.0,14:39:00,14:43:00,A51 ,32.0,24.0,3.1,1.56,4.0,8.66
2026-04-01_rep_5,HV9004,00:20:00,-2.0,00:32:00,00:34:00,A52 ,77.0,19.0,5.58,1.52,2.0,9.1
2026-04-01_rep_5,HV9012,22:45:00,1.0,23:01:00,23:03:00,A59 ,38.0,20.0,3.04,2.21,2.0,7.25
2026-04-01_rep_5,IB597,12:31:00,-3.0,12:39:00,12:43:00,A43 ,74.0,17.0,5.85,1.34,4.0,11.19
2026-04-01_rep_5,IB601,20:07:00,-2.0,20:22:00,20:31:00,A60 ,103.0,24.0,9.97,1.76,9.0,20.73
2026-04-01_rep_5,IB603,23:35:00,-4.0,23:46:00,23:49:00,A51 ,61.0,20.0,4.71,1.52,3.0,9.23
2026-04-01_rep_5,JU272,21:30:00,-26.0,21:20:00,21:21:00,B28 A,53.0,21.0,3.49,0.09,1.0,4.58
2026-04-01_rep_5,KM420,20:20:00,-18.0,20:20:00,20:25:00,A63 ,66.0,23.0,5.37,1.55,5.0,11.92
2026-04-01_rep_5,LH1004,08:50:00,3.0,09:06:00,09:12:00,A43 ,29.0,18.0,2.5,1.26,6.0,9.76
2026-04-01_rep_5,LH2282,08:59:00,-14.0,09:02:00,09:04:00,A47 ,8.0,21.0,0.58,1.66,2.0,4.25
2026-04-01_rep_5,LO231,23:40:00,-14.0,23:44:00,23:45:00,A57 ,12.0,23.0,0.95,1.61,1.0,3.56
2026-04-01_rep_5,LO233,19:49:00,-13.0,19:53:00,19:54:00,A64 ,39.0,26.0,3.94,1.81,1.0,6.75
2026-04-01_rep_5,LO235,10:34:00,-31.0,10:15:00,10:16:00,A60 ,9.0,21.0,0.68,1.64,1.0,3.32
2026-04-01_rep_5,LO237,13:35:00,-24.0,13:29:00,13:31:00,A47 ,20.0,23.0,1.57,1.95,2.0,5.52
2026-04-01_rep_5,LX780,15:20:00,4.0,15:44:00,15:46:00,A43 ,65.0,25.0,4.59,1.25,2.0,7.84
2026-04-01_rep_5,LX786,09:55:00,28.0,10:41:00,10:48:00,A49 ,44.0,23.0,3.0,1.91,7.0,11.91
2026-04-01_rep_5,LX788,19:40:00,3.0,19:56:00,20:26:00,A47 ,37.0,18.0,2.62,1.91,30.0,34.52
2026-04-01_rep_5,ME215,11:39:00,-21.0,11:45:00,11:56:00,B31 A,128.0,31.0,14.95,0.13,11.0,26.08
2026-04-01_rep_5,NH231,18:40:00,-11.0,18:42:00,19:12:00,B5  A,200.0,18.0,15.69,1.57,30.0,47.27
2026-04-01_rep_5,OS291,10:11:00,-16.0,10:06:00,10:11:00,A47 ,13.0,17.0,1.28,1.81,5.0,8.09
2026-04-01_rep_5,OS295,17:50:00,-13.0,17:49:00,17:51:00,A51 ,22.0,17.0,1.39,1.54,2.0,4.93
2026-04-01_rep_5,OS297,20:14:00,-8.0,20:26:00,20:27:00,A51 ,14.0,24.0,1.21,1.85,1.0,4.06
2026-04-01_rep_5,OU4456,21:01:00,2.0,21:21:00,21:23:00,A56 ,13.0,29.0,1.11,1.91,2.0,5.02
2026-04-01_rep_5,OU456,09:47:00,-18.0,09:51:00,09:54:00,A49 ,4.0,29.0,0.33,1.42,3.0,4.75
2026-04-01_rep_5,QS1002,19:51:00,-20.0,19:42:00,19:43:00,A62 ,13.0,17.0,0.85,1.87,1.0,3.72
2026-04-01_rep_5,RO373,19:45:00,47.0,20:50:00,20:52:00,A66 ,12.0,28.0,0.84,1.49,2.0,4.32
2026-04-01_rep_5,SK1589,19:20:00,-14.0,19:24:00,19:28:00,A43 ,67.0,23.0,5.14,1.77,4.0,10.91
2026-04-01_rep_5,SK1593,15:41:00,0.0,15:55:00,15:59:00,A45 ,40.0,20.0,3.11,1.71,4.0,8.82
2026-04-01_rep_5,SK4745,21:35:00,-18.0,21:39:00,21:44:00,A43 ,110.0,27.0,7.85,1.77,5.0,14.63
2026-04-01_rep_5,SK589,11:26:00,-27.0,11:09:00,11:12:00,A40 ,53.0,21.0,4.25,1.67,3.0,8.93
2026-04-01_rep_5,SK593,10:45:00,-11.0,10:46:00,10:47:00,A55 ,29.0,17.0,2.39,1.99,1.0,5.38
2026-04-01_rep_5,SK597,20:56:00,-7.0,21:05:00,21:09:00,A47 ,64.0,22.0,4.82,1.49,4.0,10.31
2026-04-01_rep_5,SN1154,17:06:00,7.0,17:28:00,18:00:00,B17 A,197.0,21.0,15.68,0.1,32.0,47.77
2026-04-01_rep_5,SN206,06:25:00,23.0,07:07:00,07:30:00,B38 A,154.0,24.0,16.07,0.09,23.0,39.16
2026-04-01_rep_5,SN2096,21:03:00,-7.0,21:18:00,21:20:00,B31 A,45.0,25.0,3.36,0.1,2.0,5.46
2026-04-01_rep_5,SN2104,09:59:00,-8.0,10:25:00,10:48:00,B9  A,25.0,38.0,2.04,1.62,23.0,26.66
2026-04-01_rep_5,SN2184,09:35:00,21.0,10:25:00,10:28:00,B36 A,17.0,34.0,1.18,0.15,3.0,4.33
2026-04-01_rep_5,SN2258,14:28:00,-4.0,14:41:00,14:44:00,A42 ,25.0,20.0,1.49,1.51,3.0,6.01
2026-04-01_rep_5,SN2260,20:55:00,0.0,21:13:00,21:16:00,A62 ,33.0,28.0,2.41,1.88,3.0,7.29
2026-04-01_rep_5,SN2288,09:49:00,-26.0,09:40:00,09:41:00,A57 ,13.0,21.0,1.04,1.7,1.0,3.74
2026-04-01_rep_5,SN2292,16:08:00,-15.0,16:15:00,16:16:00,A46 ,19.0,25.0,1.16,2.03,1.0,4.19
2026-04-01_rep_5,SN2294,20:56:00,-17.0,20:56:00,21:00:00,A58 ,17.0,23.0,1.41,2.18,4.0,7.59
2026-04-01_rep_5,SN2298,09:48:00,-6.0,10:22:00,10:23:00,A44 ,8.0,43.0,0.67,1.83,1.0,3.5
2026-04-01_rep_5,SN2318,21:05:00,56.0,22:21:00,22:26:00,A57 ,20.0,25.0,2.07,1.35,5.0,8.41
2026-04-01_rep_5,SN2324,09:43:00,-12.0,10:08:00,10:10:00,A46 ,3.0,40.0,0.31,1.92,2.0,4.23
2026-04-01_rep_5,SN2372,18:57:00,-23.0,18:47:00,18:49:00,A48 ,13.0,20.0,0.91,1.57,2.0,4.48
2026-04-01_rep_5,SN245,06:54:00,27.0,07:44:00,07:58:00,B37 A,13.0,27.0,1.09,0.13,14.0,15.21
2026-04-01_rep_5,SN2548,21:18:00,-24.0,21:05:00,21:06:00,A68 ,13.0,24.0,0.92,2.04,1.0,3.96
2026-04-01_rep_5,SN2556,21:19:00,-23.0,21:15:00,21:18:00,A70 ,71.0,28.0,6.63,1.72,3.0,11.35
2026-04-01_rep_5,SN2560,10:00:00,-14.0,10:04:00,10:05:00,A59 ,2.0,23.0,0.18,1.41,1.0,2.59
2026-04-01_rep_5,SN2580,11:06:00,-9.0,11:15:00,11:20:00,A52 ,5.0,29.0,0.38,1.56,5.0,6.94
2026-04-01_rep_5,SN2582,14:08:00,40.0,15:08:00,15:11:00,A58 ,44.0,23.0,4.2,1.65,3.0,8.84
2026-04-01_rep_5,SN2588,21:18:00,-9.0,21:30:00,21:31:00,A64 ,31.0,29.0,3.13,1.62,1.0,5.75
2026-04-01_rep_5,SN2608,11:20:00,-10.0,11:46:00,11:50:00,A44 ,47.0,46.0,3.4,2.11,4.0,9.51
2026-04-01_rep_5,SN2612,14:43:00,-2.0,15:03:00,15:06:00,A44 ,91.0,25.0,8.44,1.4,3.0,12.84
2026-04-01_rep_5,SN2614,18:38:00,-15.0,18:42:00,18:44:00,A46 ,32.0,27.0,2.58,2.24,2.0,6.82
2026-04-01_rep_5,SN2616,21:46:00,-17.0,21:39:00,21:40:00,A60 ,14.0,16.0,0.93,1.59,1.0,3.51
2026-04-01_rep_5,SN2618,23:38:00,-15.0,23:41:00,23:44:00,A54 ,59.0,21.0,4.8,1.88,3.0,9.69
2026-04-01_rep_5,SN2624,13:57:00,-9.0,14:09:00,14:10:00,A50 ,9.0,28.0,1.03,1.3,1.0,3.32
2026-04-01_rep_5,SN2630,09:19:00,-16.0,09:21:00,09:28:00,A40 ,2.0,22.0,0.15,1.88,7.0,9.03
2026-04-01_rep_5,SN2648,18:25:00,4.0,18:42:00,18:44:00,A42 ,30.0,23.0,2.34,1.89,2.0,6.22
2026-04-01_rep_5,SN2652,00:13:00,-19.0,00:12:00,00:14:00,A60 ,47.0,21.0,3.47,1.7,2.0,7.17
2026-04-01_rep_5,SN2714,13:48:00,18.0,14:33:00,14:35:00,A46 ,33.0,30.0,3.13,2.05,2.0,7.18
2026-04-01_rep_5,SN2722,19:33:00,-10.0,19:39:00,19:40:00,A50 ,31.0,19.0,1.91,1.47,1.0,4.37
2026-04-01_rep_5,SN2724,23:35:00,30.0,00:29:00,00:31:00,A47 ,41.0,29.0,3.02,1.91,2.0,6.93
2026-04-01_rep_5,SN2726,09:25:00,26.0,10:22:00,10:24:00,A43 ,21.0,36.0,1.49,1.56,2.0,5.05
2026-04-01_rep_5,SN2730,11:23:00,2.0,12:06:00,12:11:00,A46 ,47.0,49.0,3.94,1.62,5.0,10.56
2026-04-01_rep_5,SN2810,14:23:00,-15.0,14:26:00,14:29:00,A56 ,35.0,21.0,2.3,1.57,3.0,6.87
2026-04-01_rep_5,SN2812,21:23:00,-19.0,21:22:00,21:25:00,A40 ,30.0,26.0,2.96,1.46,3.0,7.42
2026-04-01_rep_5,SN2816,09:24:00,-22.0,09:20:00,09:24:00,A58 ,2.0,22.0,0.15,1.65,4.0,5.8
2026-04-01_rep_5,SN2826,21:14:00,-26.0,21:02:00,21:03:00,A54 ,17.0,23.0,1.61,1.63,1.0,4.24
2026-04-01_rep_5,SN2830,09:38:00,-25.0,10:25:00,10:28:00,A48 ,9.0,75.0,0.63,1.73,3.0,5.36
2026-04-01_rep_5,SN2902,12:17:00,-13.0,12:18:00,12:20:00,A50 ,23.0,26.0,1.75,1.61,2.0,5.36
2026-04-01_rep_5,SN2906,21:00:00,-5.0,21:16:00,21:20:00,A53 ,66.0,26.0,5.04,1.73,4.0,10.77
2026-04-01_rep_5,SN2908,23:55:00,-2.0,00:05:00,00:06:00,A55 ,12.0,17.0,1.29,1.98,1.0,4.27
2026-04-01_rep_5,SN3126,20:08:00,5.0,20:27:00,20:28:00,A52 ,55.0,27.0,5.68,1.88,1.0,8.56
2026-04-01_rep_5,SN3146,12:06:00,-25.0,11:48:00,11:50:00,A53 ,4.0,13.0,0.25,1.33,2.0,3.58
2026-04-01_rep_5,SN3150,21:23:00,5.0,21:41:00,21:43:00,A44 ,11.0,16.0,0.67,1.82,2.0,4.49
2026-04-01_rep_5,SN3154,11:16:00,0.0,11:28:00,11:42:00,A42 ,10.0,18.0,0.84,1.48,14.0,16.31
2026-04-01_rep_5,SN3160,00:21:00,-6.0,00:27:00,00:28:00,A49 ,19.0,18.0,1.7,1.85,1.0,4.55
2026-04-01_rep_5,SN3170,16:23:00,12.0,16:53:00,16:55:00,A42 ,12.0,21.0,1.03,1.17,2.0,4.21
2026-04-01_rep_5,SN3176,13:33:00,11.0,14:01:00,14:03:00,A48 ,35.0,25.0,3.33,2.24,2.0,7.57
2026-04-01_rep_5,SN3182,21:25:00,63.0,22:47:00,22:53:00,A47 ,35.0,24.0,3.82,1.63,6.0,11.45
2026-04-01_rep_5,SN3184,00:20:00,152.0,03:10:00,03:13:00,A48 ,51.0,23.0,3.63,1.51,3.0,8.14
2026-04-01_rep_5,SN319,06:06:00,31.0,06:51:00,07:11:00,B28 A,83.0,20.0,7.28,0.09,20.0,27.37
2026-04-01_rep_5,SN3246,18:54:00,-5.0,19:04:00,19:06:00,A58 ,27.0,19.0,2.99,1.39,2.0,6.38
2026-04-01_rep_5,SN3344,21:24:00,-11.0,21:26:00,21:27:00,A42 ,10.0,22.0,0.74,1.51,1.0,3.26
2026-04-01_rep_5,SN3594,09:33:00,-10.0,09:41:00,09:48:00,A42 ,2.0,21.0,0.15,1.82,7.0,8.97
2026-04-01_rep_5,SN3598,16:18:00,1.0,16:32:00,16:46:00,A40 ,37.0,16.0,2.79,1.44,14.0,18.24
2026-04-01_rep_5,SN3604,09:32:00,-18.0,09:32:00,09:34:00,A50 ,6.0,25.0,0.4,1.96,2.0,4.36
2026-04-01_rep_5,SN3618,16:35:00,-7.0,16:39:00,16:40:00,A44 ,23.0,16.0,1.67,1.94,1.0,4.61
2026-04-01_rep_5,SN3622,19:18:00,1.0,19:32:00,19:33:00,A40 ,26.0,21.0,1.96,1.68,1.0,4.64
2026-04-01_rep_5,SN3632,10:45:00,-19.0,10:44:00,10:52:00,A58 ,4.0,33.0,0.36,1.36,8.0,9.72
2026-04-01_rep_5,SN3634,12:04:00,7.0,12:40:00,12:41:00,A60 ,10.0,38.0,1.12,1.46,1.0,3.57
2026-04-01_rep_5,SN3668,14:53:00,3.0,15:21:00,15:22:00,A62 ,15.0,28.0,1.2,2.49,1.0,4.69
2026-04-01_rep_5,SN3676,09:41:00,3.0,10:02:00,10:05:00,A45 ,9.0,24.0,0.85,1.63,3.0,5.49
2026-04-01_rep_5,SN3698,15:33:00,42.0,16:34:00,16:37:00,A50 ,26.0,22.0,2.28,1.23,3.0,6.51
2026-04-01_rep_5,SN3704,18:18:00,95.0,20:11:00,20:14:00,A44 ,18.0,21.0,1.42,1.48,3.0,5.9
2026-04-01_rep_5,SN3706,00:29:00,10.0,00:57:00,00:59:00,A56 ,8.0,22.0,0.73,1.65,2.0,4.38
2026-04-01_rep_5,SN3712,19:46:00,35.0,20:49:00,20:52:00,A46 ,57.0,34.0,4.73,1.36,3.0,9.08
2026-04-01_rep_5,SN3722,15:58:00,80.0,17:40:00,17:43:00,A48 ,40.0,25.0,3.2,1.7,3.0,7.9
2026-04-01_rep_5,SN3728,21:00:00,31.0,22:02:00,22:04:00,A59 ,24.0,36.0,2.0,1.8,2.0,5.8
2026-04-01_rep_5,SN3736,19:31:00,11.0,20:10:00,20:13:00,A56 ,68.0,34.0,4.96,1.81,3.0,9.77
2026-04-01_rep_5,SN3738,00:13:00,8.0,02:06:00,02:11:00,A50 ,47.0,108.0,3.18,1.91,5.0,10.09
2026-04-01_rep_5,SN3752,01:17:00,44.0,02:21:00,02:26:00,A62 ,48.0,87.0,4.14,1.41,5.0,10.55
2026-04-01_rep_5,SN3772,12:38:00,7.0,13:02:00,13:04:00,A42 ,44.0,20.0,3.87,1.72,2.0,7.59
2026-04-01_rep_5,SN3782,17:46:00,3.0,18:23:00,18:28:00,A60 ,107.0,40.0,6.59,1.41,5.0,13.0
2026-04-01_rep_5,SN3788,01:10:00,3.0,01:40:00,01:56:00,A45 ,138.0,32.0,9.06,1.57,16.0,26.63
2026-04-01_rep_5,SN3802,17:04:00,-5.0,17:19:00,17:21:00,A54 ,42.0,24.0,2.67,1.33,2.0,6.0
2026-04-01_rep_5,SN3804,19:33:00,88.0,21:25:00,21:27:00,A50 ,8.0,27.0,0.68,1.61,2.0,4.29
2026-04-01_rep_5,SN3810,21:14:00,6.0,21:41:00,21:43:00,A48 ,45.0,25.0,3.19,1.93,2.0,7.12
2026-04-01_rep_5,SN3812,17:18:00,10.0,17:57:00,18:00:00,A56 ,103.0,32.0,6.9,1.75,3.0,11.65
2026-04-01_rep_5,SN3816,16:43:00,33.0,17:37:00,17:41:00,A46 ,43.0,24.0,4.05,1.65,4.0,9.7
2026-04-01_rep_5,SN3820,00:45:00,0.0,02:00:00,02:02:00,A64 ,21.0,80.0,2.51,1.72,2.0,6.23
2026-04-01_rep_5,SN465,07:51:00,1.0,08:12:00,08:36:00,B34 A,66.0,26.0,4.74,0.1,24.0,28.84
2026-04-01_rep_5,TB1012,13:35:00,13.0,14:04:00,14:07:00,A57 ,73.0,21.0,6.84,1.81,3.0,11.65
2026-04-01_rep_5,TB1552,16:44:00,13.0,17:20:00,17:27:00,A65 ,157.0,27.0,11.23,1.33,7.0,19.56
2026-04-01_rep_5,TB1711,18:15:00,-4.0,18:29:00,18:33:00,A61 ,156.0,23.0,14.46,1.64,4.0,20.1
2026-04-01_rep_5,TB1754,23:29:00,12.0,00:01:00,00:09:00,A63 ,167.0,24.0,15.94,2.06,8.0,25.99
2026-04-01_rep_5,TB2511,17:45:00,21.0,18:31:00,18:37:00,B32 A,160.0,30.0,10.54,0.11,6.0,16.64
2026-04-01_rep_5,TB2634,22:26:00,12.0,22:57:00,23:02:00,B14 A,133.0,25.0,10.77,0.12,5.0,15.89
2026-04-01_rep_5,TG934,08:20:00,-9.0,08:24:00,08:56:00,B29 A,264.0,18.0,15.97,0.13,32.0,48.1
2026-04-01_rep_5,TK1937,11:17:00,2.0,11:38:00,11:46:00,B30 A,148.0,26.0,9.72,0.1,8.0,17.82
2026-04-01_rep_5,TK1939,18:56:00,-16.0,18:58:00,19:13:00,B11 A,149.0,24.0,10.19,0.1,15.0,25.29
2026-04-01_rep_5,TK1941,22:30:00,-36.0,22:28:00,22:34:00,B9  A,143.0,39.0,8.48,1.54,6.0,16.03
2026-04-01_rep_5,TK1943,14:33:00,-25.0,14:20:00,14:25:00,B7  A,72.0,20.0,4.49,2.4,5.0,11.89
2026-04-01_rep_5,TP640,12:06:00,1.0,12:28:00,12:32:00,A51 ,118.0,27.0,9.89,2.4,4.0,16.29
2026-04-01_rep_5,TP642,16:12:00,12.0,16:36:00,16:52:00,A57 ,118.0,19.0,9.52,1.21,16.0,26.73
2026-04-01_rep_5,TP644,21:12:00,36.0,22:03:00,22:06:00,A51 ,63.0,22.0,5.2,2.09,3.0,10.29
2026-04-01_rep_5,TP646,01:04:00,88.0,02:46:00,02:50:00,A59 ,30.0,23.0,3.01,1.82,4.0,8.83
2026-04-01_rep_5,TU954,12:29:00,374.0,18:59:00,19:04:00,B29 A,114.0,20.0,9.55,0.08,5.0,14.63
2026-04-01_rep_5,UA950,08:20:00,0.0,08:36:00,09:25:00,B38 A,176.0,21.0,12.44,0.1,49.0,61.54
2026-04-01_rep_5,UA972,10:06:00,9.0,10:33:00,10:55:00,B38 A,101.0,24.0,11.07,0.11,22.0,33.18
2026-04-01_rep_5,UA994,08:51:00,-19.0,08:52:00,09:25:00,B40 A,171.0,26.0,15.05,0.1,33.0,48.15
2026-04-01_rep_5,UX1171,10:52:00,22.0,11:33:00,11:35:00,A48 ,66.0,26.0,4.74,1.36,2.0,8.1
2026-04-01_rep_5,UX1173,18:46:00,12.0,19:16:00,19:19:00,A53 ,64.0,24.0,4.89,2.12,3.0,10.01
2026-04-01_rep_5,VF65,12:21:00,-27.0,12:11:00,12:18:00,B27 A,117.0,23.0,9.58,0.09,7.0,16.67
2026-04-01_rep_5,VY1334,21:29:00,13.0,21:54:00,21:56:00,A49 ,37.0,16.0,3.04,1.94,2.0,6.98
2026-04-01_rep_5,VY2150,20:45:00,-6.0,20:53:00,20:55:00,A57 ,37.0,19.0,2.25,1.83,2.0,6.08
2026-04-01_rep_5,VY3650,18:49:00,-2.0,18:59:00,19:03:00,A57 ,15.0,16.0,1.11,1.74,4.0,6.85
2026-04-01_rep_5,VY8980,10:56:00,-3.0,11:02:00,11:03:00,A54 ,19.0,20.0,1.51,1.51,1.0,4.02
2026-04-01_rep_5,VY8982,18:30:00,-4.0,18:51:00,18:53:00,A63 ,45.0,30.0,4.22,1.71,2.0,7.93
2026-04-01_rep_5,VY8984,21:21:00,4.0,21:42:00,21:43:00,A55 ,38.0,23.0,2.81,1.96,1.0,5.76
2026-04-01_rep_5,VY8986,15:35:00,-15.0,15:34:00,15:43:00,A53 ,38.0,19.0,3.41,1.74,9.0,14.15
2026-04-02_rep_1,AC826,09:55:00,-41.0,09:26:00,09:54:00,B29 A,112.0,17.0,10.43,0.1,28.0,38.53
2026-04-02_rep_1,AC832,09:18:00,-33.0,09:06:00,09:59:00,B28 A,110.0,29.0,9.08,0.1,53.0,62.18
2026-04-02_rep_1,AY1541,11:25:00,-21.0,11:19:00,11:32:00,A55 ,89.0,20.0,5.29,1.76,13.0,20.05
2026-04-02_rep_1,AY1545,20:25:00,-2.0,20:37:00,20:40:00,A57 ,48.0,19.0,3.7,1.29,3.0,7.99
2026-04-02_rep_1,AY1549,00:40:00,-25.0,00:26:00,00:28:00,A57 ,20.0,16.0,1.58,1.3,2.0,4.88
2026-04-02_rep_1,AZ148,10:41:00,-10.0,10:48:00,10:51:00,A47 ,23.0,23.0,1.63,1.48,3.0,6.11
2026-04-02_rep_1,AZ154,21:10:00,-5.0,21:33:00,21:35:00,A55 ,33.0,33.0,2.36,2.14,2.0,6.5
2026-04-02_rep_1,AZ160,20:06:00,-3.0,20:31:00,20:39:00,A47 ,80.0,34.0,5.03,1.46,8.0,14.49
2026-04-02_rep_1,BA384,12:00:00,-9.0,12:21:00,12:37:00,B32 A,67.0,35.0,6.12,0.09,16.0,22.2
2026-04-02_rep_1,BA386,17:10:00,-6.0,17:29:00,17:38:00,B7  A,122.0,30.0,7.62,1.46,9.0,18.08
2026-04-02_rep_1,BA390,22:31:00,-10.0,22:35:00,22:37:00,B14 A,81.0,20.0,8.29,0.11,2.0,10.4
2026-04-02_rep_1,BT603,20:42:00,14.0,21:08:00,21:11:00,A62 ,16.0,24.0,1.13,1.63,3.0,5.76
2026-04-02_rep_1,CX275,10:29:00,-10.0,10:39:00,11:38:00,B31 A,264.0,24.0,19.28,0.11,59.0,78.39
2026-04-02_rep_1,DL140,09:45:00,-13.0,09:49:00,10:26:00,B30 A,175.0,22.0,13.06,0.1,37.0,50.15
2026-04-02_rep_1,EI638,22:49:00,-6.0,23:11:00,23:17:00,B40 A,127.0,32.0,12.34,0.1,6.0,18.43
2026-04-02_rep_1,EK181,21:34:00,-10.0,21:37:00,22:04:00,B31 A,185.0,17.0,14.75,0.09,27.0,41.84
2026-04-02_rep_1,ET750,09:11:00,2.0,09:42:00,10:46:00,B40 A,421.0,35.0,33.1,0.08,64.0,97.19
2026-04-02_rep_1,EY57,10:07:00,97.0,12:31:00,12:43:00,B5  A,159.0,54.0,10.12,2.23,12.0,24.35
2026-04-02_rep_1,FB407,21:50:00,-12.0,22:00:00,22:01:00,A57 ,8.0,27.0,0.71,2.39,1.0,4.1
2026-04-02_rep_1,FI554,14:59:00,46.0,16:03:00,16:06:00,A59 ,83.0,22.0,5.33,1.66,3.0,9.99
2026-04-02_rep_1,GQ800,15:11:00,-1.0,15:21:00,15:23:00,A57 ,27.0,17.0,2.06,1.78,2.0,5.84
2026-04-02_rep_1,HV9034,02:25:00,35.0,03:16:00,03:20:00,A65 ,60.0,81.0,4.48,2.12,4.0,10.6
2026-04-02_rep_1,HV9078,01:21:00,33.0,03:10:00,03:12:00,A62 ,29.0,82.0,2.76,1.41,2.0,6.17
2026-04-02_rep_1,IB597,13:31:00,-7.0,13:37:00,13:39:00,A59 ,69.0,19.0,7.43,1.37,2.0,10.79
2026-04-02_rep_1,IB601,21:06:00,-4.0,21:16:00,21:21:00,A51 ,92.0,20.0,9.12,1.98,5.0,16.1
2026-04-02_rep_1,IB603,00:35:00,-4.0,00:47:00,00:49:00,A49 ,63.0,21.0,5.22,2.04,2.0,9.26
2026-04-02_rep_1,KM420,21:20:00,-23.0,21:20:00,21:26:00,A67 ,156.0,28.0,14.04,1.47,6.0,21.51
2026-04-02_rep_1,LH1004,09:50:00,3.0,10:20:00,10:27:00,A43 ,33.0,32.0,2.89,2.2,7.0,12.08
2026-04-02_rep_1,LH2282,10:01:00,-5.0,10:14:00,10:17:00,A45 ,4.0,24.0,0.32,1.91,3.0,5.23
2026-04-02_rep_1,LO231,00:40:00,-11.0,00:47:00,00:49:00,A53 ,14.0,23.0,1.6,1.93,2.0,5.53
2026-04-02_rep_1,LO233,20:48:00,10.0,21:14:00,21:16:00,A44 ,33.0,24.0,2.27,1.56,2.0,5.83
2026-04-02_rep_1,LO235,11:31:00,-19.0,11:25:00,11:27:00,A57 ,13.0,19.0,0.85,1.53,2.0,4.38
2026-04-02_rep_1,LO237,18:05:00,-19.0,18:04:00,18:06:00,A53 ,34.0,23.0,2.52,1.6,2.0,6.12
2026-04-02_rep_1,LX780,16:21:00,-3.0,16:33:00,16:35:00,A43 ,60.0,21.0,3.59,1.82,2.0,7.41
2026-04-02_rep_1,LX786,10:56:00,-1.0,11:22:00,11:34:00,A43 ,65.0,33.0,3.86,1.89,12.0,17.75
2026-04-02_rep_1,LX788,20:39:00,-6.0,20:53:00,20:56:00,A45 ,66.0,24.0,5.21,1.81,3.0,10.01
2026-04-02_rep_1,MS725,16:50:00,3.0,17:09:00,17:26:00,B5  A,178.0,21.0,12.39,2.0,17.0,31.39
2026-04-02_rep_1,OS291,11:10:00,-10.0,11:14:00,11:17:00,A45 ,36.0,19.0,3.57,1.41,3.0,7.98
2026-04-02_rep_1,OS295,18:50:00,-13.0,18:49:00,18:51:00,A45 ,18.0,17.0,1.18,1.62,2.0,4.8
2026-04-02_rep_1,OS297,21:15:00,-12.0,21:19:00,21:22:00,A43 ,20.0,21.0,2.07,1.56,3.0,6.64
2026-04-02_rep_1,OU4456,21:56:00,-19.0,21:46:00,21:47:00,A53 ,4.0,15.0,0.32,1.52,1.0,2.84
2026-04-02_rep_1,QS1002,20:50:00,-7.0,20:54:00,21:05:00,A59 ,13.0,16.0,1.26,1.94,11.0,14.2
2026-04-02_rep_1,RJ141,17:21:00,-29.0,17:13:00,17:23:00,B11 A,159.0,27.0,11.6,0.09,10.0,21.69
2026-04-02_rep_1,RO373,20:10:00,4.0,20:35:00,20:37:00,A49 ,16.0,26.0,1.25,1.66,2.0,4.91
2026-04-02_rep_1,SK1589,20:20:00,-16.0,20:20:00,20:28:00,A61 ,91.0,21.0,5.75,1.63,8.0,15.38
2026-04-02_rep_1,SK1593,16:41:00,-9.0,16:50:00,16:53:00,A53 ,72.0,24.0,5.08,1.71,3.0,9.79
2026-04-02_rep_1,SK4743,12:46:00,-3.0,13:05:00,13:07:00,A53 ,66.0,28.0,4.62,1.86,2.0,8.48
2026-04-02_rep_1,SK589,12:23:00,-22.0,12:25:00,12:43:00,A52 ,65.0,32.0,5.28,1.57,18.0,24.85
2026-04-02_rep_1,SK593,11:54:00,-9.0,11:59:00,12:02:00,A53 ,61.0,28.0,4.49,1.92,3.0,9.41
2026-04-02_rep_1,SK597,21:55:00,-12.0,21:57:00,21:58:00,A65 ,16.0,19.0,1.1,1.95,1.0,4.06
2026-04-02_rep_1,SN1028,21:09:00,-30.0,21:03:00,21:09:00,A54 ,112.0,28.0,9.79,1.75,6.0,17.54
2026-04-02_rep_1,SN2096,22:05:00,18.0,22:58:00,23:04:00,B28 A,39.0,40.0,4.87,0.09,6.0,10.96
2026-04-02_rep_1,SN2258,15:32:00,-5.0,15:45:00,15:47:00,A56 ,51.0,25.0,4.43,1.45,2.0,7.88
2026-04-02_rep_1,SN2260,21:55:00,-22.0,21:44:00,21:46:00,A40 ,17.0,21.0,1.39,1.7,2.0,5.09
2026-04-02_rep_1,SN2264,01:13:00,162.0,04:13:00,04:14:00,A46 ,5.0,21.0,0.42,1.72,1.0,3.14
2026-04-02_rep_1,SN2268,10:30:00,-19.0,10:29:00,10:33:00,A59 ,1.0,23.0,0.07,1.68,4.0,5.75
2026-04-02_rep_1,SN2288,10:49:00,5.0,11:23:00,11:25:00,A40 ,36.0,33.0,2.63,1.61,2.0,6.24
2026-04-02_rep_1,SN2292,17:13:00,-4.0,17:33:00,17:36:00,A56 ,40.0,32.0,3.02,2.22,3.0,8.25
2026-04-02_rep_1,SN2294,21:58:00,3.0,22:27:00,22:35:00,A46 ,7.0,34.0,0.44,2.09,8.0,10.53
2026-04-02_rep_1,SN2298,10:51:00,0.0,11:16:00,11:17:00,A51 ,7.0,31.0,0.44,1.56,1.0,3.0
2026-04-02_rep_1,SN2318,22:13:00,8.0,22:42:00,22:46:00,A54 ,33.0,34.0,3.03,1.99,4.0,9.02
2026-04-02_rep_1,SN2324,10:43:00,3.0,11:27:00,11:28:00,A50 ,16.0,44.0,1.11,1.71,1.0,3.82
2026-04-02_rep_1,SN241,07:57:00,-14.0,08:29:00,08:41:00,B30 A,11.0,53.0,0.81,0.09,12.0,12.9
2026-04-02_rep_1,SN2556,22:24:00,-12.0,22:30:00,22:32:00,A62 ,12.0,32.0,1.38,1.58,2.0,4.96
2026-04-02_rep_1,SN2580,12:01:00,-4.0,12:15:00,12:18:00,A49 ,6.0,24.0,0.53,2.08,3.0,5.61
2026-04-02_rep_1,SN2582,15:10:00,-14.0,15:24:00,15:26:00,A55 ,23.0,33.0,1.92,1.62,2.0,5.54
2026-04-02_rep_1,SN2588,22:15:00,-23.0,22:06:00,22:07:00,A61 ,23.0,19.0,1.85,1.52,1.0,4.37
2026-04-02_rep_1,SN2590,00:22:00,-30.0,00:20:00,00:21:00,A60 ,11.0,35.0,0.77,1.55,1.0,3.32
2026-04-02_rep_1,SN2592,10:27:00,13.0,11:04:00,11:05:00,A42 ,2.0,31.0,0.24,1.48,1.0,2.71
2026-04-02_rep_1,SN2608,12:21:00,-2.0,12:44:00,12:47:00,A50 ,31.0,36.0,1.98,1.63,3.0,6.62
2026-04-02_rep_1,SN2610,14:53:00,-12.0,14:56:00,14:59:00,A50 ,48.0,23.0,3.8,1.84,3.0,8.63
2026-04-02_rep_1,SN2612,15:45:00,-7.0,15:55:00,15:57:00,A61 ,56.0,22.0,6.54,1.78,2.0,10.31
2026-04-02_rep_1,SN2614,19:36:00,12.0,20:18:00,20:20:00,A60 ,33.0,36.0,2.52,1.3,2.0,5.82
2026-04-02_rep_1,SN2618,00:39:00,-7.0,00:43:00,00:45:00,A61 ,42.0,15.0,3.6,1.59,2.0,7.19
2026-04-02_rep_1,SN2624,14:56:00,-12.0,15:03:00,15:05:00,A60 ,27.0,25.0,2.37,1.6,2.0,5.96
2026-04-02_rep_1,SN2630,10:18:00,-7.0,10:29:00,10:36:00,A48 ,6.0,21.0,0.41,1.67,7.0,9.07
2026-04-02_rep_1,SN2642,12:27:00,-5.0,12:46:00,12:47:00,A60 ,19.0,31.0,1.35,1.57,1.0,3.92
2026-04-02_rep_1,SN2644,15:13:00,-8.0,15:17:00,15:21:00,A46 ,36.0,15.0,3.0,1.89,4.0,8.89
2026-04-02_rep_1,SN2648,19:21:00,-7.0,19:28:00,19:31:00,A42 ,67.0,20.0,4.36,1.72,3.0,9.08
2026-04-02_rep_1,SN2650,22:02:00,-10.0,22:04:00,22:07:00,A52 ,28.0,19.0,2.46,1.51,3.0,6.96
2026-04-02_rep_1,SN2652,01:15:00,2.0,01:30:00,01:31:00,A59 ,27.0,18.0,1.9,1.39,1.0,4.29
2026-04-02_rep_1,SN2712,11:47:00,9.0,12:32:00,12:33:00,A46 ,11.0,48.0,0.95,1.77,1.0,3.73
2026-04-02_rep_1,SN2714,14:49:00,4.0,15:18:00,15:21:00,A44 ,61.0,29.0,4.97,1.53,3.0,9.5
2026-04-02_rep_1,SN2722,20:34:00,-8.0,20:40:00,20:42:00,A52 ,35.0,18.0,3.17,1.62,2.0,6.78
2026-04-02_rep_1,SN2724,00:34:00,36.0,01:47:00,01:50:00,A69 ,49.0,41.0,3.27,1.6,3.0,7.86
2026-04-02_rep_1,SN2726,10:24:00,-3.0,10:47:00,10:49:00,A52 ,14.0,30.0,1.23,1.97,2.0,5.2
2026-04-02_rep_1,SN2730,12:26:00,-9.0,12:41:00,12:47:00,A58 ,44.0,35.0,4.25,1.24,6.0,11.49
2026-04-02_rep_1,SN2732,23:35:00,-13.0,23:35:00,23:41:00,A51 ,72.0,18.0,6.35,2.44,6.0,14.79
2026-04-02_rep_1,SN2810,15:24:00,-11.0,15:29:00,15:30:00,A54 ,13.0,20.0,1.08,1.49,1.0,3.57
2026-04-02_rep_1,SN2812,22:22:00,-24.0,22:10:00,22:12:00,A58 ,34.0,19.0,2.91,1.72,2.0,6.63
2026-04-02_rep_1,SN2814,00:50:00,-23.0,00:34:00,00:35:00,A55 ,9.0,12.0,0.7,1.56,1.0,3.26
2026-04-02_rep_1,SN2816,10:28:00,0.0,10:56:00,10:57:00,A60 ,10.0,36.0,1.04,1.79,1.0,3.83
2026-04-02_rep_1,SN2826,22:19:00,1.0,22:36:00,22:38:00,A56 ,46.0,30.0,3.59,1.71,2.0,7.3
2026-04-02_rep_1,SN2830,10:43:00,0.0,11:04:00,11:05:00,A46 ,20.0,29.0,1.44,1.36,1.0,3.79
2026-04-02_rep_1,SN2902,13:14:00,-24.0,13:02:00,13:05:00,A56 ,29.0,21.0,2.44,1.51,3.0,6.95
2026-04-02_rep_1,SN2906,22:02:00,-19.0,22:04:00,22:06:00,A50 ,66.0,28.0,5.03,1.4,2.0,8.44
2026-04-02_rep_1,SN2908,00:53:00,-12.0,00:55:00,00:57:00,A66 ,38.0,17.0,2.95,1.28,2.0,6.23
2026-04-02_rep_1,SN3126,20:04:00,48.0,21:17:00,21:21:00,A48 ,70.0,29.0,4.71,1.67,4.0,10.38
2026-04-02_rep_1,SN3132,19:43:00,-14.0,19:53:00,19:55:00,A44 ,31.0,27.0,3.0,1.57,2.0,6.57
2026-04-02_rep_1,SN3140,15:44:00,20.0,16:16:00,16:18:00,A58 ,23.0,16.0,2.77,1.87,2.0,6.64
2026-04-02_rep_1,SN3146,13:08:00,-6.0,13:20:00,13:22:00,A48 ,6.0,26.0,0.42,1.33,2.0,3.75
2026-04-02_rep_1,SN3148,16:52:00,-9.0,16:57:00,17:00:00,A44 ,63.0,21.0,4.49,1.45,3.0,8.94
2026-04-02_rep_1,SN3150,22:27:00,16.0,23:05:00,23:07:00,A66 ,35.0,29.0,3.64,1.9,2.0,7.54
2026-04-02_rep_1,SN3154,12:19:00,-14.0,12:22:00,12:24:00,A44 ,24.0,26.0,1.79,1.76,2.0,5.54
2026-04-02_rep_1,SN3160,01:18:00,-18.0,01:08:00,01:09:00,A54 ,14.0,11.0,0.98,2.02,1.0,4.0
2026-04-02_rep_1,SN3170,17:24:00,0.0,17:43:00,17:56:00,A52 ,52.0,23.0,4.05,1.68,13.0,18.73
2026-04-02_rep_1,SN3176,14:33:00,108.0,16:46:00,16:49:00,A40 ,81.0,33.0,6.68,1.74,3.0,11.43
2026-04-02_rep_1,SN3182,22:27:00,-1.0,22:56:00,22:57:00,A48 ,37.0,37.0,3.48,1.68,1.0,6.17
2026-04-02_rep_1,SN3184,01:19:00,13.0,01:47:00,01:51:00,A64 ,19.0,19.0,1.68,1.94,4.0,7.62
2026-04-02_rep_1,SN3202,16:23:00,10.0,17:07:00,17:14:00,A48 ,89.0,37.0,7.39,1.58,7.0,15.97
2026-04-02_rep_1,SN3208,10:45:00,-10.0,10:53:00,10:58:00,A53 ,4.0,23.0,0.36,1.44,5.0,6.8
2026-04-02_rep_1,SN3246,19:53:00,-11.0,20:08:00,20:11:00,A46 ,16.0,29.0,1.48,1.37,3.0,5.84
2026-04-02_rep_1,SN3326,04:23:00,5.0,04:41:00,05:06:00,B37 A,140.0,16.0,9.51,0.1,25.0,34.61
2026-04-02_rep_1,SN3344,22:23:00,-10.0,22:37:00,22:41:00,A64 ,66.0,32.0,4.97,1.69,4.0,10.66
2026-04-02_rep_1,SN358,08:21:00,3.0,08:42:00,09:09:00,B14 A,112.0,24.0,7.35,0.11,27.0,34.46
2026-04-02_rep_1,SN3588,16:42:00,6.0,17:06:00,17:09:00,A54 ,4.0,25.0,0.29,1.95,3.0,5.23
2026-04-02_rep_1,SN3594,10:33:00,-1.0,10:50:00,10:58:00,A56 ,6.0,21.0,0.5,1.55,8.0,10.05
2026-04-02_rep_1,SN3598,17:18:00,-11.0,17:19:00,17:20:00,A42 ,25.0,15.0,1.68,1.95,1.0,4.63
2026-04-02_rep_1,SN3618,17:35:00,-8.0,17:42:00,17:44:00,A43 ,61.0,20.0,5.03,1.94,2.0,8.97
2026-04-02_rep_1,SN3622,20:17:00,-17.0,20:15:00,20:16:00,A50 ,35.0,22.0,2.73,1.92,1.0,5.66
2026-04-02_rep_1,SN3632,11:36:00,-4.0,11:50:00,12:00:00,A47 ,3.0,24.0,0.22,1.25,10.0,11.48
2026-04-02_rep_1,SN3634,13:04:00,-26.0,12:57:00,12:59:00,A54 ,9.0,28.0,0.8,1.86,2.0,4.66
2026-04-02_rep_1,SN3668,15:58:00,20.0,16:30:00,16:33:00,A62 ,35.0,20.0,2.58,1.89,3.0,7.47
2026-04-02_rep_1,SN3676,10:40:00,-8.0,10:50:00,10:54:00,A49 ,7.0,23.0,0.59,1.68,4.0,6.27
2026-04-02_rep_1,SN369,07:08:00,18.0,07:45:00,08:28:00,B37 A,68.0,22.0,5.89,0.11,43.0,49.0
2026-04-02_rep_1,SN3698,16:38:00,4.0,17:05:00,17:10:00,A50 ,63.0,31.0,5.04,1.41,5.0,11.45
2026-04-02_rep_1,SN3704,19:25:00,-3.0,19:38:00,19:40:00,A40 ,43.0,26.0,3.72,1.62,2.0,7.33
2026-04-02_rep_1,SN3706,01:29:00,19.0,03:03:00,03:05:00,A58 ,35.0,79.0,2.98,1.6,2.0,6.58
2026-04-02_rep_1,SN3708,09:47:00,-7.0,09:53:00,09:54:00,A58 ,33.0,20.0,2.43,2.06,1.0,5.49
2026-04-02_rep_1,SN3712,20:51:00,7.0,21:16:00,21:19:00,A42 ,20.0,29.0,1.77,1.63,3.0,6.4
2026-04-02_rep_1,SN3728,22:00:00,58.0,23:16:00,23:18:00,A59 ,17.0,23.0,1.47,1.53,2.0,5.0
2026-04-02_rep_1,SN3730,01:13:00,22.0,01:46:00,01:47:00,A52 ,15.0,14.0,1.21,1.89,1.0,4.1
2026-04-02_rep_1,SN3732,10:38:00,-1.0,11:02:00,11:11:00,A54 ,30.0,28.0,2.34,1.27,9.0,12.61
2026-04-02_rep_1,SN3734,14:53:00,7.0,15:29:00,15:30:00,A48 ,63.0,32.0,7.65,1.32,1.0,9.98
2026-04-02_rep_1,SN3736,20:33:00,108.0,22:57:00,23:02:00,A68 ,58.0,44.0,5.35,1.57,5.0,11.92
2026-04-02_rep_1,SN3738,01:14:00,-8.0,01:28:00,01:30:00,A67 ,67.0,26.0,6.47,1.84,2.0,10.31
2026-04-02_rep_1,SN3752,21:34:00,39.0,22:34:00,22:37:00,A60 ,71.0,35.0,6.37,1.83,3.0,11.21
2026-04-02_rep_1,SN3772,13:33:00,62.0,14:45:00,14:47:00,A40 ,11.0,13.0,0.93,1.87,2.0,4.8
2026-04-02_rep_1,SN3774,20:00:00,6.0,20:25:00,20:28:00,A64 ,33.0,24.0,2.52,1.46,3.0,6.98
2026-04-02_rep_1,SN3782,01:35:00,103.0,03:43:00,03:50:00,A56 ,115.0,30.0,8.16,1.92,7.0,17.08
2026-04-02_rep_1,SN3810,23:54:00,-2.0,00:03:00,00:08:00,A63 ,15.0,15.0,1.17,1.34,5.0,7.51
2026-04-02_rep_1,SN3812,18:23:00,12.0,19:01:00,19:05:00,A48 ,80.0,34.0,6.04,1.86,4.0,11.9
2026-04-02_rep_1,SN3816,17:47:00,16.0,18:30:00,18:33:00,A46 ,35.0,34.0,2.42,1.47,3.0,6.89
2026-04-02_rep_1,SN3820,01:43:00,85.0,03:24:00,03:26:00,A48 ,36.0,19.0,4.06,1.98,2.0,8.04
2026-04-02_rep_1,SQ304,09:31:00,17.0,10:03:00,10:50:00,B11 A,248.0,21.0,16.51,0.11,47.0,63.63
2026-04-02_rep_1,TB1012,14:35:00,11.0,15:03:00,15:05:00,A47 ,46.0,22.0,3.27,1.77,2.0,7.04
2026-04-02_rep_1,TB1112,14:06:00,10.0,14:33:00,14:37:00,A53 ,78.0,23.0,5.83,1.82,4.0,11.65
2026-04-02_rep_1,TB1552,17:49:00,-8.0,17:53:00,17:55:00,A63 ,36.0,16.0,3.94,1.62,2.0,7.55
2026-04-02_rep_1,TB2524,01:34:00,22.0,03:28:00,03:31:00,B40 A,119.0,96.0,8.24,0.1,3.0,11.33
2026-04-02_rep_1,TB2534,19:34:00,34.0,20:32:00,20:42:00,B27 A,151.0,28.0,12.75,0.11,10.0,22.86
2026-04-02_rep_1,TB2582,16:34:00,8.0,16:56:00,16:58:00,B29 A,43.0,18.0,2.84,0.09,2.0,4.93
2026-04-02_rep_1,TB2654,23:14:00,-4.0,23:26:00,23:40:00,B9  A,151.0,20.0,11.67,1.52,14.0,27.19
2026-04-02_rep_1,TB2662,00:35:00,29.0,01:31:00,01:36:00,B28 A,180.0,32.0,13.1,0.11,5.0,18.22
2026-04-02_rep_1,TB3202,16:44:00,142.0,19:23:00,19:26:00,B11 A,128.0,21.0,8.62,0.07,3.0,11.7
2026-04-02_rep_1,TG934,09:21:00,-5.0,09:38:00,09:58:00,B38 A,249.0,28.0,17.51,0.1,20.0,37.61
2026-04-02_rep_1,TK1937,12:20:00,-30.0,12:11:00,12:18:00,B30 A,123.0,31.0,8.51,0.08,7.0,15.6
2026-04-02_rep_1,TK1939,19:38:00,16.0,20:13:00,20:34:00,B28 A,169.0,27.0,13.68,0.09,21.0,34.78
2026-04-02_rep_1,TK1941,23:34:00,7.0,23:50:00,23:58:00,B7  A,127.0,18.0,14.3,1.81,8.0,24.11
2026-04-02_rep_1,TK1943,15:30:00,-26.0,15:19:00,15:26:00,B15 A,97.0,20.0,6.88,0.14,7.0,14.01
2026-04-02_rep_1,TP640,13:06:00,-15.0,13:13:00,13:20:00,A57 ,48.0,28.0,4.0,1.76,7.0,12.76
2026-04-02_rep_1,TP642,17:11:00,1.0,17:31:00,17:41:00,A59 ,130.0,25.0,10.81,1.57,10.0,22.38
2026-04-02_rep_1,TP644,22:10:00,-2.0,22:21:00,22:30:00,A51 ,128.0,18.0,9.5,1.78,9.0,20.28
2026-04-02_rep_1,TP646,02:02:00,84.0,04:00:00,04:05:00,A51 ,54.0,41.0,5.19,1.75,5.0,11.94
2026-04-02_rep_1,TU954,12:41:00,-16.0,13:09:00,13:11:00,B28 A,52.0,50.0,4.84,0.1,2.0,6.93
2026-04-02_rep_1,UA950,09:21:00,-36.0,09:03:00,09:29:00,B5  A,163.0,24.0,14.88,1.79,26.0,42.66
2026-04-02_rep_1,UA972,11:05:00,-19.0,11:00:00,11:39:00,B38 A,171.0,19.0,11.18,0.09,39.0,50.27
2026-04-02_rep_1,UA994,09:51:00,97.0,11:44:00,12:09:00,B40 A,135.0,22.0,11.48,0.11,25.0,36.59
2026-04-02_rep_1,UX1171,11:53:00,36.0,12:44:00,12:50:00,A47 ,53.0,23.0,3.81,1.36,6.0,11.17
2026-04-02_rep_1,UX1173,19:46:00,26.0,20:33:00,20:37:00,A53 ,44.0,27.0,4.03,2.23,4.0,10.26
2026-04-02_rep_1,VF67,18:15:00,-30.0,18:00:00,18:09:00,B15 A,164.0,20.0,12.16,0.14,9.0,21.29
2026-04-02_rep_1,VY1334,13:16:00,5.0,13:52:00,13:53:00,A43 ,23.0,37.0,1.75,1.5,1.0,4.25
2026-04-02_rep_1,VY1470,21:30:00,-13.0,21:35:00,21:37:00,A47 ,12.0,23.0,1.07,1.41,2.0,4.48
2026-04-02_rep_1,VY2150,12:31:00,-12.0,12:40:00,12:42:00,A59 ,13.0,27.0,1.01,1.76,2.0,4.77
2026-04-02_rep_1,VY2152,23:26:00,18.0,23:50:00,23:51:00,A45 ,15.0,12.0,1.03,1.43,1.0,3.46
2026-04-02_rep_1,VY6814,16:45:00,12.0,17:10:00,17:11:00,A47 ,23.0,18.0,2.82,1.63,1.0,5.45
2026-04-02_rep_1,VY8978,12:07:00,-6.0,12:12:00,12:15:00,A43 ,26.0,18.0,1.61,1.69,3.0,6.3
2026-04-02_rep_1,VY8980,11:54:00,-11.0,11:53:00,11:54:00,A42 ,7.0,19.0,0.57,1.3,1.0,2.87
2026-04-02_rep_1,VY8982,19:30:00,15.0,19:57:00,20:00:00,A43 ,75.0,17.0,8.1,1.74,3.0,12.84
2026-04-02_rep_1,VY8984,22:55:00,0.0,23:03:00,23:04:00,A43 ,28.0,13.0,1.92,1.59,1.0,4.5
2026-04-02_rep_1,VY8986,16:35:00,10.0,16:58:00,16:59:00,A45 ,20.0,18.0,2.08,2.15,1.0,5.23
2026-04-02_rep_2,AC826,09:55:00,-41.0,09:26:00,09:54:00,B29 A,112.0,17.0,8.24,0.09,28.0,36.34
2026-04-02_rep_2,AC832,09:18:00,-33.0,09:06:00,09:59:00,B28 A,110.0,29.0,7.84,0.09,53.0,60.94
2026-04-02_rep_2,AY1541,11:25:00,-21.0,11:19:00,11:32:00,A55 ,89.0,20.0,9.25,2.04,13.0,24.29
2026-04-02_rep_2,AY1545,20:25:00,-2.0,20:37:00,20:40:00,A57 ,48.0,19.0,3.28,1.54,3.0,7.82
2026-04-02_rep_2,AY1549,00:40:00,-25.0,00:26:00,00:28:00,A57 ,20.0,16.0,1.34,1.96,2.0,5.3
2026-04-02_rep_2,AZ148,10:41:00,-10.0,10:48:00,10:51:00,A47 ,23.0,23.0,1.73,1.82,3.0,6.55
2026-04-02_rep_2,AZ154,21:10:00,-5.0,21:33:00,21:35:00,A55 ,33.0,33.0,2.2,1.68,2.0,5.87
2026-04-02_rep_2,AZ160,20:06:00,-3.0,20:31:00,20:39:00,A47 ,80.0,34.0,7.97,1.34,8.0,17.31
2026-04-02_rep_2,BA384,12:00:00,-9.0,12:21:00,12:37:00,B32 A,67.0,35.0,4.74,0.12,16.0,20.86
2026-04-02_rep_2,BA386,17:10:00,-6.0,17:29:00,17:38:00,B7  A,122.0,30.0,12.18,1.67,9.0,22.85
2026-04-02_rep_2,BA390,22:31:00,-10.0,22:35:00,22:37:00,B14 A,81.0,20.0,8.28,0.11,2.0,10.4
2026-04-02_rep_2,BT603,20:42:00,14.0,21:08:00,21:11:00,A62 ,16.0,24.0,1.63,1.35,3.0,5.98
2026-04-02_rep_2,CX275,10:29:00,-10.0,10:39:00,11:38:00,B31 A,264.0,24.0,18.24,0.11,59.0,77.35
2026-04-02_rep_2,DL140,09:45:00,-13.0,09:49:00,10:26:00,B30 A,175.0,22.0,18.05,0.09,37.0,55.14
2026-04-02_rep_2,EI638,22:49:00,-6.0,23:11:00,23:17:00,B40 A,127.0,32.0,9.51,0.1,6.0,15.62
2026-04-02_rep_2,EK181,21:34:00,-10.0,21:37:00,22:04:00,B31 A,185.0,17.0,13.35,0.07,27.0,40.42
2026-04-02_rep_2,ET750,09:11:00,2.0,09:42:00,10:46:00,B40 A,421.0,35.0,32.75,0.12,64.0,96.87
2026-04-02_rep_2,EY57,10:07:00,97.0,12:31:00,12:43:00,B5  A,159.0,54.0,12.76,1.82,12.0,26.58
2026-04-02_rep_2,FB407,21:50:00,-12.0,22:00:00,22:01:00,A57 ,8.0,27.0,0.52,1.57,1.0,3.09
2026-04-02_rep_2,FI554,14:59:00,46.0,16:03:00,16:06:00,A59 ,83.0,22.0,8.45,1.81,3.0,13.26
2026-04-02_rep_2,GQ800,15:11:00,-1.0,15:21:00,15:23:00,A57 ,27.0,17.0,2.01,1.44,2.0,5.45
2026-04-02_rep_2,HV9034,02:25:00,35.0,03:16:00,03:20:00,A65 ,60.0,81.0,4.31,1.71,4.0,10.02
2026-04-02_rep_2,HV9078,01:21:00,33.0,03:10:00,03:12:00,A62 ,29.0,82.0,2.46,1.74,2.0,6.2
2026-04-02_rep_2,IB597,13:31:00,-7.0,13:37:00,13:39:00,A59 ,69.0,19.0,5.33,1.78,2.0,9.12
2026-04-02_rep_2,IB601,21:06:00,-4.0,21:16:00,21:21:00,A51 ,92.0,20.0,7.05,1.48,5.0,13.52
2026-04-02_rep_2,IB603,00:35:00,-4.0,00:47:00,00:49:00,A49 ,63.0,21.0,4.74,1.64,2.0,8.38
2026-04-02_rep_2,KM420,21:20:00,-23.0,21:20:00,21:26:00,A67 ,156.0,28.0,12.99,1.65,6.0,20.64
2026-04-02_rep_2,LH1004,09:50:00,3.0,10:20:00,10:27:00,A43 ,33.0,32.0,3.52,1.64,7.0,12.16
2026-04-02_rep_2,LH2282,10:01:00,-5.0,10:14:00,10:17:00,A45 ,4.0,24.0,0.31,1.42,3.0,4.74
2026-04-02_rep_2,LO231,00:40:00,-11.0,00:47:00,00:49:00,A53 ,14.0,23.0,0.94,1.89,2.0,4.83
2026-04-02_rep_2,LO233,20:48:00,10.0,21:14:00,21:16:00,A44 ,33.0,24.0,2.03,1.51,2.0,5.54
2026-04-02_rep_2,LO235,11:31:00,-19.0,11:25:00,11:27:00,A57 ,13.0,19.0,1.09,1.78,2.0,4.86
2026-04-02_rep_2,LO237,18:05:00,-19.0,18:04:00,18:06:00,A53 ,34.0,23.0,2.88,1.56,2.0,6.44
2026-04-02_rep_2,LX780,16:21:00,-3.0,16:33:00,16:35:00,A43 ,60.0,21.0,4.78,2.26,2.0,9.04
2026-04-02_rep_2,LX786,10:56:00,-1.0,11:22:00,11:34:00,A43 ,65.0,33.0,5.21,1.6,12.0,18.81
2026-04-02_rep_2,LX788,20:39:00,-6.0,20:53:00,20:56:00,A45 ,66.0,24.0,6.44,1.28,3.0,10.72
2026-04-02_rep_2,MS725,16:50:00,3.0,17:09:00,17:26:00,B5  A,178.0,21.0,15.77,1.3,17.0,34.07
2026-04-02_rep_2,OS291,11:10:00,-10.0,11:14:00,11:17:00,A45 ,36.0,19.0,2.44,1.73,3.0,7.17
2026-04-02_rep_2,OS295,18:50:00,-13.0,18:49:00,18:51:00,A45 ,18.0,17.0,1.56,1.79,2.0,5.35
2026-04-02_rep_2,OS297,21:15:00,-12.0,21:19:00,21:22:00,A43 ,20.0,21.0,1.82,1.7,3.0,6.52
2026-04-02_rep_2,OU4456,21:56:00,-19.0,21:46:00,21:47:00,A53 ,4.0,15.0,0.3,2.53,1.0,3.82
2026-04-02_rep_2,QS1002,20:50:00,-7.0,20:54:00,21:05:00,A59 ,13.0,16.0,1.05,1.62,11.0,13.67
2026-04-02_rep_2,RJ141,17:21:00,-29.0,17:13:00,17:23:00,B11 A,159.0,27.0,11.69,0.1,10.0,21.79
2026-04-02_rep_2,RO373,20:10:00,4.0,20:35:00,20:37:00,A49 ,16.0,26.0,1.31,1.5,2.0,4.81
2026-04-02_rep_2,SK1589,20:20:00,-16.0,20:20:00,20:28:00,A61 ,91.0,21.0,7.43,1.7,8.0,17.13
2026-04-02_rep_2,SK1593,16:41:00,-9.0,16:50:00,16:53:00,A53 ,72.0,24.0,5.83,1.88,3.0,10.71
2026-04-02_rep_2,SK4743,12:46:00,-3.0,13:05:00,13:07:00,A53 ,66.0,28.0,5.59,1.73,2.0,9.31
2026-04-02_rep_2,SK589,12:23:00,-22.0,12:25:00,12:43:00,A52 ,65.0,32.0,6.03,1.8,18.0,25.83
2026-04-02_rep_2,SK593,11:54:00,-9.0,11:59:00,12:02:00,A53 ,61.0,28.0,5.53,1.8,3.0,10.33
2026-04-02_rep_2,SK597,21:55:00,-12.0,21:57:00,21:58:00,A65 ,16.0,19.0,1.62,1.4,1.0,4.01
2026-04-02_rep_2,SN1028,21:09:00,-30.0,21:03:00,21:09:00,A54 ,112.0,28.0,9.82,1.81,6.0,17.63
2026-04-02_rep_2,SN2096,22:05:00,18.0,22:58:00,23:04:00,B28 A,39.0,40.0,3.63,0.09,6.0,9.72
2026-04-02_rep_2,SN2258,15:32:00,-5.0,15:45:00,15:47:00,A56 ,51.0,25.0,4.18,1.71,2.0,7.89
2026-04-02_rep_2,SN2260,21:55:00,-22.0,21:44:00,21:46:00,A40 ,17.0,21.0,1.12,1.97,2.0,5.09
2026-04-02_rep_2,SN2264,01:13:00,162.0,04:13:00,04:14:00,A46 ,5.0,21.0,0.48,1.45,1.0,2.93
2026-04-02_rep_2,SN2268,10:30:00,-19.0,10:29:00,10:33:00,A59 ,1.0,23.0,0.07,2.15,4.0,6.23
2026-04-02_rep_2,SN2288,10:49:00,5.0,11:23:00,11:25:00,A40 ,36.0,33.0,2.95,1.69,2.0,6.64
2026-04-02_rep_2,SN2292,17:13:00,-4.0,17:33:00,17:36:00,A56 ,40.0,32.0,2.62,1.48,3.0,7.09
2026-04-02_rep_2,SN2294,21:58:00,3.0,22:27:00,22:35:00,A46 ,7.0,34.0,0.62,1.67,8.0,10.29
2026-04-02_rep_2,SN2298,10:51:00,0.0,11:16:00,11:17:00,A51 ,7.0,31.0,0.51,1.83,1.0,3.34
2026-04-02_rep_2,SN2318,22:13:00,8.0,22:42:00,22:46:00,A54 ,33.0,34.0,2.72,1.77,4.0,8.5
2026-04-02_rep_2,SN2324,10:43:00,3.0,11:27:00,11:28:00,A50 ,16.0,44.0,1.07,1.41,1.0,3.49
2026-04-02_rep_2,SN241,07:57:00,-14.0,08:29:00,08:41:00,B30 A,11.0,53.0,1.04,0.11,12.0,13.15
2026-04-02_rep_2,SN2556,22:24:00,-12.0,22:30:00,22:32:00,A62 ,12.0,32.0,0.91,1.86,2.0,4.77
2026-04-02_rep_2,SN2580,12:01:00,-4.0,12:15:00,12:18:00,A49 ,6.0,24.0,0.36,1.53,3.0,4.89
2026-04-02_rep_2,SN2582,15:10:00,-14.0,15:24:00,15:26:00,A55 ,23.0,33.0,1.89,2.54,2.0,6.43
2026-04-02_rep_2,SN2588,22:15:00,-23.0,22:06:00,22:07:00,A61 ,23.0,19.0,2.26,1.66,1.0,4.92
2026-04-02_rep_2,SN2590,00:22:00,-30.0,00:20:00,00:21:00,A60 ,11.0,35.0,1.22,1.36,1.0,3.58
2026-04-02_rep_2,SN2592,10:27:00,13.0,11:04:00,11:05:00,A42 ,2.0,31.0,0.2,1.49,1.0,2.69
2026-04-02_rep_2,SN2608,12:21:00,-2.0,12:44:00,12:47:00,A50 ,31.0,36.0,2.37,1.26,3.0,6.63
2026-04-02_rep_2,SN2610,14:53:00,-12.0,14:56:00,14:59:00,A50 ,48.0,23.0,3.61,1.64,3.0,8.25
2026-04-02_rep_2,SN2612,15:45:00,-7.0,15:55:00,15:57:00,A61 ,56.0,22.0,3.55,1.39,2.0,6.94
2026-04-02_rep_2,SN2614,19:36:00,12.0,20:18:00,20:20:00,A60 ,33.0,36.0,2.57,1.47,2.0,6.04
2026-04-02_rep_2,SN2618,00:39:00,-7.0,00:43:00,00:45:00,A61 ,42.0,15.0,3.1,1.84,2.0,6.93
2026-04-02_rep_2,SN2624,14:56:00,-12.0,15:03:00,15:05:00,A60 ,27.0,25.0,2.39,2.24,2.0,6.63
2026-04-02_rep_2,SN2630,10:18:00,-7.0,10:29:00,10:36:00,A48 ,6.0,21.0,0.68,1.93,7.0,9.62
2026-04-02_rep_2,SN2642,12:27:00,-5.0,12:46:00,12:47:00,A60 ,19.0,31.0,1.75,1.91,1.0,4.66
2026-04-02_rep_2,SN2644,15:13:00,-8.0,15:17:00,15:21:00,A46 ,36.0,15.0,2.55,1.74,4.0,8.29
2026-04-02_rep_2,SN2648,19:21:00,-7.0,19:28:00,19:31:00,A42 ,67.0,20.0,5.77,1.55,3.0,10.32
2026-04-02_rep_2,SN2650,22:02:00,-10.0,22:04:00,22:07:00,A52 ,28.0,19.0,1.94,2.05,3.0,7.0
2026-04-02_rep_2,SN2652,01:15:00,2.0,01:30:00,01:31:00,A59 ,27.0,18.0,2.21,1.44,1.0,4.65
2026-04-02_rep_2,SN2712,11:47:00,9.0,12:32:00,12:33:00,A46 ,11.0,48.0,0.79,1.7,1.0,3.49
2026-04-02_rep_2,SN2714,14:49:00,4.0,15:18:00,15:21:00,A44 ,61.0,29.0,4.35,2.06,3.0,9.41
2026-04-02_rep_2,SN2722,20:34:00,-8.0,20:40:00,20:42:00,A52 ,35.0,18.0,2.57,1.59,2.0,6.16
2026-04-02_rep_2,SN2724,00:34:00,36.0,01:47:00,01:50:00,A69 ,49.0,41.0,4.43,1.65,3.0,9.07
2026-04-02_rep_2,SN2726,10:24:00,-3.0,10:47:00,10:49:00,A52 ,14.0,30.0,1.27,1.32,2.0,4.59
2026-04-02_rep_2,SN2730,12:26:00,-9.0,12:41:00,12:47:00,A58 ,44.0,35.0,3.84,2.2,6.0,12.04
2026-04-02_rep_2,SN2732,23:35:00,-13.0,23:35:00,23:41:00,A51 ,72.0,18.0,6.72,1.54,6.0,14.27
2026-04-02_rep_2,SN2810,15:24:00,-11.0,15:29:00,15:30:00,A54 ,13.0,20.0,1.18,1.31,1.0,3.49
2026-04-02_rep_2,SN2812,22:22:00,-24.0,22:10:00,22:12:00,A58 ,34.0,19.0,2.56,1.41,2.0,5.97
2026-04-02_rep_2,SN2814,00:50:00,-23.0,00:34:00,00:35:00,A55 ,9.0,12.0,0.8,1.61,1.0,3.4
2026-04-02_rep_2,SN2816,10:28:00,0.0,10:56:00,10:57:00,A60 ,10.0,36.0,0.82,1.39,1.0,3.21
2026-04-02_rep_2,SN2826,22:19:00,1.0,22:36:00,22:38:00,A56 ,46.0,30.0,3.4,1.73,2.0,7.13
2026-04-02_rep_2,SN2830,10:43:00,0.0,11:04:00,11:05:00,A46 ,20.0,29.0,1.96,1.63,1.0,4.59
2026-04-02_rep_2,SN2902,13:14:00,-24.0,13:02:00,13:05:00,A56 ,29.0,21.0,2.62,1.66,3.0,7.28
2026-04-02_rep_2,SN2906,22:02:00,-19.0,22:04:00,22:06:00,A50 ,66.0,28.0,5.78,1.73,2.0,9.51
2026-04-02_rep_2,SN2908,00:53:00,-12.0,00:55:00,00:57:00,A66 ,38.0,17.0,2.69,1.64,2.0,6.33
2026-04-02_rep_2,SN3126,20:04:00,48.0,21:17:00,21:21:00,A48 ,70.0,29.0,5.91,1.66,4.0,11.57
2026-04-02_rep_2,SN3132,19:43:00,-14.0,19:53:00,19:55:00,A44 ,31.0,27.0,2.46,1.55,2.0,6.0
2026-04-02_rep_2,SN3140,15:44:00,20.0,16:16:00,16:18:00,A58 ,23.0,16.0,1.76,1.32,2.0,5.07
2026-04-02_rep_2,SN3146,13:08:00,-6.0,13:20:00,13:22:00,A48 ,6.0,26.0,0.53,1.68,2.0,4.2
2026-04-02_rep_2,SN3148,16:52:00,-9.0,16:57:00,17:00:00,A44 ,63.0,21.0,6.42,1.33,3.0,10.75
2026-04-02_rep_2,SN3150,22:27:00,16.0,23:05:00,23:07:00,A66 ,35.0,29.0,2.76,2.3,2.0,7.05
2026-04-02_rep_2,SN3154,12:19:00,-14.0,12:22:00,12:24:00,A44 ,24.0,26.0,1.98,1.61,2.0,5.59
2026-04-02_rep_2,SN3160,01:18:00,-18.0,01:08:00,01:09:00,A54 ,14.0,11.0,1.6,1.15,1.0,3.75
2026-04-02_rep_2,SN3170,17:24:00,0.0,17:43:00,17:56:00,A52 ,52.0,23.0,4.23,1.73,13.0,18.95
2026-04-02_rep_2,SN3176,14:33:00,108.0,16:46:00,16:49:00,A40 ,81.0,33.0,8.42,1.74,3.0,13.16
2026-04-02_rep_2,SN3182,22:27:00,-1.0,22:56:00,22:57:00,A48 ,37.0,37.0,2.92,1.82,1.0,5.73
2026-04-02_rep_2,SN3184,01:19:00,13.0,01:47:00,01:51:00,A64 ,19.0,19.0,1.4,1.93,4.0,7.33
2026-04-02_rep_2,SN3202,16:23:00,10.0,17:07:00,17:14:00,A48 ,89.0,37.0,7.37,2.3,7.0,16.67
2026-04-02_rep_2,SN3208,10:45:00,-10.0,10:53:00,10:58:00,A53 ,4.0,23.0,0.31,1.8,5.0,7.11
2026-04-02_rep_2,SN3246,19:53:00,-11.0,20:08:00,20:11:00,A46 ,16.0,29.0,1.22,1.97,3.0,6.18
2026-04-02_rep_2,SN3326,04:23:00,5.0,04:41:00,05:06:00,B37 A,140.0,16.0,14.96,0.12,25.0,40.08
2026-04-02_rep_2,SN3344,22:23:00,-10.0,22:37:00,22:41:00,A64 ,66.0,32.0,6.95,2.04,4.0,12.99
2026-04-02_rep_2,SN358,08:21:00,3.0,08:42:00,09:09:00,B14 A,112.0,24.0,12.32,0.1,27.0,39.42
2026-04-02_rep_2,SN3588,16:42:00,6.0,17:06:00,17:09:00,A54 ,4.0,25.0,0.31,1.66,3.0,4.97
2026-04-02_rep_2,SN3594,10:33:00,-1.0,10:50:00,10:58:00,A56 ,6.0,21.0,0.55,1.39,8.0,9.94
2026-04-02_rep_2,SN3598,17:18:00,-11.0,17:19:00,17:20:00,A42 ,25.0,15.0,2.17,1.65,1.0,4.82
2026-04-02_rep_2,SN3618,17:35:00,-8.0,17:42:00,17:44:00,A43 ,61.0,20.0,4.83,1.75,2.0,8.58
2026-04-02_rep_2,SN3622,20:17:00,-17.0,20:15:00,20:16:00,A50 ,35.0,22.0,2.31,1.22,1.0,4.53
2026-04-02_rep_2,SN3632,11:36:00,-4.0,11:50:00,12:00:00,A47 ,3.0,24.0,0.24,1.42,10.0,11.66
2026-04-02_rep_2,SN3634,13:04:00,-26.0,12:57:00,12:59:00,A54 ,9.0,28.0,0.87,2.07,2.0,4.94
2026-04-02_rep_2,SN3668,15:58:00,20.0,16:30:00,16:33:00,A62 ,35.0,20.0,2.6,1.86,3.0,7.45
2026-04-02_rep_2,SN3676,10:40:00,-8.0,10:50:00,10:54:00,A49 ,7.0,23.0,0.54,1.59,4.0,6.12
2026-04-02_rep_2,SN369,07:08:00,18.0,07:45:00,08:28:00,B37 A,68.0,22.0,4.96,0.09,43.0,48.04
2026-04-02_rep_2,SN3698,16:38:00,4.0,17:05:00,17:10:00,A50 ,63.0,31.0,5.39,1.41,5.0,11.81
2026-04-02_rep_2,SN3704,19:25:00,-3.0,19:38:00,19:40:00,A40 ,43.0,26.0,4.74,1.8,2.0,8.54
2026-04-02_rep_2,SN3706,01:29:00,19.0,03:03:00,03:05:00,A58 ,35.0,79.0,3.61,1.5,2.0,7.11
2026-04-02_rep_2,SN3708,09:47:00,-7.0,09:53:00,09:54:00,A58 ,33.0,20.0,2.72,1.78,1.0,5.5
2026-04-02_rep_2,SN3712,20:51:00,7.0,21:16:00,21:19:00,A42 ,20.0,29.0,1.46,1.93,3.0,6.39
2026-04-02_rep_2,SN3728,22:00:00,58.0,23:16:00,23:18:00,A59 ,17.0,23.0,1.41,1.72,2.0,5.13
2026-04-02_rep_2,SN3730,01:13:00,22.0,01:46:00,01:47:00,A52 ,15.0,14.0,1.26,1.91,1.0,4.17
2026-04-02_rep_2,SN3732,10:38:00,-1.0,11:02:00,11:11:00,A54 ,30.0,28.0,2.94,1.31,9.0,13.26
2026-04-02_rep_2,SN3734,14:53:00,7.0,15:29:00,15:30:00,A48 ,63.0,32.0,6.02,1.65,1.0,8.67
2026-04-02_rep_2,SN3736,20:33:00,108.0,22:57:00,23:02:00,A68 ,58.0,44.0,4.57,1.76,5.0,11.34
2026-04-02_rep_2,SN3738,01:14:00,-8.0,01:28:00,01:30:00,A67 ,67.0,26.0,5.42,1.76,2.0,9.18
2026-04-02_rep_2,SN3752,21:34:00,39.0,22:34:00,22:37:00,A60 ,71.0,35.0,4.91,1.44,3.0,9.35
2026-04-02_rep_2,SN3772,13:33:00,62.0,14:45:00,14:47:00,A40 ,11.0,13.0,0.8,1.62,2.0,4.42
2026-04-02_rep_2,SN3774,20:00:00,6.0,20:25:00,20:28:00,A64 ,33.0,24.0,2.76,1.64,3.0,7.39
2026-04-02_rep_2,SN3782,01:35:00,103.0,03:43:00,03:50:00,A56 ,115.0,30.0,10.09,1.8,7.0,18.89
2026-04-02_rep_2,SN3810,23:54:00,-2.0,00:03:00,00:08:00,A63 ,15.0,15.0,1.03,1.82,5.0,7.85
2026-04-02_rep_2,SN3812,18:23:00,12.0,19:01:00,19:05:00,A48 ,80.0,34.0,5.98,1.36,4.0,11.34
2026-04-02_rep_2,SN3816,17:47:00,16.0,18:30:00,18:33:00,A46 ,35.0,34.0,2.49,1.36,3.0,6.85
2026-04-02_rep_2,SN3820,01:43:00,85.0,03:24:00,03:26:00,A48 ,36.0,19.0,3.66,2.01,2.0,7.67
2026-04-02_rep_2,SQ304,09:31:00,17.0,10:03:00,10:50:00,B11 A,248.0,21.0,17.46,0.08,47.0,64.55
2026-04-02_rep_2,TB1012,14:35:00,11.0,15:03:00,15:05:00,A47 ,46.0,22.0,4.35,1.52,2.0,7.87
2026-04-02_rep_2,TB1112,14:06:00,10.0,14:33:00,14:37:00,A53 ,78.0,23.0,4.76,1.46,4.0,10.22
2026-04-02_rep_2,TB1552,17:49:00,-8.0,17:53:00,17:55:00,A63 ,36.0,16.0,2.41,1.51,2.0,5.92
2026-04-02_rep_2,TB2524,01:34:00,22.0,03:28:00,03:31:00,B40 A,119.0,96.0,9.49,0.08,3.0,12.57
2026-04-02_rep_2,TB2534,19:34:00,34.0,20:32:00,20:42:00,B27 A,151.0,28.0,10.24,0.12,10.0,20.37
2026-04-02_rep_2,TB2582,16:34:00,8.0,16:56:00,16:58:00,B29 A,43.0,18.0,3.73,0.09,2.0,5.82
2026-04-02_rep_2,TB2654,23:14:00,-4.0,23:26:00,23:40:00,B9  A,151.0,20.0,13.55,1.84,14.0,29.39
2026-04-02_rep_2,TB2662,00:35:00,29.0,01:31:00,01:36:00,B28 A,180.0,32.0,15.03,0.1,5.0,20.13
2026-04-02_rep_2,TB3202,16:44:00,142.0,19:23:00,19:26:00,B11 A,128.0,21.0,10.15,0.12,3.0,13.27
2026-04-02_rep_2,TG934,09:21:00,-5.0,09:38:00,09:58:00,B38 A,249.0,28.0,22.51,0.1,20.0,42.61
2026-04-02_rep_2,TK1937,12:20:00,-30.0,12:11:00,12:18:00,B30 A,123.0,31.0,8.35,0.08,7.0,15.44
2026-04-02_rep_2,TK1939,19:38:00,16.0,20:13:00,20:34:00,B28 A,169.0,27.0,15.38,0.11,21.0,36.49
2026-04-02_rep_2,TK1941,23:34:00,7.0,23:50:00,23:58:00,B7  A,127.0,18.0,12.65,1.49,8.0,22.14
2026-04-02_rep_2,TK1943,15:30:00,-26.0,15:19:00,15:26:00,B15 A,97.0,20.0,8.86,0.09,7.0,15.96
2026-04-02_rep_2,TP640,13:06:00,-15.0,13:13:00,13:20:00,A57 ,48.0,28.0,3.71,2.14,7.0,12.85
2026-04-02_rep_2,TP642,17:11:00,1.0,17:31:00,17:41:00,A59 ,130.0,25.0,8.97,2.06,10.0,21.03
2026-04-02_rep_2,TP644,22:10:00,-2.0,22:21:00,22:30:00,A51 ,128.0,18.0,11.47,1.7,9.0,22.17
2026-04-02_rep_2,TP646,02:02:00,84.0,04:00:00,04:05:00,A51 ,54.0,41.0,3.52,1.42,5.0,9.94
2026-04-02_rep_2,TU954,12:41:00,-16.0,13:09:00,13:11:00,B28 A,52.0,50.0,3.64,0.08,2.0,5.72
2026-04-02_rep_2,UA950,09:21:00,-36.0,09:03:00,09:29:00,B5  A,163.0,24.0,12.69,1.5,26.0,40.19
2026-04-02_rep_2,UA972,11:05:00,-19.0,11:00:00,11:39:00,B38 A,171.0,19.0,15.57,0.09,39.0,54.66
2026-04-02_rep_2,UA994,09:51:00,97.0,11:44:00,12:09:00,B40 A,135.0,22.0,10.92,0.1,25.0,36.02
2026-04-02_rep_2,UX1171,11:53:00,36.0,12:44:00,12:50:00,A47 ,53.0,23.0,3.62,1.58,6.0,11.19
2026-04-02_rep_2,UX1173,19:46:00,26.0,20:33:00,20:37:00,A53 ,44.0,27.0,3.5,1.74,4.0,9.24
2026-04-02_rep_2,VF67,18:15:00,-30.0,18:00:00,18:09:00,B15 A,164.0,20.0,13.79,0.11,9.0,22.9
2026-04-02_rep_2,VY1334,13:16:00,5.0,13:52:00,13:53:00,A43 ,23.0,37.0,1.71,1.24,1.0,3.95
2026-04-02_rep_2,VY1470,21:30:00,-13.0,21:35:00,21:37:00,A47 ,12.0,23.0,1.19,2.16,2.0,5.34
2026-04-02_rep_2,VY2150,12:31:00,-12.0,12:40:00,12:42:00,A59 ,13.0,27.0,1.45,2.23,2.0,5.68
2026-04-02_rep_2,VY2152,23:26:00,18.0,23:50:00,23:51:00,A45 ,15.0,12.0,1.25,1.87,1.0,4.12
2026-04-02_rep_2,VY6814,16:45:00,12.0,17:10:00,17:11:00,A47 ,23.0,18.0,1.82,1.64,1.0,4.45
2026-04-02_rep_2,VY8978,12:07:00,-6.0,12:12:00,12:15:00,A43 ,26.0,18.0,2.79,1.89,3.0,7.68
2026-04-02_rep_2,VY8980,11:54:00,-11.0,11:53:00,11:54:00,A42 ,7.0,19.0,0.56,1.68,1.0,3.24
2026-04-02_rep_2,VY8982,19:30:00,15.0,19:57:00,20:00:00,A43 ,75.0,17.0,6.56,1.76,3.0,11.33
2026-04-02_rep_2,VY8984,22:55:00,0.0,23:03:00,23:04:00,A43 ,28.0,13.0,2.99,1.87,1.0,5.86
2026-04-02_rep_2,VY8986,16:35:00,10.0,16:58:00,16:59:00,A45 ,20.0,18.0,1.39,1.66,1.0,4.05
2026-04-02_rep_3,AC826,09:55:00,-41.0,09:26:00,09:54:00,B29 A,112.0,17.0,9.98,0.11,28.0,38.09
2026-04-02_rep_3,AC832,09:18:00,-33.0,09:06:00,09:59:00,B28 A,110.0,29.0,9.3,0.1,53.0,62.39
2026-04-02_rep_3,AY1541,11:25:00,-21.0,11:19:00,11:32:00,A55 ,89.0,20.0,9.31,1.21,13.0,23.52
2026-04-02_rep_3,AY1545,20:25:00,-2.0,20:37:00,20:40:00,A57 ,48.0,19.0,5.33,1.7,3.0,10.03
2026-04-02_rep_3,AY1549,00:40:00,-25.0,00:26:00,00:28:00,A57 ,20.0,16.0,1.63,1.71,2.0,5.34
2026-04-02_rep_3,AZ148,10:41:00,-10.0,10:48:00,10:51:00,A47 ,23.0,23.0,1.69,1.41,3.0,6.1
2026-04-02_rep_3,AZ154,21:10:00,-5.0,21:33:00,21:35:00,A55 ,33.0,33.0,2.81,2.16,2.0,6.98
2026-04-02_rep_3,AZ160,20:06:00,-3.0,20:31:00,20:39:00,A47 ,80.0,34.0,7.3,1.16,8.0,16.46
2026-04-02_rep_3,BA384,12:00:00,-9.0,12:21:00,12:37:00,B32 A,67.0,35.0,4.41,0.1,16.0,20.51
2026-04-02_rep_3,BA386,17:10:00,-6.0,17:29:00,17:38:00,B7  A,122.0,30.0,9.93,1.75,9.0,20.68
2026-04-02_rep_3,BA390,22:31:00,-10.0,22:35:00,22:37:00,B14 A,81.0,20.0,7.22,0.09,2.0,9.3
2026-04-02_rep_3,BT603,20:42:00,14.0,21:08:00,21:11:00,A62 ,16.0,24.0,1.25,1.75,3.0,6.0
2026-04-02_rep_3,CX275,10:29:00,-10.0,10:39:00,11:38:00,B31 A,264.0,24.0,19.34,0.09,59.0,78.43
2026-04-02_rep_3,DL140,09:45:00,-13.0,09:49:00,10:26:00,B30 A,175.0,22.0,14.46,0.09,37.0,51.55
2026-04-02_rep_3,EI638,22:49:00,-6.0,23:11:00,23:17:00,B40 A,127.0,32.0,9.94,0.1,6.0,16.05
2026-04-02_rep_3,EK181,21:34:00,-10.0,21:37:00,22:04:00,B31 A,185.0,17.0,12.82,0.09,27.0,39.91
2026-04-02_rep_3,ET750,09:11:00,2.0,09:42:00,10:46:00,B40 A,421.0,35.0,27.24,0.1,64.0,91.34
2026-04-02_rep_3,EY57,10:07:00,97.0,12:31:00,12:43:00,B5  A,159.0,54.0,14.75,1.92,12.0,28.67
2026-04-02_rep_3,FB407,21:50:00,-12.0,22:00:00,22:01:00,A57 ,8.0,27.0,0.62,1.82,1.0,3.44
2026-04-02_rep_3,FI554,14:59:00,46.0,16:03:00,16:06:00,A59 ,83.0,22.0,6.0,2.07,3.0,11.07
2026-04-02_rep_3,GQ800,15:11:00,-1.0,15:21:00,15:23:00,A57 ,27.0,17.0,1.87,1.61,2.0,5.48
2026-04-02_rep_3,HV9034,02:25:00,35.0,03:16:00,03:20:00,A65 ,60.0,81.0,5.15,2.08,4.0,11.23
2026-04-02_rep_3,HV9078,01:21:00,33.0,03:10:00,03:12:00,A62 ,29.0,82.0,1.88,1.57,2.0,5.45
2026-04-02_rep_3,IB597,13:31:00,-7.0,13:37:00,13:39:00,A59 ,69.0,19.0,5.61,1.64,2.0,9.25
2026-04-02_rep_3,IB601,21:06:00,-4.0,21:16:00,21:21:00,A51 ,92.0,20.0,7.01,2.41,5.0,14.42
2026-04-02_rep_3,IB603,00:35:00,-4.0,00:47:00,00:49:00,A49 ,63.0,21.0,4.54,1.63,2.0,8.16
2026-04-02_rep_3,KM420,21:20:00,-23.0,21:20:00,21:26:00,A67 ,156.0,28.0,17.63,1.4,6.0,25.04
2026-04-02_rep_3,LH1004,09:50:00,3.0,10:20:00,10:27:00,A43 ,33.0,32.0,2.41,1.42,7.0,10.83
2026-04-02_rep_3,LH2282,10:01:00,-5.0,10:14:00,10:17:00,A45 ,4.0,24.0,0.25,1.64,3.0,4.9
2026-04-02_rep_3,LO231,00:40:00,-11.0,00:47:00,00:49:00,A53 ,14.0,23.0,1.3,1.5,2.0,4.8
2026-04-02_rep_3,LO233,20:48:00,10.0,21:14:00,21:16:00,A44 ,33.0,24.0,2.44,1.37,2.0,5.82
2026-04-02_rep_3,LO235,11:31:00,-19.0,11:25:00,11:27:00,A57 ,13.0,19.0,1.03,1.64,2.0,4.68
2026-04-02_rep_3,LO237,18:05:00,-19.0,18:04:00,18:06:00,A53 ,34.0,23.0,2.26,1.73,2.0,5.99
2026-04-02_rep_3,LX780,16:21:00,-3.0,16:33:00,16:35:00,A43 ,60.0,21.0,5.02,1.99,2.0,9.01
2026-04-02_rep_3,LX786,10:56:00,-1.0,11:22:00,11:34:00,A43 ,65.0,33.0,5.09,1.76,12.0,18.85
2026-04-02_rep_3,LX788,20:39:00,-6.0,20:53:00,20:56:00,A45 ,66.0,24.0,4.42,1.47,3.0,8.89
2026-04-02_rep_3,MS725,16:50:00,3.0,17:09:00,17:26:00,B5  A,178.0,21.0,13.69,1.62,17.0,32.32
2026-04-02_rep_3,OS291,11:10:00,-10.0,11:14:00,11:17:00,A45 ,36.0,19.0,2.67,1.55,3.0,7.22
2026-04-02_rep_3,OS295,18:50:00,-13.0,18:49:00,18:51:00,A45 ,18.0,17.0,1.39,1.67,2.0,5.06
2026-04-02_rep_3,OS297,21:15:00,-12.0,21:19:00,21:22:00,A43 ,20.0,21.0,2.36,1.81,3.0,7.17
2026-04-02_rep_3,OU4456,21:56:00,-19.0,21:46:00,21:47:00,A53 ,4.0,15.0,0.35,1.88,1.0,3.22
2026-04-02_rep_3,QS1002,20:50:00,-7.0,20:54:00,21:05:00,A59 ,13.0,16.0,0.9,1.67,11.0,13.57
2026-04-02_rep_3,RJ141,17:21:00,-29.0,17:13:00,17:23:00,B11 A,159.0,27.0,11.95,0.11,10.0,22.06
2026-04-02_rep_3,RO373,20:10:00,4.0,20:35:00,20:37:00,A49 ,16.0,26.0,0.98,2.21,2.0,5.19
2026-04-02_rep_3,SK1589,20:20:00,-16.0,20:20:00,20:28:00,A61 ,91.0,21.0,5.89,1.7,8.0,15.6
2026-04-02_rep_3,SK1593,16:41:00,-9.0,16:50:00,16:53:00,A53 ,72.0,24.0,5.5,1.56,3.0,10.07
2026-04-02_rep_3,SK4743,12:46:00,-3.0,13:05:00,13:07:00,A53 ,66.0,28.0,8.14,1.76,2.0,11.9
2026-04-02_rep_3,SK589,12:23:00,-22.0,12:25:00,12:43:00,A52 ,65.0,32.0,4.45,2.11,18.0,24.56
2026-04-02_rep_3,SK593,11:54:00,-9.0,11:59:00,12:02:00,A53 ,61.0,28.0,4.9,1.79,3.0,9.69
2026-04-02_rep_3,SK597,21:55:00,-12.0,21:57:00,21:58:00,A65 ,16.0,19.0,1.42,1.87,1.0,4.29
2026-04-02_rep_3,SN1028,21:09:00,-30.0,21:03:00,21:09:00,A54 ,112.0,28.0,8.19,1.47,6.0,15.66
2026-04-02_rep_3,SN2096,22:05:00,18.0,22:58:00,23:04:00,B28 A,39.0,40.0,2.77,0.09,6.0,8.86
2026-04-02_rep_3,SN2258,15:32:00,-5.0,15:45:00,15:47:00,A56 ,51.0,25.0,5.27,1.79,2.0,9.06
2026-04-02_rep_3,SN2260,21:55:00,-22.0,21:44:00,21:46:00,A40 ,17.0,21.0,1.27,2.01,2.0,5.28
2026-04-02_rep_3,SN2264,01:13:00,162.0,04:13:00,04:14:00,A46 ,5.0,21.0,0.38,1.87,1.0,3.25
2026-04-02_rep_3,SN2268,10:30:00,-19.0,10:29:00,10:33:00,A59 ,1.0,23.0,0.07,1.74,4.0,5.82
2026-04-02_rep_3,SN2288,10:49:00,5.0,11:23:00,11:25:00,A40 ,36.0,33.0,2.74,1.52,2.0,6.26
2026-04-02_rep_3,SN2292,17:13:00,-4.0,17:33:00,17:36:00,A56 ,40.0,32.0,2.85,1.4,3.0,7.25
2026-04-02_rep_3,SN2294,21:58:00,3.0,22:27:00,22:35:00,A46 ,7.0,34.0,0.52,1.89,8.0,10.41
2026-04-02_rep_3,SN2298,10:51:00,0.0,11:16:00,11:17:00,A51 ,7.0,31.0,0.52,1.49,1.0,3.01
2026-04-02_rep_3,SN2318,22:13:00,8.0,22:42:00,22:46:00,A54 ,33.0,34.0,2.62,1.6,4.0,8.22
2026-04-02_rep_3,SN2324,10:43:00,3.0,11:27:00,11:28:00,A50 ,16.0,44.0,1.23,2.05,1.0,4.28
2026-04-02_rep_3,SN241,07:57:00,-14.0,08:29:00,08:41:00,B30 A,11.0,53.0,1.16,0.1,12.0,13.25
2026-04-02_rep_3,SN2556,22:24:00,-12.0,22:30:00,22:32:00,A62 ,12.0,32.0,0.9,1.34,2.0,4.24
2026-04-02_rep_3,SN2580,12:01:00,-4.0,12:15:00,12:18:00,A49 ,6.0,24.0,0.46,2.24,3.0,5.7
2026-04-02_rep_3,SN2582,15:10:00,-14.0,15:24:00,15:26:00,A55 ,23.0,33.0,1.81,1.64,2.0,5.45
2026-04-02_rep_3,SN2588,22:15:00,-23.0,22:06:00,22:07:00,A61 ,23.0,19.0,1.64,1.79,1.0,4.43
2026-04-02_rep_3,SN2590,00:22:00,-30.0,00:20:00,00:21:00,A60 ,11.0,35.0,1.06,1.32,1.0,3.39
2026-04-02_rep_3,SN2592,10:27:00,13.0,11:04:00,11:05:00,A42 ,2.0,31.0,0.17,1.48,1.0,2.65
2026-04-02_rep_3,SN2608,12:21:00,-2.0,12:44:00,12:47:00,A50 ,31.0,36.0,1.98,1.39,3.0,6.37
2026-04-02_rep_3,SN2610,14:53:00,-12.0,14:56:00,14:59:00,A50 ,48.0,23.0,3.82,1.75,3.0,8.56
2026-04-02_rep_3,SN2612,15:45:00,-7.0,15:55:00,15:57:00,A61 ,56.0,22.0,4.28,1.86,2.0,8.14
2026-04-02_rep_3,SN2614,19:36:00,12.0,20:18:00,20:20:00,A60 ,33.0,36.0,2.98,1.77,2.0,6.76
2026-04-02_rep_3,SN2618,00:39:00,-7.0,00:43:00,00:45:00,A61 ,42.0,15.0,3.14,2.03,2.0,7.17
2026-04-02_rep_3,SN2624,14:56:00,-12.0,15:03:00,15:05:00,A60 ,27.0,25.0,2.58,1.68,2.0,6.26
2026-04-02_rep_3,SN2630,10:18:00,-7.0,10:29:00,10:36:00,A48 ,6.0,21.0,0.39,1.82,7.0,9.21
2026-04-02_rep_3,SN2642,12:27:00,-5.0,12:46:00,12:47:00,A60 ,19.0,31.0,1.57,1.25,1.0,3.82
2026-04-02_rep_3,SN2644,15:13:00,-8.0,15:17:00,15:21:00,A46 ,36.0,15.0,2.51,1.86,4.0,8.37
2026-04-02_rep_3,SN2648,19:21:00,-7.0,19:28:00,19:31:00,A42 ,67.0,20.0,4.08,1.72,3.0,8.8
2026-04-02_rep_3,SN2650,22:02:00,-10.0,22:04:00,22:07:00,A52 ,28.0,19.0,2.3,2.09,3.0,7.38
2026-04-02_rep_3,SN2652,01:15:00,2.0,01:30:00,01:31:00,A59 ,27.0,18.0,2.23,1.48,1.0,4.71
2026-04-02_rep_3,SN2712,11:47:00,9.0,12:32:00,12:33:00,A46 ,11.0,48.0,0.85,1.69,1.0,3.54
2026-04-02_rep_3,SN2714,14:49:00,4.0,15:18:00,15:21:00,A44 ,61.0,29.0,5.85,1.8,3.0,10.65
2026-04-02_rep_3,SN2722,20:34:00,-8.0,20:40:00,20:42:00,A52 ,35.0,18.0,3.22,1.61,2.0,6.83
2026-04-02_rep_3,SN2724,00:34:00,36.0,01:47:00,01:50:00,A69 ,49.0,41.0,3.56,1.42,3.0,7.98
2026-04-02_rep_3,SN2726,10:24:00,-3.0,10:47:00,10:49:00,A52 ,14.0,30.0,1.1,1.36,2.0,4.46
2026-04-02_rep_3,SN2730,12:26:00,-9.0,12:41:00,12:47:00,A58 ,44.0,35.0,5.1,1.38,6.0,12.48
2026-04-02_rep_3,SN2732,23:35:00,-13.0,23:35:00,23:41:00,A51 ,72.0,18.0,4.99,1.92,6.0,12.91
2026-04-02_rep_3,SN2810,15:24:00,-11.0,15:29:00,15:30:00,A54 ,13.0,20.0,1.12,1.89,1.0,4.01
2026-04-02_rep_3,SN2812,22:22:00,-24.0,22:10:00,22:12:00,A58 ,34.0,19.0,2.2,1.71,2.0,5.92
2026-04-02_rep_3,SN2814,00:50:00,-23.0,00:34:00,00:35:00,A55 ,9.0,12.0,0.76,1.81,1.0,3.57
2026-04-02_rep_3,SN2816,10:28:00,0.0,10:56:00,10:57:00,A60 ,10.0,36.0,0.82,1.48,1.0,3.3
2026-04-02_rep_3,SN2826,22:19:00,1.0,22:36:00,22:38:00,A56 ,46.0,30.0,3.26,1.35,2.0,6.61
2026-04-02_rep_3,SN2830,10:43:00,0.0,11:04:00,11:05:00,A46 ,20.0,29.0,1.62,1.69,1.0,4.3
2026-04-02_rep_3,SN2902,13:14:00,-24.0,13:02:00,13:05:00,A56 ,29.0,21.0,2.58,2.12,3.0,7.71
2026-04-02_rep_3,SN2906,22:02:00,-19.0,22:04:00,22:06:00,A50 ,66.0,28.0,4.7,2.21,2.0,8.9
2026-04-02_rep_3,SN2908,00:53:00,-12.0,00:55:00,00:57:00,A66 ,38.0,17.0,2.95,1.6,2.0,6.55
2026-04-02_rep_3,SN3126,20:04:00,48.0,21:17:00,21:21:00,A48 ,70.0,29.0,7.49,1.3,4.0,12.79
2026-04-02_rep_3,SN3132,19:43:00,-14.0,19:53:00,19:55:00,A44 ,31.0,27.0,2.52,1.89,2.0,6.41
2026-04-02_rep_3,SN3140,15:44:00,20.0,16:16:00,16:18:00,A58 ,23.0,16.0,2.43,1.72,2.0,6.14
2026-04-02_rep_3,SN3146,13:08:00,-6.0,13:20:00,13:22:00,A48 ,6.0,26.0,0.58,1.74,2.0,4.31
2026-04-02_rep_3,SN3148,16:52:00,-9.0,16:57:00,17:00:00,A44 ,63.0,21.0,4.27,1.69,3.0,8.96
2026-04-02_rep_3,SN3150,22:27:00,16.0,23:05:00,23:07:00,A66 ,35.0,29.0,2.97,1.63,2.0,6.6
2026-04-02_rep_3,SN3154,12:19:00,-14.0,12:22:00,12:24:00,A44 ,24.0,26.0,1.63,1.79,2.0,5.42
2026-04-02_rep_3,SN3160,01:18:00,-18.0,01:08:00,01:09:00,A54 ,14.0,11.0,1.02,1.47,1.0,3.49
2026-04-02_rep_3,SN3170,17:24:00,0.0,17:43:00,17:56:00,A52 ,52.0,23.0,4.41,1.7,13.0,19.12
2026-04-02_rep_3,SN3176,14:33:00,108.0,16:46:00,16:49:00,A40 ,81.0,33.0,7.03,1.87,3.0,11.9
2026-04-02_rep_3,SN3182,22:27:00,-1.0,22:56:00,22:57:00,A48 ,37.0,37.0,3.01,1.58,1.0,5.59
2026-04-02_rep_3,SN3184,01:19:00,13.0,01:47:00,01:51:00,A64 ,19.0,19.0,1.41,1.34,4.0,6.75
2026-04-02_rep_3,SN3202,16:23:00,10.0,17:07:00,17:14:00,A48 ,89.0,37.0,8.02,1.64,7.0,16.65
2026-04-02_rep_3,SN3208,10:45:00,-10.0,10:53:00,10:58:00,A53 ,4.0,23.0,0.32,1.88,5.0,7.21
2026-04-02_rep_3,SN3246,19:53:00,-11.0,20:08:00,20:11:00,A46 ,16.0,29.0,1.47,1.38,3.0,5.86
2026-04-02_rep_3,SN3326,04:23:00,5.0,04:41:00,05:06:00,B37 A,140.0,16.0,9.19,0.11,25.0,34.3
2026-04-02_rep_3,SN3344,22:23:00,-10.0,22:37:00,22:41:00,A64 ,66.0,32.0,6.37,1.56,4.0,11.93
2026-04-02_rep_3,SN358,08:21:00,3.0,08:42:00,09:09:00,B14 A,112.0,24.0,9.96,0.09,27.0,37.05
2026-04-02_rep_3,SN3588,16:42:00,6.0,17:06:00,17:09:00,A54 ,4.0,25.0,0.28,1.71,3.0,4.99
2026-04-02_rep_3,SN3594,10:33:00,-1.0,10:50:00,10:58:00,A56 ,6.0,21.0,0.52,2.09,8.0,10.61
2026-04-02_rep_3,SN3598,17:18:00,-11.0,17:19:00,17:20:00,A42 ,25.0,15.0,2.11,1.82,1.0,4.93
2026-04-02_rep_3,SN3618,17:35:00,-8.0,17:42:00,17:44:00,A43 ,61.0,20.0,4.68,1.78,2.0,8.46
2026-04-02_rep_3,SN3622,20:17:00,-17.0,20:15:00,20:16:00,A50 ,35.0,22.0,2.48,1.52,1.0,5.0
2026-04-02_rep_3,SN3632,11:36:00,-4.0,11:50:00,12:00:00,A47 ,3.0,24.0,0.29,1.61,10.0,11.91
2026-04-02_rep_3,SN3634,13:04:00,-26.0,12:57:00,12:59:00,A54 ,9.0,28.0,0.78,1.68,2.0,4.46
2026-04-02_rep_3,SN3668,15:58:00,20.0,16:30:00,16:33:00,A62 ,35.0,20.0,3.05,1.62,3.0,7.66
2026-04-02_rep_3,SN3676,10:40:00,-8.0,10:50:00,10:54:00,A49 ,7.0,23.0,0.46,2.07,4.0,6.53
2026-04-02_rep_3,SN369,07:08:00,18.0,07:45:00,08:28:00,B37 A,68.0,22.0,6.75,0.12,43.0,49.88
2026-04-02_rep_3,SN3698,16:38:00,4.0,17:05:00,17:10:00,A50 ,63.0,31.0,4.49,1.51,5.0,11.0
2026-04-02_rep_3,SN3704,19:25:00,-3.0,19:38:00,19:40:00,A40 ,43.0,26.0,3.28,1.87,2.0,7.15
2026-04-02_rep_3,SN3706,01:29:00,19.0,03:03:00,03:05:00,A58 ,35.0,79.0,2.64,1.47,2.0,6.1
2026-04-02_rep_3,SN3708,09:47:00,-7.0,09:53:00,09:54:00,A58 ,33.0,20.0,2.21,1.45,1.0,4.66
2026-04-02_rep_3,SN3712,20:51:00,7.0,21:16:00,21:19:00,A42 ,20.0,29.0,1.32,1.38,3.0,5.69
2026-04-02_rep_3,SN3728,22:00:00,58.0,23:16:00,23:18:00,A59 ,17.0,23.0,1.48,1.79,2.0,5.27
2026-04-02_rep_3,SN3730,01:13:00,22.0,01:46:00,01:47:00,A52 ,15.0,14.0,1.33,1.76,1.0,4.09
2026-04-02_rep_3,SN3732,10:38:00,-1.0,11:02:00,11:11:00,A54 ,30.0,28.0,2.67,2.15,9.0,13.82
2026-04-02_rep_3,SN3734,14:53:00,7.0,15:29:00,15:30:00,A48 ,63.0,32.0,5.09,1.77,1.0,7.86
2026-04-02_rep_3,SN3736,20:33:00,108.0,22:57:00,23:02:00,A68 ,58.0,44.0,5.82,1.61,5.0,12.43
2026-04-02_rep_3,SN3738,01:14:00,-8.0,01:28:00,01:30:00,A67 ,67.0,26.0,5.42,2.37,2.0,9.8
2026-04-02_rep_3,SN3752,21:34:00,39.0,22:34:00,22:37:00,A60 ,71.0,35.0,6.39,1.56,3.0,10.95
2026-04-02_rep_3,SN3772,13:33:00,62.0,14:45:00,14:47:00,A40 ,11.0,13.0,1.07,1.81,2.0,4.88
2026-04-02_rep_3,SN3774,20:00:00,6.0,20:25:00,20:28:00,A64 ,33.0,24.0,3.2,1.58,3.0,7.78
2026-04-02_rep_3,SN3782,01:35:00,103.0,03:43:00,03:50:00,A56 ,115.0,30.0,8.66,1.29,7.0,16.94
2026-04-02_rep_3,SN3810,23:54:00,-2.0,00:03:00,00:08:00,A63 ,15.0,15.0,1.22,1.61,5.0,7.83
2026-04-02_rep_3,SN3812,18:23:00,12.0,19:01:00,19:05:00,A48 ,80.0,34.0,7.29,1.92,4.0,13.21
2026-04-02_rep_3,SN3816,17:47:00,16.0,18:30:00,18:33:00,A46 ,35.0,34.0,2.27,1.69,3.0,6.96
2026-04-02_rep_3,SN3820,01:43:00,85.0,03:24:00,03:26:00,A48 ,36.0,19.0,2.77,1.28,2.0,6.06
2026-04-02_rep_3,SQ304,09:31:00,17.0,10:03:00,10:50:00,B11 A,248.0,21.0,18.08,0.11,47.0,65.19
2026-04-02_rep_3,TB1012,14:35:00,11.0,15:03:00,15:05:00,A47 ,46.0,22.0,3.19,1.66,2.0,6.85
2026-04-02_rep_3,TB1112,14:06:00,10.0,14:33:00,14:37:00,A53 ,78.0,23.0,6.55,1.44,4.0,11.99
2026-04-02_rep_3,TB1552,17:49:00,-8.0,17:53:00,17:55:00,A63 ,36.0,16.0,2.39,1.65,2.0,6.05
2026-04-02_rep_3,TB2524,01:34:00,22.0,03:28:00,03:31:00,B40 A,119.0,96.0,9.97,0.12,3.0,13.09
2026-04-02_rep_3,TB2534,19:34:00,34.0,20:32:00,20:42:00,B27 A,151.0,28.0,14.76,0.09,10.0,24.84
2026-04-02_rep_3,TB2582,16:34:00,8.0,16:56:00,16:58:00,B29 A,43.0,18.0,2.84,0.09,2.0,4.93
2026-04-02_rep_3,TB2654,23:14:00,-4.0,23:26:00,23:40:00,B9  A,151.0,20.0,10.92,1.53,14.0,26.45
2026-04-02_rep_3,TB2662,00:35:00,29.0,01:31:00,01:36:00,B28 A,180.0,32.0,14.18,0.08,5.0,19.25
2026-04-02_rep_3,TB3202,16:44:00,142.0,19:23:00,19:26:00,B11 A,128.0,21.0,8.68,0.12,3.0,11.8
2026-04-02_rep_3,TG934,09:21:00,-5.0,09:38:00,09:58:00,B38 A,249.0,28.0,21.04,0.1,20.0,41.14
2026-04-02_rep_3,TK1937,12:20:00,-30.0,12:11:00,12:18:00,B30 A,123.0,31.0,11.47,0.13,7.0,18.6
2026-04-02_rep_3,TK1939,19:38:00,16.0,20:13:00,20:34:00,B28 A,169.0,27.0,11.45,0.1,21.0,32.55
2026-04-02_rep_3,TK1941,23:34:00,7.0,23:50:00,23:58:00,B7  A,127.0,18.0,8.6,1.22,8.0,17.81
2026-04-02_rep_3,TK1943,15:30:00,-26.0,15:19:00,15:26:00,B15 A,97.0,20.0,5.99,0.07,7.0,13.06
2026-04-02_rep_3,TP640,13:06:00,-15.0,13:13:00,13:20:00,A57 ,48.0,28.0,3.62,1.78,7.0,12.4
2026-04-02_rep_3,TP642,17:11:00,1.0,17:31:00,17:41:00,A59 ,130.0,25.0,9.0,1.91,10.0,20.91
2026-04-02_rep_3,TP644,22:10:00,-2.0,22:21:00,22:30:00,A51 ,128.0,18.0,11.98,1.61,9.0,22.59
2026-04-02_rep_3,TP646,02:02:00,84.0,04:00:00,04:05:00,A51 ,54.0,41.0,3.49,2.1,5.0,10.59
2026-04-02_rep_3,TU954,12:41:00,-16.0,13:09:00,13:11:00,B28 A,52.0,50.0,4.2,0.1,2.0,6.3
2026-04-02_rep_3,UA950,09:21:00,-36.0,09:03:00,09:29:00,B5  A,163.0,24.0,17.97,1.89,26.0,45.86
2026-04-02_rep_3,UA972,11:05:00,-19.0,11:00:00,11:39:00,B38 A,171.0,19.0,15.72,0.06,39.0,54.78
2026-04-02_rep_3,UA994,09:51:00,97.0,11:44:00,12:09:00,B40 A,135.0,22.0,9.81,0.11,25.0,34.92
2026-04-02_rep_3,UX1171,11:53:00,36.0,12:44:00,12:50:00,A47 ,53.0,23.0,3.32,1.44,6.0,10.76
2026-04-02_rep_3,UX1173,19:46:00,26.0,20:33:00,20:37:00,A53 ,44.0,27.0,2.73,2.11,4.0,8.85
2026-04-02_rep_3,VF67,18:15:00,-30.0,18:00:00,18:09:00,B15 A,164.0,20.0,15.4,0.1,9.0,24.5
2026-04-02_rep_3,VY1334,13:16:00,5.0,13:52:00,13:53:00,A43 ,23.0,37.0,1.77,1.64,1.0,4.41
2026-04-02_rep_3,VY1470,21:30:00,-13.0,21:35:00,21:37:00,A47 ,12.0,23.0,1.45,1.56,2.0,5.0
2026-04-02_rep_3,VY2150,12:31:00,-12.0,12:40:00,12:42:00,A59 ,13.0,27.0,1.1,1.99,2.0,5.09
2026-04-02_rep_3,VY2152,23:26:00,18.0,23:50:00,23:51:00,A45 ,15.0,12.0,1.21,1.71,1.0,3.92
2026-04-02_rep_3,VY6814,16:45:00,12.0,17:10:00,17:11:00,A47 ,23.0,18.0,1.72,1.72,1.0,4.44
2026-04-02_rep_3,VY8978,12:07:00,-6.0,12:12:00,12:15:00,A43 ,26.0,18.0,2.25,1.77,3.0,7.02
2026-04-02_rep_3,VY8980,11:54:00,-11.0,11:53:00,11:54:00,A42 ,7.0,19.0,0.57,1.86,1.0,3.43
2026-04-02_rep_3,VY8982,19:30:00,15.0,19:57:00,20:00:00,A43 ,75.0,17.0,6.98,1.81,3.0,11.78
2026-04-02_rep_3,VY8984,22:55:00,0.0,23:03:00,23:04:00,A43 ,28.0,13.0,2.01,1.79,1.0,4.8
2026-04-02_rep_3,VY8986,16:35:00,10.0,16:58:00,16:59:00,A45 ,20.0,18.0,1.57,1.4,1.0,3.96
2026-04-02_rep_4,AC826,09:55:00,-41.0,09:26:00,09:54:00,B29 A,112.0,17.0,10.79,0.11,28.0,38.9
2026-04-02_rep_4,AC832,09:18:00,-33.0,09:06:00,09:59:00,B28 A,110.0,29.0,8.4,0.11,53.0,61.5
2026-04-02_rep_4,AY1541,11:25:00,-21.0,11:19:00,11:32:00,A55 ,89.0,20.0,8.54,1.45,13.0,22.99
2026-04-02_rep_4,AY1545,20:25:00,-2.0,20:37:00,20:40:00,A57 ,48.0,19.0,3.6,1.45,3.0,8.05
2026-04-02_rep_4,AY1549,00:40:00,-25.0,00:26:00,00:28:00,A57 ,20.0,16.0,2.45,1.5,2.0,5.95
2026-04-02_rep_4,AZ148,10:41:00,-10.0,10:48:00,10:51:00,A47 ,23.0,23.0,1.71,1.92,3.0,6.63
2026-04-02_rep_4,AZ154,21:10:00,-5.0,21:33:00,21:35:00,A55 ,33.0,33.0,2.33,1.84,2.0,6.17
2026-04-02_rep_4,AZ160,20:06:00,-3.0,20:31:00,20:39:00,A47 ,80.0,34.0,6.41,2.17,8.0,16.58
2026-04-02_rep_4,BA384,12:00:00,-9.0,12:21:00,12:37:00,B32 A,67.0,35.0,5.0,0.1,16.0,21.1
2026-04-02_rep_4,BA386,17:10:00,-6.0,17:29:00,17:38:00,B7  A,122.0,30.0,9.35,1.75,9.0,20.1
2026-04-02_rep_4,BA390,22:31:00,-10.0,22:35:00,22:37:00,B14 A,81.0,20.0,6.77,0.11,2.0,8.88
2026-04-02_rep_4,BT603,20:42:00,14.0,21:08:00,21:11:00,A62 ,16.0,24.0,1.41,1.6,3.0,6.0
2026-04-02_rep_4,CX275,10:29:00,-10.0,10:39:00,11:38:00,B31 A,264.0,24.0,19.58,0.1,59.0,78.68
2026-04-02_rep_4,DL140,09:45:00,-13.0,09:49:00,10:26:00,B30 A,175.0,22.0,16.27,0.11,37.0,53.38
2026-04-02_rep_4,EI638,22:49:00,-6.0,23:11:00,23:17:00,B40 A,127.0,32.0,11.07,0.1,6.0,17.18
2026-04-02_rep_4,EK181,21:34:00,-10.0,21:37:00,22:04:00,B31 A,185.0,17.0,13.55,0.1,27.0,40.65
2026-04-02_rep_4,ET750,09:11:00,2.0,09:42:00,10:46:00,B40 A,421.0,35.0,32.41,0.1,64.0,96.51
2026-04-02_rep_4,EY57,10:07:00,97.0,12:31:00,12:43:00,B5  A,159.0,54.0,13.58,2.3,12.0,27.88
2026-04-02_rep_4,FB407,21:50:00,-12.0,22:00:00,22:01:00,A57 ,8.0,27.0,0.73,1.94,1.0,3.67
2026-04-02_rep_4,FI554,14:59:00,46.0,16:03:00,16:06:00,A59 ,83.0,22.0,6.5,1.67,3.0,11.18
2026-04-02_rep_4,GQ800,15:11:00,-1.0,15:21:00,15:23:00,A57 ,27.0,17.0,2.44,1.81,2.0,6.25
2026-04-02_rep_4,HV9034,02:25:00,35.0,03:16:00,03:20:00,A65 ,60.0,81.0,5.2,1.89,4.0,11.09
2026-04-02_rep_4,HV9078,01:21:00,33.0,03:10:00,03:12:00,A62 ,29.0,82.0,1.82,1.71,2.0,5.53
2026-04-02_rep_4,IB597,13:31:00,-7.0,13:37:00,13:39:00,A59 ,69.0,19.0,8.33,2.03,2.0,12.35
2026-04-02_rep_4,IB601,21:06:00,-4.0,21:16:00,21:21:00,A51 ,92.0,20.0,7.7,1.49,5.0,14.19
2026-04-02_rep_4,IB603,00:35:00,-4.0,00:47:00,00:49:00,A49 ,63.0,21.0,5.86,1.82,2.0,9.69
2026-04-02_rep_4,KM420,21:20:00,-23.0,21:20:00,21:26:00,A67 ,156.0,28.0,11.75,2.23,6.0,19.98
2026-04-02_rep_4,LH1004,09:50:00,3.0,10:20:00,10:27:00,A43 ,33.0,32.0,2.24,1.73,7.0,10.97
2026-04-02_rep_4,LH2282,10:01:00,-5.0,10:14:00,10:17:00,A45 ,4.0,24.0,0.38,1.61,3.0,4.99
2026-04-02_rep_4,LO231,00:40:00,-11.0,00:47:00,00:49:00,A53 ,14.0,23.0,0.97,1.14,2.0,4.11
2026-04-02_rep_4,LO233,20:48:00,10.0,21:14:00,21:16:00,A44 ,33.0,24.0,2.32,1.71,2.0,6.03
2026-04-02_rep_4,LO235,11:31:00,-19.0,11:25:00,11:27:00,A57 ,13.0,19.0,0.88,2.28,2.0,5.16
2026-04-02_rep_4,LO237,18:05:00,-19.0,18:04:00,18:06:00,A53 ,34.0,23.0,2.75,1.84,2.0,6.59
2026-04-02_rep_4,LX780,16:21:00,-3.0,16:33:00,16:35:00,A43 ,60.0,21.0,4.3,1.93,2.0,8.22
2026-04-02_rep_4,LX786,10:56:00,-1.0,11:22:00,11:34:00,A43 ,65.0,33.0,5.1,1.83,12.0,18.93
2026-04-02_rep_4,LX788,20:39:00,-6.0,20:53:00,20:56:00,A45 ,66.0,24.0,4.78,1.85,3.0,9.63
2026-04-02_rep_4,MS725,16:50:00,3.0,17:09:00,17:26:00,B5  A,178.0,21.0,12.34,1.82,17.0,31.15
2026-04-02_rep_4,OS291,11:10:00,-10.0,11:14:00,11:17:00,A45 ,36.0,19.0,2.17,1.57,3.0,6.74
2026-04-02_rep_4,OS295,18:50:00,-13.0,18:49:00,18:51:00,A45 ,18.0,17.0,1.44,1.56,2.0,4.99
2026-04-02_rep_4,OS297,21:15:00,-12.0,21:19:00,21:22:00,A43 ,20.0,21.0,1.47,1.6,3.0,6.07
2026-04-02_rep_4,OU4456,21:56:00,-19.0,21:46:00,21:47:00,A53 ,4.0,15.0,0.31,1.3,1.0,2.61
2026-04-02_rep_4,QS1002,20:50:00,-7.0,20:54:00,21:05:00,A59 ,13.0,16.0,1.13,1.58,11.0,13.7
2026-04-02_rep_4,RJ141,17:21:00,-29.0,17:13:00,17:23:00,B11 A,159.0,27.0,14.2,0.1,10.0,24.3
2026-04-02_rep_4,RO373,20:10:00,4.0,20:35:00,20:37:00,A49 ,16.0,26.0,1.27,1.89,2.0,5.16
2026-04-02_rep_4,SK1589,20:20:00,-16.0,20:20:00,20:28:00,A61 ,91.0,21.0,6.48,1.87,8.0,16.36
2026-04-02_rep_4,SK1593,16:41:00,-9.0,16:50:00,16:53:00,A53 ,72.0,24.0,5.86,1.59,3.0,10.45
2026-04-02_rep_4,SK4743,12:46:00,-3.0,13:05:00,13:07:00,A53 ,66.0,28.0,5.29,1.49,2.0,8.79
2026-04-02_rep_4,SK589,12:23:00,-22.0,12:25:00,12:43:00,A52 ,65.0,32.0,5.36,1.82,18.0,25.18
2026-04-02_rep_4,SK593,11:54:00,-9.0,11:59:00,12:02:00,A53 ,61.0,28.0,3.71,1.5,3.0,8.21
2026-04-02_rep_4,SK597,21:55:00,-12.0,21:57:00,21:58:00,A65 ,16.0,19.0,1.57,1.97,1.0,4.54
2026-04-02_rep_4,SN1028,21:09:00,-30.0,21:03:00,21:09:00,A54 ,112.0,28.0,10.41,2.0,6.0,18.41
2026-04-02_rep_4,SN2096,22:05:00,18.0,22:58:00,23:04:00,B28 A,39.0,40.0,3.36,0.08,6.0,9.44
2026-04-02_rep_4,SN2258,15:32:00,-5.0,15:45:00,15:47:00,A56 ,51.0,25.0,3.97,1.47,2.0,7.44
2026-04-02_rep_4,SN2260,21:55:00,-22.0,21:44:00,21:46:00,A40 ,17.0,21.0,1.43,1.16,2.0,4.59
2026-04-02_rep_4,SN2264,01:13:00,162.0,04:13:00,04:14:00,A46 ,5.0,21.0,0.54,1.55,1.0,3.08
2026-04-02_rep_4,SN2268,10:30:00,-19.0,10:29:00,10:33:00,A59 ,1.0,23.0,0.07,1.63,4.0,5.7
2026-04-02_rep_4,SN2288,10:49:00,5.0,11:23:00,11:25:00,A40 ,36.0,33.0,3.73,2.21,2.0,7.93
2026-04-02_rep_4,SN2292,17:13:00,-4.0,17:33:00,17:36:00,A56 ,40.0,32.0,3.32,1.7,3.0,8.03
2026-04-02_rep_4,SN2294,21:58:00,3.0,22:27:00,22:35:00,A46 ,7.0,34.0,0.45,1.73,8.0,10.18
2026-04-02_rep_4,SN2298,10:51:00,0.0,11:16:00,11:17:00,A51 ,7.0,31.0,0.71,1.85,1.0,3.56
2026-04-02_rep_4,SN2318,22:13:00,8.0,22:42:00,22:46:00,A54 ,33.0,34.0,2.74,2.31,4.0,9.05
2026-04-02_rep_4,SN2324,10:43:00,3.0,11:27:00,11:28:00,A50 ,16.0,44.0,1.22,1.69,1.0,3.91
2026-04-02_rep_4,SN241,07:57:00,-14.0,08:29:00,08:41:00,B30 A,11.0,53.0,0.94,0.12,12.0,13.06
2026-04-02_rep_4,SN2556,22:24:00,-12.0,22:30:00,22:32:00,A62 ,12.0,32.0,1.01,1.43,2.0,4.44
2026-04-02_rep_4,SN2580,12:01:00,-4.0,12:15:00,12:18:00,A49 ,6.0,24.0,0.51,1.83,3.0,5.34
2026-04-02_rep_4,SN2582,15:10:00,-14.0,15:24:00,15:26:00,A55 ,23.0,33.0,2.06,1.6,2.0,5.66
2026-04-02_rep_4,SN2588,22:15:00,-23.0,22:06:00,22:07:00,A61 ,23.0,19.0,2.23,1.43,1.0,4.65
2026-04-02_rep_4,SN2590,00:22:00,-30.0,00:20:00,00:21:00,A60 ,11.0,35.0,0.81,1.97,1.0,3.78
2026-04-02_rep_4,SN2592,10:27:00,13.0,11:04:00,11:05:00,A42 ,2.0,31.0,0.22,1.56,1.0,2.78
2026-04-02_rep_4,SN2608,12:21:00,-2.0,12:44:00,12:47:00,A50 ,31.0,36.0,2.58,1.82,3.0,7.39
2026-04-02_rep_4,SN2610,14:53:00,-12.0,14:56:00,14:59:00,A50 ,48.0,23.0,3.27,1.42,3.0,7.7
2026-04-02_rep_4,SN2612,15:45:00,-7.0,15:55:00,15:57:00,A61 ,56.0,22.0,4.26,1.65,2.0,7.9
2026-04-02_rep_4,SN2614,19:36:00,12.0,20:18:00,20:20:00,A60 ,33.0,36.0,2.37,1.49,2.0,5.86
2026-04-02_rep_4,SN2618,00:39:00,-7.0,00:43:00,00:45:00,A61 ,42.0,15.0,3.14,1.31,2.0,6.44
2026-04-02_rep_4,SN2624,14:56:00,-12.0,15:03:00,15:05:00,A60 ,27.0,25.0,2.56,1.42,2.0,5.98
2026-04-02_rep_4,SN2630,10:18:00,-7.0,10:29:00,10:36:00,A48 ,6.0,21.0,0.41,1.84,7.0,9.26
2026-04-02_rep_4,SN2642,12:27:00,-5.0,12:46:00,12:47:00,A60 ,19.0,31.0,1.31,1.66,1.0,3.98
2026-04-02_rep_4,SN2644,15:13:00,-8.0,15:17:00,15:21:00,A46 ,36.0,15.0,2.78,1.74,4.0,8.53
2026-04-02_rep_4,SN2648,19:21:00,-7.0,19:28:00,19:31:00,A42 ,67.0,20.0,7.14,1.48,3.0,11.62
2026-04-02_rep_4,SN2650,22:02:00,-10.0,22:04:00,22:07:00,A52 ,28.0,19.0,2.69,1.52,3.0,7.21
2026-04-02_rep_4,SN2652,01:15:00,2.0,01:30:00,01:31:00,A59 ,27.0,18.0,1.93,1.71,1.0,4.64
2026-04-02_rep_4,SN2712,11:47:00,9.0,12:32:00,12:33:00,A46 ,11.0,48.0,0.82,1.38,1.0,3.2
2026-04-02_rep_4,SN2714,14:49:00,4.0,15:18:00,15:21:00,A44 ,61.0,29.0,4.92,1.27,3.0,9.19
2026-04-02_rep_4,SN2722,20:34:00,-8.0,20:40:00,20:42:00,A52 ,35.0,18.0,2.61,1.66,2.0,6.27
2026-04-02_rep_4,SN2724,00:34:00,36.0,01:47:00,01:50:00,A69 ,49.0,41.0,3.43,1.53,3.0,7.96
2026-04-02_rep_4,SN2726,10:24:00,-3.0,10:47:00,10:49:00,A52 ,14.0,30.0,1.31,1.87,2.0,5.18
2026-04-02_rep_4,SN2730,12:26:00,-9.0,12:41:00,12:47:00,A58 ,44.0,35.0,3.07,2.5,6.0,11.57
2026-04-02_rep_4,SN2732,23:35:00,-13.0,23:35:00,23:41:00,A51 ,72.0,18.0,7.31,1.39,6.0,14.69
2026-04-02_rep_4,SN2810,15:24:00,-11.0,15:29:00,15:30:00,A54 ,13.0,20.0,1.05,2.05,1.0,4.1
2026-04-02_rep_4,SN2812,22:22:00,-24.0,22:10:00,22:12:00,A58 ,34.0,19.0,2.22,1.47,2.0,5.68
2026-04-02_rep_4,SN2814,00:50:00,-23.0,00:34:00,00:35:00,A55 ,9.0,12.0,0.78,1.45,1.0,3.24
2026-04-02_rep_4,SN2816,10:28:00,0.0,10:56:00,10:57:00,A60 ,10.0,36.0,0.98,1.68,1.0,3.66
2026-04-02_rep_4,SN2826,22:19:00,1.0,22:36:00,22:38:00,A56 ,46.0,30.0,3.86,1.55,2.0,7.41
2026-04-02_rep_4,SN2830,10:43:00,0.0,11:04:00,11:05:00,A46 ,20.0,29.0,1.81,1.19,1.0,4.0
2026-04-02_rep_4,SN2902,13:14:00,-24.0,13:02:00,13:05:00,A56 ,29.0,21.0,1.97,1.83,3.0,6.8
2026-04-02_rep_4,SN2906,22:02:00,-19.0,22:04:00,22:06:00,A50 ,66.0,28.0,4.73,1.93,2.0,8.67
2026-04-02_rep_4,SN2908,00:53:00,-12.0,00:55:00,00:57:00,A66 ,38.0,17.0,3.53,1.89,2.0,7.41
2026-04-02_rep_4,SN3126,20:04:00,48.0,21:17:00,21:21:00,A48 ,70.0,29.0,4.94,1.75,4.0,10.69
2026-04-02_rep_4,SN3132,19:43:00,-14.0,19:53:00,19:55:00,A44 ,31.0,27.0,3.06,1.28,2.0,6.34
2026-04-02_rep_4,SN3140,15:44:00,20.0,16:16:00,16:18:00,A58 ,23.0,16.0,1.53,1.99,2.0,5.52
2026-04-02_rep_4,SN3146,13:08:00,-6.0,13:20:00,13:22:00,A48 ,6.0,26.0,0.39,2.18,2.0,4.58
2026-04-02_rep_4,SN3148,16:52:00,-9.0,16:57:00,17:00:00,A44 ,63.0,21.0,7.6,1.6,3.0,12.2
2026-04-02_rep_4,SN3150,22:27:00,16.0,23:05:00,23:07:00,A66 ,35.0,29.0,3.79,1.89,2.0,7.68
2026-04-02_rep_4,SN3154,12:19:00,-14.0,12:22:00,12:24:00,A44 ,24.0,26.0,1.86,1.69,2.0,5.55
2026-04-02_rep_4,SN3160,01:18:00,-18.0,01:08:00,01:09:00,A54 ,14.0,11.0,1.01,1.46,1.0,3.47
2026-04-02_rep_4,SN3170,17:24:00,0.0,17:43:00,17:56:00,A52 ,52.0,23.0,4.59,1.84,13.0,19.43
2026-04-02_rep_4,SN3176,14:33:00,108.0,16:46:00,16:49:00,A40 ,81.0,33.0,5.71,1.75,3.0,10.46
2026-04-02_rep_4,SN3182,22:27:00,-1.0,22:56:00,22:57:00,A48 ,37.0,37.0,2.83,1.98,1.0,5.81
2026-04-02_rep_4,SN3184,01:19:00,13.0,01:47:00,01:51:00,A64 ,19.0,19.0,2.08,1.6,4.0,7.68
2026-04-02_rep_4,SN3202,16:23:00,10.0,17:07:00,17:14:00,A48 ,89.0,37.0,7.46,1.86,7.0,16.32
2026-04-02_rep_4,SN3208,10:45:00,-10.0,10:53:00,10:58:00,A53 ,4.0,23.0,0.33,1.85,5.0,7.17
2026-04-02_rep_4,SN3246,19:53:00,-11.0,20:08:00,20:11:00,A46 ,16.0,29.0,1.33,1.72,3.0,6.06
2026-04-02_rep_4,SN3326,04:23:00,5.0,04:41:00,05:06:00,B37 A,140.0,16.0,12.93,0.1,25.0,38.03
2026-04-02_rep_4,SN3344,22:23:00,-10.0,22:37:00,22:41:00,A64 ,66.0,32.0,5.18,1.6,4.0,10.78
2026-04-02_rep_4,SN358,08:21:00,3.0,08:42:00,09:09:00,B14 A,112.0,24.0,9.65,0.12,27.0,36.76
2026-04-02_rep_4,SN3588,16:42:00,6.0,17:06:00,17:09:00,A54 ,4.0,25.0,0.27,2.08,3.0,5.35
2026-04-02_rep_4,SN3594,10:33:00,-1.0,10:50:00,10:58:00,A56 ,6.0,21.0,0.47,1.53,8.0,10.0
2026-04-02_rep_4,SN3598,17:18:00,-11.0,17:19:00,17:20:00,A42 ,25.0,15.0,1.66,1.79,1.0,4.45
2026-04-02_rep_4,SN3618,17:35:00,-8.0,17:42:00,17:44:00,A43 ,61.0,20.0,4.88,1.74,2.0,8.61
2026-04-02_rep_4,SN3622,20:17:00,-17.0,20:15:00,20:16:00,A50 ,35.0,22.0,2.73,1.6,1.0,5.33
2026-04-02_rep_4,SN3632,11:36:00,-4.0,11:50:00,12:00:00,A47 ,3.0,24.0,0.22,1.49,10.0,11.71
2026-04-02_rep_4,SN3634,13:04:00,-26.0,12:57:00,12:59:00,A54 ,9.0,28.0,0.63,2.07,2.0,4.7
2026-04-02_rep_4,SN3668,15:58:00,20.0,16:30:00,16:33:00,A62 ,35.0,20.0,2.4,1.61,3.0,7.01
2026-04-02_rep_4,SN3676,10:40:00,-8.0,10:50:00,10:54:00,A49 ,7.0,23.0,0.51,1.32,4.0,5.83
2026-04-02_rep_4,SN369,07:08:00,18.0,07:45:00,08:28:00,B37 A,68.0,22.0,5.09,0.09,43.0,48.18
2026-04-02_rep_4,SN3698,16:38:00,4.0,17:05:00,17:10:00,A50 ,63.0,31.0,5.3,1.32,5.0,11.62
2026-04-02_rep_4,SN3704,19:25:00,-3.0,19:38:00,19:40:00,A40 ,43.0,26.0,3.5,1.52,2.0,7.02
2026-04-02_rep_4,SN3706,01:29:00,19.0,03:03:00,03:05:00,A58 ,35.0,79.0,2.85,1.76,2.0,6.61
2026-04-02_rep_4,SN3708,09:47:00,-7.0,09:53:00,09:54:00,A58 ,33.0,20.0,2.78,2.03,1.0,5.81
2026-04-02_rep_4,SN3712,20:51:00,7.0,21:16:00,21:19:00,A42 ,20.0,29.0,1.27,1.43,3.0,5.71
2026-04-02_rep_4,SN3728,22:00:00,58.0,23:16:00,23:18:00,A59 ,17.0,23.0,1.14,1.65,2.0,4.79
2026-04-02_rep_4,SN3730,01:13:00,22.0,01:46:00,01:47:00,A52 ,15.0,14.0,1.63,1.1,1.0,3.73
2026-04-02_rep_4,SN3732,10:38:00,-1.0,11:02:00,11:11:00,A54 ,30.0,28.0,2.33,2.36,9.0,13.68
2026-04-02_rep_4,SN3734,14:53:00,7.0,15:29:00,15:30:00,A48 ,63.0,32.0,7.24,1.78,1.0,10.03
2026-04-02_rep_4,SN3736,20:33:00,108.0,22:57:00,23:02:00,A68 ,58.0,44.0,4.61,1.61,5.0,11.22
2026-04-02_rep_4,SN3738,01:14:00,-8.0,01:28:00,01:30:00,A67 ,67.0,26.0,4.94,1.57,2.0,8.52
2026-04-02_rep_4,SN3752,21:34:00,39.0,22:34:00,22:37:00,A60 ,71.0,35.0,4.98,1.55,3.0,9.52
2026-04-02_rep_4,SN3772,13:33:00,62.0,14:45:00,14:47:00,A40 ,11.0,13.0,1.03,1.11,2.0,4.15
2026-04-02_rep_4,SN3774,20:00:00,6.0,20:25:00,20:28:00,A64 ,33.0,24.0,3.03,1.75,3.0,7.78
2026-04-02_rep_4,SN3782,01:35:00,103.0,03:43:00,03:50:00,A56 ,115.0,30.0,11.48,2.01,7.0,20.49
2026-04-02_rep_4,SN3810,23:54:00,-2.0,00:03:00,00:08:00,A63 ,15.0,15.0,1.1,1.95,5.0,8.05
2026-04-02_rep_4,SN3812,18:23:00,12.0,19:01:00,19:05:00,A48 ,80.0,34.0,7.27,1.52,4.0,12.79
2026-04-02_rep_4,SN3816,17:47:00,16.0,18:30:00,18:33:00,A46 ,35.0,34.0,2.94,1.55,3.0,7.49
2026-04-02_rep_4,SN3820,01:43:00,85.0,03:24:00,03:26:00,A48 ,36.0,19.0,3.56,2.0,2.0,7.57
2026-04-02_rep_4,SQ304,09:31:00,17.0,10:03:00,10:50:00,B11 A,248.0,21.0,20.26,0.1,47.0,67.35
2026-04-02_rep_4,TB1012,14:35:00,11.0,15:03:00,15:05:00,A47 ,46.0,22.0,3.99,1.46,2.0,7.45
2026-04-02_rep_4,TB1112,14:06:00,10.0,14:33:00,14:37:00,A53 ,78.0,23.0,6.65,1.17,4.0,11.82
2026-04-02_rep_4,TB1552,17:49:00,-8.0,17:53:00,17:55:00,A63 ,36.0,16.0,3.88,1.66,2.0,7.54
2026-04-02_rep_4,TB2524,01:34:00,22.0,03:28:00,03:31:00,B40 A,119.0,96.0,10.3,0.09,3.0,13.39
2026-04-02_rep_4,TB2534,19:34:00,34.0,20:32:00,20:42:00,B27 A,151.0,28.0,10.41,0.1,10.0,20.51
2026-04-02_rep_4,TB2582,16:34:00,8.0,16:56:00,16:58:00,B29 A,43.0,18.0,2.64,0.07,2.0,4.71
2026-04-02_rep_4,TB2654,23:14:00,-4.0,23:26:00,23:40:00,B9  A,151.0,20.0,10.87,2.06,14.0,26.93
2026-04-02_rep_4,TB2662,00:35:00,29.0,01:31:00,01:36:00,B28 A,180.0,32.0,16.75,0.12,5.0,21.86
2026-04-02_rep_4,TB3202,16:44:00,142.0,19:23:00,19:26:00,B11 A,128.0,21.0,9.91,0.1,3.0,13.01
2026-04-02_rep_4,TG934,09:21:00,-5.0,09:38:00,09:58:00,B38 A,249.0,28.0,20.13,0.08,20.0,40.22
2026-04-02_rep_4,TK1937,12:20:00,-30.0,12:11:00,12:18:00,B30 A,123.0,31.0,10.02,0.09,7.0,17.11
2026-04-02_rep_4,TK1939,19:38:00,16.0,20:13:00,20:34:00,B28 A,169.0,27.0,15.96,0.07,21.0,37.04
2026-04-02_rep_4,TK1941,23:34:00,7.0,23:50:00,23:58:00,B7  A,127.0,18.0,9.71,1.41,8.0,19.13
2026-04-02_rep_4,TK1943,15:30:00,-26.0,15:19:00,15:26:00,B15 A,97.0,20.0,7.12,0.09,7.0,14.21
2026-04-02_rep_4,TP640,13:06:00,-15.0,13:13:00,13:20:00,A57 ,48.0,28.0,3.82,1.66,7.0,12.47
2026-04-02_rep_4,TP642,17:11:00,1.0,17:31:00,17:41:00,A59 ,130.0,25.0,9.83,1.25,10.0,21.08
2026-04-02_rep_4,TP644,22:10:00,-2.0,22:21:00,22:30:00,A51 ,128.0,18.0,10.33,1.26,9.0,20.59
2026-04-02_rep_4,TP646,02:02:00,84.0,04:00:00,04:05:00,A51 ,54.0,41.0,3.6,1.99,5.0,10.59
2026-04-02_rep_4,TU954,12:41:00,-16.0,13:09:00,13:11:00,B28 A,52.0,50.0,3.92,0.08,2.0,6.0
2026-04-02_rep_4,UA950,09:21:00,-36.0,09:03:00,09:29:00,B5  A,163.0,24.0,14.19,1.36,26.0,41.55
2026-04-02_rep_4,UA972,11:05:00,-19.0,11:00:00,11:39:00,B38 A,171.0,19.0,11.42,0.11,39.0,50.54
2026-04-02_rep_4,UA994,09:51:00,97.0,11:44:00,12:09:00,B40 A,135.0,22.0,9.54,0.1,25.0,34.65
2026-04-02_rep_4,UX1171,11:53:00,36.0,12:44:00,12:50:00,A47 ,53.0,23.0,4.76,1.69,6.0,12.46
2026-04-02_rep_4,UX1173,19:46:00,26.0,20:33:00,20:37:00,A53 ,44.0,27.0,3.01,2.04,4.0,9.05
2026-04-02_rep_4,VF67,18:15:00,-30.0,18:00:00,18:09:00,B15 A,164.0,20.0,13.28,0.09,9.0,22.37
2026-04-02_rep_4,VY1334,13:16:00,5.0,13:52:00,13:53:00,A43 ,23.0,37.0,1.85,1.43,1.0,4.29
2026-04-02_rep_4,VY1470,21:30:00,-13.0,21:35:00,21:37:00,A47 ,12.0,23.0,0.82,1.85,2.0,4.67
2026-04-02_rep_4,VY2150,12:31:00,-12.0,12:40:00,12:42:00,A59 ,13.0,27.0,1.18,1.55,2.0,4.73
2026-04-02_rep_4,VY2152,23:26:00,18.0,23:50:00,23:51:00,A45 ,15.0,12.0,1.41,1.7,1.0,4.11
2026-04-02_rep_4,VY6814,16:45:00,12.0,17:10:00,17:11:00,A47 ,23.0,18.0,1.6,1.7,1.0,4.3
2026-04-02_rep_4,VY8978,12:07:00,-6.0,12:12:00,12:15:00,A43 ,26.0,18.0,2.18,1.46,3.0,6.63
2026-04-02_rep_4,VY8980,11:54:00,-11.0,11:53:00,11:54:00,A42 ,7.0,19.0,0.77,1.49,1.0,3.26
2026-04-02_rep_4,VY8982,19:30:00,15.0,19:57:00,20:00:00,A43 ,75.0,17.0,6.12,1.67,3.0,10.79
2026-04-02_rep_4,VY8984,22:55:00,0.0,23:03:00,23:04:00,A43 ,28.0,13.0,1.81,1.15,1.0,3.96
2026-04-02_rep_4,VY8986,16:35:00,10.0,16:58:00,16:59:00,A45 ,20.0,18.0,1.9,1.79,1.0,4.69
2026-04-02_rep_5,AC826,09:55:00,-41.0,09:26:00,09:54:00,B29 A,112.0,17.0,8.3,0.13,28.0,36.43
2026-04-02_rep_5,AC832,09:18:00,-33.0,09:06:00,09:59:00,B28 A,110.0,29.0,9.96,0.1,53.0,63.06
2026-04-02_rep_5,AY1541,11:25:00,-21.0,11:19:00,11:32:00,A55 ,89.0,20.0,7.09,1.72,13.0,21.81
2026-04-02_rep_5,AY1545,20:25:00,-2.0,20:37:00,20:40:00,A57 ,48.0,19.0,3.91,1.72,3.0,8.63
2026-04-02_rep_5,AY1549,00:40:00,-25.0,00:26:00,00:28:00,A57 ,20.0,16.0,1.77,1.75,2.0,5.52
2026-04-02_rep_5,AZ148,10:41:00,-10.0,10:48:00,10:51:00,A47 ,23.0,23.0,1.75,1.47,3.0,6.23
2026-04-02_rep_5,AZ154,21:10:00,-5.0,21:33:00,21:35:00,A55 ,33.0,33.0,2.98,1.5,2.0,6.48
2026-04-02_rep_5,AZ160,20:06:00,-3.0,20:31:00,20:39:00,A47 ,80.0,34.0,7.99,1.98,8.0,17.96
2026-04-02_rep_5,BA384,12:00:00,-9.0,12:21:00,12:37:00,B32 A,67.0,35.0,4.7,0.1,16.0,20.8
2026-04-02_rep_5,BA386,17:10:00,-6.0,17:29:00,17:38:00,B7  A,122.0,30.0,9.54,2.04,9.0,20.58
2026-04-02_rep_5,BA390,22:31:00,-10.0,22:35:00,22:37:00,B14 A,81.0,20.0,5.6,0.1,2.0,7.69
2026-04-02_rep_5,BT603,20:42:00,14.0,21:08:00,21:11:00,A62 ,16.0,24.0,1.63,1.54,3.0,6.17
2026-04-02_rep_5,CX275,10:29:00,-10.0,10:39:00,11:38:00,B31 A,264.0,24.0,20.48,0.12,59.0,79.59
2026-04-02_rep_5,DL140,09:45:00,-13.0,09:49:00,10:26:00,B30 A,175.0,22.0,14.47,0.12,37.0,51.59
2026-04-02_rep_5,EI638,22:49:00,-6.0,23:11:00,23:17:00,B40 A,127.0,32.0,10.86,0.08,6.0,16.95
2026-04-02_rep_5,EK181,21:34:00,-10.0,21:37:00,22:04:00,B31 A,185.0,17.0,12.13,0.1,27.0,39.23
2026-04-02_rep_5,ET750,09:11:00,2.0,09:42:00,10:46:00,B40 A,421.0,35.0,33.28,0.1,64.0,97.38
2026-04-02_rep_5,EY57,10:07:00,97.0,12:31:00,12:43:00,B5  A,159.0,54.0,12.43,1.87,12.0,26.3
2026-04-02_rep_5,FB407,21:50:00,-12.0,22:00:00,22:01:00,A57 ,8.0,27.0,0.63,1.71,1.0,3.34
2026-04-02_rep_5,FI554,14:59:00,46.0,16:03:00,16:06:00,A59 ,83.0,22.0,9.81,1.07,3.0,13.88
2026-04-02_rep_5,GQ800,15:11:00,-1.0,15:21:00,15:23:00,A57 ,27.0,17.0,2.23,1.8,2.0,6.04
2026-04-02_rep_5,HV9034,02:25:00,35.0,03:16:00,03:20:00,A65 ,60.0,81.0,5.65,1.33,4.0,10.98
2026-04-02_rep_5,HV9078,01:21:00,33.0,03:10:00,03:12:00,A62 ,29.0,82.0,2.47,1.51,2.0,5.98
2026-04-02_rep_5,IB597,13:31:00,-7.0,13:37:00,13:39:00,A59 ,69.0,19.0,5.13,1.98,2.0,9.11
2026-04-02_rep_5,IB601,21:06:00,-4.0,21:16:00,21:21:00,A51 ,92.0,20.0,7.7,1.72,5.0,14.42
2026-04-02_rep_5,IB603,00:35:00,-4.0,00:47:00,00:49:00,A49 ,63.0,21.0,5.84,1.43,2.0,9.27
2026-04-02_rep_5,KM420,21:20:00,-23.0,21:20:00,21:26:00,A67 ,156.0,28.0,10.73,1.55,6.0,18.29
2026-04-02_rep_5,LH1004,09:50:00,3.0,10:20:00,10:27:00,A43 ,33.0,32.0,2.85,1.42,7.0,11.27
2026-04-02_rep_5,LH2282,10:01:00,-5.0,10:14:00,10:17:00,A45 ,4.0,24.0,0.36,1.93,3.0,5.29
2026-04-02_rep_5,LO231,00:40:00,-11.0,00:47:00,00:49:00,A53 ,14.0,23.0,1.22,1.89,2.0,5.11
2026-04-02_rep_5,LO233,20:48:00,10.0,21:14:00,21:16:00,A44 ,33.0,24.0,2.17,1.61,2.0,5.79
2026-04-02_rep_5,LO235,11:31:00,-19.0,11:25:00,11:27:00,A57 ,13.0,19.0,1.27,1.57,2.0,4.84
2026-04-02_rep_5,LO237,18:05:00,-19.0,18:04:00,18:06:00,A53 ,34.0,23.0,2.75,1.5,2.0,6.25
2026-04-02_rep_5,LX780,16:21:00,-3.0,16:33:00,16:35:00,A43 ,60.0,21.0,5.04,1.39,2.0,8.44
2026-04-02_rep_5,LX786,10:56:00,-1.0,11:22:00,11:34:00,A43 ,65.0,33.0,5.44,1.76,12.0,19.2
2026-04-02_rep_5,LX788,20:39:00,-6.0,20:53:00,20:56:00,A45 ,66.0,24.0,6.12,1.87,3.0,10.99
2026-04-02_rep_5,MS725,16:50:00,3.0,17:09:00,17:26:00,B5  A,178.0,21.0,17.21,1.82,17.0,36.04
2026-04-02_rep_5,OS291,11:10:00,-10.0,11:14:00,11:17:00,A45 ,36.0,19.0,3.67,1.9,3.0,8.57
2026-04-02_rep_5,OS295,18:50:00,-13.0,18:49:00,18:51:00,A45 ,18.0,17.0,1.21,1.41,2.0,4.62
2026-04-02_rep_5,OS297,21:15:00,-12.0,21:19:00,21:22:00,A43 ,20.0,21.0,1.48,1.83,3.0,6.31
2026-04-02_rep_5,OU4456,21:56:00,-19.0,21:46:00,21:47:00,A53 ,4.0,15.0,0.39,1.72,1.0,3.11
2026-04-02_rep_5,QS1002,20:50:00,-7.0,20:54:00,21:05:00,A59 ,13.0,16.0,0.92,1.39,11.0,13.31
2026-04-02_rep_5,RJ141,17:21:00,-29.0,17:13:00,17:23:00,B11 A,159.0,27.0,11.69,0.11,10.0,21.8
2026-04-02_rep_5,RO373,20:10:00,4.0,20:35:00,20:37:00,A49 ,16.0,26.0,1.45,1.08,2.0,4.53
2026-04-02_rep_5,SK1589,20:20:00,-16.0,20:20:00,20:28:00,A61 ,91.0,21.0,8.88,1.36,8.0,18.25
2026-04-02_rep_5,SK1593,16:41:00,-9.0,16:50:00,16:53:00,A53 ,72.0,24.0,6.25,1.52,3.0,10.77
2026-04-02_rep_5,SK4743,12:46:00,-3.0,13:05:00,13:07:00,A53 ,66.0,28.0,5.44,2.48,2.0,9.92
2026-04-02_rep_5,SK589,12:23:00,-22.0,12:25:00,12:43:00,A52 ,65.0,32.0,4.79,2.32,18.0,25.11
2026-04-02_rep_5,SK593,11:54:00,-9.0,11:59:00,12:02:00,A53 ,61.0,28.0,4.76,1.68,3.0,9.44
2026-04-02_rep_5,SK597,21:55:00,-12.0,21:57:00,21:58:00,A65 ,16.0,19.0,1.12,1.83,1.0,3.95
2026-04-02_rep_5,SN1028,21:09:00,-30.0,21:03:00,21:09:00,A54 ,112.0,28.0,8.95,1.41,6.0,16.36
2026-04-02_rep_5,SN2096,22:05:00,18.0,22:58:00,23:04:00,B28 A,39.0,40.0,2.55,0.12,6.0,8.67
2026-04-02_rep_5,SN2258,15:32:00,-5.0,15:45:00,15:47:00,A56 ,51.0,25.0,3.79,1.62,2.0,7.41
2026-04-02_rep_5,SN2260,21:55:00,-22.0,21:44:00,21:46:00,A40 ,17.0,21.0,1.85,1.55,2.0,5.41
2026-04-02_rep_5,SN2264,01:13:00,162.0,04:13:00,04:14:00,A46 ,5.0,21.0,0.52,1.42,1.0,2.94
2026-04-02_rep_5,SN2268,10:30:00,-19.0,10:29:00,10:33:00,A59 ,1.0,23.0,0.1,1.78,4.0,5.88
2026-04-02_rep_5,SN2288,10:49:00,5.0,11:23:00,11:25:00,A40 ,36.0,33.0,3.53,1.9,2.0,7.43
2026-04-02_rep_5,SN2292,17:13:00,-4.0,17:33:00,17:36:00,A56 ,40.0,32.0,2.41,1.75,3.0,7.16
2026-04-02_rep_5,SN2294,21:58:00,3.0,22:27:00,22:35:00,A46 ,7.0,34.0,0.44,1.38,8.0,9.83
2026-04-02_rep_5,SN2298,10:51:00,0.0,11:16:00,11:17:00,A51 ,7.0,31.0,0.63,2.08,1.0,3.71
2026-04-02_rep_5,SN2318,22:13:00,8.0,22:42:00,22:46:00,A54 ,33.0,34.0,2.99,1.57,4.0,8.56
2026-04-02_rep_5,SN2324,10:43:00,3.0,11:27:00,11:28:00,A50 ,16.0,44.0,1.29,1.63,1.0,3.91
2026-04-02_rep_5,SN241,07:57:00,-14.0,08:29:00,08:41:00,B30 A,11.0,53.0,1.11,0.11,12.0,13.22
2026-04-02_rep_5,SN2556,22:24:00,-12.0,22:30:00,22:32:00,A62 ,12.0,32.0,1.19,1.79,2.0,4.98
2026-04-02_rep_5,SN2580,12:01:00,-4.0,12:15:00,12:18:00,A49 ,6.0,24.0,0.45,1.29,3.0,4.74
2026-04-02_rep_5,SN2582,15:10:00,-14.0,15:24:00,15:26:00,A55 ,23.0,33.0,1.94,1.88,2.0,5.82
2026-04-02_rep_5,SN2588,22:15:00,-23.0,22:06:00,22:07:00,A61 ,23.0,19.0,2.01,2.05,1.0,5.06
2026-04-02_rep_5,SN2590,00:22:00,-30.0,00:20:00,00:21:00,A60 ,11.0,35.0,0.75,2.06,1.0,3.81
2026-04-02_rep_5,SN2592,10:27:00,13.0,11:04:00,11:05:00,A42 ,2.0,31.0,0.15,1.47,1.0,2.62
2026-04-02_rep_5,SN2608,12:21:00,-2.0,12:44:00,12:47:00,A50 ,31.0,36.0,1.87,1.66,3.0,6.53
2026-04-02_rep_5,SN2610,14:53:00,-12.0,14:56:00,14:59:00,A50 ,48.0,23.0,3.59,2.02,3.0,8.61
2026-04-02_rep_5,SN2612,15:45:00,-7.0,15:55:00,15:57:00,A61 ,56.0,22.0,3.96,1.58,2.0,7.54
2026-04-02_rep_5,SN2614,19:36:00,12.0,20:18:00,20:20:00,A60 ,33.0,36.0,2.47,1.53,2.0,6.0
2026-04-02_rep_5,SN2618,00:39:00,-7.0,00:43:00,00:45:00,A61 ,42.0,15.0,2.77,1.69,2.0,6.46
2026-04-02_rep_5,SN2624,14:56:00,-12.0,15:03:00,15:05:00,A60 ,27.0,25.0,2.0,1.54,2.0,5.54
2026-04-02_rep_5,SN2630,10:18:00,-7.0,10:29:00,10:36:00,A48 ,6.0,21.0,0.47,2.07,7.0,9.54
2026-04-02_rep_5,SN2642,12:27:00,-5.0,12:46:00,12:47:00,A60 ,19.0,31.0,1.41,1.75,1.0,4.16
2026-04-02_rep_5,SN2644,15:13:00,-8.0,15:17:00,15:21:00,A46 ,36.0,15.0,2.43,1.69,4.0,8.12
2026-04-02_rep_5,SN2648,19:21:00,-7.0,19:28:00,19:31:00,A42 ,67.0,20.0,5.73,1.7,3.0,10.43
2026-04-02_rep_5,SN2650,22:02:00,-10.0,22:04:00,22:07:00,A52 ,28.0,19.0,2.67,2.41,3.0,8.08
2026-04-02_rep_5,SN2652,01:15:00,2.0,01:30:00,01:31:00,A59 ,27.0,18.0,2.28,1.73,1.0,5.02
2026-04-02_rep_5,SN2712,11:47:00,9.0,12:32:00,12:33:00,A46 ,11.0,48.0,1.03,2.09,1.0,4.12
2026-04-02_rep_5,SN2714,14:49:00,4.0,15:18:00,15:21:00,A44 ,61.0,29.0,4.95,1.69,3.0,9.64
2026-04-02_rep_5,SN2722,20:34:00,-8.0,20:40:00,20:42:00,A52 ,35.0,18.0,2.64,1.81,2.0,6.45
2026-04-02_rep_5,SN2724,00:34:00,36.0,01:47:00,01:50:00,A69 ,49.0,41.0,3.98,2.39,3.0,9.37
2026-04-02_rep_5,SN2726,10:24:00,-3.0,10:47:00,10:49:00,A52 ,14.0,30.0,1.38,1.59,2.0,4.97
2026-04-02_rep_5,SN2730,12:26:00,-9.0,12:41:00,12:47:00,A58 ,44.0,35.0,2.82,2.22,6.0,11.04
2026-04-02_rep_5,SN2732,23:35:00,-13.0,23:35:00,23:41:00,A51 ,72.0,18.0,7.03,1.62,6.0,14.65
2026-04-02_rep_5,SN2810,15:24:00,-11.0,15:29:00,15:30:00,A54 ,13.0,20.0,1.03,1.84,1.0,3.87
2026-04-02_rep_5,SN2812,22:22:00,-24.0,22:10:00,22:12:00,A58 ,34.0,19.0,2.61,1.43,2.0,6.04
2026-04-02_rep_5,SN2814,00:50:00,-23.0,00:34:00,00:35:00,A55 ,9.0,12.0,0.61,1.77,1.0,3.38
2026-04-02_rep_5,SN2816,10:28:00,0.0,10:56:00,10:57:00,A60 ,10.0,36.0,0.92,1.84,1.0,3.75
2026-04-02_rep_5,SN2826,22:19:00,1.0,22:36:00,22:38:00,A56 ,46.0,30.0,3.39,1.56,2.0,6.95
2026-04-02_rep_5,SN2830,10:43:00,0.0,11:04:00,11:05:00,A46 ,20.0,29.0,1.55,1.76,1.0,4.32
2026-04-02_rep_5,SN2902,13:14:00,-24.0,13:02:00,13:05:00,A56 ,29.0,21.0,2.08,1.71,3.0,6.78
2026-04-02_rep_5,SN2906,22:02:00,-19.0,22:04:00,22:06:00,A50 ,66.0,28.0,7.88,1.95,2.0,11.83
2026-04-02_rep_5,SN2908,00:53:00,-12.0,00:55:00,00:57:00,A66 ,38.0,17.0,2.78,1.67,2.0,6.45
2026-04-02_rep_5,SN3126,20:04:00,48.0,21:17:00,21:21:00,A48 ,70.0,29.0,5.17,1.68,4.0,10.86
2026-04-02_rep_5,SN3132,19:43:00,-14.0,19:53:00,19:55:00,A44 ,31.0,27.0,1.89,1.83,2.0,5.72
2026-04-02_rep_5,SN3140,15:44:00,20.0,16:16:00,16:18:00,A58 ,23.0,16.0,2.1,1.42,2.0,5.52
2026-04-02_rep_5,SN3146,13:08:00,-6.0,13:20:00,13:22:00,A48 ,6.0,26.0,0.44,1.49,2.0,3.94
2026-04-02_rep_5,SN3148,16:52:00,-9.0,16:57:00,17:00:00,A44 ,63.0,21.0,4.65,2.35,3.0,10.01
2026-04-02_rep_5,SN3150,22:27:00,16.0,23:05:00,23:07:00,A66 ,35.0,29.0,3.48,1.5,2.0,6.98
2026-04-02_rep_5,SN3154,12:19:00,-14.0,12:22:00,12:24:00,A44 ,24.0,26.0,2.41,2.17,2.0,6.57
2026-04-02_rep_5,SN3160,01:18:00,-18.0,01:08:00,01:09:00,A54 ,14.0,11.0,1.22,1.79,1.0,4.01
2026-04-02_rep_5,SN3170,17:24:00,0.0,17:43:00,17:56:00,A52 ,52.0,23.0,4.15,2.0,13.0,19.15
2026-04-02_rep_5,SN3176,14:33:00,108.0,16:46:00,16:49:00,A40 ,81.0,33.0,7.27,1.5,3.0,11.77
2026-04-02_rep_5,SN3182,22:27:00,-1.0,22:56:00,22:57:00,A48 ,37.0,37.0,3.19,1.68,1.0,5.87
2026-04-02_rep_5,SN3184,01:19:00,13.0,01:47:00,01:51:00,A64 ,19.0,19.0,2.3,1.79,4.0,8.1
2026-04-02_rep_5,SN3202,16:23:00,10.0,17:07:00,17:14:00,A48 ,89.0,37.0,9.46,1.22,7.0,17.68
2026-04-02_rep_5,SN3208,10:45:00,-10.0,10:53:00,10:58:00,A53 ,4.0,23.0,0.26,1.77,5.0,7.03
2026-04-02_rep_5,SN3246,19:53:00,-11.0,20:08:00,20:11:00,A46 ,16.0,29.0,1.02,1.53,3.0,5.55
2026-04-02_rep_5,SN3326,04:23:00,5.0,04:41:00,05:06:00,B37 A,140.0,16.0,12.46,0.1,25.0,37.56
2026-04-02_rep_5,SN3344,22:23:00,-10.0,22:37:00,22:41:00,A64 ,66.0,32.0,4.82,1.84,4.0,10.65
2026-04-02_rep_5,SN358,08:21:00,3.0,08:42:00,09:09:00,B14 A,112.0,24.0,8.39,0.11,27.0,35.5
2026-04-02_rep_5,SN3588,16:42:00,6.0,17:06:00,17:09:00,A54 ,4.0,25.0,0.36,1.65,3.0,5.0
2026-04-02_rep_5,SN3594,10:33:00,-1.0,10:50:00,10:58:00,A56 ,6.0,21.0,0.48,1.54,8.0,10.02
2026-04-02_rep_5,SN3598,17:18:00,-11.0,17:19:00,17:20:00,A42 ,25.0,15.0,2.13,1.67,1.0,4.8
2026-04-02_rep_5,SN3618,17:35:00,-8.0,17:42:00,17:44:00,A43 ,61.0,20.0,4.92,1.82,2.0,8.74
2026-04-02_rep_5,SN3622,20:17:00,-17.0,20:15:00,20:16:00,A50 ,35.0,22.0,2.67,2.07,1.0,5.74
2026-04-02_rep_5,SN3632,11:36:00,-4.0,11:50:00,12:00:00,A47 ,3.0,24.0,0.21,1.49,10.0,11.7
2026-04-02_rep_5,SN3634,13:04:00,-26.0,12:57:00,12:59:00,A54 ,9.0,28.0,0.68,1.72,2.0,4.4
2026-04-02_rep_5,SN3668,15:58:00,20.0,16:30:00,16:33:00,A62 ,35.0,20.0,3.24,1.76,3.0,8.0
2026-04-02_rep_5,SN3676,10:40:00,-8.0,10:50:00,10:54:00,A49 ,7.0,23.0,0.47,1.38,4.0,5.85
2026-04-02_rep_5,SN369,07:08:00,18.0,07:45:00,08:28:00,B37 A,68.0,22.0,4.7,0.1,43.0,47.8
2026-04-02_rep_5,SN3698,16:38:00,4.0,17:05:00,17:10:00,A50 ,63.0,31.0,4.55,1.89,5.0,11.44
2026-04-02_rep_5,SN3704,19:25:00,-3.0,19:38:00,19:40:00,A40 ,43.0,26.0,2.67,1.34,2.0,6.01
2026-04-02_rep_5,SN3706,01:29:00,19.0,03:03:00,03:05:00,A58 ,35.0,79.0,2.59,2.28,2.0,6.87
2026-04-02_rep_5,SN3708,09:47:00,-7.0,09:53:00,09:54:00,A58 ,33.0,20.0,2.45,1.52,1.0,4.97
2026-04-02_rep_5,SN3712,20:51:00,7.0,21:16:00,21:19:00,A42 ,20.0,29.0,1.63,1.49,3.0,6.12
2026-04-02_rep_5,SN3728,22:00:00,58.0,23:16:00,23:18:00,A59 ,17.0,23.0,1.31,1.92,2.0,5.23
2026-04-02_rep_5,SN3730,01:13:00,22.0,01:46:00,01:47:00,A52 ,15.0,14.0,1.21,1.41,1.0,3.62
2026-04-02_rep_5,SN3732,10:38:00,-1.0,11:02:00,11:11:00,A54 ,30.0,28.0,2.37,2.0,9.0,13.37
2026-04-02_rep_5,SN3734,14:53:00,7.0,15:29:00,15:30:00,A48 ,63.0,32.0,5.29,1.65,1.0,7.94
2026-04-02_rep_5,SN3736,20:33:00,108.0,22:57:00,23:02:00,A68 ,58.0,44.0,4.16,1.63,5.0,10.79
2026-04-02_rep_5,SN3738,01:14:00,-8.0,01:28:00,01:30:00,A67 ,67.0,26.0,5.5,1.72,2.0,9.22
2026-04-02_rep_5,SN3752,21:34:00,39.0,22:34:00,22:37:00,A60 ,71.0,35.0,5.66,1.32,3.0,9.97
2026-04-02_rep_5,SN3772,13:33:00,62.0,14:45:00,14:47:00,A40 ,11.0,13.0,1.08,1.59,2.0,4.67
2026-04-02_rep_5,SN3774,20:00:00,6.0,20:25:00,20:28:00,A64 ,33.0,24.0,2.7,1.46,3.0,7.17
2026-04-02_rep_5,SN3782,01:35:00,103.0,03:43:00,03:50:00,A56 ,115.0,30.0,8.25,1.47,7.0,16.71
2026-04-02_rep_5,SN3810,23:54:00,-2.0,00:03:00,00:08:00,A63 ,15.0,15.0,1.02,2.12,5.0,8.14
2026-04-02_rep_5,SN3812,18:23:00,12.0,19:01:00,19:05:00,A48 ,80.0,34.0,5.49,1.66,4.0,11.15
2026-04-02_rep_5,SN3816,17:47:00,16.0,18:30:00,18:33:00,A46 ,35.0,34.0,2.45,1.49,3.0,6.94
2026-04-02_rep_5,SN3820,01:43:00,85.0,03:24:00,03:26:00,A48 ,36.0,19.0,2.48,1.76,2.0,6.25
2026-04-02_rep_5,SQ304,09:31:00,17.0,10:03:00,10:50:00,B11 A,248.0,21.0,14.98,0.08,47.0,62.07
2026-04-02_rep_5,TB1012,14:35:00,11.0,15:03:00,15:05:00,A47 ,46.0,22.0,4.74,1.52,2.0,8.27
2026-04-02_rep_5,TB1112,14:06:00,10.0,14:33:00,14:37:00,A53 ,78.0,23.0,6.11,1.99,4.0,12.1
2026-04-02_rep_5,TB1552,17:49:00,-8.0,17:53:00,17:55:00,A63 ,36.0,16.0,3.43,1.52,2.0,6.96
2026-04-02_rep_5,TB2524,01:34:00,22.0,03:28:00,03:31:00,B40 A,119.0,96.0,9.99,0.13,3.0,13.12
2026-04-02_rep_5,TB2534,19:34:00,34.0,20:32:00,20:42:00,B27 A,151.0,28.0,13.46,0.11,10.0,23.57
2026-04-02_rep_5,TB2582,16:34:00,8.0,16:56:00,16:58:00,B29 A,43.0,18.0,3.21,0.09,2.0,5.3
2026-04-02_rep_5,TB2654,23:14:00,-4.0,23:26:00,23:40:00,B9  A,151.0,20.0,13.2,2.15,14.0,29.35
2026-04-02_rep_5,TB2662,00:35:00,29.0,01:31:00,01:36:00,B28 A,180.0,32.0,13.41,0.09,5.0,18.5
2026-04-02_rep_5,TB3202,16:44:00,142.0,19:23:00,19:26:00,B11 A,128.0,21.0,10.8,0.12,3.0,13.92
2026-04-02_rep_5,TG934,09:21:00,-5.0,09:38:00,09:58:00,B38 A,249.0,28.0,21.08,0.11,20.0,41.19
2026-04-02_rep_5,TK1937,12:20:00,-30.0,12:11:00,12:18:00,B30 A,123.0,31.0,10.14,0.11,7.0,17.26
2026-04-02_rep_5,TK1939,19:38:00,16.0,20:13:00,20:34:00,B28 A,169.0,27.0,13.72,0.08,21.0,34.8
2026-04-02_rep_5,TK1941,23:34:00,7.0,23:50:00,23:58:00,B7  A,127.0,18.0,12.9,2.12,8.0,23.02
2026-04-02_rep_5,TK1943,15:30:00,-26.0,15:19:00,15:26:00,B15 A,97.0,20.0,6.94,0.1,7.0,14.05
2026-04-02_rep_5,TP640,13:06:00,-15.0,13:13:00,13:20:00,A57 ,48.0,28.0,3.23,1.98,7.0,12.21
2026-04-02_rep_5,TP642,17:11:00,1.0,17:31:00,17:41:00,A59 ,130.0,25.0,9.89,1.63,10.0,21.53
2026-04-02_rep_5,TP644,22:10:00,-2.0,22:21:00,22:30:00,A51 ,128.0,18.0,8.53,1.33,9.0,18.86
2026-04-02_rep_5,TP646,02:02:00,84.0,04:00:00,04:05:00,A51 ,54.0,41.0,4.7,1.79,5.0,11.49
2026-04-02_rep_5,TU954,12:41:00,-16.0,13:09:00,13:11:00,B28 A,52.0,50.0,3.9,0.12,2.0,6.02
2026-04-02_rep_5,UA950,09:21:00,-36.0,09:03:00,09:29:00,B5  A,163.0,24.0,12.64,1.73,26.0,40.36
2026-04-02_rep_5,UA972,11:05:00,-19.0,11:00:00,11:39:00,B38 A,171.0,19.0,17.42,0.1,39.0,56.52
2026-04-02_rep_5,UA994,09:51:00,97.0,11:44:00,12:09:00,B40 A,135.0,22.0,12.62,0.1,25.0,37.71
2026-04-02_rep_5,UX1171,11:53:00,36.0,12:44:00,12:50:00,A47 ,53.0,23.0,4.0,1.67,6.0,11.67
2026-04-02_rep_5,UX1173,19:46:00,26.0,20:33:00,20:37:00,A53 ,44.0,27.0,3.17,1.93,4.0,9.1
2026-04-02_rep_5,VF67,18:15:00,-30.0,18:00:00,18:09:00,B15 A,164.0,20.0,13.51,0.11,9.0,22.63
2026-04-02_rep_5,VY1334,13:16:00,5.0,13:52:00,13:53:00,A43 ,23.0,37.0,1.88,1.25,1.0,4.12
2026-04-02_rep_5,VY1470,21:30:00,-13.0,21:35:00,21:37:00,A47 ,12.0,23.0,1.3,1.51,2.0,4.81
2026-04-02_rep_5,VY2150,12:31:00,-12.0,12:40:00,12:42:00,A59 ,13.0,27.0,1.0,1.89,2.0,4.88
2026-04-02_rep_5,VY2152,23:26:00,18.0,23:50:00,23:51:00,A45 ,15.0,12.0,1.8,1.41,1.0,4.21
2026-04-02_rep_5,VY6814,16:45:00,12.0,17:10:00,17:11:00,A47 ,23.0,18.0,1.68,1.61,1.0,4.29
2026-04-02_rep_5,VY8978,12:07:00,-6.0,12:12:00,12:15:00,A43 ,26.0,18.0,2.32,1.79,3.0,7.11
2026-04-02_rep_5,VY8980,11:54:00,-11.0,11:53:00,11:54:00,A42 ,7.0,19.0,0.66,1.66,1.0,3.32
2026-04-02_rep_5,VY8982,19:30:00,15.0,19:57:00,20:00:00,A43 ,75.0,17.0,7.89,1.71,3.0,12.59
2026-04-02_rep_5,VY8984,22:55:00,0.0,23:03:00,23:04:00,A43 ,28.0,13.0,2.03,1.58,1.0,4.61
2026-04-02_rep_5,VY8986,16:35:00,10.0,16:58:00,16:59:00,A45 ,20.0,18.0,1.45,1.41,1.0,3.86
2026-04-03_rep_1,AC832,10:17:00,26.0,11:00:00,11:34:00,B14 A,172.0,24.0,17.99,0.1,34.0,52.09
2026-04-03_rep_1,AY1541,12:26:00,-11.0,12:20:00,12:32:00,A57 ,56.0,11.0,4.83,1.65,12.0,18.49
2026-04-03_rep_1,AY1545,21:24:00,-9.0,21:27:00,21:30:00,A45 ,47.0,16.0,3.59,1.5,3.0,8.09
2026-04-03_rep_1,AZ148,11:42:00,-9.0,11:51:00,11:52:00,A58 ,15.0,25.0,1.26,1.94,1.0,4.2
2026-04-03_rep_1,AZ154,22:09:00,28.0,22:50:00,22:52:00,A67 ,25.0,17.0,2.32,1.89,2.0,6.21
2026-04-03_rep_1,AZ156,13:50:00,11.0,14:13:00,14:34:00,A53 ,24.0,17.0,1.59,1.28,21.0,23.87
2026-04-03_rep_1,AZ160,21:07:00,5.0,21:26:00,21:31:00,A64 ,79.0,21.0,5.22,1.61,5.0,11.83
2026-04-03_rep_1,BA384,13:02:00,-5.0,13:15:00,13:20:00,B30 A,92.0,25.0,7.59,0.1,5.0,12.69
2026-04-03_rep_1,BA386,19:14:00,-5.0,19:33:00,19:37:00,B27 A,90.0,28.0,8.79,0.09,4.0,12.88
2026-04-03_rep_1,BA390,23:45:00,-18.0,23:43:00,23:47:00,B28 A,85.0,21.0,5.72,0.11,4.0,9.83
2026-04-03_rep_1,BT601,12:00:00,0.0,12:18:00,12:20:00,A51 ,12.0,23.0,1.27,1.56,2.0,4.83
2026-04-03_rep_1,BT603,21:38:00,9.0,22:01:00,22:02:00,A60 ,23.0,22.0,1.56,1.56,1.0,4.12
2026-04-03_rep_1,DN403,16:37:00,-1.0,16:48:00,16:49:00,A58 ,29.0,19.0,2.35,1.6,1.0,4.96
2026-04-03_rep_1,EI630,12:45:00,-22.0,12:41:00,12:46:00,B32 A,138.0,23.0,11.43,0.1,5.0,16.53
2026-04-03_rep_1,EI638,23:50:00,2.0,00:14:00,00:17:00,B14 A,96.0,27.0,6.76,0.11,3.0,9.87
2026-04-03_rep_1,EK181,22:35:00,15.0,23:03:00,23:34:00,B31 A,195.0,18.0,14.82,0.1,31.0,45.92
2026-04-03_rep_1,ET750,10:10:00,3.0,10:31:00,11:28:00,B31 A,412.0,23.0,16.1,4.6,57.0,77.7
2026-04-03_rep_1,EY57,11:06:00,6.0,11:32:00,11:44:00,B5  A,194.0,26.0,16.16,1.57,12.0,29.73
2026-04-03_rep_1,FB407,22:51:00,59.0,23:59:00,00:00:00,A49 ,7.0,15.0,0.58,2.13,1.0,3.72
2026-04-03_rep_1,FH8014,18:20:00,-28.0,18:04:00,18:06:00,B9  A,25.0,17.0,1.64,1.36,2.0,5.0
2026-04-03_rep_1,FI554,16:03:00,49.0,17:07:00,17:10:00,A50 ,60.0,23.0,5.11,1.6,3.0,9.71
2026-04-03_rep_1,GQ800,16:11:00,11.0,16:39:00,16:43:00,A54 ,125.0,23.0,9.31,2.19,4.0,15.51
2026-04-03_rep_1,HV9024,00:40:00,0.0,00:58:00,01:01:00,A65 ,32.0,23.0,2.18,1.7,3.0,6.89
2026-04-03_rep_1,IB1299,17:51:00,-4.0,18:01:00,18:02:00,A51 ,37.0,20.0,3.02,2.0,1.0,6.03
2026-04-03_rep_1,IB597,14:29:00,-9.0,14:33:00,14:37:00,A49 ,73.0,17.0,5.57,2.75,4.0,12.32
2026-04-03_rep_1,IB601,22:07:00,71.0,23:28:00,23:30:00,A45 ,57.0,17.0,4.23,1.55,2.0,7.78
2026-04-03_rep_1,IB603,01:36:00,-6.0,01:43:00,01:45:00,A45 ,36.0,19.0,3.09,1.45,2.0,6.55
2026-04-03_rep_1,JU270,12:11:00,-2.0,12:21:00,12:24:00,B7  A,27.0,18.0,2.9,1.67,3.0,7.57
2026-04-03_rep_1,KM420,22:21:00,-23.0,22:13:00,22:16:00,A53 ,104.0,21.0,6.79,1.54,3.0,11.33
2026-04-03_rep_1,LO231,01:41:00,-7.0,01:46:00,01:47:00,A59 ,12.0,18.0,0.9,1.45,1.0,3.34
2026-04-03_rep_1,LO233,21:44:00,-10.0,21:50:00,21:52:00,A56 ,31.0,20.0,2.83,1.97,2.0,6.81
2026-04-03_rep_1,LO235,12:31:00,-27.0,12:22:00,12:24:00,A49 ,6.0,24.0,0.46,1.59,2.0,4.05
2026-04-03_rep_1,LO237,19:06:00,-18.0,19:00:00,19:02:00,A52 ,27.0,18.0,2.03,1.24,2.0,5.26
2026-04-03_rep_1,LX780,17:19:00,8.0,17:42:00,17:44:00,A53 ,57.0,19.0,4.83,1.49,2.0,8.32
2026-04-03_rep_1,LX786,12:05:00,25.0,12:42:00,12:52:00,A52 ,44.0,27.0,3.16,1.91,10.0,15.07
2026-04-03_rep_1,LX788,21:39:00,6.0,22:04:00,22:16:00,A43 ,77.0,23.0,4.83,1.95,12.0,18.78
2026-04-03_rep_1,MS725,18:19:00,12.0,18:46:00,19:01:00,B11 A,176.0,19.0,11.77,0.11,15.0,26.88
2026-04-03_rep_1,OS291,12:10:00,-12.0,12:12:00,12:13:00,A53 ,30.0,19.0,1.94,1.52,1.0,4.46
2026-04-03_rep_1,OS295,19:50:00,-13.0,19:51:00,19:56:00,A45 ,59.0,19.0,4.62,1.48,5.0,11.1
2026-04-03_rep_1,OS297,22:16:00,-10.0,22:24:00,22:26:00,A47 ,22.0,24.0,1.48,1.2,2.0,4.68
2026-04-03_rep_1,OU4456,22:55:00,-7.0,23:05:00,23:06:00,A57 ,34.0,22.0,2.31,1.48,1.0,4.79
2026-04-03_rep_1,OU456,11:50:00,-1.0,11:59:00,12:00:00,A60 ,6.0,20.0,0.45,1.43,1.0,2.88
2026-04-03_rep_1,QS1002,21:51:00,-17.0,21:44:00,21:45:00,A65 ,14.0,16.0,1.33,1.68,1.0,4.01
2026-04-03_rep_1,RO373,20:30:00,-14.0,20:30:00,20:33:00,A53 ,39.0,19.0,2.71,1.77,3.0,7.47
2026-04-03_rep_1,SK1589,21:20:00,-8.0,21:30:00,21:33:00,A47 ,21.0,23.0,1.72,1.56,3.0,6.29
2026-04-03_rep_1,SK1593,17:40:00,-5.0,17:49:00,17:51:00,A45 ,51.0,19.0,5.11,1.37,2.0,8.48
2026-04-03_rep_1,SK1595,21:34:00,-9.0,21:36:00,21:38:00,A49 ,30.0,15.0,1.8,1.59,2.0,5.39
2026-04-03_rep_1,SK4743,13:46:00,4.0,14:08:00,14:12:00,A51 ,55.0,24.0,4.45,1.42,4.0,9.87
2026-04-03_rep_1,SK589,13:21:00,-17.0,13:23:00,13:30:00,A43 ,100.0,25.0,6.77,1.71,7.0,15.48
2026-04-03_rep_1,SK593,12:56:00,-20.0,12:53:00,12:57:00,A60 ,35.0,33.0,3.35,1.73,4.0,9.08
2026-04-03_rep_1,SK597,22:57:00,0.0,23:15:00,23:18:00,A43 ,28.0,25.0,2.15,1.51,3.0,6.66
2026-04-03_rep_1,SN2096,23:04:00,8.0,23:40:00,23:45:00,B30 A,86.0,32.0,6.3,0.08,5.0,11.38
2026-04-03_rep_1,SN2184,11:34:00,-6.0,11:50:00,12:03:00,B29 A,20.0,26.0,1.56,0.11,13.0,14.67
2026-04-03_rep_1,SN2258,16:31:00,-5.0,16:48:00,16:49:00,A47 ,32.0,28.0,2.34,1.42,1.0,4.76
2026-04-03_rep_1,SN2260,22:53:00,3.0,23:06:00,23:08:00,A40 ,34.0,18.0,2.57,1.28,2.0,5.85
2026-04-03_rep_1,SN2264,03:18:00,43.0,04:19:00,04:20:00,A47 ,3.0,86.0,0.26,1.45,1.0,2.72
2026-04-03_rep_1,SN2284,23:11:00,-6.0,23:26:00,23:28:00,A56 ,32.0,27.0,2.83,1.55,2.0,6.39
2026-04-03_rep_1,SN229,08:06:00,74.0,09:41:00,10:22:00,B14 A,144.0,27.0,13.2,0.13,41.0,54.32
2026-04-03_rep_1,SN2292,18:08:00,-12.0,18:12:00,18:14:00,A46 ,44.0,19.0,3.05,1.48,2.0,6.53
2026-04-03_rep_1,SN2294,22:57:00,-22.0,22:47:00,22:49:00,A64 ,41.0,19.0,3.33,2.08,2.0,7.4
2026-04-03_rep_1,SN2318,23:04:00,-9.0,23:14:00,23:16:00,A46 ,29.0,23.0,2.25,1.79,2.0,6.03
2026-04-03_rep_1,SN2324,11:43:00,-5.0,12:05:00,12:07:00,A48 ,13.0,30.0,1.11,1.45,2.0,4.56
2026-04-03_rep_1,SN2372,20:58:00,-21.0,20:52:00,20:53:00,A54 ,29.0,23.0,2.07,1.39,1.0,4.47
2026-04-03_rep_1,SN2548,20:26:00,33.0,21:10:00,21:12:00,A40 ,43.0,17.0,3.14,1.71,2.0,6.85
2026-04-03_rep_1,SN2556,23:14:00,-6.0,23:25:00,23:26:00,A60 ,27.0,21.0,2.18,1.74,1.0,4.92
2026-04-03_rep_1,SN2580,13:10:00,-25.0,13:03:00,13:05:00,A42 ,38.0,33.0,2.6,1.6,2.0,6.2
2026-04-03_rep_1,SN2582,16:10:00,0.0,16:30:00,16:32:00,A60 ,62.0,25.0,4.16,1.97,2.0,8.13
2026-04-03_rep_1,SN2588,23:20:00,5.0,23:36:00,23:37:00,A68 ,18.0,21.0,1.39,2.09,1.0,4.47
2026-04-03_rep_1,SN2590,01:19:00,27.0,02:02:00,02:03:00,A50 ,5.0,20.0,0.46,1.75,1.0,3.21
2026-04-03_rep_1,SN2608,13:27:00,-2.0,13:52:00,13:55:00,A50 ,48.0,44.0,3.69,1.59,3.0,8.29
2026-04-03_rep_1,SN2612,16:45:00,-17.0,16:42:00,16:44:00,A55 ,47.0,19.0,3.1,1.85,2.0,6.95
2026-04-03_rep_1,SN2614,20:36:00,-12.0,20:38:00,20:40:00,A62 ,41.0,20.0,2.95,2.01,2.0,6.96
2026-04-03_rep_1,SN2616,23:45:00,-16.0,23:40:00,23:45:00,A47 ,33.0,16.0,2.23,1.5,5.0,8.73
2026-04-03_rep_1,SN2618,01:40:00,2.0,02:03:00,02:05:00,A47 ,76.0,26.0,6.12,2.04,2.0,10.17
2026-04-03_rep_1,SN2624,15:55:00,-8.0,16:00:00,16:01:00,A45 ,14.0,18.0,1.04,1.76,1.0,3.8
2026-04-03_rep_1,SN2630,11:18:00,-4.0,12:29:00,12:30:00,A50 ,3.0,78.0,0.22,2.24,1.0,3.46
2026-04-03_rep_1,SN2644,16:13:00,-13.0,16:18:00,16:20:00,A44 ,67.0,21.0,5.32,1.59,2.0,8.91
2026-04-03_rep_1,SN2646,19:18:00,7.0,19:37:00,19:40:00,A44 ,43.0,15.0,4.44,1.67,3.0,9.11
2026-04-03_rep_1,SN2648,20:23:00,7.0,20:46:00,20:49:00,A46 ,94.0,24.0,7.29,2.42,3.0,12.71
2026-04-03_rep_1,SN2650,23:01:00,6.0,23:28:00,23:31:00,A48 ,43.0,27.0,3.16,1.13,3.0,7.29
2026-04-03_rep_1,SN2652,02:13:00,-7.0,02:21:00,02:23:00,A60 ,18.0,18.0,1.34,1.33,2.0,4.67
2026-04-03_rep_1,SN2714,15:48:00,8.0,16:28:00,16:30:00,A46 ,60.0,35.0,3.96,1.63,2.0,7.59
2026-04-03_rep_1,SN2722,21:38:00,2.0,22:01:00,22:05:00,A44 ,80.0,29.0,6.9,1.79,4.0,12.69
2026-04-03_rep_1,SN2724,01:34:00,9.0,02:06:00,02:08:00,A66 ,61.0,27.0,5.42,1.9,2.0,9.33
2026-04-03_rep_1,SN2726,11:27:00,-8.0,11:48:00,11:49:00,A42 ,15.0,36.0,1.22,1.98,1.0,4.2
2026-04-03_rep_1,SN2730,13:24:00,22.0,14:05:00,14:07:00,A40 ,38.0,28.0,2.41,1.64,2.0,6.05
2026-04-03_rep_1,SN278,08:43:00,-16.0,08:40:00,09:10:00,B37 A,123.0,16.0,13.39,0.11,30.0,43.5
2026-04-03_rep_1,SN2810,16:24:00,-9.0,16:30:00,16:33:00,A56 ,23.0,19.0,1.5,1.51,3.0,6.01
2026-04-03_rep_1,SN2812,23:24:00,17.0,00:03:00,00:06:00,A50 ,73.0,31.0,5.41,1.81,3.0,10.22
2026-04-03_rep_1,SN2814,01:48:00,-10.0,01:56:00,01:57:00,A62 ,3.0,21.0,0.23,1.6,1.0,2.83
2026-04-03_rep_1,SN2816,11:24:00,-11.0,11:31:00,11:36:00,A56 ,42.0,22.0,3.1,1.76,5.0,9.86
2026-04-03_rep_1,SN2824,17:09:00,67.0,18:32:00,18:34:00,A48 ,55.0,20.0,4.31,1.51,2.0,7.82
2026-04-03_rep_1,SN2826,23:12:00,21.0,23:46:00,23:49:00,A44 ,36.0,20.0,2.45,2.03,3.0,7.49
2026-04-03_rep_1,SN2830,11:39:00,-6.0,11:58:00,12:01:00,A47 ,15.0,29.0,1.7,1.81,3.0,6.51
2026-04-03_rep_1,SN2900,07:39:00,-14.0,07:38:00,07:53:00,B38 A,55.0,17.0,5.72,0.11,15.0,20.83
2026-04-03_rep_1,SN2906,23:02:00,-17.0,22:56:00,22:57:00,A54 ,26.0,18.0,2.91,1.91,1.0,5.83
2026-04-03_rep_1,SN2908,01:53:00,15.0,02:16:00,02:17:00,A48 ,9.0,11.0,0.78,1.85,1.0,3.64
2026-04-03_rep_1,SN3126,21:08:00,-5.0,21:31:00,21:35:00,A48 ,68.0,36.0,6.32,1.76,4.0,12.08
2026-04-03_rep_1,SN3146,14:12:00,-9.0,14:19:00,14:20:00,A52 ,19.0,28.0,1.83,2.13,1.0,4.95
2026-04-03_rep_1,SN3148,17:49:00,-10.0,17:59:00,18:01:00,A54 ,36.0,24.0,2.39,1.65,2.0,6.04
2026-04-03_rep_1,SN3154,13:20:00,-5.0,13:32:00,13:34:00,A48 ,33.0,27.0,2.62,1.81,2.0,6.43
2026-04-03_rep_1,SN3160,02:18:00,10.0,02:46:00,02:48:00,A64 ,21.0,21.0,2.12,1.92,2.0,6.04
2026-04-03_rep_1,SN3176,15:29:00,14.0,16:10:00,16:13:00,A48 ,87.0,31.0,6.9,1.67,3.0,11.56
2026-04-03_rep_1,SN3182,23:29:00,14.0,00:06:00,00:07:00,A58 ,42.0,32.0,3.88,1.66,1.0,6.54
2026-04-03_rep_1,SN3184,02:22:00,0.0,02:40:00,02:43:00,A49 ,97.0,25.0,10.44,1.6,3.0,15.04
2026-04-03_rep_1,SN3202,17:24:00,-9.0,17:38:00,17:41:00,A42 ,70.0,27.0,7.92,1.94,3.0,12.87
2026-04-03_rep_1,SN3208,11:44:00,-10.0,12:03:00,12:05:00,A54 ,41.0,33.0,3.99,1.76,2.0,7.75
2026-04-03_rep_1,SN3246,20:54:00,26.0,21:41:00,21:44:00,A61 ,79.0,25.0,6.96,2.01,3.0,11.97
2026-04-03_rep_1,SN3588,17:39:00,5.0,18:09:00,18:11:00,A58 ,35.0,29.0,2.67,1.51,2.0,6.18
2026-04-03_rep_1,SN3594,11:34:00,-3.0,12:20:00,12:21:00,A46 ,1.0,53.0,0.09,2.0,1.0,3.1
2026-04-03_rep_1,SN3598,18:19:00,1.0,18:36:00,18:39:00,A63 ,63.0,20.0,4.4,1.95,3.0,9.35
2026-04-03_rep_1,SN3604,11:31:00,-3.0,11:43:00,11:45:00,A43 ,16.0,21.0,1.47,1.51,2.0,4.98
2026-04-03_rep_1,SN3618,18:35:00,14.0,19:07:00,19:10:00,A65 ,67.0,23.0,6.92,1.81,3.0,11.73
2026-04-03_rep_1,SN3622,21:13:00,25.0,21:58:00,22:00:00,A58 ,28.0,23.0,2.49,1.76,2.0,6.24
2026-04-03_rep_1,SN3632,12:47:00,-3.0,13:03:00,13:14:00,A44 ,4.0,36.0,0.29,1.73,11.0,13.02
2026-04-03_rep_1,SN3634,14:04:00,8.0,14:30:00,14:40:00,A60 ,3.0,27.0,0.25,1.45,10.0,11.7
2026-04-03_rep_1,SN3668,16:55:00,-4.0,17:13:00,17:15:00,A57 ,45.0,27.0,3.03,1.62,2.0,6.65
2026-04-03_rep_1,SN3676,11:41:00,0.0,12:12:00,12:13:00,A45 ,15.0,37.0,0.89,1.65,1.0,3.54
2026-04-03_rep_1,SN3698,17:36:00,39.0,18:35:00,18:37:00,A60 ,46.0,26.0,3.0,1.44,2.0,6.44
2026-04-03_rep_1,SN3704,20:18:00,89.0,22:10:00,22:12:00,A50 ,96.0,26.0,8.84,1.68,2.0,12.52
2026-04-03_rep_1,SN3706,02:29:00,19.0,04:07:00,04:12:00,A58 ,62.0,83.0,4.05,1.84,5.0,10.89
2026-04-03_rep_1,SN3708,10:44:00,34.0,11:45:00,11:51:00,A52 ,38.0,31.0,2.72,1.8,6.0,10.53
2026-04-03_rep_1,SN3712,21:47:00,7.0,22:14:00,22:15:00,A66 ,15.0,27.0,1.15,1.59,1.0,3.74
2026-04-03_rep_1,SN3722,17:59:00,1.0,18:18:00,18:20:00,A40 ,20.0,22.0,1.76,1.75,2.0,5.51
2026-04-03_rep_1,SN3728,23:03:00,18.0,23:40:00,23:42:00,A42 ,28.0,27.0,2.45,1.73,2.0,6.19
2026-04-03_rep_1,SN3732,11:38:00,10.0,12:01:00,12:04:00,A40 ,9.0,16.0,0.67,1.22,3.0,4.89
2026-04-03_rep_1,SN3734,15:59:00,9.0,16:21:00,16:22:00,A40 ,22.0,22.0,2.33,1.91,1.0,5.24
2026-04-03_rep_1,SN3738,02:13:00,-18.0,02:09:00,02:11:00,A56 ,34.0,17.0,2.97,1.62,2.0,6.59
2026-04-03_rep_1,SN3752,17:39:00,15.0,18:21:00,18:24:00,A61 ,67.0,31.0,4.46,1.81,3.0,9.28
2026-04-03_rep_1,SN3772,14:43:00,-1.0,14:57:00,15:00:00,A42 ,39.0,23.0,3.13,1.8,3.0,7.93
2026-04-03_rep_1,SN3774,01:24:00,1.0,01:39:00,01:41:00,A54 ,49.0,23.0,4.21,1.44,2.0,7.65
2026-04-03_rep_1,SN3782,02:37:00,-13.0,02:55:00,04:11:00,A61 ,104.0,38.0,8.07,1.45,76.0,85.52
2026-04-03_rep_1,SN379,08:11:00,29.0,08:59:00,09:27:00,B28 A,76.0,25.0,7.3,0.1,28.0,35.4
2026-04-03_rep_1,SN3802,19:08:00,-4.0,19:27:00,19:30:00,A40 ,32.0,31.0,2.14,1.78,3.0,6.93
2026-04-03_rep_1,SN3810,23:15:00,-4.0,23:31:00,23:34:00,A61 ,65.0,25.0,7.32,1.77,3.0,12.1
2026-04-03_rep_1,SN3812,19:21:00,19.0,20:00:00,20:02:00,A43 ,35.0,26.0,2.75,1.7,2.0,6.45
2026-04-03_rep_1,SN3816,18:43:00,10.0,19:21:00,19:24:00,A50 ,72.0,31.0,5.12,1.38,3.0,9.49
2026-04-03_rep_1,SN3820,02:47:00,-1.0,04:06:00,04:09:00,A67 ,66.0,87.0,4.46,1.96,3.0,9.41
2026-04-03_rep_1,SN465,09:52:00,27.0,10:45:00,11:00:00,B28 A,78.0,33.0,5.25,0.08,15.0,20.33
2026-04-03_rep_1,SN502,10:46:00,15.0,11:13:00,11:41:00,B30 A,116.0,18.0,11.4,0.1,28.0,39.5
2026-04-03_rep_1,SN516,10:30:00,-35.0,10:08:00,10:23:00,B29 A,21.0,18.0,1.82,0.11,15.0,16.93
2026-04-03_rep_1,TB1012,15:45:00,549.0,01:08:00,01:10:00,A53 ,37.0,19.0,2.78,1.41,2.0,6.19
2026-04-03_rep_1,TB1014,00:26:00,71.0,01:57:00,02:01:00,A69 ,138.0,26.0,9.88,1.36,4.0,15.24
2026-04-03_rep_1,TB1114,00:26:00,5.0,00:56:00,01:00:00,A55 ,99.0,31.0,9.92,1.71,4.0,15.63
2026-04-03_rep_1,TB1419,17:11:00,28.0,17:58:00,18:01:00,A67 ,46.0,25.0,3.6,1.33,3.0,7.92
2026-04-03_rep_1,TB1552,01:31:00,4.0,01:48:00,01:52:00,A63 ,88.0,19.0,8.57,2.61,4.0,15.18
2026-04-03_rep_1,TB1754,02:34:00,6.0,04:02:00,04:06:00,A65 ,127.0,91.0,14.46,2.26,4.0,20.72
2026-04-03_rep_1,TB1912,00:57:00,-27.0,00:48:00,00:51:00,A51 ,111.0,25.0,8.17,1.24,3.0,12.4
2026-04-03_rep_1,TB2042,22:14:00,-8.0,22:25:00,22:30:00,B9  A,136.0,23.0,14.15,1.81,5.0,20.96
2026-04-03_rep_1,TB2582,17:24:00,24.0,18:07:00,18:09:00,B27 A,65.0,23.0,5.06,0.11,2.0,7.16
2026-04-03_rep_1,TB3012,21:35:00,3.0,21:55:00,22:07:00,B7  A,180.0,22.0,14.95,1.67,12.0,28.62
2026-04-03_rep_1,TB3102,21:29:00,12.0,21:59:00,22:07:00,B38 A,112.0,22.0,8.35,0.09,8.0,16.44
2026-04-03_rep_1,TG934,10:19:00,-18.0,10:17:00,10:52:00,B37 A,269.0,20.0,18.26,0.09,35.0,53.34
2026-04-03_rep_1,TK1937,13:29:00,-16.0,13:44:00,13:46:00,B29 A,141.0,50.0,9.6,0.11,2.0,11.71
2026-04-03_rep_1,TK1939,20:57:00,1.0,21:17:00,21:26:00,B28 A,110.0,26.0,9.72,0.12,9.0,18.84
2026-04-03_rep_1,TK1941,00:32:00,19.0,01:03:00,01:12:00,B7  A,176.0,19.0,11.36,1.93,9.0,22.29
2026-04-03_rep_1,TK1943,16:32:00,-17.0,16:23:00,16:35:00,B9  A,101.0,15.0,9.8,1.61,12.0,23.41
2026-04-03_rep_1,TK1945,18:19:00,-14.0,18:19:00,18:24:00,B7  A,115.0,18.0,9.44,1.81,5.0,16.26
2026-04-03_rep_1,TP640,14:07:00,1.0,14:19:00,14:26:00,A47 ,72.0,18.0,4.81,1.49,7.0,13.31
2026-04-03_rep_1,TP642,18:10:00,31.0,18:51:00,19:05:00,A59 ,107.0,15.0,9.93,1.59,14.0,25.52
2026-04-03_rep_1,TP644,23:12:00,-3.0,23:24:00,23:29:00,A51 ,69.0,22.0,5.37,1.35,5.0,11.71
2026-04-03_rep_1,TP646,03:02:00,66.0,04:22:00,04:28:00,A53 ,84.0,21.0,5.03,1.83,6.0,12.86
2026-04-03_rep_1,TU954,15:26:00,40.0,16:24:00,16:30:00,B7  A,102.0,24.0,7.89,1.55,6.0,15.44
2026-04-03_rep_1,UA950,10:20:00,-22.0,10:24:00,10:51:00,B40 A,188.0,31.0,17.04,0.09,27.0,44.13
2026-04-03_rep_1,UA972,12:06:00,-27.0,11:58:00,12:28:00,B40 A,91.0,25.0,7.06,0.13,30.0,37.19
2026-04-03_rep_1,UA994,10:51:00,-50.0,10:18:00,10:42:00,B38 A,177.0,23.0,13.52,0.1,24.0,37.62
2026-04-03_rep_1,UX1171,12:58:00,25.0,13:41:00,13:46:00,A56 ,85.0,31.0,7.68,1.56,5.0,14.24
2026-04-03_rep_1,UX1173,20:47:00,7.0,21:08:00,21:10:00,A51 ,57.0,21.0,5.26,1.84,2.0,9.1
2026-04-03_rep_1,VF65,14:20:00,-8.0,14:27:00,14:32:00,B27 A,85.0,20.0,5.89,0.11,5.0,11.0
2026-04-03_rep_1,VF67,19:16:00,-16.0,19:21:00,19:28:00,B28 A,113.0,27.0,7.9,0.12,7.0,15.02
2026-04-03_rep_1,VY1332,12:10:00,1.0,12:19:00,12:20:00,A59 ,14.0,13.0,1.05,1.71,1.0,3.75
2026-04-03_rep_1,VY3650,20:16:00,-13.0,20:16:00,20:17:00,A47 ,28.0,19.0,3.1,1.48,1.0,5.58
2026-04-03_rep_1,VY8980,12:51:00,8.0,13:17:00,13:20:00,A45 ,16.0,24.0,0.99,1.95,3.0,5.93
2026-04-03_rep_1,VY8982,20:30:00,-5.0,20:50:00,20:56:00,A59 ,115.0,30.0,8.17,1.3,6.0,15.47
2026-04-03_rep_1,VY8984,00:06:00,-10.0,00:09:00,00:16:00,A43 ,90.0,19.0,7.48,1.45,7.0,15.93
2026-04-03_rep_1,VY8986,17:36:00,7.0,18:14:00,18:15:00,A43 ,35.0,37.0,3.64,1.61,1.0,6.25
2026-04-03_rep_2,AC832,10:17:00,26.0,11:00:00,11:34:00,B14 A,172.0,24.0,18.26,0.1,34.0,52.36
2026-04-03_rep_2,AY1541,12:26:00,-11.0,12:20:00,12:32:00,A57 ,56.0,11.0,5.8,1.39,12.0,19.19
2026-04-03_rep_2,AY1545,21:24:00,-9.0,21:27:00,21:30:00,A45 ,47.0,16.0,4.36,1.47,3.0,8.82
2026-04-03_rep_2,AZ148,11:42:00,-9.0,11:51:00,11:52:00,A58 ,15.0,25.0,1.23,1.46,1.0,3.69
2026-04-03_rep_2,AZ154,22:09:00,28.0,22:50:00,22:52:00,A67 ,25.0,17.0,2.41,2.01,2.0,6.43
2026-04-03_rep_2,AZ156,13:50:00,11.0,14:13:00,14:34:00,A53 ,24.0,17.0,2.67,1.65,21.0,25.32
2026-04-03_rep_2,AZ160,21:07:00,5.0,21:26:00,21:31:00,A64 ,79.0,21.0,5.52,1.28,5.0,11.8
2026-04-03_rep_2,BA384,13:02:00,-5.0,13:15:00,13:20:00,B30 A,92.0,25.0,6.49,0.1,5.0,11.59
2026-04-03_rep_2,BA386,19:14:00,-5.0,19:33:00,19:37:00,B27 A,90.0,28.0,6.53,0.1,4.0,10.63
2026-04-03_rep_2,BA390,23:45:00,-18.0,23:43:00,23:47:00,B28 A,85.0,21.0,7.47,0.12,4.0,11.59
2026-04-03_rep_2,BT601,12:00:00,0.0,12:18:00,12:20:00,A51 ,12.0,23.0,0.99,1.58,2.0,4.57
2026-04-03_rep_2,BT603,21:38:00,9.0,22:01:00,22:02:00,A60 ,23.0,22.0,1.62,1.69,1.0,4.3
2026-04-03_rep_2,DN403,16:37:00,-1.0,16:48:00,16:49:00,A58 ,29.0,19.0,2.07,1.91,1.0,4.98
2026-04-03_rep_2,EI630,12:45:00,-22.0,12:41:00,12:46:00,B32 A,138.0,23.0,12.77,0.1,5.0,17.87
2026-04-03_rep_2,EI638,23:50:00,2.0,00:14:00,00:17:00,B14 A,96.0,27.0,6.98,0.11,3.0,10.09
2026-04-03_rep_2,EK181,22:35:00,15.0,23:03:00,23:34:00,B31 A,195.0,18.0,16.95,0.09,31.0,48.04
2026-04-03_rep_2,ET750,10:10:00,3.0,10:31:00,11:28:00,B31 A,412.0,23.0,16.1,4.6,57.0,77.7
2026-04-03_rep_2,EY57,11:06:00,6.0,11:32:00,11:44:00,B5  A,194.0,26.0,18.24,1.51,12.0,31.74
2026-04-03_rep_2,FB407,22:51:00,59.0,23:59:00,00:00:00,A49 ,7.0,15.0,0.47,1.78,1.0,3.25
2026-04-03_rep_2,FH8014,18:20:00,-28.0,18:04:00,18:06:00,B9  A,25.0,17.0,1.88,1.58,2.0,5.46
2026-04-03_rep_2,FI554,16:03:00,49.0,17:07:00,17:10:00,A50 ,60.0,23.0,6.34,1.43,3.0,10.77
2026-04-03_rep_2,GQ800,16:11:00,11.0,16:39:00,16:43:00,A54 ,125.0,23.0,10.95,1.79,4.0,16.75
2026-04-03_rep_2,HV9024,00:40:00,0.0,00:58:00,01:01:00,A65 ,32.0,23.0,2.82,1.48,3.0,7.31
2026-04-03_rep_2,IB1299,17:51:00,-4.0,18:01:00,18:02:00,A51 ,37.0,20.0,2.87,1.4,1.0,5.27
2026-04-03_rep_2,IB597,14:29:00,-9.0,14:33:00,14:37:00,A49 ,73.0,17.0,4.85,2.15,4.0,11.0
2026-04-03_rep_2,IB601,22:07:00,71.0,23:28:00,23:30:00,A45 ,57.0,17.0,4.02,1.95,2.0,7.97
2026-04-03_rep_2,IB603,01:36:00,-6.0,01:43:00,01:45:00,A45 ,36.0,19.0,2.86,1.6,2.0,6.46
2026-04-03_rep_2,JU270,12:11:00,-2.0,12:21:00,12:24:00,B7  A,27.0,18.0,2.64,1.69,3.0,7.34
2026-04-03_rep_2,KM420,22:21:00,-23.0,22:13:00,22:16:00,A53 ,104.0,21.0,10.73,2.21,3.0,15.95
2026-04-03_rep_2,LO231,01:41:00,-7.0,01:46:00,01:47:00,A59 ,12.0,18.0,1.19,1.71,1.0,3.9
2026-04-03_rep_2,LO233,21:44:00,-10.0,21:50:00,21:52:00,A56 ,31.0,20.0,3.12,1.54,2.0,6.66
2026-04-03_rep_2,LO235,12:31:00,-27.0,12:22:00,12:24:00,A49 ,6.0,24.0,0.64,1.72,2.0,4.36
2026-04-03_rep_2,LO237,19:06:00,-18.0,19:00:00,19:02:00,A52 ,27.0,18.0,1.8,1.64,2.0,5.44
2026-04-03_rep_2,LX780,17:19:00,8.0,17:42:00,17:44:00,A53 ,57.0,19.0,4.0,1.81,2.0,7.82
2026-04-03_rep_2,LX786,12:05:00,25.0,12:42:00,12:52:00,A52 ,44.0,27.0,3.16,1.91,10.0,15.07
2026-04-03_rep_2,LX788,21:39:00,6.0,22:04:00,22:16:00,A43 ,77.0,23.0,7.23,1.7,12.0,20.93
2026-04-03_rep_2,MS725,18:19:00,12.0,18:46:00,19:01:00,B11 A,176.0,19.0,15.15,0.09,15.0,30.24
2026-04-03_rep_2,OS291,12:10:00,-12.0,12:12:00,12:13:00,A53 ,30.0,19.0,2.16,1.55,1.0,4.72
2026-04-03_rep_2,OS295,19:50:00,-13.0,19:51:00,19:56:00,A45 ,59.0,19.0,5.2,1.52,5.0,11.72
2026-04-03_rep_2,OS297,22:16:00,-10.0,22:24:00,22:26:00,A47 ,22.0,24.0,1.45,1.59,2.0,5.04
2026-04-03_rep_2,OU4456,22:55:00,-7.0,23:05:00,23:06:00,A57 ,34.0,22.0,2.3,1.43,1.0,4.73
2026-04-03_rep_2,OU456,11:50:00,-1.0,11:59:00,12:00:00,A60 ,6.0,20.0,0.47,1.74,1.0,3.21
2026-04-03_rep_2,QS1002,21:51:00,-17.0,21:44:00,21:45:00,A65 ,14.0,16.0,1.21,1.36,1.0,3.57
2026-04-03_rep_2,RO373,20:30:00,-14.0,20:30:00,20:33:00,A53 ,39.0,19.0,3.26,1.69,3.0,7.95
2026-04-03_rep_2,SK1589,21:20:00,-8.0,21:30:00,21:33:00,A47 ,21.0,23.0,1.9,1.53,3.0,6.43
2026-04-03_rep_2,SK1593,17:40:00,-5.0,17:49:00,17:51:00,A45 ,51.0,19.0,5.02,1.92,2.0,8.94
2026-04-03_rep_2,SK1595,21:34:00,-9.0,21:36:00,21:38:00,A49 ,30.0,15.0,2.13,1.54,2.0,5.67
2026-04-03_rep_2,SK4743,13:46:00,4.0,14:08:00,14:12:00,A51 ,55.0,24.0,4.73,1.71,4.0,10.44
2026-04-03_rep_2,SK589,13:21:00,-17.0,13:23:00,13:30:00,A43 ,100.0,25.0,6.88,1.48,7.0,15.36
2026-04-03_rep_2,SK593,12:56:00,-20.0,12:53:00,12:57:00,A60 ,35.0,33.0,3.77,1.45,4.0,9.22
2026-04-03_rep_2,SK597,22:57:00,0.0,23:15:00,23:18:00,A43 ,28.0,25.0,2.11,2.17,3.0,7.28
2026-04-03_rep_2,SN2096,23:04:00,8.0,23:40:00,23:45:00,B30 A,86.0,32.0,5.94,0.09,5.0,11.03
2026-04-03_rep_2,SN2184,11:34:00,-6.0,11:50:00,12:03:00,B29 A,20.0,26.0,1.53,0.13,13.0,14.66
2026-04-03_rep_2,SN2258,16:31:00,-5.0,16:48:00,16:49:00,A47 ,32.0,28.0,2.36,1.68,1.0,5.04
2026-04-03_rep_2,SN2260,22:53:00,3.0,23:06:00,23:08:00,A40 ,34.0,18.0,2.53,1.64,2.0,6.17
2026-04-03_rep_2,SN2264,03:18:00,43.0,04:19:00,04:20:00,A47 ,3.0,86.0,0.26,1.99,1.0,3.26
2026-04-03_rep_2,SN2284,23:11:00,-6.0,23:26:00,23:28:00,A56 ,32.0,27.0,2.27,1.5,2.0,5.77
2026-04-03_rep_2,SN229,08:06:00,74.0,09:41:00,10:22:00,B14 A,144.0,27.0,12.9,0.08,41.0,53.99
2026-04-03_rep_2,SN2292,18:08:00,-12.0,18:12:00,18:14:00,A46 ,44.0,19.0,3.27,1.96,2.0,7.23
2026-04-03_rep_2,SN2294,22:57:00,-22.0,22:47:00,22:49:00,A64 ,41.0,19.0,2.65,1.9,2.0,6.54
2026-04-03_rep_2,SN2318,23:04:00,-9.0,23:14:00,23:16:00,A46 ,29.0,23.0,1.71,1.67,2.0,5.39
2026-04-03_rep_2,SN2324,11:43:00,-5.0,12:05:00,12:07:00,A48 ,13.0,30.0,1.18,1.69,2.0,4.87
2026-04-03_rep_2,SN2372,20:58:00,-21.0,20:52:00,20:53:00,A54 ,29.0,23.0,2.7,1.41,1.0,5.11
2026-04-03_rep_2,SN2548,20:26:00,33.0,21:10:00,21:12:00,A40 ,43.0,17.0,3.95,1.26,2.0,7.21
2026-04-03_rep_2,SN2556,23:14:00,-6.0,23:25:00,23:26:00,A60 ,27.0,21.0,2.0,1.24,1.0,4.24
2026-04-03_rep_2,SN2580,13:10:00,-25.0,13:03:00,13:05:00,A42 ,38.0,33.0,3.63,2.01,2.0,7.65
2026-04-03_rep_2,SN2582,16:10:00,0.0,16:30:00,16:32:00,A60 ,62.0,25.0,6.72,1.86,2.0,10.58
2026-04-03_rep_2,SN2588,23:20:00,5.0,23:36:00,23:37:00,A68 ,18.0,21.0,1.32,1.96,1.0,4.28
2026-04-03_rep_2,SN2590,01:19:00,27.0,02:02:00,02:03:00,A50 ,5.0,20.0,0.45,1.59,1.0,3.04
2026-04-03_rep_2,SN2608,13:27:00,-2.0,13:52:00,13:55:00,A50 ,48.0,44.0,3.27,1.66,3.0,7.93
2026-04-03_rep_2,SN2612,16:45:00,-17.0,16:42:00,16:44:00,A55 ,47.0,19.0,3.96,1.58,2.0,7.54
2026-04-03_rep_2,SN2614,20:36:00,-12.0,20:38:00,20:40:00,A62 ,41.0,20.0,2.66,1.59,2.0,6.25
2026-04-03_rep_2,SN2616,23:45:00,-16.0,23:40:00,23:45:00,A47 ,33.0,16.0,3.13,1.78,5.0,9.91
2026-04-03_rep_2,SN2618,01:40:00,2.0,02:03:00,02:05:00,A47 ,76.0,26.0,6.97,1.63,2.0,10.6
2026-04-03_rep_2,SN2624,15:55:00,-8.0,16:00:00,16:01:00,A45 ,14.0,18.0,1.04,1.9,1.0,3.94
2026-04-03_rep_2,SN2630,11:18:00,-4.0,12:29:00,12:30:00,A50 ,3.0,78.0,0.3,1.51,1.0,2.81
2026-04-03_rep_2,SN2644,16:13:00,-13.0,16:18:00,16:20:00,A44 ,67.0,21.0,5.95,1.82,2.0,9.77
2026-04-03_rep_2,SN2646,19:18:00,7.0,19:37:00,19:40:00,A44 ,43.0,15.0,3.13,1.36,3.0,7.49
2026-04-03_rep_2,SN2648,20:23:00,7.0,20:46:00,20:49:00,A46 ,94.0,24.0,8.25,1.6,3.0,12.85
2026-04-03_rep_2,SN2650,23:01:00,6.0,23:28:00,23:31:00,A48 ,43.0,27.0,4.61,1.71,3.0,9.32
2026-04-03_rep_2,SN2652,02:13:00,-7.0,02:21:00,02:23:00,A60 ,18.0,18.0,1.62,1.73,2.0,5.34
2026-04-03_rep_2,SN2714,15:48:00,8.0,16:28:00,16:30:00,A46 ,60.0,35.0,4.48,1.9,2.0,8.38
2026-04-03_rep_2,SN2722,21:38:00,2.0,22:01:00,22:05:00,A44 ,80.0,29.0,6.66,1.35,4.0,12.01
2026-04-03_rep_2,SN2724,01:34:00,9.0,02:06:00,02:08:00,A66 ,61.0,27.0,4.33,1.43,2.0,7.76
2026-04-03_rep_2,SN2726,11:27:00,-8.0,11:48:00,11:49:00,A42 ,15.0,36.0,1.13,1.83,1.0,3.96
2026-04-03_rep_2,SN2730,13:24:00,22.0,14:05:00,14:07:00,A40 ,38.0,28.0,2.91,2.11,2.0,7.02
2026-04-03_rep_2,SN278,08:43:00,-16.0,08:40:00,09:10:00,B37 A,123.0,16.0,10.78,0.11,30.0,40.89
2026-04-03_rep_2,SN2810,16:24:00,-9.0,16:30:00,16:33:00,A56 ,23.0,19.0,1.97,2.14,3.0,7.11
2026-04-03_rep_2,SN2812,23:24:00,17.0,00:03:00,00:06:00,A50 ,73.0,31.0,5.97,1.44,3.0,10.41
2026-04-03_rep_2,SN2814,01:48:00,-10.0,01:56:00,01:57:00,A62 ,3.0,21.0,0.22,2.02,1.0,3.24
2026-04-03_rep_2,SN2816,11:24:00,-11.0,11:31:00,11:36:00,A56 ,42.0,22.0,3.9,1.69,5.0,10.59
2026-04-03_rep_2,SN2824,17:09:00,67.0,18:32:00,18:34:00,A48 ,55.0,20.0,3.43,1.42,2.0,6.85
2026-04-03_rep_2,SN2826,23:12:00,21.0,23:46:00,23:49:00,A44 ,36.0,20.0,2.5,1.56,3.0,7.06
2026-04-03_rep_2,SN2830,11:39:00,-6.0,11:58:00,12:01:00,A47 ,15.0,29.0,1.31,1.67,3.0,5.99
2026-04-03_rep_2,SN2900,07:39:00,-14.0,07:38:00,07:53:00,B38 A,55.0,17.0,4.55,0.1,15.0,19.65
2026-04-03_rep_2,SN2906,23:02:00,-17.0,22:56:00,22:57:00,A54 ,26.0,18.0,1.86,1.89,1.0,4.75
2026-04-03_rep_2,SN2908,01:53:00,15.0,02:16:00,02:17:00,A48 ,9.0,11.0,0.67,1.53,1.0,3.2
2026-04-03_rep_2,SN3126,21:08:00,-5.0,21:31:00,21:35:00,A48 ,68.0,36.0,6.32,1.73,4.0,12.04
2026-04-03_rep_2,SN3146,14:12:00,-9.0,14:19:00,14:20:00,A52 ,19.0,28.0,1.35,1.88,1.0,4.24
2026-04-03_rep_2,SN3148,17:49:00,-10.0,17:59:00,18:01:00,A54 ,36.0,24.0,2.8,1.63,2.0,6.42
2026-04-03_rep_2,SN3154,13:20:00,-5.0,13:32:00,13:34:00,A48 ,33.0,27.0,3.41,1.74,2.0,7.14
2026-04-03_rep_2,SN3160,02:18:00,10.0,02:46:00,02:48:00,A64 ,21.0,21.0,1.97,1.82,2.0,5.78
2026-04-03_rep_2,SN3176,15:29:00,14.0,16:10:00,16:13:00,A48 ,87.0,31.0,8.0,1.38,3.0,12.38
2026-04-03_rep_2,SN3182,23:29:00,14.0,00:06:00,00:07:00,A58 ,42.0,32.0,2.82,2.1,1.0,5.92
2026-04-03_rep_2,SN3184,02:22:00,0.0,02:40:00,02:43:00,A49 ,97.0,25.0,7.31,1.74,3.0,12.04
2026-04-03_rep_2,SN3202,17:24:00,-9.0,17:38:00,17:41:00,A42 ,70.0,27.0,5.44,1.85,3.0,10.29
2026-04-03_rep_2,SN3208,11:44:00,-10.0,12:03:00,12:05:00,A54 ,41.0,33.0,3.46,1.56,2.0,7.02
2026-04-03_rep_2,SN3246,20:54:00,26.0,21:41:00,21:44:00,A61 ,79.0,25.0,5.62,1.35,3.0,9.96
2026-04-03_rep_2,SN3588,17:39:00,5.0,18:09:00,18:11:00,A58 ,35.0,29.0,2.65,1.73,2.0,6.39
2026-04-03_rep_2,SN3594,11:34:00,-3.0,12:20:00,12:21:00,A46 ,1.0,53.0,0.08,1.73,1.0,2.81
2026-04-03_rep_2,SN3598,18:19:00,1.0,18:36:00,18:39:00,A63 ,63.0,20.0,5.29,1.64,3.0,9.93
2026-04-03_rep_2,SN3604,11:31:00,-3.0,11:43:00,11:45:00,A43 ,16.0,21.0,1.47,1.43,2.0,4.9
2026-04-03_rep_2,SN3618,18:35:00,14.0,19:07:00,19:10:00,A65 ,67.0,23.0,4.62,1.75,3.0,9.37
2026-04-03_rep_2,SN3622,21:13:00,25.0,21:58:00,22:00:00,A58 ,28.0,23.0,2.14,1.57,2.0,5.72
2026-04-03_rep_2,SN3632,12:47:00,-3.0,13:03:00,13:14:00,A44 ,4.0,36.0,0.33,1.69,11.0,13.01
2026-04-03_rep_2,SN3634,14:04:00,8.0,14:30:00,14:40:00,A60 ,3.0,27.0,0.23,1.53,10.0,11.76
2026-04-03_rep_2,SN3668,16:55:00,-4.0,17:13:00,17:15:00,A57 ,45.0,27.0,3.13,1.93,2.0,7.05
2026-04-03_rep_2,SN3676,11:41:00,0.0,12:12:00,12:13:00,A45 ,15.0,37.0,1.0,1.66,1.0,3.67
2026-04-03_rep_2,SN3698,17:36:00,39.0,18:35:00,18:37:00,A60 ,46.0,26.0,3.6,1.4,2.0,7.0
2026-04-03_rep_2,SN3704,20:18:00,89.0,22:10:00,22:12:00,A50 ,96.0,26.0,8.44,1.47,2.0,11.91
2026-04-03_rep_2,SN3706,02:29:00,19.0,04:07:00,04:12:00,A58 ,62.0,83.0,4.97,1.64,5.0,11.61
2026-04-03_rep_2,SN3708,10:44:00,34.0,11:45:00,11:51:00,A52 ,38.0,31.0,3.46,1.79,6.0,11.26
2026-04-03_rep_2,SN3712,21:47:00,7.0,22:14:00,22:15:00,A66 ,15.0,27.0,1.45,1.44,1.0,3.89
2026-04-03_rep_2,SN3722,17:59:00,1.0,18:18:00,18:20:00,A40 ,20.0,22.0,1.45,1.43,2.0,4.87
2026-04-03_rep_2,SN3728,23:03:00,18.0,23:40:00,23:42:00,A42 ,28.0,27.0,2.08,1.43,2.0,5.51
2026-04-03_rep_2,SN3732,11:38:00,10.0,12:01:00,12:04:00,A40 ,9.0,16.0,0.84,1.61,3.0,5.45
2026-04-03_rep_2,SN3734,15:59:00,9.0,16:21:00,16:22:00,A40 ,22.0,22.0,1.77,1.4,1.0,4.16
2026-04-03_rep_2,SN3738,02:13:00,-18.0,02:09:00,02:11:00,A56 ,34.0,17.0,2.79,2.09,2.0,6.88
2026-04-03_rep_2,SN3752,17:39:00,15.0,18:21:00,18:24:00,A61 ,67.0,31.0,4.73,1.86,3.0,9.59
2026-04-03_rep_2,SN3772,14:43:00,-1.0,14:57:00,15:00:00,A42 ,39.0,23.0,2.95,1.34,3.0,7.29
2026-04-03_rep_2,SN3774,01:24:00,1.0,01:39:00,01:41:00,A54 ,49.0,23.0,3.58,1.54,2.0,7.12
2026-04-03_rep_2,SN3782,02:37:00,-13.0,02:55:00,04:11:00,A61 ,104.0,38.0,9.26,1.64,76.0,86.9
2026-04-03_rep_2,SN379,08:11:00,29.0,08:59:00,09:27:00,B28 A,76.0,25.0,7.81,0.12,28.0,35.93
2026-04-03_rep_2,SN3802,19:08:00,-4.0,19:27:00,19:30:00,A40 ,32.0,31.0,2.46,1.62,3.0,7.08
2026-04-03_rep_2,SN3810,23:15:00,-4.0,23:31:00,23:34:00,A61 ,65.0,25.0,5.55,1.32,3.0,9.87
2026-04-03_rep_2,SN3812,19:21:00,19.0,20:00:00,20:02:00,A43 ,35.0,26.0,3.27,2.06,2.0,7.32
2026-04-03_rep_2,SN3816,18:43:00,10.0,19:21:00,19:24:00,A50 ,72.0,31.0,5.52,1.78,3.0,10.3
2026-04-03_rep_2,SN3820,02:47:00,-1.0,04:06:00,04:09:00,A67 ,66.0,87.0,5.97,1.34,3.0,10.31
2026-04-03_rep_2,SN465,09:52:00,27.0,10:45:00,11:00:00,B28 A,78.0,33.0,4.64,0.09,15.0,19.74
2026-04-03_rep_2,SN502,10:46:00,15.0,11:13:00,11:41:00,B30 A,116.0,18.0,10.46,0.1,28.0,38.56
2026-04-03_rep_2,SN516,10:30:00,-35.0,10:08:00,10:23:00,B29 A,21.0,18.0,2.31,0.13,15.0,17.45
2026-04-03_rep_2,TB1012,15:45:00,549.0,01:08:00,01:10:00,A53 ,37.0,19.0,3.31,1.82,2.0,7.13
2026-04-03_rep_2,TB1014,00:26:00,71.0,01:57:00,02:01:00,A69 ,138.0,26.0,14.51,1.68,4.0,20.19
2026-04-03_rep_2,TB1114,00:26:00,5.0,00:56:00,01:00:00,A55 ,99.0,31.0,8.14,1.74,4.0,13.88
2026-04-03_rep_2,TB1419,17:11:00,28.0,17:58:00,18:01:00,A67 ,46.0,25.0,3.61,1.61,3.0,8.22
2026-04-03_rep_2,TB1552,01:31:00,4.0,01:48:00,01:52:00,A63 ,88.0,19.0,6.79,1.63,4.0,12.42
2026-04-03_rep_2,TB1754,02:34:00,6.0,04:02:00,04:06:00,A65 ,127.0,91.0,9.87,1.69,4.0,15.55
2026-04-03_rep_2,TB1912,00:57:00,-27.0,00:48:00,00:51:00,A51 ,111.0,25.0,9.94,1.7,3.0,14.63
2026-04-03_rep_2,TB2042,22:14:00,-8.0,22:25:00,22:30:00,B9  A,136.0,23.0,11.28,1.97,5.0,18.25
2026-04-03_rep_2,TB2582,17:24:00,24.0,18:07:00,18:09:00,B27 A,65.0,23.0,4.96,0.1,2.0,7.06
2026-04-03_rep_2,TB3012,21:35:00,3.0,21:55:00,22:07:00,B7  A,180.0,22.0,14.15,1.22,12.0,27.37
2026-04-03_rep_2,TB3102,21:29:00,12.0,21:59:00,22:07:00,B38 A,112.0,22.0,7.64,0.11,8.0,15.76
2026-04-03_rep_2,TG934,10:19:00,-18.0,10:17:00,10:52:00,B37 A,269.0,20.0,17.62,0.09,35.0,52.71
2026-04-03_rep_2,TK1937,13:29:00,-16.0,13:44:00,13:46:00,B29 A,141.0,50.0,12.22,0.12,2.0,14.34
2026-04-03_rep_2,TK1939,20:57:00,1.0,21:17:00,21:26:00,B28 A,110.0,26.0,7.38,0.09,9.0,16.47
2026-04-03_rep_2,TK1941,00:32:00,19.0,01:03:00,01:12:00,B7  A,176.0,19.0,16.58,2.0,9.0,27.58
2026-04-03_rep_2,TK1943,16:32:00,-17.0,16:23:00,16:35:00,B9  A,101.0,15.0,6.66,2.34,12.0,21.0
2026-04-03_rep_2,TK1945,18:19:00,-14.0,18:19:00,18:24:00,B7  A,115.0,18.0,8.43,1.28,5.0,14.71
2026-04-03_rep_2,TP640,14:07:00,1.0,14:19:00,14:26:00,A47 ,72.0,18.0,5.81,1.94,7.0,14.75
2026-04-03_rep_2,TP642,18:10:00,31.0,18:51:00,19:05:00,A59 ,107.0,15.0,9.71,1.58,14.0,25.29
2026-04-03_rep_2,TP644,23:12:00,-3.0,23:24:00,23:29:00,A51 ,69.0,22.0,5.09,1.67,5.0,11.76
2026-04-03_rep_2,TP646,03:02:00,66.0,04:22:00,04:28:00,A53 ,84.0,21.0,5.75,1.99,6.0,13.74
2026-04-03_rep_2,TU954,15:26:00,40.0,16:24:00,16:30:00,B7  A,102.0,24.0,7.0,1.87,6.0,14.87
2026-04-03_rep_2,UA950,10:20:00,-22.0,10:24:00,10:51:00,B40 A,188.0,31.0,11.69,0.1,27.0,38.78
2026-04-03_rep_2,UA972,12:06:00,-27.0,11:58:00,12:28:00,B40 A,91.0,25.0,9.21,0.08,30.0,39.29
2026-04-03_rep_2,UA994,10:51:00,-50.0,10:18:00,10:42:00,B38 A,177.0,23.0,17.54,0.09,24.0,41.63
2026-04-03_rep_2,UX1171,12:58:00,25.0,13:41:00,13:46:00,A56 ,85.0,31.0,6.66,1.64,5.0,13.31
2026-04-03_rep_2,UX1173,20:47:00,7.0,21:08:00,21:10:00,A51 ,57.0,21.0,5.47,1.65,2.0,9.12
2026-04-03_rep_2,VF65,14:20:00,-8.0,14:27:00,14:32:00,B27 A,85.0,20.0,7.03,0.08,5.0,12.11
2026-04-03_rep_2,VF67,19:16:00,-16.0,19:21:00,19:28:00,B28 A,113.0,27.0,8.57,0.12,7.0,15.69
2026-04-03_rep_2,VY1332,12:10:00,1.0,12:19:00,12:20:00,A59 ,14.0,13.0,1.16,1.69,1.0,3.85
2026-04-03_rep_2,VY3650,20:16:00,-13.0,20:16:00,20:17:00,A47 ,28.0,19.0,2.26,1.34,1.0,4.59
2026-04-03_rep_2,VY8980,12:51:00,8.0,13:17:00,13:20:00,A45 ,16.0,24.0,1.44,1.9,3.0,6.34
2026-04-03_rep_2,VY8982,20:30:00,-5.0,20:50:00,20:56:00,A59 ,115.0,30.0,8.92,1.39,6.0,16.3
2026-04-03_rep_2,VY8984,00:06:00,-10.0,00:09:00,00:16:00,A43 ,90.0,19.0,6.25,1.23,7.0,14.49
2026-04-03_rep_2,VY8986,17:36:00,7.0,18:14:00,18:15:00,A43 ,35.0,37.0,2.21,1.79,1.0,5.0
2026-04-03_rep_3,AC832,10:17:00,26.0,11:00:00,11:34:00,B14 A,172.0,24.0,12.01,0.09,34.0,46.1
2026-04-03_rep_3,AY1541,12:26:00,-11.0,12:20:00,12:32:00,A57 ,56.0,11.0,4.1,1.82,12.0,17.92
2026-04-03_rep_3,AY1545,21:24:00,-9.0,21:27:00,21:30:00,A45 ,47.0,16.0,4.28,1.94,3.0,9.22
2026-04-03_rep_3,AZ148,11:42:00,-9.0,11:51:00,11:52:00,A58 ,15.0,25.0,1.14,1.51,1.0,3.66
2026-04-03_rep_3,AZ154,22:09:00,28.0,22:50:00,22:52:00,A67 ,25.0,17.0,1.72,1.93,2.0,5.65
2026-04-03_rep_3,AZ156,13:50:00,11.0,14:13:00,14:34:00,A53 ,24.0,17.0,1.92,1.94,21.0,24.86
2026-04-03_rep_3,AZ160,21:07:00,5.0,21:26:00,21:31:00,A64 ,79.0,21.0,5.79,2.04,5.0,12.83
2026-04-03_rep_3,BA384,13:02:00,-5.0,13:15:00,13:20:00,B30 A,92.0,25.0,9.84,0.09,5.0,14.93
2026-04-03_rep_3,BA386,19:14:00,-5.0,19:33:00,19:37:00,B27 A,90.0,28.0,9.01,0.1,4.0,13.11
2026-04-03_rep_3,BA390,23:45:00,-18.0,23:43:00,23:47:00,B28 A,85.0,21.0,8.7,0.09,4.0,12.79
2026-04-03_rep_3,BT601,12:00:00,0.0,12:18:00,12:20:00,A51 ,12.0,23.0,0.98,1.96,2.0,4.94
2026-04-03_rep_3,BT603,21:38:00,9.0,22:01:00,22:02:00,A60 ,23.0,22.0,1.81,2.03,1.0,4.84
2026-04-03_rep_3,DN403,16:37:00,-1.0,16:48:00,16:49:00,A58 ,29.0,19.0,2.03,1.92,1.0,4.95
2026-04-03_rep_3,EI630,12:45:00,-22.0,12:41:00,12:46:00,B32 A,138.0,23.0,11.52,0.11,5.0,16.63
2026-04-03_rep_3,EI638,23:50:00,2.0,00:14:00,00:17:00,B14 A,96.0,27.0,9.47,0.1,3.0,12.56
2026-04-03_rep_3,EK181,22:35:00,15.0,23:03:00,23:34:00,B31 A,195.0,18.0,16.97,0.1,31.0,48.07
2026-04-03_rep_3,ET750,10:10:00,3.0,10:31:00,11:28:00,B31 A,412.0,23.0,16.1,4.6,57.0,77.7
2026-04-03_rep_3,EY57,11:06:00,6.0,11:32:00,11:44:00,B5  A,194.0,26.0,16.35,1.67,12.0,30.02
2026-04-03_rep_3,FB407,22:51:00,59.0,23:59:00,00:00:00,A49 ,7.0,15.0,0.59,1.53,1.0,3.11
2026-04-03_rep_3,FH8014,18:20:00,-28.0,18:04:00,18:06:00,B9  A,25.0,17.0,1.61,1.65,2.0,5.26
2026-04-03_rep_3,FI554,16:03:00,49.0,17:07:00,17:10:00,A50 ,60.0,23.0,5.03,1.65,3.0,9.68
2026-04-03_rep_3,GQ800,16:11:00,11.0,16:39:00,16:43:00,A54 ,125.0,23.0,9.91,1.59,4.0,15.49
2026-04-03_rep_3,HV9024,00:40:00,0.0,00:58:00,01:01:00,A65 ,32.0,23.0,2.86,1.78,3.0,7.64
2026-04-03_rep_3,IB1299,17:51:00,-4.0,18:01:00,18:02:00,A51 ,37.0,20.0,2.8,2.2,1.0,5.99
2026-04-03_rep_3,IB597,14:29:00,-9.0,14:33:00,14:37:00,A49 ,73.0,17.0,5.58,2.21,4.0,11.79
2026-04-03_rep_3,IB601,22:07:00,71.0,23:28:00,23:30:00,A45 ,57.0,17.0,3.54,1.98,2.0,7.52
2026-04-03_rep_3,IB603,01:36:00,-6.0,01:43:00,01:45:00,A45 ,36.0,19.0,2.97,1.64,2.0,6.61
2026-04-03_rep_3,JU270,12:11:00,-2.0,12:21:00,12:24:00,B7  A,27.0,18.0,1.85,2.07,3.0,6.92
2026-04-03_rep_3,KM420,22:21:00,-23.0,22:13:00,22:16:00,A53 ,104.0,21.0,9.86,1.26,3.0,14.12
2026-04-03_rep_3,LO231,01:41:00,-7.0,01:46:00,01:47:00,A59 ,12.0,18.0,1.06,2.08,1.0,4.14
2026-04-03_rep_3,LO233,21:44:00,-10.0,21:50:00,21:52:00,A56 ,31.0,20.0,2.8,1.72,2.0,6.52
2026-04-03_rep_3,LO235,12:31:00,-27.0,12:22:00,12:24:00,A49 ,6.0,24.0,0.55,1.71,2.0,4.26
2026-04-03_rep_3,LO237,19:06:00,-18.0,19:00:00,19:02:00,A52 ,27.0,18.0,2.39,1.68,2.0,6.07
2026-04-03_rep_3,LX780,17:19:00,8.0,17:42:00,17:44:00,A53 ,57.0,19.0,5.63,1.45,2.0,9.08
2026-04-03_rep_3,LX786,12:05:00,25.0,12:42:00,12:52:00,A52 ,44.0,27.0,4.51,1.95,10.0,16.45
2026-04-03_rep_3,LX788,21:39:00,6.0,22:04:00,22:16:00,A43 ,77.0,23.0,7.68,1.97,12.0,21.65
2026-04-03_rep_3,MS725,18:19:00,12.0,18:46:00,19:01:00,B11 A,176.0,19.0,14.3,0.08,15.0,29.38
2026-04-03_rep_3,OS291,12:10:00,-12.0,12:12:00,12:13:00,A53 ,30.0,19.0,2.59,1.75,1.0,5.34
2026-04-03_rep_3,OS295,19:50:00,-13.0,19:51:00,19:56:00,A45 ,59.0,19.0,4.11,1.82,5.0,10.93
2026-04-03_rep_3,OS297,22:16:00,-10.0,22:24:00,22:26:00,A47 ,22.0,24.0,2.05,1.44,2.0,5.49
2026-04-03_rep_3,OU4456,22:55:00,-7.0,23:05:00,23:06:00,A57 ,34.0,22.0,3.15,1.51,1.0,5.66
2026-04-03_rep_3,OU456,11:50:00,-1.0,11:59:00,12:00:00,A60 ,6.0,20.0,0.44,1.55,1.0,2.99
2026-04-03_rep_3,QS1002,21:51:00,-17.0,21:44:00,21:45:00,A65 ,14.0,16.0,1.27,1.98,1.0,4.25
2026-04-03_rep_3,RO373,20:30:00,-14.0,20:30:00,20:33:00,A53 ,39.0,19.0,3.17,1.77,3.0,7.94
2026-04-03_rep_3,SK1589,21:20:00,-8.0,21:30:00,21:33:00,A47 ,21.0,23.0,1.6,1.93,3.0,6.52
2026-04-03_rep_3,SK1593,17:40:00,-5.0,17:49:00,17:51:00,A45 ,51.0,19.0,3.91,1.41,2.0,7.33
2026-04-03_rep_3,SK1595,21:34:00,-9.0,21:36:00,21:38:00,A49 ,30.0,15.0,2.92,1.69,2.0,6.62
2026-04-03_rep_3,SK4743,13:46:00,4.0,14:08:00,14:12:00,A51 ,55.0,24.0,4.15,1.84,4.0,9.99
2026-04-03_rep_3,SK589,13:21:00,-17.0,13:23:00,13:30:00,A43 ,100.0,25.0,8.85,2.17,7.0,18.03
2026-04-03_rep_3,SK593,12:56:00,-20.0,12:53:00,12:57:00,A60 ,35.0,33.0,2.36,1.31,4.0,7.67
2026-04-03_rep_3,SK597,22:57:00,0.0,23:15:00,23:18:00,A43 ,28.0,25.0,1.96,1.37,3.0,6.33
2026-04-03_rep_3,SN2096,23:04:00,8.0,23:40:00,23:45:00,B30 A,86.0,32.0,6.69,0.09,5.0,11.78
2026-04-03_rep_3,SN2184,11:34:00,-6.0,11:50:00,12:03:00,B29 A,20.0,26.0,1.3,0.1,13.0,14.39
2026-04-03_rep_3,SN2258,16:31:00,-5.0,16:48:00,16:49:00,A47 ,32.0,28.0,2.54,1.55,1.0,5.08
2026-04-03_rep_3,SN2260,22:53:00,3.0,23:06:00,23:08:00,A40 ,34.0,18.0,2.5,1.61,2.0,6.11
2026-04-03_rep_3,SN2264,03:18:00,43.0,04:19:00,04:20:00,A47 ,3.0,86.0,0.18,2.14,1.0,3.32
2026-04-03_rep_3,SN2284,23:11:00,-6.0,23:26:00,23:28:00,A56 ,32.0,27.0,2.39,1.87,2.0,6.26
2026-04-03_rep_3,SN229,08:06:00,74.0,09:41:00,10:22:00,B14 A,144.0,27.0,12.99,0.09,41.0,54.08
2026-04-03_rep_3,SN2292,18:08:00,-12.0,18:12:00,18:14:00,A46 ,44.0,19.0,2.78,1.68,2.0,6.46
2026-04-03_rep_3,SN2294,22:57:00,-22.0,22:47:00,22:49:00,A64 ,41.0,19.0,2.81,1.24,2.0,6.05
2026-04-03_rep_3,SN2318,23:04:00,-9.0,23:14:00,23:16:00,A46 ,29.0,23.0,3.04,1.9,2.0,6.94
2026-04-03_rep_3,SN2324,11:43:00,-5.0,12:05:00,12:07:00,A48 ,13.0,30.0,1.05,1.52,2.0,4.57
2026-04-03_rep_3,SN2372,20:58:00,-21.0,20:52:00,20:53:00,A54 ,29.0,23.0,2.37,2.05,1.0,5.43
2026-04-03_rep_3,SN2548,20:26:00,33.0,21:10:00,21:12:00,A40 ,43.0,17.0,2.74,1.66,2.0,6.4
2026-04-03_rep_3,SN2556,23:14:00,-6.0,23:25:00,23:26:00,A60 ,27.0,21.0,2.1,1.11,1.0,4.22
2026-04-03_rep_3,SN2580,13:10:00,-25.0,13:03:00,13:05:00,A42 ,38.0,33.0,3.05,1.76,2.0,6.81
2026-04-03_rep_3,SN2582,16:10:00,0.0,16:30:00,16:32:00,A60 ,62.0,25.0,5.17,1.57,2.0,8.73
2026-04-03_rep_3,SN2588,23:20:00,5.0,23:36:00,23:37:00,A68 ,18.0,21.0,1.6,1.82,1.0,4.41
2026-04-03_rep_3,SN2590,01:19:00,27.0,02:02:00,02:03:00,A50 ,5.0,20.0,0.41,1.46,1.0,2.86
2026-04-03_rep_3,SN2608,13:27:00,-2.0,13:52:00,13:55:00,A50 ,48.0,44.0,3.5,1.73,3.0,8.23
2026-04-03_rep_3,SN2612,16:45:00,-17.0,16:42:00,16:44:00,A55 ,47.0,19.0,3.43,1.63,2.0,7.06
2026-04-03_rep_3,SN2614,20:36:00,-12.0,20:38:00,20:40:00,A62 ,41.0,20.0,3.48,1.96,2.0,7.44
2026-04-03_rep_3,SN2616,23:45:00,-16.0,23:40:00,23:45:00,A47 ,33.0,16.0,3.19,2.06,5.0,10.25
2026-04-03_rep_3,SN2618,01:40:00,2.0,02:03:00,02:05:00,A47 ,76.0,26.0,6.63,1.52,2.0,10.15
2026-04-03_rep_3,SN2624,15:55:00,-8.0,16:00:00,16:01:00,A45 ,14.0,18.0,1.43,1.33,1.0,3.76
2026-04-03_rep_3,SN2630,11:18:00,-4.0,12:29:00,12:30:00,A50 ,3.0,78.0,0.25,1.47,1.0,2.72
2026-04-03_rep_3,SN2644,16:13:00,-13.0,16:18:00,16:20:00,A44 ,67.0,21.0,4.24,1.52,2.0,7.76
2026-04-03_rep_3,SN2646,19:18:00,7.0,19:37:00,19:40:00,A44 ,43.0,15.0,3.29,1.72,3.0,8.01
2026-04-03_rep_3,SN2648,20:23:00,7.0,20:46:00,20:49:00,A46 ,94.0,24.0,9.04,1.56,3.0,13.6
2026-04-03_rep_3,SN2650,23:01:00,6.0,23:28:00,23:31:00,A48 ,43.0,27.0,3.7,1.54,3.0,8.24
2026-04-03_rep_3,SN2652,02:13:00,-7.0,02:21:00,02:23:00,A60 ,18.0,18.0,1.77,1.54,2.0,5.31
2026-04-03_rep_3,SN2714,15:48:00,8.0,16:28:00,16:30:00,A46 ,60.0,35.0,6.77,1.59,2.0,10.37
2026-04-03_rep_3,SN2722,21:38:00,2.0,22:01:00,22:05:00,A44 ,80.0,29.0,7.54,2.08,4.0,13.62
2026-04-03_rep_3,SN2724,01:34:00,9.0,02:06:00,02:08:00,A66 ,61.0,27.0,5.08,1.96,2.0,9.04
2026-04-03_rep_3,SN2726,11:27:00,-8.0,11:48:00,11:49:00,A42 ,15.0,36.0,1.07,2.12,1.0,4.18
2026-04-03_rep_3,SN2730,13:24:00,22.0,14:05:00,14:07:00,A40 ,38.0,28.0,3.24,1.85,2.0,7.1
2026-04-03_rep_3,SN278,08:43:00,-16.0,08:40:00,09:10:00,B37 A,123.0,16.0,8.44,0.11,30.0,38.55
2026-04-03_rep_3,SN2810,16:24:00,-9.0,16:30:00,16:33:00,A56 ,23.0,19.0,2.13,1.39,3.0,6.52
2026-04-03_rep_3,SN2812,23:24:00,17.0,00:03:00,00:06:00,A50 ,73.0,31.0,6.06,2.07,3.0,11.14
2026-04-03_rep_3,SN2814,01:48:00,-10.0,01:56:00,01:57:00,A62 ,3.0,21.0,0.22,1.59,1.0,2.81
2026-04-03_rep_3,SN2816,11:24:00,-11.0,11:31:00,11:36:00,A56 ,42.0,22.0,2.91,1.67,5.0,9.57
2026-04-03_rep_3,SN2824,17:09:00,67.0,18:32:00,18:34:00,A48 ,55.0,20.0,4.23,1.58,2.0,7.81
2026-04-03_rep_3,SN2826,23:12:00,21.0,23:46:00,23:49:00,A44 ,36.0,20.0,3.24,1.6,3.0,7.85
2026-04-03_rep_3,SN2830,11:39:00,-6.0,11:58:00,12:01:00,A47 ,15.0,29.0,1.04,1.52,3.0,5.56
2026-04-03_rep_3,SN2900,07:39:00,-14.0,07:38:00,07:53:00,B38 A,55.0,17.0,4.95,0.13,15.0,20.08
2026-04-03_rep_3,SN2906,23:02:00,-17.0,22:56:00,22:57:00,A54 ,26.0,18.0,2.15,1.57,1.0,4.72
2026-04-03_rep_3,SN2908,01:53:00,15.0,02:16:00,02:17:00,A48 ,9.0,11.0,0.59,1.85,1.0,3.44
2026-04-03_rep_3,SN3126,21:08:00,-5.0,21:31:00,21:35:00,A48 ,68.0,36.0,5.12,1.94,4.0,11.07
2026-04-03_rep_3,SN3146,14:12:00,-9.0,14:19:00,14:20:00,A52 ,19.0,28.0,1.72,2.06,1.0,4.78
2026-04-03_rep_3,SN3148,17:49:00,-10.0,17:59:00,18:01:00,A54 ,36.0,24.0,3.1,2.2,2.0,7.3
2026-04-03_rep_3,SN3154,13:20:00,-5.0,13:32:00,13:34:00,A48 ,33.0,27.0,2.5,1.68,2.0,6.17
2026-04-03_rep_3,SN3160,02:18:00,10.0,02:46:00,02:48:00,A64 ,21.0,21.0,1.86,1.48,2.0,5.34
2026-04-03_rep_3,SN3176,15:29:00,14.0,16:10:00,16:13:00,A48 ,87.0,31.0,6.02,1.39,3.0,10.41
2026-04-03_rep_3,SN3182,23:29:00,14.0,00:06:00,00:07:00,A58 ,42.0,32.0,3.73,1.64,1.0,6.38
2026-04-03_rep_3,SN3184,02:22:00,0.0,02:40:00,02:43:00,A49 ,97.0,25.0,8.62,1.66,3.0,13.28
2026-04-03_rep_3,SN3202,17:24:00,-9.0,17:38:00,17:41:00,A42 ,70.0,27.0,7.3,1.67,3.0,11.98
2026-04-03_rep_3,SN3208,11:44:00,-10.0,12:03:00,12:05:00,A54 ,41.0,33.0,2.46,1.69,2.0,6.15
2026-04-03_rep_3,SN3246,20:54:00,26.0,21:41:00,21:44:00,A61 ,79.0,25.0,8.0,1.51,3.0,12.51
2026-04-03_rep_3,SN3588,17:39:00,5.0,18:09:00,18:11:00,A58 ,35.0,29.0,2.58,1.8,2.0,6.38
2026-04-03_rep_3,SN3594,11:34:00,-3.0,12:20:00,12:21:00,A46 ,1.0,53.0,0.12,1.79,1.0,2.9
2026-04-03_rep_3,SN3598,18:19:00,1.0,18:36:00,18:39:00,A63 ,63.0,20.0,4.68,1.64,3.0,9.32
2026-04-03_rep_3,SN3604,11:31:00,-3.0,11:43:00,11:45:00,A43 ,16.0,21.0,1.3,1.48,2.0,4.78
2026-04-03_rep_3,SN3618,18:35:00,14.0,19:07:00,19:10:00,A65 ,67.0,23.0,4.71,1.31,3.0,9.02
2026-04-03_rep_3,SN3622,21:13:00,25.0,21:58:00,22:00:00,A58 ,28.0,23.0,1.86,2.15,2.0,6.01
2026-04-03_rep_3,SN3632,12:47:00,-3.0,13:03:00,13:14:00,A44 ,4.0,36.0,0.31,1.64,11.0,12.95
2026-04-03_rep_3,SN3634,14:04:00,8.0,14:30:00,14:40:00,A60 ,3.0,27.0,0.24,1.49,10.0,11.74
2026-04-03_rep_3,SN3668,16:55:00,-4.0,17:13:00,17:15:00,A57 ,45.0,27.0,2.97,1.33,2.0,6.3
2026-04-03_rep_3,SN3676,11:41:00,0.0,12:12:00,12:13:00,A45 ,15.0,37.0,1.01,1.78,1.0,3.8
2026-04-03_rep_3,SN3698,17:36:00,39.0,18:35:00,18:37:00,A60 ,46.0,26.0,4.68,1.83,2.0,8.51
2026-04-03_rep_3,SN3704,20:18:00,89.0,22:10:00,22:12:00,A50 ,96.0,26.0,7.51,1.54,2.0,11.05
2026-04-03_rep_3,SN3706,02:29:00,19.0,04:07:00,04:12:00,A58 ,62.0,83.0,5.35,1.7,5.0,12.05
2026-04-03_rep_3,SN3708,10:44:00,34.0,11:45:00,11:51:00,A52 ,38.0,31.0,3.01,1.8,6.0,10.8
2026-04-03_rep_3,SN3712,21:47:00,7.0,22:14:00,22:15:00,A66 ,15.0,27.0,1.26,1.69,1.0,3.95
2026-04-03_rep_3,SN3722,17:59:00,1.0,18:18:00,18:20:00,A40 ,20.0,22.0,1.78,1.53,2.0,5.31
2026-04-03_rep_3,SN3728,23:03:00,18.0,23:40:00,23:42:00,A42 ,28.0,27.0,2.46,1.81,2.0,6.26
2026-04-03_rep_3,SN3732,11:38:00,10.0,12:01:00,12:04:00,A40 ,9.0,16.0,0.65,1.56,3.0,5.21
2026-04-03_rep_3,SN3734,15:59:00,9.0,16:21:00,16:22:00,A40 ,22.0,22.0,2.11,1.95,1.0,5.06
2026-04-03_rep_3,SN3738,02:13:00,-18.0,02:09:00,02:11:00,A56 ,34.0,17.0,2.09,1.66,2.0,5.75
2026-04-03_rep_3,SN3752,17:39:00,15.0,18:21:00,18:24:00,A61 ,67.0,31.0,4.67,1.73,3.0,9.39
2026-04-03_rep_3,SN3772,14:43:00,-1.0,14:57:00,15:00:00,A42 ,39.0,23.0,2.92,1.18,3.0,7.1
2026-04-03_rep_3,SN3774,01:24:00,1.0,01:39:00,01:41:00,A54 ,49.0,23.0,3.7,2.13,2.0,7.83
2026-04-03_rep_3,SN3782,02:37:00,-13.0,02:55:00,04:11:00,A61 ,104.0,38.0,10.96,1.3,76.0,88.26
2026-04-03_rep_3,SN379,08:11:00,29.0,08:59:00,09:27:00,B28 A,76.0,25.0,6.48,0.09,28.0,34.57
2026-04-03_rep_3,SN3802,19:08:00,-4.0,19:27:00,19:30:00,A40 ,32.0,31.0,2.13,1.55,3.0,6.68
2026-04-03_rep_3,SN3810,23:15:00,-4.0,23:31:00,23:34:00,A61 ,65.0,25.0,5.05,1.78,3.0,9.83
2026-04-03_rep_3,SN3812,19:21:00,19.0,20:00:00,20:02:00,A43 ,35.0,26.0,3.04,2.26,2.0,7.29
2026-04-03_rep_3,SN3816,18:43:00,10.0,19:21:00,19:24:00,A50 ,72.0,31.0,8.56,1.79,3.0,13.34
2026-04-03_rep_3,SN3820,02:47:00,-1.0,04:06:00,04:09:00,A67 ,66.0,87.0,6.75,1.44,3.0,11.2
2026-04-03_rep_3,SN465,09:52:00,27.0,10:45:00,11:00:00,B28 A,78.0,33.0,6.9,0.08,15.0,21.98
2026-04-03_rep_3,SN502,10:46:00,15.0,11:13:00,11:41:00,B30 A,116.0,18.0,12.09,0.09,28.0,40.18
2026-04-03_rep_3,SN516,10:30:00,-35.0,10:08:00,10:23:00,B29 A,21.0,18.0,1.84,0.07,15.0,16.91
2026-04-03_rep_3,TB1012,15:45:00,549.0,01:08:00,01:10:00,A53 ,37.0,19.0,4.38,1.47,2.0,7.85
2026-04-03_rep_3,TB1014,00:26:00,71.0,01:57:00,02:01:00,A69 ,138.0,26.0,10.08,1.64,4.0,15.72
2026-04-03_rep_3,TB1114,00:26:00,5.0,00:56:00,01:00:00,A55 ,99.0,31.0,12.29,1.72,4.0,18.01
2026-04-03_rep_3,TB1419,17:11:00,28.0,17:58:00,18:01:00,A67 ,46.0,25.0,3.68,1.83,3.0,8.5
2026-04-03_rep_3,TB1552,01:31:00,4.0,01:48:00,01:52:00,A63 ,88.0,19.0,6.65,1.75,4.0,12.4
2026-04-03_rep_3,TB1754,02:34:00,6.0,04:02:00,04:06:00,A65 ,127.0,91.0,9.03,1.88,4.0,14.91
2026-04-03_rep_3,TB1912,00:57:00,-27.0,00:48:00,00:51:00,A51 ,111.0,25.0,10.58,1.97,3.0,15.55
2026-04-03_rep_3,TB2042,22:14:00,-8.0,22:25:00,22:30:00,B9  A,136.0,23.0,10.27,1.49,5.0,16.76
2026-04-03_rep_3,TB2582,17:24:00,24.0,18:07:00,18:09:00,B27 A,65.0,23.0,4.49,0.11,2.0,6.6
2026-04-03_rep_3,TB3012,21:35:00,3.0,21:55:00,22:07:00,B7  A,180.0,22.0,18.17,1.17,12.0,31.34
2026-04-03_rep_3,TB3102,21:29:00,12.0,21:59:00,22:07:00,B38 A,112.0,22.0,8.85,0.14,8.0,16.99
2026-04-03_rep_3,TG934,10:19:00,-18.0,10:17:00,10:52:00,B37 A,269.0,20.0,19.14,0.1,35.0,54.24
2026-04-03_rep_3,TK1937,13:29:00,-16.0,13:44:00,13:46:00,B29 A,141.0,50.0,10.71,0.11,2.0,12.83
2026-04-03_rep_3,TK1939,20:57:00,1.0,21:17:00,21:26:00,B28 A,110.0,26.0,8.26,0.1,9.0,17.36
2026-04-03_rep_3,TK1941,00:32:00,19.0,01:03:00,01:12:00,B7  A,176.0,19.0,15.69,1.73,9.0,26.42
2026-04-03_rep_3,TK1943,16:32:00,-17.0,16:23:00,16:35:00,B9  A,101.0,15.0,9.27,1.63,12.0,22.9
2026-04-03_rep_3,TK1945,18:19:00,-14.0,18:19:00,18:24:00,B7  A,115.0,18.0,8.91,1.42,5.0,15.33
2026-04-03_rep_3,TP640,14:07:00,1.0,14:19:00,14:26:00,A47 ,72.0,18.0,6.91,1.66,7.0,15.57
2026-04-03_rep_3,TP642,18:10:00,31.0,18:51:00,19:05:00,A59 ,107.0,15.0,9.54,1.84,14.0,25.38
2026-04-03_rep_3,TP644,23:12:00,-3.0,23:24:00,23:29:00,A51 ,69.0,22.0,5.81,1.56,5.0,12.37
2026-04-03_rep_3,TP646,03:02:00,66.0,04:22:00,04:28:00,A53 ,84.0,21.0,5.66,2.09,6.0,13.76
2026-04-03_rep_3,TU954,15:26:00,40.0,16:24:00,16:30:00,B7  A,102.0,24.0,7.04,1.32,6.0,14.37
2026-04-03_rep_3,UA950,10:20:00,-22.0,10:24:00,10:51:00,B40 A,188.0,31.0,12.18,0.09,27.0,39.27
2026-04-03_rep_3,UA972,12:06:00,-27.0,11:58:00,12:28:00,B40 A,91.0,25.0,6.1,0.09,30.0,36.19
2026-04-03_rep_3,UA994,10:51:00,-50.0,10:18:00,10:42:00,B38 A,177.0,23.0,13.48,0.1,24.0,37.58
2026-04-03_rep_3,UX1171,12:58:00,25.0,13:41:00,13:46:00,A56 ,85.0,31.0,7.17,1.6,5.0,13.77
2026-04-03_rep_3,UX1173,20:47:00,7.0,21:08:00,21:10:00,A51 ,57.0,21.0,3.94,2.3,2.0,8.23
2026-04-03_rep_3,VF65,14:20:00,-8.0,14:27:00,14:32:00,B27 A,85.0,20.0,9.24,0.09,5.0,14.34
2026-04-03_rep_3,VF67,19:16:00,-16.0,19:21:00,19:28:00,B28 A,113.0,27.0,10.78,0.11,7.0,17.89
2026-04-03_rep_3,VY1332,12:10:00,1.0,12:19:00,12:20:00,A59 ,14.0,13.0,1.22,1.12,1.0,3.34
2026-04-03_rep_3,VY3650,20:16:00,-13.0,20:16:00,20:17:00,A47 ,28.0,19.0,1.68,1.59,1.0,4.27
2026-04-03_rep_3,VY8980,12:51:00,8.0,13:17:00,13:20:00,A45 ,16.0,24.0,1.05,1.9,3.0,5.95
2026-04-03_rep_3,VY8982,20:30:00,-5.0,20:50:00,20:56:00,A59 ,115.0,30.0,7.55,1.39,6.0,14.94
2026-04-03_rep_3,VY8984,00:06:00,-10.0,00:09:00,00:16:00,A43 ,90.0,19.0,7.82,1.49,7.0,16.31
2026-04-03_rep_3,VY8986,17:36:00,7.0,18:14:00,18:15:00,A43 ,35.0,37.0,2.47,1.52,1.0,4.99
2026-04-03_rep_4,AC832,10:17:00,26.0,11:00:00,11:34:00,B14 A,172.0,24.0,11.24,0.09,34.0,45.33
2026-04-03_rep_4,AY1541,12:26:00,-11.0,12:20:00,12:32:00,A57 ,56.0,11.0,5.28,1.48,12.0,18.76
2026-04-03_rep_4,AY1545,21:24:00,-9.0,21:27:00,21:30:00,A45 ,47.0,16.0,4.13,1.57,3.0,8.7
2026-04-03_rep_4,AZ148,11:42:00,-9.0,11:51:00,11:52:00,A58 ,15.0,25.0,1.06,1.61,1.0,3.67
2026-04-03_rep_4,AZ154,22:09:00,28.0,22:50:00,22:52:00,A67 ,25.0,17.0,1.97,1.8,2.0,5.77
2026-04-03_rep_4,AZ156,13:50:00,11.0,14:13:00,14:34:00,A53 ,24.0,17.0,2.17,1.52,21.0,24.69
2026-04-03_rep_4,AZ160,21:07:00,5.0,21:26:00,21:31:00,A64 ,79.0,21.0,5.89,1.74,5.0,12.63
2026-04-03_rep_4,BA384,13:02:00,-5.0,13:15:00,13:20:00,B30 A,92.0,25.0,5.99,0.08,5.0,11.07
2026-04-03_rep_4,BA386,19:14:00,-5.0,19:33:00,19:37:00,B27 A,90.0,28.0,7.23,0.08,4.0,11.31
2026-04-03_rep_4,BA390,23:45:00,-18.0,23:43:00,23:47:00,B28 A,85.0,21.0,5.52,0.08,4.0,9.61
2026-04-03_rep_4,BT601,12:00:00,0.0,12:18:00,12:20:00,A51 ,12.0,23.0,0.9,2.28,2.0,5.18
2026-04-03_rep_4,BT603,21:38:00,9.0,22:01:00,22:02:00,A60 ,23.0,22.0,1.5,1.81,1.0,4.31
2026-04-03_rep_4,DN403,16:37:00,-1.0,16:48:00,16:49:00,A58 ,29.0,19.0,1.93,1.51,1.0,4.45
2026-04-03_rep_4,EI630,12:45:00,-22.0,12:41:00,12:46:00,B32 A,138.0,23.0,9.56,0.1,5.0,14.67
2026-04-03_rep_4,EI638,23:50:00,2.0,00:14:00,00:17:00,B14 A,96.0,27.0,6.38,0.1,3.0,9.48
2026-04-03_rep_4,EK181,22:35:00,15.0,23:03:00,23:34:00,B31 A,195.0,18.0,14.47,0.11,31.0,45.57
2026-04-03_rep_4,ET750,10:10:00,3.0,10:31:00,11:28:00,B31 A,412.0,23.0,16.1,4.6,57.0,77.7
2026-04-03_rep_4,EY57,11:06:00,6.0,11:32:00,11:44:00,B5  A,194.0,26.0,16.19,1.52,12.0,29.71
2026-04-03_rep_4,FB407,22:51:00,59.0,23:59:00,00:00:00,A49 ,7.0,15.0,0.55,1.6,1.0,3.15
2026-04-03_rep_4,FH8014,18:20:00,-28.0,18:04:00,18:06:00,B9  A,25.0,17.0,2.02,1.52,2.0,5.53
2026-04-03_rep_4,FI554,16:03:00,49.0,17:07:00,17:10:00,A50 ,60.0,23.0,4.6,1.66,3.0,9.26
2026-04-03_rep_4,GQ800,16:11:00,11.0,16:39:00,16:43:00,A54 ,125.0,23.0,12.28,1.56,4.0,17.84
2026-04-03_rep_4,HV9024,00:40:00,0.0,00:58:00,01:01:00,A65 ,32.0,23.0,2.58,1.8,3.0,7.38
2026-04-03_rep_4,IB1299,17:51:00,-4.0,18:01:00,18:02:00,A51 ,37.0,20.0,2.86,1.78,1.0,5.64
2026-04-03_rep_4,IB597,14:29:00,-9.0,14:33:00,14:37:00,A49 ,73.0,17.0,5.39,1.38,4.0,10.78
2026-04-03_rep_4,IB601,22:07:00,71.0,23:28:00,23:30:00,A45 ,57.0,17.0,4.55,1.74,2.0,8.3
2026-04-03_rep_4,IB603,01:36:00,-6.0,01:43:00,01:45:00,A45 ,36.0,19.0,3.09,1.6,2.0,6.68
2026-04-03_rep_4,JU270,12:11:00,-2.0,12:21:00,12:24:00,B7  A,27.0,18.0,2.1,1.8,3.0,6.9
2026-04-03_rep_4,KM420,22:21:00,-23.0,22:13:00,22:16:00,A53 ,104.0,21.0,9.05,1.5,3.0,13.55
2026-04-03_rep_4,LO231,01:41:00,-7.0,01:46:00,01:47:00,A59 ,12.0,18.0,0.88,1.63,1.0,3.51
2026-04-03_rep_4,LO233,21:44:00,-10.0,21:50:00,21:52:00,A56 ,31.0,20.0,2.0,2.34,2.0,6.35
2026-04-03_rep_4,LO235,12:31:00,-27.0,12:22:00,12:24:00,A49 ,6.0,24.0,0.39,2.0,2.0,4.4
2026-04-03_rep_4,LO237,19:06:00,-18.0,19:00:00,19:02:00,A52 ,27.0,18.0,2.36,1.76,2.0,6.11
2026-04-03_rep_4,LX780,17:19:00,8.0,17:42:00,17:44:00,A53 ,57.0,19.0,4.04,1.79,2.0,7.83
2026-04-03_rep_4,LX786,12:05:00,25.0,12:42:00,12:52:00,A52 ,44.0,27.0,3.4,2.05,10.0,15.45
2026-04-03_rep_4,LX788,21:39:00,6.0,22:04:00,22:16:00,A43 ,77.0,23.0,5.53,2.21,12.0,19.73
2026-04-03_rep_4,MS725,18:19:00,12.0,18:46:00,19:01:00,B11 A,176.0,19.0,11.88,0.08,15.0,26.96
2026-04-03_rep_4,OS291,12:10:00,-12.0,12:12:00,12:13:00,A53 ,30.0,19.0,3.0,1.61,1.0,5.61
2026-04-03_rep_4,OS295,19:50:00,-13.0,19:51:00,19:56:00,A45 ,59.0,19.0,4.57,1.38,5.0,10.96
2026-04-03_rep_4,OS297,22:16:00,-10.0,22:24:00,22:26:00,A47 ,22.0,24.0,1.71,1.69,2.0,5.4
2026-04-03_rep_4,OU4456,22:55:00,-7.0,23:05:00,23:06:00,A57 ,34.0,22.0,2.37,1.62,1.0,4.99
2026-04-03_rep_4,OU456,11:50:00,-1.0,11:59:00,12:00:00,A60 ,6.0,20.0,0.56,1.89,1.0,3.46
2026-04-03_rep_4,QS1002,21:51:00,-17.0,21:44:00,21:45:00,A65 ,14.0,16.0,1.22,1.87,1.0,4.1
2026-04-03_rep_4,RO373,20:30:00,-14.0,20:30:00,20:33:00,A53 ,39.0,19.0,3.29,1.58,3.0,7.87
2026-04-03_rep_4,SK1589,21:20:00,-8.0,21:30:00,21:33:00,A47 ,21.0,23.0,1.59,1.85,3.0,6.44
2026-04-03_rep_4,SK1593,17:40:00,-5.0,17:49:00,17:51:00,A45 ,51.0,19.0,3.82,1.61,2.0,7.43
2026-04-03_rep_4,SK1595,21:34:00,-9.0,21:36:00,21:38:00,A49 ,30.0,15.0,2.27,1.19,2.0,5.46
2026-04-03_rep_4,SK4743,13:46:00,4.0,14:08:00,14:12:00,A51 ,55.0,24.0,4.07,1.7,4.0,9.77
2026-04-03_rep_4,SK589,13:21:00,-17.0,13:23:00,13:30:00,A43 ,100.0,25.0,8.85,1.62,7.0,17.47
2026-04-03_rep_4,SK593,12:56:00,-20.0,12:53:00,12:57:00,A60 ,35.0,33.0,2.83,1.56,4.0,8.39
2026-04-03_rep_4,SK597,22:57:00,0.0,23:15:00,23:18:00,A43 ,28.0,25.0,1.7,1.62,3.0,6.32
2026-04-03_rep_4,SN2096,23:04:00,8.0,23:40:00,23:45:00,B30 A,86.0,32.0,5.87,0.1,5.0,10.97
2026-04-03_rep_4,SN2184,11:34:00,-6.0,11:50:00,12:03:00,B29 A,20.0,26.0,1.63,0.1,13.0,14.73
2026-04-03_rep_4,SN2258,16:31:00,-5.0,16:48:00,16:49:00,A47 ,32.0,28.0,2.69,1.88,1.0,5.57
2026-04-03_rep_4,SN2260,22:53:00,3.0,23:06:00,23:08:00,A40 ,34.0,18.0,2.22,1.52,2.0,5.74
2026-04-03_rep_4,SN2264,03:18:00,43.0,04:19:00,04:20:00,A47 ,3.0,86.0,0.23,2.04,1.0,3.27
2026-04-03_rep_4,SN2284,23:11:00,-6.0,23:26:00,23:28:00,A56 ,32.0,27.0,2.72,1.37,2.0,6.09
2026-04-03_rep_4,SN229,08:06:00,74.0,09:41:00,10:22:00,B14 A,144.0,27.0,10.66,0.11,41.0,51.77
2026-04-03_rep_4,SN2292,18:08:00,-12.0,18:12:00,18:14:00,A46 ,44.0,19.0,4.04,1.75,2.0,7.78
2026-04-03_rep_4,SN2294,22:57:00,-22.0,22:47:00,22:49:00,A64 ,41.0,19.0,3.91,1.51,2.0,7.42
2026-04-03_rep_4,SN2318,23:04:00,-9.0,23:14:00,23:16:00,A46 ,29.0,23.0,1.76,1.68,2.0,5.44
2026-04-03_rep_4,SN2324,11:43:00,-5.0,12:05:00,12:07:00,A48 ,13.0,30.0,1.15,1.72,2.0,4.87
2026-04-03_rep_4,SN2372,20:58:00,-21.0,20:52:00,20:53:00,A54 ,29.0,23.0,2.17,1.63,1.0,4.79
2026-04-03_rep_4,SN2548,20:26:00,33.0,21:10:00,21:12:00,A40 ,43.0,17.0,2.98,1.61,2.0,6.58
2026-04-03_rep_4,SN2556,23:14:00,-6.0,23:25:00,23:26:00,A60 ,27.0,21.0,2.08,1.31,1.0,4.39
2026-04-03_rep_4,SN2580,13:10:00,-25.0,13:03:00,13:05:00,A42 ,38.0,33.0,2.56,1.78,2.0,6.34
2026-04-03_rep_4,SN2582,16:10:00,0.0,16:30:00,16:32:00,A60 ,62.0,25.0,5.04,2.28,2.0,9.32
2026-04-03_rep_4,SN2588,23:20:00,5.0,23:36:00,23:37:00,A68 ,18.0,21.0,1.89,1.48,1.0,4.37
2026-04-03_rep_4,SN2590,01:19:00,27.0,02:02:00,02:03:00,A50 ,5.0,20.0,0.39,1.85,1.0,3.24
2026-04-03_rep_4,SN2608,13:27:00,-2.0,13:52:00,13:55:00,A50 ,48.0,44.0,3.64,1.38,3.0,8.02
2026-04-03_rep_4,SN2612,16:45:00,-17.0,16:42:00,16:44:00,A55 ,47.0,19.0,4.4,1.23,2.0,7.63
2026-04-03_rep_4,SN2614,20:36:00,-12.0,20:38:00,20:40:00,A62 ,41.0,20.0,3.64,1.74,2.0,7.38
2026-04-03_rep_4,SN2616,23:45:00,-16.0,23:40:00,23:45:00,A47 ,33.0,16.0,2.62,1.41,5.0,9.02
2026-04-03_rep_4,SN2618,01:40:00,2.0,02:03:00,02:05:00,A47 ,76.0,26.0,9.37,1.5,2.0,12.86
2026-04-03_rep_4,SN2624,15:55:00,-8.0,16:00:00,16:01:00,A45 ,14.0,18.0,1.01,1.64,1.0,3.65
2026-04-03_rep_4,SN2630,11:18:00,-4.0,12:29:00,12:30:00,A50 ,3.0,78.0,0.19,1.94,1.0,3.14
2026-04-03_rep_4,SN2644,16:13:00,-13.0,16:18:00,16:20:00,A44 ,67.0,21.0,5.68,1.65,2.0,9.34
2026-04-03_rep_4,SN2646,19:18:00,7.0,19:37:00,19:40:00,A44 ,43.0,15.0,3.9,1.35,3.0,8.26
2026-04-03_rep_4,SN2648,20:23:00,7.0,20:46:00,20:49:00,A46 ,94.0,24.0,10.48,1.68,3.0,15.16
2026-04-03_rep_4,SN2650,23:01:00,6.0,23:28:00,23:31:00,A48 ,43.0,27.0,2.93,1.35,3.0,7.28
2026-04-03_rep_4,SN2652,02:13:00,-7.0,02:21:00,02:23:00,A60 ,18.0,18.0,1.28,1.63,2.0,4.91
2026-04-03_rep_4,SN2714,15:48:00,8.0,16:28:00,16:30:00,A46 ,60.0,35.0,4.9,1.7,2.0,8.59
2026-04-03_rep_4,SN2722,21:38:00,2.0,22:01:00,22:05:00,A44 ,80.0,29.0,6.62,1.27,4.0,11.89
2026-04-03_rep_4,SN2724,01:34:00,9.0,02:06:00,02:08:00,A66 ,61.0,27.0,4.6,2.26,2.0,8.86
2026-04-03_rep_4,SN2726,11:27:00,-8.0,11:48:00,11:49:00,A42 ,15.0,36.0,1.26,2.17,1.0,4.43
2026-04-03_rep_4,SN2730,13:24:00,22.0,14:05:00,14:07:00,A40 ,38.0,28.0,3.64,2.07,2.0,7.71
2026-04-03_rep_4,SN278,08:43:00,-16.0,08:40:00,09:10:00,B37 A,123.0,16.0,9.09,0.1,30.0,39.19
2026-04-03_rep_4,SN2810,16:24:00,-9.0,16:30:00,16:33:00,A56 ,23.0,19.0,2.05,1.65,3.0,6.7
2026-04-03_rep_4,SN2812,23:24:00,17.0,00:03:00,00:06:00,A50 ,73.0,31.0,6.36,1.45,3.0,10.81
2026-04-03_rep_4,SN2814,01:48:00,-10.0,01:56:00,01:57:00,A62 ,3.0,21.0,0.23,1.65,1.0,2.87
2026-04-03_rep_4,SN2816,11:24:00,-11.0,11:31:00,11:36:00,A56 ,42.0,22.0,3.29,2.0,5.0,10.29
2026-04-03_rep_4,SN2824,17:09:00,67.0,18:32:00,18:34:00,A48 ,55.0,20.0,3.76,1.9,2.0,7.65
2026-04-03_rep_4,SN2826,23:12:00,21.0,23:46:00,23:49:00,A44 ,36.0,20.0,3.15,1.67,3.0,7.82
2026-04-03_rep_4,SN2830,11:39:00,-6.0,11:58:00,12:01:00,A47 ,15.0,29.0,1.44,1.3,3.0,5.74
2026-04-03_rep_4,SN2900,07:39:00,-14.0,07:38:00,07:53:00,B38 A,55.0,17.0,4.81,0.09,15.0,19.9
2026-04-03_rep_4,SN2906,23:02:00,-17.0,22:56:00,22:57:00,A54 ,26.0,18.0,1.98,2.01,1.0,4.99
2026-04-03_rep_4,SN2908,01:53:00,15.0,02:16:00,02:17:00,A48 ,9.0,11.0,1.04,1.86,1.0,3.9
2026-04-03_rep_4,SN3126,21:08:00,-5.0,21:31:00,21:35:00,A48 ,68.0,36.0,6.35,1.84,4.0,12.19
2026-04-03_rep_4,SN3146,14:12:00,-9.0,14:19:00,14:20:00,A52 ,19.0,28.0,1.64,1.98,1.0,4.63
2026-04-03_rep_4,SN3148,17:49:00,-10.0,17:59:00,18:01:00,A54 ,36.0,24.0,2.81,1.25,2.0,6.05
2026-04-03_rep_4,SN3154,13:20:00,-5.0,13:32:00,13:34:00,A48 ,33.0,27.0,2.55,1.65,2.0,6.2
2026-04-03_rep_4,SN3160,02:18:00,10.0,02:46:00,02:48:00,A64 ,21.0,21.0,1.44,1.8,2.0,5.24
2026-04-03_rep_4,SN3176,15:29:00,14.0,16:10:00,16:13:00,A48 ,87.0,31.0,7.96,1.57,3.0,12.53
2026-04-03_rep_4,SN3182,23:29:00,14.0,00:06:00,00:07:00,A58 ,42.0,32.0,3.2,1.97,1.0,6.18
2026-04-03_rep_4,SN3184,02:22:00,0.0,02:40:00,02:43:00,A49 ,97.0,25.0,9.31,1.71,3.0,14.02
2026-04-03_rep_4,SN3202,17:24:00,-9.0,17:38:00,17:41:00,A42 ,70.0,27.0,4.97,1.39,3.0,9.36
2026-04-03_rep_4,SN3208,11:44:00,-10.0,12:03:00,12:05:00,A54 ,41.0,33.0,3.26,1.53,2.0,6.79
2026-04-03_rep_4,SN3246,20:54:00,26.0,21:41:00,21:44:00,A61 ,79.0,25.0,6.51,1.67,3.0,11.17
2026-04-03_rep_4,SN3588,17:39:00,5.0,18:09:00,18:11:00,A58 ,35.0,29.0,2.79,1.74,2.0,6.53
2026-04-03_rep_4,SN3594,11:34:00,-3.0,12:20:00,12:21:00,A46 ,1.0,53.0,0.09,1.31,1.0,2.4
2026-04-03_rep_4,SN3598,18:19:00,1.0,18:36:00,18:39:00,A63 ,63.0,20.0,4.31,1.69,3.0,9.0
2026-04-03_rep_4,SN3604,11:31:00,-3.0,11:43:00,11:45:00,A43 ,16.0,21.0,1.15,1.49,2.0,4.64
2026-04-03_rep_4,SN3618,18:35:00,14.0,19:07:00,19:10:00,A65 ,67.0,23.0,5.54,1.82,3.0,10.36
2026-04-03_rep_4,SN3622,21:13:00,25.0,21:58:00,22:00:00,A58 ,28.0,23.0,2.85,1.52,2.0,6.38
2026-04-03_rep_4,SN3632,12:47:00,-3.0,13:03:00,13:14:00,A44 ,4.0,36.0,0.32,1.43,11.0,12.75
2026-04-03_rep_4,SN3634,14:04:00,8.0,14:30:00,14:40:00,A60 ,3.0,27.0,0.31,1.85,10.0,12.17
2026-04-03_rep_4,SN3668,16:55:00,-4.0,17:13:00,17:15:00,A57 ,45.0,27.0,3.58,1.7,2.0,7.28
2026-04-03_rep_4,SN3676,11:41:00,0.0,12:12:00,12:13:00,A45 ,15.0,37.0,1.31,2.28,1.0,4.59
2026-04-03_rep_4,SN3698,17:36:00,39.0,18:35:00,18:37:00,A60 ,46.0,26.0,3.41,1.54,2.0,6.95
2026-04-03_rep_4,SN3704,20:18:00,89.0,22:10:00,22:12:00,A50 ,96.0,26.0,9.13,1.65,2.0,12.77
2026-04-03_rep_4,SN3706,02:29:00,19.0,04:07:00,04:12:00,A58 ,62.0,83.0,4.87,1.77,5.0,11.64
2026-04-03_rep_4,SN3708,10:44:00,34.0,11:45:00,11:51:00,A52 ,38.0,31.0,2.38,1.86,6.0,10.23
2026-04-03_rep_4,SN3712,21:47:00,7.0,22:14:00,22:15:00,A66 ,15.0,27.0,1.43,1.51,1.0,3.94
2026-04-03_rep_4,SN3722,17:59:00,1.0,18:18:00,18:20:00,A40 ,20.0,22.0,1.57,1.67,2.0,5.24
2026-04-03_rep_4,SN3728,23:03:00,18.0,23:40:00,23:42:00,A42 ,28.0,27.0,2.31,1.19,2.0,5.5
2026-04-03_rep_4,SN3732,11:38:00,10.0,12:01:00,12:04:00,A40 ,9.0,16.0,0.77,1.84,3.0,5.61
2026-04-03_rep_4,SN3734,15:59:00,9.0,16:21:00,16:22:00,A40 ,22.0,22.0,1.84,1.42,1.0,4.26
2026-04-03_rep_4,SN3738,02:13:00,-18.0,02:09:00,02:11:00,A56 ,34.0,17.0,2.81,1.92,2.0,6.73
2026-04-03_rep_4,SN3752,17:39:00,15.0,18:21:00,18:24:00,A61 ,67.0,31.0,7.29,1.7,3.0,11.99
2026-04-03_rep_4,SN3772,14:43:00,-1.0,14:57:00,15:00:00,A42 ,39.0,23.0,3.39,2.03,3.0,8.42
2026-04-03_rep_4,SN3774,01:24:00,1.0,01:39:00,01:41:00,A54 ,49.0,23.0,3.74,1.08,2.0,6.82
2026-04-03_rep_4,SN3782,02:37:00,-13.0,02:55:00,04:11:00,A61 ,104.0,38.0,9.91,1.39,76.0,87.3
2026-04-03_rep_4,SN379,08:11:00,29.0,08:59:00,09:27:00,B28 A,76.0,25.0,6.52,0.11,28.0,34.62
2026-04-03_rep_4,SN3802,19:08:00,-4.0,19:27:00,19:30:00,A40 ,32.0,31.0,2.4,1.53,3.0,6.94
2026-04-03_rep_4,SN3810,23:15:00,-4.0,23:31:00,23:34:00,A61 ,65.0,25.0,5.2,1.34,3.0,9.55
2026-04-03_rep_4,SN3812,19:21:00,19.0,20:00:00,20:02:00,A43 ,35.0,26.0,2.23,1.42,2.0,5.65
2026-04-03_rep_4,SN3816,18:43:00,10.0,19:21:00,19:24:00,A50 ,72.0,31.0,5.19,1.63,3.0,9.82
2026-04-03_rep_4,SN3820,02:47:00,-1.0,04:06:00,04:09:00,A67 ,66.0,87.0,4.2,1.58,3.0,8.78
2026-04-03_rep_4,SN465,09:52:00,27.0,10:45:00,11:00:00,B28 A,78.0,33.0,5.99,0.11,15.0,21.1
2026-04-03_rep_4,SN502,10:46:00,15.0,11:13:00,11:41:00,B30 A,116.0,18.0,9.2,0.07,28.0,37.27
2026-04-03_rep_4,SN516,10:30:00,-35.0,10:08:00,10:23:00,B29 A,21.0,18.0,1.6,0.09,15.0,16.69
2026-04-03_rep_4,TB1012,15:45:00,549.0,01:08:00,01:10:00,A53 ,37.0,19.0,3.13,2.05,2.0,7.18
2026-04-03_rep_4,TB1014,00:26:00,71.0,01:57:00,02:01:00,A69 ,138.0,26.0,11.03,1.9,4.0,16.94
2026-04-03_rep_4,TB1114,00:26:00,5.0,00:56:00,01:00:00,A55 ,99.0,31.0,6.52,1.92,4.0,12.44
2026-04-03_rep_4,TB1419,17:11:00,28.0,17:58:00,18:01:00,A67 ,46.0,25.0,3.39,1.22,3.0,7.61
2026-04-03_rep_4,TB1552,01:31:00,4.0,01:48:00,01:52:00,A63 ,88.0,19.0,5.74,1.59,4.0,11.33
2026-04-03_rep_4,TB1754,02:34:00,6.0,04:02:00,04:06:00,A65 ,127.0,91.0,9.99,1.36,4.0,15.35
2026-04-03_rep_4,TB1912,00:57:00,-27.0,00:48:00,00:51:00,A51 ,111.0,25.0,8.86,1.55,3.0,13.42
2026-04-03_rep_4,TB2042,22:14:00,-8.0,22:25:00,22:30:00,B9  A,136.0,23.0,10.59,1.47,5.0,17.06
2026-04-03_rep_4,TB2582,17:24:00,24.0,18:07:00,18:09:00,B27 A,65.0,23.0,5.28,0.08,2.0,7.35
2026-04-03_rep_4,TB3012,21:35:00,3.0,21:55:00,22:07:00,B7  A,180.0,22.0,14.78,1.5,12.0,28.28
2026-04-03_rep_4,TB3102,21:29:00,12.0,21:59:00,22:07:00,B38 A,112.0,22.0,9.12,0.09,8.0,17.21
2026-04-03_rep_4,TG934,10:19:00,-18.0,10:17:00,10:52:00,B37 A,269.0,20.0,17.98,0.1,35.0,53.08
2026-04-03_rep_4,TK1937,13:29:00,-16.0,13:44:00,13:46:00,B29 A,141.0,50.0,13.89,0.1,2.0,15.99
2026-04-03_rep_4,TK1939,20:57:00,1.0,21:17:00,21:26:00,B28 A,110.0,26.0,8.33,0.13,9.0,17.46
2026-04-03_rep_4,TK1941,00:32:00,19.0,01:03:00,01:12:00,B7  A,176.0,19.0,12.31,1.31,9.0,22.61
2026-04-03_rep_4,TK1943,16:32:00,-17.0,16:23:00,16:35:00,B9  A,101.0,15.0,7.05,1.44,12.0,20.49
2026-04-03_rep_4,TK1945,18:19:00,-14.0,18:19:00,18:24:00,B7  A,115.0,18.0,9.69,2.12,5.0,16.81
2026-04-03_rep_4,TP640,14:07:00,1.0,14:19:00,14:26:00,A47 ,72.0,18.0,5.97,1.66,7.0,14.63
2026-04-03_rep_4,TP642,18:10:00,31.0,18:51:00,19:05:00,A59 ,107.0,15.0,8.24,1.84,14.0,24.08
2026-04-03_rep_4,TP644,23:12:00,-3.0,23:24:00,23:29:00,A51 ,69.0,22.0,4.86,2.04,5.0,11.9
2026-04-03_rep_4,TP646,03:02:00,66.0,04:22:00,04:28:00,A53 ,84.0,21.0,7.01,1.57,6.0,14.58
2026-04-03_rep_4,TU954,15:26:00,40.0,16:24:00,16:30:00,B7  A,102.0,24.0,6.39,1.66,6.0,14.05
2026-04-03_rep_4,UA950,10:20:00,-22.0,10:24:00,10:51:00,B40 A,188.0,31.0,15.71,0.1,27.0,42.82
2026-04-03_rep_4,UA972,12:06:00,-27.0,11:58:00,12:28:00,B40 A,91.0,25.0,8.6,0.1,30.0,38.7
2026-04-03_rep_4,UA994,10:51:00,-50.0,10:18:00,10:42:00,B38 A,177.0,23.0,12.96,0.1,24.0,37.05
2026-04-03_rep_4,UX1171,12:58:00,25.0,13:41:00,13:46:00,A56 ,85.0,31.0,6.26,1.3,5.0,12.56
2026-04-03_rep_4,UX1173,20:47:00,7.0,21:08:00,21:10:00,A51 ,57.0,21.0,3.98,2.26,2.0,8.24
2026-04-03_rep_4,VF65,14:20:00,-8.0,14:27:00,14:32:00,B27 A,85.0,20.0,7.7,0.11,5.0,12.81
2026-04-03_rep_4,VF67,19:16:00,-16.0,19:21:00,19:28:00,B28 A,113.0,27.0,9.2,0.08,7.0,16.27
2026-04-03_rep_4,VY1332,12:10:00,1.0,12:19:00,12:20:00,A59 ,14.0,13.0,1.26,1.56,1.0,3.82
2026-04-03_rep_4,VY3650,20:16:00,-13.0,20:16:00,20:17:00,A47 ,28.0,19.0,1.83,1.83,1.0,4.66
2026-04-03_rep_4,VY8980,12:51:00,8.0,13:17:00,13:20:00,A45 ,16.0,24.0,1.13,2.17,3.0,6.3
2026-04-03_rep_4,VY8982,20:30:00,-5.0,20:50:00,20:56:00,A59 ,115.0,30.0,7.99,1.81,6.0,15.8
2026-04-03_rep_4,VY8984,00:06:00,-10.0,00:09:00,00:16:00,A43 ,90.0,19.0,6.96,1.26,7.0,15.22
2026-04-03_rep_4,VY8986,17:36:00,7.0,18:14:00,18:15:00,A43 ,35.0,37.0,4.2,1.93,1.0,7.13
2026-04-03_rep_5,AC832,10:17:00,26.0,11:00:00,11:34:00,B14 A,172.0,24.0,18.08,0.08,34.0,52.16
2026-04-03_rep_5,AY1541,12:26:00,-11.0,12:20:00,12:32:00,A57 ,56.0,11.0,5.02,1.81,12.0,18.83
2026-04-03_rep_5,AY1545,21:24:00,-9.0,21:27:00,21:30:00,A45 ,47.0,16.0,3.41,1.5,3.0,7.91
2026-04-03_rep_5,AZ148,11:42:00,-9.0,11:51:00,11:52:00,A58 ,15.0,25.0,1.39,1.78,1.0,4.16
2026-04-03_rep_5,AZ154,22:09:00,28.0,22:50:00,22:52:00,A67 ,25.0,17.0,1.96,1.44,2.0,5.4
2026-04-03_rep_5,AZ156,13:50:00,11.0,14:13:00,14:34:00,A53 ,24.0,17.0,2.29,1.55,21.0,24.85
2026-04-03_rep_5,AZ160,21:07:00,5.0,21:26:00,21:31:00,A64 ,79.0,21.0,5.57,1.97,5.0,12.54
2026-04-03_rep_5,BA384,13:02:00,-5.0,13:15:00,13:20:00,B30 A,92.0,25.0,6.88,0.11,5.0,11.99
2026-04-03_rep_5,BA386,19:14:00,-5.0,19:33:00,19:37:00,B27 A,90.0,28.0,7.4,0.08,4.0,11.47
2026-04-03_rep_5,BA390,23:45:00,-18.0,23:43:00,23:47:00,B28 A,85.0,21.0,7.28,0.11,4.0,11.39
2026-04-03_rep_5,BT601,12:00:00,0.0,12:18:00,12:20:00,A51 ,12.0,23.0,0.95,1.45,2.0,4.4
2026-04-03_rep_5,BT603,21:38:00,9.0,22:01:00,22:02:00,A60 ,23.0,22.0,2.04,1.7,1.0,4.74
2026-04-03_rep_5,DN403,16:37:00,-1.0,16:48:00,16:49:00,A58 ,29.0,19.0,2.43,2.02,1.0,5.45
2026-04-03_rep_5,EI630,12:45:00,-22.0,12:41:00,12:46:00,B32 A,138.0,23.0,8.72,0.09,5.0,13.81
2026-04-03_rep_5,EI638,23:50:00,2.0,00:14:00,00:17:00,B14 A,96.0,27.0,7.66,0.09,3.0,10.74
2026-04-03_rep_5,EK181,22:35:00,15.0,23:03:00,23:34:00,B31 A,195.0,18.0,13.2,0.12,31.0,44.32
2026-04-03_rep_5,ET750,10:10:00,3.0,10:31:00,11:28:00,B31 A,412.0,23.0,16.1,4.6,57.0,77.7
2026-04-03_rep_5,EY57,11:06:00,6.0,11:32:00,11:44:00,B5  A,194.0,26.0,16.37,1.54,12.0,29.91
2026-04-03_rep_5,FB407,22:51:00,59.0,23:59:00,00:00:00,A49 ,7.0,15.0,0.55,1.59,1.0,3.14
2026-04-03_rep_5,FH8014,18:20:00,-28.0,18:04:00,18:06:00,B9  A,25.0,17.0,1.98,1.93,2.0,5.91
2026-04-03_rep_5,FI554,16:03:00,49.0,17:07:00,17:10:00,A50 ,60.0,23.0,4.36,1.69,3.0,9.06
2026-04-03_rep_5,GQ800,16:11:00,11.0,16:39:00,16:43:00,A54 ,125.0,23.0,7.82,1.66,4.0,13.48
2026-04-03_rep_5,HV9024,00:40:00,0.0,00:58:00,01:01:00,A65 ,32.0,23.0,2.94,1.3,3.0,7.24
2026-04-03_rep_5,IB1299,17:51:00,-4.0,18:01:00,18:02:00,A51 ,37.0,20.0,3.11,2.08,1.0,6.2
2026-04-03_rep_5,IB597,14:29:00,-9.0,14:33:00,14:37:00,A49 ,73.0,17.0,5.34,1.43,4.0,10.77
2026-04-03_rep_5,IB601,22:07:00,71.0,23:28:00,23:30:00,A45 ,57.0,17.0,4.05,1.83,2.0,7.87
2026-04-03_rep_5,IB603,01:36:00,-6.0,01:43:00,01:45:00,A45 ,36.0,19.0,2.37,1.97,2.0,6.34
2026-04-03_rep_5,JU270,12:11:00,-2.0,12:21:00,12:24:00,B7  A,27.0,18.0,1.8,1.16,3.0,5.96
2026-04-03_rep_5,KM420,22:21:00,-23.0,22:13:00,22:16:00,A53 ,104.0,21.0,6.84,1.84,3.0,11.68
2026-04-03_rep_5,LO231,01:41:00,-7.0,01:46:00,01:47:00,A59 ,12.0,18.0,0.99,1.35,1.0,3.33
2026-04-03_rep_5,LO233,21:44:00,-10.0,21:50:00,21:52:00,A56 ,31.0,20.0,3.15,1.48,2.0,6.63
2026-04-03_rep_5,LO235,12:31:00,-27.0,12:22:00,12:24:00,A49 ,6.0,24.0,0.38,1.51,2.0,3.9
2026-04-03_rep_5,LO237,19:06:00,-18.0,19:00:00,19:02:00,A52 ,27.0,18.0,1.86,2.12,2.0,5.99
2026-04-03_rep_5,LX780,17:19:00,8.0,17:42:00,17:44:00,A53 ,57.0,19.0,4.64,1.96,2.0,8.59
2026-04-03_rep_5,LX786,12:05:00,25.0,12:42:00,12:52:00,A52 ,44.0,27.0,3.03,1.58,10.0,14.61
2026-04-03_rep_5,LX788,21:39:00,6.0,22:04:00,22:16:00,A43 ,77.0,23.0,7.25,1.97,12.0,21.22
2026-04-03_rep_5,MS725,18:19:00,12.0,18:46:00,19:01:00,B11 A,176.0,19.0,13.91,0.09,15.0,29.01
2026-04-03_rep_5,OS291,12:10:00,-12.0,12:12:00,12:13:00,A53 ,30.0,19.0,2.69,1.42,1.0,5.11
2026-04-03_rep_5,OS295,19:50:00,-13.0,19:51:00,19:56:00,A45 ,59.0,19.0,4.22,1.46,5.0,10.68
2026-04-03_rep_5,OS297,22:16:00,-10.0,22:24:00,22:26:00,A47 ,22.0,24.0,1.48,1.63,2.0,5.11
2026-04-03_rep_5,OU4456,22:55:00,-7.0,23:05:00,23:06:00,A57 ,34.0,22.0,2.48,1.52,1.0,5.0
2026-04-03_rep_5,OU456,11:50:00,-1.0,11:59:00,12:00:00,A60 ,6.0,20.0,0.51,1.7,1.0,3.2
2026-04-03_rep_5,QS1002,21:51:00,-17.0,21:44:00,21:45:00,A65 ,14.0,16.0,1.26,1.41,1.0,3.67
2026-04-03_rep_5,RO373,20:30:00,-14.0,20:30:00,20:33:00,A53 ,39.0,19.0,2.96,1.81,3.0,7.76
2026-04-03_rep_5,SK1589,21:20:00,-8.0,21:30:00,21:33:00,A47 ,21.0,23.0,1.47,1.91,3.0,6.38
2026-04-03_rep_5,SK1593,17:40:00,-5.0,17:49:00,17:51:00,A45 ,51.0,19.0,3.79,1.73,2.0,7.53
2026-04-03_rep_5,SK1595,21:34:00,-9.0,21:36:00,21:38:00,A49 ,30.0,15.0,2.29,1.6,2.0,5.89
2026-04-03_rep_5,SK4743,13:46:00,4.0,14:08:00,14:12:00,A51 ,55.0,24.0,4.15,1.62,4.0,9.76
2026-04-03_rep_5,SK589,13:21:00,-17.0,13:23:00,13:30:00,A43 ,100.0,25.0,7.29,1.85,7.0,16.13
2026-04-03_rep_5,SK593,12:56:00,-20.0,12:53:00,12:57:00,A60 ,35.0,33.0,2.38,1.25,4.0,7.63
2026-04-03_rep_5,SK597,22:57:00,0.0,23:15:00,23:18:00,A43 ,28.0,25.0,2.3,2.27,3.0,7.57
2026-04-03_rep_5,SN2096,23:04:00,8.0,23:40:00,23:45:00,B30 A,86.0,32.0,6.89,0.08,5.0,11.97
2026-04-03_rep_5,SN2184,11:34:00,-6.0,11:50:00,12:03:00,B29 A,20.0,26.0,1.85,0.11,13.0,14.96
2026-04-03_rep_5,SN2258,16:31:00,-5.0,16:48:00,16:49:00,A47 ,32.0,28.0,2.71,1.79,1.0,5.5
2026-04-03_rep_5,SN2260,22:53:00,3.0,23:06:00,23:08:00,A40 ,34.0,18.0,4.01,1.76,2.0,7.78
2026-04-03_rep_5,SN2264,03:18:00,43.0,04:19:00,04:20:00,A47 ,3.0,86.0,0.25,1.52,1.0,2.77
2026-04-03_rep_5,SN2284,23:11:00,-6.0,23:26:00,23:28:00,A56 ,32.0,27.0,3.29,1.82,2.0,7.11
2026-04-03_rep_5,SN229,08:06:00,74.0,09:41:00,10:22:00,B14 A,144.0,27.0,10.58,0.11,41.0,51.69
2026-04-03_rep_5,SN2292,18:08:00,-12.0,18:12:00,18:14:00,A46 ,44.0,19.0,3.42,1.43,2.0,6.86
2026-04-03_rep_5,SN2294,22:57:00,-22.0,22:47:00,22:49:00,A64 ,41.0,19.0,4.44,1.46,2.0,7.9
2026-04-03_rep_5,SN2318,23:04:00,-9.0,23:14:00,23:16:00,A46 ,29.0,23.0,2.36,1.84,2.0,6.19
2026-04-03_rep_5,SN2324,11:43:00,-5.0,12:05:00,12:07:00,A48 ,13.0,30.0,0.98,1.53,2.0,4.52
2026-04-03_rep_5,SN2372,20:58:00,-21.0,20:52:00,20:53:00,A54 ,29.0,23.0,2.5,1.89,1.0,5.39
2026-04-03_rep_5,SN2548,20:26:00,33.0,21:10:00,21:12:00,A40 ,43.0,17.0,3.33,1.75,2.0,7.08
2026-04-03_rep_5,SN2556,23:14:00,-6.0,23:25:00,23:26:00,A60 ,27.0,21.0,2.14,1.59,1.0,4.73
2026-04-03_rep_5,SN2580,13:10:00,-25.0,13:03:00,13:05:00,A42 ,38.0,33.0,3.62,1.53,2.0,7.15
2026-04-03_rep_5,SN2582,16:10:00,0.0,16:30:00,16:32:00,A60 ,62.0,25.0,4.8,1.55,2.0,8.34
2026-04-03_rep_5,SN2588,23:20:00,5.0,23:36:00,23:37:00,A68 ,18.0,21.0,1.22,2.02,1.0,4.24
2026-04-03_rep_5,SN2590,01:19:00,27.0,02:02:00,02:03:00,A50 ,5.0,20.0,0.45,1.39,1.0,2.84
2026-04-03_rep_5,SN2608,13:27:00,-2.0,13:52:00,13:55:00,A50 ,48.0,44.0,4.96,1.42,3.0,9.37
2026-04-03_rep_5,SN2612,16:45:00,-17.0,16:42:00,16:44:00,A55 ,47.0,19.0,2.83,1.39,2.0,6.21
2026-04-03_rep_5,SN2614,20:36:00,-12.0,20:38:00,20:40:00,A62 ,41.0,20.0,2.95,2.04,2.0,6.99
2026-04-03_rep_5,SN2616,23:45:00,-16.0,23:40:00,23:45:00,A47 ,33.0,16.0,3.26,1.81,5.0,10.07
2026-04-03_rep_5,SN2618,01:40:00,2.0,02:03:00,02:05:00,A47 ,76.0,26.0,6.03,1.73,2.0,9.76
2026-04-03_rep_5,SN2624,15:55:00,-8.0,16:00:00,16:01:00,A45 ,14.0,18.0,1.61,1.97,1.0,4.57
2026-04-03_rep_5,SN2630,11:18:00,-4.0,12:29:00,12:30:00,A50 ,3.0,78.0,0.19,1.99,1.0,3.18
2026-04-03_rep_5,SN2644,16:13:00,-13.0,16:18:00,16:20:00,A44 ,67.0,21.0,4.81,1.79,2.0,8.59
2026-04-03_rep_5,SN2646,19:18:00,7.0,19:37:00,19:40:00,A44 ,43.0,15.0,3.19,0.98,3.0,7.17
2026-04-03_rep_5,SN2648,20:23:00,7.0,20:46:00,20:49:00,A46 ,94.0,24.0,8.65,1.89,3.0,13.54
2026-04-03_rep_5,SN2650,23:01:00,6.0,23:28:00,23:31:00,A48 ,43.0,27.0,4.15,1.7,3.0,8.85
2026-04-03_rep_5,SN2652,02:13:00,-7.0,02:21:00,02:23:00,A60 ,18.0,18.0,1.65,1.71,2.0,5.36
2026-04-03_rep_5,SN2714,15:48:00,8.0,16:28:00,16:30:00,A46 ,60.0,35.0,4.36,1.52,2.0,7.88
2026-04-03_rep_5,SN2722,21:38:00,2.0,22:01:00,22:05:00,A44 ,80.0,29.0,5.22,1.66,4.0,10.88
2026-04-03_rep_5,SN2724,01:34:00,9.0,02:06:00,02:08:00,A66 ,61.0,27.0,4.64,1.96,2.0,8.59
2026-04-03_rep_5,SN2726,11:27:00,-8.0,11:48:00,11:49:00,A42 ,15.0,36.0,1.25,1.45,1.0,3.7
2026-04-03_rep_5,SN2730,13:24:00,22.0,14:05:00,14:07:00,A40 ,38.0,28.0,2.62,1.76,2.0,6.38
2026-04-03_rep_5,SN278,08:43:00,-16.0,08:40:00,09:10:00,B37 A,123.0,16.0,8.32,0.1,30.0,38.42
2026-04-03_rep_5,SN2810,16:24:00,-9.0,16:30:00,16:33:00,A56 ,23.0,19.0,1.83,2.0,3.0,6.83
2026-04-03_rep_5,SN2812,23:24:00,17.0,00:03:00,00:06:00,A50 ,73.0,31.0,6.74,1.66,3.0,11.41
2026-04-03_rep_5,SN2814,01:48:00,-10.0,01:56:00,01:57:00,A62 ,3.0,21.0,0.26,1.59,1.0,2.85
2026-04-03_rep_5,SN2816,11:24:00,-11.0,11:31:00,11:36:00,A56 ,42.0,22.0,2.59,1.69,5.0,9.28
2026-04-03_rep_5,SN2824,17:09:00,67.0,18:32:00,18:34:00,A48 ,55.0,20.0,4.0,1.96,2.0,7.96
2026-04-03_rep_5,SN2826,23:12:00,21.0,23:46:00,23:49:00,A44 ,36.0,20.0,3.3,2.14,3.0,8.44
2026-04-03_rep_5,SN2830,11:39:00,-6.0,11:58:00,12:01:00,A47 ,15.0,29.0,1.07,1.89,3.0,5.96
2026-04-03_rep_5,SN2900,07:39:00,-14.0,07:38:00,07:53:00,B38 A,55.0,17.0,3.59,0.11,15.0,18.71
2026-04-03_rep_5,SN2906,23:02:00,-17.0,22:56:00,22:57:00,A54 ,26.0,18.0,1.93,1.68,1.0,4.61
2026-04-03_rep_5,SN2908,01:53:00,15.0,02:16:00,02:17:00,A48 ,9.0,11.0,0.74,1.5,1.0,3.24
2026-04-03_rep_5,SN3126,21:08:00,-5.0,21:31:00,21:35:00,A48 ,68.0,36.0,5.03,1.88,4.0,10.91
2026-04-03_rep_5,SN3146,14:12:00,-9.0,14:19:00,14:20:00,A52 ,19.0,28.0,1.67,1.5,1.0,4.17
2026-04-03_rep_5,SN3148,17:49:00,-10.0,17:59:00,18:01:00,A54 ,36.0,24.0,2.6,1.18,2.0,5.78
2026-04-03_rep_5,SN3154,13:20:00,-5.0,13:32:00,13:34:00,A48 ,33.0,27.0,2.47,1.97,2.0,6.43
2026-04-03_rep_5,SN3160,02:18:00,10.0,02:46:00,02:48:00,A64 ,21.0,21.0,1.55,1.98,2.0,5.53
2026-04-03_rep_5,SN3176,15:29:00,14.0,16:10:00,16:13:00,A48 ,87.0,31.0,9.03,1.86,3.0,13.89
2026-04-03_rep_5,SN3182,23:29:00,14.0,00:06:00,00:07:00,A58 ,42.0,32.0,2.94,1.37,1.0,5.3
2026-04-03_rep_5,SN3184,02:22:00,0.0,02:40:00,02:43:00,A49 ,97.0,25.0,6.02,1.38,3.0,10.4
2026-04-03_rep_5,SN3202,17:24:00,-9.0,17:38:00,17:41:00,A42 ,70.0,27.0,5.44,2.21,3.0,10.65
2026-04-03_rep_5,SN3208,11:44:00,-10.0,12:03:00,12:05:00,A54 ,41.0,33.0,3.14,1.7,2.0,6.83
2026-04-03_rep_5,SN3246,20:54:00,26.0,21:41:00,21:44:00,A61 ,79.0,25.0,8.44,1.73,3.0,13.17
2026-04-03_rep_5,SN3588,17:39:00,5.0,18:09:00,18:11:00,A58 ,35.0,29.0,2.14,1.55,2.0,5.69
2026-04-03_rep_5,SN3594,11:34:00,-3.0,12:20:00,12:21:00,A46 ,1.0,53.0,0.09,2.44,1.0,3.53
2026-04-03_rep_5,SN3598,18:19:00,1.0,18:36:00,18:39:00,A63 ,63.0,20.0,6.04,1.77,3.0,10.81
2026-04-03_rep_5,SN3604,11:31:00,-3.0,11:43:00,11:45:00,A43 ,16.0,21.0,1.17,1.7,2.0,4.88
2026-04-03_rep_5,SN3618,18:35:00,14.0,19:07:00,19:10:00,A65 ,67.0,23.0,6.66,1.39,3.0,11.05
2026-04-03_rep_5,SN3622,21:13:00,25.0,21:58:00,22:00:00,A58 ,28.0,23.0,2.05,1.92,2.0,5.97
2026-04-03_rep_5,SN3632,12:47:00,-3.0,13:03:00,13:14:00,A44 ,4.0,36.0,0.32,1.58,11.0,12.9
2026-04-03_rep_5,SN3634,14:04:00,8.0,14:30:00,14:40:00,A60 ,3.0,27.0,0.33,1.62,10.0,11.95
2026-04-03_rep_5,SN3668,16:55:00,-4.0,17:13:00,17:15:00,A57 ,45.0,27.0,3.35,1.38,2.0,6.73
2026-04-03_rep_5,SN3676,11:41:00,0.0,12:12:00,12:13:00,A45 ,15.0,37.0,1.44,1.67,1.0,4.11
2026-04-03_rep_5,SN3698,17:36:00,39.0,18:35:00,18:37:00,A60 ,46.0,26.0,3.9,2.0,2.0,7.9
2026-04-03_rep_5,SN3704,20:18:00,89.0,22:10:00,22:12:00,A50 ,96.0,26.0,8.33,1.5,2.0,11.83
2026-04-03_rep_5,SN3706,02:29:00,19.0,04:07:00,04:12:00,A58 ,62.0,83.0,6.69,1.55,5.0,13.24
2026-04-03_rep_5,SN3708,10:44:00,34.0,11:45:00,11:51:00,A52 ,38.0,31.0,2.45,1.45,6.0,9.89
2026-04-03_rep_5,SN3712,21:47:00,7.0,22:14:00,22:15:00,A66 ,15.0,27.0,0.9,2.22,1.0,4.11
2026-04-03_rep_5,SN3722,17:59:00,1.0,18:18:00,18:20:00,A40 ,20.0,22.0,1.42,1.38,2.0,4.8
2026-04-03_rep_5,SN3728,23:03:00,18.0,23:40:00,23:42:00,A42 ,28.0,27.0,2.4,1.69,2.0,6.09
2026-04-03_rep_5,SN3732,11:38:00,10.0,12:01:00,12:04:00,A40 ,9.0,16.0,0.71,1.21,3.0,4.92
2026-04-03_rep_5,SN3734,15:59:00,9.0,16:21:00,16:22:00,A40 ,22.0,22.0,1.82,1.69,1.0,4.5
2026-04-03_rep_5,SN3738,02:13:00,-18.0,02:09:00,02:11:00,A56 ,34.0,17.0,2.2,1.22,2.0,5.42
2026-04-03_rep_5,SN3752,17:39:00,15.0,18:21:00,18:24:00,A61 ,67.0,31.0,4.59,2.21,3.0,9.8
2026-04-03_rep_5,SN3772,14:43:00,-1.0,14:57:00,15:00:00,A42 ,39.0,23.0,2.41,1.5,3.0,6.91
2026-04-03_rep_5,SN3774,01:24:00,1.0,01:39:00,01:41:00,A54 ,49.0,23.0,5.42,2.01,2.0,9.44
2026-04-03_rep_5,SN3782,02:37:00,-13.0,02:55:00,04:11:00,A61 ,104.0,38.0,8.81,1.74,76.0,86.55
2026-04-03_rep_5,SN379,08:11:00,29.0,08:59:00,09:27:00,B28 A,76.0,25.0,8.8,0.08,28.0,36.88
2026-04-03_rep_5,SN3802,19:08:00,-4.0,19:27:00,19:30:00,A40 ,32.0,31.0,2.97,1.64,3.0,7.6
2026-04-03_rep_5,SN3810,23:15:00,-4.0,23:31:00,23:34:00,A61 ,65.0,25.0,5.22,1.68,3.0,9.9
2026-04-03_rep_5,SN3812,19:21:00,19.0,20:00:00,20:02:00,A43 ,35.0,26.0,3.19,1.68,2.0,6.87
2026-04-03_rep_5,SN3816,18:43:00,10.0,19:21:00,19:24:00,A50 ,72.0,31.0,5.4,1.97,3.0,10.37
2026-04-03_rep_5,SN3820,02:47:00,-1.0,04:06:00,04:09:00,A67 ,66.0,87.0,5.47,1.5,3.0,9.97
2026-04-03_rep_5,SN465,09:52:00,27.0,10:45:00,11:00:00,B28 A,78.0,33.0,6.16,0.13,15.0,21.28
2026-04-03_rep_5,SN502,10:46:00,15.0,11:13:00,11:41:00,B30 A,116.0,18.0,9.73,0.09,28.0,37.82
2026-04-03_rep_5,SN516,10:30:00,-35.0,10:08:00,10:23:00,B29 A,21.0,18.0,1.58,0.1,15.0,16.67
2026-04-03_rep_5,TB1012,15:45:00,549.0,01:08:00,01:10:00,A53 ,37.0,19.0,2.86,1.35,2.0,6.21
2026-04-03_rep_5,TB1014,00:26:00,71.0,01:57:00,02:01:00,A69 ,138.0,26.0,9.46,1.69,4.0,15.15
2026-04-03_rep_5,TB1114,00:26:00,5.0,00:56:00,01:00:00,A55 ,99.0,31.0,8.14,1.98,4.0,14.12
2026-04-03_rep_5,TB1419,17:11:00,28.0,17:58:00,18:01:00,A67 ,46.0,25.0,3.55,1.86,3.0,8.41
2026-04-03_rep_5,TB1552,01:31:00,4.0,01:48:00,01:52:00,A63 ,88.0,19.0,6.4,2.15,4.0,12.55
2026-04-03_rep_5,TB1754,02:34:00,6.0,04:02:00,04:06:00,A65 ,127.0,91.0,9.31,1.48,4.0,14.79
2026-04-03_rep_5,TB1912,00:57:00,-27.0,00:48:00,00:51:00,A51 ,111.0,25.0,8.2,1.68,3.0,12.88
2026-04-03_rep_5,TB2042,22:14:00,-8.0,22:25:00,22:30:00,B9  A,136.0,23.0,10.68,1.13,5.0,16.81
2026-04-03_rep_5,TB2582,17:24:00,24.0,18:07:00,18:09:00,B27 A,65.0,23.0,5.64,0.12,2.0,7.76
2026-04-03_rep_5,TB3012,21:35:00,3.0,21:55:00,22:07:00,B7  A,180.0,22.0,20.02,1.34,12.0,33.36
2026-04-03_rep_5,TB3102,21:29:00,12.0,21:59:00,22:07:00,B38 A,112.0,22.0,7.13,0.09,8.0,15.22
2026-04-03_rep_5,TG934,10:19:00,-18.0,10:17:00,10:52:00,B37 A,269.0,20.0,18.55,0.11,35.0,53.66
2026-04-03_rep_5,TK1937,13:29:00,-16.0,13:44:00,13:46:00,B29 A,141.0,50.0,9.23,0.09,2.0,11.32
2026-04-03_rep_5,TK1939,20:57:00,1.0,21:17:00,21:26:00,B28 A,110.0,26.0,8.81,0.1,9.0,17.91
2026-04-03_rep_5,TK1941,00:32:00,19.0,01:03:00,01:12:00,B7  A,176.0,19.0,13.11,2.1,9.0,24.21
2026-04-03_rep_5,TK1943,16:32:00,-17.0,16:23:00,16:35:00,B9  A,101.0,15.0,6.51,2.42,12.0,20.92
2026-04-03_rep_5,TK1945,18:19:00,-14.0,18:19:00,18:24:00,B7  A,115.0,18.0,9.9,2.16,5.0,17.07
2026-04-03_rep_5,TP640,14:07:00,1.0,14:19:00,14:26:00,A47 ,72.0,18.0,5.85,1.75,7.0,14.6
2026-04-03_rep_5,TP642,18:10:00,31.0,18:51:00,19:05:00,A59 ,107.0,15.0,9.35,1.6,14.0,24.95
2026-04-03_rep_5,TP644,23:12:00,-3.0,23:24:00,23:29:00,A51 ,69.0,22.0,5.55,1.48,5.0,12.03
2026-04-03_rep_5,TP646,03:02:00,66.0,04:22:00,04:28:00,A53 ,84.0,21.0,6.8,1.98,6.0,14.78
2026-04-03_rep_5,TU954,15:26:00,40.0,16:24:00,16:30:00,B7  A,102.0,24.0,8.1,1.69,6.0,15.79
2026-04-03_rep_5,UA950,10:20:00,-22.0,10:24:00,10:51:00,B40 A,188.0,31.0,13.66,0.08,27.0,40.74
2026-04-03_rep_5,UA972,12:06:00,-27.0,11:58:00,12:28:00,B40 A,91.0,25.0,6.67,0.09,30.0,36.76
2026-04-03_rep_5,UA994,10:51:00,-50.0,10:18:00,10:42:00,B38 A,177.0,23.0,12.31,0.09,24.0,36.4
2026-04-03_rep_5,UX1171,12:58:00,25.0,13:41:00,13:46:00,A56 ,85.0,31.0,6.46,1.56,5.0,13.02
2026-04-03_rep_5,UX1173,20:47:00,7.0,21:08:00,21:10:00,A51 ,57.0,21.0,4.28,2.33,2.0,8.61
2026-04-03_rep_5,VF65,14:20:00,-8.0,14:27:00,14:32:00,B27 A,85.0,20.0,5.14,0.11,5.0,10.24
2026-04-03_rep_5,VF67,19:16:00,-16.0,19:21:00,19:28:00,B28 A,113.0,27.0,9.47,0.09,7.0,16.56
2026-04-03_rep_5,VY1332,12:10:00,1.0,12:19:00,12:20:00,A59 ,14.0,13.0,1.38,1.78,1.0,4.16
2026-04-03_rep_5,VY3650,20:16:00,-13.0,20:16:00,20:17:00,A47 ,28.0,19.0,2.18,1.6,1.0,4.78
2026-04-03_rep_5,VY8980,12:51:00,8.0,13:17:00,13:20:00,A45 ,16.0,24.0,1.5,1.51,3.0,6.01
2026-04-03_rep_5,VY8982,20:30:00,-5.0,20:50:00,20:56:00,A59 ,115.0,30.0,9.56,1.74,6.0,17.3
2026-04-03_rep_5,VY8984,00:06:00,-10.0,00:09:00,00:16:00,A43 ,90.0,19.0,6.17,1.4,7.0,14.57
2026-04-03_rep_5,VY8986,17:36:00,7.0,18:14:00,18:15:00,A43 ,35.0,37.0,3.49,1.55,1.0,6.03
2026-04-04_rep_1,AC826,11:57:00,-38.0,11:42:00,12:11:00,B14 A,129.0,30.0,11.45,0.07,29.0,40.52
2026-04-04_rep_1,AC832,11:16:00,-37.0,10:54:00,11:24:00,B5  A,101.0,21.0,7.61,1.82,30.0,39.43
2026-04-04_rep_1,AY1541,13:26:00,-6.0,13:36:00,13:40:00,A60 ,73.0,22.0,5.43,1.77,4.0,11.21
2026-04-04_rep_1,AY1545,22:26:00,13.0,23:03:00,23:08:00,A57 ,87.0,30.0,8.22,2.02,5.0,15.25
2026-04-04_rep_1,AZ148,12:41:00,-5.0,12:47:00,13:02:00,A47 ,4.0,17.0,0.27,1.73,15.0,17.0
2026-04-04_rep_1,AZ156,14:52:00,-12.0,14:53:00,14:54:00,A45 ,16.0,20.0,1.16,1.43,1.0,3.6
2026-04-04_rep_1,AZ160,22:07:00,1.0,22:26:00,22:30:00,A47 ,50.0,25.0,3.7,1.71,4.0,9.41
2026-04-04_rep_1,BA384,14:00:00,-5.0,14:05:00,14:11:00,B27 A,62.0,15.0,6.12,0.12,6.0,12.23
2026-04-04_rep_1,BA388,23:22:00,-17.0,23:23:00,23:35:00,B7  A,106.0,25.0,9.79,1.59,12.0,23.38
2026-04-04_rep_1,CX275,12:31:00,-15.0,12:27:00,13:06:00,B11 A,305.0,17.0,11.9,3.4,39.0,54.3
2026-04-04_rep_1,DL140,11:47:00,-51.0,11:22:00,11:52:00,B34 A,203.0,33.0,18.81,0.11,30.0,48.92
2026-04-04_rep_1,EI630,13:45:00,-11.0,13:45:00,13:50:00,B17 A,72.0,16.0,5.38,0.11,5.0,10.49
2026-04-04_rep_1,EK181,23:35:00,-2.0,23:47:00,00:17:00,B31 A,250.0,19.0,18.14,0.1,30.0,48.24
2026-04-04_rep_1,ET750,11:13:00,21.0,12:17:00,13:03:00,B17 A,464.0,51.0,39.64,0.1,46.0,85.74
2026-04-04_rep_1,FH8014,19:25:00,-27.0,19:09:00,19:10:00,B9  A,19.0,16.0,1.42,1.57,1.0,3.99
2026-04-04_rep_1,FH8116,05:43:00,-24.0,05:28:00,05:30:00,B27 A,15.0,17.0,1.38,0.11,2.0,3.49
2026-04-04_rep_1,GQ800,17:10:00,14.0,17:35:00,17:36:00,A53 ,32.0,16.0,2.38,1.28,1.0,4.65
2026-04-04_rep_1,GQ802,00:06:00,-1.0,00:15:00,00:17:00,A57 ,28.0,16.0,3.04,1.56,2.0,6.61
2026-04-04_rep_1,GQ850,13:59:00,-9.0,14:06:00,14:09:00,A46 ,6.0,25.0,0.58,1.59,3.0,5.18
2026-04-04_rep_1,HV9078,03:30:00,-15.0,03:24:00,03:26:00,A65 ,30.0,14.0,2.37,1.35,2.0,5.72
2026-04-04_rep_1,HV9264,19:01:00,25.0,19:46:00,19:51:00,B36 A,112.0,26.0,12.52,0.08,5.0,17.6
2026-04-04_rep_1,IB1299,18:49:00,-10.0,18:52:00,18:54:00,A61 ,39.0,17.0,3.52,2.0,2.0,7.52
2026-04-04_rep_1,IB597,15:31:00,-3.0,15:39:00,15:42:00,A53 ,35.0,17.0,2.52,1.46,3.0,6.98
2026-04-04_rep_1,IB601,23:06:00,-12.0,23:09:00,23:13:00,A51 ,67.0,21.0,4.58,1.9,4.0,10.48
2026-04-04_rep_1,IB603,02:36:00,-15.0,02:30:00,02:33:00,A51 ,33.0,15.0,2.88,1.6,3.0,7.47
2026-04-04_rep_1,KM3422,21:17:00,-12.0,21:17:00,21:19:00,A51 ,24.0,19.0,2.57,1.6,2.0,6.17
2026-04-04_rep_1,KM420,23:21:00,-21.0,23:17:00,23:20:00,A61 ,107.0,23.0,8.18,1.19,3.0,12.37
2026-04-04_rep_1,LH1004,11:51:00,-4.0,12:07:00,12:12:00,A43 ,23.0,26.0,1.69,1.58,5.0,8.28
2026-04-04_rep_1,LO231,02:42:00,-6.0,02:54:00,02:56:00,A57 ,4.0,25.0,0.34,1.73,2.0,4.07
2026-04-04_rep_1,LO233,22:46:00,-1.0,23:03:00,23:05:00,A49 ,40.0,24.0,2.42,1.57,2.0,5.99
2026-04-04_rep_1,LO235,13:30:00,3.0,13:51:00,13:53:00,A47 ,10.0,23.0,0.94,2.0,2.0,4.94
2026-04-04_rep_1,LX780,18:20:00,-10.0,18:26:00,18:27:00,A45 ,48.0,21.0,3.73,1.73,1.0,6.46
2026-04-04_rep_1,LX786,12:56:00,-3.0,13:08:00,13:16:00,A45 ,41.0,21.0,4.63,1.8,8.0,14.43
2026-04-04_rep_1,LX788,22:42:00,-12.0,22:43:00,22:48:00,A43 ,77.0,20.0,5.72,1.72,5.0,12.44
2026-04-04_rep_1,ME215,14:40:00,-13.0,14:47:00,15:00:00,B5  A,146.0,25.0,10.41,1.7,13.0,25.11
2026-04-04_rep_1,MS725,18:50:00,36.0,19:48:00,20:00:00,B7  A,215.0,27.0,14.99,1.95,12.0,28.94
2026-04-04_rep_1,NH231,21:40:00,37.0,22:34:00,23:07:00,B5  A,255.0,22.0,16.5,1.32,33.0,50.82
2026-04-04_rep_1,OS291,13:10:00,-11.0,13:08:00,13:10:00,A43 ,14.0,14.0,1.03,2.02,2.0,5.05
2026-04-04_rep_1,OS293,18:09:00,-5.0,18:14:00,18:17:00,A47 ,29.0,14.0,2.61,1.76,3.0,7.37
2026-04-04_rep_1,OS297,23:16:00,1.0,23:27:00,23:28:00,A45 ,21.0,16.0,1.51,1.99,1.0,4.5
2026-04-04_rep_1,QS1000,12:16:00,-20.0,12:14:00,12:15:00,A51 ,2.0,24.0,0.16,1.29,1.0,2.45
2026-04-04_rep_1,SK1593,18:41:00,9.0,19:03:00,19:05:00,A63 ,35.0,19.0,2.8,1.61,2.0,6.4
2026-04-04_rep_1,SK593,13:45:00,-21.0,13:37:00,13:38:00,A51 ,35.0,18.0,2.58,1.52,1.0,5.1
2026-04-04_rep_1,SK597,23:58:00,-7.0,00:02:00,00:04:00,A53 ,33.0,19.0,2.1,1.61,2.0,5.71
2026-04-04_rep_1,SN1138,03:20:00,4.0,03:37:00,03:39:00,B28 A,63.0,18.0,4.5,0.1,2.0,6.6
2026-04-04_rep_1,SN1574,00:30:00,4.0,00:58:00,01:03:00,A49 ,80.0,29.0,7.9,1.68,5.0,14.59
2026-04-04_rep_1,SN2094,17:21:00,23.0,18:09:00,18:11:00,B14 A,48.0,31.0,3.66,0.11,2.0,5.76
2026-04-04_rep_1,SN2104,12:59:00,-3.0,13:26:00,13:43:00,B7  A,10.0,34.0,1.01,1.95,17.0,19.97
2026-04-04_rep_1,SN2258,17:32:00,43.0,18:33:00,18:34:00,A44 ,47.0,25.0,5.43,2.09,1.0,8.52
2026-04-04_rep_1,SN2288,12:49:00,35.0,13:37:00,13:52:00,A54 ,18.0,17.0,1.76,1.75,15.0,18.51
2026-04-04_rep_1,SN2298,12:49:00,1.0,13:08:00,13:11:00,A40 ,5.0,22.0,0.37,1.69,3.0,5.06
2026-04-04_rep_1,SN241,09:57:00,-15.0,09:58:00,10:43:00,B37 A,48.0,23.0,4.21,0.1,45.0,49.31
2026-04-04_rep_1,SN256,09:20:00,30.0,10:17:00,10:41:00,B40 A,93.0,37.0,6.77,0.09,24.0,30.87
2026-04-04_rep_1,SN2582,17:08:00,-6.0,17:15:00,17:18:00,A42 ,45.0,16.0,4.08,1.36,3.0,8.44
2026-04-04_rep_1,SN2592,12:24:00,-15.0,12:21:00,12:22:00,A59 ,8.0,16.0,0.83,1.67,1.0,3.49
2026-04-04_rep_1,SN2608,14:17:00,-10.0,14:55:00,14:59:00,A50 ,41.0,55.0,3.29,1.78,4.0,9.07
2026-04-04_rep_1,SN2614,21:33:00,-8.0,21:45:00,21:47:00,A44 ,42.0,23.0,3.66,1.72,2.0,7.37
2026-04-04_rep_1,SN2624,16:59:00,-8.0,17:00:00,17:02:00,A48 ,12.0,18.0,0.91,1.53,2.0,4.44
2026-04-04_rep_1,SN2630,12:18:00,-8.0,12:29:00,12:30:00,A48 ,2.0,22.0,0.16,1.44,1.0,2.6
2026-04-04_rep_1,SN2644,17:13:00,-14.0,17:18:00,17:20:00,A46 ,55.0,22.0,3.87,1.7,2.0,7.57
2026-04-04_rep_1,SN2646,20:22:00,-3.0,20:35:00,20:37:00,A47 ,26.0,23.0,2.06,1.9,2.0,5.96
2026-04-04_rep_1,SN2652,03:03:00,13.0,03:34:00,03:37:00,A48 ,65.0,26.0,4.59,2.04,3.0,9.64
2026-04-04_rep_1,SN2712,13:40:00,-4.0,14:05:00,14:06:00,A59 ,28.0,34.0,1.78,1.42,1.0,4.19
2026-04-04_rep_1,SN2714,16:53:00,-1.0,17:21:00,17:23:00,A54 ,43.0,37.0,3.44,2.38,2.0,7.82
2026-04-04_rep_1,SN2722,22:33:00,26.0,23:27:00,23:36:00,A40 ,62.0,31.0,6.34,1.38,9.0,16.72
2026-04-04_rep_1,SN2726,12:23:00,0.0,12:54:00,12:56:00,A50 ,14.0,34.0,1.26,1.54,2.0,4.8
2026-04-04_rep_1,SN2810,17:26:00,-10.0,17:34:00,17:36:00,A56 ,29.0,24.0,2.44,1.85,2.0,6.29
2026-04-04_rep_1,SN2816,12:23:00,-22.0,12:18:00,12:20:00,A42 ,1.0,20.0,0.09,1.62,2.0,3.72
2026-04-04_rep_1,SN2830,12:39:00,1.0,12:58:00,12:59:00,A58 ,14.0,22.0,1.39,2.26,1.0,4.66
2026-04-04_rep_1,SN2902,15:15:00,12.0,15:45:00,15:47:00,A52 ,18.0,28.0,1.27,1.79,2.0,5.06
2026-04-04_rep_1,SN3132,01:18:00,44.0,02:12:00,02:14:00,A54 ,29.0,13.0,2.46,1.95,2.0,6.41
2026-04-04_rep_1,SN3140,18:09:00,-13.0,18:05:00,18:06:00,A64 ,17.0,13.0,1.21,1.83,1.0,4.04
2026-04-04_rep_1,SN3148,18:53:00,2.0,19:11:00,19:14:00,A48 ,43.0,24.0,3.56,1.59,3.0,8.15
2026-04-04_rep_1,SN3154,14:18:00,-4.0,14:35:00,14:37:00,A40 ,17.0,29.0,1.25,1.71,2.0,4.96
2026-04-04_rep_1,SN3176,16:29:00,316.0,22:05:00,22:09:00,A56 ,64.0,24.0,5.01,1.73,4.0,10.74
2026-04-04_rep_1,SN3182,00:24:00,-4.0,00:38:00,00:41:00,A58 ,57.0,22.0,4.61,1.79,3.0,9.41
2026-04-04_rep_1,SN3202,18:26:00,-2.0,18:45:00,18:49:00,A62 ,43.0,27.0,3.83,1.97,4.0,9.8
2026-04-04_rep_1,SN3208,12:46:00,-7.0,12:57:00,12:58:00,A49 ,6.0,24.0,0.43,2.01,1.0,3.43
2026-04-04_rep_1,SN3238,22:34:00,-36.0,22:10:00,22:11:00,A65 ,20.0,16.0,1.69,1.67,1.0,4.36
2026-04-04_rep_1,SN3246,17:33:00,-1.0,17:48:00,17:49:00,A52 ,37.0,24.0,2.57,1.44,1.0,5.01
2026-04-04_rep_1,SN3256,18:04:00,-15.0,18:07:00,18:08:00,A59 ,15.0,22.0,1.22,1.78,1.0,4.0
2026-04-04_rep_1,SN3344,00:19:00,50.0,01:18:00,01:19:00,A56 ,5.0,13.0,0.4,1.27,1.0,2.67
2026-04-04_rep_1,SN358,10:21:00,52.0,11:43:00,12:03:00,B38 A,126.0,36.0,9.65,0.1,20.0,29.74
2026-04-04_rep_1,SN3588,18:42:00,23.0,19:29:00,19:35:00,A46 ,33.0,31.0,2.36,1.55,6.0,9.92
2026-04-04_rep_1,SN3598,19:22:00,16.0,19:57:00,19:58:00,A56 ,55.0,26.0,4.54,1.7,1.0,7.24
2026-04-04_rep_1,SN3604,12:28:00,-11.0,12:36:00,12:40:00,A52 ,10.0,22.0,0.78,1.33,4.0,6.11
2026-04-04_rep_1,SN3618,19:38:00,-19.0,19:36:00,19:38:00,A40 ,86.0,25.0,9.34,1.37,2.0,12.71
2026-04-04_rep_1,SN3622,22:14:00,-12.0,22:20:00,22:23:00,A50 ,71.0,22.0,5.69,2.05,3.0,10.73
2026-04-04_rep_1,SN3632,13:35:00,-4.0,13:49:00,14:00:00,A57 ,9.0,23.0,0.9,1.63,11.0,13.52
2026-04-04_rep_1,SN3634,14:59:00,-2.0,15:28:00,15:29:00,A59 ,7.0,35.0,0.56,1.53,1.0,3.1
2026-04-04_rep_1,SN3668,17:57:00,-2.0,18:13:00,18:16:00,A40 ,62.0,25.0,5.18,1.38,3.0,9.55
2026-04-04_rep_1,SN3704,21:18:00,-1.0,21:33:00,21:36:00,A46 ,76.0,19.0,6.22,1.76,3.0,10.99
2026-04-04_rep_1,SN3712,18:06:00,-18.0,17:58:00,17:59:00,A58 ,24.0,16.0,1.83,1.74,1.0,4.57
2026-04-04_rep_1,SN3734,16:57:00,-11.0,17:00:00,17:02:00,A50 ,32.0,21.0,3.31,1.46,2.0,6.77
2026-04-04_rep_1,SN3736,22:29:00,28.0,23:25:00,23:34:00,A48 ,99.0,32.0,8.42,1.62,9.0,19.04
2026-04-04_rep_1,SN3738,03:14:00,-5.0,03:30:00,03:34:00,A67 ,77.0,25.0,5.05,1.42,4.0,10.47
2026-04-04_rep_1,SN3740,01:14:00,30.0,02:06:00,02:09:00,A68 ,80.0,26.0,5.64,1.56,3.0,10.21
2026-04-04_rep_1,SN3766,23:53:00,-16.0,00:01:00,00:38:00,A44 ,96.0,27.0,6.2,1.51,37.0,44.71
2026-04-04_rep_1,SN3768,00:29:00,-11.0,00:32:00,00:38:00,A66 ,37.0,18.0,3.13,1.67,6.0,10.8
2026-04-04_rep_1,SN3772,15:43:00,-5.0,15:58:00,16:01:00,A40 ,45.0,28.0,4.1,1.68,3.0,8.78
2026-04-04_rep_1,SN3774,03:17:00,3.0,03:34:00,03:36:00,A44 ,36.0,21.0,4.22,1.76,2.0,7.98
2026-04-04_rep_1,SN3780,22:04:00,-17.0,22:11:00,22:15:00,A52 ,63.0,28.0,4.3,1.84,4.0,10.14
2026-04-04_rep_1,SN3782,03:37:00,14.0,05:15:00,05:18:00,A68 ,113.0,91.0,6.68,1.86,3.0,11.53
2026-04-04_rep_1,SN3784,03:25:00,-5.0,03:34:00,03:37:00,A59 ,61.0,19.0,5.99,1.77,3.0,10.76
2026-04-04_rep_1,SN3802,20:06:00,-9.0,20:18:00,20:21:00,A54 ,75.0,27.0,6.14,1.76,3.0,10.9
2026-04-04_rep_1,SN3806,02:44:00,-15.0,02:40:00,02:42:00,A62 ,27.0,15.0,2.06,1.14,2.0,5.2
2026-04-04_rep_1,SN3816,19:46:00,5.0,20:09:00,20:13:00,A44 ,72.0,24.0,5.01,1.53,4.0,10.54
2026-04-04_rep_1,SN3820,03:47:00,2.0,03:56:00,03:58:00,A60 ,18.0,14.0,2.04,1.65,2.0,5.69
2026-04-04_rep_1,SN3828,03:55:00,-11.0,05:07:00,05:13:00,A63 ,83.0,88.0,7.08,1.63,6.0,14.71
2026-04-04_rep_1,SN3886,03:16:00,-12.0,03:22:00,03:23:00,B14 A,10.0,24.0,1.07,0.11,1.0,2.18
2026-04-04_rep_1,SN467,10:49:00,15.0,11:20:00,11:48:00,B11 A,79.0,20.0,5.89,0.1,28.0,33.98
2026-04-04_rep_1,SN502,11:44:00,-48.0,11:09:00,11:30:00,B37 A,97.0,17.0,7.74,0.1,21.0,28.84
2026-04-04_rep_1,SQ304,11:30:00,-16.0,11:31:00,12:29:00,B31 A,306.0,22.0,21.51,0.11,58.0,79.62
2026-04-04_rep_1,TB1014,16:51:00,-10.0,16:52:00,16:54:00,A51 ,35.0,17.0,2.64,1.49,2.0,6.13
2026-04-04_rep_1,TB1112,15:57:00,15.0,16:37:00,16:40:00,A57 ,93.0,32.0,7.1,2.13,3.0,12.22
2026-04-04_rep_1,TB1135,17:30:00,3.0,18:14:00,18:17:00,A57 ,38.0,46.0,3.23,2.2,3.0,8.42
2026-04-04_rep_1,TB1502,03:55:00,129.0,06:21:00,06:25:00,A61 ,74.0,22.0,6.77,1.99,4.0,12.76
2026-04-04_rep_1,TB1554,20:50:00,2.0,21:14:00,21:19:00,A64 ,109.0,27.0,11.63,1.67,5.0,18.3
2026-04-04_rep_1,TB1702,02:29:00,-11.0,02:41:00,02:44:00,A43 ,104.0,32.0,7.81,1.87,3.0,12.68
2026-04-04_rep_1,TB1704,02:56:00,1.0,03:17:00,03:23:00,A53 ,76.0,26.0,4.75,2.0,6.0,12.74
2026-04-04_rep_1,TB1756,20:17:00,-4.0,20:29:00,20:36:00,A43 ,137.0,23.0,10.11,1.67,7.0,18.78
2026-04-04_rep_1,TB1758,03:33:00,9.0,05:14:00,05:18:00,A66 ,123.0,100.0,8.76,1.39,4.0,14.15
2026-04-04_rep_1,TB2031,00:32:00,-23.0,00:26:00,00:30:00,B36 A,170.0,24.0,19.44,0.1,4.0,23.54
2026-04-04_rep_1,TB2612,06:49:00,-9.0,06:47:00,06:48:00,B15 A,35.0,16.0,2.26,0.11,1.0,3.37
2026-04-04_rep_1,TB2614,01:40:00,-14.0,01:46:00,01:49:00,B11 A,118.0,25.0,9.22,0.1,3.0,12.32
2026-04-04_rep_1,TB2654,02:00:00,-8.0,02:16:00,02:21:00,B27 A,113.0,29.0,8.47,0.1,5.0,13.58
2026-04-04_rep_1,TB2752,16:49:00,-12.0,16:53:00,16:56:00,B40 A,74.0,20.0,5.6,0.12,3.0,8.72
2026-04-04_rep_1,TB3012,22:35:00,11.0,23:06:00,23:11:00,B30 A,129.0,25.0,8.17,0.12,5.0,13.29
2026-04-04_rep_1,TK1937,14:16:00,-1.0,14:31:00,14:45:00,B34 A,138.0,22.0,9.07,0.08,14.0,23.16
2026-04-04_rep_1,TK1939,21:59:00,2.0,22:11:00,22:28:00,B14 A,155.0,19.0,9.19,0.09,17.0,26.28
2026-04-04_rep_1,TK1941,01:31:00,-13.0,01:37:00,01:44:00,B7  A,117.0,25.0,7.77,1.85,7.0,16.62
2026-04-04_rep_1,TK1943,17:31:00,1.0,17:49:00,17:58:00,B32 A,116.0,23.0,10.33,0.11,9.0,19.45
2026-04-04_rep_1,TP640,15:07:00,-22.0,15:15:00,15:16:00,A47 ,62.0,37.0,4.65,2.08,1.0,7.73
2026-04-04_rep_1,TP642,19:11:00,-27.0,18:57:00,19:06:00,A49 ,96.0,19.0,7.88,1.21,9.0,18.09
2026-04-04_rep_1,TP644,00:12:00,-20.0,00:09:00,00:30:00,A47 ,73.0,24.0,5.97,2.3,21.0,29.27
2026-04-04_rep_1,TP646,04:01:00,71.0,05:25:00,05:30:00,A45 ,102.0,19.0,8.56,1.79,5.0,15.35
2026-04-04_rep_1,TU954,15:30:00,9.0,15:56:00,16:02:00,B14 A,88.0,22.0,7.07,0.1,6.0,13.17
2026-04-04_rep_1,UA950,11:22:00,-20.0,11:22:00,11:45:00,B28 A,170.0,27.0,11.64,0.11,23.0,34.75
2026-04-04_rep_1,UA972,13:07:00,-11.0,13:16:00,13:38:00,B38 A,134.0,27.0,11.25,0.1,22.0,33.34
2026-04-04_rep_1,UA994,11:51:00,-14.0,11:55:00,12:25:00,B40 A,157.0,24.0,12.49,0.11,30.0,42.6
2026-04-04_rep_1,UX1171,13:55:00,-12.0,14:00:00,14:03:00,A48 ,34.0,27.0,2.6,1.98,3.0,7.58
2026-04-04_rep_1,UX1173,21:46:00,-19.0,21:45:00,21:49:00,A53 ,70.0,24.0,5.21,1.41,4.0,10.62
2026-04-04_rep_1,UX1175,22:17:00,-21.0,22:09:00,22:11:00,A59 ,39.0,20.0,2.41,1.27,2.0,5.68
2026-04-04_rep_1,VF65,15:21:00,-19.0,15:21:00,15:26:00,B36 A,133.0,25.0,12.09,0.11,5.0,17.2
2026-04-04_rep_1,VF67,20:16:00,-7.0,20:28:00,20:32:00,B11 A,149.0,25.0,9.35,0.13,4.0,13.48
2026-04-04_rep_1,VY1332,13:30:00,-19.0,13:29:00,13:33:00,A55 ,9.0,23.0,0.78,1.4,4.0,6.18
2026-04-04_rep_1,VY1334,00:07:00,-8.0,00:10:00,00:12:00,A43 ,31.0,18.0,3.21,1.64,2.0,6.86
2026-04-04_rep_1,VY1470,12:50:00,-19.0,12:52:00,12:53:00,A53 ,19.0,26.0,1.19,1.58,1.0,3.77
2026-04-04_rep_1,VY2150,14:30:00,-23.0,14:18:00,14:20:00,A43 ,38.0,16.0,2.78,2.02,2.0,6.79
2026-04-04_rep_1,VY6814,18:44:00,29.0,19:31:00,19:34:00,A53 ,18.0,22.0,1.72,1.49,3.0,6.21
2026-04-04_rep_1,VY8978,16:51:00,-15.0,16:44:00,16:46:00,A45 ,18.0,14.0,1.52,1.57,2.0,5.09
2026-04-04_rep_1,VY8980,13:50:00,-10.0,13:58:00,14:02:00,A53 ,10.0,23.0,0.99,1.53,4.0,6.53
2026-04-04_rep_1,VY8982,21:22:00,3.0,21:41:00,21:45:00,A45 ,52.0,23.0,3.21,1.58,4.0,8.8
2026-04-04_rep_1,VY8984,01:06:00,-18.0,01:00:00,01:02:00,A45 ,56.0,18.0,4.84,1.97,2.0,8.81
2026-04-04_rep_1,VY8986,18:36:00,-15.0,18:36:00,18:40:00,A51 ,41.0,21.0,3.11,1.87,4.0,8.99
2026-04-04_rep_2,AC826,11:57:00,-38.0,11:42:00,12:11:00,B14 A,129.0,30.0,9.49,0.11,29.0,38.6
2026-04-04_rep_2,AC832,11:16:00,-37.0,10:54:00,11:24:00,B5  A,101.0,21.0,8.34,1.7,30.0,40.05
2026-04-04_rep_2,AY1541,13:26:00,-6.0,13:36:00,13:40:00,A60 ,73.0,22.0,5.39,1.38,4.0,10.77
2026-04-04_rep_2,AY1545,22:26:00,13.0,23:03:00,23:08:00,A57 ,87.0,30.0,7.39,1.64,5.0,14.04
2026-04-04_rep_2,AZ148,12:41:00,-5.0,12:47:00,13:02:00,A47 ,4.0,17.0,0.26,2.2,15.0,17.46
2026-04-04_rep_2,AZ156,14:52:00,-12.0,14:53:00,14:54:00,A45 ,16.0,20.0,1.25,1.42,1.0,3.66
2026-04-04_rep_2,AZ160,22:07:00,1.0,22:26:00,22:30:00,A47 ,50.0,25.0,4.3,1.89,4.0,10.19
2026-04-04_rep_2,BA384,14:00:00,-5.0,14:05:00,14:11:00,B27 A,62.0,15.0,4.35,0.11,6.0,10.46
2026-04-04_rep_2,BA388,23:22:00,-17.0,23:23:00,23:35:00,B7  A,106.0,25.0,8.37,1.59,12.0,21.96
2026-04-04_rep_2,CX275,12:31:00,-15.0,12:27:00,13:06:00,B11 A,305.0,17.0,11.9,3.4,39.0,54.3
2026-04-04_rep_2,DL140,11:47:00,-51.0,11:22:00,11:52:00,B34 A,203.0,33.0,22.17,0.14,30.0,52.32
2026-04-04_rep_2,EI630,13:45:00,-11.0,13:45:00,13:50:00,B17 A,72.0,16.0,4.66,0.09,5.0,9.75
2026-04-04_rep_2,EK181,23:35:00,-2.0,23:47:00,00:17:00,B31 A,250.0,19.0,14.75,0.11,30.0,44.85
2026-04-04_rep_2,ET750,11:13:00,21.0,12:17:00,13:03:00,B17 A,464.0,51.0,33.5,0.11,46.0,79.6
2026-04-04_rep_2,FH8014,19:25:00,-27.0,19:09:00,19:10:00,B9  A,19.0,16.0,1.52,1.77,1.0,4.29
2026-04-04_rep_2,FH8116,05:43:00,-24.0,05:28:00,05:30:00,B27 A,15.0,17.0,1.16,0.08,2.0,3.24
2026-04-04_rep_2,GQ800,17:10:00,14.0,17:35:00,17:36:00,A53 ,32.0,16.0,2.2,2.09,1.0,5.29
2026-04-04_rep_2,GQ802,00:06:00,-1.0,00:15:00,00:17:00,A57 ,28.0,16.0,1.82,1.55,2.0,5.37
2026-04-04_rep_2,GQ850,13:59:00,-9.0,14:06:00,14:09:00,A46 ,6.0,25.0,0.46,1.36,3.0,4.83
2026-04-04_rep_2,HV9078,03:30:00,-15.0,03:24:00,03:26:00,A65 ,30.0,14.0,2.13,1.62,2.0,5.75
2026-04-04_rep_2,HV9264,19:01:00,25.0,19:46:00,19:51:00,B36 A,112.0,26.0,11.3,0.07,5.0,16.37
2026-04-04_rep_2,IB1299,18:49:00,-10.0,18:52:00,18:54:00,A61 ,39.0,17.0,3.51,1.94,2.0,7.45
2026-04-04_rep_2,IB597,15:31:00,-3.0,15:39:00,15:42:00,A53 ,35.0,17.0,2.67,1.97,3.0,7.64
2026-04-04_rep_2,IB601,23:06:00,-12.0,23:09:00,23:13:00,A51 ,67.0,21.0,6.51,1.83,4.0,12.34
2026-04-04_rep_2,IB603,02:36:00,-15.0,02:30:00,02:33:00,A51 ,33.0,15.0,2.78,1.81,3.0,7.59
2026-04-04_rep_2,KM3422,21:17:00,-12.0,21:17:00,21:19:00,A51 ,24.0,19.0,2.1,1.65,2.0,5.75
2026-04-04_rep_2,KM420,23:21:00,-21.0,23:17:00,23:20:00,A61 ,107.0,23.0,8.32,2.12,3.0,13.45
2026-04-04_rep_2,LH1004,11:51:00,-4.0,12:07:00,12:12:00,A43 ,23.0,26.0,1.77,1.68,5.0,8.45
2026-04-04_rep_2,LO231,02:42:00,-6.0,02:54:00,02:56:00,A57 ,4.0,25.0,0.33,1.59,2.0,3.92
2026-04-04_rep_2,LO233,22:46:00,-1.0,23:03:00,23:05:00,A49 ,40.0,24.0,2.79,1.63,2.0,6.41
2026-04-04_rep_2,LO235,13:30:00,3.0,13:51:00,13:53:00,A47 ,10.0,23.0,0.61,1.71,2.0,4.31
2026-04-04_rep_2,LX780,18:20:00,-10.0,18:26:00,18:27:00,A45 ,48.0,21.0,3.24,1.46,1.0,5.71
2026-04-04_rep_2,LX786,12:56:00,-3.0,13:08:00,13:16:00,A45 ,41.0,21.0,3.11,1.92,8.0,13.03
2026-04-04_rep_2,LX788,22:42:00,-12.0,22:43:00,22:48:00,A43 ,77.0,20.0,5.72,1.88,5.0,12.6
2026-04-04_rep_2,ME215,14:40:00,-13.0,14:47:00,15:00:00,B5  A,146.0,25.0,11.68,1.92,13.0,26.6
2026-04-04_rep_2,MS725,18:50:00,36.0,19:48:00,20:00:00,B7  A,215.0,27.0,14.47,1.79,12.0,28.25
2026-04-04_rep_2,NH231,21:40:00,37.0,22:34:00,23:07:00,B5  A,255.0,22.0,20.1,1.65,33.0,54.75
2026-04-04_rep_2,OS291,13:10:00,-11.0,13:08:00,13:10:00,A43 ,14.0,14.0,1.14,1.34,2.0,4.48
2026-04-04_rep_2,OS293,18:09:00,-5.0,18:14:00,18:17:00,A47 ,29.0,14.0,2.27,1.76,3.0,7.03
2026-04-04_rep_2,OS297,23:16:00,1.0,23:27:00,23:28:00,A45 ,21.0,16.0,1.91,1.79,1.0,4.69
2026-04-04_rep_2,QS1000,12:16:00,-20.0,12:14:00,12:15:00,A51 ,2.0,24.0,0.14,1.86,1.0,3.0
2026-04-04_rep_2,SK1593,18:41:00,9.0,19:03:00,19:05:00,A63 ,35.0,19.0,2.92,1.82,2.0,6.74
2026-04-04_rep_2,SK593,13:45:00,-21.0,13:37:00,13:38:00,A51 ,35.0,18.0,2.17,1.83,1.0,5.0
2026-04-04_rep_2,SK597,23:58:00,-7.0,00:02:00,00:04:00,A53 ,33.0,19.0,2.74,1.53,2.0,6.27
2026-04-04_rep_2,SN1138,03:20:00,4.0,03:37:00,03:39:00,B28 A,63.0,18.0,6.06,0.1,2.0,8.16
2026-04-04_rep_2,SN1574,00:30:00,4.0,00:58:00,01:03:00,A49 ,80.0,29.0,6.48,1.49,5.0,12.97
2026-04-04_rep_2,SN2094,17:21:00,23.0,18:09:00,18:11:00,B14 A,48.0,31.0,3.85,0.11,2.0,5.96
2026-04-04_rep_2,SN2104,12:59:00,-3.0,13:26:00,13:43:00,B7  A,10.0,34.0,0.75,1.56,17.0,19.31
2026-04-04_rep_2,SN2258,17:32:00,43.0,18:33:00,18:34:00,A44 ,47.0,25.0,2.93,1.96,1.0,5.89
2026-04-04_rep_2,SN2288,12:49:00,35.0,13:37:00,13:52:00,A54 ,18.0,17.0,1.27,1.59,15.0,17.86
2026-04-04_rep_2,SN2298,12:49:00,1.0,13:08:00,13:11:00,A40 ,5.0,22.0,0.32,1.22,3.0,4.54
2026-04-04_rep_2,SN241,09:57:00,-15.0,09:58:00,10:43:00,B37 A,48.0,23.0,3.48,0.09,45.0,48.57
2026-04-04_rep_2,SN256,09:20:00,30.0,10:17:00,10:41:00,B40 A,93.0,37.0,8.28,0.1,24.0,32.37
2026-04-04_rep_2,SN2582,17:08:00,-6.0,17:15:00,17:18:00,A42 ,45.0,16.0,3.03,1.76,3.0,7.79
2026-04-04_rep_2,SN2592,12:24:00,-15.0,12:21:00,12:22:00,A59 ,8.0,16.0,0.75,1.74,1.0,3.49
2026-04-04_rep_2,SN2608,14:17:00,-10.0,14:55:00,14:59:00,A50 ,41.0,55.0,3.68,1.6,4.0,9.28
2026-04-04_rep_2,SN2614,21:33:00,-8.0,21:45:00,21:47:00,A44 ,42.0,23.0,3.63,1.5,2.0,7.13
2026-04-04_rep_2,SN2624,16:59:00,-8.0,17:00:00,17:02:00,A48 ,12.0,18.0,0.94,1.47,2.0,4.41
2026-04-04_rep_2,SN2630,12:18:00,-8.0,12:29:00,12:30:00,A48 ,2.0,22.0,0.19,1.5,1.0,2.7
2026-04-04_rep_2,SN2644,17:13:00,-14.0,17:18:00,17:20:00,A46 ,55.0,22.0,5.48,1.55,2.0,9.03
2026-04-04_rep_2,SN2646,20:22:00,-3.0,20:35:00,20:37:00,A47 ,26.0,23.0,1.89,2.01,2.0,5.9
2026-04-04_rep_2,SN2652,03:03:00,13.0,03:34:00,03:37:00,A48 ,65.0,26.0,6.11,1.68,3.0,10.79
2026-04-04_rep_2,SN2712,13:40:00,-4.0,14:05:00,14:06:00,A59 ,28.0,34.0,1.82,1.72,1.0,4.54
2026-04-04_rep_2,SN2714,16:53:00,-1.0,17:21:00,17:23:00,A54 ,43.0,37.0,3.21,1.54,2.0,6.74
2026-04-04_rep_2,SN2722,22:33:00,26.0,23:27:00,23:36:00,A40 ,62.0,31.0,5.87,1.81,9.0,16.68
2026-04-04_rep_2,SN2726,12:23:00,0.0,12:54:00,12:56:00,A50 ,14.0,34.0,0.99,1.52,2.0,4.51
2026-04-04_rep_2,SN2810,17:26:00,-10.0,17:34:00,17:36:00,A56 ,29.0,24.0,2.6,1.69,2.0,6.29
2026-04-04_rep_2,SN2816,12:23:00,-22.0,12:18:00,12:20:00,A42 ,1.0,20.0,0.09,1.62,2.0,3.7
2026-04-04_rep_2,SN2830,12:39:00,1.0,12:58:00,12:59:00,A58 ,14.0,22.0,1.06,2.14,1.0,4.2
2026-04-04_rep_2,SN2902,15:15:00,12.0,15:45:00,15:47:00,A52 ,18.0,28.0,1.4,1.61,2.0,5.0
2026-04-04_rep_2,SN3132,01:18:00,44.0,02:12:00,02:14:00,A54 ,29.0,13.0,2.54,1.98,2.0,6.52
2026-04-04_rep_2,SN3140,18:09:00,-13.0,18:05:00,18:06:00,A64 ,17.0,13.0,1.23,1.65,1.0,3.88
2026-04-04_rep_2,SN3148,18:53:00,2.0,19:11:00,19:14:00,A48 ,43.0,24.0,3.21,2.34,3.0,8.55
2026-04-04_rep_2,SN3154,14:18:00,-4.0,14:35:00,14:37:00,A40 ,17.0,29.0,1.48,2.0,2.0,5.48
2026-04-04_rep_2,SN3176,16:29:00,316.0,22:05:00,22:09:00,A56 ,64.0,24.0,4.88,2.0,4.0,10.89
2026-04-04_rep_2,SN3182,00:24:00,-4.0,00:38:00,00:41:00,A58 ,57.0,22.0,4.75,1.95,3.0,9.7
2026-04-04_rep_2,SN3202,18:26:00,-2.0,18:45:00,18:49:00,A62 ,43.0,27.0,3.76,1.48,4.0,9.25
2026-04-04_rep_2,SN3208,12:46:00,-7.0,12:57:00,12:58:00,A49 ,6.0,24.0,0.54,1.78,1.0,3.32
2026-04-04_rep_2,SN3238,22:34:00,-36.0,22:10:00,22:11:00,A65 ,20.0,16.0,1.42,1.91,1.0,4.33
2026-04-04_rep_2,SN3246,17:33:00,-1.0,17:48:00,17:49:00,A52 ,37.0,24.0,3.1,1.58,1.0,5.68
2026-04-04_rep_2,SN3256,18:04:00,-15.0,18:07:00,18:08:00,A59 ,15.0,22.0,1.22,1.64,1.0,3.86
2026-04-04_rep_2,SN3344,00:19:00,50.0,01:18:00,01:19:00,A56 ,5.0,13.0,0.38,1.29,1.0,2.67
2026-04-04_rep_2,SN358,10:21:00,52.0,11:43:00,12:03:00,B38 A,126.0,36.0,12.08,0.08,20.0,32.16
2026-04-04_rep_2,SN3588,18:42:00,23.0,19:29:00,19:35:00,A46 ,33.0,31.0,2.47,1.71,6.0,10.19
2026-04-04_rep_2,SN3598,19:22:00,16.0,19:57:00,19:58:00,A56 ,55.0,26.0,4.88,1.89,1.0,7.77
2026-04-04_rep_2,SN3604,12:28:00,-11.0,12:36:00,12:40:00,A52 ,10.0,22.0,0.69,1.38,4.0,6.06
2026-04-04_rep_2,SN3618,19:38:00,-19.0,19:36:00,19:38:00,A40 ,86.0,25.0,6.38,2.21,2.0,10.59
2026-04-04_rep_2,SN3622,22:14:00,-12.0,22:20:00,22:23:00,A50 ,71.0,22.0,5.0,1.46,3.0,9.46
2026-04-04_rep_2,SN3632,13:35:00,-4.0,13:49:00,14:00:00,A57 ,9.0,23.0,0.73,2.16,11.0,13.89
2026-04-04_rep_2,SN3634,14:59:00,-2.0,15:28:00,15:29:00,A59 ,7.0,35.0,0.59,2.26,1.0,3.85
2026-04-04_rep_2,SN3668,17:57:00,-2.0,18:13:00,18:16:00,A40 ,62.0,25.0,5.98,1.84,3.0,10.82
2026-04-04_rep_2,SN3704,21:18:00,-1.0,21:33:00,21:36:00,A46 ,76.0,19.0,5.36,1.83,3.0,10.19
2026-04-04_rep_2,SN3712,18:06:00,-18.0,17:58:00,17:59:00,A58 ,24.0,16.0,1.84,1.63,1.0,4.47
2026-04-04_rep_2,SN3734,16:57:00,-11.0,17:00:00,17:02:00,A50 ,32.0,21.0,2.68,2.03,2.0,6.71
2026-04-04_rep_2,SN3736,22:29:00,28.0,23:25:00,23:34:00,A48 ,99.0,32.0,11.22,1.73,9.0,21.95
2026-04-04_rep_2,SN3738,03:14:00,-5.0,03:30:00,03:34:00,A67 ,77.0,25.0,7.22,1.51,4.0,12.73
2026-04-04_rep_2,SN3740,01:14:00,30.0,02:06:00,02:09:00,A68 ,80.0,26.0,8.43,1.62,3.0,13.05
2026-04-04_rep_2,SN3766,23:53:00,-16.0,00:01:00,00:38:00,A44 ,96.0,27.0,6.13,1.86,37.0,44.99
2026-04-04_rep_2,SN3768,00:29:00,-11.0,00:32:00,00:38:00,A66 ,37.0,18.0,2.89,1.7,6.0,10.59
2026-04-04_rep_2,SN3772,15:43:00,-5.0,15:58:00,16:01:00,A40 ,45.0,28.0,3.76,1.65,3.0,8.41
2026-04-04_rep_2,SN3774,03:17:00,3.0,03:34:00,03:36:00,A44 ,36.0,21.0,2.87,1.28,2.0,6.16
2026-04-04_rep_2,SN3780,22:04:00,-17.0,22:11:00,22:15:00,A52 ,63.0,28.0,5.77,1.51,4.0,11.28
2026-04-04_rep_2,SN3782,03:37:00,14.0,05:15:00,05:18:00,A68 ,113.0,91.0,10.31,1.69,3.0,15.0
2026-04-04_rep_2,SN3784,03:25:00,-5.0,03:34:00,03:37:00,A59 ,61.0,19.0,6.3,1.98,3.0,11.28
2026-04-04_rep_2,SN3802,20:06:00,-9.0,20:18:00,20:21:00,A54 ,75.0,27.0,5.7,2.03,3.0,10.73
2026-04-04_rep_2,SN3806,02:44:00,-15.0,02:40:00,02:42:00,A62 ,27.0,15.0,2.69,1.88,2.0,6.57
2026-04-04_rep_2,SN3816,19:46:00,5.0,20:09:00,20:13:00,A44 ,72.0,24.0,6.03,1.9,4.0,11.93
2026-04-04_rep_2,SN3820,03:47:00,2.0,03:56:00,03:58:00,A60 ,18.0,14.0,1.18,1.53,2.0,4.71
2026-04-04_rep_2,SN3828,03:55:00,-11.0,05:07:00,05:13:00,A63 ,83.0,88.0,6.51,1.78,6.0,14.29
2026-04-04_rep_2,SN3886,03:16:00,-12.0,03:22:00,03:23:00,B14 A,10.0,24.0,0.83,0.1,1.0,1.94
2026-04-04_rep_2,SN467,10:49:00,15.0,11:20:00,11:48:00,B11 A,79.0,20.0,9.4,0.1,28.0,37.5
2026-04-04_rep_2,SN502,11:44:00,-48.0,11:09:00,11:30:00,B37 A,97.0,17.0,8.59,0.13,21.0,29.72
2026-04-04_rep_2,SQ304,11:30:00,-16.0,11:31:00,12:29:00,B31 A,306.0,22.0,19.74,0.11,58.0,77.85
2026-04-04_rep_2,TB1014,16:51:00,-10.0,16:52:00,16:54:00,A51 ,35.0,17.0,3.41,1.35,2.0,6.76
2026-04-04_rep_2,TB1112,15:57:00,15.0,16:37:00,16:40:00,A57 ,93.0,32.0,6.72,1.81,3.0,11.54
2026-04-04_rep_2,TB1135,17:30:00,3.0,18:14:00,18:17:00,A57 ,38.0,46.0,2.58,1.45,3.0,7.03
2026-04-04_rep_2,TB1502,03:55:00,129.0,06:21:00,06:25:00,A61 ,74.0,22.0,5.04,2.21,4.0,11.25
2026-04-04_rep_2,TB1554,20:50:00,2.0,21:14:00,21:19:00,A64 ,109.0,27.0,9.47,1.35,5.0,15.82
2026-04-04_rep_2,TB1702,02:29:00,-11.0,02:41:00,02:44:00,A43 ,104.0,32.0,9.68,1.69,3.0,14.37
2026-04-04_rep_2,TB1704,02:56:00,1.0,03:17:00,03:23:00,A53 ,76.0,26.0,6.16,2.07,6.0,14.23
2026-04-04_rep_2,TB1756,20:17:00,-4.0,20:29:00,20:36:00,A43 ,137.0,23.0,10.13,1.32,7.0,18.44
2026-04-04_rep_2,TB1758,03:33:00,9.0,05:14:00,05:18:00,A66 ,123.0,100.0,9.68,2.07,4.0,15.75
2026-04-04_rep_2,TB2031,00:32:00,-23.0,00:26:00,00:30:00,B36 A,170.0,24.0,13.97,0.17,4.0,18.14
2026-04-04_rep_2,TB2612,06:49:00,-9.0,06:47:00,06:48:00,B15 A,35.0,16.0,2.37,0.12,1.0,3.49
2026-04-04_rep_2,TB2614,01:40:00,-14.0,01:46:00,01:49:00,B11 A,118.0,25.0,8.92,0.1,3.0,12.02
2026-04-04_rep_2,TB2654,02:00:00,-8.0,02:16:00,02:21:00,B27 A,113.0,29.0,9.84,0.1,5.0,14.94
2026-04-04_rep_2,TB2752,16:49:00,-12.0,16:53:00,16:56:00,B40 A,74.0,20.0,4.91,0.11,3.0,8.02
2026-04-04_rep_2,TB3012,22:35:00,11.0,23:06:00,23:11:00,B30 A,129.0,25.0,8.38,0.09,5.0,13.47
2026-04-04_rep_2,TK1937,14:16:00,-1.0,14:31:00,14:45:00,B34 A,138.0,22.0,9.64,0.09,14.0,23.73
2026-04-04_rep_2,TK1939,21:59:00,2.0,22:11:00,22:28:00,B14 A,155.0,19.0,10.94,0.09,17.0,28.02
2026-04-04_rep_2,TK1941,01:31:00,-13.0,01:37:00,01:44:00,B7  A,117.0,25.0,8.45,2.09,7.0,17.54
2026-04-04_rep_2,TK1943,17:31:00,1.0,17:49:00,17:58:00,B32 A,116.0,23.0,9.48,0.09,9.0,18.57
2026-04-04_rep_2,TP640,15:07:00,-22.0,15:15:00,15:16:00,A47 ,62.0,37.0,6.15,1.78,1.0,8.94
2026-04-04_rep_2,TP642,19:11:00,-27.0,18:57:00,19:06:00,A49 ,96.0,19.0,6.88,1.77,9.0,17.66
2026-04-04_rep_2,TP644,00:12:00,-20.0,00:09:00,00:30:00,A47 ,73.0,24.0,7.54,1.88,21.0,30.42
2026-04-04_rep_2,TP646,04:01:00,71.0,05:25:00,05:30:00,A45 ,102.0,19.0,9.17,1.72,5.0,15.89
2026-04-04_rep_2,TU954,15:30:00,9.0,15:56:00,16:02:00,B14 A,88.0,22.0,5.41,0.1,6.0,11.52
2026-04-04_rep_2,UA950,11:22:00,-20.0,11:22:00,11:45:00,B28 A,170.0,27.0,11.42,0.12,23.0,34.53
2026-04-04_rep_2,UA972,13:07:00,-11.0,13:16:00,13:38:00,B38 A,134.0,27.0,14.03,0.1,22.0,36.13
2026-04-04_rep_2,UA994,11:51:00,-14.0,11:55:00,12:25:00,B40 A,157.0,24.0,13.04,0.09,30.0,43.14
2026-04-04_rep_2,UX1171,13:55:00,-12.0,14:00:00,14:03:00,A48 ,34.0,27.0,3.24,1.99,3.0,8.23
2026-04-04_rep_2,UX1173,21:46:00,-19.0,21:45:00,21:49:00,A53 ,70.0,24.0,4.78,1.92,4.0,10.7
2026-04-04_rep_2,UX1175,22:17:00,-21.0,22:09:00,22:11:00,A59 ,39.0,20.0,2.87,1.5,2.0,6.38
2026-04-04_rep_2,VF65,15:21:00,-19.0,15:21:00,15:26:00,B36 A,133.0,25.0,11.56,0.12,5.0,16.68
2026-04-04_rep_2,VF67,20:16:00,-7.0,20:28:00,20:32:00,B11 A,149.0,25.0,13.31,0.13,4.0,17.44
2026-04-04_rep_2,VY1332,13:30:00,-19.0,13:29:00,13:33:00,A55 ,9.0,23.0,0.66,2.25,4.0,6.91
2026-04-04_rep_2,VY1334,00:07:00,-8.0,00:10:00,00:12:00,A43 ,31.0,18.0,2.28,1.69,2.0,5.97
2026-04-04_rep_2,VY1470,12:50:00,-19.0,12:52:00,12:53:00,A53 ,19.0,26.0,1.58,1.51,1.0,4.09
2026-04-04_rep_2,VY2150,14:30:00,-23.0,14:18:00,14:20:00,A43 ,38.0,16.0,2.93,1.39,2.0,6.32
2026-04-04_rep_2,VY6814,18:44:00,29.0,19:31:00,19:34:00,A53 ,18.0,22.0,1.33,1.5,3.0,5.82
2026-04-04_rep_2,VY8978,16:51:00,-15.0,16:44:00,16:46:00,A45 ,18.0,14.0,1.1,1.89,2.0,4.99
2026-04-04_rep_2,VY8980,13:50:00,-10.0,13:58:00,14:02:00,A53 ,10.0,23.0,0.84,1.2,4.0,6.04
2026-04-04_rep_2,VY8982,21:22:00,3.0,21:41:00,21:45:00,A45 ,52.0,23.0,4.26,1.51,4.0,9.76
2026-04-04_rep_2,VY8984,01:06:00,-18.0,01:00:00,01:02:00,A45 ,56.0,18.0,4.29,1.96,2.0,8.26
2026-04-04_rep_2,VY8986,18:36:00,-15.0,18:36:00,18:40:00,A51 ,41.0,21.0,3.62,1.44,4.0,9.06
2026-04-04_rep_3,AC826,11:57:00,-38.0,11:42:00,12:11:00,B14 A,129.0,30.0,11.94,0.07,29.0,41.02
2026-04-04_rep_3,AC832,11:16:00,-37.0,10:54:00,11:24:00,B5  A,101.0,21.0,9.99,1.96,30.0,41.95
2026-04-04_rep_3,AY1541,13:26:00,-6.0,13:36:00,13:40:00,A60 ,73.0,22.0,5.27,1.56,4.0,10.82
2026-04-04_rep_3,AY1545,22:26:00,13.0,23:03:00,23:08:00,A57 ,87.0,30.0,7.71,1.44,5.0,14.15
2026-04-04_rep_3,AZ148,12:41:00,-5.0,12:47:00,13:02:00,A47 ,4.0,17.0,0.3,1.73,15.0,17.03
2026-04-04_rep_3,AZ156,14:52:00,-12.0,14:53:00,14:54:00,A45 ,16.0,20.0,1.18,1.74,1.0,3.93
2026-04-04_rep_3,AZ160,22:07:00,1.0,22:26:00,22:30:00,A47 ,50.0,25.0,4.85,1.99,4.0,10.84
2026-04-04_rep_3,BA384,14:00:00,-5.0,14:05:00,14:11:00,B27 A,62.0,15.0,3.95,0.09,6.0,10.04
2026-04-04_rep_3,BA388,23:22:00,-17.0,23:23:00,23:35:00,B7  A,106.0,25.0,7.28,1.72,12.0,21.0
2026-04-04_rep_3,CX275,12:31:00,-15.0,12:27:00,13:06:00,B11 A,305.0,17.0,11.9,3.4,39.0,54.3
2026-04-04_rep_3,DL140,11:47:00,-51.0,11:22:00,11:52:00,B34 A,203.0,33.0,23.53,0.12,30.0,53.65
2026-04-04_rep_3,EI630,13:45:00,-11.0,13:45:00,13:50:00,B17 A,72.0,16.0,6.02,0.1,5.0,11.12
2026-04-04_rep_3,EK181,23:35:00,-2.0,23:47:00,00:17:00,B31 A,250.0,19.0,15.4,0.1,30.0,45.5
2026-04-04_rep_3,ET750,11:13:00,21.0,12:17:00,13:03:00,B17 A,464.0,51.0,39.95,0.11,46.0,86.06
2026-04-04_rep_3,FH8014,19:25:00,-27.0,19:09:00,19:10:00,B9  A,19.0,16.0,1.26,1.29,1.0,3.54
2026-04-04_rep_3,FH8116,05:43:00,-24.0,05:28:00,05:30:00,B27 A,15.0,17.0,1.2,0.12,2.0,3.32
2026-04-04_rep_3,GQ800,17:10:00,14.0,17:35:00,17:36:00,A53 ,32.0,16.0,3.01,1.59,1.0,5.59
2026-04-04_rep_3,GQ802,00:06:00,-1.0,00:15:00,00:17:00,A57 ,28.0,16.0,2.01,1.87,2.0,5.87
2026-04-04_rep_3,GQ850,13:59:00,-9.0,14:06:00,14:09:00,A46 ,6.0,25.0,0.59,1.61,3.0,5.2
2026-04-04_rep_3,HV9078,03:30:00,-15.0,03:24:00,03:26:00,A65 ,30.0,14.0,2.02,1.95,2.0,5.98
2026-04-04_rep_3,HV9264,19:01:00,25.0,19:46:00,19:51:00,B36 A,112.0,26.0,9.36,0.13,5.0,14.48
2026-04-04_rep_3,IB1299,18:49:00,-10.0,18:52:00,18:54:00,A61 ,39.0,17.0,3.16,1.41,2.0,6.57
2026-04-04_rep_3,IB597,15:31:00,-3.0,15:39:00,15:42:00,A53 ,35.0,17.0,2.51,1.56,3.0,7.07
2026-04-04_rep_3,IB601,23:06:00,-12.0,23:09:00,23:13:00,A51 ,67.0,21.0,4.74,1.85,4.0,10.59
2026-04-04_rep_3,IB603,02:36:00,-15.0,02:30:00,02:33:00,A51 ,33.0,15.0,2.95,1.53,3.0,7.47
2026-04-04_rep_3,KM3422,21:17:00,-12.0,21:17:00,21:19:00,A51 ,24.0,19.0,2.36,2.14,2.0,6.5
2026-04-04_rep_3,KM420,23:21:00,-21.0,23:17:00,23:20:00,A61 ,107.0,23.0,8.22,1.42,3.0,12.64
2026-04-04_rep_3,LH1004,11:51:00,-4.0,12:07:00,12:12:00,A43 ,23.0,26.0,2.19,1.97,5.0,9.17
2026-04-04_rep_3,LO231,02:42:00,-6.0,02:54:00,02:56:00,A57 ,4.0,25.0,0.32,1.73,2.0,4.04
2026-04-04_rep_3,LO233,22:46:00,-1.0,23:03:00,23:05:00,A49 ,40.0,24.0,3.49,1.27,2.0,6.76
2026-04-04_rep_3,LO235,13:30:00,3.0,13:51:00,13:53:00,A47 ,10.0,23.0,0.73,1.94,2.0,4.67
2026-04-04_rep_3,LX780,18:20:00,-10.0,18:26:00,18:27:00,A45 ,48.0,21.0,3.34,1.79,1.0,6.13
2026-04-04_rep_3,LX786,12:56:00,-3.0,13:08:00,13:16:00,A45 ,41.0,21.0,2.5,1.54,8.0,12.04
2026-04-04_rep_3,LX788,22:42:00,-12.0,22:43:00,22:48:00,A43 ,77.0,20.0,7.8,2.05,5.0,14.85
2026-04-04_rep_3,ME215,14:40:00,-13.0,14:47:00,15:00:00,B5  A,146.0,25.0,10.38,2.12,13.0,25.5
2026-04-04_rep_3,MS725,18:50:00,36.0,19:48:00,20:00:00,B7  A,215.0,27.0,16.9,1.64,12.0,30.54
2026-04-04_rep_3,NH231,21:40:00,37.0,22:34:00,23:07:00,B5  A,255.0,22.0,15.23,1.64,33.0,49.87
2026-04-04_rep_3,OS291,13:10:00,-11.0,13:08:00,13:10:00,A43 ,14.0,14.0,1.3,1.46,2.0,4.76
2026-04-04_rep_3,OS293,18:09:00,-5.0,18:14:00,18:17:00,A47 ,29.0,14.0,1.8,1.71,3.0,6.51
2026-04-04_rep_3,OS297,23:16:00,1.0,23:27:00,23:28:00,A45 ,21.0,16.0,1.52,1.72,1.0,4.23
2026-04-04_rep_3,QS1000,12:16:00,-20.0,12:14:00,12:15:00,A51 ,2.0,24.0,0.15,1.87,1.0,3.02
2026-04-04_rep_3,SK1593,18:41:00,9.0,19:03:00,19:05:00,A63 ,35.0,19.0,2.61,1.65,2.0,6.26
2026-04-04_rep_3,SK593,13:45:00,-21.0,13:37:00,13:38:00,A51 ,35.0,18.0,3.17,1.83,1.0,5.99
2026-04-04_rep_3,SK597,23:58:00,-7.0,00:02:00,00:04:00,A53 ,33.0,19.0,2.06,1.43,2.0,5.49
2026-04-04_rep_3,SN1138,03:20:00,4.0,03:37:00,03:39:00,B28 A,63.0,18.0,4.29,0.1,2.0,6.39
2026-04-04_rep_3,SN1574,00:30:00,4.0,00:58:00,01:03:00,A49 ,80.0,29.0,6.21,2.39,5.0,13.6
2026-04-04_rep_3,SN2094,17:21:00,23.0,18:09:00,18:11:00,B14 A,48.0,31.0,3.11,0.1,2.0,5.22
2026-04-04_rep_3,SN2104,12:59:00,-3.0,13:26:00,13:43:00,B7  A,10.0,34.0,0.68,2.14,17.0,19.82
2026-04-04_rep_3,SN2258,17:32:00,43.0,18:33:00,18:34:00,A44 ,47.0,25.0,4.16,1.65,1.0,6.81
2026-04-04_rep_3,SN2288,12:49:00,35.0,13:37:00,13:52:00,A54 ,18.0,17.0,2.06,2.2,15.0,19.25
2026-04-04_rep_3,SN2298,12:49:00,1.0,13:08:00,13:11:00,A40 ,5.0,22.0,0.38,1.94,3.0,5.32
2026-04-04_rep_3,SN241,09:57:00,-15.0,09:58:00,10:43:00,B37 A,48.0,23.0,4.82,0.12,45.0,49.94
2026-04-04_rep_3,SN256,09:20:00,30.0,10:17:00,10:41:00,B40 A,93.0,37.0,8.21,0.13,24.0,32.34
2026-04-04_rep_3,SN2582,17:08:00,-6.0,17:15:00,17:18:00,A42 ,45.0,16.0,3.09,1.75,3.0,7.85
2026-04-04_rep_3,SN2592,12:24:00,-15.0,12:21:00,12:22:00,A59 ,8.0,16.0,0.75,1.68,1.0,3.43
2026-04-04_rep_3,SN2608,14:17:00,-10.0,14:55:00,14:59:00,A50 ,41.0,55.0,3.51,1.37,4.0,8.88
2026-04-04_rep_3,SN2614,21:33:00,-8.0,21:45:00,21:47:00,A44 ,42.0,23.0,3.12,2.12,2.0,7.24
2026-04-04_rep_3,SN2624,16:59:00,-8.0,17:00:00,17:02:00,A48 ,12.0,18.0,1.12,1.31,2.0,4.43
2026-04-04_rep_3,SN2630,12:18:00,-8.0,12:29:00,12:30:00,A48 ,2.0,22.0,0.17,2.13,1.0,3.3
2026-04-04_rep_3,SN2644,17:13:00,-14.0,17:18:00,17:20:00,A46 ,55.0,22.0,4.02,1.94,2.0,7.96
2026-04-04_rep_3,SN2646,20:22:00,-3.0,20:35:00,20:37:00,A47 ,26.0,23.0,2.39,1.86,2.0,6.25
2026-04-04_rep_3,SN2652,03:03:00,13.0,03:34:00,03:37:00,A48 ,65.0,26.0,6.46,2.29,3.0,11.75
2026-04-04_rep_3,SN2712,13:40:00,-4.0,14:05:00,14:06:00,A59 ,28.0,34.0,2.1,1.46,1.0,4.57
2026-04-04_rep_3,SN2714,16:53:00,-1.0,17:21:00,17:23:00,A54 ,43.0,37.0,3.23,1.62,2.0,6.84
2026-04-04_rep_3,SN2722,22:33:00,26.0,23:27:00,23:36:00,A40 ,62.0,31.0,5.64,1.85,9.0,16.5
2026-04-04_rep_3,SN2726,12:23:00,0.0,12:54:00,12:56:00,A50 ,14.0,34.0,1.09,1.92,2.0,5.01
2026-04-04_rep_3,SN2810,17:26:00,-10.0,17:34:00,17:36:00,A56 ,29.0,24.0,2.45,1.49,2.0,5.94
2026-04-04_rep_3,SN2816,12:23:00,-22.0,12:18:00,12:20:00,A42 ,1.0,20.0,0.08,1.64,2.0,3.72
2026-04-04_rep_3,SN2830,12:39:00,1.0,12:58:00,12:59:00,A58 ,14.0,22.0,1.49,2.09,1.0,4.57
2026-04-04_rep_3,SN2902,15:15:00,12.0,15:45:00,15:47:00,A52 ,18.0,28.0,1.23,2.24,2.0,5.46
2026-04-04_rep_3,SN3132,01:18:00,44.0,02:12:00,02:14:00,A54 ,29.0,13.0,2.21,1.88,2.0,6.09
2026-04-04_rep_3,SN3140,18:09:00,-13.0,18:05:00,18:06:00,A64 ,17.0,13.0,1.6,1.7,1.0,4.3
2026-04-04_rep_3,SN3148,18:53:00,2.0,19:11:00,19:14:00,A48 ,43.0,24.0,3.14,1.63,3.0,7.77
2026-04-04_rep_3,SN3154,14:18:00,-4.0,14:35:00,14:37:00,A40 ,17.0,29.0,1.18,1.26,2.0,4.44
2026-04-04_rep_3,SN3176,16:29:00,316.0,22:05:00,22:09:00,A56 ,64.0,24.0,5.55,1.63,4.0,11.18
2026-04-04_rep_3,SN3182,00:24:00,-4.0,00:38:00,00:41:00,A58 ,57.0,22.0,3.96,1.32,3.0,8.28
2026-04-04_rep_3,SN3202,18:26:00,-2.0,18:45:00,18:49:00,A62 ,43.0,27.0,3.59,1.47,4.0,9.06
2026-04-04_rep_3,SN3208,12:46:00,-7.0,12:57:00,12:58:00,A49 ,6.0,24.0,0.52,1.71,1.0,3.23
2026-04-04_rep_3,SN3238,22:34:00,-36.0,22:10:00,22:11:00,A65 ,20.0,16.0,1.8,1.46,1.0,4.26
2026-04-04_rep_3,SN3246,17:33:00,-1.0,17:48:00,17:49:00,A52 ,37.0,24.0,2.58,1.76,1.0,5.34
2026-04-04_rep_3,SN3256,18:04:00,-15.0,18:07:00,18:08:00,A59 ,15.0,22.0,1.02,1.89,1.0,3.91
2026-04-04_rep_3,SN3344,00:19:00,50.0,01:18:00,01:19:00,A56 ,5.0,13.0,0.35,1.71,1.0,3.07
2026-04-04_rep_3,SN358,10:21:00,52.0,11:43:00,12:03:00,B38 A,126.0,36.0,12.58,0.09,20.0,32.67
2026-04-04_rep_3,SN3588,18:42:00,23.0,19:29:00,19:35:00,A46 ,33.0,31.0,2.47,1.83,6.0,10.31
2026-04-04_rep_3,SN3598,19:22:00,16.0,19:57:00,19:58:00,A56 ,55.0,26.0,3.92,1.54,1.0,6.45
2026-04-04_rep_3,SN3604,12:28:00,-11.0,12:36:00,12:40:00,A52 ,10.0,22.0,0.73,1.55,4.0,6.28
2026-04-04_rep_3,SN3618,19:38:00,-19.0,19:36:00,19:38:00,A40 ,86.0,25.0,6.94,1.73,2.0,10.67
2026-04-04_rep_3,SN3622,22:14:00,-12.0,22:20:00,22:23:00,A50 ,71.0,22.0,4.66,1.69,3.0,9.35
2026-04-04_rep_3,SN3632,13:35:00,-4.0,13:49:00,14:00:00,A57 ,9.0,23.0,0.71,1.54,11.0,13.25
2026-04-04_rep_3,SN3634,14:59:00,-2.0,15:28:00,15:29:00,A59 ,7.0,35.0,0.64,1.67,1.0,3.31
2026-04-04_rep_3,SN3668,17:57:00,-2.0,18:13:00,18:16:00,A40 ,62.0,25.0,4.1,1.04,3.0,8.14
2026-04-04_rep_3,SN3704,21:18:00,-1.0,21:33:00,21:36:00,A46 ,76.0,19.0,6.7,1.55,3.0,11.25
2026-04-04_rep_3,SN3712,18:06:00,-18.0,17:58:00,17:59:00,A58 ,24.0,16.0,1.9,1.81,1.0,4.71
2026-04-04_rep_3,SN3734,16:57:00,-11.0,17:00:00,17:02:00,A50 ,32.0,21.0,2.43,1.83,2.0,6.26
2026-04-04_rep_3,SN3736,22:29:00,28.0,23:25:00,23:34:00,A48 ,99.0,32.0,9.75,1.57,9.0,20.32
2026-04-04_rep_3,SN3738,03:14:00,-5.0,03:30:00,03:34:00,A67 ,77.0,25.0,6.29,1.63,4.0,11.92
2026-04-04_rep_3,SN3740,01:14:00,30.0,02:06:00,02:09:00,A68 ,80.0,26.0,5.13,1.61,3.0,9.74
2026-04-04_rep_3,SN3766,23:53:00,-16.0,00:01:00,00:38:00,A44 ,96.0,27.0,6.95,1.66,37.0,45.61
2026-04-04_rep_3,SN3768,00:29:00,-11.0,00:32:00,00:38:00,A66 ,37.0,18.0,2.55,1.94,6.0,10.49
2026-04-04_rep_3,SN3772,15:43:00,-5.0,15:58:00,16:01:00,A40 ,45.0,28.0,3.48,1.65,3.0,8.14
2026-04-04_rep_3,SN3774,03:17:00,3.0,03:34:00,03:36:00,A44 ,36.0,21.0,2.38,1.35,2.0,5.73
2026-04-04_rep_3,SN3780,22:04:00,-17.0,22:11:00,22:15:00,A52 ,63.0,28.0,4.91,1.75,4.0,10.66
2026-04-04_rep_3,SN3782,03:37:00,14.0,05:15:00,05:18:00,A68 ,113.0,91.0,8.5,1.63,3.0,13.13
2026-04-04_rep_3,SN3784,03:25:00,-5.0,03:34:00,03:37:00,A59 ,61.0,19.0,6.18,1.24,3.0,10.43
2026-04-04_rep_3,SN3802,20:06:00,-9.0,20:18:00,20:21:00,A54 ,75.0,27.0,7.38,1.56,3.0,11.94
2026-04-04_rep_3,SN3806,02:44:00,-15.0,02:40:00,02:42:00,A62 ,27.0,15.0,1.89,1.02,2.0,4.9
2026-04-04_rep_3,SN3816,19:46:00,5.0,20:09:00,20:13:00,A44 ,72.0,24.0,5.5,1.41,4.0,10.91
2026-04-04_rep_3,SN3820,03:47:00,2.0,03:56:00,03:58:00,A60 ,18.0,14.0,1.63,1.46,2.0,5.09
2026-04-04_rep_3,SN3828,03:55:00,-11.0,05:07:00,05:13:00,A63 ,83.0,88.0,9.95,1.88,6.0,17.84
2026-04-04_rep_3,SN3886,03:16:00,-12.0,03:22:00,03:23:00,B14 A,10.0,24.0,0.9,0.1,1.0,2.0
2026-04-04_rep_3,SN467,10:49:00,15.0,11:20:00,11:48:00,B11 A,79.0,20.0,4.85,0.09,28.0,32.95
2026-04-04_rep_3,SN502,11:44:00,-48.0,11:09:00,11:30:00,B37 A,97.0,17.0,9.49,0.12,21.0,30.61
2026-04-04_rep_3,SQ304,11:30:00,-16.0,11:31:00,12:29:00,B31 A,306.0,22.0,21.74,0.11,58.0,79.85
2026-04-04_rep_3,TB1014,16:51:00,-10.0,16:52:00,16:54:00,A51 ,35.0,17.0,3.41,1.72,2.0,7.12
2026-04-04_rep_3,TB1112,15:57:00,15.0,16:37:00,16:40:00,A57 ,93.0,32.0,8.16,1.16,3.0,12.31
2026-04-04_rep_3,TB1135,17:30:00,3.0,18:14:00,18:17:00,A57 ,38.0,46.0,3.27,1.51,3.0,7.78
2026-04-04_rep_3,TB1502,03:55:00,129.0,06:21:00,06:25:00,A61 ,74.0,22.0,4.75,1.32,4.0,10.07
2026-04-04_rep_3,TB1554,20:50:00,2.0,21:14:00,21:19:00,A64 ,109.0,27.0,8.43,1.65,5.0,15.08
2026-04-04_rep_3,TB1702,02:29:00,-11.0,02:41:00,02:44:00,A43 ,104.0,32.0,6.96,1.67,3.0,11.63
2026-04-04_rep_3,TB1704,02:56:00,1.0,03:17:00,03:23:00,A53 ,76.0,26.0,7.06,1.59,6.0,14.64
2026-04-04_rep_3,TB1756,20:17:00,-4.0,20:29:00,20:36:00,A43 ,137.0,23.0,11.58,1.53,7.0,20.11
2026-04-04_rep_3,TB1758,03:33:00,9.0,05:14:00,05:18:00,A66 ,123.0,100.0,11.08,1.66,4.0,16.74
2026-04-04_rep_3,TB2031,00:32:00,-23.0,00:26:00,00:30:00,B36 A,170.0,24.0,12.24,0.1,4.0,16.34
2026-04-04_rep_3,TB2612,06:49:00,-9.0,06:47:00,06:48:00,B15 A,35.0,16.0,2.63,0.09,1.0,3.73
2026-04-04_rep_3,TB2614,01:40:00,-14.0,01:46:00,01:49:00,B11 A,118.0,25.0,8.89,0.12,3.0,12.01
2026-04-04_rep_3,TB2654,02:00:00,-8.0,02:16:00,02:21:00,B27 A,113.0,29.0,8.08,0.08,5.0,13.16
2026-04-04_rep_3,TB2752,16:49:00,-12.0,16:53:00,16:56:00,B40 A,74.0,20.0,7.27,0.1,3.0,10.37
2026-04-04_rep_3,TB3012,22:35:00,11.0,23:06:00,23:11:00,B30 A,129.0,25.0,10.52,0.09,5.0,15.61
2026-04-04_rep_3,TK1937,14:16:00,-1.0,14:31:00,14:45:00,B34 A,138.0,22.0,9.73,0.08,14.0,23.81
2026-04-04_rep_3,TK1939,21:59:00,2.0,22:11:00,22:28:00,B14 A,155.0,19.0,13.95,0.09,17.0,31.04
2026-04-04_rep_3,TK1941,01:31:00,-13.0,01:37:00,01:44:00,B7  A,117.0,25.0,10.45,1.87,7.0,19.33
2026-04-04_rep_3,TK1943,17:31:00,1.0,17:49:00,17:58:00,B32 A,116.0,23.0,10.34,0.1,9.0,19.43
2026-04-04_rep_3,TP640,15:07:00,-22.0,15:15:00,15:16:00,A47 ,62.0,37.0,5.97,1.73,1.0,8.71
2026-04-04_rep_3,TP642,19:11:00,-27.0,18:57:00,19:06:00,A49 ,96.0,19.0,6.26,1.44,9.0,16.7
2026-04-04_rep_3,TP644,00:12:00,-20.0,00:09:00,00:30:00,A47 ,73.0,24.0,5.92,2.09,21.0,29.0
2026-04-04_rep_3,TP646,04:01:00,71.0,05:25:00,05:30:00,A45 ,102.0,19.0,8.81,2.39,5.0,16.21
2026-04-04_rep_3,TU954,15:30:00,9.0,15:56:00,16:02:00,B14 A,88.0,22.0,6.02,0.1,6.0,12.12
2026-04-04_rep_3,UA950,11:22:00,-20.0,11:22:00,11:45:00,B28 A,170.0,27.0,17.0,0.14,23.0,40.14
2026-04-04_rep_3,UA972,13:07:00,-11.0,13:16:00,13:38:00,B38 A,134.0,27.0,12.63,0.1,22.0,34.73
2026-04-04_rep_3,UA994,11:51:00,-14.0,11:55:00,12:25:00,B40 A,157.0,24.0,11.47,0.09,30.0,41.56
2026-04-04_rep_3,UX1171,13:55:00,-12.0,14:00:00,14:03:00,A48 ,34.0,27.0,2.78,2.01,3.0,7.79
2026-04-04_rep_3,UX1173,21:46:00,-19.0,21:45:00,21:49:00,A53 ,70.0,24.0,6.58,1.5,4.0,12.08
2026-04-04_rep_3,UX1175,22:17:00,-21.0,22:09:00,22:11:00,A59 ,39.0,20.0,3.3,1.59,2.0,6.89
2026-04-04_rep_3,VF65,15:21:00,-19.0,15:21:00,15:26:00,B36 A,133.0,25.0,12.04,0.1,5.0,17.14
2026-04-04_rep_3,VF67,20:16:00,-7.0,20:28:00,20:32:00,B11 A,149.0,25.0,10.26,0.11,4.0,14.37
2026-04-04_rep_3,VY1332,13:30:00,-19.0,13:29:00,13:33:00,A55 ,9.0,23.0,0.75,1.86,4.0,6.6
2026-04-04_rep_3,VY1334,00:07:00,-8.0,00:10:00,00:12:00,A43 ,31.0,18.0,2.37,1.94,2.0,6.31
2026-04-04_rep_3,VY1470,12:50:00,-19.0,12:52:00,12:53:00,A53 ,19.0,26.0,1.46,1.64,1.0,4.1
2026-04-04_rep_3,VY2150,14:30:00,-23.0,14:18:00,14:20:00,A43 ,38.0,16.0,2.98,1.75,2.0,6.74
2026-04-04_rep_3,VY6814,18:44:00,29.0,19:31:00,19:34:00,A53 ,18.0,22.0,1.22,1.7,3.0,5.92
2026-04-04_rep_3,VY8978,16:51:00,-15.0,16:44:00,16:46:00,A45 ,18.0,14.0,1.7,2.3,2.0,6.0
2026-04-04_rep_3,VY8980,13:50:00,-10.0,13:58:00,14:02:00,A53 ,10.0,23.0,0.85,1.46,4.0,6.3
2026-04-04_rep_3,VY8982,21:22:00,3.0,21:41:00,21:45:00,A45 ,52.0,23.0,3.85,2.25,4.0,10.1
2026-04-04_rep_3,VY8984,01:06:00,-18.0,01:00:00,01:02:00,A45 ,56.0,18.0,6.25,1.29,2.0,9.54
2026-04-04_rep_3,VY8986,18:36:00,-15.0,18:36:00,18:40:00,A51 ,41.0,21.0,3.3,1.27,4.0,8.57
2026-04-04_rep_4,AC826,11:57:00,-38.0,11:42:00,12:11:00,B14 A,129.0,30.0,11.58,0.1,29.0,40.68
2026-04-04_rep_4,AC832,11:16:00,-37.0,10:54:00,11:24:00,B5  A,101.0,21.0,10.65,1.49,30.0,42.14
2026-04-04_rep_4,AY1541,13:26:00,-6.0,13:36:00,13:40:00,A60 ,73.0,22.0,5.9,1.46,4.0,11.36
2026-04-04_rep_4,AY1545,22:26:00,13.0,23:03:00,23:08:00,A57 ,87.0,30.0,6.46,1.99,5.0,13.45
2026-04-04_rep_4,AZ148,12:41:00,-5.0,12:47:00,13:02:00,A47 ,4.0,17.0,0.38,2.06,15.0,17.43
2026-04-04_rep_4,AZ156,14:52:00,-12.0,14:53:00,14:54:00,A45 ,16.0,20.0,1.41,1.25,1.0,3.67
2026-04-04_rep_4,AZ160,22:07:00,1.0,22:26:00,22:30:00,A47 ,50.0,25.0,3.77,1.2,4.0,8.97
2026-04-04_rep_4,BA384,14:00:00,-5.0,14:05:00,14:11:00,B27 A,62.0,15.0,6.42,0.11,6.0,12.53
2026-04-04_rep_4,BA388,23:22:00,-17.0,23:23:00,23:35:00,B7  A,106.0,25.0,7.45,1.98,12.0,21.43
2026-04-04_rep_4,CX275,12:31:00,-15.0,12:27:00,13:06:00,B11 A,305.0,17.0,11.9,3.4,39.0,54.3
2026-04-04_rep_4,DL140,11:47:00,-51.0,11:22:00,11:52:00,B34 A,203.0,33.0,15.93,0.1,30.0,46.03
2026-04-04_rep_4,EI630,13:45:00,-11.0,13:45:00,13:50:00,B17 A,72.0,16.0,7.26,0.1,5.0,12.36
2026-04-04_rep_4,EK181,23:35:00,-2.0,23:47:00,00:17:00,B31 A,250.0,19.0,17.76,0.09,30.0,47.85
2026-04-04_rep_4,ET750,11:13:00,21.0,12:17:00,13:03:00,B17 A,464.0,51.0,46.76,0.1,46.0,92.86
2026-04-04_rep_4,FH8014,19:25:00,-27.0,19:09:00,19:10:00,B9  A,19.0,16.0,1.47,1.43,1.0,3.9
2026-04-04_rep_4,FH8116,05:43:00,-24.0,05:28:00,05:30:00,B27 A,15.0,17.0,1.7,0.1,2.0,3.8
2026-04-04_rep_4,GQ800,17:10:00,14.0,17:35:00,17:36:00,A53 ,32.0,16.0,1.93,1.75,1.0,4.69
2026-04-04_rep_4,GQ802,00:06:00,-1.0,00:15:00,00:17:00,A57 ,28.0,16.0,1.89,2.39,2.0,6.28
2026-04-04_rep_4,GQ850,13:59:00,-9.0,14:06:00,14:09:00,A46 ,6.0,25.0,0.47,1.65,3.0,5.12
2026-04-04_rep_4,HV9078,03:30:00,-15.0,03:24:00,03:26:00,A65 ,30.0,14.0,2.13,1.96,2.0,6.1
2026-04-04_rep_4,HV9264,19:01:00,25.0,19:46:00,19:51:00,B36 A,112.0,26.0,8.24,0.11,5.0,13.35
2026-04-04_rep_4,IB1299,18:49:00,-10.0,18:52:00,18:54:00,A61 ,39.0,17.0,3.56,1.61,2.0,7.17
2026-04-04_rep_4,IB597,15:31:00,-3.0,15:39:00,15:42:00,A53 ,35.0,17.0,3.16,2.03,3.0,8.19
2026-04-04_rep_4,IB601,23:06:00,-12.0,23:09:00,23:13:00,A51 ,67.0,21.0,5.1,1.66,4.0,10.77
2026-04-04_rep_4,IB603,02:36:00,-15.0,02:30:00,02:33:00,A51 ,33.0,15.0,2.01,1.59,3.0,6.6
2026-04-04_rep_4,KM3422,21:17:00,-12.0,21:17:00,21:19:00,A51 ,24.0,19.0,1.7,1.3,2.0,5.0
2026-04-04_rep_4,KM420,23:21:00,-21.0,23:17:00,23:20:00,A61 ,107.0,23.0,7.83,1.53,3.0,12.36
2026-04-04_rep_4,LH1004,11:51:00,-4.0,12:07:00,12:12:00,A43 ,23.0,26.0,1.74,2.7,5.0,9.44
2026-04-04_rep_4,LO231,02:42:00,-6.0,02:54:00,02:56:00,A57 ,4.0,25.0,0.37,1.54,2.0,3.91
2026-04-04_rep_4,LO233,22:46:00,-1.0,23:03:00,23:05:00,A49 ,40.0,24.0,4.2,1.57,2.0,7.77
2026-04-04_rep_4,LO235,13:30:00,3.0,13:51:00,13:53:00,A47 ,10.0,23.0,0.97,1.92,2.0,4.89
2026-04-04_rep_4,LX780,18:20:00,-10.0,18:26:00,18:27:00,A45 ,48.0,21.0,3.09,1.48,1.0,5.57
2026-04-04_rep_4,LX786,12:56:00,-3.0,13:08:00,13:16:00,A45 ,41.0,21.0,2.9,2.4,8.0,13.3
2026-04-04_rep_4,LX788,22:42:00,-12.0,22:43:00,22:48:00,A43 ,77.0,20.0,6.12,1.48,5.0,12.6
2026-04-04_rep_4,ME215,14:40:00,-13.0,14:47:00,15:00:00,B5  A,146.0,25.0,12.2,1.63,13.0,26.83
2026-04-04_rep_4,MS725,18:50:00,36.0,19:48:00,20:00:00,B7  A,215.0,27.0,13.27,1.74,12.0,27.0
2026-04-04_rep_4,NH231,21:40:00,37.0,22:34:00,23:07:00,B5  A,255.0,22.0,17.42,1.14,33.0,51.56
2026-04-04_rep_4,OS291,13:10:00,-11.0,13:08:00,13:10:00,A43 ,14.0,14.0,1.01,1.37,2.0,4.38
2026-04-04_rep_4,OS293,18:09:00,-5.0,18:14:00,18:17:00,A47 ,29.0,14.0,2.25,1.81,3.0,7.06
2026-04-04_rep_4,OS297,23:16:00,1.0,23:27:00,23:28:00,A45 ,21.0,16.0,1.88,1.5,1.0,4.37
2026-04-04_rep_4,QS1000,12:16:00,-20.0,12:14:00,12:15:00,A51 ,2.0,24.0,0.16,1.94,1.0,3.09
2026-04-04_rep_4,SK1593,18:41:00,9.0,19:03:00,19:05:00,A63 ,35.0,19.0,2.85,1.64,2.0,6.49
2026-04-04_rep_4,SK593,13:45:00,-21.0,13:37:00,13:38:00,A51 ,35.0,18.0,2.72,1.63,1.0,5.35
2026-04-04_rep_4,SK597,23:58:00,-7.0,00:02:00,00:04:00,A53 ,33.0,19.0,2.79,2.01,2.0,6.8
2026-04-04_rep_4,SN1138,03:20:00,4.0,03:37:00,03:39:00,B28 A,63.0,18.0,5.45,0.13,2.0,7.58
2026-04-04_rep_4,SN1574,00:30:00,4.0,00:58:00,01:03:00,A49 ,80.0,29.0,5.23,1.75,5.0,11.98
2026-04-04_rep_4,SN2094,17:21:00,23.0,18:09:00,18:11:00,B14 A,48.0,31.0,4.01,0.09,2.0,6.1
2026-04-04_rep_4,SN2104,12:59:00,-3.0,13:26:00,13:43:00,B7  A,10.0,34.0,0.72,2.17,17.0,19.89
2026-04-04_rep_4,SN2258,17:32:00,43.0,18:33:00,18:34:00,A44 ,47.0,25.0,2.9,1.93,1.0,5.83
2026-04-04_rep_4,SN2288,12:49:00,35.0,13:37:00,13:52:00,A54 ,18.0,17.0,1.42,2.13,15.0,18.55
2026-04-04_rep_4,SN2298,12:49:00,1.0,13:08:00,13:11:00,A40 ,5.0,22.0,0.5,1.54,3.0,5.04
2026-04-04_rep_4,SN241,09:57:00,-15.0,09:58:00,10:43:00,B37 A,48.0,23.0,4.27,0.11,45.0,49.38
2026-04-04_rep_4,SN256,09:20:00,30.0,10:17:00,10:41:00,B40 A,93.0,37.0,6.95,0.09,24.0,31.04
2026-04-04_rep_4,SN2582,17:08:00,-6.0,17:15:00,17:18:00,A42 ,45.0,16.0,4.17,1.54,3.0,8.71
2026-04-04_rep_4,SN2592,12:24:00,-15.0,12:21:00,12:22:00,A59 ,8.0,16.0,0.53,1.82,1.0,3.36
2026-04-04_rep_4,SN2608,14:17:00,-10.0,14:55:00,14:59:00,A50 ,41.0,55.0,3.05,1.52,4.0,8.57
2026-04-04_rep_4,SN2614,21:33:00,-8.0,21:45:00,21:47:00,A44 ,42.0,23.0,3.08,1.15,2.0,6.23
2026-04-04_rep_4,SN2624,16:59:00,-8.0,17:00:00,17:02:00,A48 ,12.0,18.0,1.03,1.93,2.0,4.96
2026-04-04_rep_4,SN2630,12:18:00,-8.0,12:29:00,12:30:00,A48 ,2.0,22.0,0.2,1.79,1.0,2.99
2026-04-04_rep_4,SN2644,17:13:00,-14.0,17:18:00,17:20:00,A46 ,55.0,22.0,5.13,3.3,2.0,10.43
2026-04-04_rep_4,SN2646,20:22:00,-3.0,20:35:00,20:37:00,A47 ,26.0,23.0,2.15,1.31,2.0,5.45
2026-04-04_rep_4,SN2652,03:03:00,13.0,03:34:00,03:37:00,A48 ,65.0,26.0,4.92,2.04,3.0,9.96
2026-04-04_rep_4,SN2712,13:40:00,-4.0,14:05:00,14:06:00,A59 ,28.0,34.0,1.95,1.63,1.0,4.58
2026-04-04_rep_4,SN2714,16:53:00,-1.0,17:21:00,17:23:00,A54 ,43.0,37.0,3.87,1.73,2.0,7.6
2026-04-04_rep_4,SN2722,22:33:00,26.0,23:27:00,23:36:00,A40 ,62.0,31.0,5.65,1.94,9.0,16.58
2026-04-04_rep_4,SN2726,12:23:00,0.0,12:54:00,12:56:00,A50 ,14.0,34.0,1.24,1.84,2.0,5.08
2026-04-04_rep_4,SN2810,17:26:00,-10.0,17:34:00,17:36:00,A56 ,29.0,24.0,2.78,1.64,2.0,6.42
2026-04-04_rep_4,SN2816,12:23:00,-22.0,12:18:00,12:20:00,A42 ,1.0,20.0,0.12,1.93,2.0,4.05
2026-04-04_rep_4,SN2830,12:39:00,1.0,12:58:00,12:59:00,A58 ,14.0,22.0,1.0,2.08,1.0,4.08
2026-04-04_rep_4,SN2902,15:15:00,12.0,15:45:00,15:47:00,A52 ,18.0,28.0,1.16,1.47,2.0,4.64
2026-04-04_rep_4,SN3132,01:18:00,44.0,02:12:00,02:14:00,A54 ,29.0,13.0,2.88,1.74,2.0,6.62
2026-04-04_rep_4,SN3140,18:09:00,-13.0,18:05:00,18:06:00,A64 ,17.0,13.0,1.29,1.38,1.0,3.67
2026-04-04_rep_4,SN3148,18:53:00,2.0,19:11:00,19:14:00,A48 ,43.0,24.0,2.91,1.5,3.0,7.41
2026-04-04_rep_4,SN3154,14:18:00,-4.0,14:35:00,14:37:00,A40 ,17.0,29.0,1.47,1.9,2.0,5.37
2026-04-04_rep_4,SN3176,16:29:00,316.0,22:05:00,22:09:00,A56 ,64.0,24.0,5.28,2.02,4.0,11.3
2026-04-04_rep_4,SN3182,00:24:00,-4.0,00:38:00,00:41:00,A58 ,57.0,22.0,4.59,1.52,3.0,9.11
2026-04-04_rep_4,SN3202,18:26:00,-2.0,18:45:00,18:49:00,A62 ,43.0,27.0,3.77,1.87,4.0,9.64
2026-04-04_rep_4,SN3208,12:46:00,-7.0,12:57:00,12:58:00,A49 ,6.0,24.0,0.54,1.47,1.0,3.01
2026-04-04_rep_4,SN3238,22:34:00,-36.0,22:10:00,22:11:00,A65 ,20.0,16.0,1.45,1.79,1.0,4.24
2026-04-04_rep_4,SN3246,17:33:00,-1.0,17:48:00,17:49:00,A52 ,37.0,24.0,3.45,1.43,1.0,5.88
2026-04-04_rep_4,SN3256,18:04:00,-15.0,18:07:00,18:08:00,A59 ,15.0,22.0,1.18,1.36,1.0,3.55
2026-04-04_rep_4,SN3344,00:19:00,50.0,01:18:00,01:19:00,A56 ,5.0,13.0,0.41,1.36,1.0,2.77
2026-04-04_rep_4,SN358,10:21:00,52.0,11:43:00,12:03:00,B38 A,126.0,36.0,10.93,0.09,20.0,31.02
2026-04-04_rep_4,SN3588,18:42:00,23.0,19:29:00,19:35:00,A46 ,33.0,31.0,2.7,1.54,6.0,10.24
2026-04-04_rep_4,SN3598,19:22:00,16.0,19:57:00,19:58:00,A56 ,55.0,26.0,5.09,1.84,1.0,7.93
2026-04-04_rep_4,SN3604,12:28:00,-11.0,12:36:00,12:40:00,A52 ,10.0,22.0,0.98,2.66,4.0,7.64
2026-04-04_rep_4,SN3618,19:38:00,-19.0,19:36:00,19:38:00,A40 ,86.0,25.0,7.37,1.65,2.0,11.02
2026-04-04_rep_4,SN3622,22:14:00,-12.0,22:20:00,22:23:00,A50 ,71.0,22.0,4.48,1.52,3.0,9.0
2026-04-04_rep_4,SN3632,13:35:00,-4.0,13:49:00,14:00:00,A57 ,9.0,23.0,0.83,1.96,11.0,13.79
2026-04-04_rep_4,SN3634,14:59:00,-2.0,15:28:00,15:29:00,A59 ,7.0,35.0,0.63,1.67,1.0,3.31
2026-04-04_rep_4,SN3668,17:57:00,-2.0,18:13:00,18:16:00,A40 ,62.0,25.0,5.06,1.89,3.0,9.94
2026-04-04_rep_4,SN3704,21:18:00,-1.0,21:33:00,21:36:00,A46 ,76.0,19.0,6.03,2.25,3.0,11.27
2026-04-04_rep_4,SN3712,18:06:00,-18.0,17:58:00,17:59:00,A58 ,24.0,16.0,2.11,1.62,1.0,4.73
2026-04-04_rep_4,SN3734,16:57:00,-11.0,17:00:00,17:02:00,A50 ,32.0,21.0,2.91,1.41,2.0,6.32
2026-04-04_rep_4,SN3736,22:29:00,28.0,23:25:00,23:34:00,A48 ,99.0,32.0,7.83,2.46,9.0,19.29
2026-04-04_rep_4,SN3738,03:14:00,-5.0,03:30:00,03:34:00,A67 ,77.0,25.0,5.29,1.26,4.0,10.55
2026-04-04_rep_4,SN3740,01:14:00,30.0,02:06:00,02:09:00,A68 ,80.0,26.0,6.53,1.92,3.0,11.46
2026-04-04_rep_4,SN3766,23:53:00,-16.0,00:01:00,00:38:00,A44 ,96.0,27.0,7.29,1.83,37.0,46.12
2026-04-04_rep_4,SN3768,00:29:00,-11.0,00:32:00,00:38:00,A66 ,37.0,18.0,3.67,2.0,6.0,11.68
2026-04-04_rep_4,SN3772,15:43:00,-5.0,15:58:00,16:01:00,A40 ,45.0,28.0,3.17,1.27,3.0,7.45
2026-04-04_rep_4,SN3774,03:17:00,3.0,03:34:00,03:36:00,A44 ,36.0,21.0,3.16,1.63,2.0,6.79
2026-04-04_rep_4,SN3780,22:04:00,-17.0,22:11:00,22:15:00,A52 ,63.0,28.0,4.77,1.57,4.0,10.34
2026-04-04_rep_4,SN3782,03:37:00,14.0,05:15:00,05:18:00,A68 ,113.0,91.0,10.25,1.36,3.0,14.61
2026-04-04_rep_4,SN3784,03:25:00,-5.0,03:34:00,03:37:00,A59 ,61.0,19.0,5.23,1.42,3.0,9.65
2026-04-04_rep_4,SN3802,20:06:00,-9.0,20:18:00,20:21:00,A54 ,75.0,27.0,5.07,2.17,3.0,10.23
2026-04-04_rep_4,SN3806,02:44:00,-15.0,02:40:00,02:42:00,A62 ,27.0,15.0,1.67,1.85,2.0,5.52
2026-04-04_rep_4,SN3816,19:46:00,5.0,20:09:00,20:13:00,A44 ,72.0,24.0,4.66,1.6,4.0,10.26
2026-04-04_rep_4,SN3820,03:47:00,2.0,03:56:00,03:58:00,A60 ,18.0,14.0,1.23,1.8,2.0,5.04
2026-04-04_rep_4,SN3828,03:55:00,-11.0,05:07:00,05:13:00,A63 ,83.0,88.0,6.76,1.92,6.0,14.68
2026-04-04_rep_4,SN3886,03:16:00,-12.0,03:22:00,03:23:00,B14 A,10.0,24.0,0.74,0.07,1.0,1.82
2026-04-04_rep_4,SN467,10:49:00,15.0,11:20:00,11:48:00,B11 A,79.0,20.0,5.5,0.1,28.0,33.6
2026-04-04_rep_4,SN502,11:44:00,-48.0,11:09:00,11:30:00,B37 A,97.0,17.0,9.69,0.1,21.0,30.79
2026-04-04_rep_4,SQ304,11:30:00,-16.0,11:31:00,12:29:00,B31 A,306.0,22.0,20.17,0.09,58.0,78.25
2026-04-04_rep_4,TB1014,16:51:00,-10.0,16:52:00,16:54:00,A51 ,35.0,17.0,3.44,1.53,2.0,6.97
2026-04-04_rep_4,TB1112,15:57:00,15.0,16:37:00,16:40:00,A57 ,93.0,32.0,7.63,1.23,3.0,11.85
2026-04-04_rep_4,TB1135,17:30:00,3.0,18:14:00,18:17:00,A57 ,38.0,46.0,2.6,1.7,3.0,7.3
2026-04-04_rep_4,TB1502,03:55:00,129.0,06:21:00,06:25:00,A61 ,74.0,22.0,5.65,1.99,4.0,11.65
2026-04-04_rep_4,TB1554,20:50:00,2.0,21:14:00,21:19:00,A64 ,109.0,27.0,9.28,1.44,5.0,15.73
2026-04-04_rep_4,TB1702,02:29:00,-11.0,02:41:00,02:44:00,A43 ,104.0,32.0,11.97,1.59,3.0,16.55
2026-04-04_rep_4,TB1704,02:56:00,1.0,03:17:00,03:23:00,A53 ,76.0,26.0,4.92,1.44,6.0,12.36
2026-04-04_rep_4,TB1756,20:17:00,-4.0,20:29:00,20:36:00,A43 ,137.0,23.0,13.11,1.72,7.0,21.83
2026-04-04_rep_4,TB1758,03:33:00,9.0,05:14:00,05:18:00,A66 ,123.0,100.0,8.69,2.31,4.0,14.99
2026-04-04_rep_4,TB2031,00:32:00,-23.0,00:26:00,00:30:00,B36 A,170.0,24.0,15.01,0.12,4.0,19.14
2026-04-04_rep_4,TB2612,06:49:00,-9.0,06:47:00,06:48:00,B15 A,35.0,16.0,3.45,0.1,1.0,4.55
2026-04-04_rep_4,TB2614,01:40:00,-14.0,01:46:00,01:49:00,B11 A,118.0,25.0,8.2,0.09,3.0,11.29
2026-04-04_rep_4,TB2654,02:00:00,-8.0,02:16:00,02:21:00,B27 A,113.0,29.0,8.1,0.1,5.0,13.19
2026-04-04_rep_4,TB2752,16:49:00,-12.0,16:53:00,16:56:00,B40 A,74.0,20.0,7.41,0.09,3.0,10.5
2026-04-04_rep_4,TB3012,22:35:00,11.0,23:06:00,23:11:00,B30 A,129.0,25.0,9.06,0.12,5.0,14.18
2026-04-04_rep_4,TK1937,14:16:00,-1.0,14:31:00,14:45:00,B34 A,138.0,22.0,14.63,0.1,14.0,28.73
2026-04-04_rep_4,TK1939,21:59:00,2.0,22:11:00,22:28:00,B14 A,155.0,19.0,10.84,0.08,17.0,27.92
2026-04-04_rep_4,TK1941,01:31:00,-13.0,01:37:00,01:44:00,B7  A,117.0,25.0,11.85,2.38,7.0,21.22
2026-04-04_rep_4,TK1943,17:31:00,1.0,17:49:00,17:58:00,B32 A,116.0,23.0,8.22,0.1,9.0,17.32
2026-04-04_rep_4,TP640,15:07:00,-22.0,15:15:00,15:16:00,A47 ,62.0,37.0,5.46,1.27,1.0,7.73
2026-04-04_rep_4,TP642,19:11:00,-27.0,18:57:00,19:06:00,A49 ,96.0,19.0,6.77,1.81,9.0,17.58
2026-04-04_rep_4,TP644,00:12:00,-20.0,00:09:00,00:30:00,A47 ,73.0,24.0,4.99,1.48,21.0,27.47
2026-04-04_rep_4,TP646,04:01:00,71.0,05:25:00,05:30:00,A45 ,102.0,19.0,8.85,2.03,5.0,15.88
2026-04-04_rep_4,TU954,15:30:00,9.0,15:56:00,16:02:00,B14 A,88.0,22.0,6.24,0.09,6.0,12.33
2026-04-04_rep_4,UA950,11:22:00,-20.0,11:22:00,11:45:00,B28 A,170.0,27.0,13.22,0.09,23.0,36.31
2026-04-04_rep_4,UA972,13:07:00,-11.0,13:16:00,13:38:00,B38 A,134.0,27.0,8.8,0.08,22.0,30.89
2026-04-04_rep_4,UA994,11:51:00,-14.0,11:55:00,12:25:00,B40 A,157.0,24.0,15.39,0.08,30.0,45.47
2026-04-04_rep_4,UX1171,13:55:00,-12.0,14:00:00,14:03:00,A48 ,34.0,27.0,2.61,1.73,3.0,7.33
2026-04-04_rep_4,UX1173,21:46:00,-19.0,21:45:00,21:49:00,A53 ,70.0,24.0,7.42,1.71,4.0,13.13
2026-04-04_rep_4,UX1175,22:17:00,-21.0,22:09:00,22:11:00,A59 ,39.0,20.0,3.11,1.41,2.0,6.52
2026-04-04_rep_4,VF65,15:21:00,-19.0,15:21:00,15:26:00,B36 A,133.0,25.0,10.49,0.1,5.0,15.59
2026-04-04_rep_4,VF67,20:16:00,-7.0,20:28:00,20:32:00,B11 A,149.0,25.0,15.41,0.1,4.0,19.51
2026-04-04_rep_4,VY1332,13:30:00,-19.0,13:29:00,13:33:00,A55 ,9.0,23.0,0.76,1.56,4.0,6.33
2026-04-04_rep_4,VY1334,00:07:00,-8.0,00:10:00,00:12:00,A43 ,31.0,18.0,2.47,1.98,2.0,6.46
2026-04-04_rep_4,VY1470,12:50:00,-19.0,12:52:00,12:53:00,A53 ,19.0,26.0,1.28,1.63,1.0,3.91
2026-04-04_rep_4,VY2150,14:30:00,-23.0,14:18:00,14:20:00,A43 ,38.0,16.0,3.25,1.51,2.0,6.76
2026-04-04_rep_4,VY6814,18:44:00,29.0,19:31:00,19:34:00,A53 ,18.0,22.0,1.46,1.47,3.0,5.93
2026-04-04_rep_4,VY8978,16:51:00,-15.0,16:44:00,16:46:00,A45 ,18.0,14.0,1.46,1.7,2.0,5.16
2026-04-04_rep_4,VY8980,13:50:00,-10.0,13:58:00,14:02:00,A53 ,10.0,23.0,0.74,2.33,4.0,7.07
2026-04-04_rep_4,VY8982,21:22:00,3.0,21:41:00,21:45:00,A45 ,52.0,23.0,5.07,1.6,4.0,10.67
2026-04-04_rep_4,VY8984,01:06:00,-18.0,01:00:00,01:02:00,A45 ,56.0,18.0,4.66,1.99,2.0,8.65
2026-04-04_rep_4,VY8986,18:36:00,-15.0,18:36:00,18:40:00,A51 ,41.0,21.0,3.12,1.67,4.0,8.79
2026-04-04_rep_5,AC826,11:57:00,-38.0,11:42:00,12:11:00,B14 A,129.0,30.0,9.85,0.08,29.0,38.94
2026-04-04_rep_5,AC832,11:16:00,-37.0,10:54:00,11:24:00,B5  A,101.0,21.0,12.01,1.65,30.0,43.66
2026-04-04_rep_5,AY1541,13:26:00,-6.0,13:36:00,13:40:00,A60 ,73.0,22.0,5.03,1.77,4.0,10.8
2026-04-04_rep_5,AY1545,22:26:00,13.0,23:03:00,23:08:00,A57 ,87.0,30.0,5.44,1.55,5.0,12.0
2026-04-04_rep_5,AZ148,12:41:00,-5.0,12:47:00,13:02:00,A47 ,4.0,17.0,0.38,1.47,15.0,16.84
2026-04-04_rep_5,AZ156,14:52:00,-12.0,14:53:00,14:54:00,A45 ,16.0,20.0,1.36,1.78,1.0,4.14
2026-04-04_rep_5,AZ160,22:07:00,1.0,22:26:00,22:30:00,A47 ,50.0,25.0,4.22,1.54,4.0,9.76
2026-04-04_rep_5,BA384,14:00:00,-5.0,14:05:00,14:11:00,B27 A,62.0,15.0,6.47,0.1,6.0,12.58
2026-04-04_rep_5,BA388,23:22:00,-17.0,23:23:00,23:35:00,B7  A,106.0,25.0,7.49,1.61,12.0,21.11
2026-04-04_rep_5,CX275,12:31:00,-15.0,12:27:00,13:06:00,B11 A,305.0,17.0,11.9,3.4,39.0,54.3
2026-04-04_rep_5,DL140,11:47:00,-51.0,11:22:00,11:52:00,B34 A,203.0,33.0,18.11,0.1,30.0,48.21
2026-04-04_rep_5,EI630,13:45:00,-11.0,13:45:00,13:50:00,B17 A,72.0,16.0,7.43,0.09,5.0,12.52
2026-04-04_rep_5,EK181,23:35:00,-2.0,23:47:00,00:17:00,B31 A,250.0,19.0,18.07,0.12,30.0,48.19
2026-04-04_rep_5,ET750,11:13:00,21.0,12:17:00,13:03:00,B17 A,464.0,51.0,35.51,0.11,46.0,81.62
2026-04-04_rep_5,FH8014,19:25:00,-27.0,19:09:00,19:10:00,B9  A,19.0,16.0,1.41,2.27,1.0,4.69
2026-04-04_rep_5,FH8116,05:43:00,-24.0,05:28:00,05:30:00,B27 A,15.0,17.0,1.12,0.1,2.0,3.23
2026-04-04_rep_5,GQ800,17:10:00,14.0,17:35:00,17:36:00,A53 ,32.0,16.0,2.16,1.4,1.0,4.56
2026-04-04_rep_5,GQ802,00:06:00,-1.0,00:15:00,00:17:00,A57 ,28.0,16.0,1.85,1.78,2.0,5.63
2026-04-04_rep_5,GQ850,13:59:00,-9.0,14:06:00,14:09:00,A46 ,6.0,25.0,0.44,1.42,3.0,4.85
2026-04-04_rep_5,HV9078,03:30:00,-15.0,03:24:00,03:26:00,A65 ,30.0,14.0,2.36,1.5,2.0,5.86
2026-04-04_rep_5,HV9264,19:01:00,25.0,19:46:00,19:51:00,B36 A,112.0,26.0,7.77,0.1,5.0,12.87
2026-04-04_rep_5,IB1299,18:49:00,-10.0,18:52:00,18:54:00,A61 ,39.0,17.0,2.83,1.33,2.0,6.16
2026-04-04_rep_5,IB597,15:31:00,-3.0,15:39:00,15:42:00,A53 ,35.0,17.0,2.92,1.78,3.0,7.7
2026-04-04_rep_5,IB601,23:06:00,-12.0,23:09:00,23:13:00,A51 ,67.0,21.0,4.32,1.71,4.0,10.02
2026-04-04_rep_5,IB603,02:36:00,-15.0,02:30:00,02:33:00,A51 ,33.0,15.0,3.82,1.66,3.0,8.49
2026-04-04_rep_5,KM3422,21:17:00,-12.0,21:17:00,21:19:00,A51 ,24.0,19.0,1.73,1.28,2.0,5.01
2026-04-04_rep_5,KM420,23:21:00,-21.0,23:17:00,23:20:00,A61 ,107.0,23.0,8.17,1.49,3.0,12.66
2026-04-04_rep_5,LH1004,11:51:00,-4.0,12:07:00,12:12:00,A43 ,23.0,26.0,1.79,2.3,5.0,9.09
2026-04-04_rep_5,LO231,02:42:00,-6.0,02:54:00,02:56:00,A57 ,4.0,25.0,0.35,1.51,2.0,3.86
2026-04-04_rep_5,LO233,22:46:00,-1.0,23:03:00,23:05:00,A49 ,40.0,24.0,3.53,1.42,2.0,6.94
2026-04-04_rep_5,LO235,13:30:00,3.0,13:51:00,13:53:00,A47 ,10.0,23.0,0.95,1.59,2.0,4.55
2026-04-04_rep_5,LX780,18:20:00,-10.0,18:26:00,18:27:00,A45 ,48.0,21.0,3.77,1.55,1.0,6.32
2026-04-04_rep_5,LX786,12:56:00,-3.0,13:08:00,13:16:00,A45 ,41.0,21.0,3.86,1.71,8.0,13.57
2026-04-04_rep_5,LX788,22:42:00,-12.0,22:43:00,22:48:00,A43 ,77.0,20.0,5.88,1.67,5.0,12.56
2026-04-04_rep_5,ME215,14:40:00,-13.0,14:47:00,15:00:00,B5  A,146.0,25.0,13.4,1.65,13.0,28.06
2026-04-04_rep_5,MS725,18:50:00,36.0,19:48:00,20:00:00,B7  A,215.0,27.0,19.5,2.01,12.0,33.52
2026-04-04_rep_5,NH231,21:40:00,37.0,22:34:00,23:07:00,B5  A,255.0,22.0,17.68,1.75,33.0,52.43
2026-04-04_rep_5,OS291,13:10:00,-11.0,13:08:00,13:10:00,A43 ,14.0,14.0,1.02,1.6,2.0,4.62
2026-04-04_rep_5,OS293,18:09:00,-5.0,18:14:00,18:17:00,A47 ,29.0,14.0,2.43,1.56,3.0,7.0
2026-04-04_rep_5,OS297,23:16:00,1.0,23:27:00,23:28:00,A45 ,21.0,16.0,1.73,1.74,1.0,4.47
2026-04-04_rep_5,QS1000,12:16:00,-20.0,12:14:00,12:15:00,A51 ,2.0,24.0,0.15,1.82,1.0,2.96
2026-04-04_rep_5,SK1593,18:41:00,9.0,19:03:00,19:05:00,A63 ,35.0,19.0,3.61,2.07,2.0,7.69
2026-04-04_rep_5,SK593,13:45:00,-21.0,13:37:00,13:38:00,A51 ,35.0,18.0,3.38,2.0,1.0,6.38
2026-04-04_rep_5,SK597,23:58:00,-7.0,00:02:00,00:04:00,A53 ,33.0,19.0,2.07,1.69,2.0,5.77
2026-04-04_rep_5,SN1138,03:20:00,4.0,03:37:00,03:39:00,B28 A,63.0,18.0,5.95,0.1,2.0,8.05
2026-04-04_rep_5,SN1574,00:30:00,4.0,00:58:00,01:03:00,A49 ,80.0,29.0,5.79,1.44,5.0,12.24
2026-04-04_rep_5,SN2094,17:21:00,23.0,18:09:00,18:11:00,B14 A,48.0,31.0,3.73,0.13,2.0,5.86
2026-04-04_rep_5,SN2104,12:59:00,-3.0,13:26:00,13:43:00,B7  A,10.0,34.0,0.88,1.58,17.0,19.45
2026-04-04_rep_5,SN2258,17:32:00,43.0,18:33:00,18:34:00,A44 ,47.0,25.0,3.62,1.81,1.0,6.43
2026-04-04_rep_5,SN2288,12:49:00,35.0,13:37:00,13:52:00,A54 ,18.0,17.0,1.48,1.45,15.0,17.93
2026-04-04_rep_5,SN2298,12:49:00,1.0,13:08:00,13:11:00,A40 ,5.0,22.0,0.39,1.58,3.0,4.97
2026-04-04_rep_5,SN241,09:57:00,-15.0,09:58:00,10:43:00,B37 A,48.0,23.0,3.75,0.09,45.0,48.84
2026-04-04_rep_5,SN256,09:20:00,30.0,10:17:00,10:41:00,B40 A,93.0,37.0,6.93,0.09,24.0,31.02
2026-04-04_rep_5,SN2582,17:08:00,-6.0,17:15:00,17:18:00,A42 ,45.0,16.0,3.23,1.46,3.0,7.69
2026-04-04_rep_5,SN2592,12:24:00,-15.0,12:21:00,12:22:00,A59 ,8.0,16.0,0.79,1.53,1.0,3.32
2026-04-04_rep_5,SN2608,14:17:00,-10.0,14:55:00,14:59:00,A50 ,41.0,55.0,3.1,1.59,4.0,8.69
2026-04-04_rep_5,SN2614,21:33:00,-8.0,21:45:00,21:47:00,A44 ,42.0,23.0,3.02,1.81,2.0,6.84
2026-04-04_rep_5,SN2624,16:59:00,-8.0,17:00:00,17:02:00,A48 ,12.0,18.0,0.89,1.95,2.0,4.84
2026-04-04_rep_5,SN2630,12:18:00,-8.0,12:29:00,12:30:00,A48 ,2.0,22.0,0.14,2.03,1.0,3.18
2026-04-04_rep_5,SN2644,17:13:00,-14.0,17:18:00,17:20:00,A46 ,55.0,22.0,4.64,1.85,2.0,8.49
2026-04-04_rep_5,SN2646,20:22:00,-3.0,20:35:00,20:37:00,A47 ,26.0,23.0,1.78,2.19,2.0,5.97
2026-04-04_rep_5,SN2652,03:03:00,13.0,03:34:00,03:37:00,A48 ,65.0,26.0,5.84,2.1,3.0,10.95
2026-04-04_rep_5,SN2712,13:40:00,-4.0,14:05:00,14:06:00,A59 ,28.0,34.0,3.2,2.12,1.0,6.32
2026-04-04_rep_5,SN2714,16:53:00,-1.0,17:21:00,17:23:00,A54 ,43.0,37.0,3.21,1.21,2.0,6.41
2026-04-04_rep_5,SN2722,22:33:00,26.0,23:27:00,23:36:00,A40 ,62.0,31.0,6.45,1.45,9.0,16.9
2026-04-04_rep_5,SN2726,12:23:00,0.0,12:54:00,12:56:00,A50 ,14.0,34.0,1.07,1.41,2.0,4.47
2026-04-04_rep_5,SN2810,17:26:00,-10.0,17:34:00,17:36:00,A56 ,29.0,24.0,1.87,1.7,2.0,5.57
2026-04-04_rep_5,SN2816,12:23:00,-22.0,12:18:00,12:20:00,A42 ,1.0,20.0,0.07,1.23,2.0,3.29
2026-04-04_rep_5,SN2830,12:39:00,1.0,12:58:00,12:59:00,A58 ,14.0,22.0,0.92,2.15,1.0,4.08
2026-04-04_rep_5,SN2902,15:15:00,12.0,15:45:00,15:47:00,A52 ,18.0,28.0,1.51,1.61,2.0,5.12
2026-04-04_rep_5,SN3132,01:18:00,44.0,02:12:00,02:14:00,A54 ,29.0,13.0,2.76,1.94,2.0,6.7
2026-04-04_rep_5,SN3140,18:09:00,-13.0,18:05:00,18:06:00,A64 ,17.0,13.0,1.23,1.59,1.0,3.82
2026-04-04_rep_5,SN3148,18:53:00,2.0,19:11:00,19:14:00,A48 ,43.0,24.0,4.13,1.69,3.0,8.82
2026-04-04_rep_5,SN3154,14:18:00,-4.0,14:35:00,14:37:00,A40 ,17.0,29.0,1.48,1.67,2.0,5.14
2026-04-04_rep_5,SN3176,16:29:00,316.0,22:05:00,22:09:00,A56 ,64.0,24.0,4.76,1.57,4.0,10.34
2026-04-04_rep_5,SN3182,00:24:00,-4.0,00:38:00,00:41:00,A58 ,57.0,22.0,5.93,1.54,3.0,10.47
2026-04-04_rep_5,SN3202,18:26:00,-2.0,18:45:00,18:49:00,A62 ,43.0,27.0,3.24,1.64,4.0,8.88
2026-04-04_rep_5,SN3208,12:46:00,-7.0,12:57:00,12:58:00,A49 ,6.0,24.0,0.43,1.48,1.0,2.9
2026-04-04_rep_5,SN3238,22:34:00,-36.0,22:10:00,22:11:00,A65 ,20.0,16.0,2.03,1.62,1.0,4.66
2026-04-04_rep_5,SN3246,17:33:00,-1.0,17:48:00,17:49:00,A52 ,37.0,24.0,3.88,1.39,1.0,6.27
2026-04-04_rep_5,SN3256,18:04:00,-15.0,18:07:00,18:08:00,A59 ,15.0,22.0,1.22,1.47,1.0,3.68
2026-04-04_rep_5,SN3344,00:19:00,50.0,01:18:00,01:19:00,A56 ,5.0,13.0,0.34,1.18,1.0,2.53
2026-04-04_rep_5,SN358,10:21:00,52.0,11:43:00,12:03:00,B38 A,126.0,36.0,11.98,0.07,20.0,32.06
2026-04-04_rep_5,SN3588,18:42:00,23.0,19:29:00,19:35:00,A46 ,33.0,31.0,2.12,1.75,6.0,9.87
2026-04-04_rep_5,SN3598,19:22:00,16.0,19:57:00,19:58:00,A56 ,55.0,26.0,4.08,1.87,1.0,6.95
2026-04-04_rep_5,SN3604,12:28:00,-11.0,12:36:00,12:40:00,A52 ,10.0,22.0,0.7,1.5,4.0,6.2
2026-04-04_rep_5,SN3618,19:38:00,-19.0,19:36:00,19:38:00,A40 ,86.0,25.0,7.56,1.81,2.0,11.37
2026-04-04_rep_5,SN3622,22:14:00,-12.0,22:20:00,22:23:00,A50 ,71.0,22.0,6.21,1.32,3.0,10.53
2026-04-04_rep_5,SN3632,13:35:00,-4.0,13:49:00,14:00:00,A57 ,9.0,23.0,1.02,1.62,11.0,13.64
2026-04-04_rep_5,SN3634,14:59:00,-2.0,15:28:00,15:29:00,A59 ,7.0,35.0,0.49,1.66,1.0,3.14
2026-04-04_rep_5,SN3668,17:57:00,-2.0,18:13:00,18:16:00,A40 ,62.0,25.0,5.05,1.78,3.0,9.83
2026-04-04_rep_5,SN3704,21:18:00,-1.0,21:33:00,21:36:00,A46 ,76.0,19.0,6.0,1.64,3.0,10.64
2026-04-04_rep_5,SN3712,18:06:00,-18.0,17:58:00,17:59:00,A58 ,24.0,16.0,2.55,1.8,1.0,5.34
2026-04-04_rep_5,SN3734,16:57:00,-11.0,17:00:00,17:02:00,A50 ,32.0,21.0,2.53,2.0,2.0,6.53
2026-04-04_rep_5,SN3736,22:29:00,28.0,23:25:00,23:34:00,A48 ,99.0,32.0,10.11,1.93,9.0,21.05
2026-04-04_rep_5,SN3738,03:14:00,-5.0,03:30:00,03:34:00,A67 ,77.0,25.0,5.99,1.79,4.0,11.77
2026-04-04_rep_5,SN3740,01:14:00,30.0,02:06:00,02:09:00,A68 ,80.0,26.0,6.12,1.67,3.0,10.79
2026-04-04_rep_5,SN3766,23:53:00,-16.0,00:01:00,00:38:00,A44 ,96.0,27.0,8.42,1.55,37.0,46.96
2026-04-04_rep_5,SN3768,00:29:00,-11.0,00:32:00,00:38:00,A66 ,37.0,18.0,3.8,1.9,6.0,11.7
2026-04-04_rep_5,SN3772,15:43:00,-5.0,15:58:00,16:01:00,A40 ,45.0,28.0,3.05,1.8,3.0,7.86
2026-04-04_rep_5,SN3774,03:17:00,3.0,03:34:00,03:36:00,A44 ,36.0,21.0,3.5,1.72,2.0,7.22
2026-04-04_rep_5,SN3780,22:04:00,-17.0,22:11:00,22:15:00,A52 ,63.0,28.0,4.14,1.7,4.0,9.84
2026-04-04_rep_5,SN3782,03:37:00,14.0,05:15:00,05:18:00,A68 ,113.0,91.0,14.01,1.93,3.0,18.94
2026-04-04_rep_5,SN3784,03:25:00,-5.0,03:34:00,03:37:00,A59 ,61.0,19.0,4.42,1.98,3.0,9.4
2026-04-04_rep_5,SN3802,20:06:00,-9.0,20:18:00,20:21:00,A54 ,75.0,27.0,5.32,1.92,3.0,10.24
2026-04-04_rep_5,SN3806,02:44:00,-15.0,02:40:00,02:42:00,A62 ,27.0,15.0,2.04,1.54,2.0,5.58
2026-04-04_rep_5,SN3816,19:46:00,5.0,20:09:00,20:13:00,A44 ,72.0,24.0,5.96,2.04,4.0,12.01
2026-04-04_rep_5,SN3820,03:47:00,2.0,03:56:00,03:58:00,A60 ,18.0,14.0,1.72,2.22,2.0,5.95
2026-04-04_rep_5,SN3828,03:55:00,-11.0,05:07:00,05:13:00,A63 ,83.0,88.0,6.74,1.39,6.0,14.12
2026-04-04_rep_5,SN3886,03:16:00,-12.0,03:22:00,03:23:00,B14 A,10.0,24.0,1.01,0.1,1.0,2.11
2026-04-04_rep_5,SN467,10:49:00,15.0,11:20:00,11:48:00,B11 A,79.0,20.0,6.37,0.13,28.0,34.5
2026-04-04_rep_5,SN502,11:44:00,-48.0,11:09:00,11:30:00,B37 A,97.0,17.0,8.91,0.1,21.0,30.01
2026-04-04_rep_5,SQ304,11:30:00,-16.0,11:31:00,12:29:00,B31 A,306.0,22.0,20.49,0.1,58.0,78.59
2026-04-04_rep_5,TB1014,16:51:00,-10.0,16:52:00,16:54:00,A51 ,35.0,17.0,2.84,1.77,2.0,6.61
2026-04-04_rep_5,TB1112,15:57:00,15.0,16:37:00,16:40:00,A57 ,93.0,32.0,9.12,1.52,3.0,13.64
2026-04-04_rep_5,TB1135,17:30:00,3.0,18:14:00,18:17:00,A57 ,38.0,46.0,3.75,1.76,3.0,8.51
2026-04-04_rep_5,TB1502,03:55:00,129.0,06:21:00,06:25:00,A61 ,74.0,22.0,4.99,1.7,4.0,10.69
2026-04-04_rep_5,TB1554,20:50:00,2.0,21:14:00,21:19:00,A64 ,109.0,27.0,10.22,2.36,5.0,17.59
2026-04-04_rep_5,TB1702,02:29:00,-11.0,02:41:00,02:44:00,A43 ,104.0,32.0,8.08,1.76,3.0,12.84
2026-04-04_rep_5,TB1704,02:56:00,1.0,03:17:00,03:23:00,A53 ,76.0,26.0,6.83,1.46,6.0,14.3
2026-04-04_rep_5,TB1756,20:17:00,-4.0,20:29:00,20:36:00,A43 ,137.0,23.0,10.06,1.72,7.0,18.78
2026-04-04_rep_5,TB1758,03:33:00,9.0,05:14:00,05:18:00,A66 ,123.0,100.0,9.5,1.83,4.0,15.33
2026-04-04_rep_5,TB2031,00:32:00,-23.0,00:26:00,00:30:00,B36 A,170.0,24.0,12.91,0.09,4.0,17.0
2026-04-04_rep_5,TB2612,06:49:00,-9.0,06:47:00,06:48:00,B15 A,35.0,16.0,2.46,0.11,1.0,3.57
2026-04-04_rep_5,TB2614,01:40:00,-14.0,01:46:00,01:49:00,B11 A,118.0,25.0,7.96,0.09,3.0,11.04
2026-04-04_rep_5,TB2654,02:00:00,-8.0,02:16:00,02:21:00,B27 A,113.0,29.0,9.42,0.1,5.0,14.52
2026-04-04_rep_5,TB2752,16:49:00,-12.0,16:53:00,16:56:00,B40 A,74.0,20.0,5.78,0.11,3.0,8.88
2026-04-04_rep_5,TB3012,22:35:00,11.0,23:06:00,23:11:00,B30 A,129.0,25.0,10.27,0.11,5.0,15.38
2026-04-04_rep_5,TK1937,14:16:00,-1.0,14:31:00,14:45:00,B34 A,138.0,22.0,11.26,0.1,14.0,25.37
2026-04-04_rep_5,TK1939,21:59:00,2.0,22:11:00,22:28:00,B14 A,155.0,19.0,11.03,0.09,17.0,28.11
2026-04-04_rep_5,TK1941,01:31:00,-13.0,01:37:00,01:44:00,B7  A,117.0,25.0,9.45,1.7,7.0,18.15
2026-04-04_rep_5,TK1943,17:31:00,1.0,17:49:00,17:58:00,B32 A,116.0,23.0,12.84,0.09,9.0,21.93
2026-04-04_rep_5,TP640,15:07:00,-22.0,15:15:00,15:16:00,A47 ,62.0,37.0,4.3,1.61,1.0,6.91
2026-04-04_rep_5,TP642,19:11:00,-27.0,18:57:00,19:06:00,A49 ,96.0,19.0,9.1,2.11,9.0,20.21
2026-04-04_rep_5,TP644,00:12:00,-20.0,00:09:00,00:30:00,A47 ,73.0,24.0,5.05,1.73,21.0,27.78
2026-04-04_rep_5,TP646,04:01:00,71.0,05:25:00,05:30:00,A45 ,102.0,19.0,9.75,2.31,5.0,17.05
2026-04-04_rep_5,TU954,15:30:00,9.0,15:56:00,16:02:00,B14 A,88.0,22.0,6.89,0.11,6.0,13.0
2026-04-04_rep_5,UA950,11:22:00,-20.0,11:22:00,11:45:00,B28 A,170.0,27.0,18.2,0.1,23.0,41.3
2026-04-04_rep_5,UA972,13:07:00,-11.0,13:16:00,13:38:00,B38 A,134.0,27.0,11.88,0.09,22.0,33.97
2026-04-04_rep_5,UA994,11:51:00,-14.0,11:55:00,12:25:00,B40 A,157.0,24.0,13.5,0.09,30.0,43.6
2026-04-04_rep_5,UX1171,13:55:00,-12.0,14:00:00,14:03:00,A48 ,34.0,27.0,2.45,1.76,3.0,7.21
2026-04-04_rep_5,UX1173,21:46:00,-19.0,21:45:00,21:49:00,A53 ,70.0,24.0,7.42,1.58,4.0,13.0
2026-04-04_rep_5,UX1175,22:17:00,-21.0,22:09:00,22:11:00,A59 ,39.0,20.0,3.02,1.84,2.0,6.87
2026-04-04_rep_5,VF65,15:21:00,-19.0,15:21:00,15:26:00,B36 A,133.0,25.0,11.83,0.1,5.0,16.93
2026-04-04_rep_5,VF67,20:16:00,-7.0,20:28:00,20:32:00,B11 A,149.0,25.0,9.28,0.1,4.0,13.38
2026-04-04_rep_5,VY1332,13:30:00,-19.0,13:29:00,13:33:00,A55 ,9.0,23.0,0.66,1.79,4.0,6.45
2026-04-04_rep_5,VY1334,00:07:00,-8.0,00:10:00,00:12:00,A43 ,31.0,18.0,2.1,1.53,2.0,5.62
2026-04-04_rep_5,VY1470,12:50:00,-19.0,12:52:00,12:53:00,A53 ,19.0,26.0,1.46,2.09,1.0,4.55
2026-04-04_rep_5,VY2150,14:30:00,-23.0,14:18:00,14:20:00,A43 ,38.0,16.0,2.9,1.39,2.0,6.29
2026-04-04_rep_5,VY6814,18:44:00,29.0,19:31:00,19:34:00,A53 ,18.0,22.0,1.67,1.67,3.0,6.34
2026-04-04_rep_5,VY8978,16:51:00,-15.0,16:44:00,16:46:00,A45 ,18.0,14.0,1.6,1.54,2.0,5.14
2026-04-04_rep_5,VY8980,13:50:00,-10.0,13:58:00,14:02:00,A53 ,10.0,23.0,0.83,1.76,4.0,6.59
2026-04-04_rep_5,VY8982,21:22:00,3.0,21:41:00,21:45:00,A45 ,52.0,23.0,3.81,1.78,4.0,9.59
2026-04-04_rep_5,VY8984,01:06:00,-18.0,01:00:00,01:02:00,A45 ,56.0,18.0,4.4,1.83,2.0,8.23
2026-04-04_rep_5,VY8986,18:36:00,-15.0,18:36:00,18:40:00,A51 ,41.0,21.0,3.97,1.21,4.0,9.19
2026-04-05_rep_1,A34382,14:50:00,-18.0,14:52:00,15:11:00,A57 ,185.0,25.0,13.14,1.54,19.0,33.68
2026-04-05_rep_1,AC832,12:18:00,-40.0,11:54:00,12:17:00,B30 A,100.0,24.0,7.35,0.11,23.0,30.46
2026-04-05_rep_1,AY1541,15:41:00,-7.0,15:46:00,15:48:00,A51 ,58.0,18.0,4.77,1.92,2.0,8.69
2026-04-05_rep_1,AY1545,23:27:00,0.0,23:37:00,23:38:00,A43 ,27.0,17.0,2.7,1.55,1.0,5.24
2026-04-05_rep_1,AY1549,03:41:00,18.0,04:08:00,04:09:00,A49 ,19.0,15.0,1.33,1.91,1.0,4.24
2026-04-05_rep_1,AZ154,00:11:00,-23.0,23:58:00,00:00:00,A64 ,17.0,16.0,1.14,1.96,2.0,5.1
2026-04-05_rep_1,AZ156,15:51:00,-11.0,15:56:00,16:02:00,A54 ,36.0,22.0,3.08,1.62,6.0,10.7
2026-04-05_rep_1,AZ160,23:04:00,-4.0,23:12:00,23:16:00,A62 ,40.0,16.0,2.85,1.9,4.0,8.75
2026-04-05_rep_1,BA384,14:54:00,-17.0,14:47:00,14:50:00,B29 A,23.0,14.0,1.67,0.09,3.0,4.76
2026-04-05_rep_1,BA386,19:26:00,-21.0,19:20:00,19:23:00,B7  A,110.0,21.0,8.73,1.42,3.0,13.15
2026-04-05_rep_1,BA390,01:00:00,-4.0,01:12:00,01:14:00,B9  A,60.0,21.0,4.35,1.61,2.0,7.96
2026-04-05_rep_1,BT853,01:05:00,-7.0,01:10:00,01:11:00,A69 ,1.0,17.0,0.08,1.58,1.0,2.66
2026-04-05_rep_1,EI630,14:48:00,-27.0,14:36:00,14:42:00,B27 A,99.0,23.0,9.66,0.09,6.0,15.75
2026-04-05_rep_1,EI638,01:50:00,-14.0,01:49:00,01:52:00,B11 A,88.0,18.0,6.18,0.1,3.0,9.28
2026-04-05_rep_1,EK181,00:35:00,6.0,00:55:00,01:26:00,B31 A,213.0,19.0,18.01,0.09,31.0,49.1
2026-04-05_rep_1,ET750,12:10:00,3.0,12:32:00,13:13:00,B29 A,422.0,24.0,16.8,4.8,41.0,62.6
2026-04-05_rep_1,EY57,13:10:00,15.0,13:43:00,14:19:00,B5  A,244.0,28.0,21.05,1.79,36.0,58.84
2026-04-05_rep_1,FB407,00:50:00,-4.0,00:55:00,00:57:00,A49 ,30.0,14.0,2.31,2.17,2.0,6.48
2026-04-05_rep_1,FH8116,06:35:00,-35.0,06:07:00,06:09:00,B15 A,22.0,12.0,1.59,0.1,2.0,3.69
2026-04-05_rep_1,FI554,18:04:00,-13.0,18:18:00,18:21:00,A43 ,80.0,36.0,7.73,1.59,3.0,12.32
2026-04-05_rep_1,GQ800,00:01:00,-12.0,00:07:00,00:09:00,A67 ,64.0,24.0,5.31,1.58,2.0,8.89
2026-04-05_rep_1,IB1301,00:05:00,-23.0,23:55:00,23:56:00,A61 ,38.0,18.0,3.07,1.86,1.0,5.94
2026-04-05_rep_1,IB597,16:31:00,-17.0,16:23:00,16:26:00,A43 ,83.0,15.0,5.94,1.92,3.0,10.86
2026-04-05_rep_1,IB603,03:36:00,-8.0,03:39:00,03:42:00,A47 ,77.0,17.0,5.55,2.11,3.0,10.66
2026-04-05_rep_1,KM420,00:20:00,-6.0,00:27:00,00:30:00,A59 ,54.0,18.0,4.76,1.97,3.0,9.73
2026-04-05_rep_1,LH1004,12:50:00,0.0,13:03:00,13:30:00,A43 ,40.0,18.0,3.69,1.5,27.0,32.18
2026-04-05_rep_1,LO231,03:41:00,2.0,04:00:00,04:01:00,A53 ,13.0,23.0,0.95,1.29,1.0,3.24
2026-04-05_rep_1,LO233,23:48:00,-8.0,23:58:00,00:01:00,A46 ,31.0,26.0,2.61,1.24,3.0,6.85
2026-04-05_rep_1,LO235,14:32:00,-16.0,14:28:00,14:30:00,A56 ,37.0,19.0,3.55,1.46,2.0,7.01
2026-04-05_rep_1,LX780,19:22:00,-3.0,19:34:00,19:35:00,A43 ,42.0,22.0,3.15,1.98,1.0,6.13
2026-04-05_rep_1,LX786,13:55:00,-21.0,13:56:00,14:01:00,A45 ,45.0,27.0,3.34,2.14,5.0,10.48
2026-04-05_rep_1,LX788,23:40:00,12.0,00:07:00,00:26:00,A45 ,52.0,20.0,5.17,1.78,19.0,25.95
2026-04-05_rep_1,MS725,20:22:00,-9.0,20:31:00,20:39:00,B9  A,172.0,25.0,14.92,1.5,8.0,24.41
2026-04-05_rep_1,OS291,14:10:00,-9.0,14:10:00,14:15:00,A43 ,3.0,14.0,0.21,1.33,5.0,6.54
2026-04-05_rep_1,OS295,21:50:00,-12.0,21:48:00,21:50:00,A43 ,26.0,15.0,1.9,1.81,2.0,5.72
2026-04-05_rep_1,OU4456,00:56:00,-3.0,01:10:00,01:11:00,A53 ,25.0,23.0,2.19,1.43,1.0,4.62
2026-04-05_rep_1,QS1002,23:49:00,-5.0,23:55:00,23:56:00,A65 ,27.0,15.0,2.84,1.54,1.0,5.39
2026-04-05_rep_1,RJ141,20:23:00,16.0,20:53:00,21:17:00,B5  A,214.0,22.0,19.22,1.95,24.0,45.17
2026-04-05_rep_1,RO373,23:54:00,21.0,00:26:00,00:28:00,A48 ,35.0,20.0,2.69,1.88,2.0,6.56
2026-04-05_rep_1,SK1593,19:44:00,-4.0,19:53:00,19:55:00,A47 ,27.0,22.0,2.42,1.83,2.0,6.25
2026-04-05_rep_1,SK1595,23:36:00,-8.0,23:39:00,23:41:00,A57 ,16.0,17.0,1.11,2.06,2.0,5.17
2026-04-05_rep_1,SK2591,01:46:00,5.0,02:01:00,02:02:00,A59 ,33.0,16.0,2.33,1.79,1.0,5.12
2026-04-05_rep_1,SK4745,23:24:00,-5.0,23:35:00,23:39:00,A51 ,71.0,20.0,6.15,1.22,4.0,11.37
2026-04-05_rep_1,SK589,15:22:00,4.0,15:34:00,15:36:00,A46 ,27.0,15.0,1.72,1.26,2.0,4.98
2026-04-05_rep_1,SK597,00:55:00,-10.0,00:58:00,01:06:00,A51 ,10.0,18.0,0.7,1.56,8.0,10.26
2026-04-05_rep_1,SN1122,08:39:00,29.0,09:20:00,09:21:00,B40 A,13.0,16.0,1.22,0.09,1.0,2.3
2026-04-05_rep_1,SN1124,07:10:00,9.0,07:32:00,07:48:00,B30 A,138.0,18.0,10.48,0.1,16.0,26.58
2026-04-05_rep_1,SN1652,22:27:00,-9.0,22:42:00,22:44:00,A54 ,22.0,31.0,1.82,1.48,2.0,5.3
2026-04-05_rep_1,SN206,10:25:00,5.0,10:47:00,11:32:00,B38 A,320.0,22.0,21.61,0.08,45.0,66.69
2026-04-05_rep_1,SN2064,20:31:00,-5.0,20:38:00,20:41:00,B29 A,61.0,23.0,4.43,0.1,3.0,7.53
2026-04-05_rep_1,SN2094,18:20:00,-5.0,18:39:00,18:43:00,B28 A,81.0,29.0,5.42,0.11,4.0,9.53
2026-04-05_rep_1,SN2096,01:04:00,-17.0,01:06:00,01:09:00,B30 A,55.0,23.0,4.93,0.09,3.0,8.01
2026-04-05_rep_1,SN2104,13:59:00,-11.0,14:06:00,14:17:00,B9  A,10.0,22.0,0.96,1.55,11.0,13.5
2026-04-05_rep_1,SN2258,18:29:00,-8.0,18:39:00,18:42:00,A58 ,34.0,22.0,3.06,1.47,3.0,7.53
2026-04-05_rep_1,SN2260,00:48:00,-13.0,00:51:00,00:55:00,A50 ,27.0,19.0,2.51,1.44,4.0,7.94
2026-04-05_rep_1,SN2268,13:31:00,-3.0,13:46:00,13:48:00,A53 ,4.0,24.0,0.35,1.4,2.0,3.75
2026-04-05_rep_1,SN2284,01:08:00,1.0,01:27:00,01:29:00,A46 ,10.0,21.0,0.89,1.65,2.0,4.55
2026-04-05_rep_1,SN229,10:04:00,22.0,10:41:00,11:10:00,B31 A,120.0,19.0,8.95,0.07,29.0,38.02
2026-04-05_rep_1,SN2294,00:55:00,-5.0,01:01:00,01:03:00,A55 ,34.0,16.0,2.13,1.56,2.0,5.69
2026-04-05_rep_1,SN2372,01:28:00,-9.0,01:33:00,01:36:00,A54 ,24.0,17.0,1.54,1.37,3.0,5.91
2026-04-05_rep_1,SN2548,01:20:00,-11.0,01:25:00,01:27:00,A47 ,32.0,21.0,2.1,1.48,2.0,5.58
2026-04-05_rep_1,SN2556,01:14:00,-13.0,01:09:00,01:12:00,A60 ,28.0,12.0,2.42,1.55,3.0,6.97
2026-04-05_rep_1,SN2582,18:08:00,-12.0,18:11:00,18:12:00,A48 ,15.0,18.0,1.2,1.57,1.0,3.77
2026-04-05_rep_1,SN2588,01:16:00,-8.0,01:20:00,01:21:00,A56 ,24.0,18.0,1.59,1.65,1.0,4.24
2026-04-05_rep_1,SN2590,03:18:00,-12.0,03:15:00,03:16:00,A62 ,14.0,12.0,1.31,1.52,1.0,3.83
2026-04-05_rep_1,SN2592,13:27:00,-13.0,13:32:00,13:34:00,A42 ,1.0,25.0,0.09,1.6,2.0,3.69
2026-04-05_rep_1,SN2608,15:18:00,-18.0,15:17:00,15:19:00,A42 ,26.0,25.0,1.91,2.01,2.0,5.92
2026-04-05_rep_1,SN2610,17:48:00,-4.0,18:11:00,18:13:00,A50 ,46.0,30.0,3.75,1.31,2.0,7.06
2026-04-05_rep_1,SN2614,22:39:00,-13.0,22:38:00,22:40:00,A40 ,50.0,21.0,4.75,1.97,2.0,8.72
2026-04-05_rep_1,SN2618,03:42:00,-17.0,03:36:00,03:38:00,A64 ,32.0,18.0,3.43,2.3,2.0,7.73
2026-04-05_rep_1,SN2644,18:13:00,-6.0,18:18:00,18:21:00,A46 ,38.0,14.0,2.59,1.64,3.0,7.24
2026-04-05_rep_1,SN2646,21:23:00,0.0,21:36:00,21:40:00,A44 ,36.0,21.0,2.8,1.63,4.0,8.43
2026-04-05_rep_1,SN2650,01:02:00,0.0,01:13:00,01:16:00,A58 ,40.0,18.0,3.33,1.54,3.0,7.87
2026-04-05_rep_1,SN2652,04:02:00,-13.0,04:01:00,04:03:00,A60 ,21.0,19.0,2.55,1.64,2.0,6.18
2026-04-05_rep_1,SN2712,14:39:00,-10.0,14:54:00,14:57:00,A50 ,28.0,29.0,3.02,1.44,3.0,7.46
2026-04-05_rep_1,SN2714,17:49:00,-1.0,18:14:00,18:16:00,A42 ,50.0,30.0,4.32,1.83,2.0,8.15
2026-04-05_rep_1,SN2722,23:38:00,-6.0,23:56:00,00:01:00,A44 ,93.0,32.0,7.05,1.64,5.0,13.69
2026-04-05_rep_1,SN2724,03:38:00,14.0,04:16:00,04:17:00,A46 ,77.0,32.0,7.48,1.73,1.0,10.2
2026-04-05_rep_1,SN2726,13:23:00,0.0,13:41:00,13:51:00,A40 ,9.0,21.0,0.65,1.69,10.0,12.33
2026-04-05_rep_1,SN278,10:45:00,-3.0,11:04:00,11:16:00,B28 A,198.0,27.0,16.99,0.1,12.0,29.09
2026-04-05_rep_1,SN2812,01:23:00,8.0,01:46:00,01:48:00,A48 ,22.0,23.0,2.04,1.24,2.0,5.29
2026-04-05_rep_1,SN2826,01:10:00,-16.0,01:06:00,01:07:00,A66 ,26.0,17.0,2.03,1.57,1.0,4.6
2026-04-05_rep_1,SN2900,08:46:00,-13.0,08:58:00,09:02:00,B14 A,79.0,31.0,6.54,0.1,4.0,10.64
2026-04-05_rep_1,SN2902,16:15:00,2.0,16:29:00,16:31:00,A52 ,25.0,22.0,1.87,1.85,2.0,5.72
2026-04-05_rep_1,SN2906,01:02:00,5.0,01:21:00,01:24:00,A62 ,53.0,21.0,3.59,1.59,3.0,8.19
2026-04-05_rep_1,SN3126,23:02:00,6.0,23:22:00,23:23:00,A56 ,18.0,21.0,1.97,1.7,1.0,4.68
2026-04-05_rep_1,SN3132,23:27:00,-8.0,23:36:00,23:38:00,A42 ,36.0,24.0,2.52,1.75,2.0,6.26
2026-04-05_rep_1,SN3140,19:10:00,-15.0,19:09:00,19:10:00,A61 ,29.0,19.0,2.85,1.74,1.0,5.6
2026-04-05_rep_1,SN3154,15:18:00,3.0,15:38:00,15:41:00,A40 ,3.0,25.0,0.23,1.74,3.0,4.97
2026-04-05_rep_1,SN3160,04:22:00,-11.0,04:23:00,04:25:00,A44 ,23.0,19.0,1.69,1.62,2.0,5.32
2026-04-05_rep_1,SN3170,20:24:00,-2.0,20:45:00,20:48:00,A56 ,61.0,27.0,5.47,1.58,3.0,10.05
2026-04-05_rep_1,SN3182,01:26:00,-9.0,01:28:00,01:31:00,A45 ,45.0,17.0,3.39,1.7,3.0,8.1
2026-04-05_rep_1,SN3184,04:22:00,-6.0,04:46:00,04:49:00,A68 ,74.0,37.0,5.3,2.17,3.0,10.47
2026-04-05_rep_1,SN3202,19:24:00,-25.0,19:20:00,19:22:00,A52 ,41.0,25.0,2.76,1.39,2.0,6.15
2026-04-05_rep_1,SN3246,21:08:00,-14.0,21:15:00,21:17:00,A48 ,55.0,24.0,4.72,1.73,2.0,8.45
2026-04-05_rep_1,SN3256,21:04:00,-15.0,21:00:00,21:02:00,A58 ,6.0,15.0,0.5,2.35,2.0,4.86
2026-04-05_rep_1,SN3326,07:45:00,20.0,08:16:00,08:36:00,B28 A,123.0,16.0,10.02,0.1,20.0,30.12
2026-04-05_rep_1,SN3344,19:19:00,107.0,21:24:00,21:26:00,A46 ,16.0,22.0,1.65,1.33,2.0,4.98
2026-04-05_rep_1,SN358,11:21:00,8.0,11:42:00,12:06:00,B14 A,177.0,19.0,13.81,0.11,24.0,37.92
2026-04-05_rep_1,SN3588,19:38:00,5.0,20:04:00,20:05:00,A62 ,20.0,24.0,1.32,1.42,1.0,3.74
2026-04-05_rep_1,SN3598,20:19:00,-18.0,20:22:00,20:24:00,A63 ,48.0,25.0,5.6,1.48,2.0,9.08
2026-04-05_rep_1,SN3618,20:04:00,-10.0,20:20:00,20:21:00,A46 ,45.0,30.0,3.78,1.88,1.0,6.66
2026-04-05_rep_1,SN3622,23:19:00,-6.0,23:29:00,23:31:00,A58 ,33.0,25.0,3.33,1.38,2.0,6.71
2026-04-05_rep_1,SN3632,14:37:00,0.0,14:55:00,15:08:00,A60 ,4.0,25.0,0.3,1.23,13.0,14.53
2026-04-05_rep_1,SN3634,16:02:00,16.0,16:37:00,16:49:00,A58 ,5.0,26.0,0.39,1.89,12.0,14.28
2026-04-05_rep_1,SN3698,19:33:00,13.0,20:02:00,20:03:00,A44 ,21.0,19.0,1.4,1.47,1.0,3.87
2026-04-05_rep_1,SN3704,22:18:00,19.0,22:59:00,23:02:00,A50 ,61.0,25.0,6.24,2.08,3.0,11.32
2026-04-05_rep_1,SN3706,04:33:00,7.0,04:57:00,04:58:00,A50 ,35.0,25.0,3.19,1.24,1.0,5.44
2026-04-05_rep_1,SN3712,19:04:00,-8.0,19:15:00,19:18:00,A56 ,64.0,23.0,4.48,1.38,3.0,8.87
2026-04-05_rep_1,SN3722,19:59:00,3.0,20:16:00,20:17:00,A42 ,29.0,18.0,2.44,1.55,1.0,5.0
2026-04-05_rep_1,SN3728,00:58:00,-2.0,01:17:00,01:19:00,A68 ,42.0,24.0,3.25,1.58,2.0,6.83
2026-04-05_rep_1,SN3730,04:17:00,20.0,04:55:00,04:56:00,A58 ,20.0,25.0,1.48,1.39,1.0,3.87
2026-04-05_rep_1,SN3734,17:53:00,-12.0,18:09:00,18:10:00,A40 ,46.0,31.0,3.35,1.22,1.0,5.58
2026-04-05_rep_1,SN3736,23:29:00,34.0,00:30:00,00:33:00,A52 ,67.0,31.0,6.4,1.61,3.0,11.01
2026-04-05_rep_1,SN3738,04:39:00,-8.0,06:06:00,06:11:00,A42 ,43.0,104.0,3.87,1.79,5.0,10.66
2026-04-05_rep_1,SN3752,18:43:00,5.0,19:09:00,19:12:00,A54 ,37.0,24.0,2.97,1.7,3.0,7.67
2026-04-05_rep_1,SN3772,16:42:00,-1.0,17:01:00,17:03:00,A44 ,59.0,27.0,5.85,1.97,2.0,9.81
2026-04-05_rep_1,SN3774,03:44:00,6.0,04:19:00,04:23:00,A52 ,84.0,33.0,5.11,1.7,4.0,10.8
2026-04-05_rep_1,SN3776,19:54:00,-13.0,20:07:00,20:09:00,A40 ,42.0,30.0,2.75,1.74,2.0,6.5
2026-04-05_rep_1,SN3780,20:58:00,-16.0,21:05:00,21:09:00,A52 ,73.0,26.0,5.63,2.09,4.0,11.72
2026-04-05_rep_1,SN3782,04:38:00,4.0,06:03:00,06:09:00,A40 ,119.0,89.0,10.47,1.59,6.0,18.06
2026-04-05_rep_1,SN3784,22:10:00,-9.0,22:24:00,22:28:00,A59 ,84.0,28.0,7.05,1.27,4.0,12.32
2026-04-05_rep_1,SN3788,05:12:00,-89.0,05:03:00,05:08:00,A40 ,82.0,87.0,6.46,2.0,5.0,13.47
2026-04-05_rep_1,SN379,10:10:00,53.0,11:42:00,12:19:00,B29 A,161.0,44.0,11.45,0.08,37.0,48.53
2026-04-05_rep_1,SN3800,06:15:00,1.0,06:28:00,06:30:00,A65 ,27.0,17.0,1.74,1.62,2.0,5.35
2026-04-05_rep_1,SN3802,20:24:00,-12.0,20:38:00,20:41:00,A54 ,60.0,30.0,5.22,1.45,3.0,9.67
2026-04-05_rep_1,SN3810,01:16:00,-1.0,01:35:00,01:37:00,A44 ,55.0,26.0,3.3,1.62,2.0,6.91
2026-04-05_rep_1,SN3812,21:22:00,-2.0,21:36:00,21:41:00,A60 ,78.0,23.0,6.6,1.47,5.0,13.07
2026-04-05_rep_1,SN3820,04:47:00,4.0,06:16:00,06:18:00,A56 ,78.0,92.0,8.57,1.43,2.0,11.99
2026-04-05_rep_1,TB1112,17:05:00,-4.0,17:19:00,17:21:00,A47 ,74.0,23.0,6.22,2.31,2.0,10.52
2026-04-05_rep_1,TB1114,02:00:00,11.0,02:24:00,02:26:00,A61 ,67.0,18.0,4.93,1.54,2.0,8.47
2026-04-05_rep_1,TB1417,18:07:00,-10.0,18:12:00,18:16:00,A51 ,90.0,22.0,8.5,1.45,4.0,13.94
2026-04-05_rep_1,TB1552,07:47:00,-4.0,07:55:00,07:59:00,A68 ,66.0,19.0,4.47,1.4,4.0,9.87
2026-04-05_rep_1,TB1554,03:41:00,4.0,04:09:00,04:13:00,A65 ,102.0,30.0,8.16,1.94,4.0,14.1
2026-04-05_rep_1,TB1752,04:44:00,-1.0,06:03:00,06:08:00,A63 ,117.0,84.0,9.18,2.27,5.0,16.46
2026-04-05_rep_1,TB1754,20:55:00,-2.0,05:29:00,05:36:00,A70 ,35.0,526.0,2.37,1.42,7.0,10.79
2026-04-05_rep_1,TB2045,02:13:00,-32.0,01:55:00,02:03:00,B34 A,162.0,22.0,10.94,0.12,8.0,19.06
2026-04-05_rep_1,TB2502,19:50:00,128.0,22:27:00,22:34:00,B40 A,169.0,34.0,16.01,0.1,7.0,23.11
2026-04-05_rep_1,TB2632,09:29:00,-20.0,09:35:00,09:44:00,B9  A,114.0,30.0,7.28,1.64,9.0,17.93
2026-04-05_rep_1,TB2662,09:15:00,-11.0,09:22:00,09:30:00,B34 A,90.0,23.0,8.05,0.12,8.0,16.17
2026-04-05_rep_1,TB2711,03:14:00,-21.0,03:08:00,03:16:00,B9  A,39.0,19.0,3.66,1.55,8.0,13.21
2026-04-05_rep_1,TB3016,00:18:00,-11.0,00:26:00,00:31:00,B29 A,128.0,22.0,14.68,0.12,5.0,19.8
2026-04-05_rep_1,TB3102,05:44:00,12.0,06:14:00,06:21:00,B17 A,101.0,22.0,8.44,0.1,7.0,15.53
2026-04-05_rep_1,TG934,12:22:00,4.0,12:46:00,13:15:00,B34 A,260.0,27.0,17.93,0.11,29.0,47.04
2026-04-05_rep_1,TK1937,15:18:00,-11.0,15:21:00,15:40:00,B7  A,144.0,22.0,11.83,1.88,19.0,32.7
2026-04-05_rep_1,TK1939,23:02:00,-15.0,23:01:00,23:19:00,B14 A,174.0,21.0,11.66,0.11,18.0,29.76
2026-04-05_rep_1,TK1941,02:31:00,-2.0,02:46:00,03:09:00,B7  A,137.0,23.0,10.24,1.51,23.0,34.75
2026-04-05_rep_1,TK1943,18:30:00,-13.0,18:33:00,18:44:00,B15 A,96.0,21.0,9.23,0.11,11.0,20.33
2026-04-05_rep_1,TK1945,20:25:00,-4.0,20:41:00,20:55:00,B14 A,98.0,30.0,10.59,0.1,14.0,24.69
2026-04-05_rep_1,TP640,16:06:00,-17.0,16:09:00,16:12:00,A45 ,66.0,26.0,5.09,1.99,3.0,10.07
2026-04-05_rep_1,TP642,20:13:00,-18.0,20:11:00,20:17:00,A53 ,121.0,24.0,9.18,1.69,6.0,16.87
2026-04-05_rep_1,TP644,01:11:00,-6.0,01:22:00,01:24:00,A57 ,21.0,23.0,1.56,1.83,2.0,5.38
2026-04-05_rep_1,TP646,05:04:00,-6.0,06:10:00,06:38:00,A45 ,102.0,81.0,7.79,1.23,28.0,37.03
2026-04-05_rep_1,TU954,16:31:00,-9.0,16:40:00,16:47:00,B30 A,120.0,24.0,8.25,0.1,7.0,15.35
2026-04-05_rep_1,UA950,12:20:00,-22.0,12:14:00,12:42:00,B37 A,127.0,21.0,7.6,0.08,28.0,35.68
2026-04-05_rep_1,UA972,14:05:00,-28.0,14:03:00,14:40:00,B40 A,141.0,31.0,14.62,0.09,37.0,51.71
2026-04-05_rep_1,UA994,12:51:00,-16.0,12:54:00,13:24:00,B38 A,109.0,25.0,7.2,0.09,30.0,37.3
2026-04-05_rep_1,UX1171,14:49:00,-23.0,14:45:00,14:49:00,A59 ,52.0,23.0,4.41,1.5,4.0,9.92
2026-04-05_rep_1,UX1173,22:46:00,-3.0,22:58:00,23:01:00,A47 ,68.0,21.0,6.95,2.34,3.0,12.29
2026-04-05_rep_1,VF65,16:20:00,77.0,17:59:00,18:19:00,B29 A,126.0,27.0,8.74,0.1,20.0,28.85
2026-04-05_rep_1,VF67,21:50:00,21.0,22:30:00,22:37:00,B30 A,187.0,24.0,14.29,0.1,7.0,21.38
2026-04-05_rep_1,VY1332,18:01:00,26.0,18:35:00,18:36:00,A45 ,23.0,14.0,1.74,1.9,1.0,4.64
2026-04-05_rep_1,VY2150,02:06:00,-11.0,02:17:00,02:18:00,A53 ,52.0,28.0,4.5,1.72,1.0,7.22
2026-04-05_rep_1,VY3650,22:50:00,-23.0,22:48:00,22:51:00,A53 ,62.0,26.0,4.05,1.47,3.0,8.52
2026-04-05_rep_1,VY8978,15:22:00,-13.0,15:19:00,15:20:00,A43 ,21.0,17.0,1.67,1.82,1.0,4.49
2026-04-05_rep_1,VY8980,15:00:00,-16.0,14:51:00,14:53:00,A47 ,13.0,12.0,0.91,2.22,2.0,5.14
2026-04-05_rep_1,VY8982,22:31:00,-5.0,22:43:00,22:46:00,A45 ,55.0,23.0,5.26,1.55,3.0,9.82
2026-04-05_rep_1,VY8984,02:05:00,-9.0,02:10:00,02:11:00,A51 ,40.0,19.0,2.84,1.64,1.0,5.48
2026-04-05_rep_1,VY8986,19:39:00,-5.0,19:44:00,19:45:00,A45 ,27.0,19.0,2.73,1.63,1.0,5.36
2026-04-05_rep_1,XR5402,07:46:00,70.0,09:23:00,09:26:00,B5  A,88.0,33.0,6.43,1.43,3.0,10.86
2026-04-05_rep_2,A34382,14:50:00,-18.0,14:52:00,15:11:00,A57 ,185.0,25.0,13.09,1.54,19.0,33.63
2026-04-05_rep_2,AC832,12:18:00,-40.0,11:54:00,12:17:00,B30 A,100.0,24.0,7.83,0.07,23.0,30.9
2026-04-05_rep_2,AY1541,15:41:00,-7.0,15:46:00,15:48:00,A51 ,58.0,18.0,5.2,1.7,2.0,8.9
2026-04-05_rep_2,AY1545,23:27:00,0.0,23:37:00,23:38:00,A43 ,27.0,17.0,2.43,2.02,1.0,5.45
2026-04-05_rep_2,AY1549,03:41:00,18.0,04:08:00,04:09:00,A49 ,19.0,15.0,2.15,1.85,1.0,5.0
2026-04-05_rep_2,AZ154,00:11:00,-23.0,23:58:00,00:00:00,A64 ,17.0,16.0,1.52,1.64,2.0,5.17
2026-04-05_rep_2,AZ156,15:51:00,-11.0,15:56:00,16:02:00,A54 ,36.0,22.0,3.61,1.48,6.0,11.09
2026-04-05_rep_2,AZ160,23:04:00,-4.0,23:12:00,23:16:00,A62 ,40.0,16.0,3.03,1.43,4.0,8.46
2026-04-05_rep_2,BA384,14:54:00,-17.0,14:47:00,14:50:00,B29 A,23.0,14.0,1.83,0.09,3.0,4.91
2026-04-05_rep_2,BA386,19:26:00,-21.0,19:20:00,19:23:00,B7  A,110.0,21.0,9.02,1.6,3.0,13.62
2026-04-05_rep_2,BA390,01:00:00,-4.0,01:12:00,01:14:00,B9  A,60.0,21.0,4.98,1.68,2.0,8.67
2026-04-05_rep_2,BT853,01:05:00,-7.0,01:10:00,01:11:00,A69 ,1.0,17.0,0.08,2.05,1.0,3.13
2026-04-05_rep_2,EI630,14:48:00,-27.0,14:36:00,14:42:00,B27 A,99.0,23.0,7.97,0.09,6.0,14.06
2026-04-05_rep_2,EI638,01:50:00,-14.0,01:49:00,01:52:00,B11 A,88.0,18.0,6.74,0.11,3.0,9.85
2026-04-05_rep_2,EK181,00:35:00,6.0,00:55:00,01:26:00,B31 A,213.0,19.0,14.23,0.12,31.0,45.35
2026-04-05_rep_2,ET750,12:10:00,3.0,12:32:00,13:13:00,B29 A,422.0,24.0,16.8,4.8,41.0,62.6
2026-04-05_rep_2,EY57,13:10:00,15.0,13:43:00,14:19:00,B5  A,244.0,28.0,16.9,1.53,36.0,54.42
2026-04-05_rep_2,FB407,00:50:00,-4.0,00:55:00,00:57:00,A49 ,30.0,14.0,2.34,1.47,2.0,5.82
2026-04-05_rep_2,FH8116,06:35:00,-35.0,06:07:00,06:09:00,B15 A,22.0,12.0,1.33,0.1,2.0,3.43
2026-04-05_rep_2,FI554,18:04:00,-13.0,18:18:00,18:21:00,A43 ,80.0,36.0,5.67,1.84,3.0,10.51
2026-04-05_rep_2,GQ800,00:01:00,-12.0,00:07:00,00:09:00,A67 ,64.0,24.0,7.2,1.62,2.0,10.82
2026-04-05_rep_2,IB1301,00:05:00,-23.0,23:55:00,23:56:00,A61 ,38.0,18.0,2.64,1.63,1.0,5.28
2026-04-05_rep_2,IB597,16:31:00,-17.0,16:23:00,16:26:00,A43 ,83.0,15.0,5.0,1.56,3.0,9.55
2026-04-05_rep_2,IB603,03:36:00,-8.0,03:39:00,03:42:00,A47 ,77.0,17.0,4.76,1.59,3.0,9.35
2026-04-05_rep_2,KM420,00:20:00,-6.0,00:27:00,00:30:00,A59 ,54.0,18.0,4.08,1.66,3.0,8.74
2026-04-05_rep_2,LH1004,12:50:00,0.0,13:03:00,13:30:00,A43 ,40.0,18.0,2.88,1.99,27.0,31.87
2026-04-05_rep_2,LO231,03:41:00,2.0,04:00:00,04:01:00,A53 ,13.0,23.0,1.08,1.82,1.0,3.89
2026-04-05_rep_2,LO233,23:48:00,-8.0,23:58:00,00:01:00,A46 ,31.0,26.0,2.22,1.5,3.0,6.72
2026-04-05_rep_2,LO235,14:32:00,-16.0,14:28:00,14:30:00,A56 ,37.0,19.0,2.31,1.14,2.0,5.46
2026-04-05_rep_2,LX780,19:22:00,-3.0,19:34:00,19:35:00,A43 ,42.0,22.0,3.86,1.59,1.0,6.45
2026-04-05_rep_2,LX786,13:55:00,-21.0,13:56:00,14:01:00,A45 ,45.0,27.0,4.75,1.78,5.0,11.53
2026-04-05_rep_2,LX788,23:40:00,12.0,00:07:00,00:26:00,A45 ,52.0,20.0,3.93,1.61,19.0,24.54
2026-04-05_rep_2,MS725,20:22:00,-9.0,20:31:00,20:39:00,B9  A,172.0,25.0,10.43,2.06,8.0,20.5
2026-04-05_rep_2,OS291,14:10:00,-9.0,14:10:00,14:15:00,A43 ,3.0,14.0,0.22,1.89,5.0,7.11
2026-04-05_rep_2,OS295,21:50:00,-12.0,21:48:00,21:50:00,A43 ,26.0,15.0,1.79,1.81,2.0,5.6
2026-04-05_rep_2,OU4456,00:56:00,-3.0,01:10:00,01:11:00,A53 ,25.0,23.0,1.92,2.02,1.0,4.94
2026-04-05_rep_2,QS1002,23:49:00,-5.0,23:55:00,23:56:00,A65 ,27.0,15.0,2.15,1.4,1.0,4.55
2026-04-05_rep_2,RJ141,20:23:00,16.0,20:53:00,21:17:00,B5  A,214.0,22.0,14.49,1.53,24.0,40.02
2026-04-05_rep_2,RO373,23:54:00,21.0,00:26:00,00:28:00,A48 ,35.0,20.0,2.57,1.25,2.0,5.82
2026-04-05_rep_2,SK1593,19:44:00,-4.0,19:53:00,19:55:00,A47 ,27.0,22.0,2.13,1.71,2.0,5.84
2026-04-05_rep_2,SK1595,23:36:00,-8.0,23:39:00,23:41:00,A57 ,16.0,17.0,1.16,1.62,2.0,4.78
2026-04-05_rep_2,SK2591,01:46:00,5.0,02:01:00,02:02:00,A59 ,33.0,16.0,2.58,1.84,1.0,5.42
2026-04-05_rep_2,SK4745,23:24:00,-5.0,23:35:00,23:39:00,A51 ,71.0,20.0,6.04,1.53,4.0,11.57
2026-04-05_rep_2,SK589,15:22:00,4.0,15:34:00,15:36:00,A46 ,27.0,15.0,1.98,1.68,2.0,5.66
2026-04-05_rep_2,SK597,00:55:00,-10.0,00:58:00,01:06:00,A51 ,10.0,18.0,0.82,1.45,8.0,10.28
2026-04-05_rep_2,SN1122,08:39:00,29.0,09:20:00,09:21:00,B40 A,13.0,16.0,1.18,0.09,1.0,2.27
2026-04-05_rep_2,SN1124,07:10:00,9.0,07:32:00,07:48:00,B30 A,138.0,18.0,11.55,0.11,16.0,27.66
2026-04-05_rep_2,SN1652,22:27:00,-9.0,22:42:00,22:44:00,A54 ,22.0,31.0,2.46,1.32,2.0,5.78
2026-04-05_rep_2,SN206,10:25:00,5.0,10:47:00,11:32:00,B38 A,320.0,22.0,19.31,0.12,45.0,64.44
2026-04-05_rep_2,SN2064,20:31:00,-5.0,20:38:00,20:41:00,B29 A,61.0,23.0,6.74,0.12,3.0,9.87
2026-04-05_rep_2,SN2094,18:20:00,-5.0,18:39:00,18:43:00,B28 A,81.0,29.0,5.93,0.12,4.0,10.05
2026-04-05_rep_2,SN2096,01:04:00,-17.0,01:06:00,01:09:00,B30 A,55.0,23.0,4.0,0.09,3.0,7.09
2026-04-05_rep_2,SN2104,13:59:00,-11.0,14:06:00,14:17:00,B9  A,10.0,22.0,0.9,1.49,11.0,13.39
2026-04-05_rep_2,SN2258,18:29:00,-8.0,18:39:00,18:42:00,A58 ,34.0,22.0,2.7,1.84,3.0,7.54
2026-04-05_rep_2,SN2260,00:48:00,-13.0,00:51:00,00:55:00,A50 ,27.0,19.0,2.25,1.6,4.0,7.85
2026-04-05_rep_2,SN2268,13:31:00,-3.0,13:46:00,13:48:00,A53 ,4.0,24.0,0.29,1.6,2.0,3.89
2026-04-05_rep_2,SN2284,01:08:00,1.0,01:27:00,01:29:00,A46 ,10.0,21.0,0.64,1.53,2.0,4.17
2026-04-05_rep_2,SN229,10:04:00,22.0,10:41:00,11:10:00,B31 A,120.0,19.0,9.17,0.1,29.0,38.27
2026-04-05_rep_2,SN2294,00:55:00,-5.0,01:01:00,01:03:00,A55 ,34.0,16.0,2.64,1.46,2.0,6.1
2026-04-05_rep_2,SN2372,01:28:00,-9.0,01:33:00,01:36:00,A54 ,24.0,17.0,1.82,1.32,3.0,6.15
2026-04-05_rep_2,SN2548,01:20:00,-11.0,01:25:00,01:27:00,A47 ,32.0,21.0,2.36,1.79,2.0,6.16
2026-04-05_rep_2,SN2556,01:14:00,-13.0,01:09:00,01:12:00,A60 ,28.0,12.0,2.43,1.71,3.0,7.13
2026-04-05_rep_2,SN2582,18:08:00,-12.0,18:11:00,18:12:00,A48 ,15.0,18.0,1.01,1.79,1.0,3.79
2026-04-05_rep_2,SN2588,01:16:00,-8.0,01:20:00,01:21:00,A56 ,24.0,18.0,1.91,1.2,1.0,4.1
2026-04-05_rep_2,SN2590,03:18:00,-12.0,03:15:00,03:16:00,A62 ,14.0,12.0,0.86,1.67,1.0,3.54
2026-04-05_rep_2,SN2592,13:27:00,-13.0,13:32:00,13:34:00,A42 ,1.0,25.0,0.09,1.63,2.0,3.72
2026-04-05_rep_2,SN2608,15:18:00,-18.0,15:17:00,15:19:00,A42 ,26.0,25.0,2.32,2.08,2.0,6.41
2026-04-05_rep_2,SN2610,17:48:00,-4.0,18:11:00,18:13:00,A50 ,46.0,30.0,3.74,2.0,2.0,7.74
2026-04-05_rep_2,SN2614,22:39:00,-13.0,22:38:00,22:40:00,A40 ,50.0,21.0,4.37,1.2,2.0,7.57
2026-04-05_rep_2,SN2618,03:42:00,-17.0,03:36:00,03:38:00,A64 ,32.0,18.0,2.78,1.64,2.0,6.42
2026-04-05_rep_2,SN2644,18:13:00,-6.0,18:18:00,18:21:00,A46 ,38.0,14.0,4.2,1.76,3.0,8.96
2026-04-05_rep_2,SN2646,21:23:00,0.0,21:36:00,21:40:00,A44 ,36.0,21.0,2.32,1.71,4.0,8.02
2026-04-05_rep_2,SN2650,01:02:00,0.0,01:13:00,01:16:00,A58 ,40.0,18.0,2.71,1.37,3.0,7.08
2026-04-05_rep_2,SN2652,04:02:00,-13.0,04:01:00,04:03:00,A60 ,21.0,19.0,1.76,1.6,2.0,5.36
2026-04-05_rep_2,SN2712,14:39:00,-10.0,14:54:00,14:57:00,A50 ,28.0,29.0,2.31,2.41,3.0,7.72
2026-04-05_rep_2,SN2714,17:49:00,-1.0,18:14:00,18:16:00,A42 ,50.0,30.0,4.85,1.82,2.0,8.66
2026-04-05_rep_2,SN2722,23:38:00,-6.0,23:56:00,00:01:00,A44 ,93.0,32.0,7.4,1.46,5.0,13.86
2026-04-05_rep_2,SN2724,03:38:00,14.0,04:16:00,04:17:00,A46 ,77.0,32.0,6.09,1.54,1.0,8.63
2026-04-05_rep_2,SN2726,13:23:00,0.0,13:41:00,13:51:00,A40 ,9.0,21.0,0.65,1.84,10.0,12.48
2026-04-05_rep_2,SN278,10:45:00,-3.0,11:04:00,11:16:00,B28 A,198.0,27.0,15.02,0.11,12.0,27.14
2026-04-05_rep_2,SN2812,01:23:00,8.0,01:46:00,01:48:00,A48 ,22.0,23.0,1.48,1.35,2.0,4.83
2026-04-05_rep_2,SN2826,01:10:00,-16.0,01:06:00,01:07:00,A66 ,26.0,17.0,2.51,1.44,1.0,4.95
2026-04-05_rep_2,SN2900,08:46:00,-13.0,08:58:00,09:02:00,B14 A,79.0,31.0,5.19,0.13,4.0,9.33
2026-04-05_rep_2,SN2902,16:15:00,2.0,16:29:00,16:31:00,A52 ,25.0,22.0,2.12,1.66,2.0,5.78
2026-04-05_rep_2,SN2906,01:02:00,5.0,01:21:00,01:24:00,A62 ,53.0,21.0,3.79,1.69,3.0,8.48
2026-04-05_rep_2,SN3126,23:02:00,6.0,23:22:00,23:23:00,A56 ,18.0,21.0,1.37,1.88,1.0,4.25
2026-04-05_rep_2,SN3132,23:27:00,-8.0,23:36:00,23:38:00,A42 ,36.0,24.0,2.99,1.4,2.0,6.39
2026-04-05_rep_2,SN3140,19:10:00,-15.0,19:09:00,19:10:00,A61 ,29.0,19.0,2.37,2.37,1.0,5.74
2026-04-05_rep_2,SN3154,15:18:00,3.0,15:38:00,15:41:00,A40 ,3.0,25.0,0.21,1.45,3.0,4.66
2026-04-05_rep_2,SN3160,04:22:00,-11.0,04:23:00,04:25:00,A44 ,23.0,19.0,2.01,1.92,2.0,5.93
2026-04-05_rep_2,SN3170,20:24:00,-2.0,20:45:00,20:48:00,A56 ,61.0,27.0,4.43,1.77,3.0,9.2
2026-04-05_rep_2,SN3182,01:26:00,-9.0,01:28:00,01:31:00,A45 ,45.0,17.0,4.66,1.76,3.0,9.42
2026-04-05_rep_2,SN3184,04:22:00,-6.0,04:46:00,04:49:00,A68 ,74.0,37.0,5.45,1.8,3.0,10.25
2026-04-05_rep_2,SN3202,19:24:00,-25.0,19:20:00,19:22:00,A52 ,41.0,25.0,2.93,1.42,2.0,6.36
2026-04-05_rep_2,SN3246,21:08:00,-14.0,21:15:00,21:17:00,A48 ,55.0,24.0,5.19,1.95,2.0,9.15
2026-04-05_rep_2,SN3256,21:04:00,-15.0,21:00:00,21:02:00,A58 ,6.0,15.0,0.56,2.18,2.0,4.74
2026-04-05_rep_2,SN3326,07:45:00,20.0,08:16:00,08:36:00,B28 A,123.0,16.0,8.58,0.1,20.0,28.68
2026-04-05_rep_2,SN3344,19:19:00,107.0,21:24:00,21:26:00,A46 ,16.0,22.0,1.19,1.7,2.0,4.89
2026-04-05_rep_2,SN358,11:21:00,8.0,11:42:00,12:06:00,B14 A,177.0,19.0,12.89,0.1,24.0,36.99
2026-04-05_rep_2,SN3588,19:38:00,5.0,20:04:00,20:05:00,A62 ,20.0,24.0,1.49,1.5,1.0,3.99
2026-04-05_rep_2,SN3598,20:19:00,-18.0,20:22:00,20:24:00,A63 ,48.0,25.0,3.39,2.54,2.0,7.93
2026-04-05_rep_2,SN3618,20:04:00,-10.0,20:20:00,20:21:00,A46 ,45.0,30.0,4.66,1.26,1.0,6.92
2026-04-05_rep_2,SN3622,23:19:00,-6.0,23:29:00,23:31:00,A58 ,33.0,25.0,2.94,2.04,2.0,6.98
2026-04-05_rep_2,SN3632,14:37:00,0.0,14:55:00,15:08:00,A60 ,4.0,25.0,0.39,1.27,13.0,14.65
2026-04-05_rep_2,SN3634,16:02:00,16.0,16:37:00,16:49:00,A58 ,5.0,26.0,0.39,1.47,12.0,13.85
2026-04-05_rep_2,SN3698,19:33:00,13.0,20:02:00,20:03:00,A44 ,21.0,19.0,2.02,2.3,1.0,5.32
2026-04-05_rep_2,SN3704,22:18:00,19.0,22:59:00,23:02:00,A50 ,61.0,25.0,4.92,1.69,3.0,9.61
2026-04-05_rep_2,SN3706,04:33:00,7.0,04:57:00,04:58:00,A50 ,35.0,25.0,2.59,1.43,1.0,5.02
2026-04-05_rep_2,SN3712,19:04:00,-8.0,19:15:00,19:18:00,A56 ,64.0,23.0,3.96,1.61,3.0,8.57
2026-04-05_rep_2,SN3722,19:59:00,3.0,20:16:00,20:17:00,A42 ,29.0,18.0,2.53,1.39,1.0,4.92
2026-04-05_rep_2,SN3728,00:58:00,-2.0,01:17:00,01:19:00,A68 ,42.0,24.0,3.25,1.49,2.0,6.74
2026-04-05_rep_2,SN3730,04:17:00,20.0,04:55:00,04:56:00,A58 ,20.0,25.0,1.54,2.04,1.0,4.58
2026-04-05_rep_2,SN3734,17:53:00,-12.0,18:09:00,18:10:00,A40 ,46.0,31.0,4.57,2.09,1.0,7.66
2026-04-05_rep_2,SN3736,23:29:00,34.0,00:30:00,00:33:00,A52 ,67.0,31.0,6.62,1.49,3.0,11.11
2026-04-05_rep_2,SN3738,04:39:00,-8.0,06:06:00,06:11:00,A42 ,43.0,104.0,3.58,1.9,5.0,10.48
2026-04-05_rep_2,SN3752,18:43:00,5.0,19:09:00,19:12:00,A54 ,37.0,24.0,3.48,1.71,3.0,8.19
2026-04-05_rep_2,SN3772,16:42:00,-1.0,17:01:00,17:03:00,A44 ,59.0,27.0,4.4,1.39,2.0,7.79
2026-04-05_rep_2,SN3774,03:44:00,6.0,04:19:00,04:23:00,A52 ,84.0,33.0,6.68,1.79,4.0,12.48
2026-04-05_rep_2,SN3776,19:54:00,-13.0,20:07:00,20:09:00,A40 ,42.0,30.0,3.21,1.92,2.0,7.13
2026-04-05_rep_2,SN3780,20:58:00,-16.0,21:05:00,21:09:00,A52 ,73.0,26.0,5.64,1.78,4.0,11.42
2026-04-05_rep_2,SN3782,04:38:00,4.0,06:03:00,06:09:00,A40 ,119.0,89.0,8.69,1.81,6.0,16.5
2026-04-05_rep_2,SN3784,22:10:00,-9.0,22:24:00,22:28:00,A59 ,84.0,28.0,7.04,2.14,4.0,13.19
2026-04-05_rep_2,SN3788,05:12:00,-89.0,05:03:00,05:08:00,A40 ,82.0,87.0,5.23,1.55,5.0,11.78
2026-04-05_rep_2,SN379,10:10:00,53.0,11:42:00,12:19:00,B29 A,161.0,44.0,11.99,0.09,37.0,49.08
2026-04-05_rep_2,SN3800,06:15:00,1.0,06:28:00,06:30:00,A65 ,27.0,17.0,2.41,1.22,2.0,5.63
2026-04-05_rep_2,SN3802,20:24:00,-12.0,20:38:00,20:41:00,A54 ,60.0,30.0,3.75,1.64,3.0,8.39
2026-04-05_rep_2,SN3810,01:16:00,-1.0,01:35:00,01:37:00,A44 ,55.0,26.0,4.59,1.32,2.0,7.91
2026-04-05_rep_2,SN3812,21:22:00,-2.0,21:36:00,21:41:00,A60 ,78.0,23.0,7.84,1.74,5.0,14.59
2026-04-05_rep_2,SN3820,04:47:00,4.0,06:16:00,06:18:00,A56 ,78.0,92.0,6.47,1.58,2.0,10.05
2026-04-05_rep_2,TB1112,17:05:00,-4.0,17:19:00,17:21:00,A47 ,74.0,23.0,4.93,1.63,2.0,8.57
2026-04-05_rep_2,TB1114,02:00:00,11.0,02:24:00,02:26:00,A61 ,67.0,18.0,5.37,1.85,2.0,9.21
2026-04-05_rep_2,TB1417,18:07:00,-10.0,18:12:00,18:16:00,A51 ,90.0,22.0,9.08,2.02,4.0,15.11
2026-04-05_rep_2,TB1552,07:47:00,-4.0,07:55:00,07:59:00,A68 ,66.0,19.0,5.88,1.58,4.0,11.46
2026-04-05_rep_2,TB1554,03:41:00,4.0,04:09:00,04:13:00,A65 ,102.0,30.0,7.2,1.59,4.0,12.8
2026-04-05_rep_2,TB1752,04:44:00,-1.0,06:03:00,06:08:00,A63 ,117.0,84.0,9.38,1.43,5.0,15.81
2026-04-05_rep_2,TB1754,20:55:00,-2.0,05:29:00,05:36:00,A70 ,35.0,526.0,2.68,1.9,7.0,11.58
2026-04-05_rep_2,TB2045,02:13:00,-32.0,01:55:00,02:03:00,B34 A,162.0,22.0,18.52,0.09,8.0,26.61
2026-04-05_rep_2,TB2502,19:50:00,128.0,22:27:00,22:34:00,B40 A,169.0,34.0,15.2,0.1,7.0,22.29
2026-04-05_rep_2,TB2632,09:29:00,-20.0,09:35:00,09:44:00,B9  A,114.0,30.0,9.85,1.71,9.0,20.56
2026-04-05_rep_2,TB2662,09:15:00,-11.0,09:22:00,09:30:00,B34 A,90.0,23.0,6.96,0.1,8.0,15.05
2026-04-05_rep_2,TB2711,03:14:00,-21.0,03:08:00,03:16:00,B9  A,39.0,19.0,2.98,1.47,8.0,12.46
2026-04-05_rep_2,TB3016,00:18:00,-11.0,00:26:00,00:31:00,B29 A,128.0,22.0,10.18,0.1,5.0,15.28
2026-04-05_rep_2,TB3102,05:44:00,12.0,06:14:00,06:21:00,B17 A,101.0,22.0,7.67,0.07,7.0,14.74
2026-04-05_rep_2,TG934,12:22:00,4.0,12:46:00,13:15:00,B34 A,260.0,27.0,22.23,0.09,29.0,51.32
2026-04-05_rep_2,TK1937,15:18:00,-11.0,15:21:00,15:40:00,B7  A,144.0,22.0,14.77,1.46,19.0,35.23
2026-04-05_rep_2,TK1939,23:02:00,-15.0,23:01:00,23:19:00,B14 A,174.0,21.0,13.34,0.1,18.0,31.44
2026-04-05_rep_2,TK1941,02:31:00,-2.0,02:46:00,03:09:00,B7  A,137.0,23.0,9.61,1.43,23.0,34.04
2026-04-05_rep_2,TK1943,18:30:00,-13.0,18:33:00,18:44:00,B15 A,96.0,21.0,8.67,0.08,11.0,19.75
2026-04-05_rep_2,TK1945,20:25:00,-4.0,20:41:00,20:55:00,B14 A,98.0,30.0,6.71,0.09,14.0,20.8
2026-04-05_rep_2,TP640,16:06:00,-17.0,16:09:00,16:12:00,A45 ,66.0,26.0,6.42,1.24,3.0,10.66
2026-04-05_rep_2,TP642,20:13:00,-18.0,20:11:00,20:17:00,A53 ,121.0,24.0,9.2,1.83,6.0,17.03
2026-04-05_rep_2,TP644,01:11:00,-6.0,01:22:00,01:24:00,A57 ,21.0,23.0,1.62,1.64,2.0,5.25
2026-04-05_rep_2,TP646,05:04:00,-6.0,06:10:00,06:38:00,A45 ,102.0,81.0,7.39,1.55,28.0,36.94
2026-04-05_rep_2,TU954,16:31:00,-9.0,16:40:00,16:47:00,B30 A,120.0,24.0,10.48,0.1,7.0,17.58
2026-04-05_rep_2,UA950,12:20:00,-22.0,12:14:00,12:42:00,B37 A,127.0,21.0,12.06,0.08,28.0,40.14
2026-04-05_rep_2,UA972,14:05:00,-28.0,14:03:00,14:40:00,B40 A,141.0,31.0,11.11,0.12,37.0,48.23
2026-04-05_rep_2,UA994,12:51:00,-16.0,12:54:00,13:24:00,B38 A,109.0,25.0,7.31,0.09,30.0,37.4
2026-04-05_rep_2,UX1171,14:49:00,-23.0,14:45:00,14:49:00,A59 ,52.0,23.0,4.1,1.22,4.0,9.32
2026-04-05_rep_2,UX1173,22:46:00,-3.0,22:58:00,23:01:00,A47 ,68.0,21.0,5.4,1.78,3.0,10.17
2026-04-05_rep_2,VF65,16:20:00,77.0,17:59:00,18:19:00,B29 A,126.0,27.0,13.42,0.11,20.0,33.54
2026-04-05_rep_2,VF67,21:50:00,21.0,22:30:00,22:37:00,B30 A,187.0,24.0,16.03,0.13,7.0,23.16
2026-04-05_rep_2,VY1332,18:01:00,26.0,18:35:00,18:36:00,A45 ,23.0,14.0,1.52,1.79,1.0,4.31
2026-04-05_rep_2,VY2150,02:06:00,-11.0,02:17:00,02:18:00,A53 ,52.0,28.0,4.38,1.92,1.0,7.3
2026-04-05_rep_2,VY3650,22:50:00,-23.0,22:48:00,22:51:00,A53 ,62.0,26.0,5.48,1.39,3.0,9.87
2026-04-05_rep_2,VY8978,15:22:00,-13.0,15:19:00,15:20:00,A43 ,21.0,17.0,1.63,2.06,1.0,4.7
2026-04-05_rep_2,VY8980,15:00:00,-16.0,14:51:00,14:53:00,A47 ,13.0,12.0,0.98,1.66,2.0,4.64
2026-04-05_rep_2,VY8982,22:31:00,-5.0,22:43:00,22:46:00,A45 ,55.0,23.0,5.41,1.76,3.0,10.17
2026-04-05_rep_2,VY8984,02:05:00,-9.0,02:10:00,02:11:00,A51 ,40.0,19.0,3.22,1.8,1.0,6.02
2026-04-05_rep_2,VY8986,19:39:00,-5.0,19:44:00,19:45:00,A45 ,27.0,19.0,2.49,1.62,1.0,5.1
2026-04-05_rep_2,XR5402,07:46:00,70.0,09:23:00,09:26:00,B5  A,88.0,33.0,8.24,1.32,3.0,12.56
2026-04-05_rep_3,A34382,14:50:00,-18.0,14:52:00,15:11:00,A57 ,185.0,25.0,13.87,1.45,19.0,34.32
2026-04-05_rep_3,AC832,12:18:00,-40.0,11:54:00,12:17:00,B30 A,100.0,24.0,7.06,0.11,23.0,30.17
2026-04-05_rep_3,AY1541,15:41:00,-7.0,15:46:00,15:48:00,A51 ,58.0,18.0,3.82,1.69,2.0,7.52
2026-04-05_rep_3,AY1545,23:27:00,0.0,23:37:00,23:38:00,A43 ,27.0,17.0,1.85,1.68,1.0,4.53
2026-04-05_rep_3,AY1549,03:41:00,18.0,04:08:00,04:09:00,A49 ,19.0,15.0,1.55,1.99,1.0,4.54
2026-04-05_rep_3,AZ154,00:11:00,-23.0,23:58:00,00:00:00,A64 ,17.0,16.0,1.8,1.4,2.0,5.2
2026-04-05_rep_3,AZ156,15:51:00,-11.0,15:56:00,16:02:00,A54 ,36.0,22.0,3.25,1.41,6.0,10.65
2026-04-05_rep_3,AZ160,23:04:00,-4.0,23:12:00,23:16:00,A62 ,40.0,16.0,3.5,1.53,4.0,9.03
2026-04-05_rep_3,BA384,14:54:00,-17.0,14:47:00,14:50:00,B29 A,23.0,14.0,2.24,0.11,3.0,5.35
2026-04-05_rep_3,BA386,19:26:00,-21.0,19:20:00,19:23:00,B7  A,110.0,21.0,10.13,1.82,3.0,14.95
2026-04-05_rep_3,BA390,01:00:00,-4.0,01:12:00,01:14:00,B9  A,60.0,21.0,4.1,2.09,2.0,8.19
2026-04-05_rep_3,BT853,01:05:00,-7.0,01:10:00,01:11:00,A69 ,1.0,17.0,0.06,1.93,1.0,2.99
2026-04-05_rep_3,EI630,14:48:00,-27.0,14:36:00,14:42:00,B27 A,99.0,23.0,7.79,0.08,6.0,13.88
2026-04-05_rep_3,EI638,01:50:00,-14.0,01:49:00,01:52:00,B11 A,88.0,18.0,6.17,0.1,3.0,9.27
2026-04-05_rep_3,EK181,00:35:00,6.0,00:55:00,01:26:00,B31 A,213.0,19.0,14.76,0.14,31.0,45.9
2026-04-05_rep_3,ET750,12:10:00,3.0,12:32:00,13:13:00,B29 A,422.0,24.0,16.8,4.8,41.0,62.6
2026-04-05_rep_3,EY57,13:10:00,15.0,13:43:00,14:19:00,B5  A,244.0,28.0,17.36,1.51,36.0,54.86
2026-04-05_rep_3,FB407,00:50:00,-4.0,00:55:00,00:57:00,A49 ,30.0,14.0,3.06,1.64,2.0,6.7
2026-04-05_rep_3,FH8116,06:35:00,-35.0,06:07:00,06:09:00,B15 A,22.0,12.0,1.6,0.08,2.0,3.68
2026-04-05_rep_3,FI554,18:04:00,-13.0,18:18:00,18:21:00,A43 ,80.0,36.0,6.53,1.55,3.0,11.08
2026-04-05_rep_3,GQ800,00:01:00,-12.0,00:07:00,00:09:00,A67 ,64.0,24.0,7.6,2.19,2.0,11.79
2026-04-05_rep_3,IB1301,00:05:00,-23.0,23:55:00,23:56:00,A61 ,38.0,18.0,2.9,1.5,1.0,5.41
2026-04-05_rep_3,IB597,16:31:00,-17.0,16:23:00,16:26:00,A43 ,83.0,15.0,7.42,1.58,3.0,12.0
2026-04-05_rep_3,IB603,03:36:00,-8.0,03:39:00,03:42:00,A47 ,77.0,17.0,5.15,1.93,3.0,10.09
2026-04-05_rep_3,KM420,00:20:00,-6.0,00:27:00,00:30:00,A59 ,54.0,18.0,4.73,1.31,3.0,9.04
2026-04-05_rep_3,LH1004,12:50:00,0.0,13:03:00,13:30:00,A43 ,40.0,18.0,3.4,1.95,27.0,32.35
2026-04-05_rep_3,LO231,03:41:00,2.0,04:00:00,04:01:00,A53 ,13.0,23.0,0.97,1.45,1.0,3.42
2026-04-05_rep_3,LO233,23:48:00,-8.0,23:58:00,00:01:00,A46 ,31.0,26.0,2.63,1.89,3.0,7.52
2026-04-05_rep_3,LO235,14:32:00,-16.0,14:28:00,14:30:00,A56 ,37.0,19.0,2.99,1.46,2.0,6.44
2026-04-05_rep_3,LX780,19:22:00,-3.0,19:34:00,19:35:00,A43 ,42.0,22.0,3.85,1.87,1.0,6.72
2026-04-05_rep_3,LX786,13:55:00,-21.0,13:56:00,14:01:00,A45 ,45.0,27.0,3.37,1.63,5.0,10.0
2026-04-05_rep_3,LX788,23:40:00,12.0,00:07:00,00:26:00,A45 ,52.0,20.0,4.03,1.77,19.0,24.81
2026-04-05_rep_3,MS725,20:22:00,-9.0,20:31:00,20:39:00,B9  A,172.0,25.0,14.25,1.29,8.0,23.54
2026-04-05_rep_3,OS291,14:10:00,-9.0,14:10:00,14:15:00,A43 ,3.0,14.0,0.19,2.02,5.0,7.2
2026-04-05_rep_3,OS295,21:50:00,-12.0,21:48:00,21:50:00,A43 ,26.0,15.0,2.03,1.62,2.0,5.64
2026-04-05_rep_3,OU4456,00:56:00,-3.0,01:10:00,01:11:00,A53 ,25.0,23.0,1.87,1.3,1.0,4.16
2026-04-05_rep_3,QS1002,23:49:00,-5.0,23:55:00,23:56:00,A65 ,27.0,15.0,1.88,1.67,1.0,4.55
2026-04-05_rep_3,RJ141,20:23:00,16.0,20:53:00,21:17:00,B5  A,214.0,22.0,14.53,1.31,24.0,39.84
2026-04-05_rep_3,RO373,23:54:00,21.0,00:26:00,00:28:00,A48 ,35.0,20.0,2.67,1.52,2.0,6.19
2026-04-05_rep_3,SK1593,19:44:00,-4.0,19:53:00,19:55:00,A47 ,27.0,22.0,1.98,1.62,2.0,5.6
2026-04-05_rep_3,SK1595,23:36:00,-8.0,23:39:00,23:41:00,A57 ,16.0,17.0,1.39,1.34,2.0,4.74
2026-04-05_rep_3,SK2591,01:46:00,5.0,02:01:00,02:02:00,A59 ,33.0,16.0,2.17,2.07,1.0,5.24
2026-04-05_rep_3,SK4745,23:24:00,-5.0,23:35:00,23:39:00,A51 ,71.0,20.0,5.0,1.61,4.0,10.62
2026-04-05_rep_3,SK589,15:22:00,4.0,15:34:00,15:36:00,A46 ,27.0,15.0,1.72,1.57,2.0,5.3
2026-04-05_rep_3,SK597,00:55:00,-10.0,00:58:00,01:06:00,A51 ,10.0,18.0,0.71,1.59,8.0,10.3
2026-04-05_rep_3,SN1122,08:39:00,29.0,09:20:00,09:21:00,B40 A,13.0,16.0,1.09,0.1,1.0,2.19
2026-04-05_rep_3,SN1124,07:10:00,9.0,07:32:00,07:48:00,B30 A,138.0,18.0,10.23,0.1,16.0,26.33
2026-04-05_rep_3,SN1652,22:27:00,-9.0,22:42:00,22:44:00,A54 ,22.0,31.0,1.62,1.55,2.0,5.17
2026-04-05_rep_3,SN206,10:25:00,5.0,10:47:00,11:32:00,B38 A,320.0,22.0,21.21,0.09,45.0,66.3
2026-04-05_rep_3,SN2064,20:31:00,-5.0,20:38:00,20:41:00,B29 A,61.0,23.0,4.56,0.12,3.0,7.67
2026-04-05_rep_3,SN2094,18:20:00,-5.0,18:39:00,18:43:00,B28 A,81.0,29.0,6.76,0.11,4.0,10.87
2026-04-05_rep_3,SN2096,01:04:00,-17.0,01:06:00,01:09:00,B30 A,55.0,23.0,4.5,0.08,3.0,7.58
2026-04-05_rep_3,SN2104,13:59:00,-11.0,14:06:00,14:17:00,B9  A,10.0,22.0,0.79,2.03,11.0,13.83
2026-04-05_rep_3,SN2258,18:29:00,-8.0,18:39:00,18:42:00,A58 ,34.0,22.0,3.61,1.71,3.0,8.32
2026-04-05_rep_3,SN2260,00:48:00,-13.0,00:51:00,00:55:00,A50 ,27.0,19.0,1.99,1.47,4.0,7.46
2026-04-05_rep_3,SN2268,13:31:00,-3.0,13:46:00,13:48:00,A53 ,4.0,24.0,0.29,2.21,2.0,4.5
2026-04-05_rep_3,SN2284,01:08:00,1.0,01:27:00,01:29:00,A46 ,10.0,21.0,0.8,1.38,2.0,4.19
2026-04-05_rep_3,SN229,10:04:00,22.0,10:41:00,11:10:00,B31 A,120.0,19.0,10.02,0.12,29.0,39.14
2026-04-05_rep_3,SN2294,00:55:00,-5.0,01:01:00,01:03:00,A55 ,34.0,16.0,3.58,2.01,2.0,7.59
2026-04-05_rep_3,SN2372,01:28:00,-9.0,01:33:00,01:36:00,A54 ,24.0,17.0,1.64,1.92,3.0,6.56
2026-04-05_rep_3,SN2548,01:20:00,-11.0,01:25:00,01:27:00,A47 ,32.0,21.0,2.81,1.38,2.0,6.19
2026-04-05_rep_3,SN2556,01:14:00,-13.0,01:09:00,01:12:00,A60 ,28.0,12.0,2.85,1.64,3.0,7.49
2026-04-05_rep_3,SN2582,18:08:00,-12.0,18:11:00,18:12:00,A48 ,15.0,18.0,1.09,1.08,1.0,3.17
2026-04-05_rep_3,SN2588,01:16:00,-8.0,01:20:00,01:21:00,A56 ,24.0,18.0,1.51,1.49,1.0,4.0
2026-04-05_rep_3,SN2590,03:18:00,-12.0,03:15:00,03:16:00,A62 ,14.0,12.0,1.31,1.57,1.0,3.88
2026-04-05_rep_3,SN2592,13:27:00,-13.0,13:32:00,13:34:00,A42 ,1.0,25.0,0.09,1.49,2.0,3.57
2026-04-05_rep_3,SN2608,15:18:00,-18.0,15:17:00,15:19:00,A42 ,26.0,25.0,2.12,1.51,2.0,5.63
2026-04-05_rep_3,SN2610,17:48:00,-4.0,18:11:00,18:13:00,A50 ,46.0,30.0,2.9,1.8,2.0,6.7
2026-04-05_rep_3,SN2614,22:39:00,-13.0,22:38:00,22:40:00,A40 ,50.0,21.0,3.49,2.04,2.0,7.53
2026-04-05_rep_3,SN2618,03:42:00,-17.0,03:36:00,03:38:00,A64 ,32.0,18.0,2.46,1.89,2.0,6.35
2026-04-05_rep_3,SN2644,18:13:00,-6.0,18:18:00,18:21:00,A46 ,38.0,14.0,2.93,2.03,3.0,7.96
2026-04-05_rep_3,SN2646,21:23:00,0.0,21:36:00,21:40:00,A44 ,36.0,21.0,2.8,1.7,4.0,8.49
2026-04-05_rep_3,SN2650,01:02:00,0.0,01:13:00,01:16:00,A58 ,40.0,18.0,3.36,1.54,3.0,7.91
2026-04-05_rep_3,SN2652,04:02:00,-13.0,04:01:00,04:03:00,A60 ,21.0,19.0,1.66,1.33,2.0,4.99
2026-04-05_rep_3,SN2712,14:39:00,-10.0,14:54:00,14:57:00,A50 ,28.0,29.0,2.04,1.73,3.0,6.77
2026-04-05_rep_3,SN2714,17:49:00,-1.0,18:14:00,18:16:00,A42 ,50.0,30.0,4.27,1.56,2.0,7.84
2026-04-05_rep_3,SN2722,23:38:00,-6.0,23:56:00,00:01:00,A44 ,93.0,32.0,6.49,1.68,5.0,13.17
2026-04-05_rep_3,SN2724,03:38:00,14.0,04:16:00,04:17:00,A46 ,77.0,32.0,6.34,1.92,1.0,9.26
2026-04-05_rep_3,SN2726,13:23:00,0.0,13:41:00,13:51:00,A40 ,9.0,21.0,0.77,1.91,10.0,12.68
2026-04-05_rep_3,SN278,10:45:00,-3.0,11:04:00,11:16:00,B28 A,198.0,27.0,15.58,0.09,12.0,27.67
2026-04-05_rep_3,SN2812,01:23:00,8.0,01:46:00,01:48:00,A48 ,22.0,23.0,2.15,2.2,2.0,6.35
2026-04-05_rep_3,SN2826,01:10:00,-16.0,01:06:00,01:07:00,A66 ,26.0,17.0,1.81,2.18,1.0,4.98
2026-04-05_rep_3,SN2900,08:46:00,-13.0,08:58:00,09:02:00,B14 A,79.0,31.0,7.0,0.08,4.0,11.08
2026-04-05_rep_3,SN2902,16:15:00,2.0,16:29:00,16:31:00,A52 ,25.0,22.0,2.9,1.39,2.0,6.28
2026-04-05_rep_3,SN2906,01:02:00,5.0,01:21:00,01:24:00,A62 ,53.0,21.0,4.2,1.36,3.0,8.56
2026-04-05_rep_3,SN3126,23:02:00,6.0,23:22:00,23:23:00,A56 ,18.0,21.0,1.24,1.77,1.0,4.01
2026-04-05_rep_3,SN3132,23:27:00,-8.0,23:36:00,23:38:00,A42 ,36.0,24.0,3.14,1.38,2.0,6.53
2026-04-05_rep_3,SN3140,19:10:00,-15.0,19:09:00,19:10:00,A61 ,29.0,19.0,1.85,1.39,1.0,4.24
2026-04-05_rep_3,SN3154,15:18:00,3.0,15:38:00,15:41:00,A40 ,3.0,25.0,0.24,1.54,3.0,4.77
2026-04-05_rep_3,SN3160,04:22:00,-11.0,04:23:00,04:25:00,A44 ,23.0,19.0,1.38,1.84,2.0,5.22
2026-04-05_rep_3,SN3170,20:24:00,-2.0,20:45:00,20:48:00,A56 ,61.0,27.0,4.39,1.75,3.0,9.14
2026-04-05_rep_3,SN3182,01:26:00,-9.0,01:28:00,01:31:00,A45 ,45.0,17.0,3.61,1.49,3.0,8.1
2026-04-05_rep_3,SN3184,04:22:00,-6.0,04:46:00,04:49:00,A68 ,74.0,37.0,5.74,1.59,3.0,10.33
2026-04-05_rep_3,SN3202,19:24:00,-25.0,19:20:00,19:22:00,A52 ,41.0,25.0,3.08,1.52,2.0,6.6
2026-04-05_rep_3,SN3246,21:08:00,-14.0,21:15:00,21:17:00,A48 ,55.0,24.0,5.17,2.41,2.0,9.58
2026-04-05_rep_3,SN3256,21:04:00,-15.0,21:00:00,21:02:00,A58 ,6.0,15.0,0.44,1.38,2.0,3.82
2026-04-05_rep_3,SN3326,07:45:00,20.0,08:16:00,08:36:00,B28 A,123.0,16.0,11.86,0.09,20.0,31.95
2026-04-05_rep_3,SN3344,19:19:00,107.0,21:24:00,21:26:00,A46 ,16.0,22.0,1.15,2.15,2.0,5.3
2026-04-05_rep_3,SN358,11:21:00,8.0,11:42:00,12:06:00,B14 A,177.0,19.0,14.25,0.11,24.0,38.36
2026-04-05_rep_3,SN3588,19:38:00,5.0,20:04:00,20:05:00,A62 ,20.0,24.0,1.79,1.55,1.0,4.33
2026-04-05_rep_3,SN3598,20:19:00,-18.0,20:22:00,20:24:00,A63 ,48.0,25.0,3.1,1.64,2.0,6.75
2026-04-05_rep_3,SN3618,20:04:00,-10.0,20:20:00,20:21:00,A46 ,45.0,30.0,3.73,1.97,1.0,6.7
2026-04-05_rep_3,SN3622,23:19:00,-6.0,23:29:00,23:31:00,A58 ,33.0,25.0,2.59,1.38,2.0,5.97
2026-04-05_rep_3,SN3632,14:37:00,0.0,14:55:00,15:08:00,A60 ,4.0,25.0,0.34,2.12,13.0,15.47
2026-04-05_rep_3,SN3634,16:02:00,16.0,16:37:00,16:49:00,A58 ,5.0,26.0,0.35,1.93,12.0,14.28
2026-04-05_rep_3,SN3698,19:33:00,13.0,20:02:00,20:03:00,A44 ,21.0,19.0,1.69,1.81,1.0,4.5
2026-04-05_rep_3,SN3704,22:18:00,19.0,22:59:00,23:02:00,A50 ,61.0,25.0,4.38,2.35,3.0,9.73
2026-04-05_rep_3,SN3706,04:33:00,7.0,04:57:00,04:58:00,A50 ,35.0,25.0,2.49,1.77,1.0,5.26
2026-04-05_rep_3,SN3712,19:04:00,-8.0,19:15:00,19:18:00,A56 ,64.0,23.0,4.53,1.95,3.0,9.48
2026-04-05_rep_3,SN3722,19:59:00,3.0,20:16:00,20:17:00,A42 ,29.0,18.0,1.93,1.68,1.0,4.61
2026-04-05_rep_3,SN3728,00:58:00,-2.0,01:17:00,01:19:00,A68 ,42.0,24.0,3.32,1.77,2.0,7.09
2026-04-05_rep_3,SN3730,04:17:00,20.0,04:55:00,04:56:00,A58 ,20.0,25.0,1.64,1.35,1.0,3.98
2026-04-05_rep_3,SN3734,17:53:00,-12.0,18:09:00,18:10:00,A40 ,46.0,31.0,4.17,1.97,1.0,7.14
2026-04-05_rep_3,SN3736,23:29:00,34.0,00:30:00,00:33:00,A52 ,67.0,31.0,4.24,1.73,3.0,8.97
2026-04-05_rep_3,SN3738,04:39:00,-8.0,06:06:00,06:11:00,A42 ,43.0,104.0,3.07,1.96,5.0,10.03
2026-04-05_rep_3,SN3752,18:43:00,5.0,19:09:00,19:12:00,A54 ,37.0,24.0,2.44,1.67,3.0,7.11
2026-04-05_rep_3,SN3772,16:42:00,-1.0,17:01:00,17:03:00,A44 ,59.0,27.0,3.75,1.63,2.0,7.38
2026-04-05_rep_3,SN3774,03:44:00,6.0,04:19:00,04:23:00,A52 ,84.0,33.0,7.73,1.64,4.0,13.37
2026-04-05_rep_3,SN3776,19:54:00,-13.0,20:07:00,20:09:00,A40 ,42.0,30.0,3.26,1.54,2.0,6.79
2026-04-05_rep_3,SN3780,20:58:00,-16.0,21:05:00,21:09:00,A52 ,73.0,26.0,4.42,1.7,4.0,10.12
2026-04-05_rep_3,SN3782,04:38:00,4.0,06:03:00,06:09:00,A40 ,119.0,89.0,8.2,1.71,6.0,15.91
2026-04-05_rep_3,SN3784,22:10:00,-9.0,22:24:00,22:28:00,A59 ,84.0,28.0,7.92,1.32,4.0,13.24
2026-04-05_rep_3,SN3788,05:12:00,-89.0,05:03:00,05:08:00,A40 ,82.0,87.0,4.86,1.48,5.0,11.35
2026-04-05_rep_3,SN379,10:10:00,53.0,11:42:00,12:19:00,B29 A,161.0,44.0,14.32,0.08,37.0,51.41
2026-04-05_rep_3,SN3800,06:15:00,1.0,06:28:00,06:30:00,A65 ,27.0,17.0,2.64,1.57,2.0,6.21
2026-04-05_rep_3,SN3802,20:24:00,-12.0,20:38:00,20:41:00,A54 ,60.0,30.0,3.6,1.42,3.0,8.02
2026-04-05_rep_3,SN3810,01:16:00,-1.0,01:35:00,01:37:00,A44 ,55.0,26.0,5.97,1.92,2.0,9.9
2026-04-05_rep_3,SN3812,21:22:00,-2.0,21:36:00,21:41:00,A60 ,78.0,23.0,7.2,1.96,5.0,14.15
2026-04-05_rep_3,SN3820,04:47:00,4.0,06:16:00,06:18:00,A56 ,78.0,92.0,7.21,1.31,2.0,10.52
2026-04-05_rep_3,TB1112,17:05:00,-4.0,17:19:00,17:21:00,A47 ,74.0,23.0,6.53,1.52,2.0,10.05
2026-04-05_rep_3,TB1114,02:00:00,11.0,02:24:00,02:26:00,A61 ,67.0,18.0,4.03,1.73,2.0,7.76
2026-04-05_rep_3,TB1417,18:07:00,-10.0,18:12:00,18:16:00,A51 ,90.0,22.0,8.52,1.6,4.0,14.13
2026-04-05_rep_3,TB1552,07:47:00,-4.0,07:55:00,07:59:00,A68 ,66.0,19.0,5.13,1.65,4.0,10.78
2026-04-05_rep_3,TB1554,03:41:00,4.0,04:09:00,04:13:00,A65 ,102.0,30.0,11.02,1.72,4.0,16.73
2026-04-05_rep_3,TB1752,04:44:00,-1.0,06:03:00,06:08:00,A63 ,117.0,84.0,10.73,1.54,5.0,17.27
2026-04-05_rep_3,TB1754,20:55:00,-2.0,05:29:00,05:36:00,A70 ,35.0,526.0,2.42,1.5,7.0,10.92
2026-04-05_rep_3,TB2045,02:13:00,-32.0,01:55:00,02:03:00,B34 A,162.0,22.0,13.5,0.1,8.0,21.6
2026-04-05_rep_3,TB2502,19:50:00,128.0,22:27:00,22:34:00,B40 A,169.0,34.0,12.49,0.1,7.0,19.59
2026-04-05_rep_3,TB2632,09:29:00,-20.0,09:35:00,09:44:00,B9  A,114.0,30.0,11.93,1.61,9.0,22.54
2026-04-05_rep_3,TB2662,09:15:00,-11.0,09:22:00,09:30:00,B34 A,90.0,23.0,6.09,0.14,8.0,14.22
2026-04-05_rep_3,TB2711,03:14:00,-21.0,03:08:00,03:16:00,B9  A,39.0,19.0,4.05,1.52,8.0,13.56
2026-04-05_rep_3,TB3016,00:18:00,-11.0,00:26:00,00:31:00,B29 A,128.0,22.0,12.81,0.1,5.0,17.91
2026-04-05_rep_3,TB3102,05:44:00,12.0,06:14:00,06:21:00,B17 A,101.0,22.0,6.36,0.07,7.0,13.43
2026-04-05_rep_3,TG934,12:22:00,4.0,12:46:00,13:15:00,B34 A,260.0,27.0,16.09,0.08,29.0,45.18
2026-04-05_rep_3,TK1937,15:18:00,-11.0,15:21:00,15:40:00,B7  A,144.0,22.0,11.03,1.59,19.0,31.62
2026-04-05_rep_3,TK1939,23:02:00,-15.0,23:01:00,23:19:00,B14 A,174.0,21.0,15.74,0.11,18.0,33.85
2026-04-05_rep_3,TK1941,02:31:00,-2.0,02:46:00,03:09:00,B7  A,137.0,23.0,16.02,1.42,23.0,40.44
2026-04-05_rep_3,TK1943,18:30:00,-13.0,18:33:00,18:44:00,B15 A,96.0,21.0,7.96,0.1,11.0,19.06
2026-04-05_rep_3,TK1945,20:25:00,-4.0,20:41:00,20:55:00,B14 A,98.0,30.0,10.64,0.12,14.0,24.76
2026-04-05_rep_3,TP640,16:06:00,-17.0,16:09:00,16:12:00,A45 ,66.0,26.0,4.19,1.53,3.0,8.72
2026-04-05_rep_3,TP642,20:13:00,-18.0,20:11:00,20:17:00,A53 ,121.0,24.0,10.68,1.5,6.0,18.18
2026-04-05_rep_3,TP644,01:11:00,-6.0,01:22:00,01:24:00,A57 ,21.0,23.0,2.01,1.52,2.0,5.53
2026-04-05_rep_3,TP646,05:04:00,-6.0,06:10:00,06:38:00,A45 ,102.0,81.0,9.51,1.96,28.0,39.47
2026-04-05_rep_3,TU954,16:31:00,-9.0,16:40:00,16:47:00,B30 A,120.0,24.0,9.43,0.1,7.0,16.53
2026-04-05_rep_3,UA950,12:20:00,-22.0,12:14:00,12:42:00,B37 A,127.0,21.0,10.85,0.1,28.0,38.95
2026-04-05_rep_3,UA972,14:05:00,-28.0,14:03:00,14:40:00,B40 A,141.0,31.0,9.81,0.09,37.0,46.9
2026-04-05_rep_3,UA994,12:51:00,-16.0,12:54:00,13:24:00,B38 A,109.0,25.0,6.58,0.11,30.0,36.7
2026-04-05_rep_3,UX1171,14:49:00,-23.0,14:45:00,14:49:00,A59 ,52.0,23.0,3.84,1.17,4.0,9.01
2026-04-05_rep_3,UX1173,22:46:00,-3.0,22:58:00,23:01:00,A47 ,68.0,21.0,5.69,1.55,3.0,10.24
2026-04-05_rep_3,VF65,16:20:00,77.0,17:59:00,18:19:00,B29 A,126.0,27.0,7.5,0.09,20.0,27.59
2026-04-05_rep_3,VF67,21:50:00,21.0,22:30:00,22:37:00,B30 A,187.0,24.0,16.68,0.11,7.0,23.78
2026-04-05_rep_3,VY1332,18:01:00,26.0,18:35:00,18:36:00,A45 ,23.0,14.0,1.96,1.5,1.0,4.46
2026-04-05_rep_3,VY2150,02:06:00,-11.0,02:17:00,02:18:00,A53 ,52.0,28.0,4.52,1.36,1.0,6.88
2026-04-05_rep_3,VY3650,22:50:00,-23.0,22:48:00,22:51:00,A53 ,62.0,26.0,4.78,1.72,3.0,9.5
2026-04-05_rep_3,VY8978,15:22:00,-13.0,15:19:00,15:20:00,A43 ,21.0,17.0,1.45,1.35,1.0,3.81
2026-04-05_rep_3,VY8980,15:00:00,-16.0,14:51:00,14:53:00,A47 ,13.0,12.0,1.31,1.86,2.0,5.18
2026-04-05_rep_3,VY8982,22:31:00,-5.0,22:43:00,22:46:00,A45 ,55.0,23.0,4.69,1.46,3.0,9.15
2026-04-05_rep_3,VY8984,02:05:00,-9.0,02:10:00,02:11:00,A51 ,40.0,19.0,3.8,2.07,1.0,6.87
2026-04-05_rep_3,VY8986,19:39:00,-5.0,19:44:00,19:45:00,A45 ,27.0,19.0,1.87,1.4,1.0,4.27
2026-04-05_rep_3,XR5402,07:46:00,70.0,09:23:00,09:26:00,B5  A,88.0,33.0,8.53,2.09,3.0,13.62
2026-04-05_rep_4,A34382,14:50:00,-18.0,14:52:00,15:11:00,A57 ,185.0,25.0,17.31,1.63,19.0,37.94
2026-04-05_rep_4,AC832,12:18:00,-40.0,11:54:00,12:17:00,B30 A,100.0,24.0,8.2,0.08,23.0,31.28
2026-04-05_rep_4,AY1541,15:41:00,-7.0,15:46:00,15:48:00,A51 ,58.0,18.0,5.46,2.25,2.0,9.71
2026-04-05_rep_4,AY1545,23:27:00,0.0,23:37:00,23:38:00,A43 ,27.0,17.0,2.71,1.68,1.0,5.38
2026-04-05_rep_4,AY1549,03:41:00,18.0,04:08:00,04:09:00,A49 ,19.0,15.0,1.49,1.66,1.0,4.15
2026-04-05_rep_4,AZ154,00:11:00,-23.0,23:58:00,00:00:00,A64 ,17.0,16.0,1.83,1.72,2.0,5.55
2026-04-05_rep_4,AZ156,15:51:00,-11.0,15:56:00,16:02:00,A54 ,36.0,22.0,2.12,1.4,6.0,9.53
2026-04-05_rep_4,AZ160,23:04:00,-4.0,23:12:00,23:16:00,A62 ,40.0,16.0,3.45,1.59,4.0,9.04
2026-04-05_rep_4,BA384,14:54:00,-17.0,14:47:00,14:50:00,B29 A,23.0,14.0,1.64,0.1,3.0,4.74
2026-04-05_rep_4,BA386,19:26:00,-21.0,19:20:00,19:23:00,B7  A,110.0,21.0,8.16,1.76,3.0,12.91
2026-04-05_rep_4,BA390,01:00:00,-4.0,01:12:00,01:14:00,B9  A,60.0,21.0,4.17,1.8,2.0,7.98
2026-04-05_rep_4,BT853,01:05:00,-7.0,01:10:00,01:11:00,A69 ,1.0,17.0,0.09,1.63,1.0,2.72
2026-04-05_rep_4,EI630,14:48:00,-27.0,14:36:00,14:42:00,B27 A,99.0,23.0,7.05,0.11,6.0,13.17
2026-04-05_rep_4,EI638,01:50:00,-14.0,01:49:00,01:52:00,B11 A,88.0,18.0,7.46,0.1,3.0,10.56
2026-04-05_rep_4,EK181,00:35:00,6.0,00:55:00,01:26:00,B31 A,213.0,19.0,17.55,0.11,31.0,48.66
2026-04-05_rep_4,ET750,12:10:00,3.0,12:32:00,13:13:00,B29 A,422.0,24.0,16.8,4.8,41.0,62.6
2026-04-05_rep_4,EY57,13:10:00,15.0,13:43:00,14:19:00,B5  A,244.0,28.0,18.89,1.67,36.0,56.56
2026-04-05_rep_4,FB407,00:50:00,-4.0,00:55:00,00:57:00,A49 ,30.0,14.0,2.37,1.58,2.0,5.95
2026-04-05_rep_4,FH8116,06:35:00,-35.0,06:07:00,06:09:00,B15 A,22.0,12.0,1.67,0.12,2.0,3.79
2026-04-05_rep_4,FI554,18:04:00,-13.0,18:18:00,18:21:00,A43 ,80.0,36.0,7.72,2.19,3.0,12.91
2026-04-05_rep_4,GQ800,00:01:00,-12.0,00:07:00,00:09:00,A67 ,64.0,24.0,5.06,1.84,2.0,8.9
2026-04-05_rep_4,IB1301,00:05:00,-23.0,23:55:00,23:56:00,A61 ,38.0,18.0,3.93,1.71,1.0,6.64
2026-04-05_rep_4,IB597,16:31:00,-17.0,16:23:00,16:26:00,A43 ,83.0,15.0,8.19,2.04,3.0,13.23
2026-04-05_rep_4,IB603,03:36:00,-8.0,03:39:00,03:42:00,A47 ,77.0,17.0,5.46,2.15,3.0,10.61
2026-04-05_rep_4,KM420,00:20:00,-6.0,00:27:00,00:30:00,A59 ,54.0,18.0,4.79,1.27,3.0,9.05
2026-04-05_rep_4,LH1004,12:50:00,0.0,13:03:00,13:30:00,A43 ,40.0,18.0,2.67,1.91,27.0,31.59
2026-04-05_rep_4,LO231,03:41:00,2.0,04:00:00,04:01:00,A53 ,13.0,23.0,1.34,2.15,1.0,4.49
2026-04-05_rep_4,LO233,23:48:00,-8.0,23:58:00,00:01:00,A46 ,31.0,26.0,2.67,1.49,3.0,7.16
2026-04-05_rep_4,LO235,14:32:00,-16.0,14:28:00,14:30:00,A56 ,37.0,19.0,2.49,2.52,2.0,7.0
2026-04-05_rep_4,LX780,19:22:00,-3.0,19:34:00,19:35:00,A43 ,42.0,22.0,3.18,1.63,1.0,5.81
2026-04-05_rep_4,LX786,13:55:00,-21.0,13:56:00,14:01:00,A45 ,45.0,27.0,3.33,1.91,5.0,10.24
2026-04-05_rep_4,LX788,23:40:00,12.0,00:07:00,00:26:00,A45 ,52.0,20.0,3.95,1.84,19.0,24.78
2026-04-05_rep_4,MS725,20:22:00,-9.0,20:31:00,20:39:00,B9  A,172.0,25.0,18.0,1.49,8.0,27.48
2026-04-05_rep_4,OS291,14:10:00,-9.0,14:10:00,14:15:00,A43 ,3.0,14.0,0.24,1.6,5.0,6.85
2026-04-05_rep_4,OS295,21:50:00,-12.0,21:48:00,21:50:00,A43 ,26.0,15.0,2.55,1.92,2.0,6.47
2026-04-05_rep_4,OU4456,00:56:00,-3.0,01:10:00,01:11:00,A53 ,25.0,23.0,1.76,2.42,1.0,5.18
2026-04-05_rep_4,QS1002,23:49:00,-5.0,23:55:00,23:56:00,A65 ,27.0,15.0,2.17,1.62,1.0,4.79
2026-04-05_rep_4,RJ141,20:23:00,16.0,20:53:00,21:17:00,B5  A,214.0,22.0,17.65,1.46,24.0,43.11
2026-04-05_rep_4,RO373,23:54:00,21.0,00:26:00,00:28:00,A48 ,35.0,20.0,2.92,1.55,2.0,6.47
2026-04-05_rep_4,SK1593,19:44:00,-4.0,19:53:00,19:55:00,A47 ,27.0,22.0,1.62,1.35,2.0,4.97
2026-04-05_rep_4,SK1595,23:36:00,-8.0,23:39:00,23:41:00,A57 ,16.0,17.0,1.04,1.68,2.0,4.71
2026-04-05_rep_4,SK2591,01:46:00,5.0,02:01:00,02:02:00,A59 ,33.0,16.0,2.22,1.6,1.0,4.83
2026-04-05_rep_4,SK4745,23:24:00,-5.0,23:35:00,23:39:00,A51 ,71.0,20.0,5.62,2.0,4.0,11.62
2026-04-05_rep_4,SK589,15:22:00,4.0,15:34:00,15:36:00,A46 ,27.0,15.0,1.85,1.64,2.0,5.49
2026-04-05_rep_4,SK597,00:55:00,-10.0,00:58:00,01:06:00,A51 ,10.0,18.0,0.81,1.56,8.0,10.37
2026-04-05_rep_4,SN1122,08:39:00,29.0,09:20:00,09:21:00,B40 A,13.0,16.0,1.2,0.1,1.0,2.3
2026-04-05_rep_4,SN1124,07:10:00,9.0,07:32:00,07:48:00,B30 A,138.0,18.0,11.17,0.07,16.0,27.24
2026-04-05_rep_4,SN1652,22:27:00,-9.0,22:42:00,22:44:00,A54 ,22.0,31.0,1.92,1.88,2.0,5.8
2026-04-05_rep_4,SN206,10:25:00,5.0,10:47:00,11:32:00,B38 A,320.0,22.0,19.28,0.1,45.0,64.38
2026-04-05_rep_4,SN2064,20:31:00,-5.0,20:38:00,20:41:00,B29 A,61.0,23.0,4.94,0.1,3.0,8.04
2026-04-05_rep_4,SN2094,18:20:00,-5.0,18:39:00,18:43:00,B28 A,81.0,29.0,9.62,0.13,4.0,13.74
2026-04-05_rep_4,SN2096,01:04:00,-17.0,01:06:00,01:09:00,B30 A,55.0,23.0,3.67,0.12,3.0,6.79
2026-04-05_rep_4,SN2104,13:59:00,-11.0,14:06:00,14:17:00,B9  A,10.0,22.0,1.01,1.39,11.0,13.4
2026-04-05_rep_4,SN2258,18:29:00,-8.0,18:39:00,18:42:00,A58 ,34.0,22.0,2.54,1.29,3.0,6.83
2026-04-05_rep_4,SN2260,00:48:00,-13.0,00:51:00,00:55:00,A50 ,27.0,19.0,2.41,1.9,4.0,8.31
2026-04-05_rep_4,SN2268,13:31:00,-3.0,13:46:00,13:48:00,A53 ,4.0,24.0,0.32,1.53,2.0,3.85
2026-04-05_rep_4,SN2284,01:08:00,1.0,01:27:00,01:29:00,A46 ,10.0,21.0,0.91,1.5,2.0,4.41
2026-04-05_rep_4,SN229,10:04:00,22.0,10:41:00,11:10:00,B31 A,120.0,19.0,11.28,0.11,29.0,40.39
2026-04-05_rep_4,SN2294,00:55:00,-5.0,01:01:00,01:03:00,A55 ,34.0,16.0,3.87,1.83,2.0,7.7
2026-04-05_rep_4,SN2372,01:28:00,-9.0,01:33:00,01:36:00,A54 ,24.0,17.0,2.12,1.91,3.0,7.03
2026-04-05_rep_4,SN2548,01:20:00,-11.0,01:25:00,01:27:00,A47 ,32.0,21.0,2.33,2.21,2.0,6.53
2026-04-05_rep_4,SN2556,01:14:00,-13.0,01:09:00,01:12:00,A60 ,28.0,12.0,2.92,1.91,3.0,7.83
2026-04-05_rep_4,SN2582,18:08:00,-12.0,18:11:00,18:12:00,A48 ,15.0,18.0,1.3,1.59,1.0,3.89
2026-04-05_rep_4,SN2588,01:16:00,-8.0,01:20:00,01:21:00,A56 ,24.0,18.0,2.52,1.97,1.0,5.5
2026-04-05_rep_4,SN2590,03:18:00,-12.0,03:15:00,03:16:00,A62 ,14.0,12.0,1.05,2.08,1.0,4.13
2026-04-05_rep_4,SN2592,13:27:00,-13.0,13:32:00,13:34:00,A42 ,1.0,25.0,0.06,1.3,2.0,3.37
2026-04-05_rep_4,SN2608,15:18:00,-18.0,15:17:00,15:19:00,A42 ,26.0,25.0,1.97,1.51,2.0,5.47
2026-04-05_rep_4,SN2610,17:48:00,-4.0,18:11:00,18:13:00,A50 ,46.0,30.0,3.1,1.64,2.0,6.74
2026-04-05_rep_4,SN2614,22:39:00,-13.0,22:38:00,22:40:00,A40 ,50.0,21.0,4.41,1.05,2.0,7.46
2026-04-05_rep_4,SN2618,03:42:00,-17.0,03:36:00,03:38:00,A64 ,32.0,18.0,3.63,1.8,2.0,7.44
2026-04-05_rep_4,SN2644,18:13:00,-6.0,18:18:00,18:21:00,A46 ,38.0,14.0,2.75,1.81,3.0,7.56
2026-04-05_rep_4,SN2646,21:23:00,0.0,21:36:00,21:40:00,A44 ,36.0,21.0,3.21,1.69,4.0,8.9
2026-04-05_rep_4,SN2650,01:02:00,0.0,01:13:00,01:16:00,A58 ,40.0,18.0,3.12,1.48,3.0,7.6
2026-04-05_rep_4,SN2652,04:02:00,-13.0,04:01:00,04:03:00,A60 ,21.0,19.0,1.87,1.47,2.0,5.34
2026-04-05_rep_4,SN2712,14:39:00,-10.0,14:54:00,14:57:00,A50 ,28.0,29.0,2.45,1.78,3.0,7.23
2026-04-05_rep_4,SN2714,17:49:00,-1.0,18:14:00,18:16:00,A42 ,50.0,30.0,5.73,1.52,2.0,9.25
2026-04-05_rep_4,SN2722,23:38:00,-6.0,23:56:00,00:01:00,A44 ,93.0,32.0,6.87,1.83,5.0,13.71
2026-04-05_rep_4,SN2724,03:38:00,14.0,04:16:00,04:17:00,A46 ,77.0,32.0,6.74,1.43,1.0,9.17
2026-04-05_rep_4,SN2726,13:23:00,0.0,13:41:00,13:51:00,A40 ,9.0,21.0,0.74,1.48,10.0,12.22
2026-04-05_rep_4,SN278,10:45:00,-3.0,11:04:00,11:16:00,B28 A,198.0,27.0,17.71,0.1,12.0,29.81
2026-04-05_rep_4,SN2812,01:23:00,8.0,01:46:00,01:48:00,A48 ,22.0,23.0,2.21,2.04,2.0,6.25
2026-04-05_rep_4,SN2826,01:10:00,-16.0,01:06:00,01:07:00,A66 ,26.0,17.0,2.33,1.25,1.0,4.58
2026-04-05_rep_4,SN2900,08:46:00,-13.0,08:58:00,09:02:00,B14 A,79.0,31.0,5.93,0.11,4.0,10.04
2026-04-05_rep_4,SN2902,16:15:00,2.0,16:29:00,16:31:00,A52 ,25.0,22.0,2.17,1.49,2.0,5.66
2026-04-05_rep_4,SN2906,01:02:00,5.0,01:21:00,01:24:00,A62 ,53.0,21.0,3.65,2.46,3.0,9.11
2026-04-05_rep_4,SN3126,23:02:00,6.0,23:22:00,23:23:00,A56 ,18.0,21.0,1.29,1.34,1.0,3.64
2026-04-05_rep_4,SN3132,23:27:00,-8.0,23:36:00,23:38:00,A42 ,36.0,24.0,3.4,1.28,2.0,6.68
2026-04-05_rep_4,SN3140,19:10:00,-15.0,19:09:00,19:10:00,A61 ,29.0,19.0,2.23,1.51,1.0,4.74
2026-04-05_rep_4,SN3154,15:18:00,3.0,15:38:00,15:41:00,A40 ,3.0,25.0,0.25,2.14,3.0,5.39
2026-04-05_rep_4,SN3160,04:22:00,-11.0,04:23:00,04:25:00,A44 ,23.0,19.0,2.03,1.44,2.0,5.48
2026-04-05_rep_4,SN3170,20:24:00,-2.0,20:45:00,20:48:00,A56 ,61.0,27.0,4.65,1.56,3.0,9.21
2026-04-05_rep_4,SN3182,01:26:00,-9.0,01:28:00,01:31:00,A45 ,45.0,17.0,4.37,1.66,3.0,9.03
2026-04-05_rep_4,SN3184,04:22:00,-6.0,04:46:00,04:49:00,A68 ,74.0,37.0,6.27,1.57,3.0,10.85
2026-04-05_rep_4,SN3202,19:24:00,-25.0,19:20:00,19:22:00,A52 ,41.0,25.0,3.19,1.21,2.0,6.4
2026-04-05_rep_4,SN3246,21:08:00,-14.0,21:15:00,21:17:00,A48 ,55.0,24.0,3.74,1.37,2.0,7.11
2026-04-05_rep_4,SN3256,21:04:00,-15.0,21:00:00,21:02:00,A58 ,6.0,15.0,0.53,2.13,2.0,4.67
2026-04-05_rep_4,SN3326,07:45:00,20.0,08:16:00,08:36:00,B28 A,123.0,16.0,8.9,0.11,20.0,29.01
2026-04-05_rep_4,SN3344,19:19:00,107.0,21:24:00,21:26:00,A46 ,16.0,22.0,1.27,1.11,2.0,4.38
2026-04-05_rep_4,SN358,11:21:00,8.0,11:42:00,12:06:00,B14 A,177.0,19.0,12.32,0.1,24.0,36.42
2026-04-05_rep_4,SN3588,19:38:00,5.0,20:04:00,20:05:00,A62 ,20.0,24.0,1.53,1.63,1.0,4.17
2026-04-05_rep_4,SN3598,20:19:00,-18.0,20:22:00,20:24:00,A63 ,48.0,25.0,4.34,1.13,2.0,7.47
2026-04-05_rep_4,SN3618,20:04:00,-10.0,20:20:00,20:21:00,A46 ,45.0,30.0,3.2,1.68,1.0,5.88
2026-04-05_rep_4,SN3622,23:19:00,-6.0,23:29:00,23:31:00,A58 ,33.0,25.0,2.37,1.79,2.0,6.17
2026-04-05_rep_4,SN3632,14:37:00,0.0,14:55:00,15:08:00,A60 ,4.0,25.0,0.29,1.8,13.0,15.09
2026-04-05_rep_4,SN3634,16:02:00,16.0,16:37:00,16:49:00,A58 ,5.0,26.0,0.38,1.71,12.0,14.09
2026-04-05_rep_4,SN3698,19:33:00,13.0,20:02:00,20:03:00,A44 ,21.0,19.0,1.88,1.99,1.0,4.86
2026-04-05_rep_4,SN3704,22:18:00,19.0,22:59:00,23:02:00,A50 ,61.0,25.0,4.94,1.54,3.0,9.47
2026-04-05_rep_4,SN3706,04:33:00,7.0,04:57:00,04:58:00,A50 ,35.0,25.0,3.11,1.74,1.0,5.84
2026-04-05_rep_4,SN3712,19:04:00,-8.0,19:15:00,19:18:00,A56 ,64.0,23.0,5.85,1.94,3.0,10.8
2026-04-05_rep_4,SN3722,19:59:00,3.0,20:16:00,20:17:00,A42 ,29.0,18.0,2.64,1.54,1.0,5.19
2026-04-05_rep_4,SN3728,00:58:00,-2.0,01:17:00,01:19:00,A68 ,42.0,24.0,4.05,1.31,2.0,7.36
2026-04-05_rep_4,SN3730,04:17:00,20.0,04:55:00,04:56:00,A58 ,20.0,25.0,1.62,1.8,1.0,4.41
2026-04-05_rep_4,SN3734,17:53:00,-12.0,18:09:00,18:10:00,A40 ,46.0,31.0,3.63,1.47,1.0,6.1
2026-04-05_rep_4,SN3736,23:29:00,34.0,00:30:00,00:33:00,A52 ,67.0,31.0,6.15,2.16,3.0,11.31
2026-04-05_rep_4,SN3738,04:39:00,-8.0,06:06:00,06:11:00,A42 ,43.0,104.0,2.97,2.16,5.0,10.14
2026-04-05_rep_4,SN3752,18:43:00,5.0,19:09:00,19:12:00,A54 ,37.0,24.0,2.44,1.9,3.0,7.35
2026-04-05_rep_4,SN3772,16:42:00,-1.0,17:01:00,17:03:00,A44 ,59.0,27.0,4.46,1.95,2.0,8.41
2026-04-05_rep_4,SN3774,03:44:00,6.0,04:19:00,04:23:00,A52 ,84.0,33.0,6.67,1.72,4.0,12.39
2026-04-05_rep_4,SN3776,19:54:00,-13.0,20:07:00,20:09:00,A40 ,42.0,30.0,4.29,1.46,2.0,7.75
2026-04-05_rep_4,SN3780,20:58:00,-16.0,21:05:00,21:09:00,A52 ,73.0,26.0,5.98,2.06,4.0,12.04
2026-04-05_rep_4,SN3782,04:38:00,4.0,06:03:00,06:09:00,A40 ,119.0,89.0,11.88,1.5,6.0,19.38
2026-04-05_rep_4,SN3784,22:10:00,-9.0,22:24:00,22:28:00,A59 ,84.0,28.0,6.36,1.67,4.0,12.03
2026-04-05_rep_4,SN3788,05:12:00,-89.0,05:03:00,05:08:00,A40 ,82.0,87.0,7.01,2.43,5.0,14.45
2026-04-05_rep_4,SN379,10:10:00,53.0,11:42:00,12:19:00,B29 A,161.0,44.0,14.54,0.08,37.0,51.63
2026-04-05_rep_4,SN3800,06:15:00,1.0,06:28:00,06:30:00,A65 ,27.0,17.0,2.22,1.56,2.0,5.78
2026-04-05_rep_4,SN3802,20:24:00,-12.0,20:38:00,20:41:00,A54 ,60.0,30.0,4.2,1.59,3.0,8.79
2026-04-05_rep_4,SN3810,01:16:00,-1.0,01:35:00,01:37:00,A44 ,55.0,26.0,4.36,1.71,2.0,8.06
2026-04-05_rep_4,SN3812,21:22:00,-2.0,21:36:00,21:41:00,A60 ,78.0,23.0,5.14,1.67,5.0,11.82
2026-04-05_rep_4,SN3820,04:47:00,4.0,06:16:00,06:18:00,A56 ,78.0,92.0,4.8,1.43,2.0,8.23
2026-04-05_rep_4,TB1112,17:05:00,-4.0,17:19:00,17:21:00,A47 ,74.0,23.0,7.27,1.68,2.0,10.94
2026-04-05_rep_4,TB1114,02:00:00,11.0,02:24:00,02:26:00,A61 ,67.0,18.0,5.96,1.63,2.0,9.59
2026-04-05_rep_4,TB1417,18:07:00,-10.0,18:12:00,18:16:00,A51 ,90.0,22.0,6.83,1.28,4.0,12.11
2026-04-05_rep_4,TB1552,07:47:00,-4.0,07:55:00,07:59:00,A68 ,66.0,19.0,5.95,1.6,4.0,11.55
2026-04-05_rep_4,TB1554,03:41:00,4.0,04:09:00,04:13:00,A65 ,102.0,30.0,7.56,1.44,4.0,13.0
2026-04-05_rep_4,TB1752,04:44:00,-1.0,06:03:00,06:08:00,A63 ,117.0,84.0,10.92,1.77,5.0,17.69
2026-04-05_rep_4,TB1754,20:55:00,-2.0,05:29:00,05:36:00,A70 ,35.0,526.0,2.64,2.12,7.0,11.77
2026-04-05_rep_4,TB2045,02:13:00,-32.0,01:55:00,02:03:00,B34 A,162.0,22.0,13.71,0.09,8.0,21.8
2026-04-05_rep_4,TB2502,19:50:00,128.0,22:27:00,22:34:00,B40 A,169.0,34.0,14.4,0.11,7.0,21.51
2026-04-05_rep_4,TB2632,09:29:00,-20.0,09:35:00,09:44:00,B9  A,114.0,30.0,11.38,1.73,9.0,22.11
2026-04-05_rep_4,TB2662,09:15:00,-11.0,09:22:00,09:30:00,B34 A,90.0,23.0,8.06,0.12,8.0,16.17
2026-04-05_rep_4,TB2711,03:14:00,-21.0,03:08:00,03:16:00,B9  A,39.0,19.0,3.09,1.4,8.0,12.49
2026-04-05_rep_4,TB3016,00:18:00,-11.0,00:26:00,00:31:00,B29 A,128.0,22.0,10.38,0.09,5.0,15.48
2026-04-05_rep_4,TB3102,05:44:00,12.0,06:14:00,06:21:00,B17 A,101.0,22.0,11.13,0.09,7.0,18.22
2026-04-05_rep_4,TG934,12:22:00,4.0,12:46:00,13:15:00,B34 A,260.0,27.0,21.17,0.12,29.0,50.29
2026-04-05_rep_4,TK1937,15:18:00,-11.0,15:21:00,15:40:00,B7  A,144.0,22.0,10.93,1.75,19.0,31.68
2026-04-05_rep_4,TK1939,23:02:00,-15.0,23:01:00,23:19:00,B14 A,174.0,21.0,13.0,0.12,18.0,31.13
2026-04-05_rep_4,TK1941,02:31:00,-2.0,02:46:00,03:09:00,B7  A,137.0,23.0,11.28,1.39,23.0,35.67
2026-04-05_rep_4,TK1943,18:30:00,-13.0,18:33:00,18:44:00,B15 A,96.0,21.0,11.3,0.13,11.0,22.43
2026-04-05_rep_4,TK1945,20:25:00,-4.0,20:41:00,20:55:00,B14 A,98.0,30.0,7.58,0.1,14.0,21.68
2026-04-05_rep_4,TP640,16:06:00,-17.0,16:09:00,16:12:00,A45 ,66.0,26.0,6.68,1.54,3.0,11.22
2026-04-05_rep_4,TP642,20:13:00,-18.0,20:11:00,20:17:00,A53 ,121.0,24.0,8.24,1.77,6.0,16.01
2026-04-05_rep_4,TP644,01:11:00,-6.0,01:22:00,01:24:00,A57 ,21.0,23.0,1.6,1.38,2.0,4.98
2026-04-05_rep_4,TP646,05:04:00,-6.0,06:10:00,06:38:00,A45 ,102.0,81.0,8.2,1.61,28.0,37.81
2026-04-05_rep_4,TU954,16:31:00,-9.0,16:40:00,16:47:00,B30 A,120.0,24.0,10.8,0.11,7.0,17.9
2026-04-05_rep_4,UA950,12:20:00,-22.0,12:14:00,12:42:00,B37 A,127.0,21.0,12.41,0.09,28.0,40.5
2026-04-05_rep_4,UA972,14:05:00,-28.0,14:03:00,14:40:00,B40 A,141.0,31.0,9.74,0.13,37.0,46.87
2026-04-05_rep_4,UA994,12:51:00,-16.0,12:54:00,13:24:00,B38 A,109.0,25.0,12.3,0.07,30.0,42.37
2026-04-05_rep_4,UX1171,14:49:00,-23.0,14:45:00,14:49:00,A59 ,52.0,23.0,4.78,2.05,4.0,10.83
2026-04-05_rep_4,UX1173,22:46:00,-3.0,22:58:00,23:01:00,A47 ,68.0,21.0,5.27,1.54,3.0,9.81
2026-04-05_rep_4,VF65,16:20:00,77.0,17:59:00,18:19:00,B29 A,126.0,27.0,9.14,0.13,20.0,29.27
2026-04-05_rep_4,VF67,21:50:00,21.0,22:30:00,22:37:00,B30 A,187.0,24.0,13.19,0.08,7.0,20.26
2026-04-05_rep_4,VY1332,18:01:00,26.0,18:35:00,18:36:00,A45 ,23.0,14.0,1.82,2.01,1.0,4.83
2026-04-05_rep_4,VY2150,02:06:00,-11.0,02:17:00,02:18:00,A53 ,52.0,28.0,3.66,1.04,1.0,5.7
2026-04-05_rep_4,VY3650,22:50:00,-23.0,22:48:00,22:51:00,A53 ,62.0,26.0,5.75,1.2,3.0,9.95
2026-04-05_rep_4,VY8978,15:22:00,-13.0,15:19:00,15:20:00,A43 ,21.0,17.0,2.38,1.79,1.0,5.17
2026-04-05_rep_4,VY8980,15:00:00,-16.0,14:51:00,14:53:00,A47 ,13.0,12.0,1.26,2.28,2.0,5.54
2026-04-05_rep_4,VY8982,22:31:00,-5.0,22:43:00,22:46:00,A45 ,55.0,23.0,5.31,1.73,3.0,10.04
2026-04-05_rep_4,VY8984,02:05:00,-9.0,02:10:00,02:11:00,A51 ,40.0,19.0,2.93,1.58,1.0,5.51
2026-04-05_rep_4,VY8986,19:39:00,-5.0,19:44:00,19:45:00,A45 ,27.0,19.0,2.54,1.91,1.0,5.45
2026-04-05_rep_4,XR5402,07:46:00,70.0,09:23:00,09:26:00,B5  A,88.0,33.0,8.39,1.82,3.0,13.21
2026-04-05_rep_5,A34382,14:50:00,-18.0,14:52:00,15:11:00,A57 ,185.0,25.0,13.26,1.79,19.0,34.05
2026-04-05_rep_5,AC832,12:18:00,-40.0,11:54:00,12:17:00,B30 A,100.0,24.0,6.69,0.08,23.0,29.77
2026-04-05_rep_5,AY1541,15:41:00,-7.0,15:46:00,15:48:00,A51 ,58.0,18.0,4.41,1.44,2.0,7.84
2026-04-05_rep_5,AY1545,23:27:00,0.0,23:37:00,23:38:00,A43 ,27.0,17.0,1.91,1.29,1.0,4.2
2026-04-05_rep_5,AY1549,03:41:00,18.0,04:08:00,04:09:00,A49 ,19.0,15.0,1.37,1.66,1.0,4.03
2026-04-05_rep_5,AZ154,00:11:00,-23.0,23:58:00,00:00:00,A64 ,17.0,16.0,1.78,1.71,2.0,5.49
2026-04-05_rep_5,AZ156,15:51:00,-11.0,15:56:00,16:02:00,A54 ,36.0,22.0,3.08,1.64,6.0,10.72
2026-04-05_rep_5,AZ160,23:04:00,-4.0,23:12:00,23:16:00,A62 ,40.0,16.0,2.92,1.54,4.0,8.46
2026-04-05_rep_5,BA384,14:54:00,-17.0,14:47:00,14:50:00,B29 A,23.0,14.0,2.38,0.15,3.0,5.53
2026-04-05_rep_5,BA386,19:26:00,-21.0,19:20:00,19:23:00,B7  A,110.0,21.0,8.5,1.82,3.0,13.33
2026-04-05_rep_5,BA390,01:00:00,-4.0,01:12:00,01:14:00,B9  A,60.0,21.0,5.5,1.58,2.0,9.08
2026-04-05_rep_5,BT853,01:05:00,-7.0,01:10:00,01:11:00,A69 ,1.0,17.0,0.08,2.04,1.0,3.11
2026-04-05_rep_5,EI630,14:48:00,-27.0,14:36:00,14:42:00,B27 A,99.0,23.0,9.53,0.1,6.0,15.63
2026-04-05_rep_5,EI638,01:50:00,-14.0,01:49:00,01:52:00,B11 A,88.0,18.0,6.28,0.09,3.0,9.37
2026-04-05_rep_5,EK181,00:35:00,6.0,00:55:00,01:26:00,B31 A,213.0,19.0,17.61,0.09,31.0,48.7
2026-04-05_rep_5,ET750,12:10:00,3.0,12:32:00,13:13:00,B29 A,422.0,24.0,16.8,4.8,41.0,62.6
2026-04-05_rep_5,EY57,13:10:00,15.0,13:43:00,14:19:00,B5  A,244.0,28.0,20.5,1.47,36.0,57.97
2026-04-05_rep_5,FB407,00:50:00,-4.0,00:55:00,00:57:00,A49 ,30.0,14.0,2.1,1.73,2.0,5.83
2026-04-05_rep_5,FH8116,06:35:00,-35.0,06:07:00,06:09:00,B15 A,22.0,12.0,2.0,0.11,2.0,4.12
2026-04-05_rep_5,FI554,18:04:00,-13.0,18:18:00,18:21:00,A43 ,80.0,36.0,6.76,1.29,3.0,11.05
2026-04-05_rep_5,GQ800,00:01:00,-12.0,00:07:00,00:09:00,A67 ,64.0,24.0,4.24,1.8,2.0,8.04
2026-04-05_rep_5,IB1301,00:05:00,-23.0,23:55:00,23:56:00,A61 ,38.0,18.0,2.62,1.59,1.0,5.21
2026-04-05_rep_5,IB597,16:31:00,-17.0,16:23:00,16:26:00,A43 ,83.0,15.0,7.36,1.69,3.0,12.05
2026-04-05_rep_5,IB603,03:36:00,-8.0,03:39:00,03:42:00,A47 ,77.0,17.0,6.62,1.74,3.0,11.37
2026-04-05_rep_5,KM420,00:20:00,-6.0,00:27:00,00:30:00,A59 ,54.0,18.0,4.02,2.15,3.0,9.17
2026-04-05_rep_5,LH1004,12:50:00,0.0,13:03:00,13:30:00,A43 ,40.0,18.0,3.2,1.26,27.0,31.46
2026-04-05_rep_5,LO231,03:41:00,2.0,04:00:00,04:01:00,A53 ,13.0,23.0,1.02,1.51,1.0,3.53
2026-04-05_rep_5,LO233,23:48:00,-8.0,23:58:00,00:01:00,A46 ,31.0,26.0,1.88,2.04,3.0,6.91
2026-04-05_rep_5,LO235,14:32:00,-16.0,14:28:00,14:30:00,A56 ,37.0,19.0,2.4,1.53,2.0,5.93
2026-04-05_rep_5,LX780,19:22:00,-3.0,19:34:00,19:35:00,A43 ,42.0,22.0,2.82,1.56,1.0,5.38
2026-04-05_rep_5,LX786,13:55:00,-21.0,13:56:00,14:01:00,A45 ,45.0,27.0,3.33,1.47,5.0,9.81
2026-04-05_rep_5,LX788,23:40:00,12.0,00:07:00,00:26:00,A45 ,52.0,20.0,4.12,1.5,19.0,24.63
2026-04-05_rep_5,MS725,20:22:00,-9.0,20:31:00,20:39:00,B9  A,172.0,25.0,16.84,2.08,8.0,26.92
2026-04-05_rep_5,OS291,14:10:00,-9.0,14:10:00,14:15:00,A43 ,3.0,14.0,0.28,1.95,5.0,7.23
2026-04-05_rep_5,OS295,21:50:00,-12.0,21:48:00,21:50:00,A43 ,26.0,15.0,2.19,1.55,2.0,5.74
2026-04-05_rep_5,OU4456,00:56:00,-3.0,01:10:00,01:11:00,A53 ,25.0,23.0,2.17,1.62,1.0,4.79
2026-04-05_rep_5,QS1002,23:49:00,-5.0,23:55:00,23:56:00,A65 ,27.0,15.0,1.81,1.44,1.0,4.26
2026-04-05_rep_5,RJ141,20:23:00,16.0,20:53:00,21:17:00,B5  A,214.0,22.0,16.92,1.79,24.0,42.71
2026-04-05_rep_5,RO373,23:54:00,21.0,00:26:00,00:28:00,A48 ,35.0,20.0,2.31,1.51,2.0,5.83
2026-04-05_rep_5,SK1593,19:44:00,-4.0,19:53:00,19:55:00,A47 ,27.0,22.0,1.65,1.95,2.0,5.6
2026-04-05_rep_5,SK1595,23:36:00,-8.0,23:39:00,23:41:00,A57 ,16.0,17.0,1.05,1.91,2.0,4.96
2026-04-05_rep_5,SK2591,01:46:00,5.0,02:01:00,02:02:00,A59 ,33.0,16.0,2.4,1.73,1.0,5.13
2026-04-05_rep_5,SK4745,23:24:00,-5.0,23:35:00,23:39:00,A51 ,71.0,20.0,6.34,1.7,4.0,12.03
2026-04-05_rep_5,SK589,15:22:00,4.0,15:34:00,15:36:00,A46 ,27.0,15.0,2.08,1.63,2.0,5.71
2026-04-05_rep_5,SK597,00:55:00,-10.0,00:58:00,01:06:00,A51 ,10.0,18.0,0.8,2.19,8.0,10.99
2026-04-05_rep_5,SN1122,08:39:00,29.0,09:20:00,09:21:00,B40 A,13.0,16.0,0.96,0.1,1.0,2.06
2026-04-05_rep_5,SN1124,07:10:00,9.0,07:32:00,07:48:00,B30 A,138.0,18.0,9.58,0.11,16.0,25.69
2026-04-05_rep_5,SN1652,22:27:00,-9.0,22:42:00,22:44:00,A54 ,22.0,31.0,1.31,1.83,2.0,5.14
2026-04-05_rep_5,SN206,10:25:00,5.0,10:47:00,11:32:00,B38 A,320.0,22.0,21.4,0.09,45.0,66.49
2026-04-05_rep_5,SN2064,20:31:00,-5.0,20:38:00,20:41:00,B29 A,61.0,23.0,5.24,0.08,3.0,8.32
2026-04-05_rep_5,SN2094,18:20:00,-5.0,18:39:00,18:43:00,B28 A,81.0,29.0,9.37,0.11,4.0,13.48
2026-04-05_rep_5,SN2096,01:04:00,-17.0,01:06:00,01:09:00,B30 A,55.0,23.0,5.09,0.08,3.0,8.17
2026-04-05_rep_5,SN2104,13:59:00,-11.0,14:06:00,14:17:00,B9  A,10.0,22.0,0.73,1.91,11.0,13.64
2026-04-05_rep_5,SN2258,18:29:00,-8.0,18:39:00,18:42:00,A58 ,34.0,22.0,2.39,2.04,3.0,7.43
2026-04-05_rep_5,SN2260,00:48:00,-13.0,00:51:00,00:55:00,A50 ,27.0,19.0,1.93,1.43,4.0,7.36
2026-04-05_rep_5,SN2268,13:31:00,-3.0,13:46:00,13:48:00,A53 ,4.0,24.0,0.32,1.5,2.0,3.83
2026-04-05_rep_5,SN2284,01:08:00,1.0,01:27:00,01:29:00,A46 ,10.0,21.0,0.76,1.51,2.0,4.27
2026-04-05_rep_5,SN229,10:04:00,22.0,10:41:00,11:10:00,B31 A,120.0,19.0,10.27,0.06,29.0,39.34
2026-04-05_rep_5,SN2294,00:55:00,-5.0,01:01:00,01:03:00,A55 ,34.0,16.0,2.68,1.65,2.0,6.33
2026-04-05_rep_5,SN2372,01:28:00,-9.0,01:33:00,01:36:00,A54 ,24.0,17.0,1.94,1.75,3.0,6.68
2026-04-05_rep_5,SN2548,01:20:00,-11.0,01:25:00,01:27:00,A47 ,32.0,21.0,2.37,2.49,2.0,6.85
2026-04-05_rep_5,SN2556,01:14:00,-13.0,01:09:00,01:12:00,A60 ,28.0,12.0,2.25,1.67,3.0,6.92
2026-04-05_rep_5,SN2582,18:08:00,-12.0,18:11:00,18:12:00,A48 ,15.0,18.0,1.25,1.5,1.0,3.75
2026-04-05_rep_5,SN2588,01:16:00,-8.0,01:20:00,01:21:00,A56 ,24.0,18.0,2.09,2.0,1.0,5.09
2026-04-05_rep_5,SN2590,03:18:00,-12.0,03:15:00,03:16:00,A62 ,14.0,12.0,0.9,1.59,1.0,3.5
2026-04-05_rep_5,SN2592,13:27:00,-13.0,13:32:00,13:34:00,A42 ,1.0,25.0,0.08,1.5,2.0,3.58
2026-04-05_rep_5,SN2608,15:18:00,-18.0,15:17:00,15:19:00,A42 ,26.0,25.0,2.47,1.87,2.0,6.33
2026-04-05_rep_5,SN2610,17:48:00,-4.0,18:11:00,18:13:00,A50 ,46.0,30.0,3.37,1.64,2.0,7.0
2026-04-05_rep_5,SN2614,22:39:00,-13.0,22:38:00,22:40:00,A40 ,50.0,21.0,3.32,1.66,2.0,6.98
2026-04-05_rep_5,SN2618,03:42:00,-17.0,03:36:00,03:38:00,A64 ,32.0,18.0,2.28,1.77,2.0,6.05
2026-04-05_rep_5,SN2644,18:13:00,-6.0,18:18:00,18:21:00,A46 ,38.0,14.0,2.53,1.61,3.0,7.14
2026-04-05_rep_5,SN2646,21:23:00,0.0,21:36:00,21:40:00,A44 ,36.0,21.0,3.17,1.82,4.0,8.99
2026-04-05_rep_5,SN2650,01:02:00,0.0,01:13:00,01:16:00,A58 ,40.0,18.0,3.03,1.38,3.0,7.41
2026-04-05_rep_5,SN2652,04:02:00,-13.0,04:01:00,04:03:00,A60 ,21.0,19.0,1.59,1.76,2.0,5.34
2026-04-05_rep_5,SN2712,14:39:00,-10.0,14:54:00,14:57:00,A50 ,28.0,29.0,1.92,1.53,3.0,6.45
2026-04-05_rep_5,SN2714,17:49:00,-1.0,18:14:00,18:16:00,A42 ,50.0,30.0,3.85,1.55,2.0,7.4
2026-04-05_rep_5,SN2722,23:38:00,-6.0,23:56:00,00:01:00,A44 ,93.0,32.0,7.01,1.31,5.0,13.32
2026-04-05_rep_5,SN2724,03:38:00,14.0,04:16:00,04:17:00,A46 ,77.0,32.0,5.54,1.37,1.0,7.92
2026-04-05_rep_5,SN2726,13:23:00,0.0,13:41:00,13:51:00,A40 ,9.0,21.0,0.79,1.99,10.0,12.78
2026-04-05_rep_5,SN278,10:45:00,-3.0,11:04:00,11:16:00,B28 A,198.0,27.0,13.37,0.13,12.0,25.49
2026-04-05_rep_5,SN2812,01:23:00,8.0,01:46:00,01:48:00,A48 ,22.0,23.0,1.5,1.35,2.0,4.85
2026-04-05_rep_5,SN2826,01:10:00,-16.0,01:06:00,01:07:00,A66 ,26.0,17.0,1.77,1.34,1.0,4.11
2026-04-05_rep_5,SN2900,08:46:00,-13.0,08:58:00,09:02:00,B14 A,79.0,31.0,5.97,0.11,4.0,10.08
2026-04-05_rep_5,SN2902,16:15:00,2.0,16:29:00,16:31:00,A52 ,25.0,22.0,1.58,1.91,2.0,5.49
2026-04-05_rep_5,SN2906,01:02:00,5.0,01:21:00,01:24:00,A62 ,53.0,21.0,4.17,2.12,3.0,9.29
2026-04-05_rep_5,SN3126,23:02:00,6.0,23:22:00,23:23:00,A56 ,18.0,21.0,1.4,1.51,1.0,3.91
2026-04-05_rep_5,SN3132,23:27:00,-8.0,23:36:00,23:38:00,A42 ,36.0,24.0,3.14,1.22,2.0,6.37
2026-04-05_rep_5,SN3140,19:10:00,-15.0,19:09:00,19:10:00,A61 ,29.0,19.0,3.11,1.68,1.0,5.79
2026-04-05_rep_5,SN3154,15:18:00,3.0,15:38:00,15:41:00,A40 ,3.0,25.0,0.26,1.65,3.0,4.92
2026-04-05_rep_5,SN3160,04:22:00,-11.0,04:23:00,04:25:00,A44 ,23.0,19.0,2.59,1.33,2.0,5.92
2026-04-05_rep_5,SN3170,20:24:00,-2.0,20:45:00,20:48:00,A56 ,61.0,27.0,5.45,1.31,3.0,9.76
2026-04-05_rep_5,SN3182,01:26:00,-9.0,01:28:00,01:31:00,A45 ,45.0,17.0,4.57,1.26,3.0,8.83
2026-04-05_rep_5,SN3184,04:22:00,-6.0,04:46:00,04:49:00,A68 ,74.0,37.0,5.86,2.01,3.0,10.87
2026-04-05_rep_5,SN3202,19:24:00,-25.0,19:20:00,19:22:00,A52 ,41.0,25.0,2.94,1.59,2.0,6.53
2026-04-05_rep_5,SN3246,21:08:00,-14.0,21:15:00,21:17:00,A48 ,55.0,24.0,5.46,1.41,2.0,8.87
2026-04-05_rep_5,SN3256,21:04:00,-15.0,21:00:00,21:02:00,A58 ,6.0,15.0,0.55,2.2,2.0,4.75
2026-04-05_rep_5,SN3326,07:45:00,20.0,08:16:00,08:36:00,B28 A,123.0,16.0,12.04,0.1,20.0,32.14
2026-04-05_rep_5,SN3344,19:19:00,107.0,21:24:00,21:26:00,A46 ,16.0,22.0,1.09,1.59,2.0,4.68
2026-04-05_rep_5,SN358,11:21:00,8.0,11:42:00,12:06:00,B14 A,177.0,19.0,15.22,0.13,24.0,39.35
2026-04-05_rep_5,SN3588,19:38:00,5.0,20:04:00,20:05:00,A62 ,20.0,24.0,1.25,2.09,1.0,4.34
2026-04-05_rep_5,SN3598,20:19:00,-18.0,20:22:00,20:24:00,A63 ,48.0,25.0,3.1,1.51,2.0,6.61
2026-04-05_rep_5,SN3618,20:04:00,-10.0,20:20:00,20:21:00,A46 ,45.0,30.0,3.62,1.92,1.0,6.54
2026-04-05_rep_5,SN3622,23:19:00,-6.0,23:29:00,23:31:00,A58 ,33.0,25.0,2.62,1.66,2.0,6.28
2026-04-05_rep_5,SN3632,14:37:00,0.0,14:55:00,15:08:00,A60 ,4.0,25.0,0.4,1.54,13.0,14.94
2026-04-05_rep_5,SN3634,16:02:00,16.0,16:37:00,16:49:00,A58 ,5.0,26.0,0.37,1.56,12.0,13.93
2026-04-05_rep_5,SN3698,19:33:00,13.0,20:02:00,20:03:00,A44 ,21.0,19.0,2.45,1.85,1.0,5.3
2026-04-05_rep_5,SN3704,22:18:00,19.0,22:59:00,23:02:00,A50 ,61.0,25.0,4.87,1.87,3.0,9.74
2026-04-05_rep_5,SN3706,04:33:00,7.0,04:57:00,04:58:00,A50 ,35.0,25.0,2.47,1.83,1.0,5.31
2026-04-05_rep_5,SN3712,19:04:00,-8.0,19:15:00,19:18:00,A56 ,64.0,23.0,7.36,1.46,3.0,11.82
2026-04-05_rep_5,SN3722,19:59:00,3.0,20:16:00,20:17:00,A42 ,29.0,18.0,2.02,1.65,1.0,4.67
2026-04-05_rep_5,SN3728,00:58:00,-2.0,01:17:00,01:19:00,A68 ,42.0,24.0,3.0,1.42,2.0,6.42
2026-04-05_rep_5,SN3730,04:17:00,20.0,04:55:00,04:56:00,A58 ,20.0,25.0,1.41,1.69,1.0,4.1
2026-04-05_rep_5,SN3734,17:53:00,-12.0,18:09:00,18:10:00,A40 ,46.0,31.0,4.4,2.16,1.0,7.56
2026-04-05_rep_5,SN3736,23:29:00,34.0,00:30:00,00:33:00,A52 ,67.0,31.0,5.2,1.86,3.0,10.06
2026-04-05_rep_5,SN3738,04:39:00,-8.0,06:06:00,06:11:00,A42 ,43.0,104.0,2.85,1.52,5.0,9.37
2026-04-05_rep_5,SN3752,18:43:00,5.0,19:09:00,19:12:00,A54 ,37.0,24.0,2.63,2.58,3.0,8.21
2026-04-05_rep_5,SN3772,16:42:00,-1.0,17:01:00,17:03:00,A44 ,59.0,27.0,4.25,1.54,2.0,7.8
2026-04-05_rep_5,SN3774,03:44:00,6.0,04:19:00,04:23:00,A52 ,84.0,33.0,5.78,1.57,4.0,11.35
2026-04-05_rep_5,SN3776,19:54:00,-13.0,20:07:00,20:09:00,A40 ,42.0,30.0,4.06,1.84,2.0,7.9
2026-04-05_rep_5,SN3780,20:58:00,-16.0,21:05:00,21:09:00,A52 ,73.0,26.0,7.05,2.11,4.0,13.15
2026-04-05_rep_5,SN3782,04:38:00,4.0,06:03:00,06:09:00,A40 ,119.0,89.0,7.94,1.61,6.0,15.55
2026-04-05_rep_5,SN3784,22:10:00,-9.0,22:24:00,22:28:00,A59 ,84.0,28.0,5.58,1.46,4.0,11.04
2026-04-05_rep_5,SN3788,05:12:00,-89.0,05:03:00,05:08:00,A40 ,82.0,87.0,6.63,1.68,5.0,13.31
2026-04-05_rep_5,SN379,10:10:00,53.0,11:42:00,12:19:00,B29 A,161.0,44.0,11.36,0.12,37.0,48.47
2026-04-05_rep_5,SN3800,06:15:00,1.0,06:28:00,06:30:00,A65 ,27.0,17.0,1.96,1.73,2.0,5.69
2026-04-05_rep_5,SN3802,20:24:00,-12.0,20:38:00,20:41:00,A54 ,60.0,30.0,4.26,1.31,3.0,8.57
2026-04-05_rep_5,SN3810,01:16:00,-1.0,01:35:00,01:37:00,A44 ,55.0,26.0,4.24,1.64,2.0,7.88
2026-04-05_rep_5,SN3812,21:22:00,-2.0,21:36:00,21:41:00,A60 ,78.0,23.0,5.29,2.23,5.0,12.52
2026-04-05_rep_5,SN3820,04:47:00,4.0,06:16:00,06:18:00,A56 ,78.0,92.0,5.33,1.52,2.0,8.85
2026-04-05_rep_5,TB1112,17:05:00,-4.0,17:19:00,17:21:00,A47 ,74.0,23.0,5.22,1.62,2.0,8.83
2026-04-05_rep_5,TB1114,02:00:00,11.0,02:24:00,02:26:00,A61 ,67.0,18.0,6.3,1.64,2.0,9.94
2026-04-05_rep_5,TB1417,18:07:00,-10.0,18:12:00,18:16:00,A51 ,90.0,22.0,6.58,1.48,4.0,12.06
2026-04-05_rep_5,TB1552,07:47:00,-4.0,07:55:00,07:59:00,A68 ,66.0,19.0,4.23,2.0,4.0,10.23
2026-04-05_rep_5,TB1554,03:41:00,4.0,04:09:00,04:13:00,A65 ,102.0,30.0,9.91,1.58,4.0,15.49
2026-04-05_rep_5,TB1752,04:44:00,-1.0,06:03:00,06:08:00,A63 ,117.0,84.0,8.68,1.53,5.0,15.21
2026-04-05_rep_5,TB1754,20:55:00,-2.0,05:29:00,05:36:00,A70 ,35.0,526.0,2.45,1.47,7.0,10.92
2026-04-05_rep_5,TB2045,02:13:00,-32.0,01:55:00,02:03:00,B34 A,162.0,22.0,11.37,0.12,8.0,19.5
2026-04-05_rep_5,TB2502,19:50:00,128.0,22:27:00,22:34:00,B40 A,169.0,34.0,11.87,0.1,7.0,18.97
2026-04-05_rep_5,TB2632,09:29:00,-20.0,09:35:00,09:44:00,B9  A,114.0,30.0,8.66,1.22,9.0,18.87
2026-04-05_rep_5,TB2662,09:15:00,-11.0,09:22:00,09:30:00,B34 A,90.0,23.0,7.13,0.11,8.0,15.24
2026-04-05_rep_5,TB2711,03:14:00,-21.0,03:08:00,03:16:00,B9  A,39.0,19.0,4.22,1.85,8.0,14.07
2026-04-05_rep_5,TB3016,00:18:00,-11.0,00:26:00,00:31:00,B29 A,128.0,22.0,10.39,0.13,5.0,15.52
2026-04-05_rep_5,TB3102,05:44:00,12.0,06:14:00,06:21:00,B17 A,101.0,22.0,7.77,0.08,7.0,14.85
2026-04-05_rep_5,TG934,12:22:00,4.0,12:46:00,13:15:00,B34 A,260.0,27.0,23.16,0.1,29.0,52.26
2026-04-05_rep_5,TK1937,15:18:00,-11.0,15:21:00,15:40:00,B7  A,144.0,22.0,12.6,1.91,19.0,33.51
2026-04-05_rep_5,TK1939,23:02:00,-15.0,23:01:00,23:19:00,B14 A,174.0,21.0,12.17,0.08,18.0,30.25
2026-04-05_rep_5,TK1941,02:31:00,-2.0,02:46:00,03:09:00,B7  A,137.0,23.0,10.78,1.7,23.0,35.48
2026-04-05_rep_5,TK1943,18:30:00,-13.0,18:33:00,18:44:00,B15 A,96.0,21.0,6.12,0.12,11.0,17.24
2026-04-05_rep_5,TK1945,20:25:00,-4.0,20:41:00,20:55:00,B14 A,98.0,30.0,8.14,0.12,14.0,22.26
2026-04-05_rep_5,TP640,16:06:00,-17.0,16:09:00,16:12:00,A45 ,66.0,26.0,5.06,1.63,3.0,9.69
2026-04-05_rep_5,TP642,20:13:00,-18.0,20:11:00,20:17:00,A53 ,121.0,24.0,10.88,1.67,6.0,18.55
2026-04-05_rep_5,TP644,01:11:00,-6.0,01:22:00,01:24:00,A57 ,21.0,23.0,1.45,1.36,2.0,4.81
2026-04-05_rep_5,TP646,05:04:00,-6.0,06:10:00,06:38:00,A45 ,102.0,81.0,11.33,1.54,28.0,40.87
2026-04-05_rep_5,TU954,16:31:00,-9.0,16:40:00,16:47:00,B30 A,120.0,24.0,8.72,0.09,7.0,15.81
2026-04-05_rep_5,UA950,12:20:00,-22.0,12:14:00,12:42:00,B37 A,127.0,21.0,11.27,0.1,28.0,39.38
2026-04-05_rep_5,UA972,14:05:00,-28.0,14:03:00,14:40:00,B40 A,141.0,31.0,12.14,0.12,37.0,49.26
2026-04-05_rep_5,UA994,12:51:00,-16.0,12:54:00,13:24:00,B38 A,109.0,25.0,7.48,0.09,30.0,37.57
2026-04-05_rep_5,UX1171,14:49:00,-23.0,14:45:00,14:49:00,A59 ,52.0,23.0,3.6,1.45,4.0,9.05
2026-04-05_rep_5,UX1173,22:46:00,-3.0,22:58:00,23:01:00,A47 ,68.0,21.0,5.02,1.92,3.0,9.94
2026-04-05_rep_5,VF65,16:20:00,77.0,17:59:00,18:19:00,B29 A,126.0,27.0,8.84,0.09,20.0,28.92
2026-04-05_rep_5,VF67,21:50:00,21.0,22:30:00,22:37:00,B30 A,187.0,24.0,20.06,0.09,7.0,27.15
2026-04-05_rep_5,VY1332,18:01:00,26.0,18:35:00,18:36:00,A45 ,23.0,14.0,1.67,1.72,1.0,4.39
2026-04-05_rep_5,VY2150,02:06:00,-11.0,02:17:00,02:18:00,A53 ,52.0,28.0,4.08,1.67,1.0,6.75
2026-04-05_rep_5,VY3650,22:50:00,-23.0,22:48:00,22:51:00,A53 ,62.0,26.0,4.57,2.39,3.0,9.96
2026-04-05_rep_5,VY8978,15:22:00,-13.0,15:19:00,15:20:00,A43 ,21.0,17.0,1.69,1.71,1.0,4.4
2026-04-05_rep_5,VY8980,15:00:00,-16.0,14:51:00,14:53:00,A47 ,13.0,12.0,1.04,1.86,2.0,4.89
2026-04-05_rep_5,VY8982,22:31:00,-5.0,22:43:00,22:46:00,A45 ,55.0,23.0,4.76,1.44,3.0,9.2
2026-04-05_rep_5,VY8984,02:05:00,-9.0,02:10:00,02:11:00,A51 ,40.0,19.0,2.56,1.42,1.0,4.98
2026-04-05_rep_5,VY8986,19:39:00,-5.0,19:44:00,19:45:00,A45 ,27.0,19.0,1.8,2.03,1.0,4.82
2026-04-05_rep_5,XR5402,07:46:00,70.0,09:23:00,09:26:00,B5  A,88.0,33.0,7.42,1.51,3.0,11.94
2026-04-06_rep_1,AC826,13:57:00,-4.0,14:07:00,14:41:00,B28 A,62.0,21.0,5.27,0.12,34.0,39.4
2026-04-06_rep_1,AC832,13:17:00,-34.0,12:55:00,13:21:00,B30 A,80.0,19.0,4.84,0.09,26.0,30.92
2026-04-06_rep_1,AY1541,15:25:00,-24.0,15:11:00,15:14:00,A45 ,43.0,15.0,4.51,1.75,3.0,9.26
2026-04-06_rep_1,AY1545,00:25:00,-7.0,00:34:00,00:44:00,A61 ,38.0,21.0,3.66,1.57,10.0,15.23
2026-04-06_rep_1,AY1549,04:41:00,-15.0,04:42:00,04:45:00,A49 ,27.0,22.0,2.65,1.74,3.0,7.38
2026-04-06_rep_1,AZ148,14:41:00,-17.0,14:42:00,14:44:00,A51 ,12.0,24.0,1.18,1.75,2.0,4.93
2026-04-06_rep_1,AZ154,01:08:00,-6.0,01:18:00,01:21:00,A62 ,60.0,19.0,5.17,1.63,3.0,9.8
2026-04-06_rep_1,AZ156,16:52:00,-19.0,16:57:00,16:59:00,A58 ,47.0,31.0,3.23,2.08,2.0,7.31
2026-04-06_rep_1,AZ160,00:03:00,9.0,00:27:00,00:29:00,A64 ,56.0,18.0,4.58,1.46,2.0,8.04
2026-04-06_rep_1,BA384,15:59:00,-8.0,16:06:00,16:08:00,B27 A,40.0,19.0,3.29,0.08,2.0,5.36
2026-04-06_rep_1,BA386,20:16:00,-20.0,20:14:00,20:22:00,B9  A,121.0,24.0,9.24,1.41,8.0,18.65
2026-04-06_rep_1,BA388,23:10:00,-21.0,23:02:00,23:06:00,B36 A,85.0,18.0,7.81,0.1,4.0,11.92
2026-04-06_rep_1,BA390,02:03:00,-17.0,02:17:00,02:23:00,B38 A,80.0,34.0,5.45,0.11,6.0,11.56
2026-04-06_rep_1,BT601,15:00:00,-6.0,15:07:00,15:09:00,A55 ,12.0,18.0,1.07,1.86,2.0,4.93
2026-04-06_rep_1,BT851,15:03:00,-9.0,15:05:00,15:06:00,A57 ,17.0,14.0,1.25,1.35,1.0,3.61
2026-04-06_rep_1,CX275,14:31:00,-27.0,14:24:00,15:00:00,B31 A,268.0,26.0,18.88,0.11,36.0,54.99
2026-04-06_rep_1,DL140,13:48:00,-24.0,13:42:00,14:12:00,B34 A,203.0,26.0,17.01,0.11,30.0,47.13
2026-04-06_rep_1,DN403,19:36:00,13.0,20:01:00,20:03:00,A57 ,39.0,18.0,3.09,1.37,2.0,6.47
2026-04-06_rep_1,EI630,15:44:00,-11.0,15:47:00,15:51:00,B29 A,104.0,18.0,9.88,0.11,4.0,14.0
2026-04-06_rep_1,EI638,02:50:00,-6.0,03:02:00,03:08:00,B7  A,115.0,23.0,7.75,1.79,6.0,15.54
2026-04-06_rep_1,EK181,01:35:00,19.0,02:09:00,02:43:00,B31 A,247.0,20.0,17.09,0.1,34.0,51.19
2026-04-06_rep_1,ET750,13:12:00,-2.0,13:30:00,14:14:00,B29 A,453.0,27.0,26.85,0.1,44.0,70.95
2026-04-06_rep_1,EY57,14:05:00,67.0,15:39:00,16:17:00,B5  A,190.0,32.0,15.64,1.66,38.0,55.31
2026-04-06_rep_1,FH8014,21:17:00,7.0,21:35:00,21:36:00,B36 A,21.0,18.0,1.65,0.1,1.0,2.75
2026-04-06_rep_1,FI554,19:02:00,-17.0,18:59:00,19:02:00,A49 ,53.0,21.0,5.57,1.48,3.0,10.05
2026-04-06_rep_1,GQ800,19:11:00,2.0,19:22:00,19:24:00,A47 ,35.0,15.0,2.38,1.96,2.0,6.34
2026-04-06_rep_1,GQ850,16:03:00,-18.0,16:03:00,16:07:00,A56 ,18.0,31.0,1.51,1.65,4.0,7.16
2026-04-06_rep_1,IB597,17:30:00,-21.0,17:27:00,17:33:00,A43 ,87.0,23.0,5.7,2.29,6.0,14.0
2026-04-06_rep_1,IB601,01:06:00,-3.0,01:18:00,01:22:00,A45 ,70.0,21.0,7.32,1.96,4.0,13.28
2026-04-06_rep_1,IB603,04:36:00,-19.0,04:41:00,04:43:00,A47 ,73.0,30.0,5.11,1.61,2.0,8.72
2026-04-06_rep_1,JU272,02:28:00,-11.0,02:33:00,02:37:00,B14 A,34.0,19.0,2.66,0.1,4.0,6.76
2026-04-06_rep_1,KM420,01:20:00,-9.0,01:27:00,01:32:00,A51 ,142.0,21.0,11.74,1.62,5.0,18.36
2026-04-06_rep_1,LO231,04:42:00,6.0,04:59:00,05:01:00,A51 ,37.0,18.0,3.41,1.54,2.0,6.95
2026-04-06_rep_1,LO233,01:03:00,20.0,01:46:00,01:49:00,A60 ,73.0,26.0,4.81,1.96,3.0,9.77
2026-04-06_rep_1,LO235,15:35:00,-15.0,15:28:00,15:30:00,A46 ,15.0,18.0,1.04,1.75,2.0,4.79
2026-04-06_rep_1,LO237,18:36:00,-16.0,18:37:00,18:41:00,A43 ,8.0,23.0,0.93,1.81,4.0,6.74
2026-04-06_rep_1,LX780,20:20:00,-6.0,20:33:00,20:35:00,A45 ,65.0,24.0,5.09,1.75,2.0,8.84
2026-04-06_rep_1,LX786,14:56:00,-15.0,14:55:00,15:01:00,A43 ,22.0,20.0,1.78,1.55,6.0,9.33
2026-04-06_rep_1,LX788,00:40:00,4.0,01:00:00,01:04:00,A43 ,55.0,21.0,4.74,1.31,4.0,10.04
2026-04-06_rep_1,ME215,16:40:00,-11.0,16:39:00,16:58:00,B9  A,128.0,15.0,9.08,1.65,19.0,29.73
2026-04-06_rep_1,MI7214,16:27:00,-4.0,16:42:00,16:48:00,B28 A,157.0,26.0,10.93,0.09,6.0,17.02
2026-04-06_rep_1,MS725,20:51:00,42.0,21:45:00,21:57:00,B34 A,138.0,18.0,10.13,0.11,12.0,22.24
2026-04-06_rep_1,NH231,23:42:00,-40.0,23:14:00,23:39:00,B11 A,180.0,19.0,13.53,0.08,25.0,38.62
2026-04-06_rep_1,OS293,20:11:00,-6.0,20:17:00,20:19:00,A43 ,54.0,18.0,4.53,1.97,2.0,8.51
2026-04-06_rep_1,OS295,22:51:00,-6.0,22:58:00,22:59:00,A43 ,71.0,19.0,5.22,1.6,1.0,7.81
2026-04-06_rep_1,OS297,01:17:00,-1.0,01:34:00,01:37:00,A47 ,37.0,25.0,4.22,1.58,3.0,8.8
2026-04-06_rep_1,OU4456,01:53:00,11.0,02:23:00,02:27:00,A65 ,68.0,22.0,5.35,1.5,4.0,10.85
2026-04-06_rep_1,OU456,14:46:00,4.0,15:01:00,15:03:00,A49 ,5.0,17.0,0.31,1.67,2.0,3.98
2026-04-06_rep_1,QS1000,14:17:00,-14.0,14:12:00,14:14:00,A47 ,13.0,16.0,1.3,2.12,2.0,5.43
2026-04-06_rep_1,QS1002,00:52:00,4.0,01:13:00,01:14:00,A63 ,19.0,24.0,2.09,1.85,1.0,4.93
2026-04-06_rep_1,RO371,15:52:00,88.0,17:42:00,17:45:00,A50 ,23.0,29.0,1.5,2.19,3.0,6.69
2026-04-06_rep_1,SK1589,00:21:00,-15.0,00:20:00,00:23:00,A51 ,82.0,20.0,8.85,1.86,3.0,13.71
2026-04-06_rep_1,SK1593,20:41:00,19.0,21:14:00,21:16:00,A53 ,58.0,20.0,3.89,1.57,2.0,7.47
2026-04-06_rep_1,SK1595,00:36:00,14.0,01:06:00,01:09:00,A53 ,50.0,22.0,3.65,1.58,3.0,8.23
2026-04-06_rep_1,SK4743,16:46:00,-9.0,16:55:00,17:00:00,A52 ,13.0,24.0,0.98,1.78,5.0,7.75
2026-04-06_rep_1,SK4745,02:34:00,13.0,03:00:00,03:03:00,A51 ,67.0,17.0,4.96,1.57,3.0,9.53
2026-04-06_rep_1,SK589,16:25:00,-26.0,16:08:00,16:10:00,A43 ,42.0,19.0,3.85,1.55,2.0,7.4
2026-04-06_rep_1,SK593,15:48:00,-19.0,15:38:00,15:39:00,A51 ,10.0,17.0,0.72,2.54,1.0,4.26
2026-04-06_rep_1,SN204,11:05:00,1.0,11:24:00,11:53:00,B30 A,195.0,23.0,17.13,0.1,29.0,46.22
2026-04-06_rep_1,SN2096,02:03:00,33.0,02:57:00,02:59:00,B34 A,59.0,24.0,4.05,0.12,2.0,6.17
2026-04-06_rep_1,SN2104,14:59:00,-10.0,15:22:00,15:23:00,B11 A,9.0,37.0,0.7,0.1,1.0,1.8
2026-04-06_rep_1,SN2174,19:34:00,3.0,19:52:00,19:57:00,B29 A,57.0,19.0,4.81,0.09,5.0,9.9
2026-04-06_rep_1,SN2184,14:35:00,-6.0,14:52:00,14:53:00,B7  A,13.0,28.0,0.91,1.43,1.0,3.34
2026-04-06_rep_1,SN2258,19:32:00,5.0,19:49:00,19:52:00,A40 ,43.0,19.0,3.52,1.75,3.0,8.27
2026-04-06_rep_1,SN2260,01:50:00,79.0,03:32:00,03:35:00,A62 ,60.0,28.0,5.7,1.34,3.0,10.03
2026-04-06_rep_1,SN2268,14:29:00,-20.0,14:26:00,14:28:00,A54 ,8.0,21.0,0.73,1.7,2.0,4.44
2026-04-06_rep_1,SN2284,02:08:00,-2.0,02:24:00,02:28:00,A67 ,42.0,21.0,2.8,2.47,4.0,9.27
2026-04-06_rep_1,SN2288,14:50:00,-19.0,14:49:00,14:51:00,A53 ,3.0,23.0,0.2,1.44,2.0,3.64
2026-04-06_rep_1,SN2292,21:08:00,1.0,21:20:00,21:22:00,A48 ,44.0,14.0,3.1,1.65,2.0,6.75
2026-04-06_rep_1,SN2294,01:55:00,-4.0,02:02:00,02:05:00,A58 ,34.0,16.0,2.69,1.31,3.0,7.0
2026-04-06_rep_1,SN2318,02:04:00,122.0,04:38:00,04:41:00,A66 ,73.0,36.0,6.05,1.65,3.0,10.69
2026-04-06_rep_1,SN2372,23:54:00,-13.0,23:59:00,00:03:00,A42 ,53.0,22.0,5.36,1.79,4.0,11.16
2026-04-06_rep_1,SN241,11:54:00,4.0,12:17:00,12:43:00,B37 A,32.0,23.0,2.42,0.1,26.0,28.52
2026-04-06_rep_1,SN2548,01:13:00,-8.0,01:22:00,01:24:00,A48 ,52.0,20.0,4.35,1.52,2.0,7.87
2026-04-06_rep_1,SN2556,02:14:00,0.0,02:25:00,02:27:00,A45 ,23.0,15.0,1.62,1.37,2.0,4.99
2026-04-06_rep_1,SN2582,19:08:00,20.0,19:51:00,19:53:00,A52 ,63.0,26.0,5.71,1.55,2.0,9.27
2026-04-06_rep_1,SN2588,02:14:00,15.0,02:40:00,02:44:00,A64 ,72.0,15.0,5.86,1.78,4.0,11.64
2026-04-06_rep_1,SN2592,14:28:00,-19.0,14:27:00,14:29:00,A44 ,2.0,26.0,0.15,1.96,2.0,4.11
2026-04-06_rep_1,SN2608,16:16:00,-15.0,16:24:00,16:27:00,A42 ,32.0,29.0,3.18,1.88,3.0,8.06
2026-04-06_rep_1,SN2610,18:53:00,-22.0,18:47:00,18:49:00,A46 ,35.0,24.0,2.6,1.56,2.0,6.16
2026-04-06_rep_1,SN2612,19:46:00,-17.0,19:39:00,19:40:00,A60 ,27.0,16.0,2.04,1.48,1.0,4.52
2026-04-06_rep_1,SN2614,23:33:00,1.0,23:48:00,23:52:00,A56 ,17.0,17.0,1.41,1.75,4.0,7.16
2026-04-06_rep_1,SN2618,04:38:00,-1.0,04:48:00,04:49:00,A60 ,22.0,14.0,1.86,1.73,1.0,4.59
2026-04-06_rep_1,SN2624,18:59:00,-23.0,18:46:00,18:49:00,A54 ,29.0,19.0,2.35,1.71,3.0,7.06
2026-04-06_rep_1,SN2644,19:13:00,-6.0,19:26:00,19:29:00,A50 ,44.0,22.0,4.34,1.44,3.0,8.78
2026-04-06_rep_1,SN2650,02:01:00,3.0,02:21:00,02:26:00,A42 ,47.0,23.0,3.6,1.44,5.0,10.04
2026-04-06_rep_1,SN2714,18:53:00,-8.0,19:07:00,19:09:00,A44 ,41.0,30.0,2.59,1.42,2.0,6.01
2026-04-06_rep_1,SN2722,00:33:00,16.0,01:14:00,01:18:00,A54 ,63.0,28.0,4.19,1.89,4.0,10.08
2026-04-06_rep_1,SN2724,04:34:00,0.0,04:54:00,04:57:00,A44 ,87.0,24.0,6.95,2.29,3.0,12.24
2026-04-06_rep_1,SN2726,14:23:00,-5.0,14:47:00,14:50:00,A50 ,20.0,32.0,1.55,1.96,3.0,6.51
2026-04-06_rep_1,SN2730,16:22:00,-6.0,16:33:00,16:35:00,A44 ,8.0,24.0,0.58,1.75,2.0,4.33
2026-04-06_rep_1,SN2732,03:34:00,0.0,03:51:00,03:53:00,A46 ,35.0,21.0,3.95,1.3,2.0,7.26
2026-04-06_rep_1,SN2810,19:28:00,-8.0,19:40:00,19:42:00,A56 ,40.0,28.0,3.35,1.92,2.0,7.27
2026-04-06_rep_1,SN2812,02:18:00,-9.0,02:21:00,02:25:00,A69 ,51.0,15.0,3.74,1.87,4.0,9.61
2026-04-06_rep_1,SN2816,14:23:00,-26.0,14:15:00,14:16:00,A40 ,1.0,21.0,0.08,1.73,1.0,2.81
2026-04-06_rep_1,SN2902,17:14:00,-5.0,17:20:00,17:22:00,A54 ,23.0,20.0,2.06,1.58,2.0,5.64
2026-04-06_rep_1,SN2906,01:58:00,-1.0,02:11:00,02:15:00,A57 ,59.0,17.0,3.61,1.38,4.0,8.99
2026-04-06_rep_1,SN2908,04:55:00,1.0,05:15:00,05:17:00,A67 ,45.0,24.0,3.6,1.9,2.0,7.5
2026-04-06_rep_1,SN3126,00:03:00,-10.0,00:04:00,00:05:00,A50 ,31.0,14.0,2.71,1.72,1.0,5.43
2026-04-06_rep_1,SN3140,19:44:00,-12.0,19:46:00,19:54:00,A62 ,36.0,18.0,2.49,1.56,8.0,12.06
2026-04-06_rep_1,SN3146,17:09:00,-5.0,17:18:00,17:20:00,A40 ,24.0,23.0,1.77,1.5,2.0,5.27
2026-04-06_rep_1,SN3148,20:52:00,-3.0,21:05:00,21:08:00,A58 ,53.0,23.0,4.62,1.0,3.0,8.62
2026-04-06_rep_1,SN3150,02:24:00,7.0,02:48:00,02:50:00,A68 ,62.0,21.0,5.63,1.6,2.0,9.23
2026-04-06_rep_1,SN3154,16:18:00,-5.0,16:31:00,16:32:00,A50 ,9.0,26.0,0.66,1.52,1.0,3.18
2026-04-06_rep_1,SN3160,05:18:00,-6.0,05:34:00,05:37:00,A64 ,56.0,25.0,4.47,1.63,3.0,9.09
2026-04-06_rep_1,SN3170,21:23:00,-1.0,21:42:00,21:45:00,A44 ,46.0,23.0,4.03,2.04,3.0,9.07
2026-04-06_rep_1,SN3176,18:29:00,15.0,19:07:00,19:10:00,A42 ,72.0,27.0,5.94,1.76,3.0,10.69
2026-04-06_rep_1,SN3182,02:23:00,9.0,02:56:00,02:59:00,A47 ,55.0,27.0,6.86,1.94,3.0,11.8
2026-04-06_rep_1,SN3184,05:18:00,-1.0,05:44:00,05:47:00,A62 ,86.0,30.0,7.84,1.77,3.0,12.6
2026-04-06_rep_1,SN3202,20:23:00,-16.0,20:29:00,20:32:00,A54 ,90.0,25.0,7.69,1.46,3.0,12.14
2026-04-06_rep_1,SN3208,14:47:00,-10.0,14:53:00,14:54:00,A58 ,7.0,23.0,0.53,1.74,1.0,3.27
2026-04-06_rep_1,SN3246,23:53:00,-6.0,00:13:00,00:17:00,A44 ,57.0,29.0,4.37,2.33,4.0,10.7
2026-04-06_rep_1,SN3334,07:42:00,-6.0,07:55:00,08:03:00,B14 A,158.0,26.0,10.98,0.08,8.0,19.06
2026-04-06_rep_1,SN3344,02:19:00,7.0,02:45:00,02:46:00,A43 ,29.0,23.0,2.02,1.62,1.0,4.64
2026-04-06_rep_1,SN358,12:21:00,2.0,12:43:00,13:14:00,B28 A,176.0,26.0,12.35,0.1,31.0,43.45
2026-04-06_rep_1,SN3588,20:39:00,-9.0,20:53:00,20:57:00,A61 ,35.0,27.0,3.42,1.64,4.0,9.06
2026-04-06_rep_1,SN3594,14:33:00,-1.0,14:51:00,14:57:00,A56 ,3.0,22.0,0.34,1.89,6.0,8.23
2026-04-06_rep_1,SN3598,21:18:00,-23.0,21:09:00,21:11:00,A60 ,48.0,17.0,3.08,1.93,2.0,7.01
2026-04-06_rep_1,SN3604,14:29:00,-5.0,14:40:00,14:41:00,A48 ,8.0,20.0,0.67,1.52,1.0,3.19
2026-04-06_rep_1,SN3618,21:33:00,-7.0,21:36:00,21:39:00,A56 ,54.0,13.0,4.14,1.09,3.0,8.22
2026-04-06_rep_1,SN3632,15:34:00,-5.0,15:47:00,16:00:00,A60 ,2.0,22.0,0.19,2.2,13.0,15.39
2026-04-06_rep_1,SN3634,17:02:00,3.0,17:32:00,17:33:00,A60 ,4.0,34.0,0.32,1.4,1.0,2.72
2026-04-06_rep_1,SN3668,19:57:00,-4.0,20:16:00,20:18:00,A64 ,44.0,30.0,4.95,1.13,2.0,8.08
2026-04-06_rep_1,SN3676,14:38:00,-1.0,14:57:00,14:58:00,A42 ,15.0,23.0,1.35,1.48,1.0,3.84
2026-04-06_rep_1,SN3698,20:34:00,51.0,21:44:00,21:46:00,A50 ,28.0,23.0,2.5,1.7,2.0,6.21
2026-04-06_rep_1,SN3704,23:23:00,19.0,00:06:00,00:09:00,A58 ,80.0,27.0,7.66,1.84,3.0,12.5
2026-04-06_rep_1,SN3706,05:31:00,6.0,05:59:00,07:01:00,A56 ,63.0,28.0,4.75,1.28,62.0,68.02
2026-04-06_rep_1,SN3708,13:48:00,-12.0,13:53:00,13:54:00,A60 ,15.0,25.0,1.18,1.93,1.0,4.11
2026-04-06_rep_1,SN3712,00:43:00,27.0,01:37:00,01:41:00,A46 ,68.0,30.0,5.47,2.14,4.0,11.61
2026-04-06_rep_1,SN3722,20:59:00,34.0,21:54:00,21:57:00,A40 ,72.0,25.0,5.55,1.55,3.0,10.1
2026-04-06_rep_1,SN3728,02:00:00,0.0,02:21:00,02:24:00,A50 ,67.0,26.0,7.64,1.32,3.0,11.95
2026-04-06_rep_1,SN3730,06:15:00,47.0,07:25:00,07:29:00,A58 ,75.0,88.0,5.8,1.91,4.0,11.71
2026-04-06_rep_1,SN3732,14:39:00,2.0,15:01:00,15:02:00,A52 ,35.0,24.0,2.65,2.04,1.0,5.69
2026-04-06_rep_1,SN3734,18:53:00,-2.0,19:16:00,19:18:00,A48 ,38.0,28.0,2.47,2.03,2.0,6.49
2026-04-06_rep_1,SN3736,00:29:00,-5.0,00:52:00,00:55:00,A40 ,65.0,32.0,5.67,1.4,3.0,10.08
2026-04-06_rep_1,SN3738,05:13:00,2.0,05:32:00,05:34:00,A50 ,55.0,20.0,4.34,1.41,2.0,7.75
2026-04-06_rep_1,SN3740,03:17:00,-4.0,03:35:00,03:36:00,A52 ,62.0,29.0,4.65,1.41,1.0,7.06
2026-04-06_rep_1,SN3752,21:14:00,23.0,22:01:00,22:04:00,A67 ,78.0,28.0,5.98,1.42,3.0,10.4
2026-04-06_rep_1,SN3772,17:42:00,-5.0,18:05:00,18:07:00,A56 ,18.0,35.0,1.1,1.38,2.0,4.47
2026-04-06_rep_1,SN3774,04:20:00,8.0,04:55:00,04:59:00,A61 ,41.0,32.0,2.59,1.46,4.0,8.05
2026-04-06_rep_1,SN3780,23:23:00,-31.0,23:10:00,23:14:00,A48 ,11.0,21.0,0.78,1.28,4.0,6.06
2026-04-06_rep_1,SN3802,22:03:00,-5.0,22:22:00,22:26:00,A54 ,31.0,27.0,2.65,1.49,4.0,8.15
2026-04-06_rep_1,SN3812,22:19:00,16.0,22:55:00,22:58:00,A46 ,68.0,24.0,7.12,1.71,3.0,11.82
2026-04-06_rep_1,SN3820,06:45:00,19.0,07:29:00,07:32:00,A40 ,59.0,90.0,6.83,1.53,3.0,11.35
2026-04-06_rep_1,SN383,11:11:00,18.0,11:43:00,12:19:00,B14 A,176.0,20.0,13.26,0.1,36.0,49.36
2026-04-06_rep_1,SN502,13:45:00,-20.0,13:37:00,14:02:00,B40 A,85.0,17.0,6.73,0.11,25.0,31.83
2026-04-06_rep_1,SQ304,13:30:00,-3.0,13:44:00,14:25:00,B37 A,205.0,22.0,20.22,0.07,41.0,61.29
2026-04-06_rep_1,TB1012,18:35:00,-10.0,18:42:00,18:45:00,A51 ,72.0,22.0,6.09,1.8,3.0,10.89
2026-04-06_rep_1,TB1112,18:00:00,-2.0,18:19:00,18:22:00,A59 ,75.0,26.0,7.22,1.77,3.0,11.99
2026-04-06_rep_1,TB1114,18:01:00,10.0,18:29:00,18:35:00,A55 ,47.0,24.0,3.24,1.73,6.0,10.98
2026-04-06_rep_1,TB1412,17:35:00,-2.0,17:42:00,17:44:00,A57 ,28.0,14.0,2.39,1.89,2.0,6.28
2026-04-06_rep_1,TB1552,04:10:00,12.0,04:44:00,04:50:00,A53 ,120.0,27.0,9.82,1.56,6.0,17.38
2026-04-06_rep_1,TB1752,21:55:00,2.0,22:29:00,22:37:00,A59 ,128.0,37.0,11.85,1.58,8.0,21.43
2026-04-06_rep_1,TB1754,04:34:00,-17.0,04:36:00,04:44:00,A65 ,129.0,23.0,8.06,1.64,8.0,17.7
2026-04-06_rep_1,TB1912,04:21:00,-7.0,04:28:00,04:31:00,A57 ,55.0,20.0,4.16,1.23,3.0,8.39
2026-04-06_rep_1,TB2534,04:11:00,15.0,04:47:00,04:51:00,B14 A,103.0,32.0,8.58,0.1,4.0,12.67
2026-04-06_rep_1,TB2654,03:05:00,-15.0,03:14:00,03:21:00,B11 A,163.0,29.0,10.83,0.1,7.0,17.94
2026-04-06_rep_1,TB2664,05:50:00,-9.0,07:00:00,07:04:00,B31 A,98.0,84.0,6.51,0.11,4.0,10.62
2026-04-06_rep_1,TB2952,18:15:00,-1.0,18:32:00,18:37:00,B34 A,5.0,23.0,0.32,0.1,5.0,5.42
2026-04-06_rep_1,TB3012,07:33:00,-8.0,07:43:00,07:48:00,B27 A,105.0,21.0,8.74,0.1,5.0,13.84
2026-04-06_rep_1,TB3042,07:19:00,-21.0,07:18:00,07:24:00,B9  A,144.0,24.0,12.28,1.5,6.0,19.78
2026-04-06_rep_1,TB3102,00:34:00,16.0,01:07:00,01:12:00,B27 A,128.0,26.0,8.76,0.09,5.0,13.86
2026-04-06_rep_1,TB3202,06:26:00,83.0,08:02:00,08:03:00,B28 A,48.0,19.0,3.11,0.11,1.0,4.23
2026-04-06_rep_1,TG934,13:24:00,-1.0,13:39:00,14:12:00,B14 A,262.0,25.0,20.87,0.1,33.0,53.97
2026-04-06_rep_1,TK1937,16:16:00,-7.0,16:24:00,16:43:00,B34 A,208.0,21.0,18.32,0.11,19.0,37.43
2026-04-06_rep_1,TK1939,23:56:00,5.0,00:14:00,00:53:00,B14 A,177.0,19.0,11.67,0.1,39.0,50.78
2026-04-06_rep_1,TK1941,03:42:00,-1.0,03:52:00,04:10:00,B30 A,251.0,28.0,24.95,0.1,18.0,43.06
2026-04-06_rep_1,TK1943,19:32:00,-4.0,19:41:00,19:51:00,B14 A,128.0,20.0,9.12,0.1,10.0,19.22
2026-04-06_rep_1,TP640,17:05:00,6.0,17:32:00,17:35:00,A49 ,106.0,26.0,9.62,1.65,3.0,14.27
2026-04-06_rep_1,TP642,21:11:00,-15.0,21:09:00,21:12:00,A47 ,73.0,19.0,5.78,1.61,3.0,10.4
2026-04-06_rep_1,TP644,02:08:00,-13.0,02:11:00,02:20:00,A49 ,100.0,19.0,7.7,1.66,9.0,18.35
2026-04-06_rep_1,TP646,06:01:00,69.0,07:24:00,07:29:00,A59 ,114.0,20.0,9.37,1.78,5.0,16.15
2026-04-06_rep_1,TU954,17:30:00,-4.0,17:42:00,17:46:00,B36 A,72.0,21.0,5.53,0.12,4.0,9.65
2026-04-06_rep_1,UA950,13:20:00,-36.0,13:07:00,13:29:00,B31 A,97.0,28.0,7.18,0.1,22.0,29.28
2026-04-06_rep_1,UA972,15:07:00,-19.0,15:04:00,15:26:00,B40 A,50.0,23.0,3.87,0.12,22.0,25.98
2026-04-06_rep_1,UA994,13:51:00,-45.0,13:25:00,13:49:00,B38 A,135.0,25.0,11.26,0.11,24.0,35.36
2026-04-06_rep_1,UX1171,15:54:00,0.0,16:16:00,16:19:00,A48 ,91.0,31.0,6.27,1.28,3.0,10.55
2026-04-06_rep_1,UX1173,23:46:00,-8.0,23:56:00,00:02:00,A49 ,84.0,24.0,7.62,1.34,6.0,14.96
2026-04-06_rep_1,VF65,17:20:00,-6.0,17:29:00,17:34:00,B27 A,105.0,20.0,8.58,0.1,5.0,13.68
2026-04-06_rep_1,VF67,22:17:00,4.0,22:38:00,22:51:00,B15 A,215.0,24.0,20.24,0.08,13.0,33.32
2026-04-06_rep_1,VY1334,02:30:00,-14.0,02:32:00,02:33:00,A61 ,36.0,21.0,3.37,1.5,1.0,5.87
2026-04-06_rep_1,VY3650,23:50:00,22.0,00:24:00,00:27:00,A57 ,61.0,17.0,5.63,1.33,3.0,9.96
2026-04-06_rep_1,VY8980,15:55:00,-7.0,15:59:00,16:00:00,A57 ,47.0,16.0,2.85,1.53,1.0,5.38
2026-04-06_rep_1,VY8982,23:29:00,-1.0,23:46:00,23:49:00,A45 ,30.0,22.0,2.08,1.7,3.0,6.78
2026-04-06_rep_1,VY8984,02:54:00,-13.0,02:51:00,02:52:00,A63 ,28.0,14.0,2.5,1.61,1.0,5.11
2026-04-06_rep_1,VY8986,20:35:00,8.0,20:58:00,21:00:00,A51 ,78.0,20.0,6.83,1.74,2.0,10.56
2026-04-06_rep_2,AC826,13:57:00,-4.0,14:07:00,14:41:00,B28 A,62.0,21.0,4.71,0.09,34.0,38.8
2026-04-06_rep_2,AC832,13:17:00,-34.0,12:55:00,13:21:00,B30 A,80.0,19.0,5.86,0.11,26.0,31.97
2026-04-06_rep_2,AY1541,15:25:00,-24.0,15:11:00,15:14:00,A45 ,43.0,15.0,5.14,1.25,3.0,9.39
2026-04-06_rep_2,AY1545,00:25:00,-7.0,00:34:00,00:44:00,A61 ,38.0,21.0,3.36,1.61,10.0,14.98
2026-04-06_rep_2,AY1549,04:41:00,-15.0,04:42:00,04:45:00,A49 ,27.0,22.0,1.9,1.78,3.0,6.67
2026-04-06_rep_2,AZ148,14:41:00,-17.0,14:42:00,14:44:00,A51 ,12.0,24.0,0.87,1.63,2.0,4.5
2026-04-06_rep_2,AZ154,01:08:00,-6.0,01:18:00,01:21:00,A62 ,60.0,19.0,4.39,2.09,3.0,9.48
2026-04-06_rep_2,AZ156,16:52:00,-19.0,16:57:00,16:59:00,A58 ,47.0,31.0,3.44,1.88,2.0,7.31
2026-04-06_rep_2,AZ160,00:03:00,9.0,00:27:00,00:29:00,A64 ,56.0,18.0,5.16,1.41,2.0,8.57
2026-04-06_rep_2,BA384,15:59:00,-8.0,16:06:00,16:08:00,B27 A,40.0,19.0,3.04,0.13,2.0,5.17
2026-04-06_rep_2,BA386,20:16:00,-20.0,20:14:00,20:22:00,B9  A,121.0,24.0,10.63,1.79,8.0,20.42
2026-04-06_rep_2,BA388,23:10:00,-21.0,23:02:00,23:06:00,B36 A,85.0,18.0,7.93,0.09,4.0,12.02
2026-04-06_rep_2,BA390,02:03:00,-17.0,02:17:00,02:23:00,B38 A,80.0,34.0,6.41,0.11,6.0,12.52
2026-04-06_rep_2,BT601,15:00:00,-6.0,15:07:00,15:09:00,A55 ,12.0,18.0,0.93,1.37,2.0,4.3
2026-04-06_rep_2,BT851,15:03:00,-9.0,15:05:00,15:06:00,A57 ,17.0,14.0,1.49,1.59,1.0,4.08
2026-04-06_rep_2,CX275,14:31:00,-27.0,14:24:00,15:00:00,B31 A,268.0,26.0,20.08,0.09,36.0,56.17
2026-04-06_rep_2,DL140,13:48:00,-24.0,13:42:00,14:12:00,B34 A,203.0,26.0,15.0,0.1,30.0,45.1
2026-04-06_rep_2,DN403,19:36:00,13.0,20:01:00,20:03:00,A57 ,39.0,18.0,3.91,1.31,2.0,7.22
2026-04-06_rep_2,EI630,15:44:00,-11.0,15:47:00,15:51:00,B29 A,104.0,18.0,9.66,0.1,4.0,13.75
2026-04-06_rep_2,EI638,02:50:00,-6.0,03:02:00,03:08:00,B7  A,115.0,23.0,10.74,1.82,6.0,18.56
2026-04-06_rep_2,EK181,01:35:00,19.0,02:09:00,02:43:00,B31 A,247.0,20.0,15.42,0.12,34.0,49.54
2026-04-06_rep_2,ET750,13:12:00,-2.0,13:30:00,14:14:00,B29 A,453.0,27.0,26.86,0.09,44.0,70.95
2026-04-06_rep_2,EY57,14:05:00,67.0,15:39:00,16:17:00,B5  A,190.0,32.0,12.8,1.64,38.0,52.44
2026-04-06_rep_2,FH8014,21:17:00,7.0,21:35:00,21:36:00,B36 A,21.0,18.0,1.45,0.07,1.0,2.52
2026-04-06_rep_2,FI554,19:02:00,-17.0,18:59:00,19:02:00,A49 ,53.0,21.0,3.68,1.54,3.0,8.22
2026-04-06_rep_2,GQ800,19:11:00,2.0,19:22:00,19:24:00,A47 ,35.0,15.0,3.27,1.7,2.0,6.97
2026-04-06_rep_2,GQ850,16:03:00,-18.0,16:03:00,16:07:00,A56 ,18.0,31.0,1.24,1.63,4.0,6.87
2026-04-06_rep_2,IB597,17:30:00,-21.0,17:27:00,17:33:00,A43 ,87.0,23.0,8.04,1.94,6.0,15.99
2026-04-06_rep_2,IB601,01:06:00,-3.0,01:18:00,01:22:00,A45 ,70.0,21.0,5.15,1.24,4.0,10.39
2026-04-06_rep_2,IB603,04:36:00,-19.0,04:41:00,04:43:00,A47 ,73.0,30.0,7.28,1.21,2.0,10.49
2026-04-06_rep_2,JU272,02:28:00,-11.0,02:33:00,02:37:00,B14 A,34.0,19.0,3.67,0.11,4.0,7.78
2026-04-06_rep_2,KM420,01:20:00,-9.0,01:27:00,01:32:00,A51 ,142.0,21.0,9.53,1.76,5.0,16.29
2026-04-06_rep_2,LO231,04:42:00,6.0,04:59:00,05:01:00,A51 ,37.0,18.0,2.86,2.07,2.0,6.92
2026-04-06_rep_2,LO233,01:03:00,20.0,01:46:00,01:49:00,A60 ,73.0,26.0,7.14,1.38,3.0,11.52
2026-04-06_rep_2,LO235,15:35:00,-15.0,15:28:00,15:30:00,A46 ,15.0,18.0,1.11,1.41,2.0,4.52
2026-04-06_rep_2,LO237,18:36:00,-16.0,18:37:00,18:41:00,A43 ,8.0,23.0,0.66,1.61,4.0,6.26
2026-04-06_rep_2,LX780,20:20:00,-6.0,20:33:00,20:35:00,A45 ,65.0,24.0,5.83,1.71,2.0,9.54
2026-04-06_rep_2,LX786,14:56:00,-15.0,14:55:00,15:01:00,A43 ,22.0,20.0,1.97,2.3,6.0,10.27
2026-04-06_rep_2,LX788,00:40:00,4.0,01:00:00,01:04:00,A43 ,55.0,21.0,3.59,1.87,4.0,9.46
2026-04-06_rep_2,ME215,16:40:00,-11.0,16:39:00,16:58:00,B9  A,128.0,15.0,9.66,2.36,19.0,31.02
2026-04-06_rep_2,MI7214,16:27:00,-4.0,16:42:00,16:48:00,B28 A,157.0,26.0,10.73,0.11,6.0,16.84
2026-04-06_rep_2,MS725,20:51:00,42.0,21:45:00,21:57:00,B34 A,138.0,18.0,14.0,0.09,12.0,26.08
2026-04-06_rep_2,NH231,23:42:00,-40.0,23:14:00,23:39:00,B11 A,180.0,19.0,13.93,0.11,25.0,39.04
2026-04-06_rep_2,OS293,20:11:00,-6.0,20:17:00,20:19:00,A43 ,54.0,18.0,4.93,1.36,2.0,8.29
2026-04-06_rep_2,OS295,22:51:00,-6.0,22:58:00,22:59:00,A43 ,71.0,19.0,8.23,1.62,1.0,10.84
2026-04-06_rep_2,OS297,01:17:00,-1.0,01:34:00,01:37:00,A47 ,37.0,25.0,3.65,1.24,3.0,7.89
2026-04-06_rep_2,OU4456,01:53:00,11.0,02:23:00,02:27:00,A65 ,68.0,22.0,5.31,1.25,4.0,10.56
2026-04-06_rep_2,OU456,14:46:00,4.0,15:01:00,15:03:00,A49 ,5.0,17.0,0.49,1.56,2.0,4.05
2026-04-06_rep_2,QS1000,14:17:00,-14.0,14:12:00,14:14:00,A47 ,13.0,16.0,1.28,1.44,2.0,4.71
2026-04-06_rep_2,QS1002,00:52:00,4.0,01:13:00,01:14:00,A63 ,19.0,24.0,1.68,1.74,1.0,4.42
2026-04-06_rep_2,RO371,15:52:00,88.0,17:42:00,17:45:00,A50 ,23.0,29.0,2.05,1.62,3.0,6.68
2026-04-06_rep_2,SK1589,00:21:00,-15.0,00:20:00,00:23:00,A51 ,82.0,20.0,6.68,1.33,3.0,11.01
2026-04-06_rep_2,SK1593,20:41:00,19.0,21:14:00,21:16:00,A53 ,58.0,20.0,5.7,1.57,2.0,9.27
2026-04-06_rep_2,SK1595,00:36:00,14.0,01:06:00,01:09:00,A53 ,50.0,22.0,3.71,1.55,3.0,8.26
2026-04-06_rep_2,SK4743,16:46:00,-9.0,16:55:00,17:00:00,A52 ,13.0,24.0,1.11,1.7,5.0,7.81
2026-04-06_rep_2,SK4745,02:34:00,13.0,03:00:00,03:03:00,A51 ,67.0,17.0,4.5,1.38,3.0,8.88
2026-04-06_rep_2,SK589,16:25:00,-26.0,16:08:00,16:10:00,A43 ,42.0,19.0,4.04,1.8,2.0,7.85
2026-04-06_rep_2,SK593,15:48:00,-19.0,15:38:00,15:39:00,A51 ,10.0,17.0,0.69,1.38,1.0,3.08
2026-04-06_rep_2,SN204,11:05:00,1.0,11:24:00,11:53:00,B30 A,195.0,23.0,13.35,0.12,29.0,42.47
2026-04-06_rep_2,SN2096,02:03:00,33.0,02:57:00,02:59:00,B34 A,59.0,24.0,4.18,0.11,2.0,6.29
2026-04-06_rep_2,SN2104,14:59:00,-10.0,15:22:00,15:23:00,B11 A,9.0,37.0,0.54,0.08,1.0,1.62
2026-04-06_rep_2,SN2174,19:34:00,3.0,19:52:00,19:57:00,B29 A,57.0,19.0,4.7,0.12,5.0,9.82
2026-04-06_rep_2,SN2184,14:35:00,-6.0,14:52:00,14:53:00,B7  A,13.0,28.0,1.05,1.58,1.0,3.63
2026-04-06_rep_2,SN2258,19:32:00,5.0,19:49:00,19:52:00,A40 ,43.0,19.0,2.76,1.97,3.0,7.73
2026-04-06_rep_2,SN2260,01:50:00,79.0,03:32:00,03:35:00,A62 ,60.0,28.0,3.99,2.07,3.0,9.06
2026-04-06_rep_2,SN2268,14:29:00,-20.0,14:26:00,14:28:00,A54 ,8.0,21.0,0.9,1.72,2.0,4.62
2026-04-06_rep_2,SN2284,02:08:00,-2.0,02:24:00,02:28:00,A67 ,42.0,21.0,3.17,2.02,4.0,9.19
2026-04-06_rep_2,SN2288,14:50:00,-19.0,14:49:00,14:51:00,A53 ,3.0,23.0,0.19,1.26,2.0,3.45
2026-04-06_rep_2,SN2292,21:08:00,1.0,21:20:00,21:22:00,A48 ,44.0,14.0,5.09,1.74,2.0,8.82
2026-04-06_rep_2,SN2294,01:55:00,-4.0,02:02:00,02:05:00,A58 ,34.0,16.0,2.16,2.0,3.0,7.16
2026-04-06_rep_2,SN2318,02:04:00,122.0,04:38:00,04:41:00,A66 ,73.0,36.0,6.13,1.43,3.0,10.56
2026-04-06_rep_2,SN2372,23:54:00,-13.0,23:59:00,00:03:00,A42 ,53.0,22.0,4.41,1.97,4.0,10.38
2026-04-06_rep_2,SN241,11:54:00,4.0,12:17:00,12:43:00,B37 A,32.0,23.0,3.07,0.13,26.0,29.21
2026-04-06_rep_2,SN2548,01:13:00,-8.0,01:22:00,01:24:00,A48 ,52.0,20.0,3.79,1.72,2.0,7.51
2026-04-06_rep_2,SN2556,02:14:00,0.0,02:25:00,02:27:00,A45 ,23.0,15.0,1.61,1.31,2.0,4.92
2026-04-06_rep_2,SN2582,19:08:00,20.0,19:51:00,19:53:00,A52 ,63.0,26.0,4.36,2.16,2.0,8.53
2026-04-06_rep_2,SN2588,02:14:00,15.0,02:40:00,02:44:00,A64 ,72.0,15.0,6.78,1.59,4.0,12.37
2026-04-06_rep_2,SN2592,14:28:00,-19.0,14:27:00,14:29:00,A44 ,2.0,26.0,0.17,1.54,2.0,3.71
2026-04-06_rep_2,SN2608,16:16:00,-15.0,16:24:00,16:27:00,A42 ,32.0,29.0,3.19,1.33,3.0,7.52
2026-04-06_rep_2,SN2610,18:53:00,-22.0,18:47:00,18:49:00,A46 ,35.0,24.0,2.45,2.2,2.0,6.65
2026-04-06_rep_2,SN2612,19:46:00,-17.0,19:39:00,19:40:00,A60 ,27.0,16.0,2.98,2.26,1.0,6.24
2026-04-06_rep_2,SN2614,23:33:00,1.0,23:48:00,23:52:00,A56 ,17.0,17.0,1.48,1.97,4.0,7.45
2026-04-06_rep_2,SN2618,04:38:00,-1.0,04:48:00,04:49:00,A60 ,22.0,14.0,1.85,1.51,1.0,4.36
2026-04-06_rep_2,SN2624,18:59:00,-23.0,18:46:00,18:49:00,A54 ,29.0,19.0,2.57,1.96,3.0,7.54
2026-04-06_rep_2,SN2644,19:13:00,-6.0,19:26:00,19:29:00,A50 ,44.0,22.0,3.72,1.73,3.0,8.46
2026-04-06_rep_2,SN2650,02:01:00,3.0,02:21:00,02:26:00,A42 ,47.0,23.0,4.82,1.84,5.0,11.65
2026-04-06_rep_2,SN2714,18:53:00,-8.0,19:07:00,19:09:00,A44 ,41.0,30.0,3.84,1.67,2.0,7.51
2026-04-06_rep_2,SN2722,00:33:00,16.0,01:14:00,01:18:00,A54 ,63.0,28.0,5.22,1.52,4.0,10.75
2026-04-06_rep_2,SN2724,04:34:00,0.0,04:54:00,04:57:00,A44 ,87.0,24.0,7.92,1.81,3.0,12.73
2026-04-06_rep_2,SN2726,14:23:00,-5.0,14:47:00,14:50:00,A50 ,20.0,32.0,1.61,1.42,3.0,6.03
2026-04-06_rep_2,SN2730,16:22:00,-6.0,16:33:00,16:35:00,A44 ,8.0,24.0,0.88,2.04,2.0,4.92
2026-04-06_rep_2,SN2732,03:34:00,0.0,03:51:00,03:53:00,A46 ,35.0,21.0,2.57,1.61,2.0,6.17
2026-04-06_rep_2,SN2810,19:28:00,-8.0,19:40:00,19:42:00,A56 ,40.0,28.0,3.59,1.48,2.0,7.07
2026-04-06_rep_2,SN2812,02:18:00,-9.0,02:21:00,02:25:00,A69 ,51.0,15.0,4.56,1.88,4.0,10.44
2026-04-06_rep_2,SN2816,14:23:00,-26.0,14:15:00,14:16:00,A40 ,1.0,21.0,0.06,2.22,1.0,3.28
2026-04-06_rep_2,SN2902,17:14:00,-5.0,17:20:00,17:22:00,A54 ,23.0,20.0,1.58,1.61,2.0,5.19
2026-04-06_rep_2,SN2906,01:58:00,-1.0,02:11:00,02:15:00,A57 ,59.0,17.0,3.6,1.94,4.0,9.54
2026-04-06_rep_2,SN2908,04:55:00,1.0,05:15:00,05:17:00,A67 ,45.0,24.0,3.38,1.46,2.0,6.84
2026-04-06_rep_2,SN3126,00:03:00,-10.0,00:04:00,00:05:00,A50 ,31.0,14.0,2.19,1.72,1.0,4.92
2026-04-06_rep_2,SN3140,19:44:00,-12.0,19:46:00,19:54:00,A62 ,36.0,18.0,2.97,2.2,8.0,13.16
2026-04-06_rep_2,SN3146,17:09:00,-5.0,17:18:00,17:20:00,A40 ,24.0,23.0,2.28,1.82,2.0,6.1
2026-04-06_rep_2,SN3148,20:52:00,-3.0,21:05:00,21:08:00,A58 ,53.0,23.0,3.69,1.89,3.0,8.57
2026-04-06_rep_2,SN3150,02:24:00,7.0,02:48:00,02:50:00,A68 ,62.0,21.0,5.31,1.75,2.0,9.06
2026-04-06_rep_2,SN3154,16:18:00,-5.0,16:31:00,16:32:00,A50 ,9.0,26.0,0.68,1.39,1.0,3.07
2026-04-06_rep_2,SN3160,05:18:00,-6.0,05:34:00,05:37:00,A64 ,56.0,25.0,6.01,1.79,3.0,10.8
2026-04-06_rep_2,SN3170,21:23:00,-1.0,21:42:00,21:45:00,A44 ,46.0,23.0,3.18,2.22,3.0,8.4
2026-04-06_rep_2,SN3176,18:29:00,15.0,19:07:00,19:10:00,A42 ,72.0,27.0,7.99,1.62,3.0,12.61
2026-04-06_rep_2,SN3182,02:23:00,9.0,02:56:00,02:59:00,A47 ,55.0,27.0,5.95,1.71,3.0,10.67
2026-04-06_rep_2,SN3184,05:18:00,-1.0,05:44:00,05:47:00,A62 ,86.0,30.0,6.84,1.76,3.0,11.6
2026-04-06_rep_2,SN3202,20:23:00,-16.0,20:29:00,20:32:00,A54 ,90.0,25.0,9.63,1.38,3.0,14.01
2026-04-06_rep_2,SN3208,14:47:00,-10.0,14:53:00,14:54:00,A58 ,7.0,23.0,0.63,1.65,1.0,3.28
2026-04-06_rep_2,SN3246,23:53:00,-6.0,00:13:00,00:17:00,A44 ,57.0,29.0,6.42,1.62,4.0,12.04
2026-04-06_rep_2,SN3334,07:42:00,-6.0,07:55:00,08:03:00,B14 A,158.0,26.0,12.68,0.13,8.0,20.81
2026-04-06_rep_2,SN3344,02:19:00,7.0,02:45:00,02:46:00,A43 ,29.0,23.0,1.96,1.43,1.0,4.39
2026-04-06_rep_2,SN358,12:21:00,2.0,12:43:00,13:14:00,B28 A,176.0,26.0,13.57,0.11,31.0,44.68
2026-04-06_rep_2,SN3588,20:39:00,-9.0,20:53:00,20:57:00,A61 ,35.0,27.0,2.99,1.36,4.0,8.34
2026-04-06_rep_2,SN3594,14:33:00,-1.0,14:51:00,14:57:00,A56 ,3.0,22.0,0.26,1.8,6.0,8.06
2026-04-06_rep_2,SN3598,21:18:00,-23.0,21:09:00,21:11:00,A60 ,48.0,17.0,3.76,2.07,2.0,7.83
2026-04-06_rep_2,SN3604,14:29:00,-5.0,14:40:00,14:41:00,A48 ,8.0,20.0,0.6,1.57,1.0,3.17
2026-04-06_rep_2,SN3618,21:33:00,-7.0,21:36:00,21:39:00,A56 ,54.0,13.0,3.33,1.54,3.0,7.87
2026-04-06_rep_2,SN3632,15:34:00,-5.0,15:47:00,16:00:00,A60 ,2.0,22.0,0.19,1.36,13.0,14.56
2026-04-06_rep_2,SN3634,17:02:00,3.0,17:32:00,17:33:00,A60 ,4.0,34.0,0.31,1.75,1.0,3.06
2026-04-06_rep_2,SN3668,19:57:00,-4.0,20:16:00,20:18:00,A64 ,44.0,30.0,3.9,1.89,2.0,7.79
2026-04-06_rep_2,SN3676,14:38:00,-1.0,14:57:00,14:58:00,A42 ,15.0,23.0,1.34,1.51,1.0,3.85
2026-04-06_rep_2,SN3698,20:34:00,51.0,21:44:00,21:46:00,A50 ,28.0,23.0,2.09,1.7,2.0,5.79
2026-04-06_rep_2,SN3704,23:23:00,19.0,00:06:00,00:09:00,A58 ,80.0,27.0,6.8,1.58,3.0,11.38
2026-04-06_rep_2,SN3706,05:31:00,6.0,05:59:00,07:01:00,A56 ,63.0,28.0,4.73,2.23,62.0,68.96
2026-04-06_rep_2,SN3708,13:48:00,-12.0,13:53:00,13:54:00,A60 ,15.0,25.0,1.07,1.97,1.0,4.04
2026-04-06_rep_2,SN3712,00:43:00,27.0,01:37:00,01:41:00,A46 ,68.0,30.0,4.55,1.64,4.0,10.19
2026-04-06_rep_2,SN3722,20:59:00,34.0,21:54:00,21:57:00,A40 ,72.0,25.0,6.18,2.01,3.0,11.19
2026-04-06_rep_2,SN3728,02:00:00,0.0,02:21:00,02:24:00,A50 ,67.0,26.0,5.26,2.19,3.0,10.45
2026-04-06_rep_2,SN3730,06:15:00,47.0,07:25:00,07:29:00,A58 ,75.0,88.0,4.91,1.98,4.0,10.89
2026-04-06_rep_2,SN3732,14:39:00,2.0,15:01:00,15:02:00,A52 ,35.0,24.0,2.68,1.82,1.0,5.51
2026-04-06_rep_2,SN3734,18:53:00,-2.0,19:16:00,19:18:00,A48 ,38.0,28.0,3.26,1.57,2.0,6.83
2026-04-06_rep_2,SN3736,00:29:00,-5.0,00:52:00,00:55:00,A40 ,65.0,32.0,7.14,1.66,3.0,11.8
2026-04-06_rep_2,SN3738,05:13:00,2.0,05:32:00,05:34:00,A50 ,55.0,20.0,4.79,1.7,2.0,8.49
2026-04-06_rep_2,SN3740,03:17:00,-4.0,03:35:00,03:36:00,A52 ,62.0,29.0,4.31,2.39,1.0,7.7
2026-04-06_rep_2,SN3752,21:14:00,23.0,22:01:00,22:04:00,A67 ,78.0,28.0,5.85,1.78,3.0,10.63
2026-04-06_rep_2,SN3772,17:42:00,-5.0,18:05:00,18:07:00,A56 ,18.0,35.0,1.71,1.85,2.0,5.55
2026-04-06_rep_2,SN3774,04:20:00,8.0,04:55:00,04:59:00,A61 ,41.0,32.0,3.22,1.21,4.0,8.43
2026-04-06_rep_2,SN3780,23:23:00,-31.0,23:10:00,23:14:00,A48 ,11.0,21.0,0.73,1.69,4.0,6.42
2026-04-06_rep_2,SN3802,22:03:00,-5.0,22:22:00,22:26:00,A54 ,31.0,27.0,2.14,1.82,4.0,7.96
2026-04-06_rep_2,SN3812,22:19:00,16.0,22:55:00,22:58:00,A46 ,68.0,24.0,5.62,1.6,3.0,10.22
2026-04-06_rep_2,SN3820,06:45:00,19.0,07:29:00,07:32:00,A40 ,59.0,90.0,4.73,2.01,3.0,9.74
2026-04-06_rep_2,SN383,11:11:00,18.0,11:43:00,12:19:00,B14 A,176.0,20.0,12.08,0.11,36.0,48.19
2026-04-06_rep_2,SN502,13:45:00,-20.0,13:37:00,14:02:00,B40 A,85.0,17.0,6.95,0.1,25.0,32.05
2026-04-06_rep_2,SQ304,13:30:00,-3.0,13:44:00,14:25:00,B37 A,205.0,22.0,17.57,0.09,41.0,58.66
2026-04-06_rep_2,TB1012,18:35:00,-10.0,18:42:00,18:45:00,A51 ,72.0,22.0,6.75,2.42,3.0,12.17
2026-04-06_rep_2,TB1112,18:00:00,-2.0,18:19:00,18:22:00,A59 ,75.0,26.0,6.52,1.71,3.0,11.24
2026-04-06_rep_2,TB1114,18:01:00,10.0,18:29:00,18:35:00,A55 ,47.0,24.0,3.41,1.57,6.0,10.98
2026-04-06_rep_2,TB1412,17:35:00,-2.0,17:42:00,17:44:00,A57 ,28.0,14.0,2.01,1.65,2.0,5.67
2026-04-06_rep_2,TB1552,04:10:00,12.0,04:44:00,04:50:00,A53 ,120.0,27.0,7.62,1.54,6.0,15.16
2026-04-06_rep_2,TB1752,21:55:00,2.0,22:29:00,22:37:00,A59 ,128.0,37.0,9.91,1.6,8.0,19.51
2026-04-06_rep_2,TB1754,04:34:00,-17.0,04:36:00,04:44:00,A65 ,129.0,23.0,9.1,1.38,8.0,18.48
2026-04-06_rep_2,TB1912,04:21:00,-7.0,04:28:00,04:31:00,A57 ,55.0,20.0,4.42,1.48,3.0,8.9
2026-04-06_rep_2,TB2534,04:11:00,15.0,04:47:00,04:51:00,B14 A,103.0,32.0,6.96,0.13,4.0,11.08
2026-04-06_rep_2,TB2654,03:05:00,-15.0,03:14:00,03:21:00,B11 A,163.0,29.0,12.91,0.08,7.0,19.99
2026-04-06_rep_2,TB2664,05:50:00,-9.0,07:00:00,07:04:00,B31 A,98.0,84.0,6.28,0.14,4.0,10.41
2026-04-06_rep_2,TB2952,18:15:00,-1.0,18:32:00,18:37:00,B34 A,5.0,23.0,0.4,0.09,5.0,5.49
2026-04-06_rep_2,TB3012,07:33:00,-8.0,07:43:00,07:48:00,B27 A,105.0,21.0,7.91,0.09,5.0,13.0
2026-04-06_rep_2,TB3042,07:19:00,-21.0,07:18:00,07:24:00,B9  A,144.0,24.0,12.72,1.58,6.0,20.3
2026-04-06_rep_2,TB3102,00:34:00,16.0,01:07:00,01:12:00,B27 A,128.0,26.0,9.82,0.08,5.0,14.9
2026-04-06_rep_2,TB3202,06:26:00,83.0,08:02:00,08:03:00,B28 A,48.0,19.0,3.79,0.09,1.0,4.89
2026-04-06_rep_2,TG934,13:24:00,-1.0,13:39:00,14:12:00,B14 A,262.0,25.0,24.31,0.11,33.0,57.42
2026-04-06_rep_2,TK1937,16:16:00,-7.0,16:24:00,16:43:00,B34 A,208.0,21.0,16.31,0.11,19.0,35.42
2026-04-06_rep_2,TK1939,23:56:00,5.0,00:14:00,00:53:00,B14 A,177.0,19.0,15.83,0.1,39.0,54.94
2026-04-06_rep_2,TK1941,03:42:00,-1.0,03:52:00,04:10:00,B30 A,251.0,28.0,19.09,0.09,18.0,37.17
2026-04-06_rep_2,TK1943,19:32:00,-4.0,19:41:00,19:51:00,B14 A,128.0,20.0,9.15,0.12,10.0,19.27
2026-04-06_rep_2,TP640,17:05:00,6.0,17:32:00,17:35:00,A49 ,106.0,26.0,8.3,1.55,3.0,12.86
2026-04-06_rep_2,TP642,21:11:00,-15.0,21:09:00,21:12:00,A47 ,73.0,19.0,5.63,1.36,3.0,9.99
2026-04-06_rep_2,TP644,02:08:00,-13.0,02:11:00,02:20:00,A49 ,100.0,19.0,8.1,1.75,9.0,18.85
2026-04-06_rep_2,TP646,06:01:00,69.0,07:24:00,07:29:00,A59 ,114.0,20.0,10.15,1.69,5.0,16.84
2026-04-06_rep_2,TU954,17:30:00,-4.0,17:42:00,17:46:00,B36 A,72.0,21.0,8.97,0.11,4.0,13.08
2026-04-06_rep_2,UA950,13:20:00,-36.0,13:07:00,13:29:00,B31 A,97.0,28.0,8.72,0.1,22.0,30.82
2026-04-06_rep_2,UA972,15:07:00,-19.0,15:04:00,15:26:00,B40 A,50.0,23.0,4.13,0.16,22.0,26.29
2026-04-06_rep_2,UA994,13:51:00,-45.0,13:25:00,13:49:00,B38 A,135.0,25.0,12.54,0.12,24.0,36.66
2026-04-06_rep_2,UX1171,15:54:00,0.0,16:16:00,16:19:00,A48 ,91.0,31.0,8.23,1.67,3.0,12.9
2026-04-06_rep_2,UX1173,23:46:00,-8.0,23:56:00,00:02:00,A49 ,84.0,24.0,7.42,1.8,6.0,15.22
2026-04-06_rep_2,VF65,17:20:00,-6.0,17:29:00,17:34:00,B27 A,105.0,20.0,6.21,0.09,5.0,11.29
2026-04-06_rep_2,VF67,22:17:00,4.0,22:38:00,22:51:00,B15 A,215.0,24.0,20.14,0.09,13.0,33.23
2026-04-06_rep_2,VY1334,02:30:00,-14.0,02:32:00,02:33:00,A61 ,36.0,21.0,3.78,1.54,1.0,6.32
2026-04-06_rep_2,VY3650,23:50:00,22.0,00:24:00,00:27:00,A57 ,61.0,17.0,4.06,1.56,3.0,8.62
2026-04-06_rep_2,VY8980,15:55:00,-7.0,15:59:00,16:00:00,A57 ,47.0,16.0,3.97,1.37,1.0,6.34
2026-04-06_rep_2,VY8982,23:29:00,-1.0,23:46:00,23:49:00,A45 ,30.0,22.0,2.62,1.49,3.0,7.12
2026-04-06_rep_2,VY8984,02:54:00,-13.0,02:51:00,02:52:00,A63 ,28.0,14.0,3.09,1.97,1.0,6.06
2026-04-06_rep_2,VY8986,20:35:00,8.0,20:58:00,21:00:00,A51 ,78.0,20.0,5.68,1.25,2.0,8.93
2026-04-06_rep_3,AC826,13:57:00,-4.0,14:07:00,14:41:00,B28 A,62.0,21.0,6.29,0.11,34.0,40.4
2026-04-06_rep_3,AC832,13:17:00,-34.0,12:55:00,13:21:00,B30 A,80.0,19.0,6.35,0.1,26.0,32.45
2026-04-06_rep_3,AY1541,15:25:00,-24.0,15:11:00,15:14:00,A45 ,43.0,15.0,3.79,1.44,3.0,8.23
2026-04-06_rep_3,AY1545,00:25:00,-7.0,00:34:00,00:44:00,A61 ,38.0,21.0,2.93,1.74,10.0,14.67
2026-04-06_rep_3,AY1549,04:41:00,-15.0,04:42:00,04:45:00,A49 ,27.0,22.0,1.76,1.46,3.0,6.22
2026-04-06_rep_3,AZ148,14:41:00,-17.0,14:42:00,14:44:00,A51 ,12.0,24.0,0.89,1.93,2.0,4.82
2026-04-06_rep_3,AZ154,01:08:00,-6.0,01:18:00,01:21:00,A62 ,60.0,19.0,5.55,1.79,3.0,10.34
2026-04-06_rep_3,AZ156,16:52:00,-19.0,16:57:00,16:59:00,A58 ,47.0,31.0,3.67,2.03,2.0,7.7
2026-04-06_rep_3,AZ160,00:03:00,9.0,00:27:00,00:29:00,A64 ,56.0,18.0,3.61,1.31,2.0,6.92
2026-04-06_rep_3,BA384,15:59:00,-8.0,16:06:00,16:08:00,B27 A,40.0,19.0,3.36,0.1,2.0,5.47
2026-04-06_rep_3,BA386,20:16:00,-20.0,20:14:00,20:22:00,B9  A,121.0,24.0,8.8,1.78,8.0,18.58
2026-04-06_rep_3,BA388,23:10:00,-21.0,23:02:00,23:06:00,B36 A,85.0,18.0,8.35,0.1,4.0,12.45
2026-04-06_rep_3,BA390,02:03:00,-17.0,02:17:00,02:23:00,B38 A,80.0,34.0,5.38,0.09,6.0,11.47
2026-04-06_rep_3,BT601,15:00:00,-6.0,15:07:00,15:09:00,A55 ,12.0,18.0,0.79,1.78,2.0,4.57
2026-04-06_rep_3,BT851,15:03:00,-9.0,15:05:00,15:06:00,A57 ,17.0,14.0,1.34,1.56,1.0,3.89
2026-04-06_rep_3,CX275,14:31:00,-27.0,14:24:00,15:00:00,B31 A,268.0,26.0,23.3,0.07,36.0,59.37
2026-04-06_rep_3,DL140,13:48:00,-24.0,13:42:00,14:12:00,B34 A,203.0,26.0,21.0,0.09,30.0,51.09
2026-04-06_rep_3,DN403,19:36:00,13.0,20:01:00,20:03:00,A57 ,39.0,18.0,2.6,2.15,2.0,6.75
2026-04-06_rep_3,EI630,15:44:00,-11.0,15:47:00,15:51:00,B29 A,104.0,18.0,9.86,0.11,4.0,13.97
2026-04-06_rep_3,EI638,02:50:00,-6.0,03:02:00,03:08:00,B7  A,115.0,23.0,10.41,2.2,6.0,18.61
2026-04-06_rep_3,EK181,01:35:00,19.0,02:09:00,02:43:00,B31 A,247.0,20.0,16.19,0.08,34.0,50.27
2026-04-06_rep_3,ET750,13:12:00,-2.0,13:30:00,14:14:00,B29 A,453.0,27.0,26.67,0.12,44.0,70.79
2026-04-06_rep_3,EY57,14:05:00,67.0,15:39:00,16:17:00,B5  A,190.0,32.0,19.25,2.15,38.0,59.4
2026-04-06_rep_3,FH8014,21:17:00,7.0,21:35:00,21:36:00,B36 A,21.0,18.0,2.41,0.1,1.0,3.51
2026-04-06_rep_3,FI554,19:02:00,-17.0,18:59:00,19:02:00,A49 ,53.0,21.0,4.61,1.92,3.0,9.53
2026-04-06_rep_3,GQ800,19:11:00,2.0,19:22:00,19:24:00,A47 ,35.0,15.0,3.0,1.45,2.0,6.44
2026-04-06_rep_3,GQ850,16:03:00,-18.0,16:03:00,16:07:00,A56 ,18.0,31.0,1.32,1.88,4.0,7.2
2026-04-06_rep_3,IB597,17:30:00,-21.0,17:27:00,17:33:00,A43 ,87.0,23.0,8.31,1.39,6.0,15.69
2026-04-06_rep_3,IB601,01:06:00,-3.0,01:18:00,01:22:00,A45 ,70.0,21.0,5.55,1.72,4.0,11.27
2026-04-06_rep_3,IB603,04:36:00,-19.0,04:41:00,04:43:00,A47 ,73.0,30.0,5.51,1.62,2.0,9.13
2026-04-06_rep_3,JU272,02:28:00,-11.0,02:33:00,02:37:00,B14 A,34.0,19.0,3.24,0.08,4.0,7.33
2026-04-06_rep_3,KM420,01:20:00,-9.0,01:27:00,01:32:00,A51 ,142.0,21.0,12.06,1.7,5.0,18.76
2026-04-06_rep_3,LO231,04:42:00,6.0,04:59:00,05:01:00,A51 ,37.0,18.0,2.28,1.17,2.0,5.45
2026-04-06_rep_3,LO233,01:03:00,20.0,01:46:00,01:49:00,A60 ,73.0,26.0,5.22,1.69,3.0,9.92
2026-04-06_rep_3,LO235,15:35:00,-15.0,15:28:00,15:30:00,A46 ,15.0,18.0,1.16,1.71,2.0,4.88
2026-04-06_rep_3,LO237,18:36:00,-16.0,18:37:00,18:41:00,A43 ,8.0,23.0,0.55,1.58,4.0,6.13
2026-04-06_rep_3,LX780,20:20:00,-6.0,20:33:00,20:35:00,A45 ,65.0,24.0,6.04,1.46,2.0,9.5
2026-04-06_rep_3,LX786,14:56:00,-15.0,14:55:00,15:01:00,A43 ,22.0,20.0,1.4,1.88,6.0,9.28
2026-04-06_rep_3,LX788,00:40:00,4.0,01:00:00,01:04:00,A43 ,55.0,21.0,3.72,1.53,4.0,9.26
2026-04-06_rep_3,ME215,16:40:00,-11.0,16:39:00,16:58:00,B9  A,128.0,15.0,11.64,1.27,19.0,31.92
2026-04-06_rep_3,MI7214,16:27:00,-4.0,16:42:00,16:48:00,B28 A,157.0,26.0,14.09,0.09,6.0,20.18
2026-04-06_rep_3,MS725,20:51:00,42.0,21:45:00,21:57:00,B34 A,138.0,18.0,9.08,0.09,12.0,21.17
2026-04-06_rep_3,NH231,23:42:00,-40.0,23:14:00,23:39:00,B11 A,180.0,19.0,15.03,0.08,25.0,40.11
2026-04-06_rep_3,OS293,20:11:00,-6.0,20:17:00,20:19:00,A43 ,54.0,18.0,3.96,1.57,2.0,7.52
2026-04-06_rep_3,OS295,22:51:00,-6.0,22:58:00,22:59:00,A43 ,71.0,19.0,6.12,1.65,1.0,8.77
2026-04-06_rep_3,OS297,01:17:00,-1.0,01:34:00,01:37:00,A47 ,37.0,25.0,2.81,1.17,3.0,6.99
2026-04-06_rep_3,OU4456,01:53:00,11.0,02:23:00,02:27:00,A65 ,68.0,22.0,5.77,1.69,4.0,11.46
2026-04-06_rep_3,OU456,14:46:00,4.0,15:01:00,15:03:00,A49 ,5.0,17.0,0.34,1.78,2.0,4.12
2026-04-06_rep_3,QS1000,14:17:00,-14.0,14:12:00,14:14:00,A47 ,13.0,16.0,1.09,1.37,2.0,4.45
2026-04-06_rep_3,QS1002,00:52:00,4.0,01:13:00,01:14:00,A63 ,19.0,24.0,1.2,1.51,1.0,3.71
2026-04-06_rep_3,RO371,15:52:00,88.0,17:42:00,17:45:00,A50 ,23.0,29.0,2.26,1.75,3.0,7.01
2026-04-06_rep_3,SK1589,00:21:00,-15.0,00:20:00,00:23:00,A51 ,82.0,20.0,6.98,1.46,3.0,11.44
2026-04-06_rep_3,SK1593,20:41:00,19.0,21:14:00,21:16:00,A53 ,58.0,20.0,4.69,1.94,2.0,8.63
2026-04-06_rep_3,SK1595,00:36:00,14.0,01:06:00,01:09:00,A53 ,50.0,22.0,5.22,1.41,3.0,9.63
2026-04-06_rep_3,SK4743,16:46:00,-9.0,16:55:00,17:00:00,A52 ,13.0,24.0,1.08,1.58,5.0,7.67
2026-04-06_rep_3,SK4745,02:34:00,13.0,03:00:00,03:03:00,A51 ,67.0,17.0,5.11,2.02,3.0,10.13
2026-04-06_rep_3,SK589,16:25:00,-26.0,16:08:00,16:10:00,A43 ,42.0,19.0,3.44,1.43,2.0,6.87
2026-04-06_rep_3,SK593,15:48:00,-19.0,15:38:00,15:39:00,A51 ,10.0,17.0,0.97,1.52,1.0,3.49
2026-04-06_rep_3,SN204,11:05:00,1.0,11:24:00,11:53:00,B30 A,195.0,23.0,12.52,0.13,29.0,41.65
2026-04-06_rep_3,SN2096,02:03:00,33.0,02:57:00,02:59:00,B34 A,59.0,24.0,4.6,0.11,2.0,6.71
2026-04-06_rep_3,SN2104,14:59:00,-10.0,15:22:00,15:23:00,B11 A,9.0,37.0,0.68,0.11,1.0,1.79
2026-04-06_rep_3,SN2174,19:34:00,3.0,19:52:00,19:57:00,B29 A,57.0,19.0,4.18,0.11,5.0,9.29
2026-04-06_rep_3,SN2184,14:35:00,-6.0,14:52:00,14:53:00,B7  A,13.0,28.0,0.94,1.42,1.0,3.36
2026-04-06_rep_3,SN2258,19:32:00,5.0,19:49:00,19:52:00,A40 ,43.0,19.0,2.97,1.59,3.0,7.56
2026-04-06_rep_3,SN2260,01:50:00,79.0,03:32:00,03:35:00,A62 ,60.0,28.0,4.69,1.79,3.0,9.48
2026-04-06_rep_3,SN2268,14:29:00,-20.0,14:26:00,14:28:00,A54 ,8.0,21.0,0.75,1.97,2.0,4.72
2026-04-06_rep_3,SN2284,02:08:00,-2.0,02:24:00,02:28:00,A67 ,42.0,21.0,3.11,2.1,4.0,9.21
2026-04-06_rep_3,SN2288,14:50:00,-19.0,14:49:00,14:51:00,A53 ,3.0,23.0,0.22,1.81,2.0,4.03
2026-04-06_rep_3,SN2292,21:08:00,1.0,21:20:00,21:22:00,A48 ,44.0,14.0,4.86,1.52,2.0,8.38
2026-04-06_rep_3,SN2294,01:55:00,-4.0,02:02:00,02:05:00,A58 ,34.0,16.0,2.84,1.98,3.0,7.82
2026-04-06_rep_3,SN2318,02:04:00,122.0,04:38:00,04:41:00,A66 ,73.0,36.0,4.96,1.64,3.0,9.6
2026-04-06_rep_3,SN2372,23:54:00,-13.0,23:59:00,00:03:00,A42 ,53.0,22.0,4.55,1.36,4.0,9.9
2026-04-06_rep_3,SN241,11:54:00,4.0,12:17:00,12:43:00,B37 A,32.0,23.0,2.66,0.08,26.0,28.74
2026-04-06_rep_3,SN2548,01:13:00,-8.0,01:22:00,01:24:00,A48 ,52.0,20.0,3.3,1.73,2.0,7.04
2026-04-06_rep_3,SN2556,02:14:00,0.0,02:25:00,02:27:00,A45 ,23.0,15.0,1.8,1.54,2.0,5.34
2026-04-06_rep_3,SN2582,19:08:00,20.0,19:51:00,19:53:00,A52 ,63.0,26.0,6.4,1.66,2.0,10.06
2026-04-06_rep_3,SN2588,02:14:00,15.0,02:40:00,02:44:00,A64 ,72.0,15.0,4.88,1.75,4.0,10.63
2026-04-06_rep_3,SN2592,14:28:00,-19.0,14:27:00,14:29:00,A44 ,2.0,26.0,0.16,1.48,2.0,3.64
2026-04-06_rep_3,SN2608,16:16:00,-15.0,16:24:00,16:27:00,A42 ,32.0,29.0,2.48,1.59,3.0,7.07
2026-04-06_rep_3,SN2610,18:53:00,-22.0,18:47:00,18:49:00,A46 ,35.0,24.0,2.87,1.65,2.0,6.52
2026-04-06_rep_3,SN2612,19:46:00,-17.0,19:39:00,19:40:00,A60 ,27.0,16.0,2.37,1.49,1.0,4.87
2026-04-06_rep_3,SN2614,23:33:00,1.0,23:48:00,23:52:00,A56 ,17.0,17.0,1.35,1.97,4.0,7.31
2026-04-06_rep_3,SN2618,04:38:00,-1.0,04:48:00,04:49:00,A60 ,22.0,14.0,1.85,2.16,1.0,5.0
2026-04-06_rep_3,SN2624,18:59:00,-23.0,18:46:00,18:49:00,A54 ,29.0,19.0,2.71,1.65,3.0,7.36
2026-04-06_rep_3,SN2644,19:13:00,-6.0,19:26:00,19:29:00,A50 ,44.0,22.0,3.15,1.89,3.0,8.05
2026-04-06_rep_3,SN2650,02:01:00,3.0,02:21:00,02:26:00,A42 ,47.0,23.0,3.38,1.92,5.0,10.29
2026-04-06_rep_3,SN2714,18:53:00,-8.0,19:07:00,19:09:00,A44 ,41.0,30.0,3.58,1.78,2.0,7.36
2026-04-06_rep_3,SN2722,00:33:00,16.0,01:14:00,01:18:00,A54 ,63.0,28.0,4.21,1.68,4.0,9.89
2026-04-06_rep_3,SN2724,04:34:00,0.0,04:54:00,04:57:00,A44 ,87.0,24.0,9.4,1.85,3.0,14.24
2026-04-06_rep_3,SN2726,14:23:00,-5.0,14:47:00,14:50:00,A50 ,20.0,32.0,1.46,1.29,3.0,5.75
2026-04-06_rep_3,SN2730,16:22:00,-6.0,16:33:00,16:35:00,A44 ,8.0,24.0,0.68,1.5,2.0,4.18
2026-04-06_rep_3,SN2732,03:34:00,0.0,03:51:00,03:53:00,A46 ,35.0,21.0,2.26,1.39,2.0,5.65
2026-04-06_rep_3,SN2810,19:28:00,-8.0,19:40:00,19:42:00,A56 ,40.0,28.0,3.99,1.25,2.0,7.24
2026-04-06_rep_3,SN2812,02:18:00,-9.0,02:21:00,02:25:00,A69 ,51.0,15.0,4.85,1.66,4.0,10.51
2026-04-06_rep_3,SN2816,14:23:00,-26.0,14:15:00,14:16:00,A40 ,1.0,21.0,0.06,1.43,1.0,2.5
2026-04-06_rep_3,SN2902,17:14:00,-5.0,17:20:00,17:22:00,A54 ,23.0,20.0,2.22,2.01,2.0,6.24
2026-04-06_rep_3,SN2906,01:58:00,-1.0,02:11:00,02:15:00,A57 ,59.0,17.0,4.01,1.52,4.0,9.52
2026-04-06_rep_3,SN2908,04:55:00,1.0,05:15:00,05:17:00,A67 ,45.0,24.0,4.01,1.78,2.0,7.79
2026-04-06_rep_3,SN3126,00:03:00,-10.0,00:04:00,00:05:00,A50 ,31.0,14.0,2.11,1.73,1.0,4.85
2026-04-06_rep_3,SN3140,19:44:00,-12.0,19:46:00,19:54:00,A62 ,36.0,18.0,2.71,1.49,8.0,12.2
2026-04-06_rep_3,SN3146,17:09:00,-5.0,17:18:00,17:20:00,A40 ,24.0,23.0,1.94,1.99,2.0,5.93
2026-04-06_rep_3,SN3148,20:52:00,-3.0,21:05:00,21:08:00,A58 ,53.0,23.0,3.43,1.65,3.0,8.07
2026-04-06_rep_3,SN3150,02:24:00,7.0,02:48:00,02:50:00,A68 ,62.0,21.0,6.15,2.11,2.0,10.27
2026-04-06_rep_3,SN3154,16:18:00,-5.0,16:31:00,16:32:00,A50 ,9.0,26.0,0.73,1.46,1.0,3.2
2026-04-06_rep_3,SN3160,05:18:00,-6.0,05:34:00,05:37:00,A64 ,56.0,25.0,4.34,1.67,3.0,9.01
2026-04-06_rep_3,SN3170,21:23:00,-1.0,21:42:00,21:45:00,A44 ,46.0,23.0,4.08,1.43,3.0,8.51
2026-04-06_rep_3,SN3176,18:29:00,15.0,19:07:00,19:10:00,A42 ,72.0,27.0,6.44,1.9,3.0,11.33
2026-04-06_rep_3,SN3182,02:23:00,9.0,02:56:00,02:59:00,A47 ,55.0,27.0,4.81,1.97,3.0,9.78
2026-04-06_rep_3,SN3184,05:18:00,-1.0,05:44:00,05:47:00,A62 ,86.0,30.0,8.18,1.57,3.0,12.75
2026-04-06_rep_3,SN3202,20:23:00,-16.0,20:29:00,20:32:00,A54 ,90.0,25.0,8.77,1.6,3.0,13.37
2026-04-06_rep_3,SN3208,14:47:00,-10.0,14:53:00,14:54:00,A58 ,7.0,23.0,0.56,1.65,1.0,3.22
2026-04-06_rep_3,SN3246,23:53:00,-6.0,00:13:00,00:17:00,A44 ,57.0,29.0,5.73,1.43,4.0,11.16
2026-04-06_rep_3,SN3334,07:42:00,-6.0,07:55:00,08:03:00,B14 A,158.0,26.0,12.02,0.09,8.0,20.11
2026-04-06_rep_3,SN3344,02:19:00,7.0,02:45:00,02:46:00,A43 ,29.0,23.0,3.44,1.71,1.0,6.15
2026-04-06_rep_3,SN358,12:21:00,2.0,12:43:00,13:14:00,B28 A,176.0,26.0,14.94,0.11,31.0,46.05
2026-04-06_rep_3,SN3588,20:39:00,-9.0,20:53:00,20:57:00,A61 ,35.0,27.0,2.45,1.29,4.0,7.74
2026-04-06_rep_3,SN3594,14:33:00,-1.0,14:51:00,14:57:00,A56 ,3.0,22.0,0.26,2.24,6.0,8.5
2026-04-06_rep_3,SN3598,21:18:00,-23.0,21:09:00,21:11:00,A60 ,48.0,17.0,3.43,1.21,2.0,6.65
2026-04-06_rep_3,SN3604,14:29:00,-5.0,14:40:00,14:41:00,A48 ,8.0,20.0,0.73,1.94,1.0,3.67
2026-04-06_rep_3,SN3618,21:33:00,-7.0,21:36:00,21:39:00,A56 ,54.0,13.0,3.59,1.47,3.0,8.06
2026-04-06_rep_3,SN3632,15:34:00,-5.0,15:47:00,16:00:00,A60 ,2.0,22.0,0.16,1.36,13.0,14.53
2026-04-06_rep_3,SN3634,17:02:00,3.0,17:32:00,17:33:00,A60 ,4.0,34.0,0.28,1.97,1.0,3.25
2026-04-06_rep_3,SN3668,19:57:00,-4.0,20:16:00,20:18:00,A64 ,44.0,30.0,3.29,1.42,2.0,6.7
2026-04-06_rep_3,SN3676,14:38:00,-1.0,14:57:00,14:58:00,A42 ,15.0,23.0,1.43,1.37,1.0,3.8
2026-04-06_rep_3,SN3698,20:34:00,51.0,21:44:00,21:46:00,A50 ,28.0,23.0,1.95,1.77,2.0,5.72
2026-04-06_rep_3,SN3704,23:23:00,19.0,00:06:00,00:09:00,A58 ,80.0,27.0,7.05,1.69,3.0,11.74
2026-04-06_rep_3,SN3706,05:31:00,6.0,05:59:00,07:01:00,A56 ,63.0,28.0,4.35,1.15,62.0,67.5
2026-04-06_rep_3,SN3708,13:48:00,-12.0,13:53:00,13:54:00,A60 ,15.0,25.0,1.46,1.47,1.0,3.93
2026-04-06_rep_3,SN3712,00:43:00,27.0,01:37:00,01:41:00,A46 ,68.0,30.0,6.92,1.53,4.0,12.45
2026-04-06_rep_3,SN3722,20:59:00,34.0,21:54:00,21:57:00,A40 ,72.0,25.0,5.72,2.14,3.0,10.87
2026-04-06_rep_3,SN3728,02:00:00,0.0,02:21:00,02:24:00,A50 ,67.0,26.0,4.84,2.05,3.0,9.89
2026-04-06_rep_3,SN3730,06:15:00,47.0,07:25:00,07:29:00,A58 ,75.0,88.0,5.45,2.22,4.0,11.67
2026-04-06_rep_3,SN3732,14:39:00,2.0,15:01:00,15:02:00,A52 ,35.0,24.0,2.3,1.43,1.0,4.73
2026-04-06_rep_3,SN3734,18:53:00,-2.0,19:16:00,19:18:00,A48 ,38.0,28.0,3.08,2.01,2.0,7.1
2026-04-06_rep_3,SN3736,00:29:00,-5.0,00:52:00,00:55:00,A40 ,65.0,32.0,6.04,1.5,3.0,10.54
2026-04-06_rep_3,SN3738,05:13:00,2.0,05:32:00,05:34:00,A50 ,55.0,20.0,3.87,1.63,2.0,7.49
2026-04-06_rep_3,SN3740,03:17:00,-4.0,03:35:00,03:36:00,A52 ,62.0,29.0,5.3,2.06,1.0,8.36
2026-04-06_rep_3,SN3752,21:14:00,23.0,22:01:00,22:04:00,A67 ,78.0,28.0,7.57,2.06,3.0,12.63
2026-04-06_rep_3,SN3772,17:42:00,-5.0,18:05:00,18:07:00,A56 ,18.0,35.0,1.56,1.55,2.0,5.1
2026-04-06_rep_3,SN3774,04:20:00,8.0,04:55:00,04:59:00,A61 ,41.0,32.0,2.52,1.73,4.0,8.25
2026-04-06_rep_3,SN3780,23:23:00,-31.0,23:10:00,23:14:00,A48 ,11.0,21.0,1.02,1.3,4.0,6.31
2026-04-06_rep_3,SN3802,22:03:00,-5.0,22:22:00,22:26:00,A54 ,31.0,27.0,2.21,1.9,4.0,8.11
2026-04-06_rep_3,SN3812,22:19:00,16.0,22:55:00,22:58:00,A46 ,68.0,24.0,4.62,1.74,3.0,9.36
2026-04-06_rep_3,SN3820,06:45:00,19.0,07:29:00,07:32:00,A40 ,59.0,90.0,6.24,2.0,3.0,11.24
2026-04-06_rep_3,SN383,11:11:00,18.0,11:43:00,12:19:00,B14 A,176.0,20.0,14.53,0.12,36.0,50.65
2026-04-06_rep_3,SN502,13:45:00,-20.0,13:37:00,14:02:00,B40 A,85.0,17.0,5.58,0.09,25.0,30.66
2026-04-06_rep_3,SQ304,13:30:00,-3.0,13:44:00,14:25:00,B37 A,205.0,22.0,14.57,0.08,41.0,55.64
2026-04-06_rep_3,TB1012,18:35:00,-10.0,18:42:00,18:45:00,A51 ,72.0,22.0,7.1,2.23,3.0,12.34
2026-04-06_rep_3,TB1112,18:00:00,-2.0,18:19:00,18:22:00,A59 ,75.0,26.0,5.87,1.64,3.0,10.52
2026-04-06_rep_3,TB1114,18:01:00,10.0,18:29:00,18:35:00,A55 ,47.0,24.0,5.09,1.76,6.0,12.85
2026-04-06_rep_3,TB1412,17:35:00,-2.0,17:42:00,17:44:00,A57 ,28.0,14.0,1.82,1.74,2.0,5.56
2026-04-06_rep_3,TB1552,04:10:00,12.0,04:44:00,04:50:00,A53 ,120.0,27.0,9.61,1.32,6.0,16.93
2026-04-06_rep_3,TB1752,21:55:00,2.0,22:29:00,22:37:00,A59 ,128.0,37.0,9.0,2.3,8.0,19.3
2026-04-06_rep_3,TB1754,04:34:00,-17.0,04:36:00,04:44:00,A65 ,129.0,23.0,9.81,1.81,8.0,19.62
2026-04-06_rep_3,TB1912,04:21:00,-7.0,04:28:00,04:31:00,A57 ,55.0,20.0,5.44,1.85,3.0,10.29
2026-04-06_rep_3,TB2534,04:11:00,15.0,04:47:00,04:51:00,B14 A,103.0,32.0,8.29,0.09,4.0,12.37
2026-04-06_rep_3,TB2654,03:05:00,-15.0,03:14:00,03:21:00,B11 A,163.0,29.0,13.32,0.11,7.0,20.42
2026-04-06_rep_3,TB2664,05:50:00,-9.0,07:00:00,07:04:00,B31 A,98.0,84.0,7.98,0.11,4.0,12.09
2026-04-06_rep_3,TB2952,18:15:00,-1.0,18:32:00,18:37:00,B34 A,5.0,23.0,0.33,0.11,5.0,5.44
2026-04-06_rep_3,TB3012,07:33:00,-8.0,07:43:00,07:48:00,B27 A,105.0,21.0,9.82,0.14,5.0,14.95
2026-04-06_rep_3,TB3042,07:19:00,-21.0,07:18:00,07:24:00,B9  A,144.0,24.0,11.44,2.03,6.0,19.47
2026-04-06_rep_3,TB3102,00:34:00,16.0,01:07:00,01:12:00,B27 A,128.0,26.0,9.11,0.09,5.0,14.21
2026-04-06_rep_3,TB3202,06:26:00,83.0,08:02:00,08:03:00,B28 A,48.0,19.0,4.27,0.09,1.0,5.36
2026-04-06_rep_3,TG934,13:24:00,-1.0,13:39:00,14:12:00,B14 A,262.0,25.0,20.79,0.1,33.0,53.89
2026-04-06_rep_3,TK1937,16:16:00,-7.0,16:24:00,16:43:00,B34 A,208.0,21.0,15.25,0.09,19.0,34.34
2026-04-06_rep_3,TK1939,23:56:00,5.0,00:14:00,00:53:00,B14 A,177.0,19.0,13.76,0.09,39.0,52.85
2026-04-06_rep_3,TK1941,03:42:00,-1.0,03:52:00,04:10:00,B30 A,251.0,28.0,20.17,0.08,18.0,38.25
2026-04-06_rep_3,TK1943,19:32:00,-4.0,19:41:00,19:51:00,B14 A,128.0,20.0,10.63,0.1,10.0,20.73
2026-04-06_rep_3,TP640,17:05:00,6.0,17:32:00,17:35:00,A49 ,106.0,26.0,11.34,1.78,3.0,16.13
2026-04-06_rep_3,TP642,21:11:00,-15.0,21:09:00,21:12:00,A47 ,73.0,19.0,5.13,1.43,3.0,9.55
2026-04-06_rep_3,TP644,02:08:00,-13.0,02:11:00,02:20:00,A49 ,100.0,19.0,7.27,1.69,9.0,17.96
2026-04-06_rep_3,TP646,06:01:00,69.0,07:24:00,07:29:00,A59 ,114.0,20.0,9.55,1.55,5.0,16.1
2026-04-06_rep_3,TU954,17:30:00,-4.0,17:42:00,17:46:00,B36 A,72.0,21.0,5.0,0.12,4.0,9.12
2026-04-06_rep_3,UA950,13:20:00,-36.0,13:07:00,13:29:00,B31 A,97.0,28.0,10.77,0.11,22.0,32.88
2026-04-06_rep_3,UA972,15:07:00,-19.0,15:04:00,15:26:00,B40 A,50.0,23.0,4.0,0.1,22.0,26.1
2026-04-06_rep_3,UA994,13:51:00,-45.0,13:25:00,13:49:00,B38 A,135.0,25.0,12.54,0.1,24.0,36.64
2026-04-06_rep_3,UX1171,15:54:00,0.0,16:16:00,16:19:00,A48 ,91.0,31.0,6.52,1.79,3.0,11.32
2026-04-06_rep_3,UX1173,23:46:00,-8.0,23:56:00,00:02:00,A49 ,84.0,24.0,7.08,1.37,6.0,14.45
2026-04-06_rep_3,VF65,17:20:00,-6.0,17:29:00,17:34:00,B27 A,105.0,20.0,8.15,0.09,5.0,13.24
2026-04-06_rep_3,VF67,22:17:00,4.0,22:38:00,22:51:00,B15 A,215.0,24.0,13.86,0.15,13.0,27.01
2026-04-06_rep_3,VY1334,02:30:00,-14.0,02:32:00,02:33:00,A61 ,36.0,21.0,2.66,2.11,1.0,5.77
2026-04-06_rep_3,VY3650,23:50:00,22.0,00:24:00,00:27:00,A57 ,61.0,17.0,4.37,1.72,3.0,9.09
2026-04-06_rep_3,VY8980,15:55:00,-7.0,15:59:00,16:00:00,A57 ,47.0,16.0,3.03,1.35,1.0,5.38
2026-04-06_rep_3,VY8982,23:29:00,-1.0,23:46:00,23:49:00,A45 ,30.0,22.0,2.42,2.15,3.0,7.57
2026-04-06_rep_3,VY8984,02:54:00,-13.0,02:51:00,02:52:00,A63 ,28.0,14.0,1.71,2.11,1.0,4.82
2026-04-06_rep_3,VY8986,20:35:00,8.0,20:58:00,21:00:00,A51 ,78.0,20.0,5.33,1.15,2.0,8.48
2026-04-06_rep_4,AC826,13:57:00,-4.0,14:07:00,14:41:00,B28 A,62.0,21.0,5.49,0.09,34.0,39.59
2026-04-06_rep_4,AC832,13:17:00,-34.0,12:55:00,13:21:00,B30 A,80.0,19.0,6.79,0.1,26.0,32.88
2026-04-06_rep_4,AY1541,15:25:00,-24.0,15:11:00,15:14:00,A45 ,43.0,15.0,4.58,1.93,3.0,9.51
2026-04-06_rep_4,AY1545,00:25:00,-7.0,00:34:00,00:44:00,A61 ,38.0,21.0,2.57,1.84,10.0,14.41
2026-04-06_rep_4,AY1549,04:41:00,-15.0,04:42:00,04:45:00,A49 ,27.0,22.0,2.91,2.3,3.0,8.21
2026-04-06_rep_4,AZ148,14:41:00,-17.0,14:42:00,14:44:00,A51 ,12.0,24.0,1.13,1.85,2.0,4.99
2026-04-06_rep_4,AZ154,01:08:00,-6.0,01:18:00,01:21:00,A62 ,60.0,19.0,6.26,1.57,3.0,10.83
2026-04-06_rep_4,AZ156,16:52:00,-19.0,16:57:00,16:59:00,A58 ,47.0,31.0,3.58,1.78,2.0,7.37
2026-04-06_rep_4,AZ160,00:03:00,9.0,00:27:00,00:29:00,A64 ,56.0,18.0,4.22,2.15,2.0,8.37
2026-04-06_rep_4,BA384,15:59:00,-8.0,16:06:00,16:08:00,B27 A,40.0,19.0,3.04,0.11,2.0,5.15
2026-04-06_rep_4,BA386,20:16:00,-20.0,20:14:00,20:22:00,B9  A,121.0,24.0,11.26,1.33,8.0,20.58
2026-04-06_rep_4,BA388,23:10:00,-21.0,23:02:00,23:06:00,B36 A,85.0,18.0,6.91,0.08,4.0,10.99
2026-04-06_rep_4,BA390,02:03:00,-17.0,02:17:00,02:23:00,B38 A,80.0,34.0,7.15,0.1,6.0,13.25
2026-04-06_rep_4,BT601,15:00:00,-6.0,15:07:00,15:09:00,A55 ,12.0,18.0,0.88,1.54,2.0,4.42
2026-04-06_rep_4,BT851,15:03:00,-9.0,15:05:00,15:06:00,A57 ,17.0,14.0,1.57,1.78,1.0,4.36
2026-04-06_rep_4,CX275,14:31:00,-27.0,14:24:00,15:00:00,B31 A,268.0,26.0,20.74,0.11,36.0,56.85
2026-04-06_rep_4,DL140,13:48:00,-24.0,13:42:00,14:12:00,B34 A,203.0,26.0,14.97,0.13,30.0,45.11
2026-04-06_rep_4,DN403,19:36:00,13.0,20:01:00,20:03:00,A57 ,39.0,18.0,2.95,1.68,2.0,6.63
2026-04-06_rep_4,EI630,15:44:00,-11.0,15:47:00,15:51:00,B29 A,104.0,18.0,9.71,0.1,4.0,13.82
2026-04-06_rep_4,EI638,02:50:00,-6.0,03:02:00,03:08:00,B7  A,115.0,23.0,10.64,1.77,6.0,18.41
2026-04-06_rep_4,EK181,01:35:00,19.0,02:09:00,02:43:00,B31 A,247.0,20.0,17.65,0.07,34.0,51.72
2026-04-06_rep_4,ET750,13:12:00,-2.0,13:30:00,14:14:00,B29 A,453.0,27.0,26.77,0.1,44.0,70.87
2026-04-06_rep_4,EY57,14:05:00,67.0,15:39:00,16:17:00,B5  A,190.0,32.0,12.62,2.0,38.0,52.63
2026-04-06_rep_4,FH8014,21:17:00,7.0,21:35:00,21:36:00,B36 A,21.0,18.0,1.68,0.15,1.0,2.83
2026-04-06_rep_4,FI554,19:02:00,-17.0,18:59:00,19:02:00,A49 ,53.0,21.0,4.44,1.7,3.0,9.14
2026-04-06_rep_4,GQ800,19:11:00,2.0,19:22:00,19:24:00,A47 ,35.0,15.0,2.28,1.36,2.0,5.64
2026-04-06_rep_4,GQ850,16:03:00,-18.0,16:03:00,16:07:00,A56 ,18.0,31.0,1.51,1.81,4.0,7.32
2026-04-06_rep_4,IB597,17:30:00,-21.0,17:27:00,17:33:00,A43 ,87.0,23.0,7.74,2.04,6.0,15.78
2026-04-06_rep_4,IB601,01:06:00,-3.0,01:18:00,01:22:00,A45 ,70.0,21.0,5.79,1.38,4.0,11.16
2026-04-06_rep_4,IB603,04:36:00,-19.0,04:41:00,04:43:00,A47 ,73.0,30.0,5.19,1.99,2.0,9.18
2026-04-06_rep_4,JU272,02:28:00,-11.0,02:33:00,02:37:00,B14 A,34.0,19.0,2.28,0.1,4.0,6.38
2026-04-06_rep_4,KM420,01:20:00,-9.0,01:27:00,01:32:00,A51 ,142.0,21.0,14.05,1.52,5.0,20.56
2026-04-06_rep_4,LO231,04:42:00,6.0,04:59:00,05:01:00,A51 ,37.0,18.0,3.33,1.65,2.0,6.98
2026-04-06_rep_4,LO233,01:03:00,20.0,01:46:00,01:49:00,A60 ,73.0,26.0,5.41,1.5,3.0,9.91
2026-04-06_rep_4,LO235,15:35:00,-15.0,15:28:00,15:30:00,A46 ,15.0,18.0,1.09,1.56,2.0,4.65
2026-04-06_rep_4,LO237,18:36:00,-16.0,18:37:00,18:41:00,A43 ,8.0,23.0,0.64,1.92,4.0,6.56
2026-04-06_rep_4,LX780,20:20:00,-6.0,20:33:00,20:35:00,A45 ,65.0,24.0,4.7,1.64,2.0,8.33
2026-04-06_rep_4,LX786,14:56:00,-15.0,14:55:00,15:01:00,A43 ,22.0,20.0,1.71,1.74,6.0,9.45
2026-04-06_rep_4,LX788,00:40:00,4.0,01:00:00,01:04:00,A43 ,55.0,21.0,6.65,1.48,4.0,12.13
2026-04-06_rep_4,ME215,16:40:00,-11.0,16:39:00,16:58:00,B9  A,128.0,15.0,13.31,1.64,19.0,33.95
2026-04-06_rep_4,MI7214,16:27:00,-4.0,16:42:00,16:48:00,B28 A,157.0,26.0,13.28,0.1,6.0,19.38
2026-04-06_rep_4,MS725,20:51:00,42.0,21:45:00,21:57:00,B34 A,138.0,18.0,11.3,0.1,12.0,23.39
2026-04-06_rep_4,NH231,23:42:00,-40.0,23:14:00,23:39:00,B11 A,180.0,19.0,12.28,0.12,25.0,37.4
2026-04-06_rep_4,OS293,20:11:00,-6.0,20:17:00,20:19:00,A43 ,54.0,18.0,4.99,1.85,2.0,8.85
2026-04-06_rep_4,OS295,22:51:00,-6.0,22:58:00,22:59:00,A43 ,71.0,19.0,5.76,1.27,1.0,8.04
2026-04-06_rep_4,OS297,01:17:00,-1.0,01:34:00,01:37:00,A47 ,37.0,25.0,3.13,1.64,3.0,7.77
2026-04-06_rep_4,OU4456,01:53:00,11.0,02:23:00,02:27:00,A65 ,68.0,22.0,5.46,1.85,4.0,11.31
2026-04-06_rep_4,OU456,14:46:00,4.0,15:01:00,15:03:00,A49 ,5.0,17.0,0.35,1.68,2.0,4.03
2026-04-06_rep_4,QS1000,14:17:00,-14.0,14:12:00,14:14:00,A47 ,13.0,16.0,0.88,1.82,2.0,4.7
2026-04-06_rep_4,QS1002,00:52:00,4.0,01:13:00,01:14:00,A63 ,19.0,24.0,1.16,2.04,1.0,4.21
2026-04-06_rep_4,RO371,15:52:00,88.0,17:42:00,17:45:00,A50 ,23.0,29.0,2.35,1.72,3.0,7.08
2026-04-06_rep_4,SK1589,00:21:00,-15.0,00:20:00,00:23:00,A51 ,82.0,20.0,6.22,1.73,3.0,10.95
2026-04-06_rep_4,SK1593,20:41:00,19.0,21:14:00,21:16:00,A53 ,58.0,20.0,4.96,1.76,2.0,8.71
2026-04-06_rep_4,SK1595,00:36:00,14.0,01:06:00,01:09:00,A53 ,50.0,22.0,3.57,1.32,3.0,7.89
2026-04-06_rep_4,SK4743,16:46:00,-9.0,16:55:00,17:00:00,A52 ,13.0,24.0,1.04,1.91,5.0,7.95
2026-04-06_rep_4,SK4745,02:34:00,13.0,03:00:00,03:03:00,A51 ,67.0,17.0,4.34,1.63,3.0,8.97
2026-04-06_rep_4,SK589,16:25:00,-26.0,16:08:00,16:10:00,A43 ,42.0,19.0,3.14,1.51,2.0,6.65
2026-04-06_rep_4,SK593,15:48:00,-19.0,15:38:00,15:39:00,A51 ,10.0,17.0,0.76,1.62,1.0,3.39
2026-04-06_rep_4,SN204,11:05:00,1.0,11:24:00,11:53:00,B30 A,195.0,23.0,12.73,0.09,29.0,41.82
2026-04-06_rep_4,SN2096,02:03:00,33.0,02:57:00,02:59:00,B34 A,59.0,24.0,5.01,0.13,2.0,7.13
2026-04-06_rep_4,SN2104,14:59:00,-10.0,15:22:00,15:23:00,B11 A,9.0,37.0,0.68,0.11,1.0,1.78
2026-04-06_rep_4,SN2174,19:34:00,3.0,19:52:00,19:57:00,B29 A,57.0,19.0,5.86,0.11,5.0,10.98
2026-04-06_rep_4,SN2184,14:35:00,-6.0,14:52:00,14:53:00,B7  A,13.0,28.0,0.96,1.44,1.0,3.41
2026-04-06_rep_4,SN2258,19:32:00,5.0,19:49:00,19:52:00,A40 ,43.0,19.0,4.9,2.13,3.0,10.03
2026-04-06_rep_4,SN2260,01:50:00,79.0,03:32:00,03:35:00,A62 ,60.0,28.0,3.95,1.69,3.0,8.64
2026-04-06_rep_4,SN2268,14:29:00,-20.0,14:26:00,14:28:00,A54 ,8.0,21.0,0.56,1.36,2.0,3.92
2026-04-06_rep_4,SN2284,02:08:00,-2.0,02:24:00,02:28:00,A67 ,42.0,21.0,3.46,1.89,4.0,9.35
2026-04-06_rep_4,SN2288,14:50:00,-19.0,14:49:00,14:51:00,A53 ,3.0,23.0,0.28,1.43,2.0,3.71
2026-04-06_rep_4,SN2292,21:08:00,1.0,21:20:00,21:22:00,A48 ,44.0,14.0,3.48,1.66,2.0,7.14
2026-04-06_rep_4,SN2294,01:55:00,-4.0,02:02:00,02:05:00,A58 ,34.0,16.0,2.39,1.73,3.0,7.12
2026-04-06_rep_4,SN2318,02:04:00,122.0,04:38:00,04:41:00,A66 ,73.0,36.0,5.29,1.57,3.0,9.86
2026-04-06_rep_4,SN2372,23:54:00,-13.0,23:59:00,00:03:00,A42 ,53.0,22.0,4.23,2.45,4.0,10.69
2026-04-06_rep_4,SN241,11:54:00,4.0,12:17:00,12:43:00,B37 A,32.0,23.0,1.98,0.07,26.0,28.05
2026-04-06_rep_4,SN2548,01:13:00,-8.0,01:22:00,01:24:00,A48 ,52.0,20.0,4.67,1.48,2.0,8.14
2026-04-06_rep_4,SN2556,02:14:00,0.0,02:25:00,02:27:00,A45 ,23.0,15.0,1.47,1.87,2.0,5.34
2026-04-06_rep_4,SN2582,19:08:00,20.0,19:51:00,19:53:00,A52 ,63.0,26.0,5.33,1.56,2.0,8.89
2026-04-06_rep_4,SN2588,02:14:00,15.0,02:40:00,02:44:00,A64 ,72.0,15.0,6.2,1.67,4.0,11.88
2026-04-06_rep_4,SN2592,14:28:00,-19.0,14:27:00,14:29:00,A44 ,2.0,26.0,0.15,1.89,2.0,4.04
2026-04-06_rep_4,SN2608,16:16:00,-15.0,16:24:00,16:27:00,A42 ,32.0,29.0,2.65,1.6,3.0,7.25
2026-04-06_rep_4,SN2610,18:53:00,-22.0,18:47:00,18:49:00,A46 ,35.0,24.0,2.83,1.47,2.0,6.29
2026-04-06_rep_4,SN2612,19:46:00,-17.0,19:39:00,19:40:00,A60 ,27.0,16.0,2.65,1.97,1.0,5.62
2026-04-06_rep_4,SN2614,23:33:00,1.0,23:48:00,23:52:00,A56 ,17.0,17.0,1.27,2.06,4.0,7.32
2026-04-06_rep_4,SN2618,04:38:00,-1.0,04:48:00,04:49:00,A60 ,22.0,14.0,1.47,1.82,1.0,4.29
2026-04-06_rep_4,SN2624,18:59:00,-23.0,18:46:00,18:49:00,A54 ,29.0,19.0,2.67,1.79,3.0,7.46
2026-04-06_rep_4,SN2644,19:13:00,-6.0,19:26:00,19:29:00,A50 ,44.0,22.0,3.39,1.77,3.0,8.15
2026-04-06_rep_4,SN2650,02:01:00,3.0,02:21:00,02:26:00,A42 ,47.0,23.0,4.25,1.64,5.0,10.88
2026-04-06_rep_4,SN2714,18:53:00,-8.0,19:07:00,19:09:00,A44 ,41.0,30.0,3.02,2.12,2.0,7.14
2026-04-06_rep_4,SN2722,00:33:00,16.0,01:14:00,01:18:00,A54 ,63.0,28.0,4.24,1.75,4.0,9.99
2026-04-06_rep_4,SN2724,04:34:00,0.0,04:54:00,04:57:00,A44 ,87.0,24.0,5.62,1.42,3.0,10.04
2026-04-06_rep_4,SN2726,14:23:00,-5.0,14:47:00,14:50:00,A50 ,20.0,32.0,1.38,1.73,3.0,6.11
2026-04-06_rep_4,SN2730,16:22:00,-6.0,16:33:00,16:35:00,A44 ,8.0,24.0,0.73,1.64,2.0,4.37
2026-04-06_rep_4,SN2732,03:34:00,0.0,03:51:00,03:53:00,A46 ,35.0,21.0,2.91,2.1,2.0,7.0
2026-04-06_rep_4,SN2810,19:28:00,-8.0,19:40:00,19:42:00,A56 ,40.0,28.0,2.62,1.77,2.0,6.39
2026-04-06_rep_4,SN2812,02:18:00,-9.0,02:21:00,02:25:00,A69 ,51.0,15.0,3.88,1.85,4.0,9.73
2026-04-06_rep_4,SN2816,14:23:00,-26.0,14:15:00,14:16:00,A40 ,1.0,21.0,0.07,1.48,1.0,2.55
2026-04-06_rep_4,SN2902,17:14:00,-5.0,17:20:00,17:22:00,A54 ,23.0,20.0,2.45,1.51,2.0,5.96
2026-04-06_rep_4,SN2906,01:58:00,-1.0,02:11:00,02:15:00,A57 ,59.0,17.0,4.69,1.69,4.0,10.37
2026-04-06_rep_4,SN2908,04:55:00,1.0,05:15:00,05:17:00,A67 ,45.0,24.0,4.24,1.54,2.0,7.78
2026-04-06_rep_4,SN3126,00:03:00,-10.0,00:04:00,00:05:00,A50 ,31.0,14.0,3.08,1.82,1.0,5.9
2026-04-06_rep_4,SN3140,19:44:00,-12.0,19:46:00,19:54:00,A62 ,36.0,18.0,3.2,1.8,8.0,13.0
2026-04-06_rep_4,SN3146,17:09:00,-5.0,17:18:00,17:20:00,A40 ,24.0,23.0,1.81,1.35,2.0,5.16
2026-04-06_rep_4,SN3148,20:52:00,-3.0,21:05:00,21:08:00,A58 ,53.0,23.0,3.32,1.62,3.0,7.93
2026-04-06_rep_4,SN3150,02:24:00,7.0,02:48:00,02:50:00,A68 ,62.0,21.0,3.67,1.61,2.0,7.27
2026-04-06_rep_4,SN3154,16:18:00,-5.0,16:31:00,16:32:00,A50 ,9.0,26.0,0.76,2.05,1.0,3.81
2026-04-06_rep_4,SN3160,05:18:00,-6.0,05:34:00,05:37:00,A64 ,56.0,25.0,4.26,1.61,3.0,8.87
2026-04-06_rep_4,SN3170,21:23:00,-1.0,21:42:00,21:45:00,A44 ,46.0,23.0,4.52,1.91,3.0,9.43
2026-04-06_rep_4,SN3176,18:29:00,15.0,19:07:00,19:10:00,A42 ,72.0,27.0,5.18,1.37,3.0,9.56
2026-04-06_rep_4,SN3182,02:23:00,9.0,02:56:00,02:59:00,A47 ,55.0,27.0,3.75,1.91,3.0,8.66
2026-04-06_rep_4,SN3184,05:18:00,-1.0,05:44:00,05:47:00,A62 ,86.0,30.0,5.6,1.69,3.0,10.29
2026-04-06_rep_4,SN3202,20:23:00,-16.0,20:29:00,20:32:00,A54 ,90.0,25.0,7.39,1.85,3.0,12.24
2026-04-06_rep_4,SN3208,14:47:00,-10.0,14:53:00,14:54:00,A58 ,7.0,23.0,0.5,1.55,1.0,3.05
2026-04-06_rep_4,SN3246,23:53:00,-6.0,00:13:00,00:17:00,A44 ,57.0,29.0,4.51,1.67,4.0,10.18
2026-04-06_rep_4,SN3334,07:42:00,-6.0,07:55:00,08:03:00,B14 A,158.0,26.0,11.33,0.11,8.0,19.43
2026-04-06_rep_4,SN3344,02:19:00,7.0,02:45:00,02:46:00,A43 ,29.0,23.0,2.19,1.81,1.0,5.0
2026-04-06_rep_4,SN358,12:21:00,2.0,12:43:00,13:14:00,B28 A,176.0,26.0,14.77,0.13,31.0,45.9
2026-04-06_rep_4,SN3588,20:39:00,-9.0,20:53:00,20:57:00,A61 ,35.0,27.0,3.81,1.64,4.0,9.45
2026-04-06_rep_4,SN3594,14:33:00,-1.0,14:51:00,14:57:00,A56 ,3.0,22.0,0.2,2.0,6.0,8.2
2026-04-06_rep_4,SN3598,21:18:00,-23.0,21:09:00,21:11:00,A60 ,48.0,17.0,3.68,1.88,2.0,7.56
2026-04-06_rep_4,SN3604,14:29:00,-5.0,14:40:00,14:41:00,A48 ,8.0,20.0,0.84,2.54,1.0,4.39
2026-04-06_rep_4,SN3618,21:33:00,-7.0,21:36:00,21:39:00,A56 ,54.0,13.0,4.22,1.45,3.0,8.68
2026-04-06_rep_4,SN3632,15:34:00,-5.0,15:47:00,16:00:00,A60 ,2.0,22.0,0.14,1.81,13.0,14.95
2026-04-06_rep_4,SN3634,17:02:00,3.0,17:32:00,17:33:00,A60 ,4.0,34.0,0.38,1.7,1.0,3.08
2026-04-06_rep_4,SN3668,19:57:00,-4.0,20:16:00,20:18:00,A64 ,44.0,30.0,3.9,1.59,2.0,7.48
2026-04-06_rep_4,SN3676,14:38:00,-1.0,14:57:00,14:58:00,A42 ,15.0,23.0,1.17,1.34,1.0,3.51
2026-04-06_rep_4,SN3698,20:34:00,51.0,21:44:00,21:46:00,A50 ,28.0,23.0,2.18,2.22,2.0,6.4
2026-04-06_rep_4,SN3704,23:23:00,19.0,00:06:00,00:09:00,A58 ,80.0,27.0,6.3,1.82,3.0,11.11
2026-04-06_rep_4,SN3706,05:31:00,6.0,05:59:00,07:01:00,A56 ,63.0,28.0,4.79,1.47,62.0,68.26
2026-04-06_rep_4,SN3708,13:48:00,-12.0,13:53:00,13:54:00,A60 ,15.0,25.0,0.94,1.72,1.0,3.66
2026-04-06_rep_4,SN3712,00:43:00,27.0,01:37:00,01:41:00,A46 ,68.0,30.0,4.91,1.61,4.0,10.52
2026-04-06_rep_4,SN3722,20:59:00,34.0,21:54:00,21:57:00,A40 ,72.0,25.0,5.98,1.65,3.0,10.63
2026-04-06_rep_4,SN3728,02:00:00,0.0,02:21:00,02:24:00,A50 ,67.0,26.0,5.29,1.28,3.0,9.58
2026-04-06_rep_4,SN3730,06:15:00,47.0,07:25:00,07:29:00,A58 ,75.0,88.0,4.46,1.81,4.0,10.27
2026-04-06_rep_4,SN3732,14:39:00,2.0,15:01:00,15:02:00,A52 ,35.0,24.0,3.72,2.47,1.0,7.19
2026-04-06_rep_4,SN3734,18:53:00,-2.0,19:16:00,19:18:00,A48 ,38.0,28.0,2.38,1.54,2.0,5.92
2026-04-06_rep_4,SN3736,00:29:00,-5.0,00:52:00,00:55:00,A40 ,65.0,32.0,5.49,1.24,3.0,9.73
2026-04-06_rep_4,SN3738,05:13:00,2.0,05:32:00,05:34:00,A50 ,55.0,20.0,4.7,1.79,2.0,8.5
2026-04-06_rep_4,SN3740,03:17:00,-4.0,03:35:00,03:36:00,A52 ,62.0,29.0,5.29,1.63,1.0,7.92
2026-04-06_rep_4,SN3752,21:14:00,23.0,22:01:00,22:04:00,A67 ,78.0,28.0,8.14,1.98,3.0,13.12
2026-04-06_rep_4,SN3772,17:42:00,-5.0,18:05:00,18:07:00,A56 ,18.0,35.0,1.32,1.33,2.0,4.66
2026-04-06_rep_4,SN3774,04:20:00,8.0,04:55:00,04:59:00,A61 ,41.0,32.0,3.72,1.47,4.0,9.19
2026-04-06_rep_4,SN3780,23:23:00,-31.0,23:10:00,23:14:00,A48 ,11.0,21.0,1.03,1.42,4.0,6.44
2026-04-06_rep_4,SN3802,22:03:00,-5.0,22:22:00,22:26:00,A54 ,31.0,27.0,2.55,1.63,4.0,8.17
2026-04-06_rep_4,SN3812,22:19:00,16.0,22:55:00,22:58:00,A46 ,68.0,24.0,5.19,1.57,3.0,9.76
2026-04-06_rep_4,SN3820,06:45:00,19.0,07:29:00,07:32:00,A40 ,59.0,90.0,5.6,1.89,3.0,10.49
2026-04-06_rep_4,SN383,11:11:00,18.0,11:43:00,12:19:00,B14 A,176.0,20.0,14.74,0.08,36.0,50.82
2026-04-06_rep_4,SN502,13:45:00,-20.0,13:37:00,14:02:00,B40 A,85.0,17.0,6.14,0.12,25.0,31.26
2026-04-06_rep_4,SQ304,13:30:00,-3.0,13:44:00,14:25:00,B37 A,205.0,22.0,17.87,0.09,41.0,58.95
2026-04-06_rep_4,TB1012,18:35:00,-10.0,18:42:00,18:45:00,A51 ,72.0,22.0,5.18,1.62,3.0,9.8
2026-04-06_rep_4,TB1112,18:00:00,-2.0,18:19:00,18:22:00,A59 ,75.0,26.0,5.09,1.82,3.0,9.91
2026-04-06_rep_4,TB1114,18:01:00,10.0,18:29:00,18:35:00,A55 ,47.0,24.0,4.1,2.14,6.0,12.24
2026-04-06_rep_4,TB1412,17:35:00,-2.0,17:42:00,17:44:00,A57 ,28.0,14.0,2.18,1.96,2.0,6.13
2026-04-06_rep_4,TB1552,04:10:00,12.0,04:44:00,04:50:00,A53 ,120.0,27.0,13.05,1.46,6.0,20.51
2026-04-06_rep_4,TB1752,21:55:00,2.0,22:29:00,22:37:00,A59 ,128.0,37.0,9.86,1.57,8.0,19.43
2026-04-06_rep_4,TB1754,04:34:00,-17.0,04:36:00,04:44:00,A65 ,129.0,23.0,12.25,1.92,8.0,22.17
2026-04-06_rep_4,TB1912,04:21:00,-7.0,04:28:00,04:31:00,A57 ,55.0,20.0,5.35,1.66,3.0,10.01
2026-04-06_rep_4,TB2534,04:11:00,15.0,04:47:00,04:51:00,B14 A,103.0,32.0,10.54,0.09,4.0,14.63
2026-04-06_rep_4,TB2654,03:05:00,-15.0,03:14:00,03:21:00,B11 A,163.0,29.0,10.07,0.13,7.0,17.19
2026-04-06_rep_4,TB2664,05:50:00,-9.0,07:00:00,07:04:00,B31 A,98.0,84.0,8.65,0.1,4.0,12.75
2026-04-06_rep_4,TB2952,18:15:00,-1.0,18:32:00,18:37:00,B34 A,5.0,23.0,0.52,0.11,5.0,5.63
2026-04-06_rep_4,TB3012,07:33:00,-8.0,07:43:00,07:48:00,B27 A,105.0,21.0,6.94,0.07,5.0,12.02
2026-04-06_rep_4,TB3042,07:19:00,-21.0,07:18:00,07:24:00,B9  A,144.0,24.0,10.76,1.61,6.0,18.37
2026-04-06_rep_4,TB3102,00:34:00,16.0,01:07:00,01:12:00,B27 A,128.0,26.0,15.12,0.08,5.0,20.21
2026-04-06_rep_4,TB3202,06:26:00,83.0,08:02:00,08:03:00,B28 A,48.0,19.0,3.3,0.11,1.0,4.41
2026-04-06_rep_4,TG934,13:24:00,-1.0,13:39:00,14:12:00,B14 A,262.0,25.0,20.05,0.07,33.0,53.12
2026-04-06_rep_4,TK1937,16:16:00,-7.0,16:24:00,16:43:00,B34 A,208.0,21.0,19.62,0.09,19.0,38.71
2026-04-06_rep_4,TK1939,23:56:00,5.0,00:14:00,00:53:00,B14 A,177.0,19.0,14.19,0.09,39.0,53.28
2026-04-06_rep_4,TK1941,03:42:00,-1.0,03:52:00,04:10:00,B30 A,251.0,28.0,25.86,0.09,18.0,43.95
2026-04-06_rep_4,TK1943,19:32:00,-4.0,19:41:00,19:51:00,B14 A,128.0,20.0,9.78,0.12,10.0,19.9
2026-04-06_rep_4,TP640,17:05:00,6.0,17:32:00,17:35:00,A49 ,106.0,26.0,8.87,1.91,3.0,13.78
2026-04-06_rep_4,TP642,21:11:00,-15.0,21:09:00,21:12:00,A47 ,73.0,19.0,5.69,2.05,3.0,10.74
2026-04-06_rep_4,TP644,02:08:00,-13.0,02:11:00,02:20:00,A49 ,100.0,19.0,6.91,1.45,9.0,17.36
2026-04-06_rep_4,TP646,06:01:00,69.0,07:24:00,07:29:00,A59 ,114.0,20.0,9.18,1.58,5.0,15.76
2026-04-06_rep_4,TU954,17:30:00,-4.0,17:42:00,17:46:00,B36 A,72.0,21.0,4.49,0.11,4.0,8.6
2026-04-06_rep_4,UA950,13:20:00,-36.0,13:07:00,13:29:00,B31 A,97.0,28.0,7.58,0.11,22.0,29.69
2026-04-06_rep_4,UA972,15:07:00,-19.0,15:04:00,15:26:00,B40 A,50.0,23.0,4.2,0.09,22.0,26.28
2026-04-06_rep_4,UA994,13:51:00,-45.0,13:25:00,13:49:00,B38 A,135.0,25.0,8.99,0.11,24.0,33.09
2026-04-06_rep_4,UX1171,15:54:00,0.0,16:16:00,16:19:00,A48 ,91.0,31.0,7.67,1.83,3.0,12.5
2026-04-06_rep_4,UX1173,23:46:00,-8.0,23:56:00,00:02:00,A49 ,84.0,24.0,5.68,1.37,6.0,13.05
2026-04-06_rep_4,VF65,17:20:00,-6.0,17:29:00,17:34:00,B27 A,105.0,20.0,7.36,0.1,5.0,12.45
2026-04-06_rep_4,VF67,22:17:00,4.0,22:38:00,22:51:00,B15 A,215.0,24.0,18.05,0.08,13.0,31.13
2026-04-06_rep_4,VY1334,02:30:00,-14.0,02:32:00,02:33:00,A61 ,36.0,21.0,2.49,1.97,1.0,5.45
2026-04-06_rep_4,VY3650,23:50:00,22.0,00:24:00,00:27:00,A57 ,61.0,17.0,4.98,1.57,3.0,9.56
2026-04-06_rep_4,VY8980,15:55:00,-7.0,15:59:00,16:00:00,A57 ,47.0,16.0,2.93,1.33,1.0,5.26
2026-04-06_rep_4,VY8982,23:29:00,-1.0,23:46:00,23:49:00,A45 ,30.0,22.0,2.33,1.67,3.0,7.0
2026-04-06_rep_4,VY8984,02:54:00,-13.0,02:51:00,02:52:00,A63 ,28.0,14.0,2.15,1.82,1.0,4.97
2026-04-06_rep_4,VY8986,20:35:00,8.0,20:58:00,21:00:00,A51 ,78.0,20.0,5.34,1.92,2.0,9.26
2026-04-06_rep_5,AC826,13:57:00,-4.0,14:07:00,14:41:00,B28 A,62.0,21.0,5.71,0.09,34.0,39.8
2026-04-06_rep_5,AC832,13:17:00,-34.0,12:55:00,13:21:00,B30 A,80.0,19.0,6.9,0.1,26.0,33.0
2026-04-06_rep_5,AY1541,15:25:00,-24.0,15:11:00,15:14:00,A45 ,43.0,15.0,3.46,1.53,3.0,7.99
2026-04-06_rep_5,AY1545,00:25:00,-7.0,00:34:00,00:44:00,A61 ,38.0,21.0,2.9,1.97,10.0,14.87
2026-04-06_rep_5,AY1549,04:41:00,-15.0,04:42:00,04:45:00,A49 ,27.0,22.0,2.04,1.79,3.0,6.83
2026-04-06_rep_5,AZ148,14:41:00,-17.0,14:42:00,14:44:00,A51 ,12.0,24.0,0.95,1.77,2.0,4.72
2026-04-06_rep_5,AZ154,01:08:00,-6.0,01:18:00,01:21:00,A62 ,60.0,19.0,5.15,2.18,3.0,10.33
2026-04-06_rep_5,AZ156,16:52:00,-19.0,16:57:00,16:59:00,A58 ,47.0,31.0,3.51,1.36,2.0,6.87
2026-04-06_rep_5,AZ160,00:03:00,9.0,00:27:00,00:29:00,A64 ,56.0,18.0,4.43,1.66,2.0,8.09
2026-04-06_rep_5,BA384,15:59:00,-8.0,16:06:00,16:08:00,B27 A,40.0,19.0,3.13,0.09,2.0,5.22
2026-04-06_rep_5,BA386,20:16:00,-20.0,20:14:00,20:22:00,B9  A,121.0,24.0,8.7,1.38,8.0,18.08
2026-04-06_rep_5,BA388,23:10:00,-21.0,23:02:00,23:06:00,B36 A,85.0,18.0,7.39,0.1,4.0,11.49
2026-04-06_rep_5,BA390,02:03:00,-17.0,02:17:00,02:23:00,B38 A,80.0,34.0,6.31,0.09,6.0,12.4
2026-04-06_rep_5,BT601,15:00:00,-6.0,15:07:00,15:09:00,A55 ,12.0,18.0,0.88,2.05,2.0,4.93
2026-04-06_rep_5,BT851,15:03:00,-9.0,15:05:00,15:06:00,A57 ,17.0,14.0,1.55,1.6,1.0,4.15
2026-04-06_rep_5,CX275,14:31:00,-27.0,14:24:00,15:00:00,B31 A,268.0,26.0,21.58,0.09,36.0,57.67
2026-04-06_rep_5,DL140,13:48:00,-24.0,13:42:00,14:12:00,B34 A,203.0,26.0,15.02,0.09,30.0,45.11
2026-04-06_rep_5,DN403,19:36:00,13.0,20:01:00,20:03:00,A57 ,39.0,18.0,2.57,1.69,2.0,6.27
2026-04-06_rep_5,EI630,15:44:00,-11.0,15:47:00,15:51:00,B29 A,104.0,18.0,6.25,0.12,4.0,10.37
2026-04-06_rep_5,EI638,02:50:00,-6.0,03:02:00,03:08:00,B7  A,115.0,23.0,8.76,1.29,6.0,16.05
2026-04-06_rep_5,EK181,01:35:00,19.0,02:09:00,02:43:00,B31 A,247.0,20.0,19.4,0.09,34.0,53.48
2026-04-06_rep_5,ET750,13:12:00,-2.0,13:30:00,14:14:00,B29 A,453.0,27.0,26.77,0.15,44.0,70.92
2026-04-06_rep_5,EY57,14:05:00,67.0,15:39:00,16:17:00,B5  A,190.0,32.0,16.18,1.9,38.0,56.08
2026-04-06_rep_5,FH8014,21:17:00,7.0,21:35:00,21:36:00,B36 A,21.0,18.0,1.71,0.13,1.0,2.84
2026-04-06_rep_5,FI554,19:02:00,-17.0,18:59:00,19:02:00,A49 ,53.0,21.0,4.14,1.7,3.0,8.84
2026-04-06_rep_5,GQ800,19:11:00,2.0,19:22:00,19:24:00,A47 ,35.0,15.0,2.58,1.34,2.0,5.92
2026-04-06_rep_5,GQ850,16:03:00,-18.0,16:03:00,16:07:00,A56 ,18.0,31.0,1.49,1.7,4.0,7.19
2026-04-06_rep_5,IB597,17:30:00,-21.0,17:27:00,17:33:00,A43 ,87.0,23.0,7.18,1.2,6.0,14.38
2026-04-06_rep_5,IB601,01:06:00,-3.0,01:18:00,01:22:00,A45 ,70.0,21.0,5.63,1.47,4.0,11.1
2026-04-06_rep_5,IB603,04:36:00,-19.0,04:41:00,04:43:00,A47 ,73.0,30.0,6.85,1.74,2.0,10.58
2026-04-06_rep_5,JU272,02:28:00,-11.0,02:33:00,02:37:00,B14 A,34.0,19.0,2.94,0.1,4.0,7.04
2026-04-06_rep_5,KM420,01:20:00,-9.0,01:27:00,01:32:00,A51 ,142.0,21.0,11.57,2.07,5.0,18.64
2026-04-06_rep_5,LO231,04:42:00,6.0,04:59:00,05:01:00,A51 ,37.0,18.0,2.58,1.59,2.0,6.18
2026-04-06_rep_5,LO233,01:03:00,20.0,01:46:00,01:49:00,A60 ,73.0,26.0,4.85,1.84,3.0,9.7
2026-04-06_rep_5,LO235,15:35:00,-15.0,15:28:00,15:30:00,A46 ,15.0,18.0,1.29,1.61,2.0,4.9
2026-04-06_rep_5,LO237,18:36:00,-16.0,18:37:00,18:41:00,A43 ,8.0,23.0,0.59,1.67,4.0,6.25
2026-04-06_rep_5,LX780,20:20:00,-6.0,20:33:00,20:35:00,A45 ,65.0,24.0,3.85,1.79,2.0,7.63
2026-04-06_rep_5,LX786,14:56:00,-15.0,14:55:00,15:01:00,A43 ,22.0,20.0,1.66,1.57,6.0,9.24
2026-04-06_rep_5,LX788,00:40:00,4.0,01:00:00,01:04:00,A43 ,55.0,21.0,4.56,1.35,4.0,9.9
2026-04-06_rep_5,ME215,16:40:00,-11.0,16:39:00,16:58:00,B9  A,128.0,15.0,9.77,1.39,19.0,30.17
2026-04-06_rep_5,MI7214,16:27:00,-4.0,16:42:00,16:48:00,B28 A,157.0,26.0,11.38,0.1,6.0,17.48
2026-04-06_rep_5,MS725,20:51:00,42.0,21:45:00,21:57:00,B34 A,138.0,18.0,11.01,0.07,12.0,23.08
2026-04-06_rep_5,NH231,23:42:00,-40.0,23:14:00,23:39:00,B11 A,180.0,19.0,16.33,0.08,25.0,41.41
2026-04-06_rep_5,OS293,20:11:00,-6.0,20:17:00,20:19:00,A43 ,54.0,18.0,3.51,1.39,2.0,6.9
2026-04-06_rep_5,OS295,22:51:00,-6.0,22:58:00,22:59:00,A43 ,71.0,19.0,6.58,2.22,1.0,9.8
2026-04-06_rep_5,OS297,01:17:00,-1.0,01:34:00,01:37:00,A47 ,37.0,25.0,2.78,1.48,3.0,7.26
2026-04-06_rep_5,OU4456,01:53:00,11.0,02:23:00,02:27:00,A65 ,68.0,22.0,6.29,1.23,4.0,11.52
2026-04-06_rep_5,OU456,14:46:00,4.0,15:01:00,15:03:00,A49 ,5.0,17.0,0.54,1.8,2.0,4.34
2026-04-06_rep_5,QS1000,14:17:00,-14.0,14:12:00,14:14:00,A47 ,13.0,16.0,0.95,1.71,2.0,4.66
2026-04-06_rep_5,QS1002,00:52:00,4.0,01:13:00,01:14:00,A63 ,19.0,24.0,1.73,2.15,1.0,4.88
2026-04-06_rep_5,RO371,15:52:00,88.0,17:42:00,17:45:00,A50 ,23.0,29.0,2.08,2.02,3.0,7.11
2026-04-06_rep_5,SK1589,00:21:00,-15.0,00:20:00,00:23:00,A51 ,82.0,20.0,5.44,1.75,3.0,10.19
2026-04-06_rep_5,SK1593,20:41:00,19.0,21:14:00,21:16:00,A53 ,58.0,20.0,4.24,1.61,2.0,7.85
2026-04-06_rep_5,SK1595,00:36:00,14.0,01:06:00,01:09:00,A53 ,50.0,22.0,3.34,1.34,3.0,7.69
2026-04-06_rep_5,SK4743,16:46:00,-9.0,16:55:00,17:00:00,A52 ,13.0,24.0,0.91,1.62,5.0,7.53
2026-04-06_rep_5,SK4745,02:34:00,13.0,03:00:00,03:03:00,A51 ,67.0,17.0,4.74,1.77,3.0,9.51
2026-04-06_rep_5,SK589,16:25:00,-26.0,16:08:00,16:10:00,A43 ,42.0,19.0,3.19,1.7,2.0,6.89
2026-04-06_rep_5,SK593,15:48:00,-19.0,15:38:00,15:39:00,A51 ,10.0,17.0,0.76,2.09,1.0,3.85
2026-04-06_rep_5,SN204,11:05:00,1.0,11:24:00,11:53:00,B30 A,195.0,23.0,14.0,0.11,29.0,43.1
2026-04-06_rep_5,SN2096,02:03:00,33.0,02:57:00,02:59:00,B34 A,59.0,24.0,4.69,0.1,2.0,6.8
2026-04-06_rep_5,SN2104,14:59:00,-10.0,15:22:00,15:23:00,B11 A,9.0,37.0,0.61,0.09,1.0,1.69
2026-04-06_rep_5,SN2174,19:34:00,3.0,19:52:00,19:57:00,B29 A,57.0,19.0,6.35,0.13,5.0,11.49
2026-04-06_rep_5,SN2184,14:35:00,-6.0,14:52:00,14:53:00,B7  A,13.0,28.0,0.86,1.59,1.0,3.44
2026-04-06_rep_5,SN2258,19:32:00,5.0,19:49:00,19:52:00,A40 ,43.0,19.0,3.11,1.68,3.0,7.79
2026-04-06_rep_5,SN2260,01:50:00,79.0,03:32:00,03:35:00,A62 ,60.0,28.0,4.86,1.4,3.0,9.26
2026-04-06_rep_5,SN2268,14:29:00,-20.0,14:26:00,14:28:00,A54 ,8.0,21.0,0.54,1.63,2.0,4.17
2026-04-06_rep_5,SN2284,02:08:00,-2.0,02:24:00,02:28:00,A67 ,42.0,21.0,3.64,1.78,4.0,9.42
2026-04-06_rep_5,SN2288,14:50:00,-19.0,14:49:00,14:51:00,A53 ,3.0,23.0,0.26,1.11,2.0,3.37
2026-04-06_rep_5,SN2292,21:08:00,1.0,21:20:00,21:22:00,A48 ,44.0,14.0,3.66,2.0,2.0,7.66
2026-04-06_rep_5,SN2294,01:55:00,-4.0,02:02:00,02:05:00,A58 ,34.0,16.0,2.31,1.7,3.0,7.01
2026-04-06_rep_5,SN2318,02:04:00,122.0,04:38:00,04:41:00,A66 ,73.0,36.0,5.96,1.77,3.0,10.73
2026-04-06_rep_5,SN2372,23:54:00,-13.0,23:59:00,00:03:00,A42 ,53.0,22.0,3.73,1.34,4.0,9.07
2026-04-06_rep_5,SN241,11:54:00,4.0,12:17:00,12:43:00,B37 A,32.0,23.0,2.76,0.11,26.0,28.87
2026-04-06_rep_5,SN2548,01:13:00,-8.0,01:22:00,01:24:00,A48 ,52.0,20.0,5.26,1.61,2.0,8.87
2026-04-06_rep_5,SN2556,02:14:00,0.0,02:25:00,02:27:00,A45 ,23.0,15.0,2.0,1.51,2.0,5.51
2026-04-06_rep_5,SN2582,19:08:00,20.0,19:51:00,19:53:00,A52 ,63.0,26.0,4.47,2.17,2.0,8.64
2026-04-06_rep_5,SN2588,02:14:00,15.0,02:40:00,02:44:00,A64 ,72.0,15.0,5.95,1.43,4.0,11.38
2026-04-06_rep_5,SN2592,14:28:00,-19.0,14:27:00,14:29:00,A44 ,2.0,26.0,0.16,1.42,2.0,3.58
2026-04-06_rep_5,SN2608,16:16:00,-15.0,16:24:00,16:27:00,A42 ,32.0,29.0,2.42,1.18,3.0,6.61
2026-04-06_rep_5,SN2610,18:53:00,-22.0,18:47:00,18:49:00,A46 ,35.0,24.0,2.92,1.96,2.0,6.88
2026-04-06_rep_5,SN2612,19:46:00,-17.0,19:39:00,19:40:00,A60 ,27.0,16.0,1.8,1.75,1.0,4.55
2026-04-06_rep_5,SN2614,23:33:00,1.0,23:48:00,23:52:00,A56 ,17.0,17.0,1.29,1.6,4.0,6.88
2026-04-06_rep_5,SN2618,04:38:00,-1.0,04:48:00,04:49:00,A60 ,22.0,14.0,2.45,1.3,1.0,4.75
2026-04-06_rep_5,SN2624,18:59:00,-23.0,18:46:00,18:49:00,A54 ,29.0,19.0,1.83,1.39,3.0,6.22
2026-04-06_rep_5,SN2644,19:13:00,-6.0,19:26:00,19:29:00,A50 ,44.0,22.0,3.6,1.35,3.0,7.95
2026-04-06_rep_5,SN2650,02:01:00,3.0,02:21:00,02:26:00,A42 ,47.0,23.0,4.09,1.41,5.0,10.5
2026-04-06_rep_5,SN2714,18:53:00,-8.0,19:07:00,19:09:00,A44 ,41.0,30.0,4.32,1.4,2.0,7.72
2026-04-06_rep_5,SN2722,00:33:00,16.0,01:14:00,01:18:00,A54 ,63.0,28.0,5.57,1.63,4.0,11.21
2026-04-06_rep_5,SN2724,04:34:00,0.0,04:54:00,04:57:00,A44 ,87.0,24.0,7.76,1.6,3.0,12.36
2026-04-06_rep_5,SN2726,14:23:00,-5.0,14:47:00,14:50:00,A50 ,20.0,32.0,1.86,1.95,3.0,6.8
2026-04-06_rep_5,SN2730,16:22:00,-6.0,16:33:00,16:35:00,A44 ,8.0,24.0,0.76,1.6,2.0,4.36
2026-04-06_rep_5,SN2732,03:34:00,0.0,03:51:00,03:53:00,A46 ,35.0,21.0,2.08,1.73,2.0,5.81
2026-04-06_rep_5,SN2810,19:28:00,-8.0,19:40:00,19:42:00,A56 ,40.0,28.0,2.79,1.97,2.0,6.76
2026-04-06_rep_5,SN2812,02:18:00,-9.0,02:21:00,02:25:00,A69 ,51.0,15.0,4.14,1.58,4.0,9.72
2026-04-06_rep_5,SN2816,14:23:00,-26.0,14:15:00,14:16:00,A40 ,1.0,21.0,0.09,1.36,1.0,2.46
2026-04-06_rep_5,SN2902,17:14:00,-5.0,17:20:00,17:22:00,A54 ,23.0,20.0,1.71,1.73,2.0,5.44
2026-04-06_rep_5,SN2906,01:58:00,-1.0,02:11:00,02:15:00,A57 ,59.0,17.0,4.75,1.51,4.0,10.26
2026-04-06_rep_5,SN2908,04:55:00,1.0,05:15:00,05:17:00,A67 ,45.0,24.0,2.78,2.09,2.0,6.87
2026-04-06_rep_5,SN3126,00:03:00,-10.0,00:04:00,00:05:00,A50 ,31.0,14.0,2.39,2.29,1.0,5.68
2026-04-06_rep_5,SN3140,19:44:00,-12.0,19:46:00,19:54:00,A62 ,36.0,18.0,3.13,1.56,8.0,12.69
2026-04-06_rep_5,SN3146,17:09:00,-5.0,17:18:00,17:20:00,A40 ,24.0,23.0,2.43,1.4,2.0,5.83
2026-04-06_rep_5,SN3148,20:52:00,-3.0,21:05:00,21:08:00,A58 ,53.0,23.0,5.46,1.48,3.0,9.93
2026-04-06_rep_5,SN3150,02:24:00,7.0,02:48:00,02:50:00,A68 ,62.0,21.0,5.49,1.8,2.0,9.29
2026-04-06_rep_5,SN3154,16:18:00,-5.0,16:31:00,16:32:00,A50 ,9.0,26.0,0.75,1.48,1.0,3.23
2026-04-06_rep_5,SN3160,05:18:00,-6.0,05:34:00,05:37:00,A64 ,56.0,25.0,4.44,2.01,3.0,9.45
2026-04-06_rep_5,SN3170,21:23:00,-1.0,21:42:00,21:45:00,A44 ,46.0,23.0,3.18,1.35,3.0,7.53
2026-04-06_rep_5,SN3176,18:29:00,15.0,19:07:00,19:10:00,A42 ,72.0,27.0,7.15,1.49,3.0,11.64
2026-04-06_rep_5,SN3182,02:23:00,9.0,02:56:00,02:59:00,A47 ,55.0,27.0,5.33,1.61,3.0,9.94
2026-04-06_rep_5,SN3184,05:18:00,-1.0,05:44:00,05:47:00,A62 ,86.0,30.0,5.93,1.19,3.0,10.12
2026-04-06_rep_5,SN3202,20:23:00,-16.0,20:29:00,20:32:00,A54 ,90.0,25.0,7.76,1.5,3.0,12.26
2026-04-06_rep_5,SN3208,14:47:00,-10.0,14:53:00,14:54:00,A58 ,7.0,23.0,0.57,1.6,1.0,3.16
2026-04-06_rep_5,SN3246,23:53:00,-6.0,00:13:00,00:17:00,A44 ,57.0,29.0,4.49,1.57,4.0,10.06
2026-04-06_rep_5,SN3334,07:42:00,-6.0,07:55:00,08:03:00,B14 A,158.0,26.0,14.4,0.07,8.0,22.47
2026-04-06_rep_5,SN3344,02:19:00,7.0,02:45:00,02:46:00,A43 ,29.0,23.0,2.25,1.77,1.0,5.02
2026-04-06_rep_5,SN358,12:21:00,2.0,12:43:00,13:14:00,B28 A,176.0,26.0,14.62,0.11,31.0,45.74
2026-04-06_rep_5,SN3588,20:39:00,-9.0,20:53:00,20:57:00,A61 ,35.0,27.0,2.9,1.73,4.0,8.63
2026-04-06_rep_5,SN3594,14:33:00,-1.0,14:51:00,14:57:00,A56 ,3.0,22.0,0.25,1.53,6.0,7.78
2026-04-06_rep_5,SN3598,21:18:00,-23.0,21:09:00,21:11:00,A60 ,48.0,17.0,3.99,1.56,2.0,7.55
2026-04-06_rep_5,SN3604,14:29:00,-5.0,14:40:00,14:41:00,A48 ,8.0,20.0,0.68,1.78,1.0,3.45
2026-04-06_rep_5,SN3618,21:33:00,-7.0,21:36:00,21:39:00,A56 ,54.0,13.0,4.01,1.79,3.0,8.8
2026-04-06_rep_5,SN3632,15:34:00,-5.0,15:47:00,16:00:00,A60 ,2.0,22.0,0.17,1.59,13.0,14.76
2026-04-06_rep_5,SN3634,17:02:00,3.0,17:32:00,17:33:00,A60 ,4.0,34.0,0.33,1.39,1.0,2.72
2026-04-06_rep_5,SN3668,19:57:00,-4.0,20:16:00,20:18:00,A64 ,44.0,30.0,3.4,1.44,2.0,6.83
2026-04-06_rep_5,SN3676,14:38:00,-1.0,14:57:00,14:58:00,A42 ,15.0,23.0,1.32,1.49,1.0,3.82
2026-04-06_rep_5,SN3698,20:34:00,51.0,21:44:00,21:46:00,A50 ,28.0,23.0,2.52,1.94,2.0,6.46
2026-04-06_rep_5,SN3704,23:23:00,19.0,00:06:00,00:09:00,A58 ,80.0,27.0,8.33,1.48,3.0,12.81
2026-04-06_rep_5,SN3706,05:31:00,6.0,05:59:00,07:01:00,A56 ,63.0,28.0,6.99,1.85,62.0,70.84
2026-04-06_rep_5,SN3708,13:48:00,-12.0,13:53:00,13:54:00,A60 ,15.0,25.0,1.05,1.32,1.0,3.37
2026-04-06_rep_5,SN3712,00:43:00,27.0,01:37:00,01:41:00,A46 ,68.0,30.0,5.23,1.55,4.0,10.77
2026-04-06_rep_5,SN3722,20:59:00,34.0,21:54:00,21:57:00,A40 ,72.0,25.0,4.91,1.63,3.0,9.54
2026-04-06_rep_5,SN3728,02:00:00,0.0,02:21:00,02:24:00,A50 ,67.0,26.0,5.59,1.49,3.0,10.07
2026-04-06_rep_5,SN3730,06:15:00,47.0,07:25:00,07:29:00,A58 ,75.0,88.0,4.96,2.03,4.0,10.99
2026-04-06_rep_5,SN3732,14:39:00,2.0,15:01:00,15:02:00,A52 ,35.0,24.0,2.72,1.77,1.0,5.48
2026-04-06_rep_5,SN3734,18:53:00,-2.0,19:16:00,19:18:00,A48 ,38.0,28.0,4.19,1.9,2.0,8.09
2026-04-06_rep_5,SN3736,00:29:00,-5.0,00:52:00,00:55:00,A40 ,65.0,32.0,6.04,1.66,3.0,10.7
2026-04-06_rep_5,SN3738,05:13:00,2.0,05:32:00,05:34:00,A50 ,55.0,20.0,3.91,2.19,2.0,8.1
2026-04-06_rep_5,SN3740,03:17:00,-4.0,03:35:00,03:36:00,A52 ,62.0,29.0,4.82,1.7,1.0,7.52
2026-04-06_rep_5,SN3752,21:14:00,23.0,22:01:00,22:04:00,A67 ,78.0,28.0,6.08,1.22,3.0,10.29
2026-04-06_rep_5,SN3772,17:42:00,-5.0,18:05:00,18:07:00,A56 ,18.0,35.0,1.45,1.61,2.0,5.05
2026-04-06_rep_5,SN3774,04:20:00,8.0,04:55:00,04:59:00,A61 ,41.0,32.0,2.96,2.32,4.0,9.28
2026-04-06_rep_5,SN3780,23:23:00,-31.0,23:10:00,23:14:00,A48 ,11.0,21.0,0.91,1.37,4.0,6.29
2026-04-06_rep_5,SN3802,22:03:00,-5.0,22:22:00,22:26:00,A54 ,31.0,27.0,2.2,1.04,4.0,7.24
2026-04-06_rep_5,SN3812,22:19:00,16.0,22:55:00,22:58:00,A46 ,68.0,24.0,7.57,2.31,3.0,12.88
2026-04-06_rep_5,SN3820,06:45:00,19.0,07:29:00,07:32:00,A40 ,59.0,90.0,4.24,1.36,3.0,8.59
2026-04-06_rep_5,SN383,11:11:00,18.0,11:43:00,12:19:00,B14 A,176.0,20.0,12.15,0.1,36.0,48.25
2026-04-06_rep_5,SN502,13:45:00,-20.0,13:37:00,14:02:00,B40 A,85.0,17.0,6.46,0.1,25.0,31.56
2026-04-06_rep_5,SQ304,13:30:00,-3.0,13:44:00,14:25:00,B37 A,205.0,22.0,14.03,0.11,41.0,55.14
2026-04-06_rep_5,TB1012,18:35:00,-10.0,18:42:00,18:45:00,A51 ,72.0,22.0,5.92,1.82,3.0,10.74
2026-04-06_rep_5,TB1112,18:00:00,-2.0,18:19:00,18:22:00,A59 ,75.0,26.0,6.74,1.83,3.0,11.57
2026-04-06_rep_5,TB1114,18:01:00,10.0,18:29:00,18:35:00,A55 ,47.0,24.0,2.87,1.95,6.0,10.82
2026-04-06_rep_5,TB1412,17:35:00,-2.0,17:42:00,17:44:00,A57 ,28.0,14.0,2.76,1.39,2.0,6.14
2026-04-06_rep_5,TB1552,04:10:00,12.0,04:44:00,04:50:00,A53 ,120.0,27.0,10.97,1.44,6.0,18.41
2026-04-06_rep_5,TB1752,21:55:00,2.0,22:29:00,22:37:00,A59 ,128.0,37.0,11.13,1.85,8.0,20.99
2026-04-06_rep_5,TB1754,04:34:00,-17.0,04:36:00,04:44:00,A65 ,129.0,23.0,9.68,1.17,8.0,18.85
2026-04-06_rep_5,TB1912,04:21:00,-7.0,04:28:00,04:31:00,A57 ,55.0,20.0,4.75,1.57,3.0,9.32
2026-04-06_rep_5,TB2534,04:11:00,15.0,04:47:00,04:51:00,B14 A,103.0,32.0,7.71,0.1,4.0,11.81
2026-04-06_rep_5,TB2654,03:05:00,-15.0,03:14:00,03:21:00,B11 A,163.0,29.0,16.73,0.08,7.0,23.81
2026-04-06_rep_5,TB2664,05:50:00,-9.0,07:00:00,07:04:00,B31 A,98.0,84.0,7.53,0.07,4.0,11.6
2026-04-06_rep_5,TB2952,18:15:00,-1.0,18:32:00,18:37:00,B34 A,5.0,23.0,0.46,0.11,5.0,5.57
2026-04-06_rep_5,TB3012,07:33:00,-8.0,07:43:00,07:48:00,B27 A,105.0,21.0,9.28,0.13,5.0,14.41
2026-04-06_rep_5,TB3042,07:19:00,-21.0,07:18:00,07:24:00,B9  A,144.0,24.0,13.05,1.4,6.0,20.45
2026-04-06_rep_5,TB3102,00:34:00,16.0,01:07:00,01:12:00,B27 A,128.0,26.0,10.91,0.13,5.0,16.03
2026-04-06_rep_5,TB3202,06:26:00,83.0,08:02:00,08:03:00,B28 A,48.0,19.0,3.44,0.1,1.0,4.54
2026-04-06_rep_5,TG934,13:24:00,-1.0,13:39:00,14:12:00,B14 A,262.0,25.0,17.94,0.09,33.0,51.03
2026-04-06_rep_5,TK1937,16:16:00,-7.0,16:24:00,16:43:00,B34 A,208.0,21.0,18.11,0.09,19.0,37.21
2026-04-06_rep_5,TK1939,23:56:00,5.0,00:14:00,00:53:00,B14 A,177.0,19.0,15.28,0.11,39.0,54.38
2026-04-06_rep_5,TK1941,03:42:00,-1.0,03:52:00,04:10:00,B30 A,251.0,28.0,19.66,0.11,18.0,37.77
2026-04-06_rep_5,TK1943,19:32:00,-4.0,19:41:00,19:51:00,B14 A,128.0,20.0,10.57,0.11,10.0,20.68
2026-04-06_rep_5,TP640,17:05:00,6.0,17:32:00,17:35:00,A49 ,106.0,26.0,8.25,2.09,3.0,13.34
2026-04-06_rep_5,TP642,21:11:00,-15.0,21:09:00,21:12:00,A47 ,73.0,19.0,5.65,1.67,3.0,10.32
2026-04-06_rep_5,TP644,02:08:00,-13.0,02:11:00,02:20:00,A49 ,100.0,19.0,7.19,1.67,9.0,17.86
2026-04-06_rep_5,TP646,06:01:00,69.0,07:24:00,07:29:00,A59 ,114.0,20.0,9.21,1.74,5.0,15.95
2026-04-06_rep_5,TU954,17:30:00,-4.0,17:42:00,17:46:00,B36 A,72.0,21.0,6.77,0.09,4.0,10.87
2026-04-06_rep_5,UA950,13:20:00,-36.0,13:07:00,13:29:00,B31 A,97.0,28.0,6.07,0.11,22.0,28.18
2026-04-06_rep_5,UA972,15:07:00,-19.0,15:04:00,15:26:00,B40 A,50.0,23.0,3.31,0.13,22.0,25.43
2026-04-06_rep_5,UA994,13:51:00,-45.0,13:25:00,13:49:00,B38 A,135.0,25.0,10.84,0.12,24.0,34.95
2026-04-06_rep_5,UX1171,15:54:00,0.0,16:16:00,16:19:00,A48 ,91.0,31.0,6.76,1.67,3.0,11.43
2026-04-06_rep_5,UX1173,23:46:00,-8.0,23:56:00,00:02:00,A49 ,84.0,24.0,5.85,1.94,6.0,13.8
2026-04-06_rep_5,VF65,17:20:00,-6.0,17:29:00,17:34:00,B27 A,105.0,20.0,7.72,0.11,5.0,12.83
2026-04-06_rep_5,VF67,22:17:00,4.0,22:38:00,22:51:00,B15 A,215.0,24.0,22.85,0.13,13.0,35.98
2026-04-06_rep_5,VY1334,02:30:00,-14.0,02:32:00,02:33:00,A61 ,36.0,21.0,2.75,1.46,1.0,5.21
2026-04-06_rep_5,VY3650,23:50:00,22.0,00:24:00,00:27:00,A57 ,61.0,17.0,5.57,1.31,3.0,9.88
2026-04-06_rep_5,VY8980,15:55:00,-7.0,15:59:00,16:00:00,A57 ,47.0,16.0,3.2,1.69,1.0,5.89
2026-04-06_rep_5,VY8982,23:29:00,-1.0,23:46:00,23:49:00,A45 ,30.0,22.0,3.44,1.69,3.0,8.13
2026-04-06_rep_5,VY8984,02:54:00,-13.0,02:51:00,02:52:00,A63 ,28.0,14.0,2.22,1.5,1.0,4.72
2026-04-06_rep_5,VY8986,20:35:00,8.0,20:58:00,21:00:00,A51 ,78.0,20.0,5.78,2.14,2.0,9.92
2026-04-07_rep_1,AC826,14:57:00,-25.0,14:48:00,15:12:00,B30 A,72.0,23.0,5.41,0.12,24.0,29.52
2026-04-07_rep_1,AC832,14:18:00,-9.0,14:27:00,14:45:00,,93.0,26.0,8.18,1.49,18.0,27.67
2026-04-07_rep_1,AY1541,16:26:00,-5.0,16:38:00,16:54:00,A49 ,72.0,23.0,4.82,1.63,16.0,22.45
2026-04-07_rep_1,AY1545,01:27:00,-5.0,01:41:00,01:44:00,A69 ,48.0,26.0,3.62,1.37,3.0,7.98
2026-04-07_rep_1,AY1549,05:41:00,-20.0,05:39:00,05:40:00,A51 ,26.0,24.0,2.15,1.92,1.0,5.07
2026-04-07_rep_1,AZ148,15:42:00,0.0,15:55:00,15:57:00,A51 ,6.0,20.0,0.44,1.49,2.0,3.92
2026-04-07_rep_1,AZ154,02:09:00,-9.0,02:15:00,02:17:00,A56 ,41.0,19.0,2.72,1.37,2.0,6.08
2026-04-07_rep_1,AZ156,17:50:00,14.0,18:24:00,18:27:00,A43 ,31.0,25.0,2.24,1.7,3.0,6.94
2026-04-07_rep_1,AZ160,01:03:00,-15.0,01:12:00,01:15:00,A60 ,60.0,27.0,4.64,1.47,3.0,9.11
2026-04-07_rep_1,BA384,17:12:00,-14.0,17:31:00,17:34:00,B32 A,34.0,40.0,3.54,0.11,3.0,6.65
2026-04-07_rep_1,BA386,21:30:00,-18.0,21:32:00,21:37:00,B14 A,122.0,25.0,8.34,0.09,5.0,13.43
2026-04-07_rep_1,BA390,02:16:00,-24.0,02:11:00,02:14:00,B9  A,72.0,25.0,7.2,1.72,3.0,11.92
2026-04-07_rep_1,BT601,16:01:00,7.0,16:20:00,16:28:00,A59 ,30.0,18.0,2.29,1.62,8.0,11.92
2026-04-07_rep_1,CX275,15:32:00,0.0,15:47:00,16:23:00,B17 A,303.0,22.0,21.21,0.1,36.0,57.31
2026-04-07_rep_1,DL140,14:48:00,-42.0,14:29:00,14:56:00,B28 A,199.0,31.0,13.42,0.11,27.0,40.53
2026-04-07_rep_1,EI630,16:46:00,17.0,17:36:00,17:45:00,B17 A,138.0,39.0,14.59,0.08,9.0,23.67
2026-04-07_rep_1,EK181,02:35:00,2.0,02:52:00,03:26:00,B31 A,276.0,20.0,17.42,0.09,34.0,51.52
2026-04-07_rep_1,ET750,14:11:00,5.0,14:37:00,15:16:00,B29 A,405.0,27.0,25.19,0.1,39.0,64.29
2026-04-07_rep_1,FB407,02:51:00,51.0,03:57:00,03:59:00,A55 ,54.0,21.0,5.52,1.84,2.0,9.36
2026-04-07_rep_1,GQ800,20:12:00,21.0,20:43:00,20:44:00,A45 ,39.0,17.0,3.38,1.26,1.0,5.65
2026-04-07_rep_1,HV9102,05:21:00,-24.0,05:14:00,05:17:00,B29 A,89.0,23.0,6.01,0.11,3.0,9.12
2026-04-07_rep_1,IB1299,21:49:00,-18.0,21:45:00,21:49:00,A47 ,33.0,18.0,2.9,1.32,4.0,8.22
2026-04-07_rep_1,IB597,18:28:00,-21.0,18:20:00,18:28:00,A42 ,68.0,16.0,5.59,1.78,8.0,15.37
2026-04-07_rep_1,IB601,02:05:00,-12.0,02:20:00,02:26:00,A53 ,111.0,32.0,9.87,2.1,6.0,17.98
2026-04-07_rep_1,IB603,05:36:00,-23.0,05:31:00,05:35:00,A47 ,81.0,24.0,10.09,1.61,4.0,15.69
2026-04-07_rep_1,JU270,16:10:00,6.0,16:28:00,16:30:00,B27 A,17.0,17.0,1.39,0.1,2.0,3.49
2026-04-07_rep_1,KM420,02:21:00,-14.0,02:28:00,02:33:00,A55 ,130.0,27.0,10.22,1.92,5.0,17.14
2026-04-07_rep_1,KM422,16:22:00,-14.0,16:17:00,16:20:00,A45 ,37.0,16.0,4.02,1.8,3.0,8.82
2026-04-07_rep_1,LH1004,14:51:00,-1.0,15:06:00,15:12:00,A43 ,7.0,22.0,0.52,1.08,6.0,7.6
2026-04-07_rep_1,LH2282,15:01:00,-3.0,15:09:00,15:11:00,A47 ,6.0,17.0,0.46,1.45,2.0,3.91
2026-04-07_rep_1,LO231,05:41:00,27.0,06:28:00,06:30:00,A49 ,49.0,26.0,3.26,1.97,2.0,7.23
2026-04-07_rep_1,LO235,16:31:00,-2.0,16:48:00,16:50:00,A43 ,49.0,25.0,4.45,2.07,2.0,8.52
2026-04-07_rep_1,LX780,21:21:00,-1.0,21:35:00,21:45:00,A43 ,69.0,21.0,5.53,1.71,10.0,17.24
2026-04-07_rep_1,LX786,15:54:00,9.0,16:21:00,16:27:00,A55 ,20.0,22.0,1.43,1.91,6.0,9.34
2026-04-07_rep_1,LX788,01:40:00,-5.0,01:48:00,01:51:00,A43 ,31.0,18.0,2.09,2.0,3.0,7.1
2026-04-07_rep_1,OS291,16:10:00,2.0,16:24:00,16:27:00,A57 ,19.0,17.0,1.84,1.56,3.0,6.4
2026-04-07_rep_1,OS295,23:51:00,-4.0,00:02:00,00:13:00,A47 ,35.0,21.0,3.2,1.72,11.0,15.92
2026-04-07_rep_1,OS297,02:16:00,3.0,02:31:00,02:36:00,A45 ,45.0,18.0,3.44,1.55,5.0,10.0
2026-04-07_rep_1,OU4456,02:56:00,25.0,03:38:00,03:41:00,A65 ,59.0,23.0,4.78,1.5,3.0,9.28
2026-04-07_rep_1,QS1000,15:17:00,-15.0,15:19:00,15:20:00,A55 ,7.0,24.0,0.51,1.37,1.0,2.89
2026-04-07_rep_1,QS1002,01:50:00,26.0,02:34:00,02:35:00,A59 ,27.0,23.0,2.7,1.85,1.0,5.56
2026-04-07_rep_1,RJ141,22:20:00,3.0,22:38:00,22:48:00,B30 A,110.0,20.0,8.58,0.13,10.0,18.7
2026-04-07_rep_1,SK1589,01:21:00,-7.0,01:30:00,01:32:00,A49 ,86.0,22.0,6.51,1.55,2.0,10.05
2026-04-07_rep_1,SK1593,21:38:00,3.0,21:57:00,21:59:00,A50 ,44.0,19.0,2.66,1.85,2.0,6.51
2026-04-07_rep_1,SK1595,01:35:00,3.0,01:51:00,01:53:00,A51 ,40.0,18.0,3.57,1.3,2.0,6.88
2026-04-07_rep_1,SK4743,17:47:00,-11.0,17:49:00,18:07:00,A45 ,60.0,20.0,5.43,1.68,18.0,25.11
2026-04-07_rep_1,SK593,16:48:00,-2.0,16:59:00,17:03:00,A53 ,53.0,21.0,4.49,1.98,4.0,10.47
2026-04-07_rep_1,SK597,02:55:00,11.0,03:21:00,03:24:00,A57 ,41.0,20.0,3.82,1.37,3.0,8.19
2026-04-07_rep_1,SN204,12:05:00,-21.0,12:03:00,12:27:00,B14 A,58.0,24.0,5.14,0.08,24.0,29.23
2026-04-07_rep_1,SN2094,20:21:00,67.0,21:48:00,21:52:00,B7  A,69.0,26.0,5.28,1.36,4.0,10.64
2026-04-07_rep_1,SN2096,03:05:00,48.0,04:14:00,04:18:00,B7  A,71.0,26.0,6.43,2.38,4.0,12.81
2026-04-07_rep_1,SN2104,16:03:00,41.0,17:04:00,17:05:00,B28 A,12.0,28.0,0.78,0.11,1.0,1.9
2026-04-07_rep_1,SN2184,15:34:00,-3.0,15:50:00,15:51:00,B34 A,10.0,23.0,0.92,0.11,1.0,2.03
2026-04-07_rep_1,SN2260,02:48:00,-1.0,02:58:00,03:00:00,A70 ,37.0,14.0,2.73,1.84,2.0,6.57
2026-04-07_rep_1,SN2268,15:28:00,-4.0,15:42:00,15:44:00,A48 ,6.0,21.0,0.4,1.46,2.0,3.86
2026-04-07_rep_1,SN2284,03:12:00,-16.0,03:06:00,03:09:00,A50 ,32.0,17.0,2.53,1.39,3.0,6.91
2026-04-07_rep_1,SN229,12:06:00,6.0,12:39:00,13:03:00,B28 A,20.0,33.0,1.95,0.1,24.0,26.06
2026-04-07_rep_1,SN2294,02:54:00,-4.0,03:05:00,03:09:00,A64 ,41.0,19.0,3.01,1.92,4.0,8.93
2026-04-07_rep_1,SN2318,03:03:00,12.0,03:38:00,03:39:00,A60 ,31.0,26.0,2.74,1.69,1.0,5.43
2026-04-07_rep_1,SN2324,15:45:00,38.0,16:46:00,16:48:00,A52 ,18.0,28.0,1.32,1.51,2.0,4.82
2026-04-07_rep_1,SN2556,03:14:00,13.0,03:45:00,03:48:00,A69 ,47.0,22.0,3.96,1.38,3.0,8.34
2026-04-07_rep_1,SN2582,20:09:00,52.0,21:26:00,21:29:00,A49 ,70.0,29.0,5.81,1.35,3.0,10.16
2026-04-07_rep_1,SN2588,03:14:00,-7.0,03:26:00,03:30:00,A62 ,58.0,23.0,4.65,1.58,4.0,10.23
2026-04-07_rep_1,SN2608,17:13:00,17.0,17:48:00,17:54:00,A46 ,43.0,21.0,3.11,1.48,6.0,10.6
2026-04-07_rep_1,SN2610,19:48:00,-6.0,20:03:00,20:04:00,A44 ,22.0,24.0,1.98,1.87,1.0,4.86
2026-04-07_rep_1,SN2618,05:38:00,-7.0,05:43:00,05:46:00,A52 ,52.0,15.0,6.13,1.8,3.0,10.93
2026-04-07_rep_1,SN2624,19:54:00,-9.0,20:03:00,20:05:00,A48 ,8.0,22.0,0.75,1.38,2.0,4.13
2026-04-07_rep_1,SN2630,15:17:00,-10.0,15:26:00,15:30:00,A56 ,7.0,21.0,0.51,1.66,4.0,6.17
2026-04-07_rep_1,SN2644,20:13:00,2.0,20:30:00,20:35:00,A54 ,49.0,18.0,3.9,1.48,5.0,10.38
2026-04-07_rep_1,SN2646,23:18:00,8.0,23:44:00,23:46:00,A54 ,35.0,21.0,3.55,1.48,2.0,7.02
2026-04-07_rep_1,SN2650,02:58:00,1.0,03:10:00,03:11:00,A42 ,23.0,14.0,2.11,1.76,1.0,4.87
2026-04-07_rep_1,SN2652,06:13:00,-15.0,06:07:00,06:08:00,A58 ,9.0,12.0,0.74,2.12,1.0,3.86
2026-04-07_rep_1,SN2714,19:49:00,11.0,20:22:00,20:24:00,A46 ,53.0,26.0,3.93,1.69,2.0,7.62
2026-04-07_rep_1,SN2722,01:33:00,-4.0,01:48:00,01:50:00,A44 ,34.0,22.0,2.37,1.54,2.0,5.91
2026-04-07_rep_1,SN2726,15:23:00,35.0,16:34:00,16:36:00,A42 ,24.0,39.0,1.79,1.82,2.0,5.6
2026-04-07_rep_1,SN2730,17:20:00,1.0,17:40:00,17:42:00,A40 ,24.0,24.0,1.5,1.45,2.0,4.96
2026-04-07_rep_1,SN2732,04:33:00,-5.0,04:39:00,04:41:00,A66 ,35.0,14.0,2.11,2.07,2.0,6.18
2026-04-07_rep_1,SN278,12:46:00,-5.0,13:04:00,13:33:00,B31 A,62.0,29.0,5.71,0.1,29.0,34.81
2026-04-07_rep_1,SN2810,20:24:00,-13.0,20:24:00,20:26:00,A40 ,33.0,17.0,2.6,1.96,2.0,6.57
2026-04-07_rep_1,SN2812,03:18:00,1.0,03:31:00,03:32:00,A68 ,34.0,15.0,2.35,1.82,1.0,5.17
2026-04-07_rep_1,SN2826,03:09:00,4.0,03:35:00,03:38:00,A40 ,68.0,26.0,5.96,1.78,3.0,10.74
2026-04-07_rep_1,SN2900,10:44:00,20.0,11:13:00,11:34:00,B32 A,49.0,13.0,4.23,0.08,21.0,25.31
2026-04-07_rep_1,SN2902,18:08:00,1.0,18:29:00,18:34:00,A54 ,51.0,23.0,4.02,1.65,5.0,10.67
2026-04-07_rep_1,SN2906,03:00:00,-3.0,03:15:00,03:17:00,A61 ,56.0,23.0,4.36,1.49,2.0,7.86
2026-04-07_rep_1,SN3126,01:03:00,35.0,02:02:00,02:05:00,A58 ,68.0,27.0,4.82,1.03,3.0,8.85
2026-04-07_rep_1,SN3132,01:39:00,15.0,02:12:00,02:14:00,A46 ,34.0,22.0,2.45,1.7,2.0,6.15
2026-04-07_rep_1,SN3146,18:03:00,1.0,18:15:00,18:18:00,A58 ,24.0,14.0,2.02,1.4,3.0,6.42
2026-04-07_rep_1,SN3148,21:49:00,18.0,22:25:00,22:27:00,A55 ,59.0,22.0,4.92,2.05,2.0,8.96
2026-04-07_rep_1,SN3150,03:26:00,4.0,03:47:00,03:50:00,A53 ,59.0,23.0,4.59,1.57,3.0,9.16
2026-04-07_rep_1,SN3154,17:13:00,1.0,17:30:00,17:31:00,A44 ,38.0,19.0,3.43,1.74,1.0,6.18
2026-04-07_rep_1,SN3160,06:19:00,-1.0,06:50:00,06:53:00,A55 ,59.0,36.0,5.02,1.97,3.0,10.0
2026-04-07_rep_1,SN3170,20:14:00,-10.0,20:31:00,20:34:00,A56 ,85.0,31.0,9.08,1.91,3.0,13.99
2026-04-07_rep_1,SN3176,19:28:00,57.0,20:45:00,20:48:00,A42 ,79.0,23.0,5.56,1.4,3.0,9.96
2026-04-07_rep_1,SN3182,03:24:00,8.0,03:56:00,04:01:00,A46 ,65.0,28.0,5.39,1.91,5.0,12.3
2026-04-07_rep_1,SN3184,06:18:00,2.0,06:42:00,06:46:00,A50 ,90.0,25.0,6.61,1.37,4.0,11.99
2026-04-07_rep_1,SN3202,21:24:00,11.0,22:05:00,22:08:00,A64 ,94.0,34.0,7.61,1.8,3.0,12.42
2026-04-07_rep_1,SN3208,15:43:00,-11.0,15:44:00,15:48:00,A54 ,18.0,15.0,1.38,1.41,4.0,6.8
2026-04-07_rep_1,SN3344,03:20:00,-10.0,03:27:00,03:30:00,A59 ,35.0,22.0,3.06,1.65,3.0,7.71
2026-04-07_rep_1,SN358,13:20:00,-5.0,13:26:00,13:59:00,B38 A,143.0,16.0,9.54,0.13,33.0,42.67
2026-04-07_rep_1,SN3598,22:18:00,34.0,23:15:00,23:17:00,A58 ,61.0,26.0,5.16,2.27,2.0,9.43
2026-04-07_rep_1,SN3618,22:33:00,12.0,23:04:00,23:06:00,A52 ,57.0,22.0,4.2,1.45,2.0,7.64
2026-04-07_rep_1,SN3632,16:33:00,-5.0,16:46:00,16:56:00,A60 ,5.0,21.0,0.57,1.27,10.0,11.84
2026-04-07_rep_1,SN3634,17:58:00,-1.0,18:25:00,18:27:00,A56 ,8.0,31.0,0.68,1.68,2.0,4.36
2026-04-07_rep_1,SN3668,20:54:00,-7.0,21:18:00,21:20:00,A55 ,29.0,35.0,2.4,1.25,2.0,5.65
2026-04-07_rep_1,SN3676,15:39:00,-19.0,15:43:00,15:44:00,A50 ,14.0,27.0,1.13,1.96,1.0,4.09
2026-04-07_rep_1,SN369,12:10:00,16.0,12:45:00,13:25:00,B37 A,64.0,24.0,6.11,0.11,40.0,46.22
2026-04-07_rep_1,SN3704,00:24:00,10.0,01:00:00,01:05:00,A42 ,103.0,30.0,7.18,1.87,5.0,14.04
2026-04-07_rep_1,SN3708,14:44:00,-18.0,14:37:00,14:39:00,A40 ,7.0,15.0,0.64,1.6,2.0,4.24
2026-04-07_rep_1,SN3712,01:43:00,23.0,02:25:00,02:27:00,A54 ,54.0,22.0,4.37,1.14,2.0,7.5
2026-04-07_rep_1,SN3722,21:58:00,30.0,22:56:00,22:59:00,A66 ,76.0,31.0,5.77,1.71,3.0,10.49
2026-04-07_rep_1,SN3728,02:58:00,3.0,03:26:00,03:29:00,A44 ,54.0,28.0,3.7,1.57,3.0,8.27
2026-04-07_rep_1,SN3732,15:38:00,-12.0,15:48:00,15:49:00,A46 ,35.0,25.0,2.91,1.7,1.0,5.61
2026-04-07_rep_1,SN3734,19:57:00,-14.0,20:08:00,20:09:00,A50 ,32.0,32.0,2.3,1.61,1.0,4.91
2026-04-07_rep_1,SN3736,01:28:00,-1.0,01:54:00,01:56:00,A66 ,43.0,30.0,3.49,1.78,2.0,7.27
2026-04-07_rep_1,SN3738,06:14:00,-13.0,06:16:00,06:18:00,A46 ,77.0,19.0,4.99,2.27,2.0,9.26
2026-04-07_rep_1,SN3772,18:38:00,9.0,19:18:00,19:21:00,A40 ,32.0,34.0,2.26,1.75,3.0,7.01
2026-04-07_rep_1,SN3782,06:34:00,-7.0,06:58:00,08:03:00,A61 ,88.0,35.0,8.17,1.39,65.0,74.56
2026-04-07_rep_1,SN3784,06:44:00,-12.0,08:12:00,08:22:00,A45 ,113.0,104.0,7.34,1.53,10.0,18.87
2026-04-07_rep_1,SN3802,23:03:00,-3.0,23:22:00,23:24:00,A48 ,38.0,25.0,2.93,1.93,2.0,6.86
2026-04-07_rep_1,SN3812,23:18:00,-14.0,23:26:00,23:28:00,A40 ,63.0,25.0,5.88,1.46,2.0,9.35
2026-04-07_rep_1,SN3820,06:46:00,11.0,08:22:00,08:26:00,A65 ,88.0,91.0,5.94,1.71,4.0,11.65
2026-04-07_rep_1,SN3894,05:36:00,-12.0,05:42:00,05:43:00,B32 A,15.0,24.0,0.93,0.11,1.0,2.04
2026-04-07_rep_1,SQ304,14:32:00,16.0,15:04:00,15:35:00,B14 A,235.0,23.0,15.99,0.09,31.0,47.08
2026-04-07_rep_1,TB1012,19:46:00,-10.0,20:00:00,20:02:00,A53 ,51.0,30.0,4.62,1.74,2.0,8.35
2026-04-07_rep_1,TB1243,05:25:00,-21.0,05:19:00,05:21:00,A69 ,20.0,20.0,1.34,1.77,2.0,5.1
2026-04-07_rep_1,TB1412,18:35:00,-3.0,18:50:00,18:55:00,A59 ,19.0,23.0,1.42,1.8,5.0,8.22
2026-04-07_rep_1,TB1752,22:48:00,1.0,23:14:00,23:20:00,A67 ,108.0,28.0,8.27,1.65,6.0,15.92
2026-04-07_rep_1,TB2042,02:15:00,122.0,04:35:00,04:42:00,B27 A,170.0,23.0,14.54,0.09,7.0,21.63
2026-04-07_rep_1,TB2524,09:25:00,15.0,09:57:00,10:03:00,B7  A,149.0,22.0,17.07,1.7,6.0,24.77
2026-04-07_rep_1,TB2612,04:40:00,-2.0,04:55:00,05:01:00,B38 A,156.0,22.0,13.29,0.11,6.0,19.41
2026-04-07_rep_1,TB2634,01:51:00,-17.0,01:50:00,01:57:00,B5  A,185.0,22.0,13.53,1.44,7.0,21.97
2026-04-07_rep_1,TB2662,04:59:00,-20.0,05:00:00,05:04:00,B40 A,144.0,25.0,11.68,0.1,4.0,15.78
2026-04-07_rep_1,TB3042,04:26:00,-6.0,05:06:00,05:13:00,B9  A,178.0,52.0,13.31,2.21,7.0,22.52
2026-04-07_rep_1,TB3102,01:50:00,12.0,02:21:00,02:31:00,B11 A,141.0,24.0,10.03,0.08,10.0,20.11
2026-04-07_rep_1,TB3202,21:40:00,-6.0,21:45:00,21:46:00,B5  A,40.0,16.0,3.12,1.27,1.0,5.39
2026-04-07_rep_1,TG934,14:23:00,12.0,14:55:00,15:30:00,B11 A,259.0,28.0,24.7,0.08,35.0,59.78
2026-04-07_rep_1,TK1937,17:03:00,24.0,17:46:00,18:03:00,B30 A,168.0,27.0,15.17,0.08,17.0,32.25
2026-04-07_rep_1,TK1939,01:01:00,22.0,01:36:00,01:50:00,B28 A,166.0,19.0,10.95,0.09,14.0,25.04
2026-04-07_rep_1,TK1941,04:31:00,-4.0,04:39:00,04:54:00,B14 A,143.0,18.0,13.97,0.09,15.0,29.07
2026-04-07_rep_1,TK1943,20:32:00,9.0,20:57:00,21:04:00,B32 A,120.0,23.0,8.89,0.08,7.0,15.97
2026-04-07_rep_1,TP640,18:05:00,-18.0,18:06:00,18:17:00,A53 ,109.0,24.0,10.4,1.92,11.0,23.32
2026-04-07_rep_1,TP642,22:12:00,-5.0,22:21:00,22:25:00,A51 ,90.0,21.0,7.47,1.67,4.0,13.15
2026-04-07_rep_1,TP644,03:15:00,53.0,04:24:00,04:29:00,A43 ,58.0,26.0,5.67,1.44,5.0,12.11
2026-04-07_rep_1,TP646,07:02:00,70.0,08:30:00,08:35:00,A53 ,101.0,25.0,8.19,1.63,5.0,14.82
2026-04-07_rep_1,TU954,18:30:00,5.0,18:50:00,18:54:00,B32 A,101.0,20.0,11.07,0.11,4.0,15.18
2026-04-07_rep_1,UA950,14:21:00,-25.0,14:24:00,14:54:00,B40 A,121.0,34.0,8.96,0.11,30.0,39.08
2026-04-07_rep_1,UA972,16:05:00,-21.0,16:10:00,16:32:00,B40 A,106.0,31.0,6.57,0.1,22.0,28.67
2026-04-07_rep_1,UA994,14:51:00,-13.0,14:55:00,15:30:00,B38 A,159.0,23.0,12.84,0.1,35.0,47.94
2026-04-07_rep_1,UX1171,16:53:00,-14.0,17:01:00,17:06:00,A51 ,43.0,30.0,3.51,1.87,5.0,10.38
2026-04-07_rep_1,UX1173,00:45:00,-14.0,00:52:00,00:57:00,A61 ,85.0,26.0,5.39,1.6,5.0,11.99
2026-04-07_rep_1,VF65,18:23:00,1.0,18:48:00,18:54:00,B36 A,152.0,32.0,11.62,0.09,6.0,17.71
2026-04-07_rep_1,VF67,23:17:00,16.0,00:06:00,00:13:00,B5  A,161.0,40.0,12.38,1.54,7.0,20.92
2026-04-07_rep_1,VY1332,16:00:00,-13.0,15:56:00,15:57:00,A53 ,10.0,14.0,0.81,2.06,1.0,3.87
2026-04-07_rep_1,VY1334,03:31:00,-14.0,03:24:00,03:25:00,A45 ,21.0,13.0,1.88,1.35,1.0,4.23
2026-04-07_rep_1,VY1470,01:59:00,12.0,02:21:00,02:24:00,A57 ,24.0,14.0,1.67,1.49,3.0,6.16
2026-04-07_rep_1,VY2150,04:05:00,-19.0,04:04:00,04:10:00,A51 ,42.0,23.0,3.19,1.63,6.0,10.82
2026-04-07_rep_1,VY2152,23:54:00,-20.0,23:44:00,23:46:00,A43 ,47.0,14.0,3.85,1.61,2.0,7.46
2026-04-07_rep_1,VY6814,03:46:00,15.0,04:11:00,04:13:00,A49 ,36.0,16.0,4.38,1.24,2.0,7.62
2026-04-07_rep_1,VY8978,19:50:00,-10.0,19:56:00,19:59:00,A43 ,72.0,21.0,5.48,1.89,3.0,10.37
2026-04-07_rep_1,VY8980,16:56:00,-18.0,17:01:00,17:03:00,A48 ,23.0,34.0,1.98,2.29,2.0,6.27
2026-04-07_rep_1,VY8982,00:30:00,-23.0,00:24:00,00:26:00,A45 ,45.0,22.0,4.31,1.66,2.0,7.97
2026-04-07_rep_1,VY8984,03:37:00,-10.0,03:37:00,03:38:00,A47 ,41.0,17.0,3.52,1.83,1.0,6.35
2026-04-07_rep_1,VY8986,21:35:00,-21.0,21:33:00,21:37:00,A61 ,63.0,24.0,5.8,2.08,4.0,11.88
2026-04-07_rep_2,AC826,14:57:00,-25.0,14:48:00,15:12:00,B30 A,72.0,23.0,5.15,0.09,24.0,29.24
2026-04-07_rep_2,AC832,14:18:00,-9.0,14:27:00,14:45:00,,93.0,26.0,6.27,1.59,18.0,25.86
2026-04-07_rep_2,AY1541,16:26:00,-5.0,16:38:00,16:54:00,A49 ,72.0,23.0,5.65,1.89,16.0,23.54
2026-04-07_rep_2,AY1545,01:27:00,-5.0,01:41:00,01:44:00,A69 ,48.0,26.0,3.85,1.66,3.0,8.51
2026-04-07_rep_2,AY1549,05:41:00,-20.0,05:39:00,05:40:00,A51 ,26.0,24.0,2.14,1.5,1.0,4.64
2026-04-07_rep_2,AZ148,15:42:00,0.0,15:55:00,15:57:00,A51 ,6.0,20.0,0.51,1.67,2.0,4.18
2026-04-07_rep_2,AZ154,02:09:00,-9.0,02:15:00,02:17:00,A56 ,41.0,19.0,4.2,1.47,2.0,7.67
2026-04-07_rep_2,AZ156,17:50:00,14.0,18:24:00,18:27:00,A43 ,31.0,25.0,2.66,1.53,3.0,7.19
2026-04-07_rep_2,AZ160,01:03:00,-15.0,01:12:00,01:15:00,A60 ,60.0,27.0,4.75,1.45,3.0,9.2
2026-04-07_rep_2,BA384,17:12:00,-14.0,17:31:00,17:34:00,B32 A,34.0,40.0,2.26,0.09,3.0,5.35
2026-04-07_rep_2,BA386,21:30:00,-18.0,21:32:00,21:37:00,B14 A,122.0,25.0,10.54,0.13,5.0,15.66
2026-04-07_rep_2,BA390,02:16:00,-24.0,02:11:00,02:14:00,B9  A,72.0,25.0,4.36,1.33,3.0,8.69
2026-04-07_rep_2,BT601,16:01:00,7.0,16:20:00,16:28:00,A59 ,30.0,18.0,2.28,1.53,8.0,11.82
2026-04-07_rep_2,CX275,15:32:00,0.0,15:47:00,16:23:00,B17 A,303.0,22.0,20.39,0.11,36.0,56.5
2026-04-07_rep_2,DL140,14:48:00,-42.0,14:29:00,14:56:00,B28 A,199.0,31.0,16.91,0.1,27.0,44.01
2026-04-07_rep_2,EI630,16:46:00,17.0,17:36:00,17:45:00,B17 A,138.0,39.0,14.3,0.11,9.0,23.41
2026-04-07_rep_2,EK181,02:35:00,2.0,02:52:00,03:26:00,B31 A,276.0,20.0,18.69,0.12,34.0,52.81
2026-04-07_rep_2,ET750,14:11:00,5.0,14:37:00,15:16:00,B29 A,405.0,27.0,24.34,0.1,39.0,63.44
2026-04-07_rep_2,FB407,02:51:00,51.0,03:57:00,03:59:00,A55 ,54.0,21.0,4.01,1.65,2.0,7.66
2026-04-07_rep_2,GQ800,20:12:00,21.0,20:43:00,20:44:00,A45 ,39.0,17.0,2.65,1.76,1.0,5.42
2026-04-07_rep_2,HV9102,05:21:00,-24.0,05:14:00,05:17:00,B29 A,89.0,23.0,8.95,0.11,3.0,12.06
2026-04-07_rep_2,IB1299,21:49:00,-18.0,21:45:00,21:49:00,A47 ,33.0,18.0,2.47,1.69,4.0,8.16
2026-04-07_rep_2,IB597,18:28:00,-21.0,18:20:00,18:28:00,A42 ,68.0,16.0,5.51,1.8,8.0,15.31
2026-04-07_rep_2,IB601,02:05:00,-12.0,02:20:00,02:26:00,A53 ,111.0,32.0,11.7,1.61,6.0,19.32
2026-04-07_rep_2,IB603,05:36:00,-23.0,05:31:00,05:35:00,A47 ,81.0,24.0,5.42,1.27,4.0,10.69
2026-04-07_rep_2,JU270,16:10:00,6.0,16:28:00,16:30:00,B27 A,17.0,17.0,1.31,0.1,2.0,3.41
2026-04-07_rep_2,KM420,02:21:00,-14.0,02:28:00,02:33:00,A55 ,130.0,27.0,8.33,1.77,5.0,15.1
2026-04-07_rep_2,KM422,16:22:00,-14.0,16:17:00,16:20:00,A45 ,37.0,16.0,2.42,1.91,3.0,7.33
2026-04-07_rep_2,LH1004,14:51:00,-1.0,15:06:00,15:12:00,A43 ,7.0,22.0,0.63,1.86,6.0,8.49
2026-04-07_rep_2,LH2282,15:01:00,-3.0,15:09:00,15:11:00,A47 ,6.0,17.0,0.43,1.68,2.0,4.11
2026-04-07_rep_2,LO231,05:41:00,27.0,06:28:00,06:30:00,A49 ,49.0,26.0,3.71,1.56,2.0,7.28
2026-04-07_rep_2,LO235,16:31:00,-2.0,16:48:00,16:50:00,A43 ,49.0,25.0,4.31,1.33,2.0,7.64
2026-04-07_rep_2,LX780,21:21:00,-1.0,21:35:00,21:45:00,A43 ,69.0,21.0,7.0,2.15,10.0,19.14
2026-04-07_rep_2,LX786,15:54:00,9.0,16:21:00,16:27:00,A55 ,20.0,22.0,1.84,1.89,6.0,9.72
2026-04-07_rep_2,LX788,01:40:00,-5.0,01:48:00,01:51:00,A43 ,31.0,18.0,3.0,1.13,3.0,7.13
2026-04-07_rep_2,OS291,16:10:00,2.0,16:24:00,16:27:00,A57 ,19.0,17.0,1.69,1.34,3.0,6.03
2026-04-07_rep_2,OS295,23:51:00,-4.0,00:02:00,00:13:00,A47 ,35.0,21.0,2.74,1.81,11.0,15.55
2026-04-07_rep_2,OS297,02:16:00,3.0,02:31:00,02:36:00,A45 ,45.0,18.0,4.36,1.6,5.0,10.97
2026-04-07_rep_2,OU4456,02:56:00,25.0,03:38:00,03:41:00,A65 ,59.0,23.0,3.92,1.51,3.0,8.43
2026-04-07_rep_2,QS1000,15:17:00,-15.0,15:19:00,15:20:00,A55 ,7.0,24.0,0.58,1.95,1.0,3.52
2026-04-07_rep_2,QS1002,01:50:00,26.0,02:34:00,02:35:00,A59 ,27.0,23.0,2.04,1.78,1.0,4.82
2026-04-07_rep_2,RJ141,22:20:00,3.0,22:38:00,22:48:00,B30 A,110.0,20.0,11.58,0.11,10.0,21.69
2026-04-07_rep_2,SK1589,01:21:00,-7.0,01:30:00,01:32:00,A49 ,86.0,22.0,5.91,1.53,2.0,9.44
2026-04-07_rep_2,SK1593,21:38:00,3.0,21:57:00,21:59:00,A50 ,44.0,19.0,3.35,1.81,2.0,7.16
2026-04-07_rep_2,SK1595,01:35:00,3.0,01:51:00,01:53:00,A51 ,40.0,18.0,3.78,1.65,2.0,7.43
2026-04-07_rep_2,SK4743,17:47:00,-11.0,17:49:00,18:07:00,A45 ,60.0,20.0,3.86,1.61,18.0,23.47
2026-04-07_rep_2,SK593,16:48:00,-2.0,16:59:00,17:03:00,A53 ,53.0,21.0,3.95,1.62,4.0,9.58
2026-04-07_rep_2,SK597,02:55:00,11.0,03:21:00,03:24:00,A57 ,41.0,20.0,2.92,1.45,3.0,7.37
2026-04-07_rep_2,SN204,12:05:00,-21.0,12:03:00,12:27:00,B14 A,58.0,24.0,4.51,0.11,24.0,28.61
2026-04-07_rep_2,SN2094,20:21:00,67.0,21:48:00,21:52:00,B7  A,69.0,26.0,7.8,1.35,4.0,13.14
2026-04-07_rep_2,SN2096,03:05:00,48.0,04:14:00,04:18:00,B7  A,71.0,26.0,5.83,1.63,4.0,11.46
2026-04-07_rep_2,SN2104,16:03:00,41.0,17:04:00,17:05:00,B28 A,12.0,28.0,1.02,0.11,1.0,2.14
2026-04-07_rep_2,SN2184,15:34:00,-3.0,15:50:00,15:51:00,B34 A,10.0,23.0,0.94,0.12,1.0,2.06
2026-04-07_rep_2,SN2260,02:48:00,-1.0,02:58:00,03:00:00,A70 ,37.0,14.0,3.12,1.76,2.0,6.88
2026-04-07_rep_2,SN2268,15:28:00,-4.0,15:42:00,15:44:00,A48 ,6.0,21.0,0.56,1.8,2.0,4.35
2026-04-07_rep_2,SN2284,03:12:00,-16.0,03:06:00,03:09:00,A50 ,32.0,17.0,2.63,2.06,3.0,7.69
2026-04-07_rep_2,SN229,12:06:00,6.0,12:39:00,13:03:00,B28 A,20.0,33.0,1.54,0.09,24.0,25.63
2026-04-07_rep_2,SN2294,02:54:00,-4.0,03:05:00,03:09:00,A64 ,41.0,19.0,3.5,1.43,4.0,8.93
2026-04-07_rep_2,SN2318,03:03:00,12.0,03:38:00,03:39:00,A60 ,31.0,26.0,2.18,1.38,1.0,4.57
2026-04-07_rep_2,SN2324,15:45:00,38.0,16:46:00,16:48:00,A52 ,18.0,28.0,1.55,1.57,2.0,5.12
2026-04-07_rep_2,SN2556,03:14:00,13.0,03:45:00,03:48:00,A69 ,47.0,22.0,3.11,2.18,3.0,8.3
2026-04-07_rep_2,SN2582,20:09:00,52.0,21:26:00,21:29:00,A49 ,70.0,29.0,5.02,1.32,3.0,9.34
2026-04-07_rep_2,SN2588,03:14:00,-7.0,03:26:00,03:30:00,A62 ,58.0,23.0,5.9,1.66,4.0,11.56
2026-04-07_rep_2,SN2608,17:13:00,17.0,17:48:00,17:54:00,A46 ,43.0,21.0,2.79,1.46,6.0,10.25
2026-04-07_rep_2,SN2610,19:48:00,-6.0,20:03:00,20:04:00,A44 ,22.0,24.0,1.62,1.62,1.0,4.24
2026-04-07_rep_2,SN2618,05:38:00,-7.0,05:43:00,05:46:00,A52 ,52.0,15.0,5.54,1.36,3.0,9.9
2026-04-07_rep_2,SN2624,19:54:00,-9.0,20:03:00,20:05:00,A48 ,8.0,22.0,0.57,1.52,2.0,4.09
2026-04-07_rep_2,SN2630,15:17:00,-10.0,15:26:00,15:30:00,A56 ,7.0,21.0,0.49,1.59,4.0,6.08
2026-04-07_rep_2,SN2644,20:13:00,2.0,20:30:00,20:35:00,A54 ,49.0,18.0,4.29,2.34,5.0,11.63
2026-04-07_rep_2,SN2646,23:18:00,8.0,23:44:00,23:46:00,A54 ,35.0,21.0,2.96,1.94,2.0,6.9
2026-04-07_rep_2,SN2650,02:58:00,1.0,03:10:00,03:11:00,A42 ,23.0,14.0,1.73,1.59,1.0,4.32
2026-04-07_rep_2,SN2652,06:13:00,-15.0,06:07:00,06:08:00,A58 ,9.0,12.0,0.69,1.47,1.0,3.16
2026-04-07_rep_2,SN2714,19:49:00,11.0,20:22:00,20:24:00,A46 ,53.0,26.0,4.54,2.19,2.0,8.73
2026-04-07_rep_2,SN2722,01:33:00,-4.0,01:48:00,01:50:00,A44 ,34.0,22.0,2.4,1.95,2.0,6.35
2026-04-07_rep_2,SN2726,15:23:00,35.0,16:34:00,16:36:00,A42 ,24.0,39.0,1.57,1.43,2.0,5.0
2026-04-07_rep_2,SN2730,17:20:00,1.0,17:40:00,17:42:00,A40 ,24.0,24.0,2.56,1.75,2.0,6.31
2026-04-07_rep_2,SN2732,04:33:00,-5.0,04:39:00,04:41:00,A66 ,35.0,14.0,2.56,1.62,2.0,6.18
2026-04-07_rep_2,SN278,12:46:00,-5.0,13:04:00,13:33:00,B31 A,62.0,29.0,4.21,0.14,29.0,33.35
2026-04-07_rep_2,SN2810,20:24:00,-13.0,20:24:00,20:26:00,A40 ,33.0,17.0,3.0,1.59,2.0,6.6
2026-04-07_rep_2,SN2812,03:18:00,1.0,03:31:00,03:32:00,A68 ,34.0,15.0,2.38,1.7,1.0,5.08
2026-04-07_rep_2,SN2826,03:09:00,4.0,03:35:00,03:38:00,A40 ,68.0,26.0,4.85,1.71,3.0,9.56
2026-04-07_rep_2,SN2900,10:44:00,20.0,11:13:00,11:34:00,B32 A,49.0,13.0,4.65,0.09,21.0,25.74
2026-04-07_rep_2,SN2902,18:08:00,1.0,18:29:00,18:34:00,A54 ,51.0,23.0,3.82,1.63,5.0,10.45
2026-04-07_rep_2,SN2906,03:00:00,-3.0,03:15:00,03:17:00,A61 ,56.0,23.0,4.67,1.55,2.0,8.22
2026-04-07_rep_2,SN3126,01:03:00,35.0,02:02:00,02:05:00,A58 ,68.0,27.0,7.9,1.68,3.0,12.58
2026-04-07_rep_2,SN3132,01:39:00,15.0,02:12:00,02:14:00,A46 ,34.0,22.0,2.59,2.13,2.0,6.72
2026-04-07_rep_2,SN3146,18:03:00,1.0,18:15:00,18:18:00,A58 ,24.0,14.0,1.54,1.31,3.0,5.85
2026-04-07_rep_2,SN3148,21:49:00,18.0,22:25:00,22:27:00,A55 ,59.0,22.0,4.72,1.9,2.0,8.61
2026-04-07_rep_2,SN3150,03:26:00,4.0,03:47:00,03:50:00,A53 ,59.0,23.0,5.96,1.96,3.0,10.92
2026-04-07_rep_2,SN3154,17:13:00,1.0,17:30:00,17:31:00,A44 ,38.0,19.0,2.52,2.01,1.0,5.52
2026-04-07_rep_2,SN3160,06:19:00,-1.0,06:50:00,06:53:00,A55 ,59.0,36.0,4.39,1.46,3.0,8.85
2026-04-07_rep_2,SN3170,20:14:00,-10.0,20:31:00,20:34:00,A56 ,85.0,31.0,6.74,2.58,3.0,12.32
2026-04-07_rep_2,SN3176,19:28:00,57.0,20:45:00,20:48:00,A42 ,79.0,23.0,5.1,1.37,3.0,9.48
2026-04-07_rep_2,SN3182,03:24:00,8.0,03:56:00,04:01:00,A46 ,65.0,28.0,5.02,1.87,5.0,11.89
2026-04-07_rep_2,SN3184,06:18:00,2.0,06:42:00,06:46:00,A50 ,90.0,25.0,6.21,2.07,4.0,12.28
2026-04-07_rep_2,SN3202,21:24:00,11.0,22:05:00,22:08:00,A64 ,94.0,34.0,7.42,1.96,3.0,12.38
2026-04-07_rep_2,SN3208,15:43:00,-11.0,15:44:00,15:48:00,A54 ,18.0,15.0,1.17,1.56,4.0,6.74
2026-04-07_rep_2,SN3344,03:20:00,-10.0,03:27:00,03:30:00,A59 ,35.0,22.0,2.73,1.51,3.0,7.24
2026-04-07_rep_2,SN358,13:20:00,-5.0,13:26:00,13:59:00,B38 A,143.0,16.0,11.69,0.11,33.0,44.8
2026-04-07_rep_2,SN3598,22:18:00,34.0,23:15:00,23:17:00,A58 ,61.0,26.0,3.97,1.48,2.0,7.45
2026-04-07_rep_2,SN3618,22:33:00,12.0,23:04:00,23:06:00,A52 ,57.0,22.0,5.04,2.4,2.0,9.44
2026-04-07_rep_2,SN3632,16:33:00,-5.0,16:46:00,16:56:00,A60 ,5.0,21.0,0.42,1.91,10.0,12.34
2026-04-07_rep_2,SN3634,17:58:00,-1.0,18:25:00,18:27:00,A56 ,8.0,31.0,0.64,1.76,2.0,4.39
2026-04-07_rep_2,SN3668,20:54:00,-7.0,21:18:00,21:20:00,A55 ,29.0,35.0,1.87,1.65,2.0,5.52
2026-04-07_rep_2,SN3676,15:39:00,-19.0,15:43:00,15:44:00,A50 ,14.0,27.0,0.93,2.2,1.0,4.12
2026-04-07_rep_2,SN369,12:10:00,16.0,12:45:00,13:25:00,B37 A,64.0,24.0,4.14,0.1,40.0,44.25
2026-04-07_rep_2,SN3704,00:24:00,10.0,01:00:00,01:05:00,A42 ,103.0,30.0,8.97,1.69,5.0,15.66
2026-04-07_rep_2,SN3708,14:44:00,-18.0,14:37:00,14:39:00,A40 ,7.0,15.0,0.56,1.89,2.0,4.46
2026-04-07_rep_2,SN3712,01:43:00,23.0,02:25:00,02:27:00,A54 ,54.0,22.0,4.97,1.55,2.0,8.52
2026-04-07_rep_2,SN3722,21:58:00,30.0,22:56:00,22:59:00,A66 ,76.0,31.0,9.34,1.61,3.0,13.95
2026-04-07_rep_2,SN3728,02:58:00,3.0,03:26:00,03:29:00,A44 ,54.0,28.0,4.38,1.44,3.0,8.82
2026-04-07_rep_2,SN3732,15:38:00,-12.0,15:48:00,15:49:00,A46 ,35.0,25.0,2.9,1.76,1.0,5.66
2026-04-07_rep_2,SN3734,19:57:00,-14.0,20:08:00,20:09:00,A50 ,32.0,32.0,2.28,1.25,1.0,4.53
2026-04-07_rep_2,SN3736,01:28:00,-1.0,01:54:00,01:56:00,A66 ,43.0,30.0,3.57,1.57,2.0,7.14
2026-04-07_rep_2,SN3738,06:14:00,-13.0,06:16:00,06:18:00,A46 ,77.0,19.0,8.43,1.99,2.0,12.43
2026-04-07_rep_2,SN3772,18:38:00,9.0,19:18:00,19:21:00,A40 ,32.0,34.0,2.54,1.71,3.0,7.24
2026-04-07_rep_2,SN3782,06:34:00,-7.0,06:58:00,08:03:00,A61 ,88.0,35.0,10.84,1.75,65.0,77.59
2026-04-07_rep_2,SN3784,06:44:00,-12.0,08:12:00,08:22:00,A45 ,113.0,104.0,8.08,1.55,10.0,19.63
2026-04-07_rep_2,SN3802,23:03:00,-3.0,23:22:00,23:24:00,A48 ,38.0,25.0,2.86,1.77,2.0,6.63
2026-04-07_rep_2,SN3812,23:18:00,-14.0,23:26:00,23:28:00,A40 ,63.0,25.0,5.41,1.55,2.0,8.96
2026-04-07_rep_2,SN3820,06:46:00,11.0,08:22:00,08:26:00,A65 ,88.0,91.0,10.62,1.68,4.0,16.3
2026-04-07_rep_2,SN3894,05:36:00,-12.0,05:42:00,05:43:00,B32 A,15.0,24.0,1.12,0.09,1.0,2.21
2026-04-07_rep_2,SQ304,14:32:00,16.0,15:04:00,15:35:00,B14 A,235.0,23.0,20.99,0.11,31.0,52.1
2026-04-07_rep_2,TB1012,19:46:00,-10.0,20:00:00,20:02:00,A53 ,51.0,30.0,3.2,2.02,2.0,7.22
2026-04-07_rep_2,TB1243,05:25:00,-21.0,05:19:00,05:21:00,A69 ,20.0,20.0,1.78,1.67,2.0,5.46
2026-04-07_rep_2,TB1412,18:35:00,-3.0,18:50:00,18:55:00,A59 ,19.0,23.0,1.26,1.57,5.0,7.83
2026-04-07_rep_2,TB1752,22:48:00,1.0,23:14:00,23:20:00,A67 ,108.0,28.0,6.79,1.78,6.0,14.57
2026-04-07_rep_2,TB2042,02:15:00,122.0,04:35:00,04:42:00,B27 A,170.0,23.0,12.44,0.11,7.0,19.55
2026-04-07_rep_2,TB2524,09:25:00,15.0,09:57:00,10:03:00,B7  A,149.0,22.0,18.03,1.63,6.0,25.66
2026-04-07_rep_2,TB2612,04:40:00,-2.0,04:55:00,05:01:00,B38 A,156.0,22.0,9.48,0.09,6.0,15.57
2026-04-07_rep_2,TB2634,01:51:00,-17.0,01:50:00,01:57:00,B5  A,185.0,22.0,17.92,1.72,7.0,26.63
2026-04-07_rep_2,TB2662,04:59:00,-20.0,05:00:00,05:04:00,B40 A,144.0,25.0,12.48,0.09,4.0,16.57
2026-04-07_rep_2,TB3042,04:26:00,-6.0,05:06:00,05:13:00,B9  A,178.0,52.0,15.82,1.75,7.0,24.57
2026-04-07_rep_2,TB3102,01:50:00,12.0,02:21:00,02:31:00,B11 A,141.0,24.0,9.73,0.1,10.0,19.84
2026-04-07_rep_2,TB3202,21:40:00,-6.0,21:45:00,21:46:00,B5  A,40.0,16.0,3.61,1.52,1.0,6.13
2026-04-07_rep_2,TG934,14:23:00,12.0,14:55:00,15:30:00,B11 A,259.0,28.0,18.62,0.1,35.0,53.72
2026-04-07_rep_2,TK1937,17:03:00,24.0,17:46:00,18:03:00,B30 A,168.0,27.0,15.54,0.11,17.0,32.65
2026-04-07_rep_2,TK1939,01:01:00,22.0,01:36:00,01:50:00,B28 A,166.0,19.0,13.99,0.09,14.0,28.09
2026-04-07_rep_2,TK1941,04:31:00,-4.0,04:39:00,04:54:00,B14 A,143.0,18.0,12.62,0.1,15.0,27.72
2026-04-07_rep_2,TK1943,20:32:00,9.0,20:57:00,21:04:00,B32 A,120.0,23.0,10.27,0.1,7.0,17.36
2026-04-07_rep_2,TP640,18:05:00,-18.0,18:06:00,18:17:00,A53 ,109.0,24.0,11.45,1.63,11.0,24.08
2026-04-07_rep_2,TP642,22:12:00,-5.0,22:21:00,22:25:00,A51 ,90.0,21.0,7.0,1.77,4.0,12.77
2026-04-07_rep_2,TP644,03:15:00,53.0,04:24:00,04:29:00,A43 ,58.0,26.0,6.51,1.55,5.0,13.07
2026-04-07_rep_2,TP646,07:02:00,70.0,08:30:00,08:35:00,A53 ,101.0,25.0,9.03,2.13,5.0,16.16
2026-04-07_rep_2,TU954,18:30:00,5.0,18:50:00,18:54:00,B32 A,101.0,20.0,7.8,0.1,4.0,11.89
2026-04-07_rep_2,UA950,14:21:00,-25.0,14:24:00,14:54:00,B40 A,121.0,34.0,11.44,0.12,30.0,41.55
2026-04-07_rep_2,UA972,16:05:00,-21.0,16:10:00,16:32:00,B40 A,106.0,31.0,9.27,0.09,22.0,31.36
2026-04-07_rep_2,UA994,14:51:00,-13.0,14:55:00,15:30:00,B38 A,159.0,23.0,19.06,0.09,35.0,54.15
2026-04-07_rep_2,UX1171,16:53:00,-14.0,17:01:00,17:06:00,A51 ,43.0,30.0,3.91,2.0,5.0,10.91
2026-04-07_rep_2,UX1173,00:45:00,-14.0,00:52:00,00:57:00,A61 ,85.0,26.0,6.2,1.65,5.0,12.85
2026-04-07_rep_2,VF65,18:23:00,1.0,18:48:00,18:54:00,B36 A,152.0,32.0,9.48,0.1,6.0,15.58
2026-04-07_rep_2,VF67,23:17:00,16.0,00:06:00,00:13:00,B5  A,161.0,40.0,11.74,1.65,7.0,20.39
2026-04-07_rep_2,VY1332,16:00:00,-13.0,15:56:00,15:57:00,A53 ,10.0,14.0,0.65,1.78,1.0,3.43
2026-04-07_rep_2,VY1334,03:31:00,-14.0,03:24:00,03:25:00,A45 ,21.0,13.0,1.53,1.4,1.0,3.93
2026-04-07_rep_2,VY1470,01:59:00,12.0,02:21:00,02:24:00,A57 ,24.0,14.0,1.69,1.78,3.0,6.47
2026-04-07_rep_2,VY2150,04:05:00,-19.0,04:04:00,04:10:00,A51 ,42.0,23.0,3.82,1.54,6.0,11.35
2026-04-07_rep_2,VY2152,23:54:00,-20.0,23:44:00,23:46:00,A43 ,47.0,14.0,3.52,1.84,2.0,7.36
2026-04-07_rep_2,VY6814,03:46:00,15.0,04:11:00,04:13:00,A49 ,36.0,16.0,3.08,1.44,2.0,6.52
2026-04-07_rep_2,VY8978,19:50:00,-10.0,19:56:00,19:59:00,A43 ,72.0,21.0,5.88,1.23,3.0,10.11
2026-04-07_rep_2,VY8980,16:56:00,-18.0,17:01:00,17:03:00,A48 ,23.0,34.0,1.66,1.74,2.0,5.4
2026-04-07_rep_2,VY8982,00:30:00,-23.0,00:24:00,00:26:00,A45 ,45.0,22.0,4.05,1.16,2.0,7.2
2026-04-07_rep_2,VY8984,03:37:00,-10.0,03:37:00,03:38:00,A47 ,41.0,17.0,3.39,1.94,1.0,6.33
2026-04-07_rep_2,VY8986,21:35:00,-21.0,21:33:00,21:37:00,A61 ,63.0,24.0,5.3,1.72,4.0,11.02
2026-04-07_rep_3,AC826,14:57:00,-25.0,14:48:00,15:12:00,B30 A,72.0,23.0,6.4,0.1,24.0,30.5
2026-04-07_rep_3,AC832,14:18:00,-9.0,14:27:00,14:45:00,,93.0,26.0,8.64,1.49,18.0,28.14
2026-04-07_rep_3,AY1541,16:26:00,-5.0,16:38:00,16:54:00,A49 ,72.0,23.0,5.75,1.83,16.0,23.57
2026-04-07_rep_3,AY1545,01:27:00,-5.0,01:41:00,01:44:00,A69 ,48.0,26.0,4.26,1.82,3.0,9.08
2026-04-07_rep_3,AY1549,05:41:00,-20.0,05:39:00,05:40:00,A51 ,26.0,24.0,2.78,1.51,1.0,5.29
2026-04-07_rep_3,AZ148,15:42:00,0.0,15:55:00,15:57:00,A51 ,6.0,20.0,0.48,1.61,2.0,4.09
2026-04-07_rep_3,AZ154,02:09:00,-9.0,02:15:00,02:17:00,A56 ,41.0,19.0,3.24,1.34,2.0,6.58
2026-04-07_rep_3,AZ156,17:50:00,14.0,18:24:00,18:27:00,A43 ,31.0,25.0,2.72,1.4,3.0,7.12
2026-04-07_rep_3,AZ160,01:03:00,-15.0,01:12:00,01:15:00,A60 ,60.0,27.0,5.96,1.74,3.0,10.71
2026-04-07_rep_3,BA384,17:12:00,-14.0,17:31:00,17:34:00,B32 A,34.0,40.0,2.74,0.11,3.0,5.84
2026-04-07_rep_3,BA386,21:30:00,-18.0,21:32:00,21:37:00,B14 A,122.0,25.0,10.84,0.09,5.0,15.92
2026-04-07_rep_3,BA390,02:16:00,-24.0,02:11:00,02:14:00,B9  A,72.0,25.0,6.73,1.29,3.0,11.02
2026-04-07_rep_3,BT601,16:01:00,7.0,16:20:00,16:28:00,A59 ,30.0,18.0,2.3,1.54,8.0,11.84
2026-04-07_rep_3,CX275,15:32:00,0.0,15:47:00,16:23:00,B17 A,303.0,22.0,19.19,0.1,36.0,55.29
2026-04-07_rep_3,DL140,14:48:00,-42.0,14:29:00,14:56:00,B28 A,199.0,31.0,19.89,0.12,27.0,47.0
2026-04-07_rep_3,EI630,16:46:00,17.0,17:36:00,17:45:00,B17 A,138.0,39.0,12.68,0.13,9.0,21.81
2026-04-07_rep_3,EK181,02:35:00,2.0,02:52:00,03:26:00,B31 A,276.0,20.0,17.11,0.11,34.0,51.22
2026-04-07_rep_3,ET750,14:11:00,5.0,14:37:00,15:16:00,B29 A,405.0,27.0,26.43,0.11,39.0,65.54
2026-04-07_rep_3,FB407,02:51:00,51.0,03:57:00,03:59:00,A55 ,54.0,21.0,6.05,1.56,2.0,9.6
2026-04-07_rep_3,GQ800,20:12:00,21.0,20:43:00,20:44:00,A45 ,39.0,17.0,2.92,1.75,1.0,5.68
2026-04-07_rep_3,HV9102,05:21:00,-24.0,05:14:00,05:17:00,B29 A,89.0,23.0,8.77,0.1,3.0,11.87
2026-04-07_rep_3,IB1299,21:49:00,-18.0,21:45:00,21:49:00,A47 ,33.0,18.0,2.31,1.92,4.0,8.23
2026-04-07_rep_3,IB597,18:28:00,-21.0,18:20:00,18:28:00,A42 ,68.0,16.0,5.47,1.94,8.0,15.41
2026-04-07_rep_3,IB601,02:05:00,-12.0,02:20:00,02:26:00,A53 ,111.0,32.0,7.42,2.21,6.0,15.64
2026-04-07_rep_3,IB603,05:36:00,-23.0,05:31:00,05:35:00,A47 ,81.0,24.0,7.02,1.52,4.0,12.54
2026-04-07_rep_3,JU270,16:10:00,6.0,16:28:00,16:30:00,B27 A,17.0,17.0,1.21,0.09,2.0,3.3
2026-04-07_rep_3,KM420,02:21:00,-14.0,02:28:00,02:33:00,A55 ,130.0,27.0,10.75,1.43,5.0,17.18
2026-04-07_rep_3,KM422,16:22:00,-14.0,16:17:00,16:20:00,A45 ,37.0,16.0,3.46,2.0,3.0,8.46
2026-04-07_rep_3,LH1004,14:51:00,-1.0,15:06:00,15:12:00,A43 ,7.0,22.0,0.58,1.61,6.0,8.19
2026-04-07_rep_3,LH2282,15:01:00,-3.0,15:09:00,15:11:00,A47 ,6.0,17.0,0.48,1.83,2.0,4.31
2026-04-07_rep_3,LO231,05:41:00,27.0,06:28:00,06:30:00,A49 ,49.0,26.0,3.64,1.67,2.0,7.32
2026-04-07_rep_3,LO235,16:31:00,-2.0,16:48:00,16:50:00,A43 ,49.0,25.0,3.05,1.48,2.0,6.53
2026-04-07_rep_3,LX780,21:21:00,-1.0,21:35:00,21:45:00,A43 ,69.0,21.0,5.42,2.14,10.0,17.56
2026-04-07_rep_3,LX786,15:54:00,9.0,16:21:00,16:27:00,A55 ,20.0,22.0,1.41,1.55,6.0,8.96
2026-04-07_rep_3,LX788,01:40:00,-5.0,01:48:00,01:51:00,A43 ,31.0,18.0,2.26,1.95,3.0,7.21
2026-04-07_rep_3,OS291,16:10:00,2.0,16:24:00,16:27:00,A57 ,19.0,17.0,1.37,1.73,3.0,6.1
2026-04-07_rep_3,OS295,23:51:00,-4.0,00:02:00,00:13:00,A47 ,35.0,21.0,3.56,1.29,11.0,15.85
2026-04-07_rep_3,OS297,02:16:00,3.0,02:31:00,02:36:00,A45 ,45.0,18.0,3.39,1.4,5.0,9.79
2026-04-07_rep_3,OU4456,02:56:00,25.0,03:38:00,03:41:00,A65 ,59.0,23.0,5.63,1.99,3.0,10.61
2026-04-07_rep_3,QS1000,15:17:00,-15.0,15:19:00,15:20:00,A55 ,7.0,24.0,0.55,1.73,1.0,3.28
2026-04-07_rep_3,QS1002,01:50:00,26.0,02:34:00,02:35:00,A59 ,27.0,23.0,1.81,1.97,1.0,4.78
2026-04-07_rep_3,RJ141,22:20:00,3.0,22:38:00,22:48:00,B30 A,110.0,20.0,8.09,0.12,10.0,18.2
2026-04-07_rep_3,SK1589,01:21:00,-7.0,01:30:00,01:32:00,A49 ,86.0,22.0,8.54,1.57,2.0,12.11
2026-04-07_rep_3,SK1593,21:38:00,3.0,21:57:00,21:59:00,A50 ,44.0,19.0,3.65,1.65,2.0,7.3
2026-04-07_rep_3,SK1595,01:35:00,3.0,01:51:00,01:53:00,A51 ,40.0,18.0,3.4,1.9,2.0,7.3
2026-04-07_rep_3,SK4743,17:47:00,-11.0,17:49:00,18:07:00,A45 ,60.0,20.0,6.08,1.8,18.0,25.88
2026-04-07_rep_3,SK593,16:48:00,-2.0,16:59:00,17:03:00,A53 ,53.0,21.0,4.82,1.45,4.0,10.27
2026-04-07_rep_3,SK597,02:55:00,11.0,03:21:00,03:24:00,A57 ,41.0,20.0,3.06,1.76,3.0,7.82
2026-04-07_rep_3,SN204,12:05:00,-21.0,12:03:00,12:27:00,B14 A,58.0,24.0,5.11,0.1,24.0,29.21
2026-04-07_rep_3,SN2094,20:21:00,67.0,21:48:00,21:52:00,B7  A,69.0,26.0,7.68,2.45,4.0,14.13
2026-04-07_rep_3,SN2096,03:05:00,48.0,04:14:00,04:18:00,B7  A,71.0,26.0,5.67,1.44,4.0,11.11
2026-04-07_rep_3,SN2104,16:03:00,41.0,17:04:00,17:05:00,B28 A,12.0,28.0,1.19,0.11,1.0,2.3
2026-04-07_rep_3,SN2184,15:34:00,-3.0,15:50:00,15:51:00,B34 A,10.0,23.0,1.01,0.12,1.0,2.13
2026-04-07_rep_3,SN2260,02:48:00,-1.0,02:58:00,03:00:00,A70 ,37.0,14.0,3.16,1.82,2.0,6.98
2026-04-07_rep_3,SN2268,15:28:00,-4.0,15:42:00,15:44:00,A48 ,6.0,21.0,0.42,1.74,2.0,4.16
2026-04-07_rep_3,SN2284,03:12:00,-16.0,03:06:00,03:09:00,A50 ,32.0,17.0,2.69,2.08,3.0,7.77
2026-04-07_rep_3,SN229,12:06:00,6.0,12:39:00,13:03:00,B28 A,20.0,33.0,1.84,0.1,24.0,25.94
2026-04-07_rep_3,SN2294,02:54:00,-4.0,03:05:00,03:09:00,A64 ,41.0,19.0,2.73,2.2,4.0,8.93
2026-04-07_rep_3,SN2318,03:03:00,12.0,03:38:00,03:39:00,A60 ,31.0,26.0,2.38,2.01,1.0,5.4
2026-04-07_rep_3,SN2324,15:45:00,38.0,16:46:00,16:48:00,A52 ,18.0,28.0,1.58,1.66,2.0,5.24
2026-04-07_rep_3,SN2556,03:14:00,13.0,03:45:00,03:48:00,A69 ,47.0,22.0,3.86,1.57,3.0,8.43
2026-04-07_rep_3,SN2582,20:09:00,52.0,21:26:00,21:29:00,A49 ,70.0,29.0,6.8,1.34,3.0,11.14
2026-04-07_rep_3,SN2588,03:14:00,-7.0,03:26:00,03:30:00,A62 ,58.0,23.0,4.93,1.91,4.0,10.84
2026-04-07_rep_3,SN2608,17:13:00,17.0,17:48:00,17:54:00,A46 ,43.0,21.0,3.1,2.39,6.0,11.5
2026-04-07_rep_3,SN2610,19:48:00,-6.0,20:03:00,20:04:00,A44 ,22.0,24.0,2.3,1.77,1.0,5.07
2026-04-07_rep_3,SN2618,05:38:00,-7.0,05:43:00,05:46:00,A52 ,52.0,15.0,4.45,1.79,3.0,9.24
2026-04-07_rep_3,SN2624,19:54:00,-9.0,20:03:00,20:05:00,A48 ,8.0,22.0,0.6,1.41,2.0,4.01
2026-04-07_rep_3,SN2630,15:17:00,-10.0,15:26:00,15:30:00,A56 ,7.0,21.0,0.59,1.61,4.0,6.2
2026-04-07_rep_3,SN2644,20:13:00,2.0,20:30:00,20:35:00,A54 ,49.0,18.0,3.64,2.77,5.0,11.41
2026-04-07_rep_3,SN2646,23:18:00,8.0,23:44:00,23:46:00,A54 ,35.0,21.0,3.1,1.93,2.0,7.03
2026-04-07_rep_3,SN2650,02:58:00,1.0,03:10:00,03:11:00,A42 ,23.0,14.0,2.4,1.68,1.0,5.08
2026-04-07_rep_3,SN2652,06:13:00,-15.0,06:07:00,06:08:00,A58 ,9.0,12.0,0.78,1.52,1.0,3.3
2026-04-07_rep_3,SN2714,19:49:00,11.0,20:22:00,20:24:00,A46 ,53.0,26.0,4.55,1.47,2.0,8.02
2026-04-07_rep_3,SN2722,01:33:00,-4.0,01:48:00,01:50:00,A44 ,34.0,22.0,2.64,1.3,2.0,5.94
2026-04-07_rep_3,SN2726,15:23:00,35.0,16:34:00,16:36:00,A42 ,24.0,39.0,1.66,2.17,2.0,5.82
2026-04-07_rep_3,SN2730,17:20:00,1.0,17:40:00,17:42:00,A40 ,24.0,24.0,1.68,1.91,2.0,5.59
2026-04-07_rep_3,SN2732,04:33:00,-5.0,04:39:00,04:41:00,A66 ,35.0,14.0,2.14,1.54,2.0,5.68
2026-04-07_rep_3,SN278,12:46:00,-5.0,13:04:00,13:33:00,B31 A,62.0,29.0,4.89,0.08,29.0,33.97
2026-04-07_rep_3,SN2810,20:24:00,-13.0,20:24:00,20:26:00,A40 ,33.0,17.0,2.19,1.68,2.0,5.87
2026-04-07_rep_3,SN2812,03:18:00,1.0,03:31:00,03:32:00,A68 ,34.0,15.0,2.88,1.3,1.0,5.18
2026-04-07_rep_3,SN2826,03:09:00,4.0,03:35:00,03:38:00,A40 ,68.0,26.0,4.85,1.91,3.0,9.76
2026-04-07_rep_3,SN2900,10:44:00,20.0,11:13:00,11:34:00,B32 A,49.0,13.0,5.67,0.08,21.0,26.75
2026-04-07_rep_3,SN2902,18:08:00,1.0,18:29:00,18:34:00,A54 ,51.0,23.0,4.04,1.43,5.0,10.47
2026-04-07_rep_3,SN2906,03:00:00,-3.0,03:15:00,03:17:00,A61 ,56.0,23.0,3.77,1.77,2.0,7.54
2026-04-07_rep_3,SN3126,01:03:00,35.0,02:02:00,02:05:00,A58 ,68.0,27.0,4.5,1.84,3.0,9.34
2026-04-07_rep_3,SN3132,01:39:00,15.0,02:12:00,02:14:00,A46 ,34.0,22.0,2.25,1.86,2.0,6.11
2026-04-07_rep_3,SN3146,18:03:00,1.0,18:15:00,18:18:00,A58 ,24.0,14.0,2.15,1.57,3.0,6.72
2026-04-07_rep_3,SN3148,21:49:00,18.0,22:25:00,22:27:00,A55 ,59.0,22.0,4.69,1.63,2.0,8.32
2026-04-07_rep_3,SN3150,03:26:00,4.0,03:47:00,03:50:00,A53 ,59.0,23.0,4.27,1.48,3.0,8.75
2026-04-07_rep_3,SN3154,17:13:00,1.0,17:30:00,17:31:00,A44 ,38.0,19.0,2.91,2.15,1.0,6.06
2026-04-07_rep_3,SN3160,06:19:00,-1.0,06:50:00,06:53:00,A55 ,59.0,36.0,4.03,1.61,3.0,8.63
2026-04-07_rep_3,SN3170,20:14:00,-10.0,20:31:00,20:34:00,A56 ,85.0,31.0,6.68,1.4,3.0,11.09
2026-04-07_rep_3,SN3176,19:28:00,57.0,20:45:00,20:48:00,A42 ,79.0,23.0,8.06,1.83,3.0,12.89
2026-04-07_rep_3,SN3182,03:24:00,8.0,03:56:00,04:01:00,A46 ,65.0,28.0,5.46,1.82,5.0,12.28
2026-04-07_rep_3,SN3184,06:18:00,2.0,06:42:00,06:46:00,A50 ,90.0,25.0,6.85,1.9,4.0,12.75
2026-04-07_rep_3,SN3202,21:24:00,11.0,22:05:00,22:08:00,A64 ,94.0,34.0,8.16,1.87,3.0,13.03
2026-04-07_rep_3,SN3208,15:43:00,-11.0,15:44:00,15:48:00,A54 ,18.0,15.0,1.45,1.64,4.0,7.08
2026-04-07_rep_3,SN3344,03:20:00,-10.0,03:27:00,03:30:00,A59 ,35.0,22.0,3.08,2.28,3.0,8.36
2026-04-07_rep_3,SN358,13:20:00,-5.0,13:26:00,13:59:00,B38 A,143.0,16.0,10.77,0.11,33.0,43.87
2026-04-07_rep_3,SN3598,22:18:00,34.0,23:15:00,23:17:00,A58 ,61.0,26.0,4.6,2.12,2.0,8.73
2026-04-07_rep_3,SN3618,22:33:00,12.0,23:04:00,23:06:00,A52 ,57.0,22.0,4.48,1.54,2.0,8.02
2026-04-07_rep_3,SN3632,16:33:00,-5.0,16:46:00,16:56:00,A60 ,5.0,21.0,0.43,2.04,10.0,12.47
2026-04-07_rep_3,SN3634,17:58:00,-1.0,18:25:00,18:27:00,A56 ,8.0,31.0,0.76,1.76,2.0,4.52
2026-04-07_rep_3,SN3668,20:54:00,-7.0,21:18:00,21:20:00,A55 ,29.0,35.0,2.43,1.68,2.0,6.11
2026-04-07_rep_3,SN3676,15:39:00,-19.0,15:43:00,15:44:00,A50 ,14.0,27.0,0.97,2.19,1.0,4.16
2026-04-07_rep_3,SN369,12:10:00,16.0,12:45:00,13:25:00,B37 A,64.0,24.0,5.08,0.1,40.0,45.19
2026-04-07_rep_3,SN3704,00:24:00,10.0,01:00:00,01:05:00,A42 ,103.0,30.0,8.16,1.47,5.0,14.63
2026-04-07_rep_3,SN3708,14:44:00,-18.0,14:37:00,14:39:00,A40 ,7.0,15.0,0.51,1.87,2.0,4.38
2026-04-07_rep_3,SN3712,01:43:00,23.0,02:25:00,02:27:00,A54 ,54.0,22.0,4.84,1.68,2.0,8.52
2026-04-07_rep_3,SN3722,21:58:00,30.0,22:56:00,22:59:00,A66 ,76.0,31.0,7.86,1.34,3.0,12.19
2026-04-07_rep_3,SN3728,02:58:00,3.0,03:26:00,03:29:00,A44 ,54.0,28.0,4.95,2.0,3.0,9.95
2026-04-07_rep_3,SN3732,15:38:00,-12.0,15:48:00,15:49:00,A46 ,35.0,25.0,2.88,1.51,1.0,5.39
2026-04-07_rep_3,SN3734,19:57:00,-14.0,20:08:00,20:09:00,A50 ,32.0,32.0,3.05,1.57,1.0,5.63
2026-04-07_rep_3,SN3736,01:28:00,-1.0,01:54:00,01:56:00,A66 ,43.0,30.0,3.75,1.66,2.0,7.41
2026-04-07_rep_3,SN3738,06:14:00,-13.0,06:16:00,06:18:00,A46 ,77.0,19.0,6.07,1.59,2.0,9.66
2026-04-07_rep_3,SN3772,18:38:00,9.0,19:18:00,19:21:00,A40 ,32.0,34.0,2.28,1.71,3.0,6.99
2026-04-07_rep_3,SN3782,06:34:00,-7.0,06:58:00,08:03:00,A61 ,88.0,35.0,8.0,1.58,65.0,74.59
2026-04-07_rep_3,SN3784,06:44:00,-12.0,08:12:00,08:22:00,A45 ,113.0,104.0,8.73,1.64,10.0,20.38
2026-04-07_rep_3,SN3802,23:03:00,-3.0,23:22:00,23:24:00,A48 ,38.0,25.0,3.95,1.42,2.0,7.37
2026-04-07_rep_3,SN3812,23:18:00,-14.0,23:26:00,23:28:00,A40 ,63.0,25.0,5.81,1.24,2.0,9.05
2026-04-07_rep_3,SN3820,06:46:00,11.0,08:22:00,08:26:00,A65 ,88.0,91.0,7.82,1.49,4.0,13.31
2026-04-07_rep_3,SN3894,05:36:00,-12.0,05:42:00,05:43:00,B32 A,15.0,24.0,1.01,0.14,1.0,2.15
2026-04-07_rep_3,SQ304,14:32:00,16.0,15:04:00,15:35:00,B14 A,235.0,23.0,21.19,0.11,31.0,52.31
2026-04-07_rep_3,TB1012,19:46:00,-10.0,20:00:00,20:02:00,A53 ,51.0,30.0,4.61,1.5,2.0,8.11
2026-04-07_rep_3,TB1243,05:25:00,-21.0,05:19:00,05:21:00,A69 ,20.0,20.0,2.44,1.55,2.0,5.99
2026-04-07_rep_3,TB1412,18:35:00,-3.0,18:50:00,18:55:00,A59 ,19.0,23.0,2.24,1.57,5.0,8.81
2026-04-07_rep_3,TB1752,22:48:00,1.0,23:14:00,23:20:00,A67 ,108.0,28.0,8.23,2.02,6.0,16.25
2026-04-07_rep_3,TB2042,02:15:00,122.0,04:35:00,04:42:00,B27 A,170.0,23.0,12.29,0.1,7.0,19.39
2026-04-07_rep_3,TB2524,09:25:00,15.0,09:57:00,10:03:00,B7  A,149.0,22.0,11.17,2.26,6.0,19.43
2026-04-07_rep_3,TB2612,04:40:00,-2.0,04:55:00,05:01:00,B38 A,156.0,22.0,11.76,0.09,6.0,17.84
2026-04-07_rep_3,TB2634,01:51:00,-17.0,01:50:00,01:57:00,B5  A,185.0,22.0,13.97,1.43,7.0,22.4
2026-04-07_rep_3,TB2662,04:59:00,-20.0,05:00:00,05:04:00,B40 A,144.0,25.0,10.27,0.09,4.0,14.36
2026-04-07_rep_3,TB3042,04:26:00,-6.0,05:06:00,05:13:00,B9  A,178.0,52.0,16.85,2.17,7.0,26.02
2026-04-07_rep_3,TB3102,01:50:00,12.0,02:21:00,02:31:00,B11 A,141.0,24.0,10.56,0.11,10.0,20.67
2026-04-07_rep_3,TB3202,21:40:00,-6.0,21:45:00,21:46:00,B5  A,40.0,16.0,3.05,1.3,1.0,5.35
2026-04-07_rep_3,TG934,14:23:00,12.0,14:55:00,15:30:00,B11 A,259.0,28.0,20.25,0.09,35.0,55.35
2026-04-07_rep_3,TK1937,17:03:00,24.0,17:46:00,18:03:00,B30 A,168.0,27.0,13.53,0.11,17.0,30.64
2026-04-07_rep_3,TK1939,01:01:00,22.0,01:36:00,01:50:00,B28 A,166.0,19.0,15.01,0.09,14.0,29.1
2026-04-07_rep_3,TK1941,04:31:00,-4.0,04:39:00,04:54:00,B14 A,143.0,18.0,10.09,0.1,15.0,25.19
2026-04-07_rep_3,TK1943,20:32:00,9.0,20:57:00,21:04:00,B32 A,120.0,23.0,7.9,0.11,7.0,15.01
2026-04-07_rep_3,TP640,18:05:00,-18.0,18:06:00,18:17:00,A53 ,109.0,24.0,9.64,1.7,11.0,22.33
2026-04-07_rep_3,TP642,22:12:00,-5.0,22:21:00,22:25:00,A51 ,90.0,21.0,8.83,2.14,4.0,14.98
2026-04-07_rep_3,TP644,03:15:00,53.0,04:24:00,04:29:00,A43 ,58.0,26.0,3.9,1.54,5.0,10.44
2026-04-07_rep_3,TP646,07:02:00,70.0,08:30:00,08:35:00,A53 ,101.0,25.0,7.38,1.56,5.0,13.94
2026-04-07_rep_3,TU954,18:30:00,5.0,18:50:00,18:54:00,B32 A,101.0,20.0,8.41,0.1,4.0,12.5
2026-04-07_rep_3,UA950,14:21:00,-25.0,14:24:00,14:54:00,B40 A,121.0,34.0,10.21,0.08,30.0,40.3
2026-04-07_rep_3,UA972,16:05:00,-21.0,16:10:00,16:32:00,B40 A,106.0,31.0,10.27,0.1,22.0,32.37
2026-04-07_rep_3,UA994,14:51:00,-13.0,14:55:00,15:30:00,B38 A,159.0,23.0,10.51,0.1,35.0,45.61
2026-04-07_rep_3,UX1171,16:53:00,-14.0,17:01:00,17:06:00,A51 ,43.0,30.0,3.74,1.69,5.0,10.43
2026-04-07_rep_3,UX1173,00:45:00,-14.0,00:52:00,00:57:00,A61 ,85.0,26.0,6.52,1.79,5.0,13.31
2026-04-07_rep_3,VF65,18:23:00,1.0,18:48:00,18:54:00,B36 A,152.0,32.0,14.55,0.09,6.0,20.64
2026-04-07_rep_3,VF67,23:17:00,16.0,00:06:00,00:13:00,B5  A,161.0,40.0,14.02,1.91,7.0,22.92
2026-04-07_rep_3,VY1332,16:00:00,-13.0,15:56:00,15:57:00,A53 ,10.0,14.0,0.84,1.79,1.0,3.63
2026-04-07_rep_3,VY1334,03:31:00,-14.0,03:24:00,03:25:00,A45 ,21.0,13.0,1.4,2.06,1.0,4.46
2026-04-07_rep_3,VY1470,01:59:00,12.0,02:21:00,02:24:00,A57 ,24.0,14.0,1.5,1.43,3.0,5.93
2026-04-07_rep_3,VY2150,04:05:00,-19.0,04:04:00,04:10:00,A51 ,42.0,23.0,4.04,1.85,6.0,11.89
2026-04-07_rep_3,VY2152,23:54:00,-20.0,23:44:00,23:46:00,A43 ,47.0,14.0,4.16,1.52,2.0,7.68
2026-04-07_rep_3,VY6814,03:46:00,15.0,04:11:00,04:13:00,A49 ,36.0,16.0,3.33,1.61,2.0,6.94
2026-04-07_rep_3,VY8978,19:50:00,-10.0,19:56:00,19:59:00,A43 ,72.0,21.0,7.19,1.52,3.0,11.71
2026-04-07_rep_3,VY8980,16:56:00,-18.0,17:01:00,17:03:00,A48 ,23.0,34.0,2.19,1.84,2.0,6.03
2026-04-07_rep_3,VY8982,00:30:00,-23.0,00:24:00,00:26:00,A45 ,45.0,22.0,3.29,1.73,2.0,7.03
2026-04-07_rep_3,VY8984,03:37:00,-10.0,03:37:00,03:38:00,A47 ,41.0,17.0,2.74,1.61,1.0,5.35
2026-04-07_rep_3,VY8986,21:35:00,-21.0,21:33:00,21:37:00,A61 ,63.0,24.0,4.64,2.1,4.0,10.74
2026-04-07_rep_4,AC826,14:57:00,-25.0,14:48:00,15:12:00,B30 A,72.0,23.0,5.87,0.11,24.0,29.97
2026-04-07_rep_4,AC832,14:18:00,-9.0,14:27:00,14:45:00,,93.0,26.0,6.66,1.56,18.0,26.21
2026-04-07_rep_4,AY1541,16:26:00,-5.0,16:38:00,16:54:00,A49 ,72.0,23.0,5.13,1.77,16.0,22.9
2026-04-07_rep_4,AY1545,01:27:00,-5.0,01:41:00,01:44:00,A69 ,48.0,26.0,3.8,1.53,3.0,8.33
2026-04-07_rep_4,AY1549,05:41:00,-20.0,05:39:00,05:40:00,A51 ,26.0,24.0,1.93,1.8,1.0,4.73
2026-04-07_rep_4,AZ148,15:42:00,0.0,15:55:00,15:57:00,A51 ,6.0,20.0,0.55,1.15,2.0,3.7
2026-04-07_rep_4,AZ154,02:09:00,-9.0,02:15:00,02:17:00,A56 ,41.0,19.0,2.71,1.42,2.0,6.14
2026-04-07_rep_4,AZ156,17:50:00,14.0,18:24:00,18:27:00,A43 ,31.0,25.0,2.36,1.78,3.0,7.14
2026-04-07_rep_4,AZ160,01:03:00,-15.0,01:12:00,01:15:00,A60 ,60.0,27.0,4.6,1.94,3.0,9.54
2026-04-07_rep_4,BA384,17:12:00,-14.0,17:31:00,17:34:00,B32 A,34.0,40.0,3.5,0.07,3.0,6.57
2026-04-07_rep_4,BA386,21:30:00,-18.0,21:32:00,21:37:00,B14 A,122.0,25.0,9.15,0.09,5.0,14.25
2026-04-07_rep_4,BA390,02:16:00,-24.0,02:11:00,02:14:00,B9  A,72.0,25.0,7.22,1.52,3.0,11.74
2026-04-07_rep_4,BT601,16:01:00,7.0,16:20:00,16:28:00,A59 ,30.0,18.0,2.25,1.58,8.0,11.83
2026-04-07_rep_4,CX275,15:32:00,0.0,15:47:00,16:23:00,B17 A,303.0,22.0,21.82,0.1,36.0,57.92
2026-04-07_rep_4,DL140,14:48:00,-42.0,14:29:00,14:56:00,B28 A,199.0,31.0,16.23,0.12,27.0,43.36
2026-04-07_rep_4,EI630,16:46:00,17.0,17:36:00,17:45:00,B17 A,138.0,39.0,11.44,0.08,9.0,20.52
2026-04-07_rep_4,EK181,02:35:00,2.0,02:52:00,03:26:00,B31 A,276.0,20.0,19.64,0.12,34.0,53.75
2026-04-07_rep_4,ET750,14:11:00,5.0,14:37:00,15:16:00,B29 A,405.0,27.0,24.77,0.08,39.0,63.85
2026-04-07_rep_4,FB407,02:51:00,51.0,03:57:00,03:59:00,A55 ,54.0,21.0,3.91,1.62,2.0,7.52
2026-04-07_rep_4,GQ800,20:12:00,21.0,20:43:00,20:44:00,A45 ,39.0,17.0,2.51,1.85,1.0,5.36
2026-04-07_rep_4,HV9102,05:21:00,-24.0,05:14:00,05:17:00,B29 A,89.0,23.0,8.88,0.11,3.0,11.99
2026-04-07_rep_4,IB1299,21:49:00,-18.0,21:45:00,21:49:00,A47 ,33.0,18.0,3.97,1.54,4.0,9.51
2026-04-07_rep_4,IB597,18:28:00,-21.0,18:20:00,18:28:00,A42 ,68.0,16.0,4.83,2.04,8.0,14.87
2026-04-07_rep_4,IB601,02:05:00,-12.0,02:20:00,02:26:00,A53 ,111.0,32.0,8.05,1.99,6.0,16.05
2026-04-07_rep_4,IB603,05:36:00,-23.0,05:31:00,05:35:00,A47 ,81.0,24.0,7.48,1.56,4.0,13.04
2026-04-07_rep_4,JU270,16:10:00,6.0,16:28:00,16:30:00,B27 A,17.0,17.0,1.36,0.12,2.0,3.48
2026-04-07_rep_4,KM420,02:21:00,-14.0,02:28:00,02:33:00,A55 ,130.0,27.0,8.51,1.92,5.0,15.43
2026-04-07_rep_4,KM422,16:22:00,-14.0,16:17:00,16:20:00,A45 ,37.0,16.0,2.76,1.7,3.0,7.46
2026-04-07_rep_4,LH1004,14:51:00,-1.0,15:06:00,15:12:00,A43 ,7.0,22.0,0.51,1.78,6.0,8.29
2026-04-07_rep_4,LH2282,15:01:00,-3.0,15:09:00,15:11:00,A47 ,6.0,17.0,0.47,1.65,2.0,4.12
2026-04-07_rep_4,LO231,05:41:00,27.0,06:28:00,06:30:00,A49 ,49.0,26.0,4.45,1.85,2.0,8.29
2026-04-07_rep_4,LO235,16:31:00,-2.0,16:48:00,16:50:00,A43 ,49.0,25.0,5.32,1.53,2.0,8.85
2026-04-07_rep_4,LX780,21:21:00,-1.0,21:35:00,21:45:00,A43 ,69.0,21.0,5.93,1.89,10.0,17.82
2026-04-07_rep_4,LX786,15:54:00,9.0,16:21:00,16:27:00,A55 ,20.0,22.0,1.52,1.53,6.0,9.05
2026-04-07_rep_4,LX788,01:40:00,-5.0,01:48:00,01:51:00,A43 ,31.0,18.0,2.39,1.35,3.0,6.73
2026-04-07_rep_4,OS291,16:10:00,2.0,16:24:00,16:27:00,A57 ,19.0,17.0,1.17,1.5,3.0,5.68
2026-04-07_rep_4,OS295,23:51:00,-4.0,00:02:00,00:13:00,A47 ,35.0,21.0,2.73,1.52,11.0,15.25
2026-04-07_rep_4,OS297,02:16:00,3.0,02:31:00,02:36:00,A45 ,45.0,18.0,3.15,2.09,5.0,10.24
2026-04-07_rep_4,OU4456,02:56:00,25.0,03:38:00,03:41:00,A65 ,59.0,23.0,5.37,1.47,3.0,9.84
2026-04-07_rep_4,QS1000,15:17:00,-15.0,15:19:00,15:20:00,A55 ,7.0,24.0,0.64,1.37,1.0,3.0
2026-04-07_rep_4,QS1002,01:50:00,26.0,02:34:00,02:35:00,A59 ,27.0,23.0,2.3,1.39,1.0,4.69
2026-04-07_rep_4,RJ141,22:20:00,3.0,22:38:00,22:48:00,B30 A,110.0,20.0,8.63,0.09,10.0,18.72
2026-04-07_rep_4,SK1589,01:21:00,-7.0,01:30:00,01:32:00,A49 ,86.0,22.0,6.33,1.74,2.0,10.08
2026-04-07_rep_4,SK1593,21:38:00,3.0,21:57:00,21:59:00,A50 ,44.0,19.0,3.39,1.2,2.0,6.59
2026-04-07_rep_4,SK1595,01:35:00,3.0,01:51:00,01:53:00,A51 ,40.0,18.0,3.4,1.67,2.0,7.07
2026-04-07_rep_4,SK4743,17:47:00,-11.0,17:49:00,18:07:00,A45 ,60.0,20.0,5.19,1.52,18.0,24.71
2026-04-07_rep_4,SK593,16:48:00,-2.0,16:59:00,17:03:00,A53 ,53.0,21.0,4.81,1.5,4.0,10.31
2026-04-07_rep_4,SK597,02:55:00,11.0,03:21:00,03:24:00,A57 ,41.0,20.0,2.85,1.71,3.0,7.56
2026-04-07_rep_4,SN204,12:05:00,-21.0,12:03:00,12:27:00,B14 A,58.0,24.0,4.76,0.11,24.0,28.88
2026-04-07_rep_4,SN2094,20:21:00,67.0,21:48:00,21:52:00,B7  A,69.0,26.0,6.33,1.76,4.0,12.09
2026-04-07_rep_4,SN2096,03:05:00,48.0,04:14:00,04:18:00,B7  A,71.0,26.0,6.49,1.48,4.0,11.96
2026-04-07_rep_4,SN2104,16:03:00,41.0,17:04:00,17:05:00,B28 A,12.0,28.0,1.12,0.09,1.0,2.21
2026-04-07_rep_4,SN2184,15:34:00,-3.0,15:50:00,15:51:00,B34 A,10.0,23.0,0.77,0.09,1.0,1.87
2026-04-07_rep_4,SN2260,02:48:00,-1.0,02:58:00,03:00:00,A70 ,37.0,14.0,2.73,1.78,2.0,6.51
2026-04-07_rep_4,SN2268,15:28:00,-4.0,15:42:00,15:44:00,A48 ,6.0,21.0,0.68,1.76,2.0,4.44
2026-04-07_rep_4,SN2284,03:12:00,-16.0,03:06:00,03:09:00,A50 ,32.0,17.0,2.08,1.67,3.0,6.75
2026-04-07_rep_4,SN229,12:06:00,6.0,12:39:00,13:03:00,B28 A,20.0,33.0,1.47,0.09,24.0,25.56
2026-04-07_rep_4,SN2294,02:54:00,-4.0,03:05:00,03:09:00,A64 ,41.0,19.0,3.53,1.86,4.0,9.39
2026-04-07_rep_4,SN2318,03:03:00,12.0,03:38:00,03:39:00,A60 ,31.0,26.0,2.07,1.47,1.0,4.55
2026-04-07_rep_4,SN2324,15:45:00,38.0,16:46:00,16:48:00,A52 ,18.0,28.0,1.43,2.05,2.0,5.49
2026-04-07_rep_4,SN2556,03:14:00,13.0,03:45:00,03:48:00,A69 ,47.0,22.0,3.61,1.61,3.0,8.22
2026-04-07_rep_4,SN2582,20:09:00,52.0,21:26:00,21:29:00,A49 ,70.0,29.0,4.39,2.06,3.0,9.45
2026-04-07_rep_4,SN2588,03:14:00,-7.0,03:26:00,03:30:00,A62 ,58.0,23.0,4.57,1.63,4.0,10.2
2026-04-07_rep_4,SN2608,17:13:00,17.0,17:48:00,17:54:00,A46 ,43.0,21.0,3.05,1.85,6.0,10.91
2026-04-07_rep_4,SN2610,19:48:00,-6.0,20:03:00,20:04:00,A44 ,22.0,24.0,1.75,1.33,1.0,4.08
2026-04-07_rep_4,SN2618,05:38:00,-7.0,05:43:00,05:46:00,A52 ,52.0,15.0,3.27,1.82,3.0,8.09
2026-04-07_rep_4,SN2624,19:54:00,-9.0,20:03:00,20:05:00,A48 ,8.0,22.0,0.62,1.56,2.0,4.19
2026-04-07_rep_4,SN2630,15:17:00,-10.0,15:26:00,15:30:00,A56 ,7.0,21.0,0.6,1.65,4.0,6.25
2026-04-07_rep_4,SN2644,20:13:00,2.0,20:30:00,20:35:00,A54 ,49.0,18.0,4.03,1.82,5.0,10.85
2026-04-07_rep_4,SN2646,23:18:00,8.0,23:44:00,23:46:00,A54 ,35.0,21.0,3.21,1.47,2.0,6.68
2026-04-07_rep_4,SN2650,02:58:00,1.0,03:10:00,03:11:00,A42 ,23.0,14.0,2.16,1.71,1.0,4.87
2026-04-07_rep_4,SN2652,06:13:00,-15.0,06:07:00,06:08:00,A58 ,9.0,12.0,0.66,1.43,1.0,3.08
2026-04-07_rep_4,SN2714,19:49:00,11.0,20:22:00,20:24:00,A46 ,53.0,26.0,4.87,2.07,2.0,8.94
2026-04-07_rep_4,SN2722,01:33:00,-4.0,01:48:00,01:50:00,A44 ,34.0,22.0,2.01,1.49,2.0,5.5
2026-04-07_rep_4,SN2726,15:23:00,35.0,16:34:00,16:36:00,A42 ,24.0,39.0,1.99,1.58,2.0,5.57
2026-04-07_rep_4,SN2730,17:20:00,1.0,17:40:00,17:42:00,A40 ,24.0,24.0,2.32,1.56,2.0,5.88
2026-04-07_rep_4,SN2732,04:33:00,-5.0,04:39:00,04:41:00,A66 ,35.0,14.0,2.65,1.5,2.0,6.15
2026-04-07_rep_4,SN278,12:46:00,-5.0,13:04:00,13:33:00,B31 A,62.0,29.0,5.02,0.12,29.0,34.14
2026-04-07_rep_4,SN2810,20:24:00,-13.0,20:24:00,20:26:00,A40 ,33.0,17.0,2.33,1.27,2.0,5.6
2026-04-07_rep_4,SN2812,03:18:00,1.0,03:31:00,03:32:00,A68 ,34.0,15.0,2.65,2.11,1.0,5.76
2026-04-07_rep_4,SN2826,03:09:00,4.0,03:35:00,03:38:00,A40 ,68.0,26.0,5.33,1.61,3.0,9.94
2026-04-07_rep_4,SN2900,10:44:00,20.0,11:13:00,11:34:00,B32 A,49.0,13.0,3.9,0.07,21.0,24.97
2026-04-07_rep_4,SN2902,18:08:00,1.0,18:29:00,18:34:00,A54 ,51.0,23.0,3.1,1.94,5.0,10.04
2026-04-07_rep_4,SN2906,03:00:00,-3.0,03:15:00,03:17:00,A61 ,56.0,23.0,4.03,1.65,2.0,7.67
2026-04-07_rep_4,SN3126,01:03:00,35.0,02:02:00,02:05:00,A58 ,68.0,27.0,4.67,1.77,3.0,9.44
2026-04-07_rep_4,SN3132,01:39:00,15.0,02:12:00,02:14:00,A46 ,34.0,22.0,3.4,1.58,2.0,6.98
2026-04-07_rep_4,SN3146,18:03:00,1.0,18:15:00,18:18:00,A58 ,24.0,14.0,2.16,1.97,3.0,7.13
2026-04-07_rep_4,SN3148,21:49:00,18.0,22:25:00,22:27:00,A55 ,59.0,22.0,4.81,1.67,2.0,8.49
2026-04-07_rep_4,SN3150,03:26:00,4.0,03:47:00,03:50:00,A53 ,59.0,23.0,4.13,1.94,3.0,9.07
2026-04-07_rep_4,SN3154,17:13:00,1.0,17:30:00,17:31:00,A44 ,38.0,19.0,2.57,1.72,1.0,5.3
2026-04-07_rep_4,SN3160,06:19:00,-1.0,06:50:00,06:53:00,A55 ,59.0,36.0,5.85,1.49,3.0,10.34
2026-04-07_rep_4,SN3170,20:14:00,-10.0,20:31:00,20:34:00,A56 ,85.0,31.0,9.24,1.9,3.0,14.13
2026-04-07_rep_4,SN3176,19:28:00,57.0,20:45:00,20:48:00,A42 ,79.0,23.0,5.1,1.56,3.0,9.66
2026-04-07_rep_4,SN3182,03:24:00,8.0,03:56:00,04:01:00,A46 ,65.0,28.0,4.41,1.68,5.0,11.09
2026-04-07_rep_4,SN3184,06:18:00,2.0,06:42:00,06:46:00,A50 ,90.0,25.0,6.74,1.34,4.0,12.08
2026-04-07_rep_4,SN3202,21:24:00,11.0,22:05:00,22:08:00,A64 ,94.0,34.0,9.04,1.67,3.0,13.71
2026-04-07_rep_4,SN3208,15:43:00,-11.0,15:44:00,15:48:00,A54 ,18.0,15.0,1.38,1.41,4.0,6.79
2026-04-07_rep_4,SN3344,03:20:00,-10.0,03:27:00,03:30:00,A59 ,35.0,22.0,2.64,2.12,3.0,7.75
2026-04-07_rep_4,SN358,13:20:00,-5.0,13:26:00,13:59:00,B38 A,143.0,16.0,11.1,0.1,33.0,44.2
2026-04-07_rep_4,SN3598,22:18:00,34.0,23:15:00,23:17:00,A58 ,61.0,26.0,6.82,1.44,2.0,10.26
2026-04-07_rep_4,SN3618,22:33:00,12.0,23:04:00,23:06:00,A52 ,57.0,22.0,5.05,1.28,2.0,8.33
2026-04-07_rep_4,SN3632,16:33:00,-5.0,16:46:00,16:56:00,A60 ,5.0,21.0,0.33,1.92,10.0,12.25
2026-04-07_rep_4,SN3634,17:58:00,-1.0,18:25:00,18:27:00,A56 ,8.0,31.0,0.79,0.98,2.0,3.76
2026-04-07_rep_4,SN3668,20:54:00,-7.0,21:18:00,21:20:00,A55 ,29.0,35.0,1.81,1.38,2.0,5.19
2026-04-07_rep_4,SN3676,15:39:00,-19.0,15:43:00,15:44:00,A50 ,14.0,27.0,1.37,1.78,1.0,4.15
2026-04-07_rep_4,SN369,12:10:00,16.0,12:45:00,13:25:00,B37 A,64.0,24.0,6.81,0.09,40.0,46.9
2026-04-07_rep_4,SN3704,00:24:00,10.0,01:00:00,01:05:00,A42 ,103.0,30.0,7.52,2.08,5.0,14.6
2026-04-07_rep_4,SN3708,14:44:00,-18.0,14:37:00,14:39:00,A40 ,7.0,15.0,0.7,1.6,2.0,4.3
2026-04-07_rep_4,SN3712,01:43:00,23.0,02:25:00,02:27:00,A54 ,54.0,22.0,4.42,1.91,2.0,8.33
2026-04-07_rep_4,SN3722,21:58:00,30.0,22:56:00,22:59:00,A66 ,76.0,31.0,5.9,1.81,3.0,10.71
2026-04-07_rep_4,SN3728,02:58:00,3.0,03:26:00,03:29:00,A44 ,54.0,28.0,5.19,1.62,3.0,9.81
2026-04-07_rep_4,SN3732,15:38:00,-12.0,15:48:00,15:49:00,A46 ,35.0,25.0,3.43,1.53,1.0,5.95
2026-04-07_rep_4,SN3734,19:57:00,-14.0,20:08:00,20:09:00,A50 ,32.0,32.0,2.82,1.62,1.0,5.44
2026-04-07_rep_4,SN3736,01:28:00,-1.0,01:54:00,01:56:00,A66 ,43.0,30.0,3.25,1.59,2.0,6.85
2026-04-07_rep_4,SN3738,06:14:00,-13.0,06:16:00,06:18:00,A46 ,77.0,19.0,5.9,1.79,2.0,9.7
2026-04-07_rep_4,SN3772,18:38:00,9.0,19:18:00,19:21:00,A40 ,32.0,34.0,3.53,1.98,3.0,8.51
2026-04-07_rep_4,SN3782,06:34:00,-7.0,06:58:00,08:03:00,A61 ,88.0,35.0,6.18,1.5,65.0,72.68
2026-04-07_rep_4,SN3784,06:44:00,-12.0,08:12:00,08:22:00,A45 ,113.0,104.0,11.26,1.81,10.0,23.08
2026-04-07_rep_4,SN3802,23:03:00,-3.0,23:22:00,23:24:00,A48 ,38.0,25.0,3.67,1.58,2.0,7.24
2026-04-07_rep_4,SN3812,23:18:00,-14.0,23:26:00,23:28:00,A40 ,63.0,25.0,5.64,1.49,2.0,9.12
2026-04-07_rep_4,SN3820,06:46:00,11.0,08:22:00,08:26:00,A65 ,88.0,91.0,6.94,1.46,4.0,12.4
2026-04-07_rep_4,SN3894,05:36:00,-12.0,05:42:00,05:43:00,B32 A,15.0,24.0,1.43,0.11,1.0,2.54
2026-04-07_rep_4,SQ304,14:32:00,16.0,15:04:00,15:35:00,B14 A,235.0,23.0,20.03,0.11,31.0,51.14
2026-04-07_rep_4,TB1012,19:46:00,-10.0,20:00:00,20:02:00,A53 ,51.0,30.0,3.51,1.6,2.0,7.11
2026-04-07_rep_4,TB1243,05:25:00,-21.0,05:19:00,05:21:00,A69 ,20.0,20.0,1.85,1.6,2.0,5.45
2026-04-07_rep_4,TB1412,18:35:00,-3.0,18:50:00,18:55:00,A59 ,19.0,23.0,1.61,1.56,5.0,8.17
2026-04-07_rep_4,TB1752,22:48:00,1.0,23:14:00,23:20:00,A67 ,108.0,28.0,6.78,1.38,6.0,14.16
2026-04-07_rep_4,TB2042,02:15:00,122.0,04:35:00,04:42:00,B27 A,170.0,23.0,13.09,0.12,7.0,20.2
2026-04-07_rep_4,TB2524,09:25:00,15.0,09:57:00,10:03:00,B7  A,149.0,22.0,11.11,1.59,6.0,18.71
2026-04-07_rep_4,TB2612,04:40:00,-2.0,04:55:00,05:01:00,B38 A,156.0,22.0,11.59,0.1,6.0,17.69
2026-04-07_rep_4,TB2634,01:51:00,-17.0,01:50:00,01:57:00,B5  A,185.0,22.0,14.38,1.52,7.0,22.9
2026-04-07_rep_4,TB2662,04:59:00,-20.0,05:00:00,05:04:00,B40 A,144.0,25.0,10.31,0.09,4.0,14.4
2026-04-07_rep_4,TB3042,04:26:00,-6.0,05:06:00,05:13:00,B9  A,178.0,52.0,19.16,1.57,7.0,27.74
2026-04-07_rep_4,TB3102,01:50:00,12.0,02:21:00,02:31:00,B11 A,141.0,24.0,9.76,0.08,10.0,19.84
2026-04-07_rep_4,TB3202,21:40:00,-6.0,21:45:00,21:46:00,B5  A,40.0,16.0,3.3,1.62,1.0,5.93
2026-04-07_rep_4,TG934,14:23:00,12.0,14:55:00,15:30:00,B11 A,259.0,28.0,16.54,0.1,35.0,51.64
2026-04-07_rep_4,TK1937,17:03:00,24.0,17:46:00,18:03:00,B30 A,168.0,27.0,16.22,0.12,17.0,33.33
2026-04-07_rep_4,TK1939,01:01:00,22.0,01:36:00,01:50:00,B28 A,166.0,19.0,13.81,0.08,14.0,27.9
2026-04-07_rep_4,TK1941,04:31:00,-4.0,04:39:00,04:54:00,B14 A,143.0,18.0,12.04,0.1,15.0,27.14
2026-04-07_rep_4,TK1943,20:32:00,9.0,20:57:00,21:04:00,B32 A,120.0,23.0,14.55,0.11,7.0,21.66
2026-04-07_rep_4,TP640,18:05:00,-18.0,18:06:00,18:17:00,A53 ,109.0,24.0,9.36,1.83,11.0,22.19
2026-04-07_rep_4,TP642,22:12:00,-5.0,22:21:00,22:25:00,A51 ,90.0,21.0,7.28,1.57,4.0,12.85
2026-04-07_rep_4,TP644,03:15:00,53.0,04:24:00,04:29:00,A43 ,58.0,26.0,4.38,2.05,5.0,11.43
2026-04-07_rep_4,TP646,07:02:00,70.0,08:30:00,08:35:00,A53 ,101.0,25.0,6.91,1.4,5.0,13.31
2026-04-07_rep_4,TU954,18:30:00,5.0,18:50:00,18:54:00,B32 A,101.0,20.0,8.8,0.09,4.0,12.89
2026-04-07_rep_4,UA950,14:21:00,-25.0,14:24:00,14:54:00,B40 A,121.0,34.0,8.76,0.08,30.0,38.84
2026-04-07_rep_4,UA972,16:05:00,-21.0,16:10:00,16:32:00,B40 A,106.0,31.0,10.77,0.11,22.0,32.88
2026-04-07_rep_4,UA994,14:51:00,-13.0,14:55:00,15:30:00,B38 A,159.0,23.0,12.86,0.11,35.0,47.97
2026-04-07_rep_4,UX1171,16:53:00,-14.0,17:01:00,17:06:00,A51 ,43.0,30.0,3.0,1.46,5.0,9.46
2026-04-07_rep_4,UX1173,00:45:00,-14.0,00:52:00,00:57:00,A61 ,85.0,26.0,7.34,2.19,5.0,14.53
2026-04-07_rep_4,VF65,18:23:00,1.0,18:48:00,18:54:00,B36 A,152.0,32.0,12.18,0.09,6.0,18.27
2026-04-07_rep_4,VF67,23:17:00,16.0,00:06:00,00:13:00,B5  A,161.0,40.0,15.62,1.42,7.0,24.04
2026-04-07_rep_4,VY1332,16:00:00,-13.0,15:56:00,15:57:00,A53 ,10.0,14.0,0.86,1.71,1.0,3.58
2026-04-07_rep_4,VY1334,03:31:00,-14.0,03:24:00,03:25:00,A45 ,21.0,13.0,1.34,2.03,1.0,4.37
2026-04-07_rep_4,VY1470,01:59:00,12.0,02:21:00,02:24:00,A57 ,24.0,14.0,1.87,1.84,3.0,6.71
2026-04-07_rep_4,VY2150,04:05:00,-19.0,04:04:00,04:10:00,A51 ,42.0,23.0,4.55,1.61,6.0,12.15
2026-04-07_rep_4,VY2152,23:54:00,-20.0,23:44:00,23:46:00,A43 ,47.0,14.0,3.33,1.82,2.0,7.15
2026-04-07_rep_4,VY6814,03:46:00,15.0,04:11:00,04:13:00,A49 ,36.0,16.0,2.56,1.8,2.0,6.35
2026-04-07_rep_4,VY8978,19:50:00,-10.0,19:56:00,19:59:00,A43 ,72.0,21.0,5.46,1.38,3.0,9.84
2026-04-07_rep_4,VY8980,16:56:00,-18.0,17:01:00,17:03:00,A48 ,23.0,34.0,1.95,1.53,2.0,5.48
2026-04-07_rep_4,VY8982,00:30:00,-23.0,00:24:00,00:26:00,A45 ,45.0,22.0,3.35,2.0,2.0,7.35
2026-04-07_rep_4,VY8984,03:37:00,-10.0,03:37:00,03:38:00,A47 ,41.0,17.0,4.46,1.66,1.0,7.12
2026-04-07_rep_4,VY8986,21:35:00,-21.0,21:33:00,21:37:00,A61 ,63.0,24.0,4.41,1.81,4.0,10.22
2026-04-07_rep_5,AC826,14:57:00,-25.0,14:48:00,15:12:00,B30 A,72.0,23.0,5.12,0.1,24.0,29.23
2026-04-07_rep_5,AC832,14:18:00,-9.0,14:27:00,14:45:00,,93.0,26.0,10.77,1.47,18.0,30.24
2026-04-07_rep_5,AY1541,16:26:00,-5.0,16:38:00,16:54:00,A49 ,72.0,23.0,5.58,1.6,16.0,23.18
2026-04-07_rep_5,AY1545,01:27:00,-5.0,01:41:00,01:44:00,A69 ,48.0,26.0,4.07,2.03,3.0,9.1
2026-04-07_rep_5,AY1549,05:41:00,-20.0,05:39:00,05:40:00,A51 ,26.0,24.0,1.89,1.51,1.0,4.4
2026-04-07_rep_5,AZ148,15:42:00,0.0,15:55:00,15:57:00,A51 ,6.0,20.0,0.64,2.03,2.0,4.67
2026-04-07_rep_5,AZ154,02:09:00,-9.0,02:15:00,02:17:00,A56 ,41.0,19.0,2.87,1.76,2.0,6.63
2026-04-07_rep_5,AZ156,17:50:00,14.0,18:24:00,18:27:00,A43 ,31.0,25.0,1.88,1.82,3.0,6.7
2026-04-07_rep_5,AZ160,01:03:00,-15.0,01:12:00,01:15:00,A60 ,60.0,27.0,4.38,2.13,3.0,9.52
2026-04-07_rep_5,BA384,17:12:00,-14.0,17:31:00,17:34:00,B32 A,34.0,40.0,2.85,0.09,3.0,5.94
2026-04-07_rep_5,BA386,21:30:00,-18.0,21:32:00,21:37:00,B14 A,122.0,25.0,9.99,0.09,5.0,15.08
2026-04-07_rep_5,BA390,02:16:00,-24.0,02:11:00,02:14:00,B9  A,72.0,25.0,4.53,1.64,3.0,9.18
2026-04-07_rep_5,BT601,16:01:00,7.0,16:20:00,16:28:00,A59 ,30.0,18.0,2.73,1.78,8.0,12.51
2026-04-07_rep_5,CX275,15:32:00,0.0,15:47:00,16:23:00,B17 A,303.0,22.0,21.27,0.09,36.0,57.37
2026-04-07_rep_5,DL140,14:48:00,-42.0,14:29:00,14:56:00,B28 A,199.0,31.0,16.76,0.11,27.0,43.86
2026-04-07_rep_5,EI630,16:46:00,17.0,17:36:00,17:45:00,B17 A,138.0,39.0,9.83,0.07,9.0,18.9
2026-04-07_rep_5,EK181,02:35:00,2.0,02:52:00,03:26:00,B31 A,276.0,20.0,18.16,0.11,34.0,52.27
2026-04-07_rep_5,ET750,14:11:00,5.0,14:37:00,15:16:00,B29 A,405.0,27.0,26.17,0.11,39.0,65.29
2026-04-07_rep_5,FB407,02:51:00,51.0,03:57:00,03:59:00,A55 ,54.0,21.0,5.01,1.83,2.0,8.84
2026-04-07_rep_5,GQ800,20:12:00,21.0,20:43:00,20:44:00,A45 ,39.0,17.0,3.9,1.67,1.0,6.57
2026-04-07_rep_5,HV9102,05:21:00,-24.0,05:14:00,05:17:00,B29 A,89.0,23.0,5.97,0.09,3.0,9.05
2026-04-07_rep_5,IB1299,21:49:00,-18.0,21:45:00,21:49:00,A47 ,33.0,18.0,2.62,2.07,4.0,8.68
2026-04-07_rep_5,IB597,18:28:00,-21.0,18:20:00,18:28:00,A42 ,68.0,16.0,5.32,1.67,8.0,14.99
2026-04-07_rep_5,IB601,02:05:00,-12.0,02:20:00,02:26:00,A53 ,111.0,32.0,9.05,1.92,6.0,16.97
2026-04-07_rep_5,IB603,05:36:00,-23.0,05:31:00,05:35:00,A47 ,81.0,24.0,6.11,1.75,4.0,11.87
2026-04-07_rep_5,JU270,16:10:00,6.0,16:28:00,16:30:00,B27 A,17.0,17.0,1.16,0.08,2.0,3.24
2026-04-07_rep_5,KM420,02:21:00,-14.0,02:28:00,02:33:00,A55 ,130.0,27.0,11.24,1.48,5.0,17.72
2026-04-07_rep_5,KM422,16:22:00,-14.0,16:17:00,16:20:00,A45 ,37.0,16.0,2.46,1.84,3.0,7.31
2026-04-07_rep_5,LH1004,14:51:00,-1.0,15:06:00,15:12:00,A43 ,7.0,22.0,0.51,1.51,6.0,8.01
2026-04-07_rep_5,LH2282,15:01:00,-3.0,15:09:00,15:11:00,A47 ,6.0,17.0,0.44,1.57,2.0,4.01
2026-04-07_rep_5,LO231,05:41:00,27.0,06:28:00,06:30:00,A49 ,49.0,26.0,3.39,1.77,2.0,7.16
2026-04-07_rep_5,LO235,16:31:00,-2.0,16:48:00,16:50:00,A43 ,49.0,25.0,2.94,1.64,2.0,6.58
2026-04-07_rep_5,LX780,21:21:00,-1.0,21:35:00,21:45:00,A43 ,69.0,21.0,5.13,1.12,10.0,16.25
2026-04-07_rep_5,LX786,15:54:00,9.0,16:21:00,16:27:00,A55 ,20.0,22.0,2.07,1.96,6.0,10.03
2026-04-07_rep_5,LX788,01:40:00,-5.0,01:48:00,01:51:00,A43 ,31.0,18.0,2.65,1.91,3.0,7.57
2026-04-07_rep_5,OS291,16:10:00,2.0,16:24:00,16:27:00,A57 ,19.0,17.0,1.59,1.67,3.0,6.26
2026-04-07_rep_5,OS295,23:51:00,-4.0,00:02:00,00:13:00,A47 ,35.0,21.0,3.02,1.41,11.0,15.43
2026-04-07_rep_5,OS297,02:16:00,3.0,02:31:00,02:36:00,A45 ,45.0,18.0,4.06,1.58,5.0,10.63
2026-04-07_rep_5,OU4456,02:56:00,25.0,03:38:00,03:41:00,A65 ,59.0,23.0,4.4,1.4,3.0,8.8
2026-04-07_rep_5,QS1000,15:17:00,-15.0,15:19:00,15:20:00,A55 ,7.0,24.0,0.55,1.35,1.0,2.9
2026-04-07_rep_5,QS1002,01:50:00,26.0,02:34:00,02:35:00,A59 ,27.0,23.0,2.02,1.69,1.0,4.7
2026-04-07_rep_5,RJ141,22:20:00,3.0,22:38:00,22:48:00,B30 A,110.0,20.0,7.85,0.08,10.0,17.94
2026-04-07_rep_5,SK1589,01:21:00,-7.0,01:30:00,01:32:00,A49 ,86.0,22.0,9.16,2.42,2.0,13.57
2026-04-07_rep_5,SK1593,21:38:00,3.0,21:57:00,21:59:00,A50 ,44.0,19.0,3.05,1.81,2.0,6.85
2026-04-07_rep_5,SK1595,01:35:00,3.0,01:51:00,01:53:00,A51 ,40.0,18.0,2.85,1.86,2.0,6.71
2026-04-07_rep_5,SK4743,17:47:00,-11.0,17:49:00,18:07:00,A45 ,60.0,20.0,5.2,2.03,18.0,25.24
2026-04-07_rep_5,SK593,16:48:00,-2.0,16:59:00,17:03:00,A53 ,53.0,21.0,5.52,1.73,4.0,11.25
2026-04-07_rep_5,SK597,02:55:00,11.0,03:21:00,03:24:00,A57 ,41.0,20.0,3.91,1.85,3.0,8.76
2026-04-07_rep_5,SN204,12:05:00,-21.0,12:03:00,12:27:00,B14 A,58.0,24.0,5.34,0.09,24.0,29.43
2026-04-07_rep_5,SN2094,20:21:00,67.0,21:48:00,21:52:00,B7  A,69.0,26.0,5.14,1.93,4.0,11.07
2026-04-07_rep_5,SN2096,03:05:00,48.0,04:14:00,04:18:00,B7  A,71.0,26.0,6.28,1.52,4.0,11.81
2026-04-07_rep_5,SN2104,16:03:00,41.0,17:04:00,17:05:00,B28 A,12.0,28.0,0.89,0.08,1.0,1.98
2026-04-07_rep_5,SN2184,15:34:00,-3.0,15:50:00,15:51:00,B34 A,10.0,23.0,0.75,0.14,1.0,1.89
2026-04-07_rep_5,SN2260,02:48:00,-1.0,02:58:00,03:00:00,A70 ,37.0,14.0,3.09,1.73,2.0,6.82
2026-04-07_rep_5,SN2268,15:28:00,-4.0,15:42:00,15:44:00,A48 ,6.0,21.0,0.39,1.66,2.0,4.04
2026-04-07_rep_5,SN2284,03:12:00,-16.0,03:06:00,03:09:00,A50 ,32.0,17.0,2.51,2.01,3.0,7.52
2026-04-07_rep_5,SN229,12:06:00,6.0,12:39:00,13:03:00,B28 A,20.0,33.0,1.47,0.09,24.0,25.56
2026-04-07_rep_5,SN2294,02:54:00,-4.0,03:05:00,03:09:00,A64 ,41.0,19.0,2.57,1.7,4.0,8.27
2026-04-07_rep_5,SN2318,03:03:00,12.0,03:38:00,03:39:00,A60 ,31.0,26.0,1.94,1.54,1.0,4.48
2026-04-07_rep_5,SN2324,15:45:00,38.0,16:46:00,16:48:00,A52 ,18.0,28.0,2.23,2.0,2.0,6.23
2026-04-07_rep_5,SN2556,03:14:00,13.0,03:45:00,03:48:00,A69 ,47.0,22.0,3.75,2.03,3.0,8.78
2026-04-07_rep_5,SN2582,20:09:00,52.0,21:26:00,21:29:00,A49 ,70.0,29.0,6.08,1.43,3.0,10.51
2026-04-07_rep_5,SN2588,03:14:00,-7.0,03:26:00,03:30:00,A62 ,58.0,23.0,4.46,1.95,4.0,10.41
2026-04-07_rep_5,SN2608,17:13:00,17.0,17:48:00,17:54:00,A46 ,43.0,21.0,3.47,1.85,6.0,11.32
2026-04-07_rep_5,SN2610,19:48:00,-6.0,20:03:00,20:04:00,A44 ,22.0,24.0,1.61,1.62,1.0,4.24
2026-04-07_rep_5,SN2618,05:38:00,-7.0,05:43:00,05:46:00,A52 ,52.0,15.0,3.4,1.9,3.0,8.3
2026-04-07_rep_5,SN2624,19:54:00,-9.0,20:03:00,20:05:00,A48 ,8.0,22.0,0.56,1.65,2.0,4.2
2026-04-07_rep_5,SN2630,15:17:00,-10.0,15:26:00,15:30:00,A56 ,7.0,21.0,0.57,1.36,4.0,5.94
2026-04-07_rep_5,SN2644,20:13:00,2.0,20:30:00,20:35:00,A54 ,49.0,18.0,4.33,1.4,5.0,10.73
2026-04-07_rep_5,SN2646,23:18:00,8.0,23:44:00,23:46:00,A54 ,35.0,21.0,3.0,1.51,2.0,6.51
2026-04-07_rep_5,SN2650,02:58:00,1.0,03:10:00,03:11:00,A42 ,23.0,14.0,1.87,1.62,1.0,4.49
2026-04-07_rep_5,SN2652,06:13:00,-15.0,06:07:00,06:08:00,A58 ,9.0,12.0,0.66,1.57,1.0,3.23
2026-04-07_rep_5,SN2714,19:49:00,11.0,20:22:00,20:24:00,A46 ,53.0,26.0,4.71,1.6,2.0,8.31
2026-04-07_rep_5,SN2722,01:33:00,-4.0,01:48:00,01:50:00,A44 ,34.0,22.0,2.91,1.29,2.0,6.21
2026-04-07_rep_5,SN2726,15:23:00,35.0,16:34:00,16:36:00,A42 ,24.0,39.0,2.38,1.95,2.0,6.33
2026-04-07_rep_5,SN2730,17:20:00,1.0,17:40:00,17:42:00,A40 ,24.0,24.0,1.56,2.26,2.0,5.83
2026-04-07_rep_5,SN2732,04:33:00,-5.0,04:39:00,04:41:00,A66 ,35.0,14.0,2.7,1.82,2.0,6.52
2026-04-07_rep_5,SN278,12:46:00,-5.0,13:04:00,13:33:00,B31 A,62.0,29.0,5.01,0.1,29.0,34.1
2026-04-07_rep_5,SN2810,20:24:00,-13.0,20:24:00,20:26:00,A40 ,33.0,17.0,2.24,2.02,2.0,6.26
2026-04-07_rep_5,SN2812,03:18:00,1.0,03:31:00,03:32:00,A68 ,34.0,15.0,3.26,1.66,1.0,5.92
2026-04-07_rep_5,SN2826,03:09:00,4.0,03:35:00,03:38:00,A40 ,68.0,26.0,5.11,1.61,3.0,9.72
2026-04-07_rep_5,SN2900,10:44:00,20.0,11:13:00,11:34:00,B32 A,49.0,13.0,3.42,0.09,21.0,24.51
2026-04-07_rep_5,SN2902,18:08:00,1.0,18:29:00,18:34:00,A54 ,51.0,23.0,3.9,1.39,5.0,10.3
2026-04-07_rep_5,SN2906,03:00:00,-3.0,03:15:00,03:17:00,A61 ,56.0,23.0,3.96,1.92,2.0,7.88
2026-04-07_rep_5,SN3126,01:03:00,35.0,02:02:00,02:05:00,A58 ,68.0,27.0,5.22,1.68,3.0,9.9
2026-04-07_rep_5,SN3132,01:39:00,15.0,02:12:00,02:14:00,A46 ,34.0,22.0,2.98,1.68,2.0,6.66
2026-04-07_rep_5,SN3146,18:03:00,1.0,18:15:00,18:18:00,A58 ,24.0,14.0,1.86,1.54,3.0,6.39
2026-04-07_rep_5,SN3148,21:49:00,18.0,22:25:00,22:27:00,A55 ,59.0,22.0,5.03,1.95,2.0,8.98
2026-04-07_rep_5,SN3150,03:26:00,4.0,03:47:00,03:50:00,A53 ,59.0,23.0,4.69,1.71,3.0,9.41
2026-04-07_rep_5,SN3154,17:13:00,1.0,17:30:00,17:31:00,A44 ,38.0,19.0,2.55,1.58,1.0,5.13
2026-04-07_rep_5,SN3160,06:19:00,-1.0,06:50:00,06:53:00,A55 ,59.0,36.0,4.0,1.19,3.0,8.19
2026-04-07_rep_5,SN3170,20:14:00,-10.0,20:31:00,20:34:00,A56 ,85.0,31.0,5.94,1.76,3.0,10.7
2026-04-07_rep_5,SN3176,19:28:00,57.0,20:45:00,20:48:00,A42 ,79.0,23.0,5.7,1.86,3.0,10.56
2026-04-07_rep_5,SN3182,03:24:00,8.0,03:56:00,04:01:00,A46 ,65.0,28.0,4.79,1.96,5.0,11.75
2026-04-07_rep_5,SN3184,06:18:00,2.0,06:42:00,06:46:00,A50 ,90.0,25.0,6.64,1.89,4.0,12.53
2026-04-07_rep_5,SN3202,21:24:00,11.0,22:05:00,22:08:00,A64 ,94.0,34.0,7.78,2.14,3.0,12.92
2026-04-07_rep_5,SN3208,15:43:00,-11.0,15:44:00,15:48:00,A54 ,18.0,15.0,1.51,1.41,4.0,6.91
2026-04-07_rep_5,SN3344,03:20:00,-10.0,03:27:00,03:30:00,A59 ,35.0,22.0,2.62,1.42,3.0,7.04
2026-04-07_rep_5,SN358,13:20:00,-5.0,13:26:00,13:59:00,B38 A,143.0,16.0,13.57,0.08,33.0,46.64
2026-04-07_rep_5,SN3598,22:18:00,34.0,23:15:00,23:17:00,A58 ,61.0,26.0,4.09,1.48,2.0,7.57
2026-04-07_rep_5,SN3618,22:33:00,12.0,23:04:00,23:06:00,A52 ,57.0,22.0,3.61,1.83,2.0,7.44
2026-04-07_rep_5,SN3632,16:33:00,-5.0,16:46:00,16:56:00,A60 ,5.0,21.0,0.42,1.77,10.0,12.19
2026-04-07_rep_5,SN3634,17:58:00,-1.0,18:25:00,18:27:00,A56 ,8.0,31.0,0.7,1.56,2.0,4.26
2026-04-07_rep_5,SN3668,20:54:00,-7.0,21:18:00,21:20:00,A55 ,29.0,35.0,2.3,1.74,2.0,6.05
2026-04-07_rep_5,SN3676,15:39:00,-19.0,15:43:00,15:44:00,A50 ,14.0,27.0,1.44,1.53,1.0,3.97
2026-04-07_rep_5,SN369,12:10:00,16.0,12:45:00,13:25:00,B37 A,64.0,24.0,5.95,0.09,40.0,46.04
2026-04-07_rep_5,SN3704,00:24:00,10.0,01:00:00,01:05:00,A42 ,103.0,30.0,9.5,1.84,5.0,16.34
2026-04-07_rep_5,SN3708,14:44:00,-18.0,14:37:00,14:39:00,A40 ,7.0,15.0,0.64,1.55,2.0,4.19
2026-04-07_rep_5,SN3712,01:43:00,23.0,02:25:00,02:27:00,A54 ,54.0,22.0,4.28,1.74,2.0,8.02
2026-04-07_rep_5,SN3722,21:58:00,30.0,22:56:00,22:59:00,A66 ,76.0,31.0,8.05,1.56,3.0,12.61
2026-04-07_rep_5,SN3728,02:58:00,3.0,03:26:00,03:29:00,A44 ,54.0,28.0,3.7,1.72,3.0,8.41
2026-04-07_rep_5,SN3732,15:38:00,-12.0,15:48:00,15:49:00,A46 ,35.0,25.0,2.99,1.32,1.0,5.31
2026-04-07_rep_5,SN3734,19:57:00,-14.0,20:08:00,20:09:00,A50 ,32.0,32.0,2.42,1.59,1.0,5.01
2026-04-07_rep_5,SN3736,01:28:00,-1.0,01:54:00,01:56:00,A66 ,43.0,30.0,2.75,1.67,2.0,6.42
2026-04-07_rep_5,SN3738,06:14:00,-13.0,06:16:00,06:18:00,A46 ,77.0,19.0,5.05,1.79,2.0,8.83
2026-04-07_rep_5,SN3772,18:38:00,9.0,19:18:00,19:21:00,A40 ,32.0,34.0,3.99,1.99,3.0,8.99
2026-04-07_rep_5,SN3782,06:34:00,-7.0,06:58:00,08:03:00,A61 ,88.0,35.0,7.15,1.92,65.0,74.07
2026-04-07_rep_5,SN3784,06:44:00,-12.0,08:12:00,08:22:00,A45 ,113.0,104.0,8.32,1.95,10.0,20.27
2026-04-07_rep_5,SN3802,23:03:00,-3.0,23:22:00,23:24:00,A48 ,38.0,25.0,2.63,1.36,2.0,5.99
2026-04-07_rep_5,SN3812,23:18:00,-14.0,23:26:00,23:28:00,A40 ,63.0,25.0,5.56,1.73,2.0,9.29
2026-04-07_rep_5,SN3820,06:46:00,11.0,08:22:00,08:26:00,A65 ,88.0,91.0,7.74,1.33,4.0,13.07
2026-04-07_rep_5,SN3894,05:36:00,-12.0,05:42:00,05:43:00,B32 A,15.0,24.0,1.39,0.13,1.0,2.52
2026-04-07_rep_5,SQ304,14:32:00,16.0,15:04:00,15:35:00,B14 A,235.0,23.0,17.04,0.12,31.0,48.16
2026-04-07_rep_5,TB1012,19:46:00,-10.0,20:00:00,20:02:00,A53 ,51.0,30.0,3.5,1.87,2.0,7.37
2026-04-07_rep_5,TB1243,05:25:00,-21.0,05:19:00,05:21:00,A69 ,20.0,20.0,1.51,1.59,2.0,5.1
2026-04-07_rep_5,TB1412,18:35:00,-3.0,18:50:00,18:55:00,A59 ,19.0,23.0,1.77,1.94,5.0,8.71
2026-04-07_rep_5,TB1752,22:48:00,1.0,23:14:00,23:20:00,A67 ,108.0,28.0,11.34,1.7,6.0,19.04
2026-04-07_rep_5,TB2042,02:15:00,122.0,04:35:00,04:42:00,B27 A,170.0,23.0,14.5,0.08,7.0,21.58
2026-04-07_rep_5,TB2524,09:25:00,15.0,09:57:00,10:03:00,B7  A,149.0,22.0,10.41,1.55,6.0,17.96
2026-04-07_rep_5,TB2612,04:40:00,-2.0,04:55:00,05:01:00,B38 A,156.0,22.0,16.15,0.13,6.0,22.28
2026-04-07_rep_5,TB2634,01:51:00,-17.0,01:50:00,01:57:00,B5  A,185.0,22.0,12.14,1.72,7.0,20.87
2026-04-07_rep_5,TB2662,04:59:00,-20.0,05:00:00,05:04:00,B40 A,144.0,25.0,12.4,0.12,4.0,16.52
2026-04-07_rep_5,TB3042,04:26:00,-6.0,05:06:00,05:13:00,B9  A,178.0,52.0,13.8,1.2,7.0,22.0
2026-04-07_rep_5,TB3102,01:50:00,12.0,02:21:00,02:31:00,B11 A,141.0,24.0,12.93,0.11,10.0,23.04
2026-04-07_rep_5,TB3202,21:40:00,-6.0,21:45:00,21:46:00,B5  A,40.0,16.0,3.39,1.68,1.0,6.06
2026-04-07_rep_5,TG934,14:23:00,12.0,14:55:00,15:30:00,B11 A,259.0,28.0,16.38,0.12,35.0,51.5
2026-04-07_rep_5,TK1937,17:03:00,24.0,17:46:00,18:03:00,B30 A,168.0,27.0,13.55,0.12,17.0,30.67
2026-04-07_rep_5,TK1939,01:01:00,22.0,01:36:00,01:50:00,B28 A,166.0,19.0,17.83,0.09,14.0,31.92
2026-04-07_rep_5,TK1941,04:31:00,-4.0,04:39:00,04:54:00,B14 A,143.0,18.0,10.48,0.12,15.0,25.6
2026-04-07_rep_5,TK1943,20:32:00,9.0,20:57:00,21:04:00,B32 A,120.0,23.0,9.2,0.09,7.0,16.29
2026-04-07_rep_5,TP640,18:05:00,-18.0,18:06:00,18:17:00,A53 ,109.0,24.0,10.57,2.06,11.0,23.63
2026-04-07_rep_5,TP642,22:12:00,-5.0,22:21:00,22:25:00,A51 ,90.0,21.0,6.0,1.65,4.0,11.65
2026-04-07_rep_5,TP644,03:15:00,53.0,04:24:00,04:29:00,A43 ,58.0,26.0,4.38,1.57,5.0,10.95
2026-04-07_rep_5,TP646,07:02:00,70.0,08:30:00,08:35:00,A53 ,101.0,25.0,10.28,1.72,5.0,17.0
2026-04-07_rep_5,TU954,18:30:00,5.0,18:50:00,18:54:00,B32 A,101.0,20.0,8.54,0.1,4.0,12.64
2026-04-07_rep_5,UA950,14:21:00,-25.0,14:24:00,14:54:00,B40 A,121.0,34.0,9.21,0.12,30.0,39.33
2026-04-07_rep_5,UA972,16:05:00,-21.0,16:10:00,16:32:00,B40 A,106.0,31.0,7.34,0.08,22.0,29.41
2026-04-07_rep_5,UA994,14:51:00,-13.0,14:55:00,15:30:00,B38 A,159.0,23.0,19.06,0.1,35.0,54.17
2026-04-07_rep_5,UX1171,16:53:00,-14.0,17:01:00,17:06:00,A51 ,43.0,30.0,3.83,1.96,5.0,10.79
2026-04-07_rep_5,UX1173,00:45:00,-14.0,00:52:00,00:57:00,A61 ,85.0,26.0,6.16,1.84,5.0,13.0
2026-04-07_rep_5,VF65,18:23:00,1.0,18:48:00,18:54:00,B36 A,152.0,32.0,10.99,0.12,6.0,17.11
2026-04-07_rep_5,VF67,23:17:00,16.0,00:06:00,00:13:00,B5  A,161.0,40.0,10.18,2.19,7.0,19.37
2026-04-07_rep_5,VY1332,16:00:00,-13.0,15:56:00,15:57:00,A53 ,10.0,14.0,0.89,1.71,1.0,3.6
2026-04-07_rep_5,VY1334,03:31:00,-14.0,03:24:00,03:25:00,A45 ,21.0,13.0,1.66,1.46,1.0,4.12
2026-04-07_rep_5,VY1470,01:59:00,12.0,02:21:00,02:24:00,A57 ,24.0,14.0,2.78,1.86,3.0,7.64
2026-04-07_rep_5,VY2150,04:05:00,-19.0,04:04:00,04:10:00,A51 ,42.0,23.0,3.24,1.52,6.0,10.77
2026-04-07_rep_5,VY2152,23:54:00,-20.0,23:44:00,23:46:00,A43 ,47.0,14.0,3.39,1.58,2.0,6.97
2026-04-07_rep_5,VY6814,03:46:00,15.0,04:11:00,04:13:00,A49 ,36.0,16.0,2.8,1.39,2.0,6.18
2026-04-07_rep_5,VY8978,19:50:00,-10.0,19:56:00,19:59:00,A43 ,72.0,21.0,5.76,1.64,3.0,10.4
2026-04-07_rep_5,VY8980,16:56:00,-18.0,17:01:00,17:03:00,A48 ,23.0,34.0,1.92,1.5,2.0,5.41
2026-04-07_rep_5,VY8982,00:30:00,-23.0,00:24:00,00:26:00,A45 ,45.0,22.0,4.21,1.55,2.0,7.76
2026-04-07_rep_5,VY8984,03:37:00,-10.0,03:37:00,03:38:00,A47 ,41.0,17.0,2.48,1.72,1.0,5.19
2026-04-07_rep_5,VY8986,21:35:00,-21.0,21:33:00,21:37:00,A61 ,63.0,24.0,6.12,1.9,4.0,12.02
2026-04-08_rep_1,AC832,15:19:00,-34.0,15:01:00,15:30:00,B28 A,86.0,25.0,7.48,0.11,29.0,36.59
2026-04-08_rep_1,AY1541,17:25:00,-21.0,17:22:00,17:25:00,A57 ,28.0,23.0,2.56,1.72,3.0,7.28
2026-04-08_rep_1,AY1545,02:25:00,-1.0,02:38:00,02:42:00,A59 ,67.0,19.0,5.44,2.38,4.0,11.82
2026-04-08_rep_1,AY1549,06:41:00,-25.0,06:31:00,06:33:00,A53 ,29.0,21.0,2.03,1.68,2.0,5.7
2026-04-08_rep_1,AZ148,16:41:00,-20.0,16:31:00,16:33:00,A51 ,1.0,16.0,0.07,1.67,2.0,3.74
2026-04-08_rep_1,AZ154,03:11:00,-2.0,03:19:00,03:21:00,A49 ,34.0,16.0,2.7,1.58,2.0,6.29
2026-04-08_rep_1,AZ156,18:51:00,52.0,20:02:00,20:06:00,A53 ,36.0,25.0,2.41,1.36,4.0,7.77
2026-04-08_rep_1,AZ160,02:03:00,-5.0,02:14:00,02:19:00,A56 ,107.0,19.0,11.07,1.81,5.0,17.88
2026-04-08_rep_1,BA384,17:59:00,-17.0,18:00:00,18:04:00,B29 A,38.0,22.0,3.68,0.11,4.0,7.79
2026-04-08_rep_1,BA386,23:19:00,19.0,00:02:00,00:06:00,B14 A,111.0,28.0,9.78,0.14,4.0,13.92
2026-04-08_rep_1,BA390,04:29:00,-6.0,04:45:00,04:46:00,B30 A,65.0,26.0,4.3,0.09,1.0,5.39
2026-04-08_rep_1,BT601,17:01:00,-15.0,16:58:00,17:01:00,A45 ,13.0,18.0,1.11,1.58,3.0,5.69
2026-04-08_rep_1,BT603,02:54:00,-3.0,03:06:00,03:08:00,A67 ,15.0,19.0,1.37,1.41,2.0,4.77
2026-04-08_rep_1,EI630,17:43:00,-15.0,18:09:00,18:14:00,B31 A,100.0,44.0,7.97,0.1,5.0,13.08
2026-04-08_rep_1,EI638,04:51:00,-21.0,04:49:00,04:55:00,B28 A,121.0,25.0,11.21,0.1,6.0,17.31
2026-04-08_rep_1,EK181,03:35:00,19.0,04:08:00,04:44:00,B31 A,261.0,19.0,16.35,0.11,36.0,52.46
2026-04-08_rep_1,ET750,15:13:00,-9.0,15:25:00,16:03:00,B34 A,384.0,29.0,24.74,0.09,38.0,62.83
2026-04-08_rep_1,EY57,16:05:00,12.0,16:40:00,17:07:00,B5  A,218.0,28.0,15.49,1.55,27.0,44.05
2026-04-08_rep_1,FH8116,23:11:00,5.0,23:27:00,23:28:00,B15 A,30.0,17.0,2.66,0.11,1.0,3.77
2026-04-08_rep_1,GQ800,21:10:00,43.0,22:10:00,22:14:00,A53 ,53.0,22.0,4.12,1.42,4.0,9.55
2026-04-08_rep_1,GQ850,18:06:00,-14.0,18:02:00,18:03:00,A58 ,7.0,26.0,0.52,1.5,1.0,3.03
2026-04-08_rep_1,HV9012,05:46:00,7.0,06:20:00,06:24:00,A59 ,102.0,33.0,8.2,1.61,4.0,13.81
2026-04-08_rep_1,IB597,19:30:00,-7.0,19:42:00,19:43:00,A59 ,95.0,24.0,6.05,1.84,1.0,8.9
2026-04-08_rep_1,IB601,03:05:00,-17.0,03:03:00,03:12:00,A65 ,114.0,20.0,9.45,1.57,9.0,20.02
2026-04-08_rep_1,IB603,07:11:00,-8.0,07:24:00,07:27:00,A47 ,87.0,27.0,5.47,1.64,3.0,10.12
2026-04-08_rep_1,JU272,04:32:00,7.0,04:57:00,04:59:00,B7  A,23.0,25.0,1.66,1.95,2.0,5.61
2026-04-08_rep_1,KM420,03:21:00,0.0,03:40:00,03:48:00,A57 ,116.0,25.0,11.71,1.27,8.0,20.98
2026-04-08_rep_1,LH1004,15:50:00,-13.0,15:49:00,15:50:00,A43 ,20.0,17.0,1.91,1.37,1.0,4.28
2026-04-08_rep_1,LH2282,16:00:00,-10.0,16:03:00,16:04:00,A47 ,3.0,18.0,0.3,1.62,1.0,2.92
2026-04-08_rep_1,LO231,06:41:00,-14.0,06:37:00,06:38:00,A57 ,23.0,16.0,2.17,2.36,1.0,5.53
2026-04-08_rep_1,LO233,02:43:00,5.0,03:07:00,03:09:00,A50 ,70.0,22.0,5.64,1.75,2.0,9.38
2026-04-08_rep_1,LO235,17:33:00,-13.0,17:31:00,17:33:00,A55 ,13.0,19.0,0.82,2.05,2.0,4.87
2026-04-08_rep_1,LO237,20:35:00,-7.0,20:38:00,20:40:00,A47 ,23.0,15.0,2.47,1.61,2.0,6.08
2026-04-08_rep_1,LX780,22:21:00,11.0,22:49:00,22:51:00,A47 ,60.0,23.0,5.35,1.11,2.0,8.46
2026-04-08_rep_1,LX786,16:56:00,-14.0,17:04:00,17:05:00,A43 ,14.0,28.0,1.27,1.84,1.0,4.11
2026-04-08_rep_1,LX788,02:38:00,3.0,02:52:00,02:55:00,A43 ,31.0,14.0,2.31,1.61,3.0,6.92
2026-04-08_rep_1,ME215,18:42:00,7.0,19:08:00,19:11:00,B9  A,136.0,26.0,8.69,1.88,3.0,13.57
2026-04-08_rep_1,NH231,01:42:00,-28.0,01:27:00,01:53:00,B5  A,136.0,20.0,13.34,1.75,26.0,41.09
2026-04-08_rep_1,OS291,17:10:00,-7.0,17:18:00,17:20:00,A47 ,18.0,20.0,1.45,1.66,2.0,5.11
2026-04-08_rep_1,OS295,00:53:00,-9.0,00:53:00,01:00:00,A43 ,45.0,17.0,3.28,1.37,7.0,11.65
2026-04-08_rep_1,OS297,03:15:00,1.0,03:26:00,03:28:00,A45 ,41.0,15.0,3.47,1.86,2.0,7.34
2026-04-08_rep_1,OU4456,03:56:00,6.0,04:19:00,04:20:00,A59 ,21.0,23.0,1.58,1.52,1.0,4.1
2026-04-08_rep_1,OU456,16:47:00,-7.0,16:53:00,16:54:00,A59 ,4.0,20.0,0.43,1.45,1.0,2.88
2026-04-08_rep_1,RO373,02:38:00,26.0,03:25:00,03:26:00,A44 ,21.0,24.0,1.58,1.92,1.0,4.5
2026-04-08_rep_1,SK1589,02:22:00,-8.0,02:29:00,02:33:00,A47 ,93.0,22.0,8.3,1.35,4.0,13.65
2026-04-08_rep_1,SK1593,22:41:00,8.0,22:59:00,23:00:00,A51 ,33.0,16.0,3.21,1.05,1.0,5.26
2026-04-08_rep_1,SK1595,02:35:00,11.0,02:59:00,03:01:00,A51 ,37.0,18.0,3.03,1.97,2.0,7.0
2026-04-08_rep_1,SK4743,18:47:00,-1.0,18:59:00,19:01:00,A43 ,38.0,20.0,3.16,1.84,2.0,7.01
2026-04-08_rep_1,SK4745,04:35:00,-4.0,04:53:00,04:55:00,A57 ,61.0,27.0,4.87,1.76,2.0,8.63
2026-04-08_rep_1,SK593,17:47:00,-11.0,17:52:00,17:53:00,A59 ,15.0,23.0,1.29,1.58,1.0,3.86
2026-04-08_rep_1,SN206,13:26:00,-14.0,13:35:00,14:12:00,B31 A,126.0,29.0,10.41,0.1,37.0,47.51
2026-04-08_rep_1,SN2096,04:05:00,-1.0,04:22:00,04:34:00,B14 A,50.0,23.0,3.05,0.09,12.0,15.15
2026-04-08_rep_1,SN2104,16:59:00,-17.0,17:03:00,17:04:00,B36 A,17.0,25.0,1.43,0.09,1.0,2.52
2026-04-08_rep_1,SN2184,16:33:00,-4.0,16:40:00,16:41:00,B11 A,7.0,14.0,0.6,0.11,1.0,1.71
2026-04-08_rep_1,SN2268,16:28:00,-15.0,16:31:00,16:34:00,A44 ,5.0,21.0,0.49,1.95,3.0,5.43
2026-04-08_rep_1,SN2284,04:08:00,-4.0,04:17:00,04:22:00,A40 ,24.0,16.0,1.69,1.52,5.0,8.22
2026-04-08_rep_1,SN2294,03:54:00,-5.0,04:00:00,04:02:00,A66 ,34.0,15.0,3.34,1.8,2.0,7.14
2026-04-08_rep_1,SN2298,16:49:00,-21.0,16:46:00,16:48:00,A58 ,5.0,22.0,0.37,2.19,2.0,4.55
2026-04-08_rep_1,SN2318,04:03:00,15.0,04:42:00,04:44:00,A44 ,32.0,27.0,2.28,1.81,2.0,6.09
2026-04-08_rep_1,SN2324,16:43:00,-5.0,16:56:00,17:02:00,A42 ,4.0,21.0,0.28,1.98,6.0,8.26
2026-04-08_rep_1,SN2372,01:54:00,-15.0,01:59:00,02:01:00,A52 ,39.0,24.0,3.4,1.33,2.0,6.73
2026-04-08_rep_1,SN2548,04:11:00,4.0,04:34:00,04:37:00,A53 ,58.0,25.0,4.36,1.81,3.0,9.17
2026-04-08_rep_1,SN2582,21:09:00,-5.0,21:18:00,21:19:00,A50 ,32.0,18.0,3.0,1.52,1.0,5.52
2026-04-08_rep_1,SN2588,04:12:00,18.0,05:00:00,05:05:00,A70 ,23.0,32.0,1.59,1.41,5.0,8.0
2026-04-08_rep_1,SN2592,16:26:00,-12.0,16:32:00,16:36:00,A56 ,5.0,24.0,0.37,1.46,4.0,5.83
2026-04-08_rep_1,SN2610,20:48:00,-15.0,20:51:00,20:54:00,A56 ,51.0,21.0,4.66,1.79,3.0,9.45
2026-04-08_rep_1,SN2612,21:43:00,-20.0,21:35:00,21:36:00,A40 ,27.0,15.0,2.12,2.02,1.0,5.14
2026-04-08_rep_1,SN2614,01:33:00,-1.0,01:42:00,01:44:00,A46 ,32.0,13.0,3.13,1.52,2.0,6.66
2026-04-08_rep_1,SN2618,06:43:00,-3.0,06:55:00,06:57:00,A56 ,50.0,23.0,4.38,1.46,2.0,7.84
2026-04-08_rep_1,SN2624,20:53:00,4.0,21:06:00,21:07:00,A52 ,7.0,12.0,0.52,1.49,1.0,3.01
2026-04-08_rep_1,SN2630,16:19:00,-12.0,16:29:00,16:30:00,A52 ,7.0,26.0,0.45,1.69,1.0,3.14
2026-04-08_rep_1,SN2644,21:13:00,5.0,21:27:00,21:29:00,A44 ,33.0,12.0,3.17,1.56,2.0,6.73
2026-04-08_rep_1,SN2646,00:18:00,-6.0,00:22:00,00:24:00,A54 ,21.0,13.0,1.5,1.66,2.0,5.15
2026-04-08_rep_1,SN2650,03:59:00,-3.0,04:15:00,04:22:00,A51 ,76.0,23.0,6.61,1.39,7.0,15.0
2026-04-08_rep_1,SN2652,07:16:00,-18.0,07:08:00,07:09:00,A51 ,20.0,16.0,1.72,1.62,1.0,4.34
2026-04-08_rep_1,SN2714,20:47:00,-9.0,20:50:00,20:52:00,A48 ,53.0,14.0,4.48,2.09,2.0,8.56
2026-04-08_rep_1,SN2722,02:33:00,-8.0,02:43:00,02:46:00,A58 ,58.0,21.0,3.9,1.81,3.0,8.71
2026-04-08_rep_1,SN2730,18:23:00,-6.0,18:43:00,18:47:00,A42 ,85.0,34.0,6.55,2.12,4.0,12.67
2026-04-08_rep_1,SN2732,05:38:00,-12.0,05:42:00,05:44:00,A62 ,41.0,24.0,2.76,1.42,2.0,6.18
2026-04-08_rep_1,SN2810,21:23:00,2.0,21:39:00,21:41:00,A54 ,32.0,17.0,1.99,1.1,2.0,5.09
2026-04-08_rep_1,SN2812,04:19:00,-12.0,04:27:00,04:29:00,A65 ,29.0,24.0,2.71,2.01,2.0,6.71
2026-04-08_rep_1,SN2816,16:23:00,-19.0,16:19:00,16:20:00,A48 ,6.0,18.0,0.42,1.2,1.0,2.62
2026-04-08_rep_1,SN2826,04:08:00,0.0,04:34:00,04:41:00,A52 ,56.0,29.0,4.22,1.93,7.0,13.15
2026-04-08_rep_1,SN2902,19:08:00,-8.0,19:12:00,19:14:00,A44 ,29.0,15.0,2.79,2.09,2.0,6.88
2026-04-08_rep_1,SN2906,03:58:00,-14.0,03:55:00,03:58:00,A42 ,46.0,14.0,3.63,1.57,3.0,8.2
2026-04-08_rep_1,SN3126,02:59:00,-5.0,03:09:00,03:16:00,A63 ,68.0,19.0,4.32,1.7,7.0,13.02
2026-04-08_rep_1,SN3146,19:07:00,-19.0,19:05:00,19:07:00,A54 ,19.0,24.0,1.15,1.62,2.0,4.76
2026-04-08_rep_1,SN3148,22:49:00,5.0,23:05:00,23:08:00,A48 ,37.0,15.0,3.84,1.3,3.0,8.15
2026-04-08_rep_1,SN3150,04:26:00,-7.0,04:40:00,04:41:00,A45 ,40.0,27.0,2.85,1.27,1.0,5.12
2026-04-08_rep_1,SN3160,07:18:00,-14.0,07:23:00,07:25:00,A64 ,15.0,22.0,1.47,2.08,2.0,5.54
2026-04-08_rep_1,SN3170,23:25:00,-8.0,23:39:00,23:43:00,A52 ,109.0,27.0,11.76,1.7,4.0,17.46
2026-04-08_rep_1,SN3176,20:29:00,51.0,21:33:00,21:34:00,A42 ,90.0,17.0,7.48,1.58,1.0,10.07
2026-04-08_rep_1,SN3182,04:25:00,14.0,05:03:00,05:09:00,A49 ,110.0,29.0,8.42,1.8,6.0,16.23
2026-04-08_rep_1,SN3184,07:20:00,9.0,07:55:00,07:58:00,A44 ,87.0,31.0,7.53,1.75,3.0,12.28
2026-04-08_rep_1,SN319,13:05:00,0.0,13:23:00,13:46:00,B38 A,66.0,23.0,5.16,0.09,23.0,28.24
2026-04-08_rep_1,SN3202,22:24:00,-13.0,22:41:00,22:43:00,A57 ,70.0,34.0,8.01,1.33,2.0,11.33
2026-04-08_rep_1,SN3334,10:10:00,16.0,10:41:00,10:57:00,B9  A,93.0,20.0,8.46,1.76,16.0,26.22
2026-04-08_rep_1,SN3344,04:19:00,5.0,04:47:00,04:48:00,A50 ,31.0,27.0,2.89,2.1,1.0,5.98
2026-04-08_rep_1,SN3588,22:38:00,32.0,23:23:00,23:24:00,A56 ,12.0,16.0,1.25,1.16,1.0,3.42
2026-04-08_rep_1,SN3594,16:35:00,-3.0,16:50:00,16:58:00,A49 ,4.0,23.0,0.33,1.22,8.0,9.55
2026-04-08_rep_1,SN3598,23:19:00,-13.0,23:26:00,23:27:00,A58 ,26.0,24.0,1.7,1.85,1.0,4.55
2026-04-08_rep_1,SN3604,16:29:00,-12.0,16:41:00,16:42:00,A54 ,6.0,28.0,0.59,1.72,1.0,3.31
2026-04-08_rep_1,SN3618,23:33:00,17.0,00:06:00,00:09:00,A50 ,75.0,19.0,5.21,1.62,3.0,9.83
2026-04-08_rep_1,SN3632,17:34:00,-19.0,17:52:00,17:54:00,A60 ,5.0,41.0,0.49,1.94,2.0,4.42
2026-04-08_rep_1,SN3634,18:58:00,25.0,19:54:00,19:56:00,A58 ,8.0,34.0,0.92,1.36,2.0,4.28
2026-04-08_rep_1,SN3668,21:54:00,-14.0,22:05:00,22:07:00,A63 ,20.0,29.0,2.06,1.7,2.0,5.75
2026-04-08_rep_1,SN3676,16:38:00,-4.0,16:51:00,16:52:00,A50 ,12.0,20.0,1.18,1.44,1.0,3.62
2026-04-08_rep_1,SN3698,22:34:00,26.0,23:21:00,23:23:00,A49 ,48.0,25.0,3.97,1.8,2.0,7.77
2026-04-08_rep_1,SN3704,01:21:00,3.0,01:46:00,01:48:00,A55 ,59.0,28.0,5.38,1.62,2.0,9.0
2026-04-08_rep_1,SN3706,07:30:00,2.0,09:01:00,09:04:00,A52 ,49.0,94.0,3.3,1.54,3.0,7.84
2026-04-08_rep_1,SN3708,15:46:00,-16.0,15:48:00,15:50:00,A53 ,6.0,24.0,0.64,1.51,2.0,4.15
2026-04-08_rep_1,SN3712,02:43:00,-1.0,03:14:00,03:16:00,A68 ,76.0,35.0,7.32,1.53,2.0,10.85
2026-04-08_rep_1,SN3722,22:58:00,41.0,00:06:00,00:09:00,A46 ,66.0,30.0,6.39,1.54,3.0,10.92
2026-04-08_rep_1,SN3728,03:58:00,-12.0,04:10:00,04:14:00,A58 ,38.0,27.0,2.77,1.8,4.0,8.57
2026-04-08_rep_1,SN3732,16:42:00,-6.0,17:00:00,17:01:00,A46 ,20.0,31.0,1.91,2.65,1.0,5.57
2026-04-08_rep_1,SN3734,20:53:00,-3.0,21:20:00,21:22:00,A46 ,72.0,33.0,4.7,1.71,2.0,8.41
2026-04-08_rep_1,SN3736,02:29:00,8.0,03:00:00,03:07:00,A40 ,113.0,27.0,9.42,1.45,7.0,17.87
2026-04-08_rep_1,SN3738,07:14:00,-11.0,07:29:00,07:32:00,A66 ,92.0,30.0,6.24,1.93,3.0,11.18
2026-04-08_rep_1,SN3752,07:14:00,4.0,07:40:00,07:43:00,A40 ,54.0,26.0,5.16,1.74,3.0,9.91
2026-04-08_rep_1,SN3772,19:38:00,-8.0,19:56:00,20:01:00,A40 ,39.0,29.0,2.77,1.46,5.0,9.24
2026-04-08_rep_1,SN3774,06:20:00,40.0,07:23:00,07:25:00,A50 ,66.0,28.0,5.23,1.51,2.0,8.74
2026-04-08_rep_1,SN3782,00:43:00,-21.0,00:47:00,00:50:00,A40 ,77.0,28.0,5.62,1.49,3.0,10.11
2026-04-08_rep_1,SN3788,09:10:00,-68.0,08:29:00,08:36:00,A60 ,124.0,92.0,8.32,1.67,7.0,16.99
2026-04-08_rep_1,SN379,13:10:00,19.0,13:54:00,14:34:00,B40 A,67.0,30.0,5.54,0.08,40.0,45.62
2026-04-08_rep_1,SN3802,00:03:00,-8.0,00:20:00,00:25:00,A44 ,64.0,28.0,4.25,1.54,5.0,10.79
2026-04-08_rep_1,SN3804,02:34:00,-13.0,02:47:00,02:48:00,A64 ,58.0,30.0,4.36,1.37,1.0,6.73
2026-04-08_rep_1,SN3810,04:15:00,1.0,04:43:00,04:45:00,A46 ,61.0,32.0,5.33,2.07,2.0,9.4
2026-04-08_rep_1,SN3812,00:20:00,-8.0,00:36:00,00:39:00,A47 ,47.0,29.0,3.2,1.77,3.0,7.97
2026-04-08_rep_1,SN3816,23:44:00,4.0,00:14:00,00:17:00,A42 ,49.0,30.0,3.75,1.28,3.0,8.02
2026-04-08_rep_1,SN3820,08:45:00,18.0,09:29:00,09:32:00,A65 ,77.0,91.0,6.77,1.66,3.0,11.43
2026-04-08_rep_1,SN502,15:45:00,-46.0,15:14:00,15:43:00,B30 A,65.0,20.0,5.33,0.12,29.0,34.45
2026-04-08_rep_1,SN516,15:30:00,-21.0,15:31:00,16:01:00,B37 A,41.0,27.0,3.09,0.09,30.0,33.18
2026-04-08_rep_1,TB1012,20:34:00,14.0,21:04:00,21:07:00,A60 ,81.0,20.0,5.94,1.74,3.0,10.68
2026-04-08_rep_1,TB1552,07:15:00,-7.0,07:38:00,07:45:00,A61 ,152.0,35.0,10.43,1.29,7.0,18.72
2026-04-08_rep_1,TB1754,06:32:00,1.0,07:00:00,07:08:00,A43 ,140.0,34.0,12.57,1.4,8.0,21.96
2026-04-08_rep_1,TB2502,22:35:00,22.0,23:18:00,23:23:00,B7  A,115.0,26.0,12.27,1.86,5.0,19.13
2026-04-08_rep_1,TB2534,07:24:00,1.0,07:40:00,07:46:00,B30 A,146.0,19.0,9.91,0.11,6.0,16.01
2026-04-08_rep_1,TB2582,23:35:00,-14.0,23:44:00,23:50:00,B27 A,142.0,28.0,9.97,0.12,6.0,16.09
2026-04-08_rep_1,TB2634,05:24:00,151.0,09:22:00,09:31:00,B11 A,198.0,91.0,15.73,0.11,9.0,24.84
2026-04-08_rep_1,TB2752,02:31:00,4.0,02:48:00,02:51:00,B7  A,70.0,19.0,6.62,1.68,3.0,11.3
2026-04-08_rep_1,TB3012,09:05:00,12.0,09:32:00,09:42:00,B29 A,176.0,20.0,16.94,0.07,10.0,27.01
2026-04-08_rep_1,TG934,15:20:00,6.0,16:04:00,16:38:00,B31 A,260.0,43.0,17.63,0.09,34.0,51.71
2026-04-08_rep_1,TK1937,18:16:00,9.0,18:38:00,18:50:00,B30 A,158.0,19.0,9.85,0.11,12.0,21.96
2026-04-08_rep_1,TK1939,01:56:00,3.0,02:13:00,02:25:00,B28 A,146.0,20.0,10.61,0.09,12.0,22.7
2026-04-08_rep_1,TK1941,05:30:00,-2.0,05:42:00,05:53:00,B40 A,201.0,19.0,18.15,0.1,11.0,29.26
2026-04-08_rep_1,TK1943,21:31:00,7.0,21:56:00,22:13:00,B32 A,97.0,24.0,9.84,0.11,17.0,26.95
2026-04-08_rep_1,TP640,19:06:00,-6.0,19:19:00,19:24:00,A51 ,67.0,25.0,5.6,1.35,5.0,11.95
2026-04-08_rep_1,TP642,23:09:00,10.0,23:33:00,23:47:00,A65 ,88.0,18.0,6.92,1.48,14.0,22.4
2026-04-08_rep_1,TP644,04:09:00,-11.0,04:11:00,04:18:00,A67 ,87.0,17.0,6.23,1.48,7.0,14.71
2026-04-08_rep_1,TP646,08:01:00,89.0,09:51:00,09:56:00,A59 ,107.0,27.0,7.92,1.54,5.0,14.46
2026-04-08_rep_1,TU954,19:30:00,-3.0,19:43:00,19:47:00,B29 A,87.0,21.0,6.88,0.13,4.0,11.01
2026-04-08_rep_1,UA950,15:21:00,-36.0,15:03:00,15:50:00,B11 A,149.0,24.0,11.62,0.13,47.0,58.75
2026-04-08_rep_1,UA972,17:06:00,15.0,17:55:00,18:22:00,B38 A,109.0,40.0,7.09,0.09,27.0,34.18
2026-04-08_rep_1,UA994,15:55:00,-46.0,15:28:00,15:54:00,B40 A,191.0,29.0,15.59,0.09,26.0,41.69
2026-04-08_rep_1,UX1171,17:53:00,-18.0,17:54:00,17:56:00,A52 ,62.0,27.0,6.41,1.71,2.0,10.11
2026-04-08_rep_1,UX1173,01:45:00,-14.0,01:58:00,02:00:00,A57 ,77.0,32.0,7.41,1.74,2.0,11.16
2026-04-08_rep_1,VF65,19:22:00,11.0,19:52:00,19:58:00,B31 A,154.0,26.0,11.15,0.1,6.0,17.25
2026-04-08_rep_1,VY1334,04:31:00,25.0,05:07:00,05:08:00,A47 ,31.0,17.0,2.71,1.56,1.0,5.27
2026-04-08_rep_1,VY2150,03:44:00,-32.0,03:26:00,03:28:00,A47 ,57.0,18.0,5.76,1.9,2.0,9.66
2026-04-08_rep_1,VY3650,01:50:00,3.0,02:13:00,02:17:00,A53 ,78.0,25.0,5.11,1.8,4.0,10.91
2026-04-08_rep_1,VY8980,17:50:00,-22.0,17:43:00,17:44:00,A51 ,8.0,20.0,0.59,1.56,1.0,3.15
2026-04-08_rep_1,VY8982,01:32:00,-9.0,01:37:00,01:53:00,A45 ,29.0,21.0,1.89,1.42,16.0,19.31
2026-04-08_rep_1,VY8984,04:17:00,-13.0,04:13:00,04:15:00,A43 ,39.0,16.0,3.36,1.66,2.0,7.02
2026-04-08_rep_1,VY8986,22:36:00,2.0,22:55:00,22:57:00,A45 ,33.0,23.0,2.48,1.73,2.0,6.2
2026-04-08_rep_1,XR5402,04:07:00,22.0,04:50:00,04:54:00,B5  A,89.0,28.0,6.13,1.45,4.0,11.58
2026-04-08_rep_2,AC832,15:19:00,-34.0,15:01:00,15:30:00,B28 A,86.0,25.0,6.74,0.1,29.0,35.84
2026-04-08_rep_2,AY1541,17:25:00,-21.0,17:22:00,17:25:00,A57 ,28.0,23.0,2.72,2.34,3.0,8.07
2026-04-08_rep_2,AY1545,02:25:00,-1.0,02:38:00,02:42:00,A59 ,67.0,19.0,6.3,1.5,4.0,11.8
2026-04-08_rep_2,AY1549,06:41:00,-25.0,06:31:00,06:33:00,A53 ,29.0,21.0,2.35,1.68,2.0,6.03
2026-04-08_rep_2,AZ148,16:41:00,-20.0,16:31:00,16:33:00,A51 ,1.0,16.0,0.07,1.31,2.0,3.38
2026-04-08_rep_2,AZ154,03:11:00,-2.0,03:19:00,03:21:00,A49 ,34.0,16.0,2.28,1.7,2.0,5.98
2026-04-08_rep_2,AZ156,18:51:00,52.0,20:02:00,20:06:00,A53 ,36.0,25.0,3.58,1.75,4.0,9.33
2026-04-08_rep_2,AZ160,02:03:00,-5.0,02:14:00,02:19:00,A56 ,107.0,19.0,7.83,1.47,5.0,14.31
2026-04-08_rep_2,BA384,17:59:00,-17.0,18:00:00,18:04:00,B29 A,38.0,22.0,2.77,0.1,4.0,6.87
2026-04-08_rep_2,BA386,23:19:00,19.0,00:02:00,00:06:00,B14 A,111.0,28.0,9.4,0.09,4.0,13.5
2026-04-08_rep_2,BA390,04:29:00,-6.0,04:45:00,04:46:00,B30 A,65.0,26.0,4.42,0.12,1.0,5.54
2026-04-08_rep_2,BT601,17:01:00,-15.0,16:58:00,17:01:00,A45 ,13.0,18.0,0.88,1.79,3.0,5.67
2026-04-08_rep_2,BT603,02:54:00,-3.0,03:06:00,03:08:00,A67 ,15.0,19.0,1.19,2.16,2.0,5.35
2026-04-08_rep_2,EI630,17:43:00,-15.0,18:09:00,18:14:00,B31 A,100.0,44.0,7.81,0.09,5.0,12.89
2026-04-08_rep_2,EI638,04:51:00,-21.0,04:49:00,04:55:00,B28 A,121.0,25.0,9.29,0.09,6.0,15.37
2026-04-08_rep_2,EK181,03:35:00,19.0,04:08:00,04:44:00,B31 A,261.0,19.0,17.06,0.11,36.0,53.17
2026-04-08_rep_2,ET750,15:13:00,-9.0,15:25:00,16:03:00,B34 A,384.0,29.0,24.42,0.08,38.0,62.51
2026-04-08_rep_2,EY57,16:05:00,12.0,16:40:00,17:07:00,B5  A,218.0,28.0,14.91,1.31,27.0,43.23
2026-04-08_rep_2,FH8116,23:11:00,5.0,23:27:00,23:28:00,B15 A,30.0,17.0,2.09,0.1,1.0,3.18
2026-04-08_rep_2,GQ800,21:10:00,43.0,22:10:00,22:14:00,A53 ,53.0,22.0,4.33,1.38,4.0,9.71
2026-04-08_rep_2,GQ850,18:06:00,-14.0,18:02:00,18:03:00,A58 ,7.0,26.0,0.63,2.23,1.0,3.85
2026-04-08_rep_2,HV9012,05:46:00,7.0,06:20:00,06:24:00,A59 ,102.0,33.0,7.1,1.68,4.0,12.78
2026-04-08_rep_2,IB597,19:30:00,-7.0,19:42:00,19:43:00,A59 ,95.0,24.0,7.16,1.71,1.0,9.87
2026-04-08_rep_2,IB601,03:05:00,-17.0,03:03:00,03:12:00,A65 ,114.0,20.0,8.0,1.33,9.0,18.33
2026-04-08_rep_2,IB603,07:11:00,-8.0,07:24:00,07:27:00,A47 ,87.0,27.0,6.38,1.41,3.0,10.79
2026-04-08_rep_2,JU272,04:32:00,7.0,04:57:00,04:59:00,B7  A,23.0,25.0,1.81,1.67,2.0,5.48
2026-04-08_rep_2,KM420,03:21:00,0.0,03:40:00,03:48:00,A57 ,116.0,25.0,8.33,1.43,8.0,17.77
2026-04-08_rep_2,LH1004,15:50:00,-13.0,15:49:00,15:50:00,A43 ,20.0,17.0,1.56,1.34,1.0,3.91
2026-04-08_rep_2,LH2282,16:00:00,-10.0,16:03:00,16:04:00,A47 ,3.0,18.0,0.32,1.81,1.0,3.13
2026-04-08_rep_2,LO231,06:41:00,-14.0,06:37:00,06:38:00,A57 ,23.0,16.0,1.43,1.34,1.0,3.77
2026-04-08_rep_2,LO233,02:43:00,5.0,03:07:00,03:09:00,A50 ,70.0,22.0,4.7,1.41,2.0,8.1
2026-04-08_rep_2,LO235,17:33:00,-13.0,17:31:00,17:33:00,A55 ,13.0,19.0,1.14,2.25,2.0,5.39
2026-04-08_rep_2,LO237,20:35:00,-7.0,20:38:00,20:40:00,A47 ,23.0,15.0,1.6,1.72,2.0,5.31
2026-04-08_rep_2,LX780,22:21:00,11.0,22:49:00,22:51:00,A47 ,60.0,23.0,4.39,1.4,2.0,7.79
2026-04-08_rep_2,LX786,16:56:00,-14.0,17:04:00,17:05:00,A43 ,14.0,28.0,1.1,1.47,1.0,3.57
2026-04-08_rep_2,LX788,02:38:00,3.0,02:52:00,02:55:00,A43 ,31.0,14.0,2.73,1.86,3.0,7.59
2026-04-08_rep_2,ME215,18:42:00,7.0,19:08:00,19:11:00,B9  A,136.0,26.0,12.13,1.76,3.0,16.89
2026-04-08_rep_2,NH231,01:42:00,-28.0,01:27:00,01:53:00,B5  A,136.0,20.0,8.94,1.88,26.0,36.83
2026-04-08_rep_2,OS291,17:10:00,-7.0,17:18:00,17:20:00,A47 ,18.0,20.0,1.31,1.57,2.0,4.88
2026-04-08_rep_2,OS295,00:53:00,-9.0,00:53:00,01:00:00,A43 ,45.0,17.0,3.4,1.51,7.0,11.91
2026-04-08_rep_2,OS297,03:15:00,1.0,03:26:00,03:28:00,A45 ,41.0,15.0,3.22,1.9,2.0,7.12
2026-04-08_rep_2,OU4456,03:56:00,6.0,04:19:00,04:20:00,A59 ,21.0,23.0,1.68,1.97,1.0,4.65
2026-04-08_rep_2,OU456,16:47:00,-7.0,16:53:00,16:54:00,A59 ,4.0,20.0,0.27,1.63,1.0,2.9
2026-04-08_rep_2,RO373,02:38:00,26.0,03:25:00,03:26:00,A44 ,21.0,24.0,1.7,1.79,1.0,4.49
2026-04-08_rep_2,SK1589,02:22:00,-8.0,02:29:00,02:33:00,A47 ,93.0,22.0,5.8,1.86,4.0,11.66
2026-04-08_rep_2,SK1593,22:41:00,8.0,22:59:00,23:00:00,A51 ,33.0,16.0,2.5,1.83,1.0,5.33
2026-04-08_rep_2,SK1595,02:35:00,11.0,02:59:00,03:01:00,A51 ,37.0,18.0,2.91,1.86,2.0,6.77
2026-04-08_rep_2,SK4743,18:47:00,-1.0,18:59:00,19:01:00,A43 ,38.0,20.0,2.78,1.93,2.0,6.71
2026-04-08_rep_2,SK4745,04:35:00,-4.0,04:53:00,04:55:00,A57 ,61.0,27.0,4.13,1.39,2.0,7.53
2026-04-08_rep_2,SK593,17:47:00,-11.0,17:52:00,17:53:00,A59 ,15.0,23.0,1.16,1.48,1.0,3.63
2026-04-08_rep_2,SN206,13:26:00,-14.0,13:35:00,14:12:00,B31 A,126.0,29.0,13.08,0.1,37.0,50.19
2026-04-08_rep_2,SN2096,04:05:00,-1.0,04:22:00,04:34:00,B14 A,50.0,23.0,3.58,0.1,12.0,15.67
2026-04-08_rep_2,SN2104,16:59:00,-17.0,17:03:00,17:04:00,B36 A,17.0,25.0,1.28,0.1,1.0,2.38
2026-04-08_rep_2,SN2184,16:33:00,-4.0,16:40:00,16:41:00,B11 A,7.0,14.0,0.48,0.09,1.0,1.57
2026-04-08_rep_2,SN2268,16:28:00,-15.0,16:31:00,16:34:00,A44 ,5.0,21.0,0.37,2.11,3.0,5.48
2026-04-08_rep_2,SN2284,04:08:00,-4.0,04:17:00,04:22:00,A40 ,24.0,16.0,1.69,1.88,5.0,8.57
2026-04-08_rep_2,SN2294,03:54:00,-5.0,04:00:00,04:02:00,A66 ,34.0,15.0,3.08,2.15,2.0,7.23
2026-04-08_rep_2,SN2298,16:49:00,-21.0,16:46:00,16:48:00,A58 ,5.0,22.0,0.55,1.18,2.0,3.73
2026-04-08_rep_2,SN2318,04:03:00,15.0,04:42:00,04:44:00,A44 ,32.0,27.0,2.49,1.8,2.0,6.29
2026-04-08_rep_2,SN2324,16:43:00,-5.0,16:56:00,17:02:00,A42 ,4.0,21.0,0.32,1.16,6.0,7.48
2026-04-08_rep_2,SN2372,01:54:00,-15.0,01:59:00,02:01:00,A52 ,39.0,24.0,3.32,1.35,2.0,6.67
2026-04-08_rep_2,SN2548,04:11:00,4.0,04:34:00,04:37:00,A53 ,58.0,25.0,5.11,2.07,3.0,10.18
2026-04-08_rep_2,SN2582,21:09:00,-5.0,21:18:00,21:19:00,A50 ,32.0,18.0,2.32,1.54,1.0,4.86
2026-04-08_rep_2,SN2588,04:12:00,18.0,05:00:00,05:05:00,A70 ,23.0,32.0,1.73,2.29,5.0,9.02
2026-04-08_rep_2,SN2592,16:26:00,-12.0,16:32:00,16:36:00,A56 ,5.0,24.0,0.41,1.63,4.0,6.04
2026-04-08_rep_2,SN2610,20:48:00,-15.0,20:51:00,20:54:00,A56 ,51.0,21.0,4.89,1.89,3.0,9.78
2026-04-08_rep_2,SN2612,21:43:00,-20.0,21:35:00,21:36:00,A40 ,27.0,15.0,2.07,1.45,1.0,4.52
2026-04-08_rep_2,SN2614,01:33:00,-1.0,01:42:00,01:44:00,A46 ,32.0,13.0,2.32,1.75,2.0,6.07
2026-04-08_rep_2,SN2618,06:43:00,-3.0,06:55:00,06:57:00,A56 ,50.0,23.0,3.94,1.66,2.0,7.6
2026-04-08_rep_2,SN2624,20:53:00,4.0,21:06:00,21:07:00,A52 ,7.0,12.0,0.67,1.55,1.0,3.22
2026-04-08_rep_2,SN2630,16:19:00,-12.0,16:29:00,16:30:00,A52 ,7.0,26.0,0.59,1.66,1.0,3.25
2026-04-08_rep_2,SN2644,21:13:00,5.0,21:27:00,21:29:00,A44 ,33.0,12.0,3.59,1.48,2.0,7.07
2026-04-08_rep_2,SN2646,00:18:00,-6.0,00:22:00,00:24:00,A54 ,21.0,13.0,2.01,1.9,2.0,5.91
2026-04-08_rep_2,SN2650,03:59:00,-3.0,04:15:00,04:22:00,A51 ,76.0,23.0,8.28,1.67,7.0,16.96
2026-04-08_rep_2,SN2652,07:16:00,-18.0,07:08:00,07:09:00,A51 ,20.0,16.0,1.59,1.8,1.0,4.39
2026-04-08_rep_2,SN2714,20:47:00,-9.0,20:50:00,20:52:00,A48 ,53.0,14.0,4.12,2.07,2.0,8.2
2026-04-08_rep_2,SN2722,02:33:00,-8.0,02:43:00,02:46:00,A58 ,58.0,21.0,5.27,1.86,3.0,10.13
2026-04-08_rep_2,SN2730,18:23:00,-6.0,18:43:00,18:47:00,A42 ,85.0,34.0,6.35,1.41,4.0,11.76
2026-04-08_rep_2,SN2732,05:38:00,-12.0,05:42:00,05:44:00,A62 ,41.0,24.0,2.74,1.62,2.0,6.36
2026-04-08_rep_2,SN2810,21:23:00,2.0,21:39:00,21:41:00,A54 ,32.0,17.0,2.38,1.44,2.0,5.82
2026-04-08_rep_2,SN2812,04:19:00,-12.0,04:27:00,04:29:00,A65 ,29.0,24.0,1.88,1.73,2.0,5.62
2026-04-08_rep_2,SN2816,16:23:00,-19.0,16:19:00,16:20:00,A48 ,6.0,18.0,0.43,1.9,1.0,3.33
2026-04-08_rep_2,SN2826,04:08:00,0.0,04:34:00,04:41:00,A52 ,56.0,29.0,4.95,1.26,7.0,13.21
2026-04-08_rep_2,SN2902,19:08:00,-8.0,19:12:00,19:14:00,A44 ,29.0,15.0,2.32,1.77,2.0,6.08
2026-04-08_rep_2,SN2906,03:58:00,-14.0,03:55:00,03:58:00,A42 ,46.0,14.0,3.49,1.87,3.0,8.37
2026-04-08_rep_2,SN3126,02:59:00,-5.0,03:09:00,03:16:00,A63 ,68.0,19.0,4.95,1.82,7.0,13.77
2026-04-08_rep_2,SN3146,19:07:00,-19.0,19:05:00,19:07:00,A54 ,19.0,24.0,1.13,1.94,2.0,5.07
2026-04-08_rep_2,SN3148,22:49:00,5.0,23:05:00,23:08:00,A48 ,37.0,15.0,2.7,1.49,3.0,7.18
2026-04-08_rep_2,SN3150,04:26:00,-7.0,04:40:00,04:41:00,A45 ,40.0,27.0,3.27,1.5,1.0,5.76
2026-04-08_rep_2,SN3160,07:18:00,-14.0,07:23:00,07:25:00,A64 ,15.0,22.0,1.76,1.73,2.0,5.49
2026-04-08_rep_2,SN3170,23:25:00,-8.0,23:39:00,23:43:00,A52 ,109.0,27.0,8.28,1.18,4.0,13.46
2026-04-08_rep_2,SN3176,20:29:00,51.0,21:33:00,21:34:00,A42 ,90.0,17.0,8.58,2.06,1.0,11.64
2026-04-08_rep_2,SN3182,04:25:00,14.0,05:03:00,05:09:00,A49 ,110.0,29.0,9.32,1.65,6.0,16.96
2026-04-08_rep_2,SN3184,07:20:00,9.0,07:55:00,07:58:00,A44 ,87.0,31.0,7.92,2.3,3.0,13.22
2026-04-08_rep_2,SN319,13:05:00,0.0,13:23:00,13:46:00,B38 A,66.0,23.0,4.89,0.09,23.0,27.98
2026-04-08_rep_2,SN3202,22:24:00,-13.0,22:41:00,22:43:00,A57 ,70.0,34.0,6.7,1.52,2.0,10.23
2026-04-08_rep_2,SN3334,10:10:00,16.0,10:41:00,10:57:00,B9  A,93.0,20.0,6.08,1.39,16.0,23.48
2026-04-08_rep_2,SN3344,04:19:00,5.0,04:47:00,04:48:00,A50 ,31.0,27.0,2.24,1.99,1.0,5.23
2026-04-08_rep_2,SN3588,22:38:00,32.0,23:23:00,23:24:00,A56 ,12.0,16.0,1.12,1.42,1.0,3.54
2026-04-08_rep_2,SN3594,16:35:00,-3.0,16:50:00,16:58:00,A49 ,4.0,23.0,0.34,2.31,8.0,10.65
2026-04-08_rep_2,SN3598,23:19:00,-13.0,23:26:00,23:27:00,A58 ,26.0,24.0,2.04,1.72,1.0,4.76
2026-04-08_rep_2,SN3604,16:29:00,-12.0,16:41:00,16:42:00,A54 ,6.0,28.0,0.43,1.69,1.0,3.13
2026-04-08_rep_2,SN3618,23:33:00,17.0,00:06:00,00:09:00,A50 ,75.0,19.0,5.67,1.74,3.0,10.41
2026-04-08_rep_2,SN3632,17:34:00,-19.0,17:52:00,17:54:00,A60 ,5.0,41.0,0.37,1.81,2.0,4.18
2026-04-08_rep_2,SN3634,18:58:00,25.0,19:54:00,19:56:00,A58 ,8.0,34.0,0.65,1.65,2.0,4.3
2026-04-08_rep_2,SN3668,21:54:00,-14.0,22:05:00,22:07:00,A63 ,20.0,29.0,1.54,1.93,2.0,5.47
2026-04-08_rep_2,SN3676,16:38:00,-4.0,16:51:00,16:52:00,A50 ,12.0,20.0,0.88,1.84,1.0,3.72
2026-04-08_rep_2,SN3698,22:34:00,26.0,23:21:00,23:23:00,A49 ,48.0,25.0,4.7,1.68,2.0,8.38
2026-04-08_rep_2,SN3704,01:21:00,3.0,01:46:00,01:48:00,A55 ,59.0,28.0,5.32,1.93,2.0,9.24
2026-04-08_rep_2,SN3706,07:30:00,2.0,09:01:00,09:04:00,A52 ,49.0,94.0,4.04,1.62,3.0,8.67
2026-04-08_rep_2,SN3708,15:46:00,-16.0,15:48:00,15:50:00,A53 ,6.0,24.0,0.44,1.84,2.0,4.28
2026-04-08_rep_2,SN3712,02:43:00,-1.0,03:14:00,03:16:00,A68 ,76.0,35.0,4.96,1.69,2.0,8.65
2026-04-08_rep_2,SN3722,22:58:00,41.0,00:06:00,00:09:00,A46 ,66.0,30.0,5.07,2.55,3.0,10.62
2026-04-08_rep_2,SN3728,03:58:00,-12.0,04:10:00,04:14:00,A58 ,38.0,27.0,4.45,2.14,4.0,10.59
2026-04-08_rep_2,SN3732,16:42:00,-6.0,17:00:00,17:01:00,A46 ,20.0,31.0,1.45,1.76,1.0,4.21
2026-04-08_rep_2,SN3734,20:53:00,-3.0,21:20:00,21:22:00,A46 ,72.0,33.0,6.15,1.58,2.0,9.74
2026-04-08_rep_2,SN3736,02:29:00,8.0,03:00:00,03:07:00,A40 ,113.0,27.0,9.0,1.59,7.0,17.59
2026-04-08_rep_2,SN3738,07:14:00,-11.0,07:29:00,07:32:00,A66 ,92.0,30.0,7.6,1.56,3.0,12.16
2026-04-08_rep_2,SN3752,07:14:00,4.0,07:40:00,07:43:00,A40 ,54.0,26.0,3.24,1.45,3.0,7.69
2026-04-08_rep_2,SN3772,19:38:00,-8.0,19:56:00,20:01:00,A40 ,39.0,29.0,3.62,1.92,5.0,10.54
2026-04-08_rep_2,SN3774,06:20:00,40.0,07:23:00,07:25:00,A50 ,66.0,28.0,7.0,1.52,2.0,10.52
2026-04-08_rep_2,SN3782,00:43:00,-21.0,00:47:00,00:50:00,A40 ,77.0,28.0,8.11,1.36,3.0,12.47
2026-04-08_rep_2,SN3788,09:10:00,-68.0,08:29:00,08:36:00,A60 ,124.0,92.0,8.46,1.74,7.0,17.2
2026-04-08_rep_2,SN379,13:10:00,19.0,13:54:00,14:34:00,B40 A,67.0,30.0,4.68,0.07,40.0,44.75
2026-04-08_rep_2,SN3802,00:03:00,-8.0,00:20:00,00:25:00,A44 ,64.0,28.0,5.12,1.55,5.0,11.66
2026-04-08_rep_2,SN3804,02:34:00,-13.0,02:47:00,02:48:00,A64 ,58.0,30.0,5.24,1.64,1.0,7.87
2026-04-08_rep_2,SN3810,04:15:00,1.0,04:43:00,04:45:00,A46 ,61.0,32.0,4.94,2.04,2.0,8.98
2026-04-08_rep_2,SN3812,00:20:00,-8.0,00:36:00,00:39:00,A47 ,47.0,29.0,3.29,1.17,3.0,7.46
2026-04-08_rep_2,SN3816,23:44:00,4.0,00:14:00,00:17:00,A42 ,49.0,30.0,3.95,1.73,3.0,8.68
2026-04-08_rep_2,SN3820,08:45:00,18.0,09:29:00,09:32:00,A65 ,77.0,91.0,6.51,1.53,3.0,11.05
2026-04-08_rep_2,SN502,15:45:00,-46.0,15:14:00,15:43:00,B30 A,65.0,20.0,4.43,0.09,29.0,33.52
2026-04-08_rep_2,SN516,15:30:00,-21.0,15:31:00,16:01:00,B37 A,41.0,27.0,2.86,0.09,30.0,32.95
2026-04-08_rep_2,TB1012,20:34:00,14.0,21:04:00,21:07:00,A60 ,81.0,20.0,6.03,1.36,3.0,10.39
2026-04-08_rep_2,TB1552,07:15:00,-7.0,07:38:00,07:45:00,A61 ,152.0,35.0,11.89,1.97,7.0,20.85
2026-04-08_rep_2,TB1754,06:32:00,1.0,07:00:00,07:08:00,A43 ,140.0,34.0,10.22,2.03,8.0,20.25
2026-04-08_rep_2,TB2502,22:35:00,22.0,23:18:00,23:23:00,B7  A,115.0,26.0,8.92,2.1,5.0,16.02
2026-04-08_rep_2,TB2534,07:24:00,1.0,07:40:00,07:46:00,B30 A,146.0,19.0,12.81,0.1,6.0,18.92
2026-04-08_rep_2,TB2582,23:35:00,-14.0,23:44:00,23:50:00,B27 A,142.0,28.0,13.74,0.09,6.0,19.83
2026-04-08_rep_2,TB2634,05:24:00,151.0,09:22:00,09:31:00,B11 A,198.0,91.0,18.32,0.09,9.0,27.41
2026-04-08_rep_2,TB2752,02:31:00,4.0,02:48:00,02:51:00,B7  A,70.0,19.0,4.47,1.4,3.0,8.88
2026-04-08_rep_2,TB3012,09:05:00,12.0,09:32:00,09:42:00,B29 A,176.0,20.0,11.57,0.14,10.0,21.72
2026-04-08_rep_2,TG934,15:20:00,6.0,16:04:00,16:38:00,B31 A,260.0,43.0,19.99,0.11,34.0,54.1
2026-04-08_rep_2,TK1937,18:16:00,9.0,18:38:00,18:50:00,B30 A,158.0,19.0,10.14,0.09,12.0,22.23
2026-04-08_rep_2,TK1939,01:56:00,3.0,02:13:00,02:25:00,B28 A,146.0,20.0,10.08,0.09,12.0,22.18
2026-04-08_rep_2,TK1941,05:30:00,-2.0,05:42:00,05:53:00,B40 A,201.0,19.0,17.79,0.09,11.0,28.88
2026-04-08_rep_2,TK1943,21:31:00,7.0,21:56:00,22:13:00,B32 A,97.0,24.0,7.52,0.1,17.0,24.62
2026-04-08_rep_2,TP640,19:06:00,-6.0,19:19:00,19:24:00,A51 ,67.0,25.0,5.39,1.52,5.0,11.91
2026-04-08_rep_2,TP642,23:09:00,10.0,23:33:00,23:47:00,A65 ,88.0,18.0,7.76,1.75,14.0,23.51
2026-04-08_rep_2,TP644,04:09:00,-11.0,04:11:00,04:18:00,A67 ,87.0,17.0,6.94,2.51,7.0,16.45
2026-04-08_rep_2,TP646,08:01:00,89.0,09:51:00,09:56:00,A59 ,107.0,27.0,6.9,1.9,5.0,13.8
2026-04-08_rep_2,TU954,19:30:00,-3.0,19:43:00,19:47:00,B29 A,87.0,21.0,6.91,0.1,4.0,11.01
2026-04-08_rep_2,UA950,15:21:00,-36.0,15:03:00,15:50:00,B11 A,149.0,24.0,12.13,0.11,47.0,59.24
2026-04-08_rep_2,UA972,17:06:00,15.0,17:55:00,18:22:00,B38 A,109.0,40.0,9.3,0.1,27.0,36.4
2026-04-08_rep_2,UA994,15:55:00,-46.0,15:28:00,15:54:00,B40 A,191.0,29.0,15.88,0.09,26.0,41.98
2026-04-08_rep_2,UX1171,17:53:00,-18.0,17:54:00,17:56:00,A52 ,62.0,27.0,4.67,1.54,2.0,8.21
2026-04-08_rep_2,UX1173,01:45:00,-14.0,01:58:00,02:00:00,A57 ,77.0,32.0,6.65,1.42,2.0,10.07
2026-04-08_rep_2,VF65,19:22:00,11.0,19:52:00,19:58:00,B31 A,154.0,26.0,12.32,0.11,6.0,18.43
2026-04-08_rep_2,VY1334,04:31:00,25.0,05:07:00,05:08:00,A47 ,31.0,17.0,2.53,1.55,1.0,5.09
2026-04-08_rep_2,VY2150,03:44:00,-32.0,03:26:00,03:28:00,A47 ,57.0,18.0,5.05,1.4,2.0,8.45
2026-04-08_rep_2,VY3650,01:50:00,3.0,02:13:00,02:17:00,A53 ,78.0,25.0,6.51,1.75,4.0,12.26
2026-04-08_rep_2,VY8980,17:50:00,-22.0,17:43:00,17:44:00,A51 ,8.0,20.0,0.79,1.98,1.0,3.78
2026-04-08_rep_2,VY8982,01:32:00,-9.0,01:37:00,01:53:00,A45 ,29.0,21.0,2.19,1.62,16.0,19.81
2026-04-08_rep_2,VY8984,04:17:00,-13.0,04:13:00,04:15:00,A43 ,39.0,16.0,3.12,1.79,2.0,6.91
2026-04-08_rep_2,VY8986,22:36:00,2.0,22:55:00,22:57:00,A45 ,33.0,23.0,3.13,1.38,2.0,6.52
2026-04-08_rep_2,XR5402,04:07:00,22.0,04:50:00,04:54:00,B5  A,89.0,28.0,6.27,1.5,4.0,11.77
2026-04-08_rep_3,AC832,15:19:00,-34.0,15:01:00,15:30:00,B28 A,86.0,25.0,5.98,0.12,29.0,35.1
2026-04-08_rep_3,AY1541,17:25:00,-21.0,17:22:00,17:25:00,A57 ,28.0,23.0,1.94,1.57,3.0,6.51
2026-04-08_rep_3,AY1545,02:25:00,-1.0,02:38:00,02:42:00,A59 ,67.0,19.0,7.14,1.61,4.0,12.75
2026-04-08_rep_3,AY1549,06:41:00,-25.0,06:31:00,06:33:00,A53 ,29.0,21.0,2.28,1.8,2.0,6.08
2026-04-08_rep_3,AZ148,16:41:00,-20.0,16:31:00,16:33:00,A51 ,1.0,16.0,0.11,1.51,2.0,3.62
2026-04-08_rep_3,AZ154,03:11:00,-2.0,03:19:00,03:21:00,A49 ,34.0,16.0,3.62,1.7,2.0,7.32
2026-04-08_rep_3,AZ156,18:51:00,52.0,20:02:00,20:06:00,A53 ,36.0,25.0,3.3,1.84,4.0,9.14
2026-04-08_rep_3,AZ160,02:03:00,-5.0,02:14:00,02:19:00,A56 ,107.0,19.0,8.52,1.41,5.0,14.93
2026-04-08_rep_3,BA384,17:59:00,-17.0,18:00:00,18:04:00,B29 A,38.0,22.0,3.2,0.1,4.0,7.3
2026-04-08_rep_3,BA386,23:19:00,19.0,00:02:00,00:06:00,B14 A,111.0,28.0,8.44,0.12,4.0,12.55
2026-04-08_rep_3,BA390,04:29:00,-6.0,04:45:00,04:46:00,B30 A,65.0,26.0,5.15,0.08,1.0,6.23
2026-04-08_rep_3,BT601,17:01:00,-15.0,16:58:00,17:01:00,A45 ,13.0,18.0,1.15,1.37,3.0,5.52
2026-04-08_rep_3,BT603,02:54:00,-3.0,03:06:00,03:08:00,A67 ,15.0,19.0,1.04,1.09,2.0,4.14
2026-04-08_rep_3,EI630,17:43:00,-15.0,18:09:00,18:14:00,B31 A,100.0,44.0,9.61,0.09,5.0,14.7
2026-04-08_rep_3,EI638,04:51:00,-21.0,04:49:00,04:55:00,B28 A,121.0,25.0,8.51,0.11,6.0,14.62
2026-04-08_rep_3,EK181,03:35:00,19.0,04:08:00,04:44:00,B31 A,261.0,19.0,17.13,0.1,36.0,53.23
2026-04-08_rep_3,ET750,15:13:00,-9.0,15:25:00,16:03:00,B34 A,384.0,29.0,27.93,0.11,38.0,66.04
2026-04-08_rep_3,EY57,16:05:00,12.0,16:40:00,17:07:00,B5  A,218.0,28.0,23.42,1.73,27.0,52.15
2026-04-08_rep_3,FH8116,23:11:00,5.0,23:27:00,23:28:00,B15 A,30.0,17.0,2.03,0.13,1.0,3.16
2026-04-08_rep_3,GQ800,21:10:00,43.0,22:10:00,22:14:00,A53 ,53.0,22.0,3.76,1.12,4.0,8.87
2026-04-08_rep_3,GQ850,18:06:00,-14.0,18:02:00,18:03:00,A58 ,7.0,26.0,0.52,1.86,1.0,3.38
2026-04-08_rep_3,HV9012,05:46:00,7.0,06:20:00,06:24:00,A59 ,102.0,33.0,9.44,1.75,4.0,15.19
2026-04-08_rep_3,IB597,19:30:00,-7.0,19:42:00,19:43:00,A59 ,95.0,24.0,6.91,1.89,1.0,9.81
2026-04-08_rep_3,IB601,03:05:00,-17.0,03:03:00,03:12:00,A65 ,114.0,20.0,10.69,1.72,9.0,21.41
2026-04-08_rep_3,IB603,07:11:00,-8.0,07:24:00,07:27:00,A47 ,87.0,27.0,6.08,1.6,3.0,10.68
2026-04-08_rep_3,JU272,04:32:00,7.0,04:57:00,04:59:00,B7  A,23.0,25.0,2.33,1.75,2.0,6.08
2026-04-08_rep_3,KM420,03:21:00,0.0,03:40:00,03:48:00,A57 ,116.0,25.0,10.6,1.94,8.0,20.54
2026-04-08_rep_3,LH1004,15:50:00,-13.0,15:49:00,15:50:00,A43 ,20.0,17.0,1.42,1.67,1.0,4.08
2026-04-08_rep_3,LH2282,16:00:00,-10.0,16:03:00,16:04:00,A47 ,3.0,18.0,0.22,1.14,1.0,2.35
2026-04-08_rep_3,LO231,06:41:00,-14.0,06:37:00,06:38:00,A57 ,23.0,16.0,1.79,2.09,1.0,4.88
2026-04-08_rep_3,LO233,02:43:00,5.0,03:07:00,03:09:00,A50 ,70.0,22.0,5.06,1.69,2.0,8.75
2026-04-08_rep_3,LO235,17:33:00,-13.0,17:31:00,17:33:00,A55 ,13.0,19.0,1.36,1.93,2.0,5.29
2026-04-08_rep_3,LO237,20:35:00,-7.0,20:38:00,20:40:00,A47 ,23.0,15.0,2.02,1.66,2.0,5.68
2026-04-08_rep_3,LX780,22:21:00,11.0,22:49:00,22:51:00,A47 ,60.0,23.0,4.52,1.49,2.0,8.01
2026-04-08_rep_3,LX786,16:56:00,-14.0,17:04:00,17:05:00,A43 ,14.0,28.0,0.93,1.53,1.0,3.47
2026-04-08_rep_3,LX788,02:38:00,3.0,02:52:00,02:55:00,A43 ,31.0,14.0,2.1,1.92,3.0,7.02
2026-04-08_rep_3,ME215,18:42:00,7.0,19:08:00,19:11:00,B9  A,136.0,26.0,11.85,1.36,3.0,16.21
2026-04-08_rep_3,NH231,01:42:00,-28.0,01:27:00,01:53:00,B5  A,136.0,20.0,11.54,1.73,26.0,39.28
2026-04-08_rep_3,OS291,17:10:00,-7.0,17:18:00,17:20:00,A47 ,18.0,20.0,1.52,1.7,2.0,5.21
2026-04-08_rep_3,OS295,00:53:00,-9.0,00:53:00,01:00:00,A43 ,45.0,17.0,3.57,2.28,7.0,12.86
2026-04-08_rep_3,OS297,03:15:00,1.0,03:26:00,03:28:00,A45 ,41.0,15.0,2.93,2.05,2.0,6.98
2026-04-08_rep_3,OU4456,03:56:00,6.0,04:19:00,04:20:00,A59 ,21.0,23.0,1.33,1.72,1.0,4.05
2026-04-08_rep_3,OU456,16:47:00,-7.0,16:53:00,16:54:00,A59 ,4.0,20.0,0.34,1.62,1.0,2.96
2026-04-08_rep_3,RO373,02:38:00,26.0,03:25:00,03:26:00,A44 ,21.0,24.0,1.36,1.27,1.0,3.64
2026-04-08_rep_3,SK1589,02:22:00,-8.0,02:29:00,02:33:00,A47 ,93.0,22.0,6.64,1.85,4.0,12.49
2026-04-08_rep_3,SK1593,22:41:00,8.0,22:59:00,23:00:00,A51 ,33.0,16.0,2.28,1.12,1.0,4.4
2026-04-08_rep_3,SK1595,02:35:00,11.0,02:59:00,03:01:00,A51 ,37.0,18.0,3.36,1.27,2.0,6.63
2026-04-08_rep_3,SK4743,18:47:00,-1.0,18:59:00,19:01:00,A43 ,38.0,20.0,3.26,1.42,2.0,6.68
2026-04-08_rep_3,SK4745,04:35:00,-4.0,04:53:00,04:55:00,A57 ,61.0,27.0,5.5,1.78,2.0,9.27
2026-04-08_rep_3,SK593,17:47:00,-11.0,17:52:00,17:53:00,A59 ,15.0,23.0,1.02,1.64,1.0,3.65
2026-04-08_rep_3,SN206,13:26:00,-14.0,13:35:00,14:12:00,B31 A,126.0,29.0,8.45,0.12,37.0,45.57
2026-04-08_rep_3,SN2096,04:05:00,-1.0,04:22:00,04:34:00,B14 A,50.0,23.0,4.2,0.1,12.0,16.3
2026-04-08_rep_3,SN2104,16:59:00,-17.0,17:03:00,17:04:00,B36 A,17.0,25.0,1.34,0.09,1.0,2.43
2026-04-08_rep_3,SN2184,16:33:00,-4.0,16:40:00,16:41:00,B11 A,7.0,14.0,0.53,0.12,1.0,1.65
2026-04-08_rep_3,SN2268,16:28:00,-15.0,16:31:00,16:34:00,A44 ,5.0,21.0,0.42,2.5,3.0,5.92
2026-04-08_rep_3,SN2284,04:08:00,-4.0,04:17:00,04:22:00,A40 ,24.0,16.0,2.17,1.27,5.0,8.44
2026-04-08_rep_3,SN2294,03:54:00,-5.0,04:00:00,04:02:00,A66 ,34.0,15.0,3.07,1.53,2.0,6.59
2026-04-08_rep_3,SN2298,16:49:00,-21.0,16:46:00,16:48:00,A58 ,5.0,22.0,0.39,1.29,2.0,3.68
2026-04-08_rep_3,SN2318,04:03:00,15.0,04:42:00,04:44:00,A44 ,32.0,27.0,2.02,1.67,2.0,5.69
2026-04-08_rep_3,SN2324,16:43:00,-5.0,16:56:00,17:02:00,A42 ,4.0,21.0,0.36,1.4,6.0,7.76
2026-04-08_rep_3,SN2372,01:54:00,-15.0,01:59:00,02:01:00,A52 ,39.0,24.0,3.03,1.95,2.0,6.98
2026-04-08_rep_3,SN2548,04:11:00,4.0,04:34:00,04:37:00,A53 ,58.0,25.0,5.06,1.55,3.0,9.61
2026-04-08_rep_3,SN2582,21:09:00,-5.0,21:18:00,21:19:00,A50 ,32.0,18.0,3.03,2.18,1.0,6.21
2026-04-08_rep_3,SN2588,04:12:00,18.0,05:00:00,05:05:00,A70 ,23.0,32.0,1.68,1.87,5.0,8.56
2026-04-08_rep_3,SN2592,16:26:00,-12.0,16:32:00,16:36:00,A56 ,5.0,24.0,0.38,1.39,4.0,5.77
2026-04-08_rep_3,SN2610,20:48:00,-15.0,20:51:00,20:54:00,A56 ,51.0,21.0,4.01,1.36,3.0,8.37
2026-04-08_rep_3,SN2612,21:43:00,-20.0,21:35:00,21:36:00,A40 ,27.0,15.0,2.99,2.26,1.0,6.25
2026-04-08_rep_3,SN2614,01:33:00,-1.0,01:42:00,01:44:00,A46 ,32.0,13.0,2.74,1.73,2.0,6.48
2026-04-08_rep_3,SN2618,06:43:00,-3.0,06:55:00,06:57:00,A56 ,50.0,23.0,4.41,1.85,2.0,8.26
2026-04-08_rep_3,SN2624,20:53:00,4.0,21:06:00,21:07:00,A52 ,7.0,12.0,0.5,1.61,1.0,3.1
2026-04-08_rep_3,SN2630,16:19:00,-12.0,16:29:00,16:30:00,A52 ,7.0,26.0,0.64,1.27,1.0,2.91
2026-04-08_rep_3,SN2644,21:13:00,5.0,21:27:00,21:29:00,A44 ,33.0,12.0,2.84,1.47,2.0,6.31
2026-04-08_rep_3,SN2646,00:18:00,-6.0,00:22:00,00:24:00,A54 ,21.0,13.0,1.78,1.57,2.0,5.35
2026-04-08_rep_3,SN2650,03:59:00,-3.0,04:15:00,04:22:00,A51 ,76.0,23.0,5.5,1.95,7.0,14.45
2026-04-08_rep_3,SN2652,07:16:00,-18.0,07:08:00,07:09:00,A51 ,20.0,16.0,1.82,1.45,1.0,4.27
2026-04-08_rep_3,SN2714,20:47:00,-9.0,20:50:00,20:52:00,A48 ,53.0,14.0,5.24,1.66,2.0,8.9
2026-04-08_rep_3,SN2722,02:33:00,-8.0,02:43:00,02:46:00,A58 ,58.0,21.0,4.82,1.45,3.0,9.27
2026-04-08_rep_3,SN2730,18:23:00,-6.0,18:43:00,18:47:00,A42 ,85.0,34.0,6.34,1.33,4.0,11.67
2026-04-08_rep_3,SN2732,05:38:00,-12.0,05:42:00,05:44:00,A62 ,41.0,24.0,3.49,1.76,2.0,7.25
2026-04-08_rep_3,SN2810,21:23:00,2.0,21:39:00,21:41:00,A54 ,32.0,17.0,2.15,1.43,2.0,5.58
2026-04-08_rep_3,SN2812,04:19:00,-12.0,04:27:00,04:29:00,A65 ,29.0,24.0,2.52,2.27,2.0,6.79
2026-04-08_rep_3,SN2816,16:23:00,-19.0,16:19:00,16:20:00,A48 ,6.0,18.0,0.41,1.64,1.0,3.06
2026-04-08_rep_3,SN2826,04:08:00,0.0,04:34:00,04:41:00,A52 ,56.0,29.0,6.28,1.34,7.0,14.62
2026-04-08_rep_3,SN2902,19:08:00,-8.0,19:12:00,19:14:00,A44 ,29.0,15.0,1.97,1.41,2.0,5.38
2026-04-08_rep_3,SN2906,03:58:00,-14.0,03:55:00,03:58:00,A42 ,46.0,14.0,3.18,1.61,3.0,7.79
2026-04-08_rep_3,SN3126,02:59:00,-5.0,03:09:00,03:16:00,A63 ,68.0,19.0,5.21,1.47,7.0,13.68
2026-04-08_rep_3,SN3146,19:07:00,-19.0,19:05:00,19:07:00,A54 ,19.0,24.0,2.14,1.5,2.0,5.64
2026-04-08_rep_3,SN3148,22:49:00,5.0,23:05:00,23:08:00,A48 ,37.0,15.0,2.67,1.53,3.0,7.21
2026-04-08_rep_3,SN3150,04:26:00,-7.0,04:40:00,04:41:00,A45 ,40.0,27.0,2.62,1.96,1.0,5.58
2026-04-08_rep_3,SN3160,07:18:00,-14.0,07:23:00,07:25:00,A64 ,15.0,22.0,1.15,1.26,2.0,4.41
2026-04-08_rep_3,SN3170,23:25:00,-8.0,23:39:00,23:43:00,A52 ,109.0,27.0,7.37,1.37,4.0,12.75
2026-04-08_rep_3,SN3176,20:29:00,51.0,21:33:00,21:34:00,A42 ,90.0,17.0,6.26,1.65,1.0,8.91
2026-04-08_rep_3,SN3182,04:25:00,14.0,05:03:00,05:09:00,A49 ,110.0,29.0,7.16,1.64,6.0,14.8
2026-04-08_rep_3,SN3184,07:20:00,9.0,07:55:00,07:58:00,A44 ,87.0,31.0,6.31,1.66,3.0,10.96
2026-04-08_rep_3,SN319,13:05:00,0.0,13:23:00,13:46:00,B38 A,66.0,23.0,5.57,0.09,23.0,28.66
2026-04-08_rep_3,SN3202,22:24:00,-13.0,22:41:00,22:43:00,A57 ,70.0,34.0,5.6,1.64,2.0,9.24
2026-04-08_rep_3,SN3334,10:10:00,16.0,10:41:00,10:57:00,B9  A,93.0,20.0,7.0,2.08,16.0,25.07
2026-04-08_rep_3,SN3344,04:19:00,5.0,04:47:00,04:48:00,A50 ,31.0,27.0,2.75,1.9,1.0,5.65
2026-04-08_rep_3,SN3588,22:38:00,32.0,23:23:00,23:24:00,A56 ,12.0,16.0,0.79,1.59,1.0,3.39
2026-04-08_rep_3,SN3594,16:35:00,-3.0,16:50:00,16:58:00,A49 ,4.0,23.0,0.33,1.85,8.0,10.17
2026-04-08_rep_3,SN3598,23:19:00,-13.0,23:26:00,23:27:00,A58 ,26.0,24.0,2.18,1.46,1.0,4.64
2026-04-08_rep_3,SN3604,16:29:00,-12.0,16:41:00,16:42:00,A54 ,6.0,28.0,0.56,1.55,1.0,3.11
2026-04-08_rep_3,SN3618,23:33:00,17.0,00:06:00,00:09:00,A50 ,75.0,19.0,6.75,2.1,3.0,11.85
2026-04-08_rep_3,SN3632,17:34:00,-19.0,17:52:00,17:54:00,A60 ,5.0,41.0,0.37,2.83,2.0,5.19
2026-04-08_rep_3,SN3634,18:58:00,25.0,19:54:00,19:56:00,A58 ,8.0,34.0,0.54,1.61,2.0,4.14
2026-04-08_rep_3,SN3668,21:54:00,-14.0,22:05:00,22:07:00,A63 ,20.0,29.0,1.47,1.94,2.0,5.41
2026-04-08_rep_3,SN3676,16:38:00,-4.0,16:51:00,16:52:00,A50 ,12.0,20.0,1.16,1.59,1.0,3.75
2026-04-08_rep_3,SN3698,22:34:00,26.0,23:21:00,23:23:00,A49 ,48.0,25.0,4.56,1.84,2.0,8.4
2026-04-08_rep_3,SN3704,01:21:00,3.0,01:46:00,01:48:00,A55 ,59.0,28.0,4.06,2.05,2.0,8.12
2026-04-08_rep_3,SN3706,07:30:00,2.0,09:01:00,09:04:00,A52 ,49.0,94.0,4.04,1.83,3.0,8.88
2026-04-08_rep_3,SN3708,15:46:00,-16.0,15:48:00,15:50:00,A53 ,6.0,24.0,0.45,1.6,2.0,4.04
2026-04-08_rep_3,SN3712,02:43:00,-1.0,03:14:00,03:16:00,A68 ,76.0,35.0,6.39,1.78,2.0,10.16
2026-04-08_rep_3,SN3722,22:58:00,41.0,00:06:00,00:09:00,A46 ,66.0,30.0,7.56,1.5,3.0,12.06
2026-04-08_rep_3,SN3728,03:58:00,-12.0,04:10:00,04:14:00,A58 ,38.0,27.0,2.57,1.88,4.0,8.45
2026-04-08_rep_3,SN3732,16:42:00,-6.0,17:00:00,17:01:00,A46 ,20.0,31.0,1.57,1.8,1.0,4.37
2026-04-08_rep_3,SN3734,20:53:00,-3.0,21:20:00,21:22:00,A46 ,72.0,33.0,6.95,1.72,2.0,10.66
2026-04-08_rep_3,SN3736,02:29:00,8.0,03:00:00,03:07:00,A40 ,113.0,27.0,7.73,1.79,7.0,16.52
2026-04-08_rep_3,SN3738,07:14:00,-11.0,07:29:00,07:32:00,A66 ,92.0,30.0,6.02,1.44,3.0,10.46
2026-04-08_rep_3,SN3752,07:14:00,4.0,07:40:00,07:43:00,A40 ,54.0,26.0,3.81,1.46,3.0,8.27
2026-04-08_rep_3,SN3772,19:38:00,-8.0,19:56:00,20:01:00,A40 ,39.0,29.0,3.52,1.7,5.0,10.22
2026-04-08_rep_3,SN3774,06:20:00,40.0,07:23:00,07:25:00,A50 ,66.0,28.0,4.54,1.68,2.0,8.22
2026-04-08_rep_3,SN3782,00:43:00,-21.0,00:47:00,00:50:00,A40 ,77.0,28.0,5.55,1.78,3.0,10.34
2026-04-08_rep_3,SN3788,09:10:00,-68.0,08:29:00,08:36:00,A60 ,124.0,92.0,8.78,1.36,7.0,17.13
2026-04-08_rep_3,SN379,13:10:00,19.0,13:54:00,14:34:00,B40 A,67.0,30.0,5.42,0.08,40.0,45.49
2026-04-08_rep_3,SN3802,00:03:00,-8.0,00:20:00,00:25:00,A44 ,64.0,28.0,7.44,1.59,5.0,14.03
2026-04-08_rep_3,SN3804,02:34:00,-13.0,02:47:00,02:48:00,A64 ,58.0,30.0,3.66,1.7,1.0,6.36
2026-04-08_rep_3,SN3810,04:15:00,1.0,04:43:00,04:45:00,A46 ,61.0,32.0,5.29,2.26,2.0,9.56
2026-04-08_rep_3,SN3812,00:20:00,-8.0,00:36:00,00:39:00,A47 ,47.0,29.0,3.94,1.81,3.0,8.75
2026-04-08_rep_3,SN3816,23:44:00,4.0,00:14:00,00:17:00,A42 ,49.0,30.0,4.81,2.17,3.0,9.98
2026-04-08_rep_3,SN3820,08:45:00,18.0,09:29:00,09:32:00,A65 ,77.0,91.0,7.62,2.02,3.0,12.63
2026-04-08_rep_3,SN502,15:45:00,-46.0,15:14:00,15:43:00,B30 A,65.0,20.0,5.26,0.11,29.0,34.37
2026-04-08_rep_3,SN516,15:30:00,-21.0,15:31:00,16:01:00,B37 A,41.0,27.0,2.69,0.1,30.0,32.78
2026-04-08_rep_3,TB1012,20:34:00,14.0,21:04:00,21:07:00,A60 ,81.0,20.0,7.36,1.82,3.0,12.18
2026-04-08_rep_3,TB1552,07:15:00,-7.0,07:38:00,07:45:00,A61 ,152.0,35.0,9.72,2.35,7.0,19.07
2026-04-08_rep_3,TB1754,06:32:00,1.0,07:00:00,07:08:00,A43 ,140.0,34.0,10.9,1.62,8.0,20.52
2026-04-08_rep_3,TB2502,22:35:00,22.0,23:18:00,23:23:00,B7  A,115.0,26.0,8.95,1.54,5.0,15.48
2026-04-08_rep_3,TB2534,07:24:00,1.0,07:40:00,07:46:00,B30 A,146.0,19.0,10.75,0.12,6.0,16.87
2026-04-08_rep_3,TB2582,23:35:00,-14.0,23:44:00,23:50:00,B27 A,142.0,28.0,11.6,0.1,6.0,17.7
2026-04-08_rep_3,TB2634,05:24:00,151.0,09:22:00,09:31:00,B11 A,198.0,91.0,15.79,0.11,9.0,24.9
2026-04-08_rep_3,TB2752,02:31:00,4.0,02:48:00,02:51:00,B7  A,70.0,19.0,7.09,1.86,3.0,11.95
2026-04-08_rep_3,TB3012,09:05:00,12.0,09:32:00,09:42:00,B29 A,176.0,20.0,11.94,0.08,10.0,22.01
2026-04-08_rep_3,TG934,15:20:00,6.0,16:04:00,16:38:00,B31 A,260.0,43.0,29.27,0.13,34.0,63.39
2026-04-08_rep_3,TK1937,18:16:00,9.0,18:38:00,18:50:00,B30 A,158.0,19.0,12.78,0.1,12.0,24.88
2026-04-08_rep_3,TK1939,01:56:00,3.0,02:13:00,02:25:00,B28 A,146.0,20.0,11.92,0.09,12.0,24.01
2026-04-08_rep_3,TK1941,05:30:00,-2.0,05:42:00,05:53:00,B40 A,201.0,19.0,15.81,0.14,11.0,26.95
2026-04-08_rep_3,TK1943,21:31:00,7.0,21:56:00,22:13:00,B32 A,97.0,24.0,7.48,0.1,17.0,24.58
2026-04-08_rep_3,TP640,19:06:00,-6.0,19:19:00,19:24:00,A51 ,67.0,25.0,4.95,1.85,5.0,11.8
2026-04-08_rep_3,TP642,23:09:00,10.0,23:33:00,23:47:00,A65 ,88.0,18.0,7.84,1.76,14.0,23.6
2026-04-08_rep_3,TP644,04:09:00,-11.0,04:11:00,04:18:00,A67 ,87.0,17.0,7.46,1.82,7.0,16.28
2026-04-08_rep_3,TP646,08:01:00,89.0,09:51:00,09:56:00,A59 ,107.0,27.0,9.83,1.66,5.0,16.5
2026-04-08_rep_3,TU954,19:30:00,-3.0,19:43:00,19:47:00,B29 A,87.0,21.0,7.0,0.09,4.0,11.09
2026-04-08_rep_3,UA950,15:21:00,-36.0,15:03:00,15:50:00,B11 A,149.0,24.0,11.0,0.1,47.0,58.1
2026-04-08_rep_3,UA972,17:06:00,15.0,17:55:00,18:22:00,B38 A,109.0,40.0,8.43,0.09,27.0,35.51
2026-04-08_rep_3,UA994,15:55:00,-46.0,15:28:00,15:54:00,B40 A,191.0,29.0,13.23,0.09,26.0,39.33
2026-04-08_rep_3,UX1171,17:53:00,-18.0,17:54:00,17:56:00,A52 ,62.0,27.0,5.03,1.77,2.0,8.8
2026-04-08_rep_3,UX1173,01:45:00,-14.0,01:58:00,02:00:00,A57 ,77.0,32.0,7.4,1.41,2.0,10.81
2026-04-08_rep_3,VF65,19:22:00,11.0,19:52:00,19:58:00,B31 A,154.0,26.0,11.42,0.11,6.0,17.53
2026-04-08_rep_3,VY1334,04:31:00,25.0,05:07:00,05:08:00,A47 ,31.0,17.0,1.89,2.27,1.0,5.16
2026-04-08_rep_3,VY2150,03:44:00,-32.0,03:26:00,03:28:00,A47 ,57.0,18.0,4.32,2.07,2.0,8.38
2026-04-08_rep_3,VY3650,01:50:00,3.0,02:13:00,02:17:00,A53 ,78.0,25.0,6.68,1.74,4.0,12.42
2026-04-08_rep_3,VY8980,17:50:00,-22.0,17:43:00,17:44:00,A51 ,8.0,20.0,0.61,2.39,1.0,4.01
2026-04-08_rep_3,VY8982,01:32:00,-9.0,01:37:00,01:53:00,A45 ,29.0,21.0,2.23,2.16,16.0,20.39
2026-04-08_rep_3,VY8984,04:17:00,-13.0,04:13:00,04:15:00,A43 ,39.0,16.0,3.67,1.39,2.0,7.07
2026-04-08_rep_3,VY8986,22:36:00,2.0,22:55:00,22:57:00,A45 ,33.0,23.0,2.97,1.58,2.0,6.56
2026-04-08_rep_3,XR5402,04:07:00,22.0,04:50:00,04:54:00,B5  A,89.0,28.0,7.18,1.47,4.0,12.65
2026-04-08_rep_4,AC832,15:19:00,-34.0,15:01:00,15:30:00,B28 A,86.0,25.0,7.72,0.12,29.0,36.84
2026-04-08_rep_4,AY1541,17:25:00,-21.0,17:22:00,17:25:00,A57 ,28.0,23.0,2.12,1.55,3.0,6.67
2026-04-08_rep_4,AY1545,02:25:00,-1.0,02:38:00,02:42:00,A59 ,67.0,19.0,5.16,1.64,4.0,10.8
2026-04-08_rep_4,AY1549,06:41:00,-25.0,06:31:00,06:33:00,A53 ,29.0,21.0,2.72,1.49,2.0,6.21
2026-04-08_rep_4,AZ148,16:41:00,-20.0,16:31:00,16:33:00,A51 ,1.0,16.0,0.07,1.94,2.0,4.01
2026-04-08_rep_4,AZ154,03:11:00,-2.0,03:19:00,03:21:00,A49 ,34.0,16.0,2.52,1.55,2.0,6.07
2026-04-08_rep_4,AZ156,18:51:00,52.0,20:02:00,20:06:00,A53 ,36.0,25.0,3.19,2.16,4.0,9.35
2026-04-08_rep_4,AZ160,02:03:00,-5.0,02:14:00,02:19:00,A56 ,107.0,19.0,9.71,1.88,5.0,16.58
2026-04-08_rep_4,BA384,17:59:00,-17.0,18:00:00,18:04:00,B29 A,38.0,22.0,3.26,0.09,4.0,7.35
2026-04-08_rep_4,BA386,23:19:00,19.0,00:02:00,00:06:00,B14 A,111.0,28.0,7.71,0.1,4.0,11.81
2026-04-08_rep_4,BA390,04:29:00,-6.0,04:45:00,04:46:00,B30 A,65.0,26.0,4.43,0.08,1.0,5.51
2026-04-08_rep_4,BT601,17:01:00,-15.0,16:58:00,17:01:00,A45 ,13.0,18.0,0.85,1.36,3.0,5.21
2026-04-08_rep_4,BT603,02:54:00,-3.0,03:06:00,03:08:00,A67 ,15.0,19.0,0.96,1.45,2.0,4.4
2026-04-08_rep_4,EI630,17:43:00,-15.0,18:09:00,18:14:00,B31 A,100.0,44.0,7.59,0.12,5.0,12.71
2026-04-08_rep_4,EI638,04:51:00,-21.0,04:49:00,04:55:00,B28 A,121.0,25.0,12.06,0.1,6.0,18.16
2026-04-08_rep_4,EK181,03:35:00,19.0,04:08:00,04:44:00,B31 A,261.0,19.0,18.11,0.11,36.0,54.22
2026-04-08_rep_4,ET750,15:13:00,-9.0,15:25:00,16:03:00,B34 A,384.0,29.0,28.46,0.1,38.0,66.56
2026-04-08_rep_4,EY57,16:05:00,12.0,16:40:00,17:07:00,B5  A,218.0,28.0,16.22,2.02,27.0,45.23
2026-04-08_rep_4,FH8116,23:11:00,5.0,23:27:00,23:28:00,B15 A,30.0,17.0,2.79,0.09,1.0,3.89
2026-04-08_rep_4,GQ800,21:10:00,43.0,22:10:00,22:14:00,A53 ,53.0,22.0,5.32,1.8,4.0,11.13
2026-04-08_rep_4,GQ850,18:06:00,-14.0,18:02:00,18:03:00,A58 ,7.0,26.0,0.56,1.79,1.0,3.35
2026-04-08_rep_4,HV9012,05:46:00,7.0,06:20:00,06:24:00,A59 ,102.0,33.0,9.83,1.89,4.0,15.72
2026-04-08_rep_4,IB597,19:30:00,-7.0,19:42:00,19:43:00,A59 ,95.0,24.0,7.02,1.69,1.0,9.71
2026-04-08_rep_4,IB601,03:05:00,-17.0,03:03:00,03:12:00,A65 ,114.0,20.0,8.13,2.13,9.0,19.26
2026-04-08_rep_4,IB603,07:11:00,-8.0,07:24:00,07:27:00,A47 ,87.0,27.0,6.87,2.12,3.0,11.99
2026-04-08_rep_4,JU272,04:32:00,7.0,04:57:00,04:59:00,B7  A,23.0,25.0,1.68,1.53,2.0,5.21
2026-04-08_rep_4,KM420,03:21:00,0.0,03:40:00,03:48:00,A57 ,116.0,25.0,9.07,1.87,8.0,18.94
2026-04-08_rep_4,LH1004,15:50:00,-13.0,15:49:00,15:50:00,A43 ,20.0,17.0,2.19,1.65,1.0,4.84
2026-04-08_rep_4,LH2282,16:00:00,-10.0,16:03:00,16:04:00,A47 ,3.0,18.0,0.24,1.82,1.0,3.06
2026-04-08_rep_4,LO231,06:41:00,-14.0,06:37:00,06:38:00,A57 ,23.0,16.0,1.8,1.75,1.0,4.55
2026-04-08_rep_4,LO233,02:43:00,5.0,03:07:00,03:09:00,A50 ,70.0,22.0,5.37,1.51,2.0,8.88
2026-04-08_rep_4,LO235,17:33:00,-13.0,17:31:00,17:33:00,A55 ,13.0,19.0,0.91,2.02,2.0,4.93
2026-04-08_rep_4,LO237,20:35:00,-7.0,20:38:00,20:40:00,A47 ,23.0,15.0,1.46,2.01,2.0,5.47
2026-04-08_rep_4,LX780,22:21:00,11.0,22:49:00,22:51:00,A47 ,60.0,23.0,4.61,1.33,2.0,7.94
2026-04-08_rep_4,LX786,16:56:00,-14.0,17:04:00,17:05:00,A43 ,14.0,28.0,1.26,1.62,1.0,3.88
2026-04-08_rep_4,LX788,02:38:00,3.0,02:52:00,02:55:00,A43 ,31.0,14.0,2.74,1.92,3.0,7.66
2026-04-08_rep_4,ME215,18:42:00,7.0,19:08:00,19:11:00,B9  A,136.0,26.0,8.72,1.7,3.0,13.41
2026-04-08_rep_4,NH231,01:42:00,-28.0,01:27:00,01:53:00,B5  A,136.0,20.0,12.99,1.91,26.0,40.9
2026-04-08_rep_4,OS291,17:10:00,-7.0,17:18:00,17:20:00,A47 ,18.0,20.0,1.98,1.78,2.0,5.76
2026-04-08_rep_4,OS295,00:53:00,-9.0,00:53:00,01:00:00,A43 ,45.0,17.0,3.04,1.51,7.0,11.55
2026-04-08_rep_4,OS297,03:15:00,1.0,03:26:00,03:28:00,A45 ,41.0,15.0,3.51,2.18,2.0,7.69
2026-04-08_rep_4,OU4456,03:56:00,6.0,04:19:00,04:20:00,A59 ,21.0,23.0,1.73,1.69,1.0,4.41
2026-04-08_rep_4,OU456,16:47:00,-7.0,16:53:00,16:54:00,A59 ,4.0,20.0,0.28,1.93,1.0,3.21
2026-04-08_rep_4,RO373,02:38:00,26.0,03:25:00,03:26:00,A44 ,21.0,24.0,1.75,1.91,1.0,4.66
2026-04-08_rep_4,SK1589,02:22:00,-8.0,02:29:00,02:33:00,A47 ,93.0,22.0,8.27,2.13,4.0,14.4
2026-04-08_rep_4,SK1593,22:41:00,8.0,22:59:00,23:00:00,A51 ,33.0,16.0,2.45,1.81,1.0,5.26
2026-04-08_rep_4,SK1595,02:35:00,11.0,02:59:00,03:01:00,A51 ,37.0,18.0,3.37,1.73,2.0,7.1
2026-04-08_rep_4,SK4743,18:47:00,-1.0,18:59:00,19:01:00,A43 ,38.0,20.0,3.25,1.53,2.0,6.79
2026-04-08_rep_4,SK4745,04:35:00,-4.0,04:53:00,04:55:00,A57 ,61.0,27.0,4.48,1.56,2.0,8.03
2026-04-08_rep_4,SK593,17:47:00,-11.0,17:52:00,17:53:00,A59 ,15.0,23.0,1.24,1.81,1.0,4.05
2026-04-08_rep_4,SN206,13:26:00,-14.0,13:35:00,14:12:00,B31 A,126.0,29.0,11.06,0.09,37.0,48.16
2026-04-08_rep_4,SN2096,04:05:00,-1.0,04:22:00,04:34:00,B14 A,50.0,23.0,3.71,0.08,12.0,15.78
2026-04-08_rep_4,SN2104,16:59:00,-17.0,17:03:00,17:04:00,B36 A,17.0,25.0,1.36,0.12,1.0,2.47
2026-04-08_rep_4,SN2184,16:33:00,-4.0,16:40:00,16:41:00,B11 A,7.0,14.0,0.48,0.08,1.0,1.56
2026-04-08_rep_4,SN2268,16:28:00,-15.0,16:31:00,16:34:00,A44 ,5.0,21.0,0.41,1.38,3.0,4.79
2026-04-08_rep_4,SN2284,04:08:00,-4.0,04:17:00,04:22:00,A40 ,24.0,16.0,1.54,1.6,5.0,8.13
2026-04-08_rep_4,SN2294,03:54:00,-5.0,04:00:00,04:02:00,A66 ,34.0,15.0,3.53,1.7,2.0,7.23
2026-04-08_rep_4,SN2298,16:49:00,-21.0,16:46:00,16:48:00,A58 ,5.0,22.0,0.43,1.76,2.0,4.19
2026-04-08_rep_4,SN2318,04:03:00,15.0,04:42:00,04:44:00,A44 ,32.0,27.0,2.16,1.57,2.0,5.74
2026-04-08_rep_4,SN2324,16:43:00,-5.0,16:56:00,17:02:00,A42 ,4.0,21.0,0.28,1.52,6.0,7.8
2026-04-08_rep_4,SN2372,01:54:00,-15.0,01:59:00,02:01:00,A52 ,39.0,24.0,2.77,1.58,2.0,6.35
2026-04-08_rep_4,SN2548,04:11:00,4.0,04:34:00,04:37:00,A53 ,58.0,25.0,3.84,1.71,3.0,8.54
2026-04-08_rep_4,SN2582,21:09:00,-5.0,21:18:00,21:19:00,A50 ,32.0,18.0,2.48,1.43,1.0,4.91
2026-04-08_rep_4,SN2588,04:12:00,18.0,05:00:00,05:05:00,A70 ,23.0,32.0,2.2,2.18,5.0,9.38
2026-04-08_rep_4,SN2592,16:26:00,-12.0,16:32:00,16:36:00,A56 ,5.0,24.0,0.35,1.27,4.0,5.63
2026-04-08_rep_4,SN2610,20:48:00,-15.0,20:51:00,20:54:00,A56 ,51.0,21.0,4.16,1.61,3.0,8.77
2026-04-08_rep_4,SN2612,21:43:00,-20.0,21:35:00,21:36:00,A40 ,27.0,15.0,2.08,1.96,1.0,5.04
2026-04-08_rep_4,SN2614,01:33:00,-1.0,01:42:00,01:44:00,A46 ,32.0,13.0,2.3,1.63,2.0,5.93
2026-04-08_rep_4,SN2618,06:43:00,-3.0,06:55:00,06:57:00,A56 ,50.0,23.0,3.71,1.55,2.0,7.27
2026-04-08_rep_4,SN2624,20:53:00,4.0,21:06:00,21:07:00,A52 ,7.0,12.0,0.59,2.06,1.0,3.65
2026-04-08_rep_4,SN2630,16:19:00,-12.0,16:29:00,16:30:00,A52 ,7.0,26.0,0.49,1.76,1.0,3.25
2026-04-08_rep_4,SN2644,21:13:00,5.0,21:27:00,21:29:00,A44 ,33.0,12.0,2.61,1.61,2.0,6.22
2026-04-08_rep_4,SN2646,00:18:00,-6.0,00:22:00,00:24:00,A54 ,21.0,13.0,1.73,1.55,2.0,5.28
2026-04-08_rep_4,SN2650,03:59:00,-3.0,04:15:00,04:22:00,A51 ,76.0,23.0,7.77,1.75,7.0,16.52
2026-04-08_rep_4,SN2652,07:16:00,-18.0,07:08:00,07:09:00,A51 ,20.0,16.0,1.7,1.13,1.0,3.83
2026-04-08_rep_4,SN2714,20:47:00,-9.0,20:50:00,20:52:00,A48 ,53.0,14.0,4.49,1.66,2.0,8.14
2026-04-08_rep_4,SN2722,02:33:00,-8.0,02:43:00,02:46:00,A58 ,58.0,21.0,3.95,1.68,3.0,8.62
2026-04-08_rep_4,SN2730,18:23:00,-6.0,18:43:00,18:47:00,A42 ,85.0,34.0,7.67,1.54,4.0,13.21
2026-04-08_rep_4,SN2732,05:38:00,-12.0,05:42:00,05:44:00,A62 ,41.0,24.0,2.97,1.83,2.0,6.8
2026-04-08_rep_4,SN2810,21:23:00,2.0,21:39:00,21:41:00,A54 ,32.0,17.0,2.31,1.65,2.0,5.96
2026-04-08_rep_4,SN2812,04:19:00,-12.0,04:27:00,04:29:00,A65 ,29.0,24.0,1.97,1.58,2.0,5.55
2026-04-08_rep_4,SN2816,16:23:00,-19.0,16:19:00,16:20:00,A48 ,6.0,18.0,0.54,1.57,1.0,3.11
2026-04-08_rep_4,SN2826,04:08:00,0.0,04:34:00,04:41:00,A52 ,56.0,29.0,4.49,1.78,7.0,13.28
2026-04-08_rep_4,SN2902,19:08:00,-8.0,19:12:00,19:14:00,A44 ,29.0,15.0,2.66,1.71,2.0,6.37
2026-04-08_rep_4,SN2906,03:58:00,-14.0,03:55:00,03:58:00,A42 ,46.0,14.0,3.18,1.58,3.0,7.76
2026-04-08_rep_4,SN3126,02:59:00,-5.0,03:09:00,03:16:00,A63 ,68.0,19.0,4.76,1.9,7.0,13.66
2026-04-08_rep_4,SN3146,19:07:00,-19.0,19:05:00,19:07:00,A54 ,19.0,24.0,2.15,1.55,2.0,5.7
2026-04-08_rep_4,SN3148,22:49:00,5.0,23:05:00,23:08:00,A48 ,37.0,15.0,2.89,1.88,3.0,7.76
2026-04-08_rep_4,SN3150,04:26:00,-7.0,04:40:00,04:41:00,A45 ,40.0,27.0,2.93,1.68,1.0,5.61
2026-04-08_rep_4,SN3160,07:18:00,-14.0,07:23:00,07:25:00,A64 ,15.0,22.0,1.11,1.31,2.0,4.42
2026-04-08_rep_4,SN3170,23:25:00,-8.0,23:39:00,23:43:00,A52 ,109.0,27.0,8.08,2.23,4.0,14.3
2026-04-08_rep_4,SN3176,20:29:00,51.0,21:33:00,21:34:00,A42 ,90.0,17.0,8.32,1.87,1.0,11.19
2026-04-08_rep_4,SN3182,04:25:00,14.0,05:03:00,05:09:00,A49 ,110.0,29.0,7.89,1.59,6.0,15.48
2026-04-08_rep_4,SN3184,07:20:00,9.0,07:55:00,07:58:00,A44 ,87.0,31.0,6.89,1.81,3.0,11.71
2026-04-08_rep_4,SN319,13:05:00,0.0,13:23:00,13:46:00,B38 A,66.0,23.0,5.26,0.11,23.0,28.38
2026-04-08_rep_4,SN3202,22:24:00,-13.0,22:41:00,22:43:00,A57 ,70.0,34.0,6.59,1.9,2.0,10.49
2026-04-08_rep_4,SN3334,10:10:00,16.0,10:41:00,10:57:00,B9  A,93.0,20.0,6.91,2.18,16.0,25.09
2026-04-08_rep_4,SN3344,04:19:00,5.0,04:47:00,04:48:00,A50 ,31.0,27.0,2.71,1.89,1.0,5.61
2026-04-08_rep_4,SN3588,22:38:00,32.0,23:23:00,23:24:00,A56 ,12.0,16.0,0.84,1.65,1.0,3.49
2026-04-08_rep_4,SN3594,16:35:00,-3.0,16:50:00,16:58:00,A49 ,4.0,23.0,0.34,1.79,8.0,10.12
2026-04-08_rep_4,SN3598,23:19:00,-13.0,23:26:00,23:27:00,A58 ,26.0,24.0,1.7,1.47,1.0,4.17
2026-04-08_rep_4,SN3604,16:29:00,-12.0,16:41:00,16:42:00,A54 ,6.0,28.0,0.43,1.91,1.0,3.34
2026-04-08_rep_4,SN3618,23:33:00,17.0,00:06:00,00:09:00,A50 ,75.0,19.0,7.28,1.96,3.0,12.24
2026-04-08_rep_4,SN3632,17:34:00,-19.0,17:52:00,17:54:00,A60 ,5.0,41.0,0.42,1.55,2.0,3.97
2026-04-08_rep_4,SN3634,18:58:00,25.0,19:54:00,19:56:00,A58 ,8.0,34.0,0.65,1.78,2.0,4.43
2026-04-08_rep_4,SN3668,21:54:00,-14.0,22:05:00,22:07:00,A63 ,20.0,29.0,1.89,1.64,2.0,5.53
2026-04-08_rep_4,SN3676,16:38:00,-4.0,16:51:00,16:52:00,A50 ,12.0,20.0,1.06,1.66,1.0,3.72
2026-04-08_rep_4,SN3698,22:34:00,26.0,23:21:00,23:23:00,A49 ,48.0,25.0,3.76,1.57,2.0,7.33
2026-04-08_rep_4,SN3704,01:21:00,3.0,01:46:00,01:48:00,A55 ,59.0,28.0,5.85,1.26,2.0,9.1
2026-04-08_rep_4,SN3706,07:30:00,2.0,09:01:00,09:04:00,A52 ,49.0,94.0,3.36,2.02,3.0,8.37
2026-04-08_rep_4,SN3708,15:46:00,-16.0,15:48:00,15:50:00,A53 ,6.0,24.0,0.47,1.48,2.0,3.95
2026-04-08_rep_4,SN3712,02:43:00,-1.0,03:14:00,03:16:00,A68 ,76.0,35.0,6.46,1.63,2.0,10.09
2026-04-08_rep_4,SN3722,22:58:00,41.0,00:06:00,00:09:00,A46 ,66.0,30.0,4.61,1.35,3.0,8.96
2026-04-08_rep_4,SN3728,03:58:00,-12.0,04:10:00,04:14:00,A58 ,38.0,27.0,2.81,1.92,4.0,8.72
2026-04-08_rep_4,SN3732,16:42:00,-6.0,17:00:00,17:01:00,A46 ,20.0,31.0,1.34,1.83,1.0,4.17
2026-04-08_rep_4,SN3734,20:53:00,-3.0,21:20:00,21:22:00,A46 ,72.0,33.0,4.6,1.44,2.0,8.05
2026-04-08_rep_4,SN3736,02:29:00,8.0,03:00:00,03:07:00,A40 ,113.0,27.0,9.92,2.05,7.0,18.97
2026-04-08_rep_4,SN3738,07:14:00,-11.0,07:29:00,07:32:00,A66 ,92.0,30.0,5.69,1.42,3.0,10.11
2026-04-08_rep_4,SN3752,07:14:00,4.0,07:40:00,07:43:00,A40 ,54.0,26.0,3.23,2.03,3.0,8.25
2026-04-08_rep_4,SN3772,19:38:00,-8.0,19:56:00,20:01:00,A40 ,39.0,29.0,3.47,1.49,5.0,9.96
2026-04-08_rep_4,SN3774,06:20:00,40.0,07:23:00,07:25:00,A50 ,66.0,28.0,5.67,1.66,2.0,9.33
2026-04-08_rep_4,SN3782,00:43:00,-21.0,00:47:00,00:50:00,A40 ,77.0,28.0,6.72,1.7,3.0,11.42
2026-04-08_rep_4,SN3788,09:10:00,-68.0,08:29:00,08:36:00,A60 ,124.0,92.0,9.24,1.49,7.0,17.73
2026-04-08_rep_4,SN379,13:10:00,19.0,13:54:00,14:34:00,B40 A,67.0,30.0,5.97,0.06,40.0,46.03
2026-04-08_rep_4,SN3802,00:03:00,-8.0,00:20:00,00:25:00,A44 ,64.0,28.0,5.27,1.39,5.0,11.66
2026-04-08_rep_4,SN3804,02:34:00,-13.0,02:47:00,02:48:00,A64 ,58.0,30.0,4.2,1.8,1.0,7.0
2026-04-08_rep_4,SN3810,04:15:00,1.0,04:43:00,04:45:00,A46 ,61.0,32.0,6.01,1.78,2.0,9.79
2026-04-08_rep_4,SN3812,00:20:00,-8.0,00:36:00,00:39:00,A47 ,47.0,29.0,4.1,1.78,3.0,8.88
2026-04-08_rep_4,SN3816,23:44:00,4.0,00:14:00,00:17:00,A42 ,49.0,30.0,4.81,2.02,3.0,9.83
2026-04-08_rep_4,SN3820,08:45:00,18.0,09:29:00,09:32:00,A65 ,77.0,91.0,6.64,2.46,3.0,12.1
2026-04-08_rep_4,SN502,15:45:00,-46.0,15:14:00,15:43:00,B30 A,65.0,20.0,5.32,0.11,29.0,34.43
2026-04-08_rep_4,SN516,15:30:00,-21.0,15:31:00,16:01:00,B37 A,41.0,27.0,2.44,0.09,30.0,32.53
2026-04-08_rep_4,TB1012,20:34:00,14.0,21:04:00,21:07:00,A60 ,81.0,20.0,4.88,1.1,3.0,8.98
2026-04-08_rep_4,TB1552,07:15:00,-7.0,07:38:00,07:45:00,A61 ,152.0,35.0,10.68,1.97,7.0,19.65
2026-04-08_rep_4,TB1754,06:32:00,1.0,07:00:00,07:08:00,A43 ,140.0,34.0,12.76,1.77,8.0,22.54
2026-04-08_rep_4,TB2502,22:35:00,22.0,23:18:00,23:23:00,B7  A,115.0,26.0,9.36,2.03,5.0,16.39
2026-04-08_rep_4,TB2534,07:24:00,1.0,07:40:00,07:46:00,B30 A,146.0,19.0,10.42,0.09,6.0,16.52
2026-04-08_rep_4,TB2582,23:35:00,-14.0,23:44:00,23:50:00,B27 A,142.0,28.0,9.32,0.11,6.0,15.43
2026-04-08_rep_4,TB2634,05:24:00,151.0,09:22:00,09:31:00,B11 A,198.0,91.0,15.9,0.08,9.0,24.99
2026-04-08_rep_4,TB2752,02:31:00,4.0,02:48:00,02:51:00,B7  A,70.0,19.0,6.0,1.53,3.0,10.52
2026-04-08_rep_4,TB3012,09:05:00,12.0,09:32:00,09:42:00,B29 A,176.0,20.0,12.76,0.12,10.0,22.88
2026-04-08_rep_4,TG934,15:20:00,6.0,16:04:00,16:38:00,B31 A,260.0,43.0,27.42,0.1,34.0,61.53
2026-04-08_rep_4,TK1937,18:16:00,9.0,18:38:00,18:50:00,B30 A,158.0,19.0,18.58,0.13,12.0,30.71
2026-04-08_rep_4,TK1939,01:56:00,3.0,02:13:00,02:25:00,B28 A,146.0,20.0,9.42,0.09,12.0,21.51
2026-04-08_rep_4,TK1941,05:30:00,-2.0,05:42:00,05:53:00,B40 A,201.0,19.0,16.64,0.11,11.0,27.75
2026-04-08_rep_4,TK1943,21:31:00,7.0,21:56:00,22:13:00,B32 A,97.0,24.0,7.24,0.09,17.0,24.33
2026-04-08_rep_4,TP640,19:06:00,-6.0,19:19:00,19:24:00,A51 ,67.0,25.0,6.5,2.06,5.0,13.56
2026-04-08_rep_4,TP642,23:09:00,10.0,23:33:00,23:47:00,A65 ,88.0,18.0,7.5,1.14,14.0,22.63
2026-04-08_rep_4,TP644,04:09:00,-11.0,04:11:00,04:18:00,A67 ,87.0,17.0,6.23,1.71,7.0,14.93
2026-04-08_rep_4,TP646,08:01:00,89.0,09:51:00,09:56:00,A59 ,107.0,27.0,11.97,2.2,5.0,19.16
2026-04-08_rep_4,TU954,19:30:00,-3.0,19:43:00,19:47:00,B29 A,87.0,21.0,6.5,0.09,4.0,10.59
2026-04-08_rep_4,UA950,15:21:00,-36.0,15:03:00,15:50:00,B11 A,149.0,24.0,9.07,0.1,47.0,56.17
2026-04-08_rep_4,UA972,17:06:00,15.0,17:55:00,18:22:00,B38 A,109.0,40.0,8.38,0.08,27.0,35.47
2026-04-08_rep_4,UA994,15:55:00,-46.0,15:28:00,15:54:00,B40 A,191.0,29.0,13.95,0.1,26.0,40.05
2026-04-08_rep_4,UX1171,17:53:00,-18.0,17:54:00,17:56:00,A52 ,62.0,27.0,6.5,1.94,2.0,10.43
2026-04-08_rep_4,UX1173,01:45:00,-14.0,01:58:00,02:00:00,A57 ,77.0,32.0,8.17,1.66,2.0,11.83
2026-04-08_rep_4,VF65,19:22:00,11.0,19:52:00,19:58:00,B31 A,154.0,26.0,10.85,0.12,6.0,16.97
2026-04-08_rep_4,VY1334,04:31:00,25.0,05:07:00,05:08:00,A47 ,31.0,17.0,2.12,1.54,1.0,4.66
2026-04-08_rep_4,VY2150,03:44:00,-32.0,03:26:00,03:28:00,A47 ,57.0,18.0,4.39,1.88,2.0,8.27
2026-04-08_rep_4,VY3650,01:50:00,3.0,02:13:00,02:17:00,A53 ,78.0,25.0,6.38,1.5,4.0,11.89
2026-04-08_rep_4,VY8980,17:50:00,-22.0,17:43:00,17:44:00,A51 ,8.0,20.0,0.82,1.57,1.0,3.39
2026-04-08_rep_4,VY8982,01:32:00,-9.0,01:37:00,01:53:00,A45 ,29.0,21.0,2.47,1.4,16.0,19.87
2026-04-08_rep_4,VY8984,04:17:00,-13.0,04:13:00,04:15:00,A43 ,39.0,16.0,3.59,1.45,2.0,7.04
2026-04-08_rep_4,VY8986,22:36:00,2.0,22:55:00,22:57:00,A45 ,33.0,23.0,3.04,2.26,2.0,7.3
2026-04-08_rep_4,XR5402,04:07:00,22.0,04:50:00,04:54:00,B5  A,89.0,28.0,7.97,2.1,4.0,14.07
2026-04-08_rep_5,AC832,15:19:00,-34.0,15:01:00,15:30:00,B28 A,86.0,25.0,5.46,0.1,29.0,34.56
2026-04-08_rep_5,AY1541,17:25:00,-21.0,17:22:00,17:25:00,A57 ,28.0,23.0,1.92,1.4,3.0,6.32
2026-04-08_rep_5,AY1545,02:25:00,-1.0,02:38:00,02:42:00,A59 ,67.0,19.0,5.23,1.85,4.0,11.09
2026-04-08_rep_5,AY1549,06:41:00,-25.0,06:31:00,06:33:00,A53 ,29.0,21.0,2.81,1.48,2.0,6.29
2026-04-08_rep_5,AZ148,16:41:00,-20.0,16:31:00,16:33:00,A51 ,1.0,16.0,0.07,1.69,2.0,3.76
2026-04-08_rep_5,AZ154,03:11:00,-2.0,03:19:00,03:21:00,A49 ,34.0,16.0,3.38,1.64,2.0,7.02
2026-04-08_rep_5,AZ156,18:51:00,52.0,20:02:00,20:06:00,A53 ,36.0,25.0,2.77,2.28,4.0,9.05
2026-04-08_rep_5,AZ160,02:03:00,-5.0,02:14:00,02:19:00,A56 ,107.0,19.0,9.38,1.84,5.0,16.21
2026-04-08_rep_5,BA384,17:59:00,-17.0,18:00:00,18:04:00,B29 A,38.0,22.0,2.54,0.11,4.0,6.65
2026-04-08_rep_5,BA386,23:19:00,19.0,00:02:00,00:06:00,B14 A,111.0,28.0,7.63,0.1,4.0,11.73
2026-04-08_rep_5,BA390,04:29:00,-6.0,04:45:00,04:46:00,B30 A,65.0,26.0,5.12,0.11,1.0,6.23
2026-04-08_rep_5,BT601,17:01:00,-15.0,16:58:00,17:01:00,A45 ,13.0,18.0,1.04,1.64,3.0,5.68
2026-04-08_rep_5,BT603,02:54:00,-3.0,03:06:00,03:08:00,A67 ,15.0,19.0,1.26,2.04,2.0,5.3
2026-04-08_rep_5,EI630,17:43:00,-15.0,18:09:00,18:14:00,B31 A,100.0,44.0,8.06,0.1,5.0,13.15
2026-04-08_rep_5,EI638,04:51:00,-21.0,04:49:00,04:55:00,B28 A,121.0,25.0,10.54,0.09,6.0,16.63
2026-04-08_rep_5,EK181,03:35:00,19.0,04:08:00,04:44:00,B31 A,261.0,19.0,17.74,0.09,36.0,53.83
2026-04-08_rep_5,ET750,15:13:00,-9.0,15:25:00,16:03:00,B34 A,384.0,29.0,27.21,0.13,38.0,65.34
2026-04-08_rep_5,EY57,16:05:00,12.0,16:40:00,17:07:00,B5  A,218.0,28.0,16.04,1.47,27.0,44.51
2026-04-08_rep_5,FH8116,23:11:00,5.0,23:27:00,23:28:00,B15 A,30.0,17.0,2.88,0.1,1.0,3.98
2026-04-08_rep_5,GQ800,21:10:00,43.0,22:10:00,22:14:00,A53 ,53.0,22.0,4.36,1.84,4.0,10.2
2026-04-08_rep_5,GQ850,18:06:00,-14.0,18:02:00,18:03:00,A58 ,7.0,26.0,0.48,1.86,1.0,3.34
2026-04-08_rep_5,HV9012,05:46:00,7.0,06:20:00,06:24:00,A59 ,102.0,33.0,7.55,1.94,4.0,13.48
2026-04-08_rep_5,IB597,19:30:00,-7.0,19:42:00,19:43:00,A59 ,95.0,24.0,7.13,1.43,1.0,9.56
2026-04-08_rep_5,IB601,03:05:00,-17.0,03:03:00,03:12:00,A65 ,114.0,20.0,10.35,1.32,9.0,20.67
2026-04-08_rep_5,IB603,07:11:00,-8.0,07:24:00,07:27:00,A47 ,87.0,27.0,6.27,1.8,3.0,11.07
2026-04-08_rep_5,JU272,04:32:00,7.0,04:57:00,04:59:00,B7  A,23.0,25.0,1.85,2.25,2.0,6.1
2026-04-08_rep_5,KM420,03:21:00,0.0,03:40:00,03:48:00,A57 ,116.0,25.0,12.72,1.84,8.0,22.56
2026-04-08_rep_5,LH1004,15:50:00,-13.0,15:49:00,15:50:00,A43 ,20.0,17.0,1.53,1.64,1.0,4.17
2026-04-08_rep_5,LH2282,16:00:00,-10.0,16:03:00,16:04:00,A47 ,3.0,18.0,0.31,1.23,1.0,2.55
2026-04-08_rep_5,LO231,06:41:00,-14.0,06:37:00,06:38:00,A57 ,23.0,16.0,1.87,1.43,1.0,4.31
2026-04-08_rep_5,LO233,02:43:00,5.0,03:07:00,03:09:00,A50 ,70.0,22.0,5.75,1.65,2.0,9.39
2026-04-08_rep_5,LO235,17:33:00,-13.0,17:31:00,17:33:00,A55 ,13.0,19.0,1.03,1.59,2.0,4.62
2026-04-08_rep_5,LO237,20:35:00,-7.0,20:38:00,20:40:00,A47 ,23.0,15.0,2.07,1.92,2.0,5.99
2026-04-08_rep_5,LX780,22:21:00,11.0,22:49:00,22:51:00,A47 ,60.0,23.0,4.55,2.32,2.0,8.87
2026-04-08_rep_5,LX786,16:56:00,-14.0,17:04:00,17:05:00,A43 ,14.0,28.0,1.1,2.15,1.0,4.25
2026-04-08_rep_5,LX788,02:38:00,3.0,02:52:00,02:55:00,A43 ,31.0,14.0,2.0,1.42,3.0,6.42
2026-04-08_rep_5,ME215,18:42:00,7.0,19:08:00,19:11:00,B9  A,136.0,26.0,11.45,1.66,3.0,16.11
2026-04-08_rep_5,NH231,01:42:00,-28.0,01:27:00,01:53:00,B5  A,136.0,20.0,9.67,2.22,26.0,37.88
2026-04-08_rep_5,OS291,17:10:00,-7.0,17:18:00,17:20:00,A47 ,18.0,20.0,1.29,1.56,2.0,4.85
2026-04-08_rep_5,OS295,00:53:00,-9.0,00:53:00,01:00:00,A43 ,45.0,17.0,3.18,1.79,7.0,11.98
2026-04-08_rep_5,OS297,03:15:00,1.0,03:26:00,03:28:00,A45 ,41.0,15.0,4.32,1.68,2.0,8.0
2026-04-08_rep_5,OU4456,03:56:00,6.0,04:19:00,04:20:00,A59 ,21.0,23.0,1.74,1.89,1.0,4.63
2026-04-08_rep_5,OU456,16:47:00,-7.0,16:53:00,16:54:00,A59 ,4.0,20.0,0.32,1.84,1.0,3.16
2026-04-08_rep_5,RO373,02:38:00,26.0,03:25:00,03:26:00,A44 ,21.0,24.0,1.92,1.77,1.0,4.69
2026-04-08_rep_5,SK1589,02:22:00,-8.0,02:29:00,02:33:00,A47 ,93.0,22.0,6.02,2.02,4.0,12.04
2026-04-08_rep_5,SK1593,22:41:00,8.0,22:59:00,23:00:00,A51 ,33.0,16.0,2.79,2.05,1.0,5.84
2026-04-08_rep_5,SK1595,02:35:00,11.0,02:59:00,03:01:00,A51 ,37.0,18.0,3.8,1.84,2.0,7.65
2026-04-08_rep_5,SK4743,18:47:00,-1.0,18:59:00,19:01:00,A43 ,38.0,20.0,2.72,1.4,2.0,6.12
2026-04-08_rep_5,SK4745,04:35:00,-4.0,04:53:00,04:55:00,A57 ,61.0,27.0,5.61,1.24,2.0,8.86
2026-04-08_rep_5,SK593,17:47:00,-11.0,17:52:00,17:53:00,A59 ,15.0,23.0,1.32,1.65,1.0,3.97
2026-04-08_rep_5,SN206,13:26:00,-14.0,13:35:00,14:12:00,B31 A,126.0,29.0,8.82,0.07,37.0,45.9
2026-04-08_rep_5,SN2096,04:05:00,-1.0,04:22:00,04:34:00,B14 A,50.0,23.0,3.99,0.11,12.0,16.1
2026-04-08_rep_5,SN2104,16:59:00,-17.0,17:03:00,17:04:00,B36 A,17.0,25.0,1.57,0.11,1.0,2.68
2026-04-08_rep_5,SN2184,16:33:00,-4.0,16:40:00,16:41:00,B11 A,7.0,14.0,0.73,0.13,1.0,1.86
2026-04-08_rep_5,SN2268,16:28:00,-15.0,16:31:00,16:34:00,A44 ,5.0,21.0,0.41,1.29,3.0,4.7
2026-04-08_rep_5,SN2284,04:08:00,-4.0,04:17:00,04:22:00,A40 ,24.0,16.0,1.71,1.72,5.0,8.43
2026-04-08_rep_5,SN2294,03:54:00,-5.0,04:00:00,04:02:00,A66 ,34.0,15.0,2.35,1.35,2.0,5.7
2026-04-08_rep_5,SN2298,16:49:00,-21.0,16:46:00,16:48:00,A58 ,5.0,22.0,0.32,1.89,2.0,4.2
2026-04-08_rep_5,SN2318,04:03:00,15.0,04:42:00,04:44:00,A44 ,32.0,27.0,2.66,1.71,2.0,6.37
2026-04-08_rep_5,SN2324,16:43:00,-5.0,16:56:00,17:02:00,A42 ,4.0,21.0,0.3,1.84,6.0,8.14
2026-04-08_rep_5,SN2372,01:54:00,-15.0,01:59:00,02:01:00,A52 ,39.0,24.0,2.86,1.47,2.0,6.33
2026-04-08_rep_5,SN2548,04:11:00,4.0,04:34:00,04:37:00,A53 ,58.0,25.0,3.61,1.37,3.0,7.98
2026-04-08_rep_5,SN2582,21:09:00,-5.0,21:18:00,21:19:00,A50 ,32.0,18.0,2.77,1.64,1.0,5.41
2026-04-08_rep_5,SN2588,04:12:00,18.0,05:00:00,05:05:00,A70 ,23.0,32.0,1.78,2.14,5.0,8.92
2026-04-08_rep_5,SN2592,16:26:00,-12.0,16:32:00,16:36:00,A56 ,5.0,24.0,0.51,1.64,4.0,6.15
2026-04-08_rep_5,SN2610,20:48:00,-15.0,20:51:00,20:54:00,A56 ,51.0,21.0,4.06,1.67,3.0,8.73
2026-04-08_rep_5,SN2612,21:43:00,-20.0,21:35:00,21:36:00,A40 ,27.0,15.0,2.62,1.61,1.0,5.24
2026-04-08_rep_5,SN2614,01:33:00,-1.0,01:42:00,01:44:00,A46 ,32.0,13.0,2.3,1.68,2.0,5.98
2026-04-08_rep_5,SN2618,06:43:00,-3.0,06:55:00,06:57:00,A56 ,50.0,23.0,3.68,1.75,2.0,7.44
2026-04-08_rep_5,SN2624,20:53:00,4.0,21:06:00,21:07:00,A52 ,7.0,12.0,0.53,1.37,1.0,2.9
2026-04-08_rep_5,SN2630,16:19:00,-12.0,16:29:00,16:30:00,A52 ,7.0,26.0,0.41,1.91,1.0,3.32
2026-04-08_rep_5,SN2644,21:13:00,5.0,21:27:00,21:29:00,A44 ,33.0,12.0,2.36,1.48,2.0,5.84
2026-04-08_rep_5,SN2646,00:18:00,-6.0,00:22:00,00:24:00,A54 ,21.0,13.0,1.69,1.46,2.0,5.15
2026-04-08_rep_5,SN2650,03:59:00,-3.0,04:15:00,04:22:00,A51 ,76.0,23.0,5.38,1.87,7.0,14.25
2026-04-08_rep_5,SN2652,07:16:00,-18.0,07:08:00,07:09:00,A51 ,20.0,16.0,1.87,1.77,1.0,4.64
2026-04-08_rep_5,SN2714,20:47:00,-9.0,20:50:00,20:52:00,A48 ,53.0,14.0,4.27,2.08,2.0,8.35
2026-04-08_rep_5,SN2722,02:33:00,-8.0,02:43:00,02:46:00,A58 ,58.0,21.0,3.91,1.73,3.0,8.64
2026-04-08_rep_5,SN2730,18:23:00,-6.0,18:43:00,18:47:00,A42 ,85.0,34.0,6.67,1.58,4.0,12.24
2026-04-08_rep_5,SN2732,05:38:00,-12.0,05:42:00,05:44:00,A62 ,41.0,24.0,2.99,1.99,2.0,6.98
2026-04-08_rep_5,SN2810,21:23:00,2.0,21:39:00,21:41:00,A54 ,32.0,17.0,3.62,1.48,2.0,7.1
2026-04-08_rep_5,SN2812,04:19:00,-12.0,04:27:00,04:29:00,A65 ,29.0,24.0,2.04,2.42,2.0,6.46
2026-04-08_rep_5,SN2816,16:23:00,-19.0,16:19:00,16:20:00,A48 ,6.0,18.0,0.57,1.85,1.0,3.43
2026-04-08_rep_5,SN2826,04:08:00,0.0,04:34:00,04:41:00,A52 ,56.0,29.0,3.96,1.76,7.0,12.72
2026-04-08_rep_5,SN2902,19:08:00,-8.0,19:12:00,19:14:00,A44 ,29.0,15.0,2.46,2.28,2.0,6.74
2026-04-08_rep_5,SN2906,03:58:00,-14.0,03:55:00,03:58:00,A42 ,46.0,14.0,3.82,1.62,3.0,8.44
2026-04-08_rep_5,SN3126,02:59:00,-5.0,03:09:00,03:16:00,A63 ,68.0,19.0,5.37,1.53,7.0,13.9
2026-04-08_rep_5,SN3146,19:07:00,-19.0,19:05:00,19:07:00,A54 ,19.0,24.0,1.54,1.7,2.0,5.25
2026-04-08_rep_5,SN3148,22:49:00,5.0,23:05:00,23:08:00,A48 ,37.0,15.0,2.81,1.78,3.0,7.59
2026-04-08_rep_5,SN3150,04:26:00,-7.0,04:40:00,04:41:00,A45 ,40.0,27.0,4.73,2.09,1.0,7.81
2026-04-08_rep_5,SN3160,07:18:00,-14.0,07:23:00,07:25:00,A64 ,15.0,22.0,1.07,1.41,2.0,4.48
2026-04-08_rep_5,SN3170,23:25:00,-8.0,23:39:00,23:43:00,A52 ,109.0,27.0,6.66,1.48,4.0,12.14
2026-04-08_rep_5,SN3176,20:29:00,51.0,21:33:00,21:34:00,A42 ,90.0,17.0,6.12,1.5,1.0,8.62
2026-04-08_rep_5,SN3182,04:25:00,14.0,05:03:00,05:09:00,A49 ,110.0,29.0,8.99,1.32,6.0,16.32
2026-04-08_rep_5,SN3184,07:20:00,9.0,07:55:00,07:58:00,A44 ,87.0,31.0,8.29,2.06,3.0,13.35
2026-04-08_rep_5,SN319,13:05:00,0.0,13:23:00,13:46:00,B38 A,66.0,23.0,6.24,0.09,23.0,29.33
2026-04-08_rep_5,SN3202,22:24:00,-13.0,22:41:00,22:43:00,A57 ,70.0,34.0,4.57,2.11,2.0,8.68
2026-04-08_rep_5,SN3334,10:10:00,16.0,10:41:00,10:57:00,B9  A,93.0,20.0,6.75,1.91,16.0,24.66
2026-04-08_rep_5,SN3344,04:19:00,5.0,04:47:00,04:48:00,A50 ,31.0,27.0,2.6,1.91,1.0,5.51
2026-04-08_rep_5,SN3588,22:38:00,32.0,23:23:00,23:24:00,A56 ,12.0,16.0,0.89,2.06,1.0,3.94
2026-04-08_rep_5,SN3594,16:35:00,-3.0,16:50:00,16:58:00,A49 ,4.0,23.0,0.32,1.66,8.0,9.98
2026-04-08_rep_5,SN3598,23:19:00,-13.0,23:26:00,23:27:00,A58 ,26.0,24.0,2.56,1.49,1.0,5.05
2026-04-08_rep_5,SN3604,16:29:00,-12.0,16:41:00,16:42:00,A54 ,6.0,28.0,0.39,1.69,1.0,3.09
2026-04-08_rep_5,SN3618,23:33:00,17.0,00:06:00,00:09:00,A50 ,75.0,19.0,5.36,1.35,3.0,9.7
2026-04-08_rep_5,SN3632,17:34:00,-19.0,17:52:00,17:54:00,A60 ,5.0,41.0,0.46,1.43,2.0,3.89
2026-04-08_rep_5,SN3634,18:58:00,25.0,19:54:00,19:56:00,A58 ,8.0,34.0,0.69,1.92,2.0,4.61
2026-04-08_rep_5,SN3668,21:54:00,-14.0,22:05:00,22:07:00,A63 ,20.0,29.0,1.63,1.94,2.0,5.57
2026-04-08_rep_5,SN3676,16:38:00,-4.0,16:51:00,16:52:00,A50 ,12.0,20.0,0.84,1.71,1.0,3.55
2026-04-08_rep_5,SN3698,22:34:00,26.0,23:21:00,23:23:00,A49 ,48.0,25.0,3.97,1.37,2.0,7.34
2026-04-08_rep_5,SN3704,01:21:00,3.0,01:46:00,01:48:00,A55 ,59.0,28.0,4.14,2.08,2.0,8.22
2026-04-08_rep_5,SN3706,07:30:00,2.0,09:01:00,09:04:00,A52 ,49.0,94.0,4.2,1.68,3.0,8.88
2026-04-08_rep_5,SN3708,15:46:00,-16.0,15:48:00,15:50:00,A53 ,6.0,24.0,0.61,1.53,2.0,4.14
2026-04-08_rep_5,SN3712,02:43:00,-1.0,03:14:00,03:16:00,A68 ,76.0,35.0,6.38,1.38,2.0,9.76
2026-04-08_rep_5,SN3722,22:58:00,41.0,00:06:00,00:09:00,A46 ,66.0,30.0,6.91,1.38,3.0,11.29
2026-04-08_rep_5,SN3728,03:58:00,-12.0,04:10:00,04:14:00,A58 ,38.0,27.0,3.08,1.72,4.0,8.8
2026-04-08_rep_5,SN3732,16:42:00,-6.0,17:00:00,17:01:00,A46 ,20.0,31.0,1.47,2.12,1.0,4.58
2026-04-08_rep_5,SN3734,20:53:00,-3.0,21:20:00,21:22:00,A46 ,72.0,33.0,5.16,1.68,2.0,8.85
2026-04-08_rep_5,SN3736,02:29:00,8.0,03:00:00,03:07:00,A40 ,113.0,27.0,9.12,1.49,7.0,17.61
2026-04-08_rep_5,SN3738,07:14:00,-11.0,07:29:00,07:32:00,A66 ,92.0,30.0,7.14,2.12,3.0,12.26
2026-04-08_rep_5,SN3752,07:14:00,4.0,07:40:00,07:43:00,A40 ,54.0,26.0,4.77,1.33,3.0,9.1
2026-04-08_rep_5,SN3772,19:38:00,-8.0,19:56:00,20:01:00,A40 ,39.0,29.0,2.64,1.79,5.0,9.43
2026-04-08_rep_5,SN3774,06:20:00,40.0,07:23:00,07:25:00,A50 ,66.0,28.0,4.16,1.97,2.0,8.13
2026-04-08_rep_5,SN3782,00:43:00,-21.0,00:47:00,00:50:00,A40 ,77.0,28.0,6.35,1.76,3.0,11.12
2026-04-08_rep_5,SN3788,09:10:00,-68.0,08:29:00,08:36:00,A60 ,124.0,92.0,8.08,1.58,7.0,16.66
2026-04-08_rep_5,SN379,13:10:00,19.0,13:54:00,14:34:00,B40 A,67.0,30.0,4.67,0.1,40.0,44.77
2026-04-08_rep_5,SN3802,00:03:00,-8.0,00:20:00,00:25:00,A44 ,64.0,28.0,4.7,1.69,5.0,11.39
2026-04-08_rep_5,SN3804,02:34:00,-13.0,02:47:00,02:48:00,A64 ,58.0,30.0,5.9,1.37,1.0,8.28
2026-04-08_rep_5,SN3810,04:15:00,1.0,04:43:00,04:45:00,A46 ,61.0,32.0,6.24,1.45,2.0,9.7
2026-04-08_rep_5,SN3812,00:20:00,-8.0,00:36:00,00:39:00,A47 ,47.0,29.0,4.12,1.91,3.0,9.03
2026-04-08_rep_5,SN3816,23:44:00,4.0,00:14:00,00:17:00,A42 ,49.0,30.0,4.14,1.77,3.0,8.92
2026-04-08_rep_5,SN3820,08:45:00,18.0,09:29:00,09:32:00,A65 ,77.0,91.0,4.67,1.45,3.0,9.12
2026-04-08_rep_5,SN502,15:45:00,-46.0,15:14:00,15:43:00,B30 A,65.0,20.0,5.06,0.09,29.0,34.14
2026-04-08_rep_5,SN516,15:30:00,-21.0,15:31:00,16:01:00,B37 A,41.0,27.0,3.11,0.07,30.0,33.18
2026-04-08_rep_5,TB1012,20:34:00,14.0,21:04:00,21:07:00,A60 ,81.0,20.0,5.07,1.54,3.0,9.62
2026-04-08_rep_5,TB1552,07:15:00,-7.0,07:38:00,07:45:00,A61 ,152.0,35.0,9.76,1.61,7.0,18.37
2026-04-08_rep_5,TB1754,06:32:00,1.0,07:00:00,07:08:00,A43 ,140.0,34.0,15.33,1.74,8.0,25.07
2026-04-08_rep_5,TB2502,22:35:00,22.0,23:18:00,23:23:00,B7  A,115.0,26.0,7.95,1.49,5.0,14.45
2026-04-08_rep_5,TB2534,07:24:00,1.0,07:40:00,07:46:00,B30 A,146.0,19.0,13.63,0.09,6.0,19.72
2026-04-08_rep_5,TB2582,23:35:00,-14.0,23:44:00,23:50:00,B27 A,142.0,28.0,11.89,0.11,6.0,17.99
2026-04-08_rep_5,TB2634,05:24:00,151.0,09:22:00,09:31:00,B11 A,198.0,91.0,17.74,0.09,9.0,26.84
2026-04-08_rep_5,TB2752,02:31:00,4.0,02:48:00,02:51:00,B7  A,70.0,19.0,4.56,1.85,3.0,9.41
2026-04-08_rep_5,TB3012,09:05:00,12.0,09:32:00,09:42:00,B29 A,176.0,20.0,12.7,0.1,10.0,22.8
2026-04-08_rep_5,TG934,15:20:00,6.0,16:04:00,16:38:00,B31 A,260.0,43.0,20.54,0.1,34.0,54.64
2026-04-08_rep_5,TK1937,18:16:00,9.0,18:38:00,18:50:00,B30 A,158.0,19.0,13.41,0.1,12.0,25.52
2026-04-08_rep_5,TK1939,01:56:00,3.0,02:13:00,02:25:00,B28 A,146.0,20.0,13.96,0.09,12.0,26.05
2026-04-08_rep_5,TK1941,05:30:00,-2.0,05:42:00,05:53:00,B40 A,201.0,19.0,15.76,0.1,11.0,26.86
2026-04-08_rep_5,TK1943,21:31:00,7.0,21:56:00,22:13:00,B32 A,97.0,24.0,8.84,0.09,17.0,25.93
2026-04-08_rep_5,TP640,19:06:00,-6.0,19:19:00,19:24:00,A51 ,67.0,25.0,5.23,1.93,5.0,12.16
2026-04-08_rep_5,TP642,23:09:00,10.0,23:33:00,23:47:00,A65 ,88.0,18.0,7.27,1.66,14.0,22.94
2026-04-08_rep_5,TP644,04:09:00,-11.0,04:11:00,04:18:00,A67 ,87.0,17.0,7.25,1.43,7.0,15.68
2026-04-08_rep_5,TP646,08:01:00,89.0,09:51:00,09:56:00,A59 ,107.0,27.0,7.96,1.5,5.0,14.46
2026-04-08_rep_5,TU954,19:30:00,-3.0,19:43:00,19:47:00,B29 A,87.0,21.0,7.56,0.07,4.0,11.63
2026-04-08_rep_5,UA950,15:21:00,-36.0,15:03:00,15:50:00,B11 A,149.0,24.0,10.68,0.1,47.0,57.79
2026-04-08_rep_5,UA972,17:06:00,15.0,17:55:00,18:22:00,B38 A,109.0,40.0,8.33,0.11,27.0,35.45
2026-04-08_rep_5,UA994,15:55:00,-46.0,15:28:00,15:54:00,B40 A,191.0,29.0,14.39,0.1,26.0,40.48
2026-04-08_rep_5,UX1171,17:53:00,-18.0,17:54:00,17:56:00,A52 ,62.0,27.0,5.99,1.68,2.0,9.67
2026-04-08_rep_5,UX1173,01:45:00,-14.0,01:58:00,02:00:00,A57 ,77.0,32.0,7.04,1.57,2.0,10.6
2026-04-08_rep_5,VF65,19:22:00,11.0,19:52:00,19:58:00,B31 A,154.0,26.0,13.25,0.08,6.0,19.34
2026-04-08_rep_5,VY1334,04:31:00,25.0,05:07:00,05:08:00,A47 ,31.0,17.0,2.2,1.56,1.0,4.75
2026-04-08_rep_5,VY2150,03:44:00,-32.0,03:26:00,03:28:00,A47 ,57.0,18.0,5.36,1.35,2.0,8.7
2026-04-08_rep_5,VY3650,01:50:00,3.0,02:13:00,02:17:00,A53 ,78.0,25.0,4.66,1.71,4.0,10.37
2026-04-08_rep_5,VY8980,17:50:00,-22.0,17:43:00,17:44:00,A51 ,8.0,20.0,0.54,1.9,1.0,3.44
2026-04-08_rep_5,VY8982,01:32:00,-9.0,01:37:00,01:53:00,A45 ,29.0,21.0,2.5,1.29,16.0,19.78
2026-04-08_rep_5,VY8984,04:17:00,-13.0,04:13:00,04:15:00,A43 ,39.0,16.0,2.56,1.67,2.0,6.23
2026-04-08_rep_5,VY8986,22:36:00,2.0,22:55:00,22:57:00,A45 ,33.0,23.0,2.09,1.63,2.0,5.72
2026-04-08_rep_5,XR5402,04:07:00,22.0,04:50:00,04:54:00,B5  A,89.0,28.0,6.61,1.54,4.0,12.15
2026-04-09_rep_1,AC826,16:58:00,-18.0,16:59:00,17:49:00,B30 A,97.0,27.0,6.77,0.09,50.0,56.87
2026-04-09_rep_1,AC832,16:17:00,-49.0,15:44:00,16:12:00,B34 A,119.0,23.0,7.91,0.12,28.0,36.03
2026-04-09_rep_1,AY1541,18:28:00,-25.0,18:21:00,18:28:00,A56 ,84.0,26.0,8.55,2.02,7.0,17.57
2026-04-09_rep_1,AY1545,03:25:00,-9.0,03:33:00,03:36:00,A63 ,66.0,22.0,4.9,2.05,3.0,9.95
2026-04-09_rep_1,AY1549,07:40:00,-31.0,07:17:00,07:19:00,A45 ,16.0,13.0,1.03,2.21,2.0,5.24
2026-04-09_rep_1,AZ148,17:40:00,-17.0,17:41:00,17:43:00,A57 ,3.0,23.0,0.36,1.64,2.0,4.0
2026-04-09_rep_1,AZ154,04:11:00,3.0,04:24:00,04:26:00,A56 ,28.0,16.0,2.21,1.76,2.0,5.97
2026-04-09_rep_1,AZ160,03:05:00,-9.0,03:09:00,03:19:00,A53 ,59.0,18.0,4.32,1.67,10.0,16.0
2026-04-09_rep_1,BA384,19:08:00,-11.0,19:11:00,19:15:00,B30 A,14.0,27.0,1.46,0.1,4.0,5.56
2026-04-09_rep_1,BA386,00:10:00,-17.0,00:26:00,00:29:00,B28 A,81.0,38.0,5.29,0.09,3.0,8.38
2026-04-09_rep_1,BA390,05:30:00,-8.0,05:37:00,05:40:00,B28 A,47.0,20.0,3.23,0.11,3.0,6.34
2026-04-09_rep_1,BT603,03:36:00,-10.0,03:40:00,03:43:00,A60 ,34.0,20.0,3.09,1.88,3.0,7.96
2026-04-09_rep_1,CX275,17:31:00,-12.0,17:40:00,18:40:00,B5  A,242.0,27.0,18.0,2.02,60.0,80.02
2026-04-09_rep_1,DL140,16:46:00,1.0,17:07:00,17:42:00,B28 A,193.0,26.0,15.61,0.1,35.0,50.71
2026-04-09_rep_1,EI630,18:45:00,6.0,19:01:00,19:04:00,B9  A,77.0,15.0,6.09,1.46,3.0,10.55
2026-04-09_rep_1,EI638,05:50:00,-14.0,05:48:00,05:52:00,B34 A,106.0,17.0,9.14,0.11,4.0,13.25
2026-04-09_rep_1,EK181,04:35:00,26.0,05:13:00,05:44:00,B31 A,219.0,17.0,13.86,0.11,31.0,44.97
2026-04-09_rep_1,EY57,17:06:00,36.0,18:01:00,18:24:00,B29 A,124.0,25.0,8.39,0.09,23.0,31.49
2026-04-09_rep_1,FB407,04:50:00,15.0,05:16:00,05:30:00,A59 ,10.0,16.0,0.87,1.4,14.0,16.27
2026-04-09_rep_1,FH8014,00:25:00,-24.0,00:19:00,00:24:00,B9  A,88.0,23.0,8.41,1.61,5.0,15.03
2026-04-09_rep_1,FI554,22:02:00,41.0,23:06:00,23:11:00,A45 ,132.0,30.0,8.44,1.77,5.0,15.22
2026-04-09_rep_1,GQ800,22:17:00,24.0,22:53:00,22:55:00,A43 ,47.0,24.0,4.58,1.8,2.0,8.38
2026-04-09_rep_1,HV9034,08:26:00,-8.0,08:40:00,08:42:00,A47 ,66.0,28.0,4.8,1.7,2.0,8.5
2026-04-09_rep_1,IB597,20:32:00,-9.0,20:41:00,20:47:00,A45 ,87.0,25.0,6.73,1.49,6.0,14.23
2026-04-09_rep_1,IB601,04:05:00,-16.0,04:09:00,04:18:00,A67 ,151.0,25.0,10.53,1.72,9.0,21.25
2026-04-09_rep_1,IB603,07:37:00,13.0,08:07:00,08:10:00,A51 ,81.0,24.0,6.44,1.65,3.0,11.09
2026-04-09_rep_1,KM420,04:22:00,-13.0,04:32:00,04:35:00,A57 ,89.0,30.0,6.77,1.32,3.0,11.08
2026-04-09_rep_1,LH1004,16:52:00,-8.0,16:58:00,17:00:00,A47 ,11.0,21.0,0.72,1.39,2.0,4.11
2026-04-09_rep_1,LO231,07:42:00,-20.0,07:34:00,07:36:00,A53 ,24.0,19.0,2.24,1.79,2.0,6.03
2026-04-09_rep_1,LO233,03:48:00,-12.0,03:50:00,03:51:00,A44 ,24.0,22.0,1.59,1.5,1.0,4.1
2026-04-09_rep_1,LO237,01:05:00,-18.0,01:05:00,01:06:00,A43 ,29.0,23.0,2.88,1.78,1.0,5.66
2026-04-09_rep_1,LX780,23:20:00,2.0,23:45:00,23:48:00,A47 ,73.0,28.0,5.85,1.47,3.0,10.32
2026-04-09_rep_1,LX786,18:05:00,-10.0,18:23:00,18:25:00,A47 ,32.0,43.0,3.68,1.89,2.0,7.57
2026-04-09_rep_1,LX788,03:40:00,5.0,04:04:00,04:07:00,A47 ,71.0,24.0,5.49,1.69,3.0,10.17
2026-04-09_rep_1,MS725,23:50:00,17.0,00:17:00,00:34:00,B32 A,142.0,15.0,12.76,0.1,17.0,29.86
2026-04-09_rep_1,OS291,18:10:00,-15.0,18:11:00,18:13:00,A51 ,12.0,21.0,0.85,1.75,2.0,4.6
2026-04-09_rep_1,OS295,01:50:00,-8.0,01:56:00,01:59:00,A47 ,79.0,19.0,7.32,1.35,3.0,11.67
2026-04-09_rep_1,OS297,04:16:00,116.0,06:30:00,06:33:00,A67 ,18.0,24.0,1.22,2.17,3.0,6.39
2026-04-09_rep_1,OU4456,04:57:00,0.0,05:07:00,05:10:00,A53 ,8.0,17.0,0.58,1.69,3.0,5.26
2026-04-09_rep_1,OU456,17:48:00,2.0,18:08:00,18:10:00,A54 ,3.0,26.0,0.25,1.58,2.0,3.83
2026-04-09_rep_1,QS1000,17:17:00,-12.0,17:23:00,17:24:00,A56 ,2.0,25.0,0.19,1.88,1.0,3.07
2026-04-09_rep_1,QS1002,03:50:00,-20.0,03:41:00,03:45:00,A61 ,21.0,16.0,2.09,1.42,4.0,7.5
2026-04-09_rep_1,RJ141,00:21:00,9.0,00:53:00,00:58:00,B30 A,69.0,29.0,5.87,0.1,5.0,10.97
2026-04-09_rep_1,RO373,03:14:00,26.0,03:52:00,03:54:00,A48 ,37.0,21.0,3.21,1.34,2.0,6.54
2026-04-09_rep_1,SK1589,03:20:00,0.0,03:39:00,03:42:00,A59 ,78.0,24.0,6.08,1.5,3.0,10.58
2026-04-09_rep_1,SK1593,23:42:00,-10.0,23:44:00,23:47:00,A49 ,54.0,19.0,3.98,1.97,3.0,8.95
2026-04-09_rep_1,SK1595,03:35:00,-8.0,03:43:00,03:46:00,A45 ,29.0,21.0,2.2,1.68,3.0,6.88
2026-04-09_rep_1,SK4743,19:46:00,-16.0,19:58:00,20:08:00,A47 ,84.0,34.0,6.0,2.0,10.0,18.0
2026-04-09_rep_1,SK4745,05:36:00,-9.0,05:46:00,05:53:00,A43 ,93.0,25.0,8.28,1.54,7.0,16.83
2026-04-09_rep_1,SK593,18:47:00,11.0,19:12:00,19:14:00,A45 ,23.0,21.0,1.83,1.58,2.0,5.41
2026-04-09_rep_1,SK597,04:55:00,-17.0,04:51:00,04:54:00,A45 ,54.0,18.0,4.16,2.02,3.0,9.18
2026-04-09_rep_1,SN1028,04:09:00,-27.0,04:04:00,04:10:00,A66 ,130.0,26.0,8.61,1.33,6.0,15.94
2026-04-09_rep_1,SN204,14:06:00,-10.0,14:13:00,14:34:00,B28 A,97.0,23.0,7.67,0.07,21.0,28.75
2026-04-09_rep_1,SN2064,00:24:00,-14.0,00:22:00,00:26:00,B40 A,38.0,16.0,2.88,0.09,4.0,6.97
2026-04-09_rep_1,SN2096,05:05:00,9.0,05:32:00,05:34:00,B36 A,40.0,23.0,3.19,0.13,2.0,5.31
2026-04-09_rep_1,SN2104,17:59:00,-9.0,18:08:00,18:14:00,B7  A,6.0,22.0,0.39,1.23,6.0,7.62
2026-04-09_rep_1,SN2258,22:28:00,-11.0,22:28:00,22:29:00,A40 ,12.0,14.0,1.04,1.6,1.0,3.65
2026-04-09_rep_1,SN2260,04:53:00,-24.0,04:47:00,04:50:00,A50 ,30.0,26.0,2.73,1.83,3.0,7.56
2026-04-09_rep_1,SN2284,05:13:00,-23.0,05:02:00,05:04:00,A58 ,24.0,20.0,2.12,1.59,2.0,5.7
2026-04-09_rep_1,SN2288,17:54:00,-1.0,18:09:00,18:11:00,A59 ,14.0,25.0,0.84,2.85,2.0,5.68
2026-04-09_rep_1,SN2292,00:08:00,0.0,00:20:00,00:22:00,A40 ,18.0,15.0,1.31,1.82,2.0,5.13
2026-04-09_rep_1,SN2298,17:49:00,-10.0,17:46:00,17:47:00,A46 ,1.0,11.0,0.06,2.31,1.0,3.38
2026-04-09_rep_1,SN2318,05:08:00,-20.0,05:00:00,05:01:00,A68 ,9.0,20.0,0.88,1.74,1.0,3.63
2026-04-09_rep_1,SN241,14:54:00,23.0,15:59:00,16:14:00,B31 A,22.0,46.0,2.46,0.08,15.0,17.55
2026-04-09_rep_1,SN2556,05:14:00,-17.0,05:23:00,05:26:00,A65 ,50.0,30.0,3.15,1.66,3.0,7.81
2026-04-09_rep_1,SN256,14:14:00,65.0,15:32:00,15:57:00,B37 A,73.0,17.0,6.9,0.08,25.0,31.99
2026-04-09_rep_1,SN2582,22:08:00,-12.0,22:16:00,22:18:00,A54 ,32.0,23.0,2.33,1.5,2.0,5.83
2026-04-09_rep_1,SN2588,05:18:00,-7.0,05:34:00,05:36:00,A42 ,21.0,31.0,1.92,1.47,2.0,5.39
2026-04-09_rep_1,SN2592,17:24:00,-10.0,17:30:00,17:31:00,A44 ,7.0,20.0,0.55,1.81,1.0,3.35
2026-04-09_rep_1,SN2608,19:14:00,-4.0,19:42:00,19:47:00,A53 ,27.0,36.0,2.56,1.76,5.0,9.32
2026-04-09_rep_1,SN2610,21:48:00,-7.0,21:55:00,21:57:00,A46 ,33.0,17.0,2.94,1.92,2.0,6.86
2026-04-09_rep_1,SN2612,22:45:00,-21.0,22:37:00,22:40:00,A58 ,30.0,18.0,1.79,1.52,3.0,6.31
2026-04-09_rep_1,SN2614,02:36:00,-11.0,02:46:00,02:48:00,A64 ,13.0,27.0,1.21,1.52,2.0,4.73
2026-04-09_rep_1,SN2618,07:39:00,-12.0,07:45:00,07:46:00,A52 ,19.0,22.0,1.98,1.56,1.0,4.55
2026-04-09_rep_1,SN2624,21:53:00,-15.0,21:49:00,21:54:00,A48 ,17.0,14.0,1.36,1.56,5.0,7.93
2026-04-09_rep_1,SN2630,17:20:00,-15.0,17:23:00,17:26:00,A43 ,5.0,23.0,0.37,2.07,3.0,5.44
2026-04-09_rep_1,SN2644,22:16:00,-15.0,22:26:00,22:28:00,A47 ,34.0,31.0,2.3,1.55,2.0,5.85
2026-04-09_rep_1,SN2646,01:22:00,28.0,01:59:00,02:00:00,A50 ,11.0,16.0,1.03,2.16,1.0,4.19
2026-04-09_rep_1,SN2650,05:04:00,-9.0,05:11:00,05:12:00,A48 ,41.0,25.0,2.79,1.64,1.0,5.43
2026-04-09_rep_1,SN2652,08:16:00,-6.0,08:25:00,08:27:00,A62 ,22.0,21.0,1.68,2.06,2.0,5.73
2026-04-09_rep_1,SN2714,21:49:00,3.0,22:12:00,22:15:00,A42 ,49.0,24.0,2.96,2.27,3.0,8.23
2026-04-09_rep_1,SN2722,03:38:00,2.0,04:10:00,04:12:00,A62 ,46.0,38.0,2.72,1.67,2.0,6.39
2026-04-09_rep_1,SN2724,07:36:00,-4.0,07:53:00,07:59:00,A55 ,57.0,27.0,5.6,2.03,6.0,13.63
2026-04-09_rep_1,SN2726,17:23:00,-5.0,17:36:00,17:42:00,A42 ,14.0,21.0,1.24,1.46,6.0,8.7
2026-04-09_rep_1,SN2730,19:23:00,-11.0,19:34:00,19:37:00,A44 ,39.0,30.0,4.27,1.3,3.0,8.57
2026-04-09_rep_1,SN2732,06:36:00,-16.0,06:30:00,06:34:00,A59 ,43.0,16.0,3.53,1.56,4.0,9.08
2026-04-09_rep_1,SN2810,22:24:00,-17.0,22:25:00,22:27:00,A56 ,12.0,22.0,1.14,1.41,2.0,4.55
2026-04-09_rep_1,SN2812,05:22:00,-10.0,05:31:00,05:32:00,A60 ,18.0,26.0,1.57,1.37,1.0,3.94
2026-04-09_rep_1,SN2816,17:23:00,-19.0,17:17:00,17:18:00,A50 ,2.0,16.0,0.16,1.18,1.0,2.34
2026-04-09_rep_1,SN2830,17:40:00,4.0,17:51:00,17:52:00,A55 ,8.0,12.0,0.52,1.67,1.0,3.2
2026-04-09_rep_1,SN2902,20:16:00,-11.0,20:21:00,20:23:00,A46 ,31.0,27.0,2.18,2.11,2.0,6.28
2026-04-09_rep_1,SN2906,05:01:00,-12.0,05:19:00,05:23:00,A49 ,80.0,36.0,9.14,1.34,4.0,14.48
2026-04-09_rep_1,SN3126,03:06:00,2.0,03:20:00,03:27:00,A68 ,26.0,18.0,2.04,1.29,7.0,10.34
2026-04-09_rep_1,SN3132,02:46:00,4.0,03:20:00,03:27:00,A58 ,145.0,36.0,9.79,1.79,7.0,18.58
2026-04-09_rep_1,SN3140,22:44:00,-8.0,22:48:00,22:54:00,A64 ,24.0,16.0,2.04,2.19,6.0,10.23
2026-04-09_rep_1,SN3146,20:07:00,-12.0,20:10:00,20:12:00,A50 ,16.0,22.0,1.05,1.83,2.0,4.88
2026-04-09_rep_1,SN3148,23:51:00,-15.0,23:48:00,23:49:00,A58 ,26.0,18.0,2.03,1.5,1.0,4.53
2026-04-09_rep_1,SN3150,05:27:00,-1.0,05:47:00,05:50:00,A44 ,45.0,28.0,3.4,1.73,3.0,8.12
2026-04-09_rep_1,SN3154,19:20:00,-17.0,19:21:00,19:23:00,A42 ,7.0,28.0,0.76,1.86,2.0,4.62
2026-04-09_rep_1,SN3170,00:27:00,-5.0,00:46:00,00:50:00,A46 ,109.0,31.0,8.76,1.42,4.0,14.18
2026-04-09_rep_1,SN3176,21:28:00,15.0,22:06:00,22:08:00,A44 ,81.0,26.0,5.81,1.69,2.0,9.5
2026-04-09_rep_1,SN3182,05:24:00,-7.0,05:40:00,05:45:00,A61 ,93.0,27.0,8.13,1.6,5.0,14.73
2026-04-09_rep_1,SN3184,08:18:00,25.0,10:12:00,10:16:00,A42 ,77.0,92.0,4.99,1.68,4.0,10.67
2026-04-09_rep_1,SN3202,23:27:00,-5.0,23:44:00,23:47:00,A62 ,76.0,29.0,5.87,1.53,3.0,10.4
2026-04-09_rep_1,SN3208,17:43:00,-7.0,17:54:00,17:56:00,A40 ,4.0,21.0,0.28,1.62,2.0,3.9
2026-04-09_rep_1,SN3246,02:56:00,23.0,03:44:00,03:47:00,A46 ,91.0,31.0,8.39,1.64,3.0,13.03
2026-04-09_rep_1,SN3326,11:24:00,17.0,12:06:00,12:12:00,B14 A,111.0,29.0,8.02,0.09,6.0,14.11
2026-04-09_rep_1,SN3344,05:21:00,-7.0,05:39:00,05:41:00,A64 ,16.0,31.0,1.38,2.26,2.0,5.64
2026-04-09_rep_1,SN3588,23:41:00,-11.0,23:59:00,00:01:00,A44 ,24.0,35.0,2.06,1.65,2.0,5.71
2026-04-09_rep_1,SN3594,17:34:00,-8.0,17:44:00,17:51:00,A45 ,1.0,22.0,0.08,2.15,7.0,9.23
2026-04-09_rep_1,SN3598,00:20:00,-4.0,00:31:00,00:33:00,A45 ,41.0,20.0,3.71,1.5,2.0,7.21
2026-04-09_rep_1,SN3604,17:30:00,2.0,17:51:00,17:54:00,A48 ,7.0,24.0,0.59,1.67,3.0,5.26
2026-04-09_rep_1,SN3622,03:15:00,8.0,03:38:00,03:41:00,A55 ,61.0,20.0,5.46,1.74,3.0,10.2
2026-04-09_rep_1,SN3632,18:48:00,-17.0,18:49:00,19:03:00,A57 ,8.0,36.0,0.95,1.73,14.0,16.68
2026-04-09_rep_1,SN3634,20:01:00,-19.0,20:13:00,20:14:00,A54 ,5.0,37.0,0.37,1.53,1.0,2.9
2026-04-09_rep_1,SN3668,22:54:00,-12.0,22:59:00,23:00:00,A60 ,28.0,21.0,1.96,1.69,1.0,4.65
2026-04-09_rep_1,SN369,14:12:00,7.0,14:39:00,15:24:00,B14 A,96.0,27.0,7.36,0.1,45.0,52.46
2026-04-09_rep_1,SN3698,23:33:00,21.0,00:24:00,00:28:00,A42 ,46.0,33.0,3.16,1.85,4.0,9.02
2026-04-09_rep_1,SN3704,02:22:00,5.0,02:51:00,02:54:00,A44 ,62.0,31.0,5.33,1.72,3.0,10.05
2026-04-09_rep_1,SN3706,08:29:00,18.0,10:12:00,10:16:00,A54 ,47.0,89.0,3.21,1.44,4.0,8.65
2026-04-09_rep_1,SN3712,03:47:00,-13.0,03:52:00,03:55:00,A52 ,50.0,25.0,3.11,1.95,3.0,8.06
2026-04-09_rep_1,SN3722,00:02:00,22.0,00:53:00,00:55:00,A52 ,71.0,36.0,5.88,1.68,2.0,9.56
2026-04-09_rep_1,SN3728,05:00:00,-6.0,05:20:00,05:23:00,A51 ,43.0,31.0,4.12,1.39,3.0,8.51
2026-04-09_rep_1,SN3730,08:15:00,20.0,08:46:00,08:47:00,A56 ,42.0,16.0,4.18,1.78,1.0,6.96
2026-04-09_rep_1,SN3732,17:40:00,-4.0,17:54:00,17:57:00,A53 ,5.0,23.0,0.42,2.25,3.0,5.67
2026-04-09_rep_1,SN3734,21:54:00,-8.0,22:10:00,22:12:00,A52 ,35.0,28.0,2.76,1.82,2.0,6.58
2026-04-09_rep_1,SN3736,03:29:00,-1.0,03:50:00,03:52:00,A42 ,61.0,26.0,6.7,1.25,2.0,9.96
2026-04-09_rep_1,SN3738,08:14:00,124.0,10:49:00,10:54:00,A64 ,113.0,35.0,7.04,1.38,5.0,13.41
2026-04-09_rep_1,SN3752,04:26:00,-5.0,04:49:00,04:52:00,A70 ,101.0,34.0,8.34,1.5,3.0,12.84
2026-04-09_rep_1,SN3772,20:37:00,-9.0,20:53:00,20:58:00,A40 ,109.0,32.0,8.3,1.55,5.0,14.84
2026-04-09_rep_1,SN3774,03:02:00,-2.0,03:19:00,03:22:00,A40 ,55.0,26.0,4.46,1.18,3.0,8.64
2026-04-09_rep_1,SN3782,09:41:00,21.0,10:28:00,10:41:00,A40 ,138.0,97.0,10.45,1.64,13.0,25.08
2026-04-09_rep_1,SN3802,01:07:00,17.0,01:56:00,01:59:00,A42 ,84.0,39.0,6.42,1.76,3.0,11.18
2026-04-09_rep_1,SN3810,06:56:00,-12.0,07:08:00,07:10:00,A48 ,55.0,30.0,4.12,1.52,2.0,7.65
2026-04-09_rep_1,SN3812,01:22:00,39.0,02:28:00,02:32:00,A56 ,75.0,34.0,7.55,1.46,4.0,13.02
2026-04-09_rep_1,SN3820,08:45:00,123.0,11:16:00,11:19:00,A46 ,84.0,33.0,7.45,1.27,3.0,11.72
2026-04-09_rep_1,SN502,16:48:00,-73.0,15:46:00,16:09:00,B11 A,92.0,19.0,9.86,0.08,23.0,32.94
2026-04-09_rep_1,SQ304,16:31:00,18.0,17:07:00,18:05:00,B17 A,250.0,24.0,20.88,0.11,58.0,79.0
2026-04-09_rep_1,TB1012,21:36:00,-15.0,21:41:00,21:45:00,A53 ,77.0,26.0,8.57,1.58,4.0,14.14
2026-04-09_rep_1,TB1014,06:01:00,16.0,06:42:00,06:46:00,A63 ,116.0,31.0,11.01,1.38,4.0,16.39
2026-04-09_rep_1,TB1112,21:06:00,5.0,21:24:00,21:27:00,A57 ,75.0,19.0,7.26,1.48,3.0,11.74
2026-04-09_rep_1,TB1114,06:25:00,5.0,06:49:00,06:52:00,A57 ,84.0,24.0,9.12,1.63,3.0,13.75
2026-04-09_rep_1,TB1242,06:24:00,8.0,06:42:00,06:43:00,A69 ,17.0,14.0,1.63,1.96,1.0,4.59
2026-04-09_rep_1,TB1417,22:21:00,-10.0,22:25:00,22:27:00,A51 ,41.0,20.0,4.11,1.35,2.0,7.45
2026-04-09_rep_1,TB1552,00:50:00,-17.0,00:52:00,01:00:00,A61 ,132.0,24.0,9.19,1.21,8.0,18.39
2026-04-09_rep_1,TB1752,00:50:00,-20.0,00:51:00,01:05:00,A57 ,134.0,26.0,11.64,1.6,14.0,27.24
2026-04-09_rep_1,TB2524,08:38:00,-6.0,08:57:00,10:06:00,B38 A,196.0,33.0,21.62,0.09,69.0,90.71
2026-04-09_rep_1,TB2534,07:06:00,0.0,07:29:00,07:35:00,B30 A,142.0,29.0,10.76,0.1,6.0,16.86
2026-04-09_rep_1,TB2612,13:14:00,-17.0,13:09:00,13:12:00,B29 A,77.0,16.0,7.25,0.13,3.0,10.39
2026-04-09_rep_1,TB2654,06:15:00,-1.0,06:34:00,06:40:00,B27 A,198.0,25.0,19.01,0.12,6.0,25.13
2026-04-09_rep_1,TB2662,13:25:00,-9.0,13:31:00,13:36:00,B9  A,89.0,20.0,6.12,1.76,5.0,12.88
2026-04-09_rep_1,TB2664,06:59:00,7.0,07:24:00,07:33:00,B5  A,154.0,22.0,14.05,2.06,9.0,25.11
2026-04-09_rep_1,TG934,16:22:00,40.0,17:31:00,18:28:00,B11 A,257.0,36.0,24.29,0.11,57.0,81.4
2026-04-09_rep_1,TK1937,19:18:00,-8.0,19:25:00,19:42:00,B28 A,167.0,23.0,15.29,0.11,17.0,32.4
2026-04-09_rep_1,TK1939,02:37:00,-8.0,02:50:00,03:14:00,B28 A,187.0,28.0,16.68,0.08,24.0,40.76
2026-04-09_rep_1,TK1941,06:32:00,16.0,06:56:00,07:07:00,B7  A,113.0,15.0,9.71,1.61,11.0,22.32
2026-04-09_rep_1,TK1943,22:30:00,-1.0,22:47:00,23:07:00,B40 A,114.0,23.0,9.02,0.14,20.0,29.16
2026-04-09_rep_1,TP640,20:07:00,-2.0,20:20:00,20:24:00,A43 ,59.0,22.0,4.68,1.9,4.0,10.58
2026-04-09_rep_1,TP642,00:10:00,35.0,01:01:00,01:08:00,A53 ,127.0,21.0,15.15,1.84,7.0,23.99
2026-04-09_rep_1,TP644,05:12:00,-7.0,05:23:00,05:31:00,A47 ,56.0,25.0,4.95,1.35,8.0,14.3
2026-04-09_rep_1,TP646,08:58:00,-8.0,10:28:00,10:30:00,A44 ,65.0,101.0,5.12,1.55,2.0,8.67
2026-04-09_rep_1,TU954,20:29:00,23.0,21:10:00,21:16:00,B9  A,108.0,22.0,10.22,1.74,6.0,17.96
2026-04-09_rep_1,UA950,16:21:00,-12.0,16:28:00,16:50:00,B38 A,114.0,25.0,10.26,0.11,22.0,32.37
2026-04-09_rep_1,UA972,18:06:00,25.0,18:43:00,19:09:00,B38 A,93.0,18.0,7.81,0.11,26.0,33.92
2026-04-09_rep_1,UA994,16:51:00,-17.0,16:53:00,17:20:00,B40 A,145.0,25.0,16.09,0.08,27.0,43.18
2026-04-09_rep_1,UX1171,18:54:00,-15.0,19:04:00,19:08:00,A60 ,78.0,34.0,6.96,1.81,4.0,12.77
2026-04-09_rep_1,UX1173,02:44:00,-15.0,02:51:00,02:55:00,A51 ,94.0,26.0,6.44,1.51,4.0,11.95
2026-04-09_rep_1,VF65,20:21:00,64.0,21:46:00,21:50:00,B34 A,125.0,27.0,9.02,0.09,4.0,13.11
2026-04-09_rep_1,VF67,01:15:00,13.0,01:46:00,01:56:00,B11 A,143.0,23.0,10.51,0.09,10.0,20.6
2026-04-09_rep_1,VY2150,19:30:00,-18.0,19:34:00,19:36:00,A51 ,28.0,27.0,2.78,1.85,2.0,6.63
2026-04-09_rep_1,VY6814,23:48:00,-9.0,23:49:00,23:51:00,A56 ,27.0,18.0,2.0,1.54,2.0,5.54
2026-04-09_rep_1,VY8978,19:07:00,-19.0,19:06:00,19:08:00,A58 ,34.0,25.0,2.42,2.07,2.0,6.48
2026-04-09_rep_1,VY8980,19:01:00,-24.0,18:48:00,18:49:00,A54 ,47.0,27.0,3.95,1.41,1.0,6.37
2026-04-09_rep_1,VY8982,02:31:00,-13.0,02:30:00,02:31:00,A45 ,35.0,18.0,3.73,1.93,1.0,6.66
2026-04-09_rep_1,VY8984,05:55:00,-6.0,06:01:00,06:03:00,A45 ,53.0,17.0,4.45,1.6,2.0,8.05
2026-04-09_rep_1,VY8986,23:34:00,-8.0,23:37:00,23:39:00,A67 ,45.0,15.0,3.02,1.52,2.0,6.54
2026-04-09_rep_1,XC5016,23:48:00,2.0,00:11:00,00:25:00,B29 A,176.0,34.0,12.66,0.11,14.0,26.77
2026-04-09_rep_2,AC826,16:58:00,-18.0,16:59:00,17:49:00,B30 A,97.0,27.0,6.82,0.09,50.0,56.91
2026-04-09_rep_2,AC832,16:17:00,-49.0,15:44:00,16:12:00,B34 A,119.0,23.0,8.34,0.07,28.0,36.41
2026-04-09_rep_2,AY1541,18:28:00,-25.0,18:21:00,18:28:00,A56 ,84.0,26.0,8.36,1.76,7.0,17.12
2026-04-09_rep_2,AY1545,03:25:00,-9.0,03:33:00,03:36:00,A63 ,66.0,22.0,5.11,1.59,3.0,9.7
2026-04-09_rep_2,AY1549,07:40:00,-31.0,07:17:00,07:19:00,A45 ,16.0,13.0,1.5,1.93,2.0,5.42
2026-04-09_rep_2,AZ148,17:40:00,-17.0,17:41:00,17:43:00,A57 ,3.0,23.0,0.21,1.37,2.0,3.58
2026-04-09_rep_2,AZ154,04:11:00,3.0,04:24:00,04:26:00,A56 ,28.0,16.0,2.45,1.8,2.0,6.25
2026-04-09_rep_2,AZ160,03:05:00,-9.0,03:09:00,03:19:00,A53 ,59.0,18.0,5.06,2.03,10.0,17.09
2026-04-09_rep_2,BA384,19:08:00,-11.0,19:11:00,19:15:00,B30 A,14.0,27.0,1.29,0.09,4.0,5.38
2026-04-09_rep_2,BA386,00:10:00,-17.0,00:26:00,00:29:00,B28 A,81.0,38.0,5.47,0.11,3.0,8.58
2026-04-09_rep_2,BA390,05:30:00,-8.0,05:37:00,05:40:00,B28 A,47.0,20.0,3.99,0.08,3.0,7.08
2026-04-09_rep_2,BT603,03:36:00,-10.0,03:40:00,03:43:00,A60 ,34.0,20.0,2.62,2.08,3.0,7.7
2026-04-09_rep_2,CX275,17:31:00,-12.0,17:40:00,18:40:00,B5  A,242.0,27.0,16.65,1.96,60.0,78.61
2026-04-09_rep_2,DL140,16:46:00,1.0,17:07:00,17:42:00,B28 A,193.0,26.0,20.51,0.1,35.0,55.6
2026-04-09_rep_2,EI630,18:45:00,6.0,19:01:00,19:04:00,B9  A,77.0,15.0,6.3,1.52,3.0,10.82
2026-04-09_rep_2,EI638,05:50:00,-14.0,05:48:00,05:52:00,B34 A,106.0,17.0,8.22,0.11,4.0,12.34
2026-04-09_rep_2,EK181,04:35:00,26.0,05:13:00,05:44:00,B31 A,219.0,17.0,16.57,0.09,31.0,47.66
2026-04-09_rep_2,EY57,17:06:00,36.0,18:01:00,18:24:00,B29 A,124.0,25.0,10.1,0.09,23.0,33.19
2026-04-09_rep_2,FB407,04:50:00,15.0,05:16:00,05:30:00,A59 ,10.0,16.0,0.71,1.35,14.0,16.07
2026-04-09_rep_2,FH8014,00:25:00,-24.0,00:19:00,00:24:00,B9  A,88.0,23.0,6.54,1.68,5.0,13.21
2026-04-09_rep_2,FI554,22:02:00,41.0,23:06:00,23:11:00,A45 ,132.0,30.0,10.43,1.62,5.0,17.05
2026-04-09_rep_2,GQ800,22:17:00,24.0,22:53:00,22:55:00,A43 ,47.0,24.0,3.12,1.32,2.0,6.45
2026-04-09_rep_2,HV9034,08:26:00,-8.0,08:40:00,08:42:00,A47 ,66.0,28.0,4.48,1.62,2.0,8.11
2026-04-09_rep_2,IB597,20:32:00,-9.0,20:41:00,20:47:00,A45 ,87.0,25.0,7.19,1.64,6.0,14.83
2026-04-09_rep_2,IB601,04:05:00,-16.0,04:09:00,04:18:00,A67 ,151.0,25.0,12.47,1.41,9.0,22.88
2026-04-09_rep_2,IB603,07:37:00,13.0,08:07:00,08:10:00,A51 ,81.0,24.0,6.27,1.65,3.0,10.93
2026-04-09_rep_2,KM420,04:22:00,-13.0,04:32:00,04:35:00,A57 ,89.0,30.0,6.45,1.64,3.0,11.09
2026-04-09_rep_2,LH1004,16:52:00,-8.0,16:58:00,17:00:00,A47 ,11.0,21.0,1.19,1.66,2.0,4.85
2026-04-09_rep_2,LO231,07:42:00,-20.0,07:34:00,07:36:00,A53 ,24.0,19.0,1.68,1.74,2.0,5.42
2026-04-09_rep_2,LO233,03:48:00,-12.0,03:50:00,03:51:00,A44 ,24.0,22.0,2.01,1.36,1.0,4.37
2026-04-09_rep_2,LO237,01:05:00,-18.0,01:05:00,01:06:00,A43 ,29.0,23.0,2.04,1.93,1.0,4.97
2026-04-09_rep_2,LX780,23:20:00,2.0,23:45:00,23:48:00,A47 ,73.0,28.0,4.31,1.67,3.0,8.98
2026-04-09_rep_2,LX786,18:05:00,-10.0,18:23:00,18:25:00,A47 ,32.0,43.0,2.52,1.88,2.0,6.4
2026-04-09_rep_2,LX788,03:40:00,5.0,04:04:00,04:07:00,A47 ,71.0,24.0,4.33,1.46,3.0,8.79
2026-04-09_rep_2,MS725,23:50:00,17.0,00:17:00,00:34:00,B32 A,142.0,15.0,9.55,0.11,17.0,26.66
2026-04-09_rep_2,OS291,18:10:00,-15.0,18:11:00,18:13:00,A51 ,12.0,21.0,1.18,1.98,2.0,5.15
2026-04-09_rep_2,OS295,01:50:00,-8.0,01:56:00,01:59:00,A47 ,79.0,19.0,5.33,1.94,3.0,10.27
2026-04-09_rep_2,OS297,04:16:00,116.0,06:30:00,06:33:00,A67 ,18.0,24.0,1.47,1.97,3.0,6.45
2026-04-09_rep_2,OU4456,04:57:00,0.0,05:07:00,05:10:00,A53 ,8.0,17.0,0.88,1.94,3.0,5.82
2026-04-09_rep_2,OU456,17:48:00,2.0,18:08:00,18:10:00,A54 ,3.0,26.0,0.25,1.35,2.0,3.6
2026-04-09_rep_2,QS1000,17:17:00,-12.0,17:23:00,17:24:00,A56 ,2.0,25.0,0.13,1.6,1.0,2.72
2026-04-09_rep_2,QS1002,03:50:00,-20.0,03:41:00,03:45:00,A61 ,21.0,16.0,1.35,1.19,4.0,6.53
2026-04-09_rep_2,RJ141,00:21:00,9.0,00:53:00,00:58:00,B30 A,69.0,29.0,5.11,0.09,5.0,10.2
2026-04-09_rep_2,RO373,03:14:00,26.0,03:52:00,03:54:00,A48 ,37.0,21.0,3.39,1.86,2.0,7.25
2026-04-09_rep_2,SK1589,03:20:00,0.0,03:39:00,03:42:00,A59 ,78.0,24.0,5.7,1.56,3.0,10.27
2026-04-09_rep_2,SK1593,23:42:00,-10.0,23:44:00,23:47:00,A49 ,54.0,19.0,5.95,1.61,3.0,10.56
2026-04-09_rep_2,SK1595,03:35:00,-8.0,03:43:00,03:46:00,A45 ,29.0,21.0,2.38,1.69,3.0,7.07
2026-04-09_rep_2,SK4743,19:46:00,-16.0,19:58:00,20:08:00,A47 ,84.0,34.0,5.72,1.78,10.0,17.5
2026-04-09_rep_2,SK4745,05:36:00,-9.0,05:46:00,05:53:00,A43 ,93.0,25.0,8.76,1.89,7.0,17.64
2026-04-09_rep_2,SK593,18:47:00,11.0,19:12:00,19:14:00,A45 ,23.0,21.0,1.96,1.89,2.0,5.85
2026-04-09_rep_2,SK597,04:55:00,-17.0,04:51:00,04:54:00,A45 ,54.0,18.0,3.18,1.76,3.0,7.94
2026-04-09_rep_2,SN1028,04:09:00,-27.0,04:04:00,04:10:00,A66 ,130.0,26.0,9.97,2.1,6.0,18.07
2026-04-09_rep_2,SN204,14:06:00,-10.0,14:13:00,14:34:00,B28 A,97.0,23.0,7.21,0.09,21.0,28.3
2026-04-09_rep_2,SN2064,00:24:00,-14.0,00:22:00,00:26:00,B40 A,38.0,16.0,2.79,0.08,4.0,6.87
2026-04-09_rep_2,SN2096,05:05:00,9.0,05:32:00,05:34:00,B36 A,40.0,23.0,2.82,0.11,2.0,4.93
2026-04-09_rep_2,SN2104,17:59:00,-9.0,18:08:00,18:14:00,B7  A,6.0,22.0,0.42,1.82,6.0,8.24
2026-04-09_rep_2,SN2258,22:28:00,-11.0,22:28:00,22:29:00,A40 ,12.0,14.0,0.74,1.61,1.0,3.36
2026-04-09_rep_2,SN2260,04:53:00,-24.0,04:47:00,04:50:00,A50 ,30.0,26.0,2.37,1.43,3.0,6.8
2026-04-09_rep_2,SN2284,05:13:00,-23.0,05:02:00,05:04:00,A58 ,24.0,20.0,1.74,1.56,2.0,5.3
2026-04-09_rep_2,SN2288,17:54:00,-1.0,18:09:00,18:11:00,A59 ,14.0,25.0,0.86,1.86,2.0,4.73
2026-04-09_rep_2,SN2292,00:08:00,0.0,00:20:00,00:22:00,A40 ,18.0,15.0,1.46,1.49,2.0,4.95
2026-04-09_rep_2,SN2298,17:49:00,-10.0,17:46:00,17:47:00,A46 ,1.0,11.0,0.1,1.86,1.0,2.96
2026-04-09_rep_2,SN2318,05:08:00,-20.0,05:00:00,05:01:00,A68 ,9.0,20.0,0.76,1.72,1.0,3.48
2026-04-09_rep_2,SN241,14:54:00,23.0,15:59:00,16:14:00,B31 A,22.0,46.0,1.8,0.1,15.0,16.9
2026-04-09_rep_2,SN2556,05:14:00,-17.0,05:23:00,05:26:00,A65 ,50.0,30.0,3.73,2.09,3.0,8.82
2026-04-09_rep_2,SN256,14:14:00,65.0,15:32:00,15:57:00,B37 A,73.0,17.0,7.65,0.08,25.0,32.73
2026-04-09_rep_2,SN2582,22:08:00,-12.0,22:16:00,22:18:00,A54 ,32.0,23.0,3.11,1.31,2.0,6.42
2026-04-09_rep_2,SN2588,05:18:00,-7.0,05:34:00,05:36:00,A42 ,21.0,31.0,2.15,1.48,2.0,5.63
2026-04-09_rep_2,SN2592,17:24:00,-10.0,17:30:00,17:31:00,A44 ,7.0,20.0,0.64,1.22,1.0,2.85
2026-04-09_rep_2,SN2608,19:14:00,-4.0,19:42:00,19:47:00,A53 ,27.0,36.0,2.33,1.71,5.0,9.03
2026-04-09_rep_2,SN2610,21:48:00,-7.0,21:55:00,21:57:00,A46 ,33.0,17.0,3.17,1.52,2.0,6.69
2026-04-09_rep_2,SN2612,22:45:00,-21.0,22:37:00,22:40:00,A58 ,30.0,18.0,2.03,1.75,3.0,6.78
2026-04-09_rep_2,SN2614,02:36:00,-11.0,02:46:00,02:48:00,A64 ,13.0,27.0,0.99,1.93,2.0,4.92
2026-04-09_rep_2,SN2618,07:39:00,-12.0,07:45:00,07:46:00,A52 ,19.0,22.0,1.78,2.17,1.0,4.95
2026-04-09_rep_2,SN2624,21:53:00,-15.0,21:49:00,21:54:00,A48 ,17.0,14.0,1.08,1.65,5.0,7.74
2026-04-09_rep_2,SN2630,17:20:00,-15.0,17:23:00,17:26:00,A43 ,5.0,23.0,0.38,1.95,3.0,5.34
2026-04-09_rep_2,SN2644,22:16:00,-15.0,22:26:00,22:28:00,A47 ,34.0,31.0,2.36,1.7,2.0,6.06
2026-04-09_rep_2,SN2646,01:22:00,28.0,01:59:00,02:00:00,A50 ,11.0,16.0,0.94,1.88,1.0,3.82
2026-04-09_rep_2,SN2650,05:04:00,-9.0,05:11:00,05:12:00,A48 ,41.0,25.0,3.24,2.09,1.0,6.33
2026-04-09_rep_2,SN2652,08:16:00,-6.0,08:25:00,08:27:00,A62 ,22.0,21.0,1.9,1.58,2.0,5.48
2026-04-09_rep_2,SN2714,21:49:00,3.0,22:12:00,22:15:00,A42 ,49.0,24.0,3.05,2.05,3.0,8.1
2026-04-09_rep_2,SN2722,03:38:00,2.0,04:10:00,04:12:00,A62 ,46.0,38.0,3.12,1.44,2.0,6.56
2026-04-09_rep_2,SN2724,07:36:00,-4.0,07:53:00,07:59:00,A55 ,57.0,27.0,4.71,1.68,6.0,12.4
2026-04-09_rep_2,SN2726,17:23:00,-5.0,17:36:00,17:42:00,A42 ,14.0,21.0,1.21,1.65,6.0,8.85
2026-04-09_rep_2,SN2730,19:23:00,-11.0,19:34:00,19:37:00,A44 ,39.0,30.0,4.33,1.59,3.0,8.92
2026-04-09_rep_2,SN2732,06:36:00,-16.0,06:30:00,06:34:00,A59 ,43.0,16.0,3.23,1.74,4.0,8.97
2026-04-09_rep_2,SN2810,22:24:00,-17.0,22:25:00,22:27:00,A56 ,12.0,22.0,1.09,1.83,2.0,4.92
2026-04-09_rep_2,SN2812,05:22:00,-10.0,05:31:00,05:32:00,A60 ,18.0,26.0,1.38,1.89,1.0,4.27
2026-04-09_rep_2,SN2816,17:23:00,-19.0,17:17:00,17:18:00,A50 ,2.0,16.0,0.15,1.61,1.0,2.76
2026-04-09_rep_2,SN2830,17:40:00,4.0,17:51:00,17:52:00,A55 ,8.0,12.0,0.64,1.67,1.0,3.31
2026-04-09_rep_2,SN2902,20:16:00,-11.0,20:21:00,20:23:00,A46 ,31.0,27.0,2.69,1.34,2.0,6.04
2026-04-09_rep_2,SN2906,05:01:00,-12.0,05:19:00,05:23:00,A49 ,80.0,36.0,7.52,2.05,4.0,13.57
2026-04-09_rep_2,SN3126,03:06:00,2.0,03:20:00,03:27:00,A68 ,26.0,18.0,2.38,1.71,7.0,11.09
2026-04-09_rep_2,SN3132,02:46:00,4.0,03:20:00,03:27:00,A58 ,145.0,36.0,14.05,1.6,7.0,22.65
2026-04-09_rep_2,SN3140,22:44:00,-8.0,22:48:00,22:54:00,A64 ,24.0,16.0,2.25,2.15,6.0,10.41
2026-04-09_rep_2,SN3146,20:07:00,-12.0,20:10:00,20:12:00,A50 ,16.0,22.0,1.14,1.68,2.0,4.81
2026-04-09_rep_2,SN3148,23:51:00,-15.0,23:48:00,23:49:00,A58 ,26.0,18.0,1.79,1.63,1.0,4.42
2026-04-09_rep_2,SN3150,05:27:00,-1.0,05:47:00,05:50:00,A44 ,45.0,28.0,4.7,2.25,3.0,9.95
2026-04-09_rep_2,SN3154,19:20:00,-17.0,19:21:00,19:23:00,A42 ,7.0,28.0,0.44,1.83,2.0,4.27
2026-04-09_rep_2,SN3170,00:27:00,-5.0,00:46:00,00:50:00,A46 ,109.0,31.0,10.49,1.53,4.0,16.02
2026-04-09_rep_2,SN3176,21:28:00,15.0,22:06:00,22:08:00,A44 ,81.0,26.0,5.08,1.32,2.0,8.4
2026-04-09_rep_2,SN3182,05:24:00,-7.0,05:40:00,05:45:00,A61 ,93.0,27.0,6.92,2.32,5.0,14.25
2026-04-09_rep_2,SN3184,08:18:00,25.0,10:12:00,10:16:00,A42 ,77.0,92.0,5.39,1.6,4.0,10.99
2026-04-09_rep_2,SN3202,23:27:00,-5.0,23:44:00,23:47:00,A62 ,76.0,29.0,5.4,1.5,3.0,9.9
2026-04-09_rep_2,SN3208,17:43:00,-7.0,17:54:00,17:56:00,A40 ,4.0,21.0,0.29,1.49,2.0,3.79
2026-04-09_rep_2,SN3246,02:56:00,23.0,03:44:00,03:47:00,A46 ,91.0,31.0,7.57,1.49,3.0,12.06
2026-04-09_rep_2,SN3326,11:24:00,17.0,12:06:00,12:12:00,B14 A,111.0,29.0,7.87,0.09,6.0,13.96
2026-04-09_rep_2,SN3344,05:21:00,-7.0,05:39:00,05:41:00,A64 ,16.0,31.0,1.21,1.94,2.0,5.15
2026-04-09_rep_2,SN3588,23:41:00,-11.0,23:59:00,00:01:00,A44 ,24.0,35.0,1.78,1.92,2.0,5.7
2026-04-09_rep_2,SN3594,17:34:00,-8.0,17:44:00,17:51:00,A45 ,1.0,22.0,0.11,1.41,7.0,8.51
2026-04-09_rep_2,SN3598,00:20:00,-4.0,00:31:00,00:33:00,A45 ,41.0,20.0,5.1,1.76,2.0,8.86
2026-04-09_rep_2,SN3604,17:30:00,2.0,17:51:00,17:54:00,A48 ,7.0,24.0,0.44,1.5,3.0,4.94
2026-04-09_rep_2,SN3622,03:15:00,8.0,03:38:00,03:41:00,A55 ,61.0,20.0,4.13,1.53,3.0,8.66
2026-04-09_rep_2,SN3632,18:48:00,-17.0,18:49:00,19:03:00,A57 ,8.0,36.0,0.7,1.3,14.0,16.0
2026-04-09_rep_2,SN3634,20:01:00,-19.0,20:13:00,20:14:00,A54 ,5.0,37.0,0.41,1.29,1.0,2.7
2026-04-09_rep_2,SN3668,22:54:00,-12.0,22:59:00,23:00:00,A60 ,28.0,21.0,2.3,1.33,1.0,4.63
2026-04-09_rep_2,SN369,14:12:00,7.0,14:39:00,15:24:00,B14 A,96.0,27.0,7.82,0.09,45.0,52.91
2026-04-09_rep_2,SN3698,23:33:00,21.0,00:24:00,00:28:00,A42 ,46.0,33.0,3.13,1.51,4.0,8.64
2026-04-09_rep_2,SN3704,02:22:00,5.0,02:51:00,02:54:00,A44 ,62.0,31.0,5.83,1.6,3.0,10.43
2026-04-09_rep_2,SN3706,08:29:00,18.0,10:12:00,10:16:00,A54 ,47.0,89.0,3.19,1.66,4.0,8.84
2026-04-09_rep_2,SN3712,03:47:00,-13.0,03:52:00,03:55:00,A52 ,50.0,25.0,3.88,2.24,3.0,9.11
2026-04-09_rep_2,SN3722,00:02:00,22.0,00:53:00,00:55:00,A52 ,71.0,36.0,7.69,1.61,2.0,11.3
2026-04-09_rep_2,SN3728,05:00:00,-6.0,05:20:00,05:23:00,A51 ,43.0,31.0,3.43,1.26,3.0,7.69
2026-04-09_rep_2,SN3730,08:15:00,20.0,08:46:00,08:47:00,A56 ,42.0,16.0,3.42,1.23,1.0,5.65
2026-04-09_rep_2,SN3732,17:40:00,-4.0,17:54:00,17:57:00,A53 ,5.0,23.0,0.31,1.41,3.0,4.72
2026-04-09_rep_2,SN3734,21:54:00,-8.0,22:10:00,22:12:00,A52 ,35.0,28.0,2.51,1.6,2.0,6.1
2026-04-09_rep_2,SN3736,03:29:00,-1.0,03:50:00,03:52:00,A42 ,61.0,26.0,5.27,1.51,2.0,8.78
2026-04-09_rep_2,SN3738,08:14:00,124.0,10:49:00,10:54:00,A64 ,113.0,35.0,10.26,1.47,5.0,16.73
2026-04-09_rep_2,SN3752,04:26:00,-5.0,04:49:00,04:52:00,A70 ,101.0,34.0,9.5,2.17,3.0,14.67
2026-04-09_rep_2,SN3772,20:37:00,-9.0,20:53:00,20:58:00,A40 ,109.0,32.0,8.55,2.25,5.0,15.8
2026-04-09_rep_2,SN3774,03:02:00,-2.0,03:19:00,03:22:00,A40 ,55.0,26.0,3.81,1.24,3.0,8.05
2026-04-09_rep_2,SN3782,09:41:00,21.0,10:28:00,10:41:00,A40 ,138.0,97.0,8.45,1.49,13.0,22.94
2026-04-09_rep_2,SN3802,01:07:00,17.0,01:56:00,01:59:00,A42 ,84.0,39.0,7.58,1.4,3.0,11.97
2026-04-09_rep_2,SN3810,06:56:00,-12.0,07:08:00,07:10:00,A48 ,55.0,30.0,3.85,1.31,2.0,7.16
2026-04-09_rep_2,SN3812,01:22:00,39.0,02:28:00,02:32:00,A56 ,75.0,34.0,7.39,1.85,4.0,13.24
2026-04-09_rep_2,SN3820,08:45:00,123.0,11:16:00,11:19:00,A46 ,84.0,33.0,6.89,1.57,3.0,11.45
2026-04-09_rep_2,SN502,16:48:00,-73.0,15:46:00,16:09:00,B11 A,92.0,19.0,9.49,0.08,23.0,32.57
2026-04-09_rep_2,SQ304,16:31:00,18.0,17:07:00,18:05:00,B17 A,250.0,24.0,18.75,0.09,58.0,76.85
2026-04-09_rep_2,TB1012,21:36:00,-15.0,21:41:00,21:45:00,A53 ,77.0,26.0,7.15,1.42,4.0,12.57
2026-04-09_rep_2,TB1014,06:01:00,16.0,06:42:00,06:46:00,A63 ,116.0,31.0,9.3,1.96,4.0,15.26
2026-04-09_rep_2,TB1112,21:06:00,5.0,21:24:00,21:27:00,A57 ,75.0,19.0,7.02,2.15,3.0,12.16
2026-04-09_rep_2,TB1114,06:25:00,5.0,06:49:00,06:52:00,A57 ,84.0,24.0,7.23,1.89,3.0,12.12
2026-04-09_rep_2,TB1242,06:24:00,8.0,06:42:00,06:43:00,A69 ,17.0,14.0,1.47,2.27,1.0,4.74
2026-04-09_rep_2,TB1417,22:21:00,-10.0,22:25:00,22:27:00,A51 ,41.0,20.0,3.79,1.37,2.0,7.16
2026-04-09_rep_2,TB1552,00:50:00,-17.0,00:52:00,01:00:00,A61 ,132.0,24.0,13.51,1.34,8.0,22.85
2026-04-09_rep_2,TB1752,00:50:00,-20.0,00:51:00,01:05:00,A57 ,134.0,26.0,10.05,1.78,14.0,25.83
2026-04-09_rep_2,TB2524,08:38:00,-6.0,08:57:00,10:06:00,B38 A,196.0,33.0,17.17,0.12,69.0,86.29
2026-04-09_rep_2,TB2534,07:06:00,0.0,07:29:00,07:35:00,B30 A,142.0,29.0,8.46,0.1,6.0,14.57
2026-04-09_rep_2,TB2612,13:14:00,-17.0,13:09:00,13:12:00,B29 A,77.0,16.0,5.98,0.1,3.0,9.07
2026-04-09_rep_2,TB2654,06:15:00,-1.0,06:34:00,06:40:00,B27 A,198.0,25.0,20.95,0.1,6.0,27.05
2026-04-09_rep_2,TB2662,13:25:00,-9.0,13:31:00,13:36:00,B9  A,89.0,20.0,5.52,1.85,5.0,12.37
2026-04-09_rep_2,TB2664,06:59:00,7.0,07:24:00,07:33:00,B5  A,154.0,22.0,10.47,1.65,9.0,21.12
2026-04-09_rep_2,TG934,16:22:00,40.0,17:31:00,18:28:00,B11 A,257.0,36.0,22.9,0.12,57.0,80.02
2026-04-09_rep_2,TK1937,19:18:00,-8.0,19:25:00,19:42:00,B28 A,167.0,23.0,16.07,0.07,17.0,33.14
2026-04-09_rep_2,TK1939,02:37:00,-8.0,02:50:00,03:14:00,B28 A,187.0,28.0,18.78,0.1,24.0,42.88
2026-04-09_rep_2,TK1941,06:32:00,16.0,06:56:00,07:07:00,B7  A,113.0,15.0,7.69,1.41,11.0,20.1
2026-04-09_rep_2,TK1943,22:30:00,-1.0,22:47:00,23:07:00,B40 A,114.0,23.0,8.49,0.1,20.0,28.6
2026-04-09_rep_2,TP640,20:07:00,-2.0,20:20:00,20:24:00,A43 ,59.0,22.0,3.94,1.66,4.0,9.6
2026-04-09_rep_2,TP642,00:10:00,35.0,01:01:00,01:08:00,A53 ,127.0,21.0,9.84,1.67,7.0,18.51
2026-04-09_rep_2,TP644,05:12:00,-7.0,05:23:00,05:31:00,A47 ,56.0,25.0,4.04,1.65,8.0,13.69
2026-04-09_rep_2,TP646,08:58:00,-8.0,10:28:00,10:30:00,A44 ,65.0,101.0,4.09,1.6,2.0,7.69
2026-04-09_rep_2,TU954,20:29:00,23.0,21:10:00,21:16:00,B9  A,108.0,22.0,11.73,1.68,6.0,19.4
2026-04-09_rep_2,UA950,16:21:00,-12.0,16:28:00,16:50:00,B38 A,114.0,25.0,11.03,0.08,22.0,33.11
2026-04-09_rep_2,UA972,18:06:00,25.0,18:43:00,19:09:00,B38 A,93.0,18.0,6.89,0.11,26.0,33.0
2026-04-09_rep_2,UA994,16:51:00,-17.0,16:53:00,17:20:00,B40 A,145.0,25.0,9.5,0.1,27.0,36.6
2026-04-09_rep_2,UX1171,18:54:00,-15.0,19:04:00,19:08:00,A60 ,78.0,34.0,5.58,2.13,4.0,11.71
2026-04-09_rep_2,UX1173,02:44:00,-15.0,02:51:00,02:55:00,A51 ,94.0,26.0,7.21,1.39,4.0,12.6
2026-04-09_rep_2,VF65,20:21:00,64.0,21:46:00,21:50:00,B34 A,125.0,27.0,12.61,0.1,4.0,16.71
2026-04-09_rep_2,VF67,01:15:00,13.0,01:46:00,01:56:00,B11 A,143.0,23.0,10.34,0.1,10.0,20.44
2026-04-09_rep_2,VY2150,19:30:00,-18.0,19:34:00,19:36:00,A51 ,28.0,27.0,2.42,1.65,2.0,6.08
2026-04-09_rep_2,VY6814,23:48:00,-9.0,23:49:00,23:51:00,A56 ,27.0,18.0,1.6,2.36,2.0,5.95
2026-04-09_rep_2,VY8978,19:07:00,-19.0,19:06:00,19:08:00,A58 ,34.0,25.0,2.7,1.94,2.0,6.64
2026-04-09_rep_2,VY8980,19:01:00,-24.0,18:48:00,18:49:00,A54 ,47.0,27.0,5.13,1.59,1.0,7.72
2026-04-09_rep_2,VY8982,02:31:00,-13.0,02:30:00,02:31:00,A45 ,35.0,18.0,3.91,1.83,1.0,6.74
2026-04-09_rep_2,VY8984,05:55:00,-6.0,06:01:00,06:03:00,A45 ,53.0,17.0,4.51,1.65,2.0,8.15
2026-04-09_rep_2,VY8986,23:34:00,-8.0,23:37:00,23:39:00,A67 ,45.0,15.0,2.91,1.39,2.0,6.29
2026-04-09_rep_2,XC5016,23:48:00,2.0,00:11:00,00:25:00,B29 A,176.0,34.0,14.13,0.1,14.0,28.23
2026-04-09_rep_3,AC826,16:58:00,-18.0,16:59:00,17:49:00,B30 A,97.0,27.0,8.26,0.12,50.0,58.37
2026-04-09_rep_3,AC832,16:17:00,-49.0,15:44:00,16:12:00,B34 A,119.0,23.0,8.07,0.11,28.0,36.18
2026-04-09_rep_3,AY1541,18:28:00,-25.0,18:21:00,18:28:00,A56 ,84.0,26.0,7.23,1.3,7.0,15.53
2026-04-09_rep_3,AY1545,03:25:00,-9.0,03:33:00,03:36:00,A63 ,66.0,22.0,4.8,1.61,3.0,9.41
2026-04-09_rep_3,AY1549,07:40:00,-31.0,07:17:00,07:19:00,A45 ,16.0,13.0,1.13,1.82,2.0,4.95
2026-04-09_rep_3,AZ148,17:40:00,-17.0,17:41:00,17:43:00,A57 ,3.0,23.0,0.26,1.74,2.0,4.01
2026-04-09_rep_3,AZ154,04:11:00,3.0,04:24:00,04:26:00,A56 ,28.0,16.0,2.05,1.7,2.0,5.75
2026-04-09_rep_3,AZ160,03:05:00,-9.0,03:09:00,03:19:00,A53 ,59.0,18.0,3.85,2.12,10.0,15.96
2026-04-09_rep_3,BA384,19:08:00,-11.0,19:11:00,19:15:00,B30 A,14.0,27.0,1.35,0.09,4.0,5.44
2026-04-09_rep_3,BA386,00:10:00,-17.0,00:26:00,00:29:00,B28 A,81.0,38.0,6.1,0.11,3.0,9.21
2026-04-09_rep_3,BA390,05:30:00,-8.0,05:37:00,05:40:00,B28 A,47.0,20.0,3.79,0.1,3.0,6.89
2026-04-09_rep_3,BT603,03:36:00,-10.0,03:40:00,03:43:00,A60 ,34.0,20.0,3.52,1.48,3.0,7.99
2026-04-09_rep_3,CX275,17:31:00,-12.0,17:40:00,18:40:00,B5  A,242.0,27.0,14.28,1.63,60.0,75.91
2026-04-09_rep_3,DL140,16:46:00,1.0,17:07:00,17:42:00,B28 A,193.0,26.0,23.78,0.1,35.0,58.88
2026-04-09_rep_3,EI630,18:45:00,6.0,19:01:00,19:04:00,B9  A,77.0,15.0,6.15,2.02,3.0,11.17
2026-04-09_rep_3,EI638,05:50:00,-14.0,05:48:00,05:52:00,B34 A,106.0,17.0,8.78,0.1,4.0,12.89
2026-04-09_rep_3,EK181,04:35:00,26.0,05:13:00,05:44:00,B31 A,219.0,17.0,15.29,0.11,31.0,46.4
2026-04-09_rep_3,EY57,17:06:00,36.0,18:01:00,18:24:00,B29 A,124.0,25.0,8.71,0.1,23.0,31.81
2026-04-09_rep_3,FB407,04:50:00,15.0,05:16:00,05:30:00,A59 ,10.0,16.0,0.74,1.75,14.0,16.49
2026-04-09_rep_3,FH8014,00:25:00,-24.0,00:19:00,00:24:00,B9  A,88.0,23.0,5.56,1.96,5.0,12.51
2026-04-09_rep_3,FI554,22:02:00,41.0,23:06:00,23:11:00,A45 ,132.0,30.0,15.01,1.65,5.0,21.66
2026-04-09_rep_3,GQ800,22:17:00,24.0,22:53:00,22:55:00,A43 ,47.0,24.0,3.38,2.04,2.0,7.42
2026-04-09_rep_3,HV9034,08:26:00,-8.0,08:40:00,08:42:00,A47 ,66.0,28.0,4.92,1.9,2.0,8.82
2026-04-09_rep_3,IB597,20:32:00,-9.0,20:41:00,20:47:00,A45 ,87.0,25.0,6.89,1.77,6.0,14.65
2026-04-09_rep_3,IB601,04:05:00,-16.0,04:09:00,04:18:00,A67 ,151.0,25.0,14.24,1.88,9.0,25.12
2026-04-09_rep_3,IB603,07:37:00,13.0,08:07:00,08:10:00,A51 ,81.0,24.0,6.32,1.6,3.0,10.92
2026-04-09_rep_3,KM420,04:22:00,-13.0,04:32:00,04:35:00,A57 ,89.0,30.0,5.41,1.79,3.0,10.2
2026-04-09_rep_3,LH1004,16:52:00,-8.0,16:58:00,17:00:00,A47 ,11.0,21.0,0.77,1.74,2.0,4.51
2026-04-09_rep_3,LO231,07:42:00,-20.0,07:34:00,07:36:00,A53 ,24.0,19.0,2.54,1.48,2.0,6.02
2026-04-09_rep_3,LO233,03:48:00,-12.0,03:50:00,03:51:00,A44 ,24.0,22.0,2.11,1.36,1.0,4.47
2026-04-09_rep_3,LO237,01:05:00,-18.0,01:05:00,01:06:00,A43 ,29.0,23.0,1.82,1.67,1.0,4.49
2026-04-09_rep_3,LX780,23:20:00,2.0,23:45:00,23:48:00,A47 ,73.0,28.0,6.15,1.22,3.0,10.38
2026-04-09_rep_3,LX786,18:05:00,-10.0,18:23:00,18:25:00,A47 ,32.0,43.0,2.85,1.45,2.0,6.3
2026-04-09_rep_3,LX788,03:40:00,5.0,04:04:00,04:07:00,A47 ,71.0,24.0,4.43,1.81,3.0,9.24
2026-04-09_rep_3,MS725,23:50:00,17.0,00:17:00,00:34:00,B32 A,142.0,15.0,10.49,0.07,17.0,27.57
2026-04-09_rep_3,OS291,18:10:00,-15.0,18:11:00,18:13:00,A51 ,12.0,21.0,0.93,1.64,2.0,4.57
2026-04-09_rep_3,OS295,01:50:00,-8.0,01:56:00,01:59:00,A47 ,79.0,19.0,9.54,1.8,3.0,14.34
2026-04-09_rep_3,OS297,04:16:00,116.0,06:30:00,06:33:00,A67 ,18.0,24.0,1.33,1.69,3.0,6.02
2026-04-09_rep_3,OU4456,04:57:00,0.0,05:07:00,05:10:00,A53 ,8.0,17.0,0.71,1.44,3.0,5.14
2026-04-09_rep_3,OU456,17:48:00,2.0,18:08:00,18:10:00,A54 ,3.0,26.0,0.25,1.66,2.0,3.91
2026-04-09_rep_3,QS1000,17:17:00,-12.0,17:23:00,17:24:00,A56 ,2.0,25.0,0.16,1.58,1.0,2.73
2026-04-09_rep_3,QS1002,03:50:00,-20.0,03:41:00,03:45:00,A61 ,21.0,16.0,1.61,1.72,4.0,7.33
2026-04-09_rep_3,RJ141,00:21:00,9.0,00:53:00,00:58:00,B30 A,69.0,29.0,6.59,0.11,5.0,11.69
2026-04-09_rep_3,RO373,03:14:00,26.0,03:52:00,03:54:00,A48 ,37.0,21.0,3.2,1.78,2.0,6.98
2026-04-09_rep_3,SK1589,03:20:00,0.0,03:39:00,03:42:00,A59 ,78.0,24.0,6.94,1.08,3.0,11.01
2026-04-09_rep_3,SK1593,23:42:00,-10.0,23:44:00,23:47:00,A49 ,54.0,19.0,4.5,1.65,3.0,9.14
2026-04-09_rep_3,SK1595,03:35:00,-8.0,03:43:00,03:46:00,A45 ,29.0,21.0,2.34,1.62,3.0,6.95
2026-04-09_rep_3,SK4743,19:46:00,-16.0,19:58:00,20:08:00,A47 ,84.0,34.0,6.66,2.11,10.0,18.78
2026-04-09_rep_3,SK4745,05:36:00,-9.0,05:46:00,05:53:00,A43 ,93.0,25.0,8.08,1.59,7.0,16.67
2026-04-09_rep_3,SK593,18:47:00,11.0,19:12:00,19:14:00,A45 ,23.0,21.0,2.15,1.92,2.0,6.07
2026-04-09_rep_3,SK597,04:55:00,-17.0,04:51:00,04:54:00,A45 ,54.0,18.0,3.97,1.96,3.0,8.93
2026-04-09_rep_3,SN1028,04:09:00,-27.0,04:04:00,04:10:00,A66 ,130.0,26.0,9.72,1.57,6.0,17.29
2026-04-09_rep_3,SN204,14:06:00,-10.0,14:13:00,14:34:00,B28 A,97.0,23.0,10.37,0.14,21.0,31.52
2026-04-09_rep_3,SN2064,00:24:00,-14.0,00:22:00,00:26:00,B40 A,38.0,16.0,3.33,0.13,4.0,7.46
2026-04-09_rep_3,SN2096,05:05:00,9.0,05:32:00,05:34:00,B36 A,40.0,23.0,4.05,0.08,2.0,6.13
2026-04-09_rep_3,SN2104,17:59:00,-9.0,18:08:00,18:14:00,B7  A,6.0,22.0,0.42,1.28,6.0,7.7
2026-04-09_rep_3,SN2258,22:28:00,-11.0,22:28:00,22:29:00,A40 ,12.0,14.0,1.22,1.58,1.0,3.8
2026-04-09_rep_3,SN2260,04:53:00,-24.0,04:47:00,04:50:00,A50 ,30.0,26.0,2.17,1.63,3.0,6.81
2026-04-09_rep_3,SN2284,05:13:00,-23.0,05:02:00,05:04:00,A58 ,24.0,20.0,1.85,1.86,2.0,5.71
2026-04-09_rep_3,SN2288,17:54:00,-1.0,18:09:00,18:11:00,A59 ,14.0,25.0,1.05,1.38,2.0,4.43
2026-04-09_rep_3,SN2292,00:08:00,0.0,00:20:00,00:22:00,A40 ,18.0,15.0,2.06,1.55,2.0,5.61
2026-04-09_rep_3,SN2298,17:49:00,-10.0,17:46:00,17:47:00,A46 ,1.0,11.0,0.08,2.0,1.0,3.08
2026-04-09_rep_3,SN2318,05:08:00,-20.0,05:00:00,05:01:00,A68 ,9.0,20.0,0.73,1.96,1.0,3.69
2026-04-09_rep_3,SN241,14:54:00,23.0,15:59:00,16:14:00,B31 A,22.0,46.0,1.79,0.08,15.0,16.87
2026-04-09_rep_3,SN2556,05:14:00,-17.0,05:23:00,05:26:00,A65 ,50.0,30.0,3.13,1.44,3.0,7.57
2026-04-09_rep_3,SN256,14:14:00,65.0,15:32:00,15:57:00,B37 A,73.0,17.0,5.55,0.12,25.0,30.67
2026-04-09_rep_3,SN2582,22:08:00,-12.0,22:16:00,22:18:00,A54 ,32.0,23.0,2.72,1.66,2.0,6.37
2026-04-09_rep_3,SN2588,05:18:00,-7.0,05:34:00,05:36:00,A42 ,21.0,31.0,1.35,1.74,2.0,5.09
2026-04-09_rep_3,SN2592,17:24:00,-10.0,17:30:00,17:31:00,A44 ,7.0,20.0,0.44,2.0,1.0,3.44
2026-04-09_rep_3,SN2608,19:14:00,-4.0,19:42:00,19:47:00,A53 ,27.0,36.0,2.79,1.78,5.0,9.58
2026-04-09_rep_3,SN2610,21:48:00,-7.0,21:55:00,21:57:00,A46 ,33.0,17.0,3.32,1.45,2.0,6.77
2026-04-09_rep_3,SN2612,22:45:00,-21.0,22:37:00,22:40:00,A58 ,30.0,18.0,2.0,2.07,3.0,7.07
2026-04-09_rep_3,SN2614,02:36:00,-11.0,02:46:00,02:48:00,A64 ,13.0,27.0,0.95,1.48,2.0,4.43
2026-04-09_rep_3,SN2618,07:39:00,-12.0,07:45:00,07:46:00,A52 ,19.0,22.0,1.57,2.02,1.0,4.59
2026-04-09_rep_3,SN2624,21:53:00,-15.0,21:49:00,21:54:00,A48 ,17.0,14.0,1.22,1.83,5.0,8.05
2026-04-09_rep_3,SN2630,17:20:00,-15.0,17:23:00,17:26:00,A43 ,5.0,23.0,0.43,1.64,3.0,5.07
2026-04-09_rep_3,SN2644,22:16:00,-15.0,22:26:00,22:28:00,A47 ,34.0,31.0,2.41,1.6,2.0,6.01
2026-04-09_rep_3,SN2646,01:22:00,28.0,01:59:00,02:00:00,A50 ,11.0,16.0,1.17,1.8,1.0,3.97
2026-04-09_rep_3,SN2650,05:04:00,-9.0,05:11:00,05:12:00,A48 ,41.0,25.0,3.98,1.84,1.0,6.82
2026-04-09_rep_3,SN2652,08:16:00,-6.0,08:25:00,08:27:00,A62 ,22.0,21.0,1.6,1.62,2.0,5.22
2026-04-09_rep_3,SN2714,21:49:00,3.0,22:12:00,22:15:00,A42 ,49.0,24.0,3.86,1.66,3.0,8.52
2026-04-09_rep_3,SN2722,03:38:00,2.0,04:10:00,04:12:00,A62 ,46.0,38.0,3.23,1.44,2.0,6.67
2026-04-09_rep_3,SN2724,07:36:00,-4.0,07:53:00,07:59:00,A55 ,57.0,27.0,3.96,1.53,6.0,11.49
2026-04-09_rep_3,SN2726,17:23:00,-5.0,17:36:00,17:42:00,A42 ,14.0,21.0,1.04,1.46,6.0,8.5
2026-04-09_rep_3,SN2730,19:23:00,-11.0,19:34:00,19:37:00,A44 ,39.0,30.0,3.44,1.48,3.0,7.92
2026-04-09_rep_3,SN2732,06:36:00,-16.0,06:30:00,06:34:00,A59 ,43.0,16.0,3.08,1.43,4.0,8.52
2026-04-09_rep_3,SN2810,22:24:00,-17.0,22:25:00,22:27:00,A56 ,12.0,22.0,0.77,1.82,2.0,4.59
2026-04-09_rep_3,SN2812,05:22:00,-10.0,05:31:00,05:32:00,A60 ,18.0,26.0,1.46,1.64,1.0,4.1
2026-04-09_rep_3,SN2816,17:23:00,-19.0,17:17:00,17:18:00,A50 ,2.0,16.0,0.18,1.68,1.0,2.86
2026-04-09_rep_3,SN2830,17:40:00,4.0,17:51:00,17:52:00,A55 ,8.0,12.0,0.75,1.31,1.0,3.06
2026-04-09_rep_3,SN2902,20:16:00,-11.0,20:21:00,20:23:00,A46 ,31.0,27.0,2.31,1.83,2.0,6.14
2026-04-09_rep_3,SN2906,05:01:00,-12.0,05:19:00,05:23:00,A49 ,80.0,36.0,5.54,1.39,4.0,10.94
2026-04-09_rep_3,SN3126,03:06:00,2.0,03:20:00,03:27:00,A68 ,26.0,18.0,1.6,2.19,7.0,10.79
2026-04-09_rep_3,SN3132,02:46:00,4.0,03:20:00,03:27:00,A58 ,145.0,36.0,11.81,1.35,7.0,20.16
2026-04-09_rep_3,SN3140,22:44:00,-8.0,22:48:00,22:54:00,A64 ,24.0,16.0,2.49,1.56,6.0,10.05
2026-04-09_rep_3,SN3146,20:07:00,-12.0,20:10:00,20:12:00,A50 ,16.0,22.0,1.46,1.73,2.0,5.19
2026-04-09_rep_3,SN3148,23:51:00,-15.0,23:48:00,23:49:00,A58 ,26.0,18.0,2.81,1.56,1.0,5.38
2026-04-09_rep_3,SN3150,05:27:00,-1.0,05:47:00,05:50:00,A44 ,45.0,28.0,3.74,1.75,3.0,8.49
2026-04-09_rep_3,SN3154,19:20:00,-17.0,19:21:00,19:23:00,A42 ,7.0,28.0,0.68,2.06,2.0,4.74
2026-04-09_rep_3,SN3170,00:27:00,-5.0,00:46:00,00:50:00,A46 ,109.0,31.0,9.98,1.72,4.0,15.7
2026-04-09_rep_3,SN3176,21:28:00,15.0,22:06:00,22:08:00,A44 ,81.0,26.0,5.75,1.52,2.0,9.27
2026-04-09_rep_3,SN3182,05:24:00,-7.0,05:40:00,05:45:00,A61 ,93.0,27.0,7.48,2.07,5.0,14.55
2026-04-09_rep_3,SN3184,08:18:00,25.0,10:12:00,10:16:00,A42 ,77.0,92.0,5.86,1.71,4.0,11.58
2026-04-09_rep_3,SN3202,23:27:00,-5.0,23:44:00,23:47:00,A62 ,76.0,29.0,5.31,1.57,3.0,9.89
2026-04-09_rep_3,SN3208,17:43:00,-7.0,17:54:00,17:56:00,A40 ,4.0,21.0,0.39,1.72,2.0,4.11
2026-04-09_rep_3,SN3246,02:56:00,23.0,03:44:00,03:47:00,A46 ,91.0,31.0,7.61,1.43,3.0,12.05
2026-04-09_rep_3,SN3326,11:24:00,17.0,12:06:00,12:12:00,B14 A,111.0,29.0,9.5,0.1,6.0,15.59
2026-04-09_rep_3,SN3344,05:21:00,-7.0,05:39:00,05:41:00,A64 ,16.0,31.0,1.32,1.65,2.0,4.97
2026-04-09_rep_3,SN3588,23:41:00,-11.0,23:59:00,00:01:00,A44 ,24.0,35.0,1.91,1.32,2.0,5.23
2026-04-09_rep_3,SN3594,17:34:00,-8.0,17:44:00,17:51:00,A45 ,1.0,22.0,0.1,1.49,7.0,8.59
2026-04-09_rep_3,SN3598,00:20:00,-4.0,00:31:00,00:33:00,A45 ,41.0,20.0,2.55,1.81,2.0,6.35
2026-04-09_rep_3,SN3604,17:30:00,2.0,17:51:00,17:54:00,A48 ,7.0,24.0,0.56,2.03,3.0,5.58
2026-04-09_rep_3,SN3622,03:15:00,8.0,03:38:00,03:41:00,A55 ,61.0,20.0,5.32,1.93,3.0,10.25
2026-04-09_rep_3,SN3632,18:48:00,-17.0,18:49:00,19:03:00,A57 ,8.0,36.0,0.56,1.83,14.0,16.38
2026-04-09_rep_3,SN3634,20:01:00,-19.0,20:13:00,20:14:00,A54 ,5.0,37.0,0.37,1.69,1.0,3.07
2026-04-09_rep_3,SN3668,22:54:00,-12.0,22:59:00,23:00:00,A60 ,28.0,21.0,2.08,1.35,1.0,4.43
2026-04-09_rep_3,SN369,14:12:00,7.0,14:39:00,15:24:00,B14 A,96.0,27.0,6.28,0.11,45.0,51.39
2026-04-09_rep_3,SN3698,23:33:00,21.0,00:24:00,00:28:00,A42 ,46.0,33.0,3.41,2.03,4.0,9.44
2026-04-09_rep_3,SN3704,02:22:00,5.0,02:51:00,02:54:00,A44 ,62.0,31.0,5.34,1.31,3.0,9.66
2026-04-09_rep_3,SN3706,08:29:00,18.0,10:12:00,10:16:00,A54 ,47.0,89.0,3.04,1.75,4.0,8.79
2026-04-09_rep_3,SN3712,03:47:00,-13.0,03:52:00,03:55:00,A52 ,50.0,25.0,3.58,1.67,3.0,8.24
2026-04-09_rep_3,SN3722,00:02:00,22.0,00:53:00,00:55:00,A52 ,71.0,36.0,5.02,1.59,2.0,8.61
2026-04-09_rep_3,SN3728,05:00:00,-6.0,05:20:00,05:23:00,A51 ,43.0,31.0,3.2,1.76,3.0,7.96
2026-04-09_rep_3,SN3730,08:15:00,20.0,08:46:00,08:47:00,A56 ,42.0,16.0,2.74,1.3,1.0,5.04
2026-04-09_rep_3,SN3732,17:40:00,-4.0,17:54:00,17:57:00,A53 ,5.0,23.0,0.4,1.53,3.0,4.93
2026-04-09_rep_3,SN3734,21:54:00,-8.0,22:10:00,22:12:00,A52 ,35.0,28.0,2.9,1.61,2.0,6.51
2026-04-09_rep_3,SN3736,03:29:00,-1.0,03:50:00,03:52:00,A42 ,61.0,26.0,5.23,1.56,2.0,8.79
2026-04-09_rep_3,SN3738,08:14:00,124.0,10:49:00,10:54:00,A64 ,113.0,35.0,8.65,1.71,5.0,15.36
2026-04-09_rep_3,SN3752,04:26:00,-5.0,04:49:00,04:52:00,A70 ,101.0,34.0,9.3,1.56,3.0,13.86
2026-04-09_rep_3,SN3772,20:37:00,-9.0,20:53:00,20:58:00,A40 ,109.0,32.0,7.44,1.65,5.0,14.09
2026-04-09_rep_3,SN3774,03:02:00,-2.0,03:19:00,03:22:00,A40 ,55.0,26.0,4.44,1.38,3.0,8.82
2026-04-09_rep_3,SN3782,09:41:00,21.0,10:28:00,10:41:00,A40 ,138.0,97.0,11.47,2.09,13.0,26.56
2026-04-09_rep_3,SN3802,01:07:00,17.0,01:56:00,01:59:00,A42 ,84.0,39.0,6.37,1.95,3.0,11.32
2026-04-09_rep_3,SN3810,06:56:00,-12.0,07:08:00,07:10:00,A48 ,55.0,30.0,3.91,1.96,2.0,7.88
2026-04-09_rep_3,SN3812,01:22:00,39.0,02:28:00,02:32:00,A56 ,75.0,34.0,5.32,1.76,4.0,11.08
2026-04-09_rep_3,SN3820,08:45:00,123.0,11:16:00,11:19:00,A46 ,84.0,33.0,8.54,1.4,3.0,12.94
2026-04-09_rep_3,SN502,16:48:00,-73.0,15:46:00,16:09:00,B11 A,92.0,19.0,9.79,0.11,23.0,32.89
2026-04-09_rep_3,SQ304,16:31:00,18.0,17:07:00,18:05:00,B17 A,250.0,24.0,17.07,0.08,58.0,75.15
2026-04-09_rep_3,TB1012,21:36:00,-15.0,21:41:00,21:45:00,A53 ,77.0,26.0,6.79,1.1,4.0,11.89
2026-04-09_rep_3,TB1014,06:01:00,16.0,06:42:00,06:46:00,A63 ,116.0,31.0,9.82,1.64,4.0,15.46
2026-04-09_rep_3,TB1112,21:06:00,5.0,21:24:00,21:27:00,A57 ,75.0,19.0,6.64,1.72,3.0,11.36
2026-04-09_rep_3,TB1114,06:25:00,5.0,06:49:00,06:52:00,A57 ,84.0,24.0,5.62,1.41,3.0,10.03
2026-04-09_rep_3,TB1242,06:24:00,8.0,06:42:00,06:43:00,A69 ,17.0,14.0,1.16,1.84,1.0,4.0
2026-04-09_rep_3,TB1417,22:21:00,-10.0,22:25:00,22:27:00,A51 ,41.0,20.0,3.87,1.67,2.0,7.54
2026-04-09_rep_3,TB1552,00:50:00,-17.0,00:52:00,01:00:00,A61 ,132.0,24.0,10.12,2.01,8.0,20.13
2026-04-09_rep_3,TB1752,00:50:00,-20.0,00:51:00,01:05:00,A57 ,134.0,26.0,13.09,1.85,14.0,28.94
2026-04-09_rep_3,TB2524,08:38:00,-6.0,08:57:00,10:06:00,B38 A,196.0,33.0,16.18,0.11,69.0,85.29
2026-04-09_rep_3,TB2534,07:06:00,0.0,07:29:00,07:35:00,B30 A,142.0,29.0,15.3,0.15,6.0,21.46
2026-04-09_rep_3,TB2612,13:14:00,-17.0,13:09:00,13:12:00,B29 A,77.0,16.0,7.54,0.1,3.0,10.64
2026-04-09_rep_3,TB2654,06:15:00,-1.0,06:34:00,06:40:00,B27 A,198.0,25.0,18.48,0.12,6.0,24.6
2026-04-09_rep_3,TB2662,13:25:00,-9.0,13:31:00,13:36:00,B9  A,89.0,20.0,7.09,1.45,5.0,13.54
2026-04-09_rep_3,TB2664,06:59:00,7.0,07:24:00,07:33:00,B5  A,154.0,22.0,13.01,1.66,9.0,23.68
2026-04-09_rep_3,TG934,16:22:00,40.0,17:31:00,18:28:00,B11 A,257.0,36.0,28.68,0.12,57.0,85.79
2026-04-09_rep_3,TK1937,19:18:00,-8.0,19:25:00,19:42:00,B28 A,167.0,23.0,13.85,0.12,17.0,30.97
2026-04-09_rep_3,TK1939,02:37:00,-8.0,02:50:00,03:14:00,B28 A,187.0,28.0,15.72,0.11,24.0,39.82
2026-04-09_rep_3,TK1941,06:32:00,16.0,06:56:00,07:07:00,B7  A,113.0,15.0,13.38,1.62,11.0,25.99
2026-04-09_rep_3,TK1943,22:30:00,-1.0,22:47:00,23:07:00,B40 A,114.0,23.0,8.06,0.13,20.0,28.19
2026-04-09_rep_3,TP640,20:07:00,-2.0,20:20:00,20:24:00,A43 ,59.0,22.0,4.18,1.44,4.0,9.62
2026-04-09_rep_3,TP642,00:10:00,35.0,01:01:00,01:08:00,A53 ,127.0,21.0,8.74,1.65,7.0,17.39
2026-04-09_rep_3,TP644,05:12:00,-7.0,05:23:00,05:31:00,A47 ,56.0,25.0,4.94,1.62,8.0,14.55
2026-04-09_rep_3,TP646,08:58:00,-8.0,10:28:00,10:30:00,A44 ,65.0,101.0,4.28,1.87,2.0,8.16
2026-04-09_rep_3,TU954,20:29:00,23.0,21:10:00,21:16:00,B9  A,108.0,22.0,8.26,1.45,6.0,15.71
2026-04-09_rep_3,UA950,16:21:00,-12.0,16:28:00,16:50:00,B38 A,114.0,25.0,9.65,0.1,22.0,31.76
2026-04-09_rep_3,UA972,18:06:00,25.0,18:43:00,19:09:00,B38 A,93.0,18.0,6.0,0.11,26.0,32.1
2026-04-09_rep_3,UA994,16:51:00,-17.0,16:53:00,17:20:00,B40 A,145.0,25.0,9.5,0.09,27.0,36.6
2026-04-09_rep_3,UX1171,18:54:00,-15.0,19:04:00,19:08:00,A60 ,78.0,34.0,6.28,1.99,4.0,12.28
2026-04-09_rep_3,UX1173,02:44:00,-15.0,02:51:00,02:55:00,A51 ,94.0,26.0,8.36,1.87,4.0,14.23
2026-04-09_rep_3,VF65,20:21:00,64.0,21:46:00,21:50:00,B34 A,125.0,27.0,8.91,0.07,4.0,12.98
2026-04-09_rep_3,VF67,01:15:00,13.0,01:46:00,01:56:00,B11 A,143.0,23.0,10.88,0.1,10.0,20.98
2026-04-09_rep_3,VY2150,19:30:00,-18.0,19:34:00,19:36:00,A51 ,28.0,27.0,1.85,1.53,2.0,5.38
2026-04-09_rep_3,VY6814,23:48:00,-9.0,23:49:00,23:51:00,A56 ,27.0,18.0,2.07,1.54,2.0,5.61
2026-04-09_rep_3,VY8978,19:07:00,-19.0,19:06:00,19:08:00,A58 ,34.0,25.0,2.53,1.43,2.0,5.96
2026-04-09_rep_3,VY8980,19:01:00,-24.0,18:48:00,18:49:00,A54 ,47.0,27.0,3.24,1.15,1.0,5.39
2026-04-09_rep_3,VY8982,02:31:00,-13.0,02:30:00,02:31:00,A45 ,35.0,18.0,2.26,1.61,1.0,4.87
2026-04-09_rep_3,VY8984,05:55:00,-6.0,06:01:00,06:03:00,A45 ,53.0,17.0,3.38,1.44,2.0,6.81
2026-04-09_rep_3,VY8986,23:34:00,-8.0,23:37:00,23:39:00,A67 ,45.0,15.0,3.66,1.53,2.0,7.19
2026-04-09_rep_3,XC5016,23:48:00,2.0,00:11:00,00:25:00,B29 A,176.0,34.0,16.9,0.08,14.0,30.98
2026-04-09_rep_4,AC826,16:58:00,-18.0,16:59:00,17:49:00,B30 A,97.0,27.0,7.82,0.11,50.0,57.93
2026-04-09_rep_4,AC832,16:17:00,-49.0,15:44:00,16:12:00,B34 A,119.0,23.0,9.6,0.1,28.0,37.7
2026-04-09_rep_4,AY1541,18:28:00,-25.0,18:21:00,18:28:00,A56 ,84.0,26.0,5.87,1.79,7.0,14.66
2026-04-09_rep_4,AY1545,03:25:00,-9.0,03:33:00,03:36:00,A63 ,66.0,22.0,4.92,1.52,3.0,9.45
2026-04-09_rep_4,AY1549,07:40:00,-31.0,07:17:00,07:19:00,A45 ,16.0,13.0,1.27,1.46,2.0,4.73
2026-04-09_rep_4,AZ148,17:40:00,-17.0,17:41:00,17:43:00,A57 ,3.0,23.0,0.2,1.95,2.0,4.15
2026-04-09_rep_4,AZ154,04:11:00,3.0,04:24:00,04:26:00,A56 ,28.0,16.0,2.15,1.26,2.0,5.4
2026-04-09_rep_4,AZ160,03:05:00,-9.0,03:09:00,03:19:00,A53 ,59.0,18.0,4.43,2.08,10.0,16.52
2026-04-09_rep_4,BA384,19:08:00,-11.0,19:11:00,19:15:00,B30 A,14.0,27.0,1.19,0.14,4.0,5.33
2026-04-09_rep_4,BA386,00:10:00,-17.0,00:26:00,00:29:00,B28 A,81.0,38.0,7.04,0.08,3.0,10.12
2026-04-09_rep_4,BA390,05:30:00,-8.0,05:37:00,05:40:00,B28 A,47.0,20.0,5.09,0.09,3.0,8.18
2026-04-09_rep_4,BT603,03:36:00,-10.0,03:40:00,03:43:00,A60 ,34.0,20.0,2.71,1.56,3.0,7.27
2026-04-09_rep_4,CX275,17:31:00,-12.0,17:40:00,18:40:00,B5  A,242.0,27.0,19.92,2.25,60.0,82.17
2026-04-09_rep_4,DL140,16:46:00,1.0,17:07:00,17:42:00,B28 A,193.0,26.0,15.15,0.11,35.0,50.26
2026-04-09_rep_4,EI630,18:45:00,6.0,19:01:00,19:04:00,B9  A,77.0,15.0,7.82,1.73,3.0,12.55
2026-04-09_rep_4,EI638,05:50:00,-14.0,05:48:00,05:52:00,B34 A,106.0,17.0,8.9,0.1,4.0,13.01
2026-04-09_rep_4,EK181,04:35:00,26.0,05:13:00,05:44:00,B31 A,219.0,17.0,15.24,0.09,31.0,46.33
2026-04-09_rep_4,EY57,17:06:00,36.0,18:01:00,18:24:00,B29 A,124.0,25.0,7.32,0.1,23.0,30.41
2026-04-09_rep_4,FB407,04:50:00,15.0,05:16:00,05:30:00,A59 ,10.0,16.0,0.86,1.89,14.0,16.76
2026-04-09_rep_4,FH8014,00:25:00,-24.0,00:19:00,00:24:00,B9  A,88.0,23.0,6.0,1.94,5.0,12.94
2026-04-09_rep_4,FI554,22:02:00,41.0,23:06:00,23:11:00,A45 ,132.0,30.0,9.32,1.87,5.0,16.19
2026-04-09_rep_4,GQ800,22:17:00,24.0,22:53:00,22:55:00,A43 ,47.0,24.0,3.99,1.59,2.0,7.58
2026-04-09_rep_4,HV9034,08:26:00,-8.0,08:40:00,08:42:00,A47 ,66.0,28.0,4.7,1.68,2.0,8.38
2026-04-09_rep_4,IB597,20:32:00,-9.0,20:41:00,20:47:00,A45 ,87.0,25.0,6.6,1.35,6.0,13.95
2026-04-09_rep_4,IB601,04:05:00,-16.0,04:09:00,04:18:00,A67 ,151.0,25.0,9.89,1.78,9.0,20.67
2026-04-09_rep_4,IB603,07:37:00,13.0,08:07:00,08:10:00,A51 ,81.0,24.0,8.12,1.47,3.0,12.59
2026-04-09_rep_4,KM420,04:22:00,-13.0,04:32:00,04:35:00,A57 ,89.0,30.0,6.67,1.8,3.0,11.47
2026-04-09_rep_4,LH1004,16:52:00,-8.0,16:58:00,17:00:00,A47 ,11.0,21.0,0.98,1.94,2.0,4.92
2026-04-09_rep_4,LO231,07:42:00,-20.0,07:34:00,07:36:00,A53 ,24.0,19.0,2.05,1.62,2.0,5.66
2026-04-09_rep_4,LO233,03:48:00,-12.0,03:50:00,03:51:00,A44 ,24.0,22.0,1.89,1.48,1.0,4.37
2026-04-09_rep_4,LO237,01:05:00,-18.0,01:05:00,01:06:00,A43 ,29.0,23.0,2.61,2.12,1.0,5.73
2026-04-09_rep_4,LX780,23:20:00,2.0,23:45:00,23:48:00,A47 ,73.0,28.0,6.76,2.25,3.0,12.02
2026-04-09_rep_4,LX786,18:05:00,-10.0,18:23:00,18:25:00,A47 ,32.0,43.0,2.35,1.43,2.0,5.78
2026-04-09_rep_4,LX788,03:40:00,5.0,04:04:00,04:07:00,A47 ,71.0,24.0,5.7,1.55,3.0,10.25
2026-04-09_rep_4,MS725,23:50:00,17.0,00:17:00,00:34:00,B32 A,142.0,15.0,10.74,0.1,17.0,27.84
2026-04-09_rep_4,OS291,18:10:00,-15.0,18:11:00,18:13:00,A51 ,12.0,21.0,0.93,1.77,2.0,4.69
2026-04-09_rep_4,OS295,01:50:00,-8.0,01:56:00,01:59:00,A47 ,79.0,19.0,5.6,1.48,3.0,10.08
2026-04-09_rep_4,OS297,04:16:00,116.0,06:30:00,06:33:00,A67 ,18.0,24.0,1.53,1.51,3.0,6.03
2026-04-09_rep_4,OU4456,04:57:00,0.0,05:07:00,05:10:00,A53 ,8.0,17.0,0.8,1.92,3.0,5.72
2026-04-09_rep_4,OU456,17:48:00,2.0,18:08:00,18:10:00,A54 ,3.0,26.0,0.28,1.42,2.0,3.7
2026-04-09_rep_4,QS1000,17:17:00,-12.0,17:23:00,17:24:00,A56 ,2.0,25.0,0.18,1.52,1.0,2.7
2026-04-09_rep_4,QS1002,03:50:00,-20.0,03:41:00,03:45:00,A61 ,21.0,16.0,1.83,1.32,4.0,7.16
2026-04-09_rep_4,RJ141,00:21:00,9.0,00:53:00,00:58:00,B30 A,69.0,29.0,6.06,0.09,5.0,11.15
2026-04-09_rep_4,RO373,03:14:00,26.0,03:52:00,03:54:00,A48 ,37.0,21.0,3.48,1.75,2.0,7.23
2026-04-09_rep_4,SK1589,03:20:00,0.0,03:39:00,03:42:00,A59 ,78.0,24.0,5.66,1.72,3.0,10.38
2026-04-09_rep_4,SK1593,23:42:00,-10.0,23:44:00,23:47:00,A49 ,54.0,19.0,4.91,2.15,3.0,10.06
2026-04-09_rep_4,SK1595,03:35:00,-8.0,03:43:00,03:46:00,A45 ,29.0,21.0,2.43,1.89,3.0,7.32
2026-04-09_rep_4,SK4743,19:46:00,-16.0,19:58:00,20:08:00,A47 ,84.0,34.0,5.53,1.62,10.0,17.16
2026-04-09_rep_4,SK4745,05:36:00,-9.0,05:46:00,05:53:00,A43 ,93.0,25.0,8.49,1.92,7.0,17.41
2026-04-09_rep_4,SK593,18:47:00,11.0,19:12:00,19:14:00,A45 ,23.0,21.0,2.1,2.01,2.0,6.12
2026-04-09_rep_4,SK597,04:55:00,-17.0,04:51:00,04:54:00,A45 ,54.0,18.0,4.32,1.89,3.0,9.21
2026-04-09_rep_4,SN1028,04:09:00,-27.0,04:04:00,04:10:00,A66 ,130.0,26.0,11.9,1.87,6.0,19.77
2026-04-09_rep_4,SN204,14:06:00,-10.0,14:13:00,14:34:00,B28 A,97.0,23.0,7.75,0.11,21.0,28.86
2026-04-09_rep_4,SN2064,00:24:00,-14.0,00:22:00,00:26:00,B40 A,38.0,16.0,2.81,0.11,4.0,6.92
2026-04-09_rep_4,SN2096,05:05:00,9.0,05:32:00,05:34:00,B36 A,40.0,23.0,3.69,0.14,2.0,5.83
2026-04-09_rep_4,SN2104,17:59:00,-9.0,18:08:00,18:14:00,B7  A,6.0,22.0,0.61,1.83,6.0,8.44
2026-04-09_rep_4,SN2258,22:28:00,-11.0,22:28:00,22:29:00,A40 ,12.0,14.0,0.96,1.61,1.0,3.57
2026-04-09_rep_4,SN2260,04:53:00,-24.0,04:47:00,04:50:00,A50 ,30.0,26.0,3.03,2.0,3.0,8.03
2026-04-09_rep_4,SN2284,05:13:00,-23.0,05:02:00,05:04:00,A58 ,24.0,20.0,2.07,2.06,2.0,6.13
2026-04-09_rep_4,SN2288,17:54:00,-1.0,18:09:00,18:11:00,A59 ,14.0,25.0,1.62,1.26,2.0,4.88
2026-04-09_rep_4,SN2292,00:08:00,0.0,00:20:00,00:22:00,A40 ,18.0,15.0,1.34,1.74,2.0,5.09
2026-04-09_rep_4,SN2298,17:49:00,-10.0,17:46:00,17:47:00,A46 ,1.0,11.0,0.07,1.95,1.0,3.02
2026-04-09_rep_4,SN2318,05:08:00,-20.0,05:00:00,05:01:00,A68 ,9.0,20.0,0.57,2.48,1.0,4.06
2026-04-09_rep_4,SN241,14:54:00,23.0,15:59:00,16:14:00,B31 A,22.0,46.0,2.02,0.11,15.0,17.13
2026-04-09_rep_4,SN2556,05:14:00,-17.0,05:23:00,05:26:00,A65 ,50.0,30.0,4.0,1.53,3.0,8.54
2026-04-09_rep_4,SN256,14:14:00,65.0,15:32:00,15:57:00,B37 A,73.0,17.0,7.13,0.1,25.0,32.22
2026-04-09_rep_4,SN2582,22:08:00,-12.0,22:16:00,22:18:00,A54 ,32.0,23.0,2.53,1.68,2.0,6.21
2026-04-09_rep_4,SN2588,05:18:00,-7.0,05:34:00,05:36:00,A42 ,21.0,31.0,1.44,1.48,2.0,4.92
2026-04-09_rep_4,SN2592,17:24:00,-10.0,17:30:00,17:31:00,A44 ,7.0,20.0,0.43,1.4,1.0,2.83
2026-04-09_rep_4,SN2608,19:14:00,-4.0,19:42:00,19:47:00,A53 ,27.0,36.0,2.11,1.46,5.0,8.57
2026-04-09_rep_4,SN2610,21:48:00,-7.0,21:55:00,21:57:00,A46 ,33.0,17.0,2.71,1.42,2.0,6.13
2026-04-09_rep_4,SN2612,22:45:00,-21.0,22:37:00,22:40:00,A58 ,30.0,18.0,2.46,1.69,3.0,7.14
2026-04-09_rep_4,SN2614,02:36:00,-11.0,02:46:00,02:48:00,A64 ,13.0,27.0,0.87,1.3,2.0,4.18
2026-04-09_rep_4,SN2618,07:39:00,-12.0,07:45:00,07:46:00,A52 ,19.0,22.0,2.21,2.0,1.0,5.21
2026-04-09_rep_4,SN2624,21:53:00,-15.0,21:49:00,21:54:00,A48 ,17.0,14.0,1.69,1.7,5.0,8.39
2026-04-09_rep_4,SN2630,17:20:00,-15.0,17:23:00,17:26:00,A43 ,5.0,23.0,0.38,1.24,3.0,4.62
2026-04-09_rep_4,SN2644,22:16:00,-15.0,22:26:00,22:28:00,A47 ,34.0,31.0,2.89,2.33,2.0,7.22
2026-04-09_rep_4,SN2646,01:22:00,28.0,01:59:00,02:00:00,A50 ,11.0,16.0,0.73,1.44,1.0,3.17
2026-04-09_rep_4,SN2650,05:04:00,-9.0,05:11:00,05:12:00,A48 ,41.0,25.0,3.5,1.41,1.0,5.91
2026-04-09_rep_4,SN2652,08:16:00,-6.0,08:25:00,08:27:00,A62 ,22.0,21.0,1.8,1.55,2.0,5.35
2026-04-09_rep_4,SN2714,21:49:00,3.0,22:12:00,22:15:00,A42 ,49.0,24.0,3.62,1.87,3.0,8.49
2026-04-09_rep_4,SN2722,03:38:00,2.0,04:10:00,04:12:00,A62 ,46.0,38.0,3.16,2.28,2.0,7.44
2026-04-09_rep_4,SN2724,07:36:00,-4.0,07:53:00,07:59:00,A55 ,57.0,27.0,5.71,1.77,6.0,13.47
2026-04-09_rep_4,SN2726,17:23:00,-5.0,17:36:00,17:42:00,A42 ,14.0,21.0,1.47,1.17,6.0,8.64
2026-04-09_rep_4,SN2730,19:23:00,-11.0,19:34:00,19:37:00,A44 ,39.0,30.0,3.14,1.65,3.0,7.79
2026-04-09_rep_4,SN2732,06:36:00,-16.0,06:30:00,06:34:00,A59 ,43.0,16.0,3.79,1.95,4.0,9.74
2026-04-09_rep_4,SN2810,22:24:00,-17.0,22:25:00,22:27:00,A56 ,12.0,22.0,1.08,2.07,2.0,5.15
2026-04-09_rep_4,SN2812,05:22:00,-10.0,05:31:00,05:32:00,A60 ,18.0,26.0,1.54,1.97,1.0,4.51
2026-04-09_rep_4,SN2816,17:23:00,-19.0,17:17:00,17:18:00,A50 ,2.0,16.0,0.17,1.66,1.0,2.83
2026-04-09_rep_4,SN2830,17:40:00,4.0,17:51:00,17:52:00,A55 ,8.0,12.0,0.63,1.87,1.0,3.5
2026-04-09_rep_4,SN2902,20:16:00,-11.0,20:21:00,20:23:00,A46 ,31.0,27.0,3.2,1.5,2.0,6.71
2026-04-09_rep_4,SN2906,05:01:00,-12.0,05:19:00,05:23:00,A49 ,80.0,36.0,5.4,1.7,4.0,11.1
2026-04-09_rep_4,SN3126,03:06:00,2.0,03:20:00,03:27:00,A68 ,26.0,18.0,2.22,1.81,7.0,11.04
2026-04-09_rep_4,SN3132,02:46:00,4.0,03:20:00,03:27:00,A58 ,145.0,36.0,13.58,1.81,7.0,22.39
2026-04-09_rep_4,SN3140,22:44:00,-8.0,22:48:00,22:54:00,A64 ,24.0,16.0,2.0,1.36,6.0,9.36
2026-04-09_rep_4,SN3146,20:07:00,-12.0,20:10:00,20:12:00,A50 ,16.0,22.0,1.25,1.4,2.0,4.66
2026-04-09_rep_4,SN3148,23:51:00,-15.0,23:48:00,23:49:00,A58 ,26.0,18.0,2.19,1.2,1.0,4.39
2026-04-09_rep_4,SN3150,05:27:00,-1.0,05:47:00,05:50:00,A44 ,45.0,28.0,3.13,1.89,3.0,8.02
2026-04-09_rep_4,SN3154,19:20:00,-17.0,19:21:00,19:23:00,A42 ,7.0,28.0,0.58,1.91,2.0,4.49
2026-04-09_rep_4,SN3170,00:27:00,-5.0,00:46:00,00:50:00,A46 ,109.0,31.0,9.53,2.52,4.0,16.06
2026-04-09_rep_4,SN3176,21:28:00,15.0,22:06:00,22:08:00,A44 ,81.0,26.0,7.39,1.93,2.0,11.32
2026-04-09_rep_4,SN3182,05:24:00,-7.0,05:40:00,05:45:00,A61 ,93.0,27.0,6.43,1.73,5.0,13.17
2026-04-09_rep_4,SN3184,08:18:00,25.0,10:12:00,10:16:00,A42 ,77.0,92.0,5.21,1.66,4.0,10.88
2026-04-09_rep_4,SN3202,23:27:00,-5.0,23:44:00,23:47:00,A62 ,76.0,29.0,6.44,1.55,3.0,10.98
2026-04-09_rep_4,SN3208,17:43:00,-7.0,17:54:00,17:56:00,A40 ,4.0,21.0,0.29,1.94,2.0,4.23
2026-04-09_rep_4,SN3246,02:56:00,23.0,03:44:00,03:47:00,A46 ,91.0,31.0,6.0,1.46,3.0,10.45
2026-04-09_rep_4,SN3326,11:24:00,17.0,12:06:00,12:12:00,B14 A,111.0,29.0,8.54,0.11,6.0,14.65
2026-04-09_rep_4,SN3344,05:21:00,-7.0,05:39:00,05:41:00,A64 ,16.0,31.0,1.49,1.5,2.0,5.0
2026-04-09_rep_4,SN3588,23:41:00,-11.0,23:59:00,00:01:00,A44 ,24.0,35.0,2.06,1.85,2.0,5.91
2026-04-09_rep_4,SN3594,17:34:00,-8.0,17:44:00,17:51:00,A45 ,1.0,22.0,0.07,1.49,7.0,8.56
2026-04-09_rep_4,SN3598,00:20:00,-4.0,00:31:00,00:33:00,A45 ,41.0,20.0,2.72,1.34,2.0,6.05
2026-04-09_rep_4,SN3604,17:30:00,2.0,17:51:00,17:54:00,A48 ,7.0,24.0,0.5,1.34,3.0,4.84
2026-04-09_rep_4,SN3622,03:15:00,8.0,03:38:00,03:41:00,A55 ,61.0,20.0,5.14,2.26,3.0,10.4
2026-04-09_rep_4,SN3632,18:48:00,-17.0,18:49:00,19:03:00,A57 ,8.0,36.0,0.74,1.59,14.0,16.33
2026-04-09_rep_4,SN3634,20:01:00,-19.0,20:13:00,20:14:00,A54 ,5.0,37.0,0.31,1.43,1.0,2.74
2026-04-09_rep_4,SN3668,22:54:00,-12.0,22:59:00,23:00:00,A60 ,28.0,21.0,2.27,1.86,1.0,5.13
2026-04-09_rep_4,SN369,14:12:00,7.0,14:39:00,15:24:00,B14 A,96.0,27.0,8.3,0.1,45.0,53.4
2026-04-09_rep_4,SN3698,23:33:00,21.0,00:24:00,00:28:00,A42 ,46.0,33.0,4.38,1.55,4.0,9.94
2026-04-09_rep_4,SN3704,02:22:00,5.0,02:51:00,02:54:00,A44 ,62.0,31.0,4.09,1.81,3.0,8.89
2026-04-09_rep_4,SN3706,08:29:00,18.0,10:12:00,10:16:00,A54 ,47.0,89.0,3.75,1.76,4.0,9.5
2026-04-09_rep_4,SN3712,03:47:00,-13.0,03:52:00,03:55:00,A52 ,50.0,25.0,3.38,1.83,3.0,8.21
2026-04-09_rep_4,SN3722,00:02:00,22.0,00:53:00,00:55:00,A52 ,71.0,36.0,6.63,2.07,2.0,10.7
2026-04-09_rep_4,SN3728,05:00:00,-6.0,05:20:00,05:23:00,A51 ,43.0,31.0,4.22,1.49,3.0,8.71
2026-04-09_rep_4,SN3730,08:15:00,20.0,08:46:00,08:47:00,A56 ,42.0,16.0,2.79,1.28,1.0,5.07
2026-04-09_rep_4,SN3732,17:40:00,-4.0,17:54:00,17:57:00,A53 ,5.0,23.0,0.6,1.56,3.0,5.16
2026-04-09_rep_4,SN3734,21:54:00,-8.0,22:10:00,22:12:00,A52 ,35.0,28.0,3.35,2.0,2.0,7.36
2026-04-09_rep_4,SN3736,03:29:00,-1.0,03:50:00,03:52:00,A42 ,61.0,26.0,4.6,1.83,2.0,8.44
2026-04-09_rep_4,SN3738,08:14:00,124.0,10:49:00,10:54:00,A64 ,113.0,35.0,7.73,1.41,5.0,14.15
2026-04-09_rep_4,SN3752,04:26:00,-5.0,04:49:00,04:52:00,A70 ,101.0,34.0,6.8,2.28,3.0,12.09
2026-04-09_rep_4,SN3772,20:37:00,-9.0,20:53:00,20:58:00,A40 ,109.0,32.0,8.44,1.41,5.0,14.85
2026-04-09_rep_4,SN3774,03:02:00,-2.0,03:19:00,03:22:00,A40 ,55.0,26.0,3.93,1.17,3.0,8.1
2026-04-09_rep_4,SN3782,09:41:00,21.0,10:28:00,10:41:00,A40 ,138.0,97.0,9.59,1.37,13.0,23.96
2026-04-09_rep_4,SN3802,01:07:00,17.0,01:56:00,01:59:00,A42 ,84.0,39.0,7.55,1.54,3.0,12.09
2026-04-09_rep_4,SN3810,06:56:00,-12.0,07:08:00,07:10:00,A48 ,55.0,30.0,4.24,1.8,2.0,8.04
2026-04-09_rep_4,SN3812,01:22:00,39.0,02:28:00,02:32:00,A56 ,75.0,34.0,7.24,1.69,4.0,12.93
2026-04-09_rep_4,SN3820,08:45:00,123.0,11:16:00,11:19:00,A46 ,84.0,33.0,9.17,1.79,3.0,13.96
2026-04-09_rep_4,SN502,16:48:00,-73.0,15:46:00,16:09:00,B11 A,92.0,19.0,6.66,0.12,23.0,29.78
2026-04-09_rep_4,SQ304,16:31:00,18.0,17:07:00,18:05:00,B17 A,250.0,24.0,15.35,0.1,58.0,73.45
2026-04-09_rep_4,TB1012,21:36:00,-15.0,21:41:00,21:45:00,A53 ,77.0,26.0,7.09,1.58,4.0,12.67
2026-04-09_rep_4,TB1014,06:01:00,16.0,06:42:00,06:46:00,A63 ,116.0,31.0,8.7,1.36,4.0,14.06
2026-04-09_rep_4,TB1112,21:06:00,5.0,21:24:00,21:27:00,A57 ,75.0,19.0,6.98,1.45,3.0,11.43
2026-04-09_rep_4,TB1114,06:25:00,5.0,06:49:00,06:52:00,A57 ,84.0,24.0,7.3,1.95,3.0,12.25
2026-04-09_rep_4,TB1242,06:24:00,8.0,06:42:00,06:43:00,A69 ,17.0,14.0,1.21,1.52,1.0,3.73
2026-04-09_rep_4,TB1417,22:21:00,-10.0,22:25:00,22:27:00,A51 ,41.0,20.0,4.22,1.67,2.0,7.89
2026-04-09_rep_4,TB1552,00:50:00,-17.0,00:52:00,01:00:00,A61 ,132.0,24.0,12.18,1.54,8.0,21.72
2026-04-09_rep_4,TB1752,00:50:00,-20.0,00:51:00,01:05:00,A57 ,134.0,26.0,15.36,3.2,14.0,32.57
2026-04-09_rep_4,TB2524,08:38:00,-6.0,08:57:00,10:06:00,B38 A,196.0,33.0,14.66,0.11,69.0,83.76
2026-04-09_rep_4,TB2534,07:06:00,0.0,07:29:00,07:35:00,B30 A,142.0,29.0,9.92,0.09,6.0,16.01
2026-04-09_rep_4,TB2612,13:14:00,-17.0,13:09:00,13:12:00,B29 A,77.0,16.0,8.02,0.12,3.0,11.14
2026-04-09_rep_4,TB2654,06:15:00,-1.0,06:34:00,06:40:00,B27 A,198.0,25.0,14.94,0.09,6.0,21.04
2026-04-09_rep_4,TB2662,13:25:00,-9.0,13:31:00,13:36:00,B9  A,89.0,20.0,7.26,1.5,5.0,13.76
2026-04-09_rep_4,TB2664,06:59:00,7.0,07:24:00,07:33:00,B5  A,154.0,22.0,11.67,1.58,9.0,22.24
2026-04-09_rep_4,TG934,16:22:00,40.0,17:31:00,18:28:00,B11 A,257.0,36.0,18.15,0.08,57.0,75.23
2026-04-09_rep_4,TK1937,19:18:00,-8.0,19:25:00,19:42:00,B28 A,167.0,23.0,20.26,0.11,17.0,37.37
2026-04-09_rep_4,TK1939,02:37:00,-8.0,02:50:00,03:14:00,B28 A,187.0,28.0,14.0,0.09,24.0,38.1
2026-04-09_rep_4,TK1941,06:32:00,16.0,06:56:00,07:07:00,B7  A,113.0,15.0,10.18,1.64,11.0,22.82
2026-04-09_rep_4,TK1943,22:30:00,-1.0,22:47:00,23:07:00,B40 A,114.0,23.0,8.87,0.1,20.0,28.97
2026-04-09_rep_4,TP640,20:07:00,-2.0,20:20:00,20:24:00,A43 ,59.0,22.0,4.62,1.74,4.0,10.36
2026-04-09_rep_4,TP642,00:10:00,35.0,01:01:00,01:08:00,A53 ,127.0,21.0,10.86,1.57,7.0,19.43
2026-04-09_rep_4,TP644,05:12:00,-7.0,05:23:00,05:31:00,A47 ,56.0,25.0,3.86,1.25,8.0,13.11
2026-04-09_rep_4,TP646,08:58:00,-8.0,10:28:00,10:30:00,A44 ,65.0,101.0,5.25,1.58,2.0,8.83
2026-04-09_rep_4,TU954,20:29:00,23.0,21:10:00,21:16:00,B9  A,108.0,22.0,8.63,1.76,6.0,16.39
2026-04-09_rep_4,UA950,16:21:00,-12.0,16:28:00,16:50:00,B38 A,114.0,25.0,10.11,0.09,22.0,32.2
2026-04-09_rep_4,UA972,18:06:00,25.0,18:43:00,19:09:00,B38 A,93.0,18.0,6.81,0.11,26.0,32.92
2026-04-09_rep_4,UA994,16:51:00,-17.0,16:53:00,17:20:00,B40 A,145.0,25.0,14.53,0.08,27.0,41.62
2026-04-09_rep_4,UX1171,18:54:00,-15.0,19:04:00,19:08:00,A60 ,78.0,34.0,5.61,1.09,4.0,10.71
2026-04-09_rep_4,UX1173,02:44:00,-15.0,02:51:00,02:55:00,A51 ,94.0,26.0,8.57,1.32,4.0,13.89
2026-04-09_rep_4,VF65,20:21:00,64.0,21:46:00,21:50:00,B34 A,125.0,27.0,9.23,0.1,4.0,13.33
2026-04-09_rep_4,VF67,01:15:00,13.0,01:46:00,01:56:00,B11 A,143.0,23.0,12.94,0.1,10.0,23.05
2026-04-09_rep_4,VY2150,19:30:00,-18.0,19:34:00,19:36:00,A51 ,28.0,27.0,2.07,2.02,2.0,6.09
2026-04-09_rep_4,VY6814,23:48:00,-9.0,23:49:00,23:51:00,A56 ,27.0,18.0,2.56,1.48,2.0,6.04
2026-04-09_rep_4,VY8978,19:07:00,-19.0,19:06:00,19:08:00,A58 ,34.0,25.0,2.54,1.44,2.0,5.98
2026-04-09_rep_4,VY8980,19:01:00,-24.0,18:48:00,18:49:00,A54 ,47.0,27.0,3.57,1.67,1.0,6.23
2026-04-09_rep_4,VY8982,02:31:00,-13.0,02:30:00,02:31:00,A45 ,35.0,18.0,2.36,1.56,1.0,4.92
2026-04-09_rep_4,VY8984,05:55:00,-6.0,06:01:00,06:03:00,A45 ,53.0,17.0,3.51,1.67,2.0,7.18
2026-04-09_rep_4,VY8986,23:34:00,-8.0,23:37:00,23:39:00,A67 ,45.0,15.0,4.31,1.52,2.0,7.83
2026-04-09_rep_4,XC5016,23:48:00,2.0,00:11:00,00:25:00,B29 A,176.0,34.0,14.36,0.11,14.0,28.46
2026-04-09_rep_5,AC826,16:58:00,-18.0,16:59:00,17:49:00,B30 A,97.0,27.0,10.04,0.1,50.0,60.15
2026-04-09_rep_5,AC832,16:17:00,-49.0,15:44:00,16:12:00,B34 A,119.0,23.0,8.02,0.09,28.0,36.11
2026-04-09_rep_5,AY1541,18:28:00,-25.0,18:21:00,18:28:00,A56 ,84.0,26.0,6.99,2.23,7.0,16.22
2026-04-09_rep_5,AY1545,03:25:00,-9.0,03:33:00,03:36:00,A63 ,66.0,22.0,6.83,1.38,3.0,11.21
2026-04-09_rep_5,AY1549,07:40:00,-31.0,07:17:00,07:19:00,A45 ,16.0,13.0,1.39,1.76,2.0,5.15
2026-04-09_rep_5,AZ148,17:40:00,-17.0,17:41:00,17:43:00,A57 ,3.0,23.0,0.36,1.55,2.0,3.91
2026-04-09_rep_5,AZ154,04:11:00,3.0,04:24:00,04:26:00,A56 ,28.0,16.0,1.84,1.36,2.0,5.19
2026-04-09_rep_5,AZ160,03:05:00,-9.0,03:09:00,03:19:00,A53 ,59.0,18.0,4.54,1.31,10.0,15.85
2026-04-09_rep_5,BA384,19:08:00,-11.0,19:11:00,19:15:00,B30 A,14.0,27.0,1.24,0.09,4.0,5.34
2026-04-09_rep_5,BA386,00:10:00,-17.0,00:26:00,00:29:00,B28 A,81.0,38.0,6.41,0.08,3.0,9.49
2026-04-09_rep_5,BA390,05:30:00,-8.0,05:37:00,05:40:00,B28 A,47.0,20.0,3.61,0.13,3.0,6.74
2026-04-09_rep_5,BT603,03:36:00,-10.0,03:40:00,03:43:00,A60 ,34.0,20.0,2.68,1.63,3.0,7.31
2026-04-09_rep_5,CX275,17:31:00,-12.0,17:40:00,18:40:00,B5  A,242.0,27.0,23.69,1.4,60.0,85.08
2026-04-09_rep_5,DL140,16:46:00,1.0,17:07:00,17:42:00,B28 A,193.0,26.0,12.46,0.09,35.0,47.55
2026-04-09_rep_5,EI630,18:45:00,6.0,19:01:00,19:04:00,B9  A,77.0,15.0,6.68,1.97,3.0,11.65
2026-04-09_rep_5,EI638,05:50:00,-14.0,05:48:00,05:52:00,B34 A,106.0,17.0,7.86,0.09,4.0,11.95
2026-04-09_rep_5,EK181,04:35:00,26.0,05:13:00,05:44:00,B31 A,219.0,17.0,14.72,0.1,31.0,45.82
2026-04-09_rep_5,EY57,17:06:00,36.0,18:01:00,18:24:00,B29 A,124.0,25.0,9.78,0.11,23.0,32.89
2026-04-09_rep_5,FB407,04:50:00,15.0,05:16:00,05:30:00,A59 ,10.0,16.0,0.75,1.44,14.0,16.18
2026-04-09_rep_5,FH8014,00:25:00,-24.0,00:19:00,00:24:00,B9  A,88.0,23.0,6.52,2.24,5.0,13.76
2026-04-09_rep_5,FI554,22:02:00,41.0,23:06:00,23:11:00,A45 ,132.0,30.0,10.02,1.59,5.0,16.61
2026-04-09_rep_5,GQ800,22:17:00,24.0,22:53:00,22:55:00,A43 ,47.0,24.0,3.28,1.64,2.0,6.92
2026-04-09_rep_5,HV9034,08:26:00,-8.0,08:40:00,08:42:00,A47 ,66.0,28.0,4.65,1.25,2.0,7.9
2026-04-09_rep_5,IB597,20:32:00,-9.0,20:41:00,20:47:00,A45 ,87.0,25.0,6.9,1.7,6.0,14.6
2026-04-09_rep_5,IB601,04:05:00,-16.0,04:09:00,04:18:00,A67 ,151.0,25.0,10.56,1.98,9.0,21.54
2026-04-09_rep_5,IB603,07:37:00,13.0,08:07:00,08:10:00,A51 ,81.0,24.0,5.81,2.28,3.0,11.09
2026-04-09_rep_5,KM420,04:22:00,-13.0,04:32:00,04:35:00,A57 ,89.0,30.0,6.19,1.69,3.0,10.89
2026-04-09_rep_5,LH1004,16:52:00,-8.0,16:58:00,17:00:00,A47 ,11.0,21.0,1.08,1.37,2.0,4.45
2026-04-09_rep_5,LO231,07:42:00,-20.0,07:34:00,07:36:00,A53 ,24.0,19.0,1.92,1.48,2.0,5.4
2026-04-09_rep_5,LO233,03:48:00,-12.0,03:50:00,03:51:00,A44 ,24.0,22.0,2.02,1.92,1.0,4.95
2026-04-09_rep_5,LO237,01:05:00,-18.0,01:05:00,01:06:00,A43 ,29.0,23.0,2.28,1.78,1.0,5.06
2026-04-09_rep_5,LX780,23:20:00,2.0,23:45:00,23:48:00,A47 ,73.0,28.0,8.92,1.77,3.0,13.69
2026-04-09_rep_5,LX786,18:05:00,-10.0,18:23:00,18:25:00,A47 ,32.0,43.0,2.31,1.65,2.0,5.96
2026-04-09_rep_5,LX788,03:40:00,5.0,04:04:00,04:07:00,A47 ,71.0,24.0,5.42,1.45,3.0,9.87
2026-04-09_rep_5,MS725,23:50:00,17.0,00:17:00,00:34:00,B32 A,142.0,15.0,13.53,0.08,17.0,30.61
2026-04-09_rep_5,OS291,18:10:00,-15.0,18:11:00,18:13:00,A51 ,12.0,21.0,1.03,1.19,2.0,4.22
2026-04-09_rep_5,OS295,01:50:00,-8.0,01:56:00,01:59:00,A47 ,79.0,19.0,5.86,1.66,3.0,10.52
2026-04-09_rep_5,OS297,04:16:00,116.0,06:30:00,06:33:00,A67 ,18.0,24.0,1.85,1.71,3.0,6.56
2026-04-09_rep_5,OU4456,04:57:00,0.0,05:07:00,05:10:00,A53 ,8.0,17.0,0.6,1.4,3.0,5.0
2026-04-09_rep_5,OU456,17:48:00,2.0,18:08:00,18:10:00,A54 ,3.0,26.0,0.19,2.03,2.0,4.22
2026-04-09_rep_5,QS1000,17:17:00,-12.0,17:23:00,17:24:00,A56 ,2.0,25.0,0.14,2.17,1.0,3.3
2026-04-09_rep_5,QS1002,03:50:00,-20.0,03:41:00,03:45:00,A61 ,21.0,16.0,1.45,1.55,4.0,7.0
2026-04-09_rep_5,RJ141,00:21:00,9.0,00:53:00,00:58:00,B30 A,69.0,29.0,4.75,0.11,5.0,9.86
2026-04-09_rep_5,RO373,03:14:00,26.0,03:52:00,03:54:00,A48 ,37.0,21.0,2.43,1.6,2.0,6.04
2026-04-09_rep_5,SK1589,03:20:00,0.0,03:39:00,03:42:00,A59 ,78.0,24.0,6.52,2.02,3.0,11.54
2026-04-09_rep_5,SK1593,23:42:00,-10.0,23:44:00,23:47:00,A49 ,54.0,19.0,4.33,1.26,3.0,8.59
2026-04-09_rep_5,SK1595,03:35:00,-8.0,03:43:00,03:46:00,A45 ,29.0,21.0,2.31,1.57,3.0,6.88
2026-04-09_rep_5,SK4743,19:46:00,-16.0,19:58:00,20:08:00,A47 ,84.0,34.0,5.47,1.19,10.0,16.66
2026-04-09_rep_5,SK4745,05:36:00,-9.0,05:46:00,05:53:00,A43 ,93.0,25.0,7.25,1.87,7.0,16.12
2026-04-09_rep_5,SK593,18:47:00,11.0,19:12:00,19:14:00,A45 ,23.0,21.0,1.92,1.75,2.0,5.67
2026-04-09_rep_5,SK597,04:55:00,-17.0,04:51:00,04:54:00,A45 ,54.0,18.0,4.79,1.94,3.0,9.73
2026-04-09_rep_5,SN1028,04:09:00,-27.0,04:04:00,04:10:00,A66 ,130.0,26.0,11.12,1.76,6.0,18.89
2026-04-09_rep_5,SN204,14:06:00,-10.0,14:13:00,14:34:00,B28 A,97.0,23.0,8.52,0.09,21.0,29.61
2026-04-09_rep_5,SN2064,00:24:00,-14.0,00:22:00,00:26:00,B40 A,38.0,16.0,2.57,0.1,4.0,6.67
2026-04-09_rep_5,SN2096,05:05:00,9.0,05:32:00,05:34:00,B36 A,40.0,23.0,4.38,0.1,2.0,6.49
2026-04-09_rep_5,SN2104,17:59:00,-9.0,18:08:00,18:14:00,B7  A,6.0,22.0,0.62,1.54,6.0,8.16
2026-04-09_rep_5,SN2258,22:28:00,-11.0,22:28:00,22:29:00,A40 ,12.0,14.0,0.75,1.51,1.0,3.27
2026-04-09_rep_5,SN2260,04:53:00,-24.0,04:47:00,04:50:00,A50 ,30.0,26.0,2.29,1.74,3.0,7.03
2026-04-09_rep_5,SN2284,05:13:00,-23.0,05:02:00,05:04:00,A58 ,24.0,20.0,2.03,1.53,2.0,5.56
2026-04-09_rep_5,SN2288,17:54:00,-1.0,18:09:00,18:11:00,A59 ,14.0,25.0,1.05,1.5,2.0,4.56
2026-04-09_rep_5,SN2292,00:08:00,0.0,00:20:00,00:22:00,A40 ,18.0,15.0,1.11,1.63,2.0,4.74
2026-04-09_rep_5,SN2298,17:49:00,-10.0,17:46:00,17:47:00,A46 ,1.0,11.0,0.08,1.79,1.0,2.87
2026-04-09_rep_5,SN2318,05:08:00,-20.0,05:00:00,05:01:00,A68 ,9.0,20.0,0.86,1.78,1.0,3.64
2026-04-09_rep_5,SN241,14:54:00,23.0,15:59:00,16:14:00,B31 A,22.0,46.0,1.51,0.1,15.0,16.61
2026-04-09_rep_5,SN2556,05:14:00,-17.0,05:23:00,05:26:00,A65 ,50.0,30.0,4.08,1.8,3.0,8.88
2026-04-09_rep_5,SN256,14:14:00,65.0,15:32:00,15:57:00,B37 A,73.0,17.0,5.91,0.09,25.0,31.0
2026-04-09_rep_5,SN2582,22:08:00,-12.0,22:16:00,22:18:00,A54 ,32.0,23.0,2.09,1.66,2.0,5.75
2026-04-09_rep_5,SN2588,05:18:00,-7.0,05:34:00,05:36:00,A42 ,21.0,31.0,1.51,1.62,2.0,5.13
2026-04-09_rep_5,SN2592,17:24:00,-10.0,17:30:00,17:31:00,A44 ,7.0,20.0,0.71,1.86,1.0,3.57
2026-04-09_rep_5,SN2608,19:14:00,-4.0,19:42:00,19:47:00,A53 ,27.0,36.0,1.89,1.75,5.0,8.65
2026-04-09_rep_5,SN2610,21:48:00,-7.0,21:55:00,21:57:00,A46 ,33.0,17.0,2.41,1.27,2.0,5.69
2026-04-09_rep_5,SN2612,22:45:00,-21.0,22:37:00,22:40:00,A58 ,30.0,18.0,2.19,1.38,3.0,6.58
2026-04-09_rep_5,SN2614,02:36:00,-11.0,02:46:00,02:48:00,A64 ,13.0,27.0,1.35,1.93,2.0,5.28
2026-04-09_rep_5,SN2618,07:39:00,-12.0,07:45:00,07:46:00,A52 ,19.0,22.0,1.45,2.14,1.0,4.59
2026-04-09_rep_5,SN2624,21:53:00,-15.0,21:49:00,21:54:00,A48 ,17.0,14.0,1.37,2.1,5.0,8.47
2026-04-09_rep_5,SN2630,17:20:00,-15.0,17:23:00,17:26:00,A43 ,5.0,23.0,0.33,2.59,3.0,5.92
2026-04-09_rep_5,SN2644,22:16:00,-15.0,22:26:00,22:28:00,A47 ,34.0,31.0,3.15,1.49,2.0,6.64
2026-04-09_rep_5,SN2646,01:22:00,28.0,01:59:00,02:00:00,A50 ,11.0,16.0,0.72,1.51,1.0,3.24
2026-04-09_rep_5,SN2650,05:04:00,-9.0,05:11:00,05:12:00,A48 ,41.0,25.0,2.75,1.92,1.0,5.67
2026-04-09_rep_5,SN2652,08:16:00,-6.0,08:25:00,08:27:00,A62 ,22.0,21.0,1.75,1.4,2.0,5.15
2026-04-09_rep_5,SN2714,21:49:00,3.0,22:12:00,22:15:00,A42 ,49.0,24.0,3.99,1.89,3.0,8.88
2026-04-09_rep_5,SN2722,03:38:00,2.0,04:10:00,04:12:00,A62 ,46.0,38.0,4.23,1.77,2.0,7.99
2026-04-09_rep_5,SN2724,07:36:00,-4.0,07:53:00,07:59:00,A55 ,57.0,27.0,6.0,1.36,6.0,13.36
2026-04-09_rep_5,SN2726,17:23:00,-5.0,17:36:00,17:42:00,A42 ,14.0,21.0,0.93,1.54,6.0,8.48
2026-04-09_rep_5,SN2730,19:23:00,-11.0,19:34:00,19:37:00,A44 ,39.0,30.0,2.82,1.5,3.0,7.32
2026-04-09_rep_5,SN2732,06:36:00,-16.0,06:30:00,06:34:00,A59 ,43.0,16.0,3.3,1.97,4.0,9.27
2026-04-09_rep_5,SN2810,22:24:00,-17.0,22:25:00,22:27:00,A56 ,12.0,22.0,0.95,1.82,2.0,4.77
2026-04-09_rep_5,SN2812,05:22:00,-10.0,05:31:00,05:32:00,A60 ,18.0,26.0,1.4,1.44,1.0,3.83
2026-04-09_rep_5,SN2816,17:23:00,-19.0,17:17:00,17:18:00,A50 ,2.0,16.0,0.13,1.45,1.0,2.59
2026-04-09_rep_5,SN2830,17:40:00,4.0,17:51:00,17:52:00,A55 ,8.0,12.0,0.69,1.53,1.0,3.22
2026-04-09_rep_5,SN2902,20:16:00,-11.0,20:21:00,20:23:00,A46 ,31.0,27.0,2.85,1.58,2.0,6.42
2026-04-09_rep_5,SN2906,05:01:00,-12.0,05:19:00,05:23:00,A49 ,80.0,36.0,6.35,1.64,4.0,11.99
2026-04-09_rep_5,SN3126,03:06:00,2.0,03:20:00,03:27:00,A68 ,26.0,18.0,1.98,1.5,7.0,10.48
2026-04-09_rep_5,SN3132,02:46:00,4.0,03:20:00,03:27:00,A58 ,145.0,36.0,10.95,1.7,7.0,19.65
2026-04-09_rep_5,SN3140,22:44:00,-8.0,22:48:00,22:54:00,A64 ,24.0,16.0,2.72,1.59,6.0,10.31
2026-04-09_rep_5,SN3146,20:07:00,-12.0,20:10:00,20:12:00,A50 ,16.0,22.0,1.33,1.98,2.0,5.31
2026-04-09_rep_5,SN3148,23:51:00,-15.0,23:48:00,23:49:00,A58 ,26.0,18.0,2.0,1.42,1.0,4.42
2026-04-09_rep_5,SN3150,05:27:00,-1.0,05:47:00,05:50:00,A44 ,45.0,28.0,4.62,1.32,3.0,8.93
2026-04-09_rep_5,SN3154,19:20:00,-17.0,19:21:00,19:23:00,A42 ,7.0,28.0,0.55,1.48,2.0,4.02
2026-04-09_rep_5,SN3170,00:27:00,-5.0,00:46:00,00:50:00,A46 ,109.0,31.0,10.51,1.45,4.0,15.96
2026-04-09_rep_5,SN3176,21:28:00,15.0,22:06:00,22:08:00,A44 ,81.0,26.0,7.85,1.97,2.0,11.82
2026-04-09_rep_5,SN3182,05:24:00,-7.0,05:40:00,05:45:00,A61 ,93.0,27.0,9.7,1.56,5.0,16.26
2026-04-09_rep_5,SN3184,08:18:00,25.0,10:12:00,10:16:00,A42 ,77.0,92.0,6.4,1.58,4.0,11.98
2026-04-09_rep_5,SN3202,23:27:00,-5.0,23:44:00,23:47:00,A62 ,76.0,29.0,5.61,1.19,3.0,9.8
2026-04-09_rep_5,SN3208,17:43:00,-7.0,17:54:00,17:56:00,A40 ,4.0,21.0,0.37,1.53,2.0,3.9
2026-04-09_rep_5,SN3246,02:56:00,23.0,03:44:00,03:47:00,A46 ,91.0,31.0,10.44,1.61,3.0,15.05
2026-04-09_rep_5,SN3326,11:24:00,17.0,12:06:00,12:12:00,B14 A,111.0,29.0,7.52,0.11,6.0,13.62
2026-04-09_rep_5,SN3344,05:21:00,-7.0,05:39:00,05:41:00,A64 ,16.0,31.0,1.15,1.54,2.0,4.69
2026-04-09_rep_5,SN3588,23:41:00,-11.0,23:59:00,00:01:00,A44 ,24.0,35.0,1.87,1.26,2.0,5.14
2026-04-09_rep_5,SN3594,17:34:00,-8.0,17:44:00,17:51:00,A45 ,1.0,22.0,0.07,1.69,7.0,8.76
2026-04-09_rep_5,SN3598,00:20:00,-4.0,00:31:00,00:33:00,A45 ,41.0,20.0,3.3,1.5,2.0,6.8
2026-04-09_rep_5,SN3604,17:30:00,2.0,17:51:00,17:54:00,A48 ,7.0,24.0,0.48,2.17,3.0,5.66
2026-04-09_rep_5,SN3622,03:15:00,8.0,03:38:00,03:41:00,A55 ,61.0,20.0,4.31,1.52,3.0,8.83
2026-04-09_rep_5,SN3632,18:48:00,-17.0,18:49:00,19:03:00,A57 ,8.0,36.0,0.67,1.71,14.0,16.38
2026-04-09_rep_5,SN3634,20:01:00,-19.0,20:13:00,20:14:00,A54 ,5.0,37.0,0.45,1.98,1.0,3.42
2026-04-09_rep_5,SN3668,22:54:00,-12.0,22:59:00,23:00:00,A60 ,28.0,21.0,2.49,1.68,1.0,5.18
2026-04-09_rep_5,SN369,14:12:00,7.0,14:39:00,15:24:00,B14 A,96.0,27.0,6.87,0.1,45.0,51.97
2026-04-09_rep_5,SN3698,23:33:00,21.0,00:24:00,00:28:00,A42 ,46.0,33.0,3.59,1.46,4.0,9.06
2026-04-09_rep_5,SN3704,02:22:00,5.0,02:51:00,02:54:00,A44 ,62.0,31.0,4.78,1.77,3.0,9.55
2026-04-09_rep_5,SN3706,08:29:00,18.0,10:12:00,10:16:00,A54 ,47.0,89.0,3.4,1.17,4.0,8.57
2026-04-09_rep_5,SN3712,03:47:00,-13.0,03:52:00,03:55:00,A52 ,50.0,25.0,4.52,1.46,3.0,8.98
2026-04-09_rep_5,SN3722,00:02:00,22.0,00:53:00,00:55:00,A52 ,71.0,36.0,4.5,1.98,2.0,8.49
2026-04-09_rep_5,SN3728,05:00:00,-6.0,05:20:00,05:23:00,A51 ,43.0,31.0,3.7,1.52,3.0,8.22
2026-04-09_rep_5,SN3730,08:15:00,20.0,08:46:00,08:47:00,A56 ,42.0,16.0,3.08,1.58,1.0,5.66
2026-04-09_rep_5,SN3732,17:40:00,-4.0,17:54:00,17:57:00,A53 ,5.0,23.0,0.41,1.6,3.0,5.01
2026-04-09_rep_5,SN3734,21:54:00,-8.0,22:10:00,22:12:00,A52 ,35.0,28.0,2.41,1.97,2.0,6.38
2026-04-09_rep_5,SN3736,03:29:00,-1.0,03:50:00,03:52:00,A42 ,61.0,26.0,4.1,1.8,2.0,7.9
2026-04-09_rep_5,SN3738,08:14:00,124.0,10:49:00,10:54:00,A64 ,113.0,35.0,8.59,1.99,5.0,15.58
2026-04-09_rep_5,SN3752,04:26:00,-5.0,04:49:00,04:52:00,A70 ,101.0,34.0,10.09,1.43,3.0,14.52
2026-04-09_rep_5,SN3772,20:37:00,-9.0,20:53:00,20:58:00,A40 ,109.0,32.0,8.18,1.62,5.0,14.8
2026-04-09_rep_5,SN3774,03:02:00,-2.0,03:19:00,03:22:00,A40 ,55.0,26.0,4.63,1.29,3.0,8.92
2026-04-09_rep_5,SN3782,09:41:00,21.0,10:28:00,10:41:00,A40 ,138.0,97.0,9.76,1.55,13.0,24.31
2026-04-09_rep_5,SN3802,01:07:00,17.0,01:56:00,01:59:00,A42 ,84.0,39.0,7.97,1.78,3.0,12.75
2026-04-09_rep_5,SN3810,06:56:00,-12.0,07:08:00,07:10:00,A48 ,55.0,30.0,5.39,1.25,2.0,8.64
2026-04-09_rep_5,SN3812,01:22:00,39.0,02:28:00,02:32:00,A56 ,75.0,34.0,5.04,1.86,4.0,10.9
2026-04-09_rep_5,SN3820,08:45:00,123.0,11:16:00,11:19:00,A46 ,84.0,33.0,7.2,1.44,3.0,11.64
2026-04-09_rep_5,SN502,16:48:00,-73.0,15:46:00,16:09:00,B11 A,92.0,19.0,6.5,0.12,23.0,29.62
2026-04-09_rep_5,SQ304,16:31:00,18.0,17:07:00,18:05:00,B17 A,250.0,24.0,19.12,0.12,58.0,77.23
2026-04-09_rep_5,TB1012,21:36:00,-15.0,21:41:00,21:45:00,A53 ,77.0,26.0,6.42,1.6,4.0,12.02
2026-04-09_rep_5,TB1014,06:01:00,16.0,06:42:00,06:46:00,A63 ,116.0,31.0,10.78,1.89,4.0,16.68
2026-04-09_rep_5,TB1112,21:06:00,5.0,21:24:00,21:27:00,A57 ,75.0,19.0,5.54,1.41,3.0,9.95
2026-04-09_rep_5,TB1114,06:25:00,5.0,06:49:00,06:52:00,A57 ,84.0,24.0,9.23,1.56,3.0,13.79
2026-04-09_rep_5,TB1242,06:24:00,8.0,06:42:00,06:43:00,A69 ,17.0,14.0,1.3,1.83,1.0,4.13
2026-04-09_rep_5,TB1417,22:21:00,-10.0,22:25:00,22:27:00,A51 ,41.0,20.0,2.98,1.77,2.0,6.75
2026-04-09_rep_5,TB1552,00:50:00,-17.0,00:52:00,01:00:00,A61 ,132.0,24.0,14.39,1.37,8.0,23.76
2026-04-09_rep_5,TB1752,00:50:00,-20.0,00:51:00,01:05:00,A57 ,134.0,26.0,12.48,1.52,14.0,28.0
2026-04-09_rep_5,TB2524,08:38:00,-6.0,08:57:00,10:06:00,B38 A,196.0,33.0,18.85,0.1,69.0,87.95
2026-04-09_rep_5,TB2534,07:06:00,0.0,07:29:00,07:35:00,B30 A,142.0,29.0,16.62,0.13,6.0,22.75
2026-04-09_rep_5,TB2612,13:14:00,-17.0,13:09:00,13:12:00,B29 A,77.0,16.0,4.73,0.1,3.0,7.84
2026-04-09_rep_5,TB2654,06:15:00,-1.0,06:34:00,06:40:00,B27 A,198.0,25.0,17.82,0.13,6.0,23.95
2026-04-09_rep_5,TB2662,13:25:00,-9.0,13:31:00,13:36:00,B9  A,89.0,20.0,6.83,1.77,5.0,13.6
2026-04-09_rep_5,TB2664,06:59:00,7.0,07:24:00,07:33:00,B5  A,154.0,22.0,13.98,2.24,9.0,25.22
2026-04-09_rep_5,TG934,16:22:00,40.0,17:31:00,18:28:00,B11 A,257.0,36.0,17.18,0.1,57.0,74.28
2026-04-09_rep_5,TK1937,19:18:00,-8.0,19:25:00,19:42:00,B28 A,167.0,23.0,13.98,0.12,17.0,31.09
2026-04-09_rep_5,TK1939,02:37:00,-8.0,02:50:00,03:14:00,B28 A,187.0,28.0,12.89,0.09,24.0,36.98
2026-04-09_rep_5,TK1941,06:32:00,16.0,06:56:00,07:07:00,B7  A,113.0,15.0,7.77,1.17,11.0,19.94
2026-04-09_rep_5,TK1943,22:30:00,-1.0,22:47:00,23:07:00,B40 A,114.0,23.0,10.54,0.09,20.0,30.62
2026-04-09_rep_5,TP640,20:07:00,-2.0,20:20:00,20:24:00,A43 ,59.0,22.0,6.48,1.94,4.0,12.42
2026-04-09_rep_5,TP642,00:10:00,35.0,01:01:00,01:08:00,A53 ,127.0,21.0,9.53,1.93,7.0,18.46
2026-04-09_rep_5,TP644,05:12:00,-7.0,05:23:00,05:31:00,A47 ,56.0,25.0,4.68,1.53,8.0,14.2
2026-04-09_rep_5,TP646,08:58:00,-8.0,10:28:00,10:30:00,A44 ,65.0,101.0,5.22,1.67,2.0,8.9
2026-04-09_rep_5,TU954,20:29:00,23.0,21:10:00,21:16:00,B9  A,108.0,22.0,7.3,1.93,6.0,15.23
2026-04-09_rep_5,UA950,16:21:00,-12.0,16:28:00,16:50:00,B38 A,114.0,25.0,7.27,0.09,22.0,29.35
2026-04-09_rep_5,UA972,18:06:00,25.0,18:43:00,19:09:00,B38 A,93.0,18.0,6.86,0.09,26.0,32.96
2026-04-09_rep_5,UA994,16:51:00,-17.0,16:53:00,17:20:00,B40 A,145.0,25.0,10.71,0.09,27.0,37.8
2026-04-09_rep_5,UX1171,18:54:00,-15.0,19:04:00,19:08:00,A60 ,78.0,34.0,6.96,1.72,4.0,12.69
2026-04-09_rep_5,UX1173,02:44:00,-15.0,02:51:00,02:55:00,A51 ,94.0,26.0,7.92,1.24,4.0,13.16
2026-04-09_rep_5,VF65,20:21:00,64.0,21:46:00,21:50:00,B34 A,125.0,27.0,10.77,0.09,4.0,14.86
2026-04-09_rep_5,VF67,01:15:00,13.0,01:46:00,01:56:00,B11 A,143.0,23.0,12.31,0.11,10.0,22.42
2026-04-09_rep_5,VY2150,19:30:00,-18.0,19:34:00,19:36:00,A51 ,28.0,27.0,2.3,1.67,2.0,5.97
2026-04-09_rep_5,VY6814,23:48:00,-9.0,23:49:00,23:51:00,A56 ,27.0,18.0,2.38,1.36,2.0,5.75
2026-04-09_rep_5,VY8978,19:07:00,-19.0,19:06:00,19:08:00,A58 ,34.0,25.0,2.4,1.75,2.0,6.15
2026-04-09_rep_5,VY8980,19:01:00,-24.0,18:48:00,18:49:00,A54 ,47.0,27.0,3.07,1.57,1.0,5.64
2026-04-09_rep_5,VY8982,02:31:00,-13.0,02:30:00,02:31:00,A45 ,35.0,18.0,2.77,1.83,1.0,5.6
2026-04-09_rep_5,VY8984,05:55:00,-6.0,06:01:00,06:03:00,A45 ,53.0,17.0,3.57,1.7,2.0,7.27
2026-04-09_rep_5,VY8986,23:34:00,-8.0,23:37:00,23:39:00,A67 ,45.0,15.0,4.17,1.6,2.0,7.78
2026-04-09_rep_5,XC5016,23:48:00,2.0,00:11:00,00:25:00,B29 A,176.0,34.0,15.96,0.12,14.0,30.07
2026-04-10_rep_1,AC832,17:17:00,-50.0,16:45:00,17:14:00,B28 A,159.0,25.0,10.83,0.11,29.0,39.94
2026-04-10_rep_1,AY1541,19:26:00,-15.0,19:34:00,19:51:00,A45 ,126.0,29.0,11.2,2.06,17.0,30.26
2026-04-10_rep_1,AY1545,04:25:00,-12.0,04:29:00,04:34:00,A62 ,80.0,21.0,7.67,2.28,5.0,14.95
2026-04-10_rep_1,AZ148,18:40:00,-20.0,18:31:00,18:32:00,A47 ,3.0,16.0,0.24,1.89,1.0,3.13
2026-04-10_rep_1,AZ154,05:10:00,-7.0,05:20:00,05:24:00,A70 ,49.0,22.0,3.87,1.86,4.0,9.72
2026-04-10_rep_1,AZ156,20:52:00,-1.0,21:08:00,21:17:00,A49 ,125.0,24.0,10.96,2.04,9.0,22.0
2026-04-10_rep_1,BA384,20:00:00,-21.0,20:03:00,20:07:00,B27 A,36.0,29.0,3.82,0.11,4.0,7.94
2026-04-10_rep_1,BA386,02:15:00,-16.0,02:15:00,02:21:00,B14 A,98.0,21.0,5.86,0.1,6.0,11.97
2026-04-10_rep_1,BA390,06:45:00,-16.0,07:37:00,07:50:00,B15 A,77.0,73.0,6.01,0.12,13.0,19.13
2026-04-10_rep_1,BT601,19:00:00,6.0,19:25:00,19:27:00,A59 ,41.0,24.0,3.35,1.73,2.0,7.08
2026-04-10_rep_1,BT603,04:34:00,-7.0,04:41:00,04:44:00,A64 ,20.0,18.0,1.31,1.87,3.0,6.17
2026-04-10_rep_1,BT851,06:04:00,8.0,06:24:00,06:26:00,A61 ,26.0,16.0,2.29,2.08,2.0,6.36
2026-04-10_rep_1,DN403,23:34:00,43.0,00:27:00,00:28:00,A59 ,21.0,14.0,1.85,1.88,1.0,4.74
2026-04-10_rep_1,EI630,19:45:00,-11.0,19:55:00,20:00:00,B30 A,93.0,26.0,6.9,0.09,5.0,11.99
2026-04-10_rep_1,EI638,06:49:00,-10.0,06:54:00,06:59:00,B9  A,100.0,19.0,8.03,1.71,5.0,14.74
2026-04-10_rep_1,EK181,05:35:00,14.0,06:02:00,06:30:00,B31 A,219.0,18.0,16.07,0.1,28.0,44.17
2026-04-10_rep_1,ET750,17:11:00,39.0,18:08:00,18:45:00,B29 A,363.0,24.0,23.66,0.09,37.0,60.75
2026-04-10_rep_1,EY57,18:06:00,36.0,18:56:00,19:28:00,B5  A,200.0,20.0,14.18,1.64,32.0,47.82
2026-04-10_rep_1,FB407,05:51:00,41.0,06:55:00,06:58:00,A51 ,68.0,29.0,5.33,1.37,3.0,9.7
2026-04-10_rep_1,FH8014,01:20:00,-10.0,01:27:00,01:31:00,B7  A,104.0,22.0,7.09,2.16,4.0,13.25
2026-04-10_rep_1,FI554,23:01:00,0.0,23:24:00,23:29:00,A43 ,102.0,29.0,10.16,1.9,5.0,17.06
2026-04-10_rep_1,GQ800,23:10:00,44.0,00:08:00,00:11:00,A69 ,75.0,19.0,5.42,1.29,3.0,9.71
2026-04-10_rep_1,IB1299,00:50:00,-9.0,01:01:00,01:06:00,A63 ,46.0,25.0,3.34,1.4,5.0,9.74
2026-04-10_rep_1,IB597,21:35:00,-6.0,21:49:00,21:53:00,A54 ,90.0,30.0,7.71,1.55,4.0,13.26
2026-04-10_rep_1,IB601,05:06:00,-16.0,05:10:00,05:16:00,A57 ,97.0,26.0,6.89,1.73,6.0,14.62
2026-04-10_rep_1,IB603,08:34:00,1.0,08:54:00,08:58:00,A53 ,132.0,23.0,8.28,1.77,4.0,14.05
2026-04-10_rep_1,JU270,19:09:00,7.0,19:31:00,19:34:00,B34 A,55.0,19.0,4.4,0.09,3.0,7.49
2026-04-10_rep_1,KM420,05:20:00,-14.0,05:27:00,05:33:00,A63 ,129.0,26.0,10.15,1.68,6.0,17.83
2026-04-10_rep_1,LO231,08:40:00,-6.0,08:52:00,08:54:00,A55 ,22.0,23.0,2.4,1.4,2.0,5.8
2026-04-10_rep_1,LO233,04:47:00,2.0,05:08:00,05:10:00,A66 ,47.0,26.0,3.1,1.8,2.0,6.9
2026-04-10_rep_1,LO235,19:37:00,-11.0,19:38:00,19:40:00,A51 ,16.0,24.0,1.17,1.62,2.0,4.79
2026-04-10_rep_1,LO237,02:06:00,-2.0,02:18:00,02:20:00,A47 ,37.0,20.0,3.44,1.38,2.0,6.82
2026-04-10_rep_1,LX780,00:20:00,31.0,01:16:00,01:20:00,A45 ,94.0,30.0,7.82,1.58,4.0,13.4
2026-04-10_rep_1,LX786,18:56:00,8.0,19:21:00,19:24:00,A57 ,33.0,23.0,2.83,1.76,3.0,7.59
2026-04-10_rep_1,LX788,04:40:00,-16.0,04:45:00,04:48:00,A43 ,43.0,26.0,2.83,1.73,3.0,7.57
2026-04-10_rep_1,MS725,01:20:00,36.0,02:18:00,02:23:00,B9  A,141.0,27.0,10.89,1.81,5.0,17.7
2026-04-10_rep_1,OS291,19:21:00,3.0,19:43:00,19:44:00,A47 ,27.0,35.0,1.75,1.54,1.0,4.29
2026-04-10_rep_1,OS295,02:50:00,-1.0,03:02:00,03:06:00,A43 ,43.0,18.0,3.74,1.97,4.0,9.71
2026-04-10_rep_1,OS297,05:16:00,20.0,05:53:00,05:57:00,A45 ,85.0,23.0,5.36,1.99,4.0,11.35
2026-04-10_rep_1,OU4456,05:56:00,28.0,06:37:00,06:39:00,A53 ,64.0,19.0,5.08,1.54,2.0,8.61
2026-04-10_rep_1,OU456,18:46:00,12.0,19:15:00,19:22:00,A49 ,27.0,23.0,2.1,1.91,7.0,11.01
2026-04-10_rep_1,QS1000,18:16:00,-12.0,18:14:00,18:15:00,A57 ,5.0,16.0,0.55,1.46,1.0,3.01
2026-04-10_rep_1,QS1002,04:50:00,-6.0,05:02:00,05:04:00,A68 ,22.0,23.0,2.08,1.75,2.0,5.82
2026-04-10_rep_1,SK1589,04:20:00,-14.0,04:19:00,04:20:00,A51 ,35.0,18.0,2.4,1.75,1.0,5.15
2026-04-10_rep_1,SK1593,00:40:00,8.0,01:02:00,01:06:00,A47 ,76.0,19.0,5.59,1.59,4.0,11.18
2026-04-10_rep_1,SK1595,04:34:00,-9.0,04:37:00,04:40:00,A53 ,55.0,16.0,5.34,1.68,3.0,10.02
2026-04-10_rep_1,SK593,19:54:00,-14.0,19:52:00,19:55:00,A54 ,60.0,26.0,6.95,1.79,3.0,11.74
2026-04-10_rep_1,SK597,05:55:00,-15.0,05:50:00,05:51:00,A47 ,36.0,15.0,2.27,1.84,1.0,5.11
2026-04-10_rep_1,SN206,15:24:00,-4.0,15:33:00,16:16:00,B40 A,198.0,17.0,13.87,0.11,43.0,56.99
2026-04-10_rep_1,SN2104,18:58:00,-1.0,19:22:00,19:33:00,B7  A,8.0,28.0,0.65,1.91,11.0,13.55
2026-04-10_rep_1,SN2184,18:35:00,-5.0,18:47:00,18:49:00,B36 A,17.0,22.0,1.32,0.12,2.0,3.43
2026-04-10_rep_1,SN2258,23:32:00,-1.0,23:50:00,23:52:00,A60 ,51.0,26.0,3.62,2.08,2.0,7.7
2026-04-10_rep_1,SN2260,05:48:00,16.0,06:31:00,06:34:00,A52 ,52.0,30.0,4.39,1.59,3.0,8.98
2026-04-10_rep_1,SN229,15:06:00,-3.0,15:20:00,15:56:00,B17 A,118.0,23.0,12.68,0.1,36.0,48.78
2026-04-10_rep_1,SN2292,01:10:00,-9.0,01:15:00,01:17:00,A67 ,44.0,19.0,3.55,1.59,2.0,7.14
2026-04-10_rep_1,SN2294,05:54:00,-11.0,06:02:00,06:05:00,A62 ,50.0,23.0,3.47,1.4,3.0,7.87
2026-04-10_rep_1,SN2318,06:03:00,-2.0,06:17:00,06:21:00,A46 ,31.0,19.0,3.41,2.42,4.0,9.82
2026-04-10_rep_1,SN2372,03:55:00,1.0,04:15:00,04:17:00,A58 ,50.0,24.0,3.82,1.75,2.0,7.58
2026-04-10_rep_1,SN2548,03:23:00,6.0,03:42:00,03:44:00,A48 ,69.0,16.0,6.05,1.59,2.0,9.64
2026-04-10_rep_1,SN2556,06:17:00,-8.0,06:23:00,06:26:00,A56 ,63.0,21.0,4.58,1.56,3.0,9.13
2026-04-10_rep_1,SN2582,23:13:00,-6.0,23:33:00,23:40:00,A50 ,67.0,34.0,5.95,1.45,7.0,14.4
2026-04-10_rep_1,SN2588,06:13:00,-3.0,06:31:00,06:34:00,A40 ,73.0,24.0,6.89,1.55,3.0,11.43
2026-04-10_rep_1,SN2592,18:23:00,-13.0,18:28:00,18:33:00,A40 ,3.0,21.0,0.25,1.59,5.0,6.84
2026-04-10_rep_1,SN2608,20:17:00,-2.0,20:35:00,20:37:00,A44 ,27.0,27.0,1.69,1.83,2.0,5.52
2026-04-10_rep_1,SN2610,22:51:00,-15.0,22:51:00,22:54:00,A56 ,33.0,21.0,2.77,1.83,3.0,7.6
2026-04-10_rep_1,SN2612,23:45:00,21.0,00:40:00,00:43:00,A62 ,30.0,39.0,3.03,2.16,3.0,8.18
2026-04-10_rep_1,SN2614,03:34:00,-8.0,03:47:00,03:48:00,A52 ,12.0,25.0,1.01,1.74,1.0,3.75
2026-04-10_rep_1,SN2630,18:18:00,-23.0,18:13:00,18:18:00,A46 ,3.0,21.0,0.23,1.71,5.0,6.93
2026-04-10_rep_1,SN2644,23:13:00,-6.0,23:37:00,23:39:00,A40 ,18.0,33.0,1.34,1.32,2.0,4.66
2026-04-10_rep_1,SN2646,02:18:00,-3.0,02:29:00,02:30:00,A46 ,41.0,17.0,3.23,1.78,1.0,6.01
2026-04-10_rep_1,SN2650,05:59:00,-2.0,06:15:00,06:18:00,A49 ,17.0,22.0,1.27,1.57,3.0,5.84
2026-04-10_rep_1,SN2652,09:14:00,-12.0,09:22:00,09:44:00,A54 ,20.0,24.0,1.75,2.06,22.0,25.82
2026-04-10_rep_1,SN2712,19:41:00,1.0,20:06:00,20:07:00,A56 ,34.0,30.0,2.64,1.98,1.0,5.62
2026-04-10_rep_1,SN2714,22:52:00,-4.0,23:06:00,23:07:00,A42 ,32.0,25.0,2.99,1.73,1.0,5.73
2026-04-10_rep_1,SN2722,04:34:00,-4.0,04:51:00,04:54:00,A56 ,60.0,25.0,4.3,1.51,3.0,8.82
2026-04-10_rep_1,SN2724,08:35:00,-6.0,08:47:00,08:48:00,A69 ,54.0,23.0,4.42,1.75,1.0,7.17
2026-04-10_rep_1,SN2726,18:27:00,0.0,18:45:00,18:52:00,A54 ,14.0,25.0,1.22,1.77,7.0,9.99
2026-04-10_rep_1,SN2730,20:23:00,-5.0,20:30:00,20:33:00,A58 ,18.0,20.0,1.2,1.3,3.0,5.5
2026-04-10_rep_1,SN2732,07:35:00,-4.0,07:47:00,07:49:00,A47 ,45.0,21.0,3.35,1.85,2.0,7.2
2026-04-10_rep_1,SN278,15:44:00,-10.0,15:52:00,16:27:00,B37 A,175.0,22.0,14.58,0.12,35.0,49.7
2026-04-10_rep_1,SN2810,23:23:00,-2.0,23:33:00,23:35:00,A54 ,31.0,15.0,2.2,1.52,2.0,5.72
2026-04-10_rep_1,SN2812,06:18:00,-5.0,06:30:00,06:32:00,A44 ,41.0,20.0,3.03,1.71,2.0,6.73
2026-04-10_rep_1,SN2814,08:53:00,-26.0,08:38:00,08:39:00,A48 ,33.0,19.0,2.32,1.86,1.0,5.18
2026-04-10_rep_1,SN2816,18:23:00,-6.0,18:45:00,18:47:00,A52 ,12.0,31.0,0.79,1.67,2.0,4.46
2026-04-10_rep_1,SN2826,06:11:00,-9.0,06:25:00,06:30:00,A58 ,124.0,29.0,11.04,1.77,5.0,17.81
2026-04-10_rep_1,SN2830,18:38:00,12.0,19:25:00,19:26:00,A44 ,9.0,38.0,0.63,1.54,1.0,3.17
2026-04-10_rep_1,SN2902,21:12:00,7.0,21:40:00,21:43:00,A42 ,60.0,28.0,4.35,1.3,3.0,8.65
2026-04-10_rep_1,SN2906,06:00:00,-3.0,06:15:00,06:19:00,A68 ,33.0,23.0,2.18,1.39,4.0,7.56
2026-04-10_rep_1,SN3140,23:46:00,1.0,00:05:00,00:09:00,A70 ,80.0,24.0,6.91,1.96,4.0,12.87
2026-04-10_rep_1,SN3146,21:06:00,32.0,22:06:00,22:10:00,A50 ,103.0,34.0,10.52,1.57,4.0,16.09
2026-04-10_rep_1,SN3150,06:25:00,28.0,07:16:00,07:18:00,A59 ,59.0,28.0,3.82,1.89,2.0,7.71
2026-04-10_rep_1,SN3154,20:18:00,4.0,20:44:00,20:46:00,A40 ,16.0,30.0,1.13,2.06,2.0,5.19
2026-04-10_rep_1,SN3160,09:19:00,-7.0,09:25:00,09:27:00,A66 ,43.0,17.0,2.97,1.75,2.0,6.73
2026-04-10_rep_1,SN3176,22:32:00,9.0,23:03:00,23:04:00,A44 ,59.0,29.0,3.77,2.29,1.0,7.06
2026-04-10_rep_1,SN3182,06:23:00,17.0,06:59:00,07:03:00,A64 ,82.0,22.0,7.34,2.26,4.0,13.61
2026-04-10_rep_1,SN3184,09:19:00,107.0,11:34:00,11:37:00,A42 ,78.0,32.0,5.83,1.42,3.0,10.25
2026-04-10_rep_1,SN3202,00:25:00,-4.0,00:47:00,00:50:00,A55 ,89.0,31.0,8.16,1.72,3.0,12.88
2026-04-10_rep_1,SN3246,03:53:00,7.0,04:33:00,04:37:00,A40 ,111.0,36.0,10.05,1.88,4.0,15.93
2026-04-10_rep_1,SN3344,06:18:00,5.0,06:45:00,06:47:00,A66 ,41.0,25.0,3.93,1.37,2.0,7.3
2026-04-10_rep_1,SN3588,00:42:00,5.0,01:05:00,01:07:00,A50 ,13.0,25.0,1.17,1.58,2.0,4.75
2026-04-10_rep_1,SN3594,18:37:00,-13.0,18:54:00,18:56:00,A48 ,6.0,37.0,0.47,1.82,2.0,4.29
2026-04-10_rep_1,SN3598,01:19:00,3.0,01:35:00,01:37:00,A58 ,47.0,17.0,2.79,1.3,2.0,6.08
2026-04-10_rep_1,SN3604,18:28:00,0.0,18:46:00,18:52:00,A58 ,6.0,21.0,0.42,1.8,6.0,8.22
2026-04-10_rep_1,SN3618,01:33:00,49.0,02:46:00,02:50:00,A40 ,86.0,27.0,5.83,1.68,4.0,11.51
2026-04-10_rep_1,SN3622,04:13:00,-4.0,04:24:00,04:26:00,A60 ,61.0,18.0,4.86,1.57,2.0,8.43
2026-04-10_rep_1,SN3634,20:58:00,8.0,21:40:00,21:41:00,A60 ,8.0,37.0,0.65,2.17,1.0,3.82
2026-04-10_rep_1,SN3668,23:54:00,3.0,00:30:00,00:32:00,A44 ,44.0,37.0,2.9,1.66,2.0,6.56
2026-04-10_rep_1,SN3676,18:38:00,-4.0,19:03:00,19:04:00,A50 ,21.0,32.0,1.49,1.82,1.0,4.32
2026-04-10_rep_1,SN3698,00:34:00,-7.0,00:52:00,00:56:00,A68 ,87.0,29.0,5.28,1.14,4.0,10.42
2026-04-10_rep_1,SN3706,09:29:00,19.0,11:10:00,11:15:00,A58 ,86.0,86.0,6.15,1.69,5.0,12.84
2026-04-10_rep_1,SN3708,17:44:00,17.0,18:24:00,18:27:00,A56 ,57.0,27.0,3.83,1.46,3.0,8.29
2026-04-10_rep_1,SN3722,00:59:00,8.0,01:30:00,01:32:00,A64 ,72.0,27.0,7.54,1.39,2.0,10.93
2026-04-10_rep_1,SN3728,05:59:00,-13.0,06:04:00,06:08:00,A54 ,69.0,22.0,4.97,1.51,4.0,10.48
2026-04-10_rep_1,SN3730,09:16:00,3.0,09:45:00,09:48:00,A59 ,71.0,32.0,6.2,1.3,3.0,10.5
2026-04-10_rep_1,SN3732,18:39:00,0.0,19:13:00,19:15:00,A42 ,34.0,38.0,2.91,1.71,2.0,6.63
2026-04-10_rep_1,SN3734,22:58:00,-19.0,23:06:00,23:11:00,A48 ,84.0,35.0,6.26,1.77,5.0,13.03
2026-04-10_rep_1,SN3736,04:29:00,12.0,05:09:00,05:14:00,A50 ,84.0,32.0,7.94,1.35,5.0,14.29
2026-04-10_rep_1,SN3738,09:14:00,-9.0,09:30:00,09:34:00,A46 ,105.0,29.0,7.59,1.76,4.0,13.35
2026-04-10_rep_1,SN3752,00:39:00,31.0,01:34:00,01:37:00,A48 ,99.0,28.0,7.72,1.47,3.0,12.2
2026-04-10_rep_1,SN3772,21:42:00,-7.0,22:09:00,22:11:00,A46 ,69.0,41.0,5.06,1.64,2.0,8.7
2026-04-10_rep_1,SN3774,08:21:00,-10.0,08:34:00,08:37:00,A52 ,64.0,29.0,6.26,1.77,3.0,11.03
2026-04-10_rep_1,SN3782,09:34:00,-7.0,09:52:00,09:59:00,A56 ,129.0,29.0,11.5,1.81,7.0,20.31
2026-04-10_rep_1,SN379,15:11:00,14.0,15:52:00,16:29:00,B14 A,47.0,33.0,4.02,0.1,37.0,41.13
2026-04-10_rep_1,SN3802,02:08:00,-1.0,02:32:00,02:34:00,A42 ,67.0,33.0,5.65,1.75,2.0,9.4
2026-04-10_rep_1,SN3810,06:14:00,2.0,06:34:00,06:38:00,A60 ,50.0,22.0,3.52,1.63,4.0,9.14
2026-04-10_rep_1,SN3812,02:20:00,16.0,02:58:00,03:01:00,A55 ,48.0,27.0,3.76,1.71,3.0,8.47
2026-04-10_rep_1,SN3820,10:45:00,17.0,11:28:00,11:32:00,A50 ,84.0,91.0,6.79,1.54,4.0,12.34
2026-04-10_rep_1,SN516,17:30:00,-53.0,16:50:00,17:04:00,B11 A,32.0,18.0,2.58,0.11,14.0,16.69
2026-04-10_rep_1,TB1012,22:46:00,-18.0,22:46:00,22:50:00,A45 ,83.0,24.0,6.67,1.58,4.0,12.25
2026-04-10_rep_1,TB1014,07:26:00,36.0,08:18:00,08:22:00,A63 ,108.0,22.0,9.14,1.81,4.0,14.95
2026-04-10_rep_1,TB1114,07:26:00,-7.0,07:45:00,07:50:00,A67 ,92.0,32.0,7.49,1.46,5.0,13.95
2026-04-10_rep_1,TB1419,00:10:00,10.0,00:42:00,00:45:00,A61 ,104.0,27.0,9.24,1.66,3.0,13.9
2026-04-10_rep_1,TB1552,08:29:00,-4.0,08:46:00,08:54:00,A61 ,166.0,25.0,16.15,1.76,8.0,25.91
2026-04-10_rep_1,TB1754,09:32:00,-10.0,09:41:00,09:46:00,A57 ,125.0,26.0,10.2,1.46,5.0,16.66
2026-04-10_rep_1,TB1912,07:56:00,-5.0,08:06:00,08:13:00,A43 ,140.0,21.0,10.09,1.63,7.0,18.72
2026-04-10_rep_1,TB2042,05:14:00,11.0,05:40:00,05:44:00,B17 A,134.0,19.0,10.52,0.1,4.0,14.63
2026-04-10_rep_1,TB2502,00:41:00,-3.0,00:56:00,01:09:00,B28 A,178.0,24.0,15.33,0.09,13.0,28.42
2026-04-10_rep_1,TB2612,08:05:00,-1.0,08:22:00,08:26:00,B28 A,129.0,23.0,11.78,0.1,4.0,15.88
2026-04-10_rep_1,TB2632,20:49:00,22.0,21:32:00,21:38:00,B27 A,152.0,25.0,12.11,0.08,6.0,18.19
2026-04-10_rep_1,TB2952,22:09:00,0.0,22:22:00,22:23:00,B29 A,22.0,17.0,1.63,0.11,1.0,2.74
2026-04-10_rep_1,TB3012,04:34:00,25.0,05:37:00,05:44:00,B27 A,158.0,42.0,13.7,0.12,7.0,20.82
2026-04-10_rep_1,TB3102,04:29:00,26.0,05:15:00,05:22:00,B29 A,146.0,24.0,10.63,0.09,7.0,17.73
2026-04-10_rep_1,TG934,17:21:00,35.0,18:10:00,18:46:00,B11 A,265.0,20.0,17.9,0.13,36.0,54.03
2026-04-10_rep_1,TK1937,20:16:00,-4.0,20:27:00,20:37:00,B34 A,100.0,21.0,7.39,0.09,10.0,17.48
2026-04-10_rep_1,TK1939,03:55:00,27.0,04:35:00,04:49:00,B9  A,130.0,18.0,11.65,1.93,14.0,27.59
2026-04-10_rep_1,TK1941,07:31:00,12.0,07:52:00,08:14:00,B7  A,146.0,15.0,9.51,1.61,22.0,33.12
2026-04-10_rep_1,TK1943,23:30:00,-3.0,23:43:00,23:48:00,B7  A,99.0,21.0,6.9,1.89,5.0,13.78
2026-04-10_rep_1,TK1945,01:20:00,-2.0,01:40:00,01:46:00,B5  A,150.0,27.0,13.52,1.5,6.0,21.01
2026-04-10_rep_1,TP640,21:06:00,10.0,21:35:00,21:44:00,A47 ,96.0,25.0,7.86,1.7,9.0,18.56
2026-04-10_rep_1,TP642,01:10:00,-4.0,01:37:00,02:05:00,A57 ,122.0,36.0,9.63,2.27,28.0,39.91
2026-04-10_rep_1,TP644,06:10:00,-10.0,06:11:00,06:19:00,A43 ,128.0,16.0,9.34,1.99,8.0,19.32
2026-04-10_rep_1,TP646,10:02:00,-6.0,11:20:00,11:29:00,A45 ,175.0,91.0,12.32,1.54,9.0,22.86
2026-04-10_rep_1,TU954,21:34:00,17.0,22:05:00,22:11:00,B34 A,96.0,23.0,6.1,0.12,6.0,12.22
2026-04-10_rep_1,UA950,17:19:00,-25.0,17:11:00,17:35:00,B31 A,160.0,21.0,11.71,0.1,24.0,35.81
2026-04-10_rep_1,UA972,19:11:00,-19.0,19:14:00,19:32:00,B38 A,151.0,33.0,12.39,0.1,18.0,30.49
2026-04-10_rep_1,UA994,17:51:00,-33.0,17:36:00,18:10:00,B40 A,189.0,24.0,11.19,0.1,34.0,45.29
2026-04-10_rep_1,UX1171,19:57:00,-5.0,20:18:00,20:23:00,A48 ,99.0,38.0,8.51,1.55,5.0,15.07
2026-04-10_rep_1,UX1173,03:45:00,-3.0,04:01:00,04:04:00,A47 ,94.0,24.0,6.67,1.77,3.0,11.44
2026-04-10_rep_1,VF65,21:24:00,2.0,21:38:00,21:49:00,B30 A,133.0,21.0,10.08,0.1,11.0,21.18
2026-04-10_rep_1,VF67,02:16:00,26.0,02:55:00,03:07:00,B30 A,161.0,19.0,11.67,0.09,12.0,23.75
2026-04-10_rep_1,VY1332,19:09:00,-2.0,19:26:00,19:27:00,A53 ,25.0,23.0,2.09,1.58,1.0,4.67
2026-04-10_rep_1,VY2150,18:45:00,-11.0,18:46:00,18:47:00,A51 ,36.0,17.0,3.13,1.61,1.0,5.73
2026-04-10_rep_1,VY3650,03:15:00,-28.0,02:59:00,03:04:00,A51 ,97.0,17.0,9.08,1.6,5.0,15.68
2026-04-10_rep_1,VY8980,19:56:00,-13.0,19:54:00,19:55:00,A46 ,18.0,22.0,1.44,1.66,1.0,4.1
2026-04-10_rep_1,VY8982,03:30:00,-11.0,03:32:00,03:33:00,A53 ,46.0,18.0,3.13,1.61,1.0,5.73
2026-04-10_rep_1,VY8984,06:55:00,28.0,07:33:00,07:34:00,A45 ,55.0,15.0,5.22,1.63,1.0,7.84
2026-04-10_rep_1,VY8986,00:35:00,1.0,00:58:00,01:01:00,A51 ,62.0,27.0,5.12,1.92,3.0,10.04
2026-04-10_rep_1,XR5402,03:26:00,15.0,04:00:00,04:04:00,B36 A,105.0,25.0,8.55,0.09,4.0,12.64
2026-04-10_rep_2,AC832,17:17:00,-50.0,16:45:00,17:14:00,B28 A,159.0,25.0,14.62,0.09,29.0,43.71
2026-04-10_rep_2,AY1541,19:26:00,-15.0,19:34:00,19:51:00,A45 ,126.0,29.0,10.83,1.55,17.0,29.38
2026-04-10_rep_2,AY1545,04:25:00,-12.0,04:29:00,04:34:00,A62 ,80.0,21.0,5.35,1.8,5.0,12.15
2026-04-10_rep_2,AZ148,18:40:00,-20.0,18:31:00,18:32:00,A47 ,3.0,16.0,0.25,1.52,1.0,2.77
2026-04-10_rep_2,AZ154,05:10:00,-7.0,05:20:00,05:24:00,A70 ,49.0,22.0,4.9,1.64,4.0,10.54
2026-04-10_rep_2,AZ156,20:52:00,-1.0,21:08:00,21:17:00,A49 ,125.0,24.0,9.89,1.42,9.0,20.31
2026-04-10_rep_2,BA384,20:00:00,-21.0,20:03:00,20:07:00,B27 A,36.0,29.0,2.73,0.08,4.0,6.81
2026-04-10_rep_2,BA386,02:15:00,-16.0,02:15:00,02:21:00,B14 A,98.0,21.0,8.35,0.13,6.0,14.47
2026-04-10_rep_2,BA390,06:45:00,-16.0,07:37:00,07:50:00,B15 A,77.0,73.0,5.88,0.09,13.0,18.97
2026-04-10_rep_2,BT601,19:00:00,6.0,19:25:00,19:27:00,A59 ,41.0,24.0,4.37,1.89,2.0,8.27
2026-04-10_rep_2,BT603,04:34:00,-7.0,04:41:00,04:44:00,A64 ,20.0,18.0,1.85,1.33,3.0,6.19
2026-04-10_rep_2,BT851,06:04:00,8.0,06:24:00,06:26:00,A61 ,26.0,16.0,2.72,1.5,2.0,6.22
2026-04-10_rep_2,DN403,23:34:00,43.0,00:27:00,00:28:00,A59 ,21.0,14.0,1.84,1.87,1.0,4.71
2026-04-10_rep_2,EI630,19:45:00,-11.0,19:55:00,20:00:00,B30 A,93.0,26.0,6.97,0.1,5.0,12.07
2026-04-10_rep_2,EI638,06:49:00,-10.0,06:54:00,06:59:00,B9  A,100.0,19.0,11.16,1.55,5.0,17.71
2026-04-10_rep_2,EK181,05:35:00,14.0,06:02:00,06:30:00,B31 A,219.0,18.0,15.43,0.09,28.0,43.53
2026-04-10_rep_2,ET750,17:11:00,39.0,18:08:00,18:45:00,B29 A,363.0,24.0,23.52,0.1,37.0,60.61
2026-04-10_rep_2,EY57,18:06:00,36.0,18:56:00,19:28:00,B5  A,200.0,20.0,17.21,2.09,32.0,51.3
2026-04-10_rep_2,FB407,05:51:00,41.0,06:55:00,06:58:00,A51 ,68.0,29.0,6.0,1.63,3.0,10.63
2026-04-10_rep_2,FH8014,01:20:00,-10.0,01:27:00,01:31:00,B7  A,104.0,22.0,8.76,1.53,4.0,14.29
2026-04-10_rep_2,FI554,23:01:00,0.0,23:24:00,23:29:00,A43 ,102.0,29.0,9.31,1.71,5.0,16.02
2026-04-10_rep_2,GQ800,23:10:00,44.0,00:08:00,00:11:00,A69 ,75.0,19.0,5.76,1.62,3.0,10.37
2026-04-10_rep_2,IB1299,00:50:00,-9.0,01:01:00,01:06:00,A63 ,46.0,25.0,4.27,1.72,5.0,10.98
2026-04-10_rep_2,IB597,21:35:00,-6.0,21:49:00,21:53:00,A54 ,90.0,30.0,7.76,1.62,4.0,13.38
2026-04-10_rep_2,IB601,05:06:00,-16.0,05:10:00,05:16:00,A57 ,97.0,26.0,7.11,1.74,6.0,14.86
2026-04-10_rep_2,IB603,08:34:00,1.0,08:54:00,08:58:00,A53 ,132.0,23.0,14.32,2.32,4.0,20.63
2026-04-10_rep_2,JU270,19:09:00,7.0,19:31:00,19:34:00,B34 A,55.0,19.0,4.73,0.09,3.0,7.82
2026-04-10_rep_2,KM420,05:20:00,-14.0,05:27:00,05:33:00,A63 ,129.0,26.0,8.48,1.92,6.0,16.4
2026-04-10_rep_2,LO231,08:40:00,-6.0,08:52:00,08:54:00,A55 ,22.0,23.0,1.9,1.81,2.0,5.71
2026-04-10_rep_2,LO233,04:47:00,2.0,05:08:00,05:10:00,A66 ,47.0,26.0,4.65,1.54,2.0,8.19
2026-04-10_rep_2,LO235,19:37:00,-11.0,19:38:00,19:40:00,A51 ,16.0,24.0,1.62,1.36,2.0,4.98
2026-04-10_rep_2,LO237,02:06:00,-2.0,02:18:00,02:20:00,A47 ,37.0,20.0,2.58,1.77,2.0,6.35
2026-04-10_rep_2,LX780,00:20:00,31.0,01:16:00,01:20:00,A45 ,94.0,30.0,9.5,1.69,4.0,15.19
2026-04-10_rep_2,LX786,18:56:00,8.0,19:21:00,19:24:00,A57 ,33.0,23.0,2.58,1.86,3.0,7.44
2026-04-10_rep_2,LX788,04:40:00,-16.0,04:45:00,04:48:00,A43 ,43.0,26.0,3.37,1.61,3.0,7.99
2026-04-10_rep_2,MS725,01:20:00,36.0,02:18:00,02:23:00,B9  A,141.0,27.0,12.2,2.39,5.0,19.59
2026-04-10_rep_2,OS291,19:21:00,3.0,19:43:00,19:44:00,A47 ,27.0,35.0,1.79,1.71,1.0,4.5
2026-04-10_rep_2,OS295,02:50:00,-1.0,03:02:00,03:06:00,A43 ,43.0,18.0,3.0,1.53,4.0,8.53
2026-04-10_rep_2,OS297,05:16:00,20.0,05:53:00,05:57:00,A45 ,85.0,23.0,5.38,1.78,4.0,11.16
2026-04-10_rep_2,OU4456,05:56:00,28.0,06:37:00,06:39:00,A53 ,64.0,19.0,4.71,1.52,2.0,8.24
2026-04-10_rep_2,OU456,18:46:00,12.0,19:15:00,19:22:00,A49 ,27.0,23.0,2.26,1.6,7.0,10.87
2026-04-10_rep_2,QS1000,18:16:00,-12.0,18:14:00,18:15:00,A57 ,5.0,16.0,0.46,2.12,1.0,3.58
2026-04-10_rep_2,QS1002,04:50:00,-6.0,05:02:00,05:04:00,A68 ,22.0,23.0,1.77,1.87,2.0,5.64
2026-04-10_rep_2,SK1589,04:20:00,-14.0,04:19:00,04:20:00,A51 ,35.0,18.0,2.97,1.58,1.0,5.56
2026-04-10_rep_2,SK1593,00:40:00,8.0,01:02:00,01:06:00,A47 ,76.0,19.0,5.48,2.19,4.0,11.67
2026-04-10_rep_2,SK1595,04:34:00,-9.0,04:37:00,04:40:00,A53 ,55.0,16.0,3.83,1.52,3.0,8.35
2026-04-10_rep_2,SK593,19:54:00,-14.0,19:52:00,19:55:00,A54 ,60.0,26.0,4.57,1.72,3.0,9.29
2026-04-10_rep_2,SK597,05:55:00,-15.0,05:50:00,05:51:00,A47 ,36.0,15.0,3.33,1.85,1.0,6.18
2026-04-10_rep_2,SN206,15:24:00,-4.0,15:33:00,16:16:00,B40 A,198.0,17.0,13.4,0.09,43.0,56.49
2026-04-10_rep_2,SN2104,18:58:00,-1.0,19:22:00,19:33:00,B7  A,8.0,28.0,0.51,1.7,11.0,13.21
2026-04-10_rep_2,SN2184,18:35:00,-5.0,18:47:00,18:49:00,B36 A,17.0,22.0,1.16,0.13,2.0,3.3
2026-04-10_rep_2,SN2258,23:32:00,-1.0,23:50:00,23:52:00,A60 ,51.0,26.0,4.97,2.17,2.0,9.13
2026-04-10_rep_2,SN2260,05:48:00,16.0,06:31:00,06:34:00,A52 ,52.0,30.0,5.46,1.44,3.0,9.91
2026-04-10_rep_2,SN229,15:06:00,-3.0,15:20:00,15:56:00,B17 A,118.0,23.0,11.0,0.1,36.0,47.1
2026-04-10_rep_2,SN2292,01:10:00,-9.0,01:15:00,01:17:00,A67 ,44.0,19.0,3.34,1.64,2.0,6.97
2026-04-10_rep_2,SN2294,05:54:00,-11.0,06:02:00,06:05:00,A62 ,50.0,23.0,5.02,1.73,3.0,9.75
2026-04-10_rep_2,SN2318,06:03:00,-2.0,06:17:00,06:21:00,A46 ,31.0,19.0,2.25,1.55,4.0,7.79
2026-04-10_rep_2,SN2372,03:55:00,1.0,04:15:00,04:17:00,A58 ,50.0,24.0,5.79,1.78,2.0,9.57
2026-04-10_rep_2,SN2548,03:23:00,6.0,03:42:00,03:44:00,A48 ,69.0,16.0,8.37,1.53,2.0,11.89
2026-04-10_rep_2,SN2556,06:17:00,-8.0,06:23:00,06:26:00,A56 ,63.0,21.0,3.86,1.43,3.0,8.29
2026-04-10_rep_2,SN2582,23:13:00,-6.0,23:33:00,23:40:00,A50 ,67.0,34.0,5.53,1.97,7.0,14.5
2026-04-10_rep_2,SN2588,06:13:00,-3.0,06:31:00,06:34:00,A40 ,73.0,24.0,5.86,1.57,3.0,10.42
2026-04-10_rep_2,SN2592,18:23:00,-13.0,18:28:00,18:33:00,A40 ,3.0,21.0,0.26,1.66,5.0,6.92
2026-04-10_rep_2,SN2608,20:17:00,-2.0,20:35:00,20:37:00,A44 ,27.0,27.0,1.72,1.73,2.0,5.45
2026-04-10_rep_2,SN2610,22:51:00,-15.0,22:51:00,22:54:00,A56 ,33.0,21.0,2.4,1.99,3.0,7.39
2026-04-10_rep_2,SN2612,23:45:00,21.0,00:40:00,00:43:00,A62 ,30.0,39.0,2.68,1.57,3.0,7.25
2026-04-10_rep_2,SN2614,03:34:00,-8.0,03:47:00,03:48:00,A52 ,12.0,25.0,0.95,1.78,1.0,3.73
2026-04-10_rep_2,SN2630,18:18:00,-23.0,18:13:00,18:18:00,A46 ,3.0,21.0,0.25,1.87,5.0,7.12
2026-04-10_rep_2,SN2644,23:13:00,-6.0,23:37:00,23:39:00,A40 ,18.0,33.0,1.13,1.44,2.0,4.57
2026-04-10_rep_2,SN2646,02:18:00,-3.0,02:29:00,02:30:00,A46 ,41.0,17.0,2.9,1.33,1.0,5.23
2026-04-10_rep_2,SN2650,05:59:00,-2.0,06:15:00,06:18:00,A49 ,17.0,22.0,1.1,1.46,3.0,5.56
2026-04-10_rep_2,SN2652,09:14:00,-12.0,09:22:00,09:44:00,A54 ,20.0,24.0,1.61,1.8,22.0,25.41
2026-04-10_rep_2,SN2712,19:41:00,1.0,20:06:00,20:07:00,A56 ,34.0,30.0,2.67,2.15,1.0,5.83
2026-04-10_rep_2,SN2714,22:52:00,-4.0,23:06:00,23:07:00,A42 ,32.0,25.0,2.99,2.05,1.0,6.04
2026-04-10_rep_2,SN2722,04:34:00,-4.0,04:51:00,04:54:00,A56 ,60.0,25.0,4.57,1.73,3.0,9.3
2026-04-10_rep_2,SN2724,08:35:00,-6.0,08:47:00,08:48:00,A69 ,54.0,23.0,4.42,1.67,1.0,7.09
2026-04-10_rep_2,SN2726,18:27:00,0.0,18:45:00,18:52:00,A54 ,14.0,25.0,1.25,1.47,7.0,9.72
2026-04-10_rep_2,SN2730,20:23:00,-5.0,20:30:00,20:33:00,A58 ,18.0,20.0,1.24,1.92,3.0,6.16
2026-04-10_rep_2,SN2732,07:35:00,-4.0,07:47:00,07:49:00,A47 ,45.0,21.0,3.28,1.9,2.0,7.18
2026-04-10_rep_2,SN278,15:44:00,-10.0,15:52:00,16:27:00,B37 A,175.0,22.0,15.15,0.08,35.0,50.23
2026-04-10_rep_2,SN2810,23:23:00,-2.0,23:33:00,23:35:00,A54 ,31.0,15.0,2.2,1.71,2.0,5.92
2026-04-10_rep_2,SN2812,06:18:00,-5.0,06:30:00,06:32:00,A44 ,41.0,20.0,2.9,1.6,2.0,6.49
2026-04-10_rep_2,SN2814,08:53:00,-26.0,08:38:00,08:39:00,A48 ,33.0,19.0,2.63,2.11,1.0,5.74
2026-04-10_rep_2,SN2816,18:23:00,-6.0,18:45:00,18:47:00,A52 ,12.0,31.0,1.28,1.59,2.0,4.87
2026-04-10_rep_2,SN2826,06:11:00,-9.0,06:25:00,06:30:00,A58 ,124.0,29.0,12.98,1.47,5.0,19.45
2026-04-10_rep_2,SN2830,18:38:00,12.0,19:25:00,19:26:00,A44 ,9.0,38.0,0.79,1.38,1.0,3.17
2026-04-10_rep_2,SN2902,21:12:00,7.0,21:40:00,21:43:00,A42 ,60.0,28.0,4.82,2.1,3.0,9.92
2026-04-10_rep_2,SN2906,06:00:00,-3.0,06:15:00,06:19:00,A68 ,33.0,23.0,2.67,1.62,4.0,8.29
2026-04-10_rep_2,SN3140,23:46:00,1.0,00:05:00,00:09:00,A70 ,80.0,24.0,6.48,1.53,4.0,12.01
2026-04-10_rep_2,SN3146,21:06:00,32.0,22:06:00,22:10:00,A50 ,103.0,34.0,7.3,1.44,4.0,12.74
2026-04-10_rep_2,SN3150,06:25:00,28.0,07:16:00,07:18:00,A59 ,59.0,28.0,6.09,1.75,2.0,9.84
2026-04-10_rep_2,SN3154,20:18:00,4.0,20:44:00,20:46:00,A40 ,16.0,30.0,1.3,1.69,2.0,4.99
2026-04-10_rep_2,SN3160,09:19:00,-7.0,09:25:00,09:27:00,A66 ,43.0,17.0,3.37,1.49,2.0,6.87
2026-04-10_rep_2,SN3176,22:32:00,9.0,23:03:00,23:04:00,A44 ,59.0,29.0,5.18,1.37,1.0,7.55
2026-04-10_rep_2,SN3182,06:23:00,17.0,06:59:00,07:03:00,A64 ,82.0,22.0,8.34,1.44,4.0,13.79
2026-04-10_rep_2,SN3184,09:19:00,107.0,11:34:00,11:37:00,A42 ,78.0,32.0,5.14,1.5,3.0,9.64
2026-04-10_rep_2,SN3202,00:25:00,-4.0,00:47:00,00:50:00,A55 ,89.0,31.0,6.09,1.5,3.0,10.58
2026-04-10_rep_2,SN3246,03:53:00,7.0,04:33:00,04:37:00,A40 ,111.0,36.0,7.72,1.62,4.0,13.33
2026-04-10_rep_2,SN3344,06:18:00,5.0,06:45:00,06:47:00,A66 ,41.0,25.0,2.94,2.22,2.0,7.16
2026-04-10_rep_2,SN3588,00:42:00,5.0,01:05:00,01:07:00,A50 ,13.0,25.0,1.18,2.26,2.0,5.43
2026-04-10_rep_2,SN3594,18:37:00,-13.0,18:54:00,18:56:00,A48 ,6.0,37.0,0.42,1.87,2.0,4.29
2026-04-10_rep_2,SN3598,01:19:00,3.0,01:35:00,01:37:00,A58 ,47.0,17.0,3.83,1.39,2.0,7.22
2026-04-10_rep_2,SN3604,18:28:00,0.0,18:46:00,18:52:00,A58 ,6.0,21.0,0.54,2.15,6.0,8.69
2026-04-10_rep_2,SN3618,01:33:00,49.0,02:46:00,02:50:00,A40 ,86.0,27.0,5.63,1.48,4.0,11.11
2026-04-10_rep_2,SN3622,04:13:00,-4.0,04:24:00,04:26:00,A60 ,61.0,18.0,4.5,1.35,2.0,7.85
2026-04-10_rep_2,SN3634,20:58:00,8.0,21:40:00,21:41:00,A60 ,8.0,37.0,0.57,1.72,1.0,3.29
2026-04-10_rep_2,SN3668,23:54:00,3.0,00:30:00,00:32:00,A44 ,44.0,37.0,3.89,1.36,2.0,7.25
2026-04-10_rep_2,SN3676,18:38:00,-4.0,19:03:00,19:04:00,A50 ,21.0,32.0,1.43,1.4,1.0,3.84
2026-04-10_rep_2,SN3698,00:34:00,-7.0,00:52:00,00:56:00,A68 ,87.0,29.0,5.56,1.69,4.0,11.25
2026-04-10_rep_2,SN3706,09:29:00,19.0,11:10:00,11:15:00,A58 ,86.0,86.0,6.1,1.75,5.0,12.85
2026-04-10_rep_2,SN3708,17:44:00,17.0,18:24:00,18:27:00,A56 ,57.0,27.0,4.02,1.62,3.0,8.64
2026-04-10_rep_2,SN3722,00:59:00,8.0,01:30:00,01:32:00,A64 ,72.0,27.0,5.57,1.75,2.0,9.32
2026-04-10_rep_2,SN3728,05:59:00,-13.0,06:04:00,06:08:00,A54 ,69.0,22.0,6.96,1.83,4.0,12.79
2026-04-10_rep_2,SN3730,09:16:00,3.0,09:45:00,09:48:00,A59 ,71.0,32.0,4.96,1.29,3.0,9.24
2026-04-10_rep_2,SN3732,18:39:00,0.0,19:13:00,19:15:00,A42 ,34.0,38.0,2.61,1.54,2.0,6.15
2026-04-10_rep_2,SN3734,22:58:00,-19.0,23:06:00,23:11:00,A48 ,84.0,35.0,8.01,1.62,5.0,14.63
2026-04-10_rep_2,SN3736,04:29:00,12.0,05:09:00,05:14:00,A50 ,84.0,32.0,7.29,1.57,5.0,13.86
2026-04-10_rep_2,SN3738,09:14:00,-9.0,09:30:00,09:34:00,A46 ,105.0,29.0,6.94,1.37,4.0,12.31
2026-04-10_rep_2,SN3752,00:39:00,31.0,01:34:00,01:37:00,A48 ,99.0,28.0,6.92,1.93,3.0,11.85
2026-04-10_rep_2,SN3772,21:42:00,-7.0,22:09:00,22:11:00,A46 ,69.0,41.0,5.18,1.59,2.0,8.76
2026-04-10_rep_2,SN3774,08:21:00,-10.0,08:34:00,08:37:00,A52 ,64.0,29.0,6.97,1.35,3.0,11.32
2026-04-10_rep_2,SN3782,09:34:00,-7.0,09:52:00,09:59:00,A56 ,129.0,29.0,9.77,1.5,7.0,18.27
2026-04-10_rep_2,SN379,15:11:00,14.0,15:52:00,16:29:00,B14 A,47.0,33.0,3.65,0.13,37.0,40.78
2026-04-10_rep_2,SN3802,02:08:00,-1.0,02:32:00,02:34:00,A42 ,67.0,33.0,4.93,1.31,2.0,8.24
2026-04-10_rep_2,SN3810,06:14:00,2.0,06:34:00,06:38:00,A60 ,50.0,22.0,3.53,1.76,4.0,9.29
2026-04-10_rep_2,SN3812,02:20:00,16.0,02:58:00,03:01:00,A55 ,48.0,27.0,4.22,2.31,3.0,9.53
2026-04-10_rep_2,SN3820,10:45:00,17.0,11:28:00,11:32:00,A50 ,84.0,91.0,6.6,1.67,4.0,12.26
2026-04-10_rep_2,SN516,17:30:00,-53.0,16:50:00,17:04:00,B11 A,32.0,18.0,2.85,0.11,14.0,16.96
2026-04-10_rep_2,TB1012,22:46:00,-18.0,22:46:00,22:50:00,A45 ,83.0,24.0,7.67,1.65,4.0,13.32
2026-04-10_rep_2,TB1014,07:26:00,36.0,08:18:00,08:22:00,A63 ,108.0,22.0,9.83,2.13,4.0,15.97
2026-04-10_rep_2,TB1114,07:26:00,-7.0,07:45:00,07:50:00,A67 ,92.0,32.0,7.43,2.21,5.0,14.64
2026-04-10_rep_2,TB1419,00:10:00,10.0,00:42:00,00:45:00,A61 ,104.0,27.0,8.68,1.74,3.0,13.42
2026-04-10_rep_2,TB1552,08:29:00,-4.0,08:46:00,08:54:00,A61 ,166.0,25.0,13.91,1.92,8.0,23.83
2026-04-10_rep_2,TB1754,09:32:00,-10.0,09:41:00,09:46:00,A57 ,125.0,26.0,10.25,1.83,5.0,17.08
2026-04-10_rep_2,TB1912,07:56:00,-5.0,08:06:00,08:13:00,A43 ,140.0,21.0,14.87,1.89,7.0,23.76
2026-04-10_rep_2,TB2042,05:14:00,11.0,05:40:00,05:44:00,B17 A,134.0,19.0,13.26,0.13,4.0,17.39
2026-04-10_rep_2,TB2502,00:41:00,-3.0,00:56:00,01:09:00,B28 A,178.0,24.0,15.72,0.11,13.0,28.83
2026-04-10_rep_2,TB2612,08:05:00,-1.0,08:22:00,08:26:00,B28 A,129.0,23.0,10.37,0.09,4.0,14.46
2026-04-10_rep_2,TB2632,20:49:00,22.0,21:32:00,21:38:00,B27 A,152.0,25.0,9.64,0.09,6.0,15.73
2026-04-10_rep_2,TB2952,22:09:00,0.0,22:22:00,22:23:00,B29 A,22.0,17.0,1.68,0.13,1.0,2.81
2026-04-10_rep_2,TB3012,04:34:00,25.0,05:37:00,05:44:00,B27 A,158.0,42.0,15.1,0.07,7.0,22.17
2026-04-10_rep_2,TB3102,04:29:00,26.0,05:15:00,05:22:00,B29 A,146.0,24.0,10.29,0.13,7.0,17.42
2026-04-10_rep_2,TG934,17:21:00,35.0,18:10:00,18:46:00,B11 A,265.0,20.0,19.54,0.11,36.0,55.64
2026-04-10_rep_2,TK1937,20:16:00,-4.0,20:27:00,20:37:00,B34 A,100.0,21.0,7.31,0.09,10.0,17.4
2026-04-10_rep_2,TK1939,03:55:00,27.0,04:35:00,04:49:00,B9  A,130.0,18.0,10.74,1.57,14.0,26.31
2026-04-10_rep_2,TK1941,07:31:00,12.0,07:52:00,08:14:00,B7  A,146.0,15.0,11.48,1.91,22.0,35.39
2026-04-10_rep_2,TK1943,23:30:00,-3.0,23:43:00,23:48:00,B7  A,99.0,21.0,8.41,1.74,5.0,15.15
2026-04-10_rep_2,TK1945,01:20:00,-2.0,01:40:00,01:46:00,B5  A,150.0,27.0,14.84,1.7,6.0,22.54
2026-04-10_rep_2,TP640,21:06:00,10.0,21:35:00,21:44:00,A47 ,96.0,25.0,9.5,1.85,9.0,20.35
2026-04-10_rep_2,TP642,01:10:00,-4.0,01:37:00,02:05:00,A57 ,122.0,36.0,10.51,1.51,28.0,40.02
2026-04-10_rep_2,TP644,06:10:00,-10.0,06:11:00,06:19:00,A43 ,128.0,16.0,8.44,1.42,8.0,17.86
2026-04-10_rep_2,TP646,10:02:00,-6.0,11:20:00,11:29:00,A45 ,175.0,91.0,18.67,1.42,9.0,29.09
2026-04-10_rep_2,TU954,21:34:00,17.0,22:05:00,22:11:00,B34 A,96.0,23.0,7.2,0.12,6.0,13.32
2026-04-10_rep_2,UA950,17:19:00,-25.0,17:11:00,17:35:00,B31 A,160.0,21.0,12.0,0.1,24.0,36.1
2026-04-10_rep_2,UA972,19:11:00,-19.0,19:14:00,19:32:00,B38 A,151.0,33.0,16.0,0.09,18.0,34.09
2026-04-10_rep_2,UA994,17:51:00,-33.0,17:36:00,18:10:00,B40 A,189.0,24.0,14.57,0.1,34.0,48.68
2026-04-10_rep_2,UX1171,19:57:00,-5.0,20:18:00,20:23:00,A48 ,99.0,38.0,7.66,1.21,5.0,13.87
2026-04-10_rep_2,UX1173,03:45:00,-3.0,04:01:00,04:04:00,A47 ,94.0,24.0,7.03,1.8,3.0,11.83
2026-04-10_rep_2,VF65,21:24:00,2.0,21:38:00,21:49:00,B30 A,133.0,21.0,11.44,0.14,11.0,22.58
2026-04-10_rep_2,VF67,02:16:00,26.0,02:55:00,03:07:00,B30 A,161.0,19.0,9.69,0.14,12.0,21.83
2026-04-10_rep_2,VY1332,19:09:00,-2.0,19:26:00,19:27:00,A53 ,25.0,23.0,2.64,1.48,1.0,5.13
2026-04-10_rep_2,VY2150,18:45:00,-11.0,18:46:00,18:47:00,A51 ,36.0,17.0,3.3,1.88,1.0,6.18
2026-04-10_rep_2,VY3650,03:15:00,-28.0,02:59:00,03:04:00,A51 ,97.0,17.0,7.03,1.45,5.0,13.47
2026-04-10_rep_2,VY8980,19:56:00,-13.0,19:54:00,19:55:00,A46 ,18.0,22.0,1.37,1.95,1.0,4.32
2026-04-10_rep_2,VY8982,03:30:00,-11.0,03:32:00,03:33:00,A53 ,46.0,18.0,4.19,1.49,1.0,6.68
2026-04-10_rep_2,VY8984,06:55:00,28.0,07:33:00,07:34:00,A45 ,55.0,15.0,3.49,2.0,1.0,6.49
2026-04-10_rep_2,VY8986,00:35:00,1.0,00:58:00,01:01:00,A51 ,62.0,27.0,5.6,1.43,3.0,10.02
2026-04-10_rep_2,XR5402,03:26:00,15.0,04:00:00,04:04:00,B36 A,105.0,25.0,8.09,0.11,4.0,12.19
2026-04-10_rep_3,AC832,17:17:00,-50.0,16:45:00,17:14:00,B28 A,159.0,25.0,9.66,0.11,29.0,38.77
2026-04-10_rep_3,AY1541,19:26:00,-15.0,19:34:00,19:51:00,A45 ,126.0,29.0,10.31,1.47,17.0,28.78
2026-04-10_rep_3,AY1545,04:25:00,-12.0,04:29:00,04:34:00,A62 ,80.0,21.0,6.34,1.42,5.0,12.76
2026-04-10_rep_3,AZ148,18:40:00,-20.0,18:31:00,18:32:00,A47 ,3.0,16.0,0.3,1.45,1.0,2.75
2026-04-10_rep_3,AZ154,05:10:00,-7.0,05:20:00,05:24:00,A70 ,49.0,22.0,3.07,1.78,4.0,8.85
2026-04-10_rep_3,AZ156,20:52:00,-1.0,21:08:00,21:17:00,A49 ,125.0,24.0,10.73,1.83,9.0,21.56
2026-04-10_rep_3,BA384,20:00:00,-21.0,20:03:00,20:07:00,B27 A,36.0,29.0,3.39,0.11,4.0,7.5
2026-04-10_rep_3,BA386,02:15:00,-16.0,02:15:00,02:21:00,B14 A,98.0,21.0,9.07,0.09,6.0,15.16
2026-04-10_rep_3,BA390,06:45:00,-16.0,07:37:00,07:50:00,B15 A,77.0,73.0,5.65,0.12,13.0,18.76
2026-04-10_rep_3,BT601,19:00:00,6.0,19:25:00,19:27:00,A59 ,41.0,24.0,3.35,1.69,2.0,7.04
2026-04-10_rep_3,BT603,04:34:00,-7.0,04:41:00,04:44:00,A64 ,20.0,18.0,1.51,1.91,3.0,6.41
2026-04-10_rep_3,BT851,06:04:00,8.0,06:24:00,06:26:00,A61 ,26.0,16.0,2.12,1.61,2.0,5.72
2026-04-10_rep_3,DN403,23:34:00,43.0,00:27:00,00:28:00,A59 ,21.0,14.0,1.79,1.83,1.0,4.63
2026-04-10_rep_3,EI630,19:45:00,-11.0,19:55:00,20:00:00,B30 A,93.0,26.0,6.76,0.08,5.0,11.84
2026-04-10_rep_3,EI638,06:49:00,-10.0,06:54:00,06:59:00,B9  A,100.0,19.0,9.51,2.05,5.0,16.56
2026-04-10_rep_3,EK181,05:35:00,14.0,06:02:00,06:30:00,B31 A,219.0,18.0,14.55,0.12,28.0,42.68
2026-04-10_rep_3,ET750,17:11:00,39.0,18:08:00,18:45:00,B29 A,363.0,24.0,22.96,0.11,37.0,60.07
2026-04-10_rep_3,EY57,18:06:00,36.0,18:56:00,19:28:00,B5  A,200.0,20.0,12.67,1.4,32.0,46.07
2026-04-10_rep_3,FB407,05:51:00,41.0,06:55:00,06:58:00,A51 ,68.0,29.0,5.22,1.83,3.0,10.05
2026-04-10_rep_3,FH8014,01:20:00,-10.0,01:27:00,01:31:00,B7  A,104.0,22.0,8.92,2.28,4.0,15.2
2026-04-10_rep_3,FI554,23:01:00,0.0,23:24:00,23:29:00,A43 ,102.0,29.0,9.6,1.65,5.0,16.24
2026-04-10_rep_3,GQ800,23:10:00,44.0,00:08:00,00:11:00,A69 ,75.0,19.0,5.35,1.33,3.0,9.68
2026-04-10_rep_3,IB1299,00:50:00,-9.0,01:01:00,01:06:00,A63 ,46.0,25.0,3.29,1.87,5.0,10.16
2026-04-10_rep_3,IB597,21:35:00,-6.0,21:49:00,21:53:00,A54 ,90.0,30.0,10.23,1.75,4.0,15.98
2026-04-10_rep_3,IB601,05:06:00,-16.0,05:10:00,05:16:00,A57 ,97.0,26.0,8.74,1.45,6.0,16.2
2026-04-10_rep_3,IB603,08:34:00,1.0,08:54:00,08:58:00,A53 ,132.0,23.0,11.75,2.16,4.0,17.92
2026-04-10_rep_3,JU270,19:09:00,7.0,19:31:00,19:34:00,B34 A,55.0,19.0,5.03,0.1,3.0,8.12
2026-04-10_rep_3,KM420,05:20:00,-14.0,05:27:00,05:33:00,A63 ,129.0,26.0,11.92,1.27,6.0,19.19
2026-04-10_rep_3,LO231,08:40:00,-6.0,08:52:00,08:54:00,A55 ,22.0,23.0,1.88,1.7,2.0,5.57
2026-04-10_rep_3,LO233,04:47:00,2.0,05:08:00,05:10:00,A66 ,47.0,26.0,4.89,1.82,2.0,8.72
2026-04-10_rep_3,LO235,19:37:00,-11.0,19:38:00,19:40:00,A51 ,16.0,24.0,1.3,1.47,2.0,4.77
2026-04-10_rep_3,LO237,02:06:00,-2.0,02:18:00,02:20:00,A47 ,37.0,20.0,2.6,2.29,2.0,6.89
2026-04-10_rep_3,LX780,00:20:00,31.0,01:16:00,01:20:00,A45 ,94.0,30.0,5.85,1.74,4.0,11.59
2026-04-10_rep_3,LX786,18:56:00,8.0,19:21:00,19:24:00,A57 ,33.0,23.0,2.55,1.4,3.0,6.95
2026-04-10_rep_3,LX788,04:40:00,-16.0,04:45:00,04:48:00,A43 ,43.0,26.0,3.78,1.55,3.0,8.33
2026-04-10_rep_3,MS725,01:20:00,36.0,02:18:00,02:23:00,B9  A,141.0,27.0,11.52,1.63,5.0,18.15
2026-04-10_rep_3,OS291,19:21:00,3.0,19:43:00,19:44:00,A47 ,27.0,35.0,1.8,2.38,1.0,5.18
2026-04-10_rep_3,OS295,02:50:00,-1.0,03:02:00,03:06:00,A43 ,43.0,18.0,3.56,2.04,4.0,9.61
2026-04-10_rep_3,OS297,05:16:00,20.0,05:53:00,05:57:00,A45 ,85.0,23.0,6.14,1.79,4.0,11.93
2026-04-10_rep_3,OU4456,05:56:00,28.0,06:37:00,06:39:00,A53 ,64.0,19.0,4.83,2.04,2.0,8.87
2026-04-10_rep_3,OU456,18:46:00,12.0,19:15:00,19:22:00,A49 ,27.0,23.0,1.93,1.55,7.0,10.48
2026-04-10_rep_3,QS1000,18:16:00,-12.0,18:14:00,18:15:00,A57 ,5.0,16.0,0.32,2.07,1.0,3.4
2026-04-10_rep_3,QS1002,04:50:00,-6.0,05:02:00,05:04:00,A68 ,22.0,23.0,1.91,1.55,2.0,5.47
2026-04-10_rep_3,SK1589,04:20:00,-14.0,04:19:00,04:20:00,A51 ,35.0,18.0,3.11,1.64,1.0,5.75
2026-04-10_rep_3,SK1593,00:40:00,8.0,01:02:00,01:06:00,A47 ,76.0,19.0,7.85,1.94,4.0,13.78
2026-04-10_rep_3,SK1595,04:34:00,-9.0,04:37:00,04:40:00,A53 ,55.0,16.0,4.51,1.81,3.0,9.31
2026-04-10_rep_3,SK593,19:54:00,-14.0,19:52:00,19:55:00,A54 ,60.0,26.0,4.04,1.42,3.0,8.47
2026-04-10_rep_3,SK597,05:55:00,-15.0,05:50:00,05:51:00,A47 ,36.0,15.0,2.64,1.25,1.0,4.89
2026-04-10_rep_3,SN206,15:24:00,-4.0,15:33:00,16:16:00,B40 A,198.0,17.0,14.52,0.13,43.0,57.66
2026-04-10_rep_3,SN2104,18:58:00,-1.0,19:22:00,19:33:00,B7  A,8.0,28.0,0.56,1.3,11.0,12.86
2026-04-10_rep_3,SN2184,18:35:00,-5.0,18:47:00,18:49:00,B36 A,17.0,22.0,1.11,0.11,2.0,3.22
2026-04-10_rep_3,SN2258,23:32:00,-1.0,23:50:00,23:52:00,A60 ,51.0,26.0,4.02,1.57,2.0,7.59
2026-04-10_rep_3,SN2260,05:48:00,16.0,06:31:00,06:34:00,A52 ,52.0,30.0,3.09,1.51,3.0,7.6
2026-04-10_rep_3,SN229,15:06:00,-3.0,15:20:00,15:56:00,B17 A,118.0,23.0,10.55,0.07,36.0,46.62
2026-04-10_rep_3,SN2292,01:10:00,-9.0,01:15:00,01:17:00,A67 ,44.0,19.0,3.66,1.81,2.0,7.47
2026-04-10_rep_3,SN2294,05:54:00,-11.0,06:02:00,06:05:00,A62 ,50.0,23.0,5.23,1.78,3.0,10.01
2026-04-10_rep_3,SN2318,06:03:00,-2.0,06:17:00,06:21:00,A46 ,31.0,19.0,2.17,1.85,4.0,8.02
2026-04-10_rep_3,SN2372,03:55:00,1.0,04:15:00,04:17:00,A58 ,50.0,24.0,3.08,1.44,2.0,6.52
2026-04-10_rep_3,SN2548,03:23:00,6.0,03:42:00,03:44:00,A48 ,69.0,16.0,6.61,1.91,2.0,10.52
2026-04-10_rep_3,SN2556,06:17:00,-8.0,06:23:00,06:26:00,A56 ,63.0,21.0,7.16,1.62,3.0,11.78
2026-04-10_rep_3,SN2582,23:13:00,-6.0,23:33:00,23:40:00,A50 ,67.0,34.0,6.71,1.75,7.0,15.47
2026-04-10_rep_3,SN2588,06:13:00,-3.0,06:31:00,06:34:00,A40 ,73.0,24.0,4.48,1.77,3.0,9.25
2026-04-10_rep_3,SN2592,18:23:00,-13.0,18:28:00,18:33:00,A40 ,3.0,21.0,0.24,1.77,5.0,7.01
2026-04-10_rep_3,SN2608,20:17:00,-2.0,20:35:00,20:37:00,A44 ,27.0,27.0,2.57,1.54,2.0,6.11
2026-04-10_rep_3,SN2610,22:51:00,-15.0,22:51:00,22:54:00,A56 ,33.0,21.0,3.61,1.78,3.0,8.39
2026-04-10_rep_3,SN2612,23:45:00,21.0,00:40:00,00:43:00,A62 ,30.0,39.0,2.02,1.81,3.0,6.83
2026-04-10_rep_3,SN2614,03:34:00,-8.0,03:47:00,03:48:00,A52 ,12.0,25.0,0.97,1.72,1.0,3.69
2026-04-10_rep_3,SN2630,18:18:00,-23.0,18:13:00,18:18:00,A46 ,3.0,21.0,0.21,1.99,5.0,7.19
2026-04-10_rep_3,SN2644,23:13:00,-6.0,23:37:00,23:39:00,A40 ,18.0,33.0,1.46,1.48,2.0,4.94
2026-04-10_rep_3,SN2646,02:18:00,-3.0,02:29:00,02:30:00,A46 ,41.0,17.0,4.3,1.93,1.0,7.23
2026-04-10_rep_3,SN2650,05:59:00,-2.0,06:15:00,06:18:00,A49 ,17.0,22.0,1.45,1.91,3.0,6.37
2026-04-10_rep_3,SN2652,09:14:00,-12.0,09:22:00,09:44:00,A54 ,20.0,24.0,2.2,1.66,22.0,25.86
2026-04-10_rep_3,SN2712,19:41:00,1.0,20:06:00,20:07:00,A56 ,34.0,30.0,2.28,1.69,1.0,4.97
2026-04-10_rep_3,SN2714,22:52:00,-4.0,23:06:00,23:07:00,A42 ,32.0,25.0,2.59,1.5,1.0,5.09
2026-04-10_rep_3,SN2722,04:34:00,-4.0,04:51:00,04:54:00,A56 ,60.0,25.0,5.25,1.53,3.0,9.78
2026-04-10_rep_3,SN2724,08:35:00,-6.0,08:47:00,08:48:00,A69 ,54.0,23.0,3.93,1.92,1.0,6.85
2026-04-10_rep_3,SN2726,18:27:00,0.0,18:45:00,18:52:00,A54 ,14.0,25.0,1.26,1.79,7.0,10.05
2026-04-10_rep_3,SN2730,20:23:00,-5.0,20:30:00,20:33:00,A58 ,18.0,20.0,1.92,1.64,3.0,6.57
2026-04-10_rep_3,SN2732,07:35:00,-4.0,07:47:00,07:49:00,A47 ,45.0,21.0,3.91,2.35,2.0,8.26
2026-04-10_rep_3,SN278,15:44:00,-10.0,15:52:00,16:27:00,B37 A,175.0,22.0,17.71,0.13,35.0,52.84
2026-04-10_rep_3,SN2810,23:23:00,-2.0,23:33:00,23:35:00,A54 ,31.0,15.0,2.89,1.78,2.0,6.67
2026-04-10_rep_3,SN2812,06:18:00,-5.0,06:30:00,06:32:00,A44 ,41.0,20.0,3.67,1.27,2.0,6.94
2026-04-10_rep_3,SN2814,08:53:00,-26.0,08:38:00,08:39:00,A48 ,33.0,19.0,3.0,1.35,1.0,5.35
2026-04-10_rep_3,SN2816,18:23:00,-6.0,18:45:00,18:47:00,A52 ,12.0,31.0,1.46,2.17,2.0,5.63
2026-04-10_rep_3,SN2826,06:11:00,-9.0,06:25:00,06:30:00,A58 ,124.0,29.0,8.0,1.44,5.0,14.44
2026-04-10_rep_3,SN2830,18:38:00,12.0,19:25:00,19:26:00,A44 ,9.0,38.0,0.83,1.91,1.0,3.74
2026-04-10_rep_3,SN2902,21:12:00,7.0,21:40:00,21:43:00,A42 ,60.0,28.0,3.9,1.68,3.0,8.58
2026-04-10_rep_3,SN2906,06:00:00,-3.0,06:15:00,06:19:00,A68 ,33.0,23.0,2.76,1.73,4.0,8.48
2026-04-10_rep_3,SN3140,23:46:00,1.0,00:05:00,00:09:00,A70 ,80.0,24.0,5.42,1.75,4.0,11.17
2026-04-10_rep_3,SN3146,21:06:00,32.0,22:06:00,22:10:00,A50 ,103.0,34.0,12.37,1.59,4.0,17.97
2026-04-10_rep_3,SN3150,06:25:00,28.0,07:16:00,07:18:00,A59 ,59.0,28.0,5.17,1.84,2.0,9.01
2026-04-10_rep_3,SN3154,20:18:00,4.0,20:44:00,20:46:00,A40 ,16.0,30.0,1.72,1.69,2.0,5.41
2026-04-10_rep_3,SN3160,09:19:00,-7.0,09:25:00,09:27:00,A66 ,43.0,17.0,3.68,1.61,2.0,7.3
2026-04-10_rep_3,SN3176,22:32:00,9.0,23:03:00,23:04:00,A44 ,59.0,29.0,3.68,1.67,1.0,6.35
2026-04-10_rep_3,SN3182,06:23:00,17.0,06:59:00,07:03:00,A64 ,82.0,22.0,6.8,1.53,4.0,12.33
2026-04-10_rep_3,SN3184,09:19:00,107.0,11:34:00,11:37:00,A42 ,78.0,32.0,7.12,1.72,3.0,11.83
2026-04-10_rep_3,SN3202,00:25:00,-4.0,00:47:00,00:50:00,A55 ,89.0,31.0,5.44,1.27,3.0,9.71
2026-04-10_rep_3,SN3246,03:53:00,7.0,04:33:00,04:37:00,A40 ,111.0,36.0,7.12,1.85,4.0,12.97
2026-04-10_rep_3,SN3344,06:18:00,5.0,06:45:00,06:47:00,A66 ,41.0,25.0,4.9,1.27,2.0,8.17
2026-04-10_rep_3,SN3588,00:42:00,5.0,01:05:00,01:07:00,A50 ,13.0,25.0,0.95,1.65,2.0,4.6
2026-04-10_rep_3,SN3594,18:37:00,-13.0,18:54:00,18:56:00,A48 ,6.0,37.0,0.43,1.34,2.0,3.77
2026-04-10_rep_3,SN3598,01:19:00,3.0,01:35:00,01:37:00,A58 ,47.0,17.0,3.41,1.54,2.0,6.95
2026-04-10_rep_3,SN3604,18:28:00,0.0,18:46:00,18:52:00,A58 ,6.0,21.0,0.58,1.77,6.0,8.36
2026-04-10_rep_3,SN3618,01:33:00,49.0,02:46:00,02:50:00,A40 ,86.0,27.0,6.39,1.46,4.0,11.85
2026-04-10_rep_3,SN3622,04:13:00,-4.0,04:24:00,04:26:00,A60 ,61.0,18.0,7.2,2.0,2.0,11.2
2026-04-10_rep_3,SN3634,20:58:00,8.0,21:40:00,21:41:00,A60 ,8.0,37.0,0.65,1.61,1.0,3.26
2026-04-10_rep_3,SN3668,23:54:00,3.0,00:30:00,00:32:00,A44 ,44.0,37.0,3.12,1.71,2.0,6.83
2026-04-10_rep_3,SN3676,18:38:00,-4.0,19:03:00,19:04:00,A50 ,21.0,32.0,1.58,1.96,1.0,4.54
2026-04-10_rep_3,SN3698,00:34:00,-7.0,00:52:00,00:56:00,A68 ,87.0,29.0,5.38,1.96,4.0,11.34
2026-04-10_rep_3,SN3706,09:29:00,19.0,11:10:00,11:15:00,A58 ,86.0,86.0,5.41,2.14,5.0,12.55
2026-04-10_rep_3,SN3708,17:44:00,17.0,18:24:00,18:27:00,A56 ,57.0,27.0,3.92,1.73,3.0,8.65
2026-04-10_rep_3,SN3722,00:59:00,8.0,01:30:00,01:32:00,A64 ,72.0,27.0,4.32,1.69,2.0,8.02
2026-04-10_rep_3,SN3728,05:59:00,-13.0,06:04:00,06:08:00,A54 ,69.0,22.0,5.89,1.83,4.0,11.72
2026-04-10_rep_3,SN3730,09:16:00,3.0,09:45:00,09:48:00,A59 ,71.0,32.0,6.86,1.92,3.0,11.78
2026-04-10_rep_3,SN3732,18:39:00,0.0,19:13:00,19:15:00,A42 ,34.0,38.0,3.04,1.85,2.0,6.89
2026-04-10_rep_3,SN3734,22:58:00,-19.0,23:06:00,23:11:00,A48 ,84.0,35.0,7.33,1.77,5.0,14.1
2026-04-10_rep_3,SN3736,04:29:00,12.0,05:09:00,05:14:00,A50 ,84.0,32.0,6.12,1.4,5.0,12.52
2026-04-10_rep_3,SN3738,09:14:00,-9.0,09:30:00,09:34:00,A46 ,105.0,29.0,7.03,1.32,4.0,12.35
2026-04-10_rep_3,SN3752,00:39:00,31.0,01:34:00,01:37:00,A48 ,99.0,28.0,6.86,1.7,3.0,11.57
2026-04-10_rep_3,SN3772,21:42:00,-7.0,22:09:00,22:11:00,A46 ,69.0,41.0,6.86,1.57,2.0,10.43
2026-04-10_rep_3,SN3774,08:21:00,-10.0,08:34:00,08:37:00,A52 ,64.0,29.0,4.95,2.17,3.0,10.12
2026-04-10_rep_3,SN3782,09:34:00,-7.0,09:52:00,09:59:00,A56 ,129.0,29.0,11.56,2.12,7.0,20.68
2026-04-10_rep_3,SN379,15:11:00,14.0,15:52:00,16:29:00,B14 A,47.0,33.0,3.44,0.1,37.0,40.54
2026-04-10_rep_3,SN3802,02:08:00,-1.0,02:32:00,02:34:00,A42 ,67.0,33.0,5.26,1.27,2.0,8.53
2026-04-10_rep_3,SN3810,06:14:00,2.0,06:34:00,06:38:00,A60 ,50.0,22.0,5.68,1.95,4.0,11.63
2026-04-10_rep_3,SN3812,02:20:00,16.0,02:58:00,03:01:00,A55 ,48.0,27.0,3.4,1.41,3.0,7.8
2026-04-10_rep_3,SN3820,10:45:00,17.0,11:28:00,11:32:00,A50 ,84.0,91.0,6.51,1.88,4.0,12.4
2026-04-10_rep_3,SN516,17:30:00,-53.0,16:50:00,17:04:00,B11 A,32.0,18.0,2.51,0.12,14.0,16.62
2026-04-10_rep_3,TB1012,22:46:00,-18.0,22:46:00,22:50:00,A45 ,83.0,24.0,8.02,1.98,4.0,14.0
2026-04-10_rep_3,TB1014,07:26:00,36.0,08:18:00,08:22:00,A63 ,108.0,22.0,7.7,2.2,4.0,13.9
2026-04-10_rep_3,TB1114,07:26:00,-7.0,07:45:00,07:50:00,A67 ,92.0,32.0,6.08,1.18,5.0,12.26
2026-04-10_rep_3,TB1419,00:10:00,10.0,00:42:00,00:45:00,A61 ,104.0,27.0,9.77,1.59,3.0,14.36
2026-04-10_rep_3,TB1552,08:29:00,-4.0,08:46:00,08:54:00,A61 ,166.0,25.0,14.22,2.05,8.0,24.27
2026-04-10_rep_3,TB1754,09:32:00,-10.0,09:41:00,09:46:00,A57 ,125.0,26.0,8.66,1.93,5.0,15.59
2026-04-10_rep_3,TB1912,07:56:00,-5.0,08:06:00,08:13:00,A43 ,140.0,21.0,11.37,1.59,7.0,19.96
2026-04-10_rep_3,TB2042,05:14:00,11.0,05:40:00,05:44:00,B17 A,134.0,19.0,10.14,0.1,4.0,14.24
2026-04-10_rep_3,TB2502,00:41:00,-3.0,00:56:00,01:09:00,B28 A,178.0,24.0,16.87,0.09,13.0,29.96
2026-04-10_rep_3,TB2612,08:05:00,-1.0,08:22:00,08:26:00,B28 A,129.0,23.0,11.01,0.11,4.0,15.12
2026-04-10_rep_3,TB2632,20:49:00,22.0,21:32:00,21:38:00,B27 A,152.0,25.0,10.6,0.09,6.0,16.69
2026-04-10_rep_3,TB2952,22:09:00,0.0,22:22:00,22:23:00,B29 A,22.0,17.0,1.48,0.1,1.0,2.58
2026-04-10_rep_3,TB3012,04:34:00,25.0,05:37:00,05:44:00,B27 A,158.0,42.0,10.8,0.14,7.0,17.93
2026-04-10_rep_3,TB3102,04:29:00,26.0,05:15:00,05:22:00,B29 A,146.0,24.0,9.62,0.09,7.0,16.71
2026-04-10_rep_3,TG934,17:21:00,35.0,18:10:00,18:46:00,B11 A,265.0,20.0,19.12,0.11,36.0,55.23
2026-04-10_rep_3,TK1937,20:16:00,-4.0,20:27:00,20:37:00,B34 A,100.0,21.0,8.74,0.1,10.0,18.84
2026-04-10_rep_3,TK1939,03:55:00,27.0,04:35:00,04:49:00,B9  A,130.0,18.0,12.5,1.67,14.0,28.17
2026-04-10_rep_3,TK1941,07:31:00,12.0,07:52:00,08:14:00,B7  A,146.0,15.0,12.42,1.54,22.0,35.96
2026-04-10_rep_3,TK1943,23:30:00,-3.0,23:43:00,23:48:00,B7  A,99.0,21.0,7.1,1.58,5.0,13.68
2026-04-10_rep_3,TK1945,01:20:00,-2.0,01:40:00,01:46:00,B5  A,150.0,27.0,11.73,1.59,6.0,19.32
2026-04-10_rep_3,TP640,21:06:00,10.0,21:35:00,21:44:00,A47 ,96.0,25.0,6.26,1.94,9.0,17.2
2026-04-10_rep_3,TP642,01:10:00,-4.0,01:37:00,02:05:00,A57 ,122.0,36.0,9.06,1.37,28.0,38.43
2026-04-10_rep_3,TP644,06:10:00,-10.0,06:11:00,06:19:00,A43 ,128.0,16.0,9.09,1.57,8.0,18.67
2026-04-10_rep_3,TP646,10:02:00,-6.0,11:20:00,11:29:00,A45 ,175.0,91.0,15.6,1.69,9.0,26.29
2026-04-10_rep_3,TU954,21:34:00,17.0,22:05:00,22:11:00,B34 A,96.0,23.0,5.86,0.09,6.0,11.95
2026-04-10_rep_3,UA950,17:19:00,-25.0,17:11:00,17:35:00,B31 A,160.0,21.0,14.22,0.11,24.0,38.33
2026-04-10_rep_3,UA972,19:11:00,-19.0,19:14:00,19:32:00,B38 A,151.0,33.0,11.83,0.11,18.0,29.94
2026-04-10_rep_3,UA994,17:51:00,-33.0,17:36:00,18:10:00,B40 A,189.0,24.0,15.21,0.11,34.0,49.32
2026-04-10_rep_3,UX1171,19:57:00,-5.0,20:18:00,20:23:00,A48 ,99.0,38.0,9.04,1.72,5.0,15.76
2026-04-10_rep_3,UX1173,03:45:00,-3.0,04:01:00,04:04:00,A47 ,94.0,24.0,7.41,1.69,3.0,12.1
2026-04-10_rep_3,VF65,21:24:00,2.0,21:38:00,21:49:00,B30 A,133.0,21.0,8.2,0.11,11.0,19.31
2026-04-10_rep_3,VF67,02:16:00,26.0,02:55:00,03:07:00,B30 A,161.0,19.0,12.71,0.11,12.0,24.82
2026-04-10_rep_3,VY1332,19:09:00,-2.0,19:26:00,19:27:00,A53 ,25.0,23.0,1.87,1.72,1.0,4.58
2026-04-10_rep_3,VY2150,18:45:00,-11.0,18:46:00,18:47:00,A51 ,36.0,17.0,2.48,1.78,1.0,5.26
2026-04-10_rep_3,VY3650,03:15:00,-28.0,02:59:00,03:04:00,A51 ,97.0,17.0,7.9,2.09,5.0,14.99
2026-04-10_rep_3,VY8980,19:56:00,-13.0,19:54:00,19:55:00,A46 ,18.0,22.0,1.86,1.07,1.0,3.93
2026-04-10_rep_3,VY8982,03:30:00,-11.0,03:32:00,03:33:00,A53 ,46.0,18.0,3.64,1.96,1.0,6.6
2026-04-10_rep_3,VY8984,06:55:00,28.0,07:33:00,07:34:00,A45 ,55.0,15.0,4.5,2.3,1.0,7.8
2026-04-10_rep_3,VY8986,00:35:00,1.0,00:58:00,01:01:00,A51 ,62.0,27.0,5.09,1.29,3.0,9.38
2026-04-10_rep_3,XR5402,03:26:00,15.0,04:00:00,04:04:00,B36 A,105.0,25.0,9.23,0.12,4.0,13.35
2026-04-10_rep_4,AC832,17:17:00,-50.0,16:45:00,17:14:00,B28 A,159.0,25.0,15.67,0.11,29.0,44.78
2026-04-10_rep_4,AY1541,19:26:00,-15.0,19:34:00,19:51:00,A45 ,126.0,29.0,10.51,1.98,17.0,29.49
2026-04-10_rep_4,AY1545,04:25:00,-12.0,04:29:00,04:34:00,A62 ,80.0,21.0,5.62,1.65,5.0,12.28
2026-04-10_rep_4,AZ148,18:40:00,-20.0,18:31:00,18:32:00,A47 ,3.0,16.0,0.22,1.57,1.0,2.79
2026-04-10_rep_4,AZ154,05:10:00,-7.0,05:20:00,05:24:00,A70 ,49.0,22.0,4.64,1.51,4.0,10.14
2026-04-10_rep_4,AZ156,20:52:00,-1.0,21:08:00,21:17:00,A49 ,125.0,24.0,14.63,1.18,9.0,24.81
2026-04-10_rep_4,BA384,20:00:00,-21.0,20:03:00,20:07:00,B27 A,36.0,29.0,2.6,0.11,4.0,6.71
2026-04-10_rep_4,BA386,02:15:00,-16.0,02:15:00,02:21:00,B14 A,98.0,21.0,7.98,0.11,6.0,14.09
2026-04-10_rep_4,BA390,06:45:00,-16.0,07:37:00,07:50:00,B15 A,77.0,73.0,6.89,0.08,13.0,19.97
2026-04-10_rep_4,BT601,19:00:00,6.0,19:25:00,19:27:00,A59 ,41.0,24.0,3.11,2.08,2.0,7.19
2026-04-10_rep_4,BT603,04:34:00,-7.0,04:41:00,04:44:00,A64 ,20.0,18.0,1.67,1.54,3.0,6.21
2026-04-10_rep_4,BT851,06:04:00,8.0,06:24:00,06:26:00,A61 ,26.0,16.0,2.04,1.67,2.0,5.71
2026-04-10_rep_4,DN403,23:34:00,43.0,00:27:00,00:28:00,A59 ,21.0,14.0,1.61,1.77,1.0,4.37
2026-04-10_rep_4,EI630,19:45:00,-11.0,19:55:00,20:00:00,B30 A,93.0,26.0,10.68,0.11,5.0,15.79
2026-04-10_rep_4,EI638,06:49:00,-10.0,06:54:00,06:59:00,B9  A,100.0,19.0,6.65,1.93,5.0,13.57
2026-04-10_rep_4,EK181,05:35:00,14.0,06:02:00,06:30:00,B31 A,219.0,18.0,17.74,0.08,28.0,45.82
2026-04-10_rep_4,ET750,17:11:00,39.0,18:08:00,18:45:00,B29 A,363.0,24.0,22.84,0.08,37.0,59.92
2026-04-10_rep_4,EY57,18:06:00,36.0,18:56:00,19:28:00,B5  A,200.0,20.0,17.57,2.06,32.0,51.63
2026-04-10_rep_4,FB407,05:51:00,41.0,06:55:00,06:58:00,A51 ,68.0,29.0,4.93,2.06,3.0,9.98
2026-04-10_rep_4,FH8014,01:20:00,-10.0,01:27:00,01:31:00,B7  A,104.0,22.0,6.63,1.2,4.0,11.83
2026-04-10_rep_4,FI554,23:01:00,0.0,23:24:00,23:29:00,A43 ,102.0,29.0,9.6,1.83,5.0,16.42
2026-04-10_rep_4,GQ800,23:10:00,44.0,00:08:00,00:11:00,A69 ,75.0,19.0,6.39,1.53,3.0,10.91
2026-04-10_rep_4,IB1299,00:50:00,-9.0,01:01:00,01:06:00,A63 ,46.0,25.0,3.51,1.97,5.0,10.48
2026-04-10_rep_4,IB597,21:35:00,-6.0,21:49:00,21:53:00,A54 ,90.0,30.0,7.7,1.86,4.0,13.56
2026-04-10_rep_4,IB601,05:06:00,-16.0,05:10:00,05:16:00,A57 ,97.0,26.0,8.58,1.57,6.0,16.15
2026-04-10_rep_4,IB603,08:34:00,1.0,08:54:00,08:58:00,A53 ,132.0,23.0,9.02,2.39,4.0,15.41
2026-04-10_rep_4,JU270,19:09:00,7.0,19:31:00,19:34:00,B34 A,55.0,19.0,3.7,0.09,3.0,6.79
2026-04-10_rep_4,KM420,05:20:00,-14.0,05:27:00,05:33:00,A63 ,129.0,26.0,9.74,1.81,6.0,17.56
2026-04-10_rep_4,LO231,08:40:00,-6.0,08:52:00,08:54:00,A55 ,22.0,23.0,1.71,1.38,2.0,5.1
2026-04-10_rep_4,LO233,04:47:00,2.0,05:08:00,05:10:00,A66 ,47.0,26.0,3.3,1.77,2.0,7.07
2026-04-10_rep_4,LO235,19:37:00,-11.0,19:38:00,19:40:00,A51 ,16.0,24.0,1.05,1.59,2.0,4.64
2026-04-10_rep_4,LO237,02:06:00,-2.0,02:18:00,02:20:00,A47 ,37.0,20.0,2.31,1.85,2.0,6.16
2026-04-10_rep_4,LX780,00:20:00,31.0,01:16:00,01:20:00,A45 ,94.0,30.0,7.05,1.38,4.0,12.42
2026-04-10_rep_4,LX786,18:56:00,8.0,19:21:00,19:24:00,A57 ,33.0,23.0,2.45,1.06,3.0,6.51
2026-04-10_rep_4,LX788,04:40:00,-16.0,04:45:00,04:48:00,A43 ,43.0,26.0,2.82,1.3,3.0,7.12
2026-04-10_rep_4,MS725,01:20:00,36.0,02:18:00,02:23:00,B9  A,141.0,27.0,14.56,1.59,5.0,21.15
2026-04-10_rep_4,OS291,19:21:00,3.0,19:43:00,19:44:00,A47 ,27.0,35.0,1.95,1.61,1.0,4.56
2026-04-10_rep_4,OS295,02:50:00,-1.0,03:02:00,03:06:00,A43 ,43.0,18.0,4.13,1.56,4.0,9.69
2026-04-10_rep_4,OS297,05:16:00,20.0,05:53:00,05:57:00,A45 ,85.0,23.0,6.51,1.23,4.0,11.74
2026-04-10_rep_4,OU4456,05:56:00,28.0,06:37:00,06:39:00,A53 ,64.0,19.0,6.52,1.57,2.0,10.1
2026-04-10_rep_4,OU456,18:46:00,12.0,19:15:00,19:22:00,A49 ,27.0,23.0,1.65,1.99,7.0,10.65
2026-04-10_rep_4,QS1000,18:16:00,-12.0,18:14:00,18:15:00,A57 ,5.0,16.0,0.37,1.89,1.0,3.26
2026-04-10_rep_4,QS1002,04:50:00,-6.0,05:02:00,05:04:00,A68 ,22.0,23.0,1.86,1.74,2.0,5.6
2026-04-10_rep_4,SK1589,04:20:00,-14.0,04:19:00,04:20:00,A51 ,35.0,18.0,2.74,1.33,1.0,5.07
2026-04-10_rep_4,SK1593,00:40:00,8.0,01:02:00,01:06:00,A47 ,76.0,19.0,5.87,1.74,4.0,11.61
2026-04-10_rep_4,SK1595,04:34:00,-9.0,04:37:00,04:40:00,A53 ,55.0,16.0,4.11,1.59,3.0,8.7
2026-04-10_rep_4,SK593,19:54:00,-14.0,19:52:00,19:55:00,A54 ,60.0,26.0,5.98,1.63,3.0,10.61
2026-04-10_rep_4,SK597,05:55:00,-15.0,05:50:00,05:51:00,A47 ,36.0,15.0,2.89,1.47,1.0,5.36
2026-04-10_rep_4,SN206,15:24:00,-4.0,15:33:00,16:16:00,B40 A,198.0,17.0,14.92,0.11,43.0,58.03
2026-04-10_rep_4,SN2104,18:58:00,-1.0,19:22:00,19:33:00,B7  A,8.0,28.0,0.67,1.76,11.0,13.43
2026-04-10_rep_4,SN2184,18:35:00,-5.0,18:47:00,18:49:00,B36 A,17.0,22.0,1.29,0.1,2.0,3.39
2026-04-10_rep_4,SN2258,23:32:00,-1.0,23:50:00,23:52:00,A60 ,51.0,26.0,5.64,1.49,2.0,9.13
2026-04-10_rep_4,SN2260,05:48:00,16.0,06:31:00,06:34:00,A52 ,52.0,30.0,4.15,1.86,3.0,9.01
2026-04-10_rep_4,SN229,15:06:00,-3.0,15:20:00,15:56:00,B17 A,118.0,23.0,8.54,0.09,36.0,44.63
2026-04-10_rep_4,SN2292,01:10:00,-9.0,01:15:00,01:17:00,A67 ,44.0,19.0,3.43,1.97,2.0,7.41
2026-04-10_rep_4,SN2294,05:54:00,-11.0,06:02:00,06:05:00,A62 ,50.0,23.0,5.96,1.85,3.0,10.81
2026-04-10_rep_4,SN2318,06:03:00,-2.0,06:17:00,06:21:00,A46 ,31.0,19.0,2.36,2.11,4.0,8.46
2026-04-10_rep_4,SN2372,03:55:00,1.0,04:15:00,04:17:00,A58 ,50.0,24.0,4.16,1.36,2.0,7.51
2026-04-10_rep_4,SN2548,03:23:00,6.0,03:42:00,03:44:00,A48 ,69.0,16.0,5.19,1.53,2.0,8.72
2026-04-10_rep_4,SN2556,06:17:00,-8.0,06:23:00,06:26:00,A56 ,63.0,21.0,4.75,2.05,3.0,9.8
2026-04-10_rep_4,SN2582,23:13:00,-6.0,23:33:00,23:40:00,A50 ,67.0,34.0,6.19,1.85,7.0,15.04
2026-04-10_rep_4,SN2588,06:13:00,-3.0,06:31:00,06:34:00,A40 ,73.0,24.0,5.35,1.98,3.0,10.33
2026-04-10_rep_4,SN2592,18:23:00,-13.0,18:28:00,18:33:00,A40 ,3.0,21.0,0.22,1.62,5.0,6.84
2026-04-10_rep_4,SN2608,20:17:00,-2.0,20:35:00,20:37:00,A44 ,27.0,27.0,2.24,1.85,2.0,6.09
2026-04-10_rep_4,SN2610,22:51:00,-15.0,22:51:00,22:54:00,A56 ,33.0,21.0,2.34,1.46,3.0,6.8
2026-04-10_rep_4,SN2612,23:45:00,21.0,00:40:00,00:43:00,A62 ,30.0,39.0,3.03,2.11,3.0,8.14
2026-04-10_rep_4,SN2614,03:34:00,-8.0,03:47:00,03:48:00,A52 ,12.0,25.0,0.98,1.91,1.0,3.89
2026-04-10_rep_4,SN2630,18:18:00,-23.0,18:13:00,18:18:00,A46 ,3.0,21.0,0.3,1.41,5.0,6.71
2026-04-10_rep_4,SN2644,23:13:00,-6.0,23:37:00,23:39:00,A40 ,18.0,33.0,1.37,1.21,2.0,4.57
2026-04-10_rep_4,SN2646,02:18:00,-3.0,02:29:00,02:30:00,A46 ,41.0,17.0,2.84,1.84,1.0,5.68
2026-04-10_rep_4,SN2650,05:59:00,-2.0,06:15:00,06:18:00,A49 ,17.0,22.0,1.2,1.52,3.0,5.71
2026-04-10_rep_4,SN2652,09:14:00,-12.0,09:22:00,09:44:00,A54 ,20.0,24.0,1.65,1.59,22.0,25.24
2026-04-10_rep_4,SN2712,19:41:00,1.0,20:06:00,20:07:00,A56 ,34.0,30.0,2.28,1.6,1.0,4.87
2026-04-10_rep_4,SN2714,22:52:00,-4.0,23:06:00,23:07:00,A42 ,32.0,25.0,2.21,1.62,1.0,4.83
2026-04-10_rep_4,SN2722,04:34:00,-4.0,04:51:00,04:54:00,A56 ,60.0,25.0,5.45,1.54,3.0,9.98
2026-04-10_rep_4,SN2724,08:35:00,-6.0,08:47:00,08:48:00,A69 ,54.0,23.0,4.69,2.26,1.0,7.95
2026-04-10_rep_4,SN2726,18:27:00,0.0,18:45:00,18:52:00,A54 ,14.0,25.0,1.13,1.87,7.0,10.0
2026-04-10_rep_4,SN2730,20:23:00,-5.0,20:30:00,20:33:00,A58 ,18.0,20.0,1.2,1.64,3.0,5.84
2026-04-10_rep_4,SN2732,07:35:00,-4.0,07:47:00,07:49:00,A47 ,45.0,21.0,3.81,1.92,2.0,7.74
2026-04-10_rep_4,SN278,15:44:00,-10.0,15:52:00,16:27:00,B37 A,175.0,22.0,13.13,0.09,35.0,48.22
2026-04-10_rep_4,SN2810,23:23:00,-2.0,23:33:00,23:35:00,A54 ,31.0,15.0,3.65,1.44,2.0,7.09
2026-04-10_rep_4,SN2812,06:18:00,-5.0,06:30:00,06:32:00,A44 ,41.0,20.0,2.93,2.02,2.0,6.96
2026-04-10_rep_4,SN2814,08:53:00,-26.0,08:38:00,08:39:00,A48 ,33.0,19.0,2.89,1.91,1.0,5.79
2026-04-10_rep_4,SN2816,18:23:00,-6.0,18:45:00,18:47:00,A52 ,12.0,31.0,0.86,1.9,2.0,4.76
2026-04-10_rep_4,SN2826,06:11:00,-9.0,06:25:00,06:30:00,A58 ,124.0,29.0,10.41,1.36,5.0,16.77
2026-04-10_rep_4,SN2830,18:38:00,12.0,19:25:00,19:26:00,A44 ,9.0,38.0,0.53,1.52,1.0,3.05
2026-04-10_rep_4,SN2902,21:12:00,7.0,21:40:00,21:43:00,A42 ,60.0,28.0,3.73,1.7,3.0,8.43
2026-04-10_rep_4,SN2906,06:00:00,-3.0,06:15:00,06:19:00,A68 ,33.0,23.0,2.47,1.45,4.0,7.93
2026-04-10_rep_4,SN3140,23:46:00,1.0,00:05:00,00:09:00,A70 ,80.0,24.0,7.85,1.77,4.0,13.62
2026-04-10_rep_4,SN3146,21:06:00,32.0,22:06:00,22:10:00,A50 ,103.0,34.0,6.53,2.03,4.0,12.56
2026-04-10_rep_4,SN3150,06:25:00,28.0,07:16:00,07:18:00,A59 ,59.0,28.0,4.85,2.09,2.0,8.94
2026-04-10_rep_4,SN3154,20:18:00,4.0,20:44:00,20:46:00,A40 ,16.0,30.0,1.52,2.2,2.0,5.72
2026-04-10_rep_4,SN3160,09:19:00,-7.0,09:25:00,09:27:00,A66 ,43.0,17.0,2.88,1.55,2.0,6.43
2026-04-10_rep_4,SN3176,22:32:00,9.0,23:03:00,23:04:00,A44 ,59.0,29.0,5.98,1.75,1.0,8.73
2026-04-10_rep_4,SN3182,06:23:00,17.0,06:59:00,07:03:00,A64 ,82.0,22.0,8.31,1.34,4.0,13.65
2026-04-10_rep_4,SN3184,09:19:00,107.0,11:34:00,11:37:00,A42 ,78.0,32.0,5.47,2.09,3.0,10.56
2026-04-10_rep_4,SN3202,00:25:00,-4.0,00:47:00,00:50:00,A55 ,89.0,31.0,7.53,1.42,3.0,11.95
2026-04-10_rep_4,SN3246,03:53:00,7.0,04:33:00,04:37:00,A40 ,111.0,36.0,11.69,2.0,4.0,17.69
2026-04-10_rep_4,SN3344,06:18:00,5.0,06:45:00,06:47:00,A66 ,41.0,25.0,2.59,1.86,2.0,6.45
2026-04-10_rep_4,SN3588,00:42:00,5.0,01:05:00,01:07:00,A50 ,13.0,25.0,1.03,1.74,2.0,4.77
2026-04-10_rep_4,SN3594,18:37:00,-13.0,18:54:00,18:56:00,A48 ,6.0,37.0,0.39,1.56,2.0,3.96
2026-04-10_rep_4,SN3598,01:19:00,3.0,01:35:00,01:37:00,A58 ,47.0,17.0,4.14,1.58,2.0,7.72
2026-04-10_rep_4,SN3604,18:28:00,0.0,18:46:00,18:52:00,A58 ,6.0,21.0,0.41,1.86,6.0,8.27
2026-04-10_rep_4,SN3618,01:33:00,49.0,02:46:00,02:50:00,A40 ,86.0,27.0,6.73,1.31,4.0,12.04
2026-04-10_rep_4,SN3622,04:13:00,-4.0,04:24:00,04:26:00,A60 ,61.0,18.0,4.68,1.47,2.0,8.15
2026-04-10_rep_4,SN3634,20:58:00,8.0,21:40:00,21:41:00,A60 ,8.0,37.0,0.71,1.87,1.0,3.59
2026-04-10_rep_4,SN3668,23:54:00,3.0,00:30:00,00:32:00,A44 ,44.0,37.0,4.55,1.73,2.0,8.28
2026-04-10_rep_4,SN3676,18:38:00,-4.0,19:03:00,19:04:00,A50 ,21.0,32.0,1.92,1.54,1.0,4.47
2026-04-10_rep_4,SN3698,00:34:00,-7.0,00:52:00,00:56:00,A68 ,87.0,29.0,7.29,1.56,4.0,12.85
2026-04-10_rep_4,SN3706,09:29:00,19.0,11:10:00,11:15:00,A58 ,86.0,86.0,6.56,1.93,5.0,13.5
2026-04-10_rep_4,SN3708,17:44:00,17.0,18:24:00,18:27:00,A56 ,57.0,27.0,5.22,1.82,3.0,10.04
2026-04-10_rep_4,SN3722,00:59:00,8.0,01:30:00,01:32:00,A64 ,72.0,27.0,6.17,2.02,2.0,10.19
2026-04-10_rep_4,SN3728,05:59:00,-13.0,06:04:00,06:08:00,A54 ,69.0,22.0,6.08,1.78,4.0,11.86
2026-04-10_rep_4,SN3730,09:16:00,3.0,09:45:00,09:48:00,A59 ,71.0,32.0,5.25,1.7,3.0,9.95
2026-04-10_rep_4,SN3732,18:39:00,0.0,19:13:00,19:15:00,A42 ,34.0,38.0,2.54,2.05,2.0,6.59
2026-04-10_rep_4,SN3734,22:58:00,-19.0,23:06:00,23:11:00,A48 ,84.0,35.0,6.91,1.28,5.0,13.2
2026-04-10_rep_4,SN3736,04:29:00,12.0,05:09:00,05:14:00,A50 ,84.0,32.0,5.69,1.2,5.0,11.89
2026-04-10_rep_4,SN3738,09:14:00,-9.0,09:30:00,09:34:00,A46 ,105.0,29.0,8.07,1.38,4.0,13.45
2026-04-10_rep_4,SN3752,00:39:00,31.0,01:34:00,01:37:00,A48 ,99.0,28.0,12.25,1.95,3.0,17.2
2026-04-10_rep_4,SN3772,21:42:00,-7.0,22:09:00,22:11:00,A46 ,69.0,41.0,6.17,1.54,2.0,9.71
2026-04-10_rep_4,SN3774,08:21:00,-10.0,08:34:00,08:37:00,A52 ,64.0,29.0,6.11,1.48,3.0,10.59
2026-04-10_rep_4,SN3782,09:34:00,-7.0,09:52:00,09:59:00,A56 ,129.0,29.0,14.23,1.61,7.0,22.84
2026-04-10_rep_4,SN379,15:11:00,14.0,15:52:00,16:29:00,B14 A,47.0,33.0,3.34,0.08,37.0,40.42
2026-04-10_rep_4,SN3802,02:08:00,-1.0,02:32:00,02:34:00,A42 ,67.0,33.0,4.86,1.69,2.0,8.55
2026-04-10_rep_4,SN3810,06:14:00,2.0,06:34:00,06:38:00,A60 ,50.0,22.0,3.88,1.56,4.0,9.44
2026-04-10_rep_4,SN3812,02:20:00,16.0,02:58:00,03:01:00,A55 ,48.0,27.0,3.45,1.85,3.0,8.3
2026-04-10_rep_4,SN3820,10:45:00,17.0,11:28:00,11:32:00,A50 ,84.0,91.0,5.66,1.89,4.0,11.56
2026-04-10_rep_4,SN516,17:30:00,-53.0,16:50:00,17:04:00,B11 A,32.0,18.0,2.17,0.09,14.0,16.26
2026-04-10_rep_4,TB1012,22:46:00,-18.0,22:46:00,22:50:00,A45 ,83.0,24.0,6.36,1.48,4.0,11.84
2026-04-10_rep_4,TB1014,07:26:00,36.0,08:18:00,08:22:00,A63 ,108.0,22.0,8.98,1.52,4.0,14.5
2026-04-10_rep_4,TB1114,07:26:00,-7.0,07:45:00,07:50:00,A67 ,92.0,32.0,9.13,1.51,5.0,15.65
2026-04-10_rep_4,TB1419,00:10:00,10.0,00:42:00,00:45:00,A61 ,104.0,27.0,8.22,1.47,3.0,12.69
2026-04-10_rep_4,TB1552,08:29:00,-4.0,08:46:00,08:54:00,A61 ,166.0,25.0,10.19,1.97,8.0,20.16
2026-04-10_rep_4,TB1754,09:32:00,-10.0,09:41:00,09:46:00,A57 ,125.0,26.0,8.25,1.56,5.0,14.81
2026-04-10_rep_4,TB1912,07:56:00,-5.0,08:06:00,08:13:00,A43 ,140.0,21.0,9.23,1.54,7.0,17.77
2026-04-10_rep_4,TB2042,05:14:00,11.0,05:40:00,05:44:00,B17 A,134.0,19.0,9.8,0.08,4.0,13.88
2026-04-10_rep_4,TB2502,00:41:00,-3.0,00:56:00,01:09:00,B28 A,178.0,24.0,18.56,0.11,13.0,31.67
2026-04-10_rep_4,TB2612,08:05:00,-1.0,08:22:00,08:26:00,B28 A,129.0,23.0,12.18,0.08,4.0,16.26
2026-04-10_rep_4,TB2632,20:49:00,22.0,21:32:00,21:38:00,B27 A,152.0,25.0,10.54,0.1,6.0,16.64
2026-04-10_rep_4,TB2952,22:09:00,0.0,22:22:00,22:23:00,B29 A,22.0,17.0,1.76,0.1,1.0,2.87
2026-04-10_rep_4,TB3012,04:34:00,25.0,05:37:00,05:44:00,B27 A,158.0,42.0,11.82,0.09,7.0,18.91
2026-04-10_rep_4,TB3102,04:29:00,26.0,05:15:00,05:22:00,B29 A,146.0,24.0,10.37,0.1,7.0,17.47
2026-04-10_rep_4,TG934,17:21:00,35.0,18:10:00,18:46:00,B11 A,265.0,20.0,18.63,0.09,36.0,54.72
2026-04-10_rep_4,TK1937,20:16:00,-4.0,20:27:00,20:37:00,B34 A,100.0,21.0,8.31,0.1,10.0,18.41
2026-04-10_rep_4,TK1939,03:55:00,27.0,04:35:00,04:49:00,B9  A,130.0,18.0,8.75,1.47,14.0,24.22
2026-04-10_rep_4,TK1941,07:31:00,12.0,07:52:00,08:14:00,B7  A,146.0,15.0,10.5,1.35,22.0,33.85
2026-04-10_rep_4,TK1943,23:30:00,-3.0,23:43:00,23:48:00,B7  A,99.0,21.0,8.62,1.72,5.0,15.34
2026-04-10_rep_4,TK1945,01:20:00,-2.0,01:40:00,01:46:00,B5  A,150.0,27.0,15.85,1.65,6.0,23.5
2026-04-10_rep_4,TP640,21:06:00,10.0,21:35:00,21:44:00,A47 ,96.0,25.0,8.8,1.52,9.0,19.33
2026-04-10_rep_4,TP642,01:10:00,-4.0,01:37:00,02:05:00,A57 ,122.0,36.0,8.39,1.69,28.0,38.08
2026-04-10_rep_4,TP644,06:10:00,-10.0,06:11:00,06:19:00,A43 ,128.0,16.0,9.58,1.44,8.0,19.02
2026-04-10_rep_4,TP646,10:02:00,-6.0,11:20:00,11:29:00,A45 ,175.0,91.0,14.53,1.41,9.0,24.94
2026-04-10_rep_4,TU954,21:34:00,17.0,22:05:00,22:11:00,B34 A,96.0,23.0,7.34,0.11,6.0,13.45
2026-04-10_rep_4,UA950,17:19:00,-25.0,17:11:00,17:35:00,B31 A,160.0,21.0,13.18,0.15,24.0,37.33
2026-04-10_rep_4,UA972,19:11:00,-19.0,19:14:00,19:32:00,B38 A,151.0,33.0,15.72,0.11,18.0,33.83
2026-04-10_rep_4,UA994,17:51:00,-33.0,17:36:00,18:10:00,B40 A,189.0,24.0,17.04,0.12,34.0,51.16
2026-04-10_rep_4,UX1171,19:57:00,-5.0,20:18:00,20:23:00,A48 ,99.0,38.0,8.54,1.49,5.0,15.03
2026-04-10_rep_4,UX1173,03:45:00,-3.0,04:01:00,04:04:00,A47 ,94.0,24.0,6.63,1.6,3.0,11.24
2026-04-10_rep_4,VF65,21:24:00,2.0,21:38:00,21:49:00,B30 A,133.0,21.0,10.52,0.09,11.0,21.61
2026-04-10_rep_4,VF67,02:16:00,26.0,02:55:00,03:07:00,B30 A,161.0,19.0,12.6,0.12,12.0,24.72
2026-04-10_rep_4,VY1332,19:09:00,-2.0,19:26:00,19:27:00,A53 ,25.0,23.0,1.93,1.95,1.0,4.88
2026-04-10_rep_4,VY2150,18:45:00,-11.0,18:46:00,18:47:00,A51 ,36.0,17.0,2.86,2.02,1.0,5.88
2026-04-10_rep_4,VY3650,03:15:00,-28.0,02:59:00,03:04:00,A51 ,97.0,17.0,8.23,2.32,5.0,15.55
2026-04-10_rep_4,VY8980,19:56:00,-13.0,19:54:00,19:55:00,A46 ,18.0,22.0,1.58,1.46,1.0,4.04
2026-04-10_rep_4,VY8982,03:30:00,-11.0,03:32:00,03:33:00,A53 ,46.0,18.0,4.15,1.71,1.0,6.86
2026-04-10_rep_4,VY8984,06:55:00,28.0,07:33:00,07:34:00,A45 ,55.0,15.0,3.97,1.7,1.0,6.67
2026-04-10_rep_4,VY8986,00:35:00,1.0,00:58:00,01:01:00,A51 ,62.0,27.0,4.89,1.98,3.0,9.87
2026-04-10_rep_4,XR5402,03:26:00,15.0,04:00:00,04:04:00,B36 A,105.0,25.0,7.69,0.1,4.0,11.78
2026-04-10_rep_5,AC832,17:17:00,-50.0,16:45:00,17:14:00,B28 A,159.0,25.0,15.18,0.11,29.0,44.29
2026-04-10_rep_5,AY1541,19:26:00,-15.0,19:34:00,19:51:00,A45 ,126.0,29.0,9.61,1.97,17.0,28.58
2026-04-10_rep_5,AY1545,04:25:00,-12.0,04:29:00,04:34:00,A62 ,80.0,21.0,7.29,1.35,5.0,13.64
2026-04-10_rep_5,AZ148,18:40:00,-20.0,18:31:00,18:32:00,A47 ,3.0,16.0,0.22,1.53,1.0,2.75
2026-04-10_rep_5,AZ154,05:10:00,-7.0,05:20:00,05:24:00,A70 ,49.0,22.0,5.12,1.82,4.0,10.94
2026-04-10_rep_5,AZ156,20:52:00,-1.0,21:08:00,21:17:00,A49 ,125.0,24.0,9.3,1.53,9.0,19.83
2026-04-10_rep_5,BA384,20:00:00,-21.0,20:03:00,20:07:00,B27 A,36.0,29.0,3.11,0.13,4.0,7.24
2026-04-10_rep_5,BA386,02:15:00,-16.0,02:15:00,02:21:00,B14 A,98.0,21.0,8.06,0.08,6.0,14.14
2026-04-10_rep_5,BA390,06:45:00,-16.0,07:37:00,07:50:00,B15 A,77.0,73.0,6.82,0.1,13.0,19.92
2026-04-10_rep_5,BT601,19:00:00,6.0,19:25:00,19:27:00,A59 ,41.0,24.0,3.09,1.98,2.0,7.07
2026-04-10_rep_5,BT603,04:34:00,-7.0,04:41:00,04:44:00,A64 ,20.0,18.0,1.93,1.6,3.0,6.53
2026-04-10_rep_5,BT851,06:04:00,8.0,06:24:00,06:26:00,A61 ,26.0,16.0,2.06,1.59,2.0,5.65
2026-04-10_rep_5,DN403,23:34:00,43.0,00:27:00,00:28:00,A59 ,21.0,14.0,1.96,1.77,1.0,4.73
2026-04-10_rep_5,EI630,19:45:00,-11.0,19:55:00,20:00:00,B30 A,93.0,26.0,7.43,0.1,5.0,12.53
2026-04-10_rep_5,EI638,06:49:00,-10.0,06:54:00,06:59:00,B9  A,100.0,19.0,7.15,1.63,5.0,13.78
2026-04-10_rep_5,EK181,05:35:00,14.0,06:02:00,06:30:00,B31 A,219.0,18.0,15.65,0.12,28.0,43.77
2026-04-10_rep_5,ET750,17:11:00,39.0,18:08:00,18:45:00,B29 A,363.0,24.0,23.74,0.09,37.0,60.83
2026-04-10_rep_5,EY57,18:06:00,36.0,18:56:00,19:28:00,B5  A,200.0,20.0,18.1,1.82,32.0,51.91
2026-04-10_rep_5,FB407,05:51:00,41.0,06:55:00,06:58:00,A51 ,68.0,29.0,5.91,1.5,3.0,10.41
2026-04-10_rep_5,FH8014,01:20:00,-10.0,01:27:00,01:31:00,B7  A,104.0,22.0,9.77,1.48,4.0,15.25
2026-04-10_rep_5,FI554,23:01:00,0.0,23:24:00,23:29:00,A43 ,102.0,29.0,7.48,1.55,5.0,14.02
2026-04-10_rep_5,GQ800,23:10:00,44.0,00:08:00,00:11:00,A69 ,75.0,19.0,6.0,2.21,3.0,11.21
2026-04-10_rep_5,IB1299,00:50:00,-9.0,01:01:00,01:06:00,A63 ,46.0,25.0,3.64,2.05,5.0,10.7
2026-04-10_rep_5,IB597,21:35:00,-6.0,21:49:00,21:53:00,A54 ,90.0,30.0,7.12,1.95,4.0,13.06
2026-04-10_rep_5,IB601,05:06:00,-16.0,05:10:00,05:16:00,A57 ,97.0,26.0,8.21,1.44,6.0,15.64
2026-04-10_rep_5,IB603,08:34:00,1.0,08:54:00,08:58:00,A53 ,132.0,23.0,8.71,1.8,4.0,14.51
2026-04-10_rep_5,JU270,19:09:00,7.0,19:31:00,19:34:00,B34 A,55.0,19.0,3.32,0.09,3.0,6.41
2026-04-10_rep_5,KM420,05:20:00,-14.0,05:27:00,05:33:00,A63 ,129.0,26.0,9.45,1.72,6.0,17.17
2026-04-10_rep_5,LO231,08:40:00,-6.0,08:52:00,08:54:00,A55 ,22.0,23.0,2.02,1.92,2.0,5.93
2026-04-10_rep_5,LO233,04:47:00,2.0,05:08:00,05:10:00,A66 ,47.0,26.0,3.5,1.77,2.0,7.27
2026-04-10_rep_5,LO235,19:37:00,-11.0,19:38:00,19:40:00,A51 ,16.0,24.0,1.26,1.34,2.0,4.61
2026-04-10_rep_5,LO237,02:06:00,-2.0,02:18:00,02:20:00,A47 ,37.0,20.0,2.78,2.17,2.0,6.96
2026-04-10_rep_5,LX780,00:20:00,31.0,01:16:00,01:20:00,A45 ,94.0,30.0,7.52,1.52,4.0,13.04
2026-04-10_rep_5,LX786,18:56:00,8.0,19:21:00,19:24:00,A57 ,33.0,23.0,2.73,1.38,3.0,7.11
2026-04-10_rep_5,LX788,04:40:00,-16.0,04:45:00,04:48:00,A43 ,43.0,26.0,3.78,1.58,3.0,8.36
2026-04-10_rep_5,MS725,01:20:00,36.0,02:18:00,02:23:00,B9  A,141.0,27.0,14.33,1.98,5.0,21.31
2026-04-10_rep_5,OS291,19:21:00,3.0,19:43:00,19:44:00,A47 ,27.0,35.0,2.27,1.83,1.0,5.1
2026-04-10_rep_5,OS295,02:50:00,-1.0,03:02:00,03:06:00,A43 ,43.0,18.0,2.62,1.92,4.0,8.54
2026-04-10_rep_5,OS297,05:16:00,20.0,05:53:00,05:57:00,A45 ,85.0,23.0,9.21,1.91,4.0,15.12
2026-04-10_rep_5,OU4456,05:56:00,28.0,06:37:00,06:39:00,A53 ,64.0,19.0,5.41,1.94,2.0,9.34
2026-04-10_rep_5,OU456,18:46:00,12.0,19:15:00,19:22:00,A49 ,27.0,23.0,2.28,2.0,7.0,11.28
2026-04-10_rep_5,QS1000,18:16:00,-12.0,18:14:00,18:15:00,A57 ,5.0,16.0,0.38,2.27,1.0,3.66
2026-04-10_rep_5,QS1002,04:50:00,-6.0,05:02:00,05:04:00,A68 ,22.0,23.0,2.3,1.65,2.0,5.94
2026-04-10_rep_5,SK1589,04:20:00,-14.0,04:19:00,04:20:00,A51 ,35.0,18.0,2.65,1.85,1.0,5.49
2026-04-10_rep_5,SK1593,00:40:00,8.0,01:02:00,01:06:00,A47 ,76.0,19.0,4.93,1.21,4.0,10.14
2026-04-10_rep_5,SK1595,04:34:00,-9.0,04:37:00,04:40:00,A53 ,55.0,16.0,4.54,1.69,3.0,9.23
2026-04-10_rep_5,SK593,19:54:00,-14.0,19:52:00,19:55:00,A54 ,60.0,26.0,4.45,1.99,3.0,9.44
2026-04-10_rep_5,SK597,05:55:00,-15.0,05:50:00,05:51:00,A47 ,36.0,15.0,3.08,2.41,1.0,6.49
2026-04-10_rep_5,SN206,15:24:00,-4.0,15:33:00,16:16:00,B40 A,198.0,17.0,16.36,0.1,43.0,59.45
2026-04-10_rep_5,SN2104,18:58:00,-1.0,19:22:00,19:33:00,B7  A,8.0,28.0,0.59,1.44,11.0,13.03
2026-04-10_rep_5,SN2184,18:35:00,-5.0,18:47:00,18:49:00,B36 A,17.0,22.0,1.57,0.12,2.0,3.7
2026-04-10_rep_5,SN2258,23:32:00,-1.0,23:50:00,23:52:00,A60 ,51.0,26.0,3.02,1.7,2.0,6.72
2026-04-10_rep_5,SN2260,05:48:00,16.0,06:31:00,06:34:00,A52 ,52.0,30.0,5.4,1.88,3.0,10.29
2026-04-10_rep_5,SN229,15:06:00,-3.0,15:20:00,15:56:00,B17 A,118.0,23.0,10.8,0.1,36.0,46.9
2026-04-10_rep_5,SN2292,01:10:00,-9.0,01:15:00,01:17:00,A67 ,44.0,19.0,3.04,2.04,2.0,7.08
2026-04-10_rep_5,SN2294,05:54:00,-11.0,06:02:00,06:05:00,A62 ,50.0,23.0,3.51,1.67,3.0,8.18
2026-04-10_rep_5,SN2318,06:03:00,-2.0,06:17:00,06:21:00,A46 ,31.0,19.0,2.19,1.49,4.0,7.68
2026-04-10_rep_5,SN2372,03:55:00,1.0,04:15:00,04:17:00,A58 ,50.0,24.0,4.33,2.15,2.0,8.49
2026-04-10_rep_5,SN2548,03:23:00,6.0,03:42:00,03:44:00,A48 ,69.0,16.0,5.94,1.68,2.0,9.62
2026-04-10_rep_5,SN2556,06:17:00,-8.0,06:23:00,06:26:00,A56 ,63.0,21.0,6.04,1.34,3.0,10.39
2026-04-10_rep_5,SN2582,23:13:00,-6.0,23:33:00,23:40:00,A50 ,67.0,34.0,5.48,2.13,7.0,14.61
2026-04-10_rep_5,SN2588,06:13:00,-3.0,06:31:00,06:34:00,A40 ,73.0,24.0,5.33,1.47,3.0,9.8
2026-04-10_rep_5,SN2592,18:23:00,-13.0,18:28:00,18:33:00,A40 ,3.0,21.0,0.19,1.54,5.0,6.73
2026-04-10_rep_5,SN2608,20:17:00,-2.0,20:35:00,20:37:00,A44 ,27.0,27.0,2.53,1.49,2.0,6.02
2026-04-10_rep_5,SN2610,22:51:00,-15.0,22:51:00,22:54:00,A56 ,33.0,21.0,3.02,1.78,3.0,7.8
2026-04-10_rep_5,SN2612,23:45:00,21.0,00:40:00,00:43:00,A62 ,30.0,39.0,2.85,1.76,3.0,7.61
2026-04-10_rep_5,SN2614,03:34:00,-8.0,03:47:00,03:48:00,A52 ,12.0,25.0,1.05,1.84,1.0,3.9
2026-04-10_rep_5,SN2630,18:18:00,-23.0,18:13:00,18:18:00,A46 ,3.0,21.0,0.23,1.58,5.0,6.81
2026-04-10_rep_5,SN2644,23:13:00,-6.0,23:37:00,23:39:00,A40 ,18.0,33.0,1.56,1.48,2.0,5.04
2026-04-10_rep_5,SN2646,02:18:00,-3.0,02:29:00,02:30:00,A46 ,41.0,17.0,3.35,1.13,1.0,5.49
2026-04-10_rep_5,SN2650,05:59:00,-2.0,06:15:00,06:18:00,A49 ,17.0,22.0,1.25,1.16,3.0,5.41
2026-04-10_rep_5,SN2652,09:14:00,-12.0,09:22:00,09:44:00,A54 ,20.0,24.0,1.51,2.09,22.0,25.6
2026-04-10_rep_5,SN2712,19:41:00,1.0,20:06:00,20:07:00,A56 ,34.0,30.0,3.13,1.4,1.0,5.54
2026-04-10_rep_5,SN2714,22:52:00,-4.0,23:06:00,23:07:00,A42 ,32.0,25.0,3.25,1.96,1.0,6.21
2026-04-10_rep_5,SN2722,04:34:00,-4.0,04:51:00,04:54:00,A56 ,60.0,25.0,3.94,1.28,3.0,8.22
2026-04-10_rep_5,SN2724,08:35:00,-6.0,08:47:00,08:48:00,A69 ,54.0,23.0,4.33,2.03,1.0,7.36
2026-04-10_rep_5,SN2726,18:27:00,0.0,18:45:00,18:52:00,A54 ,14.0,25.0,1.37,1.65,7.0,10.02
2026-04-10_rep_5,SN2730,20:23:00,-5.0,20:30:00,20:33:00,A58 ,18.0,20.0,1.31,1.22,3.0,5.54
2026-04-10_rep_5,SN2732,07:35:00,-4.0,07:47:00,07:49:00,A47 ,45.0,21.0,4.72,1.87,2.0,8.59
2026-04-10_rep_5,SN278,15:44:00,-10.0,15:52:00,16:27:00,B37 A,175.0,22.0,13.88,0.08,35.0,48.96
2026-04-10_rep_5,SN2810,23:23:00,-2.0,23:33:00,23:35:00,A54 ,31.0,15.0,2.78,1.71,2.0,6.49
2026-04-10_rep_5,SN2812,06:18:00,-5.0,06:30:00,06:32:00,A44 ,41.0,20.0,3.23,1.48,2.0,6.72
2026-04-10_rep_5,SN2814,08:53:00,-26.0,08:38:00,08:39:00,A48 ,33.0,19.0,2.46,1.75,1.0,5.21
2026-04-10_rep_5,SN2816,18:23:00,-6.0,18:45:00,18:47:00,A52 ,12.0,31.0,0.89,1.75,2.0,4.63
2026-04-10_rep_5,SN2826,06:11:00,-9.0,06:25:00,06:30:00,A58 ,124.0,29.0,8.99,1.8,5.0,15.79
2026-04-10_rep_5,SN2830,18:38:00,12.0,19:25:00,19:26:00,A44 ,9.0,38.0,0.67,1.86,1.0,3.53
2026-04-10_rep_5,SN2902,21:12:00,7.0,21:40:00,21:43:00,A42 ,60.0,28.0,4.43,1.4,3.0,8.83
2026-04-10_rep_5,SN2906,06:00:00,-3.0,06:15:00,06:19:00,A68 ,33.0,23.0,2.26,1.43,4.0,7.69
2026-04-10_rep_5,SN3140,23:46:00,1.0,00:05:00,00:09:00,A70 ,80.0,24.0,6.35,1.49,4.0,11.83
2026-04-10_rep_5,SN3146,21:06:00,32.0,22:06:00,22:10:00,A50 ,103.0,34.0,9.86,1.73,4.0,15.58
2026-04-10_rep_5,SN3150,06:25:00,28.0,07:16:00,07:18:00,A59 ,59.0,28.0,5.16,1.81,2.0,8.98
2026-04-10_rep_5,SN3154,20:18:00,4.0,20:44:00,20:46:00,A40 ,16.0,30.0,1.26,1.76,2.0,5.02
2026-04-10_rep_5,SN3160,09:19:00,-7.0,09:25:00,09:27:00,A66 ,43.0,17.0,4.57,2.16,2.0,8.74
2026-04-10_rep_5,SN3176,22:32:00,9.0,23:03:00,23:04:00,A44 ,59.0,29.0,4.58,1.54,1.0,7.12
2026-04-10_rep_5,SN3182,06:23:00,17.0,06:59:00,07:03:00,A64 ,82.0,22.0,5.24,1.52,4.0,10.76
2026-04-10_rep_5,SN3184,09:19:00,107.0,11:34:00,11:37:00,A42 ,78.0,32.0,4.75,2.3,3.0,10.04
2026-04-10_rep_5,SN3202,00:25:00,-4.0,00:47:00,00:50:00,A55 ,89.0,31.0,6.72,1.93,3.0,11.64
2026-04-10_rep_5,SN3246,03:53:00,7.0,04:33:00,04:37:00,A40 ,111.0,36.0,9.64,1.43,4.0,15.08
2026-04-10_rep_5,SN3344,06:18:00,5.0,06:45:00,06:47:00,A66 ,41.0,25.0,2.7,2.53,2.0,7.23
2026-04-10_rep_5,SN3588,00:42:00,5.0,01:05:00,01:07:00,A50 ,13.0,25.0,1.11,1.5,2.0,4.61
2026-04-10_rep_5,SN3594,18:37:00,-13.0,18:54:00,18:56:00,A48 ,6.0,37.0,0.44,1.4,2.0,3.85
2026-04-10_rep_5,SN3598,01:19:00,3.0,01:35:00,01:37:00,A58 ,47.0,17.0,3.81,1.36,2.0,7.16
2026-04-10_rep_5,SN3604,18:28:00,0.0,18:46:00,18:52:00,A58 ,6.0,21.0,0.5,1.81,6.0,8.3
2026-04-10_rep_5,SN3618,01:33:00,49.0,02:46:00,02:50:00,A40 ,86.0,27.0,6.57,1.51,4.0,12.07
2026-04-10_rep_5,SN3622,04:13:00,-4.0,04:24:00,04:26:00,A60 ,61.0,18.0,5.12,1.69,2.0,8.81
2026-04-10_rep_5,SN3634,20:58:00,8.0,21:40:00,21:41:00,A60 ,8.0,37.0,0.62,1.8,1.0,3.42
2026-04-10_rep_5,SN3668,23:54:00,3.0,00:30:00,00:32:00,A44 ,44.0,37.0,4.52,1.43,2.0,7.94
2026-04-10_rep_5,SN3676,18:38:00,-4.0,19:03:00,19:04:00,A50 ,21.0,32.0,1.68,1.59,1.0,4.27
2026-04-10_rep_5,SN3698,00:34:00,-7.0,00:52:00,00:56:00,A68 ,87.0,29.0,9.02,2.07,4.0,15.09
2026-04-10_rep_5,SN3706,09:29:00,19.0,11:10:00,11:15:00,A58 ,86.0,86.0,8.84,2.56,5.0,16.4
2026-04-10_rep_5,SN3708,17:44:00,17.0,18:24:00,18:27:00,A56 ,57.0,27.0,4.23,1.85,3.0,9.07
2026-04-10_rep_5,SN3722,00:59:00,8.0,01:30:00,01:32:00,A64 ,72.0,27.0,7.45,1.93,2.0,11.38
2026-04-10_rep_5,SN3728,05:59:00,-13.0,06:04:00,06:08:00,A54 ,69.0,22.0,6.18,1.03,4.0,11.21
2026-04-10_rep_5,SN3730,09:16:00,3.0,09:45:00,09:48:00,A59 ,71.0,32.0,7.89,1.37,3.0,12.26
2026-04-10_rep_5,SN3732,18:39:00,0.0,19:13:00,19:15:00,A42 ,34.0,38.0,2.15,1.74,2.0,5.9
2026-04-10_rep_5,SN3734,22:58:00,-19.0,23:06:00,23:11:00,A48 ,84.0,35.0,7.47,1.93,5.0,14.4
2026-04-10_rep_5,SN3736,04:29:00,12.0,05:09:00,05:14:00,A50 ,84.0,32.0,6.73,1.74,5.0,13.47
2026-04-10_rep_5,SN3738,09:14:00,-9.0,09:30:00,09:34:00,A46 ,105.0,29.0,6.94,1.44,4.0,12.38
2026-04-10_rep_5,SN3752,00:39:00,31.0,01:34:00,01:37:00,A48 ,99.0,28.0,9.59,1.54,3.0,14.13
2026-04-10_rep_5,SN3772,21:42:00,-7.0,22:09:00,22:11:00,A46 ,69.0,41.0,5.63,1.3,2.0,8.93
2026-04-10_rep_5,SN3774,08:21:00,-10.0,08:34:00,08:37:00,A52 ,64.0,29.0,6.11,2.0,3.0,11.11
2026-04-10_rep_5,SN3782,09:34:00,-7.0,09:52:00,09:59:00,A56 ,129.0,29.0,10.72,1.8,7.0,19.52
2026-04-10_rep_5,SN379,15:11:00,14.0,15:52:00,16:29:00,B14 A,47.0,33.0,3.39,0.1,37.0,40.48
2026-04-10_rep_5,SN3802,02:08:00,-1.0,02:32:00,02:34:00,A42 ,67.0,33.0,4.43,1.66,2.0,8.09
2026-04-10_rep_5,SN3810,06:14:00,2.0,06:34:00,06:38:00,A60 ,50.0,22.0,3.51,1.64,4.0,9.14
2026-04-10_rep_5,SN3812,02:20:00,16.0,02:58:00,03:01:00,A55 ,48.0,27.0,4.11,1.72,3.0,8.83
2026-04-10_rep_5,SN3820,10:45:00,17.0,11:28:00,11:32:00,A50 ,84.0,91.0,7.32,1.79,4.0,13.11
2026-04-10_rep_5,SN516,17:30:00,-53.0,16:50:00,17:04:00,B11 A,32.0,18.0,3.48,0.14,14.0,17.63
2026-04-10_rep_5,TB1012,22:46:00,-18.0,22:46:00,22:50:00,A45 ,83.0,24.0,7.33,1.54,4.0,12.87
2026-04-10_rep_5,TB1014,07:26:00,36.0,08:18:00,08:22:00,A63 ,108.0,22.0,10.35,1.43,4.0,15.78
2026-04-10_rep_5,TB1114,07:26:00,-7.0,07:45:00,07:50:00,A67 ,92.0,32.0,7.19,1.88,5.0,14.07
2026-04-10_rep_5,TB1419,00:10:00,10.0,00:42:00,00:45:00,A61 ,104.0,27.0,7.81,1.4,3.0,12.21
2026-04-10_rep_5,TB1552,08:29:00,-4.0,08:46:00,08:54:00,A61 ,166.0,25.0,16.42,1.45,8.0,25.87
2026-04-10_rep_5,TB1754,09:32:00,-10.0,09:41:00,09:46:00,A57 ,125.0,26.0,9.58,1.38,5.0,15.96
2026-04-10_rep_5,TB1912,07:56:00,-5.0,08:06:00,08:13:00,A43 ,140.0,21.0,10.31,1.66,7.0,18.97
2026-04-10_rep_5,TB2042,05:14:00,11.0,05:40:00,05:44:00,B17 A,134.0,19.0,10.8,0.1,4.0,14.9
2026-04-10_rep_5,TB2502,00:41:00,-3.0,00:56:00,01:09:00,B28 A,178.0,24.0,11.56,0.12,13.0,24.68
2026-04-10_rep_5,TB2612,08:05:00,-1.0,08:22:00,08:26:00,B28 A,129.0,23.0,12.55,0.1,4.0,16.65
2026-04-10_rep_5,TB2632,20:49:00,22.0,21:32:00,21:38:00,B27 A,152.0,25.0,13.2,0.07,6.0,19.26
2026-04-10_rep_5,TB2952,22:09:00,0.0,22:22:00,22:23:00,B29 A,22.0,17.0,1.9,0.08,1.0,2.98
2026-04-10_rep_5,TB3012,04:34:00,25.0,05:37:00,05:44:00,B27 A,158.0,42.0,12.38,0.08,7.0,19.45
2026-04-10_rep_5,TB3102,04:29:00,26.0,05:15:00,05:22:00,B29 A,146.0,24.0,10.77,0.12,7.0,17.88
2026-04-10_rep_5,TG934,17:21:00,35.0,18:10:00,18:46:00,B11 A,265.0,20.0,17.21,0.11,36.0,53.32
2026-04-10_rep_5,TK1937,20:16:00,-4.0,20:27:00,20:37:00,B34 A,100.0,21.0,7.22,0.1,10.0,17.31
2026-04-10_rep_5,TK1939,03:55:00,27.0,04:35:00,04:49:00,B9  A,130.0,18.0,9.57,1.99,14.0,25.57
2026-04-10_rep_5,TK1941,07:31:00,12.0,07:52:00,08:14:00,B7  A,146.0,15.0,11.08,1.81,22.0,34.88
2026-04-10_rep_5,TK1943,23:30:00,-3.0,23:43:00,23:48:00,B7  A,99.0,21.0,7.41,1.76,5.0,14.17
2026-04-10_rep_5,TK1945,01:20:00,-2.0,01:40:00,01:46:00,B5  A,150.0,27.0,16.97,1.44,6.0,24.41
2026-04-10_rep_5,TP640,21:06:00,10.0,21:35:00,21:44:00,A47 ,96.0,25.0,8.22,1.31,9.0,18.53
2026-04-10_rep_5,TP642,01:10:00,-4.0,01:37:00,02:05:00,A57 ,122.0,36.0,10.74,1.98,28.0,40.72
2026-04-10_rep_5,TP644,06:10:00,-10.0,06:11:00,06:19:00,A43 ,128.0,16.0,8.23,1.7,8.0,17.93
2026-04-10_rep_5,TP646,10:02:00,-6.0,11:20:00,11:29:00,A45 ,175.0,91.0,17.82,1.58,9.0,28.4
2026-04-10_rep_5,TU954,21:34:00,17.0,22:05:00,22:11:00,B34 A,96.0,23.0,7.38,0.11,6.0,13.48
2026-04-10_rep_5,UA950,17:19:00,-25.0,17:11:00,17:35:00,B31 A,160.0,21.0,10.37,0.09,24.0,34.46
2026-04-10_rep_5,UA972,19:11:00,-19.0,19:14:00,19:32:00,B38 A,151.0,33.0,12.21,0.09,18.0,30.31
2026-04-10_rep_5,UA994,17:51:00,-33.0,17:36:00,18:10:00,B40 A,189.0,24.0,11.89,0.08,34.0,45.97
2026-04-10_rep_5,UX1171,19:57:00,-5.0,20:18:00,20:23:00,A48 ,99.0,38.0,6.3,1.95,5.0,13.25
2026-04-10_rep_5,UX1173,03:45:00,-3.0,04:01:00,04:04:00,A47 ,94.0,24.0,7.52,1.68,3.0,12.2
2026-04-10_rep_5,VF65,21:24:00,2.0,21:38:00,21:49:00,B30 A,133.0,21.0,10.67,0.11,11.0,21.78
2026-04-10_rep_5,VF67,02:16:00,26.0,02:55:00,03:07:00,B30 A,161.0,19.0,12.04,0.1,12.0,24.14
2026-04-10_rep_5,VY1332,19:09:00,-2.0,19:26:00,19:27:00,A53 ,25.0,23.0,1.64,1.33,1.0,3.98
2026-04-10_rep_5,VY2150,18:45:00,-11.0,18:46:00,18:47:00,A51 ,36.0,17.0,2.99,2.01,1.0,6.0
2026-04-10_rep_5,VY3650,03:15:00,-28.0,02:59:00,03:04:00,A51 ,97.0,17.0,6.15,1.91,5.0,13.06
2026-04-10_rep_5,VY8980,19:56:00,-13.0,19:54:00,19:55:00,A46 ,18.0,22.0,1.73,1.85,1.0,4.58
2026-04-10_rep_5,VY8982,03:30:00,-11.0,03:32:00,03:33:00,A53 ,46.0,18.0,3.26,1.49,1.0,5.76
2026-04-10_rep_5,VY8984,06:55:00,28.0,07:33:00,07:34:00,A45 ,55.0,15.0,5.11,1.84,1.0,7.95
2026-04-10_rep_5,VY8986,00:35:00,1.0,00:58:00,01:01:00,A51 ,62.0,27.0,5.62,1.3,3.0,9.92
2026-04-10_rep_5,XR5402,03:26:00,15.0,04:00:00,04:04:00,B36 A,105.0,25.0,8.56,0.12,4.0,12.68
2026-04-11_rep_1,AC826,18:56:00,-28.0,18:47:00,19:33:00,B34 A,207.0,25.0,18.54,0.11,46.0,64.66
2026-04-11_rep_1,AC832,18:17:00,-47.0,17:48:00,18:16:00,B30 A,168.0,25.0,12.82,0.1,28.0,40.92
2026-04-11_rep_1,AY1541,20:26:00,3.0,20:46:00,20:53:00,A60 ,114.0,23.0,8.05,2.1,7.0,17.15
2026-04-11_rep_1,AY1545,05:26:00,18.0,05:59:00,06:10:00,A53 ,106.0,21.0,7.04,1.91,11.0,19.95
2026-04-11_rep_1,AZ148,19:41:00,-24.0,19:28:00,19:32:00,A49 ,40.0,17.0,2.79,1.16,4.0,7.96
2026-04-11_rep_1,AZ156,21:52:00,-13.0,22:11:00,22:15:00,A55 ,103.0,39.0,7.78,2.32,4.0,14.1
2026-04-11_rep_1,AZ160,05:05:00,-23.0,05:00:00,05:04:00,A51 ,91.0,23.0,7.52,1.46,4.0,12.98
2026-04-11_rep_1,BA384,20:26:00,4.0,20:54:00,21:17:00,B17 A,40.0,30.0,3.42,0.09,23.0,26.51
2026-04-11_rep_1,BA388,06:19:00,-20.0,06:14:00,06:18:00,B7  A,90.0,19.0,7.58,1.74,4.0,13.32
2026-04-11_rep_1,BT601,20:00:00,-8.0,20:03:00,20:06:00,A53 ,17.0,16.0,1.21,1.78,3.0,5.99
2026-04-11_rep_1,CX275,19:31:00,0.0,19:44:00,20:20:00,B31 A,231.0,19.0,16.44,0.1,36.0,52.54
2026-04-11_rep_1,DL140,18:46:00,2.0,19:17:00,19:56:00,B37 A,199.0,35.0,16.06,0.08,39.0,55.14
2026-04-11_rep_1,EI630,20:45:00,-23.0,20:32:00,20:38:00,B11 A,77.0,15.0,5.75,0.09,6.0,11.83
2026-04-11_rep_1,EK181,06:36:00,5.0,06:54:00,07:26:00,B31 A,238.0,19.0,17.29,0.1,32.0,49.39
2026-04-11_rep_1,FH8014,02:26:00,-11.0,02:33:00,02:38:00,B14 A,156.0,24.0,10.33,0.08,5.0,15.41
2026-04-11_rep_1,FH8116,12:44:00,4.0,13:06:00,13:13:00,B38 A,140.0,27.0,8.98,0.12,7.0,16.11
2026-04-11_rep_1,GQ800,00:11:00,23.0,00:51:00,00:57:00,A58 ,121.0,23.0,9.47,1.35,6.0,16.82
2026-04-11_rep_1,GQ850,20:58:00,4.0,21:19:00,21:23:00,A51 ,114.0,25.0,11.12,1.62,4.0,16.73
2026-04-11_rep_1,HV9078,10:31:00,-2.0,10:47:00,10:50:00,A42 ,85.0,24.0,7.28,2.13,3.0,12.41
2026-04-11_rep_1,HV9264,02:00:00,-13.0,02:11:00,02:20:00,B34 A,153.0,29.0,13.33,0.09,9.0,22.42
2026-04-11_rep_1,IB1299,01:51:00,-24.0,01:42:00,01:43:00,A55 ,43.0,21.0,3.89,1.23,1.0,6.12
2026-04-11_rep_1,IB1301,06:06:00,132.0,08:38:00,08:41:00,A61 ,70.0,26.0,4.75,1.67,3.0,9.42
2026-04-11_rep_1,IB597,22:32:00,-12.0,22:46:00,22:55:00,A43 ,114.0,33.0,7.04,1.21,9.0,17.26
2026-04-11_rep_1,IB603,09:37:00,-4.0,09:42:00,09:51:00,A45 ,131.0,16.0,12.68,1.31,9.0,22.99
2026-04-11_rep_1,KM420,06:21:00,-22.0,06:18:00,06:23:00,A45 ,138.0,25.0,9.55,1.82,5.0,16.37
2026-04-11_rep_1,LH1004,18:50:00,12.0,19:19:00,19:22:00,A45 ,6.0,22.0,0.48,1.45,3.0,4.93
2026-04-11_rep_1,LH2282,19:01:00,-8.0,19:08:00,19:12:00,A47 ,3.0,21.0,0.23,1.58,4.0,5.81
2026-04-11_rep_1,LO231,09:41:00,-5.0,09:51:00,09:53:00,A53 ,54.0,21.0,6.29,1.77,2.0,10.06
2026-04-11_rep_1,LO233,05:47:00,-9.0,05:56:00,06:01:00,A55 ,111.0,25.0,7.84,1.93,5.0,14.77
2026-04-11_rep_1,LO235,20:30:00,-5.0,20:39:00,20:41:00,A59 ,23.0,19.0,1.95,1.98,2.0,5.93
2026-04-11_rep_1,LX780,01:20:00,-4.0,01:30:00,01:33:00,A43 ,53.0,19.0,3.83,1.7,3.0,8.54
2026-04-11_rep_1,LX786,19:56:00,-16.0,20:16:00,20:22:00,A43 ,42.0,42.0,3.1,1.86,6.0,10.96
2026-04-11_rep_1,LX788,05:40:00,15.0,06:30:00,06:35:00,A74 ,121.0,40.0,9.19,1.57,5.0,15.76
2026-04-11_rep_1,ME215,21:42:00,33.0,22:28:00,22:44:00,B36 A,184.0,20.0,12.72,0.11,16.0,28.82
2026-04-11_rep_1,MS725,01:50:00,31.0,02:36:00,02:44:00,B9  A,162.0,20.0,10.66,1.62,8.0,20.28
2026-04-11_rep_1,NH231,04:41:00,-32.0,04:22:00,04:47:00,B5  A,191.0,19.0,14.15,2.08,25.0,41.23
2026-04-11_rep_1,OS291,20:12:00,-1.0,20:28:00,20:31:00,A45 ,49.0,24.0,3.78,1.94,3.0,8.72
2026-04-11_rep_1,OS297,06:16:00,-9.0,06:21:00,06:24:00,A43 ,85.0,20.0,5.91,1.62,3.0,10.53
2026-04-11_rep_1,SK1593,01:40:00,4.0,02:02:00,02:05:00,A47 ,34.0,23.0,2.15,1.98,3.0,7.13
2026-04-11_rep_1,SK593,20:47:00,-13.0,20:43:00,20:44:00,A55 ,18.0,16.0,1.35,1.45,1.0,3.8
2026-04-11_rep_1,SK597,06:57:00,-4.0,07:07:00,07:15:00,A51 ,89.0,21.0,8.8,1.54,8.0,18.34
2026-04-11_rep_1,SN1138,10:21:00,-20.0,10:21:00,10:24:00,B28 A,87.0,26.0,6.03,0.1,3.0,9.13
2026-04-11_rep_1,SN1574,07:29:00,-12.0,07:50:00,07:54:00,A49 ,106.0,37.0,9.06,1.63,4.0,14.69
2026-04-11_rep_1,SN204,16:08:00,-5.0,16:24:00,16:48:00,B14 A,115.0,29.0,10.4,0.09,24.0,34.49
2026-04-11_rep_1,SN2094,00:20:00,15.0,01:15:00,01:17:00,B36 A,62.0,45.0,4.17,0.1,2.0,6.27
2026-04-11_rep_1,SN2104,19:58:00,-9.0,19:59:00,20:07:00,B27 A,8.0,13.0,0.6,0.09,8.0,8.7
2026-04-11_rep_1,SN2258,00:30:00,-4.0,00:39:00,00:40:00,A54 ,38.0,18.0,3.02,1.5,1.0,5.51
2026-04-11_rep_1,SN2298,19:48:00,-2.0,20:03:00,20:04:00,A42 ,15.0,20.0,1.29,2.07,1.0,4.36
2026-04-11_rep_1,SN2324,19:44:00,-7.0,19:55:00,19:56:00,A54 ,9.0,22.0,0.54,1.59,1.0,3.14
2026-04-11_rep_1,SN241,16:58:00,-11.0,17:09:00,17:29:00,B31 A,31.0,30.0,2.74,0.1,20.0,22.84
2026-04-11_rep_1,SN2582,00:11:00,9.0,00:44:00,00:48:00,A56 ,91.0,30.0,7.98,1.39,4.0,13.37
2026-04-11_rep_1,SN2592,19:24:00,-13.0,19:31:00,19:33:00,A50 ,16.0,24.0,1.16,1.55,2.0,4.71
2026-04-11_rep_1,SN2608,21:17:00,-6.0,21:42:00,21:44:00,A46 ,32.0,38.0,2.69,2.14,2.0,6.83
2026-04-11_rep_1,SN2612,00:43:00,-22.0,00:41:00,00:43:00,A61 ,39.0,23.0,3.22,2.04,2.0,7.26
2026-04-11_rep_1,SN2614,04:33:00,-17.0,04:25:00,04:27:00,A58 ,19.0,12.0,1.81,1.42,2.0,5.23
2026-04-11_rep_1,SN2624,23:56:00,-9.0,23:58:00,00:01:00,A46 ,11.0,17.0,0.7,1.58,3.0,5.29
2026-04-11_rep_1,SN2644,00:17:00,1.0,00:34:00,00:35:00,A50 ,31.0,23.0,3.0,1.93,1.0,5.92
2026-04-11_rep_1,SN2646,03:18:00,-3.0,03:30:00,03:32:00,A42 ,45.0,18.0,4.51,1.99,2.0,8.5
2026-04-11_rep_1,SN2652,09:59:00,-14.0,10:08:00,10:11:00,A60 ,89.0,27.0,8.43,1.26,3.0,12.68
2026-04-11_rep_1,SN2714,23:51:00,0.0,00:10:00,00:13:00,A44 ,49.0,25.0,3.9,2.02,3.0,8.92
2026-04-11_rep_1,SN2722,05:33:00,-5.0,05:46:00,05:50:00,A50 ,82.0,21.0,5.7,1.82,4.0,11.52
2026-04-11_rep_1,SN2726,19:27:00,-5.0,19:40:00,19:44:00,A46 ,7.0,25.0,0.68,1.27,4.0,5.95
2026-04-11_rep_1,SN2810,00:24:00,3.0,00:42:00,00:45:00,A40 ,78.0,19.0,7.31,1.68,3.0,12.0
2026-04-11_rep_1,SN2816,19:25:00,24.0,20:10:00,20:11:00,A55 ,12.0,26.0,0.98,1.76,1.0,3.73
2026-04-11_rep_1,SN2830,19:42:00,4.0,20:13:00,20:15:00,A52 ,29.0,34.0,2.6,1.85,2.0,6.44
2026-04-11_rep_1,SN2902,22:15:00,-2.0,22:33:00,22:36:00,A42 ,61.0,30.0,4.41,2.01,3.0,9.43
2026-04-11_rep_1,SN2906,06:58:00,-13.0,06:56:00,06:59:00,A46 ,52.0,14.0,3.7,1.78,3.0,8.47
2026-04-11_rep_1,SN3132,08:19:00,5.0,08:52:00,08:56:00,A62 ,115.0,32.0,10.45,1.58,4.0,16.03
2026-04-11_rep_1,SN3140,01:09:00,23.0,01:56:00,01:59:00,A65 ,62.0,28.0,5.98,1.61,3.0,10.58
2026-04-11_rep_1,SN3148,01:52:00,-4.0,02:15:00,02:18:00,A50 ,114.0,34.0,9.71,1.63,3.0,14.34
2026-04-11_rep_1,SN3154,21:17:00,-2.0,21:30:00,21:31:00,A56 ,24.0,22.0,2.16,2.09,1.0,5.25
2026-04-11_rep_1,SN3176,23:32:00,-8.0,23:45:00,23:49:00,A52 ,99.0,28.0,7.96,1.16,4.0,13.13
2026-04-11_rep_1,SN3182,07:23:00,-10.0,07:38:00,07:41:00,A64 ,115.0,28.0,9.56,1.76,3.0,14.32
2026-04-11_rep_1,SN3202,01:23:00,-1.0,01:49:00,01:55:00,A44 ,88.0,30.0,7.63,1.47,6.0,15.1
2026-04-11_rep_1,SN3238,05:34:00,-21.0,05:36:00,05:39:00,A44 ,95.0,27.0,8.79,1.59,3.0,13.37
2026-04-11_rep_1,SN3246,00:31:00,8.0,01:04:00,01:09:00,A42 ,118.0,31.0,14.1,1.43,5.0,20.54
2026-04-11_rep_1,SN3256,01:06:00,-7.0,01:28:00,01:33:00,A52 ,116.0,35.0,10.36,1.89,5.0,17.25
2026-04-11_rep_1,SN3344,07:21:00,-11.0,07:27:00,07:29:00,A59 ,37.0,23.0,3.55,1.86,2.0,7.41
2026-04-11_rep_1,SN358,17:19:00,47.0,18:25:00,19:07:00,B29 A,196.0,23.0,19.68,0.11,42.0,61.8
2026-04-11_rep_1,SN3588,01:41:00,9.0,02:25:00,02:31:00,A58 ,63.0,41.0,5.76,1.74,6.0,13.5
2026-04-11_rep_1,SN3604,19:29:00,30.0,20:35:00,20:36:00,A58 ,25.0,40.0,1.53,2.15,1.0,4.69
2026-04-11_rep_1,SN3618,02:37:00,-17.0,02:36:00,02:39:00,A48 ,89.0,23.0,8.22,1.7,3.0,12.92
2026-04-11_rep_1,SN3622,05:14:00,-8.0,05:24:00,05:27:00,A52 ,63.0,22.0,5.41,1.82,3.0,10.23
2026-04-11_rep_1,SN3632,20:35:00,-27.0,20:26:00,20:41:00,A57 ,4.0,23.0,0.29,1.5,15.0,16.78
2026-04-11_rep_1,SN3634,22:01:00,34.0,22:53:00,23:07:00,A58 ,2.0,24.0,0.14,1.5,14.0,15.64
2026-04-11_rep_1,SN3668,00:55:00,-5.0,01:05:00,01:08:00,A63 ,59.0,20.0,4.02,1.5,3.0,8.52
2026-04-11_rep_1,SN369,16:13:00,5.0,16:38:00,17:02:00,B40 A,78.0,28.0,5.08,0.1,24.0,29.17
2026-04-11_rep_1,SN3698,01:36:00,-4.0,02:00:00,02:03:00,A62 ,102.0,34.0,8.79,1.88,3.0,13.67
2026-04-11_rep_1,SN3704,04:20:00,-6.0,04:34:00,04:39:00,A57 ,86.0,25.0,6.26,1.6,5.0,12.86
2026-04-11_rep_1,SN3708,18:43:00,-13.0,18:49:00,19:00:00,A40 ,35.0,22.0,2.54,1.75,11.0,15.29
2026-04-11_rep_1,SN3712,01:05:00,-5.0,01:18:00,01:20:00,A64 ,60.0,23.0,4.91,1.17,2.0,8.08
2026-04-11_rep_1,SN3722,01:58:00,40.0,03:01:00,03:05:00,A46 ,116.0,26.0,7.61,1.51,4.0,13.12
2026-04-11_rep_1,SN3732,19:38:00,-12.0,20:01:00,20:11:00,A56 ,15.0,38.0,1.13,1.21,10.0,12.34
2026-04-11_rep_1,SN3734,23:55:00,-2.0,00:21:00,00:24:00,A48 ,88.0,33.0,6.19,1.56,3.0,10.75
2026-04-11_rep_1,SN3736,05:29:00,38.0,06:38:00,06:41:00,A42 ,96.0,35.0,9.33,1.41,3.0,13.74
2026-04-11_rep_1,SN3738,10:16:00,-5.0,10:34:00,10:38:00,A68 ,101.0,29.0,8.48,1.9,4.0,14.37
2026-04-11_rep_1,SN3740,08:13:00,-23.0,08:19:00,08:23:00,A70 ,131.0,32.0,9.91,1.62,4.0,15.53
2026-04-11_rep_1,SN3752,07:25:00,14.0,07:57:00,08:00:00,A57 ,79.0,23.0,9.33,1.49,3.0,13.82
2026-04-11_rep_1,SN3766,06:55:00,-19.0,07:00:00,07:05:00,A56 ,129.0,29.0,14.75,1.94,5.0,21.69
2026-04-11_rep_1,SN3768,07:31:00,67.0,08:59:00,09:07:00,A66 ,129.0,27.0,10.03,1.57,8.0,19.6
2026-04-11_rep_1,SN3772,22:42:00,-25.0,22:37:00,22:39:00,A40 ,88.0,27.0,6.72,1.47,2.0,10.19
2026-04-11_rep_1,SN3774,10:17:00,-7.0,10:31:00,10:34:00,A52 ,71.0,28.0,6.05,1.88,3.0,10.93
2026-04-11_rep_1,SN3780,05:03:00,-14.0,05:12:00,05:19:00,A40 ,71.0,26.0,7.17,2.23,7.0,16.39
2026-04-11_rep_1,SN3782,10:36:00,97.0,12:42:00,12:49:00,A55 ,135.0,35.0,9.74,2.07,7.0,18.8
2026-04-11_rep_1,SN3784,10:26:00,-13.0,10:35:00,12:01:00,A50 ,134.0,28.0,9.87,1.61,86.0,97.48
2026-04-11_rep_1,SN3802,03:03:00,-1.0,03:19:00,03:38:00,A44 ,152.0,20.0,13.27,1.32,19.0,33.59
2026-04-11_rep_1,SN3806,09:44:00,-7.0,10:02:00,10:07:00,A54 ,120.0,29.0,11.62,1.58,5.0,18.19
2026-04-11_rep_1,SN3820,11:50:00,13.0,12:22:00,12:27:00,A44 ,97.0,89.0,7.44,1.72,5.0,14.17
2026-04-11_rep_1,SN3828,10:54:00,-8.0,12:01:00,12:20:00,A61 ,125.0,79.0,10.11,1.4,19.0,30.5
2026-04-11_rep_1,SN3886,10:15:00,26.0,10:53:00,12:12:00,B14 A,152.0,17.0,15.46,0.1,79.0,94.56
2026-04-11_rep_1,SN3894,23:34:00,-5.0,23:47:00,23:55:00,B34 A,115.0,22.0,9.39,0.12,8.0,17.51
2026-04-11_rep_1,SN467,17:51:00,-12.0,18:03:00,18:28:00,B28 A,63.0,30.0,4.37,0.09,25.0,29.46
2026-04-11_rep_1,SN502,18:45:00,-44.0,18:10:00,18:38:00,B5  A,176.0,14.0,12.31,1.67,28.0,41.98
2026-04-11_rep_1,SN516,18:31:00,-17.0,18:27:00,18:58:00,B38 A,37.0,19.0,3.17,0.09,31.0,34.26
2026-04-11_rep_1,SQ304,18:30:00,15.0,19:00:00,19:34:00,B11 A,223.0,20.0,18.56,0.09,34.0,52.65
2026-04-11_rep_1,TB1012,23:40:00,-1.0,00:02:00,00:07:00,A57 ,123.0,28.0,10.64,1.98,5.0,17.62
2026-04-11_rep_1,TB1014,23:50:00,12.0,00:25:00,00:30:00,A43 ,112.0,28.0,8.07,1.63,5.0,14.7
2026-04-11_rep_1,TB1112,23:35:00,-17.0,23:39:00,23:42:00,A47 ,76.0,26.0,7.64,2.05,3.0,12.69
2026-04-11_rep_1,TB1135,00:31:00,35.0,01:21:00,01:24:00,A53 ,68.0,21.0,4.36,1.61,3.0,8.97
2026-04-11_rep_1,TB1312,23:36:00,-2.0,23:51:00,23:54:00,A45 ,92.0,23.0,6.49,2.05,3.0,11.55
2026-04-11_rep_1,TB1502,10:55:00,81.0,12:39:00,12:54:00,A63 ,133.0,28.0,9.34,2.69,15.0,27.03
2026-04-11_rep_1,TB1552,10:15:00,16.0,10:50:00,10:59:00,A69 ,164.0,24.0,12.55,2.21,9.0,23.76
2026-04-11_rep_1,TB1554,03:54:00,-8.0,04:03:00,04:12:00,A55 ,145.0,26.0,14.11,1.58,9.0,24.69
2026-04-11_rep_1,TB1702,09:26:00,3.0,09:48:00,09:54:00,A43 ,151.0,25.0,11.69,1.29,6.0,18.97
2026-04-11_rep_1,TB1704,08:56:00,-15.0,09:04:00,09:09:00,A65 ,147.0,29.0,12.24,1.64,5.0,18.88
2026-04-11_rep_1,TB1756,10:30:00,7.0,10:58:00,12:09:00,A65 ,164.0,26.0,16.8,1.63,71.0,89.43
2026-04-11_rep_1,TB1758,10:32:00,128.0,13:03:00,13:08:00,A72 ,142.0,30.0,16.59,1.08,5.0,22.67
2026-04-11_rep_1,TB2031,07:32:00,-24.0,07:24:00,07:33:00,B30 A,152.0,23.0,12.35,0.09,9.0,21.44
2026-04-11_rep_1,TB2614,08:39:00,12.0,09:10:00,09:15:00,B9  A,138.0,23.0,9.99,2.1,5.0,17.09
2026-04-11_rep_1,TB2752,23:49:00,-23.0,23:40:00,23:44:00,B27 A,79.0,18.0,7.2,0.11,4.0,11.3
2026-04-11_rep_1,TB3012,05:37:00,-3.0,05:51:00,05:58:00,B36 A,155.0,24.0,14.1,0.1,7.0,21.2
2026-04-11_rep_1,TG934,18:22:00,29.0,19:11:00,19:46:00,B17 A,245.0,27.0,16.53,0.08,35.0,51.61
2026-04-11_rep_1,TK1937,21:16:00,16.0,21:49:00,22:10:00,B34 A,237.0,23.0,16.98,0.1,21.0,38.08
2026-04-11_rep_1,TK1939,04:56:00,4.0,05:13:00,05:26:00,B28 A,169.0,19.0,15.78,0.15,13.0,28.93
2026-04-11_rep_1,TK1941,08:33:00,11.0,08:54:00,09:10:00,B7  A,161.0,18.0,13.11,1.74,16.0,30.85
2026-04-11_rep_1,TK1943,00:32:00,6.0,00:57:00,01:09:00,B28 A,136.0,26.0,9.51,0.11,12.0,21.61
2026-04-11_rep_1,TP640,22:06:00,57.0,23:13:00,23:20:00,A49 ,61.0,16.0,4.74,1.7,7.0,13.44
2026-04-11_rep_1,TP642,02:11:00,-13.0,02:11:00,02:20:00,A57 ,123.0,19.0,11.89,1.98,9.0,22.87
2026-04-11_rep_1,TP644,07:10:00,-6.0,07:24:00,07:31:00,A53 ,123.0,25.0,12.3,1.8,7.0,21.09
2026-04-11_rep_1,TP646,11:00:00,79.0,12:42:00,12:51:00,A51 ,146.0,28.0,13.64,1.5,9.0,24.14
2026-04-11_rep_1,TU954,22:31:00,-20.0,22:33:00,22:44:00,B29 A,115.0,28.0,13.28,0.1,11.0,24.38
2026-04-11_rep_1,UA950,18:19:00,2.0,18:50:00,19:18:00,B31 A,241.0,33.0,19.88,0.1,28.0,47.98
2026-04-11_rep_1,UA972,20:05:00,-10.0,20:08:00,20:39:00,B38 A,168.0,18.0,13.57,0.08,31.0,44.65
2026-04-11_rep_1,UA994,18:49:00,-31.0,18:38:00,19:09:00,B40 A,186.0,24.0,12.67,0.08,31.0,43.75
2026-04-11_rep_1,UX1171,20:51:00,5.0,21:38:00,21:40:00,A50 ,51.0,48.0,3.39,1.34,2.0,6.73
2026-04-11_rep_1,UX1173,04:46:00,-19.0,04:47:00,04:51:00,A47 ,85.0,26.0,6.35,1.77,4.0,12.11
2026-04-11_rep_1,VF65,22:22:00,0.0,22:48:00,22:52:00,B11 A,108.0,33.0,8.01,0.13,4.0,12.14
2026-04-11_rep_1,VF67,03:19:00,15.0,03:53:00,04:02:00,B28 A,186.0,28.0,12.22,0.09,9.0,21.31
2026-04-11_rep_1,VY1332,20:29:00,-25.0,20:21:00,20:22:00,A47 ,16.0,21.0,1.55,1.94,1.0,4.49
2026-04-11_rep_1,VY1334,07:06:00,-16.0,07:09:00,07:11:00,A47 ,71.0,25.0,5.36,1.7,2.0,9.06
2026-04-11_rep_1,VY1470,19:51:00,8.0,20:13:00,20:14:00,A51 ,20.0,20.0,1.87,1.93,1.0,4.8
2026-04-11_rep_1,VY2150,21:30:00,-24.0,21:27:00,21:29:00,A53 ,52.0,26.0,4.6,1.39,2.0,7.99
2026-04-11_rep_1,VY6814,01:44:00,9.0,02:11:00,02:14:00,A51 ,48.0,22.0,4.11,1.36,3.0,8.47
2026-04-11_rep_1,VY8978,23:51:00,-22.0,23:41:00,23:43:00,A51 ,49.0,18.0,4.83,1.81,2.0,8.64
2026-04-11_rep_1,VY8980,20:50:00,-12.0,20:56:00,21:00:00,A49 ,28.0,23.0,2.0,2.05,4.0,8.05
2026-04-11_rep_1,VY8982,04:21:00,-9.0,04:24:00,04:27:00,A43 ,82.0,18.0,6.19,2.05,3.0,11.25
2026-04-11_rep_1,VY8984,07:57:00,-22.0,07:48:00,07:50:00,A43 ,54.0,20.0,3.99,1.81,2.0,7.79
2026-04-11_rep_1,VY8986,01:36:00,-16.0,01:34:00,01:40:00,A45 ,75.0,20.0,5.73,1.48,6.0,13.22
2026-04-11_rep_1,XC5016,01:40:00,2.0,02:04:00,02:16:00,B5  A,147.0,27.0,10.25,1.94,12.0,24.2
2026-04-11_rep_2,AC826,18:56:00,-28.0,18:47:00,19:33:00,B34 A,207.0,25.0,17.32,0.08,46.0,63.4
2026-04-11_rep_2,AC832,18:17:00,-47.0,17:48:00,18:16:00,B30 A,168.0,25.0,12.87,0.1,28.0,40.97
2026-04-11_rep_2,AY1541,20:26:00,3.0,20:46:00,20:53:00,A60 ,114.0,23.0,9.0,1.86,7.0,17.86
2026-04-11_rep_2,AY1545,05:26:00,18.0,05:59:00,06:10:00,A53 ,106.0,21.0,8.81,1.75,11.0,21.57
2026-04-11_rep_2,AZ148,19:41:00,-24.0,19:28:00,19:32:00,A49 ,40.0,17.0,3.28,1.62,4.0,8.9
2026-04-11_rep_2,AZ156,21:52:00,-13.0,22:11:00,22:15:00,A55 ,103.0,39.0,8.88,1.75,4.0,14.63
2026-04-11_rep_2,AZ160,05:05:00,-23.0,05:00:00,05:04:00,A51 ,91.0,23.0,7.44,1.38,4.0,12.81
2026-04-11_rep_2,BA384,20:26:00,4.0,20:54:00,21:17:00,B17 A,40.0,30.0,2.43,0.08,23.0,25.51
2026-04-11_rep_2,BA388,06:19:00,-20.0,06:14:00,06:18:00,B7  A,90.0,19.0,9.15,1.67,4.0,14.82
2026-04-11_rep_2,BT601,20:00:00,-8.0,20:03:00,20:06:00,A53 ,17.0,16.0,1.2,1.42,3.0,5.63
2026-04-11_rep_2,CX275,19:31:00,0.0,19:44:00,20:20:00,B31 A,231.0,19.0,16.31,0.09,36.0,52.41
2026-04-11_rep_2,DL140,18:46:00,2.0,19:17:00,19:56:00,B37 A,199.0,35.0,16.09,0.09,39.0,55.18
2026-04-11_rep_2,EI630,20:45:00,-23.0,20:32:00,20:38:00,B11 A,77.0,15.0,5.27,0.1,6.0,11.37
2026-04-11_rep_2,EK181,06:36:00,5.0,06:54:00,07:26:00,B31 A,238.0,19.0,17.12,0.1,32.0,49.21
2026-04-11_rep_2,FH8014,02:26:00,-11.0,02:33:00,02:38:00,B14 A,156.0,24.0,11.72,0.1,5.0,16.82
2026-04-11_rep_2,FH8116,12:44:00,4.0,13:06:00,13:13:00,B38 A,140.0,27.0,9.25,0.11,7.0,16.36
2026-04-11_rep_2,GQ800,00:11:00,23.0,00:51:00,00:57:00,A58 ,121.0,23.0,11.64,1.63,6.0,19.27
2026-04-11_rep_2,GQ850,20:58:00,4.0,21:19:00,21:23:00,A51 ,114.0,25.0,11.01,1.74,4.0,16.75
2026-04-11_rep_2,HV9078,10:31:00,-2.0,10:47:00,10:50:00,A42 ,85.0,24.0,6.53,1.32,3.0,10.85
2026-04-11_rep_2,HV9264,02:00:00,-13.0,02:11:00,02:20:00,B34 A,153.0,29.0,10.73,0.1,9.0,19.83
2026-04-11_rep_2,IB1299,01:51:00,-24.0,01:42:00,01:43:00,A55 ,43.0,21.0,3.64,2.2,1.0,6.84
2026-04-11_rep_2,IB1301,06:06:00,132.0,08:38:00,08:41:00,A61 ,70.0,26.0,4.4,2.02,3.0,9.42
2026-04-11_rep_2,IB597,22:32:00,-12.0,22:46:00,22:55:00,A43 ,114.0,33.0,8.24,1.54,9.0,18.77
2026-04-11_rep_2,IB603,09:37:00,-4.0,09:42:00,09:51:00,A45 ,131.0,16.0,10.03,1.67,9.0,20.7
2026-04-11_rep_2,KM420,06:21:00,-22.0,06:18:00,06:23:00,A45 ,138.0,25.0,11.8,1.68,5.0,18.48
2026-04-11_rep_2,LH1004,18:50:00,12.0,19:19:00,19:22:00,A45 ,6.0,22.0,0.51,1.58,3.0,5.09
2026-04-11_rep_2,LH2282,19:01:00,-8.0,19:08:00,19:12:00,A47 ,3.0,21.0,0.25,1.59,4.0,5.84
2026-04-11_rep_2,LO231,09:41:00,-5.0,09:51:00,09:53:00,A53 ,54.0,21.0,5.59,1.89,2.0,9.48
2026-04-11_rep_2,LO233,05:47:00,-9.0,05:56:00,06:01:00,A55 ,111.0,25.0,8.45,2.07,5.0,15.52
2026-04-11_rep_2,LO235,20:30:00,-5.0,20:39:00,20:41:00,A59 ,23.0,19.0,1.78,2.13,2.0,5.91
2026-04-11_rep_2,LX780,01:20:00,-4.0,01:30:00,01:33:00,A43 ,53.0,19.0,3.41,1.67,3.0,8.08
2026-04-11_rep_2,LX786,19:56:00,-16.0,20:16:00,20:22:00,A43 ,42.0,42.0,3.26,1.51,6.0,10.76
2026-04-11_rep_2,LX788,05:40:00,15.0,06:30:00,06:35:00,A74 ,121.0,40.0,7.69,1.93,5.0,14.62
2026-04-11_rep_2,ME215,21:42:00,33.0,22:28:00,22:44:00,B36 A,184.0,20.0,13.41,0.12,16.0,29.53
2026-04-11_rep_2,MS725,01:50:00,31.0,02:36:00,02:44:00,B9  A,162.0,20.0,11.96,1.36,8.0,21.32
2026-04-11_rep_2,NH231,04:41:00,-32.0,04:22:00,04:47:00,B5  A,191.0,19.0,14.54,1.32,25.0,40.86
2026-04-11_rep_2,OS291,20:12:00,-1.0,20:28:00,20:31:00,A45 ,49.0,24.0,3.96,1.97,3.0,8.93
2026-04-11_rep_2,OS297,06:16:00,-9.0,06:21:00,06:24:00,A43 ,85.0,20.0,5.62,1.73,3.0,10.35
2026-04-11_rep_2,SK1593,01:40:00,4.0,02:02:00,02:05:00,A47 ,34.0,23.0,2.88,1.5,3.0,7.38
2026-04-11_rep_2,SK593,20:47:00,-13.0,20:43:00,20:44:00,A55 ,18.0,16.0,1.97,1.95,1.0,4.93
2026-04-11_rep_2,SK597,06:57:00,-4.0,07:07:00,07:15:00,A51 ,89.0,21.0,6.06,1.74,8.0,15.8
2026-04-11_rep_2,SN1138,10:21:00,-20.0,10:21:00,10:24:00,B28 A,87.0,26.0,7.82,0.07,3.0,10.89
2026-04-11_rep_2,SN1574,07:29:00,-12.0,07:50:00,07:54:00,A49 ,106.0,37.0,7.51,2.06,4.0,13.57
2026-04-11_rep_2,SN204,16:08:00,-5.0,16:24:00,16:48:00,B14 A,115.0,29.0,8.08,0.09,24.0,32.16
2026-04-11_rep_2,SN2094,00:20:00,15.0,01:15:00,01:17:00,B36 A,62.0,45.0,5.27,0.1,2.0,7.37
2026-04-11_rep_2,SN2104,19:58:00,-9.0,19:59:00,20:07:00,B27 A,8.0,13.0,0.52,0.11,8.0,8.63
2026-04-11_rep_2,SN2258,00:30:00,-4.0,00:39:00,00:40:00,A54 ,38.0,18.0,2.8,1.94,1.0,5.73
2026-04-11_rep_2,SN2298,19:48:00,-2.0,20:03:00,20:04:00,A42 ,15.0,20.0,1.09,1.43,1.0,3.52
2026-04-11_rep_2,SN2324,19:44:00,-7.0,19:55:00,19:56:00,A54 ,9.0,22.0,0.53,1.62,1.0,3.15
2026-04-11_rep_2,SN241,16:58:00,-11.0,17:09:00,17:29:00,B31 A,31.0,30.0,2.56,0.11,20.0,22.67
2026-04-11_rep_2,SN2582,00:11:00,9.0,00:44:00,00:48:00,A56 ,91.0,30.0,7.74,1.86,4.0,13.6
2026-04-11_rep_2,SN2592,19:24:00,-13.0,19:31:00,19:33:00,A50 ,16.0,24.0,1.54,1.95,2.0,5.49
2026-04-11_rep_2,SN2608,21:17:00,-6.0,21:42:00,21:44:00,A46 ,32.0,38.0,2.51,1.4,2.0,5.92
2026-04-11_rep_2,SN2612,00:43:00,-22.0,00:41:00,00:43:00,A61 ,39.0,23.0,3.05,1.54,2.0,6.59
2026-04-11_rep_2,SN2614,04:33:00,-17.0,04:25:00,04:27:00,A58 ,19.0,12.0,2.1,1.57,2.0,5.67
2026-04-11_rep_2,SN2624,23:56:00,-9.0,23:58:00,00:01:00,A46 ,11.0,17.0,1.18,1.31,3.0,5.49
2026-04-11_rep_2,SN2644,00:17:00,1.0,00:34:00,00:35:00,A50 ,31.0,23.0,2.71,1.6,1.0,5.31
2026-04-11_rep_2,SN2646,03:18:00,-3.0,03:30:00,03:32:00,A42 ,45.0,18.0,3.44,1.35,2.0,6.79
2026-04-11_rep_2,SN2652,09:59:00,-14.0,10:08:00,10:11:00,A60 ,89.0,27.0,7.51,1.17,3.0,11.68
2026-04-11_rep_2,SN2714,23:51:00,0.0,00:10:00,00:13:00,A44 ,49.0,25.0,5.79,1.89,3.0,10.68
2026-04-11_rep_2,SN2722,05:33:00,-5.0,05:46:00,05:50:00,A50 ,82.0,21.0,9.58,1.95,4.0,15.54
2026-04-11_rep_2,SN2726,19:27:00,-5.0,19:40:00,19:44:00,A46 ,7.0,25.0,0.45,1.91,4.0,6.37
2026-04-11_rep_2,SN2810,00:24:00,3.0,00:42:00,00:45:00,A40 ,78.0,19.0,5.68,1.46,3.0,10.14
2026-04-11_rep_2,SN2816,19:25:00,24.0,20:10:00,20:11:00,A55 ,12.0,26.0,0.87,2.06,1.0,3.92
2026-04-11_rep_2,SN2830,19:42:00,4.0,20:13:00,20:15:00,A52 ,29.0,34.0,1.91,1.78,2.0,5.69
2026-04-11_rep_2,SN2902,22:15:00,-2.0,22:33:00,22:36:00,A42 ,61.0,30.0,6.14,1.27,3.0,10.4
2026-04-11_rep_2,SN2906,06:58:00,-13.0,06:56:00,06:59:00,A46 ,52.0,14.0,4.58,2.46,3.0,10.03
2026-04-11_rep_2,SN3132,08:19:00,5.0,08:52:00,08:56:00,A62 ,115.0,32.0,9.75,1.41,4.0,15.16
2026-04-11_rep_2,SN3140,01:09:00,23.0,01:56:00,01:59:00,A65 ,62.0,28.0,5.34,1.78,3.0,10.12
2026-04-11_rep_2,SN3148,01:52:00,-4.0,02:15:00,02:18:00,A50 ,114.0,34.0,13.6,1.49,3.0,18.1
2026-04-11_rep_2,SN3154,21:17:00,-2.0,21:30:00,21:31:00,A56 ,24.0,22.0,1.51,1.74,1.0,4.24
2026-04-11_rep_2,SN3176,23:32:00,-8.0,23:45:00,23:49:00,A52 ,99.0,28.0,8.25,1.88,4.0,14.13
2026-04-11_rep_2,SN3182,07:23:00,-10.0,07:38:00,07:41:00,A64 ,115.0,28.0,10.35,2.03,3.0,15.38
2026-04-11_rep_2,SN3202,01:23:00,-1.0,01:49:00,01:55:00,A44 ,88.0,30.0,5.76,2.24,6.0,14.0
2026-04-11_rep_2,SN3238,05:34:00,-21.0,05:36:00,05:39:00,A44 ,95.0,27.0,9.29,1.57,3.0,13.86
2026-04-11_rep_2,SN3246,00:31:00,8.0,01:04:00,01:09:00,A42 ,118.0,31.0,11.85,1.81,5.0,18.67
2026-04-11_rep_2,SN3256,01:06:00,-7.0,01:28:00,01:33:00,A52 ,116.0,35.0,8.67,1.51,5.0,15.18
2026-04-11_rep_2,SN3344,07:21:00,-11.0,07:27:00,07:29:00,A59 ,37.0,23.0,3.71,1.44,2.0,7.15
2026-04-11_rep_2,SN358,17:19:00,47.0,18:25:00,19:07:00,B29 A,196.0,23.0,19.2,0.08,42.0,61.28
2026-04-11_rep_2,SN3588,01:41:00,9.0,02:25:00,02:31:00,A58 ,63.0,41.0,5.78,1.33,6.0,13.11
2026-04-11_rep_2,SN3604,19:29:00,30.0,20:35:00,20:36:00,A58 ,25.0,40.0,2.39,1.99,1.0,5.38
2026-04-11_rep_2,SN3618,02:37:00,-17.0,02:36:00,02:39:00,A48 ,89.0,23.0,8.39,1.48,3.0,12.87
2026-04-11_rep_2,SN3622,05:14:00,-8.0,05:24:00,05:27:00,A52 ,63.0,22.0,7.33,1.72,3.0,12.05
2026-04-11_rep_2,SN3632,20:35:00,-27.0,20:26:00,20:41:00,A57 ,4.0,23.0,0.37,1.47,15.0,16.84
2026-04-11_rep_2,SN3634,22:01:00,34.0,22:53:00,23:07:00,A58 ,2.0,24.0,0.13,1.39,14.0,15.52
2026-04-11_rep_2,SN3668,00:55:00,-5.0,01:05:00,01:08:00,A63 ,59.0,20.0,4.83,1.54,3.0,9.36
2026-04-11_rep_2,SN369,16:13:00,5.0,16:38:00,17:02:00,B40 A,78.0,28.0,5.2,0.11,24.0,29.3
2026-04-11_rep_2,SN3698,01:36:00,-4.0,02:00:00,02:03:00,A62 ,102.0,34.0,8.83,1.86,3.0,13.69
2026-04-11_rep_2,SN3704,04:20:00,-6.0,04:34:00,04:39:00,A57 ,86.0,25.0,6.4,1.97,5.0,13.37
2026-04-11_rep_2,SN3708,18:43:00,-13.0,18:49:00,19:00:00,A40 ,35.0,22.0,2.73,1.71,11.0,15.44
2026-04-11_rep_2,SN3712,01:05:00,-5.0,01:18:00,01:20:00,A64 ,60.0,23.0,3.85,1.48,2.0,7.33
2026-04-11_rep_2,SN3722,01:58:00,40.0,03:01:00,03:05:00,A46 ,116.0,26.0,10.46,1.89,4.0,16.35
2026-04-11_rep_2,SN3732,19:38:00,-12.0,20:01:00,20:11:00,A56 ,15.0,38.0,1.24,1.85,10.0,13.08
2026-04-11_rep_2,SN3734,23:55:00,-2.0,00:21:00,00:24:00,A48 ,88.0,33.0,7.65,1.87,3.0,12.52
2026-04-11_rep_2,SN3736,05:29:00,38.0,06:38:00,06:41:00,A42 ,96.0,35.0,8.94,1.97,3.0,13.91
2026-04-11_rep_2,SN3738,10:16:00,-5.0,10:34:00,10:38:00,A68 ,101.0,29.0,5.96,2.44,4.0,12.4
2026-04-11_rep_2,SN3740,08:13:00,-23.0,08:19:00,08:23:00,A70 ,131.0,32.0,9.86,2.14,4.0,16.0
2026-04-11_rep_2,SN3752,07:25:00,14.0,07:57:00,08:00:00,A57 ,79.0,23.0,5.48,1.29,3.0,9.77
2026-04-11_rep_2,SN3766,06:55:00,-19.0,07:00:00,07:05:00,A56 ,129.0,29.0,11.2,1.44,5.0,17.64
2026-04-11_rep_2,SN3768,07:31:00,67.0,08:59:00,09:07:00,A66 ,129.0,27.0,10.12,1.49,8.0,19.6
2026-04-11_rep_2,SN3772,22:42:00,-25.0,22:37:00,22:39:00,A40 ,88.0,27.0,5.83,1.63,2.0,9.46
2026-04-11_rep_2,SN3774,10:17:00,-7.0,10:31:00,10:34:00,A52 ,71.0,28.0,6.66,1.84,3.0,11.5
2026-04-11_rep_2,SN3780,05:03:00,-14.0,05:12:00,05:19:00,A40 ,71.0,26.0,5.51,1.8,7.0,14.3
2026-04-11_rep_2,SN3782,10:36:00,97.0,12:42:00,12:49:00,A55 ,135.0,35.0,10.4,2.08,7.0,19.48
2026-04-11_rep_2,SN3784,10:26:00,-13.0,10:35:00,12:01:00,A50 ,134.0,28.0,11.57,1.81,86.0,99.38
2026-04-11_rep_2,SN3802,03:03:00,-1.0,03:19:00,03:38:00,A44 ,152.0,20.0,11.39,1.64,19.0,32.03
2026-04-11_rep_2,SN3806,09:44:00,-7.0,10:02:00,10:07:00,A54 ,120.0,29.0,8.59,1.61,5.0,15.2
2026-04-11_rep_2,SN3820,11:50:00,13.0,12:22:00,12:27:00,A44 ,97.0,89.0,9.49,1.53,5.0,16.03
2026-04-11_rep_2,SN3828,10:54:00,-8.0,12:01:00,12:20:00,A61 ,125.0,79.0,8.79,1.24,19.0,29.03
2026-04-11_rep_2,SN3886,10:15:00,26.0,10:53:00,12:12:00,B14 A,152.0,17.0,13.81,0.09,79.0,92.9
2026-04-11_rep_2,SN3894,23:34:00,-5.0,23:47:00,23:55:00,B34 A,115.0,22.0,10.24,0.09,8.0,18.33
2026-04-11_rep_2,SN467,17:51:00,-12.0,18:03:00,18:28:00,B28 A,63.0,30.0,5.71,0.1,25.0,30.82
2026-04-11_rep_2,SN502,18:45:00,-44.0,18:10:00,18:38:00,B5  A,176.0,14.0,11.91,1.77,28.0,41.68
2026-04-11_rep_2,SN516,18:31:00,-17.0,18:27:00,18:58:00,B38 A,37.0,19.0,3.45,0.12,31.0,34.57
2026-04-11_rep_2,SQ304,18:30:00,15.0,19:00:00,19:34:00,B11 A,223.0,20.0,19.05,0.1,34.0,53.14
2026-04-11_rep_2,TB1012,23:40:00,-1.0,00:02:00,00:07:00,A57 ,123.0,28.0,9.34,1.71,5.0,16.05
2026-04-11_rep_2,TB1014,23:50:00,12.0,00:25:00,00:30:00,A43 ,112.0,28.0,8.41,1.48,5.0,14.89
2026-04-11_rep_2,TB1112,23:35:00,-17.0,23:39:00,23:42:00,A47 ,76.0,26.0,5.37,2.07,3.0,10.44
2026-04-11_rep_2,TB1135,00:31:00,35.0,01:21:00,01:24:00,A53 ,68.0,21.0,4.96,1.47,3.0,9.42
2026-04-11_rep_2,TB1312,23:36:00,-2.0,23:51:00,23:54:00,A45 ,92.0,23.0,6.89,1.79,3.0,11.68
2026-04-11_rep_2,TB1502,10:55:00,81.0,12:39:00,12:54:00,A63 ,133.0,28.0,14.43,2.32,15.0,31.75
2026-04-11_rep_2,TB1552,10:15:00,16.0,10:50:00,10:59:00,A69 ,164.0,24.0,13.04,1.89,9.0,23.93
2026-04-11_rep_2,TB1554,03:54:00,-8.0,04:03:00,04:12:00,A55 ,145.0,26.0,11.6,1.69,9.0,22.29
2026-04-11_rep_2,TB1702,09:26:00,3.0,09:48:00,09:54:00,A43 ,151.0,25.0,10.94,1.66,6.0,18.6
2026-04-11_rep_2,TB1704,08:56:00,-15.0,09:04:00,09:09:00,A65 ,147.0,29.0,9.9,1.63,5.0,16.53
2026-04-11_rep_2,TB1756,10:30:00,7.0,10:58:00,12:09:00,A65 ,164.0,26.0,17.38,1.74,71.0,90.12
2026-04-11_rep_2,TB1758,10:32:00,128.0,13:03:00,13:08:00,A72 ,142.0,30.0,12.83,1.43,5.0,19.26
2026-04-11_rep_2,TB2031,07:32:00,-24.0,07:24:00,07:33:00,B30 A,152.0,23.0,9.35,0.13,9.0,18.48
2026-04-11_rep_2,TB2614,08:39:00,12.0,09:10:00,09:15:00,B9  A,138.0,23.0,11.25,1.7,5.0,17.94
2026-04-11_rep_2,TB2752,23:49:00,-23.0,23:40:00,23:44:00,B27 A,79.0,18.0,5.88,0.09,4.0,9.97
2026-04-11_rep_2,TB3012,05:37:00,-3.0,05:51:00,05:58:00,B36 A,155.0,24.0,10.34,0.13,7.0,17.47
2026-04-11_rep_2,TG934,18:22:00,29.0,19:11:00,19:46:00,B17 A,245.0,27.0,19.91,0.11,35.0,55.02
2026-04-11_rep_2,TK1937,21:16:00,16.0,21:49:00,22:10:00,B34 A,237.0,23.0,15.75,0.13,21.0,36.88
2026-04-11_rep_2,TK1939,04:56:00,4.0,05:13:00,05:26:00,B28 A,169.0,19.0,13.07,0.09,13.0,26.16
2026-04-11_rep_2,TK1941,08:33:00,11.0,08:54:00,09:10:00,B7  A,161.0,18.0,11.76,1.74,16.0,29.5
2026-04-11_rep_2,TK1943,00:32:00,6.0,00:57:00,01:09:00,B28 A,136.0,26.0,13.33,0.09,12.0,25.43
2026-04-11_rep_2,TP640,22:06:00,57.0,23:13:00,23:20:00,A49 ,61.0,16.0,4.65,1.4,7.0,13.05
2026-04-11_rep_2,TP642,02:11:00,-13.0,02:11:00,02:20:00,A57 ,123.0,19.0,9.82,2.08,9.0,20.89
2026-04-11_rep_2,TP644,07:10:00,-6.0,07:24:00,07:31:00,A53 ,123.0,25.0,8.59,1.75,7.0,17.34
2026-04-11_rep_2,TP646,11:00:00,79.0,12:42:00,12:51:00,A51 ,146.0,28.0,8.69,1.34,9.0,19.03
2026-04-11_rep_2,TU954,22:31:00,-20.0,22:33:00,22:44:00,B29 A,115.0,28.0,6.93,0.13,11.0,18.05
2026-04-11_rep_2,UA950,18:19:00,2.0,18:50:00,19:18:00,B31 A,241.0,33.0,21.71,0.09,28.0,49.8
2026-04-11_rep_2,UA972,20:05:00,-10.0,20:08:00,20:39:00,B38 A,168.0,18.0,10.72,0.08,31.0,41.8
2026-04-11_rep_2,UA994,18:49:00,-31.0,18:38:00,19:09:00,B40 A,186.0,24.0,13.25,0.08,31.0,44.34
2026-04-11_rep_2,UX1171,20:51:00,5.0,21:38:00,21:40:00,A50 ,51.0,48.0,3.41,1.8,2.0,7.21
2026-04-11_rep_2,UX1173,04:46:00,-19.0,04:47:00,04:51:00,A47 ,85.0,26.0,7.98,1.69,4.0,13.67
2026-04-11_rep_2,VF65,22:22:00,0.0,22:48:00,22:52:00,B11 A,108.0,33.0,9.34,0.11,4.0,13.44
2026-04-11_rep_2,VF67,03:19:00,15.0,03:53:00,04:02:00,B28 A,186.0,28.0,14.92,0.11,9.0,24.03
2026-04-11_rep_2,VY1332,20:29:00,-25.0,20:21:00,20:22:00,A47 ,16.0,21.0,1.2,1.41,1.0,3.62
2026-04-11_rep_2,VY1334,07:06:00,-16.0,07:09:00,07:11:00,A47 ,71.0,25.0,5.16,1.82,2.0,8.98
2026-04-11_rep_2,VY1470,19:51:00,8.0,20:13:00,20:14:00,A51 ,20.0,20.0,1.99,1.66,1.0,4.65
2026-04-11_rep_2,VY2150,21:30:00,-24.0,21:27:00,21:29:00,A53 ,52.0,26.0,3.35,1.67,2.0,7.02
2026-04-11_rep_2,VY6814,01:44:00,9.0,02:11:00,02:14:00,A51 ,48.0,22.0,4.04,1.28,3.0,8.32
2026-04-11_rep_2,VY8978,23:51:00,-22.0,23:41:00,23:43:00,A51 ,49.0,18.0,4.39,1.25,2.0,7.64
2026-04-11_rep_2,VY8980,20:50:00,-12.0,20:56:00,21:00:00,A49 ,28.0,23.0,2.78,1.79,4.0,8.57
2026-04-11_rep_2,VY8982,04:21:00,-9.0,04:24:00,04:27:00,A43 ,82.0,18.0,8.18,1.72,3.0,12.9
2026-04-11_rep_2,VY8984,07:57:00,-22.0,07:48:00,07:50:00,A43 ,54.0,20.0,3.76,2.05,2.0,7.8
2026-04-11_rep_2,VY8986,01:36:00,-16.0,01:34:00,01:40:00,A45 ,75.0,20.0,6.9,1.52,6.0,14.42
2026-04-11_rep_2,XC5016,01:40:00,2.0,02:04:00,02:16:00,B5  A,147.0,27.0,12.49,1.49,12.0,25.97
2026-04-11_rep_3,AC826,18:56:00,-28.0,18:47:00,19:33:00,B34 A,207.0,25.0,16.85,0.11,46.0,62.97
2026-04-11_rep_3,AC832,18:17:00,-47.0,17:48:00,18:16:00,B30 A,168.0,25.0,13.83,0.09,28.0,41.93
2026-04-11_rep_3,AY1541,20:26:00,3.0,20:46:00,20:53:00,A60 ,114.0,23.0,11.03,1.79,7.0,19.82
2026-04-11_rep_3,AY1545,05:26:00,18.0,05:59:00,06:10:00,A53 ,106.0,21.0,8.04,1.56,11.0,20.6
2026-04-11_rep_3,AZ148,19:41:00,-24.0,19:28:00,19:32:00,A49 ,40.0,17.0,3.65,1.97,4.0,9.62
2026-04-11_rep_3,AZ156,21:52:00,-13.0,22:11:00,22:15:00,A55 ,103.0,39.0,6.46,1.47,4.0,11.93
2026-04-11_rep_3,AZ160,05:05:00,-23.0,05:00:00,05:04:00,A51 ,91.0,23.0,11.24,1.93,4.0,17.16
2026-04-11_rep_3,BA384,20:26:00,4.0,20:54:00,21:17:00,B17 A,40.0,30.0,4.1,0.1,23.0,27.2
2026-04-11_rep_3,BA388,06:19:00,-20.0,06:14:00,06:18:00,B7  A,90.0,19.0,6.3,1.33,4.0,11.63
2026-04-11_rep_3,BT601,20:00:00,-8.0,20:03:00,20:06:00,A53 ,17.0,16.0,1.93,1.6,3.0,6.53
2026-04-11_rep_3,CX275,19:31:00,0.0,19:44:00,20:20:00,B31 A,231.0,19.0,18.32,0.07,36.0,54.39
2026-04-11_rep_3,DL140,18:46:00,2.0,19:17:00,19:56:00,B37 A,199.0,35.0,17.54,0.09,39.0,56.64
2026-04-11_rep_3,EI630,20:45:00,-23.0,20:32:00,20:38:00,B11 A,77.0,15.0,8.77,0.09,6.0,14.86
2026-04-11_rep_3,EK181,06:36:00,5.0,06:54:00,07:26:00,B31 A,238.0,19.0,18.08,0.12,32.0,50.2
2026-04-11_rep_3,FH8014,02:26:00,-11.0,02:33:00,02:38:00,B14 A,156.0,24.0,14.16,0.11,5.0,19.27
2026-04-11_rep_3,FH8116,12:44:00,4.0,13:06:00,13:13:00,B38 A,140.0,27.0,11.14,0.1,7.0,18.23
2026-04-11_rep_3,GQ800,00:11:00,23.0,00:51:00,00:57:00,A58 ,121.0,23.0,12.44,1.87,6.0,20.31
2026-04-11_rep_3,GQ850,20:58:00,4.0,21:19:00,21:23:00,A51 ,114.0,25.0,9.46,1.38,4.0,14.84
2026-04-11_rep_3,HV9078,10:31:00,-2.0,10:47:00,10:50:00,A42 ,85.0,24.0,6.1,1.48,3.0,10.58
2026-04-11_rep_3,HV9264,02:00:00,-13.0,02:11:00,02:20:00,B34 A,153.0,29.0,13.09,0.1,9.0,22.19
2026-04-11_rep_3,IB1299,01:51:00,-24.0,01:42:00,01:43:00,A55 ,43.0,21.0,3.06,1.46,1.0,5.52
2026-04-11_rep_3,IB1301,06:06:00,132.0,08:38:00,08:41:00,A61 ,70.0,26.0,5.71,1.93,3.0,10.64
2026-04-11_rep_3,IB597,22:32:00,-12.0,22:46:00,22:55:00,A43 ,114.0,33.0,7.56,1.32,9.0,17.88
2026-04-11_rep_3,IB603,09:37:00,-4.0,09:42:00,09:51:00,A45 ,131.0,16.0,9.23,1.84,9.0,20.06
2026-04-11_rep_3,KM420,06:21:00,-22.0,06:18:00,06:23:00,A45 ,138.0,25.0,9.26,1.54,5.0,15.8
2026-04-11_rep_3,LH1004,18:50:00,12.0,19:19:00,19:22:00,A45 ,6.0,22.0,0.43,1.54,3.0,4.98
2026-04-11_rep_3,LH2282,19:01:00,-8.0,19:08:00,19:12:00,A47 ,3.0,21.0,0.22,1.57,4.0,5.79
2026-04-11_rep_3,LO231,09:41:00,-5.0,09:51:00,09:53:00,A53 ,54.0,21.0,3.8,2.17,2.0,7.97
2026-04-11_rep_3,LO233,05:47:00,-9.0,05:56:00,06:01:00,A55 ,111.0,25.0,12.27,1.57,5.0,18.83
2026-04-11_rep_3,LO235,20:30:00,-5.0,20:39:00,20:41:00,A59 ,23.0,19.0,1.45,1.68,2.0,5.13
2026-04-11_rep_3,LX780,01:20:00,-4.0,01:30:00,01:33:00,A43 ,53.0,19.0,5.14,1.76,3.0,9.91
2026-04-11_rep_3,LX786,19:56:00,-16.0,20:16:00,20:22:00,A43 ,42.0,42.0,3.9,1.78,6.0,11.68
2026-04-11_rep_3,LX788,05:40:00,15.0,06:30:00,06:35:00,A74 ,121.0,40.0,9.81,1.47,5.0,16.28
2026-04-11_rep_3,ME215,21:42:00,33.0,22:28:00,22:44:00,B36 A,184.0,20.0,11.86,0.11,16.0,27.97
2026-04-11_rep_3,MS725,01:50:00,31.0,02:36:00,02:44:00,B9  A,162.0,20.0,11.18,1.39,8.0,20.58
2026-04-11_rep_3,NH231,04:41:00,-32.0,04:22:00,04:47:00,B5  A,191.0,19.0,15.96,2.09,25.0,43.05
2026-04-11_rep_3,OS291,20:12:00,-1.0,20:28:00,20:31:00,A45 ,49.0,24.0,3.39,1.73,3.0,8.12
2026-04-11_rep_3,OS297,06:16:00,-9.0,06:21:00,06:24:00,A43 ,85.0,20.0,6.53,1.6,3.0,11.13
2026-04-11_rep_3,SK1593,01:40:00,4.0,02:02:00,02:05:00,A47 ,34.0,23.0,2.9,1.29,3.0,7.19
2026-04-11_rep_3,SK593,20:47:00,-13.0,20:43:00,20:44:00,A55 ,18.0,16.0,1.81,2.11,1.0,4.92
2026-04-11_rep_3,SK597,06:57:00,-4.0,07:07:00,07:15:00,A51 ,89.0,21.0,6.97,1.46,8.0,16.43
2026-04-11_rep_3,SN1138,10:21:00,-20.0,10:21:00,10:24:00,B28 A,87.0,26.0,6.88,0.11,3.0,9.99
2026-04-11_rep_3,SN1574,07:29:00,-12.0,07:50:00,07:54:00,A49 ,106.0,37.0,8.76,1.88,4.0,14.64
2026-04-11_rep_3,SN204,16:08:00,-5.0,16:24:00,16:48:00,B14 A,115.0,29.0,13.61,0.11,24.0,37.72
2026-04-11_rep_3,SN2094,00:20:00,15.0,01:15:00,01:17:00,B36 A,62.0,45.0,4.78,0.1,2.0,6.88
2026-04-11_rep_3,SN2104,19:58:00,-9.0,19:59:00,20:07:00,B27 A,8.0,13.0,0.79,0.11,8.0,8.9
2026-04-11_rep_3,SN2258,00:30:00,-4.0,00:39:00,00:40:00,A54 ,38.0,18.0,3.61,1.65,1.0,6.26
2026-04-11_rep_3,SN2298,19:48:00,-2.0,20:03:00,20:04:00,A42 ,15.0,20.0,1.41,1.62,1.0,4.04
2026-04-11_rep_3,SN2324,19:44:00,-7.0,19:55:00,19:56:00,A54 ,9.0,22.0,0.65,2.0,1.0,3.65
2026-04-11_rep_3,SN241,16:58:00,-11.0,17:09:00,17:29:00,B31 A,31.0,30.0,2.18,0.08,20.0,22.27
2026-04-11_rep_3,SN2582,00:11:00,9.0,00:44:00,00:48:00,A56 ,91.0,30.0,6.52,1.5,4.0,12.02
2026-04-11_rep_3,SN2592,19:24:00,-13.0,19:31:00,19:33:00,A50 ,16.0,24.0,1.25,1.93,2.0,5.18
2026-04-11_rep_3,SN2608,21:17:00,-6.0,21:42:00,21:44:00,A46 ,32.0,38.0,2.1,1.39,2.0,5.49
2026-04-11_rep_3,SN2612,00:43:00,-22.0,00:41:00,00:43:00,A61 ,39.0,23.0,3.09,1.56,2.0,6.64
2026-04-11_rep_3,SN2614,04:33:00,-17.0,04:25:00,04:27:00,A58 ,19.0,12.0,1.45,1.68,2.0,5.13
2026-04-11_rep_3,SN2624,23:56:00,-9.0,23:58:00,00:01:00,A46 ,11.0,17.0,0.82,1.76,3.0,5.58
2026-04-11_rep_3,SN2644,00:17:00,1.0,00:34:00,00:35:00,A50 ,31.0,23.0,2.29,2.04,1.0,5.33
2026-04-11_rep_3,SN2646,03:18:00,-3.0,03:30:00,03:32:00,A42 ,45.0,18.0,3.79,1.55,2.0,7.35
2026-04-11_rep_3,SN2652,09:59:00,-14.0,10:08:00,10:11:00,A60 ,89.0,27.0,7.79,1.73,3.0,12.52
2026-04-11_rep_3,SN2714,23:51:00,0.0,00:10:00,00:13:00,A44 ,49.0,25.0,4.35,1.79,3.0,9.14
2026-04-11_rep_3,SN2722,05:33:00,-5.0,05:46:00,05:50:00,A50 ,82.0,21.0,5.27,1.71,4.0,10.98
2026-04-11_rep_3,SN2726,19:27:00,-5.0,19:40:00,19:44:00,A46 ,7.0,25.0,0.52,1.34,4.0,5.86
2026-04-11_rep_3,SN2810,00:24:00,3.0,00:42:00,00:45:00,A40 ,78.0,19.0,6.08,1.48,3.0,10.56
2026-04-11_rep_3,SN2816,19:25:00,24.0,20:10:00,20:11:00,A55 ,12.0,26.0,0.89,1.78,1.0,3.67
2026-04-11_rep_3,SN2830,19:42:00,4.0,20:13:00,20:15:00,A52 ,29.0,34.0,2.68,1.69,2.0,6.37
2026-04-11_rep_3,SN2902,22:15:00,-2.0,22:33:00,22:36:00,A42 ,61.0,30.0,7.0,1.44,3.0,11.44
2026-04-11_rep_3,SN2906,06:58:00,-13.0,06:56:00,06:59:00,A46 ,52.0,14.0,4.18,1.39,3.0,8.57
2026-04-11_rep_3,SN3132,08:19:00,5.0,08:52:00,08:56:00,A62 ,115.0,32.0,10.34,1.37,4.0,15.71
2026-04-11_rep_3,SN3140,01:09:00,23.0,01:56:00,01:59:00,A65 ,62.0,28.0,4.68,1.49,3.0,9.16
2026-04-11_rep_3,SN3148,01:52:00,-4.0,02:15:00,02:18:00,A50 ,114.0,34.0,9.66,1.98,3.0,14.65
2026-04-11_rep_3,SN3154,21:17:00,-2.0,21:30:00,21:31:00,A56 ,24.0,22.0,2.08,1.78,1.0,4.85
2026-04-11_rep_3,SN3176,23:32:00,-8.0,23:45:00,23:49:00,A52 ,99.0,28.0,7.49,1.81,4.0,13.3
2026-04-11_rep_3,SN3182,07:23:00,-10.0,07:38:00,07:41:00,A64 ,115.0,28.0,10.5,1.5,3.0,15.0
2026-04-11_rep_3,SN3202,01:23:00,-1.0,01:49:00,01:55:00,A44 ,88.0,30.0,7.62,1.47,6.0,15.09
2026-04-11_rep_3,SN3238,05:34:00,-21.0,05:36:00,05:39:00,A44 ,95.0,27.0,7.11,1.59,3.0,11.69
2026-04-11_rep_3,SN3246,00:31:00,8.0,01:04:00,01:09:00,A42 ,118.0,31.0,8.32,1.7,5.0,15.02
2026-04-11_rep_3,SN3256,01:06:00,-7.0,01:28:00,01:33:00,A52 ,116.0,35.0,8.27,1.6,5.0,14.88
2026-04-11_rep_3,SN3344,07:21:00,-11.0,07:27:00,07:29:00,A59 ,37.0,23.0,3.16,1.52,2.0,6.68
2026-04-11_rep_3,SN358,17:19:00,47.0,18:25:00,19:07:00,B29 A,196.0,23.0,16.9,0.1,42.0,59.0
2026-04-11_rep_3,SN3588,01:41:00,9.0,02:25:00,02:31:00,A58 ,63.0,41.0,3.75,1.37,6.0,11.13
2026-04-11_rep_3,SN3604,19:29:00,30.0,20:35:00,20:36:00,A58 ,25.0,40.0,1.94,1.88,1.0,4.82
2026-04-11_rep_3,SN3618,02:37:00,-17.0,02:36:00,02:39:00,A48 ,89.0,23.0,6.9,1.55,3.0,11.45
2026-04-11_rep_3,SN3622,05:14:00,-8.0,05:24:00,05:27:00,A52 ,63.0,22.0,4.53,1.7,3.0,9.24
2026-04-11_rep_3,SN3632,20:35:00,-27.0,20:26:00,20:41:00,A57 ,4.0,23.0,0.29,1.67,15.0,16.95
2026-04-11_rep_3,SN3634,22:01:00,34.0,22:53:00,23:07:00,A58 ,2.0,24.0,0.16,2.14,14.0,16.3
2026-04-11_rep_3,SN3668,00:55:00,-5.0,01:05:00,01:08:00,A63 ,59.0,20.0,4.57,1.48,3.0,9.05
2026-04-11_rep_3,SN369,16:13:00,5.0,16:38:00,17:02:00,B40 A,78.0,28.0,6.37,0.09,24.0,30.46
2026-04-11_rep_3,SN3698,01:36:00,-4.0,02:00:00,02:03:00,A62 ,102.0,34.0,9.96,1.75,3.0,14.72
2026-04-11_rep_3,SN3704,04:20:00,-6.0,04:34:00,04:39:00,A57 ,86.0,25.0,6.24,1.42,5.0,12.66
2026-04-11_rep_3,SN3708,18:43:00,-13.0,18:49:00,19:00:00,A40 ,35.0,22.0,2.53,1.65,11.0,15.18
2026-04-11_rep_3,SN3712,01:05:00,-5.0,01:18:00,01:20:00,A64 ,60.0,23.0,5.74,1.45,2.0,9.19
2026-04-11_rep_3,SN3722,01:58:00,40.0,03:01:00,03:05:00,A46 ,116.0,26.0,11.04,1.32,4.0,16.36
2026-04-11_rep_3,SN3732,19:38:00,-12.0,20:01:00,20:11:00,A56 ,15.0,38.0,1.49,1.88,10.0,13.36
2026-04-11_rep_3,SN3734,23:55:00,-2.0,00:21:00,00:24:00,A48 ,88.0,33.0,6.78,1.68,3.0,11.46
2026-04-11_rep_3,SN3736,05:29:00,38.0,06:38:00,06:41:00,A42 ,96.0,35.0,6.71,1.34,3.0,11.05
2026-04-11_rep_3,SN3738,10:16:00,-5.0,10:34:00,10:38:00,A68 ,101.0,29.0,8.1,1.77,4.0,13.86
2026-04-11_rep_3,SN3740,08:13:00,-23.0,08:19:00,08:23:00,A70 ,131.0,32.0,14.1,1.68,4.0,19.78
2026-04-11_rep_3,SN3752,07:25:00,14.0,07:57:00,08:00:00,A57 ,79.0,23.0,4.76,1.54,3.0,9.3
2026-04-11_rep_3,SN3766,06:55:00,-19.0,07:00:00,07:05:00,A56 ,129.0,29.0,9.73,1.37,5.0,16.1
2026-04-11_rep_3,SN3768,07:31:00,67.0,08:59:00,09:07:00,A66 ,129.0,27.0,9.87,1.74,8.0,19.62
2026-04-11_rep_3,SN3772,22:42:00,-25.0,22:37:00,22:39:00,A40 ,88.0,27.0,7.8,1.31,2.0,11.11
2026-04-11_rep_3,SN3774,10:17:00,-7.0,10:31:00,10:34:00,A52 ,71.0,28.0,6.63,1.46,3.0,11.09
2026-04-11_rep_3,SN3780,05:03:00,-14.0,05:12:00,05:19:00,A40 ,71.0,26.0,6.21,1.7,7.0,14.91
2026-04-11_rep_3,SN3782,10:36:00,97.0,12:42:00,12:49:00,A55 ,135.0,35.0,9.63,1.68,7.0,18.31
2026-04-11_rep_3,SN3784,10:26:00,-13.0,10:35:00,12:01:00,A50 ,134.0,28.0,9.16,1.68,86.0,96.84
2026-04-11_rep_3,SN3802,03:03:00,-1.0,03:19:00,03:38:00,A44 ,152.0,20.0,15.21,1.97,19.0,36.18
2026-04-11_rep_3,SN3806,09:44:00,-7.0,10:02:00,10:07:00,A54 ,120.0,29.0,9.28,1.33,5.0,15.61
2026-04-11_rep_3,SN3820,11:50:00,13.0,12:22:00,12:27:00,A44 ,97.0,89.0,7.44,1.61,5.0,14.05
2026-04-11_rep_3,SN3828,10:54:00,-8.0,12:01:00,12:20:00,A61 ,125.0,79.0,14.53,1.54,19.0,35.07
2026-04-11_rep_3,SN3886,10:15:00,26.0,10:53:00,12:12:00,B14 A,152.0,17.0,13.94,0.12,79.0,93.06
2026-04-11_rep_3,SN3894,23:34:00,-5.0,23:47:00,23:55:00,B34 A,115.0,22.0,7.37,0.1,8.0,15.46
2026-04-11_rep_3,SN467,17:51:00,-12.0,18:03:00,18:28:00,B28 A,63.0,30.0,4.2,0.11,25.0,29.31
2026-04-11_rep_3,SN502,18:45:00,-44.0,18:10:00,18:38:00,B5  A,176.0,14.0,12.31,1.47,28.0,41.78
2026-04-11_rep_3,SN516,18:31:00,-17.0,18:27:00,18:58:00,B38 A,37.0,19.0,3.61,0.09,31.0,34.7
2026-04-11_rep_3,SQ304,18:30:00,15.0,19:00:00,19:34:00,B11 A,223.0,20.0,16.15,0.08,34.0,50.23
2026-04-11_rep_3,TB1012,23:40:00,-1.0,00:02:00,00:07:00,A57 ,123.0,28.0,8.28,1.74,5.0,15.02
2026-04-11_rep_3,TB1014,23:50:00,12.0,00:25:00,00:30:00,A43 ,112.0,28.0,10.01,1.74,5.0,16.74
2026-04-11_rep_3,TB1112,23:35:00,-17.0,23:39:00,23:42:00,A47 ,76.0,26.0,6.61,1.46,3.0,11.07
2026-04-11_rep_3,TB1135,00:31:00,35.0,01:21:00,01:24:00,A53 ,68.0,21.0,5.2,1.39,3.0,9.59
2026-04-11_rep_3,TB1312,23:36:00,-2.0,23:51:00,23:54:00,A45 ,92.0,23.0,7.42,1.92,3.0,12.34
2026-04-11_rep_3,TB1502,10:55:00,81.0,12:39:00,12:54:00,A63 ,133.0,28.0,8.79,1.98,15.0,25.77
2026-04-11_rep_3,TB1552,10:15:00,16.0,10:50:00,10:59:00,A69 ,164.0,24.0,13.97,1.33,9.0,24.31
2026-04-11_rep_3,TB1554,03:54:00,-8.0,04:03:00,04:12:00,A55 ,145.0,26.0,12.61,1.63,9.0,23.23
2026-04-11_rep_3,TB1702,09:26:00,3.0,09:48:00,09:54:00,A43 ,151.0,25.0,10.92,1.4,6.0,18.33
2026-04-11_rep_3,TB1704,08:56:00,-15.0,09:04:00,09:09:00,A65 ,147.0,29.0,14.18,1.73,5.0,20.9
2026-04-11_rep_3,TB1756,10:30:00,7.0,10:58:00,12:09:00,A65 ,164.0,26.0,13.91,1.28,71.0,86.2
2026-04-11_rep_3,TB1758,10:32:00,128.0,13:03:00,13:08:00,A72 ,142.0,30.0,10.22,1.56,5.0,16.78
2026-04-11_rep_3,TB2031,07:32:00,-24.0,07:24:00,07:33:00,B30 A,152.0,23.0,10.96,0.09,9.0,20.05
2026-04-11_rep_3,TB2614,08:39:00,12.0,09:10:00,09:15:00,B9  A,138.0,23.0,12.38,1.07,5.0,18.44
2026-04-11_rep_3,TB2752,23:49:00,-23.0,23:40:00,23:44:00,B27 A,79.0,18.0,7.72,0.11,4.0,11.82
2026-04-11_rep_3,TB3012,05:37:00,-3.0,05:51:00,05:58:00,B36 A,155.0,24.0,11.73,0.1,7.0,18.83
2026-04-11_rep_3,TG934,18:22:00,29.0,19:11:00,19:46:00,B17 A,245.0,27.0,17.34,0.09,35.0,52.43
2026-04-11_rep_3,TK1937,21:16:00,16.0,21:49:00,22:10:00,B34 A,237.0,23.0,16.69,0.11,21.0,37.8
2026-04-11_rep_3,TK1939,04:56:00,4.0,05:13:00,05:26:00,B28 A,169.0,19.0,11.77,0.09,13.0,24.87
2026-04-11_rep_3,TK1941,08:33:00,11.0,08:54:00,09:10:00,B7  A,161.0,18.0,14.82,1.85,16.0,32.67
2026-04-11_rep_3,TK1943,00:32:00,6.0,00:57:00,01:09:00,B28 A,136.0,26.0,8.97,0.1,12.0,21.08
2026-04-11_rep_3,TP640,22:06:00,57.0,23:13:00,23:20:00,A49 ,61.0,16.0,4.84,1.52,7.0,13.36
2026-04-11_rep_3,TP642,02:11:00,-13.0,02:11:00,02:20:00,A57 ,123.0,19.0,11.16,1.7,9.0,21.87
2026-04-11_rep_3,TP644,07:10:00,-6.0,07:24:00,07:31:00,A53 ,123.0,25.0,9.32,2.43,7.0,18.75
2026-04-11_rep_3,TP646,11:00:00,79.0,12:42:00,12:51:00,A51 ,146.0,28.0,14.33,2.19,9.0,25.52
2026-04-11_rep_3,TU954,22:31:00,-20.0,22:33:00,22:44:00,B29 A,115.0,28.0,9.13,0.08,11.0,20.22
2026-04-11_rep_3,UA950,18:19:00,2.0,18:50:00,19:18:00,B31 A,241.0,33.0,18.98,0.08,28.0,47.06
2026-04-11_rep_3,UA972,20:05:00,-10.0,20:08:00,20:39:00,B38 A,168.0,18.0,12.24,0.1,31.0,43.34
2026-04-11_rep_3,UA994,18:49:00,-31.0,18:38:00,19:09:00,B40 A,186.0,24.0,17.2,0.1,31.0,48.3
2026-04-11_rep_3,UX1171,20:51:00,5.0,21:38:00,21:40:00,A50 ,51.0,48.0,4.0,2.0,2.0,8.01
2026-04-11_rep_3,UX1173,04:46:00,-19.0,04:47:00,04:51:00,A47 ,85.0,26.0,8.54,1.54,4.0,14.08
2026-04-11_rep_3,VF65,22:22:00,0.0,22:48:00,22:52:00,B11 A,108.0,33.0,10.23,0.1,4.0,14.33
2026-04-11_rep_3,VF67,03:19:00,15.0,03:53:00,04:02:00,B28 A,186.0,28.0,14.26,0.11,9.0,23.37
2026-04-11_rep_3,VY1332,20:29:00,-25.0,20:21:00,20:22:00,A47 ,16.0,21.0,1.27,1.91,1.0,4.18
2026-04-11_rep_3,VY1334,07:06:00,-16.0,07:09:00,07:11:00,A47 ,71.0,25.0,6.39,1.44,2.0,9.84
2026-04-11_rep_3,VY1470,19:51:00,8.0,20:13:00,20:14:00,A51 ,20.0,20.0,1.67,1.84,1.0,4.52
2026-04-11_rep_3,VY2150,21:30:00,-24.0,21:27:00,21:29:00,A53 ,52.0,26.0,4.08,2.07,2.0,8.16
2026-04-11_rep_3,VY6814,01:44:00,9.0,02:11:00,02:14:00,A51 ,48.0,22.0,4.34,1.63,3.0,8.97
2026-04-11_rep_3,VY8978,23:51:00,-22.0,23:41:00,23:43:00,A51 ,49.0,18.0,3.76,2.02,2.0,7.78
2026-04-11_rep_3,VY8980,20:50:00,-12.0,20:56:00,21:00:00,A49 ,28.0,23.0,2.31,1.61,4.0,7.92
2026-04-11_rep_3,VY8982,04:21:00,-9.0,04:24:00,04:27:00,A43 ,82.0,18.0,5.56,1.84,3.0,10.39
2026-04-11_rep_3,VY8984,07:57:00,-22.0,07:48:00,07:50:00,A43 ,54.0,20.0,3.92,2.06,2.0,7.98
2026-04-11_rep_3,VY8986,01:36:00,-16.0,01:34:00,01:40:00,A45 ,75.0,20.0,5.33,2.45,6.0,13.78
2026-04-11_rep_3,XC5016,01:40:00,2.0,02:04:00,02:16:00,B5  A,147.0,27.0,10.03,1.38,12.0,23.4
2026-04-11_rep_4,AC826,18:56:00,-28.0,18:47:00,19:33:00,B34 A,207.0,25.0,14.87,0.12,46.0,60.99
2026-04-11_rep_4,AC832,18:17:00,-47.0,17:48:00,18:16:00,B30 A,168.0,25.0,14.21,0.12,28.0,42.33
2026-04-11_rep_4,AY1541,20:26:00,3.0,20:46:00,20:53:00,A60 ,114.0,23.0,9.41,1.93,7.0,18.34
2026-04-11_rep_4,AY1545,05:26:00,18.0,05:59:00,06:10:00,A53 ,106.0,21.0,9.85,1.34,11.0,22.18
2026-04-11_rep_4,AZ148,19:41:00,-24.0,19:28:00,19:32:00,A49 ,40.0,17.0,3.21,2.04,4.0,9.25
2026-04-11_rep_4,AZ156,21:52:00,-13.0,22:11:00,22:15:00,A55 ,103.0,39.0,8.43,1.38,4.0,13.81
2026-04-11_rep_4,AZ160,05:05:00,-23.0,05:00:00,05:04:00,A51 ,91.0,23.0,7.83,1.5,4.0,13.33
2026-04-11_rep_4,BA384,20:26:00,4.0,20:54:00,21:17:00,B17 A,40.0,30.0,3.26,0.13,23.0,26.39
2026-04-11_rep_4,BA388,06:19:00,-20.0,06:14:00,06:18:00,B7  A,90.0,19.0,9.16,1.53,4.0,14.69
2026-04-11_rep_4,BT601,20:00:00,-8.0,20:03:00,20:06:00,A53 ,17.0,16.0,1.43,2.12,3.0,6.55
2026-04-11_rep_4,CX275,19:31:00,0.0,19:44:00,20:20:00,B31 A,231.0,19.0,18.31,0.08,36.0,54.39
2026-04-11_rep_4,DL140,18:46:00,2.0,19:17:00,19:56:00,B37 A,199.0,35.0,17.03,0.1,39.0,56.13
2026-04-11_rep_4,EI630,20:45:00,-23.0,20:32:00,20:38:00,B11 A,77.0,15.0,5.69,0.12,6.0,11.8
2026-04-11_rep_4,EK181,06:36:00,5.0,06:54:00,07:26:00,B31 A,238.0,19.0,17.92,0.1,32.0,50.02
2026-04-11_rep_4,FH8014,02:26:00,-11.0,02:33:00,02:38:00,B14 A,156.0,24.0,12.83,0.1,5.0,17.93
2026-04-11_rep_4,FH8116,12:44:00,4.0,13:06:00,13:13:00,B38 A,140.0,27.0,13.01,0.13,7.0,20.14
2026-04-11_rep_4,GQ800,00:11:00,23.0,00:51:00,00:57:00,A58 ,121.0,23.0,10.13,1.65,6.0,17.79
2026-04-11_rep_4,GQ850,20:58:00,4.0,21:19:00,21:23:00,A51 ,114.0,25.0,7.76,1.52,4.0,13.28
2026-04-11_rep_4,HV9078,10:31:00,-2.0,10:47:00,10:50:00,A42 ,85.0,24.0,7.08,1.6,3.0,11.68
2026-04-11_rep_4,HV9264,02:00:00,-13.0,02:11:00,02:20:00,B34 A,153.0,29.0,9.48,0.09,9.0,18.57
2026-04-11_rep_4,IB1299,01:51:00,-24.0,01:42:00,01:43:00,A55 ,43.0,21.0,4.26,1.66,1.0,6.91
2026-04-11_rep_4,IB1301,06:06:00,132.0,08:38:00,08:41:00,A61 ,70.0,26.0,5.94,1.53,3.0,10.47
2026-04-11_rep_4,IB597,22:32:00,-12.0,22:46:00,22:55:00,A43 ,114.0,33.0,10.49,1.34,9.0,20.83
2026-04-11_rep_4,IB603,09:37:00,-4.0,09:42:00,09:51:00,A45 ,131.0,16.0,8.97,1.95,9.0,19.91
2026-04-11_rep_4,KM420,06:21:00,-22.0,06:18:00,06:23:00,A45 ,138.0,25.0,11.59,1.57,5.0,18.16
2026-04-11_rep_4,LH1004,18:50:00,12.0,19:19:00,19:22:00,A45 ,6.0,22.0,0.48,1.78,3.0,5.26
2026-04-11_rep_4,LH2282,19:01:00,-8.0,19:08:00,19:12:00,A47 ,3.0,21.0,0.27,1.61,4.0,5.88
2026-04-11_rep_4,LO231,09:41:00,-5.0,09:51:00,09:53:00,A53 ,54.0,21.0,3.61,1.72,2.0,7.34
2026-04-11_rep_4,LO233,05:47:00,-9.0,05:56:00,06:01:00,A55 ,111.0,25.0,8.52,1.68,5.0,15.2
2026-04-11_rep_4,LO235,20:30:00,-5.0,20:39:00,20:41:00,A59 ,23.0,19.0,1.36,1.76,2.0,5.13
2026-04-11_rep_4,LX780,01:20:00,-4.0,01:30:00,01:33:00,A43 ,53.0,19.0,3.63,1.92,3.0,8.55
2026-04-11_rep_4,LX786,19:56:00,-16.0,20:16:00,20:22:00,A43 ,42.0,42.0,4.01,1.99,6.0,12.0
2026-04-11_rep_4,LX788,05:40:00,15.0,06:30:00,06:35:00,A74 ,121.0,40.0,8.45,1.73,5.0,15.18
2026-04-11_rep_4,ME215,21:42:00,33.0,22:28:00,22:44:00,B36 A,184.0,20.0,17.32,0.1,16.0,33.41
2026-04-11_rep_4,MS725,01:50:00,31.0,02:36:00,02:44:00,B9  A,162.0,20.0,12.85,1.5,8.0,22.35
2026-04-11_rep_4,NH231,04:41:00,-32.0,04:22:00,04:47:00,B5  A,191.0,19.0,13.78,1.68,25.0,40.45
2026-04-11_rep_4,OS291,20:12:00,-1.0,20:28:00,20:31:00,A45 ,49.0,24.0,3.54,2.25,3.0,8.78
2026-04-11_rep_4,OS297,06:16:00,-9.0,06:21:00,06:24:00,A43 ,85.0,20.0,9.68,1.89,3.0,14.57
2026-04-11_rep_4,SK1593,01:40:00,4.0,02:02:00,02:05:00,A47 ,34.0,23.0,2.36,1.64,3.0,7.01
2026-04-11_rep_4,SK593,20:47:00,-13.0,20:43:00,20:44:00,A55 ,18.0,16.0,1.91,1.5,1.0,4.42
2026-04-11_rep_4,SK597,06:57:00,-4.0,07:07:00,07:15:00,A51 ,89.0,21.0,8.14,1.59,8.0,17.73
2026-04-11_rep_4,SN1138,10:21:00,-20.0,10:21:00,10:24:00,B28 A,87.0,26.0,8.29,0.11,3.0,11.4
2026-04-11_rep_4,SN1574,07:29:00,-12.0,07:50:00,07:54:00,A49 ,106.0,37.0,7.69,1.39,4.0,13.08
2026-04-11_rep_4,SN204,16:08:00,-5.0,16:24:00,16:48:00,B14 A,115.0,29.0,7.15,0.1,24.0,31.25
2026-04-11_rep_4,SN2094,00:20:00,15.0,01:15:00,01:17:00,B36 A,62.0,45.0,5.87,0.1,2.0,7.97
2026-04-11_rep_4,SN2104,19:58:00,-9.0,19:59:00,20:07:00,B27 A,8.0,13.0,0.71,0.1,8.0,8.8
2026-04-11_rep_4,SN2258,00:30:00,-4.0,00:39:00,00:40:00,A54 ,38.0,18.0,3.66,1.61,1.0,6.27
2026-04-11_rep_4,SN2298,19:48:00,-2.0,20:03:00,20:04:00,A42 ,15.0,20.0,1.24,1.58,1.0,3.81
2026-04-11_rep_4,SN2324,19:44:00,-7.0,19:55:00,19:56:00,A54 ,9.0,22.0,0.79,1.85,1.0,3.65
2026-04-11_rep_4,SN241,16:58:00,-11.0,17:09:00,17:29:00,B31 A,31.0,30.0,2.29,0.12,20.0,22.41
2026-04-11_rep_4,SN2582,00:11:00,9.0,00:44:00,00:48:00,A56 ,91.0,30.0,6.47,1.75,4.0,12.22
2026-04-11_rep_4,SN2592,19:24:00,-13.0,19:31:00,19:33:00,A50 ,16.0,24.0,0.99,1.34,2.0,4.33
2026-04-11_rep_4,SN2608,21:17:00,-6.0,21:42:00,21:44:00,A46 ,32.0,38.0,2.66,1.78,2.0,6.44
2026-04-11_rep_4,SN2612,00:43:00,-22.0,00:41:00,00:43:00,A61 ,39.0,23.0,2.32,1.39,2.0,5.71
2026-04-11_rep_4,SN2614,04:33:00,-17.0,04:25:00,04:27:00,A58 ,19.0,12.0,1.9,1.82,2.0,5.72
2026-04-11_rep_4,SN2624,23:56:00,-9.0,23:58:00,00:01:00,A46 ,11.0,17.0,1.11,1.57,3.0,5.68
2026-04-11_rep_4,SN2644,00:17:00,1.0,00:34:00,00:35:00,A50 ,31.0,23.0,2.15,2.14,1.0,5.29
2026-04-11_rep_4,SN2646,03:18:00,-3.0,03:30:00,03:32:00,A42 ,45.0,18.0,3.21,1.78,2.0,6.99
2026-04-11_rep_4,SN2652,09:59:00,-14.0,10:08:00,10:11:00,A60 ,89.0,27.0,7.76,1.46,3.0,12.22
2026-04-11_rep_4,SN2714,23:51:00,0.0,00:10:00,00:13:00,A44 ,49.0,25.0,4.63,1.66,3.0,9.29
2026-04-11_rep_4,SN2722,05:33:00,-5.0,05:46:00,05:50:00,A50 ,82.0,21.0,6.24,1.72,4.0,11.96
2026-04-11_rep_4,SN2726,19:27:00,-5.0,19:40:00,19:44:00,A46 ,7.0,25.0,0.44,2.06,4.0,6.51
2026-04-11_rep_4,SN2810,00:24:00,3.0,00:42:00,00:45:00,A40 ,78.0,19.0,6.18,2.09,3.0,11.27
2026-04-11_rep_4,SN2816,19:25:00,24.0,20:10:00,20:11:00,A55 ,12.0,26.0,1.14,1.8,1.0,3.94
2026-04-11_rep_4,SN2830,19:42:00,4.0,20:13:00,20:15:00,A52 ,29.0,34.0,2.72,1.71,2.0,6.43
2026-04-11_rep_4,SN2902,22:15:00,-2.0,22:33:00,22:36:00,A42 ,61.0,30.0,4.91,1.82,3.0,9.73
2026-04-11_rep_4,SN2906,06:58:00,-13.0,06:56:00,06:59:00,A46 ,52.0,14.0,5.11,1.68,3.0,9.79
2026-04-11_rep_4,SN3132,08:19:00,5.0,08:52:00,08:56:00,A62 ,115.0,32.0,7.34,1.61,4.0,12.95
2026-04-11_rep_4,SN3140,01:09:00,23.0,01:56:00,01:59:00,A65 ,62.0,28.0,4.55,1.34,3.0,8.89
2026-04-11_rep_4,SN3148,01:52:00,-4.0,02:15:00,02:18:00,A50 ,114.0,34.0,8.49,1.86,3.0,13.35
2026-04-11_rep_4,SN3154,21:17:00,-2.0,21:30:00,21:31:00,A56 ,24.0,22.0,1.59,1.4,1.0,3.99
2026-04-11_rep_4,SN3176,23:32:00,-8.0,23:45:00,23:49:00,A52 ,99.0,28.0,5.84,1.62,4.0,11.46
2026-04-11_rep_4,SN3182,07:23:00,-10.0,07:38:00,07:41:00,A64 ,115.0,28.0,10.44,1.7,3.0,15.14
2026-04-11_rep_4,SN3202,01:23:00,-1.0,01:49:00,01:55:00,A44 ,88.0,30.0,8.0,1.76,6.0,15.75
2026-04-11_rep_4,SN3238,05:34:00,-21.0,05:36:00,05:39:00,A44 ,95.0,27.0,8.47,1.81,3.0,13.28
2026-04-11_rep_4,SN3246,00:31:00,8.0,01:04:00,01:09:00,A42 ,118.0,31.0,7.38,1.47,5.0,13.85
2026-04-11_rep_4,SN3256,01:06:00,-7.0,01:28:00,01:33:00,A52 ,116.0,35.0,9.63,1.77,5.0,16.39
2026-04-11_rep_4,SN3344,07:21:00,-11.0,07:27:00,07:29:00,A59 ,37.0,23.0,2.88,1.54,2.0,6.42
2026-04-11_rep_4,SN358,17:19:00,47.0,18:25:00,19:07:00,B29 A,196.0,23.0,17.16,0.11,42.0,59.27
2026-04-11_rep_4,SN3588,01:41:00,9.0,02:25:00,02:31:00,A58 ,63.0,41.0,4.71,1.55,6.0,12.25
2026-04-11_rep_4,SN3604,19:29:00,30.0,20:35:00,20:36:00,A58 ,25.0,40.0,2.22,1.47,1.0,4.69
2026-04-11_rep_4,SN3618,02:37:00,-17.0,02:36:00,02:39:00,A48 ,89.0,23.0,5.78,2.01,3.0,10.8
2026-04-11_rep_4,SN3622,05:14:00,-8.0,05:24:00,05:27:00,A52 ,63.0,22.0,5.32,1.74,3.0,10.06
2026-04-11_rep_4,SN3632,20:35:00,-27.0,20:26:00,20:41:00,A57 ,4.0,23.0,0.32,2.03,15.0,17.36
2026-04-11_rep_4,SN3634,22:01:00,34.0,22:53:00,23:07:00,A58 ,2.0,24.0,0.13,1.63,14.0,15.76
2026-04-11_rep_4,SN3668,00:55:00,-5.0,01:05:00,01:08:00,A63 ,59.0,20.0,3.99,1.28,3.0,8.27
2026-04-11_rep_4,SN369,16:13:00,5.0,16:38:00,17:02:00,B40 A,78.0,28.0,5.11,0.11,24.0,29.22
2026-04-11_rep_4,SN3698,01:36:00,-4.0,02:00:00,02:03:00,A62 ,102.0,34.0,8.28,1.75,3.0,13.03
2026-04-11_rep_4,SN3704,04:20:00,-6.0,04:34:00,04:39:00,A57 ,86.0,25.0,7.54,1.77,5.0,14.32
2026-04-11_rep_4,SN3708,18:43:00,-13.0,18:49:00,19:00:00,A40 ,35.0,22.0,2.68,1.96,11.0,15.64
2026-04-11_rep_4,SN3712,01:05:00,-5.0,01:18:00,01:20:00,A64 ,60.0,23.0,4.65,1.39,2.0,8.04
2026-04-11_rep_4,SN3722,01:58:00,40.0,03:01:00,03:05:00,A46 ,116.0,26.0,7.99,1.79,4.0,13.78
2026-04-11_rep_4,SN3732,19:38:00,-12.0,20:01:00,20:11:00,A56 ,15.0,38.0,1.14,1.29,10.0,12.43
2026-04-11_rep_4,SN3734,23:55:00,-2.0,00:21:00,00:24:00,A48 ,88.0,33.0,5.38,1.74,3.0,10.12
2026-04-11_rep_4,SN3736,05:29:00,38.0,06:38:00,06:41:00,A42 ,96.0,35.0,7.14,1.66,3.0,11.8
2026-04-11_rep_4,SN3738,10:16:00,-5.0,10:34:00,10:38:00,A68 ,101.0,29.0,9.52,1.55,4.0,15.06
2026-04-11_rep_4,SN3740,08:13:00,-23.0,08:19:00,08:23:00,A70 ,131.0,32.0,10.11,1.53,4.0,15.64
2026-04-11_rep_4,SN3752,07:25:00,14.0,07:57:00,08:00:00,A57 ,79.0,23.0,5.31,2.08,3.0,10.38
2026-04-11_rep_4,SN3766,06:55:00,-19.0,07:00:00,07:05:00,A56 ,129.0,29.0,10.53,1.49,5.0,17.01
2026-04-11_rep_4,SN3768,07:31:00,67.0,08:59:00,09:07:00,A66 ,129.0,27.0,13.07,1.69,8.0,22.76
2026-04-11_rep_4,SN3772,22:42:00,-25.0,22:37:00,22:39:00,A40 ,88.0,27.0,8.88,1.89,2.0,12.77
2026-04-11_rep_4,SN3774,10:17:00,-7.0,10:31:00,10:34:00,A52 ,71.0,28.0,5.61,1.45,3.0,10.07
2026-04-11_rep_4,SN3780,05:03:00,-14.0,05:12:00,05:19:00,A40 ,71.0,26.0,4.43,1.9,7.0,13.34
2026-04-11_rep_4,SN3782,10:36:00,97.0,12:42:00,12:49:00,A55 ,135.0,35.0,11.62,2.04,7.0,20.66
2026-04-11_rep_4,SN3784,10:26:00,-13.0,10:35:00,12:01:00,A50 ,134.0,28.0,14.5,1.62,86.0,102.12
2026-04-11_rep_4,SN3802,03:03:00,-1.0,03:19:00,03:38:00,A44 ,152.0,20.0,12.39,2.39,19.0,33.78
2026-04-11_rep_4,SN3806,09:44:00,-7.0,10:02:00,10:07:00,A54 ,120.0,29.0,8.15,2.12,5.0,15.26
2026-04-11_rep_4,SN3820,11:50:00,13.0,12:22:00,12:27:00,A44 ,97.0,89.0,7.43,1.58,5.0,14.01
2026-04-11_rep_4,SN3828,10:54:00,-8.0,12:01:00,12:20:00,A61 ,125.0,79.0,9.82,2.04,19.0,30.85
2026-04-11_rep_4,SN3886,10:15:00,26.0,10:53:00,12:12:00,B14 A,152.0,17.0,12.91,0.08,79.0,91.99
2026-04-11_rep_4,SN3894,23:34:00,-5.0,23:47:00,23:55:00,B34 A,115.0,22.0,11.57,0.11,8.0,19.68
2026-04-11_rep_4,SN467,17:51:00,-12.0,18:03:00,18:28:00,B28 A,63.0,30.0,6.83,0.09,25.0,31.92
2026-04-11_rep_4,SN502,18:45:00,-44.0,18:10:00,18:38:00,B5  A,176.0,14.0,10.71,1.32,28.0,40.03
2026-04-11_rep_4,SN516,18:31:00,-17.0,18:27:00,18:58:00,B38 A,37.0,19.0,3.86,0.12,31.0,34.98
2026-04-11_rep_4,SQ304,18:30:00,15.0,19:00:00,19:34:00,B11 A,223.0,20.0,14.08,0.09,34.0,48.18
2026-04-11_rep_4,TB1012,23:40:00,-1.0,00:02:00,00:07:00,A57 ,123.0,28.0,10.14,1.53,5.0,16.67
2026-04-11_rep_4,TB1014,23:50:00,12.0,00:25:00,00:30:00,A43 ,112.0,28.0,10.49,1.56,5.0,17.05
2026-04-11_rep_4,TB1112,23:35:00,-17.0,23:39:00,23:42:00,A47 ,76.0,26.0,6.1,1.08,3.0,10.18
2026-04-11_rep_4,TB1135,00:31:00,35.0,01:21:00,01:24:00,A53 ,68.0,21.0,5.4,1.85,3.0,10.26
2026-04-11_rep_4,TB1312,23:36:00,-2.0,23:51:00,23:54:00,A45 ,92.0,23.0,6.06,1.9,3.0,10.96
2026-04-11_rep_4,TB1502,10:55:00,81.0,12:39:00,12:54:00,A63 ,133.0,28.0,11.28,1.68,15.0,27.96
2026-04-11_rep_4,TB1552,10:15:00,16.0,10:50:00,10:59:00,A69 ,164.0,24.0,15.22,1.51,9.0,25.73
2026-04-11_rep_4,TB1554,03:54:00,-8.0,04:03:00,04:12:00,A55 ,145.0,26.0,12.76,1.89,9.0,23.65
2026-04-11_rep_4,TB1702,09:26:00,3.0,09:48:00,09:54:00,A43 ,151.0,25.0,10.77,1.72,6.0,18.49
2026-04-11_rep_4,TB1704,08:56:00,-15.0,09:04:00,09:09:00,A65 ,147.0,29.0,9.09,1.69,5.0,15.78
2026-04-11_rep_4,TB1756,10:30:00,7.0,10:58:00,12:09:00,A65 ,164.0,26.0,12.73,1.72,71.0,85.45
2026-04-11_rep_4,TB1758,10:32:00,128.0,13:03:00,13:08:00,A72 ,142.0,30.0,10.42,1.42,5.0,16.84
2026-04-11_rep_4,TB2031,07:32:00,-24.0,07:24:00,07:33:00,B30 A,152.0,23.0,11.3,0.08,9.0,20.38
2026-04-11_rep_4,TB2614,08:39:00,12.0,09:10:00,09:15:00,B9  A,138.0,23.0,9.11,1.93,5.0,16.04
2026-04-11_rep_4,TB2752,23:49:00,-23.0,23:40:00,23:44:00,B27 A,79.0,18.0,7.28,0.08,4.0,11.35
2026-04-11_rep_4,TB3012,05:37:00,-3.0,05:51:00,05:58:00,B36 A,155.0,24.0,12.67,0.14,7.0,19.81
2026-04-11_rep_4,TG934,18:22:00,29.0,19:11:00,19:46:00,B17 A,245.0,27.0,22.57,0.11,35.0,57.67
2026-04-11_rep_4,TK1937,21:16:00,16.0,21:49:00,22:10:00,B34 A,237.0,23.0,15.2,0.09,21.0,36.29
2026-04-11_rep_4,TK1939,04:56:00,4.0,05:13:00,05:26:00,B28 A,169.0,19.0,12.46,0.1,13.0,25.56
2026-04-11_rep_4,TK1941,08:33:00,11.0,08:54:00,09:10:00,B7  A,161.0,18.0,11.37,1.3,16.0,28.67
2026-04-11_rep_4,TK1943,00:32:00,6.0,00:57:00,01:09:00,B28 A,136.0,26.0,11.4,0.07,12.0,23.47
2026-04-11_rep_4,TP640,22:06:00,57.0,23:13:00,23:20:00,A49 ,61.0,16.0,5.37,1.98,7.0,14.35
2026-04-11_rep_4,TP642,02:11:00,-13.0,02:11:00,02:20:00,A57 ,123.0,19.0,9.3,1.85,9.0,20.15
2026-04-11_rep_4,TP644,07:10:00,-6.0,07:24:00,07:31:00,A53 ,123.0,25.0,10.58,1.4,7.0,18.97
2026-04-11_rep_4,TP646,11:00:00,79.0,12:42:00,12:51:00,A51 ,146.0,28.0,9.24,1.53,9.0,19.77
2026-04-11_rep_4,TU954,22:31:00,-20.0,22:33:00,22:44:00,B29 A,115.0,28.0,8.36,0.09,11.0,19.45
2026-04-11_rep_4,UA950,18:19:00,2.0,18:50:00,19:18:00,B31 A,241.0,33.0,15.69,0.11,28.0,43.8
2026-04-11_rep_4,UA972,20:05:00,-10.0,20:08:00,20:39:00,B38 A,168.0,18.0,14.95,0.09,31.0,46.04
2026-04-11_rep_4,UA994,18:49:00,-31.0,18:38:00,19:09:00,B40 A,186.0,24.0,14.5,0.1,31.0,45.6
2026-04-11_rep_4,UX1171,20:51:00,5.0,21:38:00,21:40:00,A50 ,51.0,48.0,4.35,1.97,2.0,8.32
2026-04-11_rep_4,UX1173,04:46:00,-19.0,04:47:00,04:51:00,A47 ,85.0,26.0,6.68,2.14,4.0,12.81
2026-04-11_rep_4,VF65,22:22:00,0.0,22:48:00,22:52:00,B11 A,108.0,33.0,6.73,0.11,4.0,10.84
2026-04-11_rep_4,VF67,03:19:00,15.0,03:53:00,04:02:00,B28 A,186.0,28.0,18.03,0.1,9.0,27.13
2026-04-11_rep_4,VY1332,20:29:00,-25.0,20:21:00,20:22:00,A47 ,16.0,21.0,1.27,1.64,1.0,3.9
2026-04-11_rep_4,VY1334,07:06:00,-16.0,07:09:00,07:11:00,A47 ,71.0,25.0,4.32,1.44,2.0,7.76
2026-04-11_rep_4,VY1470,19:51:00,8.0,20:13:00,20:14:00,A51 ,20.0,20.0,2.11,1.83,1.0,4.94
2026-04-11_rep_4,VY2150,21:30:00,-24.0,21:27:00,21:29:00,A53 ,52.0,26.0,4.42,1.3,2.0,7.72
2026-04-11_rep_4,VY6814,01:44:00,9.0,02:11:00,02:14:00,A51 ,48.0,22.0,3.54,1.53,3.0,8.08
2026-04-11_rep_4,VY8978,23:51:00,-22.0,23:41:00,23:43:00,A51 ,49.0,18.0,4.98,1.62,2.0,8.6
2026-04-11_rep_4,VY8980,20:50:00,-12.0,20:56:00,21:00:00,A49 ,28.0,23.0,2.68,1.48,4.0,8.16
2026-04-11_rep_4,VY8982,04:21:00,-9.0,04:24:00,04:27:00,A43 ,82.0,18.0,7.0,1.62,3.0,11.63
2026-04-11_rep_4,VY8984,07:57:00,-22.0,07:48:00,07:50:00,A43 ,54.0,20.0,3.9,1.71,2.0,7.61
2026-04-11_rep_4,VY8986,01:36:00,-16.0,01:34:00,01:40:00,A45 ,75.0,20.0,6.06,1.74,6.0,13.8
2026-04-11_rep_4,XC5016,01:40:00,2.0,02:04:00,02:16:00,B5  A,147.0,27.0,12.15,1.49,12.0,25.64
2026-04-11_rep_5,AC826,18:56:00,-28.0,18:47:00,19:33:00,B34 A,207.0,25.0,19.63,0.1,46.0,65.72
2026-04-11_rep_5,AC832,18:17:00,-47.0,17:48:00,18:16:00,B30 A,168.0,25.0,14.35,0.12,28.0,42.47
2026-04-11_rep_5,AY1541,20:26:00,3.0,20:46:00,20:53:00,A60 ,114.0,23.0,9.21,2.04,7.0,18.25
2026-04-11_rep_5,AY1545,05:26:00,18.0,05:59:00,06:10:00,A53 ,106.0,21.0,8.36,1.26,11.0,20.62
2026-04-11_rep_5,AZ148,19:41:00,-24.0,19:28:00,19:32:00,A49 ,40.0,17.0,3.87,1.99,4.0,9.86
2026-04-11_rep_5,AZ156,21:52:00,-13.0,22:11:00,22:15:00,A55 ,103.0,39.0,7.66,1.44,4.0,13.1
2026-04-11_rep_5,AZ160,05:05:00,-23.0,05:00:00,05:04:00,A51 ,91.0,23.0,5.82,1.56,4.0,11.38
2026-04-11_rep_5,BA384,20:26:00,4.0,20:54:00,21:17:00,B17 A,40.0,30.0,3.39,0.1,23.0,26.49
2026-04-11_rep_5,BA388,06:19:00,-20.0,06:14:00,06:18:00,B7  A,90.0,19.0,6.89,1.83,4.0,12.73
2026-04-11_rep_5,BT601,20:00:00,-8.0,20:03:00,20:06:00,A53 ,17.0,16.0,1.31,2.08,3.0,6.39
2026-04-11_rep_5,CX275,19:31:00,0.0,19:44:00,20:20:00,B31 A,231.0,19.0,14.39,0.1,36.0,50.49
2026-04-11_rep_5,DL140,18:46:00,2.0,19:17:00,19:56:00,B37 A,199.0,35.0,16.07,0.09,39.0,55.16
2026-04-11_rep_5,EI630,20:45:00,-23.0,20:32:00,20:38:00,B11 A,77.0,15.0,5.39,0.1,6.0,11.49
2026-04-11_rep_5,EK181,06:36:00,5.0,06:54:00,07:26:00,B31 A,238.0,19.0,17.92,0.09,32.0,50.01
2026-04-11_rep_5,FH8014,02:26:00,-11.0,02:33:00,02:38:00,B14 A,156.0,24.0,12.91,0.11,5.0,18.02
2026-04-11_rep_5,FH8116,12:44:00,4.0,13:06:00,13:13:00,B38 A,140.0,27.0,11.04,0.11,7.0,18.15
2026-04-11_rep_5,GQ800,00:11:00,23.0,00:51:00,00:57:00,A58 ,121.0,23.0,10.99,1.7,6.0,18.69
2026-04-11_rep_5,GQ850,20:58:00,4.0,21:19:00,21:23:00,A51 ,114.0,25.0,8.42,1.55,4.0,13.97
2026-04-11_rep_5,HV9078,10:31:00,-2.0,10:47:00,10:50:00,A42 ,85.0,24.0,6.59,1.8,3.0,11.39
2026-04-11_rep_5,HV9264,02:00:00,-13.0,02:11:00,02:20:00,B34 A,153.0,29.0,11.94,0.12,9.0,21.06
2026-04-11_rep_5,IB1299,01:51:00,-24.0,01:42:00,01:43:00,A55 ,43.0,21.0,3.07,1.66,1.0,5.73
2026-04-11_rep_5,IB1301,06:06:00,132.0,08:38:00,08:41:00,A61 ,70.0,26.0,5.71,1.79,3.0,10.5
2026-04-11_rep_5,IB597,22:32:00,-12.0,22:46:00,22:55:00,A43 ,114.0,33.0,7.31,1.79,9.0,18.1
2026-04-11_rep_5,IB603,09:37:00,-4.0,09:42:00,09:51:00,A45 ,131.0,16.0,9.62,1.57,9.0,20.2
2026-04-11_rep_5,KM420,06:21:00,-22.0,06:18:00,06:23:00,A45 ,138.0,25.0,10.04,1.87,5.0,16.91
2026-04-11_rep_5,LH1004,18:50:00,12.0,19:19:00,19:22:00,A45 ,6.0,22.0,0.54,1.24,3.0,4.78
2026-04-11_rep_5,LH2282,19:01:00,-8.0,19:08:00,19:12:00,A47 ,3.0,21.0,0.26,1.23,4.0,5.49
2026-04-11_rep_5,LO231,09:41:00,-5.0,09:51:00,09:53:00,A53 ,54.0,21.0,6.51,2.3,2.0,10.81
2026-04-11_rep_5,LO233,05:47:00,-9.0,05:56:00,06:01:00,A55 ,111.0,25.0,8.47,1.42,5.0,14.88
2026-04-11_rep_5,LO235,20:30:00,-5.0,20:39:00,20:41:00,A59 ,23.0,19.0,1.91,1.34,2.0,5.25
2026-04-11_rep_5,LX780,01:20:00,-4.0,01:30:00,01:33:00,A43 ,53.0,19.0,4.33,1.5,3.0,8.83
2026-04-11_rep_5,LX786,19:56:00,-16.0,20:16:00,20:22:00,A43 ,42.0,42.0,2.95,1.78,6.0,10.73
2026-04-11_rep_5,LX788,05:40:00,15.0,06:30:00,06:35:00,A74 ,121.0,40.0,12.51,1.81,5.0,19.32
2026-04-11_rep_5,ME215,21:42:00,33.0,22:28:00,22:44:00,B36 A,184.0,20.0,18.31,0.09,16.0,34.4
2026-04-11_rep_5,MS725,01:50:00,31.0,02:36:00,02:44:00,B9  A,162.0,20.0,11.15,1.64,8.0,20.8
2026-04-11_rep_5,NH231,04:41:00,-32.0,04:22:00,04:47:00,B5  A,191.0,19.0,16.66,1.76,25.0,43.42
2026-04-11_rep_5,OS291,20:12:00,-1.0,20:28:00,20:31:00,A45 ,49.0,24.0,5.16,1.87,3.0,10.03
2026-04-11_rep_5,OS297,06:16:00,-9.0,06:21:00,06:24:00,A43 ,85.0,20.0,6.58,1.56,3.0,11.14
2026-04-11_rep_5,SK1593,01:40:00,4.0,02:02:00,02:05:00,A47 ,34.0,23.0,2.07,2.22,3.0,7.29
2026-04-11_rep_5,SK593,20:47:00,-13.0,20:43:00,20:44:00,A55 ,18.0,16.0,1.28,1.64,1.0,3.92
2026-04-11_rep_5,SK597,06:57:00,-4.0,07:07:00,07:15:00,A51 ,89.0,21.0,7.35,1.66,8.0,17.01
2026-04-11_rep_5,SN1138,10:21:00,-20.0,10:21:00,10:24:00,B28 A,87.0,26.0,6.59,0.11,3.0,9.7
2026-04-11_rep_5,SN1574,07:29:00,-12.0,07:50:00,07:54:00,A49 ,106.0,37.0,8.79,1.57,4.0,14.35
2026-04-11_rep_5,SN204,16:08:00,-5.0,16:24:00,16:48:00,B14 A,115.0,29.0,8.12,0.09,24.0,32.21
2026-04-11_rep_5,SN2094,00:20:00,15.0,01:15:00,01:17:00,B36 A,62.0,45.0,4.91,0.1,2.0,7.01
2026-04-11_rep_5,SN2104,19:58:00,-9.0,19:59:00,20:07:00,B27 A,8.0,13.0,0.58,0.12,8.0,8.7
2026-04-11_rep_5,SN2258,00:30:00,-4.0,00:39:00,00:40:00,A54 ,38.0,18.0,3.83,1.69,1.0,6.52
2026-04-11_rep_5,SN2298,19:48:00,-2.0,20:03:00,20:04:00,A42 ,15.0,20.0,1.24,1.5,1.0,3.73
2026-04-11_rep_5,SN2324,19:44:00,-7.0,19:55:00,19:56:00,A54 ,9.0,22.0,0.68,1.71,1.0,3.39
2026-04-11_rep_5,SN241,16:58:00,-11.0,17:09:00,17:29:00,B31 A,31.0,30.0,2.15,0.11,20.0,22.27
2026-04-11_rep_5,SN2582,00:11:00,9.0,00:44:00,00:48:00,A56 ,91.0,30.0,8.02,1.82,4.0,13.84
2026-04-11_rep_5,SN2592,19:24:00,-13.0,19:31:00,19:33:00,A50 ,16.0,24.0,1.11,2.02,2.0,5.13
2026-04-11_rep_5,SN2608,21:17:00,-6.0,21:42:00,21:44:00,A46 ,32.0,38.0,2.9,1.66,2.0,6.56
2026-04-11_rep_5,SN2612,00:43:00,-22.0,00:41:00,00:43:00,A61 ,39.0,23.0,2.72,1.44,2.0,6.16
2026-04-11_rep_5,SN2614,04:33:00,-17.0,04:25:00,04:27:00,A58 ,19.0,12.0,1.31,2.06,2.0,5.36
2026-04-11_rep_5,SN2624,23:56:00,-9.0,23:58:00,00:01:00,A46 ,11.0,17.0,0.73,1.88,3.0,5.61
2026-04-11_rep_5,SN2644,00:17:00,1.0,00:34:00,00:35:00,A50 ,31.0,23.0,2.61,1.52,1.0,5.14
2026-04-11_rep_5,SN2646,03:18:00,-3.0,03:30:00,03:32:00,A42 ,45.0,18.0,4.1,1.51,2.0,7.61
2026-04-11_rep_5,SN2652,09:59:00,-14.0,10:08:00,10:11:00,A60 ,89.0,27.0,7.9,2.04,3.0,12.94
2026-04-11_rep_5,SN2714,23:51:00,0.0,00:10:00,00:13:00,A44 ,49.0,25.0,4.25,1.17,3.0,8.41
2026-04-11_rep_5,SN2722,05:33:00,-5.0,05:46:00,05:50:00,A50 ,82.0,21.0,6.2,1.51,4.0,11.71
2026-04-11_rep_5,SN2726,19:27:00,-5.0,19:40:00,19:44:00,A46 ,7.0,25.0,0.64,1.35,4.0,5.99
2026-04-11_rep_5,SN2810,00:24:00,3.0,00:42:00,00:45:00,A40 ,78.0,19.0,5.0,1.44,3.0,9.43
2026-04-11_rep_5,SN2816,19:25:00,24.0,20:10:00,20:11:00,A55 ,12.0,26.0,1.24,1.67,1.0,3.92
2026-04-11_rep_5,SN2830,19:42:00,4.0,20:13:00,20:15:00,A52 ,29.0,34.0,2.44,1.89,2.0,6.33
2026-04-11_rep_5,SN2902,22:15:00,-2.0,22:33:00,22:36:00,A42 ,61.0,30.0,3.74,1.79,3.0,8.53
2026-04-11_rep_5,SN2906,06:58:00,-13.0,06:56:00,06:59:00,A46 ,52.0,14.0,4.06,1.27,3.0,8.33
2026-04-11_rep_5,SN3132,08:19:00,5.0,08:52:00,08:56:00,A62 ,115.0,32.0,9.09,2.18,4.0,15.27
2026-04-11_rep_5,SN3140,01:09:00,23.0,01:56:00,01:59:00,A65 ,62.0,28.0,4.78,1.32,3.0,9.1
2026-04-11_rep_5,SN3148,01:52:00,-4.0,02:15:00,02:18:00,A50 ,114.0,34.0,9.14,1.58,3.0,13.72
2026-04-11_rep_5,SN3154,21:17:00,-2.0,21:30:00,21:31:00,A56 ,24.0,22.0,2.67,1.69,1.0,5.36
2026-04-11_rep_5,SN3176,23:32:00,-8.0,23:45:00,23:49:00,A52 ,99.0,28.0,8.62,1.71,4.0,14.33
2026-04-11_rep_5,SN3182,07:23:00,-10.0,07:38:00,07:41:00,A64 ,115.0,28.0,8.36,1.65,3.0,13.01
2026-04-11_rep_5,SN3202,01:23:00,-1.0,01:49:00,01:55:00,A44 ,88.0,30.0,6.02,1.15,6.0,13.17
2026-04-11_rep_5,SN3238,05:34:00,-21.0,05:36:00,05:39:00,A44 ,95.0,27.0,8.6,1.77,3.0,13.37
2026-04-11_rep_5,SN3246,00:31:00,8.0,01:04:00,01:09:00,A42 ,118.0,31.0,9.6,1.68,5.0,16.28
2026-04-11_rep_5,SN3256,01:06:00,-7.0,01:28:00,01:33:00,A52 ,116.0,35.0,12.15,1.76,5.0,18.9
2026-04-11_rep_5,SN3344,07:21:00,-11.0,07:27:00,07:29:00,A59 ,37.0,23.0,4.08,1.84,2.0,7.91
2026-04-11_rep_5,SN358,17:19:00,47.0,18:25:00,19:07:00,B29 A,196.0,23.0,12.65,0.07,42.0,54.72
2026-04-11_rep_5,SN3588,01:41:00,9.0,02:25:00,02:31:00,A58 ,63.0,41.0,3.99,1.65,6.0,11.64
2026-04-11_rep_5,SN3604,19:29:00,30.0,20:35:00,20:36:00,A58 ,25.0,40.0,2.04,2.01,1.0,5.06
2026-04-11_rep_5,SN3618,02:37:00,-17.0,02:36:00,02:39:00,A48 ,89.0,23.0,6.57,1.48,3.0,11.04
2026-04-11_rep_5,SN3622,05:14:00,-8.0,05:24:00,05:27:00,A52 ,63.0,22.0,5.81,1.72,3.0,10.53
2026-04-11_rep_5,SN3632,20:35:00,-27.0,20:26:00,20:41:00,A57 ,4.0,23.0,0.33,1.74,15.0,17.07
2026-04-11_rep_5,SN3634,22:01:00,34.0,22:53:00,23:07:00,A58 ,2.0,24.0,0.16,1.73,14.0,15.89
2026-04-11_rep_5,SN3668,00:55:00,-5.0,01:05:00,01:08:00,A63 ,59.0,20.0,4.32,1.8,3.0,9.12
2026-04-11_rep_5,SN369,16:13:00,5.0,16:38:00,17:02:00,B40 A,78.0,28.0,4.64,0.13,24.0,28.77
2026-04-11_rep_5,SN3698,01:36:00,-4.0,02:00:00,02:03:00,A62 ,102.0,34.0,8.33,1.72,3.0,13.05
2026-04-11_rep_5,SN3704,04:20:00,-6.0,04:34:00,04:39:00,A57 ,86.0,25.0,6.95,1.82,5.0,13.77
2026-04-11_rep_5,SN3708,18:43:00,-13.0,18:49:00,19:00:00,A40 ,35.0,22.0,2.66,1.36,11.0,15.02
2026-04-11_rep_5,SN3712,01:05:00,-5.0,01:18:00,01:20:00,A64 ,60.0,23.0,5.51,1.84,2.0,9.35
2026-04-11_rep_5,SN3722,01:58:00,40.0,03:01:00,03:05:00,A46 ,116.0,26.0,8.4,1.63,4.0,14.03
2026-04-11_rep_5,SN3732,19:38:00,-12.0,20:01:00,20:11:00,A56 ,15.0,38.0,1.04,1.71,10.0,12.75
2026-04-11_rep_5,SN3734,23:55:00,-2.0,00:21:00,00:24:00,A48 ,88.0,33.0,6.56,1.34,3.0,10.9
2026-04-11_rep_5,SN3736,05:29:00,38.0,06:38:00,06:41:00,A42 ,96.0,35.0,7.18,1.34,3.0,11.53
2026-04-11_rep_5,SN3738,10:16:00,-5.0,10:34:00,10:38:00,A68 ,101.0,29.0,9.62,1.44,4.0,15.06
2026-04-11_rep_5,SN3740,08:13:00,-23.0,08:19:00,08:23:00,A70 ,131.0,32.0,12.73,1.63,4.0,18.37
2026-04-11_rep_5,SN3752,07:25:00,14.0,07:57:00,08:00:00,A57 ,79.0,23.0,7.96,2.01,3.0,12.96
2026-04-11_rep_5,SN3766,06:55:00,-19.0,07:00:00,07:05:00,A56 ,129.0,29.0,10.85,1.87,5.0,17.72
2026-04-11_rep_5,SN3768,07:31:00,67.0,08:59:00,09:07:00,A66 ,129.0,27.0,14.71,1.44,8.0,24.16
2026-04-11_rep_5,SN3772,22:42:00,-25.0,22:37:00,22:39:00,A40 ,88.0,27.0,7.45,1.75,2.0,11.21
2026-04-11_rep_5,SN3774,10:17:00,-7.0,10:31:00,10:34:00,A52 ,71.0,28.0,5.01,1.48,3.0,9.49
2026-04-11_rep_5,SN3780,05:03:00,-14.0,05:12:00,05:19:00,A40 ,71.0,26.0,4.95,1.82,7.0,13.77
2026-04-11_rep_5,SN3782,10:36:00,97.0,12:42:00,12:49:00,A55 ,135.0,35.0,10.72,1.68,7.0,19.4
2026-04-11_rep_5,SN3784,10:26:00,-13.0,10:35:00,12:01:00,A50 ,134.0,28.0,9.72,1.52,86.0,97.25
2026-04-11_rep_5,SN3802,03:03:00,-1.0,03:19:00,03:38:00,A44 ,152.0,20.0,12.07,1.77,19.0,32.85
2026-04-11_rep_5,SN3806,09:44:00,-7.0,10:02:00,10:07:00,A54 ,120.0,29.0,10.52,1.48,5.0,17.0
2026-04-11_rep_5,SN3820,11:50:00,13.0,12:22:00,12:27:00,A44 ,97.0,89.0,7.04,2.04,5.0,14.08
2026-04-11_rep_5,SN3828,10:54:00,-8.0,12:01:00,12:20:00,A61 ,125.0,79.0,10.41,1.64,19.0,31.05
2026-04-11_rep_5,SN3886,10:15:00,26.0,10:53:00,12:12:00,B14 A,152.0,17.0,9.8,0.1,79.0,88.91
2026-04-11_rep_5,SN3894,23:34:00,-5.0,23:47:00,23:55:00,B34 A,115.0,22.0,12.97,0.08,8.0,21.05
2026-04-11_rep_5,SN467,17:51:00,-12.0,18:03:00,18:28:00,B28 A,63.0,30.0,5.14,0.1,25.0,30.24
2026-04-11_rep_5,SN502,18:45:00,-44.0,18:10:00,18:38:00,B5  A,176.0,14.0,11.94,1.34,28.0,41.28
2026-04-11_rep_5,SN516,18:31:00,-17.0,18:27:00,18:58:00,B38 A,37.0,19.0,2.71,0.1,31.0,33.81
2026-04-11_rep_5,SQ304,18:30:00,15.0,19:00:00,19:34:00,B11 A,223.0,20.0,18.79,0.1,34.0,52.88
2026-04-11_rep_5,TB1012,23:40:00,-1.0,00:02:00,00:07:00,A57 ,123.0,28.0,8.59,1.53,5.0,15.11
2026-04-11_rep_5,TB1014,23:50:00,12.0,00:25:00,00:30:00,A43 ,112.0,28.0,9.44,1.4,5.0,15.84
2026-04-11_rep_5,TB1112,23:35:00,-17.0,23:39:00,23:42:00,A47 ,76.0,26.0,5.27,1.62,3.0,9.89
2026-04-11_rep_5,TB1135,00:31:00,35.0,01:21:00,01:24:00,A53 ,68.0,21.0,5.16,1.71,3.0,9.87
2026-04-11_rep_5,TB1312,23:36:00,-2.0,23:51:00,23:54:00,A45 ,92.0,23.0,7.86,2.1,3.0,12.96
2026-04-11_rep_5,TB1502,10:55:00,81.0,12:39:00,12:54:00,A63 ,133.0,28.0,12.27,1.73,15.0,29.0
2026-04-11_rep_5,TB1552,10:15:00,16.0,10:50:00,10:59:00,A69 ,164.0,24.0,13.35,1.63,9.0,23.99
2026-04-11_rep_5,TB1554,03:54:00,-8.0,04:03:00,04:12:00,A55 ,145.0,26.0,9.36,1.96,9.0,20.32
2026-04-11_rep_5,TB1702,09:26:00,3.0,09:48:00,09:54:00,A43 ,151.0,25.0,11.47,1.63,6.0,19.11
2026-04-11_rep_5,TB1704,08:56:00,-15.0,09:04:00,09:09:00,A65 ,147.0,29.0,16.37,1.84,5.0,23.21
2026-04-11_rep_5,TB1756,10:30:00,7.0,10:58:00,12:09:00,A65 ,164.0,26.0,12.53,1.56,71.0,85.09
2026-04-11_rep_5,TB1758,10:32:00,128.0,13:03:00,13:08:00,A72 ,142.0,30.0,9.83,1.31,5.0,16.14
2026-04-11_rep_5,TB2031,07:32:00,-24.0,07:24:00,07:33:00,B30 A,152.0,23.0,9.73,0.09,9.0,18.81
2026-04-11_rep_5,TB2614,08:39:00,12.0,09:10:00,09:15:00,B9  A,138.0,23.0,8.32,1.7,5.0,15.02
2026-04-11_rep_5,TB2752,23:49:00,-23.0,23:40:00,23:44:00,B27 A,79.0,18.0,6.36,0.1,4.0,10.46
2026-04-11_rep_5,TB3012,05:37:00,-3.0,05:51:00,05:58:00,B36 A,155.0,24.0,9.19,0.09,7.0,16.28
2026-04-11_rep_5,TG934,18:22:00,29.0,19:11:00,19:46:00,B17 A,245.0,27.0,16.33,0.1,35.0,51.42
2026-04-11_rep_5,TK1937,21:16:00,16.0,21:49:00,22:10:00,B34 A,237.0,23.0,18.65,0.13,21.0,39.78
2026-04-11_rep_5,TK1939,04:56:00,4.0,05:13:00,05:26:00,B28 A,169.0,19.0,13.07,0.11,13.0,26.18
2026-04-11_rep_5,TK1941,08:33:00,11.0,08:54:00,09:10:00,B7  A,161.0,18.0,13.5,1.54,16.0,31.04
2026-04-11_rep_5,TK1943,00:32:00,6.0,00:57:00,01:09:00,B28 A,136.0,26.0,16.33,0.09,12.0,28.43
2026-04-11_rep_5,TP640,22:06:00,57.0,23:13:00,23:20:00,A49 ,61.0,16.0,5.37,1.85,7.0,14.22
2026-04-11_rep_5,TP642,02:11:00,-13.0,02:11:00,02:20:00,A57 ,123.0,19.0,9.73,1.53,9.0,20.26
2026-04-11_rep_5,TP644,07:10:00,-6.0,07:24:00,07:31:00,A53 ,123.0,25.0,8.29,1.71,7.0,17.0
2026-04-11_rep_5,TP646,11:00:00,79.0,12:42:00,12:51:00,A51 ,146.0,28.0,12.98,1.66,9.0,23.64
2026-04-11_rep_5,TU954,22:31:00,-20.0,22:33:00,22:44:00,B29 A,115.0,28.0,9.46,0.11,11.0,20.57
2026-04-11_rep_5,UA950,18:19:00,2.0,18:50:00,19:18:00,B31 A,241.0,33.0,23.68,0.09,28.0,51.77
2026-04-11_rep_5,UA972,20:05:00,-10.0,20:08:00,20:39:00,B38 A,168.0,18.0,15.36,0.09,31.0,46.45
2026-04-11_rep_5,UA994,18:49:00,-31.0,18:38:00,19:09:00,B40 A,186.0,24.0,15.42,0.1,31.0,46.53
2026-04-11_rep_5,UX1171,20:51:00,5.0,21:38:00,21:40:00,A50 ,51.0,48.0,3.88,1.46,2.0,7.34
2026-04-11_rep_5,UX1173,04:46:00,-19.0,04:47:00,04:51:00,A47 ,85.0,26.0,8.98,1.84,4.0,14.82
2026-04-11_rep_5,VF65,22:22:00,0.0,22:48:00,22:52:00,B11 A,108.0,33.0,7.93,0.1,4.0,12.03
2026-04-11_rep_5,VF67,03:19:00,15.0,03:53:00,04:02:00,B28 A,186.0,28.0,17.52,0.08,9.0,26.6
2026-04-11_rep_5,VY1332,20:29:00,-25.0,20:21:00,20:22:00,A47 ,16.0,21.0,1.59,1.52,1.0,4.1
2026-04-11_rep_5,VY1334,07:06:00,-16.0,07:09:00,07:11:00,A47 ,71.0,25.0,6.06,1.74,2.0,9.8
2026-04-11_rep_5,VY1470,19:51:00,8.0,20:13:00,20:14:00,A51 ,20.0,20.0,2.08,2.08,1.0,5.16
2026-04-11_rep_5,VY2150,21:30:00,-24.0,21:27:00,21:29:00,A53 ,52.0,26.0,5.62,1.69,2.0,9.31
2026-04-11_rep_5,VY6814,01:44:00,9.0,02:11:00,02:14:00,A51 ,48.0,22.0,2.85,1.91,3.0,7.77
2026-04-11_rep_5,VY8978,23:51:00,-22.0,23:41:00,23:43:00,A51 ,49.0,18.0,3.58,1.73,2.0,7.31
2026-04-11_rep_5,VY8980,20:50:00,-12.0,20:56:00,21:00:00,A49 ,28.0,23.0,2.11,1.76,4.0,7.87
2026-04-11_rep_5,VY8982,04:21:00,-9.0,04:24:00,04:27:00,A43 ,82.0,18.0,5.06,2.03,3.0,10.09
2026-04-11_rep_5,VY8984,07:57:00,-22.0,07:48:00,07:50:00,A43 ,54.0,20.0,4.61,1.38,2.0,7.99
2026-04-11_rep_5,VY8986,01:36:00,-16.0,01:34:00,01:40:00,A45 ,75.0,20.0,4.68,1.52,6.0,12.2
2026-04-11_rep_5,XC5016,01:40:00,2.0,02:04:00,02:16:00,B5  A,147.0,27.0,12.71,1.31,12.0,26.02
2026-04-12_rep_1,AC832,19:16:00,-41.0,18:52:00,19:20:00,B34 A,211.0,23.0,19.52,0.1,28.0,47.62
2026-04-12_rep_1,AY1541,22:40:00,-10.0,22:48:00,22:52:00,A55 ,80.0,23.0,5.65,1.36,4.0,11.01
2026-04-12_rep_1,AY1545,06:24:00,0.0,06:44:00,06:47:00,A69 ,60.0,24.0,4.74,1.68,3.0,9.42
2026-04-12_rep_1,AY1549,10:41:00,-6.0,10:49:00,10:52:00,A57 ,54.0,20.0,4.8,1.42,3.0,9.22
2026-04-12_rep_1,AZ154,07:10:00,11.0,07:44:00,07:52:00,A63 ,69.0,28.0,6.15,1.93,8.0,16.07
2026-04-12_rep_1,AZ156,22:51:00,-18.0,22:58:00,23:00:00,A45 ,84.0,31.0,5.08,1.56,2.0,8.65
2026-04-12_rep_1,AZ160,06:05:00,-20.0,06:01:00,06:07:00,A45 ,114.0,21.0,11.1,2.07,6.0,19.16
2026-04-12_rep_1,BA384,21:57:00,-10.0,21:55:00,21:58:00,B11 A,47.0,15.0,3.64,0.1,3.0,6.74
2026-04-12_rep_1,BA386,02:25:00,34.0,03:13:00,03:21:00,B28 A,94.0,19.0,7.31,0.1,8.0,15.41
2026-04-12_rep_1,BA390,07:59:00,5.0,08:25:00,08:28:00,B7  A,79.0,25.0,6.03,1.52,3.0,10.56
2026-04-12_rep_1,BT853,08:05:00,2.0,08:25:00,08:27:00,A65 ,23.0,23.0,1.98,1.54,2.0,5.52
2026-04-12_rep_1,EI630,21:48:00,-14.0,21:50:00,21:54:00,B32 A,105.0,24.0,10.52,0.1,4.0,14.62
2026-04-12_rep_1,EI638,08:49:00,-18.0,08:44:00,08:50:00,B9  A,126.0,17.0,10.66,1.56,6.0,18.23
2026-04-12_rep_1,EK181,07:35:00,6.0,07:54:00,08:44:00,B31 A,248.0,18.0,16.96,0.11,50.0,67.07
2026-04-12_rep_1,ET750,19:11:00,73.0,20:42:00,21:21:00,B11 A,301.0,24.0,19.15,0.11,39.0,58.26
2026-04-12_rep_1,EY57,20:07:00,-1.0,20:24:00,21:25:00,B5  A,309.0,25.0,22.95,1.73,61.0,85.68
2026-04-12_rep_1,FB407,07:50:00,11.0,08:15:00,08:18:00,A45 ,83.0,19.0,5.99,1.74,3.0,10.73
2026-04-12_rep_1,FI554,01:01:00,16.0,01:36:00,01:41:00,A49 ,119.0,25.0,10.73,1.52,5.0,17.24
2026-04-12_rep_1,GQ800,07:00:00,-11.0,07:07:00,07:11:00,A56 ,119.0,23.0,12.68,1.84,4.0,18.52
2026-04-12_rep_1,IB1301,07:06:00,-25.0,06:55:00,07:01:00,A55 ,77.0,20.0,6.14,1.71,6.0,13.85
2026-04-12_rep_1,IB597,23:33:00,-24.0,23:27:00,23:35:00,A43 ,137.0,26.0,10.22,1.27,8.0,19.49
2026-04-12_rep_1,IB603,10:37:00,-21.0,10:34:00,10:46:00,A45 ,94.0,25.0,7.11,1.72,12.0,20.82
2026-04-12_rep_1,KM420,07:21:00,-29.0,07:07:00,07:20:00,A62 ,167.0,21.0,14.09,2.08,13.0,29.17
2026-04-12_rep_1,LH1004,19:51:00,-10.0,19:56:00,20:06:00,A43 ,18.0,21.0,1.66,1.25,10.0,12.91
2026-04-12_rep_1,LH2282,20:02:00,-8.0,20:12:00,20:15:00,A45 ,3.0,25.0,0.27,1.98,3.0,5.25
2026-04-12_rep_1,LO231,10:41:00,4.0,11:07:00,11:09:00,A53 ,33.0,28.0,2.75,1.95,2.0,6.7
2026-04-12_rep_1,LO233,06:46:00,11.0,07:19:00,07:25:00,A53 ,80.0,28.0,5.94,1.61,6.0,13.55
2026-04-12_rep_1,LO235,21:29:00,32.0,22:24:00,22:26:00,A50 ,52.0,27.0,5.99,1.38,2.0,9.37
2026-04-12_rep_1,LX780,02:21:00,-6.0,02:34:00,02:38:00,A45 ,120.0,25.0,10.62,1.74,4.0,16.37
2026-04-12_rep_1,LX786,20:56:00,-3.0,21:15:00,21:20:00,A43 ,29.0,28.0,1.96,1.63,5.0,8.59
2026-04-12_rep_1,LX788,06:39:00,4.0,06:54:00,07:10:00,A47 ,112.0,15.0,7.99,1.48,16.0,25.47
2026-04-12_rep_1,MS725,03:26:00,22.0,03:58:00,04:19:00,B14 A,136.0,21.0,8.35,0.11,21.0,29.46
2026-04-12_rep_1,OS291,21:11:00,1.0,21:29:00,21:34:00,A45 ,43.0,23.0,3.71,1.4,5.0,10.11
2026-04-12_rep_1,OS293,02:10:00,6.0,02:32:00,02:35:00,A47 ,94.0,21.0,9.43,2.17,3.0,14.6
2026-04-12_rep_1,OS295,04:50:00,-2.0,05:02:00,05:06:00,A45 ,87.0,19.0,6.94,1.34,4.0,12.28
2026-04-12_rep_1,OS297,07:15:00,-3.0,07:26:00,07:34:00,A49 ,126.0,19.0,10.13,1.56,8.0,19.69
2026-04-12_rep_1,OU4456,07:56:00,189.0,11:27:00,11:31:00,A49 ,91.0,28.0,6.67,2.24,4.0,12.9
2026-04-12_rep_1,QS1002,06:51:00,-12.0,06:58:00,07:01:00,A51 ,90.0,25.0,6.34,2.14,3.0,11.47
2026-04-12_rep_1,RJ141,03:21:00,-17.0,03:19:00,03:29:00,B5  A,180.0,21.0,17.72,1.77,10.0,29.48
2026-04-12_rep_1,RO373,06:52:00,43.0,07:52:00,07:56:00,A52 ,61.0,24.0,4.16,1.6,4.0,9.75
2026-04-12_rep_1,SK1595,06:35:00,11.0,07:10:00,07:12:00,A67 ,73.0,29.0,5.19,1.42,2.0,8.61
2026-04-12_rep_1,SK2591,08:46:00,0.0,09:01:00,09:13:00,A45 ,102.0,21.0,8.13,1.51,12.0,21.64
2026-04-12_rep_1,SK4743,00:07:00,5.0,00:42:00,00:45:00,A45 ,107.0,37.0,10.67,1.55,3.0,15.21
2026-04-12_rep_1,SK589,23:32:00,-8.0,23:40:00,23:42:00,A47 ,50.0,23.0,4.34,1.6,2.0,7.94
2026-04-12_rep_1,SK597,08:00:00,-9.0,08:07:00,08:11:00,A47 ,68.0,26.0,4.53,1.62,4.0,10.15
2026-04-12_rep_1,SN1028,07:34:00,-36.0,07:22:00,07:26:00,A40 ,107.0,28.0,7.41,2.47,4.0,13.87
2026-04-12_rep_1,SN1122,15:39:00,-1.0,15:53:00,16:19:00,B5  A,155.0,19.0,14.03,1.47,26.0,41.49
2026-04-12_rep_1,SN1124,14:10:00,-24.0,13:58:00,14:15:00,B14 A,154.0,17.0,13.17,0.08,17.0,30.26
2026-04-12_rep_1,SN1652,05:27:00,-13.0,05:29:00,05:33:00,A42 ,66.0,22.0,4.55,1.91,4.0,10.46
2026-04-12_rep_1,SN206,17:26:00,-18.0,17:21:00,18:04:00,B14 A,155.0,19.0,9.88,0.09,43.0,52.97
2026-04-12_rep_1,SN2094,01:18:00,3.0,01:39:00,01:44:00,B29 A,97.0,21.0,8.28,0.09,5.0,13.37
2026-04-12_rep_1,SN2096,08:05:00,17.0,08:43:00,08:48:00,B28 A,76.0,26.0,5.13,0.1,5.0,10.23
2026-04-12_rep_1,SN2258,01:29:00,-5.0,01:49:00,01:52:00,A56 ,63.0,29.0,6.05,1.87,3.0,10.92
2026-04-12_rep_1,SN2260,07:52:00,-7.0,07:56:00,08:03:00,A44 ,69.0,18.0,6.13,1.43,7.0,14.56
2026-04-12_rep_1,SN2268,20:30:00,0.0,20:45:00,20:46:00,A59 ,28.0,20.0,2.71,2.07,1.0,5.78
2026-04-12_rep_1,SN2284,08:08:00,-7.0,08:13:00,08:17:00,A46 ,56.0,15.0,5.23,1.46,4.0,10.69
2026-04-12_rep_1,SN229,17:04:00,11.0,17:54:00,18:13:00,B37 A,91.0,43.0,6.5,0.12,19.0,25.61
2026-04-12_rep_1,SN2294,07:55:00,-8.0,08:03:00,08:08:00,A57 ,80.0,21.0,6.0,1.68,5.0,12.68
2026-04-12_rep_1,SN2318,08:03:00,-11.0,08:11:00,08:21:00,A48 ,46.0,22.0,3.27,1.66,10.0,14.93
2026-04-12_rep_1,SN2372,08:31:00,-7.0,08:50:00,08:55:00,A64 ,78.0,32.0,6.75,1.37,5.0,13.12
2026-04-12_rep_1,SN2548,08:19:00,-1.0,08:39:00,08:47:00,A67 ,62.0,25.0,4.49,1.46,8.0,13.95
2026-04-12_rep_1,SN2582,01:09:00,-5.0,01:29:00,01:32:00,A48 ,82.0,29.0,6.47,1.67,3.0,11.14
2026-04-12_rep_1,SN2588,08:17:00,-11.0,08:31:00,08:36:00,A42 ,86.0,32.0,6.25,1.9,5.0,13.15
2026-04-12_rep_1,SN2590,10:18:00,-12.0,10:16:00,10:18:00,A50 ,35.0,13.0,2.15,2.05,2.0,6.2
2026-04-12_rep_1,SN2592,20:25:00,-17.0,20:20:00,20:21:00,A56 ,1.0,17.0,0.08,1.77,1.0,2.85
2026-04-12_rep_1,SN2608,22:13:00,-18.0,22:19:00,22:22:00,A46 ,24.0,27.0,1.61,1.81,3.0,6.42
2026-04-12_rep_1,SN2610,00:48:00,-16.0,00:47:00,00:50:00,A44 ,49.0,18.0,4.03,2.05,3.0,9.08
2026-04-12_rep_1,SN2614,05:35:00,-11.0,05:40:00,05:45:00,A40 ,77.0,21.0,7.02,1.72,5.0,13.74
2026-04-12_rep_1,SN2618,10:43:00,-3.0,11:02:00,11:07:00,A44 ,104.0,30.0,7.81,1.84,5.0,14.65
2026-04-12_rep_1,SN2644,01:14:00,6.0,01:34:00,01:36:00,A46 ,51.0,18.0,3.93,1.31,2.0,7.24
2026-04-12_rep_1,SN2646,04:18:00,4.0,04:38:00,04:41:00,A56 ,51.0,19.0,3.76,1.73,3.0,8.49
2026-04-12_rep_1,SN2650,08:00:00,-4.0,08:10:00,08:17:00,A66 ,51.0,19.0,3.97,1.22,7.0,12.19
2026-04-12_rep_1,SN2652,11:01:00,-9.0,11:25:00,11:27:00,A52 ,52.0,39.0,3.9,1.45,2.0,7.35
2026-04-12_rep_1,SN2712,21:39:00,-1.0,22:02:00,22:04:00,A44 ,26.0,28.0,2.02,2.02,2.0,6.03
2026-04-12_rep_1,SN2714,00:48:00,-12.0,00:59:00,01:03:00,A42 ,102.0,26.0,9.09,1.57,4.0,14.66
2026-04-12_rep_1,SN2722,06:33:00,-7.0,06:39:00,06:43:00,A50 ,72.0,16.0,5.84,1.32,4.0,11.16
2026-04-12_rep_1,SN2724,10:38:00,4.0,11:03:00,11:05:00,A46 ,97.0,29.0,9.57,2.19,2.0,13.76
2026-04-12_rep_1,SN2726,20:23:00,-8.0,20:30:00,20:32:00,A54 ,11.0,18.0,0.86,1.72,2.0,4.58
2026-04-12_rep_1,SN278,17:45:00,-26.0,17:42:00,18:08:00,B38 A,136.0,28.0,10.66,0.07,26.0,36.74
2026-04-12_rep_1,SN2812,08:20:00,-7.0,08:24:00,08:31:00,A55 ,48.0,16.0,3.25,1.21,7.0,11.46
2026-04-12_rep_1,SN2814,10:49:00,-3.0,11:11:00,11:13:00,A67 ,54.0,29.0,5.16,1.9,2.0,9.06
2026-04-12_rep_1,SN2826,08:13:00,-13.0,08:22:00,08:27:00,A54 ,85.0,30.0,7.16,1.37,5.0,13.53
2026-04-12_rep_1,SN2900,15:43:00,18.0,16:21:00,16:24:00,B31 A,62.0,23.0,5.59,0.11,3.0,8.69
2026-04-12_rep_1,SN2902,23:08:00,-1.0,23:24:00,23:30:00,A54 ,86.0,20.0,6.45,1.48,6.0,13.93
2026-04-12_rep_1,SN2906,08:01:00,-8.0,08:10:00,08:13:00,A50 ,57.0,23.0,4.94,1.6,3.0,9.54
2026-04-12_rep_1,SN2908,10:55:00,-13.0,11:07:00,11:10:00,A66 ,78.0,30.0,6.51,1.6,3.0,11.11
2026-04-12_rep_1,SN3126,05:59:00,-6.0,06:19:00,06:22:00,A64 ,85.0,30.0,6.53,1.29,3.0,10.81
2026-04-12_rep_1,SN3132,06:23:00,-23.0,06:28:00,06:32:00,A44 ,109.0,31.0,8.19,1.55,4.0,13.74
2026-04-12_rep_1,SN3140,02:08:00,-23.0,02:06:00,02:09:00,A52 ,78.0,24.0,5.59,1.7,3.0,10.29
2026-04-12_rep_1,SN3150,08:26:00,3.0,08:54:00,08:58:00,A56 ,112.0,31.0,11.16,1.79,4.0,16.94
2026-04-12_rep_1,SN3154,22:15:00,-3.0,22:37:00,22:41:00,A52 ,65.0,30.0,4.11,1.35,4.0,9.46
2026-04-12_rep_1,SN3160,11:19:00,-2.0,11:41:00,11:43:00,A61 ,66.0,28.0,5.07,1.33,2.0,8.4
2026-04-12_rep_1,SN3170,03:23:00,-6.0,03:44:00,03:49:00,A64 ,115.0,30.0,9.86,1.3,5.0,16.16
2026-04-12_rep_1,SN3184,11:18:00,-25.0,11:24:00,11:27:00,A42 ,85.0,34.0,7.31,2.07,3.0,12.38
2026-04-12_rep_1,SN3202,02:23:00,-12.0,02:27:00,02:31:00,A54 ,83.0,19.0,8.49,1.7,4.0,14.19
2026-04-12_rep_1,SN3246,04:09:00,-3.0,04:33:00,04:38:00,A54 ,140.0,31.0,13.24,1.48,5.0,19.72
2026-04-12_rep_1,SN3256,04:03:00,-8.0,04:20:00,04:25:00,A50 ,126.0,28.0,11.76,1.88,5.0,18.64
2026-04-12_rep_1,SN3326,14:45:00,6.0,15:05:00,15:23:00,B28 A,138.0,19.0,8.49,0.1,18.0,26.59
2026-04-12_rep_1,SN3344,02:21:00,-18.0,02:18:00,02:22:00,A51 ,78.0,21.0,8.57,1.3,4.0,13.87
2026-04-12_rep_1,SN358,18:24:00,73.0,19:58:00,20:24:00,B28 A,189.0,30.0,12.65,0.1,26.0,38.75
2026-04-12_rep_1,SN3588,02:41:00,3.0,03:02:00,03:04:00,A55 ,24.0,24.0,1.89,1.71,2.0,5.6
2026-04-12_rep_1,SN3598,03:19:00,-28.0,03:08:00,03:12:00,A66 ,93.0,21.0,7.6,1.91,4.0,13.51
2026-04-12_rep_1,SN3618,03:04:00,-16.0,03:06:00,03:10:00,A46 ,81.0,22.0,6.0,1.82,4.0,11.83
2026-04-12_rep_1,SN3622,06:14:00,0.0,06:29:00,06:33:00,A48 ,64.0,19.0,5.62,1.73,4.0,11.35
2026-04-12_rep_1,SN3632,21:34:00,-16.0,21:36:00,21:50:00,A60 ,3.0,22.0,0.22,1.64,14.0,15.86
2026-04-12_rep_1,SN3634,22:59:00,-12.0,23:01:00,23:04:00,A60 ,27.0,18.0,2.31,1.8,3.0,7.11
2026-04-12_rep_1,SN3698,02:33:00,31.0,03:17:00,03:27:00,A44 ,69.0,16.0,6.11,1.97,10.0,18.09
2026-04-12_rep_1,SN3704,05:19:00,-9.0,05:32:00,05:37:00,A58 ,59.0,26.0,4.76,1.85,5.0,11.61
2026-04-12_rep_1,SN3706,11:30:00,-10.0,11:44:00,11:47:00,A63 ,75.0,29.0,6.1,1.35,3.0,10.45
2026-04-12_rep_1,SN3712,02:04:00,1.0,02:29:00,02:33:00,A50 ,103.0,28.0,10.11,1.76,4.0,15.86
2026-04-12_rep_1,SN3722,02:59:00,11.0,03:34:00,03:38:00,A48 ,73.0,28.0,5.21,1.59,4.0,10.81
2026-04-12_rep_1,SN3728,07:59:00,30.0,08:58:00,09:00:00,A70 ,91.0,33.0,8.34,1.95,2.0,12.3
2026-04-12_rep_1,SN3730,11:15:00,-4.0,11:27:00,11:30:00,A51 ,60.0,21.0,5.08,1.72,3.0,9.8
2026-04-12_rep_1,SN3734,00:54:00,-16.0,01:05:00,01:08:00,A53 ,99.0,31.0,8.4,1.44,3.0,12.84
2026-04-12_rep_1,SN3736,06:29:00,18.0,07:18:00,07:23:00,A68 ,105.0,35.0,6.73,1.71,5.0,13.44
2026-04-12_rep_1,SN3738,11:36:00,14.0,13:15:00,13:20:00,A40 ,116.0,91.0,8.64,1.8,5.0,15.44
2026-04-12_rep_1,SN3752,01:44:00,-10.0,02:04:00,02:14:00,A40 ,62.0,34.0,5.48,1.94,10.0,17.42
2026-04-12_rep_1,SN3772,23:38:00,-15.0,23:47:00,23:51:00,A40 ,84.0,27.0,8.41,1.5,4.0,13.91
2026-04-12_rep_1,SN3774,10:44:00,-14.0,11:02:00,11:10:00,A72 ,106.0,36.0,7.98,2.16,8.0,18.13
2026-04-12_rep_1,SN3776,02:54:00,-2.0,03:19:00,03:27:00,A62 ,82.0,31.0,5.57,2.03,8.0,15.6
2026-04-12_rep_1,SN3780,03:59:00,-15.0,04:11:00,04:16:00,A68 ,109.0,31.0,8.93,1.76,5.0,15.69
2026-04-12_rep_1,SN3782,11:35:00,-8.0,11:43:00,13:04:00,A60 ,160.0,21.0,13.05,1.47,81.0,95.52
2026-04-12_rep_1,SN3784,05:12:00,-14.0,05:24:00,05:30:00,A46 ,145.0,33.0,9.19,1.44,6.0,16.63
2026-04-12_rep_1,SN379,17:11:00,11.0,17:36:00,18:10:00,B28 A,74.0,20.0,5.09,0.13,34.0,39.22
2026-04-12_rep_1,SN3794,03:58:00,0.0,04:27:00,04:31:00,A40 ,93.0,32.0,7.51,1.49,4.0,13.0
2026-04-12_rep_1,SN3800,13:17:00,-4.0,13:36:00,13:39:00,A58 ,96.0,30.0,8.83,1.5,3.0,13.33
2026-04-12_rep_1,SN3802,03:24:00,-2.0,03:47:00,03:56:00,A58 ,106.0,29.0,7.78,1.85,9.0,18.63
2026-04-12_rep_1,SN3812,04:21:00,-6.0,04:41:00,04:46:00,A60 ,85.0,32.0,6.19,1.62,5.0,12.81
2026-04-12_rep_1,SN3816,03:47:00,23.0,04:34:00,04:38:00,A52 ,42.0,31.0,3.0,1.68,4.0,8.68
2026-04-12_rep_1,SN465,18:52:00,-21.0,18:43:00,19:11:00,B14 A,78.0,19.0,6.45,0.1,28.0,34.54
2026-04-12_rep_1,SN502,19:45:00,-35.0,19:24:00,19:52:00,B38 A,141.0,19.0,13.33,0.08,28.0,41.41
2026-04-12_rep_1,TB1012,00:37:00,27.0,01:24:00,01:29:00,A55 ,132.0,27.0,13.18,1.78,5.0,19.96
2026-04-12_rep_1,TB1014,00:56:00,23.0,01:42:00,01:49:00,A59 ,109.0,29.0,7.0,2.03,7.0,16.03
2026-04-12_rep_1,TB1112,00:07:00,-6.0,00:27:00,00:32:00,A51 ,110.0,33.0,7.97,2.04,5.0,15.02
2026-04-12_rep_1,TB1114,09:00:00,-24.0,08:59:00,09:05:00,A61 ,124.0,28.0,10.09,2.05,6.0,18.14
2026-04-12_rep_1,TB1417,01:07:00,3.0,01:35:00,01:41:00,A43 ,129.0,32.0,11.04,1.75,6.0,18.8
2026-04-12_rep_1,TB1554,10:41:00,13.0,11:20:00,11:27:00,A68 ,150.0,32.0,15.12,2.05,7.0,24.17
2026-04-12_rep_1,TB1752,11:44:00,2.0,13:07:00,13:13:00,A65 ,150.0,85.0,16.15,1.65,6.0,23.79
2026-04-12_rep_1,TB1754,03:53:00,13.0,04:27:00,04:36:00,A43 ,142.0,29.0,11.23,2.01,9.0,22.24
2026-04-12_rep_1,TB2045,09:09:00,22.0,09:48:00,09:56:00,B27 A,179.0,21.0,17.15,0.12,8.0,25.27
2026-04-12_rep_1,TB2502,02:50:00,14.0,03:27:00,03:36:00,B9  A,203.0,28.0,18.03,1.67,9.0,28.7
2026-04-12_rep_1,TB2582,02:09:00,-2.0,02:28:00,02:37:00,B27 A,173.0,25.0,13.3,0.09,9.0,22.39
2026-04-12_rep_1,TB2632,16:31:00,43.0,17:40:00,17:45:00,B32 A,162.0,32.0,19.37,0.11,5.0,24.48
2026-04-12_rep_1,TB2662,16:14:00,-16.0,16:27:00,16:33:00,B33 A,142.0,33.0,10.53,0.11,6.0,16.65
2026-04-12_rep_1,TB2711,10:16:00,-25.0,10:08:00,10:11:00,B5  A,29.0,23.0,2.25,1.83,3.0,7.08
2026-04-12_rep_1,TB3016,07:20:00,-19.0,07:16:00,07:28:00,B36 A,170.0,20.0,12.3,0.1,12.0,24.4
2026-04-12_rep_1,TB3102,12:45:00,-1.0,12:59:00,13:10:00,B27 A,144.0,20.0,9.77,0.09,11.0,20.87
2026-04-12_rep_1,TB3202,09:59:00,-5.0,10:14:00,10:20:00,B29 A,158.0,24.0,10.81,0.1,6.0,16.91
2026-04-12_rep_1,TG934,19:19:00,23.0,20:00:00,20:44:00,B37 A,263.0,22.0,21.06,0.1,44.0,65.16
2026-04-12_rep_1,TK1937,22:15:00,62.0,23:33:00,00:27:00,B9  A,195.0,21.0,14.58,1.8,54.0,70.39
2026-04-12_rep_1,TK1939,06:00:00,-17.0,05:54:00,06:03:00,B9  A,174.0,16.0,12.85,1.68,9.0,23.53
2026-04-12_rep_1,TK1941,09:30:00,-8.0,09:38:00,09:46:00,B7  A,161.0,21.0,12.02,1.78,8.0,21.8
2026-04-12_rep_1,TK1943,01:31:00,-1.0,01:49:00,02:06:00,B7  A,224.0,25.0,16.58,1.64,17.0,35.22
2026-04-12_rep_1,TK1945,03:25:00,1.0,03:41:00,03:45:00,B7  A,119.0,25.0,10.05,1.34,4.0,15.4
2026-04-12_rep_1,TP640,23:05:00,-10.0,23:09:00,23:20:00,A48 ,111.0,19.0,8.3,1.38,11.0,20.68
2026-04-12_rep_1,TP642,02:49:00,2.0,03:09:00,03:20:00,A65 ,147.0,27.0,13.33,1.48,11.0,25.81
2026-04-12_rep_1,TP644,08:11:00,16.0,08:46:00,08:55:00,A53 ,86.0,25.0,6.72,1.29,9.0,17.0
2026-04-12_rep_1,TU954,23:29:00,-1.0,23:43:00,00:42:00,B7  A,104.0,19.0,8.37,1.51,59.0,68.88
2026-04-12_rep_1,UA950,19:22:00,-28.0,19:16:00,19:56:00,B5  A,180.0,29.0,11.2,1.55,40.0,52.75
2026-04-12_rep_1,UA972,21:07:00,-33.0,20:51:00,21:28:00,B38 A,175.0,24.0,13.2,0.1,37.0,50.31
2026-04-12_rep_1,UA994,19:55:00,-30.0,19:52:00,20:18:00,B40 A,221.0,37.0,18.11,0.11,26.0,44.23
2026-04-12_rep_1,UX1171,21:51:00,-23.0,21:58:00,22:05:00,A51 ,120.0,36.0,13.85,1.9,7.0,22.75
2026-04-12_rep_1,UX1173,05:45:00,-15.0,05:50:00,05:55:00,A57 ,108.0,25.0,7.75,1.9,5.0,14.65
2026-04-12_rep_1,VF65,23:23:00,-4.0,23:35:00,23:46:00,B28 A,178.0,24.0,11.41,0.09,11.0,22.5
2026-04-12_rep_1,VF67,04:50:00,1.0,05:05:00,05:12:00,B5  A,176.0,19.0,13.13,1.82,7.0,21.94
2026-04-12_rep_1,VY1332,00:59:00,-19.0,00:53:00,00:56:00,A47 ,52.0,17.0,5.08,1.74,3.0,9.81
2026-04-12_rep_1,VY2150,09:04:00,-22.0,08:54:00,08:58:00,A49 ,63.0,16.0,4.83,1.77,4.0,10.6
2026-04-12_rep_1,VY3650,05:50:00,-30.0,05:43:00,05:46:00,A49 ,93.0,28.0,6.11,1.5,3.0,10.61
2026-04-12_rep_1,VY8978,22:21:00,-34.0,22:05:00,22:06:00,A49 ,29.0,24.0,2.66,1.41,1.0,5.07
2026-04-12_rep_1,VY8980,22:03:00,-36.0,21:36:00,21:38:00,A47 ,38.0,17.0,4.62,1.99,2.0,8.62
2026-04-12_rep_1,VY8982,05:30:00,-23.0,05:21:00,05:23:00,A47 ,49.0,19.0,3.87,1.58,2.0,7.45
2026-04-12_rep_1,VY8984,09:06:00,-25.0,08:56:00,09:00:00,A51 ,58.0,21.0,4.65,1.48,4.0,10.12
2026-04-12_rep_1,VY8986,02:36:00,-17.0,02:38:00,02:42:00,A57 ,81.0,25.0,5.08,1.72,4.0,10.8
2026-04-12_rep_1,XC5016,02:45:00,-11.0,02:49:00,03:05:00,B11 A,136.0,20.0,11.24,0.09,16.0,27.34
2026-04-12_rep_1,XR5402,14:48:00,36.0,15:35:00,15:58:00,B11 A,128.0,19.0,11.26,0.12,23.0,34.38
2026-04-12_rep_2,AC832,19:16:00,-41.0,18:52:00,19:20:00,B34 A,211.0,23.0,16.25,0.08,28.0,44.33
2026-04-12_rep_2,AY1541,22:40:00,-10.0,22:48:00,22:52:00,A55 ,80.0,23.0,6.79,1.7,4.0,12.49
2026-04-12_rep_2,AY1545,06:24:00,0.0,06:44:00,06:47:00,A69 ,60.0,24.0,5.74,1.51,3.0,10.25
2026-04-12_rep_2,AY1549,10:41:00,-6.0,10:49:00,10:52:00,A57 ,54.0,20.0,5.44,1.78,3.0,10.22
2026-04-12_rep_2,AZ154,07:10:00,11.0,07:44:00,07:52:00,A63 ,69.0,28.0,4.69,1.48,8.0,14.17
2026-04-12_rep_2,AZ156,22:51:00,-18.0,22:58:00,23:00:00,A45 ,84.0,31.0,6.42,1.67,2.0,10.1
2026-04-12_rep_2,AZ160,06:05:00,-20.0,06:01:00,06:07:00,A45 ,114.0,21.0,10.4,1.8,6.0,18.21
2026-04-12_rep_2,BA384,21:57:00,-10.0,21:55:00,21:58:00,B11 A,47.0,15.0,3.99,0.12,3.0,7.11
2026-04-12_rep_2,BA386,02:25:00,34.0,03:13:00,03:21:00,B28 A,94.0,19.0,7.83,0.1,8.0,15.93
2026-04-12_rep_2,BA390,07:59:00,5.0,08:25:00,08:28:00,B7  A,79.0,25.0,6.92,2.43,3.0,12.35
2026-04-12_rep_2,BT853,08:05:00,2.0,08:25:00,08:27:00,A65 ,23.0,23.0,1.54,1.92,2.0,5.46
2026-04-12_rep_2,EI630,21:48:00,-14.0,21:50:00,21:54:00,B32 A,105.0,24.0,7.54,0.09,4.0,11.62
2026-04-12_rep_2,EI638,08:49:00,-18.0,08:44:00,08:50:00,B9  A,126.0,17.0,12.65,1.66,6.0,20.3
2026-04-12_rep_2,EK181,07:35:00,6.0,07:54:00,08:44:00,B31 A,248.0,18.0,17.04,0.14,50.0,67.18
2026-04-12_rep_2,ET750,19:11:00,73.0,20:42:00,21:21:00,B11 A,301.0,24.0,21.33,0.09,39.0,60.42
2026-04-12_rep_2,EY57,20:07:00,-1.0,20:24:00,21:25:00,B5  A,309.0,25.0,21.93,1.73,61.0,84.66
2026-04-12_rep_2,FB407,07:50:00,11.0,08:15:00,08:18:00,A45 ,83.0,19.0,6.1,1.85,3.0,10.95
2026-04-12_rep_2,FI554,01:01:00,16.0,01:36:00,01:41:00,A49 ,119.0,25.0,8.12,1.79,5.0,14.91
2026-04-12_rep_2,GQ800,07:00:00,-11.0,07:07:00,07:11:00,A56 ,119.0,23.0,11.08,1.24,4.0,16.32
2026-04-12_rep_2,IB1301,07:06:00,-25.0,06:55:00,07:01:00,A55 ,77.0,20.0,7.02,1.83,6.0,14.85
2026-04-12_rep_2,IB597,23:33:00,-24.0,23:27:00,23:35:00,A43 ,137.0,26.0,12.64,1.68,8.0,22.32
2026-04-12_rep_2,IB603,10:37:00,-21.0,10:34:00,10:46:00,A45 ,94.0,25.0,7.95,1.29,12.0,21.23
2026-04-12_rep_2,KM420,07:21:00,-29.0,07:07:00,07:20:00,A62 ,167.0,21.0,12.74,1.69,13.0,27.42
2026-04-12_rep_2,LH1004,19:51:00,-10.0,19:56:00,20:06:00,A43 ,18.0,21.0,1.9,1.99,10.0,13.89
2026-04-12_rep_2,LH2282,20:02:00,-8.0,20:12:00,20:15:00,A45 ,3.0,25.0,0.29,2.0,3.0,5.3
2026-04-12_rep_2,LO231,10:41:00,4.0,11:07:00,11:09:00,A53 ,33.0,28.0,3.13,1.83,2.0,6.96
2026-04-12_rep_2,LO233,06:46:00,11.0,07:19:00,07:25:00,A53 ,80.0,28.0,4.76,1.61,6.0,12.36
2026-04-12_rep_2,LO235,21:29:00,32.0,22:24:00,22:26:00,A50 ,52.0,27.0,3.66,1.65,2.0,7.32
2026-04-12_rep_2,LX780,02:21:00,-6.0,02:34:00,02:38:00,A45 ,120.0,25.0,7.13,1.59,4.0,12.73
2026-04-12_rep_2,LX786,20:56:00,-3.0,21:15:00,21:20:00,A43 ,29.0,28.0,2.41,1.73,5.0,9.14
2026-04-12_rep_2,LX788,06:39:00,4.0,06:54:00,07:10:00,A47 ,112.0,15.0,8.02,1.21,16.0,25.23
2026-04-12_rep_2,MS725,03:26:00,22.0,03:58:00,04:19:00,B14 A,136.0,21.0,10.94,0.11,21.0,32.05
2026-04-12_rep_2,OS291,21:11:00,1.0,21:29:00,21:34:00,A45 ,43.0,23.0,3.65,1.7,5.0,10.35
2026-04-12_rep_2,OS293,02:10:00,6.0,02:32:00,02:35:00,A47 ,94.0,21.0,7.2,1.87,3.0,12.07
2026-04-12_rep_2,OS295,04:50:00,-2.0,05:02:00,05:06:00,A45 ,87.0,19.0,6.2,1.42,4.0,11.62
2026-04-12_rep_2,OS297,07:15:00,-3.0,07:26:00,07:34:00,A49 ,126.0,19.0,10.4,1.79,8.0,20.19
2026-04-12_rep_2,OU4456,07:56:00,189.0,11:27:00,11:31:00,A49 ,91.0,28.0,7.48,1.41,4.0,12.89
2026-04-12_rep_2,QS1002,06:51:00,-12.0,06:58:00,07:01:00,A51 ,90.0,25.0,6.9,1.48,3.0,11.37
2026-04-12_rep_2,RJ141,03:21:00,-17.0,03:19:00,03:29:00,B5  A,180.0,21.0,12.02,1.34,10.0,23.36
2026-04-12_rep_2,RO373,06:52:00,43.0,07:52:00,07:56:00,A52 ,61.0,24.0,6.46,2.14,4.0,12.6
2026-04-12_rep_2,SK1595,06:35:00,11.0,07:10:00,07:12:00,A67 ,73.0,29.0,5.31,1.52,2.0,8.83
2026-04-12_rep_2,SK2591,08:46:00,0.0,09:01:00,09:13:00,A45 ,102.0,21.0,6.41,1.33,12.0,19.75
2026-04-12_rep_2,SK4743,00:07:00,5.0,00:42:00,00:45:00,A45 ,107.0,37.0,8.68,1.84,3.0,13.52
2026-04-12_rep_2,SK589,23:32:00,-8.0,23:40:00,23:42:00,A47 ,50.0,23.0,3.48,1.49,2.0,6.98
2026-04-12_rep_2,SK597,08:00:00,-9.0,08:07:00,08:11:00,A47 ,68.0,26.0,6.0,1.67,4.0,11.67
2026-04-12_rep_2,SN1028,07:34:00,-36.0,07:22:00,07:26:00,A40 ,107.0,28.0,9.66,2.06,4.0,15.72
2026-04-12_rep_2,SN1122,15:39:00,-1.0,15:53:00,16:19:00,B5  A,155.0,19.0,17.67,1.15,26.0,44.81
2026-04-12_rep_2,SN1124,14:10:00,-24.0,13:58:00,14:15:00,B14 A,154.0,17.0,10.84,0.08,17.0,27.92
2026-04-12_rep_2,SN1652,05:27:00,-13.0,05:29:00,05:33:00,A42 ,66.0,22.0,5.5,1.37,4.0,10.88
2026-04-12_rep_2,SN206,17:26:00,-18.0,17:21:00,18:04:00,B14 A,155.0,19.0,11.88,0.09,43.0,54.97
2026-04-12_rep_2,SN2094,01:18:00,3.0,01:39:00,01:44:00,B29 A,97.0,21.0,9.14,0.1,5.0,14.24
2026-04-12_rep_2,SN2096,08:05:00,17.0,08:43:00,08:48:00,B28 A,76.0,26.0,6.37,0.1,5.0,11.47
2026-04-12_rep_2,SN2258,01:29:00,-5.0,01:49:00,01:52:00,A56 ,63.0,29.0,7.57,2.15,3.0,12.72
2026-04-12_rep_2,SN2260,07:52:00,-7.0,07:56:00,08:03:00,A44 ,69.0,18.0,4.59,1.66,7.0,13.25
2026-04-12_rep_2,SN2268,20:30:00,0.0,20:45:00,20:46:00,A59 ,28.0,20.0,2.48,1.99,1.0,5.47
2026-04-12_rep_2,SN2284,08:08:00,-7.0,08:13:00,08:17:00,A46 ,56.0,15.0,3.87,1.45,4.0,9.33
2026-04-12_rep_2,SN229,17:04:00,11.0,17:54:00,18:13:00,B37 A,91.0,43.0,7.93,0.11,19.0,27.04
2026-04-12_rep_2,SN2294,07:55:00,-8.0,08:03:00,08:08:00,A57 ,80.0,21.0,5.85,1.57,5.0,12.41
2026-04-12_rep_2,SN2318,08:03:00,-11.0,08:11:00,08:21:00,A48 ,46.0,22.0,4.12,1.51,10.0,15.62
2026-04-12_rep_2,SN2372,08:31:00,-7.0,08:50:00,08:55:00,A64 ,78.0,32.0,6.64,1.86,5.0,13.5
2026-04-12_rep_2,SN2548,08:19:00,-1.0,08:39:00,08:47:00,A67 ,62.0,25.0,6.5,2.09,8.0,16.59
2026-04-12_rep_2,SN2582,01:09:00,-5.0,01:29:00,01:32:00,A48 ,82.0,29.0,5.05,1.56,3.0,9.61
2026-04-12_rep_2,SN2588,08:17:00,-11.0,08:31:00,08:36:00,A42 ,86.0,32.0,7.44,1.9,5.0,14.34
2026-04-12_rep_2,SN2590,10:18:00,-12.0,10:16:00,10:18:00,A50 ,35.0,13.0,2.7,1.96,2.0,6.66
2026-04-12_rep_2,SN2592,20:25:00,-17.0,20:20:00,20:21:00,A56 ,1.0,17.0,0.08,1.59,1.0,2.68
2026-04-12_rep_2,SN2608,22:13:00,-18.0,22:19:00,22:22:00,A46 ,24.0,27.0,1.76,1.56,3.0,6.33
2026-04-12_rep_2,SN2610,00:48:00,-16.0,00:47:00,00:50:00,A44 ,49.0,18.0,4.11,1.72,3.0,8.83
2026-04-12_rep_2,SN2614,05:35:00,-11.0,05:40:00,05:45:00,A40 ,77.0,21.0,7.15,1.98,5.0,14.13
2026-04-12_rep_2,SN2618,10:43:00,-3.0,11:02:00,11:07:00,A44 ,104.0,30.0,7.24,1.4,5.0,13.64
2026-04-12_rep_2,SN2644,01:14:00,6.0,01:34:00,01:36:00,A46 ,51.0,18.0,3.35,1.78,2.0,7.13
2026-04-12_rep_2,SN2646,04:18:00,4.0,04:38:00,04:41:00,A56 ,51.0,19.0,3.89,1.64,3.0,8.53
2026-04-12_rep_2,SN2650,08:00:00,-4.0,08:10:00,08:17:00,A66 ,51.0,19.0,4.86,1.7,7.0,13.57
2026-04-12_rep_2,SN2652,11:01:00,-9.0,11:25:00,11:27:00,A52 ,52.0,39.0,4.71,1.96,2.0,8.68
2026-04-12_rep_2,SN2712,21:39:00,-1.0,22:02:00,22:04:00,A44 ,26.0,28.0,2.2,1.44,2.0,5.64
2026-04-12_rep_2,SN2714,00:48:00,-12.0,00:59:00,01:03:00,A42 ,102.0,26.0,10.11,1.37,4.0,15.48
2026-04-12_rep_2,SN2722,06:33:00,-7.0,06:39:00,06:43:00,A50 ,72.0,16.0,4.6,1.54,4.0,10.14
2026-04-12_rep_2,SN2724,10:38:00,4.0,11:03:00,11:05:00,A46 ,97.0,29.0,6.19,1.78,2.0,9.97
2026-04-12_rep_2,SN2726,20:23:00,-8.0,20:30:00,20:32:00,A54 ,11.0,18.0,1.19,1.49,2.0,4.68
2026-04-12_rep_2,SN278,17:45:00,-26.0,17:42:00,18:08:00,B38 A,136.0,28.0,11.28,0.09,26.0,37.37
2026-04-12_rep_2,SN2812,08:20:00,-7.0,08:24:00,08:31:00,A55 ,48.0,16.0,3.32,1.42,7.0,11.74
2026-04-12_rep_2,SN2814,10:49:00,-3.0,11:11:00,11:13:00,A67 ,54.0,29.0,3.3,1.69,2.0,6.99
2026-04-12_rep_2,SN2826,08:13:00,-13.0,08:22:00,08:27:00,A54 ,85.0,30.0,5.99,2.21,5.0,13.2
2026-04-12_rep_2,SN2900,15:43:00,18.0,16:21:00,16:24:00,B31 A,62.0,23.0,5.07,0.11,3.0,8.18
2026-04-12_rep_2,SN2902,23:08:00,-1.0,23:24:00,23:30:00,A54 ,86.0,20.0,6.01,2.03,6.0,14.05
2026-04-12_rep_2,SN2906,08:01:00,-8.0,08:10:00,08:13:00,A50 ,57.0,23.0,5.0,1.48,3.0,9.48
2026-04-12_rep_2,SN2908,10:55:00,-13.0,11:07:00,11:10:00,A66 ,78.0,30.0,6.67,1.39,3.0,11.07
2026-04-12_rep_2,SN3126,05:59:00,-6.0,06:19:00,06:22:00,A64 ,85.0,30.0,7.58,1.71,3.0,12.29
2026-04-12_rep_2,SN3132,06:23:00,-23.0,06:28:00,06:32:00,A44 ,109.0,31.0,7.47,1.77,4.0,13.25
2026-04-12_rep_2,SN3140,02:08:00,-23.0,02:06:00,02:09:00,A52 ,78.0,24.0,9.49,1.37,3.0,13.86
2026-04-12_rep_2,SN3150,08:26:00,3.0,08:54:00,08:58:00,A56 ,112.0,31.0,8.74,1.74,4.0,14.49
2026-04-12_rep_2,SN3154,22:15:00,-3.0,22:37:00,22:41:00,A52 ,65.0,30.0,4.7,2.05,4.0,10.75
2026-04-12_rep_2,SN3160,11:19:00,-2.0,11:41:00,11:43:00,A61 ,66.0,28.0,4.98,1.7,2.0,8.68
2026-04-12_rep_2,SN3170,03:23:00,-6.0,03:44:00,03:49:00,A64 ,115.0,30.0,8.19,1.98,5.0,15.18
2026-04-12_rep_2,SN3184,11:18:00,-25.0,11:24:00,11:27:00,A42 ,85.0,34.0,5.3,1.73,3.0,10.03
2026-04-12_rep_2,SN3202,02:23:00,-12.0,02:27:00,02:31:00,A54 ,83.0,19.0,6.98,1.45,4.0,12.44
2026-04-12_rep_2,SN3246,04:09:00,-3.0,04:33:00,04:38:00,A54 ,140.0,31.0,10.66,2.24,5.0,17.9
2026-04-12_rep_2,SN3256,04:03:00,-8.0,04:20:00,04:25:00,A50 ,126.0,28.0,14.13,1.45,5.0,20.58
2026-04-12_rep_2,SN3326,14:45:00,6.0,15:05:00,15:23:00,B28 A,138.0,19.0,14.31,0.09,18.0,32.4
2026-04-12_rep_2,SN3344,02:21:00,-18.0,02:18:00,02:22:00,A51 ,78.0,21.0,6.02,1.87,4.0,11.88
2026-04-12_rep_2,SN358,18:24:00,73.0,19:58:00,20:24:00,B28 A,189.0,30.0,16.09,0.08,26.0,42.17
2026-04-12_rep_2,SN3588,02:41:00,3.0,03:02:00,03:04:00,A55 ,24.0,24.0,1.78,1.76,2.0,5.54
2026-04-12_rep_2,SN3598,03:19:00,-28.0,03:08:00,03:12:00,A66 ,93.0,21.0,8.58,1.48,4.0,14.06
2026-04-12_rep_2,SN3618,03:04:00,-16.0,03:06:00,03:10:00,A46 ,81.0,22.0,5.86,1.5,4.0,11.37
2026-04-12_rep_2,SN3622,06:14:00,0.0,06:29:00,06:33:00,A48 ,64.0,19.0,5.49,1.64,4.0,11.13
2026-04-12_rep_2,SN3632,21:34:00,-16.0,21:36:00,21:50:00,A60 ,3.0,22.0,0.19,1.96,14.0,16.16
2026-04-12_rep_2,SN3634,22:59:00,-12.0,23:01:00,23:04:00,A60 ,27.0,18.0,2.51,1.15,3.0,6.66
2026-04-12_rep_2,SN3698,02:33:00,31.0,03:17:00,03:27:00,A44 ,69.0,16.0,4.67,1.48,10.0,16.15
2026-04-12_rep_2,SN3704,05:19:00,-9.0,05:32:00,05:37:00,A58 ,59.0,26.0,5.59,1.97,5.0,12.55
2026-04-12_rep_2,SN3706,11:30:00,-10.0,11:44:00,11:47:00,A63 ,75.0,29.0,5.62,1.86,3.0,10.48
2026-04-12_rep_2,SN3712,02:04:00,1.0,02:29:00,02:33:00,A50 ,103.0,28.0,8.02,1.91,4.0,13.94
2026-04-12_rep_2,SN3722,02:59:00,11.0,03:34:00,03:38:00,A48 ,73.0,28.0,5.88,2.03,4.0,11.91
2026-04-12_rep_2,SN3728,07:59:00,30.0,08:58:00,09:00:00,A70 ,91.0,33.0,5.95,1.77,2.0,9.72
2026-04-12_rep_2,SN3730,11:15:00,-4.0,11:27:00,11:30:00,A51 ,60.0,21.0,4.56,1.68,3.0,9.23
2026-04-12_rep_2,SN3734,00:54:00,-16.0,01:05:00,01:08:00,A53 ,99.0,31.0,8.59,1.46,3.0,13.04
2026-04-12_rep_2,SN3736,06:29:00,18.0,07:18:00,07:23:00,A68 ,105.0,35.0,7.22,1.85,5.0,14.07
2026-04-12_rep_2,SN3738,11:36:00,14.0,13:15:00,13:20:00,A40 ,116.0,91.0,10.54,1.41,5.0,16.94
2026-04-12_rep_2,SN3752,01:44:00,-10.0,02:04:00,02:14:00,A40 ,62.0,34.0,4.67,1.41,10.0,16.09
2026-04-12_rep_2,SN3772,23:38:00,-15.0,23:47:00,23:51:00,A40 ,84.0,27.0,6.93,1.64,4.0,12.57
2026-04-12_rep_2,SN3774,10:44:00,-14.0,11:02:00,11:10:00,A72 ,106.0,36.0,12.87,1.79,8.0,22.65
2026-04-12_rep_2,SN3776,02:54:00,-2.0,03:19:00,03:27:00,A62 ,82.0,31.0,6.41,2.02,8.0,16.43
2026-04-12_rep_2,SN3780,03:59:00,-15.0,04:11:00,04:16:00,A68 ,109.0,31.0,10.65,1.66,5.0,17.31
2026-04-12_rep_2,SN3782,11:35:00,-8.0,11:43:00,13:04:00,A60 ,160.0,21.0,14.28,1.5,81.0,96.77
2026-04-12_rep_2,SN3784,05:12:00,-14.0,05:24:00,05:30:00,A46 ,145.0,33.0,10.67,1.45,6.0,18.12
2026-04-12_rep_2,SN379,17:11:00,11.0,17:36:00,18:10:00,B28 A,74.0,20.0,6.12,0.13,34.0,40.24
2026-04-12_rep_2,SN3794,03:58:00,0.0,04:27:00,04:31:00,A40 ,93.0,32.0,8.0,1.86,4.0,13.86
2026-04-12_rep_2,SN3800,13:17:00,-4.0,13:36:00,13:39:00,A58 ,96.0,30.0,6.66,1.83,3.0,11.49
2026-04-12_rep_2,SN3802,03:24:00,-2.0,03:47:00,03:56:00,A58 ,106.0,29.0,8.63,1.57,9.0,19.2
2026-04-12_rep_2,SN3812,04:21:00,-6.0,04:41:00,04:46:00,A60 ,85.0,32.0,5.63,1.34,5.0,11.97
2026-04-12_rep_2,SN3816,03:47:00,23.0,04:34:00,04:38:00,A52 ,42.0,31.0,3.04,2.24,4.0,9.28
2026-04-12_rep_2,SN465,18:52:00,-21.0,18:43:00,19:11:00,B14 A,78.0,19.0,7.21,0.1,28.0,35.31
2026-04-12_rep_2,SN502,19:45:00,-35.0,19:24:00,19:52:00,B38 A,141.0,19.0,12.34,0.1,28.0,40.44
2026-04-12_rep_2,TB1012,00:37:00,27.0,01:24:00,01:29:00,A55 ,132.0,27.0,9.09,1.66,5.0,15.75
2026-04-12_rep_2,TB1014,00:56:00,23.0,01:42:00,01:49:00,A59 ,109.0,29.0,11.32,1.85,7.0,20.17
2026-04-12_rep_2,TB1112,00:07:00,-6.0,00:27:00,00:32:00,A51 ,110.0,33.0,9.69,1.94,5.0,16.63
2026-04-12_rep_2,TB1114,09:00:00,-24.0,08:59:00,09:05:00,A61 ,124.0,28.0,9.06,1.5,6.0,16.56
2026-04-12_rep_2,TB1417,01:07:00,3.0,01:35:00,01:41:00,A43 ,129.0,32.0,11.03,1.61,6.0,18.63
2026-04-12_rep_2,TB1554,10:41:00,13.0,11:20:00,11:27:00,A68 ,150.0,32.0,13.69,1.55,7.0,22.24
2026-04-12_rep_2,TB1752,11:44:00,2.0,13:07:00,13:13:00,A65 ,150.0,85.0,12.94,1.3,6.0,20.24
2026-04-12_rep_2,TB1754,03:53:00,13.0,04:27:00,04:36:00,A43 ,142.0,29.0,9.31,1.83,9.0,20.14
2026-04-12_rep_2,TB2045,09:09:00,22.0,09:48:00,09:56:00,B27 A,179.0,21.0,12.87,0.1,8.0,20.97
2026-04-12_rep_2,TB2502,02:50:00,14.0,03:27:00,03:36:00,B9  A,203.0,28.0,16.41,2.21,9.0,27.62
2026-04-12_rep_2,TB2582,02:09:00,-2.0,02:28:00,02:37:00,B27 A,173.0,25.0,12.63,0.11,9.0,21.75
2026-04-12_rep_2,TB2632,16:31:00,43.0,17:40:00,17:45:00,B32 A,162.0,32.0,13.07,0.12,5.0,18.18
2026-04-12_rep_2,TB2662,16:14:00,-16.0,16:27:00,16:33:00,B33 A,142.0,33.0,8.86,0.09,6.0,14.95
2026-04-12_rep_2,TB2711,10:16:00,-25.0,10:08:00,10:11:00,B5  A,29.0,23.0,2.19,1.59,3.0,6.78
2026-04-12_rep_2,TB3016,07:20:00,-19.0,07:16:00,07:28:00,B36 A,170.0,20.0,11.18,0.08,12.0,23.26
2026-04-12_rep_2,TB3102,12:45:00,-1.0,12:59:00,13:10:00,B27 A,144.0,20.0,14.0,0.08,11.0,25.08
2026-04-12_rep_2,TB3202,09:59:00,-5.0,10:14:00,10:20:00,B29 A,158.0,24.0,11.87,0.1,6.0,17.97
2026-04-12_rep_2,TG934,19:19:00,23.0,20:00:00,20:44:00,B37 A,263.0,22.0,19.35,0.1,44.0,63.45
2026-04-12_rep_2,TK1937,22:15:00,62.0,23:33:00,00:27:00,B9  A,195.0,21.0,16.38,1.45,54.0,71.83
2026-04-12_rep_2,TK1939,06:00:00,-17.0,05:54:00,06:03:00,B9  A,174.0,16.0,13.02,1.55,9.0,23.57
2026-04-12_rep_2,TK1941,09:30:00,-8.0,09:38:00,09:46:00,B7  A,161.0,21.0,10.88,1.51,8.0,20.39
2026-04-12_rep_2,TK1943,01:31:00,-1.0,01:49:00,02:06:00,B7  A,224.0,25.0,17.08,1.77,17.0,35.85
2026-04-12_rep_2,TK1945,03:25:00,1.0,03:41:00,03:45:00,B7  A,119.0,25.0,8.97,1.6,4.0,14.56
2026-04-12_rep_2,TP640,23:05:00,-10.0,23:09:00,23:20:00,A48 ,111.0,19.0,7.1,1.99,11.0,20.09
2026-04-12_rep_2,TP642,02:49:00,2.0,03:09:00,03:20:00,A65 ,147.0,27.0,10.75,1.65,11.0,23.4
2026-04-12_rep_2,TP644,08:11:00,16.0,08:46:00,08:55:00,A53 ,86.0,25.0,7.7,1.53,9.0,18.23
2026-04-12_rep_2,TU954,23:29:00,-1.0,23:43:00,00:42:00,B7  A,104.0,19.0,7.74,1.64,59.0,68.37
2026-04-12_rep_2,UA950,19:22:00,-28.0,19:16:00,19:56:00,B5  A,180.0,29.0,15.34,1.34,40.0,56.69
2026-04-12_rep_2,UA972,21:07:00,-33.0,20:51:00,21:28:00,B38 A,175.0,24.0,15.11,0.1,37.0,52.21
2026-04-12_rep_2,UA994,19:55:00,-30.0,19:52:00,20:18:00,B40 A,221.0,37.0,16.76,0.11,26.0,42.87
2026-04-12_rep_2,UX1171,21:51:00,-23.0,21:58:00,22:05:00,A51 ,120.0,36.0,7.71,1.69,7.0,16.4
2026-04-12_rep_2,UX1173,05:45:00,-15.0,05:50:00,05:55:00,A57 ,108.0,25.0,8.11,1.97,5.0,15.08
2026-04-12_rep_2,VF65,23:23:00,-4.0,23:35:00,23:46:00,B28 A,178.0,24.0,12.68,0.1,11.0,23.78
2026-04-12_rep_2,VF67,04:50:00,1.0,05:05:00,05:12:00,B5  A,176.0,19.0,12.81,1.65,7.0,21.46
2026-04-12_rep_2,VY1332,00:59:00,-19.0,00:53:00,00:56:00,A47 ,52.0,17.0,4.54,1.54,3.0,9.08
2026-04-12_rep_2,VY2150,09:04:00,-22.0,08:54:00,08:58:00,A49 ,63.0,16.0,4.19,1.53,4.0,9.72
2026-04-12_rep_2,VY3650,05:50:00,-30.0,05:43:00,05:46:00,A49 ,93.0,28.0,6.58,1.79,3.0,11.36
2026-04-12_rep_2,VY8978,22:21:00,-34.0,22:05:00,22:06:00,A49 ,29.0,24.0,2.17,1.83,1.0,5.0
2026-04-12_rep_2,VY8980,22:03:00,-36.0,21:36:00,21:38:00,A47 ,38.0,17.0,3.09,2.62,2.0,7.71
2026-04-12_rep_2,VY8982,05:30:00,-23.0,05:21:00,05:23:00,A47 ,49.0,19.0,4.5,1.78,2.0,8.28
2026-04-12_rep_2,VY8984,09:06:00,-25.0,08:56:00,09:00:00,A51 ,58.0,21.0,4.29,1.51,4.0,9.8
2026-04-12_rep_2,VY8986,02:36:00,-17.0,02:38:00,02:42:00,A57 ,81.0,25.0,5.37,1.48,4.0,10.84
2026-04-12_rep_2,XC5016,02:45:00,-11.0,02:49:00,03:05:00,B11 A,136.0,20.0,13.25,0.09,16.0,29.34
2026-04-12_rep_2,XR5402,14:48:00,36.0,15:35:00,15:58:00,B11 A,128.0,19.0,9.6,0.11,23.0,32.7
2026-04-12_rep_3,AC832,19:16:00,-41.0,18:52:00,19:20:00,B34 A,211.0,23.0,15.07,0.11,28.0,43.18
2026-04-12_rep_3,AY1541,22:40:00,-10.0,22:48:00,22:52:00,A55 ,80.0,23.0,8.8,1.47,4.0,14.27
2026-04-12_rep_3,AY1545,06:24:00,0.0,06:44:00,06:47:00,A69 ,60.0,24.0,5.24,2.05,3.0,10.29
2026-04-12_rep_3,AY1549,10:41:00,-6.0,10:49:00,10:52:00,A57 ,54.0,20.0,4.4,1.65,3.0,9.05
2026-04-12_rep_3,AZ154,07:10:00,11.0,07:44:00,07:52:00,A63 ,69.0,28.0,5.87,2.1,8.0,15.97
2026-04-12_rep_3,AZ156,22:51:00,-18.0,22:58:00,23:00:00,A45 ,84.0,31.0,8.31,1.78,2.0,12.09
2026-04-12_rep_3,AZ160,06:05:00,-20.0,06:01:00,06:07:00,A45 ,114.0,21.0,12.99,1.56,6.0,20.55
2026-04-12_rep_3,BA384,21:57:00,-10.0,21:55:00,21:58:00,B11 A,47.0,15.0,3.93,0.14,3.0,7.08
2026-04-12_rep_3,BA386,02:25:00,34.0,03:13:00,03:21:00,B28 A,94.0,19.0,7.27,0.14,8.0,15.41
2026-04-12_rep_3,BA390,07:59:00,5.0,08:25:00,08:28:00,B7  A,79.0,25.0,6.75,1.34,3.0,11.09
2026-04-12_rep_3,BT853,08:05:00,2.0,08:25:00,08:27:00,A65 ,23.0,23.0,1.86,1.42,2.0,5.28
2026-04-12_rep_3,EI630,21:48:00,-14.0,21:50:00,21:54:00,B32 A,105.0,24.0,9.66,0.13,4.0,13.79
2026-04-12_rep_3,EI638,08:49:00,-18.0,08:44:00,08:50:00,B9  A,126.0,17.0,11.09,2.21,6.0,19.3
2026-04-12_rep_3,EK181,07:35:00,6.0,07:54:00,08:44:00,B31 A,248.0,18.0,14.9,0.13,50.0,65.03
2026-04-12_rep_3,ET750,19:11:00,73.0,20:42:00,21:21:00,B11 A,301.0,24.0,18.7,0.11,39.0,57.81
2026-04-12_rep_3,EY57,20:07:00,-1.0,20:24:00,21:25:00,B5  A,309.0,25.0,21.96,1.78,61.0,84.73
2026-04-12_rep_3,FB407,07:50:00,11.0,08:15:00,08:18:00,A45 ,83.0,19.0,9.33,1.91,3.0,14.24
2026-04-12_rep_3,FI554,01:01:00,16.0,01:36:00,01:41:00,A49 ,119.0,25.0,8.33,1.59,5.0,14.92
2026-04-12_rep_3,GQ800,07:00:00,-11.0,07:07:00,07:11:00,A56 ,119.0,23.0,9.47,1.68,4.0,15.15
2026-04-12_rep_3,IB1301,07:06:00,-25.0,06:55:00,07:01:00,A55 ,77.0,20.0,6.15,1.72,6.0,13.87
2026-04-12_rep_3,IB597,23:33:00,-24.0,23:27:00,23:35:00,A43 ,137.0,26.0,10.3,1.72,8.0,20.02
2026-04-12_rep_3,IB603,10:37:00,-21.0,10:34:00,10:46:00,A45 ,94.0,25.0,8.01,1.45,12.0,21.47
2026-04-12_rep_3,KM420,07:21:00,-29.0,07:07:00,07:20:00,A62 ,167.0,21.0,16.65,1.53,13.0,31.19
2026-04-12_rep_3,LH1004,19:51:00,-10.0,19:56:00,20:06:00,A43 ,18.0,21.0,1.59,2.13,10.0,13.72
2026-04-12_rep_3,LH2282,20:02:00,-8.0,20:12:00,20:15:00,A45 ,3.0,25.0,0.33,1.66,3.0,4.99
2026-04-12_rep_3,LO231,10:41:00,4.0,11:07:00,11:09:00,A53 ,33.0,28.0,1.98,1.59,2.0,5.57
2026-04-12_rep_3,LO233,06:46:00,11.0,07:19:00,07:25:00,A53 ,80.0,28.0,5.54,2.0,6.0,13.54
2026-04-12_rep_3,LO235,21:29:00,32.0,22:24:00,22:26:00,A50 ,52.0,27.0,4.0,2.02,2.0,8.02
2026-04-12_rep_3,LX780,02:21:00,-6.0,02:34:00,02:38:00,A45 ,120.0,25.0,13.43,1.88,4.0,19.32
2026-04-12_rep_3,LX786,20:56:00,-3.0,21:15:00,21:20:00,A43 ,29.0,28.0,2.17,1.74,5.0,8.9
2026-04-12_rep_3,LX788,06:39:00,4.0,06:54:00,07:10:00,A47 ,112.0,15.0,13.04,1.81,16.0,30.86
2026-04-12_rep_3,MS725,03:26:00,22.0,03:58:00,04:19:00,B14 A,136.0,21.0,10.0,0.11,21.0,31.11
2026-04-12_rep_3,OS291,21:11:00,1.0,21:29:00,21:34:00,A45 ,43.0,23.0,3.4,1.58,5.0,9.99
2026-04-12_rep_3,OS293,02:10:00,6.0,02:32:00,02:35:00,A47 ,94.0,21.0,7.03,2.01,3.0,12.04
2026-04-12_rep_3,OS295,04:50:00,-2.0,05:02:00,05:06:00,A45 ,87.0,19.0,7.24,2.06,4.0,13.29
2026-04-12_rep_3,OS297,07:15:00,-3.0,07:26:00,07:34:00,A49 ,126.0,19.0,12.08,1.5,8.0,21.58
2026-04-12_rep_3,OU4456,07:56:00,189.0,11:27:00,11:31:00,A49 ,91.0,28.0,8.35,1.29,4.0,13.64
2026-04-12_rep_3,QS1002,06:51:00,-12.0,06:58:00,07:01:00,A51 ,90.0,25.0,6.51,1.38,3.0,10.89
2026-04-12_rep_3,RJ141,03:21:00,-17.0,03:19:00,03:29:00,B5  A,180.0,21.0,14.29,1.44,10.0,25.72
2026-04-12_rep_3,RO373,06:52:00,43.0,07:52:00,07:56:00,A52 ,61.0,24.0,4.48,1.98,4.0,10.46
2026-04-12_rep_3,SK1595,06:35:00,11.0,07:10:00,07:12:00,A67 ,73.0,29.0,5.53,1.56,2.0,9.1
2026-04-12_rep_3,SK2591,08:46:00,0.0,09:01:00,09:13:00,A45 ,102.0,21.0,7.73,1.88,12.0,21.6
2026-04-12_rep_3,SK4743,00:07:00,5.0,00:42:00,00:45:00,A45 ,107.0,37.0,10.2,1.62,3.0,14.82
2026-04-12_rep_3,SK589,23:32:00,-8.0,23:40:00,23:42:00,A47 ,50.0,23.0,3.48,1.98,2.0,7.46
2026-04-12_rep_3,SK597,08:00:00,-9.0,08:07:00,08:11:00,A47 ,68.0,26.0,4.96,1.65,4.0,10.61
2026-04-12_rep_3,SN1028,07:34:00,-36.0,07:22:00,07:26:00,A40 ,107.0,28.0,7.9,1.65,4.0,13.55
2026-04-12_rep_3,SN1122,15:39:00,-1.0,15:53:00,16:19:00,B5  A,155.0,19.0,14.37,1.73,26.0,42.1
2026-04-12_rep_3,SN1124,14:10:00,-24.0,13:58:00,14:15:00,B14 A,154.0,17.0,10.85,0.12,17.0,27.97
2026-04-12_rep_3,SN1652,05:27:00,-13.0,05:29:00,05:33:00,A42 ,66.0,22.0,5.3,1.86,4.0,11.16
2026-04-12_rep_3,SN206,17:26:00,-18.0,17:21:00,18:04:00,B14 A,155.0,19.0,12.21,0.12,43.0,55.33
2026-04-12_rep_3,SN2094,01:18:00,3.0,01:39:00,01:44:00,B29 A,97.0,21.0,8.51,0.09,5.0,13.6
2026-04-12_rep_3,SN2096,08:05:00,17.0,08:43:00,08:48:00,B28 A,76.0,26.0,6.72,0.08,5.0,11.8
2026-04-12_rep_3,SN2258,01:29:00,-5.0,01:49:00,01:52:00,A56 ,63.0,29.0,5.09,1.85,3.0,9.94
2026-04-12_rep_3,SN2260,07:52:00,-7.0,07:56:00,08:03:00,A44 ,69.0,18.0,4.9,2.15,7.0,14.05
2026-04-12_rep_3,SN2268,20:30:00,0.0,20:45:00,20:46:00,A59 ,28.0,20.0,1.98,1.73,1.0,4.7
2026-04-12_rep_3,SN2284,08:08:00,-7.0,08:13:00,08:17:00,A46 ,56.0,15.0,3.73,1.6,4.0,9.33
2026-04-12_rep_3,SN229,17:04:00,11.0,17:54:00,18:13:00,B37 A,91.0,43.0,6.38,0.08,19.0,25.46
2026-04-12_rep_3,SN2294,07:55:00,-8.0,08:03:00,08:08:00,A57 ,80.0,21.0,7.75,1.74,5.0,14.49
2026-04-12_rep_3,SN2318,08:03:00,-11.0,08:11:00,08:21:00,A48 ,46.0,22.0,4.22,1.32,10.0,15.54
2026-04-12_rep_3,SN2372,08:31:00,-7.0,08:50:00,08:55:00,A64 ,78.0,32.0,7.12,1.67,5.0,13.79
2026-04-12_rep_3,SN2548,08:19:00,-1.0,08:39:00,08:47:00,A67 ,62.0,25.0,4.22,1.42,8.0,13.64
2026-04-12_rep_3,SN2582,01:09:00,-5.0,01:29:00,01:32:00,A48 ,82.0,29.0,8.36,1.78,3.0,13.14
2026-04-12_rep_3,SN2588,08:17:00,-11.0,08:31:00,08:36:00,A42 ,86.0,32.0,8.37,1.79,5.0,15.15
2026-04-12_rep_3,SN2590,10:18:00,-12.0,10:16:00,10:18:00,A50 ,35.0,13.0,2.66,1.37,2.0,6.02
2026-04-12_rep_3,SN2592,20:25:00,-17.0,20:20:00,20:21:00,A56 ,1.0,17.0,0.08,1.18,1.0,2.26
2026-04-12_rep_3,SN2608,22:13:00,-18.0,22:19:00,22:22:00,A46 ,24.0,27.0,1.91,2.29,3.0,7.2
2026-04-12_rep_3,SN2610,00:48:00,-16.0,00:47:00,00:50:00,A44 ,49.0,18.0,5.92,1.52,3.0,10.43
2026-04-12_rep_3,SN2614,05:35:00,-11.0,05:40:00,05:45:00,A40 ,77.0,21.0,8.88,1.78,5.0,15.66
2026-04-12_rep_3,SN2618,10:43:00,-3.0,11:02:00,11:07:00,A44 ,104.0,30.0,8.76,1.6,5.0,15.36
2026-04-12_rep_3,SN2644,01:14:00,6.0,01:34:00,01:36:00,A46 ,51.0,18.0,5.74,1.66,2.0,9.4
2026-04-12_rep_3,SN2646,04:18:00,4.0,04:38:00,04:41:00,A56 ,51.0,19.0,4.54,1.52,3.0,9.06
2026-04-12_rep_3,SN2650,08:00:00,-4.0,08:10:00,08:17:00,A66 ,51.0,19.0,3.94,1.81,7.0,12.75
2026-04-12_rep_3,SN2652,11:01:00,-9.0,11:25:00,11:27:00,A52 ,52.0,39.0,4.58,1.54,2.0,8.12
2026-04-12_rep_3,SN2712,21:39:00,-1.0,22:02:00,22:04:00,A44 ,26.0,28.0,1.95,1.59,2.0,5.55
2026-04-12_rep_3,SN2714,00:48:00,-12.0,00:59:00,01:03:00,A42 ,102.0,26.0,6.87,1.98,4.0,12.85
2026-04-12_rep_3,SN2722,06:33:00,-7.0,06:39:00,06:43:00,A50 ,72.0,16.0,6.13,1.7,4.0,11.83
2026-04-12_rep_3,SN2724,10:38:00,4.0,11:03:00,11:05:00,A46 ,97.0,29.0,6.39,1.63,2.0,10.01
2026-04-12_rep_3,SN2726,20:23:00,-8.0,20:30:00,20:32:00,A54 ,11.0,18.0,0.73,1.59,2.0,4.32
2026-04-12_rep_3,SN278,17:45:00,-26.0,17:42:00,18:08:00,B38 A,136.0,28.0,10.73,0.1,26.0,36.83
2026-04-12_rep_3,SN2812,08:20:00,-7.0,08:24:00,08:31:00,A55 ,48.0,16.0,4.59,1.37,7.0,12.96
2026-04-12_rep_3,SN2814,10:49:00,-3.0,11:11:00,11:13:00,A67 ,54.0,29.0,4.36,1.27,2.0,7.62
2026-04-12_rep_3,SN2826,08:13:00,-13.0,08:22:00,08:27:00,A54 ,85.0,30.0,7.21,1.73,5.0,13.94
2026-04-12_rep_3,SN2900,15:43:00,18.0,16:21:00,16:24:00,B31 A,62.0,23.0,6.58,0.09,3.0,9.67
2026-04-12_rep_3,SN2902,23:08:00,-1.0,23:24:00,23:30:00,A54 ,86.0,20.0,5.91,1.58,6.0,13.49
2026-04-12_rep_3,SN2906,08:01:00,-8.0,08:10:00,08:13:00,A50 ,57.0,23.0,4.19,1.82,3.0,9.01
2026-04-12_rep_3,SN2908,10:55:00,-13.0,11:07:00,11:10:00,A66 ,78.0,30.0,7.09,1.47,3.0,11.56
2026-04-12_rep_3,SN3126,05:59:00,-6.0,06:19:00,06:22:00,A64 ,85.0,30.0,5.55,1.47,3.0,10.03
2026-04-12_rep_3,SN3132,06:23:00,-23.0,06:28:00,06:32:00,A44 ,109.0,31.0,8.31,1.73,4.0,14.04
2026-04-12_rep_3,SN3140,02:08:00,-23.0,02:06:00,02:09:00,A52 ,78.0,24.0,6.01,2.04,3.0,11.05
2026-04-12_rep_3,SN3150,08:26:00,3.0,08:54:00,08:58:00,A56 ,112.0,31.0,8.57,1.33,4.0,13.9
2026-04-12_rep_3,SN3154,22:15:00,-3.0,22:37:00,22:41:00,A52 ,65.0,30.0,5.22,1.54,4.0,10.76
2026-04-12_rep_3,SN3160,11:19:00,-2.0,11:41:00,11:43:00,A61 ,66.0,28.0,4.68,2.0,2.0,8.68
2026-04-12_rep_3,SN3170,03:23:00,-6.0,03:44:00,03:49:00,A64 ,115.0,30.0,8.69,1.83,5.0,15.52
2026-04-12_rep_3,SN3184,11:18:00,-25.0,11:24:00,11:27:00,A42 ,85.0,34.0,9.21,1.3,3.0,13.51
2026-04-12_rep_3,SN3202,02:23:00,-12.0,02:27:00,02:31:00,A54 ,83.0,19.0,6.55,1.56,4.0,12.11
2026-04-12_rep_3,SN3246,04:09:00,-3.0,04:33:00,04:38:00,A54 ,140.0,31.0,11.05,1.27,5.0,17.32
2026-04-12_rep_3,SN3256,04:03:00,-8.0,04:20:00,04:25:00,A50 ,126.0,28.0,8.71,1.5,5.0,15.2
2026-04-12_rep_3,SN3326,14:45:00,6.0,15:05:00,15:23:00,B28 A,138.0,19.0,9.59,0.13,18.0,27.72
2026-04-12_rep_3,SN3344,02:21:00,-18.0,02:18:00,02:22:00,A51 ,78.0,21.0,5.38,1.65,4.0,11.03
2026-04-12_rep_3,SN358,18:24:00,73.0,19:58:00,20:24:00,B28 A,189.0,30.0,15.98,0.07,26.0,42.06
2026-04-12_rep_3,SN3588,02:41:00,3.0,03:02:00,03:04:00,A55 ,24.0,24.0,1.66,1.32,2.0,4.97
2026-04-12_rep_3,SN3598,03:19:00,-28.0,03:08:00,03:12:00,A66 ,93.0,21.0,6.47,1.93,4.0,12.4
2026-04-12_rep_3,SN3618,03:04:00,-16.0,03:06:00,03:10:00,A46 ,81.0,22.0,6.31,2.26,4.0,12.57
2026-04-12_rep_3,SN3622,06:14:00,0.0,06:29:00,06:33:00,A48 ,64.0,19.0,3.91,1.67,4.0,9.58
2026-04-12_rep_3,SN3632,21:34:00,-16.0,21:36:00,21:50:00,A60 ,3.0,22.0,0.22,1.71,14.0,15.92
2026-04-12_rep_3,SN3634,22:59:00,-12.0,23:01:00,23:04:00,A60 ,27.0,18.0,2.29,1.81,3.0,7.1
2026-04-12_rep_3,SN3698,02:33:00,31.0,03:17:00,03:27:00,A44 ,69.0,16.0,5.36,1.67,10.0,17.03
2026-04-12_rep_3,SN3704,05:19:00,-9.0,05:32:00,05:37:00,A58 ,59.0,26.0,4.0,1.64,5.0,10.64
2026-04-12_rep_3,SN3706,11:30:00,-10.0,11:44:00,11:47:00,A63 ,75.0,29.0,7.15,2.21,3.0,12.36
2026-04-12_rep_3,SN3712,02:04:00,1.0,02:29:00,02:33:00,A50 ,103.0,28.0,8.68,1.44,4.0,14.12
2026-04-12_rep_3,SN3722,02:59:00,11.0,03:34:00,03:38:00,A48 ,73.0,28.0,5.05,1.61,4.0,10.66
2026-04-12_rep_3,SN3728,07:59:00,30.0,08:58:00,09:00:00,A70 ,91.0,33.0,5.8,2.02,2.0,9.82
2026-04-12_rep_3,SN3730,11:15:00,-4.0,11:27:00,11:30:00,A51 ,60.0,21.0,6.43,1.42,3.0,10.86
2026-04-12_rep_3,SN3734,00:54:00,-16.0,01:05:00,01:08:00,A53 ,99.0,31.0,8.31,1.75,3.0,13.06
2026-04-12_rep_3,SN3736,06:29:00,18.0,07:18:00,07:23:00,A68 ,105.0,35.0,7.62,1.81,5.0,14.43
2026-04-12_rep_3,SN3738,11:36:00,14.0,13:15:00,13:20:00,A40 ,116.0,91.0,8.69,1.86,5.0,15.55
2026-04-12_rep_3,SN3752,01:44:00,-10.0,02:04:00,02:14:00,A40 ,62.0,34.0,4.07,1.45,10.0,15.52
2026-04-12_rep_3,SN3772,23:38:00,-15.0,23:47:00,23:51:00,A40 ,84.0,27.0,7.98,2.12,4.0,14.11
2026-04-12_rep_3,SN3774,10:44:00,-14.0,11:02:00,11:10:00,A72 ,106.0,36.0,9.53,1.56,8.0,19.1
2026-04-12_rep_3,SN3776,02:54:00,-2.0,03:19:00,03:27:00,A62 ,82.0,31.0,5.92,2.2,8.0,16.12
2026-04-12_rep_3,SN3780,03:59:00,-15.0,04:11:00,04:16:00,A68 ,109.0,31.0,8.55,1.6,5.0,15.16
2026-04-12_rep_3,SN3782,11:35:00,-8.0,11:43:00,13:04:00,A60 ,160.0,21.0,12.23,1.42,81.0,94.65
2026-04-12_rep_3,SN3784,05:12:00,-14.0,05:24:00,05:30:00,A46 ,145.0,33.0,12.38,1.47,6.0,19.85
2026-04-12_rep_3,SN379,17:11:00,11.0,17:36:00,18:10:00,B28 A,74.0,20.0,6.94,0.1,34.0,41.04
2026-04-12_rep_3,SN3794,03:58:00,0.0,04:27:00,04:31:00,A40 ,93.0,32.0,8.1,1.55,4.0,13.64
2026-04-12_rep_3,SN3800,13:17:00,-4.0,13:36:00,13:39:00,A58 ,96.0,30.0,8.01,1.61,3.0,12.62
2026-04-12_rep_3,SN3802,03:24:00,-2.0,03:47:00,03:56:00,A58 ,106.0,29.0,7.42,1.57,9.0,17.99
2026-04-12_rep_3,SN3812,04:21:00,-6.0,04:41:00,04:46:00,A60 ,85.0,32.0,6.06,1.28,5.0,12.34
2026-04-12_rep_3,SN3816,03:47:00,23.0,04:34:00,04:38:00,A52 ,42.0,31.0,3.05,1.32,4.0,8.38
2026-04-12_rep_3,SN465,18:52:00,-21.0,18:43:00,19:11:00,B14 A,78.0,19.0,7.3,0.08,28.0,35.37
2026-04-12_rep_3,SN502,19:45:00,-35.0,19:24:00,19:52:00,B38 A,141.0,19.0,10.35,0.11,28.0,38.46
2026-04-12_rep_3,TB1012,00:37:00,27.0,01:24:00,01:29:00,A55 ,132.0,27.0,11.32,1.81,5.0,18.13
2026-04-12_rep_3,TB1014,00:56:00,23.0,01:42:00,01:49:00,A59 ,109.0,29.0,7.82,1.13,7.0,15.95
2026-04-12_rep_3,TB1112,00:07:00,-6.0,00:27:00,00:32:00,A51 ,110.0,33.0,7.56,1.78,5.0,14.33
2026-04-12_rep_3,TB1114,09:00:00,-24.0,08:59:00,09:05:00,A61 ,124.0,28.0,15.0,1.52,6.0,22.52
2026-04-12_rep_3,TB1417,01:07:00,3.0,01:35:00,01:41:00,A43 ,129.0,32.0,9.61,1.61,6.0,17.22
2026-04-12_rep_3,TB1554,10:41:00,13.0,11:20:00,11:27:00,A68 ,150.0,32.0,13.85,1.81,7.0,22.66
2026-04-12_rep_3,TB1752,11:44:00,2.0,13:07:00,13:13:00,A65 ,150.0,85.0,17.32,1.48,6.0,24.8
2026-04-12_rep_3,TB1754,03:53:00,13.0,04:27:00,04:36:00,A43 ,142.0,29.0,10.03,1.78,9.0,20.81
2026-04-12_rep_3,TB2045,09:09:00,22.0,09:48:00,09:56:00,B27 A,179.0,21.0,14.29,0.1,8.0,22.4
2026-04-12_rep_3,TB2502,02:50:00,14.0,03:27:00,03:36:00,B9  A,203.0,28.0,17.15,1.5,9.0,27.65
2026-04-12_rep_3,TB2582,02:09:00,-2.0,02:28:00,02:37:00,B27 A,173.0,25.0,11.15,0.1,9.0,20.25
2026-04-12_rep_3,TB2632,16:31:00,43.0,17:40:00,17:45:00,B32 A,162.0,32.0,13.67,0.06,5.0,18.73
2026-04-12_rep_3,TB2662,16:14:00,-16.0,16:27:00,16:33:00,B33 A,142.0,33.0,10.07,0.1,6.0,16.18
2026-04-12_rep_3,TB2711,10:16:00,-25.0,10:08:00,10:11:00,B5  A,29.0,23.0,2.43,1.36,3.0,6.79
2026-04-12_rep_3,TB3016,07:20:00,-19.0,07:16:00,07:28:00,B36 A,170.0,20.0,12.45,0.09,12.0,24.54
2026-04-12_rep_3,TB3102,12:45:00,-1.0,12:59:00,13:10:00,B27 A,144.0,20.0,12.31,0.11,11.0,23.42
2026-04-12_rep_3,TB3202,09:59:00,-5.0,10:14:00,10:20:00,B29 A,158.0,24.0,12.51,0.08,6.0,18.6
2026-04-12_rep_3,TG934,19:19:00,23.0,20:00:00,20:44:00,B37 A,263.0,22.0,16.67,0.1,44.0,60.77
2026-04-12_rep_3,TK1937,22:15:00,62.0,23:33:00,00:27:00,B9  A,195.0,21.0,15.28,1.68,54.0,70.96
2026-04-12_rep_3,TK1939,06:00:00,-17.0,05:54:00,06:03:00,B9  A,174.0,16.0,11.15,1.54,9.0,21.68
2026-04-12_rep_3,TK1941,09:30:00,-8.0,09:38:00,09:46:00,B7  A,161.0,21.0,14.27,1.31,8.0,23.58
2026-04-12_rep_3,TK1943,01:31:00,-1.0,01:49:00,02:06:00,B7  A,224.0,25.0,16.96,1.4,17.0,35.36
2026-04-12_rep_3,TK1945,03:25:00,1.0,03:41:00,03:45:00,B7  A,119.0,25.0,9.33,1.79,4.0,15.12
2026-04-12_rep_3,TP640,23:05:00,-10.0,23:09:00,23:20:00,A48 ,111.0,19.0,10.13,1.82,11.0,22.94
2026-04-12_rep_3,TP642,02:49:00,2.0,03:09:00,03:20:00,A65 ,147.0,27.0,8.89,1.69,11.0,21.59
2026-04-12_rep_3,TP644,08:11:00,16.0,08:46:00,08:55:00,A53 ,86.0,25.0,7.01,1.56,9.0,17.56
2026-04-12_rep_3,TU954,23:29:00,-1.0,23:43:00,00:42:00,B7  A,104.0,19.0,7.07,1.76,59.0,67.83
2026-04-12_rep_3,UA950,19:22:00,-28.0,19:16:00,19:56:00,B5  A,180.0,29.0,14.77,1.67,40.0,56.44
2026-04-12_rep_3,UA972,21:07:00,-33.0,20:51:00,21:28:00,B38 A,175.0,24.0,15.66,0.1,37.0,52.75
2026-04-12_rep_3,UA994,19:55:00,-30.0,19:52:00,20:18:00,B40 A,221.0,37.0,18.69,0.09,26.0,44.78
2026-04-12_rep_3,UX1171,21:51:00,-23.0,21:58:00,22:05:00,A51 ,120.0,36.0,9.08,1.34,7.0,17.41
2026-04-12_rep_3,UX1173,05:45:00,-15.0,05:50:00,05:55:00,A57 ,108.0,25.0,6.97,1.6,5.0,13.57
2026-04-12_rep_3,VF65,23:23:00,-4.0,23:35:00,23:46:00,B28 A,178.0,24.0,13.3,0.11,11.0,24.41
2026-04-12_rep_3,VF67,04:50:00,1.0,05:05:00,05:12:00,B5  A,176.0,19.0,11.74,1.97,7.0,20.71
2026-04-12_rep_3,VY1332,00:59:00,-19.0,00:53:00,00:56:00,A47 ,52.0,17.0,4.49,1.51,3.0,8.99
2026-04-12_rep_3,VY2150,09:04:00,-22.0,08:54:00,08:58:00,A49 ,63.0,16.0,4.45,1.62,4.0,10.08
2026-04-12_rep_3,VY3650,05:50:00,-30.0,05:43:00,05:46:00,A49 ,93.0,28.0,7.56,1.85,3.0,12.41
2026-04-12_rep_3,VY8978,22:21:00,-34.0,22:05:00,22:06:00,A49 ,29.0,24.0,2.32,1.72,1.0,5.04
2026-04-12_rep_3,VY8980,22:03:00,-36.0,21:36:00,21:38:00,A47 ,38.0,17.0,2.69,1.68,2.0,6.38
2026-04-12_rep_3,VY8982,05:30:00,-23.0,05:21:00,05:23:00,A47 ,49.0,19.0,4.02,1.68,2.0,7.7
2026-04-12_rep_3,VY8984,09:06:00,-25.0,08:56:00,09:00:00,A51 ,58.0,21.0,4.95,1.9,4.0,10.86
2026-04-12_rep_3,VY8986,02:36:00,-17.0,02:38:00,02:42:00,A57 ,81.0,25.0,5.95,1.74,4.0,11.68
2026-04-12_rep_3,XC5016,02:45:00,-11.0,02:49:00,03:05:00,B11 A,136.0,20.0,11.55,0.08,16.0,27.63
2026-04-12_rep_3,XR5402,14:48:00,36.0,15:35:00,15:58:00,B11 A,128.0,19.0,10.83,0.11,23.0,33.95
2026-04-12_rep_4,AC832,19:16:00,-41.0,18:52:00,19:20:00,B34 A,211.0,23.0,18.71,0.1,28.0,46.81
2026-04-12_rep_4,AY1541,22:40:00,-10.0,22:48:00,22:52:00,A55 ,80.0,23.0,5.95,1.82,4.0,11.77
2026-04-12_rep_4,AY1545,06:24:00,0.0,06:44:00,06:47:00,A69 ,60.0,24.0,6.12,1.93,3.0,11.05
2026-04-12_rep_4,AY1549,10:41:00,-6.0,10:49:00,10:52:00,A57 ,54.0,20.0,4.83,1.5,3.0,9.33
2026-04-12_rep_4,AZ154,07:10:00,11.0,07:44:00,07:52:00,A63 ,69.0,28.0,7.7,2.22,8.0,17.93
2026-04-12_rep_4,AZ156,22:51:00,-18.0,22:58:00,23:00:00,A45 ,84.0,31.0,5.36,1.51,2.0,8.87
2026-04-12_rep_4,AZ160,06:05:00,-20.0,06:01:00,06:07:00,A45 ,114.0,21.0,11.64,1.72,6.0,19.36
2026-04-12_rep_4,BA384,21:57:00,-10.0,21:55:00,21:58:00,B11 A,47.0,15.0,3.36,0.08,3.0,6.44
2026-04-12_rep_4,BA386,02:25:00,34.0,03:13:00,03:21:00,B28 A,94.0,19.0,7.48,0.14,8.0,15.62
2026-04-12_rep_4,BA390,07:59:00,5.0,08:25:00,08:28:00,B7  A,79.0,25.0,5.41,1.79,3.0,10.21
2026-04-12_rep_4,BT853,08:05:00,2.0,08:25:00,08:27:00,A65 ,23.0,23.0,2.18,1.43,2.0,5.61
2026-04-12_rep_4,EI630,21:48:00,-14.0,21:50:00,21:54:00,B32 A,105.0,24.0,7.08,0.1,4.0,11.18
2026-04-12_rep_4,EI638,08:49:00,-18.0,08:44:00,08:50:00,B9  A,126.0,17.0,9.14,1.81,6.0,16.94
2026-04-12_rep_4,EK181,07:35:00,6.0,07:54:00,08:44:00,B31 A,248.0,18.0,17.41,0.09,50.0,67.5
2026-04-12_rep_4,ET750,19:11:00,73.0,20:42:00,21:21:00,B11 A,301.0,24.0,21.2,0.09,39.0,60.29
2026-04-12_rep_4,EY57,20:07:00,-1.0,20:24:00,21:25:00,B5  A,309.0,25.0,22.25,1.72,61.0,84.97
2026-04-12_rep_4,FB407,07:50:00,11.0,08:15:00,08:18:00,A45 ,83.0,19.0,6.25,1.66,3.0,10.91
2026-04-12_rep_4,FI554,01:01:00,16.0,01:36:00,01:41:00,A49 ,119.0,25.0,7.65,1.35,5.0,14.01
2026-04-12_rep_4,GQ800,07:00:00,-11.0,07:07:00,07:11:00,A56 ,119.0,23.0,11.58,1.82,4.0,17.4
2026-04-12_rep_4,IB1301,07:06:00,-25.0,06:55:00,07:01:00,A55 ,77.0,20.0,5.8,2.76,6.0,14.56
2026-04-12_rep_4,IB597,23:33:00,-24.0,23:27:00,23:35:00,A43 ,137.0,26.0,10.49,1.87,8.0,20.36
2026-04-12_rep_4,IB603,10:37:00,-21.0,10:34:00,10:46:00,A45 ,94.0,25.0,6.73,1.6,12.0,20.34
2026-04-12_rep_4,KM420,07:21:00,-29.0,07:07:00,07:20:00,A62 ,167.0,21.0,13.78,1.92,13.0,28.7
2026-04-12_rep_4,LH1004,19:51:00,-10.0,19:56:00,20:06:00,A43 ,18.0,21.0,1.43,1.52,10.0,12.95
2026-04-12_rep_4,LH2282,20:02:00,-8.0,20:12:00,20:15:00,A45 ,3.0,25.0,0.28,1.41,3.0,4.7
2026-04-12_rep_4,LO231,10:41:00,4.0,11:07:00,11:09:00,A53 ,33.0,28.0,2.7,2.1,2.0,6.8
2026-04-12_rep_4,LO233,06:46:00,11.0,07:19:00,07:25:00,A53 ,80.0,28.0,5.42,1.9,6.0,13.32
2026-04-12_rep_4,LO235,21:29:00,32.0,22:24:00,22:26:00,A50 ,52.0,27.0,4.8,1.61,2.0,8.4
2026-04-12_rep_4,LX780,02:21:00,-6.0,02:34:00,02:38:00,A45 ,120.0,25.0,8.32,1.66,4.0,13.98
2026-04-12_rep_4,LX786,20:56:00,-3.0,21:15:00,21:20:00,A43 ,29.0,28.0,2.02,1.6,5.0,8.62
2026-04-12_rep_4,LX788,06:39:00,4.0,06:54:00,07:10:00,A47 ,112.0,15.0,7.71,2.09,16.0,25.79
2026-04-12_rep_4,MS725,03:26:00,22.0,03:58:00,04:19:00,B14 A,136.0,21.0,12.03,0.12,21.0,33.15
2026-04-12_rep_4,OS291,21:11:00,1.0,21:29:00,21:34:00,A45 ,43.0,23.0,4.48,2.0,5.0,11.48
2026-04-12_rep_4,OS293,02:10:00,6.0,02:32:00,02:35:00,A47 ,94.0,21.0,8.13,1.49,3.0,12.62
2026-04-12_rep_4,OS295,04:50:00,-2.0,05:02:00,05:06:00,A45 ,87.0,19.0,5.92,1.68,4.0,11.59
2026-04-12_rep_4,OS297,07:15:00,-3.0,07:26:00,07:34:00,A49 ,126.0,19.0,9.66,2.11,8.0,19.77
2026-04-12_rep_4,OU4456,07:56:00,189.0,11:27:00,11:31:00,A49 ,91.0,28.0,8.08,1.92,4.0,14.0
2026-04-12_rep_4,QS1002,06:51:00,-12.0,06:58:00,07:01:00,A51 ,90.0,25.0,5.65,1.8,3.0,10.46
2026-04-12_rep_4,RJ141,03:21:00,-17.0,03:19:00,03:29:00,B5  A,180.0,21.0,14.55,1.65,10.0,26.2
2026-04-12_rep_4,RO373,06:52:00,43.0,07:52:00,07:56:00,A52 ,61.0,24.0,5.36,2.04,4.0,11.4
2026-04-12_rep_4,SK1595,06:35:00,11.0,07:10:00,07:12:00,A67 ,73.0,29.0,4.39,1.79,2.0,8.18
2026-04-12_rep_4,SK2591,08:46:00,0.0,09:01:00,09:13:00,A45 ,102.0,21.0,8.31,1.73,12.0,22.04
2026-04-12_rep_4,SK4743,00:07:00,5.0,00:42:00,00:45:00,A45 ,107.0,37.0,10.73,1.8,3.0,15.53
2026-04-12_rep_4,SK589,23:32:00,-8.0,23:40:00,23:42:00,A47 ,50.0,23.0,4.08,1.75,2.0,7.83
2026-04-12_rep_4,SK597,08:00:00,-9.0,08:07:00,08:11:00,A47 ,68.0,26.0,4.41,1.26,4.0,9.67
2026-04-12_rep_4,SN1028,07:34:00,-36.0,07:22:00,07:26:00,A40 ,107.0,28.0,8.47,1.68,4.0,14.15
2026-04-12_rep_4,SN1122,15:39:00,-1.0,15:53:00,16:19:00,B5  A,155.0,19.0,9.9,1.28,26.0,37.18
2026-04-12_rep_4,SN1124,14:10:00,-24.0,13:58:00,14:15:00,B14 A,154.0,17.0,11.08,0.1,17.0,28.18
2026-04-12_rep_4,SN1652,05:27:00,-13.0,05:29:00,05:33:00,A42 ,66.0,22.0,5.44,1.33,4.0,10.77
2026-04-12_rep_4,SN206,17:26:00,-18.0,17:21:00,18:04:00,B14 A,155.0,19.0,12.4,0.1,43.0,55.49
2026-04-12_rep_4,SN2094,01:18:00,3.0,01:39:00,01:44:00,B29 A,97.0,21.0,6.49,0.1,5.0,11.58
2026-04-12_rep_4,SN2096,08:05:00,17.0,08:43:00,08:48:00,B28 A,76.0,26.0,9.4,0.15,5.0,14.55
2026-04-12_rep_4,SN2258,01:29:00,-5.0,01:49:00,01:52:00,A56 ,63.0,29.0,4.02,2.05,3.0,9.07
2026-04-12_rep_4,SN2260,07:52:00,-7.0,07:56:00,08:03:00,A44 ,69.0,18.0,5.11,1.79,7.0,13.9
2026-04-12_rep_4,SN2268,20:30:00,0.0,20:45:00,20:46:00,A59 ,28.0,20.0,2.26,1.52,1.0,4.77
2026-04-12_rep_4,SN2284,08:08:00,-7.0,08:13:00,08:17:00,A46 ,56.0,15.0,4.19,1.5,4.0,9.69
2026-04-12_rep_4,SN229,17:04:00,11.0,17:54:00,18:13:00,B37 A,91.0,43.0,7.21,0.08,19.0,26.29
2026-04-12_rep_4,SN2294,07:55:00,-8.0,08:03:00,08:08:00,A57 ,80.0,21.0,6.02,1.42,5.0,12.44
2026-04-12_rep_4,SN2318,08:03:00,-11.0,08:11:00,08:21:00,A48 ,46.0,22.0,3.1,1.67,10.0,14.77
2026-04-12_rep_4,SN2372,08:31:00,-7.0,08:50:00,08:55:00,A64 ,78.0,32.0,5.56,1.87,5.0,12.44
2026-04-12_rep_4,SN2548,08:19:00,-1.0,08:39:00,08:47:00,A67 ,62.0,25.0,4.34,1.28,8.0,13.62
2026-04-12_rep_4,SN2582,01:09:00,-5.0,01:29:00,01:32:00,A48 ,82.0,29.0,8.46,2.04,3.0,13.5
2026-04-12_rep_4,SN2588,08:17:00,-11.0,08:31:00,08:36:00,A42 ,86.0,32.0,7.65,2.0,5.0,14.65
2026-04-12_rep_4,SN2590,10:18:00,-12.0,10:16:00,10:18:00,A50 ,35.0,13.0,2.75,2.08,2.0,6.83
2026-04-12_rep_4,SN2592,20:25:00,-17.0,20:20:00,20:21:00,A56 ,1.0,17.0,0.07,1.81,1.0,2.88
2026-04-12_rep_4,SN2608,22:13:00,-18.0,22:19:00,22:22:00,A46 ,24.0,27.0,1.73,1.7,3.0,6.43
2026-04-12_rep_4,SN2610,00:48:00,-16.0,00:47:00,00:50:00,A44 ,49.0,18.0,4.66,1.78,3.0,9.44
2026-04-12_rep_4,SN2614,05:35:00,-11.0,05:40:00,05:45:00,A40 ,77.0,21.0,8.25,1.46,5.0,14.71
2026-04-12_rep_4,SN2618,10:43:00,-3.0,11:02:00,11:07:00,A44 ,104.0,30.0,8.58,1.77,5.0,15.36
2026-04-12_rep_4,SN2644,01:14:00,6.0,01:34:00,01:36:00,A46 ,51.0,18.0,3.38,1.91,2.0,7.29
2026-04-12_rep_4,SN2646,04:18:00,4.0,04:38:00,04:41:00,A56 ,51.0,19.0,5.24,1.31,3.0,9.54
2026-04-12_rep_4,SN2650,08:00:00,-4.0,08:10:00,08:17:00,A66 ,51.0,19.0,3.42,1.37,7.0,11.79
2026-04-12_rep_4,SN2652,11:01:00,-9.0,11:25:00,11:27:00,A52 ,52.0,39.0,5.83,1.5,2.0,9.33
2026-04-12_rep_4,SN2712,21:39:00,-1.0,22:02:00,22:04:00,A44 ,26.0,28.0,2.01,1.78,2.0,5.8
2026-04-12_rep_4,SN2714,00:48:00,-12.0,00:59:00,01:03:00,A42 ,102.0,26.0,8.97,1.76,4.0,14.73
2026-04-12_rep_4,SN2722,06:33:00,-7.0,06:39:00,06:43:00,A50 ,72.0,16.0,5.05,2.14,4.0,11.2
2026-04-12_rep_4,SN2724,10:38:00,4.0,11:03:00,11:05:00,A46 ,97.0,29.0,8.01,1.65,2.0,11.65
2026-04-12_rep_4,SN2726,20:23:00,-8.0,20:30:00,20:32:00,A54 ,11.0,18.0,0.83,1.68,2.0,4.51
2026-04-12_rep_4,SN278,17:45:00,-26.0,17:42:00,18:08:00,B38 A,136.0,28.0,9.7,0.08,26.0,35.78
2026-04-12_rep_4,SN2812,08:20:00,-7.0,08:24:00,08:31:00,A55 ,48.0,16.0,4.46,1.38,7.0,12.84
2026-04-12_rep_4,SN2814,10:49:00,-3.0,11:11:00,11:13:00,A67 ,54.0,29.0,4.51,1.65,2.0,8.16
2026-04-12_rep_4,SN2826,08:13:00,-13.0,08:22:00,08:27:00,A54 ,85.0,30.0,7.46,1.8,5.0,14.27
2026-04-12_rep_4,SN2900,15:43:00,18.0,16:21:00,16:24:00,B31 A,62.0,23.0,4.81,0.1,3.0,7.91
2026-04-12_rep_4,SN2902,23:08:00,-1.0,23:24:00,23:30:00,A54 ,86.0,20.0,6.31,1.77,6.0,14.09
2026-04-12_rep_4,SN2906,08:01:00,-8.0,08:10:00,08:13:00,A50 ,57.0,23.0,4.94,1.53,3.0,9.47
2026-04-12_rep_4,SN2908,10:55:00,-13.0,11:07:00,11:10:00,A66 ,78.0,30.0,7.34,1.35,3.0,11.68
2026-04-12_rep_4,SN3126,05:59:00,-6.0,06:19:00,06:22:00,A64 ,85.0,30.0,6.92,1.46,3.0,11.39
2026-04-12_rep_4,SN3132,06:23:00,-23.0,06:28:00,06:32:00,A44 ,109.0,31.0,9.73,1.49,4.0,15.22
2026-04-12_rep_4,SN3140,02:08:00,-23.0,02:06:00,02:09:00,A52 ,78.0,24.0,6.96,1.51,3.0,11.47
2026-04-12_rep_4,SN3150,08:26:00,3.0,08:54:00,08:58:00,A56 ,112.0,31.0,9.91,1.21,4.0,15.11
2026-04-12_rep_4,SN3154,22:15:00,-3.0,22:37:00,22:41:00,A52 ,65.0,30.0,4.7,1.8,4.0,10.51
2026-04-12_rep_4,SN3160,11:19:00,-2.0,11:41:00,11:43:00,A61 ,66.0,28.0,5.44,1.81,2.0,9.25
2026-04-12_rep_4,SN3170,03:23:00,-6.0,03:44:00,03:49:00,A64 ,115.0,30.0,7.86,1.52,5.0,14.37
2026-04-12_rep_4,SN3184,11:18:00,-25.0,11:24:00,11:27:00,A42 ,85.0,34.0,5.59,1.84,3.0,10.43
2026-04-12_rep_4,SN3202,02:23:00,-12.0,02:27:00,02:31:00,A54 ,83.0,19.0,7.59,1.7,4.0,13.29
2026-04-12_rep_4,SN3246,04:09:00,-3.0,04:33:00,04:38:00,A54 ,140.0,31.0,10.66,1.49,5.0,17.15
2026-04-12_rep_4,SN3256,04:03:00,-8.0,04:20:00,04:25:00,A50 ,126.0,28.0,12.56,1.77,5.0,19.33
2026-04-12_rep_4,SN3326,14:45:00,6.0,15:05:00,15:23:00,B28 A,138.0,19.0,9.26,0.1,18.0,27.36
2026-04-12_rep_4,SN3344,02:21:00,-18.0,02:18:00,02:22:00,A51 ,78.0,21.0,5.68,1.85,4.0,11.54
2026-04-12_rep_4,SN358,18:24:00,73.0,19:58:00,20:24:00,B28 A,189.0,30.0,14.23,0.1,26.0,40.33
2026-04-12_rep_4,SN3588,02:41:00,3.0,03:02:00,03:04:00,A55 ,24.0,24.0,2.13,2.06,2.0,6.18
2026-04-12_rep_4,SN3598,03:19:00,-28.0,03:08:00,03:12:00,A66 ,93.0,21.0,6.06,2.4,4.0,12.46
2026-04-12_rep_4,SN3618,03:04:00,-16.0,03:06:00,03:10:00,A46 ,81.0,22.0,6.57,1.78,4.0,12.35
2026-04-12_rep_4,SN3622,06:14:00,0.0,06:29:00,06:33:00,A48 ,64.0,19.0,5.06,1.4,4.0,10.46
2026-04-12_rep_4,SN3632,21:34:00,-16.0,21:36:00,21:50:00,A60 ,3.0,22.0,0.22,1.8,14.0,16.02
2026-04-12_rep_4,SN3634,22:59:00,-12.0,23:01:00,23:04:00,A60 ,27.0,18.0,2.55,1.54,3.0,7.09
2026-04-12_rep_4,SN3698,02:33:00,31.0,03:17:00,03:27:00,A44 ,69.0,16.0,6.95,1.54,10.0,18.48
2026-04-12_rep_4,SN3704,05:19:00,-9.0,05:32:00,05:37:00,A58 ,59.0,26.0,4.77,1.51,5.0,11.28
2026-04-12_rep_4,SN3706,11:30:00,-10.0,11:44:00,11:47:00,A63 ,75.0,29.0,5.09,1.58,3.0,9.68
2026-04-12_rep_4,SN3712,02:04:00,1.0,02:29:00,02:33:00,A50 ,103.0,28.0,6.8,1.6,4.0,12.41
2026-04-12_rep_4,SN3722,02:59:00,11.0,03:34:00,03:38:00,A48 ,73.0,28.0,5.16,1.54,4.0,10.7
2026-04-12_rep_4,SN3728,07:59:00,30.0,08:58:00,09:00:00,A70 ,91.0,33.0,5.83,1.55,2.0,9.37
2026-04-12_rep_4,SN3730,11:15:00,-4.0,11:27:00,11:30:00,A51 ,60.0,21.0,5.64,1.9,3.0,10.54
2026-04-12_rep_4,SN3734,00:54:00,-16.0,01:05:00,01:08:00,A53 ,99.0,31.0,6.72,1.53,3.0,11.25
2026-04-12_rep_4,SN3736,06:29:00,18.0,07:18:00,07:23:00,A68 ,105.0,35.0,8.87,1.86,5.0,15.74
2026-04-12_rep_4,SN3738,11:36:00,14.0,13:15:00,13:20:00,A40 ,116.0,91.0,10.4,1.47,5.0,16.87
2026-04-12_rep_4,SN3752,01:44:00,-10.0,02:04:00,02:14:00,A40 ,62.0,34.0,4.98,1.6,10.0,16.58
2026-04-12_rep_4,SN3772,23:38:00,-15.0,23:47:00,23:51:00,A40 ,84.0,27.0,8.14,1.66,4.0,13.8
2026-04-12_rep_4,SN3774,10:44:00,-14.0,11:02:00,11:10:00,A72 ,106.0,36.0,8.43,1.42,8.0,17.85
2026-04-12_rep_4,SN3776,02:54:00,-2.0,03:19:00,03:27:00,A62 ,82.0,31.0,5.57,1.9,8.0,15.47
2026-04-12_rep_4,SN3780,03:59:00,-15.0,04:11:00,04:16:00,A68 ,109.0,31.0,9.43,1.34,5.0,15.77
2026-04-12_rep_4,SN3782,11:35:00,-8.0,11:43:00,13:04:00,A60 ,160.0,21.0,15.27,1.49,81.0,97.76
2026-04-12_rep_4,SN3784,05:12:00,-14.0,05:24:00,05:30:00,A46 ,145.0,33.0,9.99,1.62,6.0,17.61
2026-04-12_rep_4,SN379,17:11:00,11.0,17:36:00,18:10:00,B28 A,74.0,20.0,8.13,0.09,34.0,42.22
2026-04-12_rep_4,SN3794,03:58:00,0.0,04:27:00,04:31:00,A40 ,93.0,32.0,9.44,1.73,4.0,15.17
2026-04-12_rep_4,SN3800,13:17:00,-4.0,13:36:00,13:39:00,A58 ,96.0,30.0,7.64,1.44,3.0,12.07
2026-04-12_rep_4,SN3802,03:24:00,-2.0,03:47:00,03:56:00,A58 ,106.0,29.0,9.38,1.77,9.0,20.16
2026-04-12_rep_4,SN3812,04:21:00,-6.0,04:41:00,04:46:00,A60 ,85.0,32.0,6.86,1.56,5.0,13.42
2026-04-12_rep_4,SN3816,03:47:00,23.0,04:34:00,04:38:00,A52 ,42.0,31.0,3.54,1.93,4.0,9.47
2026-04-12_rep_4,SN465,18:52:00,-21.0,18:43:00,19:11:00,B14 A,78.0,19.0,5.76,0.08,28.0,33.84
2026-04-12_rep_4,SN502,19:45:00,-35.0,19:24:00,19:52:00,B38 A,141.0,19.0,11.3,0.09,28.0,39.4
2026-04-12_rep_4,TB1012,00:37:00,27.0,01:24:00,01:29:00,A55 ,132.0,27.0,8.72,1.99,5.0,15.72
2026-04-12_rep_4,TB1014,00:56:00,23.0,01:42:00,01:49:00,A59 ,109.0,29.0,8.6,1.22,7.0,16.82
2026-04-12_rep_4,TB1112,00:07:00,-6.0,00:27:00,00:32:00,A51 ,110.0,33.0,8.2,1.6,5.0,14.8
2026-04-12_rep_4,TB1114,09:00:00,-24.0,08:59:00,09:05:00,A61 ,124.0,28.0,8.35,1.98,6.0,16.33
2026-04-12_rep_4,TB1417,01:07:00,3.0,01:35:00,01:41:00,A43 ,129.0,32.0,11.12,1.48,6.0,18.59
2026-04-12_rep_4,TB1554,10:41:00,13.0,11:20:00,11:27:00,A68 ,150.0,32.0,11.75,1.9,7.0,20.65
2026-04-12_rep_4,TB1752,11:44:00,2.0,13:07:00,13:13:00,A65 ,150.0,85.0,10.55,1.76,6.0,18.3
2026-04-12_rep_4,TB1754,03:53:00,13.0,04:27:00,04:36:00,A43 ,142.0,29.0,9.08,2.05,9.0,20.13
2026-04-12_rep_4,TB2045,09:09:00,22.0,09:48:00,09:56:00,B27 A,179.0,21.0,14.7,0.1,8.0,22.8
2026-04-12_rep_4,TB2502,02:50:00,14.0,03:27:00,03:36:00,B9  A,203.0,28.0,13.93,2.23,9.0,25.15
2026-04-12_rep_4,TB2582,02:09:00,-2.0,02:28:00,02:37:00,B27 A,173.0,25.0,11.37,0.12,9.0,20.49
2026-04-12_rep_4,TB2632,16:31:00,43.0,17:40:00,17:45:00,B32 A,162.0,32.0,13.47,0.09,5.0,18.56
2026-04-12_rep_4,TB2662,16:14:00,-16.0,16:27:00,16:33:00,B33 A,142.0,33.0,10.38,0.09,6.0,16.46
2026-04-12_rep_4,TB2711,10:16:00,-25.0,10:08:00,10:11:00,B5  A,29.0,23.0,2.4,1.6,3.0,7.0
2026-04-12_rep_4,TB3016,07:20:00,-19.0,07:16:00,07:28:00,B36 A,170.0,20.0,12.62,0.1,12.0,24.72
2026-04-12_rep_4,TB3102,12:45:00,-1.0,12:59:00,13:10:00,B27 A,144.0,20.0,15.0,0.09,11.0,26.09
2026-04-12_rep_4,TB3202,09:59:00,-5.0,10:14:00,10:20:00,B29 A,158.0,24.0,11.17,0.1,6.0,17.27
2026-04-12_rep_4,TG934,19:19:00,23.0,20:00:00,20:44:00,B37 A,263.0,22.0,19.7,0.13,44.0,63.83
2026-04-12_rep_4,TK1937,22:15:00,62.0,23:33:00,00:27:00,B9  A,195.0,21.0,14.48,1.7,54.0,70.17
2026-04-12_rep_4,TK1939,06:00:00,-17.0,05:54:00,06:03:00,B9  A,174.0,16.0,13.79,2.03,9.0,24.81
2026-04-12_rep_4,TK1941,09:30:00,-8.0,09:38:00,09:46:00,B7  A,161.0,21.0,11.8,1.86,8.0,21.66
2026-04-12_rep_4,TK1943,01:31:00,-1.0,01:49:00,02:06:00,B7  A,224.0,25.0,15.43,1.75,17.0,34.18
2026-04-12_rep_4,TK1945,03:25:00,1.0,03:41:00,03:45:00,B7  A,119.0,25.0,8.29,1.95,4.0,14.24
2026-04-12_rep_4,TP640,23:05:00,-10.0,23:09:00,23:20:00,A48 ,111.0,19.0,10.66,1.52,11.0,23.18
2026-04-12_rep_4,TP642,02:49:00,2.0,03:09:00,03:20:00,A65 ,147.0,27.0,10.07,1.73,11.0,22.8
2026-04-12_rep_4,TP644,08:11:00,16.0,08:46:00,08:55:00,A53 ,86.0,25.0,6.71,1.68,9.0,17.39
2026-04-12_rep_4,TU954,23:29:00,-1.0,23:43:00,00:42:00,B7  A,104.0,19.0,7.71,2.13,59.0,68.84
2026-04-12_rep_4,UA950,19:22:00,-28.0,19:16:00,19:56:00,B5  A,180.0,29.0,12.83,1.75,40.0,54.58
2026-04-12_rep_4,UA972,21:07:00,-33.0,20:51:00,21:28:00,B38 A,175.0,24.0,18.2,0.09,37.0,55.3
2026-04-12_rep_4,UA994,19:55:00,-30.0,19:52:00,20:18:00,B40 A,221.0,37.0,14.99,0.12,26.0,41.11
2026-04-12_rep_4,UX1171,21:51:00,-23.0,21:58:00,22:05:00,A51 ,120.0,36.0,7.59,1.44,7.0,16.03
2026-04-12_rep_4,UX1173,05:45:00,-15.0,05:50:00,05:55:00,A57 ,108.0,25.0,7.63,1.3,5.0,13.94
2026-04-12_rep_4,VF65,23:23:00,-4.0,23:35:00,23:46:00,B28 A,178.0,24.0,14.65,0.09,11.0,25.75
2026-04-12_rep_4,VF67,04:50:00,1.0,05:05:00,05:12:00,B5  A,176.0,19.0,14.56,1.42,7.0,22.98
2026-04-12_rep_4,VY1332,00:59:00,-19.0,00:53:00,00:56:00,A47 ,52.0,17.0,4.18,1.45,3.0,8.62
2026-04-12_rep_4,VY2150,09:04:00,-22.0,08:54:00,08:58:00,A49 ,63.0,16.0,4.29,1.53,4.0,9.82
2026-04-12_rep_4,VY3650,05:50:00,-30.0,05:43:00,05:46:00,A49 ,93.0,28.0,9.16,1.87,3.0,14.02
2026-04-12_rep_4,VY8978,22:21:00,-34.0,22:05:00,22:06:00,A49 ,29.0,24.0,2.25,2.02,1.0,5.28
2026-04-12_rep_4,VY8980,22:03:00,-36.0,21:36:00,21:38:00,A47 ,38.0,17.0,3.33,1.54,2.0,6.87
2026-04-12_rep_4,VY8982,05:30:00,-23.0,05:21:00,05:23:00,A47 ,49.0,19.0,3.85,1.39,2.0,7.24
2026-04-12_rep_4,VY8984,09:06:00,-25.0,08:56:00,09:00:00,A51 ,58.0,21.0,6.45,1.95,4.0,12.4
2026-04-12_rep_4,VY8986,02:36:00,-17.0,02:38:00,02:42:00,A57 ,81.0,25.0,6.69,1.68,4.0,12.37
2026-04-12_rep_4,XC5016,02:45:00,-11.0,02:49:00,03:05:00,B11 A,136.0,20.0,10.17,0.1,16.0,26.27
2026-04-12_rep_4,XR5402,14:48:00,36.0,15:35:00,15:58:00,B11 A,128.0,19.0,10.27,0.09,23.0,33.36
2026-04-12_rep_5,AC832,19:16:00,-41.0,18:52:00,19:20:00,B34 A,211.0,23.0,17.49,0.11,28.0,45.6
2026-04-12_rep_5,AY1541,22:40:00,-10.0,22:48:00,22:52:00,A55 ,80.0,23.0,5.75,1.56,4.0,11.32
2026-04-12_rep_5,AY1545,06:24:00,0.0,06:44:00,06:47:00,A69 ,60.0,24.0,5.85,1.77,3.0,10.62
2026-04-12_rep_5,AY1549,10:41:00,-6.0,10:49:00,10:52:00,A57 ,54.0,20.0,4.34,2.21,3.0,9.56
2026-04-12_rep_5,AZ154,07:10:00,11.0,07:44:00,07:52:00,A63 ,69.0,28.0,5.97,1.91,8.0,15.88
2026-04-12_rep_5,AZ156,22:51:00,-18.0,22:58:00,23:00:00,A45 ,84.0,31.0,6.1,1.8,2.0,9.9
2026-04-12_rep_5,AZ160,06:05:00,-20.0,06:01:00,06:07:00,A45 ,114.0,21.0,9.93,2.01,6.0,17.95
2026-04-12_rep_5,BA384,21:57:00,-10.0,21:55:00,21:58:00,B11 A,47.0,15.0,3.41,0.11,3.0,6.53
2026-04-12_rep_5,BA386,02:25:00,34.0,03:13:00,03:21:00,B28 A,94.0,19.0,10.3,0.09,8.0,18.4
2026-04-12_rep_5,BA390,07:59:00,5.0,08:25:00,08:28:00,B7  A,79.0,25.0,7.7,1.76,3.0,12.45
2026-04-12_rep_5,BT853,08:05:00,2.0,08:25:00,08:27:00,A65 ,23.0,23.0,2.2,1.76,2.0,5.95
2026-04-12_rep_5,EI630,21:48:00,-14.0,21:50:00,21:54:00,B32 A,105.0,24.0,7.66,0.11,4.0,11.78
2026-04-12_rep_5,EI638,08:49:00,-18.0,08:44:00,08:50:00,B9  A,126.0,17.0,7.61,2.11,6.0,15.71
2026-04-12_rep_5,EK181,07:35:00,6.0,07:54:00,08:44:00,B31 A,248.0,18.0,16.35,0.1,50.0,66.45
2026-04-12_rep_5,ET750,19:11:00,73.0,20:42:00,21:21:00,B11 A,301.0,24.0,23.84,0.1,39.0,62.94
2026-04-12_rep_5,EY57,20:07:00,-1.0,20:24:00,21:25:00,B5  A,309.0,25.0,22.18,1.59,61.0,84.77
2026-04-12_rep_5,FB407,07:50:00,11.0,08:15:00,08:18:00,A45 ,83.0,19.0,7.3,1.46,3.0,11.76
2026-04-12_rep_5,FI554,01:01:00,16.0,01:36:00,01:41:00,A49 ,119.0,25.0,8.15,1.5,5.0,14.65
2026-04-12_rep_5,GQ800,07:00:00,-11.0,07:07:00,07:11:00,A56 ,119.0,23.0,9.85,1.81,4.0,15.66
2026-04-12_rep_5,IB1301,07:06:00,-25.0,06:55:00,07:01:00,A55 ,77.0,20.0,6.57,1.69,6.0,14.26
2026-04-12_rep_5,IB597,23:33:00,-24.0,23:27:00,23:35:00,A43 ,137.0,26.0,11.51,1.38,8.0,20.89
2026-04-12_rep_5,IB603,10:37:00,-21.0,10:34:00,10:46:00,A45 ,94.0,25.0,7.89,1.5,12.0,21.39
2026-04-12_rep_5,KM420,07:21:00,-29.0,07:07:00,07:20:00,A62 ,167.0,21.0,15.72,2.12,13.0,30.84
2026-04-12_rep_5,LH1004,19:51:00,-10.0,19:56:00,20:06:00,A43 ,18.0,21.0,1.53,1.91,10.0,13.45
2026-04-12_rep_5,LH2282,20:02:00,-8.0,20:12:00,20:15:00,A45 ,3.0,25.0,0.29,1.56,3.0,4.85
2026-04-12_rep_5,LO231,10:41:00,4.0,11:07:00,11:09:00,A53 ,33.0,28.0,2.66,1.77,2.0,6.43
2026-04-12_rep_5,LO233,06:46:00,11.0,07:19:00,07:25:00,A53 ,80.0,28.0,7.56,1.67,6.0,15.23
2026-04-12_rep_5,LO235,21:29:00,32.0,22:24:00,22:26:00,A50 ,52.0,27.0,3.5,1.85,2.0,7.35
2026-04-12_rep_5,LX780,02:21:00,-6.0,02:34:00,02:38:00,A45 ,120.0,25.0,8.51,1.78,4.0,14.28
2026-04-12_rep_5,LX786,20:56:00,-3.0,21:15:00,21:20:00,A43 ,29.0,28.0,2.27,1.99,5.0,9.27
2026-04-12_rep_5,LX788,06:39:00,4.0,06:54:00,07:10:00,A47 ,112.0,15.0,7.81,1.82,16.0,25.63
2026-04-12_rep_5,MS725,03:26:00,22.0,03:58:00,04:19:00,B14 A,136.0,21.0,12.28,0.12,21.0,33.4
2026-04-12_rep_5,OS291,21:11:00,1.0,21:29:00,21:34:00,A45 ,43.0,23.0,4.4,1.67,5.0,11.07
2026-04-12_rep_5,OS293,02:10:00,6.0,02:32:00,02:35:00,A47 ,94.0,21.0,8.78,1.58,3.0,13.36
2026-04-12_rep_5,OS295,04:50:00,-2.0,05:02:00,05:06:00,A45 ,87.0,19.0,10.39,1.73,4.0,16.12
2026-04-12_rep_5,OS297,07:15:00,-3.0,07:26:00,07:34:00,A49 ,126.0,19.0,8.88,1.25,8.0,18.13
2026-04-12_rep_5,OU4456,07:56:00,189.0,11:27:00,11:31:00,A49 ,91.0,28.0,8.84,1.73,4.0,14.57
2026-04-12_rep_5,QS1002,06:51:00,-12.0,06:58:00,07:01:00,A51 ,90.0,25.0,7.12,1.57,3.0,11.69
2026-04-12_rep_5,RJ141,03:21:00,-17.0,03:19:00,03:29:00,B5  A,180.0,21.0,13.32,1.73,10.0,25.05
2026-04-12_rep_5,RO373,06:52:00,43.0,07:52:00,07:56:00,A52 ,61.0,24.0,5.01,1.83,4.0,10.84
2026-04-12_rep_5,SK1595,06:35:00,11.0,07:10:00,07:12:00,A67 ,73.0,29.0,4.68,1.42,2.0,8.1
2026-04-12_rep_5,SK2591,08:46:00,0.0,09:01:00,09:13:00,A45 ,102.0,21.0,8.86,1.45,12.0,22.31
2026-04-12_rep_5,SK4743,00:07:00,5.0,00:42:00,00:45:00,A45 ,107.0,37.0,7.65,1.68,3.0,12.32
2026-04-12_rep_5,SK589,23:32:00,-8.0,23:40:00,23:42:00,A47 ,50.0,23.0,4.91,1.91,2.0,8.83
2026-04-12_rep_5,SK597,08:00:00,-9.0,08:07:00,08:11:00,A47 ,68.0,26.0,5.78,1.98,4.0,11.76
2026-04-12_rep_5,SN1028,07:34:00,-36.0,07:22:00,07:26:00,A40 ,107.0,28.0,8.02,1.94,4.0,13.95
2026-04-12_rep_5,SN1122,15:39:00,-1.0,15:53:00,16:19:00,B5  A,155.0,19.0,14.55,1.83,26.0,42.38
2026-04-12_rep_5,SN1124,14:10:00,-24.0,13:58:00,14:15:00,B14 A,154.0,17.0,14.66,0.13,17.0,31.8
2026-04-12_rep_5,SN1652,05:27:00,-13.0,05:29:00,05:33:00,A42 ,66.0,22.0,4.81,1.59,4.0,10.4
2026-04-12_rep_5,SN206,17:26:00,-18.0,17:21:00,18:04:00,B14 A,155.0,19.0,12.05,0.09,43.0,55.14
2026-04-12_rep_5,SN2094,01:18:00,3.0,01:39:00,01:44:00,B29 A,97.0,21.0,8.08,0.11,5.0,13.19
2026-04-12_rep_5,SN2096,08:05:00,17.0,08:43:00,08:48:00,B28 A,76.0,26.0,5.0,0.09,5.0,10.1
2026-04-12_rep_5,SN2258,01:29:00,-5.0,01:49:00,01:52:00,A56 ,63.0,29.0,5.32,1.54,3.0,9.85
2026-04-12_rep_5,SN2260,07:52:00,-7.0,07:56:00,08:03:00,A44 ,69.0,18.0,5.14,2.61,7.0,14.75
2026-04-12_rep_5,SN2268,20:30:00,0.0,20:45:00,20:46:00,A59 ,28.0,20.0,2.44,1.65,1.0,5.08
2026-04-12_rep_5,SN2284,08:08:00,-7.0,08:13:00,08:17:00,A46 ,56.0,15.0,4.81,1.89,4.0,10.7
2026-04-12_rep_5,SN229,17:04:00,11.0,17:54:00,18:13:00,B37 A,91.0,43.0,9.05,0.09,19.0,28.13
2026-04-12_rep_5,SN2294,07:55:00,-8.0,08:03:00,08:08:00,A57 ,80.0,21.0,5.51,1.67,5.0,12.18
2026-04-12_rep_5,SN2318,08:03:00,-11.0,08:11:00,08:21:00,A48 ,46.0,22.0,3.13,1.67,10.0,14.8
2026-04-12_rep_5,SN2372,08:31:00,-7.0,08:50:00,08:55:00,A64 ,78.0,32.0,7.08,1.56,5.0,13.64
2026-04-12_rep_5,SN2548,08:19:00,-1.0,08:39:00,08:47:00,A67 ,62.0,25.0,5.53,1.88,8.0,15.41
2026-04-12_rep_5,SN2582,01:09:00,-5.0,01:29:00,01:32:00,A48 ,82.0,29.0,5.14,1.56,3.0,9.7
2026-04-12_rep_5,SN2588,08:17:00,-11.0,08:31:00,08:36:00,A42 ,86.0,32.0,9.25,1.82,5.0,16.07
2026-04-12_rep_5,SN2590,10:18:00,-12.0,10:16:00,10:18:00,A50 ,35.0,13.0,2.68,1.63,2.0,6.32
2026-04-12_rep_5,SN2592,20:25:00,-17.0,20:20:00,20:21:00,A56 ,1.0,17.0,0.08,1.91,1.0,2.98
2026-04-12_rep_5,SN2608,22:13:00,-18.0,22:19:00,22:22:00,A46 ,24.0,27.0,1.96,1.81,3.0,6.77
2026-04-12_rep_5,SN2610,00:48:00,-16.0,00:47:00,00:50:00,A44 ,49.0,18.0,3.79,1.96,3.0,8.75
2026-04-12_rep_5,SN2614,05:35:00,-11.0,05:40:00,05:45:00,A40 ,77.0,21.0,6.53,1.74,5.0,13.27
2026-04-12_rep_5,SN2618,10:43:00,-3.0,11:02:00,11:07:00,A44 ,104.0,30.0,10.82,2.16,5.0,17.98
2026-04-12_rep_5,SN2644,01:14:00,6.0,01:34:00,01:36:00,A46 ,51.0,18.0,4.36,1.78,2.0,8.14
2026-04-12_rep_5,SN2646,04:18:00,4.0,04:38:00,04:41:00,A56 ,51.0,19.0,4.06,1.3,3.0,8.36
2026-04-12_rep_5,SN2650,08:00:00,-4.0,08:10:00,08:17:00,A66 ,51.0,19.0,3.53,1.72,7.0,12.24
2026-04-12_rep_5,SN2652,11:01:00,-9.0,11:25:00,11:27:00,A52 ,52.0,39.0,4.89,1.72,2.0,8.61
2026-04-12_rep_5,SN2712,21:39:00,-1.0,22:02:00,22:04:00,A44 ,26.0,28.0,1.99,1.74,2.0,5.73
2026-04-12_rep_5,SN2714,00:48:00,-12.0,00:59:00,01:03:00,A42 ,102.0,26.0,8.83,1.65,4.0,14.49
2026-04-12_rep_5,SN2722,06:33:00,-7.0,06:39:00,06:43:00,A50 ,72.0,16.0,5.01,1.7,4.0,10.71
2026-04-12_rep_5,SN2724,10:38:00,4.0,11:03:00,11:05:00,A46 ,97.0,29.0,9.38,1.79,2.0,13.17
2026-04-12_rep_5,SN2726,20:23:00,-8.0,20:30:00,20:32:00,A54 ,11.0,18.0,0.8,1.73,2.0,4.53
2026-04-12_rep_5,SN278,17:45:00,-26.0,17:42:00,18:08:00,B38 A,136.0,28.0,10.87,0.11,26.0,36.97
2026-04-12_rep_5,SN2812,08:20:00,-7.0,08:24:00,08:31:00,A55 ,48.0,16.0,4.11,1.54,7.0,12.65
2026-04-12_rep_5,SN2814,10:49:00,-3.0,11:11:00,11:13:00,A67 ,54.0,29.0,5.15,1.72,2.0,8.87
2026-04-12_rep_5,SN2826,08:13:00,-13.0,08:22:00,08:27:00,A54 ,85.0,30.0,7.29,1.62,5.0,13.91
2026-04-12_rep_5,SN2900,15:43:00,18.0,16:21:00,16:24:00,B31 A,62.0,23.0,5.56,0.11,3.0,8.66
2026-04-12_rep_5,SN2902,23:08:00,-1.0,23:24:00,23:30:00,A54 ,86.0,20.0,5.78,1.32,6.0,13.1
2026-04-12_rep_5,SN2906,08:01:00,-8.0,08:10:00,08:13:00,A50 ,57.0,23.0,4.11,1.58,3.0,8.69
2026-04-12_rep_5,SN2908,10:55:00,-13.0,11:07:00,11:10:00,A66 ,78.0,30.0,5.37,1.59,3.0,9.95
2026-04-12_rep_5,SN3126,05:59:00,-6.0,06:19:00,06:22:00,A64 ,85.0,30.0,5.52,1.8,3.0,10.32
2026-04-12_rep_5,SN3132,06:23:00,-23.0,06:28:00,06:32:00,A44 ,109.0,31.0,9.7,1.68,4.0,15.38
2026-04-12_rep_5,SN3140,02:08:00,-23.0,02:06:00,02:09:00,A52 ,78.0,24.0,7.48,1.71,3.0,12.18
2026-04-12_rep_5,SN3150,08:26:00,3.0,08:54:00,08:58:00,A56 ,112.0,31.0,11.14,1.57,4.0,16.72
2026-04-12_rep_5,SN3154,22:15:00,-3.0,22:37:00,22:41:00,A52 ,65.0,30.0,4.86,1.39,4.0,10.25
2026-04-12_rep_5,SN3160,11:19:00,-2.0,11:41:00,11:43:00,A61 ,66.0,28.0,6.52,1.4,2.0,9.93
2026-04-12_rep_5,SN3170,03:23:00,-6.0,03:44:00,03:49:00,A64 ,115.0,30.0,8.5,1.78,5.0,15.28
2026-04-12_rep_5,SN3184,11:18:00,-25.0,11:24:00,11:27:00,A42 ,85.0,34.0,9.19,1.56,3.0,13.75
2026-04-12_rep_5,SN3202,02:23:00,-12.0,02:27:00,02:31:00,A54 ,83.0,19.0,6.63,1.45,4.0,12.07
2026-04-12_rep_5,SN3246,04:09:00,-3.0,04:33:00,04:38:00,A54 ,140.0,31.0,10.41,1.21,5.0,16.62
2026-04-12_rep_5,SN3256,04:03:00,-8.0,04:20:00,04:25:00,A50 ,126.0,28.0,10.65,1.55,5.0,17.2
2026-04-12_rep_5,SN3326,14:45:00,6.0,15:05:00,15:23:00,B28 A,138.0,19.0,13.47,0.08,18.0,31.55
2026-04-12_rep_5,SN3344,02:21:00,-18.0,02:18:00,02:22:00,A51 ,78.0,21.0,6.77,1.42,4.0,12.18
2026-04-12_rep_5,SN358,18:24:00,73.0,19:58:00,20:24:00,B28 A,189.0,30.0,14.38,0.11,26.0,40.49
2026-04-12_rep_5,SN3588,02:41:00,3.0,03:02:00,03:04:00,A55 ,24.0,24.0,1.85,1.58,2.0,5.43
2026-04-12_rep_5,SN3598,03:19:00,-28.0,03:08:00,03:12:00,A66 ,93.0,21.0,7.83,1.56,4.0,13.39
2026-04-12_rep_5,SN3618,03:04:00,-16.0,03:06:00,03:10:00,A46 ,81.0,22.0,5.84,2.28,4.0,12.11
2026-04-12_rep_5,SN3622,06:14:00,0.0,06:29:00,06:33:00,A48 ,64.0,19.0,4.48,1.56,4.0,10.04
2026-04-12_rep_5,SN3632,21:34:00,-16.0,21:36:00,21:50:00,A60 ,3.0,22.0,0.3,1.56,14.0,15.85
2026-04-12_rep_5,SN3634,22:59:00,-12.0,23:01:00,23:04:00,A60 ,27.0,18.0,1.94,1.8,3.0,6.75
2026-04-12_rep_5,SN3698,02:33:00,31.0,03:17:00,03:27:00,A44 ,69.0,16.0,4.71,1.64,10.0,16.35
2026-04-12_rep_5,SN3704,05:19:00,-9.0,05:32:00,05:37:00,A58 ,59.0,26.0,3.97,1.96,5.0,10.92
2026-04-12_rep_5,SN3706,11:30:00,-10.0,11:44:00,11:47:00,A63 ,75.0,29.0,6.14,1.52,3.0,10.66
2026-04-12_rep_5,SN3712,02:04:00,1.0,02:29:00,02:33:00,A50 ,103.0,28.0,7.87,1.51,4.0,13.38
2026-04-12_rep_5,SN3722,02:59:00,11.0,03:34:00,03:38:00,A48 ,73.0,28.0,4.87,1.91,4.0,10.77
2026-04-12_rep_5,SN3728,07:59:00,30.0,08:58:00,09:00:00,A70 ,91.0,33.0,5.85,1.69,2.0,9.54
2026-04-12_rep_5,SN3730,11:15:00,-4.0,11:27:00,11:30:00,A51 ,60.0,21.0,4.16,1.48,3.0,8.64
2026-04-12_rep_5,SN3734,00:54:00,-16.0,01:05:00,01:08:00,A53 ,99.0,31.0,7.47,1.85,3.0,12.33
2026-04-12_rep_5,SN3736,06:29:00,18.0,07:18:00,07:23:00,A68 ,105.0,35.0,9.7,1.65,5.0,16.34
2026-04-12_rep_5,SN3738,11:36:00,14.0,13:15:00,13:20:00,A40 ,116.0,91.0,13.19,1.77,5.0,19.96
2026-04-12_rep_5,SN3752,01:44:00,-10.0,02:04:00,02:14:00,A40 ,62.0,34.0,5.63,1.96,10.0,17.59
2026-04-12_rep_5,SN3772,23:38:00,-15.0,23:47:00,23:51:00,A40 ,84.0,27.0,5.89,1.52,4.0,11.41
2026-04-12_rep_5,SN3774,10:44:00,-14.0,11:02:00,11:10:00,A72 ,106.0,36.0,7.92,1.73,8.0,17.65
2026-04-12_rep_5,SN3776,02:54:00,-2.0,03:19:00,03:27:00,A62 ,82.0,31.0,7.59,1.77,8.0,17.36
2026-04-12_rep_5,SN3780,03:59:00,-15.0,04:11:00,04:16:00,A68 ,109.0,31.0,10.85,1.56,5.0,17.41
2026-04-12_rep_5,SN3782,11:35:00,-8.0,11:43:00,13:04:00,A60 ,160.0,21.0,13.51,1.2,81.0,95.71
2026-04-12_rep_5,SN3784,05:12:00,-14.0,05:24:00,05:30:00,A46 ,145.0,33.0,17.23,1.9,6.0,25.13
2026-04-12_rep_5,SN379,17:11:00,11.0,17:36:00,18:10:00,B28 A,74.0,20.0,5.26,0.11,34.0,39.38
2026-04-12_rep_5,SN3794,03:58:00,0.0,04:27:00,04:31:00,A40 ,93.0,32.0,6.51,1.19,4.0,11.69
2026-04-12_rep_5,SN3800,13:17:00,-4.0,13:36:00,13:39:00,A58 ,96.0,30.0,7.23,1.21,3.0,11.44
2026-04-12_rep_5,SN3802,03:24:00,-2.0,03:47:00,03:56:00,A58 ,106.0,29.0,6.61,1.71,9.0,17.32
2026-04-12_rep_5,SN3812,04:21:00,-6.0,04:41:00,04:46:00,A60 ,85.0,32.0,5.86,1.92,5.0,12.78
2026-04-12_rep_5,SN3816,03:47:00,23.0,04:34:00,04:38:00,A52 ,42.0,31.0,3.81,1.65,4.0,9.46
2026-04-12_rep_5,SN465,18:52:00,-21.0,18:43:00,19:11:00,B14 A,78.0,19.0,6.16,0.1,28.0,34.27
2026-04-12_rep_5,SN502,19:45:00,-35.0,19:24:00,19:52:00,B38 A,141.0,19.0,10.16,0.11,28.0,38.27
2026-04-12_rep_5,TB1012,00:37:00,27.0,01:24:00,01:29:00,A55 ,132.0,27.0,8.47,1.83,5.0,15.3
2026-04-12_rep_5,TB1014,00:56:00,23.0,01:42:00,01:49:00,A59 ,109.0,29.0,8.56,1.24,7.0,16.8
2026-04-12_rep_5,TB1112,00:07:00,-6.0,00:27:00,00:32:00,A51 ,110.0,33.0,8.51,1.36,5.0,14.87
2026-04-12_rep_5,TB1114,09:00:00,-24.0,08:59:00,09:05:00,A61 ,124.0,28.0,11.78,1.62,6.0,19.39
2026-04-12_rep_5,TB1417,01:07:00,3.0,01:35:00,01:41:00,A43 ,129.0,32.0,8.33,1.58,6.0,15.91
2026-04-12_rep_5,TB1554,10:41:00,13.0,11:20:00,11:27:00,A68 ,150.0,32.0,11.13,1.85,7.0,19.98
2026-04-12_rep_5,TB1752,11:44:00,2.0,13:07:00,13:13:00,A65 ,150.0,85.0,18.24,1.94,6.0,26.18
2026-04-12_rep_5,TB1754,03:53:00,13.0,04:27:00,04:36:00,A43 ,142.0,29.0,12.14,1.34,9.0,22.48
2026-04-12_rep_5,TB2045,09:09:00,22.0,09:48:00,09:56:00,B27 A,179.0,21.0,11.69,0.1,8.0,19.79
2026-04-12_rep_5,TB2502,02:50:00,14.0,03:27:00,03:36:00,B9  A,203.0,28.0,23.52,1.7,9.0,34.22
2026-04-12_rep_5,TB2582,02:09:00,-2.0,02:28:00,02:37:00,B27 A,173.0,25.0,13.43,0.09,9.0,22.52
2026-04-12_rep_5,TB2632,16:31:00,43.0,17:40:00,17:45:00,B32 A,162.0,32.0,13.69,0.08,5.0,18.78
2026-04-12_rep_5,TB2662,16:14:00,-16.0,16:27:00,16:33:00,B33 A,142.0,33.0,12.15,0.12,6.0,18.27
2026-04-12_rep_5,TB2711,10:16:00,-25.0,10:08:00,10:11:00,B5  A,29.0,23.0,2.06,1.88,3.0,6.94
2026-04-12_rep_5,TB3016,07:20:00,-19.0,07:16:00,07:28:00,B36 A,170.0,20.0,12.0,0.1,12.0,24.1
2026-04-12_rep_5,TB3102,12:45:00,-1.0,12:59:00,13:10:00,B27 A,144.0,20.0,11.12,0.1,11.0,22.22
2026-04-12_rep_5,TB3202,09:59:00,-5.0,10:14:00,10:20:00,B29 A,158.0,24.0,10.45,0.12,6.0,16.57
2026-04-12_rep_5,TG934,19:19:00,23.0,20:00:00,20:44:00,B37 A,263.0,22.0,19.96,0.11,44.0,64.07
2026-04-12_rep_5,TK1937,22:15:00,62.0,23:33:00,00:27:00,B9  A,195.0,21.0,15.58,1.84,54.0,71.43
2026-04-12_rep_5,TK1939,06:00:00,-17.0,05:54:00,06:03:00,B9  A,174.0,16.0,10.84,1.55,9.0,21.39
2026-04-12_rep_5,TK1941,09:30:00,-8.0,09:38:00,09:46:00,B7  A,161.0,21.0,13.67,1.77,8.0,23.45
2026-04-12_rep_5,TK1943,01:31:00,-1.0,01:49:00,02:06:00,B7  A,224.0,25.0,14.26,1.15,17.0,32.42
2026-04-12_rep_5,TK1945,03:25:00,1.0,03:41:00,03:45:00,B7  A,119.0,25.0,8.94,1.9,4.0,14.84
2026-04-12_rep_5,TP640,23:05:00,-10.0,23:09:00,23:20:00,A48 ,111.0,19.0,8.71,1.92,11.0,21.64
2026-04-12_rep_5,TP642,02:49:00,2.0,03:09:00,03:20:00,A65 ,147.0,27.0,12.51,1.68,11.0,25.19
2026-04-12_rep_5,TP644,08:11:00,16.0,08:46:00,08:55:00,A53 ,86.0,25.0,5.77,1.5,9.0,16.28
2026-04-12_rep_5,TU954,23:29:00,-1.0,23:43:00,00:42:00,B7  A,104.0,19.0,7.17,1.99,59.0,68.16
2026-04-12_rep_5,UA950,19:22:00,-28.0,19:16:00,19:56:00,B5  A,180.0,29.0,12.68,1.73,40.0,54.41
2026-04-12_rep_5,UA972,21:07:00,-33.0,20:51:00,21:28:00,B38 A,175.0,24.0,16.78,0.09,37.0,53.87
2026-04-12_rep_5,UA994,19:55:00,-30.0,19:52:00,20:18:00,B40 A,221.0,37.0,18.82,0.1,26.0,44.91
2026-04-12_rep_5,UX1171,21:51:00,-23.0,21:58:00,22:05:00,A51 ,120.0,36.0,10.25,1.63,7.0,18.88
2026-04-12_rep_5,UX1173,05:45:00,-15.0,05:50:00,05:55:00,A57 ,108.0,25.0,10.14,1.42,5.0,16.55
2026-04-12_rep_5,VF65,23:23:00,-4.0,23:35:00,23:46:00,B28 A,178.0,24.0,12.37,0.09,11.0,23.46
2026-04-12_rep_5,VF67,04:50:00,1.0,05:05:00,05:12:00,B5  A,176.0,19.0,12.13,1.6,7.0,20.72
2026-04-12_rep_5,VY1332,00:59:00,-19.0,00:53:00,00:56:00,A47 ,52.0,17.0,4.02,1.78,3.0,8.79
2026-04-12_rep_5,VY2150,09:04:00,-22.0,08:54:00,08:58:00,A49 ,63.0,16.0,4.94,1.91,4.0,10.85
2026-04-12_rep_5,VY3650,05:50:00,-30.0,05:43:00,05:46:00,A49 ,93.0,28.0,6.69,1.57,3.0,11.26
2026-04-12_rep_5,VY8978,22:21:00,-34.0,22:05:00,22:06:00,A49 ,29.0,24.0,2.85,1.58,1.0,5.43
2026-04-12_rep_5,VY8980,22:03:00,-36.0,21:36:00,21:38:00,A47 ,38.0,17.0,3.07,1.78,2.0,6.84
2026-04-12_rep_5,VY8982,05:30:00,-23.0,05:21:00,05:23:00,A47 ,49.0,19.0,3.42,1.79,2.0,7.21
2026-04-12_rep_5,VY8984,09:06:00,-25.0,08:56:00,09:00:00,A51 ,58.0,21.0,4.03,1.55,4.0,9.58
2026-04-12_rep_5,VY8986,02:36:00,-17.0,02:38:00,02:42:00,A57 ,81.0,25.0,6.59,2.12,4.0,12.71
2026-04-12_rep_5,XC5016,02:45:00,-11.0,02:49:00,03:05:00,B11 A,136.0,20.0,10.88,0.11,16.0,26.99
2026-04-12_rep_5,XR5402,14:48:00,36.0,15:35:00,15:58:00,B11 A,128.0,19.0,10.91,0.09,23.0,34.0
